178.635 178.541 178.148 178.073 176.54 176.454 176.4 176.862 175.157 174.723 174.878 174.899 173.738 173.463 173.06 172.717 170.638 171.908 173.087 170.422 169.772 167.599 171.229 169.744 170.459 169.132 167.714 169.165 169.261 166.729 167.396 166.689 167.906 169.165 165.291 167.864 166.78 165.911 164.365 164.166 166.265 162.61 165.085 164.97 165.085 163.718 162.557 161.542 163.641 161.009 162.249 162.121 161.967 159.797 159.125 160.161 158.765 160.451 158.075 157.351 159.868 157.911 157.94 158.329 157.77 159.068 155.186 154.42 155.721 157.59 153.109 153.598 156.834 153.596 152.669 153.8 151.265 151.583 150.57 154.43 153.699 154.434 152.667 151.449 155.712 155.471 155.712 157.328 157.879 158.132 157.228 159.623 158.678 161.017 160.044 160.209 161.556 161.591 165.226 162.256 164.323 162.921 163.831 162.287 165.416 164.492 161.856 163.389 163.23 162.893 165.399 165.771 166.04 168.16 167.04 164.331 166.722 168.88 169.283 166.844 166.542 167.69 167.097 168.705 168.397 172.131 169.403 169.294 171.407 170.14 173.819 171.415 170.248 172.601 172.786 173.578 172.698 173.831 173.47 173.957 175.42 175.011 175.501 176.36 176.459 176.381 177.203 178.219 178.734 178.946
177.431 175.586 175.5 174.196 172.884 173.874 170.253 169.732 169.412 171.295 167.283 168.938 169.664 164.475 162.141 162.491 163.432 160.672 162.559 162.241 161.043 159.414 156.909 154.985 157.513 155.986 155.445 155.191 156.689 153.122 156.698 156.72 152.801 151.352 152.141 151.328 152.126 147.484 150.205 148.587 145.277 151.436 145.404 143.821 146.782 145.571 145.852 147.564 142.559 140.288 143.096 142.265 139.622 136.953 141.604 140.848 135.7 139.474 136.856 135.529 132.853 134.179 138.13 132.76 135.076 129.538 135.186 130.257 131.793 131.474 126.548 130.093 128.605 131.141 128.117 128.841 125.366 126.595 130.937 128.687 130.83 133.072 127.695 129.988 132.219 135.857 135.503 137.481 134.874 137.395 137.129 136.261 134.185 139.266 141.569 141.334 138.935 140.352 140.907 141.692 139.185 141.687 145.353 143.784 146.37 142.997 144.75 147.415 148.391 149.338 147.221 149.338 148.689 152.047 151.222 150.451 154.336 151.562 156.583 153.658 154.867 155.578 157.753 155.411 157.869 161.302 157.839 158.038 159.552 161.278 160.844 162.525 160.27 162.771 164.256 161.416 164.849 167.518 167.91 166.355 168.937 168.215 169.864 171.131 170.15 174.45 175.016 175.93 176.436 177.439
174.913 173.639 172.742 172.759 168.815 170.251 168.708 165.849 165.734 164.414 163.575 160.202 159.039 159.75 158.536 155.751 154.283 152.749 155.815 149.825 149.679 149.124 149.258 148.377 147.764 146.715 144.718 143.426 144.805 142.785 142.683 143.155 142.535 139.8 138.907 138.493 141.466 136.25 137.1 133.975 132.63 133.363 131.166 133.566 129.388 134.115 128.196 128.814 126.928 129.27 131.76 131.403 126.523 126.265 129.213 122.869 124.109 123.724 120.934 122.433 121.571 126.058 120.389 117.758 116.318 119.626 115.443 114.64 114.277 113.939 112.248 114.201 111.684 110.006 109.758 114.568 112.465 110.651 115.401 109.946 115.218 116.482 115.098 115.504 121.687 121.109 120.248 116.008 121.475 124.796 121.911 123.802 124.681 122.051 125.82 123.941 127.635 125.296 126.661 129.817 129.332 131.978 130.29 126.533 130.768 133.51 130.814 132.566 133.101 135.531 136.573 135.404 134.602 140.164 137.791 136.575 138.264 140.08 137.84 143.996 144.737 143.736 144.574 143.645 147.537 147.844 146.857 148.184 149.855 151.34 151.751 154.017 153.187 155.61 156.665 156.333 159.194 158.217 161.058 158.889 162.82 167.441 165.293 168.054 168.542 172.431 170.181 174.724 173.452 176.279
174.277 173.095 172.103 167.526 167.871 165.336 164.69 161.509 163.758 160.053 157.413 156.655 156.974 154.619 152.057 147.399 149.062 145.969 144.977 146.139 141.082 141.619 139.135 139.186 137.737 137.485 131.886 136.266 131.179 131.109 132.2 133.382 129.965 130.279 129.394 129.451 127.701 125.887 125.871 124.845 129.266 122.956 121.931 118.697 119.859 122.464 122.192 118.123 117.437 118.705 117.392 115.33 112.323 112.862 111.761 115.324 113.952 109.795 115.308 109.518 106.119 106.465 112.54 108.818 110.474 103.759 100.431 102.619 100.267 104.561 102.813 102.46 101.113 97.6342 98.5882 100.068 100.58 99.7054 95.5264 101.898 98.4483 99.2345 100.845 103.178 106.01 108.406 110.456 113.06 108.837 111.176 110.357 109.732 111.147 114.729 117.238 112.659 113.122 115.604 115.181 113.765 115.739 118.172 118.242 121.9 118.276 121.528 124.491 123.672 123.805 123.244 121.452 129.406 124.793 127.19 127.027 131.332 130.522 130.702 132.627 129.751 132.411 129.881 133.561 137.186 138.208 139.086 138.21 141.042 143.201 144.242 147.403 140.979 149.434 147.447 151.191 151.696 154.515 155.327 155.647 156.499 159.323 161.618 163.934 164.297 166.147 167.669 168.486 171.379 172.671 174.583
172.25 171.845 167.334 167.971 166.503 163.592 161.993 158.888 153.371 158.009 153.426 150.906 147.349 147.818 146.058 142.477 144.893 138.749 139.922 137.344 135.007 133.079 133.081 131.532 131.131 128.826 125.519 127.473 126.976 124.156 126.571 121.379 118.725 124.524 117.736 119.134 119.301 119.776 119.225 119.824 112.042 115.938 113.185 110.777 114.524 112.783 107.674 113.094 109.423 106.987 106.733 106.631 108.859 106.903 105.845 103.901 103.521 103.761 101.083 103.677 103.52 99.0276 98.6303 99.147 97.492 97.9612 96.495 94.6544 94.2032 92.4133 95.9799 89.2156 89.5613 87.3524 86.7632 89.8005 94.6842 92.6739 92.3326 92.1507 91.4127 95.2081 93.2799 97.3397 98.9052 93.1702 100.527 100.036 97.8454 102.296 100.261 100.833 106.252 103.951 102.326 105.991 103.759 106.128 106.447 110.249 104.079 108.762 112.344 108.581 108.483 112.453 109.543 116.381 116.051 116.544 116.42 113.811 121.942 113.412 121.245 123.368 120.139 122.799 123.578 125.336 126.589 126.966 125.763 128.29 129.061 128.389 129.341 135.186 135.154 135.577 135.61 135.509 138.265 144.23 142.713 147.949 146.658 147.158 150.752 153.839 155.092 157.627 161.241 161.411 163.685 168.11 169.859 167.888 172.021 172.895
173.835 170.062 167.815 164.158 164.878 162.53 160.349 156.228 154.858 149.643 151.069 147.345 148.406 138.955 141.827 138.542 139.29 133.547 132.361 133.072 130.481 125.549 128.447 126.465 126.219 123.884 116.542 119.666 120.409 116.129 119.541 113.102 114.322 114.137 110.357 111.992 112.607 106.986 108.578 110.038 105.898 111.013 108.412 107.839 105.201 107.307 103.814 102.013 104.067 98.7918 96.5774 98.8336 99.6052 100.439 100.314 96.8182 99.0289 97.7231 94.3038 96.147 95.1882 87.0341 89.8252 87.7265 90.3823 90.7356 89.1342 88.6678 85.9333 82.78 83.1134 85.6795 84.6929 84.4158 83.2038 85.919 82.0217 81.9703 86.5799 84.8026 88.0402 93.1615 88.213 84.2465 90.9758 90.7799 93.9245 91.1356 95.4463 97.0884 95.6909 98.6566 100.108 98.4516 95.8815 100.336 98.0277 99.235 100.276 103.203 99.1358 103.086 99.6984 106.434 108.05 104.547 103.543 105.426 103.553 109.649 108.145 109.153 108.598 107.009 114.272 113.273 115.721 114.179 115.732 113.618 120.452 124.54 122.09 124.418 126.123 124.143 125.298 127.569 133.166 130.033 130.903 133.375 134.156 141.325 137.975 145.919 140.829 143.919 146.795 150.723 155.589 154.379 155.131 159.729 161.797 164.596 166.265 168.366 169.894 170.238
171.55 168.026 165.258 165.65 159.393 159.666 154.664 157.087 150.205 148.042 142.74 145.224 140.051 139.556 136.996 134.312 134.532 130.214 127.596 124.2 121.761 120.851 117.81 117.91 120.817 116.674 114.589 115.44 114.07 110.46 108.207 109.383 106.344 108.186 106.912 106.819 106.461 105.411 104.78 102.537 103.093 98.5037 97.9247 100.293 95.7352 97.8236 99.3065 97.5285 94.2016 97.0327 94.9566 98.0239 94.7832 93.4337 91.3721 89.6596 93.1189 88.5426 89.6078 85.7898 84.9951 84.5549 89.5835 84.2732 82.6845 83.4001 81.2241 81.3067 82.4243 79.9797 80.0424 75.3461 77.2521 75.4634 78.5269 73.903 75.9282 78.4036 80.5362 79.2276 82.1042 80.7345 81.3687 82.5651 84.3992 85.5035 86.1674 82.868 83.8703 89.6881 90.2372 90.6305 88.0687 88.3096 91.0278 92.8925 90.3058 90.6628 91.6373 93.665 93.0077 94.2213 95.4577 99.1716 97.739 97.9685 94.1364 100.977 102.176 102.6 102.924 101.32 103.515 102.878 107.009 103.772 107.626 107.548 113.844 109.295 113.696 112.678 114.774 114.407 115.539 116.054 119.163 118.912 124.064 122.349 127.041 126.905 130.756 134.282 130.538 135.901 139.286 139.541 144.555 144.168 146.301 152.115 151.7 155.767 159.581 159.614 165.666 167.518 168.327 172.062
171.614 168.266 168.164 162.727 160.333 155.256 153.81 151.761 146.626 146.623 142.899 141.907 133.875 129.925 132.897 129.977 126.807 122.986 120.289 121.564 121.537 115.778 110.244 114.747 109.014 112.548 109.34 105.916 110.187 107.668 104.617 101.988 106.206 103.703 97.0255 100.74 100.993 100.384 94.3245 98.0443 101.576 95.5516 99.4261 93.2788 93.1105 89.4128 95.9045 86.5335 90.3776 90.6506 84.1104 86.5159 89.3306 87.8478 88.812 88.2426 83.7304 85.9945 87.6934 85.682 84.4766 82.3523 82.5736 74.151 79.6972 79.9828 80.0236 79.6616 77.3304 80.1648 74.7139 76.4141 76.7305 72.0876 68.5426 71.1266 71.8135 72.0576 72.5073 73.2102 75.5222 74.4978 73.0068 78.9792 81.3559 78.8005 79.6976 81.1454 77.1733 84.3642 86.9197 87.2366 90.6247 83.791 85.0896 85.1083 87.5047 90.865 87.1752 92.4411 92.6516 88.4499 86.9135 93.4595 97.0346 94.9005 97.3023 95.1716 96.1691 97.3964 93.51 96.9198 99.7705 94.6776 97.2764 102.555 99.1781 101.494 105.975 105.509 107.043 106.658 111.152 109.858 111.303 114.887 112.816 117.986 120.824 115.684 121.133 125.339 128.231 125.187 134.582 130.286 135.107 139.041 139.907 142.079 145.053 147.104 149.893 149.846 156.056 159.391 164.853 164.61 168.252 171.726
170.884 167.45 163.016 162.946 156.876 154.945 150.467 148.5 147.591 139.384 137.603 136.81 134.38 128.34 128.263 129.47 121.754 121.78 116.355 116.185 116.02 117.527 116.238 109.018 108.97 108.902 105.646 103.157 104.221 104.983 99.4627 96.196 93.9441 98.4532 94.103 97.413 91.7671 93.3127 94.0661 90.517 93.9287 92.2183 89.6405 92.5008 91.5729 86.0589 88.9513 90.3951 90.5227 84.0031 85.7095 89.3904 81.0675 82.4264 86.627 82.2406 84.1429 79.319 79.2886 81.8317 81.4288 79.5836 80.4489 78.7528 77.4444 78.3539 75.0205 74.9357 72.5721 72.3375 69.8017 72.0636 67.7076 72.1809 73.5927 67.2082 66.3055 71.019 68.0483 68.4725 72.0823 74.6361 72.7983 72.4389 73.7333 75.9632 78.7771 74.3547 79.0183 86.6181 80.7345 78.6476 82.1035 80.8668 83.711 85.2732 82.5089 84.2242 85.9942 83.1282 83.4025 86.7394 88.278 88.3012 89.077 88.9004 91.0672 91.4756 90.7921 92.8032 93.7013 91.7329 92.0159 97.2588 94.0061 93.6817 96.1137 98.3373 100.575 98.907 98.7357 99.6443 108.951 104.505 107.719 108.994 107.946 109.711 111.928 117.737 118.907 117.179 120.164 126.301 128.15 128.258 131.332 132.841 136.052 140.611 140.684 145.002 148.434 148.388 152.798 158.847 162.954 163.374 168.885 170.754
168.565 168.639 164.192 161.317 154.859 153.917 146.421 142.439 141.226 138.973 137.397 131.21 133.285 130.487 127.976 122.413 120.57 115.484 117.055 115.585 112.435 107.198 105.672 102.287 107.526 104.013 103.768 100.083 98.9431 101.743 100.643 97.3901 96.237 95.1017 98.7533 88.6075 88.8614 89.2947 93.1354 85.9936 84.1851 88.5611 86.0691 84.8022 86.6399 84.533 83.865 86.2323 81.2527 82.3771 84.2697 82.1722 80.4415 79.7311 76.9555 82.5008 81.7508 75.5975 73.5885 75.8931 74.9639 70.0814 74.1817 72.5498 75.0803 73.0838 72.0974 68.9377 69.3567 70.7702 67.7068 67.0131 65.0457 63.0005 64.9809 69.2385 64.3893 66.017 65.5184 66.9698 67.0662 71.4732 69.3184 71.1308 75.8178 71.9529 72.6175 76.4756 78.3755 77.419 80.2251 78.1393 79.2241 76.8164 80.4092 84.4744 81.6383 81.2982 80.7196 80.2241 80.9181 81.5316 83.9562 85.755 81.3826 86.2391 87.2083 86.3438 88.4895 89.221 86.3672 88.5596 89.5957 92.5971 90.0131 89.796 95.5066 93.6148 94.6665 95.4701 96.0266 97.5481 101.628 102.25 101.81 105.558 104.348 106.042 110.231 110.248 115.802 115.15 118.007 113.708 121.073 124.064 126.654 127.288 135.258 136.167 138.608 144.497 146.518 148.443 153.382 156.833 158.612 161.334 168.342 170.006
169.369 164.465 160.921 158.212 151.285 152.019 146.505 148.318 138.51 136.503 134.398 129.467 128.226 122.957 120.773 119.004 116.228 115.399 111.659 109.257 112.05 101.928 104.315 99.8278 97.7176 95.2802 99.5976 98.7563 94.7893 90.8314 95.3695 90.9666 91.7324 89.8437 84.941 85.9401 86.8121 83.4276 83.4463 83.1643 81.2923 82.6745 83.276 80.6222 80.4683 77.888 79.3655 81.789 74.4309 79.6124 79.1525 80.234 76.2064 72.3177 80.2228 73.3177 74.7596 74.8647 72.7292 73.0447 74.022 70.4627 70.0596 71.4268 72.1133 66.4959 68.9065 69.454 65.8734 63.845 62.5208 65.7577 66.5309 63.4666 61.8728 60.9848 65.7474 63.228 61.7453 66.8936 62.4364 67.9565 68.0265 71.8891 70.8276 73.3467 73.7039 72.73 67.2754 74.4989 74.0599 74.7591 76.4042 70.0917 75.5521 81.6532 75.944 77.706 75.9885 79.2372 83.1982 82.083 81.3208 81.087 80.8378 79.8711 78.6581 78.0011 81.0621 81.7755 83.9453 81.3724 81.7181 88.0177 86.6284 92.1174 90.5819 89.2896 88.3973 94.3184 91.4791 93.0267 98.075 98.51 95.4155 102.899 103.53 101.57 107.498 108.017 112.635 109.619 115.438 116.153 119.882 123.904 119.998 125.935 128.594 132.445 134.743 143.904 144.477 146.457 148.918 154.082 157.036 160.258 165.952 170.174
168.875 165.057 164.692 155.905 154.116 147.524 142.539 140.606 137.068 130.627 132.904 128.007 124.686 118.769 123.3 116.152 113.836 110.428 104.467 104.998 108.042 105.915 102.587 93.7208 92.4718 97.4265 95.2087 94.0133 89.9719 90.5311 88.9507 86.7994 85.0012 84.8848 90.1922 83.3395 84.5904 82.564 82.5364 80.6582 80.6441 79.8551 79.8312 81.2064 77.9282 77.0366 76.3566 73.0526 75.7314 73.5682 73.4979 75.9819 75.4882 75.6508 73.5325 70.3873 70.9823 76.4344 70.8979 69.4631 67.3815 68.6951 68.2677 68.1321 68.108 66.9418 64.7661 68.9042 63.5045 63.5826 63.0011 61.8924 59.1567 66.0198 59.2556 62.2523 62.7199 58.2193 64.7535 65.4198 65.4069 63.9601 66.3697 64.7551 67.8356 68.3697 70.114 68.2536 73.9473 67.9853 68.7717 75.9856 71.0655 74.6876 72.7573 73.2343 72.0948 75.175 76.4761 76.3211 76.4426 74.7438 71.7518 74.8091 78.1334 80.5951 79.3935 76.3704 79.2984 82.4187 80.5308 86.7489 83.7516 83.0065 85.4669 83.7685 84.5644 90.9611 90.3268 89.804 95.085 90.0067 91.59 98.6561 94.7671 94.872 97.5947 101.288 102.875 103.195 106.439 108.332 112.256 114.164 114.377 120.265 121.468 122.068 126.206 124.939 130.717 137.982 141.619 144.486 151.057 152.49 158.861 162.608 165.193 166.058
169.813 164.384 159.215 156.358 152.506 145.05 142.94 139.77 138.466 129.439 125.438 124.399 120.725 117.972 114.13 107.427 111.137 110.546 102.955 103.262 100.813 103.311 99.039 100.093 98.4005 93.2162 92.6887 92.0825 93.1695 87.7421 83.9154 84.7566 84.0493 79.2491 80.7311 84.8655 80.7566 81.4745 78.0242 77.2794 77.5542 75.8059 71.9554 74.2122 76.2561 76.4059 75.2055 73.7252 72.014 75.7654 73.8563 71.869 74.1461 68.0607 71.4269 72.3246 71.6098 72.25 68.671 69.6684 70.9263 66.6914 65.393 63.5694 66.7612 59.9369 62.3635 64.9067 61.2534 58.0908 58.7014 55.1523 61.2571 58.3534 58.7893 57.1615 54.8445 59.7309 56.0265 56.9626 59.9454 64.5913 60.9769 63.9171 64.827 66.4684 66.0267 67.1386 66.1704 67.4328 69.2693 71.3462 64.4119 69.3098 70.4138 72.5575 73.889 69.4545 71.7266 71.2008 75.9619 74.4373 67.6317 71.6142 74.4877 72.4959 78.692 73.2631 76.8129 79.4309 77.876 80.0497 79.9938 83.375 82.3445 84.5247 84.2379 84.9803 80.5039 88.8873 89.5398 90.0921 89.849 87.0521 93.1968 98.1652 93.8428 100.068 96.5586 102.045 100.854 107.056 106.675 110.387 112.958 114.422 116.67 119.077 124.532 127.383 133.099 136.881 141.609 142.472 147.198 153.803 154.114 159.034 160.434 168.154
166.891 161.994 159.913 151.56 148.366 142.205 141.44 137.932 131.189 129.074 124.16 122.168 116.454 112.611 112.381 108.142 105.114 105.653 103.538 100.621 97.7336 97.3483 91.4305 92.3295 90.317 88.9872 88.4628 90.9498 87.2898 82.744 87.5281 82.7616 80.8049 78.4167 79.8357 77.7733 79.5945 76.8408 77.9855 77.0292 73.7486 75.8772 72.0038 70.273 69.7195 70.1011 71.9832 72.3086 71.7144 66.0959 71.7849 70.5231 71.2638 67.8726 65.1609 71.9105 65.0434 68.0328 64.8553 66.7878 64.2174 64.7466 62.683 62.4598 64.7007 62.0822 61.6015 60.1042 61.6911 58.9628 55.7876 59.799 58.3396 53.6289 49.7581 55.5918 55.9393 60.004 49.6266 59.1402 56.8207 63.2126 62.1469 60.5177 61.957 61.9137 62.668 65.8774 68.3625 68.3596 64.4293 66.9721 66.3787 67.2443 70.447 68.7981 68.1224 71.0405 72.8151 69.1518 70.0761 68.4731 74.002 72.2029 74.413 71.0111 78.5511 75.1206 72.5984 77.7402 75.8034 79.279 79.048 76.8379 78.4424 82.9544 79.4064 82.0598 83.3055 81.4226 79.4623 89.6806 88.4429 87.1396 87.592 92.1845 93.4944 95.3726 96.9727 96.7328 103.86 102.281 103.445 110.467 111.713 114.961 118.159 117.672 121.188 125.596 129.985 133.693 139.115 140.598 148.309 148.386 153.321 156.387 162.149 165.827
168.745 160.19 158.722 153.343 145.966 143.728 140.255 131.494 133.102 127.212 123.303 121.332 116.509 109.079 112.111 107.079 103.119 100.366 100.783 98.0983 92.59 90.9539 92.0648 93.6564 88.5161 86.6065 84.6694 91.3778 86.2366 78.9066 83.7361 79.2521 77.2252 78.4386 82.6488 75.1021 79.3435 73.0177 74.9713 73.3017 75.1451 75.3231 72.8341 67.0803 65.7046 71.6924 69.6891 67.0122 70.204 65.6569 69.0726 69.2045 68.8047 68.7755 67.0173 62.6766 64.0933 70.2572 62.7121 66.5737 63.5012 63.3507 60.2443 62.8393 62.5939 61.6165 60.4244 59.2539 55.479 54.7683 58.4687 55.3769 56.4757 53.3823 57.3385 52.728 53.6695 51.6261 54.5469 54.9802 54.028 59.2484 60.1183 62.5549 62.1176 62.6309 64.7252 60.5272 63.7423 61.4754 64.4565 67.559 65.6041 64.9151 66.4153 63.8609 66.3712 69.1868 70.5511 67.217 67.3494 66.1222 73.9687 69.1478 74.107 69.7734 71.4497 73.2667 73.3391 70.3206 68.6786 77.7259 74.4351 77.4348 72.3609 75.9523 78.0749 78.801 77.1641 82.9994 81.5378 84.8897 86.4718 83.8673 88.2324 89.4592 88.8293 92.0014 92.1866 89.6428 97.3443 100.024 103.506 107.406 107.358 108.932 113.181 116.417 120.488 123.544 124.931 131.649 131.738 138.204 145.21 146.018 155.528 159.97 162.844 166.614
166.657 161.108 156.297 148.423 143.931 138.104 138.176 131.777 128.662 123.879 124.032 118.623 111.055 110.673 110.717 102.942 105.179 101.35 99.909 94.6948 93.4054 88.1247 87.8622 85.6432 88.3565 87.4243 88.2547 78.9015 80.7487 80.1829 77.5562 77.793 79.0298 72.4004 73.0033 75.6127 75.4604 73.8455 70.5377 71.7694 69.7094 68.1176 69.2917 66.6558 69.9568 67.1564 67.9577 68.874 70.5184 62.9673 64.2289 64.4906 63.8415 66.1152 62.627 60.5644 60.0369 63.1894 63.0843 62.2652 60.1522 63.2963 60.7714 59.8152 60.9308 54.405 58.7985 57.3013 57.5226 57.9411 51.7278 53.5573 48.6826 50.5748 52.9166 52.8742 49.5954 54.1824 52.896 54.2611 56.1087 59.684 58.6289 57.9773 59.2709 60.8791 61.0676 60.6313 61.6086 61.6738 60.4105 61.3284 62.3304 64.3438 64.5709 62.1209 65.9187 64.9966 66.5704 65.4796 64.9112 66.1619 70.3063 65.3391 70.4843 70.3097 70.6791 71.8405 70.136 71.3336 72.2625 74.251 70.1019 70.9226 73.5287 74.1117 77.003 76.5075 76.5794 77.1498 78.9259 78.8342 81.4436 82.3746 82.5045 85.2406 85.3512 84.334 90.7577 96.3615 98.1009 97.814 93.1543 101.552 105.741 107.042 110.819 112.382 114.396 118.002 129.751 129.647 133.589 134.593 144.015 147.673 153.543 156.134 162.624 165.013
167.906 161.915 154.138 153.34 149.276 138.519 131.951 131.008 125.949 124.579 123.204 113.165 114.091 107.343 104.931 99.8875 101.748 96.5317 96.9863 93.7723 91.7702 91.2097 90.4813 82.836 82.1028 83.7742 80.4832 79.7468 76.3812 75.9508 77.6316 81.1726 73.2884 77.8446 74.8677 72.199 74.2727 70.8296 70.0015 71.2841 70.8766 68.6951 70.4569 72.3015 67.2613 66.7432 64.8016 62.2953 65.0016 67.4353 64.3086 63.2684 61.1988 64.5747 62.8304 63.6129 63.9462 65.4861 61.0028 60.3134 59.0849 60.9062 63.1695 57.6318 61.2279 54.459 60.1613 54.9167 55.407 51.5268 54.6165 52.695 48.0216 50.2366 52.5102 50.2684 50.3945 48.2448 52.138 55.3054 55.3989 56.572 56.8198 52.4256 60.4253 59.8907 64.3005 58.7758 62.3428 57.5938 59.7242 61.9683 60.3027 62.4855 62.6036 65.3442 61.3813 64.3591 66.8126 62.7476 65.4807 63.5292 67.2707 69.7577 66.2815 66.5048 63.246 68.5515 66.9499 65.6078 70.9253 72.242 73.3032 72.3843 71.1593 77.9157 71.6336 73.1927 73.7622 80.5946 79.8654 79.7473 78.0419 77.229 83.4096 83.6489 88.5124 85.4756 93.9387 91.9626 92.7321 94.3288 94.1199 102.912 101.877 105.286 109.037 114.749 114.596 116.207 122.156 124.397 130.69 134.477 140.745 146.563 152.94 156.907 161.383 163.601
167.475 161.912 154.518 149.36 143.882 135.826 137.962 124.997 126.299 123.571 116.932 114.213 110.76 105.009 101.841 99.7375 98.5366 93.4382 93.4387 92.7608 91.1047 86.5904 85.4678 84.6936 82.288 78.3355 83.7648 80.7012 74.0151 77.6907 72.6961 74.6025 73.5381 74.5731 71.1487 72.9944 71.4365 68.6388 63.3148 71.5337 67.108 67.7139 65.9597 65.7089 65.2311 66.4983 66.4244 63.9757 65.5302 63.9942 61.1885 60.4128 62.3144 61.6298 57.08 61.4971 62.5875 62.5629 60.0999 58.5705 56.8899 58.1581 54.2278 59.8292 54.4905 56.6708 54.5246 52.7652 54.7119 56.081 49.7993 52.5306 48.4752 48.4989 51.3567 47.8934 48.5069 49.8567 49.5656 49.7358 56.5916 52.102 56.6206 52.1608 57.8248 59.9961 56.0867 56.6466 58.3889 60.0815 57.2767 62.3562 61.2107 59.604 62.6406 60.447 60.4451 62.3585 63.4286 63.9752 65.553 65.1799 63.3726 65.012 62.7918 62.8549 66.7273 70.3148 67.2483 69.1319 66.9809 62.5283 68.7806 71.2094 69.8189 68.7896 72.9337 74.2009 72.4207 75.3876 78.72 77.1028 79.0746 79.0334 84.8695 82.1733 84.2901 87.7932 84.3276 87.4409 88.3247 94.0384 96.2894 98.915 100.141 107.217 106.31 108.797 111.805 114.366 120.767 123.676 129.055 133.645 136.59 144.968 151.72 156.928 159.187 163.577
161.451 158.475 152.015 149.041 141.842 138.755 129.44 128.558 121.819 120.249 114.168 110.744 106.998 102.268 101.836 101.518 95.7164 91.1195 92.1747 88.4893 84.8805 86.5602 81.1495 79.9786 78.2323 77.7921 75.535 79.5294 75.4148 77.1125 72.4155 70.6701 67.2642 71.0342 71.1294 68.4911 68.5963 67.9368 65.2279 66.7043 67.9793 65.2384 61.9897 64.8823 65.1322 66.0172 63.9889 64.8773 60.334 61.3086 63.4756 60.8729 60.1713 59.7326 60.96 58.5016 61.6862 57.3683 58.5231 56.292 56.9731 58.9223 59.9093 56.3977 55.949 56.5209 55.2018 57.7979 53.4204 52.7483 46.4171 49.0509 46.8579 46.664 48.9472 47.26 47.243 47.239 50.0921 53.2161 48.6107 56.3531 53.8226 54.1786 51.3621 56.3396 54.6579 58.9603 59.7741 58.427 59.2087 57.1184 58.5487 64.1346 64.5864 59.8102 58.3018 63.9303 58.7956 59.9409 61.6246 63.0203 65.6361 62.203 63.0319 67.5962 66.3722 64.7712 66.5575 67.806 64.6935 69.1016 64.9585 70.1318 68.5783 69.5303 73.0129 72.7775 73.5528 75.9867 74.2269 78.7847 77.4586 81.6969 76.0363 80.7699 83.005 81.1981 86.8582 86.0429 90.6473 94.838 90.764 95.8607 95.0338 101.517 104.778 103.861 111.09 113.972 115.463 124.083 127.174 134.563 137.854 139.634 149.614 152.778 160.25 165.852
164.488 160.479 151.315 148.77 141.855 138.229 127.824 127.933 123.701 120.625 110.437 106.538 105.521 101.692 100.528 97.4946 93.3921 91.6951 87.697 87.3689 81.8179 81.7614 84.4939 79.7278 80.8699 76.4493 78.3357 75.3505 75.3901 76.3201 73.8059 71.7697 68.4617 68.6658 69.9751 70.8096 68.0549 68.2053 67.443 67.7379 64.1497 62.2106 64.0205 66.8211 62.2069 59.4306 65.5904 61.9321 59.6664 62.5229 57.541 60.0478 61.0121 59.4332 58.8271 57.5959 54.7082 56.7534 57.1243 58.815 54.2604 57.8496 54.0863 54.5368 55.8809 53.3678 51.051 52.0295 53.8447 51.2541 49.7243 49.7121 48.5706 49.4911 47.3135 46.7042 47.3821 48.5827 50.0339 50.7366 50.1515 48.6028 52.0395 52.4484 50.9365 51.0362 54.7773 57.8718 54.9662 54.0958 58.873 57.1538 57.9092 58.2505 58.874 55.7517 62.5123 58.2299 60.3495 63.1464 60.4603 57.2387 62.3372 64.6989 64.5011 61.7965 66.4481 62.3546 63.7525 62.8721 67.1207 63.4376 66.3041 70.5733 67.0558 66.3131 70.2215 66.2519 73.424 71.8557 75.3911 75.187 74.5038 77.8398 77.7465 79.5253 84.9993 80.8947 80.7533 87.1579 88.7426 90.9924 89.231 94.7816 96.5097 98.767 102.282 104.074 109.86 111.43 117.709 120.188 122.897 135.754 138.417 142.863 143.68 154.505 160.563 163.627
163.996 159.418 150.742 145.602 139.946 135.416 133.404 122.666 120.812 118.018 111.936 107.509 102.675 103.434 96.2112 96.6047 91.2747 88.5623 88.8904 84.66 82.8704 85.1383 78.1063 77.271 75.7824 74.905 75.4155 73.2934 71.5104 75.5989 69.7446 69.8023 67.4302 68.4705 64.7909 67.7017 61.5936 66.279 63.0606 64.7588 60.3444 61.2749 60.0079 63.1283 57.852 58.3009 61.7205 59.569 57.7833 59.4548 57.3033 58.7388 57.2058 59.1107 56.9403 57.9695 57.6891 56.4409 53.9297 55.0659 56.1721 52.4023 54.265 54.7417 52.2205 51.2184 50.744 53.181 52.6528 51.1547 49.1861 48.2373 44.632 46.8517 46.6527 49.4283 49.2432 45.7454 45.8119 48.0798 52.0714 51.1963 51.5493 51.7189 54.0821 56.201 52.3851 54.6702 52.2072 52.7548 58.2294 55.3048 56.2586 54.2922 58.4029 55.0011 56.1561 58.9211 54.8276 57.6846 61.966 60.9241 62.334 59.436 59.0408 62.9537 65.9155 63.5827 63.1216 63.3172 69.5008 62.0508 62.1816 63.2308 67.6003 63.8055 68.0831 67.0766 73.2568 68.3951 73.0517 69.1865 73.1005 77.9461 76.9169 74.9494 81.0465 80.6873 79.5384 81.6234 86.2185 87.9106 90.8313 92.514 98.6942 97.6605 100.699 102.212 109.497 109.681 115.522 117.908 124.93 127.904 137.631 141.528 145.952 152.357 157.154 163.214
164.182 155.95 152.686 142.277 140.446 134.305 129.066 120.902 118.46 111.769 110.887 103.693 99.3889 101.193 95.1689 92.0557 89.6622 87.4093 87.0834 85.1489 81.8561 80.3509 80.9138 75.0748 79.422 73.9867 71.8442 76.4412 71.2877 72.6599 65.7844 66.0116 64.9136 67.7329 66.3811 63.7924 66.6727 65.9361 62.6898 61.9067 60.0529 64.5714 61.8399 58.338 58.6116 54.839 60.6379 59.0618 60.653 57.1058 59.1855 59.5794 60.3091 54.4642 57.1383 56.6434 54.161 53.9658 55.9056 53.4993 54.5781 52.6215 50.6649 51.4021 51.6101 57.032 47.7823 50.1479 49.1237 47.1171 47.7352 48.2459 45.9814 46.9957 45.2354 47.7794 45.1071 45.4858 47.3565 46.1394 47.5104 45.8408 53.3709 47.9362 51.9871 50.6951 54.0733 55.2148 52.0011 57.5258 57.4259 54.7193 50.3465 54.4207 51.3376 54.1796 57.3126 57.1093 53.8055 59.4435 57.3207 58.7551 61.8765 57.2313 61.5163 59.7194 62.8408 60.0761 63.743 59.928 59.476 61.1131 62.9239 64.1346 65.1466 65.6915 70.2902 67.26 69.1882 68.3284 67.6841 72.3334 70.109 74.4974 71.3539 73.8694 75.9294 77.6705 78.8079 83.8441 82.081 82.9193 84.7876 91.6084 93.4802 92.4757 99.8571 101.575 106.012 111.841 112.149 117.055 122.909 128.948 133.991 140.967 143.135 153.684 157.94 161.871
162.202 161.686 149.401 142.849 132.869 131.901 128.264 118.838 118.634 118.292 102.827 106.804 103.024 92.936 95.801 95.0512 87.8736 87.0466 86.7434 85.4023 78.5231 79.4455 74.9149 73.9912 75.8768 74.4968 72.4569 69.5949 71.001 65.2714 66.9929 67.6449 67.9415 63.6715 63.8799 66.9905 64.1491 66.0863 60.7305 61.2767 59.7904 58.8771 57.9371 58.4117 61.3989 56.5188 57.1411 56.9162 61.1121 57.6831 56.5936 55.4354 57.0068 54.2541 57.4728 55.6383 56.4806 52.1784 52.1122 55.6669 56.1822 51.6485 56.8755 49.461 51.2292 48.8442 49.5242 48.3186 49.6913 45.5386 49.7077 43.7114 44.1355 47.6678 42.8169 43.2216 42.891 46.2192 44.6143 48.8345 44.333 48.1357 53.2163 49.9957 51.1612 52.3115 50.0553 48.9846 49.1821 50.5547 56.3207 51.6455 55.7708 55.2962 53.212 55.7897 56.7686 54.9408 55.1164 58.5411 52.7812 56.2484 59.3383 58.3084 52.5843 59.585 55.0969 57.4364 56.308 61.2372 63.1842 58.2537 64.1096 62.424 65.001 62.8973 63.6454 69.0571 64.8133 65.1627 70.2202 73.2669 71.2562 70.0895 71.5643 72.3791 75.6987 78.9175 80.0854 81.1901 80.7191 84.2982 83.8406 87.7302 87.0156 92.2123 93.8632 103.073 103.783 109.879 113.608 117.471 122.58 122.866 130.471 136.455 144.369 151.047 155.844 162.675
163.975 157.277 150.262 144.622 140.091 129.352 124.108 114.743 116.266 110.551 106.604 100.206 99.9394 92.6258 95.6396 92.0396 85.5082 87.3714 81.0347 84.9767 80.1574 78.7681 79.0206 73.9895 72.8679 70.0977 68.2282 67.0331 68.7636 68.9634 65.4066 64.0129 61.1957 66.7229 69.3548 63.7274 65.7751 61.6308 61.6036 56.2134 59.2006 61.6289 57.9706 61.0377 55.3227 58.7064 58.4705 57.8202 53.8225 57.942 56.1861 53.0854 54.7074 55.6552 53.9779 48.0713 48.405 51.1004 49.753 52.1814 51.5128 51.4671 52.3254 49.6642 52.097 49.5304 52.8881 46.2 47.2841 47.5835 43.4868 41.7271 43.8865 43.8313 40.2712 39.85 40.7559 45.95 44.6312 44.1745 47.3621 48.5725 46.1524 47.0215 52.4002 49.6763 48.3486 48.0739 51.1125 51.9689 49.8158 52.772 51.7564 53.8631 53.6087 52.6629 54.0908 56.3498 56.5306 56.6289 57.5925 55.2149 55.3843 57.3876 59.3395 56.5648 54.6738 61.8732 61.6201 59.5838 60.4503 61.8637 61.3892 66.1221 64.0586 62.9814 65.2239 66.5224 66.3251 63.3519 68.1921 67.59 66.0809 71.0892 72.7988 70.439 75.4485 73.3786 77.8236 76.7318 83.1402 84.1513 85.0813 90.5026 88.5716 93.3464 96.5918 97.7438 101.813 106.174 107.221 115.357 118.135 124.826 130.099 136.274 143.044 150.398 157.28 162.442
160.663 155.82 149.027 146.119 138.269 131.308 126.334 118.088 113.488 110.743 102.448 102.8 96.6721 92.9543 92.2542 89.8188 83.5564 84.3557 81.8799 82.6375 79.6501 74.347 73.516 71.1699 72.1946 67.0785 72.5694 70.1346 67.3952 66.1332 69.5073 66.1305 63.8022 62.6387 60.2734 63.8353 58.3318 60.1901 58.7351 62.2018 62.7273 56.465 54.7277 57.9953 57.5458 54.9822 56.7605 55.4006 53.7486 54.8156 56.1648 52.3425 55.6558 50.824 53.98 54.4031 51.0475 50.4089 51.5995 51.3317 50.1973 48.2253 48.0032 51.8295 48.5704 48.3939 48.269 49.1588 47.2245 44.3964 43.7922 47.4499 42.4588 42.1441 42.9632 42.5593 42.4396 43.3486 41.7587 44.1135 43.738 48.8772 49.4972 42.4171 46.6745 53.8074 47.7004 50.1867 51.8269 49.0246 49.2672 54.6173 52.1574 50.1834 49.2903 55.238 51.4448 53.6356 54.0573 55.7193 53.6726 52.0926 56.4431 56.0406 57.1558 57.2523 58.8184 58.987 57.1664 57.5471 58.8243 63.1669 62.0424 62.6711 59.3843 60.1174 61.4997 63.91 63.192 63.3229 65.841 62.839 69.7598 68.1065 73.7679 73.7553 73.3884 76.1359 78.1105 78.5243 79.1649 82.8431 86.7527 87.2294 85.8133 91.2381 91.8317 97.0893 103.508 103.04 110.596 110.3 121.878 121.846 129.589 137.21 143.819 151.599 155.489 161.298
163.986 154.537 149.551 137.717 134.608 130.513 122.098 117.984 111.097 108.518 103.536 98.8306 96.2562 92.1433 88.5523 85.1327 85.8741 81.4826 80.3821 77.9144 79.8347 75.8833 78.1592 71.2876 71.2147 67.5157 72.4685 66.6134 66.2021 67.0653 65.3279 62.1648 63.4241 61.8711 58.406 62.1895 54.5634 60.9385 58.0298 59.4026 55.0153 57.7836 56.1302 56.7244 58.3531 52.4374 52.456 54.3165 50.5502 53.9299 57.8338 54.4024 53.1912 50.7558 49.2152 53.4994 53.0372 53.456 50.4339 49.0776 50.0453 50.9656 50.3892 48.6354 49.2647 50.4965 47.7447 43.5375 46.4482 45.6407 42.6537 39.3393 39.5208 39.4596 41.3345 44.369 45.3464 45.9943 39.0545 42.752 44.9757 45.1724 45.7013 48.46 51.5055 46.8822 46.7089 48.321 47.1539 46.204 50.5158 51.229 52.3356 51.6011 49.9084 50.9181 51.3796 48.9139 55.2794 52.7524 51.5426 54.1328 52.7181 52.6548 52.2139 55.6432 52.5853 56.0648 57.5415 58.2286 57.4218 61.0155 57.972 60.9398 60.1895 59.6165 61.2638 60.9515 64.5067 64.2914 67.6808 63.8278 66.1127 66.004 73.8145 68.0089 69.5805 73.6866 73.6659 77.6585 77.7672 78.6641 81.7165 84.3486 85.7145 87.2153 93.1454 95.4949 97.5555 104.885 106.724 111.136 117.949 119.565 128.476 134.637 140.023 147.588 153.539 159.72
161.976 156.938 146.728 142.248 133.286 128.928 121.123 118.914 112.435 107.402 103.268 98.3655 96.197 92.1029 87.3444 83.4318 86.0718 82.2929 80.238 83.2067 75.1308 75.6166 74.3034 72.0377 67.1777 65.1578 64.8684 66.7947 64.3854 67.6943 64.9842 64.0561 61.4167 62.5742 62.6671 55.9701 57.752 54.081 58.7588 57.104 57.5956 58.3551 58.1686 51.4209 56.6553 55.3864 58.5623 55.5457 52.9535 48.5465 51.7431 52.0404 53.5115 51.9511 51.6324 48.5922 52.5727 52.1168 48.913 51.8389 47.2454 48.1985 50.2348 50.0133 47.3854 50.442 54.2832 46.2472 44.6675 43.012 45.3555 45.2591 43.3607 38.3077 41.4537 41.783 39.7939 43.8651 44.7711 46.3687 45.2977 47.1725 44.9025 47.494 48.4093 47.2075 52.0454 48.8551 51.243 46.463 49.6282 49.1438 51.353 48.9137 49.5453 56.0344 53.275 53.9095 51.0951 49.7797 50.1419 53.5601 51.9053 51.1037 52.1604 58.2686 53.6916 54.4454 52.1261 56.4402 56.3752 56.0194 55.9958 57.6899 59.9506 60.5943 60.0742 61.0866 63.4852 63.5623 67.2813 61.7625 66.0695 68.8403 68.8175 69.2947 72.9551 71.8012 72.2935 76.8591 75.7545 79.3163 83.0281 82.7959 85.2809 87.6001 90.1552 91.4556 98.0089 101.704 107.461 111.612 116.681 119.597 128.114 136.196 142.442 144.197 150.837 160.763
159.77 152.767 147.328 136.792 132.192 127.439 118.937 113.606 112.243 108.826 97.1242 97.861 92.0395 87.238 87.47 82.8463 82.6766 80.8599 80.6108 76.0798 75.6225 73.0594 73.0764 67.1282 68.4921 66.4145 68.9924 68.3253 67.1875 64.0004 62.9389 59.9578 60.2661 59.0691 62.3022 58.68 54.2979 55.9946 54.6871 55.727 56.6579 52.6762 56.3785 55.9486 58.0232 51.786 51.2753 53.0253 50.2576 50.6749 52.9556 52.0788 51.7267 51.5028 52.3478 49.5557 50.1931 49.9204 47.5366 47.1082 45.9349 49.4808 45.7348 45.3427 46.3648 43.632 45.8874 49.2748 45.5346 45.8971 44.5496 42.5846 42.0836 40.1839 42.4423 40.8339 42.2822 41.3438 42.4386 44.1671 46.2981 43.1791 46.2432 46.7873 47.6641 43.987 47.713 47.6159 46.8503 50.6038 51.935 48.0103 49.9574 49.7736 50.7216 51.8764 53.8458 51.4317 47.4462 48.8523 56.7217 53.0016 50.1961 51.8512 51.7682 53.8725 51.978 53.2217 51.8208 55.6203 56.9485 56.8203 57.2665 57.5696 55.3371 59.1454 63.2384 58.0299 60.1905 59.0039 63.3562 64.2309 67.7538 67.358 67.9888 71.0633 68.5365 68.4973 71.0159 75.3394 77.0456 79.0743 78.5777 81.2453 85.7607 88.8968 88.518 95.1148 99.9237 99.9237 104.753 108.28 118.301 125.365 123.536 131.536 139.162 149.286 152.478 161.196
160.444 153.393 148.536 138.947 132.057 123.991 120.892 113.224 103.443 103.205 99.9271 98.501 90.3772 91.215 87.1112 82.2726 82.5444 75.2692 76.2268 78.3585 74.4191 73.3686 73.3256 68.5975 67.279 67.924 65.0858 64.9284 63.5139 66.2945 59.1167 60.3301 60.585 59.9453 59.3064 58.7013 54.4969 56.4697 57.6938 56.0742 55.473 52.24 53.1976 52.8252 52.6616 53.3036 52.6493 55.2203 51.3938 54.156 52.4474 50.9453 50.5982 51.3362 48.9771 49.0992 49.5869 48.1716 52.1724 44.4986 47.6287 49.3649 45.523 48.4311 45.2143 47.5811 44.5386 44.6783 44.2153 45.0838 43.4036 42.9943 40.2405 38.2501 37.9375 39.7268 40.5408 39.0141 40.0163 43.0534 44.2352 47.3783 44.891 41.8823 47.3046 43.2285 46.4292 52.3806 48.2737 48.0756 46.2096 49.1975 50.2933 50.7265 45.4163 51.7186 54.2666 55.4169 51.5082 50.2104 49.6468 52.6401 52.8974 50.9599 53.0448 55.1627 57.3022 56.7769 53.6661 52.217 58.0501 57.951 55.0299 56.5527 57.885 57.9403 57.7222 59.1421 60.476 62.3704 63.4954 63.2543 67.0862 63.4578 72.5377 64.6964 68.0377 68.6958 72.2581 74.234 74.158 77.4447 78.4199 83.2048 85.2728 84.8674 87.6265 91.9215 97.6187 99.977 103.601 109.923 110.472 120.883 126.863 130.844 140.488 148.297 151.865 159.818
158.761 150.297 143.878 137.791 130.142 125.333 119.349 111.361 107.405 98.8298 98.0741 94.4339 89.3992 88.32 86.8333 82.0917 80.6439 77.5981 71.9959 76.0867 71.5168 73.1156 67.6747 66.1777 65.391 63.4497 62.0058 61.332 61.0936 60.1448 60.3792 62.1751 62.5605 57.6115 58.3243 62.0726 55.5757 56.4736 57.014 53.8895 54.4799 54.7246 53.1632 54.015 51.7654 53.0829 50.5941 53.3491 52.3845 50.5234 52.4266 52.0364 53.2117 48.5933 53.4063 47.5173 47.1947 48.2333 48.9302 48.6115 47.6222 45.7755 45.1724 48.335 44.485 45.6285 44.7663 46.0544 43.4417 43.1095 38.9615 39.6012 37.6393 38.6564 41.44 46.8785 39.7053 42.3864 39.37 38.8249 42.4118 46.5097 45.9901 45.8136 44.7719 45.6277 46.532 46.981 48.7474 46.822 45.2916 46.9722 45.3329 51.8123 52.2327 48.1435 51.6804 49.0343 50.6951 53.1982 54.054 51.7503 52.6451 51.1893 56.6842 53.4667 53.6058 56.3711 53.5081 55.0671 55.0798 56.2988 55.292 55.6838 58.403 60.0971 58.1106 59.0149 59.0299 61.4512 63.3559 64.1696 65.4355 62.6813 63.8359 67.8178 68.9334 67.4475 74.1677 70.386 71.5072 79.2668 76.1296 77.9064 82.3651 84.6568 85.5833 88.4281 95.3605 97.7293 102.119 106.464 110.261 117.203 120.883 133.704 138.41 147.478 148.794 160.598
158.967 151.373 144.849 138.668 132.814 121.719 117.185 111.468 108.456 100.288 96.6063 90.1489 90.1555 88.2237 82.8792 85.6356 79.7597 74.6518 75.7729 71.5085 70.0917 73.3073 68.0351 66.6963 66.2068 63.5645 64.0688 66.8679 62.8327 55.3075 62.1296 63.6967 59.7691 56.7819 59.1095 54.5043 54.1355 54.2406 53.8291 54.6382 55.9014 53.5113 51.7708 52.3819 55.0381 53.4291 53.1614 51.6304 52.9495 50.3253 52.2357 51.301 47.5426 43.5295 48.4148 49.9007 46.6826 50.1988 45.3751 48.4847 42.5447 50.2489 46.2087 48.4009 47.0654 45.8227 45.2592 42.5102 41.6215 44.2572 39.7743 41.2536 37.8097 41.9106 42.3188 36.0939 37.4976 39.9049 39.7456 42.2728 41.1287 43.0843 46.028 49.7315 44.4182 46.0592 45.4186 42.9505 49.7068 46.9101 49.2978 46.681 51.5565 47.651 47.6009 50.0124 48.984 48.86 50.5865 50.7967 48.607 51.2255 48.9627 52.8797 49.7495 53.3421 53.5466 51.7446 55.9137 53.7577 51.3873 57.8874 55.7174 57.1367 61.2146 53.7026 58.2266 57.6722 58.9716 60.5477 61.6894 59.4964 62.7432 62.5428 65.24 65.4873 64.169 69.0387 68.7874 69.9242 74.8013 71.9405 76.1943 77.3934 78.1942 83.0073 84.641 94.9718 90.4396 94.902 100.294 109.771 111.257 120.824 127.123 130.309 141.171 145.175 151.118 160.762
158.998 153.268 144.666 136.682 128.237 124.952 115.943 113.311 103.839 105.131 93.4301 91.1581 89.6698 83.1084 80.9442 80.2573 75.7923 76.2858 75.0409 68.5796 74.4659 66.5222 66.6808 65.1627 63.0664 65.8471 65.0016 63.9008 57.3327 59.6063 54.6749 57.7533 54.0448 56.0988 55.93 55.9359 49.372 58.3266 56.0776 54.8275 48.4841 54.6164 50.5338 48.987 49.9826 54.4586 49.4576 50.633 51.3429 48.9285 48.4858 49.9097 49.902 45.3386 50.0708 48.222 49.6239 47.787 48.73 51.2377 45.889 47.7149 43.3686 44.5364 47.2196 43.8274 42.6418 44.706 43.3669 41.3095 42.2051 40.4479 37.6621 36.3832 38.5534 36.9243 36.0525 39.839 38.6348 38.472 40.7134 39.867 40.6074 42.8004 44.1429 42.9234 43.9699 45.5846 44.9765 47.452 44.8883 46.2579 47.5275 49.8384 47.4037 52.5055 50.304 47.5232 51.4641 48.3764 50.0233 50.7297 51.7075 51.2165 51.7389 49.0752 50.6593 55.1557 51.0503 53.7403 56.7763 51.9959 54.9081 56.1988 55.7078 58.324 57.7177 56.9315 56.6797 62.0088 57.755 62.0936 60.8886 61.4847 61.6247 69.4658 65.8904 67.7307 66.6316 72.205 70.8744 74.192 77.3968 81.4021 78.8554 79.6865 89.2627 88.0127 88.9227 97.7246 101.045 105.243 107.758 114.926 119.207 127.584 140.559 148.415 152.15 160.877
158.709 151.384 144.397 134.436 128.949 124.403 116.872 106.146 103.309 98.2676 95.1797 88.4956 88.3889 81.2718 82.409 79.5065 76.4895 74.8659 67.1338 71.7307 70.5104 69.2945 66.714 62.7933 65.7062 64.1404 61.6359 60.225 61.0079 58.1614 60.2153 57.4852 56.7486 59.0659 52.7912 54.2556 53.7753 53.0825 53.9721 54.6431 54.9116 55.6106 52.7125 51.0618 52.7755 52.2462 51.0714 51.4441 53.4543 46.9696 47.0562 46.8953 49.2257 48.6999 46.7177 43.6508 48.8889 46.6923 42.741 46.8804 46.3319 43.5869 43.2466 47.2084 46.387 44.1879 39.1107 44.4862 40.0021 44.2631 40.9836 39.8184 35.5907 38.8028 36.4908 40.1132 35.7691 38.62 40.1456 41.7849 45.9698 36.923 41.9782 43.4426 43.8415 39.7135 42.0211 47.365 47.98 41.0527 46.7702 48.3658 47.4009 46.6818 45.9339 48.8862 47.1183 49.6937 45.766 49.7365 51.1047 50.4495 49.6709 48.1156 50.9043 52.7536 51.2787 52.7291 51.3181 51.9112 52.7247 51.5919 53.5085 50.8291 54.6081 53.5173 55.2467 58.7965 57.326 59.8103 58.9609 58.9329 59.2391 61.622 63.1327 65.128 69.906 69.277 68.9569 71.6651 70.2165 70.9749 73.9045 77.4395 78.8986 79.4173 84.665 87.2482 94.1475 92.0402 102.598 105.652 109.158 112.017 122.682 128.098 134.546 143.926 152.823 157.226
160.113 150.628 140.11 135.999 129.246 122.576 113.291 112.866 104.557 97.5452 97.849 90.2594 83.8535 82.3769 83.5552 76.3497 72.0884 77.4684 71.1788 69.5183 68.8548 65.1182 67.1519 64.0003 66.1738 63.033 61.8611 58.4175 60.526 59.1107 64.7287 56.089 54.4447 52.4587 53.6351 56.0033 53.2006 53.6063 56.2593 51.1949 53.3097 52.2577 50.855 53.8398 48.3534 50.873 48.7591 49.9752 49.9229 44.9837 47.6061 49.2594 48.2723 45.2433 43.2294 46.8885 47.5394 43.4719 45.0423 46.2043 44.9025 44.8449 48.0685 45.2045 46.5135 44.7024 41.5554 42.5867 43.8938 45.045 40.4565 37.7556 40.0319 40.4105 36.6829 35.9193 37.0137 37.2553 39.5974 40.3852 43.2006 42.0268 41.4814 42.1837 44.8944 47.4177 46.3999 41.9403 42.1413 43.0527 46.3512 39.9679 45.1802 45.7094 48.6473 48.6482 46.9228 47.7494 44.6213 49.3612 50.8171 48.1686 51.6212 49.6822 51.633 47.4627 52.2811 48.9592 56.317 54.442 53.9912 55.219 50.0797 55.5472 54.3536 56.3197 55.9051 55.4769 56.7236 56.5262 57.5881 59.081 58.8547 57.7459 62.6842 62.6355 64.2428 63.3954 71.0769 69.0774 72.3525 73.8354 72.696 74.4872 75.0669 79.1938 81.3204 81.0085 92.0426 92.6925 97.3144 105.007 105.596 115.741 120.308 127.385 136.747 144.561 151.128 157.075
159.775 148.289 143.938 134.7 126.519 116.489 113.632 107.203 100.688 96.7413 94.8942 89.3993 88.5185 78.3836 80.0516 78.4569 75.1322 73.752 70.5627 74.5177 64.6557 65.7965 62.4355 66.1009 61.7672 62.4615 55.2522 60.18 59.2342 57.4706 58.1695 61.6168 56.7401 53.5072 53.3142 52.2226 54.169 50.3328 52.7554 55.2587 54.7213 51.7149 48.6352 50.4572 50.7839 45.4506 50.1027 47.3135 49.297 47.6643 45.9564 45.8525 50.1621 49.2487 46.5069 47.5641 46.1133 48.3372 49.4288 42.8303 41.8418 48.4134 43.8662 44.0546 44.3683 44.7396 42.3012 39.3626 40.9526 40.9544 38.2265 36.9651 34.7597 37.0282 36.1362 36.0165 38.8205 39.3338 39.3375 38.4261 39.8555 43.0252 41.6162 43.5292 44.9577 44.3841 45.7448 44.7739 46.2052 46.6303 49.0584 46.2553 44.2727 47.5455 48.16 47.0972 46.5514 46.1551 50.4554 44.9744 47.5798 46.6851 47.8629 47.7488 51.9525 50.9306 51.5135 46.5486 51.1868 51.6602 51.4151 49.7462 52.5865 50.6243 54.0762 57.814 58.047 58.474 54.1876 58.0433 55.0332 56.199 55.9725 61.1518 57.4864 66.5409 62.3148 65.0985 63.2477 67.7781 66.1603 71.1976 74.4165 73.5505 76.582 76.7138 84.4753 86.844 85.4165 87.3044 96.0647 100.147 106.948 110.905 118.535 125.341 133.602 142.345 149.573 158.132
157.382 151.839 140.273 139.566 125.916 115.889 110.392 109.016 101.982 91.6722 88.7913 89.2745 83.8497 80.6231 80.4312 74.3198 72.241 76.8178 71.5745 71.1715 67.2077 66.2471 62.1955 66.2347 60.5349 57.3541 60.6437 58.3682 57.9357 58.8867 55.916 56.0001 55.2533 55.0289 51.8272 57.7122 54.0979 54.8437 49.4141 51.3106 52.2101 46.5876 48.931 50.5858 53.4142 51.408 48.3819 46.3709 44.1908 47.6485 47.9818 44.4133 47.5062 50.582 44.4878 44.3073 46.3269 48.5213 44.4563 44.6511 47.4871 45.1801 44.0724 46.3518 43.5444 42.2533 43.8566 42.4873 44.6263 43.807 40.0934 41.5945 36.0589 34.5712 35.3771 35.5118 39.2368 39.677 38.5493 39.6235 40.6692 39.0363 41.328 41.5133 46.4769 45.9994 42.9361 42.2018 45.4503 43.1156 45.1515 46.1436 47.1329 45.7998 46.7366 46.6497 44.8965 43.8958 47.4413 48.317 48.5223 48.0429 49.3998 47.5884 51.1425 46.7719 49.4342 47.3735 49.5058 52.6484 52.6436 52.8269 50.1847 54.244 52.1547 55.6258 51.0346 57.2281 56.2464 57.5976 56.0488 57.9538 58.9622 58.796 63.9572 60.2016 61.9233 65.1471 61.5805 65.9883 70.5002 72.6067 71.5707 73.6371 73.766 76.9038 84.2403 77.4166 88.9918 89.7644 99.6581 101.56 103.945 110.725 116.543 124.96 130.54 144.361 152.017 158.539
155.946 151.331 139.547 134.029 126.417 114.558 111.775 108.164 97.8087 93.0714 89.2461 87.0276 83.1797 80.2594 76.6677 72.5322 69.0838 71.0087 69.553 70.3206 65.4999 64.6715 66.2175 60.7578 63.1922 59.1057 60.637 58.7072 55.1636 57.382 58.29 56.1727 52.0558 51.0143 51.3667 52.6163 48.79 52.0538 50.1122 49.7922 51.3373 52.9363 49.3436 48.4778 45.9796 48.8027 46.7669 50.5569 47.0908 47.9095 45.8147 44.3099 46.599 48.1392 47.2891 46.7306 42.6117 45.7578 42.3958 43.396 44.4405 42.9435 40.8193 45.0029 43.8201 42.8424 42.0483 39.6855 42.7766 42.4311 36.9164 38.113 38.8335 34.8334 36.138 35.4096 37.47 37.8853 37.2796 38.0256 41.3189 38.6244 40.5533 44.2294 43.4039 43.4029 41.7459 45.0294 42.546 47.617 45.9237 44.0743 44.6103 43.7867 47.5571 47.4432 44.4974 46.4449 50.819 45.5369 49.5527 47.0476 45.6027 53.6126 46.5313 49.4634 48.6692 47.7151 52.5132 48.5622 54.1682 55.14 50.6747 53.3044 54.0593 52.2305 50.3841 51.7839 55.6505 55.8703 54.3567 57.2024 59.9146 57.489 61.0179 58.5403 64.0315 61.6245 64.8894 66.2744 66.8379 70.7486 73.1938 77.7063 76.1485 78.0145 82.5054 84.8553 87.4507 92.0054 97.6173 99.3881 110.15 115.248 119.087 128.566 135.957 140.839 145.3 159.457
159.095 149.571 140.805 133.059 125.774 117.428 107.314 104.155 95.8632 93.895 87.5839 87.6948 84.8463 86.1773 76.8251 77.6569 75.6181 71.7552 72.8936 71.3005 67.2228 64.9591 60.0799 65.1295 63.1633 60.3047 55.6866 58.9455 59.2803 57.2041 55.4013 55.6432 55.5041 54.1035 51.0645 55.5928 54.2548 52.3985 52.5406 51.2147 50.8769 50.6218 46.2467 47.1038 48.9187 50.6873 46.4 47.5111 47.4658 44.7675 46.1408 46.8749 45.9815 47.7521 45.923 45.6104 47.5192 43.617 43.1975 46.1408 42.9313 45.9694 42.7287 43.6069 46.047 41.9593 43.0372 41.1133 39.7965 41.3523 38.7851 37.9089 34.8627 39.4899 37.5882 38.0853 36.9167 41.3896 40.7796 38.7216 38.3324 38.8839 38.8829 43.4194 41.4199 44.0193 44.3873 39.6432 37.5459 41.9674 44.6586 42.288 43.9074 45.6548 43.7914 46.9808 44.0304 45.3029 46.7519 45.0256 44.7191 46.8507 46.6873 52.9188 45.9976 49.2081 45.066 46.9908 48.6193 49.795 52.4539 50.0652 55.2379 52.5981 50.7599 51.9609 53.2334 54.3869 53.4834 55.9105 51.3589 58.8326 54.4716 59.5787 58.2316 56.6203 62.8669 62.3173 60.5024 62.7055 64.9178 69.913 67.0161 71.119 73.2102 75.243 79.3277 82.4192 86.1904 91.0243 92.2716 96.2615 104.951 110.342 115.945 124.101 132.899 141.459 144.989 154.273
157.512 146.801 140.572 132.931 124.221 118.276 109.118 100.348 96.4196 97.052 84.8148 86.4532 82.0978 78.9399 77.5323 72.9657 74.8785 72.0725 66.7762 70.2229 65.3148 64.7683 62.4726 62.4291 61.038 61.2999 57.5023 56.1609 54.8299 59.2691 59.8891 54.0588 54.7077 51.9421 53.2194 50.2084 53.3218 51.1017 52.174 50.7622 45.8748 47.3052 52.058 49.5429 45.8717 44.5344 46.326 47.2514 43.3089 44.7041 46.9264 49.1206 45.9244 46.3405 42.7469 41.7853 45.2962 43.9537 46.0238 41.8423 43.1516 41.8278 44.7828 45.4349 41.7677 41.7253 39.1388 38.6616 37.7663 42.5047 39.1098 37.7042 35.9239 35.0224 35.511 37.4423 35.5658 36.4239 36.0419 39.3799 38.4484 40.9376 39.5259 45.6357 40.9325 38.1048 41.1198 43.8502 44.5561 43.6826 43.2168 44.8118 43.1826 44.4888 45.3572 43.8109 44.406 44.139 46.0517 44.6638 46.8601 46.71 49.4311 47.3983 47.6178 47.4294 46.8539 47.9138 49.9735 49.5678 48.6776 47.6529 51.6264 50.5635 51.5664 55.4509 52.2764 49.6112 54.4397 55.1145 55.4706 55.837 54.7398 57.2363 54.5173 60.8382 59.8581 59.4948 63.7881 63.8574 65.2444 66.1169 69.4125 75.1879 71.7578 80.625 74.1995 82.6319 86.594 92.6158 91.7205 99.0569 104.653 114.346 117.065 124.715 130.891 141.018 153.593 155.404
157.982 149.049 139.873 131.055 125.73 117.076 110.707 100.888 99.0873 88.4625 86.4122 87.1459 82.4976 76.9149 76.709 69.5815 70.5147 72.463 64.7017 62.8468 67.5153 62.4837 61.4941 59.2815 63.0093 57.2312 59.3038 56.4604 60.0332 54.2106 56.6218 54.8933 51.8684 50.7482 54.0534 48.8987 54.7903 51.3067 48.2213 52.8558 50.3256 47.4589 49.163 45.2993 48.1639 49.9084 43.9966 46.1126 46.8675 43.7004 45.6625 47.6607 46.9015 42.9837 46.428 43.1514 42.456 44.829 43.9446 41.5068 42.3116 42.1353 45.0573 43.9849 40.4366 41.9007 44.5328 40.1361 41.2127 40.204 40.0437 38.3768 37.2439 37.8034 37.487 34.0799 35.5716 34.1924 36.266 38.2175 37.4318 40.0724 41.2902 43.4562 46.514 43.4307 48.5716 42.9529 45.8738 41.1065 42.1173 43.6345 42.5845 44.5147 43.1875 47.0756 42.6694 45.3121 45.4544 46.3505 51.4426 47.4016 50.1558 50.3564 49.0346 49.2076 48.2499 48.9337 47.5566 50.9914 47.1733 50.8417 51.8153 50.0156 49.7714 50.3288 54.8349 55.2362 57.5901 53.1955 54.9644 54.7967 56.5581 60.1563 56.8522 60.1585 58.5839 61.4995 62.5368 66.2359 66.565 69.4158 71.2887 71.1804 72.6945 77.742 78.1009 81.4167 84.946 89.9797 90.5031 93.6141 103.559 106.614 116.503 126.224 129.353 139.05 145.132 155.343
152.706 144.413 139.358 131.539 118.957 114.67 107.876 99.6068 99.1148 95.5099 83.9363 87.9832 79.2603 76.6034 74.015 68.8155 69.7951 68.2919 68.9221 65.0418 61.7797 62.3054 60.0556 58.4196 59.9261 59.0063 57.9625 56.4365 59.7715 53.8688 53.7752 52.5322 54.4859 54.6111 49.6478 53.7632 51.3066 51.0497 52.4614 50.3944 51.2913 50.3574 46.624 49.0524 50.3923 45.9154 48.9947 47.9998 42.8329 47.4328 52.1621 46.1233 43.8844 47.2804 43.3108 45.1328 47.2564 42.6914 43.6068 41.1197 43.9758 45.1328 42.944 40.5211 41.5692 44.9728 43.4675 36.0758 38.3126 38.6086 40.0998 37.1055 34.2918 34.5607 35.2823 36.4927 39.0647 35.6121 37.604 39.7287 38.5499 42.8068 41.3613 41.6857 40.2087 42.9788 45.3658 42.5989 43.4033 42.8133 40.9673 44.3742 43.0985 43.0332 44.4166 45.6455 44.2555 44.3198 46.0482 47.1258 46.3062 46.5511 44.852 50.9996 46.7797 48.9457 50.3912 47.7049 46.7089 48.3525 45.8414 50.5359 47.4088 52.0935 51.1172 52.2176 56.2046 52.1675 55.7083 50.6535 57.6882 56.1197 59.4896 56.5453 56.3712 61.9266 61.2072 62.1617 63.4331 64.1721 65.7591 68.4008 70.668 70.7029 75.9307 71.972 76.8777 80.3629 84.6024 92.0366 92.6146 100.775 101.217 108.926 111.638 120.402 130.03 136.993 148.489 158.012
156.193 146.133 138.24 130.247 121.134 116.757 108.343 99.7919 97.8816 89.8914 87.8919 80.3579 79.3342 79.2282 73.775 71.6785 68.9274 64.421 66.1228 66.2309 65.3355 60.0116 61.3677 59.2031 59.0069 56.345 58.495 54.5574 56.7576 54.6298 55.4863 55.8063 52.5634 54.593 51.6746 50.6465 51.5063 45.6494 45.9405 48.7696 50.5539 52.4162 47.6165 47.8875 47.282 48.0526 46.1022 45.7821 45.849 47.8396 44.5008 47.1381 46.0687 43.6421 45.3806 41.8322 45.3907 43.6399 45.5379 39.8929 48.425 40.9902 39.9252 41.8645 39.2271 37.7618 38.9049 39.4636 40.0836 42.479 37.2009 35.3653 36.1225 32.7313 35.4791 36.7872 35.6252 35.759 37.4172 37.2031 39.9832 42.0998 42.7377 38.1544 37.3548 41.0136 43.8317 42.1723 40.6267 43.0187 42.9061 43.6923 43.2306 44.8376 43.564 45.4375 44.1495 44.4673 44.7952 42.8079 46.9932 46.8493 47.4058 46.8248 45.4743 50.1045 47.0991 47.0199 45.3929 51.4594 48.8455 50.9587 50.3353 52.1776 49.4744 51.523 48.9994 50.8338 50.2818 57.3185 57.2873 55.8788 55.2042 58.8987 55.7138 60.1566 58.4682 63.4096 62.5063 63.9259 69.1527 62.4561 69.4225 67.9539 72.2997 75.1311 74.6962 80.3222 78.7989 89.7833 90.9587 97.0765 101.361 107.177 115.713 123.046 130.903 139.156 144.761 157.254
154.763 151.131 134.859 130.235 120.946 114.968 105.898 98.969 93.5987 91.5262 86.2393 83.911 78.1308 78.7645 77.6044 71.3218 68.5424 68.1816 66.4539 66.4322 64.5573 61.2869 62.5784 60.2981 59.171 59.7169 57.69 54.6058 53.6695 52.0674 54.1296 57.0586 47.9075 50.9758 54.0063 50.5921 51.9395 48.3266 49.5484 48.9444 48.5675 50.1068 46.3306 47.4622 46.0748 46.173 45.537 49.714 48.3141 46.6606 46.4699 43.4074 44.6372 44.9398 43.8676 44.507 43.3115 43.243 42.9495 43.2624 42.9826 38.688 44.0914 43.1459 37.2938 45.6329 38.9095 42.6001 40.4511 37.0026 36.1485 37.1305 33.2846 33.6443 35.6049 36.3049 34.6115 34.4927 37.6809 36.0628 36.4967 41.9549 38.8958 41.2218 42.4357 40.8153 39.7968 42.31 43.2201 42.2233 44.016 43.5102 43.0157 45.2276 45.2093 43.7134 41.5667 43.3457 47.8961 43.1596 45.4148 48.5596 45.3269 47.3537 45.7414 48.4614 47.871 48.4579 48.6578 48.418 49.7745 48.9855 49.3178 47.7831 55.911 49.9412 52.2855 55.2453 53.9093 51.549 56.5424 52.426 56.1542 58.261 54.7965 61.8841 58.7177 63.3537 62.7565 61.8556 63.9018 64.8313 67.6746 70.2324 73.2504 73.3463 78.5601 79.2521 83.7842 87.0751 95.9886 98.8319 98.7463 106.389 112.949 121.574 126.631 138.324 148.53 155.136
158.328 147.399 138.882 129.035 121.987 112.77 103.996 101.402 94.0704 88.0276 85.7465 84.3138 79.2082 77.8129 76.3838 68.1627 69.3173 67.3097 63.0431 65.1524 66.4133 57.6337 64.1241 62.3548 58.5254 57.8102 54.3067 54.1279 53.5775 55.2066 55.196 52.3108 50.8127 51.0148 52.1893 50.3885 54.2752 53.9036 49.9958 52.3529 51.3911 50.1431 47.0919 49.9245 45.9817 49.9935 46.9984 47.8152 46.4912 46.1885 48.8751 44.9849 45.5049 43.703 44.417 46.074 43.6971 42.2609 47.4904 43.0929 44.8026 42.2668 45.8812 42.4689 44.7442 40.1294 40.3281 42.4233 39.6807 38.7329 39.0858 38.7575 34.3718 36.5044 37.035 33.6379 36.8013 34.1731 34.5015 41.5457 37.5106 38.7972 39.5369 39.856 41.839 41.1835 43.3944 41.7012 42.4748 42.4514 40.092 43.7719 41.09 42.5472 43.2788 46.1032 44.2066 47.6528 43.9893 42.0249 49.5073 42.317 43.6328 45.1415 44.972 48.597 43.4096 49.3776 47.7159 48.4988 47.4541 50.829 53.5483 50.2132 50.2085 53.4128 52.3435 52.7373 51.5325 53.1557 56.3635 56.7234 54.7765 56.0351 55.2521 58.4143 65.3967 60.1731 64.2526 64.3356 63.7747 64.8264 67.9442 65.3359 71.0339 74.0326 77.6809 77.7662 80.1536 85.1073 92.5746 97.7409 102.418 105.732 109.982 117.958 132.454 134.857 147.792 157.24
153.996 148.797 138.617 126.041 117.915 113.001 107.099 96.2493 92.5008 89.4265 87.6862 78.3951 75.3447 76.1862 76.2065 72.0014 68.4107 67.5071 63.1908 62.9709 63.1096 56.3334 59.9563 58.3403 61.1289 54.8859 56.8414 52.8873 55.9401 53.9834 54.3707 50.9844 54.2153 55.5792 53.4384 53.5926 51.8964 50.5374 49.9433 46.3323 46.8499 48.3751 48.7576 47.6806 48.5687 47.671 44.843 46.2295 46.5498 49.4532 47.1355 44.3983 46.165 44.3983 44.6517 45.7621 43.4982 44.5441 41.5021 41.7913 42.8958 46.6395 41.3503 41.9647 40.2279 42.7631 39.0003 40.663 39.543 39.7378 34.6984 39.3458 36.0826 36.122 36.6372 34.2036 35.7575 32.9664 36.9229 39.0254 39.5406 40.6032 41.2272 43.0225 42.536 42.0149 39.7414 44.1736 40.6439 42.9615 43.6453 40.3785 42.8325 45.5063 43.6476 45.4322 47.4846 45.3641 44.2943 50.2445 47.3184 46.9443 44.1545 49.8656 49.1616 47.0304 46.5486 48.0272 50.9593 45.5398 48.9345 46.753 47.5921 45.6629 50.3091 53.32 49.6445 53.2352 51.5605 52.1534 52.7415 52.4953 56.1075 53.7826 58.9822 58.3032 61.0094 62.341 59.8715 63.4658 66.7122 64.318 67.4569 64.9874 72.2536 72.4532 71.9369 79.3131 81.2913 83.5337 90.2023 94.3643 98.4415 102.992 110.8 116.479 132.117 137.059 146.605 155.535
156.509 144.48 137.199 123.861 116.042 115.053 101.789 99.2055 95.4796 86.8253 82.9112 79.8842 74.3962 72.4165 65.5732 69.6218 70.6458 69.6707 63.5948 64.0848 59.231 62.66 58.565 59.0208 53.3995 56.8065 55.4635 53.848 52.0284 56.8004 52.2289 53.1796 50.2309 52.0847 50.7575 49.3449 48.5029 48.25 47.1147 47.5302 53.5975 49.8533 45.5334 45.9196 47.8577 46.5465 43.0271 46.4316 46.5795 45.8463 44.3481 41.3981 43.7896 44.5021 45.5151 44.9371 43.0784 44.1025 44.1672 40.1859 44.4349 41.4788 41.6902 39.7704 42.4882 37.6062 42.3709 41.1929 41.8454 42.4112 39.0751 37.6405 34.231 35.7243 35.8759 33.7642 35.4873 35.2636 37.2629 38.4213 39.4466 41.1647 39.3195 40.7737 42.4809 41.557 40.1664 40.2678 41.9199 44.9786 42.1424 41.9371 43.0589 46.7432 44.8931 42.9 44.0181 45.1436 42.6006 46.2532 47.5265 47.8406 48.0642 46.5954 47.5962 45.7595 47.898 50.8235 49.3046 51.6484 49.6406 50.0085 53.0415 48.509 51.5592 54.6924 50.562 51.6924 51.0398 53.6061 54.3148 55.4366 58.4623 58.6102 60.9467 60.3614 58.9475 58.8681 62.2384 59.8188 64.7655 66.4323 65.924 70.9892 69.667 74.142 77.3718 77.1983 82.1975 82.0167 87.3923 93.4449 97.447 104.997 109.562 121.482 130.847 136.545 146.143 155.928
157.023 148.451 140.784 131.179 119.384 112.318 104.139 98.0636 93.3434 87.2921 87.673 78.5897 76.6555 76.9214 70.7765 69.258 70.6229 68.0705 64.7888 60.8179 62.5586 61.7282 55.8655 57.329 59.3032 54.5643 57.279 52.9447 52.1842 55.13 52.8435 54.7753 51.2614 51.7497 50.0239 51.5561 46.6561 49.7804 51.139 42.589 50.6558 47.017 48.2607 49.9278 46.073 46.3951 45.0627 45.1551 44.6344 46.259 44.9541 46.1017 42.9474 45.4186 44.3522 46.9321 44.0038 43.774 44.2598 41.5775 40.109 42.8013 41.6387 47.2542 45.7158 41.6612 42.9374 42.9274 38.5619 39.0539 38.221 37.5941 40.8895 32.2146 35.6773 33.9029 33.4234 34.3112 38.4495 38.1548 39.0214 44.3435 44.5021 40.0653 43.3844 46.6461 45.9443 42.3867 43.2983 45.5223 45.3524 43.0748 46.8572 44.4683 47.6389 45.546 43.5917 44.7431 44.9503 46.1241 47.6763 44.09 46.3464 44.9578 43.1984 45.1114 48.6228 48.7652 47.8911 44.7256 49.7904 49.8953 50.4073 49.7542 49.5032 50.893 49.1511 51.8695 50.1937 55.6844 52.8885 55.0588 54.603 54.2983 56.0365 59.9812 60.7842 61.7245 62.0441 59.5966 64.8625 66.873 64.7726 70.6753 68.5163 71.1523 72.9955 80.3892 77.5471 85.1418 84.2602 94.0614 95.1091 103.928 111.151 115.839 125.965 133.487 143.762 155.313
155.228 144.516 137.204 125.522 117.109 113 103.551 99.7659 92.3071 86.3228 83.0781 79.9533 77.6843 73.909 70.8505 70.7497 69.8467 67.4145 62.9428 62.9453 61.4314 59.3652 60.4774 59.1943 56.9023 55.2302 59.957 53.3655 51.5072 55.521 51.6118 50.8529 52.0671 52.4714 52.1462 51.3963 49.5061 50.6195 48.5176 48.2549 47.4194 47.2855 48.135 45.8621 45.9795 47.3187 46.4399 44.3622 46.9526 47.5699 47.6337 48.2842 49.64 43.9056 44.088 44.1454 44.8647 42.5205 42.6595 44.1824 44.3584 42.1085 40.1979 42.5294 44.2768 42.2884 42.4223 39.411 43.5396 43.4018 37.9149 37.3677 36.665 35.702 36.6586 36.3066 35.6561 36.2351 34.4572 40.8918 38.4327 39.7311 39.5691 43.2794 45.2091 43.6263 43.8839 41.4389 41.6213 43.3878 43.4044 46.0853 42.9899 41.7106 43.9337 44.6568 47.3633 43.236 46.2703 46.6644 46.3851 45.4872 41.319 47.5623 48.2702 49.2573 49.5686 48.2931 48.501 47.6146 47.2179 46.885 52.3477 52.5875 48.5265 50.8733 54.9101 52.8209 50.0851 52.8605 54.4854 52.2253 54.8438 55.192 56.9584 57.0056 59.3065 63.5065 62.6915 65.3074 61.9888 65.0715 67.2206 68.2652 72.5137 70.9449 77.1652 78.5005 78.7773 84.3471 83.536 92.4615 96.7699 103.874 111.649 116.891 126.711 136.922 146.683 155.39
156.553 145.868 138.114 125.488 119.692 106.525 100.652 98.6781 92.6387 89.0487 84.6305 79.3932 73.518 74.6144 75.5441 69.3654 64.1373 67.6557 62.964 61.589 66.3106 61.7257 62.171 59.5941 56.4898 55.5926 57.2398 53.4701 54.8582 55.2241 55.1186 57.2528 60.0733 51.582 54.0782 47.2068 49.5858 51.0806 48.255 47.4945 45.1507 49.7941 50.8046 49.966 45.3173 46.3109 49.6639 48.3592 41.2338 47.1052 46.9242 49.4595 44.6103 46.8174 44.2939 43.7118 47.0258 40.4655 44.6064 41.3575 43.7326 41.6153 43.411 43.1115 43.2157 39.4863 44.5543 43.9019 40.9187 41.6596 41.4604 40.1973 37.6711 35.632 35.046 34.3559 35.6867 35.6346 37.1985 39.4264 40.4721 38.6035 41.3796 40.1153 42.045 42.6805 42.5334 43.3459 45.6351 44.0165 42.8172 44.7835 47.3773 46.3877 45.3421 40.7221 47.9281 50.1574 49.2863 48.354 44.6858 46.4789 47.9998 45.2653 43.2131 45.5999 49.8332 51.2564 48.7394 53.3881 48.3956 48.5206 50.8788 51.983 50.0142 50.4934 49.9842 54.6889 49.6587 51.0663 53.5274 53.4883 51.8697 55.0301 56.2059 61.4197 61.4288 55.7488 60.2321 61.7049 62.0239 67.2169 64.0305 67.6127 71.6129 72.3213 73.7628 77.0884 81.6746 78.4961 83.607 93.0254 94.687 100.847 109.794 118.623 126.393 138.517 145.541 154.493
153.051 142.932 136.312 129.325 117.912 110.968 101.449 97.0732 93.9703 89.8003 85.2476 78.6538 79.6903 75.0672 71.6534 69.2003 67.2642 66.7087 66.1572 66.7858 67.0768 56.8008 64.9732 58.5296 57.3722 58.0632 56.9443 53.7803 53.3191 54.6334 54.5895 53.3271 51.5079 52.6414 48.9259 49.5279 50.0967 49.9159 51.3152 49.5864 49.6262 47.6449 48.7758 50.9338 50.4501 46.1686 44.5846 47.6981 48.2615 48.4927 48.5658 49.5625 44.5819 44.5646 45.233 45.5174 44.5022 46.1752 45.1653 41.2584 45.3633 42.8703 41.887 40.186 48.0794 42.8677 46.9473 41.4936 40.9421 42.0385 37.422 36.4572 38.6764 37.0898 34.8653 36.6632 33.4514 35.4699 36.3616 39.5495 36.9901 39.2439 42.5022 43.071 45.6915 42.9567 46.0955 44.7799 45.4257 46.635 43.7832 41.5122 43.8696 45.1945 45.5719 46.2669 49.3618 44.1022 47.9386 50.4581 46.2961 48.1738 49.0668 46.8237 45.4629 47.6848 45.0882 49.5611 48.607 51.2873 48.0755 49.7817 47.7273 46.5739 53.2221 53.9796 53.8268 54.9191 52.5697 55.7523 54.0327 55.545 61.6684 58.3409 58.1416 59.6658 57.9569 61.0863 58.0246 61.1182 62.2703 68.2037 69.7266 67.9592 68.2954 69.8794 73.0407 75.6254 78.7017 81.6238 87.1187 91.2886 94.6161 101.157 110.358 121.389 131.003 136.185 143.256 155.975
156.623 144.502 136.402 125.507 117.852 108.017 103.166 96.8623 88.615 86.7687 85.2884 77.9941 78.1446 74.1768 74.2419 71.8954 69.107 65.3466 61.7245 62.4213 62.4606 62.2451 60.9329 57.4735 60.3758 59.0378 59.6207 55.066 55.108 56.1545 54.4885 53.5491 55.0131 54.5563 52.1258 53.0218 48.017 49.1571 51.3775 49.7901 48.9917 49.0066 49.4607 49.2926 47.4531 47.1278 46.6628 49.2397 45.7641 47.4111 46.5205 47.4775 45.0063 44.132 48.4481 45.5567 47.3962 47.5399 43.8839 44.4912 44.3502 42.3995 44.9046 43.9015 40.3242 46.9678 41.9536 43.0312 40.3472 40.0788 39.0323 36.736 38.6216 35.8182 36.5069 40.3553 37.7174 39.5962 35.9863 40.4977 38.505 43.2183 42.7181 40.5858 43.2671 47.9777 45.1378 40.0991 42.3128 44.1916 44.3095 43.9883 45.5892 45.1405 48.196 45.8318 45.0307 46.2683 45.2652 45.0131 45.6122 46.8038 47.6442 46.3808 47.9289 48.4576 48.6474 48.2651 52.1732 51.9848 53.1451 48.9673 49.6803 55.8278 53.6033 51.0047 50.4204 51.4968 51.0332 54.4424 60.1955 53.2197 54.7501 55.7356 53.9707 55.9498 58.4048 57.4369 59.5611 58.5132 62.0797 65.2707 66.3037 68.1391 74.2446 69.9908 75.3535 76.259 81.8304 81.9388 86.9043 90.7229 97.6729 102.19 107.935 114.912 127.379 136.515 142.858 155.302
155.92 147.767 136.907 123.501 115.347 107.937 99.4358 93.2791 89.9727 90.9127 82.8789 77.3013 79.4757 68.7215 70.4204 75.5555 70.2268 67.1305 66.4601 63.9554 62.7183 62.0755 62.2428 55.4779 58.8465 59.6717 58.1443 57.6591 54.5269 52.3014 54.2117 55.0701 50.7145 54.6927 52.4286 51.5149 54.1288 49.3903 52.4479 48.5333 50.0994 50.4298 52.3802 48.6494 48.7323 46.887 43.3981 45.6678 48.3384 44.8689 50.3081 47.2934 43.8335 44.9145 46.6548 47.7938 47.5256 46.1032 45.6429 44.2966 46.135 44.2703 44.7901 43.9566 41.8679 44.7141 45.3181 41.0399 45.079 42.1983 41.174 36.9525 38.5823 37.652 38.0791 38.755 36.0001 37.9713 42.613 43.5142 38.0473 47.3321 41.1063 43.7838 43.3622 48.9162 45.6333 47.4648 45.5255 42.7581 44.6076 48.543 43.6843 47.339 51.2522 48.2499 46.0452 47.3722 46.9077 47.1303 45.5282 49.9239 51.3214 46.594 45.2131 51.1762 44.5136 50.5321 47.4219 51.6573 47.2575 52.7658 53.251 51.2771 48.9535 54.2407 55.153 50.727 55.0618 52.4203 55.5885 53.287 54.9429 55.1171 54.2822 60.349 59.0566 62.7445 59.3372 66.6357 65.5188 68.358 66.814 68.9551 70.8115 72.7191 76.8023 78.3298 77.5985 86.8405 86.394 91.9964 96.9436 102.267 109.123 114.338 127.778 137.497 144.824 155.373
154.507 144.895 136.436 122.516 117.495 107.184 101.333 94.4871 87.5985 88.7919 82.622 79.8237 77.1382 72.845 74.9021 73.4748 71.4951 66.7482 67.2273 60.9587 63.9556 63.3413 57.8857 59.0157 59.3806 58.4028 61.6308 53.7376 56.7627 58.0604 54.2589 54.6661 54.7493 53.9461 50.4645 53.1585 49.2936 50.2165 49.0654 51.7143 52.4794 51.2958 48.2397 49.4275 49.4458 50.1052 49.9826 43.235 46.3009 48.9217 49.0809 52.3455 50.387 46.4855 48.5877 49.0132 48.9752 50.1728 48.4849 47.3859 49.5374 46.2572 44.1874 45.0427 46.7391 48.4567 42.6249 46.7039 42.8207 45.688 38.1823 42.6925 38.8459 38.6106 37.0692 37.9681 34.6443 38.7008 39.914 40.6325 41.5921 43.4759 46.9787 48.7991 46.0487 45.3907 46.0403 43.7957 42.5093 45.7134 45.1484 42.9306 44.2861 44.3734 47.3661 50.3377 44.031 49.1626 48.0382 51.1112 51.2817 46.4982 50.132 49.9939 49.984 48.6737 46.2544 48.8174 52.4639 52.2342 52.8401 51.1295 46.3784 48.5877 48.978 50.9281 53.4558 51.9848 54.7901 52.7865 54.49 54.6605 57.1192 59.7949 57.9068 59.9456 64.3163 61.3236 63.6217 63.1525 69.7001 70.3355 65.6309 68.0783 72.1715 74.8626 69.7832 74.7415 78.2118 81.7216 84.1986 95.107 99.01 102.981 107.3 117.65 121.922 138.222 141.79 152.748
155.505 143.866 137.418 123.735 112.989 113.099 101.435 98.4463 88.5227 85.2708 78.9164 78.8101 76.0163 75.2769 73.6387 72.0092 72.7084 66.1314 65.9864 67 61.7985 61.9291 63.3849 61.5228 59.5975 57.7082 56.6816 56.4505 55.6106 54.9372 56.6127 55.7728 56.3385 55.8791 54.9516 53.7384 55.4125 50.9058 52.9373 53.0479 50.4248 48.155 52.2668 51.6121 48.2698 49.8836 50.6115 46.9533 49.3882 48.01 49.2777 50.1721 49.918 47.1241 48.5699 50.7134 46.8198 44.9691 47.6999 44.9132 44.0273 46.5168 45.8535 45.0208 46.7724 43.9455 49.1341 45.9555 44.1106 43.3224 47.5347 39.2924 36.8761 43.0281 38.1251 38.7339 39.8308 40.4682 43.0668 41.298 42.0963 41.1444 42.2944 47.7587 42.873 45.9024 47.5936 48.6503 48.6776 43.9168 46.9748 47.3108 47.5979 50.5583 47.4945 48.8068 49.4715 49.4844 46.9777 51.2216 51.3465 44.7882 51.5102 51.6523 51.0364 52.7621 52.9115 49.4715 51.7902 51.7284 50.4306 53.5862 55.981 54.307 51.414 50.6689 54.0514 56.8984 55.6106 55.7857 58.2351 58.94 59.3463 57.8761 59.1367 59.7253 59.2788 61.9105 61.8057 61.6061 64.2291 65.2399 67.0905 72.7385 72.9912 72.9783 74.9323 77.9056 81.8567 86.54 83.7174 91.6597 97.9409 102.926 106.403 117.234 125.999 133.388 143.558 154.567
157.651 146.101 133.633 125.11 117.125 108.541 102.042 96.5005 93.153 89.5145 83.7511 76.6964 80.0878 74.6505 72.9029 70.4797 69.1577 71.8353 67.6645 66.0661 65.2998 62.3545 65.0863 61.072 63.735 63.6487 54.0143 57.7377 58.4718 55.2004 56.0149 56.9553 55.6756 57.4847 52.7274 52.6207 53.8622 50.3364 52.6484 53.8637 52.7201 52.2156 52.5081 53.2846 49.7587 50.6113 53.0418 52.2536 49.5949 53.6253 51.1071 50.8614 49.9664 48.754 52.2624 46.7549 49.1811 47.5973 49.6373 47.2916 48.0257 44.9839 49.4297 48.131 48.1135 44.9459 46.847 47.3794 42.7537 45.3481 44.4604 45.0907 40.9155 39.9357 38.6268 38.8111 37.7903 38.4879 47.451 43.15 43.2846 41.5019 46.7739 46.5414 51.5692 46.5809 48.7453 48.2261 48.3343 46.1422 45.1506 47.0547 48.893 51.1656 52.9877 52.4349 46.0003 50.1112 49.9956 49.32 47.8269 52.2477 49.0977 52.5227 48.2861 51.0295 52.0679 53.3153 53.0535 54.7221 58.0214 56.2182 54.0158 57.2126 52.2697 54.7938 53.4513 56.4229 54.3624 60.4417 58.6868 57.5007 56.088 59.8582 63.2085 61.2621 59.0451 64.4414 69.6666 66.0778 67.5812 62.0723 71.4493 71.6774 70.2793 70.8511 78.8725 76.4478 84.9064 83.6107 86.8193 91.6847 100.301 100.389 111.514 114.697 124.493 137.369 143.526 154.687
158.516 144.459 136.766 125.91 117.442 107.493 104.803 95.5543 95.6705 90.4362 81.491 79.7368 76.9804 77.1815 76.3386 71.3173 69.7314 65.3355 68.5505 63.8746 62.5612 64.7696 61.0527 61.9805 62.3736 62.941 60.8189 55.4819 61.3461 56.0642 57.2138 61.5159 53.6607 55.811 54.0538 58.2442 54.6078 56.499 55.6338 54.581 51.8663 54.1313 56.2086 53.3644 50.8626 52.456 46.8614 49.783 52.2282 52.2356 54.1968 52.4843 52.3116 53.4061 49.8605 54.441 54.4217 49.5597 47.7042 45.9009 55.2064 45.7802 47.7519 51.7025 49.2812 49.1204 48.83 48.7794 47.8754 51.3645 43.8414 42.7588 42.8899 40.7768 40.3583 39.0285 42.9479 40.6681 41.0016 43.3068 44.4475 45.5092 47.1592 47.0162 49.5224 48.4026 49.8545 51.4419 49.0221 46.9045 50.9148 49.6103 50.6393 48.6275 51.2066 50.5633 47.8308 49.5463 52.7032 55.4492 52.2743 52.5051 47.7355 51.1515 51.1396 51.9944 52.6526 57.5235 55.0143 52.5171 55.2154 52.0569 53.2482 53.5252 57.2361 56.1088 57.3657 57.5578 58.2859 61.0929 55.9331 58.2204 61.6946 59.0573 59.2509 60.4467 59.5249 64.7741 63.4115 65.0183 70.9301 67.1373 68.954 74.4415 75.8696 73.4646 73.28 80.9668 84.6867 83.3375 89.1556 92.8665 95.5409 103.849 106.526 116.368 126.598 136.793 145.217 154.195
158.974 147.909 133.568 128.945 117.136 108.129 101.507 99.3905 93.8911 89.8771 87.7731 81.4597 81.3657 73.6531 72.4829 77.0046 74.9552 71.584 67.946 66.7363 65.1356 67.5352 66.2255 64.7839 65.7086 64.7885 62.4541 64.2322 61.8402 59.7089 60.3031 62.5481 57.1729 58.0081 58.3128 54.649 57.4761 56.565 53.1741 57.5503 56.6924 52.5905 57.2169 55.7738 53.9366 56.4135 53.3121 52.6693 53.7395 54.0806 53.6122 50.5593 53.9047 49.6452 50.3728 52.0888 52.2313 52.5041 54.1943 51.8811 49.9999 49.7362 48.5205 52.3268 48.9404 48.3628 48.7145 50.288 47.7944 46.1012 47.3685 47.082 44.0336 41.0231 45.272 41.5097 44.9689 44.5778 45.3494 45.0386 50.5744 46.0497 51.3278 46.1588 47.035 49.433 53.4333 52.7527 52.9058 52.7163 49.2754 47.0698 52.8861 52.0478 52.0145 55.0386 52.442 55.0932 55.5919 51.2551 49.1829 56.7485 53.6637 57.57 52.921 52.1919 54.6066 50.9625 55.5737 53.5046 55.9208 54.9598 55.9178 55.8086 60.2728 58.331 57.9111 57.5276 59.9893 59.5528 63.5288 58.0854 57.4351 64.7248 61.7613 63.4121 62.4056 61.7704 69.0586 64.9128 68.8418 70.2985 72.1918 70.4592 74.0624 76.0496 73.3363 74.3474 81.0837 80.9746 89.6634 92.4859 99.7134 99.9817 107.628 116.751 123.503 135.183 145.796 155.411
155.848 143.474 131.664 127.148 118.398 110.016 100.54 102.723 99.7166 88.908 86.6589 88.4714 81.1474 77.3959 76.4334 76.9455 76.7419 74.6564 69.6554 66.9328 67.9185 63.604 63.1829 65.8947 61.5925 62.2219 66.5549 62.589 60.4387 64.6267 63.6456 59.7306 57.7469 59.0241 56.7998 56.7103 58.1171 58.0122 56.8754 57.2363 55.7539 56.2969 59.3481 56.9834 52.8925 54.4736 54.5893 58.401 52.3094 57.8935 56.0902 54.5369 52.513 51.5628 53.8628 51.9084 52.0518 51.5875 50.335 53.3661 53.7471 50.4213 53.6422 50.3643 51.6816 53.8412 50.3164 49.2629 49.9185 47.563 42.3831 48.0489 48.4515 42.0021 39.2888 38.5483 42.09 43.0202 47.5352 46.5835 50.7653 49.5807 50.8702 50.9489 50.9597 49.8768 49.4403 52.0657 55.7617 50.6728 49.792 54.2237 50.77 55.3513 51.9269 53.9198 57.0019 51.5644 57.7778 54.2762 56.3293 57.8009 54.1728 55.9792 58.9948 55.9576 56.1427 56.5406 57.2548 58.2066 56.5422 54.8577 58.401 56.2614 58.04 57.3968 62.2573 59.9759 62.7911 58.5984 59.1691 63.6441 60.3045 61.1236 67.4557 61.9334 66.7986 68.4198 68.645 67.8738 70.6781 72.9148 68.824 72.1034 76.3562 80.1324 78.6762 80.2558 84.5703 87.023 94.2668 94.3054 94.9054 102.37 111.199 115.673 123.042 136.269 146.912 156.874
154.921 142.613 135.082 126.17 118.059 109.724 102.401 99.8145 93.2094 89.6221 90.391 81.8856 85.4008 81.5153 75.6965 76.5549 75.6839 71.0342 72.9675 71.6337 72.5846 70.5603 67.2319 69.5685 69.6407 65.1809 64.2001 66.9777 62.0047 57.074 62.3954 62.2997 61.2969 59.7999 57.5087 58.7108 58.7171 59.9458 58.8379 61.1902 54.3734 59.0027 55.2082 58.6323 54.5036 59.2082 57.5699 57.2012 58.6559 53.1886 53.9198 55.1548 56.1325 57.2733 53.5966 55.974 53.3329 52.1968 55.0999 56.5735 53.6138 53.4616 52.1827 51.8955 53.7394 51.0371 50.0014 57.3079 50.1866 53.7708 50.7782 45.8805 45.4521 46.8346 48.3411 46.7499 47.6334 46.8864 49.0096 47.8091 51.3635 54.5758 49.7017 53.3549 53.4302 54.3027 56.4871 54.7311 54.1788 58.7265 52.1073 52.3113 55.9913 53.1148 54.5413 56.9407 59.2726 52.5326 52.5216 57.854 55.7967 56.8026 55.0623 55.4357 56.3569 52.7884 57.4036 60.7806 55.8673 59.3165 55.2929 57.9246 58.8426 62.2338 62.7155 60.6049 61.9058 62.0721 61.7834 60.8622 65.0177 64.1451 66.1773 63.1173 64.5296 65.6391 64.7964 67.665 72.1405 69.6784 72.3712 68.9942 69.5811 78.0912 80.7118 78.4647 81.9406 80.467 83.7939 91.1568 87.7343 96.723 95.6669 104.174 113.638 114.782 129.836 139.677 145.692 156.065
157.039 144.151 135.136 126.778 118.351 109.771 106.472 101.327 94.6348 93.1649 87.911 83.0161 84.162 83.2587 85.4245 77.2164 75.796 75.4496 69.9212 73.8505 72.6599 72.7572 70.7782 66.5537 68.8279 66.1276 67.7491 66.742 63.9475 63.7671 69.8589 62.1296 62.5111 64.1246 60.3358 60.0277 58.6967 60.3517 60.3054 55.8463 60.6071 59.7373 59.7692 61.8296 59.75 61.3891 57.5173 59.4516 59.8857 59.8985 59.134 61.4817 58.1062 58.4685 59.4101 58.5866 58.5355 56.298 54.1769 55.1105 57.3114 61.4386 57.4566 56.3921 54.4514 54.86 55.9548 55.5159 57.1518 52.4676 55.2318 52.7852 50.7727 51.3329 50.6115 48.8065 52.2202 47.5776 53.8418 57.6178 53.9359 56.448 57.2922 55.1377 54.3381 56.025 54.6334 56.0218 60.3278 54.5137 58.9696 56.6124 58.3248 56.1431 61.3301 58.2371 60.9103 55.4585 56.6634 57.1151 57.8333 60.3166 54.6908 59.2106 58.2993 57.1374 60.2975 61.5327 51.5962 60.1251 60.7076 61.2279 61.0875 62.9484 62.2286 64.0656 62.8973 63.1989 64.9944 63.0505 67.4825 69.8781 67.2144 68.0746 62.5621 70.5675 65.3918 68.6077 74.749 74.3771 71.0368 78.1388 74.816 77.4223 78.7405 80.7738 83.9258 84.0344 87.6748 89.7097 94.3124 97.4421 98.8115 103.684 111.922 120.13 125.91 135.686 148.392 157.556
156.845 147.371 137.232 123.061 120.174 113.869 108.428 105.379 96.3858 93.7457 91.7174 90.8038 85.4132 85.1228 81.2446 81.0336 76.0358 75.7145 77.8791 75.5911 75.5993 75.8167 73.6812 70.2444 70.3985 71.2521 70.2833 68.2517 69.1702 69.9426 66.3889 63.9208 65.6733 67.2213 62.0498 68.539 62.118 66.0968 60.948 65.5808 61.6198 63.223 61.5614 63.4664 62.3598 61.8145 59.6937 64.3735 62.1229 61.993 62.5983 56.0848 60.4564 58.316 58.4442 63.0072 64.036 57.555 61.1379 55.9128 64.1139 60.114 57.5696 63.2863 60.3768 55.5834 58.983 53.5453 59.7294 60.8507 55.7343 54.2447 54.8954 54.5076 54.9798 52.8314 52.9547 56.5311 57.873 57.1315 57.7238 53.164 53.7758 59.6807 58.5676 53.6297 57.5923 59.0527 59.7667 62.6259 59.9744 64.44 58.0824 59.0609 61.2547 61.6085 58.3599 63.0332 56.8037 61.5127 60.9772 60.6706 62.2721 62.9082 67.4939 64.5098 63.3172 60.0361 64.0685 63.4664 64.7013 67.4534 60.3833 64.4384 63.8608 66.0108 64.1756 65.98 64.6688 70.4099 65.9978 68.0911 71.4241 71.8395 72.0975 70.887 68.0343 75.364 73.295 72.1851 77.4264 75.3542 79.5911 82.976 81.4782 80.0048 86.2733 84.4364 88.928 87.7272 93.3027 99.4284 101.609 104.442 111.04 119.162 128.731 139.669 143.758 159.002
157.088 146.899 135.719 125.366 120.022 115.164 108.636 100.549 102.502 92.8115 88.9618 89.3923 87.1475 83.9345 83.7761 80.6934 76.2879 77.9356 77.3286 80.4015 75.8788 72.9313 75.2586 71.4221 71.6135 72.1495 72.6559 70.007 65.6789 74.8512 73.1952 68.285 68.7023 70.5496 65.7845 64.3083 65.1891 71.3859 63.091 64.079 65.3012 63.5248 62.8535 62.8766 61.1085 62.7298 65.7548 64.0427 61.9991 67.1799 60.0727 63.0811 67.81 63.5133 61.2767 64.6794 66.1688 61.8326 63.9025 58.6591 63.3747 67.5444 64.3165 62.5401 62.1228 60.4471 62.9541 60.9237 62.7529 60.7753 63.5694 57.7289 61.7979 56.4143 58.1363 58.6294 58.0703 63.4869 62.2053 66.2975 56.9751 58.9065 59.469 60.2508 61.2355 61.087 62.5896 62.654 62.7513 63.9322 63.4918 64.0559 63.6502 63.7096 64.0691 61.5208 62.583 60.2096 62.3158 66.9754 60.2689 64.9796 66.8946 60.1469 60.4982 64.1401 64.2671 62.9212 59.3915 63.383 64.6184 66.7956 61.9497 64.879 67.9799 65.5206 68.2734 71.3083 67.5378 73.9886 67.1914 72.4646 65.415 66.3849 71.4469 75.1399 74.5791 75.0178 78.8081 76.9905 78.1401 75.4978 84.1703 81.6913 79.7236 80.3388 83.664 87.4658 86.5718 90.4826 92.9385 101.849 101.571 108.741 112.446 117.371 130.82 134.901 147.423 155.962
159.036 145.999 139.124 132.902 125.225 112.343 109.668 106.245 96.3192 97.7523 99.0647 91.7769 89.3298 84.2546 86.1637 83.4551 79.471 76.2478 79.7727 77.1831 76.7925 70.9681 75.9863 72.4296 71.0301 70.311 68.4204 74.4493 67.8522 68.8847 67.0326 67.9578 64.8486 64.1312 66.4493 65.4134 62.8875 60.6449 64.7145 63.6049 64.4061 61.0422 63.2513 64.5117 63.91 65.742 65.0162 59.7784 61.136 59.7884 59.889 57.752 58.7375 60.9148 59.5605 59.4214 60.417 62.1216 58.471 54.7819 58.7124 56.3172 58.0335 53.2717 58.4107 56.4898 51.5353 56.3843 55.7172 52.1521 50.548 51.0827 49.9983 48.3691 45.5214 49.6228 50.1827 48.9088 52.9918 52.3515 55.6769 53.0035 50.1391 54.3109 60.2276 60.4941 59.5588 60.0097 57.8609 63.2546 61.4427 58.2112 63.6552 61.2282 60.3332 60.7338 61.3137 63.3518 63.7239 66.2649 61.8199 58.6017 61.1913 65.8526 64.0759 64.1128 63.5781 62.8104 60.3181 60.841 65.9448 62.4233 70.1283 63.8463 65.8895 64.7078 65.5123 63.6368 66.4141 67.6075 65.0765 71.0619 69.235 70.3328 73.0163 69.6825 77.3624 70.9128 72.9962 77.0624 78.1653 83.5355 79.3637 84.6434 82.4678 82.7997 83.8137 88.8136 89.3399 94.4939 93.5687 95.1141 104.586 110.462 114.039 122.968 130.762 136.509 147.544 159.145
158.447 150.975 138.97 133.564 119.441 121.023 111.434 111.143 110.005 99.5485 98.3105 95.8721 91.7019 90.2443 85.1852 80.7136 85.8527 80.7323 78.5153 81.4952 76.9453 74.1867 71.7942 75.4962 75.0824 70.5682 69.9552 70.0335 68.5555 70.5444 65.6624 67.4742 62.8204 63.4419 64.5045 64.1043 65.1158 61.9145 63.8949 61.1005 59.1219 59.7672 61.3679 56.9542 58.8733 60.1044 57.7869 60.009 55.3603 55.047 54.6264 58.5906 55.0709 55.1049 54.5515 56.835 55.076 54.5157 57.6694 51.3434 53.6797 59.3024 55.0641 55.9717 52.6256 56.4365 55.5681 50.0356 52.5064 51.5767 48.842 51.0709 47.9463 44.4964 44.8608 45.8739 52.1539 47.9003 48.2034 47.6142 49.157 49.7768 52.692 50.1616 52.6358 54.3233 53.4872 57.9759 51.8866 52.297 59.568 50.4017 59.0623 54.9517 57.1721 54.262 58.9175 57.6353 54.7014 60.2066 54.228 61.9673 57.4752 56.8418 56.1658 61.5739 62.7046 59.5714 61.591 59.1491 63.8285 68.3477 61.4922 60.9541 62.3334 65.063 67.9612 61.029 68.3988 67.8131 65.9859 69.1974 70.7845 70.6431 71.3226 71.5201 67.6257 70.3792 76.196 78.3978 80.637 81.6791 78.6208 84.4547 87.5692 91.9658 93.2923 86.8114 91.363 98.2118 100.897 100.168 106.067 111.46 115.741 124.282 129.928 140.682 149.623 157.778
159.314 146.559 143.077 130.246 123.419 115.624 108.627 108.144 105.337 102.696 94.5015 93.1006 94.7852 86.333 86.5837 86.5388 84.7747 83.5744 83.18 83.4049 83.6107 85.8418 78.474 80.603 79.7763 82.6145 77.265 76.0682 73.0277 76.0907 73.8163 78.2526 77.0073 71.8239 68.7644 68.3562 70.129 74.3542 71.3691 66.4901 66.625 64.8989 61.9051 68.4046 61.4917 64.783 63.4686 64.4527 60.5595 61.5332 60.3727 58.7193 62.2389 55.4816 54.0876 61.0905 57.2976 55.0648 57.135 56.9258 57.6712 57.794 57.0641 57.1039 55.4712 52.3563 51.0557 53.3508 52.0052 55.127 51.751 50.0215 49.1204 43.8315 46.0487 47.4773 49.9385 48.2279 54.0738 50.9779 52.403 50.8084 50.6268 51.5383 52.7905 54.4266 53.842 55.4141 55.5439 51.7164 59.5287 52.6123 59.6238 56.4138 58.2696 58.5411 58.1261 59.1932 58.4201 61.8428 59.2796 62.0192 62.0088 65.4817 67.6558 62.7837 59.1015 64.6152 65.2361 65.5769 69.477 68.9546 67.8962 71.8257 72.3635 68.9287 69.2625 72.0695 71.2982 76.4262 75.3643 78.0451 75.8485 82.848 77.7528 79.0672 79.5255 74.8195 77.6524 80.117 82.0212 82.1786 81.5283 84.242 88.3617 91.065 89.9096 89.3164 93.782 93.3618 100.354 98.5037 103.509 113.262 114.929 125.785 130.483 138.57 148.791 160.027
156.853 144.212 137.933 125.692 120.331 112.552 110.98 100.25 99.8968 96.2139 98.3021 87.8156 85.2041 86.5265 82.6487 86.6319 81.7566 80.2269 76.544 79.4734 79.7386 74.3329 71.0505 72.6469 74.9617 72.3607 70.1531 73.2722 70.2426 73.2967 66.9497 70.7414 70.6448 70.5078 72.5082 73.2792 68.8113 68.4636 70.3638 67.38 72.2307 66.962 70.9873 66.1313 69.8703 66.8338 68.8622 66.3982 68.1826 69.0712 66.0891 65.9925 62.7259 66.616 63.648 63.0982 62.7593 62.6557 65.3673 61.3982 58.3704 65.081 61.9497 61.414 63.9746 60.9223 62.3325 56.9813 60.0512 56.8741 56.2384 53.8955 48.8955 49.6261 48.7866 50.3339 47.3325 52.4168 51.0487 55.5868 54.7737 55.578 59.4821 60.9539 61.5773 62.7558 62.7084 60.434 59.8071 65.2742 60.5201 65.4253 62.1587 60.0845 64.001 59.224 70.0495 65.1636 68.9465 65.5324 64.4892 69.9037 71.321 69.1485 67.4695 70.4499 67.4397 69.4787 65.3533 73.5145 68.0368 64.5155 71.5036 72.7137 65.9188 67.9911 68.792 72.3536 70.9311 69.1362 72.0147 72.1306 74.2205 71.1699 71.5071 74.5683 73.0228 78.2652 74.7931 76.4457 78.3231 81.7232 84.0818 77.8401 79.1696 84.2399 84.5314 86.9515 88.9255 93.4215 93.973 98.6779 100.137 103.892 114.242 117.354 126.997 139.96 144.616 154.992
152.202 143.399 132.541 124.951 116.177 106.223 100.758 100.748 95.0902 92.439 87.6553 89.5827 82.6791 81.0655 79.2326 73.3578 76.1036 74.7539 75.3975 69.7259 71.0685 72.3772 71.3324 63.2324 66.7288 71.6016 68.7221 69.5922 68.2122 66.6878 67.7683 71.5089 71.3395 71.1327 70.457 67.9965 69.9559 67.1157 70.4694 67.2548 66.3205 69.4835 70.0897 70.1182 68.2247 70.9384 69.0752 67.6934 72.5965 67.5579 72.0384 69.9435 71.0257 70.7084 71.582 72.2524 70.6192 72.4432 72.7819 69.2196 72.3273 71.5356 75.3333 66.6076 67.8307 70.1039 67.089 73.1831 68.526 68.9325 66.3169 66.522 64.4769 59.7682 60.3547 61.4031 60.6882 64.3165 69.8793 67.3457 68.8398 66.4275 68.7346 67.0337 74.4365 71.9635 71.1559 69.0769 70.3803 70.1449 69.6832 69.1483 69.5227 69.4549 68.6615 70.9473 69.2499 72.2809 67.1621 68.4779 68.8113 70.6281 68.7204 64.0437 68.3156 70.2787 68.0749 72.3219 71.3056 67.1549 71.9778 72.5074 67.631 71.2379 72.3362 71.7407 69.3711 67.8217 66.1672 69.5423 65.6608 72.3415 68.3727 65.8944 69.7848 71.8084 70.9722 70.3054 68.4832 71.2771 68.1748 74.827 71.9939 76.1357 77.505 79.2487 78.9866 86.1844 82.203 87.8407 88.6538 90.2085 100.352 103.233 106.376 113.713 121.94 129.573 143.893 154.348
156.201 145.041 137.42 129.462 120.008 118.835 111.732 108.354 103.272 100.483 97.3907 94.6889 94.1786 86.6884 86.1038 83.5775 85.9138 86.5707 86.4676 80.7418 86.8711 82.832 79.9437 80.141 80.3292 73.6081 77.412 76.9777 79.3809 76.1724 75.0631 74.8441 74.6794 74.4044 70.9171 76.3877 79.4008 70.262 77.8029 74.0478 77.4283 78.1847 75.311 77.7341 76.1615 75.8865 78.5684 79.2941 74.5509 79.0099 77.9893 76.3335 77.0935 77.5604 77.6346 75.8666 75.9516 75.986 71.9251 75.2006 76.176 73.6244 73.7728 76.243 74.7989 75.3526 73.1358 75.2368 70.3344 66.3658 70.624 65.5768 66.5685 68.1067 71.3478 64.0694 67.5367 70.3018 69.3373 72.059 65.2891 70.6927 75.9172 71.2573 71.1994 70.2801 68.3945 74.4985 73.4416 77.7432 76.4909 80.0831 75.0775 78.0219 80.6513 76.3081 79.7899 78.7059 80.3419 77.5695 79.6289 81.1182 77.1261 80.9445 78.5069 71.7514 75.3599 79.2669 78.7095 73.4145 77.1243 77.2998 74.9979 73.0435 72.2834 74.256 77.2419 79.2054 74.8568 76.6881 75.2875 74.5455 75.0034 81.8403 80.1899 83.9033 82.1533 77.7106 77.6925 80.9481 82.9369 83.6264 86.7861 87.2367 90.2624 86.0043 87.1245 92.6403 90.7547 95.905 100.509 101.732 103.267 107.442 114.934 122.46 132.174 140.329 148.387 158.744
158.292 150.098 139.386 136.834 126.578 119.724 112.329 110.673 105.169 103.335 103.663 105.081 98.505 99.7207 97.9101 97.9101 94.7662 92.2614 94.1565 93.8002 93.3503 90.2615 90.021 89.8006 86.6494 85.9773 88.5941 89.852 87.9238 83.5312 84.7249 82.6498 88.0818 82.5745 79.0945 81.9373 81.7683 84.3392 82.1246 87.1764 82.0585 81.996 82.4478 75.319 89.6298 79.5665 75.5687 77.653 79.7226 77.9486 75.9231 75.0729 78.9366 71.6664 79.8897 78.1304 74.1933 78.4114 77.0451 76.6356 76.3639 74.1804 81.5498 78.259 79.2378 78.6336 81.9556 77.7062 79.4637 79.8383 77.3573 80.8226 76.4483 70.4764 73.1722 73.3522 71.5617 75.5191 77.4051 82.2219 82.0603 78.977 76.3014 72.3036 75.5356 79.9852 75.8074 77.3243 75.1959 75.9452 77.7081 75.9305 74.6193 79.2561 71.8666 75.8735 74.9756 78.5326 75.1978 76.6779 76.3785 79.6767 81.9905 83.8636 78.1139 80.0017 79.9576 77.5171 84.0179 85.0793 81.0319 83.2172 83.2374 81.5608 84.6441 87.5162 78.3637 86.1591 84.016 87.9973 83.9205 88.1626 86.3005 93.2218 92.3164 84.5798 85.8285 89.0642 95.2179 90.9373 91.8867 94.7056 97.4858 94.6615 96.7899 97.0488 96.654 97.8164 101.205 97.899 106.244 103.858 109.119 114.171 120.472 124.85 132.724 142.988 149.993 160.371
155.993 148.117 138.684 135.273 125.654 118.06 116.396 109.192 107.407 104.646 102.202 96.439 99.9267 92.6923 94.8945 89.9294 89.5046 94.3002 89.7505 87.7924 86.2386 87.6303 82.9707 78.5515 83.1682 80.9064 81.3852 85.1785 80.1649 78.5459 78.9874 84.2246 77.5715 81.0331 79.8668 81.5827 78.7303 75.945 80.5469 75.8444 77.8416 74.7396 77.6367 76.0624 75.4178 78.6335 80.2171 82.2721 76.8598 82.4323 82.2199 86.7789 81.2176 84.3233 82.8403 80.5487 82.1118 78.6577 85.2623 83.0471 85.3983 84.8674 81.6703 78.6409 82.3336 79.5967 79.9413 80.8356 77.1691 75.3283 78.4024 76.666 74.5701 69.9179 77.2678 73.918 76.8281 76.2264 78.8403 74.2366 79.9246 83.5427 81.0089 82.7881 79.388 77.2082 82.1491 87.5726 88.465 86.7826 80.0774 79.5576 83.9004 78.9595 81.7746 82.2888 84.1072 80.8338 80.7499 84.4034 84.3829 80.6661 78.0112 80.4164 80.4667 77.7876 77.2715 79.4215 75.9078 78.5422 76.2971 76.4499 76.3065 75.0116 78.8738 77.4746 82.0038 78.1733 77.0741 80.4928 81.9498 80.871 78.1994 82.423 82.369 78.7192 79.7998 86.205 82.3894 82.1249 82.9502 86.6149 90.8292 90.0393 89.7356 94.2927 93.7859 101.628 98.874 102.751 104.435 110.379 109.06 118.939 120.277 126.479 131.228 140.208 149.626 160.43
161.729 146.983 138.076 123.718 125.793 115.006 113.078 106.273 106.071 101.501 99.4091 93.9287 90.0395 92.6153 85.3414 87.4826 82.0229 83.0415 79.3999 76.3592 78.5117 80.3712 75.8376 73.6114 78.1356 74.6943 74.2577 76.1494 81.078 73.9478 71.8936 75.4975 77.2172 76.7145 77.6462 79.9404 72.95 81.4295 77.6103 79.5624 77.6273 84.0299 77.5706 82.845 85.2035 82.2232 79.81 79.8119 82.142 82.6655 80.9628 78.5041 79.2279 79.2903 81.2878 80.3561 79.6569 84.8463 85.7647 83.7426 81.7546 86.7455 79.7967 83.7691 82.6031 83.8371 78.2717 82.7524 77.168 75.4162 74.596 72.7969 71.9938 68.9871 63.5823 65.8916 62.5089 69.9282 75.5617 72.5607 74.8549 78.7725 78.1073 78.9104 81.1442 79.6853 80.1237 80.0538 83.1493 75.3217 77.6726 84.1754 82.3536 81.1328 83.1266 81.0043 78.2396 82.3707 82.2006 81.4144 82.3291 79.1164 80.0519 78.1148 80.6604 79.4641 81.6828 79.4093 77.6537 80.1917 79.5756 80.736 77.5252 81.2765 82.9508 79.4641 74.1103 74.3787 77.5573 77.2909 75.9907 74.6735 69.0041 77.8956 81.0516 78.3737 77.3967 77.3211 80.8739 81.4995 79.449 79.1882 83.3193 81.0705 87.9437 88.864 92.2808 89.1229 94.1025 99.1256 99.857 105.063 108.99 110.377 117.385 123.687 131.832 137.579 147.586 159.021
156.903 147.153 133.378 129.953 117.923 117.515 107.045 102.041 104.649 95.287 98.0525 90.741 90.3864 87.4906 89.1695 86.1931 84.1175 83.5311 83.006 81.6529 81.2198 81.5494 78.5769 78.8663 80.4206 75.4473 79.058 77.954 79.1385 78.3508 75.7251 75.5297 75.6562 72.2678 73.7377 68.9982 72.6281 73.8144 73.1762 73.0037 71.9055 71.321 68.5421 76.2694 71.6564 73.868 72.055 74.7688 74.4813 74.6902 75.0563 74.6327 73.2624 74.9758 72.2256 77.6225 75.3457 69.0461 76.0433 72.0129 72.5476 71.8806 76.5914 71.505 73.3238 73.1244 73.9773 71.6583 68.6609 70.9933 66.5911 63.9712 61.4146 59.0419 56.9299 57.3956 61.5564 60.9393 57.2883 64.2606 66.8402 72.1624 75.0256 71.252 75.6485 73.6649 76.1276 73.0344 77.9751 70.5372 75.7711 76.1985 72.9175 77.5612 71.8346 72.3713 74.0635 73.5825 71.045 69.1534 72.1585 75.98 77.2699 70.2995 73.8508 72.1911 68.7146 70.5946 72.9309 75.8651 76.2292 72.2524 70.38 74.5503 72.4862 77.3063 75.4626 71.4705 77.8122 77.3542 73.5403 81.3041 77.7164 81.5513 79.8476 80.066 75.7596 81.444 83.4832 77.9195 81.5686 83.5733 90.191 86.1165 81.0396 88.2342 90.2695 85.5703 91.0802 92.9852 96.9064 102.236 106.502 112.206 115.286 124.83 129.142 138.805 146.542 158.283
156.938 146.538 137.784 129.694 121.22 117.45 108.861 105.795 103.848 95.488 97.3729 91.8852 91.4014 92.0135 88.0979 87.8453 86.794 92.4138 86.0128 87.1127 81.6619 81.3005 80.5543 79.4836 77.964 82.5966 79.6973 77.7522 79.7751 77.0507 77.4199 74.1747 75.877 75.9411 77.861 74.8373 76.6115 73.0088 72.0624 75.6535 75.3134 73.7375 69.7247 71.5922 71.4309 70.1872 70.3349 69.8744 72.1071 71.6155 69.169 67.3346 68.7143 68.8114 67.7038 66.3571 66.5184 63.009 63.5259 64.1496 62.1054 64.4897 61.7012 58.5337 65.4244 60.2651 62.5445 64.0777 63.4093 61.501 57.7623 58.3627 58.4191 51.2797 47.4146 46.8822 47.4068 49.0508 52.9392 56.7051 55.8832 61.3825 61.1182 64.0233 62.4979 62.8205 59.8007 63.0886 65.4516 64.7209 63.7513 65.9354 66.8935 68.1915 63.9864 68.312 66.6272 64.7695 70.2261 65.7139 72.1654 70.3524 71.1025 73.4052 74.4098 70.401 73.617 69.8025 72.1946 70.3232 73.0904 75.8323 74.3107 82.0039 78.4984 75.1288 72.5541 78.7199 79.1085 79.0794 77.6686 80.5446 76.5163 75.6904 78.4887 79.5458 80.9818 76.662 76.0052 87.5441 84.5107 88.3447 90.4084 81.9243 91.3625 90.0819 90.9661 94.8739 94.4522 99.2092 100.021 104.194 109.405 110.904 119.671 122.402 126.659 136.836 146.527 159.978
157.37 148.32 136.94 131.657 124.279 115.871 110.691 112.31 102.488 101.245 96.6843 92.4706 95.4373 94.476 93.1542 90.8592 92.38 84.2855 84.8352 81.9275 84.8982 84.0157 83.4542 85.0026 82.879 83.8226 82.4397 86.5372 84.8765 81.244 80.6491 83.9999 78.4723 80.3575 77.2214 80.5289 77.1603 75.9015 75.543 71.6031 74.3334 74.0399 70.8329 67.5549 66.1287 67.2791 68.7132 63.16 69.32 69.1624 66.1523 61.1428 63.1718 60.3213 60.1105 59.4368 63.1738 59.4388 60.0022 56.279 60.0514 61.2886 58.3849 55.69 56.6257 57.4886 56.5213 54.3189 52.8218 53.4344 52.4554 49.3311 49.1479 47.7866 45.4129 46.3703 45.5015 46.2855 49.6384 52.548 52.609 53.9052 55.9559 55.1246 55.5935 55.95 61.4521 57.8707 59.2969 56.7676 62.1021 55.6329 57.7092 61.2098 58.2489 59.1295 62.3385 64.5803 62.9591 61.7535 64.0701 63.3412 65.7859 67.3875 69.7396 65.646 71.6346 68.9339 77.0047 71.3175 75.0978 72.2374 76.0177 75.4799 77.6784 75.1608 78.0763 77.5129 77.7414 81.1415 83.535 81.898 83.0228 87.5753 83.5527 83.6611 86.939 87.14 83.5055 86.2102 88.0777 88.2195 85.1957 88.643 93.3728 89.3089 92.77 92.0057 94.9961 101.861 102.117 104.856 109.845 114.786 121.255 122.912 127.486 136.786 147.727 158.82
154.177 144.721 136.58 126.224 123.397 113.974 112.974 109.192 100.395 103.452 98.2629 97.6878 99.4489 94.7088 94.6629 92.8839 89.7611 87.3732 92.5564 85.0171 88.052 85.7299 87.5588 85.3066 86.7023 82.0661 83.8231 83.0804 79.8957 81.2514 83.2042 78.544 74.0196 77.7573 72.8076 72.616 73.2569 71.1464 69.6509 70.9308 64.4058 68.8423 67.5565 63.5831 66.8836 68.405 62.8244 61.8061 64.28 59.9433 63.046 59.2245 58.286 58.905 58.0964 63.3096 59.7176 60.4624 61.3249 57.9406 55.7703 58.3959 52.6675 59.2884 58.2261 55.6704 59.2484 56.9962 50.2296 54.1051 50.2975 50.8505 47.8436 43.8104 46.9331 48.6642 48.207 46.6077 55.4368 55.0834 53.8914 53.9573 53.5201 57.6711 56.6628 54.5403 59.1845 59.2664 59.6717 55.6764 61.1053 56.6927 54.3367 62.7146 57.3356 58.8371 62.0837 59.5 60.9036 61.4647 63.8427 59.3183 63.8028 64.4736 61.7582 67.2689 63.667 66.4084 66.2527 68.9681 64.7671 71.1884 67.2929 68.9022 73.9956 70.6652 75.4652 79.0212 79.0012 76.8309 80.3769 81.4551 80.2352 82.108 82.5353 80.2451 84.3223 87.6727 83.4817 85.8178 87.1376 92.0573 88.8846 91.9794 90.9432 96.5817 95.2958 92.8719 101.513 94.9544 102.023 108.516 108.801 109.7 118.008 124.069 128.306 138.174 143.547 155.832
155.284 151.885 141.313 129.033 121.978 119.101 110.73 106.113 104.077 101.803 98.0801 96.2369 95.9839 89.4526 86.2415 89.0398 83.3501 81.5331 83.0486 83.8762 80.9099 78.6175 76.4788 75.54 72.6547 71.2484 67.6651 72.1326 70.7264 67.143 68.1466 68.5796 67.7986 66.1131 69.302 66.8679 71.6632 65.9108 68.3368 67.0945 73.7169 66.2325 69.1441 68.4845 67.5275 65.8076 64.7393 63.4464 62.3315 64.7939 62.8535 59.6303 63.0963 66.1516 64.019 62.5176 59.6323 58.2969 63.0538 59.2621 61.0993 60.0269 56.9372 61.8135 59.5291 60.4356 60.5955 58.3212 58.0258 53.7585 53.708 58.0298 52.0731 51.6016 50.8793 51.9314 52.3017 53.7241 55.5027 54.5173 55.6301 58.9484 61.3947 57.2387 61.3279 57.1072 59.2317 57.261 57.6677 61.5485 59.0435 57.1638 63.3998 62.552 62.5015 63.7499 68.6464 62.4691 62.8899 58.4993 65.7388 63.9522 64.3306 68.3388 68.7921 64.9012 67.8876 64.9335 71.4224 66.0605 70.2691 73.3062 68.5958 73.46 72.1468 66.1496 67.4789 69.0268 70.3076 66.0484 67.2179 68.3368 69.5953 72.7052 72.4523 72.6425 76.9887 73.3203 74.7124 77.4298 78.8158 83.1134 77.2598 82.7573 82.5387 89.5638 90.0798 96.0062 98.2015 95.6177 101.004 102.582 108.535 112.984 118.043 123.512 128.894 139.029 150.147 156.037
159.432 148.874 139.858 131.942 125.936 123.748 113.289 119.904 110.187 104.596 105.332 100.425 97.1465 95.857 91.9209 94.4363 88.0155 86.1397 83.7739 80.4508 79.0834 78.9624 78.0112 73.7594 70.102 79.9813 77.6299 69.7474 70.5551 71.1107 65.7805 73.8209 68.423 67.7752 68.2734 66.9531 67.0023 69.9093 65.8543 64.2184 70.3378 67.3386 67.8962 65.6124 65.5632 68.8003 68.2139 65.0814 68.1709 63.4065 65.9363 70.3235 68.544 66.168 66.578 63.2425 63.1113 65.7969 70.6494 64.573 67.3775 65.8625 64.2676 65.0753 65.9281 66.7563 61.8444 59.003 63.2179 60.6881 60.9218 60.5528 55.5671 59.8456 52.041 55.5199 51.4054 58.5376 61.9551 62.4737 65.2249 62.3528 66.58 62.4163 63.8104 61.4856 65.3582 61.2519 65.5857 65.9814 66.5698 66.8219 67.4985 69.9606 68.952 65.27 70.7335 66.5944 66.2602 70.5859 69.075 69.403 69.3374 67.029 65.1757 65.5734 67.3878 65.7108 68.4005 64.6735 64.5238 65.4812 72.6277 63.8678 65.1716 69.2205 67.89 69.6182 66.6825 71.6703 71.4141 71.9512 73.4068 71.9615 74.2657 73.8475 77.4556 77.1133 75.7971 80.3462 82.7879 78.4786 84.0077 90.3403 92.1177 94.8259 96.6443 105.009 100.71 106.109 105.412 107.731 112.563 117.66 123.746 128.443 130.618 136.731 144.173 159.286
153.536 150.446 138.924 132.282 124.723 121.373 115.405 110.796 111.045 102.825 101.98 102.468 98.1548 103.34 93.2307 95.0728 97.9762 97.8204 92.4291 90.9525 92.7115 91.2474 89.0045 84.5706 80.8594 82.9922 80.5312 77.9747 75.0839 73.059 70.0497 70.9469 70.625 67.8214 72.1535 65.9086 65.0385 68.7621 67.9958 68.0581 67.3395 65.6428 61.402 66.7601 64.5027 64.702 64.6501 67.1526 64.3324 63.836 61.8029 65.1901 60.3346 62.6481 65.4102 64.1704 64.4175 64.0832 67.298 68.785 66.2783 66.7622 67.0862 69.1775 71.9666 68.4527 63.7841 68.5835 61.8506 64.7685 66.1288 61.5578 65.7321 62.1351 64.1413 61.7405 65.6594 61.2442 63.4352 66.2513 66.9595 68.1308 66.7975 67.8442 72.5211 66.6355 67.3811 71.8254 69.6323 64.4321 66.0831 65.2669 63.1507 63.9357 66.8681 58.9057 62.5796 65.8463 62.1601 64.4902 63.2213 62.511 63.1798 67.0343 65.1506 63.8485 60.8891 68.7788 66.918 66.8473 67.6158 65.4725 63.3937 66.2409 70.4568 70.0954 71.5658 70.3301 74.7682 74.7993 74.1389 74.7225 76.5044 79.362 78.1658 79.09 84.1012 85.2061 84.3961 89.4178 94.7011 90.56 94.0282 93.0272 97.8017 93.3491 97.3988 100.065 99.5338 102.562 104.414 108.404 114.113 116.869 120.968 122.611 137.796 140.475 152.456 157.781
158.134 148.774 136.586 128.107 120.73 114.013 109.461 110.551 109.1 104.878 104.02 99.5687 99.352 98.1972 97.8039 97.6293 95.469 90.7509 90.326 88.1636 89.0765 84.4972 83.7547 89.3121 82.1812 86.6175 83.6053 81.7059 84.6676 79.5414 84.2195 74.4067 77.1855 75.7782 70.7572 68.1026 69.4699 68.6937 65.6184 61.4556 66.0874 68.5023 63.5317 63.0858 60.4375 64.8001 64.6802 60.5973 64.3352 63.5969 61.5355 60.9823 64.4089 62.6588 64.167 59.5856 61.0517 58.8346 62.3622 58.5948 60.7909 59.9074 64.0008 59.3458 63.1636 64.7412 64.6487 60.6415 64.2364 63.2919 63.0563 60.4711 65.1156 67.3369 60.9865 63.9819 65.2986 65.631 64.4278 66.3399 66.1758 63.5612 66.302 65.5405 64.0029 61.9267 65.0525 59.7517 60.6668 62.461 57.9932 62.2065 61.952 66.8005 58.2162 61.4156 58.3971 63.3929 64.0891 61.9352 61.1968 59.0197 64.1564 66.6238 60.1956 62.5199 63.7231 63.1531 65.2376 65.4143 65.6562 67.8607 69.0555 70.3786 69.1859 70.0378 71.241 76.5565 73.0563 80.6078 79.4004 85.124 81.9604 82.5956 85.1934 85.9591 88.5149 86.3251 88.1299 87.6671 91.1421 91.2915 93.7904 92.8901 91.9015 95.4164 95.347 105.038 98.1783 106.613 104.434 105.437 107.465 114.916 117.137 120.008 132.375 136.498 145.82 155.191
154.007 143.094 134.42 123.505 116.066 113.527 112.242 104.704 101.866 97.821 97.3076 96.5642 93.9227 90.0692 90.0628 86.0133 90.0223 89.1276 88.9551 87.498 91.2174 85.9579 85.2166 84.1387 85.894 84.0471 86.6395 78.9133 85.2081 79.9145 83.261 77.9995 77.2475 79.3479 75.6733 75.7798 73.345 72.3544 73.4621 73.3663 67.3421 66.4325 68.2857 66.8031 65.4121 61.3924 64.0488 59.3772 61.5053 67.9193 64.0019 63.3927 66.4282 63.6888 61.6949 66.1704 64.1425 66.6561 62.8154 69.3743 63.8975 65.4398 69.6618 66.4665 63.054 59.7223 62.9517 63.5482 64.8156 59.848 57.7434 54.5033 53.4489 47.9807 51.3954 48.1063 52.518 52.9525 54.0858 60.4679 58.2589 61.8483 61.2582 62.973 66.1832 64.3534 64.3917 67.1035 65.0393 66.6135 68.5073 64.5195 63.9167 62.3744 64.2405 64.1041 65.77 62.5129 62.613 63.3991 62.8345 59.505 63.2776 63.5801 68.3219 69.042 64.9562 67.8171 69.762 66.1704 68.1132 77.1921 73.5388 76.2293 78.5554 80.8156 79.0646 76.0908 80.3065 83.7276 78.0953 82.2407 79.4075 83.4698 83.2994 85.3913 86.516 85.5148 85.4722 91.4176 87.3532 89.3619 88.0604 90.1309 88.921 91.7243 89.1681 94.9708 89.6879 91.9395 100.622 102.164 104.657 107.219 113.011 119.992 126.504 132.663 144.115 154.623
152.806 140.376 133.2 123.802 117.537 108.206 106.873 101.299 93.4763 92.6394 90.0619 86.5095 86.6044 80.8605 80.2954 79.8295 81.307 76.1649 80.3601 80.9295 74.6206 86.3326 82.3207 79.5211 85.802 80.4313 81.6413 81.5335 82.8902 78.2226 82.3401 78.4922 77.3296 80.5801 85.9012 80.8885 77.0039 75.2525 77.9897 78.8352 76.6179 77.884 73.7578 75.1231 77.5712 72.0128 69.513 67.5049 64.1293 72.716 67.7206 65.7254 65.1754 67.7055 69.1787 68.0031 66.2172 63.5448 69.1463 64.3709 59.9234 62.3822 58.8212 61.9659 59.8479 54.3542 55.7087 60.3116 53.2585 53.2585 54.0414 50.4027 47.5082 48.8303 48.9296 47.3744 47.2946 53.1442 53.912 52.9608 50.3639 50.778 54.1644 56.028 55.9546 54.8654 57.0892 60.3396 61.2218 62.6842 58.5084 59.9773 66.0598 65.5572 69.032 72.0625 71.0767 70.4318 73.1042 70.0155 67.5847 72.0776 65.7233 73.5033 69.6446 74.9635 72.4356 77.7977 76.5316 76.6588 75.96 74.1352 79.5685 77.7567 79.9395 75.3453 79.4348 80.3774 82.7521 87.273 80.414 83.85 78.6173 82.9225 78.8438 82.6853 79.6311 78.475 83.8716 76.5337 81.3501 78.3326 78.1299 79.6526 81.2552 81.2056 82.2388 86.2959 82.6054 85.1722 93.4935 96.8648 97.4687 105.145 108.424 114.495 125.903 132.02 143.702 150.6
152.441 143.833 132.094 122.626 117.769 109.288 109.013 99.7261 98.7981 94.1011 90.7645 85.7597 81.1391 84.7727 83.0301 78.7218 78.4991 74.5642 74.0227 76.7195 72.7409 73.9703 74.0751 73.4462 77.9619 73.5423 74.7345 75.4551 77.7589 79.1651 77.0164 81.3291 77.1562 78.5843 83.5149 80.96 81.8815 87.2598 82.7069 83.5542 83.825 83.4559 79.7656 81.5867 81.9012 80.4556 80.3115 73.6842 73.9834 76.6474 73.5619 69.2777 70.9853 69.448 70.3651 69.0658 59.9754 62.3512 59.3487 55.3483 62.5412 56.5886 59.9558 57.0341 54.1844 53.3874 52.5555 56.4598 55.3265 51.5488 51.4702 49.0136 48.09 48.5529 45.0875 43.0698 48.0638 48.9001 53.2979 50.5531 51.3719 52.6232 53.1734 55.285 55.475 59.1413 54.619 53.4835 55.1409 58.7853 57.6892 58.3312 62.6351 62.4517 62.8141 61.4559 66.891 68.0526 69.2296 71.743 76.1015 75.4901 72.5596 75.5862 79.8661 78.6083 81.126 83.3992 83.8686 83.5214 84.5499 85.8383 81.9995 81.4863 78.6345 79.3289 80.781 79.7656 76.6976 75.8831 77.3571 73.896 74.0401 74.8896 77.6038 74.2127 70.0834 75.2564 73.3021 74.49 73.2388 74.7542 78.3681 80.6543 80.3639 79.8224 87.0043 82.7703 83.6656 90.1837 96.2105 102.233 102.761 104.471 111.57 119.593 124.519 132.321 141.56 152.268
151.925 138.937 125.065 121.854 115.746 107.825 104.063 102.907 97.1354 92.0317 92.9336 92.7987 92.7103 93.2806 89.0213 90.2281 87.1513 85.1952 80.3744 79.2914 74.9525 80.9005 75.7062 71.6149 77.3794 75.0564 74.2186 70.313 71.0291 77.3131 69.3979 73.5357 73.2041 74.3358 76.0731 76.3472 75.8145 80.6618 79.8859 79.7975 81.0685 76.8335 79.2604 78.5951 72.4084 78.1685 74.8795 73.1466 73.2925 77.3109 75.7593 75.2619 73.4362 73.2682 70.2224 72.4526 71.1529 67.6252 69.4731 63.8942 66.2791 63.5825 62.1723 62.5525 59.3475 58.8458 60.13 61.8739 54.7279 54.3853 53.7708 50.7405 49.1667 47.0138 47.3211 48.5743 46.3021 54.9666 47.73 52.2634 53.1785 57.0178 58.0235 58.4236 63.8699 64.0025 58.9541 65.7376 66.6239 61.538 62.2298 67.8661 66.9356 69.3294 73.9379 72.5145 68.9647 71.6967 72.4305 80.9823 77.4966 76.6191 77.028 79.4969 78.4713 78.6902 77.1584 78.4028 79.9058 80.3612 75.3437 75.0365 78.1177 78.1663 76.8932 71.721 75.2619 75.3945 76.093 71.3342 72.5631 71.0269 69.4443 73.4495 73.7501 73.8296 74.8508 77.0855 76.2809 77.6845 77.3308 81.3779 81.8399 84.7863 87.1204 87.6708 88.1659 87.2707 89.8302 95.7009 95.0245 98.3201 99.0275 106.125 108.841 116.171 122.658 129.893 140.263 153.497
151.45 140.498 131.834 122.507 117.955 109.179 105.897 99.4725 102.797 94.5175 97.316 93.0343 88.9584 88.2291 84.5268 87.6274 84.4262 83.4799 82.5537 85.7527 86.5916 82.9698 81.8893 83.84 83.1287 76.7352 78.4085 77.8917 77.8 75.6122 72.6772 74.2543 70.9837 73.9791 72.2164 72.1157 69.2746 69.8003 69.5095 72.2544 71.5877 69.1113 72.1783 71.3461 80.527 73.7443 73.9747 77.243 76.3549 74.4333 75.7196 76.0753 75.6748 79.6322 75.6994 74.0373 75.1536 71.0195 70.4468 72.6749 68.3217 69.2948 67.7579 68.6662 66.0936 68.7601 66.4067 62.1765 61.6329 53.1634 55.9038 58.6084 51.329 49.4768 50.092 52.2932 50.2038 52.4386 56.8881 59.2549 62.8901 64.682 65.8698 69.6751 65.6864 68.0554 70.3104 66.8295 72.2566 72.8114 71.7421 70.2366 75.3258 72.4557 76.1782 74.6033 74.0888 75.1066 75.4086 74.7599 73.6235 76.4958 72.3595 76.4131 76.0014 67.4828 72.4937 73.1537 71.6258 70.7466 72.0128 69.6012 70.8495 74.1671 67.6036 68.6572 68.4514 71.6481 71.5139 66.3173 73.9165 74.0664 76.9097 79.0662 80.7306 83.9586 82.1309 87.1643 84.1152 83.8065 85.0973 83.0302 84.6208 80.565 88.5692 86.2024 87.9629 91.9113 91.0993 89.7481 93.7166 100.43 104.092 106.257 110.512 119.176 121.279 132.612 140.296 151.746
155.405 143.468 135.846 130.035 124.52 114.026 108.846 106.098 106.56 99.4446 99.4333 96.0377 92.8458 92.3591 89.5407 91.7728 82.102 86.7359 90.3557 88.8276 80.9158 86.0636 81.1059 80.5762 80.6283 87.6165 83.6549 81.7172 80.7618 80.6464 73.6446 76.6486 75.931 75.4579 77.5224 72.2954 74.953 75.2745 73.3752 68.3451 66.5477 68.5738 70.9213 72.309 68.0825 70.8737 75.6729 68.3881 74.6293 73.3028 75.9536 74.6271 75.6797 75.7408 73.9049 80.3566 80.4268 78.3713 76.5943 79.1885 77.9027 77.828 74.446 77.2643 75.5665 77.4432 72.4833 76.5558 70.6338 73.8257 70.3395 58.2148 57.2663 63.7429 57.5425 55.3263 60.216 63.2019 64.7027 74.5908 68.1504 73.5925 70.9801 74.4754 76.4177 75.4873 77.5247 75.6141 78.1608 77.5948 76.7799 76.4381 76.0374 76.1596 77.5337 76.2094 76.3181 74.5342 73.2054 77.1398 72.2094 76.9089 73.3503 73.8891 73.1013 71.4872 71.2359 70.3735 70.2806 72.0826 71.7974 71.5529 71.1363 70.1675 76.103 76.5422 75.0504 77.3096 79.2972 80.617 80.4155 83.0709 81.776 83.5033 85.0947 84.694 82.6906 83.8971 83.5191 82.4121 88.8457 87.0166 87.7433 84.9204 92.8254 87.1207 93.4932 97.5272 94.2561 93.4049 100.749 102.091 105.183 110.397 114.379 122.736 128.724 135.296 142.447 152.82
155.468 149.939 142.85 133.461 126.297 122.286 122.105 115.82 111.78 112.874 109.148 110.153 108.055 105.527 100.249 101.493 97.3679 96.3211 103.025 99.7019 98.2978 96.3463 92.9541 94.8575 96.5067 89.6559 93.0114 92.1777 91.1813 92.1433 93.5428 90.3064 89.862 83.0341 86.7584 88.2655 87.4822 88.3365 86.7996 82.9448 87.2784 82.8577 81.7354 76.1352 80.0359 76.5819 79.4839 82.1729 77.8004 81.0391 79.3739 79.5709 79.6351 79.2755 84.61 81.7835 81.3712 86.0346 84.7565 88.3732 85.8308 85.0543 87.5257 80.013 87.1363 83.9297 83.7373 83.9847 86.7447 84.1015 81.8385 76.7995 80.9979 70.5488 68.9157 70.7091 69.9303 77.5187 78.6593 80.9521 80.384 83.7945 83.4212 88.7374 88.6137 81.9187 88.0754 78.4005 85.7208 81.0483 85.3085 88.7145 88.0892 87.1638 81.3094 78.3318 81.6232 79.5251 79.7381 80.8238 76.7536 72.2552 78.6456 82.9975 78.7807 78.3776 77.7317 81.8935 83.0364 80.1916 79.9969 84.6374 88.742 88.4671 91.2019 92.8075 92.4502 92.3197 95.6546 91.1859 89.5093 92.7045 91.3348 93.0618 92.141 90.9889 93.4787 99.7523 97.1801 95.9409 98.0642 98.2612 99.0285 99.6629 101.001 104.322 105.698 107.899 103.06 103.671 114.846 111.065 115.437 118.2 123.871 128.594 134.004 144.648 151.398 156.029
163.13 156.829 147.597 146.349 135.592 131.294 129.873 129.153 123.313 120.454 120.565 114.87 117.189 111.257 111.313 108.884 109.005 109.144 105.154 100.111 105.022 100.672 102.438 104.811 99.0966 103.223 105.413 101.469 100.077 99.5415 102.304 101.905 101.163 100.056 102.072 99.7871 98.5474 103.182 99.1707 99.5971 97.0227 99.9192 101.896 96.1398 95.206 96.8651 98.5706 95.2663 94.4298 91.4313 89.0076 91.3804 86.4332 85.8284 92.6548 88.0367 91.4939 89.3806 87.944 90.6389 88.4167 88.3333 92.2956 95.0346 94.2073 95.9545 99.37 96.4341 100.707 92.4718 93.007 89.7653 86.5768 83.9862 85.256 80.8395 82.5542 84.4404 91.0003 93.0487 92.3906 95.0299 96.0078 97.4097 96.7052 96.3507 91.7001 97.5186 91.0977 91.3178 89.6981 87.2813 97.3772 89.0562 90.1175 88.2336 90.9563 92.9676 86.7136 90.8358 89.376 94.4831 89.5706 94.2189 94.585 96.9439 96.7354 96.4712 98.1396 101.643 98.6609 95.9568 99.7593 100.899 97.1687 100.267 97.7155 100.295 97.8615 96.4249 96.638 101.666 99.5554 100.058 99.8427 101.363 103.413 101.954 106.447 101.279 104.655 104.148 110.886 108.064 107.686 110.631 114.422 112.833 115.871 117.694 116.473 123.832 126.409 132.696 133.504 140.486 141.431 151.166 154.264 162.135
158.735 153.628 147.307 143.195 134.305 130.281 125.515 122.895 120.263 120.171 111.761 116.646 113.081 114.907 111.452 113.794 106.335 109.392 104.235 110.597 105.906 107.629 103.394 105.016 99.7514 105.449 99.6389 103.216 103.462 100.208 106.579 94.9628 97.1801 97.2856 99.4303 98.045 97.1754 95.1292 95.6824 100.354 100.117 101.341 101.65 99.3154 99.7842 103.984 100.342 99.749 101.338 99.4115 100.68 99.7912 99.7654 96.6434 97.7778 97.7216 92.558 95.2089 93.3315 94.4706 91.7611 91.6181 92.7056 97.5552 95.7363 97.3864 96.845 98.6544 99.0388 95.5418 91.0251 93.0596 92.9072 88.7234 91.5829 91.3954 91.4821 93.9667 94.0979 94.6558 101.725 99.1185 97.077 91.1352 97.1286 95.6918 91.3063 95.1011 95.4316 94.0042 96.0738 95.1831 95.1222 97.4262 98.2044 95.1644 96.8285 97.527 99.8803 102.201 101.936 97.9864 98.2302 98.699 103.497 101.983 99.1537 99.66 104.866 99.7654 98.0286 97.3395 101.019 100.703 98.6287 103.509 99.3154 101.284 98.9896 99.7959 98.7271 100.056 97.6677 102.719 101.158 101.326 103.457 103.138 105.841 102.775 106.586 103.309 107.271 108.618 112.303 112.626 114.584 115.327 117.141 116.034 118.463 123.833 126.01 128.872 131.335 136.206 140.022 147.822 152.681 158.93
158.088 148.352 142.004 137.471 131.346 128.093 127.185 119.054 114.657 118.267 116.648 111.57 110.537 105.383 107.509 111.101 108.685 104.373 108.446 101.713 104.314 98.8708 102.747 97.081 97.1877 97.6428 98.0648 91.4058 96.6092 99.6886 91.8965 97.1142 93.8925 95.0754 98.3635 91.9131 94.4069 91.5124 95.4144 87.5772 90.9885 92.5816 94.3263 90.237 93.2216 92.4109 95.5045 94.7957 94.791 95.3813 96.5452 98.866 96.1422 99.5488 93.8214 98.2094 98.9111 99.3971 96.6211 101.343 95.9668 102.41 104.456 102.216 101.448 101.362 104.631 100.68 101.78 98.2402 100.305 100.777 91.7685 86.7973 85.2042 87.5511 86.2378 94.5942 97.0857 95.303 96.6756 101.768 102.218 102.839 101.77 106.478 99.774 104.24 101.723 103.28 102.028 100.431 101.945 98.3564 94.222 95.2769 98.6598 97.465 96.1446 104.667 90.9743 97.1687 92.1549 94.964 96.7633 95.6491 95.872 95.2201 95.2912 91.5267 97.7756 93.0652 90.8605 93.71 91.254 91.356 94.452 94.113 88.7554 93.9731 94.5942 94.3169 93.1292 96.6329 100.701 99.3188 97.9889 97.2801 99.3994 100.682 101.429 105.231 106.488 103.847 104.266 107.877 105.098 109.062 112.864 111.821 115.574 119.047 122.506 125.848 128.757 129.911 140.326 146.269 150.175 160.16
153.049 146.857 136.295 124.924 122.913 118.365 111.892 109.684 106.563 103.545 100.555 102.512 102.596 94.7347 99.1242 94.0419 100.855 96.7029 97.7793 96.233 91.9011 92.184 96.1875 96.0748 97.2663 92.8528 94.0155 89.9257 95.2933 95.6841 94.9049 95.0823 99.2896 94.3943 94.1833 97.5276 91.4648 92.3829 97.1296 91.3042 92.0377 94.0659 90.3644 88.3986 90.9038 89.0986 91.2155 94.0323 85.1838 96.1491 95.521 89.5038 97.0721 94.7922 96.4656 97.542 103.705 96.0197 102.883 104.295 99.7859 101.649 97.7074 97.5755 98.0118 102.118 100.893 95.8926 99.7139 95.9406 94.3943 89.8586 88.3123 87.9383 81.9858 84.5485 82.2351 85.4116 91.8795 93.7111 95.4587 96.1875 99.3975 100.112 105.209 100.498 100.141 99.2009 102.049 102.037 102.653 101.658 99.491 102.464 99.7595 97.5611 97.1081 94.7946 94.6244 91.3881 96.8563 91.9634 93.9604 90.6904 88.3842 89.1466 93.445 88.4825 92.3997 94.9864 95.3604 92.6083 92.9679 97.5635 96.1036 97.1968 98.8509 100.46 95.9454 93.2604 94.5933 100.901 96.9474 89.9449 97.1057 97.4533 93.5816 98.007 98.7071 94.8234 95.5954 94.9121 99.0091 100.263 98.8653 97.7745 101.164 98.4338 99.491 108.524 105.415 107.771 108.915 112.916 115.625 123.069 129.059 136.932 145.253 153.769
153.972 144.993 136.213 124.384 120.314 111.653 111.21 100.289 99.756 93.851 98.6627 95.6545 93.4947 91.8124 93.4753 90.5398 89.4296 92.1494 91.6209 91.9385 92.9202 95.2909 92.5227 94.2825 95.4461 94.2001 91.078 96.1781 95.5382 92.1445 92.8136 88.0722 88.6636 88.2734 87.2262 88.1909 85.0979 87.4613 84.3173 83.5926 86.945 93.3953 83.7162 86.6129 85.6239 85.3354 89.4539 89.3811 88.3606 87.488 92.8499 91.8415 92.6875 98.9439 88.7679 96.6169 90.232 96.1078 94.394 95.926 99.7051 95.7103 95.1018 100.369 97.0435 97.3101 96.2896 94.714 95.0631 94.0401 90.9519 88.8794 85.9439 80.7007 77.2343 80.7613 76.6962 87.997 87.7522 93.1602 92.6293 98.7233 98.1755 101.254 98.5512 100.67 99.6348 98.4591 97.635 94.92 102.515 92.5639 90.3944 96.0181 96.3139 94.6389 95.2279 95.4121 92.6754 88.9545 93.7226 95.56 87.5534 86.1281 91.89 85.59 88.8915 86.0554 87.4177 88.9739 84.5258 86.5717 88.557 89.2066 86.2493 86.9256 87.8758 88.4212 90.3871 86.8238 92.7966 93.8147 91.2161 92.2585 93.4268 88.9109 91.8924 95.2255 92.7433 93.4656 91.5676 91.8221 89.7884 94.7504 91.1337 92.3312 90.821 88.8406 92.6996 96.0375 95.0049 98.8058 104.008 110.72 115.035 120.224 126.646 137.799 142.719 153.087
155.752 146.647 137.712 126.985 118.464 118.096 111.026 110.298 107.663 101.389 100.772 98.3996 92.8732 92.4075 85.0627 88.1776 86.4645 88.7633 88.2731 82.2835 84.4745 83.3472 82.9575 82.5654 83.4893 83.1217 81.2028 83.83 80.5411 85.2955 84.053 81.193 82.3938 82.5997 82.8202 82.9918 81.8105 80.7151 77.3796 78.2668 86.1042 79.9039 83.5506 81.5238 82.8423 82.2664 82.0679 83.1119 85.3298 85.4597 88.0403 84.4696 86.9007 89.9274 88.0379 88.9863 90.7802 94.0985 96.711 89.5916 94.2995 91.2238 90.9935 91.839 90.1504 90.8562 93.2604 91.8782 92.2875 87.7683 84.3863 81.4527 81.8056 77.0586 70.8606 78.1271 72.037 80.595 85.0823 89.501 87.2561 88.229 94.8975 93.9221 90.3024 87.0502 93.9785 94.8264 96.2895 92.4811 91.8635 88.1457 93.3903 91.3366 91.5179 90.3783 89.327 87.7291 87.1115 86.2513 89.6382 91.0498 83.6241 84.5064 83.5775 81.3719 74.7377 81.0851 78.0389 77.2277 80.5754 81.5238 79.5216 82.014 81.9478 79.4015 82.5482 84.1829 81.9747 82.4918 83.5187 77.4776 80.9503 79.7838 80.2543 82.1684 86.4228 83.6658 82.7369 85.6974 84.9009 83.2663 85.445 86.4939 86.0332 88.2976 91.6086 95.1156 96.4954 100.262 101.071 102.794 105.95 114.256 114.942 120.927 126.338 137.724 145.089 153.897
154.187 145.538 138.772 129.38 125.057 119.123 112.491 110.613 105.121 100.726 102.212 92.6219 98.1987 92.0224 87.179 86.3366 87.2905 85.249 78.6764 77.455 79.3156 79.432 75.8347 76.7836 76.9991 73.5827 66.2792 71.9179 71.8213 71.0731 72.4233 72.6215 71.7246 73.9469 75.6787 78.389 81.0845 81.0101 82.3455 87.6992 83.2101 84.5603 81.2975 86.7355 83.0862 81.5007 84.1862 82.9648 86.4457 85.3457 87.1666 88.6209 88.8116 88.056 86.1162 88.4004 86.6414 88.9082 91.1578 88.3236 91.4972 88.44 85.6108 86.2499 84.9418 84.434 85.1599 86.9089 88.3409 82.5833 84.709 83.0887 80.039 75.3863 73.5158 71.5909 72.5224 73.2508 82.5189 81.134 88.9231 81.7583 84.7734 90.9125 85.8932 89.369 89.0569 87.9272 84.979 84.865 90.2064 90.4244 91.7449 87.1715 90.7019 92.0596 91.0289 91.1578 87.1492 85.7346 86.2623 88.3657 84.7684 85.4497 85.0682 85.3432 81.9268 87.4441 84.4612 84.3621 90.8307 81.0448 77.8415 80.4329 75.6811 77.9728 72.3762 75.6539 70.4438 72.3911 73.5629 71.8064 72.889 72.183 73.003 73.2359 72.1706 73.5431 73.2235 79.38 76.6647 79.3874 85.6925 82.452 84.2209 90.9298 90.4542 93.499 98.5827 96.5091 97.8171 107.63 108.079 113.076 117.483 124.13 130.579 136.909 148.04 157.286
151.93 143.694 136.156 129.305 123.302 114.435 109.53 107.629 107.358 99.7783 98.0905 94.4745 91.8426 92.3434 89.0455 89.3685 86.8969 84.8159 82.6348 81.6432 80.0079 78.0772 75.9838 79.4445 76.124 72.3377 73.5096 71.4487 71.3035 68.3711 70.2542 67.8077 73.2417 74.4011 72.3152 75.6432 75.821 84.9311 86.3986 89.5413 88.2917 88.8201 94.5997 87.8435 92.2433 94.0062 93.9636 99.0371 95.9945 91.1414 93.3401 89.9745 90.3251 88.1089 84.3051 84.6457 81.7634 82.9028 79.2417 84.4353 83.9345 80.5063 79.9253 83.033 79.0914 82.3518 79.9178 80.8894 84.7233 79.3318 77.659 75.7409 70.9153 72.5556 68.8719 71.2684 69.9487 77.4387 77.2484 78.8686 80.6615 81.3051 73.5122 77.4387 77.7742 80.7842 81.548 79.8151 81.0622 85.8627 80.4261 80.356 81.2575 79.6448 84.5405 85.0338 88.5396 90.7007 97.8251 91.6648 92.952 90.8785 91.9102 97.7023 96.593 93.3827 93.553 88.5697 86.5889 85.7224 83.2483 83.1807 77.8844 77.6766 78.4178 76.7776 73.8903 68.7442 75.0597 72.9612 68.629 71.4187 73.3744 74.1282 77.5363 72.5155 76.6449 73.9103 75.4253 77.654 79.6348 85.8376 80.967 89.5964 88.9278 89.4561 92.3209 90.9211 96.275 98.371 100.515 101.414 106.913 112.277 112.314 119.433 129.59 138.252 144.355 152.889
153.601 141.61 132.031 123.005 118.26 112.257 106.681 103.778 100.744 93.9764 93.7536 92.9918 93.1918 89.7447 88.2136 87.8592 87.672 85.2777 85.9231 84.5235 82.4381 84.0199 85.6473 83.1923 81.3802 86.0497 81.3245 80.6918 82.1698 83.7693 84.5286 85.794 87.0418 83.82 85.7004 91.8226 90.5293 89.2335 85.7637 88.0389 92.6679 90.0029 88.0617 95.6594 93.8448 96.0593 95.9201 96.6667 97.7853 97.7119 91.648 99.1343 87.8137 89.6992 89.236 87.8719 82.9418 82.1648 83.7668 82.5545 81.7978 76.9562 76.855 80.3147 74.2381 76.7639 79.7149 76.5083 74.9569 73.6332 68.9359 72.097 67.8982 67.3035 61.2016 62.9706 65.5521 64.0589 71.1125 71.0796 78.5583 75.8781 74.8025 76.0401 78.1027 77.6041 78.2217 79.2138 78.1483 79.4365 78.7633 81.975 87.3531 85.9181 86.2547 86.571 94.2067 97.1602 93.0551 92.6046 97.8967 99.4759 96.9653 96.7097 98.1447 93.7106 97.2513 93.417 89.9852 89.8662 88.745 86.9658 84.559 88.4894 87.6669 86.4166 89.7397 85.093 84.6374 85.6548 82.4533 78.5406 78.0951 80.626 85.0424 82.6583 84.3666 84.7539 85.0829 85.2018 86.6014 87.92 88.1199 87.1784 85.8219 88.9728 90.4559 88.1478 92.0225 93.6828 91.9795 97.6259 99.2608 107.919 116.304 116.326 121.72 130.687 144.346 152.905
147.964 138.462 129.15 119.759 113.337 110.897 100.577 96.2368 95.0398 90.7431 87.9272 87.5359 81.8683 83.3491 79.9015 82.2724 81.6406 84.3875 87.3313 83.344 85.2698 87.8786 85.0115 87.1497 90.073 88.8607 95.224 93.9554 91.8735 94.0577 96.7994 92.5794 93.8429 98.1805 99.3391 93.0961 100.076 95.9043 98.8608 96.6102 94.1651 93.3672 94.1472 84.7174 92.073 87.7456 86.3543 83.4463 86.2136 88.4029 85.4872 85.0115 85.5589 87.83 87.5666 89.6126 87.321 88.7277 85.4898 86.7405 87.0218 84.298 84.3747 78.3516 79.8171 78.6815 78.4641 72.1699 73.3106 69.9269 66.6941 65.9908 61.0649 60.1365 59.9472 56.1952 60.5892 61.3232 64.8143 66.18 68.0599 71.6814 68.8553 77.3823 75.3464 80.9399 79.037 82.0013 83.6432 88.7609 88.5845 88.8479 88.7047 85.7762 87.4259 85.7711 85.2519 86.2187 83.4795 87.2417 87.2545 85.7302 82.0678 90.6408 87.2878 89.0474 93.5539 88.1395 98.8481 100.669 98.3289 98.4823 99.2675 95.3493 95.2521 98.9043 95.7917 96.7687 95.7534 94.7406 91.6919 92.784 91.1523 92.7789 86.4054 86.4566 93.9503 86.1982 85.3363 81.9092 82.2468 81.5102 81.0754 87.8939 84.367 82.6227 81.4872 84.4131 89.4592 88.9118 90.3927 95.1447 94.5641 103.807 107.132 117.114 119.623 126.749 141.268 152.713
148.421 141.451 129.902 120.459 115.771 111.499 97.6011 99.1517 96.6035 92.1792 88.861 87.1579 83.3823 86.7961 85.0543 83.6795 81.8498 79.3405 79.1673 81.7723 84.0335 85.5608 83.8216 86.0002 90.9052 94.5103 93.9417 96.7664 91.5099 92.3265 96.0195 96.7483 99.2938 92.6237 98.671 98.4151 97.3323 94.1898 96.0298 94.4043 92.9571 92.3937 89.5407 90.9052 89.3365 84.7597 82.3408 86.3697 87.4035 85.7521 86.76 80.3948 87.2019 80.6274 83.757 78.5445 82.5217 82.4985 89.905 81.5681 76.3633 85.1525 84.4548 86.5636 82.5372 82.6897 79.0872 78.0328 76.3091 70.652 66.7782 65.3568 61.0436 60.5759 59.0615 54.1151 57.9373 62.1316 64.964 70.6469 72.2466 73.748 75.9318 79.418 79.3999 83.1626 82.5527 89.4011 84.8062 79.157 83.8785 82.9507 85.6255 84.5426 83.4417 84.2584 81.6353 83.4598 84.3204 85.4213 84.8889 82.8784 84.7132 86.1191 92.541 90.272 89.7733 92.6289 92.2723 93.7867 93.4585 94.2518 98.5082 98.901 96.172 98.0637 100.627 94.8411 98.6865 95.5414 94.5439 96.7664 93.169 94.257 94.7532 90.8638 89.5097 87.5921 87.5844 79.6764 82.1754 80.7334 81.5629 79.3379 79.343 82.6897 85.5583 84.7184 86.3568 92.1947 93.0062 92.249 99.0354 100.767 108.608 113.965 119.857 129.024 140.583 147.116
147.517 137.877 123.268 120.404 113.657 106.15 102.427 100.61 99.9337 92.4427 92.615 91.1398 92.1999 87.5888 87.8186 90.7534 86.2885 83.7585 89.6359 88.8264 85.9126 91.5158 87.8839 90.4035 88.3486 91.6698 92.3618 90.4401 89.4531 92.7769 90.2808 93.2103 88.9178 93.2678 88.9701 87.3173 89.111 84.5731 84.0196 83.1841 79.419 85.3094 84.9752 82.2493 86.5444 86.2416 84.5444 84.1501 82.7428 81.6775 83.8916 84.453 81.2363 80.7584 83.0927 82.4843 78.4581 81.7924 82.2728 76.7062 76.0795 80.0169 76.8759 75.7557 75.9934 79.4242 74.6147 79.2963 75.0194 73.7714 72.2309 70.8784 67.082 61.8861 63.0924 64.5937 67.3039 73.0507 71.1395 72.9202 71.1839 78.748 75.4085 78.0795 76.4007 75.2753 75.6148 80.2127 72.1526 78.526 82.1214 74.9516 79.1997 83.4843 83.735 82.8551 82.795 84.03 84.124 85.2624 87.0118 86.1319 83.7115 83.8473 80.8289 83.701 89.8578 86.7246 83.453 81.1188 90.7403 81.8368 83.3459 87.9648 90.7012 92.0171 90.6437 92.192 97.4375 93.0302 95.3383 93.6229 92.3748 96.9153 90.0928 93.3827 90.3043 91.0484 83.7193 88.7977 90.7534 87.6933 88.0249 85.688 87.1841 92.2025 91.0667 88.709 91.3513 90.7716 93.7273 101.714 97.0851 106.359 106.72 109.647 115.451 130.399 137.279 151.438
151.273 142.954 128.285 118.507 114.91 107.883 102.341 100.51 99.6424 92.6419 93.6522 92.0564 97.4162 92.0221 93.3673 90.4157 97.4294 87.5538 92.1724 93.2196 96.7489 95.2665 93.6153 89.8328 91.9509 89.3685 90.0622 89.6481 86.657 90.4131 82.6133 87.2399 87.2847 80.9753 79.638 83.3598 82.6212 78.3429 78.1609 79.0155 78.1978 86.0925 77.9076 79.8622 80.2763 75.5522 83.3624 79.3162 78.9522 79.6142 77.8575 80.0996 79.4665 76.3171 78.1688 76.5492 73.6214 77.9446 72.9619 72.3157 74.5419 73.9484 76.2142 79.0392 75.3992 78.0263 79.7461 77.1058 77.9578 75.3807 80.3845 77.1163 68.2826 69.3878 70.0868 67.4676 68.2615 76.1483 74.8347 74.352 76.391 80.2605 79.8886 76.2617 76.6969 72.408 75.3148 74.2201 77.5595 77.8153 73.5132 78.7992 78.2453 77.7599 74.3309 75.9584 74.9086 76.813 79.3848 80.1022 81.1942 79.9255 79.3795 79.3795 79.944 79.696 82.1544 83.4732 79.121 80.1787 78.5882 78.182 75.2119 79.092 78.6409 80.8513 79.7409 86.0503 87.0843 88.018 88.8911 87.6698 91.6739 91.7135 88.0655 92.2278 90.1414 94.3617 95.7096 87.0552 95.7518 90.8958 94.0663 90.5687 93.2354 89.8591 91.4893 93.3752 95.5408 89.5584 94.8682 95.372 99.3681 101.133 108.373 112.984 121.077 124.186 139.63 151.877
149.056 137.058 133.261 121.493 113.177 106.676 104.137 100.667 99.1168 99.0155 93.6467 92.8767 93.5401 97.8059 93.4682 92.9007 97.1504 96.4017 96.1779 88.507 93.6014 96.7668 90.8677 92.1013 87.6571 92.5383 83.5352 86.7645 81.83 83.3567 76.0082 83.0396 77.4576 79.829 78.2223 77.3324 78.5634 73.9246 76.2453 76.9754 72.9894 75.446 74.7293 76.3279 71.6039 75.8323 77.8147 72.1101 72.4858 72.691 70.0319 70.8685 70.6047 70.9271 71.1749 68.0389 70.3223 72.4378 73.4077 72.6617 71.2309 75.2701 78.995 75.0117 79.1042 78.0678 78.8245 81.0759 79.4133 76.8741 76.5357 77.4816 70.9404 70.4955 70.8578 69.0407 72.8935 73.0373 72.2966 75.438 78.7232 81.2464 81.2624 74.628 74.6014 77.6894 79.7517 76.7169 72.9787 75.9496 76.4558 75.0836 71.7637 71.1589 64.4659 74.4841 67.5753 74.1617 71.2202 70.626 73.3571 74.1004 75.5765 74.9824 73.0773 73.7248 80.226 73.2372 76.8102 78.7446 79.8663 73.0054 76.6743 76.3466 77.0073 76.176 76.6663 79.2428 78.6087 77.82 82.608 85.8159 85.9092 87.3533 88.2779 90.929 94.1077 93.1298 94.145 93.9771 93.4922 93.3643 95.6557 94.2036 92.7088 94.1503 93.5934 93.3829 94.0943 96.7481 98.5866 99.4765 101.842 105.402 108.147 117.704 122.172 131.207 138.66 149.427
148.118 135.402 126.099 113.908 112.288 107.845 105.878 103.122 99.8978 98.3155 98.6384 97.7046 95.9311 96.6389 94.9435 97.4516 93.5091 90.6134 95.8934 92.1447 94.5855 90.6215 86.2645 88.1106 84.8571 81.0518 85.0427 82.5023 81.0033 82.9114 79.2487 74.5554 77.3838 76.0732 73.3121 78.7885 72.9084 74.3939 75.656 73.2044 74.2567 70.9196 72.4078 73.2071 69.566 69.7167 69.0143 64.512 68.8394 71.4336 67.3835 69.9885 73.199 70.4137 72.7873 70.7797 73.783 73.6619 76.5953 70.333 72.8626 71.8804 76.7083 73.164 74.9537 75.6238 77.2869 72.4105 74.6845 78.0915 75.4004 69.7732 70.2226 64.835 63.4436 68.6429 64.9776 72.0849 68.4895 72.9999 71.9019 73.7265 74.4423 76.1916 79.9942 74.5177 75.3735 77.7444 73.5435 73.2286 79.5017 72.3433 73.5973 77.0931 71.8965 70.9492 71.622 67.8006 67.3673 68.4088 65.645 67.4534 69.0143 68.8528 70.3061 69.4583 71.7566 70.2953 70.185 69.9212 72.3002 74.7222 74.8137 75.2578 73.9283 74.7491 75.6238 74.3293 77.5102 78.218 78.662 81.0921 81.0599 83.7295 85.2715 84.9028 85.616 94.0473 91.3858 89.4562 91.8459 92.9493 94.9677 94.2841 95.2368 96.0307 98.9909 96.176 101.416 96.0737 100.334 101.362 98.8052 106.941 106.443 112.406 115.122 122.25 132.762 146.029
150.485 138.657 129.794 121.657 115.036 106.92 107.168 106.765 102.015 103.697 101.224 100.408 95.0922 101.919 100.012 94.7933 99.1935 94.1355 90.7545 89.401 84.7481 83.2587 82.5901 86.9224 77.4669 80.9485 83.6202 81.0518 79.5271 76.3689 78.5133 76.5456 80.443 77.0593 75.0073 75.6188 73.5261 73.7326 69.4737 71.5121 69.7781 65.0409 66.4678 66.7097 69.4737 65.1143 67.7017 69.0063 71.3599 75.6759 71.879 73.9664 75.6215 72.7026 66.7314 67.6473 72.7134 76.551 70.5201 72.7787 73.7815 69.8678 73.5723 71.7268 72.2867 68.5714 76.8663 75.26 72.2976 69.7102 71.9388 72.583 67.1418 59.5047 63.0134 59.1187 67.5549 64.5898 65.6715 68.9818 74.4311 72.0802 69.4466 71.8546 75.1812 73.7516 70.9251 70.1423 71.4686 71.928 67.7751 69.8053 67.7805 72.4335 70.2293 73.3847 68.1909 76.5157 72.1019 73.0994 74.1022 69.1231 71.5855 70.906 70.5609 69.3188 72.0149 70.0662 70.7294 67.468 69.6042 74.5643 71.8981 78.3992 81.4812 76.8446 77.0375 79.8505 76.7875 75.6569 79.489 79.0678 79.1928 82.5847 77.1924 83.3756 86.8789 84.4382 84.9845 88.0937 91.6025 91.3144 92.3254 98.8537 95.5108 95.1982 99.5169 100.892 104.096 100.781 106.755 104.703 105.746 107.488 112.122 116.493 122.173 129.438 138.858 148.892
151.816 141.565 127.82 127.499 116.419 117.234 113.219 110.477 107.494 106.503 103.703 100.764 99.3422 96.3808 99.0431 91.9264 88.6741 92.6949 90.5816 82.8392 85.0046 90.2467 81.2693 82.5208 78.5549 78.651 81.1348 76.4526 81.0552 79.9437 85.0238 77.1332 74.9019 74.0236 69.292 75.6347 77.759 75.7006 71.9213 76.8643 73.096 74.8388 74.1362 74.9184 70.2444 69.9178 73.0164 72.2781 69.3249 70.9717 72.4757 69.3167 68.9023 65.7597 72.4565 66.531 66.9481 65.9025 66.4294 72.2726 70.7933 70.4584 71.2461 69.8711 68.9325 68.9764 67.6096 72.6678 69.8135 67.6261 62.4663 61.8542 61.7499 56.8756 52.9783 51.9601 58.6458 59.815 59.2002 65.2575 63.8139 68.8556 66.8631 71.4437 71.7429 70.1785 70.5957 69.0697 70.4118 70.2499 75.7335 67.1897 69.9974 69.0697 68.4714 70.9936 71.5288 66.7258 68.905 72.3193 68.8474 76.3373 69.9205 78.2063 73.4226 72.5608 68.2573 73.2112 69.5719 72.5772 72.0283 71.6413 73.1948 74.4573 74.2734 74.2377 76.4114 77.7288 74.2816 77.6684 74.1499 76.0464 80.4898 78.1789 79.8119 81.8292 83.5555 78.4149 84.5463 81.9746 85.2681 83.2399 89.6649 90.8807 92.9913 93.9711 98.1182 98.4749 99.4383 104.653 109.085 106.81 109.794 112.283 120.495 121.87 127.812 132.357 140.717 150.328
152.476 143.253 135.593 126.481 124.569 119.417 115.728 109.282 108.313 103.019 106.298 97.2524 98.5853 93.9684 95.2238 84.9008 83.4486 85.9456 81.5337 83.9253 79.5605 81.2399 78.3246 81.5171 82.4842 77.4322 79.4053 78.9453 75.024 76.3348 76.7616 73.8822 76.4096 71.9284 73.4055 74.3755 76.8752 76.2821 78.0862 74.6582 76.7255 74.4448 74.9575 71.9312 73.012 68.7165 69.8832 67.414 70.238 65.4437 67.4224 65.973 63.961 63.8086 66.8764 68.2149 68.8773 67.6662 69.4398 68.5198 67.2561 67.3946 70.0523 65.6681 63.3541 68.844 64.7425 65.197 65.2136 62.0849 58.776 54.475 51.3933 51.3988 46.9981 50.7199 51.8228 55.6223 52.6875 58.6097 60.1422 62.1846 60.6494 64.6123 64.119 65.7707 65.1444 65.6072 66.7739 70.2768 67.0344 68.4394 73.3584 72.2638 67.1037 70.5373 66.6131 68.6168 69.304 65.7873 65.7956 71.2633 64.6206 70.6343 66.7628 71.3409 68.9992 73.9459 75.3288 73.4083 74.1178 70.2768 74.902 75.7112 74.636 73.0813 77.3934 72.746 75.1625 76.5648 74.0928 79.2474 77.3407 75.6475 79.7767 78.9148 80.755 82.9027 78.7624 83.2075 82.85 79.9624 81.4727 82.8334 87.2037 91.8705 89.8226 93.0372 98.2445 102.307 102.917 110.058 109.166 110.324 119.362 124.15 130.244 135.901 143.965 151.439
156.956 145.54 137.969 131.052 128.78 118.167 117.059 112.283 103.965 100.341 100.406 93.6122 94.6503 87.7197 88.8864 82.9435 82.7812 86.5137 81.8943 82.4623 81.8075 78.3045 76.2255 79.2893 75.5988 75.915 80.1623 78.6682 73.2345 71.9782 74.3341 77.854 78.615 71.9838 71.9278 74.1019 73.5647 73.0582 69.8433 66.4969 66.1528 70.0588 66.4214 69.6111 67.314 68.7661 67.4371 68.422 69.2194 67.1489 67.7029 67.3755 65.5512 67.8903 67.9239 71.7012 67.6133 72.6357 71.0465 67.7784 66.8607 64.5579 62.6581 65.8003 61.3347 61.7068 54.46 57.0202 55.0952 54.1998 54.6531 54.3537 50.5093 46.0017 47.0006 47.9659 48.9424 49.2669 55.9206 55.8898 56.0297 57.8512 55.6408 66.9083 60.6939 59.2921 63.4835 66.3654 62.1181 65.277 64.9217 66.2983 61.4074 67.9043 72.9995 66.5081 73.7997 69.5076 71.6424 66.76 68.7633 66.6033 66.9194 66.0465 68.7241 66.427 64.6363 69.779 70.8506 69.8182 74.2082 71.9586 74.1299 72.1433 72.8931 71.0577 69.155 75.5624 78.0023 78.8529 73.8864 76.7572 74.2614 76.8859 76.206 74.9329 81.8915 79.8154 80.1595 82.9939 81.8551 81.9139 81.2927 86.5557 80.6799 86.2871 86.5557 93.0414 93.9172 97.7365 103.573 106.491 108.758 117.252 115.451 125.52 129.516 137.781 147.261 154.376
159.991 149.966 148.319 139.698 133.134 124.371 119.293 109.07 109.149 100.071 99.9124 93.602 88.8198 92.4919 87.0741 85.7183 88.2012 83.2551 84.4359 87.0007 80.8824 81.0208 79.4107 83.8427 80.261 74.3291 76.7442 79.826 71.092 74.8601 73.4534 72.9591 65.5951 70.1344 67.6204 71.3773 68.1684 68.3888 68.1374 66.7081 67.9283 65.807 66.7448 67.9114 69.4904 70.9649 73.7303 72.01 74.3969 71.2671 72.7049 72.6032 68.9226 72.2049 69.0328 65.6686 67.9509 67.0131 62.1208 62.2422 61.6829 61.0361 61.4683 59.9175 59.4825 56.59 57.1747 57.0928 52.8501 53.3472 49.8729 53.0902 47.6159 50.0169 45.955 48.6724 43.9212 50.6101 56.2567 50.274 54.3189 54.3896 55.607 56.7312 53.7964 53.6693 65.1347 63.2252 63.4003 65.0613 65.2759 65.533 64.2308 69.8717 70.4225 68.6712 71.3688 74.0127 69.5808 73.01 73.2444 75.3064 74.6935 70.4423 68.9424 70.3293 69.1091 69.5243 69.9508 60.7819 65.4087 67.7956 69.5893 68.4792 71.1598 66.7646 71.7699 73.2218 73.8376 73.8376 71.3293 77.86 79.552 75.9477 80.8965 76.9391 80.9926 80.4982 82.436 81.5123 85.255 81.2863 83.902 86.1194 90.1559 94.6556 88.8368 93.4834 93.715 96.3674 101.856 108.751 111.652 118.016 123.727 128.693 138.258 145.675 155.302 160.35
158.758 150.603 142.223 138.359 135.034 129.582 127.429 119.856 109.437 110.988 105.756 101.678 101.1 96.1068 96.5972 92.4912 90.4952 92.7991 93.6346 90.7347 86.3806 82.055 81.5731 80.3698 80.7548 79.1009 75.6564 71.4221 70.5895 70.484 70.0335 67.4301 68.2599 65.0663 67.7267 70.5182 65.6737 66.1213 65.5482 71.5504 69.5459 69.1267 73.88 77.1249 70.3015 72.4401 72.882 71.5989 74.724 74.2735 69.2892 74.9521 69.7398 70.3186 69.543 69.1524 62.8935 62.9591 63.4781 64.0512 60.0792 56.7801 61.4593 57.8009 57.0082 59.6886 54.442 55.8506 47.9835 54.3678 53.2501 49.3066 48.9501 45.0808 47.7697 46.4124 49.3864 47.9664 52.1722 53.6578 52.6114 53.5979 55.6139 57.185 56.9968 59.8026 58.1716 58.7134 57.4502 56.1328 61.8727 64.5901 59.9081 65.7193 67.2419 69.6913 68.3112 70.9687 70.2074 71.1712 71.9867 70.3158 76.7999 72.6938 77.1791 76.72 73.7175 78.0801 70.5325 69.1866 67.9177 66.2924 67.4301 75.0662 66.435 71.9724 67.9747 68.3597 69.2693 70.8404 73.9941 75.588 73.2499 77.9889 77.5327 78.5563 79.657 83.5007 86.7342 84.6583 87.8206 91.2822 92.3771 96.9764 92.9588 95.0603 97.0648 100.977 104.019 105.73 112.773 111.444 121.139 127.019 132.642 134.43 138.675 146.235 149.374 157.771
155.729 149.107 142.789 140.257 134.215 130.215 126.246 125.889 120.795 118.207 117.433 114.1 108.75 104.925 98.1468 100.009 97.0589 88.7526 87.0401 86.7955 83.5576 84.3318 78.3281 77.079 74.7016 73.4381 75.0211 72.6294 71.4378 67.0314 67.1523 67.6071 65.6672 68.2086 66.7695 73.5475 69.1756 65.3564 71.9732 75.0988 73.5446 69.7369 71.222 76.4371 71.5012 71.2968 65.6471 68.6633 68.4676 65.6154 66.0932 71.907 64.4872 63.8885 67.3192 64.6167 60.5298 58.5928 61.0248 61.586 61.8508 55.5765 55.637 59.0475 56.8141 58.8403 57.3725 55.8154 54.4569 49.3454 54.1403 48.5309 50.0361 48.4935 43.7071 46.6918 45.0224 48.7237 48.3121 51.9357 53.0236 58.8806 55.9017 56.7278 57.3149 58.5928 58.823 63.1258 56.3622 56.7968 62.3401 60.9586 61.4249 64.4296 59.2461 63.8137 64.4354 66.6688 66.8501 69.7426 67.9064 63.5662 69.5527 66.2687 73.1215 66.2284 69.7225 77.0646 74.9722 76.5753 74.5347 73.749 69.7023 72.7359 66.522 68.3582 68.9713 67.6272 68.7065 68.01 66.5681 68.0129 70.2521 72.733 76.6962 76.935 78.5094 79.1311 81.1486 82.8208 84.4671 92.0279 90.114 92.0912 99.7067 105.325 100.53 106.197 114.305 116.446 122.737 120.654 122.004 123.707 130.278 134.218 138.628 138.507 149.328 158.538
159.423 149.242 147.606 140.155 137.695 135.609 132.01 129.741 126.209 122.044 123.342 121.111 109.585 110.572 100.037 97.3932 98.0265 87.3774 85.5241 80.3593 78.4653 79.758 75.9468 74.3666 72.9665 68.8968 69.8757 71.9469 71.3398 68.3071 70.0907 66.0675 67.7843 73.8554 77.925 68.8997 71.79 75.4792 74.1313 70.721 69.6201 72.4117 65.1931 70.5409 66.0356 64.8881 61.0363 63.7872 63.4125 59.5607 57.1584 59.2818 59.552 56.5542 57.9543 58.483 59.8018 56.2317 58.0618 59.2353 57.7684 54.6486 54.6748 56.0516 54.7299 56.1969 52.6268 53.3443 52.8505 53.905 48.3016 49.0278 48.9116 49.966 46.12 45.4781 45.2892 49.3328 48.226 51.4242 51.677 50.0009 53.5651 54.7968 56.1359 59.8657 57.1903 56.9231 56.5745 58.3552 53.2223 56.2114 54.9594 58.1112 56.345 55.4852 58.1402 61.4372 60.1126 60.894 63.2905 62.7328 64.8823 60.1184 64.3827 62.4655 68.9985 66.2679 72.6557 67.5722 72.9171 71.9266 73.5387 70.0936 71.3892 70.6775 69.2599 71.3078 73.4051 72.3071 68.8329 67.5054 69.745 69.6434 70.1139 77.3237 73.989 72.1125 78.6164 79.8132 82.3317 84.2082 86.8371 94.0962 96.3852 102.721 107.7 110.328 118.654 123.351 124.78 125.666 126.154 128.248 132.571 137.892 140.042 147.821 151.472 156.867
157.23 148.793 144.173 136.452 139.254 134.294 132.506 130.706 124.623 121.905 121.507 113.888 115.5 109.725 105.175 99.5142 97.1631 88.6411 90.1186 83.0536 79.4829 79.4331 77.4748 76.9735 75.7804 74.7075 74.4729 74.3674 69.9877 67.3551 76.0736 74.813 70.6473 70.8554 77.4748 72.7609 76.3784 71.0723 72.5938 70.0082 66.4464 68.5395 61.0142 63.163 62.6266 63.295 59.8504 57.769 60.639 54.5472 60.9439 59.6012 57.1534 58.669 56.1097 54.9459 58.5312 55.6788 54.685 56.998 55.3241 54.6879 52.7004 57.1504 59.2963 56.2856 50.3932 54.7466 52.8499 54.559 52.2753 51.4075 51.5424 46.2949 45.3158 47.62 47.0161 49.5753 51.7681 52.0906 56.356 52.3867 57.0742 52.6916 56.312 56.1097 55.5088 51.6186 55.7873 59.8475 56.4498 56.3472 52.9847 55.8635 54.257 55.1101 55.7023 59.182 56.3062 57.942 55.7023 56.5202 56.9247 58.37 57.3527 57.1798 61.5448 63.8783 64.3122 66.4991 66.678 72.5997 70.486 74.7602 74.3527 76.1117 75.9563 70.6062 80.0194 73.5524 74.4348 71.1749 73.444 75.37 74.7309 71.0841 76.4517 77.3429 77.8002 77.8149 86.0203 87.4421 94.255 95.6768 98.1041 106.875 108.277 108.965 115.485 119.792 122.603 125.62 130.688 134.74 135.253 136.355 141.767 145.768 151.018 156.295
157.119 151.469 143.156 136.346 133.219 127.953 123.995 121.865 117.247 115.774 112.062 110.396 107.82 106.459 103.356 98.6105 98.7525 94.679 92.8803 88.5879 86.0349 82.7631 81.6301 78.9765 82.9998 82.1537 79.1363 76.5744 75.6751 77.6512 79.0209 75.2107 77.4353 74.8675 71.1135 70.8561 68.6641 65.9425 63.7326 66.3566 63.0167 62.4902 61.934 60.3099 61.5702 60.4076 58.4344 53.0178 59.0675 57.8398 56.8813 52.1718 53.6095 55.3992 51.0979 55.2188 51.9647 55.5827 53.9822 51.4943 51.8345 55.7927 54.9023 52.0357 51.0713 52.8611 57.0736 53.5977 51.5298 54.1716 51.4115 47.6516 47.6042 47.9681 52.2339 50.1483 49.2993 51.6216 51.2754 52.2398 48.3083 52.7634 54.0651 53.7692 54.6538 55.3519 52.1422 54.8401 51.3997 55.4259 54.7632 54.4703 51.2725 52.3345 54.0177 57.2452 54.1035 53.929 56.7275 60.3484 58.9787 56.7038 55.0886 56.4968 57.5055 63.4072 60.8779 59.0409 61.5909 63.8865 62.0169 64.6852 61.3897 66.259 70.4982 72.0365 78.4233 73.3026 79.7546 76.0035 77.8909 81.494 77.098 79.4173 80.6627 77.8642 79.5771 84.3191 88.5287 85.248 88.6678 93.6672 96.9539 98.8057 100.09 101.749 106.053 108.66 109.361 110.911 115.419 119.99 120.135 125.081 124.824 131.222 139.168 141.428 148.013 156.205
156.132 146.902 136.111 131.873 123.372 114.381 108.608 109.426 108.527 107.68 103.784 105.199 101.068 103.307 99.6889 101.369 100.955 96.892 100.961 98.3696 93.8145 93.5877 97.0622 93.0056 91.5967 87.6326 89.4356 85.1432 78.9733 83.9313 81.3881 75.9346 75.6629 76.3435 66.7588 67.4185 65.9648 65.1738 62.8425 61.2933 57.968 58.1531 62.3858 60.0754 53.8757 55.7681 60.8456 53.3085 54.1592 54.5324 55.589 58.2576 54.8249 52.6399 51.8936 56.4308 51.6429 53.5503 54.6846 54.1891 61.3052 51.4101 55.4547 54.0339 57.2009 56.9591 54.6398 57.2009 52.6488 55.4189 54.7413 48.7594 51.8399 48.6848 43.1805 50.3116 46.4341 49.8698 52.9802 54.9204 56.2815 55.395 56.5084 52.822 49.5803 56.4696 54.9682 52.7235 56.1263 53.1623 56.8099 52.7026 50.9235 55.0726 52.9324 52.2966 53.807 55.9502 60.3501 57.6606 56.386 55.7472 54.2249 57.0308 56.7382 57.1651 61.947 59.3053 62.3082 62.4336 60.3739 63.3231 66.3498 70.2422 65.529 68.2781 73.0063 72.0183 80.0598 77.833 75.3734 82.4239 81.3045 86.7103 91.7191 89.4654 91.1579 95.6443 96.0413 99.7397 97.3368 101.931 99.4203 99.1278 101.328 98.883 101.158 99.7725 101.211 104.357 103.922 107.08 108.701 114.345 119.002 122.008 127.554 137.705 146.825 151.463
151.716 142.374 132.523 127.264 118.193 109.125 107.911 102.777 100.494 102.289 100.506 99.8943 98.7559 97.229 102.951 98.9547 102.228 104.141 103.96 101.367 106.291 98.777 104.406 100.379 98.2801 94.4673 89.4348 86.5978 82.3905 79.3125 77.7043 69.6993 72.8766 71.2473 67.3321 65.9588 66.022 63.4621 64.995 62.7302 61.4924 57.1225 58.2218 56.9629 58.1224 58.788 54.4331 58.0953 51.8099 54.9089 54.7493 54.4722 54.3126 56.0774 57.2369 54.7222 56.0684 56.481 57.6887 53.391 56.0232 55.0294 57.3514 56.9569 56.6075 59.58 57.1707 58.3543 52.9784 59.4535 52.9543 50.1113 47.976 48.6205 44.3861 45.5125 46.2021 46.8677 51.4063 52.5478 55.6889 56.7189 55.1529 54.7794 54.924 56.3304 56.725 52.8821 58.6645 60.2817 53.2133 55.8395 59.5047 53.7042 52.4905 55.5022 53.9813 54.6228 58.8602 51.5419 53.7524 55.5353 58.0742 53.7133 61.1491 56.3395 59.3331 60.4293 62.5074 62.5977 57.7519 63.5133 64.5433 61.7906 66.531 66.3744 64.7872 70.7564 74.015 75.9636 81.3454 84.583 87.2664 91.4074 96.6146 99.9004 102.939 104.535 105.053 105.062 104.231 104.776 103.81 100.126 99.3071 101.506 98.4457 99.5721 98.2982 94.6329 102.659 102.46 106.183 108.499 111.013 116.344 123.593 136.284 144.389 152.177
155.939 145.463 135.342 129.472 120.129 116.392 108.112 107.763 100.069 104.353 98.4317 99.2216 100.267 98.2797 99.8962 104.156 107.927 106.216 111.254 111.764 111.494 109.385 106.693 102.251 102.913 98.222 98.772 88.9792 84.9777 80.2773 77.6521 76.7923 71.6361 70.8887 67.7865 67.7105 66.2217 62.2505 63.0709 60.4791 60.0598 59.9535 58.3766 56.982 55.9428 58.0575 58.6409 54.8399 55.8274 53.3116 55.6572 53.664 57.0822 54.6485 54.3841 55.1559 53.5668 56.6568 54.5573 57.1764 58.5255 59.4704 60.0325 57.4012 57.7902 58.3887 56.7905 55.8274 54.9736 54.135 48.3924 51.1391 48.2162 48.5747 41.1064 45.5819 50.1547 47.5417 52.9135 50.0058 50.103 50.9325 57.3557 60.4123 53.0594 58.486 53.8767 56.4199 59.4035 58.8293 57.7932 58.9751 57.7294 59.5828 57.1612 54.3932 55.0161 52.7525 54.925 57.3405 53.3693 57.5501 56.0887 57.1916 60.4062 60.2847 61.4666 63.9459 62.3842 60.628 62.05 59.5919 63.712 64.3166 67.9019 69.1841 67.4401 73.6688 70.4511 79.937 85.3301 89.5535 92.7347 89.6173 100.935 98.6747 106.404 102.087 108.771 112.028 112.065 108.455 107.234 105.025 104.791 101.069 99.1396 98.38 96.0101 99.8567 98.9846 104.381 106.256 109.607 113.338 118.318 128.579 137.396 144.153 150.762
147.49 139.465 131.076 120.118 122.104 114.482 115.904 109.66 108.682 105.847 102.184 101.856 102.883 98.1292 98.307 103.545 99.4748 105.55 101.856 104.584 109.418 105.2 107.37 102.313 100.376 94.6411 98.2518 93.2465 92.0174 88.3914 83.6251 80.8941 77.7248 74.1417 73.7892 71.0429 68.41 70.1877 69.2498 66.0131 62.3503 62.7978 64.2108 60.9649 60.6798 61.5503 63.1533 60.4346 55.7174 60.1158 57.3511 59.3833 57.4982 59.6683 60.9311 57.8568 55.1718 54.3688 57.3174 57.958 55.1565 56.7626 52.7351 55.7205 53.8845 52.2324 53.1734 53.437 51.9902 54.9481 47.2639 49.2899 46.5527 42.8562 43.6746 39.6563 43.8034 50.0868 47.6531 47.9596 52.1312 49.1979 52.3059 56.0086 56.9649 54.8193 59.3986 59.8277 55.5733 58.3013 64.3273 54.3228 56.358 60.8177 57.8201 57.9427 52.9435 55.3986 56.7871 56.6523 63.6315 58.4791 61.961 59.2331 58.9541 58.0438 63.8491 61.633 62.0376 66.0897 61.5993 65.3878 65.0322 69.8322 68.2138 68.5387 71.2421 77.9149 79.4627 81.5531 88.7929 90.1722 90.2641 94.0587 97.792 103.965 102.521 105.605 106.276 106.239 106.776 107.021 103.665 106.721 101.112 101.746 98.7606 103.631 101.737 101.964 104.511 103.456 109.988 111.413 113.412 119.272 125.163 133.531 139.793 150.162
147.458 134.63 128.233 121.783 114.31 116.762 113.717 113.646 111.389 112.05 109.821 103.183 103.953 100.274 100.478 97.4415 102.212 99.0988 96.1213 97.3086 98.1496 100.682 99.7326 95.1474 95.0114 97.5498 96.8603 96.2079 95.404 88.5155 85.94 87.5045 86.3636 81.8928 77.051 71.8475 74.2066 70.045 72.0423 68.5362 68.4836 62.6185 65.129 63.7315 63.5707 61.796 63.4842 60.7077 65.6794 62.1763 62.5814 59.7338 60.2501 59.8451 56.8553 56.3421 59.8544 56.9419 58.8403 53.5069 49.2464 53.2719 50.5264 52.2207 51.389 55.093 51.4168 52.9906 48.7239 52.669 49.4597 52.2887 44.3459 44.1542 43.6317 41.1613 45.6382 45.2363 49.4226 51.5652 48.9279 51.0396 52.9844 52.7278 51.4385 57.3562 56.7317 52.4433 56.07 53.3925 57.9065 60.0894 56.0669 56.0422 61.9414 60.5995 58.1446 60.683 60.8561 62.7174 62.2753 65.7196 62.0619 63.5584 64.0407 64.1489 66.7831 64.6374 65.8803 68.295 64.3932 66.7739 72.9111 75.3846 77.2675 78.6217 84.1746 84.5363 89.3997 93.314 94.3652 94.2508 97.0705 96.245 101.659 99.9985 99.0153 99.1884 95.6823 95.7441 88.0548 96.0471 98.1156 100.382 103.214 98.6504 102.395 107.017 107.836 108.544 107.394 111.843 113.51 110.501 110.239 116.802 120.68 130.586 136.955 150.089
146.09 134.723 124.922 117.821 116.04 113.829 109.476 108.98 109.204 112.105 106.292 106.903 100.576 102.961 100.797 93.9767 98.0027 95.4237 89.8852 82.2854 89.1149 88.1607 89.9039 90.2095 90.6025 93.3842 93.0973 92.4517 98.9788 92.7231 93.3062 96.3343 88.9684 91.6129 82.4132 86.118 82.2448 76.962 77.8789 73.1917 74.8321 66.6616 69.6491 65.5171 65.7759 61.4599 64.3008 62.227 64.1605 61.4723 60.9235 57.4806 63.1127 60.833 56.832 56.3798 54.5087 58.1542 56.4952 52.2166 53.966 53.5981 52.7623 54.334 51.9078 51.7831 52.0294 53.6105 51.4619 52.0606 47.5668 47.2675 47.2363 43.519 44.5388 42.4182 47.966 46.3537 49.3039 51.3028 53.2644 57.1469 53.9224 48.5835 54.4619 53.1958 52.8777 52.3319 54.674 53.6417 53.701 57.0191 54.9453 54.2966 59.0711 59.6231 60.8673 60.5648 60.4994 64.0358 64.9277 61.7624 65.0275 64.5285 65.1522 65.885 65.3767 65.7697 70.9558 73.8591 75.2843 78.2968 78.8986 82.8966 84.1502 91.4445 88.7812 93.0224 96.4466 94.4445 93.9237 93.8863 100.7 98.7075 97.616 91.4663 89.7823 89.9445 84.0099 86.4049 87.2563 88.9559 88.3135 96.0287 99.0724 96.6961 102.225 107.021 103.744 107.177 111.253 110.814 110.864 110.524 111.628 117.568 116.346 126.774 137.218 147.341
149.499 135.034 129.436 122.655 117.081 112.455 106.925 107.721 105.551 106.796 101.132 104.331 100.157 94.9263 94.3067 93.7311 91.5295 91.2307 88.249 81.5497 83.4651 81.059 85.0094 86.2958 88.1012 87.2394 91.0357 92.992 94.8854 96.8512 96.7789 97.8891 97.8608 93.6462 98.059 92.3755 93.8695 89.0196 86.5223 80.5715 80.7036 74.1175 70.5004 68.8177 74.5735 73.6645 70.0287 67.5691 64.9208 61.4642 61.0113 60.3476 59.5991 58.2875 61.8668 59.2594 59.4607 56.3186 60.2753 55.7084 59.0203 54.8906 55.1454 53.3589 54.6201 49.8331 53.5445 53.859 53.0979 50.4118 55.2209 53.8118 44.4422 44.5837 43.5835 43.4923 41.8128 45.5933 50.1508 47.3263 53.6609 51.5913 53.1985 53.4816 51.6133 52.2518 54.0226 55.0951 58.7058 53.3243 57.1363 55.6361 55.7115 56.3186 57.1552 60.2375 59.5424 60.3225 60.8257 60.1967 63.5432 64.8705 65.1221 66.7639 71.3465 71.3308 69.8399 75.8222 79.2096 75.8096 84.2074 87.5413 87.6829 88.4346 93.2436 98.3043 94.8792 99.3485 98.1848 98.5025 95.6938 93.5424 88.7994 89.3089 88.639 87.7646 83.5878 84.7578 84.2294 86.6481 85.9341 90.2651 88.0288 94.8634 94.3791 93.5644 96.9141 99.0906 100.346 100.984 103.777 107.592 109.045 108.039 113.417 118.082 122.683 130.339 137.739 147.2
151.66 140.282 131.078 124.486 118.805 111.814 104.557 104.084 93.7215 97.8609 93.1791 92.6081 95.2821 94.9173 92.5225 91.9452 90.7208 88.2309 84.84 89.0651 87.2476 85.6077 85.4015 86.5434 82.5753 84.5165 86.6163 88.805 88.5607 90.0991 88.345 92.4337 94.3083 93.4614 95.8277 98.3652 95.3455 97.0933 92.1768 90.3402 91.8183 85.7187 86.5148 78.5596 83.1716 74.3028 73.8873 67.8923 69.8875 67.7369 66.2239 62.776 61.9893 63.2074 60.2924 58.4748 61.2503 58.957 55.988 54.3481 56.1847 53.6154 58.9379 56.2196 56.6414 53.2253 53.5773 55.9975 53.092 54.954 53.59 50.1485 47.4301 43.554 43.9917 43.5699 46.7989 45.5491 47.9662 47.7505 51.9374 52.3213 50.4213 50.1516 54.4084 55.9151 59.7912 56.1688 57.3234 63.8386 57.5391 58.6651 60.0354 61.0251 61.4596 62.6142 65.0376 61.1488 63.0868 65.9892 69.7701 67.3658 74.7184 73.3322 77.9886 76.1584 81.3097 83.4888 83.5966 85.2841 92.6779 93.6105 95.0188 97.3534 95.8372 97.1313 99.4564 93.7056 90.8382 93.7564 91.1554 86.8701 84.8052 89.5885 80.7451 86.6005 83.6474 86.3467 88.6178 85.8963 89.1444 91.7961 96.2559 93.0205 86.9304 91.406 95.4819 94.2734 93.1632 90.8033 93.1442 98.7998 99.9893 107.799 110.869 114.945 122.672 130.713 139.696 148.517
155.423 142.401 131.551 123.203 116.21 110.303 106.656 98.8641 97.639 94.8626 93.919 89.3737 87.8 91.2737 85.3914 87.2594 88.7308 90.1126 87.5025 91.7663 88.2606 86.4309 85.9064 85.0811 85.3434 85.0011 81.409 80.4398 84.0703 87.4353 80.7021 87.8415 91.6383 88.4269 92.921 95.224 96.9289 99.248 93.8806 94.3988 96.3244 90.6787 93.9702 85.6537 86.9171 85.676 80.0944 78.3959 78.0185 74.6567 78.2392 71.941 71.7811 75.1205 69.8043 66.7112 67.8787 66.1642 65.1727 65.1918 61.2415 62.4794 62.8088 66.273 62.3674 60.1444 60.5698 56.0533 57.5247 59.7413 57.4191 52.6499 45.5393 48.5812 46.6844 49.8191 48.0119 50.1358 53.5679 55.4679 52.8674 59.0024 61.1455 59.0824 61.5454 62.5402 60.4482 61.4718 61.2799 65.2142 66.4777 66.6344 61.4782 68.4993 66.5289 68.0834 72.7055 70.4376 75.8626 71.4196 73.4764 78.2903 78.0792 81.6329 83.453 88.7851 92.2365 90.9762 94.2165 96.6283 94.6355 96.1996 92.873 94.7219 93.7047 88.4109 89.5144 89.2138 86.5685 84.6877 85.0235 85.0811 85.0971 81.2011 85.2954 87.7584 86.4373 90.1926 88.6508 91.1873 88.2286 90.8739 88.3117 88.0526 90.8931 88.8555 91.8143 91.2257 91.6 91.3857 94.7858 99.491 98.2692 104.74 111.739 113.914 122.614 133.039 140.591 152.071
150.38 137.301 128.76 124.122 116.642 109.417 106.063 100.748 97.0514 95.8064 91.3296 88.3783 86.3915 87.8623 87.6236 87.8945 83.8306 84.9272 85.0723 87.2108 86.6786 87.7784 92.1714 86.8302 81.0406 86.427 86.5399 82.5727 80.5375 84.7562 80.6504 85.8884 82.4211 86.1754 88.9299 88.4945 87.1817 85.8593 94.026 91.6876 97.7835 96.603 94.4969 91.8456 92.3004 93.4389 90.0233 81.7599 84.7821 84.3886 81.5793 78.0701 75.4543 73.8997 77.883 75.0737 70.2453 70.4485 68.5713 69.6325 69.2971 66.0265 68.3036 63.772 63.343 64.3751 64.3332 62.1077 58.7662 56.4375 58.1308 52.7154 55.2828 50.5028 47.571 50.0545 50.0739 49.3223 52.7961 58.5727 59.063 57.7986 59.8629 62.198 62.0529 62.3496 60.9595 68.4939 67.3554 70.6807 69.7325 71.1645 69.6809 65.9298 70.4227 75.9639 77.6637 79.9472 77.5992 84.8337 82.2792 81.8018 89.9878 85.9367 92.6068 95.0549 95.3484 91.5811 91.9972 91.3134 93.0551 90.0007 93.568 88.2203 88.9073 89.5137 81.6405 83.279 81.8308 80.4762 81.8792 84.7821 85.6884 84.9756 82.9952 83.9757 87.3301 88.288 89.5975 83.9402 91.5328 88.6138 86.7495 81.0245 90.5426 87.9107 83.3564 85.0917 91.3586 94.5936 93.2293 98.9834 101.77 106.673 110.092 114.752 124.399 128.241 139.694 152.325
149.729 139.677 131.361 122.255 117.182 112.067 103.211 101.296 99.4649 93.1038 89.92 86.1151 92.9412 87.1265 83.9785 84.5736 86.1021 83.6338 82.45 83.9232 88.1541 83.5134 87.3704 84.7947 86.3623 87.2501 86.1248 87.0062 79.1296 82.4435 80.5735 83.5037 81.9264 84.5443 82.7297 85.8809 89.2013 89.7379 86.1541 85.8061 96.4535 96.0892 95.0225 96.2161 100.854 95.1591 94.1868 89.7607 91.6729 90.0469 85.4907 85.6533 85.3118 81.1101 80.2776 78.8337 80.0467 75.3962 72.2027 73.2856 73.5003 71.4124 71.1588 70.7328 67.136 64.014 68.2774 63.6692 62.518 61.3115 57.9878 54.0171 53.2528 53.1032 48.9113 48.9471 51.565 55.2626 57.3114 63.5684 64.2774 64.4237 65.8026 66.8693 64.014 68.5961 67.5295 70.5604 74.684 73.3247 74.697 78.7751 78.3881 75.354 83.598 77.2109 80.5475 80.3719 86.398 83.2565 89.055 92.6843 93.6241 95.2177 97.2405 94.6713 91.107 99.5332 94.912 95.7868 93.8128 92.2127 88.0078 88.0793 83.9395 85.1265 87.7541 85.6891 78.1898 77.445 82.9281 80.4402 86.2647 83.1459 91.6111 87.6826 85.8744 88.759 84.0338 85.0842 80.6614 83.8289 84.7622 83.7638 82.1053 85.2663 86.2094 87.6696 89.1428 92.681 96.2063 99.4389 105.507 108.197 110.22 116.398 122.603 136.298 144.552 152.409
150.392 141.034 131.689 120.938 117.709 107.443 102.029 103.702 103.446 97.0588 93.2259 91.5832 88.3602 84.6715 82.2452 85.8617 79.7697 77.5565 80.6321 81.4222 82.2911 81.278 79.0058 79.7665 83.501 85.4027 83.6223 86.865 80.2156 85.1994 81.0747 81.7829 78.9172 79.0943 80.5304 79.9894 77.6221 83.2912 87.2683 83.8223 87.1011 91.7242 92.1439 90.4914 95.3702 92.3767 93.8882 97.3768 90.3012 92.1406 88.593 90.1504 88.6356 90.8881 86.3863 87.347 83.2682 78.0451 78.5467 78.0385 77.2319 74.5105 75.1302 80.5042 74.9565 73.9958 72.0187 69.7629 71.3432 67.9005 68.071 62.1495 61.7987 59.6806 59.4871 57.9625 61.6315 64.4545 64.1987 65.6349 68.5235 67.7333 68.0021 70.1498 73.7925 75.0679 74.7663 78.409 74.3105 78.9271 75.2319 83.3731 83.7403 83.583 88.8192 89.7012 82.5075 94.1833 87.97 89.6094 94.0948 97.1768 92.2718 95.0391 93.5964 94.9079 92.698 92.1504 92.3013 87.6093 88.934 88.4028 84.3797 82.8452 81.8386 80.573 80.4222 76.0844 81.6091 82.3108 84.6223 83.6748 85.8289 86.5568 87.5306 81.478 82.6715 80.4386 85.3666 78.0189 77.6647 78.9304 81.4649 83.4846 80.9009 82.4878 85.2912 87.9175 86.9109 92.9898 95.8456 99.4097 103.849 106.272 111.443 114.023 121.666 133.912 140.86 148.601
148.847 142.471 129.969 121.21 118.225 111.098 107.954 102.451 100.398 100.762 97.3537 91.4038 89.675 86.5116 86.8785 80.4262 81.8773 80.294 75.2035 78.7338 80.9947 77.2529 77.3223 81.3154 79.0511 84.525 77.2199 83.5301 84.1846 83.0739 80.5551 83.821 81.4476 78.8627 80.0725 77.6463 75.7952 79.2792 82.9648 81.1038 84.3432 89.4238 88.4619 86.0918 90.7096 89.0337 96.329 93.5887 92.0748 91.5492 89.2982 89.5263 91.7442 87.1496 85.4572 82.8359 82.3599 83.9433 86.9909 81.3055 83.5334 80.6378 80.1089 80.099 78.6379 81.246 76.3538 75.1506 78.1057 76.367 70.8204 71.8088 71.7856 69.5478 65.7167 63.7136 70.0734 70.4568 71.7625 75.2432 72.6484 75.7787 75.1837 79.7585 76.1224 80.3237 84.9977 77.0315 80.3733 83.4441 83.2755 81.398 83.0871 84.7267 87.8041 88.7924 89.0602 87.3578 93.4796 90.1708 90.227 91.5657 89.8237 92.8053 91.2418 88.7957 90.0485 82.7632 81.9434 87.1298 82.5748 81.6294 79.6692 80.7733 80.1419 76.8992 84.5944 83.3185 85.0837 86.9942 85.7481 83.6788 82.4921 84.5416 80.6774 76.3208 79.3684 78.8792 75.782 77.0248 81.7947 82.1318 80.1849 85.8638 81.9302 85.2225 86.6273 92.3591 92.5574 95.2679 100.471 98.3288 105.998 104.639 113.081 112.172 124.399 126.984 136.778 148.682
148.477 141.676 128.584 120.346 116.911 106.151 109.77 105.968 102.339 102.462 98.3537 96.421 97.7772 91.7059 91.9125 88.9035 81.506 83.0088 81.0328 77.3674 77.0708 76.9542 76.7209 74.4383 75.8879 74.365 71.8792 74.8016 75.9012 83.3653 80.8295 81.4993 79.7166 83.9285 80.0898 76.9442 78.8769 77.2541 77.9172 79.7965 84.4383 79.7266 81.0894 82.1691 87.0974 92.259 88.2737 87.8472 90.4763 92.4423 91.4226 90.0531 94.7515 90.6529 87.6073 88.7236 92.0658 83.9718 84.2417 82.8489 82.6156 82.2291 85.4713 84.1284 83.342 84.8015 82.5556 77.3074 78.3104 75.598 75.508 73.8252 68.8436 66.551 63.1455 63.6853 66.1811 68.0705 67.6973 75.6679 76.1244 77.8072 77.2674 79.0168 83.8252 78.7469 83.0888 80.6463 82.9122 82.419 80.1997 86.5909 87.2507 87.4406 93.0288 90.5996 89.7499 90.0964 93.1721 92.6056 91.1361 93.222 92.6989 88.5303 90.0631 86.6542 84.0118 86.7709 77.6106 79.9965 77.5673 77.7506 75.348 81.446 78.0805 77.8972 80.5496 79.3434 79.5533 77.584 76.3944 78.8569 74.1351 73.7419 72.8955 76.4977 72.9888 75.3514 80.0031 78.4803 79.5966 84.2484 78.2104 86.3244 88.427 90.4296 91.0694 94.8115 97.1474 99.1867 98.6635 101.539 107.144 105.814 110.616 113.292 119.923 126.051 140.433 148.137
149.328 135.452 126.662 118.432 117.284 109.437 104.459 98.8532 104.392 101.688 100.862 98.0303 96.9487 96.4045 89.8278 91.5811 84.954 85.5586 84.5912 83.56 77.2956 80.1742 76.2711 75.0183 72.798 73.369 74.9914 73.7217 71.2495 76.4122 77.3729 75.7136 77.7692 80.7486 79.3949 78.4309 74.0979 75.7841 76.1267 73.9132 76.8086 76.2006 79.1833 78.3066 79.8753 80.2515 86.0691 86.5327 87.3455 92.3268 91.6953 89.6464 89.4281 89.559 88.9343 84.8733 83.8657 82.8479 80.6646 78.6996 77.833 76.7615 80.5303 76.5432 80.6142 79.1363 76.7313 76.6708 75.0115 76.7851 73.3657 68.4919 66.4328 63.2922 62.1737 62.7884 64.2697 64.7164 71.7903 70.9069 72.0355 78.2865 70.7188 76.8354 79.8282 78.2495 76.204 78.2059 78.4007 78.5552 78.4444 78.572 86.845 89.3575 82.7471 88.6924 85.5283 95.1013 92.609 91.5845 90.1368 86.7073 86.1632 84.8196 79.3681 80.2951 79.0154 79.3815 78.4679 76.1065 77.6382 75.0619 75.7068 76.6708 78.216 78.4175 79.6972 76.6171 76.8858 73.0936 70.6785 74.0542 70.2083 77.917 71.5317 78.7399 76.476 72.929 77.7491 80.6377 83.0461 85.048 86.9324 88.0979 87.678 94.2884 97.9161 100.358 94.4194 100.502 101.255 100.596 104.009 103.25 106.861 111.963 118.61 127.787 137.454 147.84
150.305 139.576 127.825 120.979 116.825 112.434 103.716 101.867 97.5673 99.7443 95.0653 95.4953 96.924 96.3417 93.8262 91.7034 98.0481 93.8871 92.5566 88.1417 86.6114 85.4433 83.1174 78.1371 75.9026 76.9759 73.4277 76.4612 71.3794 74.5822 71.2846 72.5407 74.9919 74.7515 75.9805 76.2005 79.5252 76.3089 74.9106 73.8577 74.7718 75.3237 72.6422 71.5622 74.0337 70.3062 74.1929 75.8451 76.4748 80.0026 81.6988 84.5394 82.6874 85.985 84.6037 84.8745 84.5834 83.588 81.8986 83.8182 75.3575 75.283 81.9764 74.1116 78.5806 80.6967 82.3353 78.0728 76.231 80.4326 76.7219 72.3206 79.7453 69.9676 68.4644 70.7361 68.7758 72.0396 76.2953 75.8891 76.5323 74.1827 81.9663 81.3704 74.4603 75.7029 82.078 76.7829 75.5674 81.6108 85.4569 88.3888 85.8564 84.1128 83.7979 86.8281 86.9703 83.1106 82.8161 82.0679 85.6262 83.8792 73.597 70.7327 71.8331 70.9663 71.3929 69.5681 73.5631 71.5995 72.131 78.3877 79.0072 76.5933 79.5219 73.8848 74.5551 74.7007 71.8534 69.7306 67.2151 70.946 72.1649 73.8882 73.966 73.5056 79.8536 78.4012 84.3024 83.4187 86.0426 92.5159 89.4926 96.6193 96.2604 94.8927 93.4673 94.6252 97.0628 93.684 89.804 101.826 98.5356 99.3075 106.773 112.505 118.585 129.44 135.696 148.599
148.359 135.972 127.291 120.183 116.33 110.843 104.203 105.984 102.275 98.2108 97.3202 98.1699 96.9994 96.8971 97.4499 95.4468 98.2961 94.7132 95.7471 93.9659 90.0553 88.5334 86.1379 83.2852 81.1388 79.7022 77.7708 75.273 73.5156 72.5704 68.2367 67.8375 75.1467 71.8197 72.4612 70.7721 69.8917 73.3382 75.1536 76.8529 75.5426 70.3353 73.1846 71.9391 70.9837 70.697 69.3321 75.5631 79.7739 77.2556 78.8901 81.8247 81.9783 78.4021 84.8617 87.5268 87.6803 85.8411 86.6464 83.6844 84.3669 81.0842 78.8423 80.1049 79.8114 79.3439 75.2184 79.3576 78.5147 76.4605 76.1397 77.7231 79.0266 70.523 69.6358 70.5776 71.127 73.6385 77.9824 82.2478 78.4601 78.136 77.0304 77.979 81.8179 77.1225 84.2236 84.1826 82.9781 84.0871 86.213 91.8638 88.1751 81.6643 86.9467 85.6534 79.6272 84.6126 81.4255 80.0708 78.6649 72.7922 73.9217 71.9426 73.99 67.7829 71.6696 69.6836 70.1306 75.5119 73.9593 74.6042 73.8023 70.7107 70.622 66.4077 67.0322 69.1205 68.1685 70.5469 74.437 72.7786 73.0072 74.4199 74.7475 80.644 82.5038 84.2031 86.9296 93.6041 90.3078 95.2284 93.7543 96.6002 98.8114 92.6862 96.0986 94.3583 100.46 101.708 100.504 102.544 103.104 108.011 110.267 115.914 121.558 128.038 136.828 146.195
150.469 137.511 128.191 122.829 116.371 111.666 109.919 100.472 99.9322 95.9704 99.7362 93.453 97.3632 94.4744 91.3071 94.9868 93.7419 93.625 95.9739 95.4099 90.5126 94.1408 95.4993 89.5153 87.1148 82.3139 85.7461 81.3785 77.7056 79.9822 80.2402 77.7915 75.8038 71.8385 70.1671 69.242 71.8936 78.5619 75.4358 73.4343 78.4553 76.4125 74.9681 76.8252 74.3422 74.6586 71.6907 72.9665 73.197 74.6379 75.9688 79.9753 82.1867 80.9348 83.2459 88.8653 87.3212 86.9945 88.8928 94.0136 88.4526 89.9693 90.2066 87.6101 85.636 84.9826 85.2509 84.2914 85.0101 84.9517 87.7201 80.9073 73.4515 73.6406 70.3907 69.3177 69.3934 80.7973 80.3433 81.6777 83.1943 83.1221 88.5833 87.0976 85.7427 88.1603 86.2688 93.3533 88.8172 89.7904 89.3262 93.0266 88.4182 87.5894 85.9112 81.9666 83.5348 77.2722 76.6463 76.2508 76.9868 72.0724 73.5821 73.2451 70.0502 72.4541 77.0074 78.5378 78.3865 76.5363 78.3899 74.4797 71.529 70.879 71.8454 72.5882 78.8439 73.3311 75.6077 75.2294 74.7308 82.0594 81.6227 83.4144 85.8768 89.3846 86.4649 92.1393 88.8481 98.0132 93.4977 95.7572 95.8088 93.4221 93.0575 93.6284 97.8103 94.5054 99.6124 100.379 98.2883 101.542 105.792 110.555 113.272 115.233 123.215 128.215 141.067 146.566
151.329 138.336 125.416 121.465 115.715 111.203 106.046 96.6084 98.7849 97 93.1114 90.3284 88.8173 94.5428 85.057 88.8312 90.5017 88.4638 90.8102 87.7395 95.1874 95.1701 94.6987 89.8397 95.2117 92.2034 90.5918 89.5659 90.2452 87.5558 85.0119 81.2723 87.1919 80.3227 77.0441 77.3803 80.0697 76.4757 74.7186 79.4494 81.3625 76.5728 78.8983 78.7493 79.536 75.4949 75.6474 76.3406 77.3664 72.2094 70.0155 76.5693 80.3539 81.9794 85.1298 84.7347 88.696 85.3342 93.1322 93.0352 91.3127 97.0693 94.9275 97.4159 96.3589 95.5236 95.5097 87.6528 89.3823 92.297 83.7192 81.2862 76.292 70.7607 72.7847 69.0486 69.8804 74.9542 83.8959 85.0466 86.8003 90.3492 92.4391 94.0818 97.4124 97.506 97.2773 94.2343 93.4095 93.7491 94.8894 94.1616 88.6648 84.5822 82.9844 80.8842 78.7839 76.5832 74.3408 77.6541 74.5661 76.6525 74.4586 74.0046 74.8468 75.6717 80.2742 78.4235 77.5605 75.4741 74.5903 76.7461 74.0358 77.6125 78.7077 82.6171 81.6189 81.0644 87.1919 78.5517 83.844 88.3564 91.9123 91.6385 88.0133 91.1255 98.3239 95.3954 96.6534 92.543 86.6512 86.2457 94.165 89.2956 89.2714 88.9386 90.5953 92.5014 91.7736 93.9709 93.0837 92.9347 97.3258 99.2146 113.657 113.899 120.938 127.97 140.475 148.595
149.38 138.271 126.11 122.268 115.13 108.724 106.451 98.6731 99.665 96.0642 89.8162 92.9734 89.3272 88.3668 88.6672 86.7288 87.2876 85.2655 89.3133 84.6054 91.3145 93.0921 92.4984 95.8826 93.8884 91.1084 89.9873 90.0397 91.056 87.3156 86.4669 85.9919 83.652 81.3749 84.5775 80.3027 78.1199 81.6787 83.5367 80.2642 83.3167 81.6543 84.12 81.794 81.3993 81.057 82.1677 77.8579 78.8533 80.6903 78.6891 78.284 80.7986 79.9883 84.0641 86.4739 87.3505 87.2213 89.5717 99.9234 97.8699 101.481 96.1096 105.096 101.345 103.772 101.429 99.3577 95.942 87.6788 86.4599 82.8138 78.8149 74.4143 73.3107 74.0057 75.9021 76.9848 88.3109 86.5996 94.7301 99.6964 100.496 103.384 105.194 102.571 106.598 99.4974 99.7314 94.5031 96.19 99.7837 89.5682 86.5472 87.1235 83.4145 82.1432 81.6612 79.6845 77.4423 80.7637 81.7835 76.1501 82.5588 83.5123 80.9139 77.3166 84.3854 81.5111 79.7299 83.9628 77.6833 80.7357 81.8463 85.255 82.7544 86.1316 82.468 87.2318 87.0047 88.6637 91.8453 93.4239 90.9617 99.1062 89.7917 94.7406 89.226 92.3447 88.9675 88.1922 85.9849 83.6799 89.1177 85.2829 87.34 86.0024 88.5344 88.7265 92.1212 91.9257 99.2354 102.026 106.985 107.883 113.387 119.143 128.24 140.489 150.819
148.566 139.191 126.047 120.532 117.921 105.903 102.827 98.1222 97.7421 96.3063 95.5954 95.9825 93.9167 88.733 90.1618 90.1301 91.0732 90.6861 90.3061 88.367 94.9619 90.2955 90.3659 93.8182 92.8082 95.2083 94.4305 95.789 90.1829 87.7406 90.014 86.8396 90.4996 87.188 84.2178 86.0971 88.2966 85.3616 86.6883 85.0061 84.0032 84.2178 80.1848 79.8505 82.5603 90.6685 89.3453 86.8326 87.2936 88.0502 92.9208 88.7119 86.8115 93.8851 89.7113 96.8764 93.0369 94.0223 94.3918 104.963 107.04 104.151 108.996 108.891 107.765 112.97 107.649 105.615 101.712 95.9544 98.7944 90.2005 78.3056 77.1267 77.4927 80.5684 81.8952 86.3646 89.8098 97.077 95.5356 105.752 100.142 109.155 110.418 110.95 106.688 107.033 104.573 106.452 103.404 101.775 96.2605 91.8827 93.2024 92.6322 91.5096 87.1423 88.2755 90.5418 89.5881 89.9893 86.4138 88.6415 88.5852 82.4723 84.1088 80.4523 83.0002 87.6104 79.3226 88.7752 87.4168 82.3703 79.9209 87.9236 88.1312 89.377 93.5332 92.1079 95.2928 96.7286 97.1051 95.1696 91.1788 90.4855 94.3531 88.2614 90.1019 91.8334 90.2955 92.0727 87.0015 87.3218 88.5605 89.6339 89.282 90.5735 89.8697 93.3572 92.5654 99.3257 100.089 105.002 106.16 114.997 121.359 127.191 137.977 149.01
148.109 139.117 129.649 122.057 115.387 110.079 106.544 106.661 101.668 99.5761 93.502 91.2433 90.0731 93.197 93.6226 87.5201 93.1332 89.5838 88.9313 88.5377 93.1403 88.6051 92.6971 92.073 96.2359 96.2146 95.6012 100.101 98.7499 97.4521 99.5549 97.4663 101.023 96.4096 94.5516 95.8281 93.4027 89.7221 86.3676 86.7861 86.9527 85.5875 86.6513 81.6197 85.0627 88.3675 83.7366 90.9773 91.9737 97.367 93.4736 94.892 96.9344 98.0691 100.431 103.303 105.058 105.047 102.374 106.335 106.604 112.586 108.686 113.185 113.611 109.001 110.359 108.994 105.689 108.501 101.541 103.647 92.6191 87.1265 88.1016 83.6408 89.0767 94.1261 98.406 105.381 100.892 108.533 107.21 105.916 113.075 114.153 110.859 115.104 108.831 112.395 109.136 104.391 101.526 103.236 103.207 99.5336 94.3424 94.2147 97.1826 92.6723 93.3779 89.0412 90.3036 84.9315 84.0805 82.3253 86.9421 90.1795 87.8037 87.5945 88.6299 88.7008 90.4525 89.8781 94.0835 93.6828 101.782 97.0692 99.491 101.913 96.165 96.8954 98.5833 102.129 96.7181 95.392 93.3531 95.0941 89.676 91.5376 88.4739 89.0271 90.7007 88.2505 88.5377 88.8746 97.6011 92.4205 95.7217 96.3529 95.0267 99.0833 100.211 107.547 105.555 115.99 119.118 130.837 136.975 148.57
155.398 140.293 135.509 127.153 123.016 119.082 111.462 110.515 108.132 104.092 104.506 102.456 105.421 101.57 95.4425 94.5779 94.9137 93.967 92.7666 88.3866 95.8998 90.6373 96.6107 94.0206 97.3788 100.037 103.634 103.084 105.503 106.493 110.783 111.019 114.406 112.362 109.197 110.183 112.92 107.018 107.754 104.203 97.6825 98.3792 102.963 100.233 101.709 96.5321 98.2684 100.065 102.673 101.173 104.978 106.903 107.232 105.017 109.158 112.305 115.499 108.125 112.92 109.687 110.158 113.248 115.017 115.378 115.192 115.371 120.533 118.45 117.189 119.297 117.711 111.63 108.415 105.114 99.3366 99.4259 103.767 108.815 113.277 114.62 118.954 117.135 123.134 118.425 119.022 115.874 116.157 111.255 116.553 112.805 111.112 109.018 114.124 109.068 108.725 107.043 108.168 108.472 105.131 103.538 101.119 98.8972 101.091 97.8433 97.2431 102.009 95.3817 98.0755 99.1973 101.266 103.227 104.495 107.739 113.173 112.212 111.68 109.754 110.687 112.541 111.219 106.689 108.332 102.22 97.2752 101.559 96.1677 97.5646 94.6029 91.016 96.8144 93.6562 96.6929 93.2024 92.3486 97.2288 99.258 101.209 99.1866 99.4903 100.308 104.638 105.596 106.028 112.098 118.404 118.768 125.102 133.216 141.611 151.94
161.894 153.94 146.446 143.592 133.978 128.644 123.547 120.765 117.799 115.071 111.417 113.984 110.496 111.626 111.633 113.051 110.319 112.954 109.121 105.424 107.015 107.937 110.19 102.998 107.616 108.448 111.025 110.327 107.735 114.739 116.269 119.966 122.035 114.649 120.452 123.014 122.222 120.772 118.839 117.554 118.407 118.227 124.166 119.771 120.815 121.114 123.09 119.714 124.764 121.621 118.691 121.463 123.234 121.582 118.814 120.588 121.956 117.371 114.855 113.526 114.75 112.191 112.436 116.993 120.182 120.538 124.854 124.346 127.69 120.901 125.602 126.128 120.585 117.828 114.182 117.925 120.48 121.02 122.924 127.607 127.636 127.308 124.432 123.252 119.987 123.101 117.183 114.991 114.239 114.822 117.021 118.4 118.299 117.928 123.666 119.077 119.742 124.681 122.168 122.183 123.572 119.933 124.346 119.44 123.669 117.781 118.918 120.416 120.786 118.234 115.967 120.282 117.403 122.892 124.364 123.209 120.948 119.239 120.876 117.011 116.633 114.3 109.816 110.06 107.274 104.856 108.772 102.98 110.049 107.411 109.78 103.441 107.947 107.732 110.532 109.009 113.174 116.597 113.548 113.962 113.843 119.591 123.169 122.237 128.183 128.827 142.375 144.959 152.81 160.688
164.985 158.509 152.102 146.405 145.328 140.759 135.273 131.361 135.052 132.731 130.853 129.399 128.387 126.429 124.391 124.569 123.706 122.905 124.341 123.481 120.722 123.409 118.314 119.786 121.179 115.174 122.683 122.607 125.795 121.142 121.53 129.051 131.944 131.107 129.189 131.633 131.923 136.669 134.018 132.376 136.64 134.439 134.874 132.619 136.604 138.794 138.852 137.075 134.711 135.317 134.28 133.268 135.03 132.865 129.214 132.01 132.713 134.225 128.953 127.981 125.621 127.267 126.6 126.121 122.219 123.401 126.19 126.052 131.361 130.762 130.149 128.434 125.588 120.588 122.814 119.616 123.42 125.584 124.409 123.514 125.689 122.705 125.744 129.968 129.044 121.077 125.069 127.513 127.14 129.979 128.318 130.693 131.709 134.018 128.532 128.355 133.837 132.459 134.765 136.524 132.354 133.29 138.217 132.249 134.631 136.684 137.703 136.484 134.58 134.294 137.362 134.918 134.294 135.378 129.758 131.85 127.858 127.484 124.37 124.428 124.667 122.818 122.339 121.886 120.439 121.581 120.573 123.42 124.609 121.356 124.942 122.894 120.798 123.67 125.751 124.71 128.681 126.654 127.677 129 129.156 132.525 130.907 139.653 139.534 146.013 148.381 155.844 157.918 162.845
161.324 158.124 154.61 149.821 149.525 145.361 143.663 144.01 140.792 139.199 140.73 138.027 137.278 137.051 134.502 132.31 131.919 131.313 134.023 130.403 133.789 131.108 129.516 134.089 132.273 130.093 135.013 133.179 131.17 134.845 132.42 129.727 136.215 136.62 138.633 143.871 145.763 145.058 149.832 151.684 150.095 146.435 144.616 147.597 146.358 146.559 142.724 142.823 136.788 135.046 132.482 133.314 135.334 135.433 132.328 131.747 133.26 130.553 134.005 129.709 131.755 127.51 131.313 130.582 131.411 131.773 131.459 131.046 133.778 133.011 134.724 136.536 133.278 131.101 128.358 124.657 130.951 132.23 136.624 133.22 131.028 130.655 127.28 130.59 128.438 134.805 129.242 133.187 129.143 129.87 127.255 130.743 129.779 133.256 133.26 131.572 136.167 134.951 133.26 137.555 135.451 136.405 138.052 142.424 143.75 142.066 146.227 147.001 149.215 145.16 148.481 147.341 146.351 145.84 142.118 142.958 136.302 136.602 134.144 133.526 133.267 133.424 133.413 133.811 131.229 134.706 132.975 132.569 130.469 132.058 134.049 130.159 132.105 136.459 133.665 129.037 138.691 138.622 137.785 138.523 139.338 142.037 143.659 146.844 148.63 146.738 150.004 149.167 157.518 163.099
160.991 153.835 149.673 148.591 142.322 143.264 134.37 139.86 138.223 131.228 132.792 131.684 127.291 131.408 132.332 129.992 131.544 131.817 128.98 132.402 131.184 126.713 131.736 129.028 128.479 130.834 128.513 129.083 126.728 129.094 127.641 126.82 127.313 136.136 134.466 138.929 138.804 143.819 144.783 149.383 148.698 147.62 146.807 143.944 144.5 139.735 142.108 134.172 133.863 134.922 128.406 130.297 127.159 128.656 125.882 132.041 126.011 124.565 126.036 122.71 127.593 126.548 125.547 128.233 127.14 131.846 134.775 131.6 135.209 139.838 139.113 138.234 140.839 135.478 133.966 135.036 133.55 136.339 136.644 138.26 136.206 133.903 132.343 130.165 132.188 128.089 125.576 127.891 126.743 123.398 123.755 125.157 123.674 123.549 124.3 128.417 125.959 128.45 127.449 128.73 131.044 134.245 135.272 137.284 141.221 144.408 142.899 149.67 147.182 147.241 144.106 147.819 140.776 140.357 134.448 133.005 131.445 133.741 128.56 128.579 127.961 129.403 129.914 128.406 127.784 130.455 129.749 130.68 128.321 129.392 130.389 134.93 131.029 130.437 133.094 129.168 128.829 132.181 133.818 132.199 131.659 136.825 137.516 140.728 139.967 145.905 147.142 150.762 153.047 160.84
161.938 156.304 150.248 147.632 143.158 139.697 137.266 137.284 132.17 131.228 132.151 128.923 125.361 124.353 122.808 120.206 120.517 122.089 116.307 118.031 117 112.731 117.445 115.762 118.375 117.056 117.182 117.36 118.72 119.494 118.286 120.217 122.889 123.771 122.178 129.234 132.073 134.719 135.872 134.723 137.751 135.542 135.698 135.294 135.201 133.422 130.902 128.286 127.344 125.243 122.396 123.938 124.861 125.413 125.643 126.025 124.854 124.824 124.835 131.021 128.63 127.581 129.49 131.643 130.646 134.141 137.918 134.286 133.956 135.579 139.526 139.03 134.26 135.349 128.475 130.216 129.857 134.323 136.005 140.038 139.078 136.724 135.709 130.335 128.393 128.775 132.17 126.503 133.73 123.545 131.921 124.872 127.993 128.697 125.969 122.819 123.449 122.9 125.543 126.644 125.702 127.333 129.105 131.091 134.69 134.608 137.473 136.128 134.464 135.872 135.335 136.202 136.287 131.217 129.101 126.077 125.221 121.511 122.815 122.211 118.457 118.968 121.01 118.472 120.299 121.055 115.829 118.616 116.889 118.82 115.888 121.555 113.679 118.386 122.556 123.467 121.381 128.682 130.657 127.759 131.113 136.951 136.25 139.419 137.403 143.444 148.225 151.045 155.507 161.267
158.435 151.839 147.669 139.812 137.057 136.829 132.006 130.748 132.745 129.58 126.056 122.342 124.074 122.084 117.112 115.921 114.977 112.797 111.882 111.094 108.369 107.421 108.511 104.928 105.062 107.563 108.549 108.414 111.005 110.538 112.658 115.906 115.656 115.705 117.478 115.096 113.357 117.955 115.462 119.415 122.7 125.369 122.566 127.713 126.866 127.65 127.209 131.237 129.55 132.913 131.547 128.941 128.911 125.675 127 124.335 122.846 124.622 127.206 125.38 122.737 125.869 124.081 129.595 127.172 129.598 130.046 130.001 134.765 130.136 129.848 129.348 124.145 123.947 119.882 116.873 118.161 128.534 131.887 129.266 132.025 136.474 130.602 131.009 125.574 123.898 126.713 123.129 125.096 120.262 122.577 123.282 125.492 124.376 121.909 126.709 124.096 127.388 123.473 130.252 131.009 127.683 128.042 130.606 128.501 131.323 125.735 124.809 121.808 120.427 122.633 121.487 117.881 120.098 121.696 117.086 114.697 117.948 114.211 109.795 112.02 111.165 105.096 110.497 105.279 108.004 104.024 105.499 106.473 108.34 111.74 108.944 113.939 115.6 119.65 120.923 124.454 125.619 124.663 126.399 128.639 133.29 131.763 132.499 134.735 141.211 139.733 144.873 153.22 161.5
153.922 146.173 138.846 130.661 127.086 122.131 120.608 117.66 116.126 113.326 119.119 114.359 117.739 114.687 111.077 112.427 112.134 110.393 106.964 109.017 107.269 103.122 104.506 101.208 106.701 102.517 100.716 107.34 103.13 105.69 103.062 107.543 107.355 112.051 105.679 107.863 109.506 110.66 109.611 111.788 115.547 116.386 120.724 121.529 126.048 129.443 124.623 124.977 126.984 122.416 127.473 116.288 119.078 119.863 117.303 117.424 111.747 114.089 113.201 115.965 115.717 116.235 119.104 122.747 122.544 121.965 124.48 127.052 126.68 124.886 121.63 115.04 107.536 100.934 103.464 104.333 105.257 109.431 109.258 122.018 123.984 123.77 122.728 128.68 126.056 119.574 121.747 116.138 108.878 114.405 113.378 110.78 114.811 115.875 115.728 115.89 113.446 121.108 120.424 124.871 122.92 126.619 126.657 126.428 122.589 123.946 122.003 118.48 120.296 115.807 110.243 109.63 112.119 111.938 108.825 104.276 106.167 109.498 103.4 101.344 102.618 100.408 101.998 104.039 98.0841 103.87 103.457 97.1442 107.1 100.032 104.592 109.066 108.84 111.626 110.04 114.393 113.371 112.408 113.359 117.491 113.059 117.563 119.254 122.709 127.127 129.529 134.883 137.876 142.891 155.707
152.338 144.27 135.326 127.508 122.093 118.428 115.509 112.522 114.612 109.311 111.518 112.983 106.482 104.468 108.633 109.008 106.134 109.303 107.406 103.468 103.654 106.842 104.983 103.237 102.454 100.689 102.094 102.037 100.867 104.843 106.827 106.391 104.767 106.441 111.715 107.656 110.734 107.047 105.494 109.133 110.151 111.855 106.414 112.923 111.185 108.557 115.183 114.896 116.641 114.426 111.647 115.747 113.529 107.44 106.994 109.303 108.591 102.007 106.456 108.413 106.577 111.261 108.376 114.032 113.949 116.41 114.839 120.579 117.856 113.385 111.654 107.887 101.738 94.8887 88.2437 91.3447 94.8698 97.7095 105.914 107.948 113.801 116.876 118.92 115.694 113.415 113.23 115.558 111.832 109.015 107.206 108.338 108.213 106.115 107.694 106.634 106.588 107.959 110.238 113.491 112.605 115.956 117.591 114.873 116.857 113.343 113.453 110.261 112.306 113.165 113.048 108.694 106.766 111.473 105.619 105.649 105.612 109.595 105.729 101.602 102.938 106.812 100.701 107.474 103.518 105.623 99.0006 103.306 100.326 101.2 107.49 104.139 107.815 108.383 110.886 110.522 106.948 106.63 105.335 109.496 112.991 111.034 111.48 115.755 119.026 123.952 128.193 128.681 136.47 143.778 151.297
151.285 141.619 133.925 129.406 127.439 117.357 119.851 116.583 116.202 112.015 116.068 112.713 110.719 107.615 110.978 104.645 106.174 104.873 104.145 109.06 103.958 109.472 107.577 107.603 107.295 107.253 106.639 108.175 106.681 103.848 104.381 103.931 103.268 103.806 99.5275 103.066 105.159 97.2396 100.999 103.1 100.751 100.629 99.2148 102.029 105.098 102.185 106.776 106.585 108.053 108.709 107.264 108.008 109.361 109.3 105.224 102.963 101.796 100.336 101.419 103.977 103.832 107.401 105.525 107.081 110.082 109.27 109.525 115.104 112.48 109.784 108.587 100.565 96.6715 86.0751 83.6157 83.6233 87.8863 98.5208 102.315 108.671 106.2 107.092 115.988 110.513 111.676 111.252 109.056 108.641 103.649 102.669 105.998 103.409 105.506 102.067 102.513 106.768 103.066 110.993 106.177 109.952 107.939 105.727 104.347 107.798 103.211 103.745 102.471 103.882 100.469 101.667 99.0661 99.7181 101.861 101.853 103.668 106.124 104.195 101.495 104.919 104.183 105.876 104.599 111.081 107.18 107.264 106.681 105.64 112.686 105.445 104.359 106.707 107.455 102.341 102.837 104.118 106.479 111.31 110.04 112.606 109.906 120.118 115.813 116.305 116.819 123.63 125.532 128.644 135.008 142.512 151.808
151.708 144.524 135.239 132.041 126.258 125.92 122.315 121.435 117.354 116.966 113.472 112.285 109.079 110.062 111.805 111.375 108.227 107.735 109.425 110.258 106.318 105.093 107.447 106.41 102.571 106.641 102.379 100.543 102.97 100.82 100.394 96.1085 97.4178 96.4195 96.8457 94.5572 90.729 93.1519 88.1986 94.1118 88.3791 93.8277 94.8951 89.7345 95.1946 92.2995 95.425 96.8035 97.2066 98.6312 100.536 100.129 103.561 102.59 105.408 99.7869 104.663 100.762 102.517 104.045 102.978 105.635 108.008 109.624 107.082 109.382 108.303 106.172 104.437 105.04 105.704 98.8577 93.9314 87.7225 84.3512 83.7906 86.2634 95.7744 100.662 102.256 107.762 107.82 107.386 106.956 111.64 108.68 104.552 111.832 108.588 100.781 104.249 105.923 103.607 106.015 100.712 104.333 98.7502 104.352 107.363 98.5544 103.592 94.7915 94.5534 92.1728 93.6587 94.5342 93.5858 93.3554 89.0703 91.6045 89.2238 91.0554 90.6829 92.5299 94.3614 98.0552 99.9789 97.5023 96.792 97.2374 104.917 103.189 103.385 105.216 104.648 103.089 108.495 106.468 104.026 107.282 112.754 109.213 105.212 107.24 107.758 112.788 113.357 112.496 110.899 118.486 116.494 117.864 119.588 120.353 124.834 129.814 132.275 140.765 146.851 154.15
159.429 149.337 143.739 139.285 134.676 130.983 122.806 121.6 126.282 122.574 113.867 116.678 115.75 117.528 112.765 111.114 110.963 109.753 106.265 107.835 107.823 110.085 108.829 104.255 106.285 98.9577 98.749 93.7303 94.7201 93.7071 98.718 89.3883 93.3398 87.0027 91.1127 90.8653 85.9897 88.2361 88.0157 85.4561 88.4603 91.0431 84.3039 85.8312 87.8997 88.789 88.4062 92.8836 88.035 91.859 92.0871 94.6157 94.4881 96.8969 99.3676 104.634 107.433 106.996 108.512 112.231 110.646 106.926 112.22 110.619 110.696 109.393 110.719 104.05 105.175 101.796 102.588 96.0579 99.7194 87.0762 84.7524 83.3412 87.0723 94.5152 99.1511 103.632 104.031 105.252 106.374 109.254 108.898 113.399 113.008 108.84 109.003 108.57 108.268 108.686 107.607 104.336 103.942 99.7001 98.6214 99.0351 89.2684 90.3317 90.9735 87.2154 87.2308 86.4769 85.9472 86.1791 84.532 89.5159 87.9925 88.8625 88.3869 87.9693 89.3728 91.6308 85.3247 87.7567 91.0663 94.9946 92.9184 95.3117 95.7447 94.3025 100.686 101.2 100.218 106.215 107.881 112.486 104.305 107.537 109.668 109.815 112.069 108.806 110.866 114.045 113.128 117.497 116.187 116.531 121.747 127.075 121.008 125.427 130.694 134.077 137.108 140.097 150.687 156.173
163.664 154.909 147.839 141.61 137.459 129.642 130.857 125.469 123.763 122.276 121.478 118.998 116.339 114.984 115.666 112.835 114.295 110.608 111.434 106.918 109.421 105.497 105.551 106.194 98.5941 96.8033 93.9885 96.5853 95.6081 96.5892 93.1126 90.7494 91.641 88.032 87.9814 89.5309 90.8584 90.6755 88.2656 88.3396 82.8853 84.8708 87.8101 89.5581 82.5076 82.5466 83.4147 85.0732 85.9414 84.6021 88.2345 86.8173 92.0264 97.4418 99.5869 103.017 108.44 110.071 110.328 112.975 111.617 109.071 113.727 111.819 110.998 109.729 107.315 106.454 103.92 96.0792 99.4506 91.3217 87.7634 88.6393 87.2144 85.408 91.5631 91.5047 93.6965 96.5541 100.05 106.781 105.964 108.452 106.918 111.691 114.743 110.519 113.225 110.978 116.452 112.002 112.22 105.466 99.6375 96.4568 94.1871 89.5426 88.7717 84.3802 87.7439 85.4353 85.1433 80.8569 84.2089 85.1589 84.0921 85.0849 85.6533 88.3863 87.0276 91.2361 89.8306 87.2767 90.5976 89.5426 86.9419 89.71 90.8 92.2561 90.5119 94.7049 91.8784 96.4996 100.393 101.129 101.113 98.1698 103.753 106.68 105.392 114.54 110.168 113.602 110.566 114.72 114.906 117.145 121.385 119.971 121.291 125.679 124.947 131.051 134.154 136.517 144.681 150.836 156.661 162.43
156.301 149.841 144.925 139.567 135.686 128.615 131.747 128.509 127.333 124.393 121.343 115.663 116.851 117.667 113.735 114.166 109.062 112.14 103.963 107.373 104.802 98.6669 103.445 102.054 100.505 101.415 101.611 103.14 100.811 101.705 99.4274 95.8329 92.2227 95.731 91.9561 91.3995 88.4988 89.0358 87.1935 84.8729 84.1203 83.5794 85.849 83.7675 81.9174 84.5084 83.3716 82.3446 82.0781 87.6404 80.3847 81.1961 90.4391 92.1717 96.4993 99.0903 102.983 111.003 110.826 111.587 105.154 106.428 110.975 109.215 109.944 105.092 104.735 98.9531 97.4831 100.415 95.4958 95.8603 89.2318 88.8046 83.2188 86.0254 86.3311 94.9823 91.3015 96.6835 97.9065 100.56 103.786 99.3686 104.178 107.404 110.834 108.212 113.582 115.017 109.933 113.053 107.428 101.65 98.8394 94.9195 91.6857 91.6817 88.7183 83.744 86.6722 80.3729 80.3298 82.3054 83.1717 83.0267 82.9953 84.2144 84.6299 84.2262 82.9444 86.5663 87.8481 85.7745 91.6582 95.2684 93.9082 99.3921 97.8986 93.9278 99.2902 100.697 99.7841 98.6513 101.807 99.6626 103.202 103.065 102.544 102.163 106.358 107.314 108.055 108.616 111.838 116.569 117.678 118.556 122.229 123.099 123.276 122.629 122.927 129.755 132.221 137.544 141.86 144.6 150.609 156.403
156.553 147.156 143.971 137.728 134.926 132.798 131.086 131.764 125.852 124.913 123.725 121.44 113.997 117.861 115.623 113.401 112.667 109.829 108.448 109.462 112.955 109.975 106.041 105.827 102.24 105.425 105.216 109.77 105.322 104.703 102.99 99.9076 102.816 95.665 95.6137 94.3232 92.2355 92.8511 90.3372 85.988 89.3189 86.5918 82.4519 83.4543 82.736 83.1386 84.6422 84.2239 85.6486 89.1926 86.288 90.3766 90.7397 98.5618 96.332 101.265 102.291 109.099 112.3 108.645 110.745 106.356 105.496 101.557 99.4419 100.953 96.2136 96.1939 95.8821 92.267 94.4574 96.2491 87.6969 86.9115 83.8095 85.0172 82.0099 91.0278 94.7652 92.9498 95.1401 99.359 95.2743 97.8159 99.8721 103.01 103.436 109.423 107.007 109.431 109.119 109.766 106.49 104.182 101.565 99.5129 97.0463 94.71 92.6341 86.5721 84.9501 88.281 85.8499 86.4813 84.8711 85.029 83.8371 87.3851 89.982 88.6954 88.4665 87.1562 91.458 91.9039 91.5014 96.3636 101.778 104.351 101.222 103.973 105.559 106.514 108.349 106.388 106.771 107.457 108.764 107.063 106.372 110.67 109.072 108.586 108.677 109.229 114.806 115.82 117.087 115.066 122.774 118.488 124.874 128.24 126.409 127.522 129.692 132.585 139.543 143.955 146.473 155.941
152.491 147.751 141.441 134.774 132.394 129.581 126.176 127.578 122.763 123.085 120.78 118.46 117.025 113.966 113.632 112.051 118.392 114.59 112.559 114.435 116.032 111.721 114.288 111.709 114.141 108.177 109.154 105.952 107.334 105.395 102.682 106.266 106.81 103.166 102.042 101.172 91.7234 93.261 91.2704 89.5659 88.9977 92.4743 86.725 86.4349 89.395 89.5977 87.0031 85.6045 84.7304 93.0187 88.2308 92.2041 96.8966 100.282 100.385 98.919 104.001 104.609 104.283 104.172 104.875 101.529 99.9123 97.0039 96.9482 93.7617 94.0398 89.8877 95.3629 93.3087 89.8996 88.0083 80.3518 80.1134 79.8472 73.8038 79.9505 84.8138 85.7754 86.8203 90.6665 86.6177 91.1711 96.6741 90.5512 97.2105 99.6461 105.316 101.355 103.262 103.23 104.557 105.622 100.254 103.79 98.764 97.1191 97.3734 96.3006 93.6941 89.4904 87.9885 89.4904 86.0932 88.8705 86.0694 90.4241 82.4696 90.6585 90.9764 90.9208 94.008 95.4384 98.0329 98.6925 104.474 104.732 103.81 104.958 107.291 104.545 104.736 105.948 110.064 111.411 112.5 112.106 114.911 114.129 112.877 113.58 112.678 113.584 112.937 115.996 115.69 116.473 116.815 115.269 118.241 120.748 122.512 122.981 126.545 131.56 131.881 139.84 139.145 147.453 152.785
150.844 146.156 138.452 131.392 127.604 123.552 122.536 116.292 119.24 117.368 115.952 114.404 115.96 112.284 113.124 115.672 112.524 114.188 111.788 111.56 108.972 110.84 103.904 110.124 110.192 110.972 108.872 109.568 105.94 105.872 104.548 101.344 101.956 105.78 99.784 99.904 95.128 100.424 97.564 92.888 98.704 93.94 90.04 94.14 92.34 83.98 84.752 92.212 92.492 98.36 90.244 99.312 96.28 97.692 99.464 98.712 94.128 93.74 94.252 94.328 93.96 95.132 92.236 90.7 94.236 93.948 87.976 89.912 85.508 88.552 83.4 77.044 75.056 70.396 69.708 64.516 71.84 74.388 82.54 82.4 87.752 86.56 93.156 90.332 90.06 93.196 98 95.344 94.34 93.84 94.952 95.712 93.592 95.124 100.88 97.204 97.872 99.168 94.432 91.156 92.18 87.336 91.764 87.592 90.764 88.384 91.628 90.872 90.072 93.568 90.34 98.912 100.572 101.588 100.036 102.832 97.656 106.252 105.928 103.768 106.108 110.264 108.572 112.324 104.46 111.708 107.708 108.572 109.508 110.668 110.368 113.32 109.356 113.528 111.508 113.612 114.336 113.336 117.672 115.664 116.404 119.744 117.336 121.508 122.452 128.676 134.396 136.24 144.144 151.472
