196.827 196.901 195.963 193.576 192.691 191.702 189.406 189.056 185.93 184.691 180.78 180.704 175.963 174.549 173.811 167.33 167.656 163.365 164.371 162.16 158.665 154.828 154.028 150.988 148.662 145.919 144.292 142.183 141.327 137.771 132.137 127.039 129.956 123.479 126.772 124.495 119.709 119.533 115.95 116.243 117.062 115.52 111.269 108.051 106.254 109.74 107.96 105.073 101.039 99.1824 100.979 100.918 98.9342 99.8582 98.4289 100.485 89.9654 94.7406 88.5156 91.434 94.2078 92.0862 88.6525 87.3896 86.6644 87.0441 87.689 87.3891 87.6474 84.9643 86.9265 83.6377 85.12 83.3803 81.1396 83.3211 85.5306 81.4851 80.8274 80.9173 75.8248 84.6588 83.7468 79.5422 81.5563 78.3814 82.2695 80.0569 82.6198 81.4156 78.5469 80.3842 77.8242 83.5599 72.8621 78.1909 80.6459 79.8049 78.4541 73.1964 73.2218 77.2584 80.8331 76.3551 78.3476 80.0735 72.5943 78.1706 76.8937 75.2898 79.7162 80.026 75.8453 80.4304 81.5589 78.4913 78.451 77.337 80.7235 87.6631 79.5418 78.6232 78.9047 83.4045 83.2054 80.818 86.2085 83.0011 82.9873 87.3664 79.8751 85.9329 88.931 87.6552 87.7309 92.0797 85.6263 88.5592 88.7596 87.8043 89.8599 93.1586 95.5926 97.4864 93.905 99.1797 96.9076 96.3175 96.6455 99.1574 101.563 104.514 107.337 108.978 109.443 107.327 106.352 114.207 113.521 116.659 112.543 120.433 121.767 125.2 120.632 126.413 123.826 129.738 129.116 137.261 135.063 135.879 138.194 146.346 143.146 147.279 150.7 156.316 150.154 159.522 160.199 165.153 167.178 167.151 171.375 173.945 174.951 177.725 177.017 181.333 184.079 186.657 187.321 189.4 193.08 194.509 195.153 195.8 196.184 197.495
197.381 196.608 194.469 193.899 190.006 189.351 186.779 186.119 181.952 180.165 177.766 175.938 174.862 169.68 169.835 166.352 164.549 159.73 161.762 157.775 150.382 147.8 148.326 141.217 139.761 139.063 137.34 133.434 130.883 129.35 126.316 125.311 122.639 122.622 125.464 119.04 113.018 113.123 112.915 112.338 112.357 108.14 104.649 105.903 103.628 100.956 99.2395 93.8781 101.386 97.5299 97.7183 99.3877 92.916 90.3657 88.9361 87.3021 88.6265 85.6871 86.3479 85.832 85.7903 83.2451 83.9638 83.4574 81.0883 79.5801 82.7116 80.2763 83.0167 78.9242 80.3533 75.1853 74.6888 76.5582 79.8605 74.2155 77.3833 74.6709 72.5746 76.3077 73.1076 75.9749 74.6711 70.8785 72.8347 68.1107 73.1085 73.9185 73.0879 71.855 70.7597 72.9452 76.5528 74.2329 74.6632 67.9675 67.8335 73.0173 70.8696 71.6348 72.1759 72.8215 71.2308 77.9815 74.4855 72.4107 67.9336 69.47 73.2207 72.0525 72.4687 68.2907 76.089 72.7607 74.4741 74.8434 74.7787 73.9166 76.2779 74.0953 76.4374 76.6692 79.5085 75.5532 79.8239 72.5013 75.5221 76.7107 78.7959 73.2674 82.9076 79.8267 82.1395 79.3603 86.4492 81.8822 81.3109 83.1439 88.4393 83.7917 82.2573 85.8494 91.0811 93.3038 90.9178 90.3987 94.4106 92.3161 92.9558 96.5277 91.9646 98.5308 100.156 100.1 98.9995 102.484 104.723 106.764 102.809 106.757 107.376 105.825 112.903 118.741 114.565 117.287 122.213 122.847 122.46 128.2 131.18 131.879 137.539 134.215 140.933 140.104 141.462 145.751 147.959 151.679 154.21 160.609 159.024 161.999 166.35 169.437 172.819 174.034 175.728 177.956 180.664 182.605 188.515 188.596 191.525 191.881 194.627 195.992 195.625 196.727
197.428 195.227 194.545 193.296 188.474 190.318 185.007 182.795 183.254 179.806 173.45 172.843 168.387 163.287 163.429 160.71 156.251 154.012 154.197 147.392 144.338 146.186 136.72 138.673 134.413 135.09 128.048 129.086 123.302 122.201 119.93 121.56 113.878 119.095 111.562 108.528 110.939 109.294 107.726 103.245 101.257 98.6068 101.928 96.5516 97.8763 93.5751 93.1573 92.1202 96.898 91.0937 86.7399 84.1553 86.1552 86.9213 82.957 83.4743 81.251 82.0926 84.0608 79.7585 82.1633 78.3956 78.0227 76.9986 75.5845 77.6659 74.7084 76.8458 75.0315 75.2384 74.3371 76.0132 70.0942 73.118 74.3887 74.3341 71.8868 69.6555 70.5347 66.8264 66.9537 65.9796 65.3869 69.2969 65.1536 71.1166 69.0132 70.9025 69.2689 69.6245 69.7341 68.7218 64.9108 66.9086 67.5185 66.6585 67.6366 71.0159 65.4971 70.7344 68.6884 67.359 67.7579 63.7891 69.1949 67.811 66.0493 67.5541 68.077 68.0625 64.9718 66.6453 66.1659 67.4487 67.0463 73.0577 68.4134 69.393 64.5214 68.8303 66.2288 72.5593 74.6113 70.5439 72.2462 68.5197 74.7156 78.0654 76.3633 79.7532 72.7229 77.9453 76.6513 72.4022 79.112 75.5549 74.1402 79.6053 82.1512 80.0882 80.0845 82.4188 80.8677 82.1432 81.8687 85.9709 86.4686 87.6976 89.4901 86.8258 90.1767 86.7311 89.9324 94.471 96.4693 94.521 98.0973 101.439 99.5177 102.546 105.192 102.904 109.137 106.373 112.73 116.482 113.697 119.201 119.072 119.182 124.929 122.984 129.378 130.83 138.947 131.879 139.016 143.476 146.108 148.337 148.136 150.72 154.716 157.198 163.485 162.327 167.635 167.228 174.536 176.769 181.599 180.819 181.987 186.054 189.886 191.154 194.275 193.089 195.772 197.334
194.75 194.927 192.323 190.705 189.619 186.824 183.943 184.459 179.309 178.514 173.982 168.206 165.019 163.37 159.531 154.704 153.031 153.132 148.081 141.83 139.316 137.329 134.808 133.134 127.488 128.254 122.001 124.612 121.183 118.285 114.999 117.87 109.379 109.002 108.775 106.033 101.153 98.3237 98.2722 95.7712 95.9299 101.108 96.5421 90.5674 88.3634 91.3525 86.9315 84.3278 87.52 84.4705 82.2809 83.1456 77.6337 84.286 76.3658 79.5677 76.8914 74.6338 72.5777 81.5827 78.738 73.7168 77.076 74.402 71.4545 71.3184 66.471 68.5226 70.4128 69.4476 67.6605 68.1129 71.0945 70.1285 63.7374 67.8662 70.058 64.8707 65.0165 64.9358 68.5156 68.1201 66.8999 63.0894 64.4644 62.6202 59.2142 62.0918 67.9465 60.2196 64.3239 61.6543 63.1387 64.1996 64.1468 61.4693 63.4174 61.7908 59.1415 60.775 60.948 64.0166 66.2238 63.5246 67.5322 65.723 63.4361 61.1526 62.7375 66.5804 60.648 65.2002 65.5362 60.4587 65.1257 64.3703 64.8724 60.3553 66.2163 67.6546 69.5392 66.0943 68.2072 65.7228 67.9261 69.3272 66.1481 68.1731 69.3285 71.2799 69.6609 72.1027 73.0901 71.824 71.8148 68.8462 76.9886 78.2808 75.2661 73.6639 75.6244 74.7181 81.7853 78.7042 81.3977 82.1231 81.3186 80.9901 83.8402 78.5559 80.5737 83.6509 92.5607 89.3482 86.7576 93.2439 88.0032 95.446 94.5863 102.654 99.9688 98.8123 98.2364 101.794 104.454 108.535 110.444 108.099 116.801 116.08 118.938 119.358 121.701 124.685 129.032 128.711 135.314 135.502 140.137 145.559 145.571 149.761 154.014 154.053 155.316 158.466 162.042 167.439 170.19 176.382 177.515 178.239 178.931 184.485 186.905 190.382 193.107 191.578 194.353 196.684
196.96 195.17 192.761 190.993 189.829 185.217 181.59 181.067 175.329 173.829 170.839 167.529 163.412 161.337 159.574 154.737 146.964 143.955 147.007 140.001 140.742 134.973 126.853 128.657 127.023 124.13 122.788 118.312 115.346 113.016 108.829 109.039 108.483 102.338 103.627 101.919 103.346 93.3869 95.6566 96.9291 93.7135 86.6518 91.9752 89.2705 87.7734 86.1559 81.2698 83.3264 78.229 79.9955 81.5619 79.396 73.613 74.1445 77.2042 78.2441 75.6981 75.417 72.2607 75.5674 75.4708 68.9895 70.3502 67.9654 67.6871 70.4126 69.5953 66.4017 66.6113 64.3192 68.4634 66.6031 67.1933 64.6226 65.0667 64.6212 63.3645 65.9528 61.2467 64.328 56.3251 64.1505 65.0646 62.1603 60.9463 62.77 62.2542 60.3374 58.3354 61.6129 59.9694 63.1186 59.865 57.6128 57.0299 60.5424 58.3434 54.3922 60.7022 60.0381 58.416 59.5232 60.6131 65.1884 61.2066 60.223 58.2046 60.7499 65.0665 59.8755 61.7179 58.9813 59.446 62.894 61.1362 61.4539 62.8051 61.9466 62.9972 58.2871 63.8327 64.1415 67.7663 63.3666 64.5786 65.4322 64.1525 62.2778 66.1619 63.6442 66.8432 65.918 67.639 67.3152 69.8183 68.9538 71.2133 68.8626 70.2926 68.9029 72.9945 74.7804 75.8821 73.9776 76.3487 74.1368 74.4013 78.8504 78.2058 78.3864 79.1925 81.316 82.314 87.6899 83.1864 81.9433 93.2049 92.7597 92.9191 88.6934 95.4175 97.088 99.6889 97.3705 99.9236 101.614 107.87 109.243 109.42 109.934 110.682 113.166 121.074 119.24 121.665 128.349 130.13 130.702 130.894 140.128 135.784 146.131 148.974 151.738 155.025 157.135 156.964 166.279 164.899 170.604 171.965 174.893 178.738 182.676 186.306 186.495 190.365 192.481 193.13 195.439
196.037 194.118 192.138 191.398 187.982 187.583 182.868 174.075 173.296 174.006 169.569 164.429 158.598 157.211 152.785 148.806 147.982 144.592 141.268 134.312 130.813 130.532 125.42 123.819 120.191 118.118 114.722 109.445 108.674 106.94 109.884 104.743 101.179 103.242 97.2163 96.0654 94.0979 92.9517 94.3864 87.3148 90.1223 87.5508 87.5819 84.0779 85.6669 83.4984 82.7651 80.1068 74.1838 75.3065 71.1691 76.7728 76.0359 72.4156 71.3678 73.0648 72.933 69.7174 67.0991 69.1285 65.6586 66.7523 69.6605 69.8865 62.9019 64.8026 69.0214 64.242 61.6341 63.0787 64.0634 61.4581 62.8857 62.7703 62.0442 57.9676 64.4962 61.302 60.9796 56.9758 58.5833 58.5891 56.147 56.8472 57.9512 59.4702 60.1193 58.6463 54.2795 57.1762 58.4444 59.3282 57.7825 60.008 58.8641 58.5922 53.9043 56.6927 58.3825 57.5637 57.3798 58.4108 53.1408 58.3913 58.9708 55.4855 56.7025 61.276 52.9324 61.1245 58.2561 57.1955 54.4136 60.0867 61.2466 59.1003 58.7366 59.7629 62.6306 59.5445 59.426 58.2256 63.1524 66.7396 63.5483 66.5403 65.5968 62.1316 60.1431 63.3285 68.0203 63.8646 64.3819 68.1949 65.5206 64.1241 64.8999 64.1616 66.0175 70.3384 73.0347 69.9351 71.1782 72.9417 72.6516 73.355 70.7492 74.1971 74.1392 76.8782 80.9889 77.9412 76.3925 84.9535 81.0147 82.0191 88.2957 78.2243 86.5318 87.9402 85.9807 91.3773 94.6242 97.8845 95.742 99.7169 97.2429 106.232 106.582 111.213 111.367 109.812 113.549 116.211 123.002 120.118 125.487 128.132 132.28 134.14 136.937 141.05 140.941 148.454 146.905 149.999 153.846 158.606 164.019 169.264 170.346 175.465 177.693 182.715 184.243 187.79 189.54 193.532 193.67 195.59
194.683 190.366 190.502 188.571 185.636 182.147 178.189 174.83 171.862 170.241 165.152 163.81 159.124 156.722 150.756 150.787 143.461 137.909 131.62 132.116 130.39 124.575 123.177 119.652 119.237 117.173 110.986 108.814 105.455 105.847 102.55 100.209 97.9553 95.0256 90.9072 88.1386 91.332 93.5726 83.4361 88.1618 85.8129 85.2639 81.3323 80.2066 80.031 78.3233 77.2785 73.978 75.1079 75.875 75.4502 77.1634 73.9638 73.7768 70.8708 67.9276 67.8091 66.2476 65.7008 66.5461 64.0817 66.3128 64.8154 67.9189 62.3744 64.8167 61.2348 62.0154 61.9316 60.8277 59.9606 58.0567 58.0326 60.6234 58.5304 60.0183 56.5016 61.6666 55.3797 58.5518 57.7434 56.0398 59.372 56.6091 54.4939 57.1659 55.6092 62.5437 54.5002 57.2467 55.9266 52.998 57.7513 52.8154 55.2853 57.0066 52.973 53.8163 54.5 53.847 54.4129 55.1459 54.6585 56.6611 53.7374 55.6232 56.4963 56.8206 55.4461 54.1759 52.5603 57.4106 52.6489 54.0365 54.5396 58.1983 56.9789 56.0353 55.8367 57.8919 60.811 54.6384 56.622 61.198 57.8839 56.6992 58.2816 60.7588 59.8706 61.3556 61.682 59.8713 60.6968 61.1347 61.2866 62.9805 64.4653 64.0354 67.2781 62.5595 61.4893 65.0525 70.5101 66.1831 67.7156 71.4031 71.0358 67.7522 71.9013 70.0533 75.6804 73.038 74.2707 79.4882 75.8475 75.4781 77.3722 85.2967 86.0833 85.1444 88.9116 84.7924 89.0112 89.018 92.0217 93.011 96.79 97.53 99.4937 104.055 106.117 108.794 109.867 112.926 114.275 120.779 115 123.424 130.199 129.869 137.147 135.777 136.718 143.234 148.796 148.696 151.857 156.42 161.014 159.381 167.845 172.228 176.455 179.784 184.363 186.223 187.577 189.924 193.661 193.863
194.218 193.519 188.448 185.96 183.91 180.445 178.199 171.068 168.398 166.614 162.547 158.408 154.721 149.449 147.711 137.799 140.931 134.879 134.308 129.861 126.12 121.045 118.279 116.03 111.495 109.445 107.682 104.481 106.009 96.1347 97.6279 99.3545 94.6472 91.9531 86.0244 89.5238 89.8757 89.0511 83.5196 84.9369 83.625 79.0577 79.2225 75.5886 73.6593 76.2425 76.2722 73.3263 72.4646 68.8372 66.5729 68.4061 70.8439 71.3345 66.5907 65.7262 65.3352 66.2924 66.088 60.3727 64.0556 62.9787 62.6562 64.709 60.2737 58.3149 61.9508 57.7036 60.0323 60.6744 58.8838 59.1338 60.0664 60.8855 57.4148 57.1048 54.4962 56.1089 54.5372 59.1543 55.922 57.2778 54.6173 53.4063 54.0092 52.4592 53.6615 55.38 53.6834 55.1565 54.2709 53.3874 51.0463 52.6472 50.8553 52.5402 51.681 54.2007 51.9395 51.2744 54.8113 50.0629 51.8212 55.5936 53.0396 54.3793 53.9008 50.3273 53.5462 53.9324 56.3335 53.3312 59.3428 55.0817 56.4019 53.7777 54.3202 49.6665 56.4083 53.7522 52.0573 57.1124 54.421 52.8493 56.2318 58.2551 58.0659 57.2362 59.8647 55.9335 57.8942 54.8023 58.7987 56.6509 61.9764 62.5188 61.4797 64.4452 67.9007 63.6984 62.7957 65.3143 66.0627 65.3893 67.1092 66.0639 68.3854 74.1635 67.8351 69.5603 76.1389 71.8091 77.1311 71.894 75.0135 78.7818 76.1728 80.5332 77.9477 77.2142 87.9107 84.6796 88.5905 85.8283 86.5569 95.3563 98.1987 97.5733 99.255 96.6877 103.554 103.635 104.058 108.312 107.182 113.174 116.745 124.61 120.486 122.732 133.034 133.976 137.774 138.242 143.245 149.276 149.162 156.961 159.61 166.008 165.023 167.772 173.539 179.587 182.28 183.155 188.394 189.106 192.661 196.449
195.368 192.866 190.803 183.888 184.529 177.28 176.178 172.906 168.658 166.576 160.118 156.742 151.742 150.097 141.264 140.521 135.893 137.028 130.063 125.392 120.815 123.573 116.019 116.261 110.749 105.066 105.32 103.933 98.7177 95.6748 99.2754 92.9727 89.5674 89.0386 86.929 86.5536 84.6452 85.5542 78.2053 78.2682 81.6812 75.9671 78.0145 75.0709 74.0343 71.5407 72.6312 73.3088 72.3197 73.3953 68.9736 68.0451 67.222 65.8599 66.2099 63.8824 63.9577 61.2126 64.1764 61.8996 62.3414 61.2613 59.4664 59.9612 61.2773 57.4498 59.2697 57.9048 56.3611 59.7472 56.339 53.4319 53.9722 57.1832 54.8647 57.2894 56.7524 55.1855 50.4639 53.7401 52.7469 53.0078 55.488 48.4055 50.3089 52.5434 50.543 53.7378 49.6164 52.2643 49.2266 51.0584 54.4082 49.747 49.5577 51.7496 50.6499 49.3801 51.125 50.3721 49.5169 51.5079 51.4255 53.7373 54.4868 48.956 52.2305 49.7229 53.0866 53.3302 53.2314 52.8066 54.5271 52.4725 50.59 50.3589 55.6519 49.5318 49.6485 51.734 53.7622 54.7017 54.8119 55.7193 53.4717 54.2438 56.9108 49.996 55.085 59.5099 57.1344 57.9254 57.9262 59.0234 57.4317 58.846 54.5164 58.2998 63.1744 63.4185 58.6478 60.5017 62.3083 61.6695 61.6534 64.8313 63.2389 65.5365 68.4408 66.4944 70.9845 73.5276 75.8997 72.0621 73.6398 76.9894 76.7086 77.6536 78.5548 81.2703 79.8077 81.2402 86.7638 84.339 85.5313 88.508 88.8644 96.524 94.5313 94.9878 102.425 101.3 102.355 103.967 110.389 114.554 113.647 113.767 119.494 123.276 126.279 127.928 131.267 140.721 141.899 146.98 147.765 150.522 157.112 159.376 165.513 169.079 173.76 175.545 177.684 182.524 184.994 190.292 192.033 193.228
194.06 191.077 187.074 185.504 179.377 179.108 177.987 172.728 163.232 163.693 157.246 153.851 152.651 141.817 142.608 137.028 128.326 130.671 126.597 123.768 117.943 120.758 114.376 113.772 110.516 105.683 101.346 100.391 98.3874 100.101 89.7414 88.4748 90.74 86.8566 83.5031 85.2499 78.763 81.8454 74.2135 79.669 76.3869 76.4575 70.5084 73.8363 70.2716 72.9642 70.6354 71.4791 67.4506 68.3743 65.5927 66.2442 59.6965 60.7079 63.3532 61.8574 59.063 61.2535 59.5533 64.2899 58.7387 56.7668 61.1947 56.9662 56.662 58.2922 57.3742 53.3072 54.2894 52.9623 51.8254 53.9886 49.6067 55.1459 53.1334 53.3329 53.2286 52.6223 53.901 48.8884 51.5717 51.5711 51.7238 47.5937 50.9627 50.7876 47.1272 49.1942 46.8352 48.0081 48.9288 45.9284 47.4076 49.6968 51.3209 48.5606 47.3515 48.1914 52.0972 47.3846 49.3854 51.4139 49.379 48.3208 48.4946 46.6559 45.5734 46.5064 50.7581 47.7062 50.2449 53.7296 49.3196 47.9704 54.4784 49.0742 53.9039 50.1938 48.2377 53.2647 52.6129 52.6832 55.0238 53.9325 54.2258 55.949 59.3773 52.2047 50.4839 52.1812 57.7907 58.447 52.251 58.3569 54.8904 60.8039 59.4784 56.4441 61.4251 59.3939 56.4137 58.2738 62.1822 62.1705 63.2799 61.0888 65.9373 62.3389 64.5332 64.8861 64.6848 68.4788 66.5075 68.6783 65.876 70.7891 71.2193 71.1043 75.7779 77.9821 78.4823 78.2815 79.3038 84.0485 86.0752 84.5867 86.0346 85.3165 91.6002 93.8346 94.4845 98.6483 101.588 100.996 106.86 110.648 116.757 110.916 118.764 114.76 127.923 127.195 129.192 131.878 136.613 141.506 141.236 146.841 154.852 157.136 162.182 169.303 170.295 174.689 180.023 179.886 187.779 188.547 192.874 193.628
192.697 191.127 187.636 185.911 182.94 179.339 170.834 169.744 162.246 159.155 154.728 150.404 147.758 140.904 136.511 136.799 135.058 124.991 117.535 122.619 119.604 117.847 108.039 105.552 106.298 100.664 104.969 96.0847 97.237 96.3431 89.4797 90.3206 88.4538 82.7964 83.4523 79.071 80.0803 78.3035 75.2175 80.5292 75.4139 76.0736 70.524 70.2878 69.8904 65.8587 67.9838 66.2144 59.1666 66.1687 60.2348 65.1005 64.8011 60.4987 58.6487 65.2603 59.1974 53.3167 61.3522 58.0411 59.2675 57.5828 57.0138 58.1315 54.7104 55.802 53.9638 52.5622 52.718 50.5795 55.3054 55.9084 53.9515 50.2647 52.0498 51.3981 51.0713 49.9868 47.2673 47.0672 50.7442 49.1699 47.9321 46.1376 49.5994 49.2165 47.0817 46.857 47.4729 48.5692 47.1135 45.7399 46.0864 48.8923 46.4701 42.9489 46.8782 45.3602 42.8774 50.1855 50.2012 46.4701 44.9947 47.0946 49.0795 48.2972 46.5153 45.4196 49.871 47.9982 45.4145 48.325 48.4408 47.5956 47.1647 52.2162 48.009 49.378 47.181 49.266 51.8899 49.1627 52.8518 50.0723 53.7865 49.0704 53.1134 51.4573 54.4381 52.9439 52.3343 53.6258 54.6263 54.0839 56.8331 53.661 52.517 56.5014 56.2218 53.1477 55.9893 57.5602 59.1934 60.7483 63.4375 58.5655 59.0751 60.9731 63.513 61.637 65.9891 64.6587 70.1122 63.4978 68.0149 70.7356 72.0231 73.4127 71.1673 69.1998 75.9738 77.9773 73.8159 77.8564 83.068 81.62 86.331 87.0436 90.1956 87.049 95.1008 92.7084 97.8563 100.148 102.709 106.011 106.788 110.088 111.476 115.191 120.842 124.867 132.019 134.171 134.98 138.882 145.623 151.625 152.86 155.742 160.712 162.769 167.751 172.607 177.189 179.118 185.563 188 188.877 192.62
193.935 190.077 186.376 185.691 180.243 177.338 174.012 166.512 162.559 156.277 152.522 151.612 146.89 142.264 134.644 133.721 128.515 121.677 118.379 118.129 117.125 113.06 109.684 106.084 101.922 99.514 96.586 90.4018 90.7995 94.391 89.181 88.0597 83.695 80.5532 79.8617 81.2765 78.1207 69.8614 73.4697 75.1026 68.0322 75.6032 68.4369 71.5339 65.3828 65.9011 64.0624 63.912 61.2377 63.0873 60.5595 62.1659 61.1634 57.7427 61.2444 57.8389 55.7279 58.1711 52.2071 53.9529 54.2769 49.0662 54.3244 55.2121 53.5351 54.8007 56.7402 49.7834 52.0624 50.8927 47.7321 53.3676 51.8599 53.2811 48.3366 48.8911 46.6888 48.6265 51.1211 50.4165 46.1608 44.171 47.5195 42.7495 47.6063 47.0883 44.4457 47.4982 47.8901 47.2111 44.3982 46.1388 46.1352 43.2422 44.2718 44.8559 48.5397 45.6172 47.0667 45.7302 42.2023 41.5512 41.1599 42.2099 45.954 46.5012 49.5285 48.5985 47.7181 45.224 45.4001 46.6836 45.0142 48.8436 49.621 47.0585 45.1689 49.7422 45.6056 48.2473 46.4826 48.9742 52.902 46.25 55.6561 49.1889 49.213 47.2452 47.983 50.6418 53.8372 50.2331 55.4402 53.5838 53.6551 54.2614 55.3576 51.5088 55.069 54.4084 55.911 54.6353 57.281 58.948 60.889 58.0728 61.8555 59.1179 61.0507 63.5615 62.5937 61.9831 64.3596 64.2936 72.1956 65.843 71.1764 73.3126 69.7737 73.7322 71.4769 77.7766 77.2352 74.2947 78.0361 78.9852 83.977 84.4481 87.0371 84.5224 84.8458 92.521 96.1667 95.7973 98.3042 103.002 107.193 108.148 110.693 114.255 114.269 128.634 128.267 131.464 137.243 136.604 139.979 146.058 151.848 155.715 158.629 162.478 171.649 174.551 176.237 179.93 181.901 187.391 190.472 192.104
193.784 189.744 185.566 183.401 178.142 173.79 167.695 167.135 161.855 156.051 147.602 147.052 145.676 137.138 133.005 130.008 128.696 118.525 119.194 121.977 112.116 104.445 104.652 104.964 99.7455 96.7214 95.6303 92.7203 88.28 86.6312 87.0457 82.411 83.0242 77.6718 81.7767 74.6223 71.9401 73.3556 72.5976 69.5616 70.3794 66.8174 64.9133 66.9476 63.2538 66.1909 62.0686 60.9596 62.8486 62.8689 60.6091 62.7565 59.2526 64.2021 57.0322 59.0542 55.8034 53.5758 52.7334 57.6923 54.6059 52.6359 52.4636 52.4924 54.5891 47.0107 53.0788 53.4239 50.45 52.1906 46.1196 48.4024 50.1217 49.0948 50.7615 47.0447 46.0601 44.8879 43.377 47.3316 47.1655 47.3329 47.9465 46.6844 43.3863 49.301 46.5774 46.0572 45.9819 45.6155 45.1674 45.9693 42.0357 47.8069 46.1881 44.9854 46.0343 45.7755 45.0323 46.5752 46.5244 43.9457 47.2143 44.735 44.6071 45.8924 50.2445 50.2716 43.2296 45.3305 43.8668 43.261 45.4284 48.8935 43.4225 49.7566 43.7182 44.6707 48.3252 46.4957 48.2838 47.1413 49.7129 46.3609 46.7257 48.5963 51.1854 47.1193 50.0723 48.837 50.323 49.6984 45.8265 49.4044 52.622 54.7723 51.4167 56.0331 53.3913 56.9759 56.4318 57.3627 59.2067 57.2619 59.2891 55.6993 58.155 60.0032 65.3459 59.6701 60.5305 59.4187 62.1283 62.7726 71.2564 64.5727 63.9207 67.2271 67.1321 69.054 67.104 72.7233 77.9452 73.2161 75.1593 76.7383 80.7007 84.8915 84.4469 84.8123 86.0092 95.6067 92.6204 89.6549 99.276 99.3803 100.708 108.454 110.251 110.667 118.479 116.976 122.828 125.095 132.511 135.705 140.726 141.422 148.606 148.666 154.064 159.832 164.065 171.172 171.81 179.306 183.079 182.811 188.775 192.813
191.128 190.139 183.489 179.672 176.314 173.332 166.73 161.514 160.9 150.916 150.956 144.888 141.035 134.08 130.258 125.488 116.746 119.692 116.815 112.946 108.767 105.235 108.555 103.54 94.3379 90.9512 96.1872 83.666 84.9764 89.8102 84.5035 83.5881 82.5705 76.6483 76.0667 77.4602 70.1958 74.0141 69.1997 69.7663 64.0321 65.7909 65.9012 65.1009 61.9442 62.6851 65.4266 60.8111 60.847 58.399 59.2424 58.3334 56.5634 54.5541 56.8039 53.49 57.4901 54.2281 51.3872 59.7122 55.2204 52.1704 51.5348 52.4639 49.8765 49.1473 48.0299 47.7852 53.7371 48.9087 50.9515 47.613 47.0673 48.3883 45.9079 49.1948 46.5373 47.1329 46.415 41.0829 42.6466 45.6242 46.0439 48.0702 45.6553 45.3615 45.9058 43.1797 45.9632 45.3946 43.7551 44.1272 42.7857 42.8841 42.0401 41.1106 47.2829 43.3632 42.855 42.1802 42.0161 43.166 45.2453 41.5675 43.6563 44.865 44.528 43.2442 44.7994 43.2135 42.9832 42.4187 46.3863 42.3134 44.5827 45.219 45.8515 47.4022 48.8206 46.9494 43.5473 45.6116 48.8028 46.2106 43.9208 49.9315 48.8261 49.2402 50.2698 46.716 51.5676 52.035 46.7143 50.8736 50.6084 51.6055 51.8122 50.675 51.4302 49.4657 53.4501 56.618 56.1164 55.5211 53.2091 55.68 55.3534 56.8729 54.9054 56.3792 61.3965 60.221 57.1449 66.2433 60.2729 63.5588 60.6126 67.3948 68.6551 70.6855 71.1099 73.2063 74.3602 71.211 75.2131 76.8369 79.3235 77.5169 80.3763 82.8233 82.9771 87.6677 89.2444 93.2013 93.4969 94.9916 98.0352 102.769 105.717 109.48 112.608 116.776 118.463 124.131 126.571 129.162 134.901 139.068 147.748 144.703 156.532 162.716 164.701 168.458 175.09 175.964 182.197 182.945 189.827 192.637
191.649 188.712 186.884 179.173 174.886 174.749 168.425 160.237 153.74 153.489 148.01 147.25 137.947 131.774 129.215 127.198 124.262 118.973 113.806 105.77 110.07 106.729 99.0912 95.8449 97.0955 91.8563 92.27 90.5002 83.9535 83.9416 77.8576 79.1265 75.9865 74.2599 69.9014 71.366 75.944 65.7907 70.0289 66.9336 64.8669 66.0516 65.1295 64.8089 63.3994 58.3667 59.2336 58.3389 60.3901 56.8329 53.3059 59.1864 52.4509 57.3341 55.0602 52.6318 52.8703 54.6549 51.53 51.1949 50.4148 51.343 51.3909 52.5756 50.0091 47.8041 49.0097 47.1037 51.0853 45.5828 48.4656 47.6722 50.1331 48.3762 50.1932 44.4853 40.7497 44.6374 41.4408 47.3177 47.041 43.9867 45.1818 46.2166 43.0906 46.9015 45.2078 42.9433 42.7746 42.8107 44.6911 46.4122 37.6108 41.2686 45.0964 42.931 43.7143 40.5656 42.8784 42.7908 41.0697 41.9261 42.5523 39.114 40.7778 46.2397 40.2911 42.5977 46.9516 42.0076 44.7581 45.1573 40.8124 47.5868 43.6552 42.29 45.2178 43.5709 41.7067 50.6386 44.6532 43.7356 47.6902 46.5423 44.0108 45.4661 47.3753 46.0155 44.5026 49.8618 48.4732 47.6059 46.6122 53.4212 49.8265 49.9335 48.8767 49.7486 53.641 51.7415 54.5183 54.6783 54.3173 57.5355 52.457 52.4278 54.0877 55.3365 55.4688 54.7856 58.4178 60.8769 56.7979 59.3791 60.045 64.9069 60.9983 67.7824 67.2088 70.6508 67.4701 72.978 73.0864 69.2518 68.9995 74.3165 77.5264 79.9995 81.7611 83.5442 85.0647 86.566 90.3813 92.342 92.5982 95.0861 98.4066 101.069 104.612 106.021 113.241 114.845 116.612 123.979 123.892 130.392 133.964 139.813 143.037 147.604 153.303 157.468 162.976 167.376 173.165 177.242 180.697 185.72 189.938 190.155
191.012 188.94 184.788 181.204 172.677 170.125 164.532 159.536 154.261 149.715 145.551 139.681 136.646 127.249 128.354 123.216 117.502 110.858 110.84 106.942 104.272 104.773 99.8042 94.4663 96.9492 89.9037 87.0423 85.479 84.7178 82.7093 81.141 80.3991 74.9961 72.6515 77.3422 75.9543 69.5904 74.532 64.905 64.5761 63.5853 63.8089 63.5201 60.9528 56.5326 59.9062 64.1256 62.2709 57.2953 55.6619 60.4371 57.8303 55.4546 54.4778 54.5324 54.5169 51.4997 51.6463 52.9418 49.5658 50.7184 48.392 45.1517 51.4899 46.7359 45.2499 47.7638 47.9752 46.31 46.2092 44.4962 48.8997 48.8516 45.7496 43.5471 45.1142 44.5265 41.7902 41.1657 40.2257 45.8387 45.6951 44.8566 43.1936 43.2963 39.2133 38.8977 42.3577 43.9806 43.006 42.105 40.0321 43.9305 39.3474 42.8166 43.2091 39.7176 39.9741 40.3132 40.1761 41.3279 37.5829 42.7404 38.7162 41.4852 40.3625 40.015 42.2805 44.3648 47.7691 41.7955 40.5644 42.798 43.6486 41.8102 42.0213 41.8963 42.9875 41.4935 42.6597 43.3736 44.8153 44.2496 46.0179 43.1856 48.0874 45.5245 42.2141 50.1365 49.7568 48.1211 46.8355 46.5532 46.2157 46.2482 44.461 51.2909 47.8434 53.8837 49.4427 49.6503 52.1158 53.1884 51.9968 52.048 53.6045 55.9116 55.2083 52.2162 55.8941 56.7114 58.3069 55.3546 58.2493 60.5428 64.1237 62.0822 61.9439 62.7885 63.9343 66.1019 67.9968 69.6219 68.6803 72.3196 74.1667 72.6746 73.5904 78.2925 76.7318 80.2809 82.9843 86.9006 88.0361 90.1375 89.1849 97.3573 97.5267 103.446 108.014 105.152 108.714 111.727 119.535 125.613 127.688 129.488 135.269 143.255 147.262 152.35 158.199 157.796 166.066 168.688 175.747 180.51 183.752 189.562 191.126
192.757 187.439 183.83 177.426 176.464 169.307 163.084 159.376 155.952 150.276 145.577 137.14 133.917 127.863 127.461 116.915 116.131 109.482 109.28 107.113 101.38 98.9875 95.3568 93.0164 94.7805 87.3479 84.2089 85.327 83.189 81.3927 78.3328 78.462 73.1238 75.1219 70.2138 72.2533 70.8947 67.6492 69.7996 60.3533 64.2554 59.9797 61.5935 64.5428 59.1716 60.2909 59.331 56.0255 55.8498 51.9377 55.2849 52.4175 54.9924 53.6711 54.1847 53.3225 51.0481 49.9395 50.9074 49.081 48.815 49.2531 48.6803 46.037 46.1757 48.846 41.9727 46.6018 44.5174 43.8755 46.2437 46.5935 43.592 44.9375 42.6727 40.7572 45.3215 44.4566 45.7079 45.3235 41.9608 41.7266 48.4505 40.0651 42.6548 42.6572 43.1969 38.5467 41.2175 43.0662 39.6669 44.7988 40.2571 38.5348 39.0575 42.7867 41.537 41.5076 40.2627 37.6452 39.548 42.9799 37.9505 41.9476 40.0314 40.2428 40.2118 40.5636 40.3565 41.0263 41.2978 41.6952 45.6749 40.2257 41.4679 43.6342 40.6522 40.5815 42.5952 41.3391 42.0065 42.906 44.4498 45.9857 46.5883 42.1802 44.5269 43.7061 47.0351 45.7095 47.1512 46.0338 48.1659 44.0674 46.1507 45.7262 49.7936 43.8933 48.6763 46.7318 47.3101 47.1583 49.8541 54.2912 51.758 52.4163 52.3654 50.211 55.502 55.2134 55.8287 56.0751 62.0887 60.6121 58.5952 62.4779 63.218 63.507 64.5818 62.2565 65.2639 66.3108 66.7342 67.1269 66.0008 73.8385 72.4508 76.3705 75.5612 79.0229 84.0451 80.6848 85.2312 85.3398 85.4097 90.5926 95.4169 102.357 104.495 100.219 104.647 112.004 114.072 119.45 119.757 126.293 128.812 131.208 138.942 142.505 149.411 155.133 160.753 165.379 170.003 174.481 179.214 182.025 186.502 192.649
192.684 186.076 184.891 178.89 172.765 170.134 161.969 160.469 152.744 149.768 139.459 137.951 132.785 128.538 121.988 116.798 115.409 108.353 109.517 105.364 102.411 94.8414 90.1093 93.1346 89.6978 86.1831 87.5521 78.2909 79.3474 76.1049 76.7086 75.7811 75.4757 71.3328 74.3398 67.7508 70.6534 66.1239 63.8005 64.1163 63.3882 59.3231 61.2766 57.9213 59.4017 57.2069 57.6846 58.2421 51.7001 58.4406 54.6164 52.6953 51.7051 52.7332 49.9201 50.5446 47.0741 50.8226 46.8498 48.9023 48.5121 49.0072 48.4921 48.1734 45.4422 45.8487 45.4718 45.1942 45.6944 43.304 43.8948 45.9939 45.8658 46.2573 43.7097 41.0796 42.3953 40.557 40.5637 40.6228 37.9582 41.4379 38.4117 38.6884 42.1722 42.91 40.0839 40.0943 38.9414 37.5704 39.4469 39.5476 39.6562 41.6921 37.2845 39.4432 35.4946 41.1308 39.0683 37.4031 38.7695 39.3912 44.0633 39.2688 40.396 39.5622 42.3607 40.5907 37.084 37.116 40.2891 35.6123 38.6988 38.2748 41.0971 40.3344 42.8351 41.6555 39.1914 41.4491 44.3134 40.287 43.4296 39.0533 43.1904 42.3998 41.2302 43.8961 43.5341 46.5781 42.6786 46.7566 41.4895 46.6256 46.2873 49.7653 46.6971 45.5013 44.6879 47.6499 49.2764 49.5685 49.8872 51.7471 50.5001 55.0558 51.4471 48.6502 53.0024 53.4118 58.9632 55.4498 60.1706 55.798 58.6182 60.8235 57.6147 56.9377 63.9682 63.7668 63.5991 71.0536 69.8399 65.5431 72.0851 70.3297 72.1063 72.2411 75.9734 82.5566 77.1234 80.6855 81.8355 81.7161 87.7813 87.0569 97.1893 92.9137 104.122 103.626 106.477 108.422 108.877 115.437 117.107 123.71 127.884 135.176 138.227 141.546 147.93 151.619 157.779 164.514 171.522 171.62 180.881 181.866 185.499 190.715
187.66 186.329 182.961 176.896 173.865 169.347 162.752 157.651 153.343 148.448 146.533 134.847 133.923 123.012 123.495 121.786 110.592 111.708 109.017 102.582 97.8124 95.5086 93.7851 90.6416 90.3416 85.7758 81.9885 83.1043 79.9764 78.5468 74.4422 74.2509 70.8005 69.9285 66.3086 71.8576 67.4817 67.1153 59.6941 60.2349 58.3523 61.535 59.0047 57.5986 61.1507 57.6755 56.0716 51.1871 52.5368 51.5644 53.3018 51.7422 54.6524 49.8822 51.6318 52.1769 48.1418 45.163 49.867 48.8147 45.1982 47.3859 47.2646 50.7138 46.7035 43.7707 45.1447 43.6008 43.3617 41.2588 43.4652 41.856 41.0001 41.4031 40.4155 40.5615 44.0759 39.7952 43.6064 42.7158 41.0319 42.4606 41.1366 40.5211 42.6984 40.063 42.5771 39.883 40.9784 38.835 40.2447 40.1108 38.1743 38.9041 36.1314 39.7444 38.3638 38.7229 38.5777 38.9811 39.0641 36.6304 35.152 38.1895 40.4042 42.8944 39.0067 40.5881 36.846 37.4875 43.2661 38.9872 37.8431 41.6513 40.5094 39.4275 36.5712 41.5413 38.449 42.3089 44.0794 39.9439 42.5841 39.3119 43.4278 45.4894 44.4232 45.3629 44.8865 44.2106 45.675 42.0247 45.7246 46.7839 44.8483 45.0222 51.7418 51.5914 47.9627 51.4284 49.6632 46.973 50.0939 49.9231 49.7049 53.3953 48.2705 50.5264 53.8286 52.4107 53.8717 49.1272 55.9894 54.1203 59.7663 55.3135 57.7255 67.0332 62.9455 57.892 61.2137 64.5825 66.1586 69.8333 65.264 70.0563 70.6653 72.9482 74.6008 73.4876 78.3003 78.3081 79.2831 86.1923 86.3118 89.4367 85.1925 98.098 96.0972 97.3538 101.832 102.797 108.657 108.883 117.392 122.531 127.122 127.845 134.851 142.592 147.144 151.109 156.8 163.501 167.268 172.808 175.845 181.978 186.847 188.227
191.897 186.721 179.228 175.31 171.428 168.901 160.159 154.45 146.001 141.581 138.733 132.373 129.791 126.88 122.779 110.283 112.611 107.486 106.477 103.472 98.1698 94.9801 93.4744 84.8397 86.3187 85.5255 76.6183 83.217 77.1278 72.4723 75.8623 73.4233 69.5768 71.4175 69.3847 67.6015 65.3402 63.994 61.1198 58.4641 59.0923 57.4719 61.4557 55.2323 54.8239 58.2973 56.423 53.1328 52.9465 53.984 50.7658 51.1674 51.7703 50.2088 48.7384 47.5862 44.731 48.3712 48.3245 50.231 46.3587 45.2877 43.6314 45.8597 47.2775 44.8657 41.6384 44.5597 43.5013 42.4679 42.7806 41.186 41.3719 42.006 43.3472 40.4826 39.8915 43.4379 41.3819 37.0183 42.8695 39.3118 39.6468 40.4078 39.1858 40.6992 38.5571 39.8204 37.8006 40.1753 38.805 37.4797 37.5246 36.6402 39.489 37.8713 42.2023 35.8067 37.758 41.6529 39.0371 38.1297 38.8159 33.0762 38.9673 37.8346 38.3024 38.7878 38.1791 37.4684 41.6905 38.369 39.3358 39.13 40.5061 40.0411 39.1382 42.3169 39.4976 38.2054 39.7129 42.1003 43.791 39.766 38.616 44.9219 44.9545 40.2519 39.1708 41.6157 41.5346 44.9287 43.7076 45.1979 47.7362 48.2044 45.0837 50.5872 43.6781 45.09 43.1324 45.1091 47.4212 45.3003 45.7699 53.4428 50.5211 49.6241 52.3278 52.5222 51.171 53.01 56.3419 55.3098 55.1707 58.0267 57.7334 58.8235 58.4596 58.2139 62.834 58.5742 68.7138 67.6142 66.7426 69.2142 66.0636 71.3328 71.8858 78.3802 75.9149 80.1166 80.4221 85.0137 84.5129 86.1405 92.1608 94.9693 93.0066 103.269 104.355 104.979 110.294 113.984 114.873 121.161 119.597 124.312 134.369 144.094 146.929 146.441 154.763 159.745 167.972 171.124 176.346 186.721 186.13 190.825
189.337 186.333 180.397 174.541 169.28 163.78 161.233 150.995 149.536 146.384 135.153 134.965 126.197 123.991 117.799 114.565 110.975 108.643 106.704 96.4018 95.1575 88.0537 89.6235 83.7154 80.4128 82.1337 79.9962 80.8328 76.2369 75.8594 71.901 70.987 66.5213 71.071 68.79 64.1111 63.8341 63.7232 61.0034 60.3003 61.9952 63.4538 56.7831 59.1117 56.4797 53.6013 51.4421 56.9067 51.7035 51.2538 50.069 49.6717 52.349 49.3966 50.8929 47.8904 47.6082 50.6329 48.7383 43.8244 47.3572 46.6744 43.0803 43.8409 41.3887 42.2399 43.6536 41.9563 44.7997 42.247 42.5306 43.3969 43.6621 43.3049 40.0094 42.5617 41.5944 38.4834 39.8377 38.0526 43.6635 39.0699 42.7094 41.8752 34.2079 39.1228 38.926 37.0556 36.6889 36.999 37.2637 42.02 39.17 39.4908 33.8177 37.1674 40.5459 36.6691 35.0813 37.8398 38.8515 36.4856 41.3184 36.9404 31.6334 35.5135 37.0447 36.1194 33.5256 37.5737 35.598 39.9099 37.0891 37.7978 37.2915 39.865 40.4525 38.7128 38.7321 39.8273 40.1264 41.4189 39.9759 39.521 40.7757 41.3877 43.1893 41.3594 40.6568 43.2332 42.2927 43.9466 40.2699 40.713 49.1758 46.0091 43.6484 42.2253 46.5928 46.5357 45.9166 46.1488 49.1474 49.0196 49.1196 49.4419 53.1729 48.5817 53.4003 51.7974 50.4904 51.914 55.8431 53.0601 53.7613 52.8454 55.8672 56.6887 58.8055 59.0395 59.5321 61.9683 61.7253 64.7707 67.4476 64.0728 65.6781 71.1234 70.7242 74.5269 71.4258 75.1521 74.7722 80.2411 83.3856 86.615 85.8888 89.7953 92.8638 97.5078 96.709 103.643 106.712 108.474 116.132 117.045 123.738 124.309 134.457 137.904 143.038 146.1 157.485 158.143 162.787 169.766 178.111 182.397 188.13 191.704
188.708 184.432 179.271 175.738 170.481 166.993 162.206 150.42 148.488 140.647 134.727 131.523 127.396 123.797 117.363 110.368 108.493 105.015 105.888 95.5126 97.5613 90.5198 86.5369 85.3819 80.1374 81.7481 80.237 74.3879 78.465 72.4427 70.0233 69.1101 69.0724 68.8325 63.7554 63.0653 61.0461 60.7504 61.3438 60.8166 56.4579 56.4481 54.0729 56.9067 59.3982 52.3455 52.8781 53.5706 50.1983 54.6413 48.7289 52.3033 45.5905 49.2566 48.5033 46.1864 45.9456 48.9413 47.389 42.6424 42.8336 43.9303 42.4065 47.0393 40.4084 42.4339 42.4388 42.7616 40.3328 41.0572 41.8748 39.8963 38.6933 39.5761 40.7115 40.3363 38.7403 40.0229 38.653 38.9311 36.4161 39.8605 37.2057 37.6677 36.3371 39.9395 35.7947 36.3651 38.396 35.1713 36.0939 36.4862 34.6289 32.981 33.9893 37.9929 36.7579 37.1802 38.4755 36.4489 33.9084 38.0395 39.3279 35.4077 35.0737 37.372 39.7006 36.0267 35.6299 35.9482 34.2978 38.7737 37.0895 36.8398 40.9258 35.7432 40.3059 38.4093 39.0199 37.2498 42.1186 41.3873 37.3425 40.3637 40.7625 40.7914 39.4667 43.9342 38.7521 41.6708 41.5575 44.667 46.1903 46.2006 42.942 45.7911 41.4785 46.2575 46.4247 45.6469 41.1764 42.3393 48.0982 47.2286 44.1726 50.4764 49.8515 46.5621 48.2615 50.0541 45.7975 51.0757 54.7222 54.5103 52.5387 54.4049 52.1444 60.8779 57.635 60.5723 59.2461 59.7768 64.7377 65.0879 63.079 67.2783 68.2106 73.6282 71.7792 71.045 74.3339 77.0147 76.128 81.1998 83.1336 84.1871 88.2888 87.6257 93.6165 100.825 98.6962 99.2837 103.909 110.653 114.069 117.122 122.127 125.094 130.728 135.935 141.85 146.326 152.786 160.989 161.864 167.248 175.856 180.614 183.566 187.384
187.585 182.575 178.489 177.714 168.034 160.607 156.405 148.221 149.439 141.262 135.986 126.564 124.355 117.645 113.218 111.925 106.053 105.346 97.6929 95.364 92.5047 89.9804 89.7172 83.6453 83.1948 79.2456 78.311 70.7736 72.1495 69.4714 70.2055 68.2828 62.8101 66.4116 63.059 62.3753 61.2305 61.484 60.7118 60.6074 57.9935 58.6135 56.1268 56.3656 53.5297 58.0968 53.0456 51.8437 52.8343 50.4036 52.2413 48.5726 49.8701 47.7057 46.176 47.2231 47.6497 43.3564 44.8046 44.6942 43.3167 42.7343 44.8616 43.7967 41.5585 42.7007 40.6279 44.096 42.3434 37.6378 39.8165 41.4205 40.5505 35.2982 39.9112 35.2275 39.0519 35.0371 39.5487 36.3621 37.1033 37.2621 39.787 39.8715 35.3394 39.7692 34.5565 35.1333 37.086 37.7152 36.5057 33.5043 34.9648 35.0921 36.3876 37.8999 35.2977 35.596 34.3967 35.7828 36.185 35.5655 34.1452 35.905 34.4919 36.2949 33.1266 32.1686 35.6841 32.2857 38.1774 34.7072 36.5718 37.8292 34.8579 37.5971 36.7648 38.5169 39.4113 38.435 38.746 37.2026 36.9842 44.0731 38.9043 38.7139 39.4444 40.0654 39.3212 43.5167 42.5913 37.6296 39.1064 43.2602 39.9183 47.8029 41.6262 42.9171 42.797 42.2136 42.5358 45.1253 50.7645 46.8347 48.26 49.4196 48.7294 47.2384 49.0867 51.9796 49.2415 55.8412 50.2158 52.2148 57.5567 54.196 53.5521 51.1718 53.7129 58.9327 57.2233 59.3832 58.696 62.5795 63.7518 68.2899 64.5454 68.8871 64.5474 71.6654 74.9727 71.697 73.811 75.1081 80.5864 81.4763 88.1147 88.9893 94.3724 90.5194 94.858 104.263 106.227 106.274 109.055 115.918 124.482 121.507 126.107 132.776 142.984 146.317 152.836 155.335 165.249 167.683 173.833 181.307 184.985 188.776
189.545 181.889 179.924 173.25 168.427 158.539 159.147 145.367 147.876 140.72 130.189 124.343 125.713 116.896 113.097 106.5 105.556 101.241 101.074 96.5689 92.2797 90.6229 88.7071 83.8375 81.7021 75.2607 75.8812 73.8176 73.5776 65.9083 71.8527 69.5111 69.1359 67.2828 63.2179 62.6871 58.9425 63.9487 58.9472 57.7036 56.6092 55.3772 54.9456 52.929 54.2555 53.0466 51.077 50.5061 46.3018 54.7609 48.1296 46.9213 46.0428 46.3129 49.4803 45.8375 45.7009 44.2113 45.7024 40.5363 44.9157 45.2175 41.0313 39.4415 43.2706 43.1856 42.5498 45.8074 39.422 40.3485 40.2319 37.333 39.1513 39.861 40.7432 39.6388 39.5718 40.149 38.0063 39.3597 37.6887 37.963 37.9509 37.6781 38.4479 38.2527 36.1743 38.5603 37.0149 35.0953 37.0212 31.3106 32.8233 33.5071 37.4106 36.2034 33.0571 34.7518 35.0932 35.2821 36.6397 34.7307 34.0522 33.9366 32.578 38.6643 35.27 34.7408 36.1126 35.3824 33.7699 33.5657 32.7299 33.8121 35.4436 35.8367 34.6194 37.4628 37.2623 36.4677 39.2795 38.0802 38.8463 38.5355 39.9918 41.5383 41.8137 39.8536 37.7019 38.4036 39.9886 42.1192 42.4232 40.0799 41.7014 40.1279 43.0236 43.0173 42.1309 46.4744 44.7437 43.8847 44.4546 45.7737 42.5487 46.3467 50.3678 45.7188 47.2985 47.8135 50.2739 51.4305 50.5662 50.638 52.1386 52.0789 55.3619 54.8253 51.7318 55.6162 54.1568 62.0793 61.2614 58.131 60.0373 61.387 65.0256 66.5346 66.4998 71.5958 72.3413 74.5421 80.9455 78.4076 80.1139 81.2758 83.4143 86.3485 91.0809 93.5086 94.7496 98.7322 102.686 104.239 110.398 118.409 116.815 122.156 127.51 130.415 139.405 146.708 151.064 159.641 164.907 167.336 171.714 177.957 184.142 189.177
188.383 182.335 177.422 171.567 168.129 161.056 155.374 148.441 139.339 131.802 135.884 127.461 121.152 115.329 108.954 107.127 102.926 97.4558 96.0329 90.0478 91.7291 85.0569 85.5387 81.809 78.0215 80.2741 75.0412 74.0449 71.8971 68.9131 70.5966 65.9279 65.5166 60.2367 62.9187 61.1713 59.8986 59.8779 55.5889 56.9501 54.0463 56.7267 56.6578 51.5538 51.7729 47.7095 52.7457 48.832 47.3812 47.5647 50.9765 44.969 48.8462 47.6008 43.1981 43.6384 44.1841 39.77 44.2507 42.3701 41.1634 43.1457 40.0032 44.3398 38.967 42.6585 41.3715 37.8347 36.6871 39.3838 39.6657 41.6326 36.0966 41.4469 37.8527 37.2743 39.4281 38.0018 38.2236 39.4308 35.44 40.4304 38.5077 35.6033 31.0461 35.3772 35.9644 35.9868 35.1391 36.3287 31.003 32.0441 31.9999 33.4474 36.0791 30.8954 33.9778 36.0502 33.1967 36.3992 32.261 37.1377 34.4022 36.0267 35.1844 32.3167 39.5531 37.3016 34.394 33.8718 35.0145 35.5826 34.3028 32.5707 37.4037 35.5739 39.0839 35.2636 37.2721 34.7217 39.6482 38.2378 39.8596 36.9618 36.8832 38.9446 38.8753 37.141 39.2697 36.2943 39.3204 37.7741 41.7572 42.1303 39.7296 40.2561 41.0034 45.5579 43.3839 45.3432 43.0119 44.8625 45.9107 45.1231 45.6649 45.4022 47.9405 44.5189 46.0276 49.9681 45.0165 50.5717 50.5821 53.2941 47.9514 51.6478 53.7431 52.0192 54.6144 56.1034 60.4126 56.5879 60.7813 61.3325 58.1425 58.781 65.9214 68.6908 67.1121 65.917 72.067 70.4081 73.7652 78.8572 77.0432 81.9784 84.9116 84.4528 88.4796 91.556 94.6722 96.2967 100.699 106.684 105.175 115.441 117.251 121.752 125.81 132.03 140.208 141.684 146.258 156.97 158.173 168.237 171.029 179.731 183.549 186.148
188.493 183.344 178.359 171.872 163.307 158.108 152.061 146.904 140.152 135.075 130.923 127.131 119.565 113.397 109.945 106.739 100.996 97.5344 98.8826 90.8887 88.4622 87.7415 83.4511 80.8292 81.2635 78.9121 73.9253 71.3164 70.5431 70.2596 65.6111 65.3146 64.4877 65.2519 58.2503 60.3955 58.1057 59.1145 58.2283 58.5339 56.6507 55.1703 52.9359 53.3369 52.6218 48.0564 51.7706 46.9696 49.9197 48.5161 49.4351 45.3735 47.8564 45.7971 46.088 42.7707 44.3076 43.1554 42.6482 42.9927 43.8066 38.8904 42.3353 41.902 38.7221 37.5326 44.7945 35.7285 39.959 40.2714 37.5698 42.1867 36.2493 37.8472 36.3221 35.6432 38.7543 35.7743 34.6294 36.8531 34.657 38.1889 34.8886 37.2383 34.3131 36.2092 35.3682 35.4653 32.7892 31.8905 32.9146 33.7878 32.2102 35.0722 30.7264 36.1866 32.5627 35.0146 36.7751 35.1388 31.5065 35.807 30.4 32.5915 32.5469 34.7248 32.3712 35.5026 34.8864 32.2006 38.3854 37.6512 35.8731 33.0496 34.574 33.3918 35.8274 37.963 34.0058 35.2382 35.7359 34.487 36.6305 34.8169 37.4851 34.273 36.9497 37.7715 39.5066 36.7672 41.8727 38.4414 42.3375 41.989 43.0712 41.2022 41.2412 42.0003 40.7402 47.896 41.1316 40.8453 44.3268 46.7624 43.2328 44.2082 44.3314 44.7939 47.2566 47.9225 48.9945 47.138 48.8014 51.4346 51.7204 53.7763 52.9189 50.5794 55.4008 55.2099 54.1655 54.4835 57.7352 60.8847 60.9745 60.6406 66.5069 67.6219 66.0053 65.741 70.3494 70.3545 71.1639 75.2267 77.8401 82.7501 80.7874 89.188 87.5297 87.999 93.8472 97.9913 97.3734 103.153 105.273 111.007 117.116 118.824 123.227 133.048 138.474 142.098 150.256 152.258 162.197 165.948 172.506 176.551 183.276 186.897
187.37 185.355 177.425 168.467 164.543 160.957 153.037 146.566 140.486 138.684 130.588 125.595 122.711 115.905 113.296 103.523 99.7538 100.963 90.313 88.2319 85.449 85.6112 87.0032 79.5728 78.8494 74.0858 76.0607 74.1173 71.1687 68.4243 66.0335 66.0043 63.516 58.0763 61.5855 60.2909 59.0587 56.8902 55.9923 55.4427 52.668 52.3868 54.357 51.0111 50.035 52.1616 49.6138 45.6384 46.8286 42.6781 46.6547 46.3332 46.8787 43.1408 42.338 41.9378 43.7615 43.2184 41.9162 45.0497 41.8386 42.3829 36.5073 40.6595 40.642 39.9903 38.2634 40.4034 41.6046 39.5848 40.67 38.0615 39.5691 37.6876 34.9397 37.5009 34.9152 37.2074 39.8981 37.2699 37.7296 35.5167 35.8696 34.0721 37.25 34.3983 36.3877 36.8708 32.0401 33.9724 31.053 34.0786 31.5973 32.5424 30.2898 31.3452 33.9648 32.8948 33.0727 30.4515 34.0278 35.6672 30.4695 33.7343 32.8382 36.5394 33.7483 35.5791 32.6655 33.8709 33.8709 33.5336 33.1398 32.4823 35.4916 35.8813 36.9011 39.1654 35.9467 37.554 37.0738 37.8719 35.2139 31.585 36.2996 38.5569 38.6117 37.5896 40.0282 38.0166 36.5237 38.0213 37.5802 36.0826 42.3421 40.3433 38.2214 39.3101 39.3561 41.2943 42.7691 40.9792 42.5988 47.1179 43.8257 45.1378 46.9248 45.6279 45.5882 46.2685 47.7509 48.6891 51.6312 47.1553 49.993 52.3319 50.9615 52.2234 51.2689 54.4742 53.1423 52.3249 58.0494 54.1038 64.2856 60.963 65.0487 66.387 68.6466 68.5113 67.177 71.6553 73.3338 73.9895 77.6429 75.9026 80.5197 81.3721 82.2671 92.3923 93.2954 94.2609 95.2539 101.68 102.398 110.458 111.579 118.134 122.263 134.146 133.344 142.885 147.81 155.384 158.377 163.444 168.782 176.499 181.788 188.285
186.884 181.487 176.709 172.463 166.688 161.564 150.817 148.347 139.919 137.677 127.623 120.33 116.679 114.19 110.357 102.935 99.4569 92.0925 94.592 93.7727 84.7943 84.8437 82.6066 83.7137 76.9393 76.8899 71.4267 69.4912 72.5561 68.634 61.1347 63.7402 62.113 60.2552 60.4575 63.5849 58.2734 57.2662 53.2953 56.2139 57.0423 55.6023 51.8746 48.3745 51.7422 46.0098 50.7609 49.2679 48.9476 46.4192 46.4619 43.9943 44.1057 43.2364 43.305 44.6258 39.2456 46.1007 45.8473 42.1859 42.0877 41.4291 39.6508 42.6921 39.3389 38.9212 42.7999 37.02 39.1975 39.2294 37.7767 39.6779 40.4828 37.8436 37.6672 38.8014 33.3754 32.1058 37.7057 35.1261 35.9827 32.7867 38.4985 34.2038 33.007 35.2543 31.5435 32.8144 30.8843 35.9587 33.3857 33.2514 35.5228 29.9783 32.5158 31.7897 32.8758 29.4028 35.7112 32.5031 32.8806 31.4334 29.5467 32.871 30.5273 36.173 32.2858 34.4627 34.3483 33.0046 35.0665 33.417 32.2425 34.2893 37.085 37.2114 34.373 33.9239 34.7649 34.4621 33.0112 34.5295 37.1729 38.3474 35.6185 35.087 36.0923 36.0429 34.8829 37.8466 38.3167 38.9597 36.7148 39.4666 37.8526 38.9519 39.584 38.758 42.4249 40.9174 41.7638 39.9825 39.2824 42.0378 39.3432 43.8637 44.0075 43.6319 46.775 43.1683 47.5853 47.274 46.8876 51.325 47.274 47.2831 54.2038 52.2147 53.8221 52.1419 57.9886 57.8273 57.7478 58.221 60.4388 58.3775 60.8446 61.2575 65.424 69.2035 67.7773 71.393 71.9408 73.4579 73.8486 78.4786 82.1455 87.0627 85.3644 93.5084 90.0631 94.1568 95.1495 102.749 105.877 108.931 113.557 119.533 122.933 126.217 133.95 137.423 148.094 156.378 160.968 164.487 170.97 177.653 183.701 189.321
185.543 181.05 173.418 172.554 165.288 159.24 153.072 144.779 141.275 135.566 128.732 124.23 116.084 112.718 104.89 103.027 97.7977 92.4959 91.0152 85.4217 81.5646 85.1182 84.5044 77.4556 71.7218 76.6066 69.6025 71.0957 67.9151 64.3305 64.6054 67.9095 58.4174 60.4709 60.2121 56.1832 58.5384 53.3346 52.9306 51.785 54.479 52.4801 53.7107 49.0407 49.9014 50.3042 49.9784 49.5477 45.4461 48.3046 45.1898 44.6027 43.4397 43.3516 43.6861 42.039 40.737 39.9408 41.1001 42.9271 42.1073 40.585 37.9778 38.2378 38.0492 39.3158 38.8733 35.7294 38.1994 37.7221 38.985 36.6385 37.4546 37.9821 37.405 36.4468 32.5022 38.5438 34.0506 33.5715 35.4464 32.8318 33.0775 33.9644 33.8949 33.4964 33.6627 32.8175 32.5041 32.6102 35.3886 33.911 31.0916 35.3595 32.2707 29.8982 32.9726 33.1061 32.3502 30.2401 29.8702 34.5167 31.0748 30.875 34.4882 31.0413 31.6377 33.1309 32.3247 32.7529 32.3204 31.5142 36.7751 32.8212 30.8167 34.984 33.4666 32.4911 37.423 33.5386 34.315 33.1669 35.0715 35.4029 34.5912 38.8051 35.6263 36.0887 34.4416 35.1578 37.1468 39.5939 37.9766 37.4168 39.5274 38.9931 40.768 41.2093 39.543 41.6263 40.9064 41.2775 39.8297 39.9786 44.182 45.0943 44.1385 43.6787 45.8055 47.0852 44.3675 46.1394 48.1296 49.0562 51.3028 49.6755 52.5626 49.7432 51.0216 53.81 55.9052 52.9902 55.2119 56.4699 60.1259 58.1952 56.9782 57.9097 58.8288 68.6741 67.1238 70.4006 67.8778 71.3352 75.3859 72.3989 78.8793 80.5071 81.497 84.9593 87.3486 89.9384 93.595 96.6949 102.151 107.888 108.535 117.514 119.671 129.638 132.345 138.666 142.953 150.445 156.598 168.416 171.512 176.318 181.917 186.302
187.926 180.985 175.851 169.357 159.75 155.301 145.932 139.743 134.3 130.843 123.462 121.747 115.138 111.452 106.495 98.8216 95.8775 93.0963 92.7518 87.8805 81.6554 78.1896 80.0753 80.7573 75.1337 76.1481 74.0624 66.4988 69.4589 64.1133 65.9196 63.3245 62.723 61.5162 58.3362 57.8849 56.9524 55.1338 54.0837 51.9219 55.3608 52.8915 52.3265 51.0686 49.3325 48.0797 47.3376 48.2433 45.4807 49.918 43.5145 42.1384 41.7478 43.0927 40.5225 44.745 38.1261 41.1387 40.417 42.7475 40.1562 39.6071 38.2885 40.0853 40.7353 38.121 35.2299 39.1629 37.0357 37.1373 35.1769 36.0078 36.546 38.9616 35.2798 36.073 32.218 36.9551 38.293 36.3274 35.3475 33.0573 36.2635 33.9899 33.9234 30.3235 33.3053 33.5303 32.6469 33.6498 29.2458 34.2743 28.7095 31.4881 32.7249 30.9058 32.6706 33.2395 31.5277 31.9285 33.7291 31.5903 29.8779 32.7869 33.1839 32.847 32.3836 33.5712 33.5961 31.4874 31.5571 30.3068 33.0988 33.9119 34.4731 34.7767 34.2673 35.104 33.3718 30.6053 33.9113 34.7703 33.5162 34.8541 36.3166 33.8806 37.2197 36.5569 34.9973 34.7096 38.9775 39.3163 36.4975 38.2866 36.5575 37.485 39.5822 40.2527 40.5039 42.6024 41.2128 42.3953 41.7676 39.8948 40.4707 43.7159 43.1911 43.1783 40.3269 43.4973 45.9959 45.1592 44.8626 47.5447 44.4101 48.1666 53.5876 49.7314 49.6572 52.4448 50.2702 52.4735 57.2119 58.3362 57.7443 58.0722 53.8676 60.7671 63.5175 59.9643 67.2677 68.7455 69.6385 71.4787 73.5574 72.9853 83.3294 78.4332 82.2856 83.8721 89.2394 89.3609 93.9663 100.694 101.685 108.303 110.067 113.078 116.906 126.395 127.444 133.799 143.182 151.63 156.824 164.918 170.481 173.891 182.282 185.926
184.927 177.947 174.856 167.153 163.499 155.737 149.16 142.123 135.87 132.367 121.405 120.79 114.232 106.034 105.181 103.921 93.1363 92.7601 89.1712 88.616 88.5094 79.2294 77.5691 78.5512 73.6967 69.5079 67.647 71.6233 69.8585 67.2162 64.1916 62.6149 63.4089 57.7532 55.9305 56.1245 54.3531 55.3049 55.0839 51.7904 49.3111 49.7466 48.8237 49.8295 51.9594 47.3358 49.8499 46.6971 47.6048 47.3286 45.4933 44.2554 45.8005 41.7242 41.1329 39.6962 43.2766 39.4983 42.3702 40.5731 37.6058 37.5722 39.7239 36.5178 37.3789 38.111 36.0218 38.3063 37.6347 38.1353 35.1838 37.4624 37.2039 35.7587 36.3343 33.0401 33.7729 36.4599 32.8434 36.3224 34.5622 33.0052 31.764 34.507 31.8455 34.7714 32.5481 31.1759 33.0605 32.2139 29.8649 29.9577 32.8427 32.9782 29.6946 29.861 30.8542 31.0312 33.1927 31.6252 30.801 28.721 31.437 30.1202 33.64 30.3274 30.7602 27.9705 29.5801 33.269 32.7835 31.6469 30.4076 32.1461 33.1802 34.2616 36.4106 34.6898 33.2677 31.2739 32.1836 32.6276 38.7109 32.3632 34.9503 36.3665 36.5652 32.5099 34.6655 34.9753 34.6286 36.2968 36.6073 39.168 36.8954 37.4164 36.1666 41.669 39.2904 38.949 39.022 39.2253 37.367 45.7163 39.4233 42.9714 42.3978 43.1279 42.3083 42.1978 43.6232 46.2761 46.5544 46.3143 44.335 47.6226 51.4753 50.4307 48.904 51.1431 51.6542 55.5003 54.7734 54.5129 57.0704 60.3863 60.6047 61.2237 58.2077 62.8826 63.6457 61.3046 66.5906 68.9902 72.7666 77.1994 78.8807 80.368 80.4232 84.3904 85.5882 88.6976 94.7762 98.223 94.8972 105.642 112.128 112.481 119.84 125.344 130.137 137.516 142.249 147.615 154.793 162.322 168.903 178.473 181.144 186.279
186.807 177.364 173.867 172.293 160.924 156.308 146.832 138.881 134.143 126.789 126.945 118.597 114.786 107.169 100.93 100.145 95.4963 89.8404 91.9102 87.237 78.3994 83.1118 76.8289 75.7122 74.0814 73.357 70.5162 68.5872 67.0227 64.2022 62.1575 61.1537 57.9416 55.7494 60.29 53.9523 55.2577 54.4934 52.2309 52.2187 51.3124 53.5383 46.901 44.3625 48.155 47.4597 43.6828 47.4766 45.1958 45.4346 45.0098 43.9384 41.8714 43.3087 40.1196 44.6777 41.3695 35.5229 38.3596 38.8209 39.2755 39.4432 36.7397 39.7253 41.6306 34.8729 36.0775 35.6791 33.5161 35.1035 33.1928 35.3957 35.7163 36.8161 35.2726 32.977 33.2225 31.4504 30.8613 34.208 36.3569 33.4403 29.8528 32.0957 34.3216 33.4444 32.7626 29.4558 32.6043 32.0422 29.9089 29.7446 27.292 31.3591 31.3429 28.1902 29.4903 29.8481 29.104 28.4013 29.8366 31.7927 31.4213 30.4541 28.7327 33.1177 29.6708 28.7334 30.5522 33.1001 31.9685 30.2194 33.6344 32.1586 32.6429 34.3703 32.2147 34.7992 33.9645 30.6847 32.6395 34.0984 33.0108 31.1055 36.4475 37.2707 34.5394 33.1671 36.0025 32.5157 38.06 37.6596 36.595 38.338 39.0198 34.0788 38.3853 39.5873 38.3211 37.3315 40.2873 41.4663 38.2014 42.2116 45.2006 39.9667 42.7744 47.0106 47.1959 46.416 41.0875 43.7491 42.1244 45.4475 49.0005 49.1953 48.6914 48.1807 47.3833 52.9397 55.5769 52.2295 54.8661 55.7379 55.9909 60.7256 58.8851 63.0983 60.8331 63.2552 67.9054 65.7504 67.2824 72.1199 67.1972 77.3132 75.351 82.8358 80.3041 85.2823 88.813 89.6537 92.594 95.6025 99.3943 100.864 108.824 114.006 114.088 123.94 126.843 131.632 141.979 145.879 154.536 161.722 170.148 173.506 182.597 184.258
185.877 182.044 172.081 163.854 158.348 154.911 147.089 142.013 134.817 131.221 121.092 115.837 115.377 106.993 103.539 97.4716 96.3124 93.0877 86.3972 86.8163 84.0162 74.1823 78.8824 72.9814 72.3003 68.6837 68.7573 66.9365 64.5173 66.6356 62.0084 64.0037 58.5259 59.0075 57.1332 53.8758 54.3957 55.5751 54.6174 49.6393 50.1112 47.0839 47.3229 49.5316 46.3972 46.5557 47.7649 44.8175 46.8594 42.1697 39.1139 43.5172 43.0669 45.7842 41.6846 41.3503 39.0499 38.1847 39.1424 39.132 39.1862 39.9228 38.9144 36.9073 38.9158 35.3193 36.7732 35.345 37.8775 33.4603 36.1741 33.9467 33.6583 36.5015 33.2427 35.6849 34.1525 35.9726 33.8397 32.4908 33.2678 31.5178 32.545 33.1447 30.9445 32.8188 32.9675 33.4464 31.2968 32.9272 26.5293 31.3413 32.9057 30.1529 27.8476 29.3815 27.9623 27.749 29.6442 32.8473 29.9075 31.679 31.834 32.9786 30.6095 27.5564 29.5663 29.9854 28.9311 31.4136 32.3073 29.5858 30.2015 32.0766 29.6539 30.9208 33.0565 33.422 30.8666 34.4131 33.4241 29.4885 30.3697 33.0349 35.099 32.7208 33.0398 33.9134 36.9205 35.1727 35.9295 33.7605 39.4287 36.1429 36.9421 37.2722 37.2965 38.7414 34.9843 39.0701 41.6401 39.355 39.1862 39.2946 41.6672 42.4379 40.5309 41.998 41.1974 43.2295 43.306 45.7307 43.7278 44.5847 47.3292 47.8567 47.3452 49.5489 49.6518 50.3982 53.7653 56.8357 52.9654 55.3888 54.6375 55.5813 57.113 57.4716 64.6188 60.3537 64.6007 65.7523 65.7544 65.4701 66.3479 70.0333 71.3996 74.281 81.9959 83.2955 87.3903 91.6116 96.2207 94.3366 102.022 103.391 107.073 110.138 119.518 121.882 131.391 134.703 139.436 144.158 156.221 161.008 166.478 171.737 180.994 187.012
184.583 179.796 173.049 167.831 163.487 152.041 143.602 143.06 132.759 130.605 121.8 116.04 109.815 109.122 100.705 98.5002 90.5703 92.7988 86.9982 82.5491 78.6045 79.7819 81.3182 72.4386 72.4821 75.6318 69.2461 67.1631 65.6818 61.8927 63.6652 61.7985 55.6297 53.5126 54.1434 56.653 52.6756 53.3149 51.2591 51.9691 50.1246 50.3422 50.9373 46.7872 47.3624 44.0393 44.2284 45.8589 45.5085 44.6165 41.1936 44.9962 38.462 42.1961 41.8279 39.7229 38.7796 36.4555 33.8624 36.3584 36.9036 37.5957 38.0681 38.3978 35.064 38.2187 34.1371 35.4793 36.7152 34.5046 34.7636 36.0473 31.5747 32.6243 33.4842 34.7165 32.757 33.9152 31.6567 31.711 32.5437 31.9835 32.8198 34.4625 30.3245 30.2717 29.6552 30.2267 29.7465 30.4972 31.6731 31.8729 30.4522 31.6367 27.366 29.3562 29.6116 29.7279 27.9783 29.5938 29.0957 27.7414 27.4003 31.5019 29.3191 31.4648 26.3057 30.6963 28.5135 30.5336 31.803 28.1617 33.6048 31.7509 32.5187 33.9473 29.7579 33.9929 31.3128 34.7829 31.7937 31.5654 30.9917 30.348 34.7251 31.7281 33.6362 32.8305 36.3434 34.8792 34.7807 36.0487 35.5442 34.8121 37.2682 39.207 36.8058 39.5688 32.6136 36.4819 34.0878 38.5055 39.4803 43.071 41.4133 41.8144 39.374 45.5577 44.7892 45.679 45.0069 47.7348 47.1626 48.5105 44.9912 43.0203 48.0331 44.9034 52.8133 51.2092 51.805 53.5811 52.642 54.6415 61.9712 57.5457 57.9838 60.3957 57.7633 64.1383 64.4202 59.8569 66.2319 66.8599 66.3511 72.0811 78.4147 78.5196 76.857 77.9609 85.1222 87.3956 90.3848 96.281 94.6091 98.4738 104.867 108.322 114.59 120.348 126.501 133.24 140.521 142.836 150.593 161.827 167.153 170.886 180.545 184.201
183.253 180.965 171.203 166.538 158.644 150.979 146.834 138.176 131.648 125.295 124.077 111.212 110.923 108.494 96.6123 97.3298 94.593 86.1094 84.9087 83.5615 81.2969 77.691 71.9663 72.1471 68.337 71.713 62.7945 62.9292 62.3457 62.7784 59.8776 59.0136 60.1477 56.6692 56.5397 54.8718 48.4046 52.4322 54.8689 47.5216 52.0508 48.3255 46.4424 47.4923 47.6454 46.9286 43.4069 44.0563 45.8128 44.765 39.8647 40.3486 43.1272 43.2861 43.4464 41.8327 40.1312 40.0529 39.0513 36.9177 39.6114 38.8953 39.1699 36.57 36.0208 36.3884 34.1868 36.0736 33.5029 34.8399 34.8472 34.9804 34.9731 30.0662 33.8515 32.5336 33.2445 29.9183 34.0843 30.0947 32.9963 33.2013 32.2905 30.4096 30.2917 30.4938 31.1044 33.3704 32.5768 30.0245 30.9257 29.531 28.6978 28.6224 32.5402 31.6125 27.8382 28.0571 29.3062 28.2219 27.2027 31.9273 28.2219 29.4541 29.0507 29.5405 28.711 30.1248 29.7806 31.8014 29.9791 29.4336 31.584 31.9273 29.5251 30.5179 29.2388 31.1915 31.2062 32.8242 30.3371 31.2384 31.734 38.3909 35.1737 33.7189 32.4193 35.493 34.0726 32.1521 35.2916 35.7668 37.1359 34.5931 32.7517 38.1712 36.63 35.3948 37.1806 36.5392 37.409 39.3148 39.6121 41.8093 41.2712 36.004 36.5641 40.4936 37.9662 46.4776 41.9411 45.1626 46.7997 44.4927 46.0749 45.6612 49.5409 48.9764 48.8805 50.1303 50.5381 50.5096 53.0202 52.4439 54.6917 55.9151 56.8677 61.5498 56.4101 61.0183 63.9784 64.16 63.7829 67.4789 70.357 72.694 72.8588 78.1567 82.4933 80.5084 82.4948 81.9581 90.9446 91.6592 102.211 106.267 104.796 109.056 116.523 119.202 127.482 129.6 141.693 145.275 152.089 161.597 167.863 171.448 179.412 183.873
183.762 179.298 169.037 163.231 158.239 149.761 142.158 137.91 133.041 124.104 114.948 115.568 107.636 104.076 101.181 93.7999 92.9899 82.1692 85.4455 79.7473 82.6632 79.9215 75.462 74.6505 68.8291 67.6317 67.5431 66.6009 64.224 60.495 63.4402 57.5588 55.7712 62.4087 54.8185 50.6526 52.6151 50.0903 48.9499 49.3966 49.1346 48.7547 48.8696 45.9747 47.4747 44.0377 44.8868 44.0482 42.5182 42.0287 41.4011 42.2652 45.1623 44.1241 39.8207 40.9957 43.4746 38.302 37.0489 37.9138 39.6548 37.2712 33.7757 35.2787 39.6706 34.7366 33.7509 33.7411 32.7802 32.0692 35.9371 32.4281 33.7194 32.2118 33.9243 32.9221 32.2351 31.2591 31.2381 34.6803 30.3357 30.2726 30.0234 31.9536 30.3222 32.0302 27.4033 29.877 32.4281 27.8297 30.4273 29.1653 28.4941 29.7869 29.0932 30.8432 28.4446 30.9829 30.6653 26.7111 28.9273 29.8169 28.8958 28.4138 29.7389 31.889 26.3342 27.3635 28.8943 30.1353 28.0196 28.8552 28.0985 30.1007 31.8973 31.7471 31.7854 31.4708 31.6375 30.0061 31.6278 32.6938 30.0159 32.4438 31.4904 33.3943 31.6608 34.2156 31.7231 34.3853 35.7652 35.9934 37.0122 35.8132 34.2869 35.8763 34.4371 33.8139 40.1924 37.4018 37.055 38.9183 40.3981 38.9454 39.9791 42.6075 39.1991 43.2772 39.63 43.5873 41.2547 43.8808 44.7081 44.9236 44.8208 46.1 46.6961 47.2554 48.8778 49.7517 50.8365 51.501 52.5325 50.6368 53.3223 55.0738 56.7848 59.1429 60.4274 63.2217 58.2833 66.6714 63.2135 68.7953 68.3036 68.9275 75.0566 68.721 77.4207 80.1535 82.2496 84.7421 86.6032 94.0852 90.7954 94.8457 103.247 111.755 114.829 115.862 128.455 136.718 134.666 141.084 149.983 160.745 163.734 170.571 178.946 183.498
185.868 178.018 171.139 162.505 153.637 151.18 139.866 140.773 132.675 125.214 124.305 117.325 107.809 99.7543 98.4541 95.9021 90.6029 88.4941 82.5155 81.9693 79.0373 79.0688 74.3227 70.8076 70.069 70.6237 67.8633 63.9119 67.144 64.5628 60.8392 57.9364 54.7813 50.9869 55.8007 50.7123 53.8966 52.2233 51.4808 50.5284 49.0389 47.8888 46.3131 45.1976 42.451 49.749 42.9996 45.7469 43.3019 45.543 40.0884 43.572 44.6229 41.0146 39.7822 40.3469 38.4366 36.9987 38.475 36.9133 36.9556 36.5832 33.065 38.345 35.6323 36.6117 34.8191 32.1195 31.377 32.9057 31.027 33.5574 31.0785 33.6281 35.1976 31.0631 33.8289 29.6352 31.0662 34.2575 31.6917 32.8365 33.412 32.5534 30.3784 34.4036 30.2869 29.4275 33.4312 28.1858 27.2464 28.3043 29.4529 26.5625 28.732 29.9907 30.0438 26.8179 29.7437 26.8017 28.6612 27.2772 27.3341 24.723 28.3166 28.5828 27.0841 29.4552 27.775 30.8054 29.1675 31.2039 28.4451 29.3544 32.2041 30.7631 31.0516 31.7856 28.8167 33.1304 28.4227 30.8446 34.9991 32.9273 31.0039 33.5058 34.4983 32.0002 33.4758 33.6635 35.0953 37.7919 36.8471 34.756 35.1038 37.2095 37.5964 35.8993 36.2555 36.2216 38.0904 40.8 36.6955 40.0245 39.4552 37.5518 39.5506 43.6412 41.3716 41.107 39.8391 41.8586 45.4622 42.7241 46.3239 44.4405 44.3605 50.0437 47.6449 48.185 48.9643 50.1129 52.5764 52.9772 50.5461 53.3265 56.6585 55.4791 55.0329 58.7112 61.0707 63.8773 65.166 66.7201 64.432 72.4994 72.0762 76.9454 74.232 79.3335 83.8026 88.1471 91.7084 91.4022 94.872 97.6032 104.313 106.558 112.022 117.805 125.597 127.931 132.718 140.964 152.088 153.418 163.725 171.364 176.186 181.458
181.068 177.666 170.581 166.006 156.99 150.537 142.866 137.166 130.484 125.535 118.066 110.442 107.474 100.581 97.3405 99.1149 89.2807 86.6537 84.9486 81.4864 77.077 78.0746 76.1867 72.4597 70.1156 62.4915 63.8397 66.0585 59.9173 64.0697 57.2722 58.2185 54.8965 58.8 58.4076 52.6336 51.885 50.774 47.8476 47.4395 52.1246 47.3835 46.1331 47.7129 46.7603 45.8077 44.4745 42.1185 43.5092 39.5916 41.459 39.7965 39.646 37.5548 39.3166 37.2932 39.0865 36.2854 40.8113 40.2771 35.5897 33.5662 37.8416 36.4075 35.6038 35.358 34.1414 32.2055 36.1192 36.8559 33.5142 33.5071 29.2357 29.8834 32.7736 32.0802 30.929 31.0897 31.7303 29.376 29.9527 33.9783 32.0534 29.5832 31.9856 29.5737 32.4946 32.3867 27.5621 32.7137 28.365 29.1829 28.0404 28.3611 28.7661 27.6898 28.8031 30.7785 28.2555 25.6136 25.088 26.4677 28.7819 26.6552 27.466 29.023 26.1163 31.546 30.513 28.6731 26.9475 29.1364 28.5447 30.7107 30.1915 33.3488 30.8715 31.0582 32.025 31.6634 30.1797 29.7518 32.6538 30.6154 32.7255 32.6798 31.553 35.3777 33.9374 30.799 31.9454 32.9516 34.013 33.6285 38.8108 33.6576 34.4519 36.5927 33.8956 33.8633 35.2768 40.5245 38.5878 37.0095 37.3452 41.8089 41.006 38.5972 41.1714 40.0801 40.7704 41.9617 43.6771 42.7552 44.6179 44.3547 46.4884 44.9362 47.8681 47.5955 48.7932 46.7674 53.145 53.4649 49.7623 53.9613 55.0124 56.7057 57.7694 59.8149 59.4461 65.2343 63.6175 63.0438 69.5034 67.4382 72.9199 73.8528 78.5875 77.8957 78.1093 80.4699 87.1304 91.4554 91.3537 98.3483 103.486 107.829 114.069 112.306 124.426 125.941 136.678 142.486 148.946 158.122 162.535 169.1 176.383 181.976
186.849 178.155 171.242 160.262 153.776 147.301 141.003 130.645 126.465 120.249 117.503 114.867 106.059 101.585 101.194 94.32 89.9179 89.113 81.6437 80.7686 82.5002 73.6001 66.2607 71.5354 68.0754 63.1612 65.4413 66.2179 60.4012 58.551 61.7659 58.1639 55.758 53.6401 55.8234 52.1351 51.1422 50.5527 46.7144 47.7838 49.5332 45.2287 46.5176 44.4633 43.2181 42.0462 44.9094 41.9421 44.2811 38.4305 41.997 38.2377 39.0144 42.7027 37.2102 37.0707 40.271 34.5115 38.2861 36.6134 36.8021 33.9373 34.1494 33.6405 32.7839 31.5241 35.5253 34.3131 30.4732 35.9367 32.9372 32.0435 34.1115 31.9226 31.1515 30.8604 28.7343 30.2458 31.1943 29.4788 32.8033 31.9847 28.3537 27.4987 28.9142 28.59 26.0583 29.1941 30.7023 31.2281 27.5173 28.5835 30.6515 25.9429 25.7607 28.6384 28.44 27.5592 27.0309 29.9538 28.7029 28.4722 24.9969 27.9576 26.0994 25.7711 28.8787 26.6874 30.1393 26.1599 28.2464 28.1883 29.657 29.7764 26.2002 30.8781 30.8386 28.8916 29.8966 30.0756 30.8886 29.8586 32.0468 32.1653 30.6168 31.6943 30.8136 33.2816 33.9131 32.0177 34.8438 32.8372 31.7492 31.312 32.5702 33.4526 35.8109 33.8365 34.9842 39.4128 37.2223 36.4875 40.2694 36.0004 38.5273 38.2055 40.2807 35.5141 41.1872 41.2566 41.2041 44.6134 43.0229 44.765 44.7626 44.7472 48.5517 45.0553 45.0231 50.001 49.8502 47.6056 48.6791 51.8592 54.4724 55.6177 56.1726 57.1412 52.0415 57.9292 59.5778 64.7896 64.1137 64.6759 64.5081 66.6527 72.0056 72.5589 78.0546 81.7389 79.6588 81.0106 80.7105 85.9619 89.5993 99.4221 98.2986 104.591 111.749 115.349 125.695 131.354 132.683 142.505 146.788 154.833 162.902 171.606 177.952 181.741
183.87 176.488 170.521 162.608 157.123 146.718 142.529 135.716 123.44 121.32 118.733 109.513 107.232 97.2006 96.5991 94.7797 92.0972 88.3206 80.4192 76.5139 78.8449 68.8006 74.5361 70.1918 65.8013 63.4505 62.2937 64.2105 58.8909 62.7161 60.169 57.3207 52.8295 53.8964 53.4244 53.129 49.4729 50.3673 46.9331 44.6038 43.3901 49.0257 46.8919 43.4321 44.6038 44.6574 43.7944 41.5277 41.6301 38.1175 39.3354 40.0425 40.2711 39.12 37.6282 35.383 37.4434 36.1463 34.0067 36.1562 32.0058 37.8782 32.2616 38.7652 32.4052 36.5027 33.8764 33.227 34.279 35.0068 35.0687 30.6287 33.246 30.2466 29.7235 33.7955 30.4051 31.8465 30.3225 30.731 29.2309 29.7598 28.3208 32.0314 29.3844 29.7342 30.5296 26.7729 26.2943 26.9486 25.0393 26.1672 26.5253 27.1211 28.1195 27.5254 25.6614 25.6631 27.8975 25.8479 28.2391 26.7629 25.9543 28.1582 32.5677 28.8588 25.9758 26.8818 26.2349 28.8431 28.9207 27.9693 29.1212 30.1072 30.9909 26.2976 28.5625 31.1089 27.0138 31.4909 29.9983 31.0965 30.3036 31.0454 31.8177 32.439 31.2104 31.5594 30.382 30.7062 33.7773 33.6767 32.5727 33.4118 32.8392 34.2501 33.7476 33.4836 36.3402 35.3236 38.3857 37.6026 36.5514 34.9639 37.6241 37.7157 38.9789 39.5788 38.4839 44.0097 44.4058 43.7746 41.8586 45.9182 43.3397 45.6468 44.6541 47.6485 48.8243 47.4546 48.4134 49.5397 54.9501 51.0984 54.0325 54.625 51.7172 56.1349 52.7065 59.7391 57.1028 61.4974 66.0736 61.7475 64.1972 66.5431 71.8561 73.3545 77.089 74.0501 80.7113 85.7231 86.7496 89.8983 92.5824 92.2589 95.1708 107.838 105.465 115.292 117.944 130.591 135.062 143.158 150.104 156.766 166.208 170.695 178.163 182.646
180.618 177.075 170.85 163.104 153.831 147.842 141.542 132.504 127.609 121.589 113.796 108.535 104.283 99.5571 95.6954 91.0803 89.7902 88.2918 83.3467 80.0132 76.7649 76.4637 74.4725 66.7086 68.693 65.2481 63.489 62.5322 57.8664 58.4494 56.3967 59.2712 57.4361 56.4929 49.4368 51.4373 53.4259 49.3373 49.4529 46.4349 43.4642 44.4007 44.118 48.5973 46.4155 43.0195 40.3441 41.9944 43.8978 39.1182 39.1485 40.1382 38.7706 42.8078 41.6974 38.6237 38.7891 35.9163 34.5655 35.3712 34.4161 36.5161 35.7425 31.415 32.9556 36.6343 31.6158 33.4585 35.2607 29.6457 34.8675 30.805 32.8789 31.2387 31.0784 29.4323 30.2912 29.6263 31.0362 29.1091 26.5544 28.7109 29.8989 29.4432 27.6757 28.6375 29.4154 29.6204 27.8174 26.9256 30.2279 26.5965 27.4141 27.625 26.7577 27.76 27.3871 26.0591 27.1753 24.559 25.5022 25.034 25.1496 28.2806 26.5451 26.1359 25.3073 28.9792 28.2831 27.5997 27.2977 28.7759 27.1804 27.5609 28.7683 31.4589 29.5909 29.38 26.2464 27.4959 30.7476 30.2861 30.4819 33.1295 31.5315 32.5127 30.5721 30.8278 30.7173 31.167 30.2465 36.0631 34.5342 34.3402 34.7941 36.8249 33.731 33.8247 38.3183 33.7589 37.1093 38.8111 37.9091 38.9039 34.0111 40.177 39.5603 38.5394 39.7113 41.4367 44.048 40.9566 42.2821 42.7208 44.5863 45.5988 45.8671 48.2185 46.3531 46.7445 47.3048 47.6423 51.0905 50.964 54.5059 51.9942 50.7311 57.8023 55.634 58.6064 61.6834 61.529 66.1653 65.3992 64.9916 67.1043 71.1888 69.0466 72.9125 80.0259 77.6246 79.5703 88.6681 87.6657 89.0612 94.7867 103.268 104.183 113.123 115.935 120.406 127.047 134.541 142.344 148.723 155.413 161.888 166.119 179.105 184.875
184.338 174.841 170.115 159.942 151.967 145.551 136.489 130.007 122.446 114.885 115.118 104.402 101.631 96.8911 97.217 89.664 87.1305 88.8569 80.3295 79.5603 77.4382 73.8501 71.0062 66.273 67.9846 69.0755 65.9608 62.108 57.1833 59.4279 58.2207 56.897 53.3288 48.7068 55.6277 53.8013 49.2 49.0647 49.413 46.6536 47.6798 46.7175 44.6746 45.4067 45.7922 42.2179 42.969 39.1326 41.9963 38.0538 39.8388 36.6776 38.1918 38.6488 37.508 38.7411 34.4468 35.6247 36.4421 34.2579 33.462 36.6232 34.6425 35.2616 35.9084 35.1754 34.558 29.2936 32.8489 32.6626 30.3922 32.6402 34.7477 33.744 31.12 29.6592 27.8527 30.769 28.5848 30.4801 33.2309 29.5005 30.0352 29.8455 30.8966 30.4361 27.907 27.2792 27.7889 30.4793 24.9458 27.7647 28.2907 26.5488 26.0453 27.2568 25.9866 25.9357 25.7279 24.0852 28.2183 24.5009 25.1743 28.6701 27.7725 27.6207 29.7627 25.8737 25.4977 26.5566 27.8604 27.1214 30.3034 27.1559 27.8846 28.5072 28.7598 26.4083 29.3755 29.1203 31.3536 27.9337 30.8251 30.5586 31.0432 32.9205 30.1637 33.6664 32.479 29.8981 33.9389 31.8081 32.3229 32.2453 35.6247 32.6782 33.5922 37.7184 33.3999 36.1731 37.9676 33.4741 35.3298 34.1027 38.1409 39.3326 39.0256 41.942 36.8811 38.403 42.6939 39.2783 41.879 41.9213 41.3608 43.7201 41.8437 45.8845 43.5743 45.4964 45.3498 50.5849 49.5139 53.81 51.7896 52.1759 54.0894 52.2397 55.4354 58.8088 55.1793 57.8163 59.5693 57.9594 62.2986 69.3264 67.3931 70.2534 71.0691 78.1297 80.7434 79.2464 88.4361 90.1969 89.7908 90.347 98.3234 103.194 108.48 113.258 120.017 127.756 128.907 141.352 147.719 150.084 161.562 174.106 174.183 182.016
181.724 173.184 165.841 162.213 155.043 143.102 139.307 135.172 123.295 118.106 116.132 108.59 102.717 96.9911 95.6301 87.6826 85.8855 84.4708 84.4858 73.3591 75.1508 71.0097 68.2146 71.0617 65.9753 68.6692 62.2438 63.6269 59.2814 56.0158 55.5032 55.4591 56.4078 50.1402 51.2237 51.0837 48.7554 50.9947 45.7665 47.3345 46.9452 47.2861 43.714 41.4386 43.4444 43.5907 41.4703 40.1384 37.6366 42.3142 42.279 40.7101 39.4654 37.9793 37.9194 38.181 38.4709 35.7163 39.3914 36.377 34.1747 38.6004 33.2594 34.3059 33.573 35.4494 33.2462 37.2341 29.771 29.1897 32.4543 35.1886 31.2334 29.5702 31.5663 30.7083 30.888 28.5801 29.1976 30.0256 29.8494 29.7851 29.4028 27.3935 29.6627 28.0859 28.9342 29.8829 28.9597 30.2124 31.2069 26.82 26.0801 25.4987 28.8056 25.1956 25.91 26.2765 26.9909 24.083 26.3223 25.844 25.1683 26.3496 24.9014 27.4358 30.5198 27.1231 28.0595 28.3748 30.0926 29.9693 26.7284 26.739 29.8856 27.9141 28.5827 27.3353 30.0979 28.573 28.7016 26.206 29.4381 28.1986 29.3191 28.5854 35.4784 33.2224 35.1886 32.1988 31.5901 32.8533 32.5353 32.0852 34.9331 31.7698 32.56 36.5778 33.7166 35.3701 38.7483 35.6907 37.7732 37.2085 38.6382 34.5764 37.39 41.1382 38.2075 37.1539 37.9687 41.5047 43.7801 41.5391 43.603 40.7559 41.347 40.319 44.6883 50.7427 48.2313 51.2757 47.3601 48.8426 51.9302 51.0933 54.0549 55.075 54.5544 55.9938 56.2546 60.5719 57.7732 60.5525 63.6771 71.2916 66.6536 68.6189 69.0955 78.5599 76.1198 79.4805 81.0705 84.0436 90.816 96.9673 97.5144 106.839 109.595 109.289 117.309 125.835 133.483 139.532 145.035 153.2 158.491 168.125 177.249 182.549
182.507 174.013 168.202 156.012 154.14 145.724 135.75 136.324 123.61 116.273 113.134 106.528 99.7696 90.9401 100.626 89.6412 87.9439 80.8082 77.659 72.4401 74.7446 69.6382 69.4862 66.6447 65.3908 61.9421 59.0916 59.2004 58.0473 57.1397 55.6195 50.8981 54.4124 50.1911 48.5072 52.8572 49.4993 48.7582 46.3925 50.1614 47.7075 42.4824 45.618 45.5524 41.3256 40.1275 41.6935 41.4677 42.28 44.8193 41.5001 41.7772 38.3339 42.3807 34.9896 35.2117 38.3959 36.4485 36.8173 37.9138 32.9612 35.6462 34.8591 33.1465 34.1782 32.4305 30.2393 33.0736 35.6453 30.2762 27.1477 31.2198 32.4413 30.3131 29.1374 30.2726 29.7203 28.7596 30.4579 29.9794 28.2811 30.6693 31.4734 29.5422 27.781 28.9575 27.5228 26.7825 27.2188 27.1297 25.4828 26.027 28.2649 25.2399 25.9982 24.5788 27.4814 25.91 26.7241 23.968 25.7112 26.25 25.6285 28.2604 24.5842 25.0735 27.6191 25.4666 26.2419 26.7717 25.9946 28.2262 29.0241 25.0483 27.521 29.2022 27.8439 28.3737 31.6182 28.2136 32.0257 29.6987 27.3105 31.6128 26.7906 31.3277 29.9623 31.4689 31.0902 31.7882 29.8903 31.9016 33.9308 32.6787 30.886 32.7669 31.2809 36.0716 35.5751 32.5699 33.1168 38.5633 38.5848 39.0517 33.4433 38.5147 34.7323 40.2345 40.4135 38.9006 38.9572 39.5095 42.9834 44.777 41.6072 41.8599 47.3064 44.9704 46.6875 46.4357 42.3241 48.2266 47.3576 50.0202 51.4153 50.048 52.1834 56.3877 54.4484 57.1244 58.2254 64.2988 60.5326 63.5234 62.7759 65.9602 70.1725 72.7163 71.9445 71.0675 73.7165 80.1821 83.7594 85.356 90.8331 95.7056 97.1637 101.377 109.151 113.597 117.29 124.394 132.833 135.943 145.101 155.924 162.868 169.591 179.117 179.765
182.511 174.22 166.312 160.496 150.072 146 137.004 124.466 122.499 111.968 111.97 105.428 97.683 90.7055 94.489 90.4585 82.6327 84.1558 74.5848 79.6159 73.1819 70.5644 67.3318 63.5667 62.6257 63.8881 63.754 59.9917 58.8423 58.9524 56.1293 53.4035 53.5164 52.7471 52.2164 49.2849 47.311 45.1792 49.5062 48.332 46.5316 43.9086 43.3082 43.0309 40.6576 40.5925 46.8896 40.8872 42.3515 39.4458 40.3473 39.6679 35.9708 36.3646 35.0499 37.8777 37.5729 35.8597 37.9685 33.8307 33.9565 32.662 34.3549 34.4192 31.7283 35.8533 31.1646 33.6462 32.6436 32.9301 32.0019 33.3643 30.9791 29.68 28.3846 29.4808 30.6651 30.2281 27.7842 26.7348 27.7989 28.705 27.3196 26.4943 25.6643 27.9118 27.6446 27.2489 24.2853 28.1257 25.0519 26.4777 26.0315 25.2925 25.2034 27.0093 26.3933 25.3118 24.8646 22.5713 25.1933 25.3017 26.6301 24.8123 24.6177 23.0725 27.8953 27.4289 28.806 26.0609 27.0029 27.4114 25.8654 27.1663 30.5715 25.096 30.196 26.4979 27.977 27.3618 28.8758 28.0541 30.0886 32.1313 30.5063 29.7397 30.3025 27.9494 31.1444 32.516 32.6344 29.9435 32.6308 33.3487 31.1049 34.4091 34.7369 35.5558 32.4875 33.2991 35.5549 34.3201 33.8766 35.5099 37.8878 39.0748 39.499 38.9261 39.1841 37.1294 40.6806 39.4256 41.7924 39.3989 42.055 46.8345 42.9409 46.1478 46.8419 47.0824 42.6471 49.8257 50.8705 49.3198 48.0483 50.8466 56.4635 52.3936 53.5706 57.3706 54.9854 59.944 65.368 59.8145 64.9521 64.4472 61.6837 69.6041 70.9179 69.3654 74.0927 79.6324 84.8334 84.5754 90.4686 93.1586 95.1105 103.933 103.304 113.408 117.019 124.19 127.361 139.643 144.133 152.539 157.826 166.181 174.19 182.729
184.913 173.39 166.614 157.012 153.931 144.406 138.999 130.55 119.299 120.068 107.484 104.71 96.2086 97.9181 93.1026 84.99 88.3161 76.868 80.4677 70.5023 71.809 68.7188 70.0658 68.1746 66.4586 62.4805 64.5871 56.4399 58.2327 56.9288 58.2598 53.1287 52.5507 53.4753 48.8771 49.706 50.5331 45.1706 45.283 47.2679 44.2452 42.6397 46.7574 39.3932 43.8077 41.7058 40.0619 39.5018 41.2899 36.8416 41.2244 35.3467 33.7983 35.5799 37.8654 32.9506 34.0185 33.9566 32.9188 36.3658 32.9684 35.4188 34.0662 34.7978 31.9297 30.1603 33.9182 33.0453 29.7125 32.6397 31.4304 30.5724 30.1265 29.3332 29.0306 28.0415 29.6413 29.0428 29.6048 29.9214 28.8124 27.5188 27.9797 26.9952 24.9514 28.5436 25.5452 27.6331 27.486 26.4885 26.2506 24.4849 23.9341 27.9825 26.0838 27.28 26.3114 25.3438 26.1119 27.4149 25.6867 25.8122 23.8892 25.075 24.7556 26.4229 27.4317 23.049 29.0185 27.2022 26.8631 27.2163 25.8487 26.7039 28.9445 29.5233 28.5492 29.2152 28.6353 30.4909 28.4302 29.6123 30.3036 28.3956 28.0462 30.2286 31.3068 27.9328 29.9654 30.0863 29.498 30.8169 35.2867 31.9062 33.0837 34.1889 32.132 34.7987 33.2148 31.7882 34.6245 35.8534 33.4377 37.4261 34.6451 35.2839 36.8594 38.7403 36.6468 40.2399 39.9327 39.3576 40.6839 37.7942 44.2658 45.0685 43.2242 47.7371 46.7592 45.8001 47.4702 51.3687 50.0854 50.1997 45.8619 52.1686 48.8368 52.8486 56.3883 53.656 59.0082 61.4436 58.2402 59.9871 59.7969 62.3822 67.0263 67.1012 72.2857 73.8378 79.3024 77.4796 80.4611 86.1112 90.0228 94.4926 94.4495 98.186 101.912 107.399 117.892 122.18 124.194 134.41 142.044 148.056 160.461 167.746 173.037 179.73
178.594 175.043 168.284 156.37 149.406 144.531 138.868 128.949 123.204 115.181 107.369 105.032 98.3247 95.0252 93.9333 84.1312 87.4785 76.7393 79.3663 74.6463 73.435 70.9522 64.9703 65.1938 61.9153 64.6407 60.0429 57.8 56.1464 58.4543 52.9959 57.0023 53.0522 52.396 51.1044 47.953 47.9071 47.9482 42.8164 44.8369 45.7539 44.1577 39.9563 44.0707 42.2461 42.762 42.0369 37.4172 40.7473 39.9334 38.3668 37.0494 37.7535 36.183 34.5533 35.7827 37.2988 35.8534 34.2046 34.2896 29.007 37.7487 35.4685 32.3457 33.3602 30.7465 33.1901 30.3778 29.3528 30.0559 31.8499 31.5681 29.8304 29.9259 28.5905 31.6922 29.1369 26.6455 27.7909 28.0106 25.7476 27.6438 28.4137 30.5325 31.3818 26.1994 27.4527 25.8116 25.6568 25.4562 28.0756 24.8238 25.6673 23.7577 24.4388 26.8299 24.8276 25.3244 25.3091 25.4237 24.9232 24.2057 25.2823 25.4113 25.5603 26.5997 26.3962 27.8234 24.7483 29.4426 24.8678 26.1994 28.7853 26.166 26.7812 29.7406 28.5943 24.4236 28.258 28.8914 25.9405 31.0914 25.4763 31.3015 28.9 29.2754 26.849 30.2498 32.4049 31.5384 30.9194 31.7687 29.7177 33.6238 30.6214 31.442 29.8982 31.2184 32.1326 35.9518 37.0685 32.7631 35.0329 33.3993 35.9748 35.1312 35.2105 35.6968 40.221 37.764 40.6098 38.1346 37.722 41.4294 40.8553 40.5477 38.8597 42.9999 46.1313 44.1796 46.2621 47.504 49.6782 50.8637 45.7921 50.046 50.8943 48.764 55.5025 54.5243 58.418 55.1242 55.1166 61.0966 63.2374 66.1338 66.7681 65.9131 70.1593 76.6476 73.7368 76.9131 81.5911 79.7828 89.4932 90.3567 94.453 98.8157 103.484 110.283 114.342 124.116 125.599 134.653 143.497 148.697 158.424 162.432 172.254 181.845
180.393 173.439 165.378 155.46 144.976 142.886 136.889 124.093 121.142 113.922 110.102 106.462 102.883 93.1009 92.3384 83.6534 85.1473 84.0371 74.8837 74.5838 71.5589 72.6808 68.3987 68.1913 62.9587 64.6825 57.2947 56.685 56.8623 53.892 52.9999 57.5547 53.0691 50.8097 45.7163 49.4219 48.488 46.2111 42.9048 45.0824 46.2695 43.0178 40.5811 41.9582 42.4325 41.9611 42.3263 40.476 36.9506 38.87 38.1942 39.4826 35.4333 37.3946 39.134 33.9169 38.1309 34.027 33.9764 36.3 32.3724 34.7964 35.9241 30.0867 31.1034 32.7425 29.4333 31.9916 32.871 31.718 29.1908 28.3776 28.995 29.554 28.0377 27.8517 29.9591 27.4066 29.7829 28.065 27.5391 26.5097 26.4035 28.4896 24.3497 28.8519 24.6331 25.6936 25.8864 25.9585 28.9551 26.6178 24.7674 25.9897 26.4279 26.4883 25.7997 26.127 24.2016 25.5855 23.6348 23.9533 23.966 23.0057 28.0952 25.5553 21.6666 25.5076 22.8781 25.1959 25.7403 27.8283 26.1318 21.6189 28.1974 24.8726 27.1505 29.1129 30.9165 28.4419 29.144 30.7129 27.3842 27.6491 28.92 30.6457 33.3784 27.4787 29.0418 30.3097 30.4948 30.3234 28.77 30.337 30.6759 33.0346 34.6756 33.205 33.1564 35.5297 31.8114 35.9562 35.6904 36.4217 34.5782 36.1023 34.6084 36.411 39.3375 39.4203 37.6508 40.0387 39.2479 39.9257 40.3523 40.6201 41.8569 41.8959 44.9996 45.2392 44.872 45.5167 46.7097 45.0366 49.4015 47.8832 50.5886 51.8965 54.2474 51.7991 55.7735 56.0296 57.5927 57.8449 61.8952 63.4749 62.1358 63.1622 68.9899 75.8878 75.3278 75.918 81.357 79.9391 83.8803 89.5658 96.7841 100.467 103.27 109.392 114.049 123.15 128.653 135.03 137.972 146.429 157.91 165.559 174.569 178.994
183.427 169.225 165.319 158.092 149.381 138.981 135.994 129.235 116.122 113.605 108 105.653 98.8889 92.3665 89.2124 86.2132 82.1193 82.0945 76.0216 75.1274 73.2794 68.5444 69.4843 67.3356 61.888 59.2659 61.2161 59.8187 58.5612 61.1089 53.7071 52.9945 51.1704 49.1507 49.117 46.4294 46.2884 47.5816 46.2398 43.972 46.2785 45.0886 42.4248 42.1419 43.4232 41.8075 43.6485 38.7537 40.2305 37.2114 39.759 36.6437 37.3741 37.0506 34.8037 35.2939 31.2407 35.4379 35.3426 32.5379 35.6095 29.7917 32.5835 33.7596 32.7959 31.1137 30.2383 32.2709 30.7098 31.5811 28.4658 30.9519 29.8344 31.7866 32.1498 27.649 28.4539 27.6083 28.445 27.9547 28.6653 26.2417 27.2034 26.1276 27.8207 28.3348 27.516 25.549 25.6026 24.7073 24.2349 27.5726 27.0942 24.2369 25.1202 22.9656 24.5198 25.3802 23.036 23.2792 24.1952 24.7629 26.7111 24.1089 25.3336 23.9144 25.2423 25.9162 23.7824 25.6512 26.4918 25.5956 25.8179 25.1907 23.5978 26.2218 28.7854 27.8445 27.129 28.5432 27.6083 26.6982 26.46 26.5424 28.6127 29.0791 30.1123 30.3465 30.9251 28.4082 30.4448 33.0579 31.0899 30.4696 32.1776 30.3158 32.9706 30.544 30.5897 33.4728 33.1582 31.2913 33.9333 35.5351 33.8668 32.5518 34.1943 36.5583 36.6238 39.3938 37.6659 37.135 38.9988 40.679 43.0173 39.8682 41.4095 41.2378 45.2225 43.4103 45.3367 44.9059 48.449 48.2069 49.5209 48.4421 50.0866 51.1753 58.8679 53.985 54.4971 56.4463 55.9114 55.6692 62.9449 62.9241 61.6299 69.9616 66.3789 75.0738 73.7707 73.603 80.5592 78.6993 87.4766 84.5161 94.6124 95.0402 99.6819 106.459 108.686 121.693 123.093 131.419 141.886 148.713 156.045 166.131 171.74 178.007
181.475 171.792 162.183 159.549 148.537 144.048 135.267 124.737 118.986 115.599 108.992 104.767 98.7619 94.9876 90.7796 87.1075 79.3507 76.8311 76.9393 73.6281 68.5425 70.8477 64.933 65.1716 65.0927 63.4478 56.3421 61.3124 61.0243 57.7636 52.9591 51.4839 52.7437 50.668 50.7782 50.9066 48.8815 47.3012 48.1465 44.9212 42.3309 42.0043 46.1385 44.0598 41.6383 40.152 38.1623 40.5696 36.9288 39.0358 37.4545 36.6346 34.933 38.1956 35.2171 35.4122 34.4638 33.5155 35.5942 36.8176 31.3801 32.6338 30.9302 29.9414 30.363 32.2335 29.5865 27.894 30.5318 30.0253 31.5742 30.7068 27.3339 29.1022 32.0474 28.5239 28.9283 29.3873 28.6907 28.5522 26.5149 26.3521 27.9375 29.1366 27.1762 25.8577 24.4028 26.891 28.2731 25.1733 25.3077 24.3624 26.9557 26.1368 25.4958 23.7477 24.6697 23.9691 23.8083 26.9487 25.2713 23.7497 23.1956 23.3331 24.1683 25.9164 24.8578 25.0398 24.5767 25.3391 24.8143 24.8022 26.159 28.1549 26.7252 23.8013 26.3259 27.7464 28.5583 27.4269 27.2732 27.5371 27.4542 30.5642 31.0172 28.0477 27.4057 28.8454 30.1163 30.8048 29.4723 29.9515 28.8505 31.5773 30.9393 32.8047 32.6591 33.5883 35.5254 31.3882 32.0656 33.476 40.5241 37.1765 38.781 34.8298 36.5982 36.4354 35.9835 38.4019 36.3919 38.778 37.8094 37.1714 42.7252 39.8093 45.1537 43.7625 43.8859 43.6553 46.4105 46.9979 47.099 44.9232 46.9089 47.5752 47.5297 53.1502 55.3624 55.4857 55.1763 53.3787 57.6059 59.5249 61.9463 60.0799 64.291 65.571 70.1096 69.3068 72.9163 76.2882 77.9483 79.2202 85.7314 88.2884 91.2932 97.1301 100.485 105.845 117.456 112.574 125.372 132.007 140.358 148.184 152.843 164.57 170.925 180.55
180.926 171.702 163.088 151.768 151.379 141.473 129.778 122.431 117.955 113.228 108.268 101.48 98.2387 93.3891 88.7567 86.0889 84.9789 81.2846 76.9971 70.501 69.319 69.1182 65.1726 62.8703 61.5132 63.2256 59.9739 60.1654 57.8724 57.2351 53.3471 56.9735 48.3152 51.8448 48.0681 45.0626 45.8379 47.0405 44.4149 42.1373 39.3861 40.2798 38.724 42.0477 40.7854 41.1612 35.9615 38.1063 37.8818 40.2006 34.5674 37.0653 34.799 33.3009 35.8235 35.7051 32.3804 33.3482 34.3336 30.631 29.3234 33.8034 32.5019 28.9084 34.2698 31.1314 28.0517 31.5711 29.1813 30.6063 28.339 28.9743 30.3417 31.0089 28.2185 31.3518 29.034 24.5448 25.1636 28.894 28.4862 28.5316 27.332 26.8337 28.6232 21.1768 26.9294 24.1844 26.7873 24.9484 26.3312 24.9278 23.8219 25.455 23.096 26.3096 22.7058 23.719 23.8189 23.4698 22.7202 24.3357 22.7841 25.7752 23.4986 25.7515 26.1932 23.962 26.3806 25.1286 25.6176 25.1646 26.289 25.3139 24.4902 27.1899 23.8425 26.8038 27.5668 27.1209 28.2649 28.374 28.8775 27.5843 30.4776 29.4891 28.86 28.0147 29.4582 26.7781 31.5752 30.4858 33.5521 30.838 30.7113 30.1471 32.3505 32.2311 30.5085 31.3394 29.5334 34.3398 37.193 37.4782 38.1907 34.5437 35.319 36.813 36.9005 38.9557 39.0865 37.1507 39.695 38.4285 42.2629 36.8542 42.0138 38.8898 43.6725 42.0539 47.4812 43.8713 44.524 44.7938 45.9542 47.0673 50.1881 53.83 51.503 51.1632 54.2275 57.2649 57.6366 55.636 62.9815 63.4469 64.6084 64.1121 67.3967 71.2764 69.736 79.7318 79.9285 81.3906 81.8745 86.7993 90.9447 98.3252 100.841 103.044 110.935 117.951 126.602 129.201 141.204 147.557 157.181 166.089 172.723 179.867
177.95 168.342 162.051 153.83 146.936 135.075 132.735 125.704 120.829 114.045 110.637 98.9896 95.7893 88.264 87.4506 78.638 83.244 76.0352 70.4282 73.0614 69.0131 71.8045 66.8453 64.6733 61.0527 58.1271 57.8294 60.9143 55.5348 58.7267 51.7359 48.9036 52.9341 48.2946 49.5598 49.4686 46.3983 47.6216 44.4433 43.8836 45.9538 42.2536 41.96 39.9055 39.8132 39.3583 40.3772 36.8792 37.6989 36.0322 38.4495 38.8111 34.8645 32.9871 35.9599 32.8603 32.7355 34.9138 35.7985 31.0038 33.0741 29.7721 31.4986 32.2334 32.1674 30.8172 27.9115 31.789 27.8685 29.6118 27.3507 28.1243 27.1285 31.4252 27.7711 30.0761 27.7428 29.0164 28.0048 31.1778 27.53 25.554 24.0184 28.8004 27.4094 26.6033 26.3276 26.1924 25.9052 25.0708 25.2144 23.184 24.5194 25.0163 24.293 23.8527 25.444 22.3296 23.4492 20.8925 21.6892 23.6305 24.5425 25.0938 23.2364 24.6808 24.6693 23.0068 22.9712 25.9492 26.4597 26.5698 26.2826 25.3045 24.5603 23.4072 26.1117 27.2606 26.3255 24.9135 29.444 26.0844 31.6129 29.0667 26.9073 27.5048 26.8224 28.66 29.6883 29.0363 27.9576 29.5405 33.0081 30.3424 29.4975 31.6894 29.9315 32.9609 30.9525 31.0772 31.4483 33.6894 34.7985 33.1045 36.0878 34.6203 33.0448 34.5626 35.0417 37.6843 38.59 36.7367 41.634 38.4621 41.2913 39.4568 41.9988 40.7661 41.8772 42.9726 43.8186 43.35 46.2652 42.5292 47.5755 48.6059 46.8417 52.9257 52.9498 52.4928 50.5378 55.452 53.802 59.1428 57.3629 63.2823 63.0024 60.9248 69.9963 67.6682 70.1714 75.4964 80.9672 82.0175 79.1034 90.8091 92.5555 101.501 100.373 105.333 112.342 113.259 125.922 129.76 138.12 146.385 155.848 166.07 172.457 179.87
179.875 171.366 166.28 152.796 145.917 137.104 131.948 123.154 117.036 111.849 104.595 100.215 96.7619 90.3363 84.3055 88.9228 78.4208 76.4856 75.1254 70.0515 64.8699 67.0121 63.3006 65.0534 62.1036 59.0013 57.4085 54.655 57.1844 51.8353 52.7475 56.124 51.8289 47.3013 47.8742 51.1739 47.5296 44.5563 44.7196 46.2217 43.4266 45.0268 43.7285 39.2488 37.2048 42.4323 36.9477 37.5739 35.7464 37.1098 39.6073 35.1778 36.1358 33.1348 31.1729 36.2094 37.5366 33.856 32.5438 32.516 29.8607 30.1327 30.7792 28.8483 30.552 31.6231 27.5158 28.684 28.7202 27.5851 28.7 29.626 28.4301 28.3458 27.9084 27.9991 26.2527 28.5431 25.3693 28.732 27.4763 27.2459 27.0613 25.0109 25.7203 24.2598 25.7779 28.5527 26.0286 26.1833 24.582 25.7406 22.7545 24.5276 23.5344 22.1912 25.5485 22.8271 23.465 22.2403 23.0265 23.5621 22.9657 23.2506 24.0678 26.179 22.2734 24.2161 24.4188 23.9206 26.29 24.2161 23.8512 25.4152 25.5581 25.2306 25.3693 26.0713 26.689 28.987 30.4453 28.141 29.5673 28.3671 28.8013 27.4838 28.9144 30.5051 28.9955 30.009 28.7939 26.5044 28.1271 31.0491 29.5716 29.3177 30.0122 30.1989 32.6665 32.4595 33.8218 35.1159 34.0491 36.2425 34.2774 34.6753 37.2122 36.0195 37.8481 35.4829 34.7191 43.0692 37.192 37.1514 38.4679 42.2989 39.5593 41.4838 41.8956 42.1421 44.2832 43.8351 43.5674 49.0402 49.1811 46.722 44.7622 52.6461 47.0655 56.0131 53.0857 53.7194 54.0074 61.1371 62.6061 59.4216 64.3504 64.6043 65.7309 69.4637 66.9609 76.4429 75.7772 83.6505 80.881 84.249 90.5817 98.8902 99.2134 106.451 109.93 119.421 121.411 131.6 140.833 145.375 153.466 160.725 171.942 180.961
178.835 170.508 159.48 154.861 148.224 137.151 127.352 129.998 120.919 111.04 106.439 101.96 99.08 94.4267 86.3957 83.4151 82.9136 75.371 73.77 70.2261 70.6678 67.6156 65.5262 63.5507 59.2556 57.4484 56.5247 53.8155 54.1031 51.764 54.1596 47.9987 48.6087 49.5248 51.7705 46.7493 46.4259 48.6716 43.9392 46.8611 43.1436 44.0705 45.8767 39.4857 40.2672 40.2021 39.5703 35.1657 34.8292 35.4696 37.6144 37.6719 35.1906 34.6392 36.5116 36.1295 34.8889 31.943 34.5242 31.0964 30.4224 31.167 29.8406 32.2719 32.3631 31.422 27.7598 29.4107 29.0102 28.7616 29.0938 29.1361 28.3405 29.7906 26.5897 26.5289 29.1839 27.4429 26.9924 28.1332 28.5467 26.581 27.8564 25.6237 26.4247 26.1707 27.0749 24.9344 25.4793 24.6381 25.8364 23.3606 24.7543 25.0571 24.3353 24.5361 22.2415 22.6757 23.2032 23.1652 22.8786 24.9138 24.1356 23.4355 23.9782 23.5245 23.9565 22.6605 25.3111 24.4341 23.823 26.5723 25.1417 22.0884 25.0169 25.2774 25.005 26.5821 27.2692 26.0416 26.3466 28.0225 26.3194 27.9063 27.1661 29.6626 28.8452 28.7931 28.2363 29.9762 30.6394 29.9665 31.0628 32.1384 29.4748 29.4118 30.2074 33.0176 32.0418 31.1452 33.4355 31.193 34.8314 35.1895 35.3361 31.8084 35.0756 37.762 36.1371 36.7439 36.1284 37.0728 39.3348 36.9631 40.0577 36.8057 40.57 44.4103 42.0473 42.6681 43.0296 41.7813 44.9117 45.8289 49.1666 49.4293 48.0508 50.2498 52.6248 53.1154 53.2076 56.8796 58.0693 54.2388 57.8706 59.667 66.3381 61.9149 64.2236 71.2583 67.875 72.2601 78.2278 77.1782 82.5717 91.8597 90.2761 94.0555 100.323 105.185 111.781 114.819 122.955 132.011 134.261 144.977 156.534 162.206 170.798 180.393
179.568 169.879 160.36 153.654 144.17 137.471 129.627 120.392 111.916 107.189 105.187 97.6175 98.3748 88.1836 85.396 84.6154 82.0055 77.935 75.4962 74.7411 69.1161 65.889 67.5031 60.6096 61.1958 58.364 58.1432 55.4284 55.2849 54.522 54.0804 48.3296 52.0833 48.6531 46.7972 49.2581 51.3292 49.045 44.5892 41.3168 41.0331 39.355 41.3676 39.8783 40.3497 37.2662 37.8039 40.1819 34.2456 35.3485 37.0741 34.6508 34.6905 34.0314 34.8495 33.1935 32.2297 33.3204 33.2023 30.2965 32.5399 33.3282 28.3557 32.955 30.2921 32.3953 31.2305 28.6559 28.6526 29.5811 26.1465 26.9547 27.9151 27.3024 26.0339 28.0874 28.8856 23.9628 28.3512 24.3933 27.5862 25.5636 24.4231 24.1262 24.6925 26.3176 26.3574 24.2266 23.944 25.8573 23.1259 24.5589 26.1288 22.777 25.0546 23.5344 23.3876 21.8993 24.5479 22.3189 22.957 21.4423 22.6998 21.3352 22.9691 24.8658 23.3555 25.8562 24.3116 23.8733 22.4536 26.4832 25.2765 26.1145 24.1692 25.1176 27.2925 25.6839 27.3742 26.3298 26.8023 24.4121 26.0913 29.6739 29.6485 28.1095 27.2682 27.3333 28.1757 29.9554 26.1101 28.147 27.776 30.9854 29.3217 31.2912 28.9982 30.864 30.535 30.7867 32.4549 34.5956 30.8971 33.9839 35.937 35.3198 33.6781 34.5459 33.6273 33.061 36.1302 38.166 38.8449 42.5004 38.7246 42.4352 42.0488 42.5754 41.4902 43.7689 46.1801 42.7995 43.9323 46.0686 44.4324 48.7403 48.5912 51.6251 55.1745 53.2105 53.5207 58.0152 56.7533 57.2986 61.3239 61.7909 64.5752 63.6324 64.7817 67.1609 69.9154 71.3263 73.9473 77.8478 83.8525 86.2184 86.1114 91.8677 99.7471 106.355 107.29 117.485 120.027 134.425 142.489 146.975 151.733 159.197 171.296 179.465
177.953 173.563 163.456 153.477 145.852 131.831 130.445 125.463 115.223 110.571 99.5556 97.179 87.959 93.6877 87.2888 79.9177 75.6686 76.0739 73.0327 72.7779 64.1955 68.6085 62.2444 64.8623 58.3512 61.6326 57.9336 57.3195 53.9315 54.6589 51.1777 51.9209 48.6406 48.8123 47.4237 50.805 45.9463 44.7709 41.7837 43.5293 43.8122 42.7121 39.452 41.9936 37.9578 39.1208 37.6524 35.3219 35.259 37.4986 33.6279 35.9416 33.2305 38.4776 37.0911 32.9363 32.8162 35.0222 33.0262 33.5437 32.4963 33.6447 29.4158 28.8949 29.8267 30.3487 29.9479 29.0229 27.7038 27.6253 28.383 27.3132 27.7218 26.8293 27.3266 26.5184 26.6946 25.7584 27.8981 26.1378 27.3154 25.0298 24.4831 25.1488 24.6066 27.2784 23.4974 24.4965 25.6371 23.5659 26.0244 24.6268 23.2897 25.2285 22.2861 20.6493 23.539 21.2993 21.1523 22.8688 22.5724 21.4239 20.8043 21.8348 21.882 24.2148 22.523 24.8659 23.9364 22.358 23.7747 21.5216 24.7323 24.7368 25.7539 25.032 26.103 26.4555 25.5114 27.0224 26.4959 25.8044 26.5476 26.1603 27.7139 25.517 29.2912 29.1329 29.7335 29.06 30.6911 30.1029 31.3737 29.6729 32.5827 29.5169 28.4436 31.3153 30.8247 31.4163 33.1092 32.3459 35.8013 32.8095 31.9799 34.6506 34.5001 34.9604 37.4122 35.5554 33.6761 36.5759 40.404 38.0218 37.987 38.1363 41.5266 41.3851 41.2414 45.9587 42.0823 45.5321 45.4961 45.5242 44.4645 47.8368 48.7798 49.2861 51.7817 49.0402 52.3879 52.1566 53.863 58.7295 54.5253 62.5767 63.4153 63.6174 62.3297 68.2268 68.6691 73.2561 73.3807 74.2328 83.2586 83.931 92.0352 91.3235 97.3878 101.236 111.889 114.33 119.986 134.443 134.349 147.337 151.69 164.098 171.066 179.596
179.807 168.013 159.834 151.153 145.785 134.189 125.035 124.291 115.949 108.243 102.201 97.9006 94.4736 89.5367 85.2915 83.7097 79.2625 76.3204 71.3048 75.0526 74.2982 65.0042 66.1203 60.2169 62.7389 59.911 56.4806 55.4056 55.7913 53.6972 52.8401 48.4065 46.3489 47.8143 49.8159 48.8653 49.0958 40.054 43.2403 43.8577 44.7935 41.573 39.8075 40.8449 40.005 36.5871 40.5448 37.136 38.3742 37.4886 35.8647 34.4039 34.9026 33.507 36.3953 33.0722 29.4134 33.5058 33.0664 33.9908 30.5558 29.5915 31.4014 31.1606 31.8602 30.4839 28.8976 28.0908 28.9067 28.0805 32.4958 27.7005 27.9732 29.2833 28.4331 24.6546 28.1821 27.8363 26.9336 25.9362 29.7364 26.1462 25.7627 26.1302 25.45 23.7907 26.3904 23.8706 23.7222 24.0384 23.0855 24.1616 24.3739 20.8373 24.6729 23.017 22.0949 22.3882 21.6521 21.1397 21.9408 22.1645 20.6478 24.1205 25.3953 22.8047 22.8835 22.4053 24.7242 22.8024 22.7397 22.8823 23.5693 26.2477 24.4732 26.0229 24.3659 23.3297 24.8543 28.2346 26.8971 26.4794 26.9062 24.6957 25.2435 26.8069 25.7593 27.2326 26.2067 29.3393 28.7595 26.9473 29.5219 29.3792 29.5915 29.3016 30.3869 34.0787 32.5084 33.2342 34.057 30.3139 33.2639 33.8778 35.447 36.3976 35.2347 33.2159 34.9472 35.8841 37.6746 36.7377 37.0196 34.7714 37.7317 39.819 39.9365 43.8748 40.3496 40.8072 46.2131 46.2508 47.3646 44.418 46.5429 45.6334 49.1483 46.7164 53.0045 52.0515 49.833 56.1839 54.6409 57.0249 59.0289 59.6155 61.3296 64.938 63.0094 71.6734 68.4187 72.082 75.8069 78.9315 82.4282 83.211 91.1595 93.0425 95.9058 101.343 106.815 112.396 125.226 125.376 134.057 144.619 149.216 160.719 172.812 179.756
175.104 170.853 160.128 150.934 142.247 137.026 131.057 120.171 114.306 107.038 99.4087 94.9145 93.6178 91.021 85.5398 79.6851 77.8283 73.4234 75.4867 68.8167 62.7776 65.1065 62.4204 61.6387 58.0097 53.9353 54.1383 53.4412 54.3215 52.852 50.1404 50.9488 46.8246 49.6475 45.6277 47.0322 44.7103 45.0779 45.0825 44.817 39.3253 39.4738 38.844 41.5173 39.6756 38.6248 36.9234 37.4963 36.7181 36.5453 36.0315 34.3846 33.8012 34.083 35.6661 33.0624 31.9989 31.6451 31.5048 31.5593 33.5623 31.8411 30.2151 29.3592 27.8595 30.6802 29.532 26.9143 26.8598 26.31 29.1353 27.2947 25.2395 27.7146 28.4383 26.128 26.2207 25.7499 27.3805 24.1447 25.9725 27.0233 23.8559 23.5254 26.5327 25.1897 24.5495 23.9487 20.6746 22.456 21.8669 23.3027 24.5332 23.3236 22.8504 23.4419 22.1382 21.1814 21.1049 21.4598 21.2939 21.1211 20.1086 20.7813 23.5776 20.7766 21.6256 24.3999 21.1373 24.2131 25.533 24.9647 25.664 26.1256 24.6075 25.4993 26.7774 26.1013 24.2792 28.0938 27.2541 24.2792 25.9099 27.253 26.8447 29.053 28.4464 26.0665 28.7421 27.7575 27.1265 28.0196 27.2414 29.6085 29.2177 31.5013 30.6349 32.0371 31.0026 34.7499 33.9438 30.5932 31.4074 34.9447 31.9269 34.8172 32.5869 34.3486 32.711 38.8857 38.0565 35.2092 40.9142 38.8428 37.9846 37.3235 38.7234 40.6556 41.907 41.2251 42.0056 44.1095 42.3791 42.7931 43.4716 43.6467 48.2442 48.8009 52.6015 54.7645 52.9332 52.9228 56.0032 56.989 55.2146 61.2165 62.4215 62.2684 64.827 69.5659 70.1528 75.1608 74.5658 73.7447 82.384 87.0754 94.3415 95.8226 92.0382 96.8316 111.138 116.228 121.351 125.413 133.602 145.913 150.66 160.115 169.899 178.237
173.345 167.829 163.204 151.782 141.242 131.042 125.136 120.684 111.86 107.498 102.487 94.3185 91.422 86.5729 85.4157 80.8495 78.99 73.1145 75.7989 70.2074 68.8876 63.5813 64.1894 60.3902 59.8894 59.9472 57.0153 59.7669 52.8532 51.9977 48.8361 49.2108 45.9078 45.1513 45.5448 43.7348 42.4327 43.8173 43.1645 42.6472 42.5635 43.3625 39.9381 36.9897 39.1662 41.4876 38.7078 36.7682 36.6291 36.8224 35.0619 33.4062 34.7543 36.212 32.9313 32.0252 32.2161 31.7742 31.3653 30.485 30.8703 30.9316 30.2234 28.477 29.6566 30.0431 29.7391 29.1287 30.3247 26.8579 26.7083 26.3005 27.9892 28.0222 28.0021 25.7773 28.4181 26.3795 25.7184 27.4919 23.4359 26.8933 26.185 24.2254 26.7483 23.5985 26.0448 25.4073 23.9496 23.6845 22.8007 23.7493 21.7189 22.5179 21.739 22.0948 20.2789 21.574 23.6527 21.6211 22.492 23.0281 21.9534 20.8481 20.8316 22.4649 22.6063 21.7896 24.0215 22.4802 25.2647 23.8754 23.8683 25.0067 25.9211 26.2322 24.0144 23.0152 25.5841 25.8068 29.4881 26.3618 26.0472 29.1805 26.7566 26.6305 27.6085 26.2133 28.5041 29.7403 28.2838 27.3517 28.5194 30.7549 28.7398 29.1876 30.8915 29.5305 28.9696 29.111 32.6426 32.1206 31.3193 32.9101 33.5924 33.9235 34.1545 33.1717 36.3628 35.7065 36.2803 36.5679 37.7569 36.6103 37.2643 41.3828 38.1304 38.1775 43.1138 41.3368 41.9779 41.6184 41.9849 45.5272 46.8741 48.9374 47.9323 48.4225 53.4625 49.9862 52.3795 57.0141 56.4815 53.314 58.7051 56.8008 58.6403 61.4991 68.8369 68.5706 66.8172 72.0799 72.1848 78.5233 81.4163 84.8996 84.4648 91.0367 95.8881 103.965 106.04 111.595 124.917 124.149 134.638 141.885 151.45 160.095 169.63 175.941
176.398 167.374 161.605 154.897 138.926 136.267 127.207 119.42 112.739 107.415 99.0756 94.0148 90.5495 88.8785 83.941 76.5663 77.2271 69.1809 64.7976 69.2037 65.3039 66.4638 61.9715 61.8566 56.7431 55.1307 59.6685 55.2959 52.7775 51.9156 52.4866 48.9052 49.4391 52.0964 44.9205 43.9281 44.4261 44.4824 42.0561 41.5473 41.8681 42.1039 41.1499 41.7903 37.65 37.17 33.0715 35.8114 38.4819 33.5024 35.7025 36.8911 38.1814 33.1732 33.7478 32.461 33.093 29.836 31.6938 33.1337 32.6705 29.6792 28.5098 30.8966 31.3371 31.0929 30.5231 28.6415 30.3507 26.6197 28.59 26.761 26.0763 25.1415 26.5647 24.6842 25.3306 25.0146 25.7579 24.8554 26.0033 24.5549 22.927 25.1858 25.4323 22.8708 23.188 22.3884 23.419 22.5368 23.522 22.4219 24.8171 25.3282 21.4332 22.9199 19.8963 21.0191 20.5881 21.5421 21.6726 20.7964 22.6972 22.1191 22.2867 22.0317 21.8115 23.6261 23.2933 23.3256 23.0061 24.7979 22.6853 24.3682 24.0857 24.8027 24.7776 25.1343 25.8668 26.5036 24.7668 26.6197 25.6215 25.9853 29.0975 26.7323 27.0279 29.9234 27.2123 27.1584 27.4564 30.899 27.1548 29.52 34.0135 28.444 31.0689 29.7834 30.2311 34.0961 30.9828 32.4096 32.0756 33.1254 36.0723 35.4846 33.6472 36.1035 33.251 36.6936 36.4506 40.1971 39.789 36.374 38.3299 36.8504 41.3187 39.6801 41.1152 41.7927 42.6402 45.1598 47.78 43.2064 44.942 43.7043 47.8938 51.2537 51.6607 54.628 49.3038 53.5004 56.0644 56.4055 59.6266 57.1704 62.1858 63.6042 65.2093 66.4805 70.9405 73.0604 71.6324 74.7745 77.9524 86.7048 83.9146 87.4697 98.7333 102.517 106.633 112.986 118.621 127.324 134.279 143.017 148.877 158.964 169.23 173.815
179.03 171.494 160.276 151.172 140.884 133.176 127.063 120.799 115.801 101.859 99.6871 97.7787 91.0869 86.8324 84.5617 83.4227 76.9364 75.5348 77.0482 69.6198 65.0626 68.11 61.5459 59.1962 57.7351 60.6792 53.1609 53.6702 50.8099 50.7905 51.0871 49.9469 50.3322 45.6887 49.0923 47.348 43.8739 42.7118 46.1555 42.8357 41.5448 41.5606 41.5618 37.9856 39.6728 41.7636 35.5046 35.9057 36.4066 36.3069 34.7898 35.304 39.0784 33.5305 32.5629 32.0779 31.6901 33.6265 31.464 32.3733 29.7002 32.3003 32.6869 31.1844 27.9619 28.154 31.0446 28.1771 26.981 28.0008 29.3744 26.6588 25.239 26.1981 25.5053 26.2443 27.6471 24.9765 28.0689 25.7168 25.1758 26.1106 24.562 25.0676 24.7249 24.9193 23.7755 24.2958 23.0206 25.4384 23.7876 22.1612 22.6584 20.4715 20.2588 21.7114 18.8257 20.3172 22.3071 22.0615 19.442 18.1024 22.064 19.8881 22.3022 21.0878 20.2515 22.4614 22.2621 22.3204 22.7009 22.8334 27.1086 26.344 24.4112 26.6297 24.7808 23.6333 24.365 22.6462 25.2877 24.3966 23.8679 26.0231 24.2046 26.7804 27.8367 26.2115 24.5219 27.0746 27.0904 26.8448 30.3129 29.0414 29.1641 30.4527 28.0786 30.556 32.3246 30.934 30.4648 32.5337 31.9162 29.2918 33.1865 30.6933 33.0564 33.9705 35.7574 33.3153 37.0885 39.0273 37.5942 36.8162 40.0788 39.2231 38.8669 37.3219 40.5322 43.3147 44.9557 40.3815 45.0104 46.3767 48.8808 43.8277 47.0125 48.6778 46.5724 50.145 51.5721 52.0778 54.6183 57.7861 59.4247 57.2087 57.0349 63.3523 64.4341 65.4212 64.8632 70.0331 76.2544 76.094 76.1572 85.7955 84.8048 92.1262 93.5484 102.349 105.56 113.794 118.267 124.665 135.558 145.694 151.055 156.131 171.608 176.148
176.942 167.721 160.701 149.431 137.968 136.255 127.475 114.637 114.654 102.948 100.891 95.9778 92.5209 85.7107 84.2038 83.0387 76.7198 71.2178 73.1703 70.9772 65.3925 66.6107 61.8579 59.2723 58.1504 58.0949 53.3791 54.6343 52.2745 51.4119 46.7726 50.0456 45.0991 48.2166 48.1055 47.9229 44.308 41.4484 43.9476 39.6983 44.2944 43.913 40.7511 37.5904 41.2262 38.5358 39.0183 38.832 38.4333 33.7743 35.2973 34.8826 35.1011 36.55 33.6978 34.1853 32.397 31.3936 28.9783 35.4528 30.7753 29.8916 30.6235 28.7932 27.8108 29.9077 28.7068 28.3958 29.7139 28.8512 24.8969 26.5112 26.3533 27.6689 27.3221 27.5356 26.7704 27.0777 25.1215 24.9722 27.7294 25.6078 25.999 25.6893 24.934 22.3681 24.3107 23.564 23.996 24.2613 25.4893 21.8991 21.0969 20.6588 22.0806 20.0306 20.4132 20.6452 20.2947 20.8686 20.4576 22.3459 23.0827 20.37 20.4897 22.4656 21.1697 20.5773 24.776 22.9297 23.9664 20.5243 25.0142 24.9377 24.0281 22.457 24.4057 23.6393 24.5822 26.1903 22.9445 27.4739 23.8047 25.2894 26.6001 28.9783 24.6044 25.6757 27.5948 28.3427 26.6976 27.5615 25.804 25.1561 29.8015 30.8086 29.6386 28.692 28.4464 33.3856 31.0036 31.1887 32.9684 31.1554 29.9262 32.2045 33.3362 34.4013 32.4809 38.9788 35.4182 33.4571 40.408 34.5025 38.5024 37.2485 35.6749 43.0972 39.586 41.4916 40.7585 42.8751 44.5202 43.8316 45.4372 44.9448 50.0407 47.3477 49.0077 50.4467 53.7358 50.7911 61.1606 55.5957 58.1615 60.741 61.4975 61.4062 64.6915 65.6924 66.1454 69.4345 74.9845 78.9487 73.8565 85.4787 83.683 90.2524 94.0376 99.9296 106.405 109.626 118.285 129.941 129.683 141.241 147.466 159.077 166.519 177.421
176.316 165.342 157.605 149.689 141.906 134.929 124.889 116.976 110.114 106.707 101.547 95.5032 90.4921 86.452 83.6458 81.3182 73.4633 74.5144 70.1535 69.9067 66.1196 62.4991 62.2361 62.895 57.691 56.4495 55.3797 56.1689 50.326 50.5453 50.3887 51.9321 48.0297 47.02 42.7155 42.2332 46.0554 46.4099 41.9313 40.8201 40.0884 39.4621 42.624 39.5685 36.7423 36.7711 34.3621 35.0373 35.3868 35.5296 34.1779 31.1362 33.4175 33.5904 33.559 32.3489 31.4243 31.2527 32.2925 32.4491 28.0356 29.1906 28.8837 28.8198 29.0178 27.6247 31.3692 27.3541 28.1233 28.6657 28.3062 27.8063 28.1822 27.6272 27.6372 25.0841 24.9764 26.2191 24.3512 24.7621 24.4778 25.5025 24.2009 25.2607 25.4499 24.8811 22.5184 26.2554 23.8652 23.012 22.8066 21.0527 20.2234 22.1727 21.986 19.2813 21.2581 20.9637 21.4223 18.6875 20.8623 19.6884 21.0327 23.3503 20.4464 23.4117 22.3756 22.0775 23.3177 21.3095 21.9459 22.8329 21.287 23.1636 22.0123 24.2761 22.1 25.5426 25.8094 25.9848 26.7402 24.2297 23.2488 24.7722 23.9077 24.7997 24.0293 25.2482 27.4155 26.5085 27.0985 28.8699 27.7838 28.0131 27.7412 30.2167 29.0416 28.761 30.5123 29.3648 30.4096 30.8869 28.7685 34.0639 31.5509 36.0119 36.0007 32.8425 34.4197 36.9929 33.3999 38.8319 36.4341 36.3953 38.5901 36.9991 41.7183 41.3951 40.7637 38.5926 44.4731 43.8355 40.929 44.4856 48.8265 48.2439 45.667 49.6307 47.6363 51.1428 51.1253 54.3862 58.5717 54.1795 58.2184 58.4903 63.5201 60.4859 62.87 71.5015 68.6677 70.7774 69.2929 74.9441 79.6845 82.9718 85.8532 85.0476 97.688 97.9812 105.833 111.846 114.582 125.506 132.702 146.814 148.08 157.009 167.101 174.923
174.344 167.038 160.15 149.762 141.694 133.348 123.267 118.649 109.686 107.235 99.8651 94.3868 89.8659 84.1397 83.9604 79.3772 72.2868 74.3718 72.0414 66.8479 64.3129 65.9631 61.2031 61.2463 60.8141 57.8404 54.0403 54.4738 52.7715 52.1053 50.5085 46.2977 46.8317 47.5462 45.4243 43.6597 44.6043 43.9038 42.8549 43.9203 40.7495 39.9854 37.6423 36.2667 38.0212 37.9475 36.8414 35.4098 37.0372 37.5864 33.3973 33.5854 37.0575 31.7712 31.8564 32.1691 31.6619 30.6359 31.091 32.3293 32.3954 33.0654 28.2597 27.8351 27.5884 31.8666 28.0283 26.6337 28.3436 27.8516 26.9489 26.2421 26.3794 26.2637 25.8429 22.7255 26.2319 24.5944 24.6033 23.6714 26.7214 23.1667 23.2773 24.1227 21.8966 24.5486 23.1489 23.1679 22.8463 20.5896 21.6105 21.6715 21.3003 23.084 22.4242 19.7925 21.8089 21.1477 20.685 22.3822 20.0785 20.479 19.3323 19.8586 21.0677 22.0453 20.8325 21.0499 21.9182 21.4109 21.191 23.5837 22.5628 24.2867 24.1926 23.2506 28.0855 23.0688 24.5537 24.3986 24.6694 24.1405 24.8779 26.4722 24.8652 25.3623 26.1124 27.2782 28.4186 27.0049 27.9813 28.903 28.9666 26.298 28.4072 27.1765 27.9648 30.1858 27.6164 29.0314 28.4847 31.1686 30.8088 33.4761 30.838 32.7591 28.9615 32.9027 35.734 32.712 33.855 37.5559 34.6915 36.1625 38.381 36.0188 40.2181 38.2195 39.1095 41.0013 40.3084 41.4678 44.1644 45.4052 42.2319 42.0171 45.1141 48.3789 47.1623 51.2751 49.5397 49.7406 56.7686 55.3714 55.9537 58.7227 58.0514 61.2425 63.8081 66.9598 70.8057 69.083 73.1501 75.7322 78.1465 80.1807 85.6335 86.7256 94.5088 97.4495 107.604 112.223 116.55 123.236 129.528 142.773 148.575 156.897 167.509 173.733
179.498 165.996 158.525 144.054 144.944 132.366 124.803 116.681 105.246 105.495 99.6938 92.9809 83.7255 90.3945 81.4952 75.413 73.8651 69.3438 64.2459 66.4131 68.2371 64.3246 59.4873 57.7588 56.3669 60.1529 54.0166 52.6815 51.8083 53.0324 55.9799 48.653 47.5811 47.1412 45.7597 47.4237 40.676 42.1981 42.9824 41.8782 40.0736 42.776 40.6528 41.9866 40.4606 37.0422 37.2473 35.4259 36.9287 35.2904 35.3898 33.469 36.0412 35.155 32.7673 31.4206 33.4536 33.8096 27.8848 29.0974 28.6795 31.2465 31.378 27.0683 29.0148 28.0487 28.8046 25.5784 28.4382 25.1527 27.3379 26.2066 27.0967 26.7097 26.0931 26.8593 25.9796 25.0779 26.0686 25.234 26.3653 24.6742 23.1417 25.1798 23.1417 27.5985 21.9924 24.5632 22.2929 23.5532 25.065 21.4377 20.4393 22.1355 23.1378 20.7334 19.9207 22.3329 21.9795 19.6369 18.872 19.6692 20.3877 20.8778 20.2032 22.1536 21.3229 20.1052 25.3282 23.7002 22.5857 23.7867 23.9118 24.5387 24.7103 24.0214 24.4046 25.5616 24.1466 22.3045 23.9324 24.8238 25.9706 27.0748 26.5059 27.4179 26.6916 25.1411 25.2275 28.8123 28.7697 27.067 30.6376 29.2225 28.455 29.3373 29.7179 29.6211 31.4528 30.2184 30.835 31.4077 31.3458 31.796 34.0598 31.8553 30.9627 32.5222 37.5104 31.151 33.936 37.344 37.0112 39.7743 37.9116 40.6244 37.5246 39.9859 40.7495 41.5261 44.5381 45.4501 42.8367 44.9896 48.8943 44.8516 46.3015 50.7402 48.1938 48.9884 50.0049 49.8811 48.4454 53.4323 59.8214 58.7211 61.2352 61.4622 64.7787 68.7879 70.0791 68.01 73.2253 79.6428 76.1251 84.3988 88.6415 91.6251 94.8307 103.249 105.79 110.567 118.088 124.251 134.605 142.152 147.216 154.917 168.131 176.137
176.367 166.838 155.675 145.239 137.968 127.875 121.73 116.186 105.081 103.991 95.326 90.207 88.5268 85.6062 83.82 78.1566 75.5147 71.5472 70.8092 64.1356 66.7723 61.6415 59.7376 56.2477 58.5782 56.6233 57.0263 53.3375 48.9761 51.465 51.8981 47.5773 46.2622 50.3266 44.4865 45.218 45.2416 43.5077 44.4617 44.442 39.1791 40.5805 42.3837 38.2893 38.9174 38.8022 36.8813 36.8302 37.0605 36.7085 34.2118 33.1873 34.6083 30.6225 32.4309 34.5612 32.215 31.5987 33.3652 30.2718 31.4783 28.7853 30.4629 25.8817 28.3077 29.9578 28.7395 25.9916 25.5074 27.397 27.5357 28.89 25.0337 25.4826 25.3543 25.1031 26.4849 24.9762 24.9552 24.7001 24.191 22.3329 24.8008 22.2452 25.0978 25.0507 23.0892 23.4255 24.8597 21.57 20.8739 22.0202 20.8529 23.4975 20.3125 20.0416 21.5242 19.9657 20.3845 20.7692 19.9775 19.6059 19.8872 20.6318 19.4868 21.184 20.514 21.3659 21.8854 21.9456 22.4206 22.6535 22.1104 22.6417 24.0628 23.3222 24.3821 25.5833 23.5054 24.0262 25.0141 26.3187 24.738 24.6726 25.9196 24.0419 28.5825 27.4794 24.8728 25.6409 25.3465 28.1075 29.3009 26.7532 29.0968 28.2161 30.8738 29.2407 30.158 27.605 29.5155 32.0619 30.6369 32.8915 32.9988 35.3398 37.2058 31.5254 33.958 33.097 33.1637 34.8609 34.6541 35.1448 35.3045 40.4641 38.394 36.6143 37.6206 39.5128 44.8843 42.2241 41.4115 39.8687 45.3201 44.9013 46.872 48.2028 46.1824 50.3148 52.22 50.9808 55.3291 56.8627 55.6183 59.3607 61.3249 58.7169 60.9244 64.4575 69.0518 72.9722 75.1902 74.3985 79.4495 83.8043 85.6677 90.682 92.7377 97.1881 106.646 110.259 118.325 124.949 130.121 141.987 149.983 152.225 165.909 175.011
176.372 165.175 159.731 146.002 138.219 129.735 123.185 117.286 107.214 103.351 98.0461 99.7966 89.6878 81.0508 77.9042 77.3057 73.1026 67.5499 69.1823 68.3568 60.0025 64.2227 60.2692 59.8339 57.6242 57.1849 51.6641 51.6495 53.3655 52.2666 51.2089 49.1107 48.3608 46.9567 45.9561 43.972 42.9514 41.1757 41.2766 41.7424 41.5831 36.7099 39.1996 39.9123 39.6469 33.331 36.4272 35.4239 37.1054 34.7457 34.3635 33.2779 34.6157 33.2952 35.7026 31.9388 34.483 30.8267 31.5646 32.2401 28.2083 27.7955 28.1485 28.7643 29.8884 28.5255 28.9422 29.3337 27.3416 25.477 26.4843 26.6157 25.116 24.5016 26.4087 24.7524 26.3981 24.8493 25.5752 25.2063 25.1678 23.7531 25.0736 25.3974 23.051 23.9296 21.8301 24.3224 22.3649 22.0159 20.7312 21.8194 21.9548 19.7677 18.4538 20.8055 19.6536 17.554 20.6635 19.7372 18.8427 19.5235 20.4405 22.13 20.9979 19.1559 21.3788 19.6867 21.6031 20.7737 24.0331 25.1134 23.8473 24.0849 24.0344 26.1008 22.3516 23.5845 24.7391 23.1864 24.69 23.9575 24.9979 23.7332 23.6097 26.3715 26.5493 22.6675 25.6708 26.0676 24.2892 25.5155 26.8718 25.8115 27.9389 29.1864 28.4909 28.4007 29.5712 31.0311 29.9601 30.6157 33.6416 31.0988 31.0948 30.8851 31.5049 31.8791 32.5493 36.8599 35.055 37.757 36.5652 35.6031 34.7391 36.8771 38.2242 39.5513 40.4365 38.548 42.0742 38.97 43.0536 45.1319 43.5911 45.9415 49.3482 47.6468 48.9487 49.1783 50.5068 50.97 49.9959 55.6866 59.1677 59.2672 58.8983 58.4802 65.019 60.8585 67.7131 72.5572 76.0236 76.881 80.1232 81.5843 82.2399 88.3979 95.5936 95.2578 103.369 108.692 115.026 120.199 133.717 140.573 147.916 157.661 165.356 173.573
171.555 166.21 153.347 148.507 138.108 130.911 121.809 115.964 107.469 101.65 96.229 93.8578 83.4607 83.5536 81.5027 77.557 71.9588 72.2333 68.6671 68.4626 64.7888 59.3628 58.877 60.2738 57.0979 55.4965 55.4131 52.2842 52.4915 50.7649 52.3959 47.7774 47.3562 46.6174 45.74 44.1143 43.2584 44.1991 39.6102 38.7987 41.8522 40.6195 38.8337 39.1903 36.4369 37.0385 34.8813 34.3672 33.3189 36.9941 33.4979 32.7806 33.0269 34.8611 32.3406 32.9811 30.2937 32.6339 28.7919 29.026 29.3396 27.9171 28.0652 29.3032 29.8052 26.963 25.1853 26.9751 28.1311 27.251 26.5768 25.5756 25.7963 25.9578 25.5594 26.8298 22.7738 24.7789 23.1425 22.0713 25.1355 22.3122 24.2541 23.9715 21.8223 24.569 23.4668 22.833 20.735 23.0469 19.6719 21.0956 21.7174 23.0025 22.2758 20.8574 19.0299 20.12 20.9261 19.6288 19.435 19.33 20.8063 21.1104 19.6665 23.0712 19.7217 20.2182 22.5073 21.7672 20.9597 21.3984 22.4965 21.8829 23.849 22.6177 24.5932 24.7049 22.9622 23.7858 22.9622 22.3983 24.678 25.7815 25.6159 25.6361 25.6684 27.8418 24.2487 26.7248 26.4812 28.0625 28.0356 27.0411 26.5351 31.2586 29.8536 27.2833 30.1228 28.6129 28.4622 28.9237 31.595 33.1305 34.2596 30.9127 32.1764 31.774 35.285 37.2713 34.23 33.9514 35.9242 34.9042 40.0704 36.9699 36.1234 38.3519 40.3463 42.2599 39.4191 36.5446 40.9451 45.5179 41.9275 44.004 46.2796 51.6114 49.6022 47.9873 52.3502 51.2884 53.0136 54.1535 56.1169 58.9725 61.9937 60.0087 62.5252 66.9675 65.9407 68.9 73.1511 71.9453 79.503 78.9687 84.7325 88.3229 87.6473 99.3726 103.585 105.189 115.512 121.607 133.843 136.384 145.091 159.419 164.937 175.852
176.352 167.592 155.636 149.955 136.408 131.471 122.82 115.64 111.271 100.68 94.1177 95.4193 89.7137 85.0491 80.4691 79.308 72.7047 67.9405 72.8848 66.4056 63.576 59.1324 60.6782 57.9291 58.0369 53.0053 52.8797 54.873 50.1006 52.5141 49.8196 44.8916 48.855 48.4716 46.7703 44.6815 46.8481 42.1835 42.5559 43.6365 41.2666 42.8424 42.8984 37.3374 36.632 33.8024 37.7167 35.7916 36.1791 35.0904 33.9825 31.8474 33.2935 30.7996 32.7683 32.7956 30.3384 30.3439 28.693 29.6017 26.9167 28.3615 28.0518 27.5306 28.0505 26.446 28.5307 24.2686 26.5047 26.7407 25.3859 25.6943 23.8388 26.5224 23.3599 26.1786 25.8525 25.7188 24.9221 20.8973 25.4746 23.5482 22.1443 21.2398 23.9343 22.424 24.6424 25.0885 20.503 22.1157 19.9559 21.323 20.9478 19.8004 20.222 21.0351 18.1632 19.5576 19.3952 19.2519 19.814 19.241 19.447 17.7144 20.6272 19.6599 21.3994 22.0679 21.5372 21.0378 20.4416 23.5577 22.8538 22.0802 22.0856 26.0504 21.6491 22.8578 24.0775 23.7201 23.8579 22.0843 25.3464 24.7747 24.2372 24.6356 25.5565 26.4597 26.1445 25.9876 27.5443 27.0081 27.4324 28.0968 28.955 26.7121 27.6125 28.6548 30.2934 29.8432 29.7163 31.0697 30.3139 31.6877 30.7573 30.3384 31.4108 34.6087 36.7589 32.5213 33.8638 35.5201 36.1218 35.9799 39.7795 40.4726 36.2487 39.4535 39.7045 40.9296 40.8819 43.1753 39.9269 44.0362 44.702 46.9477 45.7416 47.3379 47.6517 48.443 55.0026 49.2411 54.0271 59.2798 56.9536 59.6741 56.8731 59.172 62.2444 64.2118 72.1535 68.5804 69.9842 69.5681 78.1593 79.4144 86.0928 87.5349 91.7288 97.0251 101.4 107.27 116.258 119.175 129.23 137.477 148.343 153.462 165.215 171.604
174.287 162.811 155.745 147.311 137.643 126.827 119.061 113.021 111.285 101.7 95.2413 92.6511 86.381 83.3413 83.0247 73.5918 75.8902 69.6934 70.3544 68.7654 65.7272 61.3295 58.89 61.7679 56.6774 57.3661 52.2078 52.075 54.9072 53.3155 46.6153 45.1715 46.0939 44.57 45.7689 45.9667 46.6512 43.3295 42.2066 43.1649 39.4117 40.1875 38.6677 36.603 37.0898 33.7182 35.5215 33.2854 37.6429 34.6807 31.7877 30.2734 31.3465 31.6729 31.9647 34.2161 30.8846 28.4023 30.4352 28.7854 27.7122 30.8528 30.0812 28.7854 26.7843 26.6515 27.1425 26.6045 25.8425 25.3129 25.5466 28.2557 24.0738 25.6946 24.8427 26.9323 26.0099 24.4043 24.0821 24.6947 22.9495 21.7698 21.8099 23.6008 22.3216 22.4489 24.1166 21.9552 21.8003 20.2638 22.489 20.1518 20.9954 19.979 19.7079 18.9667 18.5048 17.469 19.2114 18.419 17.4233 17.9931 20.4837 19.8172 20.6511 18.8132 18.2918 22.7614 22.211 21.7408 22.1792 20.741 21.207 22.807 20.7838 23.0186 23.9009 24.2494 24.49 23.1956 24.5647 27.3762 24.9934 21.3895 24.219 25.7803 24.3849 26.3113 27.5933 26.4994 26.0721 27.4647 25.3378 27.9847 27.5974 28.7632 28.7162 28.3774 31.3202 28.6001 30.9482 29.0633 31.8872 31.9301 29.2846 32.421 30.626 31.7019 34.548 35.4012 33.6615 34.9781 35.1399 36.8464 39.3163 37.9375 40.2359 40.5637 41.2067 42.1775 41.1583 43.1525 45.0692 42.6491 44.2408 44.1717 44.7594 47.0647 47.723 47.9539 48.438 50.6091 53.7815 51.3393 54.0581 57.2845 55.9831 60.5758 61.5231 63.6818 65.3994 65.9761 70.1055 73.1299 77.1722 80.3653 88.7071 82.7882 91.217 95.0892 101.07 107.903 116.661 118.687 124.583 137.542 147.35 155.976 162.047 173.899
173.68 164.362 156.021 146.362 136.922 125.902 117.121 115.389 109.713 104.572 98.7614 93.7482 89.5577 84.9818 78.9049 78.5671 75.6352 75.132 63.0861 63.2669 64.3923 58.3013 58.6629 58.164 56.6027 56.6153 51.9469 50.9504 52.6392 44.6801 50.5201 47.1257 49.1621 43.3837 44.1209 42.1349 42.0775 40.5204 41.3711 38.6536 41.4047 38.3242 37.7118 37.9949 37.2493 38.3761 36.7671 36.955 34.9844 34.1786 34.1407 31.1948 32.7686 31.618 33.3068 32.1996 30.7393 29.8633 28.0778 29.2901 29.5186 26.438 29.4835 27.3756 27.7877 28.4702 27.9419 26.0414 27.6475 27.8956 27.2691 25.8438 26.0134 25.6966 26.3217 23.813 26.0975 23.1515 24.3077 25.5004 22.4395 23.7387 24.2489 24.1774 24.3764 20.2294 22.1775 21.757 21.2076 22.654 20.2518 21.6309 20.4172 19.7388 18.8138 19.7711 18.4018 16.8798 19.666 18.797 18.6232 18.0472 18.1243 20.2224 20.4438 21.2441 20.4718 19.5244 20.4354 21.1922 21.8691 21.2286 23.3701 23.5299 24.148 22.7311 24.0527 23.0548 22.3891 21.572 23.9448 25.6686 25.2019 23.8789 24.7212 24.2937 25.8452 25.1458 26.3021 25.492 25.9265 25.5943 30.515 28.5179 28.5599 26.5361 27.7358 29.0603 28.8262 28.3945 31.1079 27.4976 31.5339 31.6573 32.7897 31.398 29.3672 33.3643 32.2641 32.8149 32.9564 35.9206 34.791 34.7952 37.4665 39.4454 38.3312 40.498 39.6052 39.196 37.9626 43.0431 46.3731 45.7718 46.1881 44.9127 49.504 45.4565 52.9812 50.1712 48.6183 49.2728 52.1193 51.3148 61.7462 55.1003 57.794 58.8297 61.372 67.3452 67.8876 68.9331 68.3852 75.2834 77.4319 80.7717 77.4669 87.1079 91.9767 100.438 101.974 107.821 114.819 119.727 129.156 139.426 144.93 155.193 162.149 173.722
172.785 166.088 155.734 143.97 136.942 126.539 120.114 115.829 107.53 106.82 97.9869 90.4689 87.4739 85.8536 80.355 77.1881 70.0507 72.9463 68.9118 66.6013 64.1261 63.1064 55.2817 58.4272 54.4921 56.9787 53.2083 48.7393 50.8424 47.9554 47.8332 48.2891 48.7009 45.145 46.4046 42.7393 42.5661 43.5261 42.7209 40.2428 41.6061 39.2644 37.7775 37.654 35.6417 35.5281 36.2353 34.2216 35.2753 32.3002 33.5669 35.8746 30.5705 33.601 30.464 30.0891 30.4242 29.2086 30.5407 28.4574 29.2583 29.7326 28.3523 29.6574 28.1322 26.9379 26.5104 27.7985 28.216 27.3341 27.7402 26.3741 24.9299 24.1232 25.3687 25.4141 23.9074 23.0738 22.9545 25.958 23.2854 24.3689 22.9786 22.6676 21.3001 22.0542 22.6591 21.5458 20.8755 22.2558 21.8028 20.698 18.7368 21.9704 17.2869 18.0268 18.7581 18.5593 17.2187 18.5139 19.7224 18.369 18.254 18.7723 20.1739 19.4809 20.2166 20.5673 21.969 20.4992 20.7832 22.2146 23.2655 22.0996 22.3126 21.6409 23.372 22.8366 22.2274 23.9429 23.879 25.0719 22.9872 24.065 25.008 24.91 26.269 26.3542 25.1486 25.9325 26.7135 27.8056 27.8254 25.8316 26.4991 26.1455 27.8922 30.153 29.2754 27.6508 29.7355 28.8479 30.7778 31.9949 30.5307 30.7509 33.2659 31.3942 32.3797 32.1227 35.031 35.7013 34.4857 36.515 34.3196 37.1086 36.2481 38.1013 36.3134 39.7131 41.2667 43.2662 47.5166 40.1434 46.0212 41.9583 48.8628 49.8739 48.3019 43.4835 48.9253 55.0601 49.9748 52.2455 58.3207 54.4424 58.7354 61.2092 58.1446 62.5142 63.1448 66.8938 69.9343 75.8419 74.4488 78.7758 83.4465 83.1355 90.8964 95.293 101.645 110.308 112.745 119.328 130.876 140.08 142.105 157.437 165.024 173.266
176.082 161.275 151.906 146.981 133.247 129.8 115.295 110.686 109.113 95.4602 93.2691 89.5414 87.2539 80.8949 76.6824 75.4811 75.9443 67.8128 67.0057 64.6391 64.429 63.2378 59.1461 58.1549 59.7691 54.3495 50.8521 51.3455 53.2043 52.485 49.5932 48.6336 48.9199 45.1074 42.007 43.0874 41.5912 44.1434 42.3738 39.9223 38.3153 40.3942 40.1841 38.0865 41.1797 37.2291 36.2162 33.4928 34.7358 36.6968 33.4827 32.2123 33.7661 32.6267 32.2742 30.6499 32.2685 31.9951 27.6344 30.3147 29.1148 28.5624 28.8372 27.7855 27.7553 27.6517 28.2862 27.1496 27.0935 25.3052 26.5698 26.0231 26.6029 25.9583 25.6116 24.2348 25.0117 23.3658 23.4536 24.7628 24.1283 21.4092 21.976 23.9255 23.0968 20.4453 22.6868 20.1921 22.6796 21.1128 20.6265 20.7359 20.1345 21.0006 20.5431 17.3607 20.5431 18.5865 20.3215 18.3433 18.3477 18.493 16.9982 19.4914 20.1561 20.7431 18.1132 20.887 21.7746 21.2581 22.3429 21.3473 20.3863 22.8076 21.2509 23.1759 22.0422 22.586 23.3068 22.3961 23.4205 25.1412 25.6893 25.7713 25.9382 24.1959 24.8836 26.3641 27.7999 26.1626 25.685 26.4676 25.7267 26.8532 27.0906 28.0675 28.4142 28.3523 29.7709 29.4213 27.3553 29.8025 29.7105 31.9361 32.1231 31.7318 32.9403 32.7475 34.6668 34.0625 37.8319 35.6494 34.9228 35.2566 36.3659 39.4547 37.8204 38.6145 39.8446 39.1123 44.434 41.6243 43.4327 42.0027 45.2109 45.5908 48.025 45.6958 47.2266 48.1042 50.5945 49.2738 53.9769 56.768 51.4908 57.3535 62.0926 58.3994 62.2997 61.9861 69.0386 68.7998 69.263 71.9246 73.8395 78.5685 84.9721 88.9659 90.2233 95.2358 103.294 102.044 112.752 115.973 130.544 135.601 143.98 157.658 164.303 174.577
171.6 163.879 151.746 142.333 136.197 125.714 122.526 108.754 103.679 103.766 94.403 91.742 84.7208 85.3547 79.9788 74.6408 72.3251 66.4727 70.5589 66.2468 64.38 62.4535 58.7359 59.0303 56.7628 55.9977 55.8184 50.1889 48.787 51.9173 51.2324 49.2417 47.8281 46.9494 46.2106 40.1206 41.4875 41.9786 40.8623 43.0934 40.5461 38.8498 39.9573 38.5423 37.4741 37.359 35.9906 34.0918 34.357 31.9189 33.0658 33.6371 32.5077 30.8828 33.2422 31.5459 32.0355 30.4835 31.6391 26.8418 28.6444 27.0982 27.9041 27.9027 26.8592 29.0656 24.3848 26.4949 25.6686 26.9175 26.4629 25.7605 26.1393 23.9607 23.0426 25.4632 22.8065 26.0169 23.8908 24.5247 22.448 23.1388 22.4335 23.2831 22.3417 23.4696 22.3402 22.5253 20.9397 22.314 20.8261 18.7873 19.3396 20.5375 19.8949 20.8363 17.1581 19.497 18.6329 17.435 18.3531 18.2773 18.611 17.6419 17.4743 19.1823 19.8162 21.6086 20.7459 23.1344 20.1586 18.6285 22.7074 21.4556 22.9071 21.75 24.4518 23.4303 23.2874 23.7042 23.5191 23.3253 24.9517 22.3052 24.6427 24.3673 24.6777 24.819 25.9659 27.123 26.6552 24.3134 26.1029 27.8065 27.2921 29.086 26.8272 27.5704 30.8828 29.7199 29.0729 29.408 30.9251 29.8175 32.19 32.5179 29.9604 31.4002 31.9204 34.7271 32.0778 31.8709 32.5893 38.2188 35.7808 39.1893 37.7787 40.412 42.3094 38.8819 43.2115 41.7644 42.0296 47.4041 46.0444 43.0992 44.8422 48.0278 46.7833 52.6838 52.0441 50.9773 48.3251 51.8911 58.0933 56.7234 56.4218 58.2609 62.6123 65.113 69.1541 73.1864 69.7924 70.9567 79.6757 79.5387 81.8893 88.9163 92.3541 93.9527 104.365 103.075 112.217 116.96 126.484 135.345 142.837 155.232 164.41 174.459
172.406 165.564 152.387 143.557 133.353 128.409 119.787 117.876 102.181 98.5164 96.6716 87.3853 86.4467 81.3165 80.5461 76.0373 71.3735 72.265 69.8032 63.1986 65.0627 60.5967 62.933 58.34 51.5746 57.484 55.772 54.1603 53.322 51.3827 51.4019 48.1742 45.6814 48.7158 46.533 44.0712 41.0221 41.8102 42.3917 41.4988 41.549 39.251 37.7309 39.127 38.1972 35.0211 37.5257 35.092 35.1982 33.1704 31.4097 31.6517 31.0746 32.5476 31.7476 30.8931 31.1853 29.6475 30.4208 29.9441 29.2859 28.6808 26.4655 27.6521 28.6896 28.266 28.3162 27.0396 24.9365 26.1039 25.2346 26.8551 25.1446 25.177 25.7777 24.3284 25.2405 25.3896 24.7667 23.1197 22.9927 23.0532 21.5523 24.8213 22.8053 22.9558 23.617 21.5168 22.4142 21.077 19.3931 19.9568 19.8152 21.0342 19.8978 19.5215 20.469 17.7371 17.8818 18.112 18.4839 19.4329 19.9613 18.3806 19.275 22.0821 19.2853 20.8999 20.7701 19.0949 21.2896 20.317 23.9329 20.8453 22.9204 22.9898 22.6577 23.8502 24.7018 24.5394 24.656 22.9912 23.589 23.1108 25.5534 24.7918 26.9466 25.6833 27.5355 25.3881 26.4566 27.3126 24.749 27.8617 27.258 25.9784 29.587 27.1709 29.5663 27.6521 31.2798 30.6939 29.8629 31.9823 31.1012 33.5408 33.1217 32.8398 30.9418 32.9003 37.5419 35.1392 37.5508 37.0003 37.1508 34.1725 37.3412 35.8019 38.6769 40.5439 40.417 40.8361 41.3866 40.8051 44.3679 45.463 46.6776 46.6865 49.6028 49.3268 52.2727 51.1318 54.8717 55.1994 57.3143 54.1515 58.4714 59.0189 62.7751 65.1999 66.5533 67.8801 71.741 71.3101 74.8551 77.4158 78.2688 86.1766 87.6126 97.4302 99.6529 106.539 110.914 121.488 125.277 135.524 143.708 156.169 163.493 173.943
170.924 163.643 155.909 144.796 128.604 124.835 116.361 107.968 105.459 98.2631 97.8999 84.8337 82.2274 84.1806 77.7873 75.5665 74.3635 67.3932 66.7237 68.6635 66.7865 59.8028 61.0387 54.9861 54.221 56.2101 54.6872 51.4412 53.7323 47.7633 48.3462 44.9941 47.2119 47.2537 42.6104 43.5639 45.1301 40.1311 42.4206 37.9716 39.4242 39.2105 40.1475 38.3631 37.4007 38.2719 37.8953 35.6237 35.9167 37.0584 35.6447 31.3092 32.1207 31.2001 31.4033 31.4452 29.5368 30.8056 28.9554 30.3423 29.3126 29.601 27.0305 27.5521 26.7182 27.4505 28.6281 28.3591 26.3117 27.7852 26.2624 27.3757 26.0576 24.8247 23.8144 26.2788 24.6588 25.8574 23.1867 23.2032 25.8932 21.6534 23.7651 23.0298 22.1003 21.0452 23.916 23.2151 23.8129 23.7606 19.3908 22.5262 19.9228 19.5073 19.5253 19.2981 18.9903 19.3878 18.2281 16.901 17.6019 18.2789 19.2264 19.9333 19.9542 21.0646 20.2979 19.4999 20.8823 20.7687 21.7371 20.268 22.1272 22.3737 21.755 21.7954 23.9355 24.1477 25.01 22.7608 24.7515 23.4378 24.1492 24.339 25.3537 24.6513 25.6601 25.8514 27.706 27.8241 27.2412 28.9061 27.4848 27.2143 27.7613 29.0032 29.5442 30.3931 27.0096 28.7596 28.3815 30.7951 32.303 30.012 33.2789 32.0071 35.4026 30.7249 31.7725 33.2206 36.3037 32.7738 36.77 36.4053 37.2781 38.2376 35.8614 39.4884 37.6009 42.4908 41.9872 42.3145 39.7425 44.6713 44.4606 45.021 44.7684 44.7729 48.1011 48.3327 49.754 54.4436 55.2357 52.8954 53.8309 62.4211 57.724 64.6658 63.4224 61.1942 66.9075 67.5696 70.9277 71.0009 75.2273 79.0979 79.3505 88.1724 91.4109 96.0333 104.086 103.157 114.816 118.108 126.558 135.861 147.392 154.028 163.968 171.295
173.423 165.983 153.296 141.938 138.527 126.498 118.426 110.085 105.91 101.68 92.1109 88.1951 85.8665 81.8372 80.3226 76.9711 73.0947 69.2379 69.138 64.2342 62.5289 63.6562 58.1804 58.4618 56.1453 55.8941 55.932 53.5277 53.4975 49.4969 48.406 47.7902 47.7947 50.5697 46.0653 46.5177 44.4811 39.7104 41.9785 40.4942 41.1418 39.7149 37.5921 36.3453 36.6525 37.0171 37.17 33.7565 37.2971 33.4282 33.2678 31.6427 30.8817 31.8515 32.8033 31.0602 30.8 31.0466 32.189 30.0389 28.5485 27.4591 28.9964 29.0312 28.2928 26.3288 26.6769 27.0657 27.1852 27.7632 25.946 26.6753 24.8112 26.3092 23.9231 26.1912 27.5166 23.4449 25.3605 22.8397 25.2637 23.687 23.4192 22.6112 21.3433 22.1604 22.2254 22.6521 21.3524 23.1711 22.6188 18.995 20.3689 20.4945 19.4081 18.2022 18.6682 17.9722 17.7634 17.606 18.0705 18.2582 17.7498 18.3762 19.8499 19.6366 19.4822 20.8606 21.0543 21.5672 22.8866 22.5749 21.3448 22.6249 22.932 23.3648 25.6752 22.9471 23.2679 24.3906 25.7872 23.5554 24.1304 25.3696 26.8282 25.2531 24.5979 27.9569 27.1716 25.1819 28.2671 26.869 27.0612 28.7013 27.0854 27.4183 26.5165 27.6044 29.9829 30.1932 29.9194 28.7815 28.0084 31.7956 33.6702 31.6276 33.9154 34.625 33.4796 34.4404 34.6976 33.8064 33.0196 37.2471 36.0125 35.6932 37.6072 39.9222 36.5375 38.7496 45.7763 41.7303 41.4731 45.3072 43.9137 45.6794 49.7481 43.2253 47.2364 50.0446 48.3409 51.8028 52.582 54.1239 51.6621 55.4024 59.0913 59.6647 62.591 66.4463 65.2782 66.2874 67.979 71.0596 73.4729 80.0306 80.1773 83.5273 90.5479 96.8029 99.4084 103.031 112.259 116.226 127.205 132.933 143.856 151.302 160.993 170.845
169.562 162.235 154.261 144.734 131.361 128.088 115.608 114.337 100.858 98.9114 92.7925 91.9301 84.1049 82.0295 77.9109 72.7967 75.6425 72.6588 64.7233 66.8845 63.1426 59.7929 58.2735 57.6394 58.5109 56.5595 53.0536 51.2922 49.2168 49.759 47.388 48.8951 48.0037 47.4232 45.743 43.1836 45.5822 41.7653 40.1463 41.3471 41.6994 38.0923 40.3286 37.2239 37.6328 35.559 37.4062 37.5072 35.2925 33.2064 34.6844 33.9232 35.0964 34.2586 35.3246 31.8953 30.866 33.1007 31.3699 26.9174 29.5197 28.5271 30.5995 29.1934 29.2746 26.8944 28.8595 28.0002 27.5561 28.7906 28.7584 27.0521 26.7397 26.3108 26.4242 25.3643 26.7198 25.9907 25.7625 23.6932 23.9521 22.3944 23.7637 23.8357 25.3122 22.7604 23.416 21.3314 20.3465 21.6377 20.0923 21.5657 19.838 19.8809 20.3374 19.9253 18.6587 18.2038 19.2514 18.6005 18.7444 17.6799 17.7994 19.2407 20.7846 20.8688 19.9223 21.1966 19.5378 20.4875 22.0314 21.4432 22.2167 24.0041 22.7436 22.8263 23.7055 24.0179 23.0361 24.7914 26.271 21.5673 25.6522 23.707 25.1253 26.1086 23.8862 26.3568 29.5105 25.6017 28.691 26.801 26.7565 25.5236 28.2928 28.0707 31.3806 30.2257 30.2058 27.9329 30.313 28.3985 29.2394 34.0304 29.6024 35.2496 32.5692 31.543 36.8502 35.873 36.2069 36.7184 34.2862 38.0939 37.2423 38.5763 39.7971 41.4191 40.9137 38.3052 40.8218 41.7392 44.1118 42.94 45.504 46.3373 45.5439 50.39 50.1741 48.117 51.5786 52.228 52.1285 52.0121 53.4135 54.1901 56.3926 59.7561 63.6082 63.0859 66.1753 68.5386 75.0804 73.4905 73.3496 80.7552 81.2866 82.8734 89.9298 96.3091 97.8607 108.362 107.008 113.432 124.873 135.043 141.423 151.715 164.839 172.561
169.777 157.191 151.001 142.956 132.844 129.874 118.537 108.73 106.298 95.8195 95.0831 90.9377 86.842 80.2612 72.6959 76.2584 76.2212 70.8558 65.1509 62.6798 67.577 61.1807 58.508 61.3962 57.0834 56.1827 53.9735 56.7888 46.2967 51.873 49.7832 46.1277 48.2748 47.6113 47.1571 44.3418 44.9123 43.0939 40.1577 39.4244 39.443 41.6646 40.2988 37.4959 39.1237 37.3316 37.2448 34.0931 35.8217 37.3192 34.8016 32.7367 34.1179 34.4094 32.2933 30.895 32.8297 34.6466 30.0888 33.4405 30.5524 29.4098 29.585 31.0748 31.2066 31.7228 28.6796 27.6534 28.5882 26.2194 28.861 28.244 28.7479 26.5232 28.0766 27.3077 29.0765 25.1311 25.5962 27.2007 24.1777 24.4397 26.2147 24.635 23.9917 23.4196 22.1577 21.2121 24.4986 24.9714 22.1391 20.0153 22.35 21.7671 20.8369 19.406 19.5936 19.7812 19.4913 18.7162 20.2649 18.5472 21.5035 21.3873 21.4803 20.7021 21.8446 20.9253 21.8616 21.0416 22.2151 22.6352 22.243 23.6351 24.7203 24.1948 24.2707 26.3403 24.4692 27.0116 26.8876 27.0147 27.7495 26.7992 27.2813 27.7262 29.3059 27.6394 29.3106 28.5448 27.5619 26.8224 31.2407 30.6082 30.4965 30.4004 30.7601 30.8996 28.5262 30.7554 32.8049 32.2499 32.5072 32.301 31.2686 33.2126 36.8526 35.7379 36.1813 37.4696 36.9874 35.7565 39.6678 38.4633 37.5486 41.4646 42.2598 37.9827 38.037 41.8986 38.0401 43.2505 42.9063 44.8581 45.4425 48.588 44.1837 46.1603 45.1371 48.9616 48.7802 52.2187 53.5906 59.1793 55.2277 58.9747 58.1623 60.6474 58.1794 64.6455 67.2375 68.7971 70.9395 72.1642 72.9502 80.1805 81.8641 84.7212 88.8433 94.9637 95.9326 105.702 110.609 118.075 124.606 133.712 143.311 151.559 159.953 173.907
168.925 157.961 149.92 145.269 135.052 126.072 115.45 112.069 105.594 92.9619 89.9309 94.1275 86.7085 79.0494 84.2187 77.2373 70.5572 70.9463 67.7192 64.2693 61.2069 62.8197 61.5254 60.7064 57.3711 53.8427 54.1047 55.9999 51.6667 48.5259 51.9727 47.1563 51.7232 47.1061 49.759 44.6368 47.5862 46.1993 45.7851 43.8539 44.6273 48.0976 44.1661 45.0039 40.7068 38.7128 40.4103 37.1691 40.1389 39.7843 37.5205 38.1041 37.9315 41.6936 36.7831 36.1728 38.3943 35.7696 36.6137 37.7433 37.1094 35.5155 36.005 33.2595 34.6071 34.9742 36.1728 31.9401 30.2771 35.3335 31.2027 30.3807 31.7361 31.4255 32.0891 32.7261 30.1344 31.5134 28.2329 31.6546 29.5617 31.3832 28.7616 28.1811 26.3707 27.1222 27.5724 26.2091 26.1542 26.8931 25.9581 24.9164 27.585 25.6286 23.6456 24.223 23.8323 21.4681 22.6102 21.614 21.1951 22.731 20.5895 18.9956 22.5568 25.0074 24.5053 22.8675 23.9563 25.489 25.4231 28.7726 26.5888 28.1764 26.5417 25.6224 28.3302 26.0083 27.0986 29.3845 29.0785 30.1893 30.5156 31.5416 30.7148 33.5058 31.6153 32.0938 32.0138 30.0261 33.0461 34.0471 31.8899 35.6724 33.7302 34.3953 33.4948 33.4682 33.978 36.2623 37.2773 37.0404 33.8086 37.3338 36.9196 38.8728 39.4125 41.223 38.5167 40.8966 37.8923 41.885 38.7897 40.5374 43.344 42.4906 43.5009 43.424 41.6716 44.4924 44.2979 46.7029 44.0939 45.12 43.4915 48.3141 50.8007 53.0991 50.8635 50.192 51.2196 53.4066 52.9485 50.9969 57.2911 58.9556 59.4011 61.1347 59.6333 61.9364 62.3678 68.5993 68.5946 74.1091 75.03 76.991 80.4064 84.9498 88.0781 94.0914 99.231 101.467 111.215 113.567 121.896 130.796 146.53 152.868 162.796 172.201
170.586 160.599 153.656 139.436 132.551 122.279 121.456 110.829 101.736 96.6908 90.6776 92.4603 88.5409 82.2531 77.4003 81.4181 77.2161 71.0886 75.2715 71.741 68.9932 70.9854 67.7661 67.0629 61.7958 63.0911 62.7657 60.6623 61.9481 60.5544 59.367 57.4732 57.851 59.232 57.1811 59.1971 57.9097 57.6271 57.7875 54.8983 50.5646 53.5697 53.1474 59.44 55.6365 52.0156 53.1649 55.7111 53.722 55.4778 53.203 51.1218 51.5187 57.5605 49.1582 52.9236 54.6729 51.3044 50.6726 50.944 50.4107 49.3947 46.6961 51.2028 48.8185 47.2723 51.2282 49.5947 44.8975 51.6774 48.7629 49.555 45.6547 46.6405 46.0611 49.5201 43.1434 42.8021 43.8339 45.9658 49.8773 44.6784 43.4482 42.7275 40.8575 41.7829 40.7654 41.821 41.2734 41.2305 38.4366 38.5938 36.6539 35.7681 37.4556 35.5221 36.5571 35.1316 32.1901 32.3678 37.2381 32.3043 34.0204 32.8219 40.8051 37.8921 39.3764 39.4494 38.7652 40.3892 39.1748 37.1762 40.3542 44.3689 39.5605 40.913 42.0623 45.788 45.6166 45.8944 48.4454 47.8215 44.4816 47.7834 47.9358 49.6709 44.8626 50.5567 47.9168 48.7105 48.4692 49.6392 48.6549 46.677 51.125 47.0961 51.1726 48.7708 49.1042 48.0739 47.993 49.0804 51.4044 53.4395 49.8249 51.1044 51.1647 51.7822 50.8583 56.2143 56.4874 48.9343 55.0253 55.3158 56.2604 55.9826 55.2031 56.5826 56.0445 51.4441 60.1305 54.9904 57.7176 57.7637 56.6239 61.7989 57.9669 61.9958 61.8751 62.7133 61.1925 59.4416 59.3384 58.5129 66.8756 62.0672 70.4362 64.5881 69.6504 70.3584 68.363 71.6712 73.1666 79.9449 78.2321 83.2801 87.4376 85.0311 91.2348 92.446 98.2306 105.53 110.351 116.705 129.062 132.354 139.396 151.61 159.372 171.634
169.459 159.511 148.874 140.065 130.965 123.372 115.09 104.935 104.042 101.792 97.955 85.8568 85.5211 84.5864 76.5482 73.6798 74.0958 73.8083 69.7499 72.024 63.0158 63.0479 68.9854 60.6116 62.2738 60.2872 56.4263 57.7464 57.1345 55.0884 55.6955 59.8278 55.5349 51.4684 54.287 55.3839 52.5911 55.4241 53.0777 52.4722 52.7436 52.0707 53.0584 52.1751 55.5285 53.423 53.855 52.6649 49.7211 49.3983 52.1109 51.6146 53.6093 52.2169 50.9465 53.0713 56.4343 54.4669 56.0713 52.2843 54.0365 57.5039 59.9467 53.8389 54.658 56.77 58.315 58.7727 57.2453 58.0034 57.4991 56.9466 61.2251 61.2701 54.6934 56.6961 62.367 62.5533 61.1448 63.8734 59.7427 62.7187 60.0013 67.018 67.0341 63.0303 66.0239 59.8985 63.6695 64.2733 64.6652 64.3311 63.2262 59.966 63.7241 60.9553 58.2587 60.3305 62.6625 60.3707 62.4055 59.338 58.9285 66.0159 60.1009 61.8466 62.057 58.7341 59.656 66.753 61.7792 66.1861 64.6299 68.282 60.2583 57.5168 66.2777 64.2557 60.3916 62.8215 62.8456 61.0227 64.2492 57.7609 62.9355 55.1238 61.4419 57.9681 57.0141 56.3508 54.6516 56.9306 57.1056 55.225 57.4734 54.1585 57.0317 55.3743 53.81 54.218 57.0928 57.8621 54.4219 54.7223 52.689 55.726 52.8657 53.5499 49.6424 51.7158 55.7855 51.2211 51.4508 54.6211 47.9159 50.5787 54.2421 54.8058 51.6499 49.9909 54.5568 55.408 55.1061 52.8368 50.7522 51.5777 52.9974 56.3427 54.6596 55.4594 54.931 52.7677 59.9531 55.0965 58.7919 61.9382 61.0468 64.9173 66.4302 63.9409 70.9014 69.7643 68.7156 75.1767 77.0461 78.7967 81.0997 86.716 94.2001 92.2809 95.4608 104.821 108.685 115.753 124.156 131.849 139.474 152.831 163.51 170.425
171.126 159.611 147.798 140.265 131.984 122.133 118.555 109.024 101.978 98.5155 96.6456 88.4022 85.8175 84.5145 76.9811 74.978 74.8155 72.5102 71.1146 66.7915 66.7769 68.0928 69.3535 61.5602 64.3741 59.6415 60.4896 60.3954 57.0633 59.2338 56.5288 58.2687 55.5101 52.5631 53.0212 53.7864 51.6484 53.6418 53.5427 50.5501 51.343 55.0828 52.0367 49.4162 52.2917 50.9644 49.4584 50.6996 54.1812 52.0074 51.2357 53.0342 53.0976 56.1226 54.7985 51.2195 57.7862 53.2746 53.6434 56.6409 55.5637 59.146 55.0439 57.151 57.7911 60.6472 60.6163 61.1508 65.5893 62.7673 60.0233 64.3107 59.7065 61.3279 61.8267 65.9337 59.6594 63.9484 59.8284 64.2717 56.0446 60.0233 59.5408 62.7641 57.047 62.1272 66.8711 63.6495 56.1925 57.6465 56.8521 60.8957 55.1657 54.8002 53.3575 51.8141 49.4113 52.2495 52.6914 53.7165 55.5426 49.9572 50.5534 54.1129 56.7188 59.5522 59.4011 58.3256 58.9998 51.8027 56.4297 59.6513 55.1381 65.5146 64.6746 63.6202 58.155 61.4059 60.2345 62.3563 63.3262 61.5277 58.9218 62.4635 66.8646 65.9857 57.8626 62.6958 61.9826 64.2051 58.8568 64.491 60.4002 55.9147 60.3596 55.9423 62.5675 59.7878 57.5523 60.9364 57.0421 57.5734 59.3816 51.3397 57.4337 56.03 52.256 50.8605 53.7312 50.3617 49.4763 49.5543 49.1059 49.2797 53.0537 53.2162 46.8444 50.9417 51.6971 54.5094 49.5673 53.351 57.3216 53.2389 53.8091 56.1551 54.8067 55.0406 57.5831 57.4499 53.3169 55.3996 57.6026 58.272 57.7212 62.3693 63.7925 65.6413 68.0278 67.6704 65.6283 72.8075 70.8596 72.5492 72.9033 83.3334 83.1011 88.49 89.9668 89.5752 97.3994 103.284 106.65 115.923 123.918 133.981 140.579 149.254 161.605 169.325
169.243 161.949 150.65 137.263 129.441 125.874 115.171 107.501 104.44 102.451 93.1917 95.1521 89.5273 84.4531 83.6775 81.8979 78.5802 74.5494 76.5525 79.6023 77.8145 73.8198 74.4919 71.59 74.6973 72.8586 70.3757 71.4207 72.76 69.14 70.9097 70.1407 74.4098 72.8306 70.5827 69.4686 72.2325 69.978 67.4737 68.8195 71.6261 69.3897 71.2088 65.3589 70.2639 69.8153 63.2392 67.6561 69.8778 63.8636 64.6589 63.2063 62.3058 61.2509 60.8171 63.2819 61.9887 59.2297 57.2102 57.087 53.7249 56.4248 54.4282 55.0017 55.4487 53.9238 54.1867 50.8756 52.7637 48.4814 52.6371 46.8464 47.3065 50.3695 46.5967 48.4157 45.2607 43.7835 50.1986 49.6333 46.7561 47.8291 41.6539 44.2682 47.65 45.3133 45.8852 43.3809 41.5668 46.2352 42.5724 43.1328 41.8478 37.3437 40.7698 38.5367 40.4987 38.1571 38.793 38.4874 37.3947 42.929 39.1398 38.5909 36.0489 42.4574 41.7853 35.4277 45.6075 41.2119 43.4368 38.5761 40.6942 44.5476 44.3175 46.222 45.7537 42.4722 46.8152 45.4399 49.8601 43.6865 42.556 47.8915 45.9147 46.8842 47.4676 49.9061 50.5782 50.381 49.3704 54.1686 54.3395 50.0902 48.4387 54.9984 48.1117 56.64 55.802 57.3318 54.5268 60.5377 58.086 58.7877 61.3183 61.7553 58.5231 64.9908 60.3783 66.1887 65.2077 68.836 69.5886 67.4524 68.2132 68.9855 68.32 69.6937 71.7527 74.4262 74.7368 69.7562 74.1551 69.1071 71.7395 69.5491 69.8909 65.4082 73.0327 65.5183 71.1973 71.3534 71.3369 73.6785 72.2177 72.9029 73.7607 70.3165 75.3513 75.2938 75.1623 75.3957 78.5622 77.7323 83.4162 84.5993 84.3956 87.963 92.6938 99.3554 96.7148 109.317 108.554 111.348 125.79 126.897 140.488 144.154 159.707 171.995
169.734 162.774 154.294 146.233 134.179 134.527 123.251 120.499 115.467 108.641 108.99 102.889 97.3421 95.8448 95.9013 96.124 90.9824 88.7589 87.8864 83.4561 84.0826 83.5142 84.6243 79.2168 76.5811 77.6613 74.4607 77.319 67.9364 70.5637 69.8674 69.8309 69.0764 66.371 64.774 64.071 67.1869 58.5904 62.9493 60.7707 57.4089 63.0141 62.5605 58.15 52.2921 60.111 53.9357 56.8588 53.4621 50.3977 56.1625 50.7234 49.3823 49.8377 47.7321 50.17 48.6345 47.9066 47.4181 47.5577 44.4634 43.2984 42.7085 45.9474 45.379 46.8929 39.2287 44.2623 42.4609 44.927 43.9798 40.9254 41.6632 40.3986 41.3259 41.409 40.9387 40.7692 38.7883 37.0932 39.7904 38.8448 34.9628 40.2457 37.2893 37.4987 37.2195 36.5083 35.6142 38.9628 38.2665 33.7713 35.8934 32.6346 34.2748 31.9051 33.2777 33.4904 35.6574 33.0783 32.151 32.0413 31.7455 34.6653 32.0081 34.4294 34.5573 33.8893 33.517 34.8498 34.2283 38.1618 37.9557 37.1979 43.7754 39.3334 39.3334 40.1427 39.1439 39.7455 38.5556 39.8585 40.5249 39.1555 40.7791 38.5955 39.9399 40.2075 45.4737 43.2436 43.2951 44.6079 42.9195 43.3317 47.536 46.5888 45.6549 45.3857 48.0778 47.335 50.519 48.6461 49.0682 49.3075 52.7923 51.9581 52.4051 53.7745 52.9436 51.1737 54.2182 55.9016 55.4496 58.2796 54.8148 52.671 53.5668 61.9938 58.3229 63.1022 62.5389 64.2206 62.0885 61.4088 61.0898 62.7316 71.4262 71.629 67.8367 67.9264 71.0157 73.2442 73.7893 71.963 77.4553 76.9517 79.1088 81.982 81.1578 81.8923 85.9205 87.7219 86.547 92.8901 89.7477 98.3741 98.7729 99.4427 104.121 104.493 110.123 116.706 116.799 122.931 132.97 134.485 145.804 154.036 159.913 172.409
172.539 164.069 157.778 145.995 136.723 127.606 125.558 116.595 110.135 109.759 106.526 100.952 99.1925 96.24 95.0872 93.9647 97.223 87.0079 87.2666 87.1272 82.3952 82.2153 85.0317 78.3067 75.8046 79.9082 77.322 71.2911 74.257 70.3164 65.0164 69.7518 66.3658 66.2616 68.142 66.1389 63.9393 68.3739 63.2066 63.7931 53.9426 57.3622 61.0624 58.0646 56.9001 55.5944 52.4336 52.4823 54.487 52.2975 47.668 49.2761 49.4055 50.8607 47.9704 49.5114 50.1936 46.7807 47.5436 47.0832 46.5438 44.8919 46.5942 44.4197 41.4421 43.0569 42.2974 42.7293 42.3613 43.2132 40.9195 41.1262 38.7433 40.5767 38.8963 41.0203 37.0025 40.4355 35.8413 39.5281 39.555 37.9922 36.4227 42.0907 35.48 35.2901 36.7033 36.5571 35.9085 35.7707 37.431 37.3637 30.1666 32.7779 32.089 32.1074 31.4689 27.3653 29.5549 29.8255 26.6361 30.2691 31.4235 28.9466 30.9849 33.0585 32.6721 36.6647 34.9154 34.9087 34.1743 33.3627 36.7554 36.7084 36.1051 37.0159 37.483 34.5625 35.9152 33.9845 38.1922 37.8527 38.9181 39.1181 39.1937 41.9764 40.6187 41.5042 41.6958 42.7494 41.7614 41.6236 41.2606 42.7746 46.3388 46.0615 42.4671 45.4414 45.9724 46.3253 48.2679 43.7106 45.7775 45.4313 48.4477 49.3954 47.1588 52.1563 50.8759 53.4233 53.2654 48.6745 54.6181 52.405 49.3702 56.4766 57.1572 59.1249 58.3049 58.0461 58.4814 62.3849 62.1228 64.398 64.5694 67.1069 70.3299 68.2562 66.2986 70.4172 68.673 72.1128 73.7696 75.3996 79.1318 75.8265 78.8327 79.0293 82.8304 82.2103 82.7766 83.5261 92.8237 93.0758 93.995 93.0271 96.8533 98.2296 100.759 101.184 109.07 110.32 115.6 123.807 131.987 138.021 146.756 158.598 162.844 173.555
166.524 156.62 146.231 136.784 128.643 116.835 116.352 106.84 102.009 96.068 89.5642 94.4335 86.1475 85.3711 86.2886 81.285 78.3271 77.5506 79.7117 77.2805 75.031 71.9134 75.663 78.0128 76.2458 78.8487 79.4773 75.5526 75.3063 80.0719 69.8933 75.5662 70.126 75.488 72.2566 75.4133 74.557 67.9836 73.6684 63.8958 61.5206 61.6837 62.9987 59.7723 58.5253 54.6957 54.7756 53.7239 52.3919 51.1907 48.9871 49.9471 44.3845 52.154 46.7801 45.0081 46.8583 44.6938 46.5932 45.3394 44.7804 44.5256 42.8368 41.5489 43.5096 42.1555 41.989 40.8761 38.8543 42.2795 40.4446 39.4048 39.9638 42.2183 41.8462 40.6586 36.5896 41.8802 38.2172 40.9118 40.1354 40.1506 37.1723 36.9803 38.6487 38.9427 37.7636 37.5342 34.2857 36.6184 34.3486 35.5922 32.6445 32.9588 35.825 32.4763 30.8011 31.3261 28.8472 31.3125 30.5089 28.7283 31.9445 32.1994 30.9115 31.9156 32.2486 31.4059 34.5796 36.4774 34.5423 37.0432 36.5165 38.4568 37.9131 42.6482 37.9437 36.4927 37.0177 40.1099 41.5472 37.9878 38.9614 38.8917 41.3671 42.8164 39.2621 42.0144 43.6761 37.4408 40.188 46.0581 40.4446 42.1011 43.2785 42.4341 41.1751 44.2877 44.0532 45.127 45.2663 46.8345 45.8015 48.6252 46.1379 44.6496 45.7692 49.7296 49.5614 51.8431 50.9682 48.3687 57.6299 54.6533 59.2457 55.2972 56.4882 63.9485 61.3439 67.6812 63.0106 68.7277 66.5972 70.0037 69.5772 75.5577 71.6534 74.382 74.2529 79.9938 80.3166 74.1339 75.0599 77.4198 73.1944 75.9808 78.9149 75.4167 77.012 75.2995 73.8927 80.8076 78.8843 84.5352 80.4695 85.6293 84.5148 88.6366 95.2032 94.0835 96.4027 98.9648 107.302 112.29 119.562 131.166 135.694 148.431 158.569 167.208
168.274 158.628 151.792 137.431 129.226 119.699 117.881 112.48 104.283 94.1788 91.836 83.1124 81.4721 77.5405 74.2307 75.0912 73.8425 76.1699 66.8142 68.0148 65.6943 63.8221 62.8294 61.8795 59.3976 59.1572 56.1136 59.4217 61.8211 54.6141 57.3537 59.2654 59.0713 58.2005 59.815 60.3303 61.0362 63.5404 66.1443 65.2563 66.4397 70.4125 67.8379 66.1684 73.2294 70.8831 73.3565 72.6643 76.85 71.024 78.0472 68.8976 69.5692 68.3926 73.5866 69.9934 67.0375 69.1776 67.8636 60.2186 63.6761 61.1942 59.5522 55.3853 54.3565 55.3699 49.4219 49.0423 46.9984 47.4157 46.2254 48.4171 46.3371 44.9166 38.6938 41.3046 38.9205 38.6595 39.5681 36.4884 37.4537 34.7949 38.8862 36.193 36.8526 35.8203 36.6258 36.2068 35.2552 35.6382 34.192 34.8928 35.3583 32.0382 28.9156 31.5229 33.1546 31.2532 30.2313 30.7122 30.5696 28.7473 30.2124 30.2278 29.7297 31.5779 33.0447 32.8901 33.5239 34.1628 33.9258 33.9378 34.6541 39.2744 34.1628 36.5503 33.8983 35.7963 38.2369 38.8707 39.6024 38.2387 42.9929 39.8034 40.9662 41.5639 42.8384 45.4817 47.0379 46.8781 46.7888 47.4037 53.3191 53.3809 54.9903 54.2328 55.6808 61.3729 58.8428 60.0349 59.4955 66.9172 66.5428 69.4472 67.7571 70.6272 71.5908 71.5925 74.4488 73.6089 74.9263 72.9357 72.6746 72.4753 70.5018 72.8566 68.4459 66.7317 67.6609 73.8219 66.1838 63.7895 64.8905 58.8995 64.0385 64.4199 62.3587 54.9199 58.465 58.7037 56.902 53.9855 58.8497 57.826 55.9916 64.2429 61.8916 64.3237 60.2994 63.2296 68.0113 68.0216 69.3871 72.4341 75.33 73.14 78.9472 82.4305 89.4812 89.9587 97.2619 103.292 112.079 119.427 122.023 129.049 144.253 147.761 159.281 171.999
169.762 157.638 149.85 139.87 127.234 122.015 113.994 110.749 106.211 98.4119 95.8806 88.3213 85.7343 81.2602 82.9078 83.071 77.7878 74.4335 68.7771 70.5792 69.6209 68.6 65.928 68.2614 65.178 58.1343 61.4452 61.9122 59.4503 56.8269 56.8703 57.1481 60.3045 55.3217 54.8789 52.1479 51.6167 53.8581 51.6305 52.0629 55.5231 52.6427 55.9519 55.2487 54.2834 57.0474 57.4398 55.0178 55.4936 58.9538 60.4903 56.9485 60.9174 62.9123 64.164 67.1225 69.2129 70.0792 70.3935 65.4245 68.8552 70.4751 73.397 74.7322 74.9336 73.1279 75.293 71.2911 74.7426 72.397 74.2894 66.3881 75.4301 71.4143 68.5722 67.3308 68.6139 64.2908 59.2906 55.2505 57.1533 56.0161 57.5197 48.653 53.5838 48.2953 44.1737 48.0505 41.559 44.441 42.8837 38.7654 37.5675 37.2723 37.1942 36.4338 31.0169 33.5586 32.4214 33.9284 34.8608 34.6576 35.5674 36.2601 36.4911 36.3904 38.2585 37.7168 38.6509 38.953 46.3786 44.5764 48.9186 48.8179 51.4083 51.825 51.9674 56.5301 59.2611 58.2662 58.7367 63.1345 62.4556 63.7109 66.0721 66.6798 70.5323 69.5306 73.9908 72.4439 72.4404 75.8746 78.7115 72.6123 76.7357 74.7339 75.9353 78.7289 74.8606 71.3119 69.7441 64.9939 67.0565 66.178 61.3549 62.1171 58.4989 60.9764 53.2799 53.0421 56.8946 57.9902 57.5891 56.5926 57.2245 57.2228 54.0699 53.0421 52.5247 53.1393 52.7348 54.9432 55.2956 55.4606 53.424 54.9449 54.3425 57.2106 57.4902 58.5319 57.4363 60.9625 57.0665 60.6101 64.2561 64.2508 64.1901 66.843 66.7544 69.3587 71.6036 71.0254 71.7893 77.8833 78.9077 78.241 85.0017 88.7848 89.9915 96.9779 102.048 99.221 109.171 111.638 120.595 127.613 138.092 148.779 159.888 170.672
169.546 161.688 149.442 141.768 137.762 128.639 119.407 114.906 112.516 109.559 104.107 99.9326 98.871 94.8297 95.0579 98.1498 94.6578 90.4463 84.8626 91.7396 82.4884 88.0984 85.175 81.1004 81.6391 78.6033 76.6415 76.9942 74.4638 77.2873 77.196 79.665 71.9826 78.8034 71.2403 74.7499 74.0199 72.5459 71.4158 68.7468 66.6077 65.2653 67.4377 68.5151 65.9005 61.5785 69.5961 63.9141 62.5752 63.3666 59.4061 66.9411 62.2769 60.0799 59.8308 63.1104 61.01 63.5246 58.1708 63.0192 60.1747 61.3627 60.4941 62.6033 60.8485 60.0677 63.4596 63.7229 59.7658 64.9284 70.7964 69.4996 70.4156 74.9411 69.4715 70.8297 74.1252 78.5437 72.9354 79.4176 82.8341 78.3173 80.853 74.5954 76.4748 80.2827 76.287 73.418 81.3425 72.416 70.6332 74.0725 68.7924 69.6715 66.1936 62.4138 59.1482 57.0354 59.2341 57.883 55.9878 50.2076 58.1918 57.632 66.9762 63.0999 66.1287 69.9277 70.1839 74.8499 72.7389 72.2353 72.6266 77.3153 78.7929 72.5722 76.2765 73.0846 80.8091 79.3667 75.6816 76.187 70.2383 74.7025 74.2199 72.1282 69.6294 66.6393 66.9745 64.6634 66.0093 62.8981 61.396 59.9747 61.189 57.9672 62.6595 62.0734 60.7573 60.187 58.6094 64.795 61.5785 64.4371 59.0323 63.7053 62.7174 64.4195 64.1616 62.9613 63.6667 63.6281 64.0071 68.0045 67.1043 64.6459 70.8507 61.5382 69.7786 69.947 66.9639 71.5878 69.0153 72.9284 71.1912 67.2482 75.0798 75.2623 74.5095 75.6237 80.3458 76.3327 77.7575 81.2653 80.3195 73.9567 80.8652 82.2076 87.3158 85.7137 84.8381 81.9988 91.5308 95.0456 89.7497 88.781 98.4446 98.4481 98.9763 105.641 104.107 111.242 115.855 119.711 127.44 132.126 143.644 149.152 161.276 167.058
169.787 161.896 151.266 142.368 132.293 130.131 124.59 112.066 114.781 110.318 105.803 105.668 98.3013 96.817 96.0278 93.1957 88.0352 98.4928 88.1381 89.266 85.8806 88.7552 87.3419 84.7935 84.9531 87.748 84.5648 80.9187 80.4381 77.0741 78.9663 81.8178 80.6598 82.3977 78.4005 77.1627 80.8602 79.5727 77.0049 75.9054 75.5241 74.2651 75.9409 76.7123 73.4138 74.7988 74.9354 74.164 70.0019 75.8345 71.3177 74.7793 71.9774 70.9843 74.2385 72.1157 71.2858 70.1508 73.5841 72.1831 70.9684 72.4598 69.2464 75.4337 73.4422 68.4395 73.5167 73.6887 75.666 74.6924 78.663 76.9233 80.4222 78.3562 78.1629 81.7327 74.0842 84.1392 77.4465 84.0115 81.9969 79.0975 84.6925 84.9496 85.5366 87.3472 88.7215 92.302 92.3392 91.7522 88.7162 88.4165 94.203 91.7841 97.0493 90.94 88.2445 83.4103 84.3732 84.6836 83.8182 84.3502 85.1322 91.2096 93.3554 85.4745 92.7028 91.3656 90.0994 91.3195 85.6004 90.2679 93.3039 91.0961 88.0849 86.3381 89.5568 87.372 86.7176 87.7072 84.641 80.009 80.9666 80.7698 85.1411 82.1299 82.3392 72.4544 75.1464 84.5595 75.4514 79.1294 73.7206 72.4491 69.6366 71.3567 74.8574 72.4172 72.4403 70.048 71.3177 69.8458 69.7962 71.9295 75.134 76.0757 75.001 74.8946 72.8872 72.4101 73.1425 73.9529 76.4392 70.392 75.6164 73.6071 79.5958 75.3929 75.6447 78.9627 78.6187 77.8065 74.5293 76.9606 80.5907 79.0017 80.6173 78.1753 82.9067 81.8923 81.8994 82.5325 86.457 82.9049 88.9148 84.0221 83.1993 88.7109 86.3594 90.126 88.6808 93.483 89.0656 91.8746 91.5501 96.6396 98.3562 99.7271 104.934 104.352 108.133 109.974 117.204 120.644 122.627 135.67 139.835 147.287 159.266 168.594
167.125 159.898 149.31 143.717 129.704 122.525 113.419 111.709 105.493 101.104 100.135 96.5365 93.1729 87.9601 87.6233 86.6592 78.8444 78.8462 79.5612 77.9897 73.2195 71.1408 72.8969 76.5973 71.8325 69.7538 67.6931 71.4436 65.0768 65.9101 65.5642 64.4443 65.523 67.625 63.5196 70.6534 64.1002 62.9014 66.8849 62.2276 65.2417 60.3263 59.0899 65.7775 63.5501 61.6434 63.3081 57.7495 66.4226 66.0642 64.1217 67.0265 67.5318 68.3328 73.103 68.4869 70.5477 71.7895 73.06 76.6296 73.809 80.5988 77.375 75.9666 74.5778 74.5097 77.5919 76.2748 83.6738 81.6327 80.588 77.1743 81.6076 79.6257 85.2417 82.6989 84.2777 84.2597 87.0713 89.0604 90.8918 89.322 81.3944 88.159 87.0588 87.8938 82.251 85.2453 90.8828 90.1033 94.542 90.8327 88.0229 92.7035 90.485 91.8254 87.4387 90.8076 85.4012 83.715 84.9389 88.7486 94.2177 89.9062 97.0275 88.0784 91.8057 90.0567 89.3937 90.5656 92.4723 95.6781 87.8956 86.6896 89.2557 79.8085 93.0081 85.4012 83.9067 88.6805 89.0765 84.6755 89.0138 86.1359 87.0229 80.0594 81.7689 84.7221 80.4787 81.5019 79.2745 79.5971 77.2353 77.6868 72.3862 72.8181 72.7536 76.4432 76.1332 78.7602 74.9254 79.4089 70.9311 71.8468 72.9811 67.3705 64.5177 63.8887 67.3221 68.2038 62.9784 64.4227 64.4622 65.3151 62.6702 61.4768 62.4426 60.855 60.6722 62.6702 63.0322 59.7117 64.9335 62.3942 61.7205 63.3727 66.8061 62.2133 64.3815 65.575 66.9387 69.5352 69.5101 72.9758 71.2662 69.2413 75.9289 75.2802 75.0204 75.1566 77.8356 77.4252 74.5617 85.6234 86.4871 87.3957 85.412 87.3885 89.2844 100.486 101.812 106.077 110.297 116.542 124.91 128.061 141.19 147.373 158.845 167.025
167.411 161.085 150.582 138.252 126.454 122.48 123 107.567 104.701 106.006 93.9007 96.6745 88.9651 87.1745 87.3646 85.4563 82.7984 79.9323 74.3485 72.614 75.2339 72.2483 72.2392 71.5856 69.7497 64.5118 68.1039 69.2048 69.8258 68.2397 66.5958 66.0816 63.487 66.3278 68.2615 66.9035 69.2446 71.0008 69.623 71.3991 70.0956 68.1746 62.5981 70.5753 69.069 67.3906 74.7143 74.0136 73.1735 68.1872 65.1582 73.7529 67.5807 65.6778 69.2808 69.6791 67.6241 63.4689 68.2053 67.0955 65.5529 65.5221 61.8539 62.0114 64.0574 62.1852 61.385 63.4689 68.0623 66.4781 63.9614 65.8534 66.2192 67.2222 71.4299 69.5288 71.9477 75.5526 74.8446 73.3889 77.2472 74.5133 79.4833 82.9849 79.0904 82.1339 84.408 83.8069 81.0802 79.4815 77.4573 76.2388 74.6636 70.76 67.4684 62.4985 66.6519 60.3095 61.0609 61.3723 58.4428 59.2123 62.9439 61.8268 64.6385 70.3001 70.2748 70.3889 66.8112 76.8525 76.1862 85.029 78.4132 81.9474 81.9529 84.2758 77.3251 77.9515 76.7312 74.2761 71.8735 76.083 71.4046 72.9526 71.5005 74.3341 68.3918 68.0931 65.1564 67.7183 64.414 65.5493 61.0265 61.5081 63.545 65.3827 66.1956 63.7966 64.8124 67.7961 63.4345 67.7111 69.8547 64.8142 71.104 67.7726 64.988 71.3955 74.5839 69.4546 70.4794 69.384 68.3574 71.1674 70.4468 68.9712 74.8157 73.0178 70.5645 71.7178 69.0328 68.7901 69.4492 70.0105 64.6005 71.8626 67.4395 65.466 69.8077 67.2548 64.3036 62.1056 63.1032 65.8245 67.0846 68.323 70.1752 68.4986 77.3378 73.8706 75.3335 76.5647 81.0277 82.6952 84.9294 86.8939 88.259 92.1535 95.7873 97.2357 101.874 111.278 113.304 114.961 123.867 131.285 140.598 151.764 159.106 172.07
169.838 158.717 151.843 142.183 134.413 128.108 121.686 114.122 114.903 104.089 102.803 97.5191 96.9081 96.0649 92.5566 92.5182 87.3234 86.546 83.5938 81.7409 83.6103 81.6823 79.416 76.0559 76.8808 81.3586 72.4598 73.0104 72.8658 72.4378 71.6824 68.3223 63.9853 68.86 63.6543 71.4135 64.5377 62.8366 60.9142 59.2698 60.2374 60.7478 59.8259 55.2969 62.4708 53.9763 50.9399 52.8257 55.5694 52.1855 53.6854 54.6219 53.4019 54.4866 55.1945 50.2174 58.3863 54.536 51.838 54.0202 58.0004 59.8496 60.5886 60.6911 62.6867 67.4516 64.2798 65.9755 70.4276 73.089 76.8205 75.8711 69.8532 67.6217 67.5888 70.2154 68.3954 67.3217 63.5335 68.3405 67.5686 64.2378 61.1483 59.0558 59.0174 55.4085 58.1796 51.635 48.6333 48.4431 46.8078 46.0268 43.1752 41.2546 43.9068 40.5741 37.0585 38.4194 39.7309 37.6219 38.4047 35.7726 38.07 42.6136 40.4351 43.38 39.6577 43.1605 49.226 46.1493 52.7013 51.088 54.9988 55.7725 57.8943 60.949 60.4057 65.1908 64.214 71.4098 62.9994 67.7936 72.6281 73.9835 70.0197 72.0501 76.2992 75.3498 74.3657 75.3699 69.4472 70.4605 68.0003 67.7973 64.2378 62.3739 61.2746 62.5952 58.3369 55.1341 57.6291 54.1098 56.5316 52.5495 54.3768 51.3057 52.4343 51.1082 51.249 53.5226 54.5378 52.2386 53.455 51.5709 57.6016 56.5828 55.2439 60.7112 58.5363 62.1233 62.2659 63.7348 63.6634 64.803 65.3426 64.9804 62.8476 68.5856 73.9249 71.0587 68.9277 79.0904 72.7835 77.971 78.7594 80.2867 81.7537 81.3128 78.7045 89.0062 80.6964 86.4802 87.6252 87.585 88.2837 94.1315 96.5167 99.0007 101 99.1781 109.048 110.083 117.565 120.418 127.47 134.969 142.167 152.611 158.869 173.685
172.571 166.962 157.666 151.023 134.645 138.032 131.247 121.638 120.739 110.648 110.783 108.257 106.842 95.1234 95.9993 92.5274 90.881 88.9058 79.959 80.6667 75.2898 78.067 72.1413 71.8678 65.9218 69.4824 65.1716 63.7082 61.2729 57.703 59.3678 59.9924 60.7555 56.3061 57.2466 52.7289 50.5172 49.7873 50.8572 48.1188 49.56 50.4322 55.1458 53.2278 51.3117 51.988 51.4447 55.1568 55.8849 56.7792 60.7536 57.1284 66.3024 64.8039 60.5947 65.7499 71.173 65.2141 70.8626 69.4546 65.8922 71.9306 69.5914 68.7599 67.0969 63.9318 67.9894 65.5023 59.1886 58.6823 59.4307 57.448 53.7304 53.0781 48.7729 47.7992 47.3926 49.2755 46.3801 44.355 40.9108 41.2267 40.6355 39.1942 40.3343 38.8875 36.0956 34.9297 35.0479 33.9079 35.1329 33.9356 32.6385 31.1122 29.8151 28.0912 28.5697 29.9796 27.8085 26.5003 27.3835 27.7604 27.9729 29.4881 29.8244 29.2109 32.1137 30.824 30.5025 32.6385 36.6499 35.4193 40.447 36.6702 38.0375 38.7083 39.0316 41.3986 40.6318 42.1247 44.5933 44.5915 47.3409 49.5065 49.6617 48.1354 53.0227 52.485 54.8132 58.8653 61.2396 62.5441 65.3822 63.1927 64.2533 66.9473 68.468 67.3759 73.5585 71.6553 68.8819 70.1937 66.2765 69.7115 63.3682 65.0312 61.6036 62.1709 63.237 58.2001 54.5508 53.1853 55.8461 51.2267 50.9034 53.5345 49.3623 48.2389 53.3812 51.8439 52.8675 51.2286 52.2337 51.2711 50.3269 54.3623 57.5608 55.7333 60.5208 58.0966 59.0445 62.9488 59.366 63.9336 66.3652 69.8464 70.2215 71.1287 76.3024 80.0089 78.795 82.0747 83.1372 84.3456 95.3082 91.2358 100.619 101.838 103.73 105.752 111.807 119.604 119.288 127.555 136.35 139.946 146.075 159.452 162.215 174.319
172.559 164.196 154.833 140.764 139.038 127.301 124.036 117.096 115.569 107.122 104.69 100.517 98.8316 95.4685 88.1506 83.4922 84.1828 86.0174 79.3807 76.2863 72.1785 72.6376 71.2845 69.6926 70.6593 69.7616 62.2963 59.6181 65.0435 60.0492 63.3956 61.5012 63.7502 65.553 64.5359 59.2616 62.5165 63.7688 62.6472 66.6822 71.934 68.8303 68.9759 70.6817 65.8834 76.71 73.4103 73.121 75.1236 73.8041 73.261 71.9116 69.4593 67.6321 72.2905 69.4481 63.9163 64.3791 58.3173 58.4031 57.2535 55.9489 53.6906 51.0386 48.2484 47.9087 45.1018 43.1608 41.86 40.8129 38.4539 37.7596 40.8876 37.2128 37.168 35.2513 34.2994 34.682 31.7258 34.04 31.5447 32.1905 31.9497 32.937 34.18 29.6392 30.5518 30.8281 27.1178 29.9266 26.8938 27.282 25.7927 25.7927 26.3134 23.9768 24.0085 23.3329 22.2485 22.982 22.7506 23.8536 25.4829 24.3575 24.9603 26.3843 27.715 27.0991 25.705 28.5885 31.0726 28.6258 30.5612 30.5108 29.9957 29.656 30.2663 30.7945 31.9497 32.4238 34.2528 36.5428 36.3767 34.5663 35.9511 38.773 38.4838 37.6271 38.7637 39.3759 41.3654 39.6633 42.4273 43.284 46.1562 48.2764 50.0569 51.4641 54.1274 54.3084 56.6656 59.9447 62.6285 64.4388 66.1801 68.8452 67.787 70.7041 70.4335 74.0579 73.9907 73.61 73.8377 72.3595 71.068 73.554 71.4152 66.0513 66.0439 65.5437 64.5788 63.0484 65.8404 63.2836 68.4123 61.6337 61.5423 63.4515 60.3516 64.1197 61.8577 61.141 63.5654 63.9443 65.3627 67.8524 67.731 68.7799 69.2129 74.8735 76.751 81.15 84.3302 84.6419 90.8157 88.4679 92.6167 96.2561 101.105 104.981 105.371 113.098 121.33 121.726 129.757 131.679 144.693 155.131 159.625 170.321
167.558 158.092 147.821 128.931 126.245 115.934 114.679 108.04 105.405 99.3016 93.2058 83.2345 84.8499 83.8339 81.1667 79.1159 79.6381 79.033 80.4901 75.5157 79.3384 79.2234 80.4429 84.0544 80.8029 83.1666 86.1109 87.3908 89.5547 85.7 94.0521 86.5614 89.3021 93.5809 97.3281 95.7297 91.9165 94.2142 90.024 92.2331 88.107 88.271 85.617 82.473 77.4723 73.12 72.9673 76.0661 71.3293 66.3908 67.7536 62.391 57.5015 55.1284 55.8579 53.7995 51.2737 50.1428 48.5312 46.8875 46.0431 44.356 41.4891 39.8228 38.5637 35.8946 34.4168 37.5948 35.299 36.2188 34.7863 34.3414 33.103 32.9937 32.7807 30.9448 30.6621 31.8006 29.8365 31.9589 30.5622 30.6621 29.254 28.5472 28.7055 27.9176 25.5954 27.4313 28.1608 25.9045 24.5493 26.5435 27.3955 22.3345 22.998 23.407 21.835 22.3854 22.1969 22.014 19.82 21.458 20.5381 22.5927 22.6323 24.4795 24.8075 24.5964 25.126 25.7386 25.897 26.7791 27.7762 27.4652 27.7593 28.108 28.0854 27.1825 29.1654 28.0006 30.172 31.4179 28.6377 31.1597 31.401 32.5583 31.891 33.8985 35.4573 35.5497 34.2887 35.9832 34.7128 39.361 37.8794 38.9746 40.1319 41.0857 42.8368 44.8084 47.6207 47.5284 51.5546 52.3406 55.2566 52.6912 55.3678 56.7852 62.8924 66.8055 64.6114 75.9662 74.2019 74.856 75.1142 79.6079 80.7766 85.355 86.0807 89.4661 89.6772 93.4772 91.1813 92.9211 94.0992 92.4367 96.674 92.1012 92.4537 90.3614 85.8941 76.9464 88.1297 87.3474 85.7509 83.4098 81.1008 80.4957 77.4949 76.4469 77.5797 80.1395 79.2272 75.9304 80.2902 81.1385 85.0007 82.4617 93.7599 94.4894 93.6393 105.88 111.791 113.693 121.517 129.698 135.047 148.342 157.706 166.863
165.81 154.864 146.78 141.957 128.754 115.92 106.58 108.331 95.1454 94.5534 91.1119 88.8848 86.8061 88.584 85.7592 82.9267 83.2979 84.223 81.895 82.5175 87.1107 88.367 88.7934 92.1912 91.3841 89.5186 96.4455 97.3802 93.2 97.7951 96.0268 96.6644 94.6239 91.7115 95.7431 90.0592 91.365 89.9564 88.6544 93.2381 81.9598 85.27 79.2587 78.5487 75.5639 75.9903 75.1566 70.809 74.5722 62.858 63.8668 69.8972 60.9849 59.1252 60.1226 55.4856 50.5784 55.004 50.4261 50.3728 50.0777 43.4211 43.7809 44.9706 46.1965 41.9992 38.5519 38.2969 37.1015 37.3223 35.9479 35.6662 35.3026 34.1167 33.3801 32.1752 33.9207 30.9188 30.0109 29.6111 28.6346 27.4468 29.2038 26.3885 25.8726 27.6467 26.575 26.7178 25.0446 28.1492 24.8428 25.5014 25.4177 22.985 22.3283 22.7204 22.1055 22.176 19.9546 20.3562 22.4082 20.6627 19.9965 21.9894 22.6804 22.412 23.8416 25.412 25.6233 25.6975 26.2114 30.6485 27.5249 28.3643 26.8053 29.6835 27.7933 29.0553 30.6828 29.2495 31.7964 29.7748 32.1428 32.4854 32.9784 34.5298 32.9765 34.3813 35.3122 35.177 33.8046 35.9803 38.2226 41.6394 41.5252 44.9325 45.1629 43.4954 45.3456 47.7022 49.1317 52.4038 50.7287 55.4723 55.2801 59.0319 61.8967 63.1264 61.7863 63.4404 67.3674 67.9194 71.2106 75.1433 76.5366 74.8653 74.5322 81.2307 85.3994 85.4375 87.3353 88.9571 93.4227 89.9679 92.5985 91.7001 92.9164 101.931 90.952 91.3213 93.0687 93.6074 94.6067 97.3497 88.584 95.2787 88.8048 88.9323 86.0238 87.419 83.6482 85.8734 85.6583 86.7966 82.8487 87.7826 84.7199 86.1532 86.3169 92.7394 95.0236 99.9518 108.974 112.087 119.667 129.62 134.994 139.619 152.843 167.197
166.641 156.475 143.232 139.293 129.41 123.194 114.337 110.16 109.968 108.413 105.918 104.722 101.853 103.265 105.07 105.178 104.901 105.143 99.252 100.976 96.5015 97.6451 99.4808 88.6208 88.1999 84.4402 84.8035 82.9948 80.6748 78.5893 76.1982 74.1608 67.8755 66.186 69.3113 67.393 65.865 60.8598 63.3528 58.0362 57.0924 64.7328 59.447 58.4571 56.9848 57.6518 58.2842 62.4071 63.643 63.2259 64.4368 67.5526 65.2691 59.966 64.1312 61.5037 61.077 61.3672 60.4139 61.3365 59.4893 61.7709 59.991 60.1659 51.7586 56.214 50.7034 49.1445 50.8763 50.4246 44.1816 49.5424 46.2133 38.6709 41.9885 41.4099 40.1644 40.1913 37.3658 36.9526 37.1371 35.3072 36.5393 36.5547 32.1127 31.7398 30.402 31.4726 28.6779 26.4002 27.4035 25.8812 24.8625 27.1767 25.1527 25.5122 24.1321 23.6439 22.5406 22.2023 22.358 21.7564 24.1686 24.2628 24.9855 25.8908 26.848 26.8154 26.0869 31.3458 31.3669 31.5957 30.1521 30.5404 30.2963 30.377 33.0468 36.0127 36.399 37.1236 39.8204 38.792 36.9295 41.531 40.1106 43.7914 45.579 47.1744 43.5742 44.4469 48.7966 49.5693 50.7937 54.0228 52.3468 53.0099 53.7191 55.228 57.5288 59.3567 59.6123 60.3408 62.953 62.2552 63.2586 65.3421 61.8593 61.5517 60.6906 62.9799 57.0732 63.9236 63.6891 59.5701 56.091 58.6378 56.8387 60.0929 61.4095 63.4719 63.6161 62.9491 62.4917 62.1053 64.4176 69.6361 70.5491 69.219 71.639 76.0964 80.127 78.3798 82.3086 89.2321 90.418 89.6165 93.3646 96.3862 95.6711 100.034 97.1146 104.315 96.8225 105.495 105.51 102.037 102.156 96.7417 100.392 104.767 109.856 107.323 108.749 116.511 118.196 127.901 135.18 144.839 156.398 164.277
165.664 158.101 152.762 144.726 138.954 136.804 134.467 127.104 122.982 122.088 118.678 118.385 112.908 105.099 106.83 102.875 97.7882 98.054 91.9913 88.7736 86.6835 81.9423 79.1186 73.3528 69.7896 67.7344 65.1184 64.804 60.5519 57.2352 57.7747 57.2896 57.0819 54.5784 51.8168 53.4567 53.1074 47.8869 53.282 44.3684 53.6255 47.3629 47.9296 45.3445 46.2489 44.1976 42.3927 43.2719 42.4141 43.7124 44.5624 43.4252 44.1355 43.6037 44.2869 45.1155 48.4147 49.193 49.0843 49.6529 51.0405 53.9729 53.2044 54.7647 54.1185 56.4376 54.5435 53.2937 54.6483 58.9644 59.5 56.5075 57.2372 57.7689 52.3388 57.4972 52.4747 56.5657 55.2033 53.0278 51.7993 50.0003 46.9262 47.9994 43.6814 44.8924 45.1446 42.1637 45.5464 38.1892 35.3208 40.3783 34.7483 36.2834 32.4447 34.7386 32.3088 30.896 30.8009 26.6303 28.7185 29.2445 29.7025 28.9825 34.7192 37.0636 37.5798 35.7167 37.5526 42.2414 41.9561 44.4169 40.0406 50.8251 42.7847 48.537 43.4504 50.6873 46.7729 50.5417 57.4798 55.902 48.7738 55.6147 53.6993 53.8642 55.4498 57.1634 56.3988 60.6043 56.7481 58.6849 53.8176 57.7903 53.251 57.4972 50.8561 49.9498 51.1919 53.4916 47.9625 48.8921 43.1069 42.3267 47.8364 47.1145 46.5614 42.6217 45.7851 43.6833 43.9725 43.8172 46.4275 46.7089 44.4091 47.458 45.6609 47.848 44.3431 44.9176 54.0816 51.9701 49.1755 52.0206 54.9336 52.1351 57.7709 59.8241 56.0281 57.0179 62.1627 65.7355 64.4643 69.0211 69.3957 74.2688 78.3268 78.8256 82.1383 84.6787 88.3893 91.4867 97.2467 99.7696 103.738 112.382 110.898 117.166 113.157 120.248 120.735 128.954 130.213 132.274 138.574 144.615 147.334 152.885 157.263 167.685
171.274 164.305 156.172 147.731 140.117 131.281 129.588 121.643 112.003 112.195 108.416 102.081 96.4758 93.8327 87.9058 87.0182 83.4582 78.3425 77.353 72.9093 71.2165 67.0158 69.5002 68.3109 63.011 58.8004 58.7848 58.1127 54.5155 58.967 51.8704 53.2517 49.6368 51.7411 49.1744 47.6618 46.6548 46.2159 45.7319 46.8233 46.8546 42.695 41.3549 43.7393 43.7315 43.0007 43.1143 40.4771 39.8325 38.7725 42.3796 40.2616 41.782 39.9363 36.1275 40.3713 36.4174 37.9163 37.7478 35.33 39.6405 42.5716 40.3752 37.5597 40.2675 38.3336 40.1832 44.862 41.5253 47.0486 43.2123 45.7633 46.2355 45.9377 49.6055 53.4359 52.0938 48.8609 51.5119 52.7756 55.1777 55.1248 56.9391 59.2922 55.3364 57.3545 56.2867 62.0117 53.0636 58.7064 61.371 62.8111 56.2475 53.5926 48.665 52.1036 52.0036 48.1909 48.3535 46.0513 47.4326 46.547 50.0561 51.8038 49.4801 54.0119 56.8647 53.0166 53.4183 56.269 61.3769 58.3537 59.2237 57.2252 55.2071 61.4298 55.9379 57.5876 54.9759 50.9397 53.5182 54.7545 56.0692 53.8434 48.9119 49.5212 44.668 49.3214 39.5797 41.0806 43.8471 42.2659 42.4482 41.3451 43.6022 40.5085 42.5187 39.0194 39.0507 38.2141 40.097 37.1385 36.6486 37.6518 37.1894 37.6146 39.9481 38.8822 36.3665 39.5327 40.7416 41.8506 41.251 38.7098 40.8435 41.5038 41.3451 42.1739 41.829 43.659 41.9995 45.7476 44.6367 48.9765 49.8308 51.3101 49.6192 51.3414 51.5765 51.4433 53.0342 57.5641 59.0826 60.1171 64.2199 62.9071 65.6423 67.6075 65.5816 74.3847 75.527 80.2685 76.0893 79.712 82.0553 86.1405 93.7758 98.7799 105.124 109.244 110.955 114.958 123.348 129.664 133.171 143.665 147.218 156.779 163.092 172.461
174.661 166.109 159.742 152.038 144.956 139.077 132.135 124.886 119.631 113.818 109.559 105.115 99.5511 98.2517 90.4331 87.31 88.5679 78.7418 78.1523 70.3258 70.0885 73.2472 65.7055 66.3602 64.0816 61.3719 59.9439 59.7461 54.659 58.9451 52.5565 51.4924 48.4939 52.8096 49.2791 47.6276 48.0588 45.4084 46.6762 44.3799 39.8841 44.0061 39.7714 43.8933 41.0768 38.4363 39.0712 38.9882 40.879 37.4968 36.8382 38.464 36.1716 36.3299 36.2053 35.8789 37.7816 35.9719 35.8532 36.1479 34.3243 34.1483 32.1308 36.763 34.6249 31.3258 36.0589 34.888 37.8983 36.1024 35.7405 37.4573 39.0712 34.1127 36.8916 39.9731 40.1136 38.6044 39.7536 44.3482 41.6306 42.0994 45.5805 46.967 48.8539 51.7989 45.9385 55.3631 57.1432 53.1835 54.9636 58.5495 59.9558 60.5333 63.4408 62.0721 61.7972 63.0432 65.3712 60.8023 60.2623 64.4179 58.7987 63.0986 62.9701 65.0647 64.41 61.9495 58.0748 57.7643 49.7321 54.2931 56.1918 52.3409 50.0109 51.8702 46.251 43.743 43.9131 39.8248 40.345 43.5353 41.3458 41.0096 37.1191 34.6071 37.2496 35.428 36.858 35.7128 35.1174 36.5118 34.5201 36.6879 35.7345 34.9691 37.5522 36.2211 33.6558 35.606 34.795 37.3168 34.2847 36.9134 34.0909 39.6943 37.4395 39.6686 37.1032 36.4723 41.8047 37.2872 38.3414 39.4925 41.6385 41.8343 42.398 42.2319 41.69 43.0547 42.4 44.5322 46.8424 44.8012 46.9076 49.5204 50.4124 54.1071 51.255 53.856 55.7013 56.4984 56.4351 58.3794 62.4281 66.2296 65.7272 65.2565 69.1411 71.5126 74.337 77.0032 83.2098 79.9522 85.783 93.6728 96.9087 104.079 104.508 107.534 109.967 119.955 128.001 128.806 134.918 144.863 150.949 154.495 170.035 175.223
167.679 151.854 144.813 138.013 138.392 128.881 129.17 123.506 117.559 118.497 121.129 119.262 115.449 111.951 104.069 107.139 99.2871 98.6382 91.0476 87.7694 87.0846 77.9287 79.5119 72.9055 69.1242 69.7651 64.2528 61.5535 57.0615 56.195 59.9084 53.7453 54.0268 51.5572 50.0358 47.8317 46.1627 48.806 44.3578 43.9685 43.4475 44.1223 43.5353 42.3434 38.8855 37.454 38.1188 38.598 34.637 34.6529 38.0749 38.4582 35.4436 35.5494 36.2362 32.5546 34.8825 34.2536 34.9364 35.3238 36.4578 33.473 33.9342 38.3045 34.5092 33.2893 34.1758 35.4655 36.7732 32.8501 39.8518 41.0996 38.1887 36.2861 37.8833 38.8496 41.6107 44.6154 48.8939 44.9448 45.949 50.7506 48.9977 50.1357 52.6393 52.0623 58.9581 58.8004 57.9239 57.89 56.209 63.027 61.5276 59.1079 59.7368 59.8486 54.2464 55.9354 53.8232 49.4429 53.6495 58.5069 58.2873 58.6067 55.7019 59.6329 59.4193 60.2119 62.3142 62.6756 64.0052 56.2729 59.569 58.2374 54.7156 53.7313 52.236 47.9855 45.7773 42.9084 42.8924 44.5795 43.162 41.1655 41.7644 35.9666 37.1825 36.3679 36.4518 36.9269 36.3999 35.176 32.6405 33.5808 33.6188 33.9522 34.3076 34.9684 34.5551 33.9322 33.7086 34.625 34.8406 34.3635 33.9322 37.9511 34.4433 39.716 37.9092 35.1381 38.0969 35.3657 38.5501 39.139 37.6417 37.458 38.8136 43.8128 41.7125 44.4098 44.0025 44.276 46.7297 47.5882 48.7721 50.4172 54.7036 52.1102 57.2831 57.6225 56.5044 60.9626 62.2763 64.7719 68.3037 71.2145 77.0443 76.6829 80.9693 80.9314 90.0074 93.2956 101.042 96.2644 102.787 107.804 112.424 112.791 114.017 117.776 119.921 121.192 123.934 126.781 126.138 135.871 142.024 146.318 155.947 170.22
166.673 150.659 142.714 135.153 127.292 116.832 115.349 111.311 99.0289 106.525 103.003 101.947 97.2052 99.9397 102.36 99.041 98.7991 102.251 95.9156 96.242 100.607 93.1227 93.304 88.6008 88.6956 82.9546 82.4387 81.3869 77.1492 71.38 67.4123 65.2441 62.9328 59.8498 57.5969 54.6448 51.7572 49.4076 51.0801 48.2409 46.8223 45.0913 43.4591 44.239 42.4576 41.839 43.1488 39.036 42.1816 42.2219 40.5151 36.2855 40.4667 37.8209 37.1842 35.685 36.2996 37.5731 36.3822 39.4794 41.6516 35.0563 39.2275 41.6859 41.7201 40.8496 43.8662 44.2732 47.0137 48.7547 49.2263 47.9004 52.0393 49.8892 50.7013 57.1858 55.9224 57.1475 58.5097 57.1475 53.5345 56.2669 58.417 60.8371 52.7265 55.7309 56.0413 57.3712 49.194 51.1789 52.4907 49.0751 46.7356 46.7074 48.8313 44.6722 43.3282 42.1574 42.6954 41.0672 46.2863 41.033 43.3402 41.9922 44.5009 42.4314 50.7154 44.7044 48.8354 54.3567 52.2952 50.5744 55.4629 53.865 57.2644 56.946 59.7913 58.151 62.2175 57.8931 60.3334 58.0241 55.4529 55.9989 56.3234 55.8841 49.4459 54.9793 49.4802 50.2137 45.1558 43.9226 43.7956 38.8869 44.6077 41.2567 39.437 40.5514 40.8536 40.1524 36.4104 40.1302 37.6537 40.5514 37.2043 36.0678 37.023 38.8889 36.5797 38.3368 40.0234 41.6435 41.3393 41.8612 41.1297 42.6088 42.3791 44.2128 44.7266 46.3649 49.1275 49.059 52.3416 54.139 58.5097 56.8211 59.6986 65.8184 66.2637 69.8103 71.7911 78.864 81.5541 85.4432 80.3673 95.6274 90.8497 93.1751 93.2174 94.1282 100.19 98.0395 102.34 99.7906 103.311 99.1699 99.444 99.7744 99.7382 99.6314 99.853 106.227 109.64 111.986 117.469 126.909 136.576 145.771 155.862 163.973
164.304 154.479 142.371 134.889 120.572 118.056 107.579 99.2186 96.4325 94.4639 89.5648 86.7604 81.8104 80.698 81.6375 80.5495 83.1018 77.4828 81.9853 85.709 83.0652 82.207 83.5492 89.1703 88.3426 85.5788 87.9846 86.8051 85.6195 79.6791 85.6276 77.7126 80.5475 74.1557 72.5003 71.2821 68.2438 63.5237 63.2308 57.3698 55.7693 56.8166 53.7031 53.577 49.9794 50.2947 49.1395 48.5152 46.3636 45.6782 47.0876 46.4632 48.7186 47.4984 46.9371 48.8813 48.4196 48.9341 50.3313 49.3043 50.2784 58.4456 57.0159 54.6223 54.4799 60.9836 58.047 56.0642 58.4639 57.5955 60.9429 58.4334 62.8668 59.9749 62.1428 56.9895 55.2731 52.0802 46.75 48.8263 47.8766 46.2558 48.2264 43.8561 45.4525 43.1056 42.827 38.4323 37.7408 44.0737 39.7969 34.6293 40.3968 35.5323 33.6186 32.4167 36.966 34.5398 32.0893 34.1351 35.278 30.9057 34.1575 33.4579 37.0473 37.5659 37.2853 38.4282 38.778 40.3337 41.1248 40.7344 40.5981 39.441 47.4455 41.7431 43.5835 46.7073 48.2264 46.4571 51.0898 52.2775 55.09 50.7583 56.7882 57.5691 58.6998 59.6007 59.4462 59.5316 59.6678 61.5856 61.008 58.1934 57.3555 56.6356 57.1318 56.0133 54.9131 53.3289 51.8057 48.7003 54.0102 47.5289 47.7932 45.723 46.329 46.4897 47.5756 46.2009 45.8979 47.7363 48.8426 47.5045 52.9791 48.4705 51.7569 52.3629 52.6456 55.4663 59.0577 60.2047 64.8598 67.2575 69.5881 71.032 77.3201 75.1562 79.8479 83.9803 84.2935 93.4532 85.168 88.1921 89.8841 90.9131 86.9719 88.6313 83.9315 80.7305 86.4675 80.0594 78.0807 82.6666 82.7439 79.6669 81.8104 85.5178 86.5895 91.2914 92.1089 91.0616 104.549 107.567 116.088 123.828 134.802 140.512 156.493 167.8
164.559 152.647 145.21 133.662 125.151 116.685 102.486 101.665 97.1725 88.5715 89.3924 77.4647 78.38 69.1345 78.8417 71.154 73.553 68.408 69.9554 65.9453 67.4804 72.3032 70.5075 71.0062 74.8829 71.9112 76.2661 77.4564 73.6105 76.8531 82.5789 78.7247 81.05 85.0088 83.3218 80.1552 84.3541 83.9149 77.1055 78.8951 77.0316 67.7595 71.8763 73.3745 71.0062 66.8052 66.1608 64.0778 65.5 68.1618 61.5535 64.6298 64.8104 64.2563 68.1063 66.4091 66.0069 70.251 64.9972 66.2162 64.7427 63.3041 62.1527 57.8963 59.768 61.7874 51.5302 53.8267 54.7174 52.6939 53.051 52.0761 48.3225 45.9214 41.6014 42.9333 43.8917 43.5695 39.9308 40.0704 37.9217 38.523 37.2198 39.3213 36.6821 35.8366 37.1747 35.9002 35.8079 33.2282 35.0239 32.9326 34.7099 32.6843 33.5052 30.5335 31.0199 31.611 29.4725 25.9283 30.158 28.9779 30.0184 28.783 32.9675 31.0035 32.7192 33.1871 36.1239 34.5765 37.464 35.067 33.4929 35.1511 38.8739 37.5933 33.1645 40.6532 43.2822 35.7217 39.8077 40.5978 45.1682 43.9759 40.9303 44.6593 46.4529 44.2673 46.6828 50.9823 50.3009 52.2629 58.1816 57.6295 57.9292 63.8746 62.3641 61.8983 59.2077 65.11 65.6108 67.8847 65.6539 63.9587 66.5692 69.9801 66.3496 63.5688 61.5843 64.4574 65.0936 62.7869 64.0264 66.5651 63.7022 69.8754 71.6793 68.8842 72.3894 74.4355 78.1891 78.3718 77.3559 85.0437 81.1177 82.23 83.5681 86.0513 81.2059 76.812 75.6977 74.6921 76.143 73.6187 72.4982 68.3034 72.8512 70.764 65.6026 65.7052 65.9638 66.7765 63.774 69.1899 74.3534 75.6894 75.8187 78.0434 85.0211 86.5623 88.237 97.9832 97.4106 109.574 113.634 122.99 133.235 141.551 155.508 163.707
166.577 155.246 140.586 134.028 130.485 116.711 108.857 103.742 98.3262 92.1551 89.7695 86.7874 77.9615 77.0855 73.4159 73.2585 67.5016 65.3375 62.9871 63.5649 64.3456 61.9848 63.6498 57.9901 59.8373 62.2437 58.2593 61.873 64.2959 64.8571 65.4949 71.4983 70.3718 73.2358 77.5328 80.9456 82.4573 82.4966 88.2681 86.98 92.6832 92.4409 95.4374 100.583 99.8214 90.4756 100.008 91.4365 92.8778 87.0608 90.9043 81.7387 81.9333 81.3059 70.1005 66.8368 66.6028 64.329 59.5474 60.5394 57.3854 59.4832 50.883 49.0192 48.81 49.1145 47.7021 45.0887 45.1405 44.3453 45.6209 45.3683 40.7668 39.8536 39.6921 39.2406 39.1992 35.3474 37.7206 36.7846 35.803 33.7839 36.6376 36.2399 34.5108 34.5253 33.61 33.3905 34.2664 32.326 33.7342 29.8472 31.2803 30.3339 31.6675 31.7276 28.2444 28.5902 29.7313 28.6026 26.5028 29.5117 26.48 27.5755 29.0354 28.5426 30.9613 31.7607 30.5969 30.1993 31.6841 33.8067 32.4648 34.2499 36.8115 34.7945 34.7531 32.6967 38.0085 37.381 37.2567 39.2282 38.2093 37.2443 39.3069 36.0867 40.2222 40.2118 40.6012 46.47 44.5627 44.9085 50.1188 46.1635 48.0024 48.5595 52.2394 47.4391 57.9922 57.5987 59.1726 61.6804 65.3541 64.9378 69.7339 72.8609 81.3328 83.4016 79.9329 84.5012 89.5893 87.5371 91.0265 92.6914 93.7434 99.0531 95.4477 93.7973 98.8688 88.2287 91.5773 88.3923 81.8298 82.1487 77.7834 72.7325 72.1962 70.3759 66.7498 65.9795 63.5027 62.7241 63.2377 58.0315 59.7607 57.7541 58.6362 59.9906 56.6296 60.1438 61.5189 66.7395 70.2144 66.6981 69.6242 75.1202 77.2967 76.7086 83.2193 88.2992 92.5258 100.159 102.103 107.676 112.888 125.958 130.671 142.647 153.533 164.674
164.77 156.088 143.936 138.516 124.909 118.079 113.929 102.164 97.596 87.6022 88.7012 83.9791 77.6689 78.1892 74.4763 67.7963 68.6216 68.4524 63.1619 63.795 61.5572 62.8025 61.0181 59.6704 60.1238 60.4707 60.9304 59.5994 62.1757 63.7114 66.3003 69.8398 68.5986 69.8377 75.124 76.5176 81.921 78.6489 85.9369 88.7409 84.6519 85.3017 93.3962 85.168 95.3415 94.84 95.7092 95.914 91.0832 91.6118 82.997 83.3564 85.5796 83.6677 73.9497 73.7596 70.0069 67.088 65.5272 58.1869 57.2425 57.1631 53.2725 55.0757 53.3373 47.4179 45.4935 42.9005 43.59 42.048 43.6444 44.8124 40.086 39.5971 39.7768 37.5118 37.2214 36.3585 34.5615 37.7856 35.5311 35.017 36.0868 33.6422 32.2047 34.923 30.648 34.4508 35.109 33.8073 34.2105 35.7024 31.7429 31.839 30.7316 29.1812 29.9272 27.6705 29.0851 26.8222 28.1825 26.8786 26.1829 29.3317 27.5703 30.4015 31.8056 30.0671 33.1031 32.0103 30.2364 33.1867 34.6075 32.9422 35.1529 35.2866 32.2047 34.104 36.5047 33.5335 37.8169 35.671 40.0443 37.8712 38.0112 37.585 42.1337 39.3318 40.9176 40.7714 41.8913 43.7572 46.8705 48.5901 48.1534 48.8617 51.9813 51.2834 55.5542 60.4686 59.6997 64.0854 62.0879 73.1118 72.6438 78.6384 78.5883 83.9018 87.7275 84.5516 90.4731 89.2549 94.5893 90.2411 87.8696 92.5939 89.8964 92.4643 84.7898 83.6761 81.4195 85.1575 77.2552 77.905 71.5761 73.6029 70.7132 69.0124 70.5606 64.5472 64.2818 62.5664 66.4486 62.2049 61.8184 62.1945 59.4887 59.4176 63.0762 63.1118 70.2201 68.3019 70.1365 67.7921 75.2577 75.7696 79.2193 81.8499 80.4207 85.4542 92.0339 96.0916 104.353 107.437 118.862 122.745 134.009 142.398 155.386 164.153
164.794 154.707 143.802 133.525 127.256 121.039 111.319 105.921 100.712 93.441 89.0331 85.7762 81.9985 79.8989 77.831 74.2346 71.9432 74.5867 75.5796 72.2299 69.8731 70.3706 69.6792 72.2489 73.0499 74.6457 67.6048 71.9811 75.1917 71.0684 66.2304 67.7355 67.0378 66.5993 67.0209 64.0085 62.1661 62.5835 60.5113 63.6544 59.803 61.6496 55.8652 63.3255 63.471 66.456 68.7284 67.1664 69.1774 66.924 71.5363 78.8808 78.8934 78.0502 75.7714 73.1111 77.2913 74.3527 74.2346 69.7656 70.4634 67.5458 67.023 62.2399 57.9163 56.643 53.5295 52.9118 48.9951 49.2501 48.7463 44.018 44.3574 44.6356 42.0175 40.4554 39.9811 39.9431 40.4891 38.242 36.7431 37.9869 38.1661 37.0783 35.9948 34.3105 32.9529 35.7144 32.4512 33.7518 34.028 33.6106 32.0738 32.4849 31.4857 28.3489 29.8773 27.7418 26.8058 25.9415 25.8551 26.1924 28.1866 27.999 30.3199 29.6728 32.4153 31.6101 34.1882 32.6114 34.2346 35.0335 33.891 33.1932 36.4754 36.1107 38.7563 39.5679 36.8254 36.8654 37.8646 38.4654 38.7816 39.081 40.6409 42.9113 42.6731 42.0617 45.2659 48.0317 49.9184 48.9909 50.0196 55.5764 59.2907 61.7508 61.7066 66.0533 68.4122 71.14 73.9395 74.0618 77.7171 79.1443 80.2847 79.5954 82.4518 70.4317 77.2639 70.6847 74.3443 69.2934 68.2562 61.5927 67.3308 63.7218 62.8744 60.8317 63.374 60.3996 58.8312 63.0494 65.2333 61.8583 68.2921 65.9521 68.4207 67.2612 65.5558 70.3411 75.744 69.8415 71.2159 71.6565 68.4881 72.1161 75.6808 71.1653 72.0001 74.0597 73.754 74.9598 72.2594 74.9113 77.2196 75.9632 77.7593 85.5485 87.0473 91.8262 92.3048 97.8847 103.564 108.045 120.403 124.178 137.678 146.555 152.228 164.391
165.841 155.801 143.694 139.469 129.15 121.093 114.581 109.573 102.974 101.876 93.6548 97.47 92.4447 91.139 90.803 85.2907 87.0835 84.1573 80.4208 82.1114 76.6396 79.5786 79.8997 74.0324 75.8251 72.3162 68.7859 64.9155 63.5289 62.6187 57.2405 60.3666 62.9802 60.6048 57.9699 59.063 55.167 56.6726 53.0425 51.0753 54.6694 47.7748 51.1966 50.7117 46.939 51.2434 49.6399 53.5848 54.2972 54.5481 51.8537 54.5907 58.812 63.9904 65.9107 67.9544 69.7174 67.5653 74.4981 71.0168 74.7937 75.2488 71.9631 65.4089 72.7394 67.1612 65.8172 64.1137 66.7784 57.6254 56.981 61.8276 53.1318 49.659 48.6637 48.97 46.9837 45.7247 45.1824 42.3476 41.9351 42.773 36.3144 39.1513 37.6116 37.1034 38.1752 35.1065 34.6599 34.3324 36.6972 34.5025 31.1998 29.2497 30.9638 31.4763 31.3615 28.616 31.2424 26.6084 27.5867 28.986 27.9461 28.8052 28.667 31.7485 33.0309 34.343 33.1819 36.4228 34.9108 38.4474 36.5951 39.5065 36.7525 38.4687 36.6504 39.5766 39.7468 44.0723 41.1142 43.7512 43.9171 47.0985 50.7074 47.4601 54.6736 52.0706 57.5212 58.1166 63.7969 64.1414 63.4311 69.7876 71.4634 74.4598 75.504 74.6002 72.6458 71.4591 72.6585 72.1737 71.0125 64.2626 64.673 60.7813 62.4656 58.9205 55.0415 55.8794 58.408 51.8813 52.1429 53.5422 54.7225 52.8171 52.3726 48.7786 50.9222 52.1536 51.2285 53.6082 56.2005 57.7934 58.0592 59.9902 58.9099 60.7537 62.2232 61.2832 66.8209 66.5509 72.4331 69.8429 69.5707 73.8218 77.0394 73.926 76.2015 80.2549 79.5701 88.8465 86.101 82.4432 86.8368 91.307 95.0137 95.4412 95.807 100.568 99.2691 103.388 108.356 116.176 118.426 128.778 142.421 147.008 153.526 169.546
168.475 159.676 152.427 143.421 135.81 127.401 127.304 118.991 116.16 110.267 105.633 104.854 101.542 93.637 94.9584 88.9025 83.9406 82.1193 80.8514 78.792 78.1442 73.4311 70.4857 73.1415 67.7999 69.0398 66.7273 65.8241 63.8634 63.5373 65.4165 60.8944 60.9995 58.7234 55.4777 54.5831 54.9779 54.7762 51.9981 50.5287 53.5727 49.2565 48.6258 47.0083 43.0311 44.1187 46.6651 43.6532 44.4748 47.3902 46.7531 42.4669 47.3602 44.6658 45.9314 47.6519 51.7965 50.0803 51.7493 56.8549 53.0793 61.937 64.8266 65.3779 72.2877 67.2164 67.6283 68.5958 73.474 72.0388 74.5573 76.074 72.5194 69.471 68.9347 60.948 63.4644 57.3505 55.5978 50.9277 49.9344 50.1018 48.0852 45.7598 41.8534 42.1666 41.7847 42.3747 38.9359 37.475 37.5307 35.9797 37.4342 34.5145 34.6926 32.4337 31.4919 30.3442 30.8355 29.7328 28.1861 29.7972 30.7754 32.4444 33.369 36.2329 34.5532 34.2936 37.1939 38.1271 39.7296 40.459 40.2788 41.2205 43.606 44.8738 44.6057 45.6804 47.0727 51.0221 52.6074 50.5308 56.0397 61.3878 61.7654 62.2051 65.4187 64.9081 71.8501 69.5075 75.6214 72.676 70.1038 67.5553 66.4205 65.1441 67.2099 62.7221 59.8368 53.7165 54.6775 52.5602 52.6803 47.7785 50.2991 47.8814 46.6608 45.2729 47.3838 45.112 47.3237 47.1478 46.2768 48.4907 47.4717 48.9519 49.9258 50.8976 48.9884 51.7257 52.8026 54.1906 54.2335 54.7676 52.6868 55.8424 56.1985 60.7743 59.9526 57.565 62.9645 63.0225 64.0629 62.9088 67.3322 74.1197 70.121 71.7857 74.2141 77.3311 76.8163 80.8107 83.8118 87.8899 91.2729 93.5533 98.1999 95.9881 106.611 105.597 112.807 112.942 119.682 126.026 131.086 135.557 144.813 148.724 157.869 167.619
174.008 166.06 157.803 152.675 143.355 133.739 125.116 121.698 116.61 112.484 106.973 108.578 102.059 102.794 97.4541 91.3132 89.9175 89.779 83.623 78.8885 77.8845 77.9646 74.6669 74.3467 71.3628 71.1334 69.3677 66.5007 67.8703 68.1776 61.6364 62.0302 61.9415 62.5106 61.5347 58.0509 57.9276 53.6086 53.2321 54.3941 52.5094 51.6785 51.1029 49.2269 47.987 45.8795 48.2467 43.6637 43.4538 47.3941 43.4776 41.3701 42.6965 40.762 45.847 43.6377 43.9926 40.4504 47.5369 44.1354 43.9061 45.5852 51.1592 50.8865 50.1054 57.259 56.902 58.7845 62.5084 65.2435 66.1003 72.9185 68.0954 69.002 75.7791 74.0805 75.7185 72.0725 71.4017 69.0085 65.8147 65.8645 63.982 60.3597 61.8376 55.7616 54.6581 50.5901 48.7487 50.2157 44.1138 44.7261 45.3212 41.2878 40.3119 37.5358 35.3611 34.0715 34.3463 33.4072 32.3253 35.8999 34.6341 35.954 36.9883 39.7775 41.1385 41.396 44.7023 45.1286 45.9422 49.7678 51.1159 51.5205 55.2899 59.0528 61.1344 63.7721 63.1467 62.4954 70.1424 72.0054 69.4867 74.9936 76.4477 75.2793 70.9365 71.5662 71.2978 64.7653 64.0469 59.9291 60.7168 58.8537 52.9249 53.1629 48.8958 47.4309 47.2665 44.3669 47.366 44.6591 43.4517 44.2782 43.0405 43.8649 44.6244 45.107 42.8934 43.7394 46.4053 42.4758 44.7391 47.6884 48.3722 50.1141 45.9941 50.1032 49.9453 49.4606 51.6525 52.8145 53.6281 54.0609 61.1192 55.186 57.2698 63.8803 66.0527 58.0726 66.2691 65.1223 70.0472 69.0734 70.9603 70.3393 75.6514 73.7927 76.9346 81.6993 89.435 83.5342 86.12 88.3596 94.5437 92.7867 98.8714 102.271 103.762 106.802 112.607 116.21 125.988 126.014 135.892 141.507 149.217 156.596 164.124 172.476
173.369 165.23 158.247 147.228 142.228 138.125 135.076 129.181 125.419 121.94 114.985 114.509 109.059 103.689 102.327 102.074 94.7647 93.1999 89.2061 87.4885 82.098 83.4096 81.5655 80.5681 75.638 75.3783 75.7253 75.1688 76.3735 70.6883 66.1053 66.1205 66.2646 66.3235 64.2458 63.5715 62.6199 61.3716 57.4083 56.4001 54.7873 57.1574 53.4124 55.0055 53.9427 48.6722 48.7049 47.6726 52.1531 50.0187 48.563 47.8472 48.5412 49.986 48.8293 46.3937 45.2654 46.5094 45.9878 46.529 41.3436 44.3335 46.4352 43.4278 44.7853 45.4924 48.6307 46.9328 48.9886 50.5512 50.6167 54.9051 59.0713 59.0757 64.7172 67.2139 63.6457 70.4308 72.2793 73.4753 76.8122 77.9754 77.7244 75.0968 76.6398 72.8642 67.9276 72.563 60.8762 61.7426 60.0011 57.3538 58.1809 50.5643 50.5185 47.1619 43.6155 42.904 41.0621 42.3301 39.96 42.8517 43.4169 46.8346 47.0572 48.4561 55.9745 56.5943 60.2629 59.6039 63.5344 65.1559 70.5312 70.5356 74.4399 69.3614 73.7852 75.7341 79.9898 74.8196 75.4634 76.8711 70.2126 65.7452 62.7007 59.7108 60.5969 56.2975 52.6332 53.6568 50.1431 48.4888 49.6411 46.4483 47.8734 48.2051 46.7429 44.6609 41.839 44.1262 45.2414 45.4531 43.7988 47.4587 46.1995 47.0965 45.2349 47.1488 50.4857 50.5709 48.6329 48.8882 51.0837 52.3844 50.4574 53.0479 51.1579 55.9811 56.8693 56.9369 59.2961 62.6418 59.5035 58.2464 62.0285 63.0761 65.9241 69.213 69.0952 71.6355 64.6736 72.7638 70.3806 76.391 74.9157 81.1617 81.476 83.1259 84.3437 84.1713 90.09 93.9157 88.4335 97.0868 98.6319 97.0082 103.058 107.098 112.689 120.812 116.82 124.991 126.698 132.187 139.061 143.478 146.638 156.365 164.835 173.971
171.071 165.342 158.461 152.001 145.2 140.288 138.267 132.463 128.543 123.562 124.973 120.52 113.99 114.767 112.786 107.022 108.375 106.403 106.773 100.465 102.406 96.3974 94.3197 93.8861 89.8252 90.9895 88.6015 87.074 85.5134 85.8348 84.7431 81.4966 81.0036 76.9912 78.6331 75.8686 76.0865 73.3243 71.9024 69.5584 66.7103 66.6993 70.2869 67.386 65.3787 63.7763 62.9994 64.298 62.5966 61.9341 62.0221 59.0222 59.9466 58.4147 60.7653 57.882 56.7749 56.8101 57.4286 54.8336 56.0926 53.8432 53.9224 53.2115 53.1675 53.4294 53.3392 54.9767 51.6356 54.4463 54.8468 53.1213 55.5424 55.4697 54.2966 57.7698 59.6758 60.7213 64.2319 66.6024 68.8078 69.4637 75.8158 77.2861 78.501 83.9155 84.3271 81.7585 84.5604 86.1737 82.4518 83.9419 78.0829 77.4974 74.6625 64.1109 65.1497 59.3589 56.3479 53.2225 52.9562 58.0999 55.5952 58.8681 62.8761 72.0169 73.2274 80.7505 83.8407 78.2215 81.7937 86.0967 84.6991 79.9383 81.8972 78.2655 75.6595 75.248 68.2796 70.0998 68.5877 63.3097 62.4095 57.4925 56.94 53.48 56.9708 50.5329 52.8197 55.166 52.8879 52.5006 51.4243 51.1227 52.6282 52.5226 51.4353 54.5849 54.1777 57.7984 57.9789 53.4426 58.0427 56.7947 58.0999 60.8072 59.6891 62.2048 62.1498 62.535 62.5328 62.6868 62.2378 66.576 64.2671 67.2011 66.0213 67.3155 66.0852 73.8041 71.7131 68.4314 73.4739 75.325 79.3748 77.7747 78.3316 78.9897 82.1481 83.3565 80.6558 86.8076 86.9111 91.52 94.0754 95.9462 92.3388 96.9983 99.9608 97.1392 103.212 103.196 103.645 110.581 106.309 109.031 110.629 115.929 118.907 120.853 124.018 125.167 129.635 137.768 140.613 146.158 151.997 159.17 164.582 171.663
172.128 165.238 158.901 153.501 146.744 141.528 140.201 141.089 136.516 132.261 131.593 127.602 128.02 124.096 123.947 120.531 119.354 112.243 116.547 114.9 110.008 107.657 103.855 98.9075 106.035 105.588 97.4692 101.848 99.8286 98.8653 98.5213 91.7249 93.849 94.0754 92.1244 89.9492 92.3797 90.0691 89.1568 85.9384 86.167 86.5665 83.6345 86.713 86.0405 84.8575 79.1464 84.3092 78.758 76.1256 84.1383 79.102 80.4405 76.3053 74.3366 76.6938 76.5317 74.7827 75.5684 77.1288 76.5251 73.4754 76.0745 77.4196 73.3 73.2556 69.9196 71.0405 71.1359 70.6209 71.9483 68.3592 68.3192 69.0872 67.0896 69.4645 65.7001 72.1813 64.8567 69.156 69.6022 70.126 73.4243 76.5184 78.1831 76.019 80.4937 83.3748 80.4693 87.4877 87.6386 93.0855 89.7938 92.3153 86.6353 92.9412 83.8941 74.3432 74.9891 75.4264 74.8204 73.5197 84.0917 84.054 87.2124 87.0837 92.8591 91.6783 89.9936 91.2854 88.7861 85.7076 80.0565 78.0966 72.0459 77.0178 73.8416 70.692 73.4643 67.3315 71.1936 73.5464 68.3059 67.9774 68.8497 73.613 72.2035 66.781 70.7541 67.3071 66.7966 70.854 72.1924 72.5054 69.6865 70.0838 77.1222 70.7053 72.7673 74.6273 75.9258 74.4697 76.9135 77.9989 82.6867 75.3043 78.0366 82.2006 82.5602 79.7724 77.8835 79.0687 80.0476 82.1051 85.2348 84.6444 81.73 85.0794 84.7221 89.6451 86.1648 92.7637 93.1698 91.5051 92.2243 93.6027 93.9822 93.6804 95.0632 102.705 99.216 91.2477 105.031 102.909 105.773 105.125 102.927 101.114 110.052 114.338 112.416 112.161 116.427 117.155 121.468 122.826 125.196 127.11 126.575 132.206 132.062 135.342 135.813 140.141 146.425 144.944 153.088 157.998 167.655 172.685
168.03 156.38 150.145 145.726 132.445 131.393 123.698 121.634 117.368 115.121 113.859 109.698 111.433 110.484 109.817 114.04 112.447 108.823 112.675 113.749 110.038 110.332 103.221 109.132 104.7 101.081 102.037 101.202 95.8595 95.9087 91.3585 100.092 94.7605 91.3674 93.2139 93.1557 90.9444 90.8594 90.5639 89.277 88.3996 90.8034 90.5527 87.1529 85.2214 93.3258 85.9107 87.2424 88.2877 88.7868 88.4354 83.2786 86.3181 86.4568 86.8015 87.7393 83.1085 87.1149 85.5034 87.0007 81.0516 90.3647 89.5881 89.8768 88.1355 91.8912 85.6891 93.4064 86.7747 93.3169 88.7085 90.0782 86.4904 89.4336 89.9507 87.2783 86.5128 93.0998 89.5142 95.5126 88.4018 91.636 88.8696 90.1924 90.4856 92.0635 89.6463 93.816 95.7297 90.4833 95.667 96.8197 100.052 98.7423 97.9074 98.8922 93.8339 97.9365 95.3178 100.309 95.6849 96.6115 94.2189 101.164 91.5599 97.9253 98.7758 93.0394 93.4378 92.7663 95.77 95.4969 92.9275 98.0686 88.3235 95.9221 96.2333 95.8013 92.7842 94.6844 90.0447 90.5706 90.5997 92.5604 85.1788 87.3409 94.0152 88.8965 94.6352 92.0322 84.6685 90.6132 86.844 92.0814 85.7115 85.9712 85.293 87.0835 89.4403 86.6851 87.1865 86.9671 85.8369 86.0293 87.4237 89.0531 87.84 85.5616 90.4968 89.6709 88.9233 87.8624 89.2568 94.7695 86.2353 91.0854 88.7174 89.8992 92.7506 86.7299 90.6288 88.1109 94.3465 87.1149 93.0953 96.3675 98.5252 93.5004 91.5733 97.8649 98.7691 99.9173 102.975 100.916 104.123 103.505 109.239 114.777 105.985 110.558 106.034 112.469 114.848 108.557 112.048 109.566 108.969 115.215 108.781 111.762 113.022 118.36 122.536 127.866 130.903 137.369 144.583 148.862 161.237 169.145
162.951 155.386 144.933 133.913 127.486 117.709 118.993 114.306 106.132 98.9442 94.399 95.8659 93.9951 89.5537 88.396 89.2942 85.1146 88.7187 88.5855 88.9308 91.5148 95.1641 96.4978 97.5292 98.0482 95.5184 99.646 101.418 97.8022 102.593 92.5078 96.2135 99.0841 94.6134 95.2476 90.7069 88.7683 90.6956 88.0552 87.1773 85.6562 88.141 85.5818 85.5614 88.7187 84.011 83.7199 81.3977 87.6625 86.8546 86.3897 86.3288 86.6537 85.0943 89.4612 85.6449 84.6858 88.8925 90.0321 89.3032 91.5713 89.8696 90.7205 91.8488 90.1066 88.2944 95.1031 93.0991 94.8323 86.5161 91.7541 91.1786 91.8398 94.2817 93.494 91.0703 98.4635 93.801 93.7987 95.0106 95.4597 96.4798 91.5374 93.8213 93.8596 92.4018 96.9402 96.4053 97.2087 101.713 94.5954 99.8018 100.824 105.882 95.875 103.803 99.3572 98.1566 97.2787 95.9427 98.5176 93.1126 96.6039 96.4346 101.163 97.6759 96.1119 95.1957 96.6197 96.8025 97.4818 98.319 95.1686 94.0402 102.681 95.392 97.2403 92.562 95.5613 94.2681 92.7155 95.9607 95.0693 96.6761 90.8626 96.0487 92.7583 91.6141 95.6222 92.2099 94.3403 91.2576 93.0179 90.901 89.1791 91.2531 90.2285 93.7536 90.5489 90.312 94.5367 91.5081 88.7954 92.1761 86.4619 84.0991 85.9383 83.2663 84.406 86.9494 83.8982 86.3242 84.0652 83.3791 86.8456 85.1507 88.168 90.8829 87.8205 86.7327 87.1389 87.0645 86.4506 88.5539 95.9314 90.7814 93.8077 92.9998 97.8564 103.51 102.476 99.5761 100.546 100.831 100.095 102.408 92.9366 93.6317 92.307 91.0206 91.8646 91.49 89.31 87.2337 90.3368 92.9976 88.4185 92.14 96.0487 99.2804 101.957 105.927 112.656 113.857 119.883 128.865 136.68 143.067 152.895 165.939
165.352 153.556 141.599 134.969 132.889 111.828 112.92 110.943 102.786 95.989 96.0027 87.2584 86.7647 87.2243 85.4063 82.7964 83.4267 82.2845 81.6678 81.4972 86.0411 86.9899 86.9467 82.3368 82.4119 85.941 86.2436 88.0321 94.6511 91.7842 95.9777 96.7103 101.206 101.91 106.847 106.765 101.382 105.744 103.798 103.145 101.17 89.973 93.3382 92.0094 92.9378 90.3416 89.907 90.4553 87.6293 85.3517 83.6611 83.3903 86.933 86.8716 85.7817 89.2266 87.825 85.6088 84.7168 87.6566 84.6599 83.4699 87.4427 76.7576 82.5461 78.3822 80.8942 85.1674 78.3549 79.0693 79.4744 79.529 78.4345 80.6462 74.8007 75.3195 76.1318 72.0657 72.4252 76.3548 73.2922 78.835 76.4072 78.0022 76.8008 84.0137 81.595 79.2992 85.2834 86.5167 88.5281 81.124 95.3656 93.2654 95.063 85.1127 89.6976 81.8976 78.0204 78.728 77.7405 79.9658 80.6485 83.9728 86.6281 90.6214 92.0686 88.6259 88.4393 86.0707 80.4755 81.4244 83.8158 77.6745 75.5152 79.7747 75.8565 76.2024 78.9237 73.5766 73.9816 75.8542 77.5562 75.067 78.2388 76.9237 76.7644 78.8873 81.6314 78.3276 81.5791 80.0364 84.6372 78.6757 84.3323 78.4482 86.5144 79.3833 81.8544 85.379 87.0218 83.9819 88.9945 88.098 82.5575 84.1184 87.7431 85.0468 87.2129 89.2153 88.585 91.7 88.0116 91.8956 95.0743 90.4485 96.526 94.5123 98.6808 101.753 106.41 101.91 105.063 104.133 106.069 105.571 102.631 103.887 103.341 96.278 99.6137 96.9311 93.0356 90.5532 85.8272 88.4849 87.3676 82.1798 83.008 79.1285 82.6917 81.3811 83.2993 81.5563 78.8464 86.7487 88.412 90.2232 93.6636 95.6022 96.7263 99.2679 108.501 115.944 123.1 122.895 133.346 144.527 151.554 164.344
165.262 150.014 147.284 135.046 128.465 128.281 116.41 113.184 108.314 105.52 99.9047 98.7072 96.9799 96.0921 93.9059 95.7549 94.0229 95.2915 89.958 89.3937 91.2472 86.3863 90.0658 86.9552 90.1553 90.9926 90.3893 91.9102 97.2506 97.4065 92.6236 92.6397 99.79 97.0556 104.942 100.281 106.782 105.312 110.7 109.181 105.172 107.888 106.16 107.126 104.176 102.472 101.387 91.4422 94.6928 89.5589 89.0794 83.7827 83.005 79.4218 78.7818 74.3315 73.8635 72.2256 70.3285 70.8332 68.3465 67.1858 66.6742 68.0323 65.0753 66.5825 61.9899 63.5567 63.6301 62.2813 64.3642 61.2329 57.9732 63.543 59.9346 64.5156 60.6503 61.0357 64.4078 62.6965 63.9834 67.9038 69.1953 72.3564 75.584 78.6694 82.3352 81.4703 85.5949 87.0034 78.05 86.6777 82.1333 83.4317 77.2173 69.1838 67.3785 61.5816 61.1939 55.3374 58.51 58.8541 60.1617 64.6372 71.1108 73.157 70.691 82.9178 86.4138 86.485 84.0052 86.2005 80.9175 81.2822 80.6514 80.1398 71.3838 75.9166 66.6605 66.5939 63.6141 65.6878 61.6986 61.0265 58.1751 62.3042 59.9185 62.8961 63.9765 61.421 64.3504 64.0545 64.1096 66.5641 66.6605 64.1738 66.5894 67.117 70.1702 69.2412 68.4154 70.1519 72.5216 71.0328 78.0019 79.587 80.8831 86.0583 83.4822 89.6254 93.9059 92.1671 98.9825 104.243 103.057 103.302 108.569 109.904 109.794 108.149 108.576 106.479 104.486 102.685 100.302 97.7805 98.3838 96.1816 92.9815 92.6924 93.5114 91.4376 91.0775 89.7585 91.4606 90.1347 91.5019 89.0427 94.8327 84.6544 88.2398 90.6026 90.3641 91.1669 90.6462 95.615 97.7094 100.896 102.318 102.788 103.288 107.603 113.969 115.761 121.711 129.226 136.631 144.022 153.636 166.157
168.729 160.409 149.389 141.198 135.139 132.965 128.382 123.072 121.65 115.286 117.538 116.012 110.744 107.046 112.101 101.225 107.923 102.909 99.1396 98.4412 95.8419 90.0073 87.1397 88.1179 83.5436 84.2698 84.5658 85.8076 83.8327 83.2407 80.5142 83.5436 79.0226 77.3367 80.2737 77.3945 80.4749 80.6136 83.4766 87.7964 82.9678 81.4855 84.9589 88.9157 84.8202 92.2319 93.3466 86.6749 90.0234 81.7491 85.8932 90.1483 81.763 78.3219 80.1881 70.7413 74.2957 65.9728 64.3332 64.4303 60.4805 54.588 50.955 54.8216 53.0086 52.7056 47.2248 49.3732 50.6798 52.775 51.6927 52.3934 54.743 59.567 58.9935 61.8772 65.4409 67.3811 66.7822 71.5854 72.4133 81.8231 85.4353 78.9278 74.0644 76.2521 77.1355 80.5049 71.893 70.1539 68.5305 64.5274 63.3943 56.2115 58.7275 51.7135 46.4825 44.9608 43.4022 44.1214 41.8227 45.0973 44.496 47.1508 49.2576 52.0604 60.2029 60.6608 66.9256 67.92 69.1942 74.8692 76.2729 76.5343 78.4653 76.3331 76.9205 80.4818 74.7767 78.3936 71.7496 70.5979 65.249 63.5192 63.1954 57.2544 58.8108 53.3693 51.8222 52.8421 51.6997 50.5942 48.0342 49.6692 50.2196 50.8394 54.4909 54.2897 59.7335 62.6959 62.2079 64.3771 66.4353 68.4287 77.2974 74.557 81.8393 84.6583 90.2894 91.6376 85.9926 86.6402 88.1526 86.8136 86.2378 84.175 87.0634 82.7389 83.5043 84.7601 81.5826 77.6004 79.2307 79.8944 76.9644 77.5703 80.4772 77.568 79.4967 79.0642 79.5707 80.6761 82.8799 84.4178 84.7577 89.4661 88.9689 90.4767 94.6301 93.0552 98.2862 92.8956 97.1184 102.576 98.8204 105.966 109.329 108.034 109.023 114.592 121.294 121.842 121.414 131.152 135.176 142.23 142.502 152.287 157.913 167.501
176.466 170.214 162.556 153.171 147 143.494 137.373 133.713 125.115 124.078 126.549 116.364 111.003 107.809 103.235 100.785 108.548 95.3466 95.2883 95.2231 87.7494 88.1363 86.5395 84.171 80.3992 80.4249 73.8673 73.7438 72.5409 72.3894 70.9394 67.6082 66.3936 62.7011 66.9205 61.2278 60.0133 58.7778 59.9946 60.1531 61.1346 57.6122 62.3514 63.5263 61.2068 61.4586 65.0369 63.8574 66.8482 72.9815 72.2052 75.9677 79.6183 77.1496 74.6483 79.2383 75.0399 69.9277 71.0769 68.5057 69.951 64.3679 65.5171 59.5564 61.5262 59.1111 56.8149 61.3933 57.4677 57.4187 60.2884 63.1487 65.0579 72.8276 69.6689 72.7297 76.9142 74.8394 71.7133 77.793 73.2589 72.5829 66.8739 69.8741 68.7015 65.1745 62.8526 60.1998 55.5398 56.2065 53.3345 48.8424 46.8026 44.222 43.8024 41.4526 39.653 38.5876 35.0629 37.0024 35.8439 37.8347 36.4639 38.6902 42.2895 43.8304 43.2942 47.9122 48.8773 52.3321 57.0317 54.915 58.5237 64.9297 60.8362 60.4515 69.2493 69.9114 76.688 70.3077 77.4923 74.0445 75.0982 70.972 69.4498 70.0023 65.8132 66.6035 62.7058 59.7289 56.9455 57.843 57.0993 57.4723 63.2769 58.836 63.3095 67.2632 67.9136 66.9485 73.6109 71.8952 74.8674 74.2473 78.6998 80.4319 80.7186 75.8978 75.8535 75.8092 73.6249 66.3144 67.4543 66.6151 62.5939 62.2768 60.2511 63.6522 63.3725 60.2744 58.5586 60.3023 62.0344 58.864 62.8946 64.981 64.7758 66.5895 66.424 68.3611 73.5247 69.5873 73.2962 78.6975 77.1449 84.1034 79.7302 80.3106 88.6282 87.7237 89.6096 93.9969 98.7827 98.7268 105.424 106.916 110.62 119.103 108.641 119.707 122.411 128.43 127.276 136.429 142.573 150.315 151.838 160.183 171.016 175.844
175.308 167.382 157.565 147.155 145.346 137.282 137.77 130.279 129.556 129.765 122.443 116.696 112.567 113.54 108.434 103.671 98.4451 99.1782 93.8819 90.0823 91.0786 84.8682 84.3066 86.4308 83.3479 77.5535 75.7489 69.858 74.8559 67.224 68.7419 65.4851 63.8098 60.3345 63.5959 61.46 58.0388 56.8921 57.0402 52.9633 52.8153 51.5699 53.4544 50.5431 54.3779 51.4783 51.4031 51.288 50.3434 53.2665 55.7266 56.9462 59.8411 66.9514 70.4854 67.1135 72.1114 72.619 77.1117 77.2715 83.4466 82.6054 82.1049 84.692 84.5346 83.5782 86.224 84.88 83.4067 85.3382 81.6561 82.932 87.7044 78.2349 80.3356 78.8317 71.3008 69.334 71.9564 63.3163 62.0498 58.9951 58.2174 53.4215 53.7599 48.3038 48.6445 46.1608 45.2985 44.5395 40.1784 42.8829 41.1934 38.5735 38.9706 34.0667 34.6752 33.8364 33.491 31.0989 31.402 31.5783 32.7954 38.2868 37.502 38.3268 36.3906 41.1324 42.3448 43.3975 43.0826 46.9104 47.3921 48.0782 50.8909 52.0023 53.1466 56.2318 59.7353 64.0283 66.0232 65.9786 72.854 76.4326 76.9825 83.8954 86.7198 84.887 87.4788 87.3214 85.5497 87.1545 81.931 89.2975 84.9857 84.0952 83.0166 77.5582 78.7659 81.2379 81.682 75.9462 75.5632 70.194 68.5516 66.4086 66.5566 64.2539 59.8904 59.4557 55.8676 51.0882 53.8069 53.5202 50.764 53.1678 53.5672 50.381 54.6176 54.3708 55.3389 54.7867 57.3574 61.2133 55.1486 60.0079 60.8162 68.5375 62.0733 68.3166 69.2259 71.329 72.9761 72.243 76.9143 78.1479 83.1294 88.3717 92.8691 94.2625 92.6153 97.6321 97.0728 102.997 98.5555 110.856 108.121 112.609 117.189 121.839 121.44 125.025 126.774 134.845 136.058 148.166 144.958 154.442 165.878 172.368
170.838 157.094 148.109 136.239 130.917 128.537 122.926 116.586 115.104 113.948 109.181 109.581 107.876 105.803 103.182 102.717 100.737 90.9775 93.5613 93.2416 90.1628 93.2392 87.3942 83.6593 85.8548 86.7287 84.1259 86.0419 76.4406 80.0926 76.7982 77.0374 73.3665 74.2428 66.5338 68.8477 64.1134 67.6091 66.2709 61.1577 61.3282 58.7491 56.7265 57.9628 57.8775 55.4168 52.2219 54.119 52.9727 53.6122 53.1551 53.5861 56.2955 54.3558 59.8693 64.31 61.8421 66.7328 72.0971 71.9431 83.773 88.3841 90.8804 100.287 105.694 101.969 108.404 105.829 108.939 109.339 104.465 100.771 94.0847 91.1385 85.2935 83.1785 73.3262 73.582 68.2603 65.9015 58.5715 55.3316 53.1835 48.2242 45.6972 44.8232 42.1186 39.4968 40.8705 40.9463 38.9995 38.5542 38.6679 33.737 34.0686 33.2965 32.4605 29.7227 30.4379 28.7872 28.1146 30.2911 29.6706 33.2491 36.1693 35.4896 37.4624 34.7246 37.9693 40.3139 38.3316 38.2558 40.6431 41.0173 44.7214 46.4574 50.1852 53.6808 54.4529 62.1334 59.102 64.8073 68.3006 75.993 80.0215 82.5959 92.9432 93.0758 98.5538 105.595 107.913 107.087 106.879 106.928 105.074 100.915 97.5259 90.293 87.2094 81.0044 76.6869 70.4155 68.2414 62.9505 61.1601 60.1606 52.6553 52.319 54.1711 53.0864 53.2948 52.2172 55.2937 53.6524 52.3119 56.9515 58.0812 56.9894 60.9256 59.758 62.5171 60.909 66.2591 70.2142 73.5181 68.4451 71.5121 73.1652 73.0847 78.0155 78.771 80.5781 80.1565 85.2437 84.7653 83.368 89.7009 86.7145 92.0432 91.9982 94.8995 98.9304 96.9007 97.8812 99.2383 97.7178 104.735 107.208 105.896 106.026 108.33 116.302 119.004 121.771 124.272 130.524 138.927 150.913 157.907 163.001
164.768 153.659 143.744 133.21 124.584 116.549 111.043 103.328 102.989 95.7567 92.7157 96.2317 94.4128 91.6726 85.7482 87.443 88.0755 84.7362 84.519 90.0567 82.0366 80.2678 85.0751 82.1058 83.8649 85.1133 79.2916 76.1957 74.6609 84.5834 76.7686 78.5779 77.7997 79.0959 77.9048 77.7043 79.3847 74.6275 74.9975 71.2786 70.6795 70.5554 77.3104 69.0325 67.0848 69.1352 69.3285 65.2707 68.4716 64.9366 65.8245 64.5666 66.4714 65.0249 71.7059 72.5509 72.2143 72.558 80.6354 78.1673 86.3354 88.5314 90.6892 95.4296 97.5731 99.2989 99.4039 99.9099 100.383 94.8711 97.3822 89.2618 87.8487 91.1666 86.6696 81.1987 81.996 76.8688 79.4133 74.7874 64.9342 65.4139 57.506 60.6783 54.1166 51.4886 48.3641 45.6883 42.5018 42.972 40.2294 39.8093 37.8902 34.1308 33.4314 31.2593 30.8296 29.6314 28.7721 27.7863 29.1492 28.7817 28.0727 32.0541 30.9776 34.5962 36.6347 36.9999 38.2435 39.9931 43.3443 44.5808 48.6791 50.7224 51.5411 54.8207 56.0858 58.3773 63.829 66.4761 71.5508 72.8445 75.9594 81.7167 86.2925 86.2805 92.6107 94.346 89.8394 97.1053 99.497 94.7422 93.8877 102.404 99.6927 96.425 94.5155 95.1337 86.7006 86.1588 85.8055 81.6332 73.3982 71.3288 73.2741 67.8343 65.8603 68.0324 65.7863 62.6952 66.2136 63.4399 64.0176 71.0018 69.2092 66.4737 65.0893 70.806 70.4504 69.6293 75.6706 74.279 74.2552 73.4651 74.3411 75.0786 76.3867 74.7516 81.7191 79.7952 81.1367 82.8099 84.0177 85.0513 83.1369 82.2204 79.8597 85.1372 89.5411 84.044 85.5501 87.6268 89.9922 85.4451 88.4407 89.3764 91.5604 89.3883 94.9666 100.404 98.0648 105.915 103.97 111.064 116.75 124.715 133.69 145.181 149.68 162.701
162.756 151.702 141.919 133.172 123.367 116.387 110.055 101.768 96.0599 95.7568 90.4454 83.8014 84.9127 76.9961 80.9436 72.2885 72.6205 69.2046 71.4081 71.1603 71.2469 74.1769 77.1308 71.3792 71.9277 65.3678 65.9235 70.773 70.4964 68.8919 71.0208 69.3225 70.304 72.4088 71.8098 73.3806 71.9638 69.9551 72.57 71.1868 77.4941 73.3205 77.2054 75.6875 74.9851 79.5412 77.636 77.2511 80.9364 83.3587 80.6549 86.4667 92.098 92.2496 90.1447 95.6197 102.908 100.38 97.5802 97.1857 97.217 95.1819 91.6001 86.3705 84.8357 79.2212 81.0061 79.1539 76.6594 79.8467 76.3466 75.9882 75.5384 78.6175 79.7673 80.4288 82.2979 81.8914 85.0595 75.281 74.0518 76.758 72.5002 71.5669 65.4929 64.5187 56.9725 58.9811 53.2127 52.7773 49.5779 46.6336 43.2706 39.9558 38.9984 38.8829 35.443 35.1592 34.8826 31.7626 32.8788 32.044 32.2846 35.6908 38.2912 38.5414 42.5466 43.0036 47.8484 49.7295 51.6347 54.0594 58.6901 58.4062 65.6781 70.5204 69.4428 70.3424 72.3775 75.2064 81.1457 86.3127 82.6154 79.3199 79.2261 81.1 78.4755 77.8453 76.5776 74.0686 74.5858 79.1274 78.0786 82.0958 85.81 82.5553 90.5513 92.2183 91.2561 98.682 95.9974 96.7455 101.364 97.7703 93.8805 94.8379 91.5327 89.5674 86.3873 81.3453 82.5288 80.6068 81.3814 77.9343 80.5515 73.383 75.0068 73.9724 71.6679 76.6136 71.5428 73.0799 72.1514 73.7992 67.3043 71.8074 71.1266 72.6542 67.2321 71.0328 68.4276 68.5984 67.2634 68.2857 68.596 72.3438 70.2967 69.041 76.6666 69.9143 72.0023 72.1706 74.7446 70.1524 78.0377 77.3954 80.3879 82.3099 90.0124 91.4558 91.9705 95.1506 102.952 108.145 117.385 116.769 131.751 139.614 154.606 161.762
166.935 153.183 142.977 134.107 116.969 115.357 107.139 93.4935 95.4328 86.4878 83.1279 82.9122 77.9088 74.4835 71.5188 72.1709 66.6851 70.811 63.6138 65.1749 59.5291 61.9945 56.979 59.6964 61.9678 58.8043 58.1328 60.6588 55.1124 58.4868 55.9948 58.9934 58.5595 61.9848 59.0201 61.0151 60.1036 59.7425 62.5593 60.0285 64.6052 66.13 68.0329 72.1491 71.6279 80.5341 79.9645 84.9606 86.7229 90.5215 93.1614 98.5454 104.157 103.714 105.398 103.19 102.189 103.476 100.473 95.3673 96.2764 89.7482 88.3131 80.4396 82.7619 79.3875 79.0336 73.3903 71.5213 72.0424 68.4596 69.8389 71.6691 69.7589 68.9517 73.1527 69.8365 74.0496 75.1696 78.27 77.3222 81.1814 78.1536 80.4687 78.1391 79.4215 75.9841 76.2628 71.2982 63.6453 66.0621 56.2954 58.7316 56.0845 52.1865 44.5893 46.531 42.3979 43.6027 41.4646 41.1907 46.1116 47.5467 44.4923 51.1344 48.9987 52.9186 56.4699 60.7485 66.6027 64.3846 68.639 69.1747 73.0703 78.8906 76.6046 79.23 83.4237 75.7126 77.9597 74.0617 76.5658 75.3998 71.5988 70.2001 68.3263 72.1903 71.3007 70.2825 69.9965 72.5418 69.8316 76.1877 74.9005 80.0057 81.5377 83.1813 86.5532 92.0463 89.2998 99.8883 103.154 99.6338 103.134 103.983 103.277 98.6714 96.7345 94.8122 97.3624 91.6293 89.0864 81.5401 80.2117 78.6748 72.0303 72.423 67.8584 68.5832 64.7701 62.2999 60.6151 60.0333 64.4137 59.8927 57.2965 55.7669 60.7073 58.0092 54.7706 61.3521 57.0274 59.6334 60.3121 60.4551 58.9037 60.1133 63.5338 61.0539 59.7521 65.1749 64.2974 68.3263 67.1821 70.5928 73.8048 77.5088 79.1839 79.6033 84.5315 93.9322 94.7686 98.9429 106.438 112.094 119.075 128.493 135.983 145.648 162.702
157.594 149.817 136.699 129.84 119.305 107.726 104.338 99.6456 89.5255 88.905 81.3937 77.1531 79.9915 73.3645 74.4026 68.269 68.8015 70.4063 60.0126 59.0575 57.6236 55.2249 58.012 59.3531 54.514 53.9376 54.8829 53.4221 53.3537 54.6753 49.294 52.6429 52.8335 55.5571 53.0802 56.2777 56.0871 54.0353 59.8294 60.3497 61.0849 60.1885 66.1291 71.2173 74.6738 80.419 82.4172 85.4266 82.4685 91.7386 88.7755 92.977 88.8708 86.6601 83.426 82.4001 85.407 80.1845 78.714 77.2679 72.3385 78.3671 73.0567 74.8374 72.104 71.0048 72.0454 72.2481 71.5788 73.0811 70.206 70.2647 74.4173 72.6585 68.4399 68.6598 68.4473 66.5591 67.9172 72.5828 71.0708 70.1132 69.3438 70.25 75.7827 75.773 77.7662 77.1702 78.5577 75.9122 74.8228 76.0514 75.365 76.8966 74.6176 69.2021 64.407 62.1475 57.6749 56.0432 57.3476 57.521 60.8846 64.4339 66.603 69.4634 73.8432 80.8099 84.0147 76.7134 81.804 76.3128 82.2608 81.0566 74.6298 70.6726 69.6076 69.7053 72.8564 69.6686 68.1566 70.7654 67.6119 68.865 67.9441 65.9533 71.5837 72.3678 71.2466 68.1175 69.9422 71.5007 70.7092 74.3318 71.7034 73.8066 70.9535 69.8128 74.0338 72.0112 74.4808 80.9247 81.8773 79.3198 86.6601 82.6321 86.4427 90.3877 90.1337 92.3908 86.6528 87.0046 87.7276 80.3726 76.7085 78.0716 72.3654 66.603 65.2449 60.2178 58.6984 57.9656 56.9836 52.682 58.034 52.6918 48.3437 53.5663 50.3565 53.1412 54.8243 57.4502 53.5272 54.2307 53.4612 55.8746 54.8047 53.4637 57.692 62.9903 61.3878 62.6996 63.5863 64.2458 71.464 73.5574 68.9993 76.5498 82.0336 83.0596 86.6968 92.977 101.458 100.464 109.285 119.217 126.843 140.573 146.26 163.486
161.358 147.757 138.36 129.44 120.875 111.5 101.502 98.8608 90.6893 85.8971 79.8669 75.8304 78.3114 69.911 70.9767 65.4683 66.2362 68.0847 63.2876 57.0851 63.0833 55.6428 55.0594 54.3456 54.993 55.0939 51.1386 52 51.9779 50.7152 48.5394 50.538 52.4751 50.2943 51.3601 53.2307 58.6652 58.552 66.5931 68.2816 67.9296 71.1342 74.8729 73.0122 79.606 79.83 80.086 80.7358 78.464 74.5899 71.2499 70.5484 67.3512 62.1185 66.187 60.051 60.1494 58.6431 60.2946 54.3653 56.8956 58.6111 57.7989 60.3192 57.4912 59.2043 61.9634 59.2683 57.9588 58.0745 60.8484 68.6606 62.0963 61.2324 62.4926 65.2542 66.9057 67.6687 68.3677 65.0573 66.7802 69.8347 71.9883 74.073 73.5758 76.5639 74.9296 79.515 87.9548 83.5638 84.3982 86.9826 83.9822 86.7438 88.8458 82.0427 81.4988 77.5853 80.5881 77.4967 74.964 74.0263 74.8065 86.7069 85.8356 86.222 87.2878 88.9369 85.9341 88.4323 82.0526 82.2076 86.0571 82.092 73.6595 69.9996 74.2453 74.8286 69.6205 71.5428 69.0938 66.79 68.0551 68.188 68.0059 60.1839 62.2957 63.5509 62.4237 63.3959 58.1754 57.7816 59.3593 59.1821 58.9827 59.3667 56.2039 57.5897 58.3896 56.7996 55.8224 59.3175 56.5264 60.6294 63.1867 63.7774 67.7352 66.1328 69.2366 77.4967 80.9918 77.2678 80.369 81.1468 82.4956 81.0459 77.6985 75.3726 70.0389 70.0512 65.8892 62.9947 62.5787 57.3706 56.0243 54.8748 51.1706 53.75 49.7848 53.5383 49.3074 50.1885 49.8168 49.3615 52.8344 54.7764 54.1561 53.4497 57.4001 58.5914 58.2764 61.0084 63.0759 65.4658 69.6107 70.1374 72.0843 76.1184 82.1141 82.3947 90.3866 92.6559 95.9245 103.811 108.809 120.363 126.162 135.643 148.171 160.165
160.435 150.929 137.59 128 115.645 109.187 104.535 94.5338 90.7296 85.1821 84.9465 76.6562 77.725 73.2265 68.3163 65.4321 60.6683 62.8803 61.4519 62.305 58.9894 57.3824 59.3762 56.2937 55.153 55.52 54.4363 56.7451 57.0426 55.4828 55.1232 55.8473 62.5902 62.3 61.3676 65.1767 67.6864 72.3461 76.1106 76.7331 78.1491 80.3884 79.5477 73.4769 74.7516 71.8501 70.1192 65.447 58.4587 58.9075 55.9168 52.3209 52.0159 51.2818 48.4473 50.1312 49.1491 47.1057 46.2476 46.5527 47.6116 45.1094 44.1348 46.0517 47.2098 45.6401 41.7045 46.7932 47.7033 47.6835 50.4114 52.9558 47.6339 51.6712 50.8727 53.9205 57.003 59.287 63.3763 62.7266 64.0285 68.108 73.3777 73.2364 72.9041 84.8622 77.8688 80.3066 82.7468 77.7225 87.6669 92.6689 84.9837 88.2472 96.7533 95.6373 97.8866 89.2342 90.0204 82.2831 85.8442 88.5423 91.7885 92.4531 92.7383 91.6199 86.6576 87.6496 88.8622 88.1381 83.6768 80.7802 82.3525 79.2725 76.2296 77.2166 77.7201 72.1378 67.4582 67.9542 62.6571 63.8227 59.3142 57.0402 51.4406 55.6985 53.1219 52.187 49.4244 43.7504 48.5267 44.8639 45.6326 45.9848 45.9699 44.0877 47.0263 43.8049 44.6506 45.0722 43.7529 44.7349 47.8546 47.9588 46.6147 49.9427 49.2458 52.5639 55.1009 60.8468 59.4308 62.8283 67.4061 65.8736 69.4893 75.2278 72.1973 82.5757 79.7759 78.0176 77.8912 69.2115 66.7614 70.4837 67.1284 68.0782 61.1866 55.3935 59.2622 55.2348 56.0135 54.3644 52.4474 51.8646 55.3861 54.5404 54.1337 57.184 54.2255 60.5542 61.38 63.2994 64.8816 65.695 69.0528 71.3244 75.875 76.9116 78.7542 84.0438 86.6229 91.7141 97.0434 104.116 110.284 116.664 127.536 138.24 149.578 160.737
163.766 150.452 140.823 122.663 120.91 109.451 105.744 97.6236 92.5392 81.1036 81.0111 75.7493 73.1634 73.1634 70.0752 68.2088 66.0002 64.6985 64.3787 60.1912 62.8221 62.2699 55.9512 58.7396 56.4509 59.6515 59.3717 59.1318 61.7402 66.6623 61.7452 67.9465 76.6987 78.1179 76.6338 77.6082 76.5938 80.6638 76.274 77.021 73.0309 70.385 67.3119 67.6817 63.1744 58.7645 57.2205 57.0156 50.3996 48.6981 47.4039 46.6843 44.0659 43.876 42.2695 42.9816 42.0721 43.7136 40.5355 38.5392 39.6861 38.999 39.1214 39.3962 38.8166 41.0003 40.3132 42.7342 42.3769 42.7142 47.7887 47.6937 47.5688 52.0586 53.3803 54.9518 56.2536 55.9587 59.0943 61.7702 62.3524 66.6798 68.5511 69.4556 76.0791 76.1416 76.0491 82.3578 80.4515 84.2267 91.0501 89.0488 83.8369 91.3424 93.8284 91.0676 92.0295 91.5348 93.8809 92.9939 91.9895 90.6453 92.6566 92.2144 89.3036 92.1394 94.0333 90.8052 81.5058 89.9832 81.4808 91.8646 79.607 78.1054 80.4515 70.7998 73.3832 70.0777 65.0957 64.7984 63.4217 62.3674 56.5934 56.5684 53.875 55.7664 51.334 50.2047 46.6194 45.5675 43.164 43.7036 41.3525 41.3051 36.7828 39.2463 38.989 38.6342 39.0739 38.1395 38.2769 42.7192 43.4463 39.8934 43.3538 44.6031 44.7005 46.2396 46.1796 51.379 47.6313 50.1447 50.2897 58.9494 58.6721 62.2449 62.7297 69.1408 71.5293 74.585 75.8193 79.2847 82.033 83.2023 74.7924 75.0097 71.3345 70.7898 73.8979 66.5324 65.458 61.6403 57.4803 57.4653 59.7614 57.6102 60.9357 57.4278 61.5329 60.9008 61.1106 58.9794 61.4304 65.1082 70.1652 71.5468 73.7955 78.655 79.6719 79.4096 83.6845 90.0232 96.4043 103.36 109.297 111.79 129.697 136.86 144.645 162.727
161.665 142.691 139.283 126.861 119.64 110.757 99.445 97.3231 88.9261 86.1095 80.509 76.5874 77.0153 73.7355 68.9807 67.8833 65.4467 61.9203 61.5226 62.9322 63.2141 62.0134 63.4582 64.0372 64.0044 68.8549 67.4327 70.2242 76.0487 78.0775 79.4191 82.5151 84.6018 85.3644 84.7805 77.3349 80.1213 77.1512 74.4478 68.5176 62.7107 58.3259 56.6596 54.0494 53.3672 50.6563 47.0997 49.1939 45.4284 45.7984 42.0429 43.8451 40.5754 41.9346 39.4528 39.2212 40.4068 38.592 39.5484 42.1838 40.6786 38.6071 40.223 42.6898 41.834 45.2647 44.4417 45.9695 49.3802 51.6078 54.7944 56.5111 57.8779 57.309 59.9217 62.7711 63.1713 65.6859 69.4313 69.3004 69.3658 74.5007 73.3101 75.0947 71.9836 77.9113 74.9815 79.9527 79.2832 78.236 83.5698 80.6978 86.1246 82.5503 80.9822 80.2396 84.3475 79.1498 82.2986 80.4813 78.0624 82.3641 80.9394 82.8977 86.3562 88.3623 84.6169 93.6456 79.2983 85.7093 82.7844 82.0167 80.6852 76.537 75.9807 74.2716 77.5413 78.1656 67.2993 69.9246 74.1307 65.0742 65.9602 66.8739 62.2475 63.7452 60.483 57.6513 54.1425 52.0911 51.5323 50.4323 45.1439 47.3867 46.4226 43.7696 42.5488 40.223 39.0903 39.5409 40.6685 38.4711 40.3464 38.3856 40.2306 37.7261 41.98 41.8415 42.939 43.2133 45.3805 46.5736 43.6261 48.5319 49.8811 52.3705 52.8009 58.1673 60.9563 61.3389 65.7639 69.9221 68.2533 78.9383 77.8081 81.2414 81.8103 79.8319 83.98 80.0005 77.1411 79.1019 72.2252 72.8973 66.9469 61.2054 65.0541 61.7063 62.4439 62.2979 62.6654 66.4259 64.2763 67.5586 67.0174 69.0361 75.7718 75.5755 77.564 79.1523 85.6992 92.7773 96.9028 99.586 105.775 115.096 123.873 139.507 149.955 161.01
158.039 146.509 138.811 128.752 118.054 108.793 108.007 97.7529 89.7174 88.4825 81.5728 78.3854 75.3375 75.3832 70.8088 69.6272 71.0396 67.2284 65.8744 69.2468 70.7733 72.7156 72.6015 79.5341 77.503 85.7744 85.0035 85.8682 83.9741 85.2191 86.0482 83.9208 84.3037 77.3712 75.5024 73.4028 67.6773 62.9584 62.3346 56.1627 53.9364 50.138 49.5573 50.176 48.5963 44.1208 46.3852 43.9078 43.0558 41.2834 41.5902 38.4891 40.2209 39.0697 42.7034 41.6612 42.4346 45.769 47.9573 47.5465 49.2023 49.641 51.6898 55.0014 55.8103 58.1532 60.2046 57.5067 59.4338 64.1476 59.5352 62.1089 67.2158 68.4405 64.9514 67.0788 70.2053 66.6554 71.7039 64.3859 65.1821 71.5873 68.3517 68.3264 71.0142 77.394 74.7188 79.5924 77.2875 78.1268 76.1008 80.9312 72.9286 76.0957 77.4472 67.2462 71.032 65.101 62.1419 56.0613 58.3967 58.6452 64.7181 69.3077 73.6336 78.1598 76.8336 76.4685 81.6007 80.8349 78.0964 76.8995 81.5804 71.4503 75.7382 71.5087 72.8931 71.6126 68.0399 67.6595 69.3305 68.9527 71.9448 68.3086 67.0053 64.8348 67.444 58.9824 63.2043 60.0499 63.2398 59.2005 56.1627 58.6883 60.803 57.1567 51.2942 53.087 53.7209 48.8524 48.079 42.3053 43.5173 41.9274 42.536 40.0637 40.5658 39.4171 42.8403 42.1202 42.1303 44.6736 45.9363 42.214 44.0422 49.5953 46.7655 50.919 53.8274 55.0597 57.1745 60.1742 60.443 64.6471 72.4976 71.0091 76.8615 79.3059 80.0032 86.3043 84.7373 86.3703 85.5132 86.0635 79.5569 75.9106 79.2729 73.1087 71.8307 74.7315 71.2247 65.8059 70.7277 68.1641 68.6484 68.4887 74.2117 73.4028 78.7759 82.085 86.2029 90.0394 96.7615 103.326 108.814 115.158 123.883 134.941 148.933 159.451
159.443 142.832 138.86 127.836 116.117 112.138 100.546 98.6664 87.1849 87.8618 85.6498 82.5898 81.1364 77.7725 75.1186 76.291 74.5439 75.7341 81.305 86.2961 79.9283 88.8069 89.9793 84.1811 89.987 94.0253 89.5579 92.0968 87.3459 80.4391 80.8274 76.3957 68.9679 70.1607 66.5209 62.8862 59.6908 54.5184 54.0893 52.5311 50.3064 49.1544 48.7176 46.6103 45.959 46.2681 44.4929 45.6908 44.7381 44.9245 43.7649 46.171 50.5797 48.5414 51.2438 50.9424 53.5988 56.9654 56.6027 57.6525 62.4928 60.1327 62.549 64.7508 64.36 62.5158 66.9602 62.7304 62.5541 63.1544 66.9781 62.3549 69.8798 67.0803 65.0445 63.1978 66.2195 63.6805 61.4149 62.6001 64.6818 68.692 69.8287 69.1007 69.7776 72.4059 71.139 75.2974 74.0483 69.4353 65.2821 69.2284 57.6397 59.6754 57.8747 53.8619 50.6921 43.4379 47.1059 41.8492 43.8032 45.7853 46.9884 49.678 54.8811 55.1901 60.6256 59.5069 64.6767 69.0854 68.4289 72.1607 75.5553 71.0036 73.8031 76.9372 69.3102 70.5107 69.9998 70.0381 64.4392 62.5081 64.3881 62.9347 61.2693 62.0228 62.8964 64.5286 65.4506 70.1863 65.5349 62.6793 67.5298 63.5171 65.5656 64.3472 61.6601 64.715 61.4915 59.7776 61.2003 58.3574 55.4302 56.9041 53.5529 51.1723 49.5094 50.1352 44.6665 44.1404 45.8262 45.8747 44.4826 43.8798 44.3754 47.6704 44.7074 48.7942 51.3383 47.8415 54.4188 53.8415 53.7649 56.761 61.1518 61.6933 65.1978 72.2833 75.3459 83.1262 78.7175 86.9474 82.6664 82.9653 90.8427 87.9921 88.1428 87.0981 83.3816 81.7009 79.8286 82.9576 76.4366 76.9117 76.5617 79.0675 77.8338 76.3421 82.9781 82.2603 89.895 92.8886 93.4429 97.6677 109.489 119.06 126.222 137.381 150.324 160.043
158.725 145.58 136.099 122.016 120.685 107.932 101.682 94.2981 98.0107 89.4122 85.0357 83.9577 81.9071 86.1781 89.353 83.9243 91.8847 94.509 96.6136 91.7381 92.7209 94.6222 98.4867 92.9705 95.6488 86.2501 81.9277 79.0821 75.3232 67.9416 65.7032 66.2924 62.6698 59.1939 55.1339 55.2034 53.9581 55.0747 52.1417 50.1709 48.8021 47.7807 51.7326 52.6228 49.0131 55.4452 56.5618 58.4117 57.0893 57.3131 59.4023 60.7633 58.4838 59.7625 61.8053 61.8517 62.3199 60.5652 66.0686 65.3533 63.3568 65.8113 61.1235 64.3936 64.6767 62.3431 58.7642 59.9735 60.0275 55.6613 56.8706 54.5627 58.0232 60.7299 57.097 63.2307 64.6123 66.6449 68.927 67.1492 68.6286 65.8962 68.2478 65.6749 67.9596 59.2531 58.6304 62.5721 56.3432 54.6656 54.7454 48.8021 50.5311 46.0929 42.7842 39.4111 38.2302 37.0338 34.1651 32.9172 34.0004 35.1736 36.8846 35.4515 40.4609 43.3219 47.0757 44.9454 48.8896 51.0456 55.0542 56.6236 62.7573 66.0583 66.2204 62.1372 70.1955 68.9862 68.5257 68.0368 66.7864 64.8156 70.5762 63.5189 63.8276 57.4907 59.976 60.0224 57.9821 54.1202 60.3826 58.898 59.6596 57.9075 64.4374 60.7813 62.6595 62.0987 57.1459 60.1742 63.3568 64.2161 62.958 61.4503 63.5755 61.6664 58.4452 57.5936 57.8226 58.0798 52.2729 56.7188 57.7145 52.7566 52.2343 49.947 51.1691 49.8184 50.8732 49.3012 52.7257 51.519 53.0242 57.1099 57.097 59.2479 58.5867 61.5172 64.8259 69.5317 71.1989 76.607 77.9166 85.1747 84.6009 91.8075 94.9284 87.2227 93.3615 99.0862 92.2398 93.9636 88.8616 89.8084 90.2664 81.9715 88.9053 86.3196 85.4834 84.9637 89.0751 94.9361 95.8829 105.925 107.535 113.96 128.211 135.863 145.194 159.942
155.62 148.327 137.301 125.963 118.961 112.798 104.288 109.759 98.1022 98.7941 100.012 94.412 95.3138 101.479 99.2891 105.278 102.938 104.97 101.357 97.2367 91.8438 94.0103 87.13 85.7798 80.8379 74.6599 76.3599 69.5314 64.2915 65.9526 63.6643 57.5692 59.5672 58.5229 54.4854 57.3049 58.4633 54.1615 56.2165 60.2825 57.2505 58.2845 61.8659 62.7029 64.8279 68.8213 69.3163 67.8832 64.5221 68.3341 66.3983 65.4136 61.4901 63.2627 64.0038 64.9575 60.85 58.4555 58.7872 55.6438 58.2611 55.6904 52.6169 51.5467 52.3656 51.259 53.4203 55.2654 51.6581 57.8724 54.9337 56.8229 64.2578 64.1697 68.57 65.4343 68.2823 69.7387 69.1038 66.4735 58.5358 58.7846 60.6168 57.6625 54.8897 51.7721 48.0871 43.3214 44.5731 41.2042 40.577 38.9911 38.5842 34.2254 32.5202 34.1735 29.2964 27.2751 27.7208 27.7364 26.0105 27.9255 29.4001 32.2325 33.0255 33.86 33.2925 38.1903 38.0452 39.2476 42.4973 45.1821 43.0571 50.6863 52.2541 48.7686 60.5157 59.0127 59.1656 65.2399 65.8049 64.1645 71.2962 68.7254 68.0905 68.9068 66.3206 59.0515 59.7616 56.3901 58.7302 52.7465 53.6095 51.7255 52.1012 54.3558 52.4304 53.2855 56.0973 55.3276 57.2297 63.1098 58.3156 61.7518 60.5857 68.2279 62.309 64.5402 64.6232 63.768 66.9348 66.3413 63.8095 69.902 63.9002 64.2707 61.656 60.9822 58.7509 59.3288 55.0581 54.6435 55.6515 55.9211 56.8514 59.277 58.4555 57.7791 63.9183 62.6822 63.6384 68.0957 71.3713 71.3065 77.9484 81.7009 84.9817 86.3007 93.6008 98.4909 98.4391 99.6674 101.448 102.816 100.976 96.9464 103.316 101.145 98.6671 95.8528 95.0106 102.707 104.786 101.538 112.677 120.479 127.598 137.306 147.91 160.463
160.348 146.873 136.66 129.03 122.015 120.639 117.212 111.953 111.071 111.606 112.209 109.941 109.815 109.901 111.786 102.609 103.778 102.061 96.1464 93.9853 87.8282 84.6283 78.8835 80.3191 75.206 72.455 68.6104 67.1644 61.6703 64.8702 62.4376 60.3835 59.4648 60.882 63.9227 62.6882 66.5406 67.3993 68.9627 62.4663 65.8281 63.0353 66.217 67.3445 64.604 69.443 64.5283 64.4004 65.1051 64.0585 56.8782 59.363 58.8018 55.5132 54.858 51.1204 50.5045 47.482 49.698 46.6416 50.0216 49.5388 48.7636 48.6044 54.015 54.7328 57.4629 61.1274 61.5998 60.7254 64.296 64.8911 61.8869 67.4802 62.007 59.3917 58.4051 59.149 56.5441 51.8956 46.8713 44.6423 42.1471 42.5099 41.505 38.4669 36.6608 36.1649 36.5433 33.2912 31.8322 30.7986 29.3813 30.2766 29.444 26.2754 26.9749 24.4066 23.54 23.5453 24.678 24.8477 25.5185 26.9723 25.923 29.1282 26.9618 31.7695 31.164 34.0977 31.7408 34.0324 35.5489 38.0102 40.9491 41.6486 43.6609 43.3764 48.2494 52.676 53.5347 57.8831 61.0073 58.6661 62.3593 66.4493 62.6151 69.6283 65.9977 68.8244 62.6229 60.715 58.9845 52.8718 56.5232 49.9929 53.0493 46.3284 45.3418 49.5596 45.9499 48.0954 52.5012 53.4408 55.996 52.0105 55.3931 59.5379 60.2217 58.8123 62.2915 59.0524 68.7044 67.1096 67.0626 66.906 66.2013 69.195 67.013 64.8284 62.8918 65.8098 65.1469 63.5704 67.7517 62.9753 62.6151 63.1502 62.3672 60.9447 65.9534 64.5831 64.0663 65.2774 72.9431 72.9431 77.7743 81.3213 85.1059 87.729 91.0281 97.0208 102.758 106.514 108.74 109.043 110.734 110.776 111.337 112.24 110.666 111.253 112.488 110.074 115.403 128.302 130.62 138.719 147.142 161.539
160.192 149.633 141.184 135.044 135.735 130.078 128.133 123.935 128.436 124.784 125.901 116.186 120.826 110.161 107.117 105.522 100.425 96.4291 89.4501 85.31 80.9543 78.7778 74.4511 70.5449 74.2881 68.555 72.7109 67.5956 67.9688 66.4942 68.0267 68.5392 71.2993 70.4345 69.2884 75.2186 73.305 68.3263 69.2858 65.8896 66.0473 65.2088 62.9691 59.5703 56.1215 54.4865 57.4989 54.4261 53.2668 50.2938 45.302 47.4496 45.8567 43.8247 45.4387 45.7542 45.3809 47.1027 50.5751 48.0989 52.9987 52.3074 56.0032 53.7084 61.7389 63.1952 61.4682 66.3601 63.4738 66.1209 64.5779 62.2331 58.6424 58.4873 53.2695 52.4362 51.0561 45.5202 44.1901 39.6767 38.3887 40.0632 35.2895 33.3706 32.6951 32.1352 33.3075 32.6872 28.9124 30.2452 27.4614 26.6676 25.5872 26.7096 26.063 24.2703 22.6615 21.2079 21.6574 22.304 20.5507 21.8283 22.0701 21.221 25.7502 26.7727 26.573 25.3927 27.6822 28.0897 29.5118 30.7656 32.0984 32.5663 31.2362 32.816 34.5535 33.3654 38.7068 39.314 40.5495 45.3073 47.5127 51.8395 52.105 54.3761 55.9638 61.1817 60.1749 63.8313 63.4686 65.3875 66.7255 59.5729 62.0176 61.455 55.4749 54.8046 54.639 49.8548 48.6141 45.4492 47.8544 48.8507 48.2619 46.3325 47.4864 51.0561 52.1759 51.8263 51.2559 50.6776 50.8274 52.7148 57.2229 56.8497 59.9883 63.8471 67.196 68.258 68.2159 68.3894 68.626 69.8956 70.5633 68.8363 68.2212 67.9189 67.9347 68.0293 71.4071 72.0432 69.6512 71.2336 71.3861 72.1221 72.1563 72.7687 78.2573 83.767 85.4151 89.224 96.6421 102.583 103.166 108.997 114.046 122.014 116.494 122.413 127.155 129.153 127.565 124.33 126.9 129.676 135.457 141.563 148.694 163.06
164.83 159.319 149.444 145.876 143.229 138.821 143.136 136.981 130.681 128.349 121.619 116.259 111.163 99.4752 99.4011 99.5758 91.4488 85.9875 82.0908 76.2166 79.2874 79.5362 76.3463 73.7679 73.8817 74.7738 75.7957 75.5204 73.3152 68.9817 70.8427 70.8003 64.2855 65.8977 69.5958 64.6826 59.0837 58.3636 59.0281 54.1333 50.2128 55.5311 47.4755 48.9103 47.5867 49.3657 44.5821 45.9613 45.9454 44.1162 43.7694 45.2942 49.3365 45.7972 48.8786 48.3862 51.1631 53.2227 52.1691 59.5258 61.768 62.308 68.5767 64.0552 62.7051 58.766 59.126 57.1962 57.4953 51.3564 49.4398 46.7317 48.1029 40.786 42.1228 38.6152 38.6338 37.0719 35.8542 33.8184 33.7443 34.1732 31.886 30.9806 28.2566 30.6735 27.1421 26.6815 26.2606 28.3148 25.6332 23.3777 24.1772 23.0865 22.1203 21.9218 21.0826 18.5757 20.4049 20.667 19.3725 19.1025 20.0369 20.9926 21.5061 22.1177 24.9026 24.6246 23.9337 24.7305 25.7788 26.88 28.8125 26.9092 28.7331 26.6921 30.5385 29.7232 31.2242 32.7516 33.4187 35.2797 35.3697 38.6152 38.7767 40.8945 46.2446 44.4947 48.4391 48.9924 49.5139 52.0261 56.1505 60.905 60.6191 62.3927 65.6197 64.9844 59.494 62.7739 58.7369 59.8593 57.8951 51.8938 45.3022 49.2836 47.8117 47.4411 47.097 43.5762 43.3564 43.195 46.1201 43.1738 46.692 49.1354 50.2631 47.5735 49.8501 52.7382 55.4861 58.6839 60.7779 64.4311 66.1783 67.6342 69.7203 68.8043 67.3351 71.2927 71.7798 73.167 76.0048 73.7626 77.572 74.7659 76.0524 76.6587 75.5971 78.39 81.5375 79.1021 84.0021 88.8068 93.1351 102.909 104.974 113.884 116.78 120.089 131.906 139.062 135.827 136.322 141.336 143.022 147.149 151.538 154.805 162.734
171.647 163.722 160.638 161.731 157.231 148.577 146.463 136.213 130.098 123.127 113.25 109.15 103.04 93.3307 95.53 86.5008 86.6208 84.7734 85.0533 81.8649 81.7317 84.1202 75.7122 79.4524 78.9272 73.9741 75.1897 69.0716 66.3525 65.806 63.3854 60.5996 60.9648 58.0804 55.6145 52.3729 48.3528 49.6084 48.4221 47.6624 43.6316 42.8265 42.3574 42.2401 43.0958 41.2937 41.5896 43.6823 46.5934 45.543 45.7536 52.1543 52.7248 56.5849 57.1287 54.3163 61.4687 64.9956 63.4467 63.4601 63.2308 59.376 58.9148 56.8248 55.2866 55.4093 50.1336 46.0042 45.1112 40.47 37.5429 38.7238 36.0287 31.7767 31.6247 31.5234 31.3262 29.0016 30.1319 27.9059 26.2851 28.583 26.4477 27.2154 25.6506 25.7919 26.3464 25.3574 26.5943 24.6989 25.2667 23.8698 23.43 21.2733 22.8648 20.6708 19.3459 17.7518 19.154 18.2556 18.4609 18.5675 19.3566 19.8578 19.8098 23.5179 19.5885 22.8142 23.0301 22.9288 24.9122 23.9551 25.568 24.7149 26.3757 26.0611 27.2181 26.6743 26.557 26.4504 27.9512 30.7104 30.7957 29.0789 31.5101 33.2669 33.4242 34.4772 35.4769 39.3103 42.8505 44.5273 45.3538 50.6907 50.2749 57.4539 53.8657 60.2957 58.3603 67.4615 64.2625 61.6713 67.0589 62.0392 60.1571 58.7495 57.4086 51.2906 49.3045 45.719 46.0282 42.9252 43.2397 44.1088 41.5336 43.1571 39.6462 42.0455 44.1088 44.1621 46.5614 49.947 49.5391 50.5654 52.7994 53.074 55.6119 58.0058 60.4983 59.6239 65.4781 72.2973 68.5225 71.231 74.6166 72.7985 76.7092 80.6493 79.3991 79.0098 86.7621 84.0509 84.0483 86.3542 92.0218 95.9165 100.102 100.902 108.206 118.056 127.285 127.936 135.027 142.619 154.837 153.61 158.625 166.158 167.769 173.228
177.005 171.916 163.589 155.986 147.391 141.109 137.942 124.581 114.619 113.076 104.993 104.55 97.4472 93.4259 94.1212 86.4169 88.9188 85.9928 82.6668 80.3716 76.5597 76.1624 69.4433 71.1667 65.8328 63.3389 63.3899 57.0708 56.3675 56.9097 49.6538 51.1946 48.7625 46.8861 45.2969 46.9103 44.5829 43.4017 41.8099 43.0742 41.5039 42.4649 42.1964 46.0083 45.756 50.0054 47.278 49.3638 52.8858 56.1608 56.7675 57.7902 63.1403 57.9191 64.5979 66.8555 65.3898 66.6837 56.695 56.2091 55.479 48.7115 48.2579 49.4148 42.8729 39.8878 39.5899 35.6303 35.0478 35.7243 31.252 30.9702 30.9943 28.8763 29.4535 28.7206 27.3704 26.251 25.3383 24.7665 24.8577 25.3973 26.2295 24.235 23.7169 22.9867 24.8443 22.3022 25.0403 24.3316 20.3479 21.6123 20.6352 20.4338 19.9855 19.1158 19.4728 18.6245 18.6728 17.6769 17.3655 17.5856 19.0782 20.2862 19.3466 20.7586 20.6647 22.9974 22.4283 21.4405 21.0217 22.3988 22.6001 24.2323 22.933 24.3155 24.6242 23.8081 24.5464 25.8215 24.1142 26.753 26.2483 27.8509 26.7825 26.8227 29.3595 28.8387 30.4682 31.8534 33.8908 34.8545 39.3671 38.0114 44.5158 46.0513 49.1894 48.3867 48.9746 55.7769 59.7177 58.2922 65.6234 64.2463 61.7981 67.9025 61.527 60.872 58.9633 55.8843 57.0681 52.1154 53.1247 48.1129 42.4649 43.74 41.9548 41.3535 43.3642 44.1722 41.6944 42.5937 42.5857 43.7373 43.3158 48.3223 48.3223 49.345 54.228 51.9355 52.3731 59.9593 60.9095 62.7752 65.0462 68.6326 70.1815 69.5292 73.0914 76.8657 79.6146 79.0831 82.9943 87.0155 87.8074 90.0194 97.4204 102.534 100.744 108.939 112.042 117.851 126.718 136.14 141.756 150.274 152.55 163.546 169.293 178.02
169.514 163.819 156.405 146.714 140.651 135.886 130.512 120.179 117.795 111.721 104.296 102.877 95.3867 95.0083 88.6481 88.3345 84.7638 76.8008 75.8115 71.4434 68.4782 63.0424 61.5774 58.5689 59.7988 58.9825 54.955 56.766 51.0302 47.892 48.3948 46.8135 44.8106 46.5459 44.3997 41.4048 43.378 43.4618 43.1212 43.9132 43.9564 47.8569 48.3434 48.8246 53.3305 55.128 56.4417 57.7661 63.6776 67.5105 63.7803 64.3966 62.9559 65.5319 62.1693 62.0747 53.8251 52.5574 51.4735 47.3947 46.8108 42.8022 39.4829 39.9857 38.1612 34.2256 35.3365 32.128 30.0954 30.1575 29.871 28.0762 27.1275 27.4167 26.8409 26.5301 26.8112 25.4408 23.8163 24.5677 22.5053 22.2728 23.1324 22.9783 22.4215 23.373 22.4161 22.9675 21.9998 21.3376 21.662 20.4834 21.2457 19.9401 18.7238 18.7427 17.6885 18.0318 16.7668 17.0749 18.5832 16.6884 17.3723 18.2589 19.3401 20.305 20.2969 21.1376 21.47 20.724 22.3539 22.8053 20.7375 21.4349 21.1024 23.2135 21.5106 20.8916 22.4675 23.8271 24.4704 24.7272 26.03 25.3083 26.1219 26.2003 27.2518 27.7275 30.3116 28.1303 30.2251 32.4713 34.5472 34.731 36.3799 38.4423 38.8775 40.1073 45.8999 44.7376 47.7704 51.7898 51.633 58.4203 61.3125 60.2637 64.7696 61.9477 63.3938 67.7213 65.9887 64.275 59.9448 58.7933 56.7525 49.649 52.1871 46.3594 44.1916 44.9863 40.9696 45.5728 42.4481 42.4698 44.4051 43.4023 46.9892 44.9944 47.8542 47.6866 50.8302 49.5192 52.2331 56.247 58.0391 57.4796 59.5826 61.1449 64.6156 69.1134 70.6838 75.5574 82.2609 84.2665 89.6969 88.6967 96.868 97.4113 103.915 105.364 105.258 121.079 124.328 127.015 136.719 137.602 147.536 155.518 164.746 173.888
180.111 173.059 167.907 160.654 154.957 143.461 135.871 125.232 124.418 113.565 108.938 98.6964 92.981 92.9021 84.2691 79.8574 76.8174 73.9107 69.3575 65.3513 60.8905 61.6063 61.3968 59.8863 54.0076 50.6546 51.2914 49.683 48.2759 48.8692 48.4174 45.9054 44.7106 44.9065 48.4854 45.7666 48.216 50.4831 51.2043 50.4967 54.0402 55.069 60.3027 66.0589 64.0095 63.868 67.0005 70.525 65.8493 67.485 64.8124 54.092 59.1596 52.8781 52.6413 49.5931 43.543 45.5652 41.1181 40.0648 36.8016 33.5193 35.1659 32.7845 31.7666 29.6274 28.7075 31.078 31.7911 27.8502 28.4599 28.0734 25.7763 28.0353 26.1764 24.802 26.454 24.2522 24.0264 25.5396 24.1461 22.818 22.6873 22.3852 21.2503 22.9486 20.8965 20.08 19.1411 20.9645 20.6162 21.3156 18.8988 21.6722 19.0513 16.9556 17.6306 16.4685 16.2997 15.9269 17.1271 17.1461 17.832 17.9735 19.367 18.3872 19.1057 19.3071 20.9809 19.5765 21.7538 22.2872 21.0598 20.08 23.2262 21.6667 22.1076 24.1352 22.4587 23.6562 24.9653 23.9883 22.7309 24.7394 27.3113 27.0637 27.2515 28.4599 29.1049 27.3304 30.2806 27.5291 29.1511 29.1729 30.8766 32.017 35.3428 33.3805 35.0325 36.9649 39.6239 42.3183 41.9373 42.4516 49.6721 50.856 57.1075 57.3688 60.4769 64.5538 63.4652 67.2101 69.6242 68.7451 64.7416 64.5484 62.9508 58.501 57.3361 57.9022 51.2261 48.6025 48.7549 50.5103 43.9703 50.1347 45.9598 47.7234 47.0239 46.3109 46.0061 48.9454 50.7607 49.5904 53.4415 53.1203 58.09 57.8641 59.6849 65.9609 68.1545 68.8349 69.5997 75.1191 78.5129 86.6315 88.4142 95.5747 99.8476 109.332 118.398 124.81 130.183 138.141 145.99 157.029 162.254 168.674 175.386 180.252
183.944 181.264 177.159 174.545 165.13 159.559 154.616 140.287 128.915 124.035 110.792 107.786 98.587 95.085 86.0779 83.7241 79.485 74.3855 69.0229 67.1541 61.5394 59.772 57.8539 60.6735 55.1356 53.3545 51.7514 51.6336 50.2224 50.628 51.946 50.1786 49.4908 52.7955 54.045 59.9583 57.6127 60.1776 60.5612 65.362 63.5672 68.2146 63.2384 69.9491 70.2177 67.9899 65.7347 63.9755 58.0977 54.308 55.0205 50.3019 46.0573 44.8763 41.1852 40.4262 37.4202 35.5322 33.2989 34.4471 33.1427 32.1453 31.263 30.419 29.0708 28.6132 29.1804 27.2157 27.5171 27.6459 26.1251 25.6209 25.3825 26.0018 26.6649 24.9057 25.9552 25.3989 25.788 22.6231 25.451 23.3027 23.4698 23.0643 22.3217 21.5462 19.5294 20.7625 19.9021 19.1595 19.2883 21.3325 19.5267 20.9845 18.3182 18.806 16.9153 17.3564 18.0881 16.4111 17.3948 15.9726 16.8687 15.463 19.2965 17.5866 18.8444 21.8531 19.9404 18.7485 20.1816 19.4664 21.6722 21.686 20.3296 20.6419 22.4971 21.0447 23.1328 20.8283 20.8831 23.3602 24.5111 27.0841 24.1412 26.0264 25.4893 25.2729 24.1741 26.9252 25.7414 28.6872 29.0708 29.3859 28.0734 28.8516 30.6354 29.986 33.3756 32.8879 33.1729 36.1076 37.749 36.1679 41.7935 45.2462 45.8929 47.7453 53.3353 52.4968 61.8518 56.5769 65.1812 66.0882 68.431 68.4036 67.5487 68.1954 70.5629 69.1736 64.1591 60.7174 59.1801 51.8939 53.3051 55.4397 52.2584 51.8967 49.4031 51.2061 49.7977 50.68 50.184 53.3572 54.941 54.604 56.4564 59.1883 62.852 64.2413 63.3343 67.757 78.2711 81.6278 79.4055 84.6777 93.2025 98.576 101.631 108.334 122.673 131.987 136.873 149.135 157.208 166.758 173.542 175.102 184.202 186.194
175.068 169.258 165.624 165.357 163.781 157.858 154.702 150.164 141.347 128.783 123.608 115.947 108.25 99.7552 91.6913 87.36 85.0784 79.6216 74.8792 73.6874 65.7476 65.5434 61.8273 60.7597 61.1018 60.7845 60.15 55.6366 56.6574 58.9113 57.9761 58.9582 59.4989 61.9101 66.6056 71.0417 71.8969 66.9697 73.7315 73.2874 70.741 68.236 69.3202 65.2069 60.8149 58.9251 56.8201 51.9591 52.4612 44.1904 42.5185 40.8136 41.3874 39.6659 35.2519 36.3609 33.3869 34.2339 31.3151 29.8612 30.4516 29.5246 27.4334 26.9065 27.4941 26.8734 26.4651 26.0844 27.2431 25.0774 25.2733 25.483 25.4333 23.3973 25.2678 23.9905 22.7876 21.9876 23.8829 22.7297 21.891 20.5723 23.3587 21.0689 20.9199 21.1848 20.7599 20.0619 19.6812 20.404 19.3336 17.7308 18.0287 18.7764 18.5336 18.4287 18.1529 16.4314 16.8838 16.1858 15.7555 14.834 16.47 17.2121 17.1183 17.5349 17.1818 17.2976 19.9019 19.0964 20.1226 19.6399 19.4247 20.473 20.7792 21.9159 21.8359 23.0028 23.127 20.9006 21.7089 22.6525 22.3214 24.2222 23.8084 24.3133 23.2042 23.985 23.7229 23.9298 25.2209 26.5506 25.9023 27.519 27.4224 25.9989 27.2486 28.7218 29.4446 30.2833 31.7565 33.4669 32.3827 32.9924 34.5263 36.0712 35.7181 40.0936 42.3309 42.4992 45.6911 48.7175 49.639 57.1926 58.365 60.7348 64.2744 64.1447 69.4664 71.8804 71.1383 72.1756 72.1149 69.243 68.0153 66.2855 64.6661 61.8328 63.1598 55.0876 58.5857 57.9402 56.0504 55.5897 60.3569 59.4051 58.7733 66.5311 62.0011 67.1739 74.0295 75.7317 76.5014 83.5777 87.8455 96.0584 100.089 108.387 117.492 120.192 132.353 136.996 148.746 153.651 160.024 162.893 166.673 166.896 176.996 175.222
165.396 156.514 153.067 149.196 142.238 143.047 143.366 144.005 145.624 134.595 136.664 129.657 117.111 113.456 109.779 98.5556 95.3894 89.2236 83.0078 79.3944 74.6756 72.5481 68.5765 69.5624 68.2932 71.2233 64.5576 66.4434 69.6735 67.6266 69.5597 71.3039 74.6562 78.0696 77.6474 73.1619 70.9067 79.1666 70.3595 71.5233 67.0517 63.5244 59.7471 57.9057 56.1032 50.3818 48.3182 44.9409 42.719 39.4195 40.5304 34.9229 36.4976 34.4285 34.3424 32.5982 33.2787 31.9788 30.3818 30.3846 29.0404 28.4988 27.1573 27.635 27.31 25.4548 27.3989 26.3713 23.8744 24.9909 24.8576 23.705 25.1465 23.8078 22.3774 24.4355 22.9051 22.0969 23.4911 22.2802 22.3552 22.4996 20.0944 20.7887 20.6443 20.4471 21.0054 18.2058 19.6361 18.7251 19.0751 17.9947 18.5279 17.7336 16.2088 15.7617 15.8089 16.4366 14.6396 15.0146 15.52 16.2477 15.8505 15.7256 16.5949 17.9558 18.3946 18.4557 18.3335 19.3473 18.9196 19.4362 18.4807 21.0581 21.2581 20.0861 20.3916 20.1138 19.7028 22.4802 23.455 22.3385 22.4441 22.5552 24.1383 23.3662 24.2521 25.127 25.1742 24.9409 25.1992 26.6907 25.0854 26.0241 25.2381 26.9184 28.0627 27.9988 27.6989 30.5346 28.3238 29.6847 31.2873 32.0872 33.6869 33.5397 35.0617 34.9506 36.8365 38.8723 38.2168 42.8301 45.488 46.5407 50.8984 52.5037 57.6336 60.797 60.8164 65.9935 75.456 74.7923 70.4318 74.9839 76.942 77.9585 77.8835 72.3787 67.0739 71.4733 69.1625 68.2154 68.6237 67.6544 64.8881 66.9322 70.3818 72.3426 75.9949 76.3365 80.9081 83.0855 84.7075 90.0595 98.5389 103.591 115.031 115.909 132.592 134.32 139.697 142.938 145.741 147.835 146.363 149.251 145.846 153.115 157.106 161.727
160.484 152.49 142.187 133.393 130.379 127.114 127.156 127.455 123.185 124.292 126.75 130.254 126.65 121.745 118.921 111.325 109.088 105.327 99.2461 92.6755 87.3185 85.7807 82.7946 84.173 85.2718 82.3835 84.0332 83.8067 83.8291 81.6398 84.1059 85.666 82.6492 82.2941 79.3974 75.2734 74.2025 67.1678 67.3971 64.7717 59.7193 56.1321 52.3268 47.8448 46.897 43.8969 44.0003 41.8055 38.9788 37.9135 37.8492 34.8099 33.4203 34.8099 32.0978 31.8854 30.3839 31.5442 30.711 28.533 28.0073 28.6001 28.6588 27.8815 26.3325 26.8694 26.6681 24.929 25.9495 26.3521 25.2086 23.6624 24.4117 24.2943 21.9848 22.3287 22.105 22.8124 21.3249 20.8412 19.1776 21.0761 21.9932 19.5691 20.7881 19.4013 20.6595 20.1898 19.4069 19.2643 18.6156 18.3304 16.555 16.7311 16.938 16.8709 15.9622 14.4496 14.992 14.2092 14.897 14.7236 15.6659 16.7367 16.0377 16.9744 18.6995 17.5783 17.7629 18.5262 18.4842 18.9204 20.3072 19.0518 20.9978 20.4079 20.6679 21.8366 21.4759 19.7173 22.1945 21.2914 21.8338 22.393 23.0529 22.681 23.9643 23.791 23.3968 23.9224 25.1666 26.5478 25.8852 25.0324 27.2217 26.7603 27.5236 27.7585 27.4202 27.0511 29.2935 29.1956 30.5684 31.0046 32.1761 33.7447 34.3346 34.6813 35.604 35.5956 36.7811 39.2723 41.0282 40.469 44.3442 44.5372 49.0583 50.3165 53.6688 57.7649 63.5219 65.0261 68.6581 79.0312 75.4327 79.6267 79.5988 85.297 87.4974 89.3399 81.9669 85.2494 80.3005 82.6855 80.8038 82.7386 79.2241 86.1134 86.1246 90.3018 93.6346 98.6534 105.506 108.568 112.298 117.8 123.862 127.005 131.912 128.375 123.568 128.453 122.299 126.753 127.595 133.824 137.685 140.828 149.714 163.296
160.957 146.014 134.292 128.831 122.327 116.551 111.131 107.297 106.422 108.668 111.012 117.185 120.261 119.076 122.276 124.714 119.56 118.719 120.548 117.897 114.882 111.64 108.896 105.814 103.396 102.951 105.192 99.1799 96.7538 100.57 93.6915 93.1117 87.0238 82.0955 78.0678 69.4158 65.0504 60.0545 58.9934 55.7933 51.9261 50.1191 46.3166 44.8502 44.4646 42.4269 40.8817 40.2005 38.8749 35.5987 34.8585 34.487 33.2851 32.3704 31.8159 33.378 29.4911 30.4143 28.3202 28.6777 29.128 27.231 27.1888 27.6841 26.3866 26.4485 26.3585 24.8105 24.9484 25.6042 25.3115 23.7522 22.1338 22.8374 22.404 22.9894 22.7699 23.2568 21.5174 21.3682 22.2773 20.279 21.6947 22.5785 20.8419 20.6111 19.6063 18.4298 18.1427 20.6196 19.6879 17.7825 19.1672 17.5235 15.6856 15.998 14.557 15.8292 13.7548 14.2108 13.5888 14.4134 14.9735 15.7869 16.0177 16.7157 17.9598 16.955 19.3361 20.1129 19.2545 18.7 19.4121 20.6083 19.5303 20.5379 21.2247 21.4977 21.2922 20.8504 21.6187 20.9798 21.1206 22.5616 22.4124 22.1028 23.5692 22.5222 23.4989 24.9484 24.4783 26.6934 23.4989 27.3042 26.5893 26.5668 26.0995 26.5611 26.5076 27.4336 28.5792 30.8393 30.3805 30.8871 31.4613 33.333 32.6997 33.2514 35.0527 33.2007 37.8926 37.9264 39.8966 37.9039 41.3376 41.2954 45.7537 48.1883 48.4219 54.5211 55.4133 58.7148 63.6009 65.7259 72.0418 75.2223 82.4895 84.1501 92.0759 96.4948 96.5539 95.0144 100.863 101.17 105.251 104.632 108.747 107.114 109.853 111.921 115.448 122.091 119.937 115.609 121.457 117.213 116.332 115.645 111.536 114.595 110.675 111.823 107.356 119.172 116.155 120.483 128.415 138.671 147.115 157.101
152.77 141.61 133.694 121.809 119.302 114.91 107.315 103.425 101.549 98.3704 97.5686 98.5262 103.221 108.575 113.675 117.871 124.282 123.77 129.158 129.694 131.122 135.998 132.907 132.459 127.257 125.308 117.472 114.715 109.448 101.402 96.3645 86.4881 84.162 77.6372 72.2571 64.9248 65.1741 61.3409 55.666 59.4597 50.6967 49.4359 47.889 45.1918 44.2371 41.7835 39.143 38.4319 36.9303 37.6613 34.083 35.4316 33.5079 32.6919 32.9327 30.8758 29.6831 28.5101 29.4139 29.2638 28.5923 27.884 28.4846 27.1219 26.3881 25.6798 25.4673 25.286 24.3057 23.8921 23.0818 23.4614 24.2547 21.0873 21.2346 20.5999 20.6651 22.9033 22.824 21.787 20.3025 21.3564 21.0193 20.2203 20.5036 21.5009 20.6991 19.7727 19.9682 19.6848 19.4129 18.2201 17.7809 15.5824 17.9878 15.8289 15.2538 15.8941 13.806 14.6333 15.0611 15.1603 15.5172 15.6532 16.5457 15.8289 17.05 16.9508 17.6648 19.7188 17.8064 17.9538 20.1891 19.6707 20.4073 20.9371 19.5375 22.0279 22.1695 21.0419 22.0165 22.4812 21.753 21.3592 22.6738 21.2487 23.1725 22.7758 22.6625 23.6824 24.2321 24.64 23.8354 26.5014 25.3143 27.544 25.8413 26.5383 26.9151 28.3345 28.2637 30.8588 29.7029 29.6859 32.1026 31.8929 32.9667 33.777 34.661 35.5392 35.6639 38.3922 40.9449 41.3614 43.3701 43.9821 45.2598 45.716 46.7926 52.1416 53.561 55.0342 64.8285 62.8991 68.9819 70.6818 76.1442 83.3036 90.616 96.5741 109.298 105.164 108.329 122.231 121.344 124.911 130.963 133.094 136.094 131.38 132.368 127.206 124.469 122.611 114.712 111.604 107.105 103.972 101.702 98.1295 102.24 97.9057 101.391 105.765 110.797 118.429 122.073 126.158 142.018 156.235
157.22 140.868 133.941 120.501 114.093 107.891 100.582 98.2117 98.8933 93.9113 95.8162 99.0844 96.6889 104.34 104.494 111.133 116.608 122.423 129.515 136.716 139.77 141.638 139.762 141.841 134.021 133.057 123.236 112.376 109.753 101.269 98.3743 93.6033 84.0128 82.8008 77.2798 71.4166 67.5582 63.771 61.059 59.0685 57.3146 54.1692 53.5731 45.9162 44.3534 45.8249 42.0577 39.8647 39.283 37.0301 35.0652 33.8361 34.5405 31.4292 31.7943 30.28 32.2791 28.7828 29.6041 28.7229 26.1278 27.0518 25.643 26.1763 27.066 23.6639 23.9491 24.4595 22.9795 21.776 23.1449 23.5441 23.1449 20.8407 23.7837 22.8141 20.43 22.8511 22.8568 21.1515 21.3397 22.3892 20.9177 22.5061 20.7608 19.9709 21.2998 21.8188 18.4053 19.1553 19.0383 17.5839 17.2788 18.9899 17.6096 16.3605 15.9014 15.1685 14.7892 15.4023 14.6609 14.6324 15.4537 16.0297 16.6885 20.2903 16.7227 17.6609 18.7788 18.9442 17.6695 21.3768 19.7513 19.6115 20.718 20.2446 21.1971 22.0042 21.1173 21.4452 22.238 22.7086 21.0973 22.8968 22.5203 23.8521 21.7846 24.0745 23.3559 22.8882 22.8426 23.7209 23.7409 24.3455 25.2951 25.3293 24.6962 25.874 26.6354 29.1336 28.0585 29.376 30.0804 30.2087 31.7629 32.7097 32.7867 34.9968 34.7287 36.1061 37.2611 40.609 39.3771 42.6138 41.3134 44.8639 49.709 49.6292 51.8108 52.8573 56.2281 62.9982 65.0999 66.2264 75.4575 80.2884 80.2856 83.3484 90.8884 97.8581 105.139 109.131 123.019 126.513 133.759 134.757 139.542 141.752 137.669 142.08 134.977 131.48 124.927 120.213 112.103 106.958 102.293 98.6994 94.8409 97.5786 94.7668 96.4693 98.2203 101.996 106.59 116.109 121.556 130.499 140.84 152.772
156.262 143.314 130.578 118.333 116.912 105.666 102.469 99.34 98.2005 89.7588 96.7108 100.594 98.077 101.108 105.976 112.854 112.963 117.957 126.161 126.89 131.586 125.739 132.045 129.596 123.035 118.629 118.494 111.967 106.771 97.1729 98.5564 93.8031 88.4241 93.2635 82.5169 83.3263 77.3962 72.2697 67.3155 59.7751 59.8641 55.3031 56.0551 50.6875 48.6955 48.8046 46.8728 46.7379 40.8939 38.1498 40.1074 36.4649 32.8799 33.187 31.7231 32.656 29.9148 29.9263 29.2661 27.5525 28.893 27.7563 26.0628 26.4187 25.7815 25.2792 24.5645 25.1184 25.6552 24.5788 22.0271 24.6334 23.1035 24.774 24.7797 24.487 22.4777 22.3428 22.7992 21.4587 22.6873 22.8308 21.9352 20.589 22.4002 21.786 19.8485 22.1849 20.1413 19.0161 18.686 18.3846 18.9386 17.004 16.163 16.7916 17.4173 17.9655 16.2921 15.7582 15.2904 15.6922 17.2192 15.5975 16.6136 17.0327 17.9311 19.5069 20.0092 18.8238 20.1154 20.1987 21.1344 19.5098 21.829 20.5402 22.1591 23.6546 21.5362 22.1735 22.3112 21.2463 22.6241 24.1196 23.3618 23.5742 22.2825 24.6247 23.7177 25.4227 24.7998 22.8911 23.9646 23.4336 24.553 24.6822 26.3211 26.1202 27.7219 26.5909 29.5187 29.6995 28.893 32.1365 31.9212 34.6107 34.2835 33.1382 37.4179 40.2366 37.88 42.4094 42.1827 45.1277 50.191 50.3345 49.8121 56.8645 60.5271 63.7075 65.1082 67.5365 74.0895 72.6773 79.0954 83.1771 85.657 89.0412 92.5918 100.563 100.316 114.315 112.684 120.205 117.837 124.344 124.978 128.488 130.348 130.096 127.934 123.35 120.624 119.022 112.905 103.129 101.458 100.405 94.9685 90.2812 95.4421 96.1195 98.3383 98.7573 111.189 117.61 121.924 131.7 141.445 157.818
154.899 141.821 135.226 123.283 115.278 111.005 111.331 104.6 98.6372 100.726 103.572 100.451 102.246 106.174 112.062 109.352 108.584 110.479 110.499 110.216 110.736 106.643 110.915 110.586 111.187 104.926 103.996 99.9488 101.89 100.365 94.6736 92.4636 86.521 85.5388 83.0283 77.5537 77.103 80.0931 75.4737 67.8382 71.7441 63.993 63.5048 58.9923 58.5618 55.4128 54.1446 53.0641 50.9321 46.4802 46.1191 45.5442 39.8097 38.943 34.7136 36.4729 34.8031 31.7842 32.9831 30.2761 30.7181 28.1528 28.381 28.1441 27.1763 27.2861 26.821 26.7719 27.8552 24.8969 24.9518 26.3645 23.7182 25.1396 23.6027 23.9754 22.606 23.334 24.9143 23.2531 22.5367 21.3291 22.45 21.5689 20.4133 20.0695 20.76 20.8928 20.2602 19.2433 20.3873 19.9048 20.8871 19.4628 18.3361 18.105 18.0703 15.7043 15.4096 16.103 15.661 15.7419 17.3308 17.1401 19.4888 18.6337 19.9279 20.0175 20.1128 20.7744 21.02 21.1991 21.2077 20.1706 22.0918 21.67 21.3984 21.7018 22.424 22.3922 23.6749 22.4731 26.4136 24.9634 24.7149 23.2762 25.7058 24.1487 25.4372 26.5032 25.9138 26.2576 26.4512 25.6134 27.2283 26.6707 27.9217 29.4759 30.3021 30.6228 30.9406 32.154 32.5989 35.0342 34.8378 36.3805 41.3032 42.6639 42.0313 45.1918 47.4798 49.4905 50.2012 54.6733 53.2086 59.804 62.2885 62.9154 69.3693 71.2645 73.4832 72.9603 83.0803 80.9511 76.8922 82.4303 85.091 89.8144 92.6542 93.2378 97.0945 99.6166 109.719 106.281 107.867 110.577 108.486 106.518 112.048 110.069 113.117 110.872 112.288 109.318 112.943 110.103 108.72 104.222 99.8246 100.044 103.277 101.882 101.85 104.505 111.421 116.098 121.977 131.632 141.957 157.546
153.733 144.298 134.058 125.542 119.346 114.944 108.088 108.876 114.028 111.048 108.506 111.434 111.446 102.639 105.139 96.4081 98.3853 92.2416 96.5739 93.1023 88.3921 90.8111 86.9906 85.4031 89.1829 91.8869 90.7675 97.1641 95.5504 88.3339 98.5306 91.0699 88.9677 81.9053 83.7167 75.5117 78.9396 76.4421 76.57 73.2351 70.3333 70.941 69.0773 68.1323 66.3209 62.6051 64.5415 61.0321 58.677 58.0839 51.5216 52.7863 49.9108 50.7104 44.4679 43.8195 40.6445 38.8214 39.6995 39.1093 33.6344 32.2417 32.3987 31.7067 28.7933 30.4768 30.8315 27.8571 27.9647 27.4326 28.1304 25.7579 26.3161 27.5024 24.3012 23.6935 22.1729 22.1409 23.2109 23.7168 23.176 21.4954 23.0975 22.7602 23.3708 21.007 22.359 21.0099 22.3328 21.8967 19.9108 20.9633 21.0738 19.623 19.6259 17.3318 17.2388 16.4596 16.2793 16.1456 15.596 16.3694 17.4888 17.1516 19.12 19.3351 19.4369 20.5359 19.12 18.4076 21.8879 21.2221 20.5243 21.0651 22.0537 22.3706 22.138 22.5392 21.6612 24.3332 23.1673 25.534 26.3016 24.5658 26.2376 25.1328 26.636 27.831 27.3861 26.3074 27.1884 27.8164 30.0988 27.4617 28.8748 29.0579 32.5499 32.608 33.4948 33.7333 36.7542 37.5014 37.3357 40.1851 42.5198 41.3859 49.2246 48.396 51.7745 51.6379 54.2227 61.3578 61.6107 58.6974 64.6433 69.5832 66.507 70.8102 70.5427 73.802 73.8747 73.0781 74.5754 77.4859 84.7373 84.4436 82.5712 89.2323 91.6543 93.6576 94.7625 92.3434 90.282 89.6278 97.7165 90.8228 89.1422 89.3196 87.889 86.1852 88.0373 94.0385 96.0796 100.807 101.851 106.774 103.209 109.649 113.9 108.559 112.548 110.905 108.317 111.751 117.7 118.383 128.161 132.956 142.187 153.925
155.723 146.947 139.995 137.505 127.325 125.063 122.245 118.991 111.79 117.405 112.679 103.635 103.424 98.7949 98.7949 89.8849 84.1672 79.778 82.748 76.1174 73.0099 74.7802 73.8672 74.5988 73.4722 72.2871 75.7517 77.0597 85.5484 87.5557 86.4145 87.2221 88.3282 88.5769 82.8153 79.2133 75.2279 77.8439 69.6595 72.9718 74.2915 72.4598 69.4078 65.8233 73.4693 69.4663 71.2864 73.5132 62.0457 62.9528 68.3807 60.4539 59.7311 54.8854 56.7962 50.9469 50.2943 49.7706 45.8788 46.9907 41.5423 40.7727 38.0748 35.6227 34.1392 35.7251 32.0909 32.4947 32.205 30.6688 27.9884 28.7463 28.5707 26.1333 26.3088 27.4178 25.1676 24.6468 26.2503 23.1252 23.5905 23.2042 22.8384 23.3359 24.0938 22.7126 22.7448 21.273 22.499 21.2203 22.5458 21.826 19.8245 20.2664 18.4054 18.7799 18.5634 15.9972 16.4829 16.6643 15.3388 16.2781 16.0059 19.1018 17.4778 19.2861 19.8743 21.3403 21.9987 21.7587 23.175 23.5554 22.0279 23.0169 24.0089 22.4668 21.5012 23.33 22.8853 21.6797 23.9855 24.243 23.4266 23.9621 24.9131 26.9438 26.0689 27.0023 29.513 30.0835 29.7119 30.2006 31.9855 33.3374 34.3557 35.4471 35.8656 35.8129 44.4684 42.107 44.328 45.6037 50.347 49.8993 53.3609 60.489 56.7874 60.7582 58.0105 66.3881 61.6126 66.2008 67.7194 71.6024 67.7516 72.6763 70.6017 71.1079 70.353 73.7531 69.203 73.9433 73.9726 77.6449 80.6793 82.8622 85.5074 86.5696 83.2689 86.7773 88.2228 84.6705 80.4598 76.8343 77.6771 75.0494 73.0333 74.6514 75.9653 74.4174 75.9887 79.9741 80.7349 84.9836 88.7876 95.424 99.5967 101.162 109.548 113.964 117.385 117.534 121.133 127.655 127.073 128.917 130.014 138.034 146.529 158.339
161.645 153.19 148.791 141.88 138.349 128.561 127.371 118.619 114.382 107.797 103.849 92.2788 92.9414 84.755 81.9163 82.0518 73.4061 75.7501 68.0084 68.5267 63.6178 63.7297 62.7491 63.1202 64.9429 65.7262 64.2509 70.5556 72.8996 71.9072 79.0894 79.375 85.6591 85.076 84.97 83.7067 82.0371 81.1271 75.5292 75.3408 72.7023 66.4006 70.4378 66.9218 68.2999 65.3964 64.5955 69.4012 70.7116 68.4619 69.2776 69.4101 65.0607 66.7098 67.708 62.8964 59.6189 59.7308 53.75 52.6222 52.8018 53.9179 46.3264 43.8352 45.8758 41.3145 37.9634 34.2118 35.908 32.8219 30.8636 32.9927 30.7341 28.1987 27.3388 27.7098 27.489 25.6485 25.8223 24.8829 24.7239 22.7156 24.5443 23.4901 22.7922 22.9335 21.4906 22.801 24.0054 24.0378 23.9112 19.7444 23.4253 19.815 19.3115 19.8298 18.2219 17.4917 15.928 16.4875 16.2608 16.994 17.6978 18.7991 20.4217 19.1171 20.4275 20.7014 22.3004 21.6849 22.4182 23.5431 24.7887 23.0572 24.5413 24.5914 25.0243 25.5808 24.7121 24.1202 25.6544 26.7616 25.413 26.5585 27.0119 28.7641 30.2629 29.2293 31.8796 33.4668 34.6771 36.9298 39.5329 41.4205 39.5005 44.6185 46.6798 47.6044 49.7806 50.3194 55.6317 60.3109 60.8615 58.812 63.9211 63.3498 63.5707 67.9937 67.5196 66.7215 65.847 69.8017 67.6815 67.2781 69.893 66.8717 66.1002 70.2758 66.2681 74.101 75.3614 74.2129 79.7785 83.7097 78.5682 84.6755 88.1591 79.1247 81.0624 74.528 73.4444 69.1215 70.3789 69.2481 68.8712 63.2055 66.3711 64.2804 62.2338 65.7527 67.9436 68.7711 71.2711 73.4885 76.7984 84.7226 88.006 90.8418 97.4262 100.768 114.397 113.222 122.533 129.159 131.052 137.165 143.329 145.758 151.689 159.095
169.68 162.105 155.064 144.933 134.582 128.036 120.459 111.853 101.117 100.003 93.7001 88.855 81.8172 79.9621 75.9083 76.2698 73.4428 68.014 68.5593 65.6908 63.6313 64.4403 61.6518 61.8355 60.6443 58.6085 61.9452 61.148 64.464 62.5319 69.4868 69.0838 71.1374 73.9792 75.8994 79.7666 82.5758 76.741 81.2956 77.6152 77.7841 72.2279 74.16 65.5219 63.2668 64.6714 61.9837 60.8399 59.1745 61.1688 65.1159 61.234 63.0742 64.7574 67.7977 68.2778 70.7136 60.8369 60.3687 64.3366 61.151 60.7184 58.4988 59.4412 57.4706 52.1129 51.1854 43.7919 44.0704 41.2523 40.8671 36.0725 34.7953 35.5776 33.7788 28.433 29.5709 28.9012 28.8301 27.9352 27.3899 28.5071 25.7008 26.338 25.9112 26.0061 24.2903 22.9035 25.1319 22.9064 24.4681 21.0781 23.8991 21.1107 21.2144 20.5595 18.417 17.3858 16.9383 16.8316 16.562 16.6568 17.128 20.4558 20.0202 21.893 21.0692 22.0826 24.1836 22.5627 22.6575 22.0115 23.6769 26.7765 23.9229 26.7825 26.3943 27.1381 26.8328 26.1394 26.8358 27.5707 28.9309 30.5044 30.054 33.9715 33.0765 36.7629 37.5245 38.0519 40.4078 46.4055 47.3923 48.5776 48.2546 53.5708 53.076 58.3003 61.7526 59.2663 62.5941 61.9096 63.8506 67.4362 65.6404 68.3904 65.7115 62.3837 64.2388 56.6053 61.5096 63.8417 60.4872 63.2816 60.2976 63.0653 64.9915 68.2007 72.782 75.9765 80.6881 83.2277 83.4322 83.5033 83.8056 76.9929 72.0323 69.4127 71.7389 67.4125 67.2377 58.6203 62.4578 59.4382 58.4781 59.1093 62.3423 61.6607 62.6741 65.4597 66.6776 65.7441 67.7029 75.1467 76.1661 80.0629 80.6881 82.7477 87.6608 97.3657 104.709 103.026 117.35 126.246 133.121 133.403 140.423 155.939 158.964 170.5
170.992 157.982 150.876 141.009 131.115 123.687 116.524 106.064 102.87 99.2797 96.0622 89.8509 82.083 81.7848 81.0602 76.0953 70.9486 68.4617 66.4399 64.8714 62.3726 62.3637 60.4791 62.8944 58.5886 58.4007 60.7594 54.6852 58.7913 60.5328 61.6927 62.137 63.467 62.4114 68.1187 71.6553 78.6568 77.1897 77.8875 80.0345 81.1765 79.9211 74.3867 71.7537 68.0412 69.0908 62.1012 58.0608 57.4644 53.8235 59.1164 55.5709 58.0369 55.8184 56.71 57.6254 59.8439 66.765 63.7652 58.8241 66.5204 61.0486 65.1279 62.8974 60.983 59.9901 57.4047 54.4884 55.5053 51.4111 51.8375 44.5348 45.0149 41.1176 40.1156 39.5222 35.8366 35.3237 33.8596 31.8378 28.9394 27.6572 30.2038 28.3729 28.8828 26.1275 26.9744 26.0619 25.7876 25.2657 24.2847 23.6346 24.0938 22.2838 21.1 21.094 20.2621 20.113 17.1341 18.13 17.9332 19.0663 19.1975 19.9997 20.116 20.933 23.4318 22.8593 25.0242 27.2397 25.06 26.8282 27.4485 27.2278 27.2666 26.1901 28.2476 30.5318 28.9365 32.7205 29.7237 33.7671 33.4481 38.7201 35.4579 40.0709 39.1227 45.0209 46.6848 50.8296 51.6705 52.6575 56.2299 59.17 61.1321 60.7534 61.0009 62.4471 62.0058 62.4352 67.6357 63.8218 63.8665 63.8874 58.8271 60.8757 55.3114 58.508 56.0808 56.4774 54.7061 56.8531 57.9266 57.9504 65.4499 70.6891 70.5371 81.1437 77.5326 79.5573 80.4221 81.7341 77.0555 76.5009 74.333 62.4293 65.9032 60.3121 61.2156 57.8401 61.0934 58.2576 56.5161 55.3651 57.199 55.5768 60.7176 58.8599 66.4459 58.1323 69.2489 61.7375 72.2457 72.6334 74.6789 75.9135 80.929 82.7599 87.7964 94.6577 95.5672 103.711 110.697 120.553 121.784 130.491 136.285 151.013 157.162 170.318
164.467 154.826 146.235 131.578 127.101 125.58 112.945 109.521 100.529 98.4705 87.9237 92.3795 87.7197 83.585 76.7919 76.0867 70.4308 69.9837 68.6815 62.8905 60.9042 61.4323 61.0572 57.7777 58.3148 52.7158 56.1964 55.9174 56.1304 54.6902 55.0622 52.7128 58.3928 59.1129 60.6702 63.2056 61.5763 66.7672 71.367 76.8039 76.0747 77.0679 77.2689 74.0194 76.5608 70.5658 69.0476 61.7203 57.9727 58.6838 55.3953 53.2559 55.1972 56.9645 54.4321 49.4963 52.4248 58.6688 55.1792 58.3058 60.2711 61.0272 63.2776 60.9462 62.9835 58.5098 60.5201 61.3153 56.1664 54.5761 58.0027 52.5208 53.1899 52.0617 52.7458 51.0806 44.6115 43.9484 42.6101 39.5076 38.1364 37.8183 32.6515 32.2074 31.7153 31.8473 29.4499 28.8498 27.5986 29.1409 29.1349 25.4233 24.6851 22.6448 22.7678 21.7987 20.9045 20.3884 19.7103 19.2752 18.6031 18.3991 19.9743 22.1257 21.7926 25.8613 24.2741 25.0662 25.5433 27.2626 27.9407 28.7868 28.1597 31.2772 31.7783 32.9155 32.3424 35.529 35.823 36.9722 37.2962 39.2586 44.8425 44.4794 47.75 46.9969 51.2786 53.748 54.8852 56.2324 63.0886 62.0924 59.71 65.672 63.0196 59.89 63.7697 61.8794 61.2043 60.7272 58.2608 58.6268 56.5535 52.7728 51.7977 54.5161 51.8067 54.1021 52.3648 55.8063 57.8407 61.1082 64.5318 69.1646 69.9087 73.7734 72.6122 77.9891 77.2629 71.481 75.0936 74.1034 69.6327 63.5446 59.953 59.3079 52.4428 58.8068 58.6688 51.8277 56.2384 53.646 53.724 54.1291 57.6397 57.8077 63.6227 60.1751 60.9672 65.927 64.1387 66.8992 68.3725 73.9294 76.4468 73.7584 82.1838 89.655 84.8032 93.2886 98.8035 104.598 113.794 115.99 127.299 131.152 134.687 146.839 157.748 167.698
168.632 161.881 150.031 140.605 133.359 124.39 115.345 108.241 107.836 101.345 96.6805 91.6114 87.4511 85.7363 78.3636 72.7391 73.4818 68.1863 67.7394 65.0706 62.1541 59.9653 60.2793 58.9086 59.2648 56.7469 51.9918 54.6577 53.0032 54.2411 51.225 50.0506 50.4883 53.1029 52.336 54.9264 53.2599 59.6573 61.2484 60.7834 65.3272 73.361 71.2657 73.9286 75.9303 75.6978 72.5338 71.5677 66.9062 59.9109 59.5124 57.0669 57.0639 50.5336 50.3615 49.3441 49.2203 47.3455 48.4927 50.3947 54.863 54.4464 54.4615 56.9009 57.556 54.1475 58.1659 55.3098 64.4366 60.5751 63.1293 57.9666 62.1722 62.764 56.8767 55.9801 56.5778 57.6708 52.5051 48.0398 48.0942 43.2153 40.9872 40.1147 37.7961 37.8021 35.7582 35.0004 33.3972 30.6831 29.8679 31.5012 26.1665 26.9273 24.5181 23.3195 23.6123 22.4047 20.4574 20.7442 20.8619 20.2913 20.4423 22.8998 22.9874 24.7958 25.9521 26.6616 26.3205 29.9675 30.7736 32.6636 35.4381 37.5243 34.9581 39.8128 40.5042 44.6977 41.9111 46.9077 47.1673 54.7151 52.6651 57.1666 58.8392 59.9321 56.6986 61.9337 59.4128 61.0189 59.8536 59.1894 55.6872 61.4778 58.8935 56.9039 59.3977 51.8832 56.1582 52.4568 48.6286 49.1146 49.3652 50.9684 49.1056 52.0432 52.8191 52.9912 57.8398 58.7788 66.4744 64.6992 71.6854 73.355 70.5865 78.6535 77.6119 71.5616 66.885 66.9817 67.1688 65.6925 54.3286 55.4034 52.7285 52.4719 52.5353 49.7064 52.1639 47.4723 50.2377 50.5215 58.1508 56.7982 53.0787 57.8579 57.544 58.4255 61.8522 62.6976 65.5295 67.1779 71.9541 71.0031 75.7008 74.9672 79.5743 87.9583 89.5675 91.222 92.6409 104.735 109.412 115.015 123.768 134.311 142.166 152.878 159.245 169.534
166.563 162.96 151.183 144.588 137.522 128.437 120.955 113.649 105.38 102.823 92.4855 87.5188 85.7965 82.7102 81.4344 73.6396 69.8456 65.2769 65.5867 63.3388 66.8474 65.0005 59.2714 57.9773 52.4184 52.5459 53.925 55.2313 50.3406 50.6778 49.2075 48.8946 47.6765 50.6626 46.9444 48.1322 46.3825 51.504 53.6274 53.5028 59.6511 63.9646 60.2009 64.6542 69.8152 70.7265 71.4434 73.4149 75.0947 70.2465 66.2854 62.6311 57.8163 52.7039 51.3886 49.7816 49.5963 49.4779 45.8266 45.0003 46.2883 44.8849 43.2628 45.0459 46.9505 48.202 48.6698 52.1905 54.2136 53.0623 56.7987 56.3522 59.8394 65.204 61.4859 60.2374 59.9184 60.1189 60.9634 56.4767 53.1352 54.8364 53.9554 50.1431 43.7488 44.3259 44.4292 38.2263 38.6212 35.6594 35.6412 35.9966 32.9103 29.2286 30.4224 27.2359 25.9479 23.9157 24.985 22.1326 22.7766 23.9886 23.2748 28.1472 27.4698 28.2049 30.2128 31.7074 34.5051 33.4693 38.6212 40.6443 41.7895 44.1194 46.3551 45.6443 48.3752 50.4439 58.2234 53.5332 57.9135 60.8783 59.3686 59.8577 59.5174 62.145 63.8826 63.3419 56.7622 53.2507 61.7471 53.199 53.5453 53.8552 51.9961 50.6535 44.1315 47.1662 43.0714 41.8168 43.5544 44.897 49.3807 47.5125 51.668 52.6644 59.5691 61.2975 64.7028 68.6487 70.6354 74.7271 73.348 71.6348 71.0029 67.1511 68.0169 58.1717 63.5727 59.1408 53.8157 50.7871 48.7002 47.0659 47.1054 47.4578 47.9286 49.5447 47.5763 52.2665 50.7021 48.922 55.9937 52.9226 56.8534 54.1802 58.1991 57.6006 63.4209 60.4105 64.6329 68.8067 73.3936 70.4561 75.4957 75.3438 82.5461 85.6172 88.7552 96.3069 99.9308 107.89 111.556 123.354 129.059 133.318 139.715 155.961 160.84 167.677
165.375 154.263 150.274 143.116 140.268 130.433 130.402 121.078 109.989 107.593 107.007 96.5968 90.6463 90.4293 82.5379 79.3074 74.4266 72.2535 67.6233 65.9851 64.6801 61.0125 62.9411 59.6403 58.7387 55.4715 52.4947 52.1524 52.73 49.4017 48.818 48.1853 45.6547 47.516 43.8851 45.7617 48.6071 45.1871 45.5722 46.7794 49.8724 48.2617 52.2777 54.6646 58.9618 63.696 67.0823 73.6961 72.9657 73.7909 72.7548 71.5567 68.1367 63.5493 59.3316 61.4924 54.0901 48.9188 47.0484 45.0954 44.6584 41.486 41.3209 42.5954 43.1088 44.0532 42.7604 44.151 46.8467 51.1041 51.318 54.2887 52.7239 56.6696 58.6714 60.0162 59.2063 60.0498 58.8945 59.1054 61.8102 54.356 59.7992 60.2515 57.4214 54.5332 53.5583 53.4788 48.546 42.843 45.126 41.2751 37.2744 37.2652 35.3856 32.2682 32.1674 30.7431 29.2608 26.6202 27.7541 28.4876 31.0579 31.2077 32.4791 32.745 35.8013 38.4297 41.4157 43.7629 47.2684 47.6597 50.0008 52.4458 55.4623 58.4544 58.5981 57.0027 64.0658 61.8591 61.3762 63.3109 58.5767 65.5878 63.4117 56.8713 56.7857 61.0462 50.8382 51.5411 48.5001 50.016 47.2348 47.2715 42.2684 42.9163 39.7561 40.8533 43.5123 42.5312 45.2421 43.8821 50.6365 54.7869 56.2081 59.6311 63.9007 71.3397 68.9069 71.1319 72.9932 70.5543 67.8189 68.1795 64.0811 58.3475 57.4031 53.8395 50.2758 47.6352 42.7543 46.8986 47.3632 45.6853 47.1004 42.4334 45.3094 46.5777 49.5698 48.1242 48.2526 52.9684 48.3657 53.7997 51.6267 55.1231 58.1855 58.0755 63.0022 61.7399 64.5701 67.715 70.6979 73.3141 74.5458 78.9254 85.6706 89.2006 93.238 99.5034 106.395 113.853 124.012 121.111 132.239 139.467 139.51 148.294 156.515 159.709
164.161 152.332 141.856 134.271 126.746 128.01 125.172 124.268 120.812 116.009 110.462 107.744 98.5098 94.2049 90.4874 86.8837 82.874 76.3737 70.6852 68.3452 67.4935 61.024 61.5836 57.0697 55.7997 57.3187 55.5814 51.8639 50.0251 49.2195 51.3381 45.0315 47.0364 47.9773 41.4032 44.0691 43.1589 43.737 42.8422 43.1528 43.7708 46.4829 44.7148 49.2349 50.7078 51.5287 54.4407 60.4674 62.7982 66.5034 69.0525 71.7245 75.3467 68.6373 70.6114 62.2109 57.4171 56.8821 55.8489 47.7343 49.0258 42.79 42.2826 42.6823 39.5952 39.7428 42.1258 39.0417 42.1535 43.5125 44.8901 46.1047 47.1839 45.9847 50.554 50.717 55.1755 56.4301 57.1527 59.4435 58.3888 62.5276 61.9649 56.3471 58.3826 61.9064 61.1531 58.2197 58.7947 53.9548 48.6814 52.0453 49.4194 42.9468 43.4172 40.2655 38.8541 34.6139 32.9873 34.0665 30.4536 33.6729 36.4649 37.0307 40.1671 39.1616 48.7675 46.9995 52.1499 51.5195 52.2759 54.8096 60.8149 58.2935 63.9482 59.382 59.013 60.6857 62.6413 58.2258 61.7835 57.3433 54.6836 53.6996 52.934 50.6924 50.471 48.5707 46.5505 41.6215 44.3735 44.0138 42.8791 38.7957 39.7612 42.0028 39.4137 40.3577 43.6232 47.1009 50.6586 52.6941 57.7523 65.7101 64.271 72.1673 73.3419 71.4017 74.4612 67.269 65.5348 65.2427 62.4568 55.4 54.0194 49.8222 51.1598 45.8618 40.0625 42.3164 42.8514 42.9345 44.1521 43.9215 42.3656 46.3476 47.5007 45.2529 48.5615 48.9305 50.7201 50.5725 56.3747 53.798 54.8681 57.3095 56.6699 64.105 65.4303 61.8419 70.7221 76.7304 77.7174 79.1657 81.9423 92.6429 91.8526 102.249 109.213 103.448 115.609 116.061 120.744 124.655 124.895 127.481 134.261 138.572 150.813 160.967
155.212 143.809 136.15 127.092 119.708 119.368 110.963 111.64 113.314 115.436 112.939 109.66 104.887 102.214 93.6083 93.6176 89.7446 81.2468 78.5586 73.9308 67.9387 66.7044 65.4516 61.1145 58.6305 58.1417 58.2562 54.312 53.947 47.4012 48.8644 46.4051 47.4321 45.3317 44.2644 44.6016 41.8577 42.9837 41.7742 43.5777 41.1462 45.5513 41.8113 43.1508 46.2164 44.8058 48.3323 48.122 53.7521 55.3731 59.8802 63.5738 70.3145 71.0198 70.1537 70.4228 67.4561 65.6403 61.1795 58.4356 55.3298 48.9046 45.5451 46.4206 42.2722 40.0047 42.9899 38.0651 38.5199 40.0295 40.2213 39.519 44.218 39.1014 43.2621 40.9513 48.4499 44.4067 52.1682 52.8488 53.4118 52.8302 55.4411 56.6569 60.5948 57.786 63.9605 57.2786 62.3365 57.325 61.1207 58.2098 54.0274 53.4242 50.2441 51.4505 48.852 43.7138 42.4919 42.6806 40.1068 44.7965 47.4259 43.7695 46.6959 52.2146 54.4419 60.0164 54.0212 59.4657 61.1826 64.7741 58.9027 59.772 58.25 55.1318 57.1951 54.6368 54.4914 51.7011 51.2371 49.7894 47.5652 48.7778 45.2265 43.1198 44.2799 41.1555 40.7874 39.2592 39.8346 39.9181 40.1254 40.4749 39.5747 45.706 45.8576 49.5388 48.9851 53.0932 59.0883 63.0851 67.9604 68.873 65.8909 71.9912 71.1992 68.3409 63.6543 59.5926 58.6769 51.0886 47.5466 47.4105 46.1886 46.4144 42.8786 41.437 43.3178 42.0217 41.1091 42.9435 38.9158 40.7688 43.7478 43.5529 44.8182 47.5806 49.248 47.9487 50.2874 51.4505 53.749 52.7034 56.8208 56.8827 62.8531 64.6751 66.1693 73.4729 72.8202 81.6304 82.0109 88.7454 95.2881 94.889 100.098 102.354 106.069 108.506 109.444 113.304 113.852 113.187 115.086 121.997 126.971 133.783 144.44 154.256
156.674 143.765 134.139 124.037 113.699 110.789 102.822 102.063 100.563 104.929 101.008 99.7913 107.45 104.453 102.244 100.65 93.4085 89.1885 88.647 81.4053 78.7849 74.8326 74.0826 66.595 61.1053 62.3377 57.0347 55.2577 52.404 53.3189 50.9631 48.6508 44.5398 46.8956 43.4817 46.4537 42.4952 41.739 43.9143 39.2586 43.8894 40.4381 39.8655 42.128 40.6933 40.1985 42.2182 42.7628 46.0429 47.2162 49.6311 55.9953 58.3138 63.0223 64.1551 66.1749 66.9311 70.2019 62.5586 67.5628 65.624 60.4891 56.2941 54.7972 49.1612 46.5595 45.0782 42.1342 41.4153 39.9838 39.0283 37.1238 38.8852 39.1653 40.5906 40.2732 41.3002 42.9589 44.1259 43.3915 49.3355 50.6581 48.3147 51.8718 51.265 52.1644 56.4217 57.2059 62.5493 58.8117 58.986 56.1976 58.6094 61.9891 56.5119 53.7173 52.0274 50.3127 49.7961 53.2909 45.7628 53.4434 53.1882 55.7588 57.7163 59.3843 58.9704 62.3501 58.7681 54.9279 55.7743 60.1375 57.3024 56.2878 52.4631 51.9683 53.7702 48.1093 47.5367 46.3168 45.1187 43.0024 42.6632 40.5875 38.4028 40.3199 40.712 37.5377 39.9495 37.2327 36.9153 40.295 41.518 43.5626 47.7795 51.0751 52.6 54.1312 63.1748 61.5068 69.3243 66.4083 72.7662 67.6437 68.1666 63.6728 63.5452 59.319 55.6561 48.2307 46.1861 46.516 42.5325 45.8251 41.0761 40.9672 43.1487 42.5668 42.4796 40.463 41.4215 43.4537 42.6415 41.7732 45.8313 45.4205 47.3438 45.2836 50.7297 52.5845 52.2546 56.487 58.6437 56.1976 58.0026 64.7526 67.1427 70.2268 72.1874 80.7735 85.4136 88.2954 91.3078 98.2291 101.279 101.248 102.231 103.504 100.355 101.394 103.653 99.7664 103.557 104.061 112.94 114.754 124.333 137.715 147.54 154.794
153.343 139.702 128.817 121.961 113.674 110.34 97.4228 96.7967 94.9433 93.403 91.2742 96.2958 96.0391 93.0461 93.1401 95.798 94.5363 94.7524 88.4566 87.2889 83.817 80.2637 78.1067 73.1728 73.1571 66.7205 62.2562 59.1756 59.1067 56.1076 51.4617 53.8817 48.1463 48.9102 46.8033 49.1732 46.0363 43.4754 42.2294 42.9275 41.4937 41.0742 41.5438 43.3909 40.783 41.5626 41.3434 38.5321 40.1381 41.5688 43.7227 45.479 48.378 51.1392 57.9484 58.969 63.3676 70.2425 67.8569 69.3252 67.259 64.2441 67.7599 59.952 60.2369 52.5418 53.5843 46.7939 44.64 42.3828 42.6145 38.4131 38.5759 41.7598 38.1345 36.1121 36.9761 39.0831 40.8519 43.9763 42.4955 45.3225 44.856 44.3833 49.8275 48.3028 52.1191 53.3839 55.1371 50.0122 56.8934 58.6716 53.0145 53.0145 58.706 55.4282 57.6385 59.3165 54.248 54.1478 52.8204 52.379 55.494 58.8125 57.6134 54.752 60.24 59.592 52.7828 58.3178 56.1921 54.5328 53.243 53.5999 50.9357 46.9473 45.1722 44.3864 44.7715 41.8224 43.1529 38.8451 41.3998 38.5634 37.0638 36.422 39.1833 37.7682 40.4887 40.279 42.3765 45.2599 48.5408 48.2027 53.5905 59.1005 60.3966 64.3193 66.2478 69.2094 68.6897 74.5346 69.0434 61.9275 58.7248 53.3651 52.7515 48.162 43.1216 43.8824 40.7267 40.7736 41.3152 41.6314 40.7298 40.3792 42.3609 42.5894 38.1533 41.3027 43.4284 44.4271 43.0402 44.2518 44.8216 47.7112 50.1186 48.2809 49.7148 53.6844 55.6067 56.8151 58.2771 62.5849 65.9879 72.7908 69.6633 78.1098 79.2932 88.3157 93.4312 92.7581 96.158 95.8293 101.612 98.9819 98.9631 96.8468 91.5779 91.9128 94.0542 92.0944 96.9 102.125 100.616 112.046 123.041 134.324 144.962 154.576
155.768 138.453 130.502 124.351 112.233 102.961 100.839 95.1356 87.4924 84.5384 84.4974 90.3015 87.6278 84.6549 86.6011 87.7443 94.2286 88.8969 94.3987 90.7896 88.3993 88.2419 85.6973 84.573 79.2949 71.9508 72.3445 68.6315 61.7914 60.4718 54.0757 56.3999 53.4364 50.0006 51.909 51.8964 45.9412 44.9334 45.6546 47.6355 45.7271 40.852 44.1871 40.8205 42.5148 43.6958 43.1478 41.6771 41.1827 41.189 42.2314 43.5446 47.1411 48.9141 49.6951 51.1941 62.5629 64.2068 64.4399 68.8646 66.8648 76.0008 72.7948 72.4736 72.1146 65.7752 65.3185 56.2518 52.7751 51.0808 49.1125 46.1554 44.8736 42.8896 42.9274 40.1844 41.1071 42.54 40.6158 42.2377 44.9964 42.7573 46.7569 49.3676 51.5689 51.9846 48.7031 54.9166 56.0345 60.7458 57.6721 55.559 58.9507 56.7211 55.433 61.8449 55.8298 60.7238 54.8252 58.6988 54.4347 54.0883 59.3948 58.7744 58.872 57.3635 55.0047 58.1855 57.3856 57.732 55.1244 56.0503 52.2617 50.5139 51.5059 50.2935 46.6687 44.6626 44.5744 45.1885 41.2646 40.4426 40.5276 38.1279 41.4913 40.9339 42.6754 43.6297 46.2656 49.9628 55.3858 51.8681 56.0629 64.0525 66.5751 67.016 73.7365 71.9697 75.7709 73.3428 73.1066 66.5089 59.3601 58.2988 51.8744 51.6413 47.4528 45.1004 45.7869 43.5194 43.3084 39.0412 39.6553 42.1054 40.6253 44.313 45.9601 42.8959 46.4892 43.0817 45.5035 46.3097 49.947 48.7724 50.1832 51.2067 51.5752 54.6489 58.8405 59.1177 57.7603 62.648 69.6991 68.8898 73.6987 74.8891 84.1321 86.0783 86.283 93.7594 96.0016 97.2519 89.3252 91.1297 85.5745 86.2956 85.3225 87.4136 83.2724 84.5069 87.2247 92.506 96.5181 99.1414 105.635 110.255 119.205 130.001 144.957 155.639
155.091 141.387 136.965 117.559 111.419 105.999 97.7278 94.0531 89.8716 88.1831 83.2318 84.9931 82.4684 81.8538 83.7577 85.028 86.0639 86.105 86.0544 96.0172 99.5684 94.0215 91.975 95.2347 87.5084 83.5074 82.9847 79.7947 76.8106 75.0651 71.6914 68.6439 64.9882 65.5331 63.3473 61.7127 62.7359 59.2893 58.2946 57.4899 56.7043 56.4604 53.0138 49.6907 52.0476 51.0751 51.1511 50.112 51.6801 49.3042 49.4848 52.4246 53.8343 54.9715 54.8195 57.189 60.1541 61.9344 64.7475 66.4929 69.873 75.233 80.7165 80.0671 83.4789 82.2973 78.5212 74.6565 73.6871 69.9966 68.4792 62.4603 60.417 55.1616 53.7962 52.4911 47.204 49.3486 47.2673 50.9008 51.3982 51.5724 52.4721 49.545 58.8648 57.8638 61.247 65.1593 63.2744 67.9597 61.8362 63.9175 68.1529 66.0526 64.4434 60.0781 63.3061 56.226 58.4055 56.7043 53.3781 56.8342 61.6208 65.3272 60.3093 61.9756 64.9407 68.533 66.9808 70.0726 67.6999 67.136 61.6778 63.4487 60.2776 55.2978 56.2386 53.2039 48.4173 50.4162 49.3423 50.6442 53.3084 50.809 53.2989 53.9927 58.1774 57.2492 62.9861 64.2311 68.986 70.5826 76.7409 76.6142 79.4462 81.4261 80.1115 79.5825 74.8117 72.4992 68.099 66.268 64.7348 61.4529 59.0073 59.2608 53.4573 54.0307 54.452 51.5598 51.1701 51.7308 55.7476 53.1088 51.2841 54.1384 51.3127 54.4076 52.4816 56.4541 54.5692 57.0243 58.6272 61.3009 61.7475 64.719 64.2533 67.0632 68.1307 67.2374 75.8983 73.9785 79.4019 89.3806 84.6478 94.1513 88.1736 94.4935 93.9264 95.5484 92.9761 89.2887 87.0554 85.199 86.6309 81.0777 80.3934 79.8169 83.6563 82.4335 85.028 88.4176 93.0996 98.1175 107.387 111.616 119.282 130.404 139.705 153.308
153.723 138.74 128.84 117.758 110.286 106.232 97.6227 94.465 91.3486 86.6837 84.1122 82.108 79.6066 82.4617 79.9826 82.4426 86.1898 82.2354 88.7931 88.6211 90.0677 92.2663 98.1198 94.1527 96.345 96.3035 95.9371 91.8808 94.2132 86.3905 87.2955 79.1605 81.2158 76.93 74.0845 70.1557 71.4685 71.0001 71.5386 64.3309 66.042 62.6548 65.153 62.9862 63.2762 57.2921 63.7223 65.3888 66.9214 64.0122 62.5783 61.7244 62.3776 66.1025 65.2549 65.6851 67.8136 69.5343 74.451 73.9921 78.348 79.8456 85.3072 87.0756 97.9637 100.287 98.7475 91.3646 93.7066 89.5324 86.2535 86.2567 84.039 79.9157 73.9666 73.4632 71.6501 74.0654 67.836 62.6867 65.9177 61.5842 67.6798 65.5768 70.9491 72.058 71.0989 71.5004 71.2646 73.0681 73.4504 77.1053 68.1928 67.1955 62.282 63.0149 55.8422 54.0738 52.9043 53.0891 53.0987 49.1858 57.9102 57.8879 58.7164 61.9124 65.2135 70.0346 65.58 71.529 72.246 68.9863 69.8816 70.4871 67.6416 67.9793 64.4328 67.4377 66.5869 65.5672 64.8694 65.1753 67.8583 70.64 70.2385 78.4946 76.7771 80.9736 87.5568 90.2206 92.2122 93.4612 97.935 96.4406 92.6041 89.6184 88.7389 83.886 78.4085 78.2397 76.2959 71.1626 68.6963 71.2964 63.5183 68.6963 62.4541 65.9623 63.1838 62.0749 66.5837 64.8885 62.2183 62.6612 66.5678 66.0197 63.9007 66.4753 64.8152 66.144 66.3224 69.1966 66.6633 71.3825 71.5258 78.4085 79.4983 80.3236 83.8223 89.8924 86.1388 88.5095 96.3864 92.005 94.9111 95.8861 99.2637 97.2627 91.3136 91.355 89.0098 83.7936 85.4824 83.7108 83.7108 75.0309 83.596 79.8615 83.6438 84.211 86.3141 92.4097 93.9806 100.134 105.277 112.503 118.357 132.1 140.726 152.2
155.674 139.659 128.483 116.432 108.426 103.913 100.074 89.3625 87.1703 84.2024 78.1385 78.3597 72.9271 71.0234 73.222 71.7829 69.2638 71.956 72.19 74.7091 77.3276 81.8499 86.7152 82.0134 86.1607 87.6094 88.4779 93.1156 89.6381 88.4587 84.5005 81.1705 79.1 71.1868 71.2349 67.6741 64.1806 64.1742 66.2094 59.6359 58.0174 59.7449 56.995 56.7097 59.7897 59.8955 58.8026 60.2609 58.136 57.136 58.9372 59.2833 62.3121 67.8055 61.5653 60.4468 65.1197 60.5237 64.9755 66.5139 69.2029 74.472 78.2859 80.2314 83.0678 88.8497 100.843 94.8207 99.4904 102.535 98.7949 101.654 97.0578 96.6571 92.0419 83.071 84.7825 86.5004 80.35 78.3725 76.9751 79.2026 82.6159 77.6321 78.0488 82.8787 77.7828 81.7762 75.3085 78.6449 72.2477 73.9143 75.0457 69.8311 66.8408 64.78 63.2736 56.1392 61.4756 53.8861 60.7032 60.482 61.1038 66.8696 67.5555 68.5779 73.3823 69.8311 76.5905 74.4111 82.1288 78.5488 83.6223 77.6642 81.5743 77.2443 82.5358 76.2283 80.9846 88.1446 81.7474 87.6094 86.8081 85.728 89.9298 90.8464 92.122 96.4584 95.8463 107.025 99.0705 98.7468 97.3366 91.3304 89.542 84.0934 82.5422 78.3821 74.1002 70.5106 68.9625 68.392 67.4433 65.6229 62.7352 59.6615 60.7769 59.075 60.3699 58.9148 61.482 56.0367 54.0271 62.1038 57.5943 62.7448 58.6936 61.1102 62.3538 60.0782 60.3923 60.3763 60.5814 67.0748 72.1611 66.4498 70.9368 78.3821 77.4334 79.6865 83.9909 92.3945 87.5036 94.1316 85.1383 82.5486 82.8082 81.9845 78.6673 78.0744 72.863 73.2444 65.9338 72.1099 69.7798 74.0072 70.5106 71.1387 79.85 79.9301 84.2473 88.1542 88.0741 91.8208 104.929 114.4 117.038 131.496 139.178 155.533
156.8 138.487 129.274 122.346 110.157 101.376 94.9678 91.8441 86.7476 85.284 78.3339 76.3127 73.9434 72.2638 68.5277 68.8468 64.2274 67.2286 64.2757 64.5755 68.0796 72.9666 70.2717 73.0407 79.0915 77.3894 75.3875 85.9707 83.669 83.9237 78.3791 82.9985 80.123 75.5616 69.8816 63.8018 64.6948 63.1668 58.1089 57.8414 54.1084 54.3631 53.7055 49.1505 49.85 50.7913 48.0126 50.5463 46.894 48.5509 50.6011 49.4116 48.3704 50.6656 50.2046 49.8823 50.8945 51.652 52.8706 57.7253 60.2623 58.8955 63.7503 65.3298 71.1775 75.3166 83.1403 82.4505 89.1105 93.0465 94.7421 93.5752 100.99 95.9671 98.8909 91.8892 92.4018 87.2311 87.5373 84.6554 86.7895 84.7683 86.2866 84.9456 82.2538 79.7394 82.5536 82.17 77.3088 77.9503 78.5435 82.8244 77.9439 77.8665 77.5893 74.9975 77.6924 79.7942 76.3965 75.6422 75.2038 71.8996 73.0859 74.7138 78.9109 70.2781 76.9703 85.5935 78.7917 76.0194 83.0436 84.1654 81.5608 80.8097 84.1719 82.0508 80.1424 85.8546 83.856 88.9525 85.4839 86.2769 89.4554 88.0628 92.7918 97.5628 93.3012 94.5487 92.6661 95.1838 92.6403 94.3811 89.1653 75.8485 78.2179 72.0608 66.1325 64.2048 60.5976 57.1612 56.0877 54.4695 52.9125 52.5127 49.8758 52.4547 50.801 50.4722 49.1247 50.9332 49.1795 47.9707 49.6018 49.1602 49.2311 50.1498 48.1383 52.1678 51.4199 53.2638 56.2844 56.7486 58.038 64.092 66.6805 67.8926 74.8298 73.4501 75.1554 86.7895 83.4982 84.6039 82.1475 81.016 85.11 76.9703 72.3863 68.2279 68.6566 69.1853 63.4795 66.442 63.1926 65.1268 68.6985 72.5572 72.2316 72.7119 75.3295 78.1985 81.9927 82.9759 92.4566 98.1463 104.261 113.836 120.686 129.412 143.538 153.992
149.22 141.882 132.927 118.503 109.885 106.037 98.0899 88.3762 90.0654 80.4068 77.9687 76.5324 71.5199 68.6246 68.0573 66.0017 65.2754 64.0985 62.8632 59.6761 63.074 60.4575 62.5682 62.9605 66.3486 70.1031 67.5417 73.6468 77.4499 75.6116 83.6037 79.4439 81.4897 79.7778 75.6505 72.8525 68.1026 64.815 63.3787 60.8271 58.5057 59.1087 55.244 51.2788 54.3168 54.5826 53.2274 51.2464 50.144 53.6002 51.4701 50.5915 52.4655 53.4414 55.0203 53.9763 56.4696 59.0212 58.483 58.1718 60.5256 64.1374 64.2217 63.0221 72.726 75.4787 78.2572 85.7435 93.0968 94.196 96.2159 105.408 103.874 103.261 107.888 109.13 100.593 104.607 98.8842 96.6633 94.1084 92.5975 91.7027 84.6347 88.039 82.8579 80.9677 78.4485 78.1632 73.1929 75.0864 75.1058 80.1993 73.6144 72.5704 71.3675 66.7701 68.9618 63.2328 61.1838 64.935 61.4367 69.9248 68.9586 68.4463 72.0906 71.8539 72.4148 80.4911 77.1419 78.9576 81.5059 80.0243 81.1298 81.3373 87.8963 91.1386 85.7176 94.1344 96.6438 95.5382 104.338 101.89 105.813 108.614 110.242 109.366 105.699 102.515 101.047 93.4729 90.1983 85.4647 81.4476 75.9164 73.9257 68.9326 62.2569 63.061 60.652 55.4775 56.8165 55.4515 55.2667 54.949 54.1028 54.0671 54.4886 53.4576 52.7054 48.5294 52.9485 55.9411 52.9161 51.6419 56.1778 55.6007 55.2667 55.8601 58.9466 59.8739 60.1754 68.563 72.7747 73.6728 78.2735 78.3869 76.5713 79.2785 79.9562 80.9775 76.6556 73.3388 67.425 71.3351 63.2231 62.9637 60.8822 63.4306 63.3625 60.5904 64.8799 61.0897 63.8878 63.6868 67.2402 71.0239 75.1188 73.4685 78.4518 83.6523 86.1747 93.0612 94.6239 101.715 113.792 118.941 133.955 137.625 154.618
151.06 141.613 129.976 119.297 114.229 107.222 97.5046 93.3959 87.6276 86.8678 76.5082 76.2637 69.9214 70.8866 67.828 62.5259 61.6259 67.528 60.9314 58.9782 60.289 66.0998 63.8792 59.9825 64.1987 64.2052 66.7291 70.2442 68.578 74.0431 75.4387 79.2147 81.2951 82.4592 82.3614 82.3483 85.4689 78.1223 79.4006 73.6811 71.8779 71.0105 70.1758 70.0649 68.0497 68.4345 64.1465 63.7292 67.8019 65.1672 69.354 68.353 70.7497 73.8963 71.9594 71.6757 73.6387 72.892 73.5083 75.2789 72.1942 74.0757 69.0834 72.1649 74.9594 74.4865 78.9832 83.4701 82.5342 89.2841 98.4208 105.086 103.749 107.841 108.771 111.125 111.063 113.782 103.403 102.526 94.9905 94.3579 90.4221 84.5461 83.2777 78.1484 75.1713 76.2669 72.9703 71.4507 68.2356 66.8334 66.553 63.3411 61.0781 64.2802 56.5097 57.2499 55.2478 54.9576 56.6369 55.9358 57.6967 60.6673 64.0683 63.0183 67.6226 69.7845 67.4986 69.0051 72.5659 71.0171 73.4366 73.5703 77.8908 83.0396 85.3972 87.5167 97.6774 98.2839 104.434 103.162 110.535 110.541 111.829 110.73 109.439 100.968 94.1688 94.7622 86.8743 80.8027 80.2516 80.3332 78.181 70.3616 77.1148 72.7453 71.5779 69.8562 69.8073 72.3312 74.2681 70.779 69.7193 76.2898 65.7704 66.5856 70.7268 65.3367 65.8095 70.2312 66.3182 64.9193 63.8335 66.4128 65.6367 70.3747 71.6496 71.8844 76.3648 79.5767 78.0082 81.5397 84.0407 85.2733 80.9723 79.9484 77.1539 77.118 76.0615 72.429 67.5573 65.3172 63.1226 63.7748 61.2836 61.789 61.7303 62.3009 62.7477 61.1792 62.3074 64.802 68.066 69.9475 70.1529 77.1376 75.817 76.5409 83.7374 88.8504 92.721 98.0263 102.754 113.026 117.056 132.793 141.506 154.174
153.722 144.238 132.701 121.282 110.499 103.291 99.2772 92.1314 88.5962 81.8439 76.5313 77.7906 72.8125 73.3142 66.3258 67.3063 69.8741 65.2305 66.2537 67.4867 68.1655 67.3654 66.1258 67.4965 66.316 67.9819 71.2252 69.0805 75.3081 74.7112 79.6664 83.7755 91.6887 88.0846 98.2507 97.7883 103.655 99.4313 97.2112 99.5756 95.7256 92.7282 90.413 84.6281 85.0741 85.2774 79.627 77.8922 78.4333 75.9836 74.239 71.8713 77.0363 68.746 70.1988 65.037 71.058 67.5392 66.1389 65.3551 59.462 64.3877 65.706 61.1706 65.0272 67.3752 63.6924 72.9272 73.4191 79.8008 85.2414 88.3207 98.9197 99.3362 104.114 113.028 108.725 111.27 105.2 100.819 98.641 93.2923 91.0426 83.8378 81.6701 72.96 70.9596 71.2154 69.0838 64.2565 63.6498 63.7482 58.5668 58.6225 53.4935 55.166 51.5554 52.8737 46.9446 47.2496 51.3324 50.788 49.6894 50.424 54.5331 56.3925 62.4135 57.6682 64.9976 60.6131 67.4342 65.5945 70.2676 74.1964 75.4327 78.2661 86.9696 88.8782 95.6403 96.7389 108.928 109.433 108.571 108.846 112.962 106.351 97.2702 93.312 87.96 84.7167 78.6531 72.009 74.7801 71.3203 68.2869 65.1387 63.499 63.5055 64.2663 65.096 65.3485 66.9194 67.326 67.1227 67.4146 66.5226 72.9895 73.1437 74.4292 73.4421 73.2388 81.0634 80.7486 79.9583 82.7228 84.451 87.0188 91.3214 93.5612 96.1322 100.35 100.123 102.858 101.061 98.9919 95.8338 91.5804 89.9473 86.5662 80.3419 76.8461 74.8621 73.9766 68.1688 70.4382 66.4799 69.2084 65.4568 61.8429 66.0503 64.7943 65.3748 65.7847 66.4439 68.3689 70.3136 74.1177 74.3603 77.2528 78.1185 82.8277 89.1373 93.5054 98.2671 103.19 111.309 121.029 127.831 141.804 153.023
155.916 141.863 131.247 115.588 112.395 105.437 103.89 96.1628 92.5053 86.5524 87.4066 83.9536 83.8415 85.131 79.5838 80.4116 77.6677 79.4255 77.5885 81.2757 77.6743 79.1089 81.9023 76.8465 78.5713 80.9591 76.576 79.6761 82.7927 88.4983 85.6422 84.2603 85.4542 96.6113 95.7439 102.241 99.131 99.375 94.4116 99.6784 96.9378 93.2902 94.0587 84.8045 80.5303 79.5046 73.8849 74.0827 70.389 64.9011 65.4948 63.7106 61.9231 58.9549 58.1172 56.6232 54.3179 56.5242 55.4953 58.2194 55.9834 60.8677 60.0696 57.916 64.4097 65.8246 70.013 70.3659 76.3155 76.022 80.5468 87.499 86.7932 92.624 92.4921 97.8382 99.8368 101.215 105.034 103.732 99.8796 101.496 88.2443 87.0636 81.3317 83.0599 74.0234 68.4135 67.998 65.043 64.601 59.0043 61.8109 58.2194 56.2901 53.2988 49.0477 50.9408 51.1551 44.3778 44.9483 43.982 47.4515 48.1836 52.7645 49.6347 55.4755 59.9937 60.0366 61.7516 64.0898 70.3033 71.5697 74.1256 76.8959 83.7591 83.238 91.2356 97.2874 101.294 94.56 105.734 101.268 98.2669 98.1548 94.3159 92.2811 87.09 86.5162 80.2203 75.0425 72.9416 71.6093 65.2178 63.7106 61.6625 59.842 56.9563 56.1186 56.0724 56.577 56.455 57.7775 58.348 55.9933 57.0519 59.1363 59.4397 59.1 64.4064 65.3892 67.8067 73.1065 75.6988 78.4163 82.3475 80.8898 88.1256 95.5098 98.4945 98.91 97.4028 100.592 99.0749 95.0876 97.7293 90.6024 88.2542 81.8726 85.3091 84.2768 83.7195 76.7871 79.9763 78.7197 81.4571 79.9466 81.8264 79.221 76.5661 75.6889 78.1393 77.8952 75.0095 75.2568 80.0455 79.8278 81.091 83.083 86.747 86.846 90.355 93.1682 101.153 104.025 110.865 120.515 129.938 140.903 157.195
156.291 146.527 134.05 126.982 119.676 113.653 108.724 105.232 101.577 98.141 97.5639 90.0054 96.9404 96.3965 93.7134 91.7698 87.7137 85.7237 85.6242 86.6557 86.3738 81.5382 82.7786 82.6791 75.4556 75.512 76.822 72.5702 77.3759 72.3413 69.9302 70.1291 71.406 76.5501 78.6395 75.973 79.9529 80.394 82.3574 87.7104 89.76 85.3987 84.7287 85.7403 82.5298 75.0874 71.6249 68.5173 65.005 61.1114 61.3303 55.5926 54.4682 53.2942 55.6755 57.3172 55.9972 55.6158 59.2474 60.7034 60.3817 66.0066 69.1408 72.4176 72.6962 73.5353 79.6842 74.7558 81.0905 79.3526 77.1669 74.0792 81.641 78.938 81.2762 80.0192 83.631 86.4766 88.6158 93.7565 93.7896 90.2044 97.9486 88.0387 85.7834 80.3907 81.3558 72.5801 69.2768 67.4925 64.5739 60.0965 60.7697 57.3305 54.0636 51.3075 47.9246 45.8451 45.6793 44.9629 43.9049 47.2779 48.6211 45.5267 51.878 50.9792 56.624 58.7931 59.0219 62.2921 65.4329 72.5801 74.2716 80.1154 84.6757 87.8662 92.2872 91.4846 96.035 92.3337 88.5196 88.3107 83.7437 83.1998 83.1567 82.1617 81.7471 78.3476 86.1118 79.2497 79.8766 76.8187 76.288 73.2302 73.794 72.6829 73.6447 66.471 63.3501 61.0782 59.2076 58.4846 56.8263 56.6738 57.1679 56.7832 56.5278 57.6356 55.9143 59.5526 61.3535 63.2406 70.2054 71.94 70.6863 79.4852 80.0159 84.553 87.9757 85.0107 88.2808 83.2694 82.2778 84.0986 81.4221 82.2446 78.069 74.6463 71.469 73.8106 74.3876 73.2534 76.2084 77.2896 75.8138 79.6113 80.5797 79.0375 83.223 78.5864 85.014 81.4022 84.4004 85.8962 94.0948 92.8079 92.8975 92.1214 95.8028 90.3172 98.6949 99.3947 107.119 108.008 112.472 118.034 123.506 134.325 148.162 155.024
160.165 150.203 136.269 126.49 119.833 118.886 115.137 111.898 103.167 98.9813 96.8935 96.4433 96.2065 90.6267 87.4583 89.0125 83.5228 82.7724 80.9947 85.5906 82.092 79.027 80.6746 74.6179 76.3589 73.6073 69.9987 66.6868 67.7975 73.5773 69.2316 67.6707 69.9553 67.6841 68.5445 66.8436 74.9281 68.9047 71.3427 76.3322 79.2304 83.1826 82.2354 83.6529 81.1582 80.0342 74.5945 71.3628 65.4228 62.9881 62.3511 62.0176 62.728 62.0109 61.7941 63.9853 63.5951 66.3333 67.9842 66.7269 74.738 75.0381 74.4611 78.2933 82.112 78.2933 81.4583 75.5117 78.4433 77.7596 74.241 75.1682 73.1604 71.9931 70.7558 69.4517 71.9631 74.5245 74.2777 78.1865 84.7268 87.6818 88.7357 88.4655 88.3888 89.1226 85.0537 74.6312 76.6023 76.3322 67.7941 62.9581 65.086 55.7808 56.9381 49.6408 49.0905 48.1599 47.5563 47.1227 45.6586 45.5218 47.8664 49.0404 53.1527 54.5068 57.1216 62.6479 65.5429 66.8403 73.1171 75.8786 79.2371 83.7663 89.1659 88.7557 88.5489 85.0136 85.2438 84.3866 78.5801 74.2377 77.4795 72.8903 72.5001 70.1521 72.6701 73.5373 72.1332 76.3222 74.4945 76.0353 77.0259 80.0642 79.0537 79.1404 77.763 76.9325 76.3455 69.7619 69.912 68.3544 67.2972 66.38 63.5184 63.6218 64.042 62.0843 64.0721 63.1049 68.8814 69.8786 69.7452 77.0192 81.7818 78.6101 83.1459 80.5412 81.972 82.2788 77.7329 76.579 74.1276 72.1699 64.3922 70.5423 67.3038 68.8214 66.7402 66.4967 68.241 70.0153 69.1048 70.2955 71.3461 73.8575 78.1098 79.7541 74.4945 82.9258 80.5212 84.0865 83.8497 89.4161 89.1126 88.9358 90.5434 91.7674 94.0386 99.6551 100.822 107.826 107.092 107.106 111.952 120.957 129.465 135.268 150.25 157.387
159.559 145.57 137.344 129.68 122.262 117.751 107.264 109.085 103.665 100.207 101.552 99.3688 94.9787 97.0212 92.4835 96.6623 90.8268 89.7469 88.9487 82.1472 81.8588 76.6739 75.9662 78.2904 73.5917 72.7567 74.5107 75.1345 70.5667 71.8243 70.4828 68.759 70.6136 67.29 67.7294 66.6394 71.7136 71.9518 70.3118 70.2413 74.4872 74.4101 79.273 81.4396 80.9432 79.273 83.4753 78.8572 79.6654 73.4777 75.4732 72.4749 73.4106 74.9634 72.4817 77.2541 75.9092 75.8052 78.2367 79.2797 84.0991 84.3473 84.7531 82.1472 86.4266 81.1143 82.278 78.0288 71.66 75.2183 70.2547 68.6684 70.7343 66.1766 65.0229 66.5958 66.2269 62.8899 67.0586 70.4593 73.7796 77.6867 76.5967 79.4642 86.43 87.7748 88.0096 85.2964 84.458 77.898 71.2776 69.5572 64.3823 64.8317 60.5422 55.0588 54.5591 51.6883 46.822 44.9103 48.955 48.7303 47.8415 57.5574 57.9934 59.7876 65.4387 67.0083 73.5482 73.0216 80.1417 81.6844 87.2416 86.0074 87.852 88.3416 80.2557 79.0249 78.8538 73.0585 71.8511 66.683 66.5555 65.0195 63.8356 61.5282 66.3208 63.7417 66.7501 70.1206 74.2491 73.3469 78.5553 82.2881 77.6867 79.3938 85.6821 81.2954 84.676 87.3388 83.9985 83.6095 76.8952 78.0355 77.1333 77.2071 70.8853 75.8421 73.3033 70.2682 76.6101 77.7236 77.1635 83.0561 74.9903 78.7901 83.3512 81.0036 80.8896 78.0053 74.7387 67.7327 69.6611 70.1877 68.6382 69.6779 69.8288 68.5242 72.4884 66.9412 72.4246 70.1474 71.7673 73.5448 76.1943 78.4145 77.5492 74.6884 82.7442 80.5441 82.6033 81.8756 84.1394 89.5255 90.0655 93.389 91.3466 94.8379 100.063 94.7876 101.881 107.237 107.914 114.273 117.62 124.951 128.701 138.497 149.246 162.524
155.146 151.291 136.26 127.023 125.341 117.065 113.986 113.456 106.455 107.005 104.648 105.383 98.9754 100.807 98.8574 93.7011 93.7888 89.199 89.0135 87.1722 86.6326 83.1523 82.1811 81.5741 79.0954 78.6401 76.9135 78.7446 76.2795 73.7097 73.4534 72.6272 71.7234 67.943 71.1265 73.2477 71.0826 70.4689 70.8196 67.454 72.1685 73.1904 77.4159 79.9654 82.3059 84.7104 83.267 85.7524 86.1436 83.068 88.2682 87.1317 90.4906 83.1085 87.2363 88.5548 95.6638 91.2022 95.6166 92.7872 93.9641 91.0538 91.8395 79.409 84.5755 79.3078 77.8409 75.6691 75.524 67.8418 65.471 68.0543 62.7833 63.6533 59.8662 61.8862 61.7614 61.5119 61.0431 63.6162 65.5014 66.3478 72.6272 75.3521 77.6318 81.4122 83.7897 89.661 87.5634 89.027 79.5776 81.1559 75.5106 75.0249 68.7422 63.8219 58.2036 55.1786 50.2988 49.2668 49.2466 51.9512 56.1937 61.1982 60.399 66.6581 70.8196 75.0452 74.2527 83.557 85.2297 84.7171 90.1904 85.8839 84.9599 78.5861 75.5746 74.4719 68.4252 64.5875 64.5875 63.0901 61.6636 60.0719 61.0566 63.7208 61.8323 61.1949 68.2229 67.2179 70.5802 71.1906 75.2374 78.8054 77.9656 83.9617 83.7256 88.3222 91.7181 88.7268 95.9606 91.9711 95.8155 93.637 90.8211 89.5126 87.8264 87.1385 85.9109 88.946 87.7421 84.6631 84.8925 83.9415 85.9345 78.6232 78.1343 78.1309 75.8984 73.1263 71.9729 68.9682 74.7046 70.5532 66.8841 68.5905 70.1114 74.0874 71.8718 71.0793 70.7117 75.0081 77.19 76.0805 79.5911 78.6536 84.3563 85.0645 79.6147 87.8905 89.4822 92.1599 95.8762 92.2105 92.6624 94.6184 101.262 102.83 102.82 103.987 107.376 107.359 108.6 116.734 119.061 121.978 127.816 138.587 147.335 158.268
152.817 143.688 131.976 128.443 120.606 114.35 105.513 105.052 103.59 101.881 96.7304 95.7979 95.4893 95.3469 91.0709 94.1906 89.5653 94.3635 94.8145 89.6263 94.2957 91.3523 88.1241 89.6195 85.9166 93.4242 88.9583 91.1658 87.0187 87.724 92.5324 84.5467 83.743 84.0414 83.3938 82.7088 80.8607 79.9451 80.6132 81.2303 77.9784 80.3555 81.0608 81.9356 81.3117 85.4826 84.9672 90.6809 95.808 93.4411 96.1946 98.7751 97.3001 100.667 101.356 99.2634 101.542 98.1647 96.9779 93.6582 94.5873 89.3347 89.7416 83.2615 81.8882 78.8804 77.4664 73.0513 71.2134 70.5929 68.8635 63.0412 62.4241 63.9161 64.7198 61.5051 61.3458 62.4207 63.4482 61.6543 64.4654 65.1809 64.3705 69.6706 76.4559 76.3914 79.1449 83.2581 85.5775 89.0058 88.3886 88.5785 87.4154 82.8139 78.2938 70.9422 68.7516 64.5095 60.0572 54.9063 55.5201 58.4601 63.4753 70.2335 76.9408 78.1785 84.6687 84.3771 87.785 90.3554 88.7481 82.8376 82.4307 80.308 78.5243 72.8343 67.2325 66.8527 63.6448 63.3634 61.0372 59.1145 57.1206 58.6228 61.0609 63.2583 62.3664 66.1779 67.4427 66.7713 70.837 72.9021 72.6716 77.9784 79.4263 78.9584 84.0753 87.9342 93.9125 92.3967 96.3879 95.1807 96.3642 97.6052 99.3245 99.7788 99.416 98.7378 90.9183 98.9582 95.8521 95.8962 88.019 85.2113 87.9478 86.5202 80.759 82.0102 84.7162 78.0564 77.7309 76.6763 76.4559 79.7858 85.5572 85.5267 81.6508 86.1167 86.2727 88.9142 87.9749 91.8203 89.7145 91.0743 91.5558 91.2811 92.7697 91.4812 91.3794 94.4415 89.962 91.1896 94.2482 96.3777 91.1556 93.2241 93.9091 92.4951 100.382 97.1373 97.8663 103.265 104.007 107.124 115.265 118.66 127.497 133.58 144.166 160.134
160.02 147.217 140.405 132.393 123.173 119.559 113.961 109.654 105.341 101.86 94.9627 98.9894 93.2443 92.259 86.7321 90.3837 86.6673 81.7712 83.7283 84.1817 86.8378 86.6093 89.1767 87.3594 90.4144 92.5556 93.2239 91.0861 92.8556 92.5351 98.836 99.1224 98.3484 94.1342 99.2417 105.914 103.746 96.2379 99.0303 100.261 103.313 99.7361 105.778 98.8019 100.121 102.781 100.135 105.993 99.4361 106.61 104.053 107.118 109.897 113.555 108.99 109.682 107.295 100.623 97.7415 93.8001 91.0179 84.7716 81.7269 79.0094 79.1799 74.335 77.0626 71.1198 70.9152 71.205 68.7603 67.2704 64.6791 65.2587 65.1871 64.4234 64.1984 64.2291 64.27 63.3494 62.9198 64.5052 65.0883 65.8043 69.698 71.1368 75.8113 78.8662 86.0536 86.149 94.0456 92.7738 90.0325 95.331 95.7026 89.3847 78.8662 69.9878 69.4457 63.8165 66.9567 68.4023 77.482 77.7104 82.2315 93.991 95.4094 94.707 89.1358 94.574 83.8442 83.2816 81.4064 77.5092 72.5143 69.1797 66.4146 68.6751 64.9382 63.9631 64.8939 62.9266 65.3133 65.1837 65.4156 64.8735 67.7238 65.1701 68.266 67.2601 70.7242 73.3496 72.7495 70.3287 74.8771 76.3091 79.9539 81.4268 86.5616 88.7778 95.573 104.042 102.017 99.5861 111.792 106.126 110.009 109.283 109.528 110.647 104.775 107.766 105.031 102.126 105.021 98.928 99.2894 103.558 100.592 99.852 98.6007 97.0357 100.036 96.9062 104.942 100.387 95.4094 99.91 99.8963 101.547 96.0026 93.1113 94.3592 90.2951 92.1328 88.1777 89.1256 86.1865 87.0423 88.696 85.9036 84.2636 88.3823 86.6571 90.4723 87.7583 89.4836 94.0524 94.8263 100.261 101.189 106.173 110.977 114.179 115.11 123.623 132.365 142.628 145.509 164.65
159.768 152.707 144.109 141.267 127.091 121.017 124.054 118.353 114.054 104.925 104.699 102.964 95.9365 95.6726 93.8762 91.4662 90.5783 93.5711 86.756 84.0169 91.2571 85.0247 86.2829 86.7114 88.5214 86.8314 85.2716 88.566 90.0298 90.0504 92.2855 96.2622 97.3386 95.8542 99.3852 100.969 107.037 109.104 108.096 112.32 119.838 120.503 118.98 125.072 127.996 126.396 125.909 130.958 127.201 125.473 123.739 126.745 123.026 125.741 124.945 124.448 122.46 119.502 113.825 112.227 110.225 101.35 97.8323 93.2694 89.8653 81.2504 80.4208 78.5421 78.3433 74.4078 74.4009 71.2848 70.7705 70.5203 70.2597 71.4527 67.0373 69.0907 69.4473 67.5584 67.1916 65.5803 69.9752 66.9207 72.0595 71.6036 74.4318 77.5857 78.7992 84.3151 88.2061 90.3178 90.5372 98.2231 98.2574 95.5731 87.5821 82.2411 73.8901 78.7341 77.9354 79.718 85.227 87.733 97.9283 96.7456 96.2073 100.914 88.7031 86.684 84.5002 76.4887 75.4499 75.803 69.6153 72.9371 67.2327 65.1072 68.46 65.6866 66.3448 68.6177 70.4414 68.8508 69.6187 72.4675 70.5443 73.1462 72.896 75.1346 76.7904 77.38 79.6117 81.2846 82.08 89.7864 92.2341 95.2817 102.227 106.094 111.48 113.807 120.708 117.702 123.461 127.935 124.757 119.574 120.314 120.067 119.224 125.922 124.027 128.23 127.486 124.76 124.891 121.867 120.609 116.464 116.183 109.073 108.082 106.084 104.733 99.3784 96.9238 93.0055 93.1117 94.0956 90.8149 91.0343 88.1169 86.1972 90.6709 86.1183 90.1567 84.2054 86.1972 85.6829 89.7007 87.0234 89.2448 91.5725 94.7332 92.9952 99.6012 102.443 104.795 107.136 112.59 112.789 114.068 121.822 126.481 129.515 139.422 146.094 152.425 163.865
170.213 162.655 153.211 145.752 136.759 132.741 130.804 124.689 119.129 116.889 112.04 112.37 104.698 102.464 100.021 97.6356 101.951 95.0127 91.9347 94.9058 89.6875 91.6314 92.369 93.9063 87.3127 91.5521 87.5953 88.2777 94.7404 88.9085 90.9731 93.5581 97.4392 96.4362 99.1487 100.431 101.2 110.165 115.717 116.489 119.609 124.796 131.238 133.33 129.666 133.103 135.095 138.635 135.16 131.358 128.07 124.741 129.504 125.826 130.724 131.417 131.259 134.143 133.206 132.927 128.077 125.478 125.961 121.391 120.153 113.553 113.48 106.587 104.543 100.927 95.7778 99.4624 94.1854 89.4531 88.7534 89.3255 86.4751 88.0261 81.3084 80.6467 79.1784 76.7553 77.9169 78.1375 78.8751 80.0642 83.0215 78.8371 80.7466 80.6846 85.6582 90.394 94.7162 94.6163 97.7459 93.7236 91.9692 90.5319 88.2846 86.4234 85.61 87.1403 96.3707 92.2449 96.2535 102.554 92.7344 92.9136 87.647 83.1697 78.2133 83.4833 82.0702 78.427 78.4925 79.5334 77.648 78.6234 77.9582 83.1559 82.8526 84.0038 85.4755 86.4303 89.1187 90.3113 92.1622 91.2592 99.1108 99.1074 104.526 100.958 104.736 113.701 112.667 115.752 120.415 121.959 126.45 127.343 131.465 132.744 132.782 135.129 128.901 131.045 125.854 130.848 129.663 129.625 133.93 129.318 134.636 134.757 132.847 134.374 133.399 128.143 120.312 122.469 116.524 109.841 105.563 100.159 99.8657 102.347 96.512 92.5 87.9124 91.235 91.6176 93.9338 94.12 88.8844 89.2842 92.5 86.7095 92.9929 96.0536 91.1971 96.7153 94.3681 96.0639 100.955 101.982 100.276 103.492 105.029 104.009 110.247 114.352 119.826 122.252 130.062 135.291 135.701 143.98 153.611 159.432 168.521
165.785 159.287 152.412 148.884 140.425 132.635 129.645 122.066 119.796 121.56 116.057 109.851 107.086 108.725 106.004 102.3 104.157 99.739 97.7603 99.7425 97.7153 97.3029 95.8613 97.892 101.191 95.1717 96.8767 96.1975 96.3534 98.3286 98.2767 98.3044 98.3217 102.397 110.333 107.488 110.229 117.107 114.571 119.01 116.307 120.087 121.016 119.817 122.537 119.997 123.217 123.435 124.714 121.196 122.059 125.313 128.938 131.946 131.748 131.44 135.921 138.062 137.993 140.987 141.742 140.308 137.601 141.181 140.568 141.767 137.445 135.397 131.239 131.561 127.569 129.225 126.64 119.651 121.917 116.636 109.955 113.084 109.522 107.63 106.139 106.223 103.7 101.104 101.361 100.914 97.1054 98.2178 92.7945 94.6 93.5742 96.3915 97.1331 94.8252 97.8851 101.035 97.2683 100.945 89.8039 90.1886 94.1945 96.0069 99.8153 100.259 102.529 104.154 99.0148 92.7183 98.443 94.2534 92.5069 93.2554 94.9985 97.1955 104.448 103.78 103.735 101.084 108.08 108.766 107.695 109.244 111.975 107.248 114.91 120.067 124.658 122.406 127.32 129.773 135.304 134.091 133.602 140.315 139.407 140.259 135.598 139.812 137.858 144.501 135.875 137.584 139.479 132.635 134.534 131.499 129.662 126.55 123.691 126.741 122.898 120.396 126.114 122.083 126.072 122.336 119.214 121.39 121.151 118.674 118.722 115.468 115.104 111.043 107.99 103.728 99.6177 99.7806 98.8692 97.7257 96.7796 96.6722 93.3871 93.9069 97.14 95.0539 97.2405 96.2113 94.0732 104.49 100.131 98.994 102.487 103.797 103 106.268 106.465 106.58 110.683 113.323 111.098 116.3 127.76 128.117 134.579 138.779 148.063 149.283 156.941 167.077
164.298 156.776 150.572 144.544 139.162 134.511 124.254 124.268 122.934 120.453 118.683 115.868 113.464 107.618 110.653 110.012 106.981 107.772 106.967 106.667 104.183 101.274 99.9502 103.117 104.49 104.187 98.0654 107.399 105.312 101.243 107.496 108.364 111.005 112.924 113.395 119.582 117.248 119.958 124.397 118.62 117.924 121.397 120.631 120.049 118.899 117.035 117.878 117.896 113.788 118.084 116.701 115.684 117.509 121.425 120.756 125.25 127.571 132.023 136.409 138.371 145.088 143.705 146.851 146.025 145.443 151.185 146.562 150.073 148.314 150.373 147.558 150 148.283 150.025 144.342 142.252 138.719 140.165 142.492 136.472 133.605 129.48 129.198 133.34 123.933 122.798 120.805 120.251 115.596 110.256 118.948 119.234 113.374 113.147 113.854 111.708 110.799 107.489 107.05 100.595 108.183 102.622 107.792 105.936 107.493 110.13 111.973 111.158 116.3 115.781 116.523 118.854 116.819 118.798 124.679 130.731 130.95 135.956 128.48 135.092 136.517 137.817 141.879 142.844 141.586 140.238 149.526 150.23 149.007 150.237 152.763 152.275 146.823 148.641 148.411 147.913 146.255 144.213 143.454 141.447 138.329 137.869 130.821 126.229 129.908 124.414 123.735 118.655 116.231 114.304 113.844 115.475 116.565 111.691 116.889 115.649 120.801 120.463 120.631 122.672 120.624 121.258 117.366 118.92 118.352 112.51 110.012 112.367 108.994 106.423 105.305 105.65 102.803 102.469 102.8 100.281 103.758 104.605 102.664 102.361 106.04 103.598 105.239 113.562 111.865 109.085 109.635 111.353 115.537 119.822 117.345 126.282 122.23 127.741 136.246 137.106 142.248 149.617 157.703 165.333
161.427 159.462 144.559 142.419 138.234 135.214 130.738 124.675 123.387 117.909 121.408 119.191 118.767 115.012 114.896 116.725 115.947 112.147 114.763 110.031 112.518 117.418 116.795 112.798 108.214 109.58 113.107 117.723 118.644 120.931 122.276 125.369 127.288 132.777 127.456 129.561 132.665 131.085 129.414 131.638 130.885 123.113 125.18 121.835 122.584 123.047 117.933 115.8 114.774 115.121 116.245 116.438 118.679 118.872 120.087 123.39 122.42 126.829 133.32 132.048 139.848 145.137 141.27 143.708 143.575 146.682 145.204 145.519 141.004 142.794 145.705 141.54 144.734 144.563 147.491 150.104 152.618 152.149 149.673 154.16 150.836 153.694 151.988 149.501 150.563 145.985 142.216 139.435 137.186 136.84 139.866 140.587 137.123 132.43 131.887 123.026 125.341 120.648 123.446 121.534 116.525 120.763 122.308 121.352 127.159 129.264 126.717 133.337 137.838 134.696 140.812 142.374 143.41 144.209 144.965 146.923 154.286 154.391 153.389 157.287 155.427 153.179 154.73 154.752 150.401 147.61 144.682 142.213 141.365 141.396 139.34 146.531 144.297 146.57 145.407 148.874 146.86 143.274 145.911 136.945 134.948 128.794 124.402 124.22 120.262 118.704 116.725 116.536 117.758 112.483 117.261 118.851 115.404 116.462 117.345 115.628 121.534 129.064 122.136 131.512 125.996 132.027 127.849 129.341 129.884 127.418 128.57 128.619 125.677 125.008 121.831 116.367 113.993 113.481 115.716 114.721 114.098 113.741 114.763 110.098 110.725 113.285 113.096 115.769 112.907 116.431 118.823 120.462 119.029 120.577 123.404 121.873 130.062 128.903 134.027 141.015 140.563 149.799 157.032 164.117
165.446 155.76 149.302 143.964 140.496 135.696 134.429 131.415 128.235 124.401 129.327 127.207 128.918 124.788 123.006 121.784 121.806 122.052 122.137 124.168 121.13 122.475 127.13 126.408 128.277 129.246 130.503 136.827 137.559 135.323 139.165 142.2 143.563 144.901 141.298 141.256 145.052 139.07 137.193 138.654 137.615 134.788 128.915 127.418 130.425 129.834 131.82 128.337 127.806 125.791 125.101 125.334 125.862 124.792 123.087 124.932 128.186 127.27 130.806 129.573 135.397 139.813 139.932 138.556 142.267 140.323 140.784 133.464 137.982 128.274 132.77 130.531 130.295 133.151 133.999 136.904 137.552 141.048 142.608 144.151 151.693 153.031 154.622 156.013 153.869 156.415 160.186 160.746 158.872 152.115 158.999 152.418 153.355 146.524 150.915 145.732 142.929 135.499 137.475 135.288 134.767 138.281 134.306 144.654 143.235 151.686 147.305 153.143 150.492 158.231 158.242 156.154 156.291 160.319 156.791 153.784 158.65 154.601 146.309 150.555 147.809 144.295 143.548 137.806 134.746 133.707 126.774 131.056 130.203 129.232 135.33 132.027 141.415 142.774 141.939 140.436 139.439 139.059 133.415 131.524 133.2 129.71 125.506 126.119 124.939 128.492 127.246 125.041 124.432 123.95 127.696 124.939 128.182 129.355 128.499 129.851 132.668 133.904 130.468 134.165 135.041 141.658 137.475 139.911 143.281 143.841 145.224 142.408 141.196 138.696 140.555 140.14 131.718 131.633 130.728 127.059 125.615 126.291 120.851 125.753 120.675 122.218 121.288 127.225 121.534 122.922 122.549 130.087 128.95 128.52 128.837 131.661 133.175 132.718 136.531 137.21 142.527 148.08 157.01 158.559
159.155 150.476 146.717 137.064 129.691 131.903 127.227 129.411 126.927 128.144 125.277 125.95 122.785 123.932 121.419 123.578 123.479 123.56 120.35 126.647 127.387 127.85 129.585 129.96 133.397 136.37 137.5 145.421 143.669 145.308 147.057 149.004 143.853 146.175 147.644 141.138 140.795 140.561 142.303 134.608 133.061 130.852 137.376 138.236 131.687 132.261 132.686 132.456 135.804 131.21 136.615 128.891 127.114 134.661 135.528 127.344 131.16 132.105 132.785 126.141 132.073 130.427 131.617 134.604 135.1 135.181 138.76 135.372 134.448 140.583 138.912 138.961 138.767 138.377 136.572 139.984 139.726 138.664 144.101 141.177 141.202 143.882 148.926 145.312 151.074 150.596 150.851 150.621 154.717 154.618 156.78 153.874 158.175 159.4 161.499 160.798 157.591 155.418 150.618 146.568 146.752 152.065 150.703 158.54 158.865 161.913 159 159.761 156.416 152.034 155.364 151.039 152.547 152.508 148.883 147.011 146.558 141.379 142.388 143.839 139.68 145.68 136.926 142.48 141.609 137.539 141.015 142.671 138.753 137.769 141.124 138.993 136.236 141.344 140.307 137.33 133.227 134.976 131.248 134.324 133.209 131.797 134.225 128.112 131.896 128.856 129.889 132.916 130.859 131.468 132.909 132.098 133.808 131.779 132.268 128.629 131.093 128.689 133.843 134.123 140.912 133.875 143.011 141.17 144.862 145.283 145.772 150.207 147.651 150.841 145.733 142.876 142.193 139.853 135.163 135.747 135.532 127.273 127.995 127.981 123.511 121.974 122.067 120.994 125.946 121.751 127.365 123.571 123.033 124.282 125.16 124.194 128.604 129.149 134.516 133.673 138.997 144.752 151.492 160.791
162.358 149.21 143.776 140.741 130.351 126.337 126.035 122.128 122.683 123.508 116.157 113.243 110.787 121.092 117.523 116.598 119.032 118.929 120.473 118.797 123.754 124.501 125.736 132.746 133.621 133.689 136.158 137.282 137.311 134.923 137.503 136.016 132.173 133.439 135.489 124.907 129.337 125.636 123.359 124.96 124.458 126.024 123.313 118.306 122.612 119.797 117.552 121.11 119.388 119.416 115.011 118.036 121.064 119.31 112.364 116.385 119.448 118.146 123.352 124.152 125.924 127.387 124.277 131.803 130.696 132.062 139.296 137.809 135.453 139.467 140.04 137.286 136.236 136.339 138.005 133.863 137.019 136.884 136.347 136.329 133.852 138.848 138.46 139.748 136.82 137.67 138.026 143.748 143.118 148.769 146.787 153.291 157.266 161.248 164.169 164.628 163.457 158.323 155.01 146.2 153.875 153.782 160.799 163.39 164.585 164.009 164.062 154.213 153.846 149.445 147.658 148.512 146.452 142.25 138.247 142.2 136.517 136.681 131.881 134.358 136.912 140.001 134.852 140.606 134.468 139.588 138.542 138.83 137.944 137.151 138.222 141.983 137.635 137.297 135.421 135.044 129.465 125.408 126.971 118.69 126.209 126.785 119.075 122.181 121.501 118.089 118.374 120.655 113.684 121.213 116.712 117.755 122.277 124.01 120.694 122.491 121.498 120.01 120.359 125.793 125.611 125.394 126.316 126.914 127.796 129.49 133.646 132.198 138.955 138.539 137.83 136.347 139.517 138.442 135.806 137.898 130.059 127.792 126.348 120.925 121.9 117.349 119.43 117.705 114.264 114.627 115.089 116.965 116.726 118.829 119.366 123.558 120.576 126.01 128.696 132.016 134.518 142.026 151.16 164.39
162.609 152.286 145.186 138.88 136.283 129.136 129.333 125.413 122.244 122.669 120.334 113.834 118.878 116.177 119.65 115.734 115.755 122.04 121.128 121.442 121.249 127.552 127.334 134.695 131.193 129.934 127.484 126.504 127.294 126.404 120.001 121.707 117.322 114.761 115.126 113.609 113.14 108.208 108.891 106.137 110.873 106.394 103.336 103.372 102.968 101.355 97.5953 101.562 99.0833 100.113 101.412 103.039 101.247 104.445 107.854 111.112 108.744 111.459 111.223 115.512 111.234 119.167 114.99 118.495 117.383 122.455 124.29 132.581 132.602 135.507 136.787 137.438 134.008 129.905 129.655 130.399 123.152 127.648 126.954 123.338 125.531 127.702 121.585 124.257 123.081 128.492 127.419 130.27 133.232 138.569 143.34 141.645 151.535 152.511 153.244 155.788 149.979 146.527 137.968 133.933 132.903 140.686 143.186 144.442 155.992 152.093 152.797 152.636 148.816 139.867 132.681 135.06 129.397 126.457 127.684 122.183 124.454 123.599 125.091 118.724 122.526 125.874 124.919 123.524 125.298 125.137 131.837 133.793 142.406 135.603 143.379 134.04 130.732 129.676 125.856 122.505 121.278 117.247 116.456 111.424 113.462 113.956 109.742 112.661 108.916 107.521 109.37 101.877 102.51 102.313 100.6 101.247 104.384 102.868 101.634 101.476 100.278 108.973 105.418 106.012 100.478 110.358 106.988 113.956 113.834 115.659 119.575 120.537 119.375 123.903 121.296 125.559 124.136 131.136 132.041 128.253 129.93 129.837 128.21 126.575 118.91 119.826 118.981 115.558 117.855 116.084 114.396 116.807 118.141 118.488 118.23 122.154 128.424 130.732 132.363 134.884 139.33 148.992 152.343 160.32
166.129 157.608 158.122 147.382 142.216 141.245 135.071 131.76 131.983 128.301 126.759 122.911 122.653 125.399 123.364 125.597 124.997 128.046 127.647 132.184 125.809 127.981 125.392 126.32 125.971 127.377 122.221 121.308 112.301 112.38 107.713 106.735 109.612 100.537 100.278 101.903 100.346 96.9449 95.0752 97.8042 97.2433 98.2644 98.0559 99.6019 103.064 101.227 97.2505 101.335 103.73 106.325 102.687 105.294 105.89 104.902 104.841 106.667 107.07 104.725 105.707 106.131 107.778 104.88 109.245 107.85 112.862 114.793 117.687 118.485 125.827 130.922 131.476 127.266 129.286 129.513 123.041 118.64 117.561 114.322 109.748 110.949 109.367 107.418 107.019 105.495 111.852 107.181 116.986 121.401 124.091 135.129 136.042 140.026 140.752 139.152 137.876 129.372 125.381 115.429 109.468 105.854 106.847 109.213 112.082 121.2 127.071 138.767 138.07 139.591 140.986 134.719 132.105 124.623 118.726 114.394 115.44 110.561 109.623 107.113 103.708 107.397 109.198 110.496 115.76 119.258 123.9 125 123.886 130.473 133.04 128.704 124.964 125.31 118.216 122.422 113.987 112.161 110.777 109.331 105.189 113.455 107.724 105.966 104.344 106.743 103.237 100.85 105.441 103.773 106.077 106.886 101.407 102.608 101.148 99.4833 99.3466 96.7291 102.906 96.4163 98.2177 97.0815 99.8896 99.6666 97.7215 98.5772 96.5206 99.3394 100.594 106.21 108.695 105.078 112.147 116.145 115.857 122.742 121.657 125.86 128.528 125.957 125.935 128.722 130.807 126.388 123.853 125.755 125.856 121.711 122.728 126.169 120.215 129.297 128.089 129.092 134.223 131.904 138.591 143.273 145.473 154.508 163.152 167.88
174.849 167.877 164.924 157.639 152.156 150.436 139.673 140.739 138.17 132.687 131.115 129.228 130.374 129.937 132.405 131.747 130.941 128.075 132.391 126.03 125.9 125.083 118.209 117.146 114.711 108.173 108.133 99.2496 106.875 103.287 101.31 102.538 92.9141 102.972 100.811 100.066 98.675 105.939 107.161 105.459 105.491 103.803 105.643 104.906 103.431 101.089 104.873 102.181 104.674 99.3978 104.429 99.2062 101.129 96.3475 97.6197 94.8043 99.7303 93.4454 92.8455 87.4063 91.6637 93.0081 94.049 93.8032 91.7902 96.933 93.1238 97.2835 103.941 101.552 103.156 106.503 110.865 114.367 107.931 115.086 111.006 108.581 108.773 106.456 106.564 107.388 105.834 110.179 107.696 113.782 111.183 122.307 122.333 124.291 125.885 124.266 120.58 117.934 110.768 101.357 89.4266 86.81 79.5674 77.6013 78.8843 82.2346 88.1472 94.8224 100.829 111.595 117.103 117.266 123.706 124.501 124.606 120.677 125.022 119.221 109.763 111.501 106.713 106.46 107.269 104.208 107.822 107.378 113.131 113.196 113.789 114.44 114.165 109.38 109.658 102.987 103.586 97.4281 96.3764 98.6461 94.067 92.56 93.1165 90.0807 89.3398 94.02 94.1068 93.1093 92.9467 90.5614 96.0295 98.9966 94.255 104.685 100.688 98.5702 99.6544 104.064 107.139 103.055 103.33 103.724 105.556 104.949 107.566 101.859 103.315 104.017 104.765 100.76 101.165 97.1173 101.671 101.798 96.9511 102.119 99.9471 102.484 103.966 108.549 107.782 113.847 115.314 120.605 126.12 132.398 129.452 127.157 130.428 132.123 128.393 132.242 127.078 128.422 133.164 128.596 137.486 135.343 137.541 140.891 149.351 150.237 154.78 165.434 167.23 172.85
185.11 173.638 169.202 162.162 157.091 152.652 151.972 143.734 143.174 139.756 134.43 135.226 136.37 132.389 130.983 132.342 125.091 124.993 120.655 117.702 116.394 112.776 107.396 110.102 104.047 101.344 106.611 108.82 107.018 110.931 104.254 104.065 105.173 110.309 102.249 104.214 104.247 101.34 106.927 99.5059 97.5297 93.9261 96.0476 98.9429 95.7461 92.0408 87.1585 92.8327 90.3225 86.4973 82.1382 83.7656 76.711 79.8387 77.7753 75.3233 73.7394 71.2983 74.5096 71.5489 74.3969 70.1031 73.6305 69.689 72.2537 72.3808 76.5656 82.8502 84.1942 88.132 91.9209 96.0658 98.9174 108.642 114.225 114.153 115.573 116.699 118.116 115.446 112.551 111.396 104.697 107.745 106.604 110.662 108.791 109.027 108.635 107.505 105.082 102.666 91.0854 91.525 81.4334 77.0415 70.9096 64.0947 61.5373 56.3099 57.5414 58.5767 65.0719 70.263 76.5693 79.9658 85.5819 97.9766 100.229 107.207 107.015 107.596 113.183 110.219 110.509 105.634 111.534 111.733 108.217 115.595 121.389 117.597 116.561 117.869 110.76 113.038 109.43 100.708 98.9211 91.5068 90.7221 83.5948 81.3608 73.9828 75.7047 73.8593 73.1146 70.3611 72.6133 72.7804 73.4634 71.3818 70.9568 76.3767 72.8167 76.4058 75.4432 78.3057 84.2342 78.0805 88.7714 88.103 85.8435 88.9022 90.3516 95.2121 93.1015 100.298 100.174 98.1909 104.599 101.838 105.427 109.438 108.21 106.611 107.563 103.502 105.34 105.551 105.376 102.775 106.125 105.307 103.843 107.596 105.493 115.105 114.985 113.223 117.902 125.85 124.956 122.475 127.514 133.115 131.252 136.901 131.379 136.853 140.192 143.425 147.047 150.541 155.369 157.018 162.776 170.626 174.524 180.511
178.974 174.818 166.457 162.357 154.572 153.78 147.905 145.408 138.441 134.877 134.724 132.851 129.685 130.313 123.946 121.828 118.337 118.735 110.838 109.961 114 112.006 110.691 111.089 110.732 110.593 108.249 108.639 103.864 106.85 103.918 100.059 100.026 98.1969 92.3293 97.4593 93.0085 85.7826 82.7776 85.2568 80.6636 80.1998 76.6581 78.0931 72.5286 75.9425 75.1757 71.5865 70.0822 66.8326 65.3502 66.2484 64.5871 65.3465 63.3383 58.8802 63.028 63.8605 63.2872 65.2443 63.2471 65.8175 70.1114 74.0329 71.4879 74.6572 79.6229 79.1994 82.2993 88.375 90.4635 96.0098 96.8897 99.6537 107.847 108.537 106.949 111.228 110.461 108.442 107.635 105.762 104.101 108.165 104.539 100.592 101.092 99.7304 92.1687 91.2924 89.3353 82.606 73.2259 71.9334 64.3643 62.0641 56.558 50.5991 50.2267 46.6959 48.2367 50.0697 52.1655 57.0837 61.9071 66.7669 68.5706 79.1081 79.539 88.9373 90.5292 97.9413 99.9641 100.03 99.4675 104.284 105.404 106.073 104.696 107.037 111.013 109.541 110.929 112.776 106.266 107.603 103.572 96.9847 89.1016 93.2567 86.6954 83.957 85.6731 76.8115 71.1411 72.1452 68.702 68.1105 65.6751 66.8764 63.101 63.7582 62.7797 61.8194 63.5684 62.2868 62.2393 66.2192 64.0029 67.2233 67.8586 69.6368 68.6509 72.9484 74.7522 73.7116 79.9333 76.7421 81.9451 81.2441 81.182 84.3148 85.1436 90.6205 94.5529 93.8628 99.6866 98.0216 101.731 102.213 107.807 112.199 111.294 111.736 107.343 112.919 110.885 116.603 111.509 115.299 111.294 115.318 117.706 122.357 121.448 123.891 127.151 131.354 129.642 132.022 138.284 136.94 142.717 145.276 155.774 156.135 162.145 166.267 171.667 179.551
172.45 167.294 158.949 156.659 150.75 147.08 143.253 137.854 136.166 134.669 130.665 130.966 127.718 123.674 119.611 121.567 119.78 118.298 116.085 110.349 115.52 112.738 110.576 103.035 107.339 101.299 98.4767 102.734 99.8346 95.328 90.0287 87.1002 86.9571 87.3241 81.7936 79.0486 81.1147 77.7641 75.4117 73.8667 73.808 71.5033 71.2208 66.1417 68.4647 66.4353 66.0096 62.6186 63.9435 60.725 59.7268 61.5801 63.4113 63.6132 64.4719 62.5526 67.1032 68.1271 65.2683 71.529 75.3163 74.9567 75.5512 78.2889 80.8945 84.0762 81.4413 76.3108 77.0411 75.9659 80.2706 82.3881 82.5643 86.6782 84.4469 83.8597 91.3756 95.8822 97.574 98.1868 104.932 102.789 107.589 109.53 103.772 101.581 98.0584 92.282 91.1334 81.2284 73.2832 66.2958 64.582 62.0902 55.0257 51.5724 49.7962 46.3318 42.2363 43.2602 41.2197 43.0363 45.7116 51.2605 51.8403 56.1377 59.4405 65.0995 69.6097 76.3108 79.7495 85.0157 93.0784 99.2437 103.427 104.76 109.409 108.756 105.038 100.525 100.473 99.7025 93.6325 93.2509 85.1845 82.5459 84.1166 80.6413 81.8523 80.3587 81.6321 86.146 80.4725 78.0577 80.0651 84.3038 75.5916 75.4851 75.1365 75.2686 68.7032 70.0464 66.9564 64.8829 64.4646 61.5947 62.9416 61.1984 60.5452 62.248 61.7452 62.4278 63.2388 68.8354 65.4995 69.4189 65.749 72.9199 71.1217 69.9914 72.4502 73.8814 78.4394 79.2394 83.045 83.3826 80.8578 92.1462 88.2562 88.4177 92.3811 95.9335 96.4216 105.714 101.941 104.466 108.767 105.941 110.051 112.246 114.125 117.644 115.072 115.931 115.472 122.712 121.659 127.417 125.608 129.498 133.373 136.555 140.049 139.785 148.812 152.75 155.884 162.292 168.883 171.877
169.156 162.922 161.768 157.26 152.244 142.392 139.726 141.614 140.43 134.259 127.358 127.889 119.535 114.644 119.981 114.002 112.715 110.871 113.482 107.444 108.757 102.1 99.824 101.594 96.8696 98.1531 95.0512 95.1286 93.4172 91.8053 92.0156 88.0874 89.6439 84.8711 82.3297 81.4629 83.1965 76.3176 81.2158 73.743 77.1364 73.3779 70.0693 73.1529 70.7517 70.014 72.725 70.4013 63.6625 66.4584 64.6215 66.8161 68.5645 70.3128 69.5345 72.1201 79.5265 78.0917 78.2319 79.4822 78.3278 75.6573 73.968 78.2208 75.1705 68.7563 69.3833 65.7502 66.9415 64.4555 64.6842 64.7469 63.7326 68.8485 67.6276 70.2759 75.4582 80.1572 89.1165 95.1175 101.451 107.337 108.252 106.692 112.132 105.67 100.27 87.7075 84.2588 73.4848 68.6788 64.201 60.5532 56.9791 52.3796 48.2928 43.8703 40.0454 40.4032 39.0717 38.8762 40.0085 42.9224 44.2355 49.237 53.5599 54.5668 60.7228 64.8428 71.9984 78.2798 84.8858 91.8127 98.9166 104.704 112.579 110.465 104.711 105.925 100.783 92.093 94.3688 81.5736 76.7085 71.8988 69.2136 64.308 63.0613 65.7244 63.7584 66.0674 62.8621 68.2731 68.2067 67.6091 74.4586 72.3525 75.9229 76.2364 72.6512 75.2922 77.686 76.679 79.7699 75.3623 72.6623 70.6152 67.4616 68.8669 65.4256 66.5063 65.2891 66.6428 67.6055 72.3746 73.1492 71.2681 72.6217 76.0852 76.3323 78.1101 80.2457 79.165 81.5146 83.7203 83.5617 83.9674 85.6899 88.7882 91.0455 89.7472 92.9377 92.4545 93.3397 97.6921 102.122 99.3482 100.019 100.931 105.438 103.059 110.259 108.503 112.892 113.409 117.746 122.427 122.36 128.35 129.114 131.541 128.727 140.648 151.274 146.664 147.313 154.258 159.839 162.376 167.437
171.955 167.061 158.32 153.204 148.166 144.081 137.75 135.392 127.592 124.649 118.106 118.658 111.927 109.628 104.802 107.037 101.424 100.531 101.647 103.893 104.557 99.975 97.2355 94.7741 94.3329 93.9919 92.1495 89.8437 90.7223 89.814 85.9736 87.6047 86.0959 85.5065 82.9931 83.3045 85.0431 81.1729 80.8022 78.5891 80.8579 81.3583 79.6679 78.0924 77.325 77.8996 76.8691 72.3465 75.3714 77.1879 73.8071 77.6698 75.4085 82.6039 80.0275 76.9062 76.25 74.0147 73.0768 74.9748 69.5996 65.2735 64.2021 61.2662 59.257 58.1189 56.5286 55.9688 54.4267 54.3637 54.0894 54.6825 57.2515 57.4109 62.812 63.9945 70.4893 75.1527 83.842 89.3507 96.7091 106.062 107.189 109.254 104.805 100.26 92.1384 87.7085 78.0516 75.3677 70.0037 62.2671 57.4887 53.7038 49.9449 49.285 42.086 41.8524 39.3502 37.9749 36.1844 40.1361 40.1027 43.6355 46.9274 48.8439 56.2654 56.4359 61.3996 66.7155 78.3148 80.0423 85.9291 96.2791 101.536 105.81 108.004 107.693 102.344 98.8147 92.3015 86.7557 78.5261 72.0351 65.6516 62.6934 59.7611 57.4739 54.9642 53.6111 53.626 55.4684 53.9151 56.2431 59.1161 59.2903 61.8222 63.2754 65.8814 65.7962 71.809 70.5041 76.2982 78.0776 79.8829 78.8857 76.5911 76.832 73.4104 75.1194 73.3882 73.7885 73.1991 74.8932 75.5679 79.4492 80.2165 75.2936 79.9014 79.7013 81.1767 83.5788 86.5889 83.8494 85.158 87.8864 84.2906 87.5565 87.9679 91.2338 89.3989 88.6204 91.9382 92.7871 97.3097 93.0577 95.3968 99.3411 99.6822 105.502 100.754 105.802 101.45 105.595 102.703 109.762 107.96 110.377 117.747 121.609 122.94 127.578 131.97 137.535 144.815 144.823 155.002 159.403 166.212 167.918
169.132 163.533 153.857 149.01 143.101 136.98 135.594 129.447 123.84 120.554 116.839 118.952 113.684 113.166 113.721 102.119 102.701 100.946 95.0557 94.0758 96.002 94.9365 94.5304 92.0565 92.824 92.9321 89.579 90.0373 87.1611 90.3502 85.1977 87.0046 85.9502 84.188 83.7558 85.0039 81.5316 88.6811 86.8332 83.6068 87.5858 81.2112 81.7999 83.2268 81.1665 80.8983 83.3572 81.9489 81.4571 81.6769 78.7002 86.185 77.6644 84.8586 76.1109 76.9603 70.4554 68.4323 66.7372 61.3574 60.3477 60.1018 59.0289 55.0164 56.1117 56.0595 53.5596 52.4904 53.2839 54.5171 53.2653 54.7034 55.9999 60.0124 63.1867 69.6953 70.0232 76.2003 89.7727 89.5939 93.7107 95.8939 98.2597 102.511 94.78 95.7375 87.5858 88.1484 82.2023 79.6204 73.0894 69.9263 62.7284 57.5162 51.6707 45.9407 46.5256 39.2569 39.0893 38.8397 38.5565 37.1855 41.8612 46.4139 49.8713 55.8397 55.8881 58.0229 66.618 69.129 74.0171 81.4944 85.9018 87.6752 93.1221 102.276 96.6242 99.0421 99.6009 93.4648 90.313 85.6969 83.4429 71.8897 67.188 64.8855 56.786 57.5908 53.5932 54.1147 54.2675 52.2668 55.0611 57.0505 56.9984 53.1163 57.5908 58.0304 62.9333 62.4266 62.1584 66.0442 70.9434 70.4852 70.5559 80.4326 80.0302 77.9662 84.2588 75.6042 83.5547 81.4199 78.9274 82.1576 81.5577 82.2023 83.8788 84.501 86.6618 83.8527 80.0861 84.8549 89.4449 88.4352 89.5343 84.2923 84.4898 87.8168 87.2803 85.0859 87.8801 87.6715 88.4762 83.156 91.412 93.7145 91.8405 92.1832 93.5542 95.4655 96.531 101.356 99.1129 104.794 100.965 105.003 112.402 112.924 115.651 118.188 123.691 125.379 131.317 131.913 137.219 143.344 150.214 157.415 163.045 169.464
174.177 156.512 151.978 143.711 135.267 132.957 123.454 122.829 122.429 118.329 112.997 117.198 109.137 112.51 106.815 109.286 105.018 104.569 103.786 100.049 97.7541 95.6686 96.6683 91.9393 87.2067 91.1755 92.5197 87.1056 86.2519 85.9224 87.9443 80.8265 82.7248 84.039 82.7435 85.2334 85.8587 89.9362 89.3184 90.3406 92.1752 93.306 89.6217 89.09 93.2498 89.2997 87.5998 90.1608 87.5923 83.9043 82.9682 81.83 79.5684 79.9167 77.0186 73.6488 70.133 71.3761 69.7024 66.3401 65.9807 61.7759 62.682 61.8096 57.8295 58.979 57.4101 56.388 57.6086 58.612 60.6451 60.5141 62.2701 69.4403 69.3879 74.5774 78.8271 82.6088 85.4319 88.9739 87.6485 91.8383 86.66 86.5552 87.304 87.1542 85.0874 80.2574 78.8945 77.3931 77.423 68.6016 66.5311 60.6714 55.9798 53.7633 47.0798 44.3203 40.7895 41.1041 38.0338 41.793 44.691 46.024 52.992 55.5605 61.8246 69.4853 70.8219 75.4423 72.754 79.7107 87.7121 85.5442 79.7744 86.66 91.329 89.9025 84.7355 91.8869 88.9515 85.2896 84.7355 81.3769 71.099 72.5742 68.976 64.6477 59.7053 59.1812 57.0956 58.7319 58.4098 58.3013 55.3808 59.8664 62.39 62.3226 64.4905 68.0587 65.1719 69.8896 66.576 71.7505 74.1992 71.8291 80.7928 80.1413 80.9538 84.2674 85.2484 80.6093 87.4538 86.9932 85.3158 88.2138 88.7605 92.4224 88.2326 89.6629 91.2167 88.7193 87.0419 88.9215 89.9512 86.5963 88.3374 85.2896 85.5367 82.8858 85.9898 89.8875 91.1044 91.0108 90.1384 92.5646 96.3014 95.6349 94.9048 97.6306 99.2743 100.476 101.169 101.101 108.103 107.279 110.915 111.866 112.675 112.941 115.03 123.709 124.061 127.858 134.972 134.605 145.242 152.899 160.938 166.345
166.467 156.258 147.642 143.201 130.348 129.441 121.908 117.144 118.371 107.24 105.825 108.501 102.77 101.667 100.317 93.2839 100.128 98.5669 92.9716 95.5266 97.2386 97.6902 99.2292 93.2425 98.883 97.2161 94.4391 96.9865 93.6188 94.4278 96.2302 99.8839 98.7024 99.0072 95.9856 98.3487 96.3845 95.5717 93.98 96.7608 95.0675 92.5878 91.4891 90.8494 84.5354 84.1478 84.4865 89.7055 85.4573 81.1865 81.2956 82.7142 83.2297 80.0087 76.6109 76.7614 75.2826 74.9628 70.613 71.8396 68.122 68.5096 67.7758 64.9876 63.1513 62.5794 64.98 68.0354 60.427 68.3553 68.1935 71.6891 74.8047 78.6993 82.5787 86.4281 87.0301 88.1514 84.8439 90.9848 82.6239 83.7565 81.9729 76.9947 79.8432 79.9485 74.2102 77.1264 79.5986 79.941 78.9476 71.7531 71.4972 64.6978 61.2436 55.6708 52.7659 46.2337 43.9911 41.2028 42.8585 43.8932 48.5027 49.6052 54.5495 61.4129 64.2162 67.7495 76.4228 78.8573 76.5168 81.3031 83.3952 75.1509 80.3097 72.8293 72.6976 79.8469 80.2947 84.3021 84.3698 85.3745 86.4507 84.859 83.8129 81.6418 76.4491 73.9694 70.7183 71.0156 69.0627 67.5576 66.7222 64.9989 64.3705 69.232 72.6788 68.1408 71.0833 71.0984 73.0964 75.2789 72.912 75.3955 75.4858 77.4914 82.669 81.5816 84.6821 84.5354 83.0679 86.1383 82.5486 85.7884 86.8871 88.0649 87.3914 92.6029 93.457 95.5529 97.2951 101.001 95.4062 99.2216 98.1982 99.0636 96.8661 98.1304 94.0327 94.8455 97.0091 98.0552 95.8502 100.35 99.7447 98.5519 98.6949 99.8086 101.329 97.4907 105.016 103.462 97.5735 97.2725 102.416 94.71 101.453 101.818 105.295 111.304 115.485 117.927 117.652 126.216 124.271 132.263 143.183 150.908 160.247 164.92
163.792 154.24 148.329 138.642 124.945 121.243 118.044 112.973 107.331 107.324 104.855 96.736 97.3977 94.5087 94.4293 94.0474 93.1928 86.927 90.2962 87.1955 89.5324 92.4176 93.0377 91.389 101.705 99.1598 103.501 100.896 106.345 110.746 117.617 117.953 111.949 112.754 112.009 108.647 108.935 107.668 102.037 99.8518 99.572 97.8174 92.8411 90.5949 93.8281 86.9459 86.511 92.4441 87.0782 87.3997 84.3556 86.6093 84.7073 80.041 80.1696 80.4948 78.3734 76.339 79.2734 72.6181 76.0063 74.0551 77.5793 70.9921 72.4329 75.8739 75.734 76.4147 73.8887 75.9874 79.0125 82.5292 88.6816 88.2391 88.6211 94.4331 93.7108 90.9012 85.4144 84.2346 80.1356 76.5621 72.4707 70.7917 64.2764 70.0808 71.5631 71.8619 72.0963 77.1785 76.3504 78.3281 72.6597 71.3816 68.4321 64.594 60.045 52.2061 51.7864 46.7344 46.2126 48.1865 50.3683 56.5509 60.3059 64.5108 70.5006 77.0802 75.7681 75.2273 75.1101 75.6697 71.4119 69.472 70.8673 69.888 72.5387 73.4765 75.7302 77.2466 82.8317 84.193 87.9669 96.9326 96.0856 90.3605 89.7971 94.4671 85.214 77.2315 78.9255 75.1328 72.7467 75.6357 72.4707 72.361 78.986 72.3648 72.5879 76.5924 76.4147 75.405 77.8138 80.1091 81.4629 77.897 84.0645 82.9565 82.9792 86.8173 85.006 84.9531 85.3577 87.9517 89.6231 91.3172 90.6176 90.8521 92.705 96.1839 99.2997 104.019 107.785 105.116 111.593 116.101 115.45 117.167 113.057 118.778 107.536 110.111 108.19 102.915 91.9789 95.9154 91.5857 90.8559 89.6345 87.3013 92.3193 89.7971 89.85 92.2852 95.4427 95.7188 97.912 98.3279 98.4943 105.327 104.155 110.224 115.435 115.371 122.173 128.988 134.036 144.151 155.813 164.382
160.698 149.401 145.901 137.932 123.078 121.14 117.15 113.654 107.738 104.454 102.399 101.141 97.9868 94.1412 96.5162 91.9904 88.5628 92.055 90.839 90.554 95.4066 94.3654 96.8544 93.5408 103.048 97.8766 100.784 108.699 111.405 109.755 111.146 113.172 115.927 112.617 115.991 108.251 108.642 102.201 100.639 100.723 104.872 95.779 101.753 98.6746 93.3812 97.7094 95.0038 92.4692 92.2792 89.2468 92.188 88.4526 90.3374 87.3126 84.0104 81.928 78.8158 80.1914 82.0876 81.3694 80.3928 75.1336 80.959 81.0008 81.1148 83.1782 83.3302 83.9686 84.5842 89.9308 96.7404 92.511 98.6252 102.995 104.447 98.9862 98.9444 94.3578 91.827 84.5006 78.1014 76.418 71.8694 71.3032 67.1688 66.994 68.7686 70.49 70.9118 74.6016 74.1912 75.1982 75.3806 73.1994 69.616 70.9194 60.9406 62.3428 53.8764 55.2634 52.3488 55.5256 57.9614 66.2682 70.1062 74.1076 75.7568 79.0096 76.9044 76.1292 75.7112 73.5642 67.5906 67.4538 70.1176 69.6046 68.0922 72.5078 78.4586 80.617 82.954 93.005 89.4216 96.5314 103.892 98.0172 102.277 99.1382 102.281 93.3812 92.1424 92.6554 81.2592 84.569 77.634 82.2586 79.2908 79.5302 84.208 77.6644 82.2282 82.2358 84.5652 82.8894 84.3638 80.0546 85.253 83.5088 89.908 92.7998 94.4072 93.6472 90.4666 92.0208 96.9266 95.9462 99.6132 100.035 99.1078 101.54 101.327 99.4042 104.207 103.565 112.362 110.265 111.754 114.35 118.693 114.163 114.509 107.339 110.447 106.434 105.363 99.161 96.121 93.366 88.6654 92.8378 87.419 91.5648 93.0924 90.687 93.9094 94.7188 99.8526 97.5688 96.9532 101.536 106.928 103.292 111.671 110.892 125.294 130.754 136.914 141.653 151.696 163.13
