197.066 194.474 196.056 193.95 191.662 191.221 189.39 186.704 184.615 182.047 179.122 176.444 177.1 170.206 171.065 166.578 162.638 161.542 159.36 162.302 156.884 145.125 153.153 146.01 147.641 143.719 138.378 142.028 133.964 134.681 129.3 130.472 125.945 124.846 120.296 123.508 119.816 119.799 115.169 111.445 114.284 108.207 111.069 105.113 104.434 105.635 101.395 99.6194 100.088 100.669 100.45 99.1377 96.4987 92.5713 92.2581 94.8944 91.3622 91.762 87.2514 90.5871 93.1595 89.3346 86.6566 86.7044 79.9541 85.8623 82.6629 83.1312 83.3684 80.9279 82.7243 84.127 82.3921 80.1104 79.2324 77.3095 82.7594 77.9429 77.211 74.1099 75.2989 83.2502 76.7781 76.5127 77.6099 72.6728 76.8373 78.5822 80.3688 80.3468 74.965 71.5951 73.9359 76.2309 77.7429 73.4691 72.3388 74.6233 77.9044 78.2848 80.2367 73.9551 72.235 75.025 79.5731 81.1001 76.6206 74.3453 75.8618 79.4725 74.7227 74.4102 77.0237 78.1451 77.9975 78.4777 80.4376 79.4592 79.1094 78.1476 77.4424 75.1997 80.3346 78.8963 80.2961 80.3707 81.6088 80.9523 79.9081 84.6621 82.7213 84.6874 82.1327 83.5184 85.1916 82.9296 86.0448 89.9183 88.3713 89.4372 91.7455 91.3416 94.6559 89.2607 92.9387 96.8562 93.6621 92.6359 96.6365 98.2522 98.3744 100.47 103.945 106.005 104.406 104.525 110.306 108.992 107.421 110.761 117.806 115.893 115.978 123.474 120.151 120.664 126.367 128.33 129.459 131.344 130.5 131.908 139.198 139.334 143.773 146.07 148.084 148.691 153.192 157.84 157.498 157.034 162.943 164.976 171.473 171.449 172.29 173.727 180.131 179.587 180.861 185.682 187.128 191.042 191.284 193.38 195.042 195.964 195.679 197.613
197.27 196.527 194.041 193.071 191.763 188.099 187.477 185.616 182.01 181.589 178.6 177.642 172.185 167.192 167.077 165.107 162.135 164.833 154.59 150.896 149.061 144.491 145.002 141.481 139.276 132.727 135.352 126.2 130.121 125.364 125.605 123.003 120.428 119.732 118.845 115.608 113.266 109.265 110.917 107.14 101.156 106.069 101.336 101.332 96.659 101.525 97.6119 93.8772 95.6859 90.0411 92.6447 89.6347 86.582 90.0719 87.5435 87.4693 81.7762 83.7294 87.3753 81.7 85.0486 80.5348 82.6197 78.2486 78.8365 81.6813 74.3479 76.9676 74.0398 76.8926 74.9224 78.4196 75.4882 70.8264 78.3323 75.153 74.4447 70.989 70.1438 75.6939 70.6317 70.6778 69.3539 71.4836 70.1384 70.5296 71.4118 72.1673 68.8184 71.4366 70.3946 70.9916 66.5194 66.8744 71.2526 71.2935 64.7208 65.1608 69.9798 69.6316 67.2649 70.9187 66.5847 68.252 73.0217 67.9675 67.638 67.8572 71.3266 69.7371 70.9743 73.6897 71.5688 70.9246 72.0565 74.2486 73.1472 66.7177 73.8611 70.2179 72.9484 72.1313 72.6876 70.5619 74.9398 74.1091 76.7182 73.0682 75.7984 76.958 74.3477 71.8126 77.1898 77.5936 79.7519 79.316 75.8151 80.7096 83.0072 80 82.9953 85.5748 86.4284 84.9677 84.6197 87.1747 88.9822 88.0984 92.9334 90.7754 92.7074 91.9391 95.8643 100.129 97.7026 100.826 98.6713 103.819 104.283 104.687 108.146 108.09 106.81 112.18 110.77 120.014 116.975 122.623 120.805 123.744 128.297 128.37 127.808 132.455 136.863 139.687 145.219 145.659 146.311 147.818 149.163 157.988 159.672 158.149 163.923 165.51 170.471 172.338 175.816 179.998 180.738 181.815 184.169 188.718 187.527 191.695 192.931 194.443 196.442 197.891
196.318 195.137 192.613 192.654 188.854 185.89 187.217 181.077 179.253 178.063 175.862 169.102 167.965 167.495 163.323 157.258 155.888 154.529 152.93 147.973 147.482 139.436 143.54 136.847 134.485 131.478 125.907 124.648 121.322 118.791 119.783 117.38 116.587 115.976 110.516 106.953 107.32 101.543 103.463 104.924 103.471 101.302 95.1651 93.1386 92.1353 90.1325 89.9814 91.603 90.5128 83.6247 85.6183 87.7747 88.2031 80.3504 84.6718 80.3316 83.1232 75.683 81.5058 79.4525 81.3079 79.7047 76.7961 80.1229 78.015 75.4222 76.5068 74.9637 73.4318 76.0793 72.5397 72.3956 72.0194 72.4968 75.2475 68.1724 72.6531 71.4548 66.6192 68.9418 69.6524 68.9447 72.0568 66.9884 66.7365 70.3173 68.7322 68.8491 67.0199 67.6776 66.2913 67.0406 66.3338 66.4984 60.4576 67.3738 63.5289 63.6914 67.2212 65.8481 65.3284 69.7123 60.3846 63.938 63.7867 67.2963 67.5667 65.1361 66.079 64.1307 63.5153 66.9968 70.9535 69.0961 69.1196 66.029 67.6696 69.4485 70.7636 69.7248 71.4287 65.2806 70.1626 71.6964 68.1304 69.2614 71.3745 71.1283 73.756 72.2578 76.7194 75.3714 76.6242 73.824 77.5267 74.4547 76.4899 76.9487 81.0129 79.3889 77.3784 77.5408 81.1908 82.1752 79.778 86.8022 83.253 79.114 87.1654 88.8889 88.8161 86.5899 87.7355 91.2918 89.117 96.3289 94.6342 99.6378 97.0097 100.659 97.5531 101.119 109.783 107.262 109.074 110.95 109.723 113.68 117.904 121.386 124.929 124.656 126 128.602 126.943 135.022 137.261 140.228 141.623 144.45 148.473 151.87 158.895 155.285 159.911 163.889 170.081 168.15 171.39 171.605 176.961 180.621 184.385 184.573 189.604 188.621 192.314 193.28 194.158 197.315
196.795 193.476 194.358 191.273 187.121 184.988 180.806 181.593 178.318 175.476 169.878 171.816 164.889 163.053 156.615 155.277 156.604 149.016 147.703 141.531 143.484 138.47 137.684 133.44 127.132 127.841 124.015 121.628 118.446 117.724 110.119 110.778 114.999 106.206 106.409 106.772 104.332 102.473 96.4051 100.483 94.7463 96.3951 90.4419 90.1039 90.8696 85.0121 85.4327 83.7234 84.7197 85.0214 84.5469 78.9734 78.7934 76.9369 77.3033 83.1503 78.875 76.0938 78.7776 72.7055 75.1779 70.6975 72.6052 70.6877 74.2109 67.4732 74.2076 73.2998 69.8738 67.7314 68.2804 66.8919 62.2763 70.4526 65.613 64.134 67.79 70.1058 67.9779 64.4322 64.1625 60.3004 63.1607 61.7763 65.3358 61.4647 65.8705 61.2137 64.6129 65.6528 61.7733 58.7287 61.761 63.7446 59.9375 62.1017 63.8081 61.8519 60.1832 62.5082 62.9363 62.5476 63.2819 65.5115 61.5238 63.8582 61.5493 64.0961 64.3484 64.5475 64.221 60.6424 64.4047 64.958 59.9415 60.5596 64.537 67.1257 66.4988 67.2804 65.6319 65.2104 70.2102 64.0676 67.4468 66.3608 68.9827 65.6983 66.3109 65.4169 75.4524 70.3634 70.0733 69.5248 69.9453 73.3486 73.583 73.1009 76.6551 73.7053 74.1595 76.8232 77.1661 77.9839 77.562 76.4263 78.3876 77.1003 80.4372 84.5742 83.163 85.2459 84.3569 85.4465 89.0246 87.6741 91.5352 90.7895 89.5899 95.6975 98.6682 97.8634 101.673 97.906 101.729 102.588 107.041 109.589 110.564 111.259 119.158 122.214 122.942 119.857 128.176 128.934 136.447 135.768 135.986 136.634 141.683 147.715 147.407 152.445 156.971 157.915 163.011 165.385 170.536 169.058 175.875 180.264 182.169 183.5 185.514 188.61 189.83 193.521 193.842 196.382
194.883 194.316 190.93 187.771 187.236 188.274 181.336 177.793 177.824 171.204 169.736 166.177 160.754 161.762 161.109 153.143 146.762 143.538 142.737 144.527 137.808 135.059 130.382 130.212 128.389 121.93 118.895 114.271 111.407 115.31 113.325 106.614 104.773 100.427 98.0145 97.7378 100.407 95.8203 95.5618 92.8472 95.2869 85.5169 84.3671 85.3917 87.4916 81.7184 83.4408 79.8679 82.3061 77.638 81.3573 78.5085 81.4105 77.6477 76.4662 76.7331 75.4659 76.7975 72.3864 67.5777 67.1945 70.5041 67.9344 70.5813 68.0943 68.1974 64.8536 64.9697 68.7496 64.8118 68.6077 66.7107 62.2863 64.081 64.2906 65.3759 61.8998 62.297 60.7614 62.2703 59.2396 63.4841 63.4883 62.1554 55.7385 62.8952 61.5526 60.5668 58.3838 58.27 59.6785 60.7781 56.1004 61.666 60.0336 59.1231 57.621 56.4345 56.7107 59.2277 57.1453 57.8713 53.7151 60.1175 61.7676 60.2835 62.6714 57.3977 59.6443 64.2177 58.1742 65.5699 61.476 64.7755 61.5161 59.1795 60.4879 61.5583 64.6817 62.8106 63.5475 60.5209 67.8184 63.0391 62.4598 65.8255 66.2911 61.6732 64.1096 68.935 71.0724 64.2455 68.6908 69.2703 71.0907 72.3607 67.319 69.419 70.1705 70.7184 71.678 73.8853 74.1708 74.0521 72.8813 76.5805 78.8628 77.5685 79.8286 73.1412 77.8644 85.2826 83.0101 81.3931 78.8262 83.6125 86.0908 90.7911 92.2291 91.6267 93.3443 89.9716 96.8366 100.75 99.9477 108.574 108.088 106.971 106.68 107.565 115.491 110.303 115.761 118.758 125.759 125.082 122.531 134.19 135.652 134.764 139.589 141.28 146.713 150.128 156.743 157.606 162.761 159.855 165.058 166.669 173.222 177.015 178.53 181.434 184.096 188.901 190.915 192.458 194.395 195.932
195.926 194.034 191.257 188.507 187.216 184.394 179.316 174.861 172.99 170.856 165.319 166.117 158.447 155.479 154.779 148.021 144.842 137.642 140.488 134.348 132.844 128.439 125.436 121.062 122.506 118.786 109.457 113.245 110.166 105.819 111.194 104.522 99.526 97.1142 100.583 93.4657 97.3325 91.154 85.9017 87.3771 84.7998 86.1244 83.6966 80.5531 81.3429 81.0637 77.1317 80.4344 72.0935 77.8829 75.1345 75.6604 72.722 74.4177 71.5966 71.6689 73.6756 65.0221 68.0947 68.9229 66.3141 71.2459 67.8239 68.4799 67.7417 64.8252 61.9638 64.3601 61.3398 62.9674 62.663 63.4423 57.3433 61.9594 60.6579 57.4601 61.6888 61.5946 64.2618 59.9346 60.9773 60.5434 58.0495 58.0887 58.0853 55.2187 58.2522 59.7515 54.9918 53.5698 58.4149 59.0411 63.3237 58.0294 56.2219 58.4882 57.21 57.9228 52.5613 57.027 59.9483 55.2197 59.4136 58.3988 57.6781 55.2809 60.0698 55.7345 53.9767 54.1638 52.7588 56.2869 58.557 57.3961 55.1404 56.4788 59.9474 57.9894 60.0488 57.8603 60.4798 56.9099 63.466 59.1084 60.8487 59.0854 62.378 61.5739 61.7546 64.1527 60.5511 59.6566 61.2962 65.0327 61.8054 63.3854 61.7581 63.6848 64.3937 71.3101 69.4774 66.0555 69.961 69.6449 72.0007 72.3494 73.1527 74.3259 73.4357 72.4796 76.9306 81.676 82.7499 76.8693 82.6895 85.1448 82.9334 85.9396 84.8324 90.2765 93.0623 95.4119 93.9595 97.0858 100.049 95.8895 99.8051 102.193 105.054 105.981 106.91 106.372 111.713 118.368 115.478 116.291 123.784 126.73 130.47 132.328 136.635 139.11 146.039 142.544 147.527 153.016 157.658 159.574 163.336 166.924 170.301 173.262 176.417 182.178 183.934 185.377 190.559 192.723 192.942 195.736
195.226 192.163 188.865 189.143 185.754 183.032 179.075 172.565 172.473 166.679 168.927 160.563 156.151 154.875 152.175 143.435 141.609 140.339 133.718 132.675 126.068 124.811 121.655 122.511 109.64 114.351 109.451 107.472 108.928 107.931 103.374 98.4375 98.3707 95.7043 92.0767 90.0809 92.4451 85.6393 87.1724 82.4115 84.2258 83.8956 79.3929 80.0611 75.4522 83.5851 79.6682 75.2013 77.2392 73.7808 72.4039 70.0593 68.2625 74.5051 67.5055 67.2632 63.9853 65.0181 70.4239 63.9416 64.3737 63.9769 67.0107 64.0664 63.8881 63.744 64.2422 62.3204 62.0808 56.974 60.129 59.4264 59.6452 57.4943 58.5791 60.4734 54.5788 54.1666 56.0476 57.1716 59.9968 59.4951 55.7869 57.9976 57.5966 57.3712 52.5911 55.7147 56.2851 54.9612 56.0791 52.2942 55.5212 51.5875 54.1757 54.0763 55.4931 53.6467 51.0713 56.2777 49.4224 55.1285 58.5545 56.7301 56.0062 57.1393 50.7535 54.3678 54.1533 54.5063 54.9113 57.7189 53.5996 54.2116 58.6531 55.3395 50.6988 54.4448 57.1826 56.649 61.2324 54.1947 52.7284 57.6686 61.8932 57.6187 58.8297 59.1714 59.711 59.8034 58.0461 61.0893 63.9825 60.3588 61.1517 62.8016 65.8182 56.6942 60.4886 65.0539 64.9903 66.3613 61.6744 67.9018 70.0212 70.3635 69.4616 69.9901 73.4758 72.571 76.1865 73.4668 74.1803 80.1539 79.6772 78.672 80.9086 73.4054 82.5481 84.2832 86.4308 87.959 90.7042 91.2506 93.5977 91.6787 94.6591 102.687 99.5613 102.984 104.776 106.922 105.431 106.026 114.147 116.346 119.694 125.699 124.283 128.225 128.918 135.913 137.989 140.932 142.906 151.111 154.421 156.905 160.572 163.985 168.48 171.882 174.18 176.448 182.248 184.814 184.499 191.08 193.456 195.357
194.951 193.458 191.299 188.481 185.844 183.087 177.265 173.352 168.723 163.569 167.297 160.353 155.612 150.014 144.526 143.185 140.295 134.843 133.897 127.188 124.982 125.007 120.059 119.192 110.567 109.314 110.219 107.802 106.562 101.69 97.7554 95.0364 97.8097 91.9802 88.8811 91.4221 88.77 82.563 83.4484 83.0273 83.3289 79.0616 80.4617 75.6959 77.7465 77.4436 74.5891 74.3275 72.2144 73.8678 67.5056 68.3994 65.9314 64.3644 69.4174 63.9196 63.2424 66.9576 64.0475 65.3739 63.1752 60.0926 65.666 63.2473 60.7334 60.5535 59.2228 59.9627 59.0448 57.4873 56.6354 59.6877 59.3569 58.7778 56.8595 53.0341 60.1845 56.7988 57.6266 54.103 58.9483 55.271 54.9347 51.186 53.1618 51.6578 55.4898 49.9043 51.6714 51.7836 46.624 50.2495 49.7638 48.0414 52.3785 54.4302 50.3318 54.5136 53.9408 53.0854 52.3245 52.7181 55.0752 52.4509 54.6504 50.8193 53.4174 49.3587 54.6935 51.3626 51.9464 52.9579 51.6014 52.2742 55.1572 54.3205 52.5479 55.2922 51.5106 56.2507 52.6409 53.4079 52.932 59.8941 53.307 57.2093 55.5415 54.661 56.7323 54.6873 58.5452 55.8288 59.1996 56.5496 57.2996 57.6695 60.0342 65.8249 59.7989 63.3015 60.6904 59.9191 62.2408 68.0825 68.4331 65.7323 69.7318 72.7122 70.764 73.6224 71.1415 68.9303 73.4453 75.0552 78.6137 80.1102 80.7444 76.058 76.4786 81.2981 83.7823 84.5655 85.9416 83.0735 93.5635 91.6458 92.0548 92.1411 95.0155 98.7767 101.02 101.419 101.785 104.711 103.971 114.783 116.301 119.393 118.854 127.217 131.781 128.701 134.836 137.883 142.84 146.984 147.592 155.778 155.575 163.06 165.634 169.785 172.203 177.723 180.174 185.079 189.375 190.958 194.019 194.323
194.754 193.685 190.508 185.382 181.269 178.995 176.071 176.524 170.082 164.092 157.61 157.667 152.467 147.947 145.11 139.133 132.91 134.039 128.333 124.807 117.458 122.18 114.203 114.398 107.728 107.214 106.27 102.281 93.9353 96.8264 94.3495 91.4244 92.8544 88.3928 89.5266 82.1249 81.9568 81.4301 82.6192 79.0919 81.1239 82.1457 77.1546 72.2115 78.2911 70.0481 68.8795 71.5108 70.9654 72.4068 65.1713 64.5915 65.7743 63.9238 65.9981 66.6961 65.5971 62.4327 63.1704 62.6742 57.3872 59.9423 58.9106 60.1594 60.7159 59.7155 54.8406 53.6395 55.7303 55.2278 54.3845 56.0509 53.7731 54.6344 55.7697 57.0708 57.5032 49.5207 54.759 53.5595 47.479 53.6164 54.2991 49.4995 53.7579 50.3118 53.9436 52.6315 57.7783 56.8851 50.4544 52.2789 50.6116 50.5971 51.4557 55.334 47.946 49.2978 51.5257 47.687 50.1888 49.9955 50.2641 51.3242 47.4457 49.8148 53.0073 52.6318 51.1826 46.9998 49.9233 49.9442 47.3883 52.4135 49.7134 50.9229 51.995 53.5378 52.9948 52.9389 54.8856 58.1895 57.3479 50.8348 50.1317 50.8758 53.1636 53.3306 56.453 55.0549 54.1664 54.0512 57.3995 54.7348 58.1301 61.333 58.0183 53.7288 60.2925 55.5916 59.4248 61.3767 59.6969 68.0095 59.349 70.6705 62.448 61.4859 67.0225 64.8898 68.475 73.5598 67.441 71.3217 69.8985 73.8441 74.4917 78.6974 75.3945 80.5899 80.0858 79.6073 79.3318 85.5215 86.9545 89.2436 91.3474 92.0825 94.9208 92.0325 100.749 103.039 101.369 106.893 111.688 109.579 111.846 116.722 117.675 122.639 122.877 129.841 130.697 136.015 138.085 143.587 146.962 155.104 156.605 159.154 166.041 170.024 169.667 177.295 179.449 183.81 184.657 190.34 192.253 194.563
193.399 192.518 189.189 187.556 183.546 177.945 174.643 169.621 167.665 161.803 158.322 156.781 147.926 146.636 139.693 139.534 132.336 125.15 124.272 122.645 119.409 114.642 114.896 108.209 103.024 102.554 100.403 100.147 95.5306 99.2358 94.9773 86.1834 90.4825 86.6623 86.2214 79.4196 80.6007 79.262 81.7648 75.6156 75.1263 76.6112 72.6085 72.4297 73.7338 66.1696 67.0079 69.6066 63.2298 65.6266 69.8405 67.0331 61.4404 65.0114 62.0273 62.6259 59.8732 62.0172 60.4535 61.3385 62.871 58.2085 59.9968 57.1188 55.1276 58.2286 53.9912 53.4576 59.0642 55.8733 56.7752 54.7795 50.981 49.1282 52.1378 51.8357 51.3513 52.1277 50.658 50.2429 53.9048 54.2895 50.2589 48.0903 51.003 51.2526 51.5962 48.1566 51.8507 50.1741 52.123 47.0573 48.2724 48.7621 50.4149 46.9265 46.9611 48.821 44.9499 47.4647 49.1702 45.7215 50.9826 47.576 48.1765 47.3803 48.0954 47.6387 51.0383 46.5731 47.7801 49.1518 47.5453 46.4795 49.4454 51.606 49.6235 46.9688 46.9512 52.7357 54.4062 54.5671 51.6395 51.6699 50.9934 53.2635 53.6781 51.4833 55.3138 55.8956 55.3586 58.0057 55.0897 53.2167 56.3018 58.8372 56.5954 60.5502 60.4249 59.7709 53.1766 60.739 58.1927 59.5829 63.3427 58.1274 61.0271 59.7982 66.3933 64.2735 66.3984 67.6937 67.4889 71.6201 72.3784 69.1338 74.1141 75.5268 72.7243 75.1234 80.887 80.1862 79.1768 80.9581 85.3957 82.4481 86.2293 92.8675 88.5845 93.9914 95.4759 94.68 100.962 104.234 103.518 107.731 107.149 108.02 117.016 119.772 123.806 123.109 130.159 132.612 138.225 141.744 141.879 151.039 154.296 158.298 161.364 166.279 169.635 174.882 179.154 184.341 186.121 188.791 192.815 194.998
193.73 192.294 189.19 183.085 180.81 173.431 170.946 170.809 162.867 159.464 157.497 151.699 146.997 146.382 135.353 135.802 132.676 124.669 121.536 119.755 117.972 109.522 111.354 108.329 107.146 106.499 103.572 99.0573 89.6059 89.4493 94.596 90.2089 86.8768 89.3174 83.8495 80.6751 80.8472 77.297 78.1847 79.2531 75.5989 73.2311 71.4018 66.0749 67.7158 71.8595 67.4257 64.0653 66.1061 64.9944 61.5756 62.219 62.259 57.8635 57.7509 59.8989 58.4186 60.1882 58.8162 56.75 59.3105 54.9955 56.5706 54.295 55.4798 55.217 55.9967 48.276 51.2042 50.6126 53.2814 54.65 54.8055 49.6038 49.2897 50.2037 48.206 48.2489 48.4214 51.0276 52.2041 48.4687 54.7276 48.3237 48.8453 49.7875 43.1097 47.5868 45.8829 47.4741 46.868 47.2634 45.8851 46.6154 44.3896 48.9347 48.9159 43.8421 47.4567 46.6835 43.0713 48.1982 48.3501 45.9597 43.5743 49.3248 47.1249 48.0565 53.6268 50.7247 48.9978 45.4188 49.3844 48.104 47.3908 51.8966 51.1319 47.5003 50.34 47.6222 52.4006 51.267 48.0976 49.9512 50.2272 47.1881 54.6468 54.981 54.1539 52.139 47.5919 52.74 53.7849 55.9319 55.46 56.6603 58.69 52.9566 56.9926 57.9527 60.1201 59.743 56.9172 60.4553 57.2177 60.5198 60.562 60.6325 61.9879 67.553 68.5542 60.869 65.1759 68.4734 70.5559 70.7876 73.9334 72.2114 69.9011 75.3249 76.5769 75.3018 76.187 78.1456 78.885 82.2496 80.7517 85.9277 88.6669 88.7576 89.8223 91.4272 98.9571 97.7621 103.225 103.483 106.888 108.088 110.844 119.807 122.891 125.65 122.384 124.534 136.431 138.356 139.649 146.534 144.636 151.824 159.944 162.54 171.413 173.882 177.19 181.043 184.792 187.011 191.933 192.886
193.008 190.056 187.256 182.559 178.671 174.918 169.554 166.291 165.299 159.548 156.926 149.367 144.166 139.177 135.766 130.595 127.954 129.153 120.775 115.245 109.784 109.322 107.517 103.834 100.731 102.138 95.8058 90.4159 96.3264 87.0723 88.1255 85.4288 79.9235 84.6845 81.693 83.1299 75.895 71.1443 77.5549 75.033 72.7691 66.8732 71.0309 71.2377 70.8849 67.8729 65.7381 64.8398 63.7086 61.9668 62.9328 57.8569 59.6656 60.2527 58.409 53.6284 57.7053 57.1699 54.5865 57.2103 54.9942 57.0104 53.7991 53.3648 54.1096 50.4892 52.335 47.5354 51.4139 50.4346 52.7784 50.624 52.9552 51.6798 51.8993 46.9331 50.2506 50.5947 45.7271 50.9161 44.3083 51.1582 46.2581 48.425 49.4145 47.3606 44.6867 43.8013 45.3008 44.3656 43.4827 49.2991 48.047 49.6765 45.754 44.5012 46.4985 47.6622 44.9775 43.2603 43.3881 50.0019 46.4816 47.0978 45.4906 48.2839 42.6236 45.5476 42.7078 44.2367 46.6848 47.1673 48.9752 46.6922 49.3438 53.5861 48.2843 50.6462 49.0385 49.3784 49.8547 50.4645 50.8306 48.3982 50.1399 48.3419 53.3205 50.2729 49.5209 52.6583 53.2009 53.1915 52.2713 50.8928 51.0076 52.28 52.9606 54.6595 52.8787 54.7769 55.8257 54.7704 56.5084 63.2981 56.1819 59.5488 63.5178 60.9399 62.8272 60.2657 63.2784 60.494 66.7107 66.794 66.4806 67.8451 71.7362 68.6565 71.762 78.4738 73.8669 72.5076 77.7443 74.7769 80.3458 77.5633 81.4916 87.1839 83.0574 89.8655 88.2063 90.1066 95.4316 97.5464 99.0037 101.175 103.589 108.613 111.069 114.066 114.352 120.343 125.452 126.176 130.285 132.588 136.318 143.751 154.665 153.633 157.964 165.759 164.129 173.093 176.51 180.11 184.884 185.058 189.729 193.979
191.611 190.652 185.431 183.855 177.318 176.065 169.772 165.045 164.136 158.376 152.147 147.106 144.403 134.946 134.356 128.754 126.244 119.071 117.371 107.486 109.43 106.866 105.91 100.698 99.3266 99.0835 97.4218 94.3404 88.4957 86.0576 89.6806 83.3782 82.8267 82.9654 80.7146 76.8602 71.4827 76.4906 73.6107 71.2471 65.0988 68.5263 71.907 65.2476 64.5073 68.3822 64.5621 65.0303 63.7607 63.1835 62.4359 59.8042 61.9576 53.0055 61.9968 54.6197 58.7223 55.2642 57.4952 52.5238 53.2946 48.8936 52.0018 54.1093 51.3494 50.861 51.8717 50.5084 46.9993 48.3478 51.537 54.3417 50.0163 48.4658 50.2664 47.2725 50.3773 49.4675 46.5764 45.2224 45.4892 41.928 47.6861 49.7488 48.5389 46.2388 44.3412 47.0301 40.4386 43.994 43.9562 47.3043 45.1234 43.3996 46.6922 45.1343 45.6269 40.2468 38.2777 42.4288 46.1568 42.9836 40.4759 45.6402 46.3805 43.195 44.5704 48.2643 43.6575 46.6833 44.085 47.886 45.6538 42.1479 45.9314 46.7065 46.9407 47.379 46.0763 46.9304 44.226 45.3197 49.7121 45.3142 42.17 47.8007 52.7591 48.3048 52.2618 48.075 51.9007 52.5928 47.5082 49.253 53.3822 52.6918 54.8964 56.8049 53.4651 50.384 53.2519 55.1663 53.5063 62.3142 55.3235 57.4702 59.3445 59.3004 57.3843 62.3995 62.9346 62.6859 63.9056 66.8969 68.0981 69.7315 64.8496 65.4847 73.1339 71.1886 71.5875 69.147 75.2406 79.0532 79.3438 82.5555 78.7018 78.1095 84.6652 86.1714 93.1903 87.7684 88.9297 95.2147 97.5072 97.3003 101.316 108.077 108.588 110.404 115.493 117.104 117.284 128.035 130.181 133.106 136.046 142.755 147.964 153.282 157.326 162.527 165.779 166.37 175.037 176.707 181.226 186.59 188.888 193.27
192.387 189.829 184.475 181.805 179.068 171.456 168.376 162.711 156.772 156.084 152.04 145.543 142.512 134.442 132.776 126.952 123.222 119.435 115.129 111.727 112.158 107.945 104.189 96.1118 98.9063 97.6966 88.3764 88.9466 89.5718 80.0446 86.7643 80.1894 79.1566 78.9022 77.9865 74.3037 76.2657 73.652 73.54 70.694 68.2103 67.504 63.8623 62.4053 63.6406 63.4185 60.6631 60.2435 56.9777 62.7417 61.795 58.4646 57.322 58.9196 53.8888 56.0396 49.613 48.29 54.2945 47.1102 55.5287 51.0727 51.9506 51.4299 49.7781 51.4753 45.367 48.7755 48.7138 48.6004 51.5365 46.2829 45.8974 47.9986 47.2509 45.3892 49.6953 47.7158 47.6603 46.1345 45.4506 47.1179 43.6384 44.8191 45.1306 45.5925 41.2923 42.3554 49.8561 44.2268 46.3923 41.6181 45.0649 42.0178 43.7982 41.8758 43.5005 43.2323 43.1051 43.576 42.8557 44.1404 45.5549 44.0761 44.4228 45.1499 42.9083 43.7452 44.7928 42.849 43.5164 41.8969 40.1134 44.7233 45.3584 44.544 46.1727 47.6729 45.3158 44.3705 45.5614 47.0839 47.7693 47.5729 45.0387 48.1539 46.8566 47.2115 49.5101 51.709 48.2077 48.1046 50.2578 49.3504 49.892 48.9876 49.9864 50.4221 52.3034 51.2913 54.809 56.751 53.0214 57.5428 52.8847 57.2919 58.2021 58.4117 58.8609 60.0449 64.6474 62.2466 63.0703 60.2119 59.8469 64.7889 68.8211 68.3164 65.0185 65.0361 72.8128 72.8068 71.178 74.1566 78.2165 78.3982 72.241 78.809 81.1359 84.4567 86.9784 83.5581 87.7837 90.529 95.1236 94.6871 96.0855 102.546 100.462 109.608 116.094 111.839 119.874 123.396 123.136 129.661 136.2 141.296 143.862 147.353 158.064 161.195 160.349 169.268 172.707 177.531 185.513 186.621 189.226 189.5
191.434 184.574 185.774 177.772 172.752 171.749 168.449 162.18 160.011 153.16 148.139 146.979 135.595 134.685 128.28 124.169 119.832 112.519 109.469 108.802 105.314 106.036 103.261 99.4004 94.6678 92.4071 89.8002 87.3383 84.2806 87.6432 83.2159 76.5609 75.69 80.6996 72.5308 72.5084 76.0162 72.2282 72.8491 68.6424 67.3091 67.7761 67.4136 61.6574 61.5166 60.1866 60.7768 57.667 57.8835 60.1935 60.6045 56.8139 57.1625 56.4896 56.3944 53.5337 53.6116 48.9736 51.8669 48.4545 50.6663 49.3729 50.1335 50.0907 49.3361 47.6997 45.8493 49.4117 48.7897 49.2327 48.5244 48.345 48.3426 45.1028 47.063 44.5405 43.5773 46.4127 44.6233 42.6854 41.8732 49.3893 42.4773 43.5559 44.2798 44.7404 42.5241 40.794 43.0381 42.602 42.1955 41.9241 36.7631 42.8728 41.7665 41.1333 43.1338 42.3998 40.573 40.7621 43.6604 41.2975 42.4894 44.2468 42.6695 42.1404 42.4231 42.7086 41.2827 41.4567 45.0967 43.7915 42.2364 37.386 47.2449 43.0321 43.9814 47.5447 45.4677 46.4217 41.3537 44.0306 47.1433 47.0322 46.4453 50.5475 46.1377 48.8591 49.9046 51.1106 49.8124 48.0638 46.4736 46.7545 47.2563 48.9721 51.7258 52.4291 49.1016 51.3571 47.3739 54.2987 54.4923 52.7309 54.5846 56.2717 54.4067 58.2508 57.3979 58.8897 60.9478 62.6034 58.5943 60.4408 54.98 62.4079 62.3343 59.3489 66.1547 67.5744 69.1253 68.5721 73.8247 69.6992 73.2739 76.3999 72.2666 78.2763 79.5554 79.2765 82.5558 86.5778 88.1909 90.949 92.458 97.2427 94.1613 95.1205 108.58 110.993 110.189 115.246 117.919 121.456 126.181 128.245 134.979 138.351 143.414 149.463 154.01 158.212 163.005 167.733 171.576 177.855 182.199 186.383 186.057 191.066
193.801 186.359 185.488 178.063 176.015 171.65 168.116 160.413 156.688 150.799 145.538 145.611 137.723 133.445 132.768 119.741 118.562 114.648 108.527 107.083 102.157 101.622 102.185 94.9307 90.805 91.961 85.5442 89.9183 84.3343 83.2256 79.0021 77.888 76.4857 74.2255 72.5311 70.5926 67.8864 72.4045 70.2434 69.5268 64.6499 63.4331 62.9892 63.5922 56.8477 57.3749 62.9512 63.2607 52.1483 56.7223 54.1104 55.0346 56.2521 50.5678 53.7074 53.3619 55.3776 53.6351 52.3061 47.164 52.0793 51.3279 45.3893 51.0214 46.3678 44.0823 45.3032 48.8736 51.6227 45.0577 45.1319 47.5989 48.446 45.0771 44.9655 43.758 44.4267 44.6841 45.075 43.0348 43.5446 43.9087 45.7474 39.8112 43.892 42.3261 37.5922 42.3011 41.6734 42.7497 38.7597 41.1906 40.668 39.6389 42.9794 39.3424 41.0581 40.8736 43.4696 40.5114 44.7098 40.3103 46.7144 41.3962 42.1954 41.552 40.5944 41.3682 47.9453 39.7625 43.1653 43.5997 39.8096 42.2665 45.5751 44.1849 40.6011 47.2147 40.9024 40.9301 43.716 42.0716 43.1815 45.1966 45.7976 42.9747 45.1429 44.1537 47.4301 44.3175 46.0448 46.2015 46.7571 42.4894 45.2997 47.6679 52.7186 48.7355 54.3761 48.0665 51.4012 52.5735 56.2435 49.5281 53.3061 55.9964 52.534 58.6443 55.5724 58.6528 55.3138 57.19 54.7321 60.7308 58.8268 56.3803 62.5962 61.1949 67.8348 61.8511 68.2987 66.0016 67.951 69.6562 77.8499 74.0438 75.3851 79.7542 81.1085 80.1632 80.4008 83.2286 87.9082 83.8234 88.0833 93.6939 94.766 94.9732 101.405 102.563 106.823 107.201 114.369 124.976 120.379 131.086 130.276 135.517 139.436 138.688 148.693 156.993 158.431 164.544 170.692 171.241 180.352 186.164 186.607 192.626
190.129 187.764 183.06 180.581 175.408 169.154 164.172 161.087 152.699 146.874 145.262 136.361 133.711 130.724 125.056 125.299 116.038 114.294 106.233 106.357 102.661 99.876 99.9583 93.1865 93.8605 89.5417 88.2788 81.1901 82.8748 78.4255 78.0326 74.0032 78.0575 74.3764 71.5182 65.9608 67.0661 70.894 62.7784 66.9725 61.8852 65.7984 64.5047 62.0438 56.7033 59.8555 59.4932 58.4939 54.9609 54.0245 56.5673 52.9733 58.473 51.9122 47.6686 50.5587 44.5333 49.8486 51.0998 45.5548 46.7311 50.8299 51.1924 47.5929 46.3717 48.5289 44.8331 47.3937 43.9893 43.3687 43.5921 45.1373 46.3635 42.0154 49.265 42.4781 48.1066 42.4054 42.7267 41.3263 44.4706 43.7538 44.1823 44.2011 39.9182 40.7231 40.1902 40.5215 36.8457 41.6924 42.9775 44.5159 38.2046 37.0569 41.0446 37.9275 39.2014 38.5907 37.5166 38.2035 38.8867 41.1239 40.6725 42.5942 36.9934 37.8368 40.2767 41.5957 44.1346 38.4436 44.4732 42.3376 43.8794 43.348 40.8241 40.5119 43.118 44.8361 40.7012 44.7716 43.4387 42.5592 42.4524 44.436 45.165 43.095 43.2249 44.3384 46.1195 45.7104 45.42 47.0277 46.9544 42.105 48.164 48.5895 44.5649 47.0614 47.8779 46.6596 51.6641 48.4095 51.3199 49.396 51.4619 51.734 51.7615 51.728 55.105 56.6765 56.5111 58.03 57.7122 60.1556 58.6481 60.3193 58.497 63.8954 65.7926 65.221 65.7181 69.1554 67.3043 71.8386 70.8446 74.2044 75.6274 73.7784 77.8252 81.0617 82.012 78.373 82.3246 86.548 87.4867 89.4253 93.0813 94.0056 97.1833 100.801 102.175 111.279 111.183 116.758 118.057 125.51 133.857 133.458 136.951 145.069 148.533 155.255 156.598 162.315 169.164 176.633 179.64 185.005 187.235 188.438
192.323 185.317 183.699 176.18 175.058 168.208 163.527 158.949 154.739 148.514 140.036 138.781 132.865 127.071 125.65 117.256 112.521 112.418 110.639 103.791 103.442 91.7879 96.5552 93.7122 89.2762 86.3757 83.1586 84.7383 80.9089 78.7897 73.864 74.7249 73.7792 72.0088 74.3808 72.4388 66.5406 70.1608 61.4869 65.8887 61.1319 63.297 61.8054 61.5341 57.573 57.1652 57.7048 57.0618 55.7768 54.0616 56.2571 56.0039 55.0744 52.4671 53.0611 53.9167 50.0555 51.3947 47.5569 46.8976 47.9734 49.8457 50.3521 48.1827 42.9572 46.4113 45.312 44.9693 46.6762 47.8502 45.4534 45.454 41.3144 43.2734 44.2562 41.054 41.5765 40.8605 40.4269 41.9004 41.7643 41.654 42.0378 42.8052 41.7238 39.9321 38.9659 40.771 41.325 39.3364 42.4728 36.9235 38.5141 37.7592 36.7099 42.9405 42.3657 38.21 41.6785 40.8168 39.2399 39.9337 40.913 39.5757 41.4291 37.2412 35.6989 39.2344 37.7063 40.2498 39.0304 38.3928 44.7961 39.0193 42.0777 39.0277 40.7447 41.6176 40.6497 38.0849 42.7466 41.7704 41.0054 41.7763 41.5047 44.3133 45.7821 45.7382 48.3337 43.2424 44.6065 44.9094 44.8889 45.7829 48.7088 47.8115 46.8097 46.001 45.489 44.9865 48.228 48.975 50.1944 55.688 50.6141 47.7005 52.2113 48.1146 59.4112 52.6184 52.0588 50.4223 55.6066 57.1399 58.4433 58.9866 62.788 62.6625 62.207 61.9372 65.262 66.4098 66.5988 67.8658 66.4882 66.9153 70.9445 69.4188 77.213 79.7027 79.4483 81.9248 78.0534 84.4944 87.6281 88.5784 90.8841 98.1973 97.1412 99.9508 105.414 112.421 114.842 113.865 117.104 120.853 127.406 131.793 139.428 140.021 150.841 149.782 158.815 160.413 170.835 176.941 179.657 181.348 184.916 191.868
189.738 185.826 179.803 179.599 172.246 166.834 164.876 160.581 144.855 148.189 141.401 134.343 130.493 126.693 122.232 117.065 117.269 109.814 106.028 102.236 97.1445 89.4826 94.3675 91.9119 84.5507 83.8705 83.4055 81.3555 78.3498 79.2901 75.2537 71.624 67.8732 68.9061 66.1227 68.1193 64.6452 67.5547 66.5104 66.1663 63.2931 63.6919 61.0704 61.5965 57.5463 55.1501 55.0158 53.9179 55.212 54.0896 49.3746 52.5839 52.4697 54.0932 49.9693 48.2162 48.8608 49.84 47.0665 48.1283 47.9374 50.7521 48.5055 47.6722 45.6463 44.6011 42.4671 43.7687 43.8423 45.1336 44.9866 42.3768 41.8486 40.4195 40.664 41.9994 42.034 38.6727 39.9249 39.8152 40.9323 39.8848 39.4588 39.041 40.4851 38.2862 39.5188 37.91 36.4965 36.698 39.3231 38.4032 39.0897 38.2522 39.5975 36.1479 39.0157 38.7103 35.7835 40.7145 37.283 39.7058 40.2444 37.1596 37.27 39.9473 40.0955 39.868 36.4603 40.6037 38.8914 43.9835 38.1606 39.3389 40.1128 36.349 39.9008 38.438 37.1695 41.7878 39.7487 41.4311 39.4888 42.4618 44.3997 38.6538 40.8488 42.3721 40.8083 38.2138 43.1963 43.5207 43.0625 41.833 42.3844 48.6371 48.1476 47.5456 49.8403 46.0953 48.4302 49.7305 46.0132 50.3649 51.3081 54.3911 52.6894 52.6837 51.8573 57.2203 54.0377 54.8692 57.2475 57.9823 56.0591 60.2257 58.3995 61.862 60.6888 60.6367 63.866 66.3534 60.767 65.5484 71.4678 72.8276 73.1878 72.1303 70.7871 72.3058 76.8146 77.3952 83.515 86.1737 89.6006 87.1774 91.7689 94.4427 95.3921 97.7207 102.377 110.039 110.255 118.434 119.968 121.117 123.747 126.767 134.584 143.065 144.402 151.76 157.296 159.97 171.798 173.654 176.258 180.951 187.662 190.808
190.268 185.279 180.583 176.538 169.089 166.952 161.567 156.411 149.606 146.293 136.67 134.417 129.581 122.849 118.782 117.785 112.699 107.479 103.857 99.4539 96.8324 97.3285 90.3054 83.6061 88.4545 85.3609 81.3904 81.1603 75.7439 74.6413 74.5122 73.3928 69.2968 71.4032 65.4608 66.1773 68.1764 62.7018 58.7674 61.8745 60.2234 63.0803 56.9511 58.2269 55.8001 58.0281 52.8043 54.9602 52.1725 51.804 55.5669 52.1432 48.8846 51.0898 49.1791 49.4782 48.8133 48.5969 47.2029 44.54 47.662 42.8861 45.796 47.4848 47.8614 45.1375 44.0426 43.0467 40.1204 41.8119 44.1928 41.103 42.6983 42.7092 40.4178 41.3503 44.6026 43.3711 35.3353 38.0106 42.5054 45.2143 39.9256 39.7835 37.9975 37.6864 38.7822 37.1726 37.866 39.5003 38.5418 37.1343 38.6143 37.3558 41.7581 37.9231 41.0334 35.7138 37.3548 39.908 37.7199 38.244 36.5926 39.4229 40.1787 37.7258 38.6613 35.6887 37.2133 38.0374 36.7853 37.8065 40.4209 41.4089 37.4705 38.8371 39.084 40.3886 40.6096 40.6231 39.4027 41.6255 37.2396 38.9857 41.8296 42.5363 42.3143 37.1639 41.6261 43.3742 43.2764 43.0362 41.7272 44.3071 44.162 43.0362 46.4181 47.2055 49.1054 45.1113 45.8701 46.6529 46.2832 49.0758 49.1515 52.9763 47.6636 53.214 49.1865 53.8039 53.2783 47.0457 51.0398 56.4344 53.4454 58.2473 56.0817 56.0583 61.2775 64.2523 63.4026 64.6698 62.1099 65.6467 66.0146 65.6285 68.3488 68.0223 75.3455 73.9307 77.4927 79.7083 78.6738 80.8264 87.7723 88.5431 85.648 88.3731 93.4323 97.7328 99.3147 104.954 105.739 111.361 117.954 120.852 127.392 132.088 134.888 137.114 141.76 148.387 156.606 160.425 167.318 172.516 176.967 181.159 187.503 190.683
189.679 186.855 181.558 172.97 169.561 161.304 158.211 152.659 149.632 143.596 137.375 134.804 126.332 119.409 117.898 110.804 109.77 103.151 97.581 104.488 96.0241 88.7382 88.3311 86.811 86.4111 85.5224 84.0389 80.5663 75.5232 76.309 76.0017 73.5038 74.0361 67.6015 69.2305 69.0431 65.5705 61.6473 60.371 57.3471 63.0936 57.4519 56.0908 54.3018 54.7544 56.6276 57.1729 53.2998 51.4439 50.6784 48.3188 49.8737 47.6877 50.7234 46.5237 53.6502 44.9598 49.1724 49.6896 42.6172 47.5343 42.9485 48.4549 42.7239 43.2135 43.2749 46.5716 42.8572 42.3631 43.0242 41.9941 40.5846 39.5204 39.2458 38.8927 39.6739 38.5448 41.2879 42.4386 37.6016 37.3229 40.9506 39.598 38.1652 36.3156 39.6756 36.2629 37.2623 37.9771 38.9928 38.7391 33.3252 37.8858 37.942 38.609 36.0101 34.3023 38.2597 39.3404 40.2385 34.2969 37.4625 36.3102 31.412 35.6426 38.1365 38.2097 36.7728 38.847 38.5119 38.6837 35.5535 38.6061 37.301 37.2023 40.8984 39.7025 37.4275 40.8288 37.8561 38.5726 41.7494 39.9825 36.1314 39.4611 43.3089 38.7457 39.4749 47.9619 39.226 46.013 43.713 41.6604 43.3584 42.5432 42.7847 43.0368 43.7978 44.8111 48.5234 44.0254 46.8817 47.0967 43.6902 49.2756 47.3908 53.0749 48.0609 48.6645 53.3692 52.5964 53.5699 56.1617 51.9797 54.6706 57.8103 56.0393 56.6474 57.2558 59.1058 57.9389 67.1373 60.8625 66.4138 66.0017 69.9118 68.4446 68.9985 71.7471 69.7411 74.4003 73.0494 77.4284 81.6544 85.5854 86.4259 86.8294 92.4909 90.5881 94.508 96.9305 103.401 110.213 108.832 118.497 116.032 122.96 126.951 130.213 135.269 142.778 146.975 155.31 157.413 167.41 169.929 176.807 180.103 187.143 191.006
187.741 183.445 179.379 173.904 169.213 164.85 157.161 152.727 146.836 143.275 136.376 128.941 129.444 123.068 115.46 110.647 109.985 105.836 99.7228 99.4342 94.4146 90.4814 85.803 82.3222 82.0645 85.4355 78.3309 81.5492 72.4264 73.0499 72.3832 75.267 62.7754 68.2311 62.2556 64.7985 61.1318 62.8191 58.7503 57.7307 58.1525 57.8878 54.1721 56.9321 54.8878 55.0009 48.1061 49.8869 53.2007 51.961 50.4222 48.165 46.1355 49.6427 50.266 47.3159 41.0455 46.2043 45.9658 45.6724 43.4881 44.2607 44.62 41.761 42.6995 44.439 44.5378 40.806 41.0347 41.8046 40.1743 40.0934 41.5159 39.7784 38.1685 37.2449 39.8811 39.9654 39.9079 43.255 35.2688 37.8924 37.7878 36.3378 33.9424 36.6295 37.3534 36.5806 34.1049 34.5428 36.9567 39.8309 37.6581 36.8814 36.8853 34.5028 37.6442 37.4053 35.6552 37.2958 35.0073 35.4282 37.1405 38.0562 36.188 36.6697 35.074 33.8315 37.0792 33.3942 39.8284 38.0453 36.9095 34.6124 35.5755 35.6406 40.0399 36.6006 38.8737 37.1499 41.5908 40.6978 39.5016 41.3061 41.8779 39.2361 41.3204 40.0224 40.2484 37.1603 41.7108 40.6386 38.8354 42.6782 42.3851 44.9094 41.0165 48.1877 40.4369 42.252 42.8125 43.4399 47.0867 47.9552 48.5169 46.8067 48.2477 50.9407 49.0026 49.3279 50.1246 50.1357 52.4039 51.2009 54.6106 55.7262 56.8192 55.6083 58.7706 59.0091 59.0324 59.0825 59.6913 63.7423 63.8359 64.102 69.1151 70.1139 72.4474 71.1771 71.6438 79.0891 73.7245 76.9389 80.7002 80.3429 88.1213 89.0102 89.5508 90.5476 96.8937 101.707 103.424 106.003 111.393 114.554 120.331 126.257 130.269 130.389 145.348 148.933 151.865 159.638 163.863 172.169 176.758 182.486 181.735 191.069
189.741 186.72 182.876 173.9 165.663 164.587 157.08 149.532 148.758 140.702 134.853 127.044 124.494 121.084 112.913 108.783 111.217 101.958 100.182 97.5734 94.3253 92.3331 89.1235 85.7904 83.0551 84.107 78.4143 79.4989 76.0192 70.6175 68.5386 65.3116 62.9288 65.9725 67.371 64.1992 62.5566 60.3065 58.0802 57.5729 59.0755 59.369 53.8597 51.461 54.8361 51.1543 52.1714 50.889 48.9193 51.6653 50.8907 52.6428 43.7452 44.7237 45.824 44.1501 48.8845 50.7605 47.9063 45.9468 45.2704 46.4632 44.6078 42.037 38.8812 44.6208 41.4943 40.5306 41.1316 43.0275 39.5756 40.5701 39.2717 40.7308 39.7167 42.3214 41.4264 42.4337 36.4296 38.355 36.2181 39.4546 38.2317 35.314 38.1486 36.5428 33.8208 40.2178 36.1825 34.2093 33.1195 36.1589 34.0489 34.3517 37.583 36.0342 38.1696 35.0579 34.8361 32.4801 34.5259 38.799 30.7035 37.2227 35.1023 30.5245 35.332 36.8461 35.0187 35.9686 35.2292 35.0491 36.7501 38.5528 40.2893 32.0358 35.9421 34.6775 34.3063 36.9318 40.2068 36.9875 38.5479 35.61 39.5543 37.0736 40.5092 35.5326 41.138 40.2607 42.7647 40.898 40.5113 43.0228 41.5373 42.0169 40.474 42.0334 42.9102 45.1707 45.4889 44.9139 40.6917 46.2436 46.8263 45.2992 49.5623 46.8733 51.9676 49.8945 47.6436 50.8975 49.6343 52.4459 54.9649 52.4625 58.4573 50.1034 55.001 55.1013 60.7818 60.7433 63.3029 59.7459 63.3326 67.9841 69.4485 68.0025 68.3365 70.1634 74.5148 76.3021 78.6989 81.8241 82.1895 79.2519 83.9445 87.9545 90.9487 92.7403 94.5841 104.674 101.127 111.029 111.337 116.209 119.556 121.239 126.718 133.55 138.995 146.597 151.056 159.562 162.686 169.643 170.836 179.332 184.858 189.319
190.467 185.871 179.197 174.757 165.335 164.081 155.96 148.429 142.9 136.028 131.813 126.55 117.508 118.953 109.566 110.075 103.072 98.1817 99.3865 90.2409 89.3806 92.1035 85.1746 82.6974 78.1968 84.6564 76.1832 75.4037 73.1196 72.2091 65.6604 65.7717 64.2923 65.0314 62.6599 62.316 63.7138 59.5137 59.6684 59.7329 57.376 55.8891 54.6746 50.7156 52.487 52.0111 51.4131 51.8149 50.3806 51.989 49.5897 47.8822 49.3603 48.7097 45.9129 45.6891 44.6279 43.3623 44.3362 43.5181 44.2861 42.4782 44.9788 40.6775 43.346 38.983 38.5673 39.2989 39.2107 38.6957 37.7394 39.4166 38.3706 40.6231 37.5006 39.2331 38.1929 38.7182 31.6229 31.3918 36.4925 39.899 36.8084 36.1939 36.6146 40.6766 36.9335 33.7893 36.7699 37.1744 36.2531 35.3385 37.7727 32.1503 35.7711 35.5643 33.3625 35.8401 34.2144 34.1649 36.6528 37.761 33.1424 33.0025 36.3071 36.3506 35.663 32.252 34.1929 38.1236 36.9697 35.3422 33.9439 36.3489 37.1368 36.1279 35.5904 37.3588 36.1939 37.7962 36.5804 39.1136 38.7265 37.3181 37.473 38.52 36.7726 39.9195 40.1542 38.4764 41.2448 39.1418 39.4837 40.8428 41.8527 41.5744 42.1728 43.1937 42.9459 41.1032 45.4801 46.8347 43.5187 44.386 45.0518 43.5296 44.8557 46.1529 48.0047 47.3184 48.8121 50.3421 50.717 49.1651 53.9706 50.5592 56.9303 54.1638 56.2764 59.4477 54.014 58.3623 60.5473 62.4795 62.3564 65.1482 66.2769 71.3645 64.5209 67.3555 72.0084 72.5102 75.4726 75.7514 79.1042 83.4598 78.7714 87.7883 89.2899 89.2967 95.452 98.7563 100.555 103.037 111.107 114.746 116.485 122.862 128.41 133.162 137.86 145.121 150.478 155.395 160.163 167.837 175.178 177.67 180.927 188.57
189.289 183.393 177.879 170.189 166.498 159.809 155.186 148.765 144.255 140.597 134.516 126.756 118.807 116.342 109.629 107.111 104.514 99.7455 92.9565 93.6315 88.5767 89.5376 83.9723 82.9484 86.9052 78.0907 79.5549 77.7117 75.0663 70.3809 69.3312 61.6695 71.0442 65.5081 66.4821 63.6509 59.9711 60.4527 58.8611 58.519 52.4459 51.9634 52.0832 53.6415 51.2402 49.9753 51.915 49.8427 45.1386 48.9792 50.9613 47.5116 44.9127 45.8192 45.2273 45.1222 43.804 42.3912 42.5219 45.3947 40.8681 38.8169 42.2917 40.6327 38.5858 39.7608 39.587 40.9184 43.076 38.9434 40.1115 37.1059 37.0888 37.9437 34.8658 41.7652 36.6773 36.7492 34.966 36.2633 39.4151 35.1054 36.2843 35.074 33.8534 35.6328 36.4969 31.9173 33.7997 33.4627 32.3455 34.2245 36.8756 33.7613 33.2031 36.3367 34.2131 31.2288 34.3628 33.9228 32.8935 34.1295 34.3195 32.4153 33.6648 36.7395 33.6322 34.0723 34.642 36.7791 35.2885 36.0283 32.9826 35.5452 35.8325 38.5247 37.2766 31.8141 36.5371 35.5288 41.2524 36.3229 36.0195 38.664 39.875 35.8079 39.4242 38.5886 37.3257 40.1761 40.5763 40.2168 40.047 37.9007 43.3293 38.5542 41.9627 42.2369 43.645 42.8696 44.0105 44.203 45.3701 43.624 44.32 46.3627 48.0381 50.2356 48.1949 50.5118 50.5051 46.7882 49.488 49.0246 55.7257 51.6488 54.9284 53.6963 53.3079 54.1882 57.5422 55.6653 59.361 60.4423 60.3005 65.4573 65.6809 64.5791 70.0272 65.5146 67.9338 73.4926 76.5163 72.8924 78.7464 80.4867 81.8266 85.4243 89.5441 92.9004 89.4937 100.109 98.1254 105.214 105.775 112.856 119.269 120.603 129.22 132.762 139.498 145.264 149.021 155.265 160.159 166.132 174.062 177.239 183.511 187.255
187.069 181.017 179.567 173.779 166.011 163.164 152.682 149.953 141.243 134.154 132.31 125.909 121.179 117.034 107.1 103.241 109.049 95.2236 93.4654 92.8687 83.7243 86.9488 86.0935 81.7771 78.3101 77.5758 73.513 76.0318 65.6571 68.9618 69.9822 67.1049 67.1444 62.6064 58.9156 60.6051 55.9321 59.6427 59.9959 54.5802 58.5773 54.5388 52.9315 52.7848 55.0171 54.6337 50.0729 46.159 46.7555 47.6302 48.5217 46.1653 44.655 41.8381 45.6354 45.569 44.0889 41.3259 46.9889 43.0653 41.1705 42.1398 40.9157 43.7551 40.5966 40.7591 41.994 40.3954 40.1261 37.9616 39.6762 39.0919 34.7303 37.504 37.1154 38.472 35.3662 37.1937 38.6053 37.1957 37.1103 37.0544 37.5508 34.4796 33.0163 34.8986 34.741 34.1112 36.4947 34.6513 32.3231 32.9045 34.0534 35.5643 32.8583 35.2231 34.4028 29.7037 35.7207 34.1848 37.7902 34.1165 33.2452 33.7189 35.6723 29.6097 34.3952 33.1182 36.7117 35.4432 34.8693 35.7763 36.5831 34.2072 34.457 33.7671 33.3564 36.7456 38.0508 36.7448 34.2744 36.1412 34.3435 37.9951 38.5078 35.8516 38.76 40.5774 44.3374 39.1209 36.9935 37.2582 37.3896 40.1081 41.156 42.1 40.2638 42.2025 41.686 40.3155 38.731 44.9998 42.9985 45.8084 46.2276 47.5624 45.5688 47.0115 45.8011 45.2601 45.911 48.4523 49.4895 52.3891 51.8737 51.8247 46.6247 49.664 58.5813 55.4019 55.8576 58.6192 57.8164 60.2592 61.4999 60.6138 64.0257 63.3055 68.2774 65.3018 72.2826 72.1471 73.5861 75.3056 78.5023 76.3311 78.7198 81.4193 80.7641 87.3139 97.6456 94.3722 97.3099 108.456 106.559 113.877 112.284 119.663 124.843 131.363 135.268 140.067 146.712 153.478 161.74 168.912 171.201 179.702 181.908 188.87
186.11 181.244 176.96 167.638 158.576 160.433 152.831 147.225 138.617 131.354 127.488 124.547 115.705 113.588 109.423 107.802 108.997 93.5941 94.5401 89.3363 93.0855 84.8435 85.9718 79.6476 81.7717 75.0429 70.741 72.1467 68.1848 67.927 65.8459 67.0701 65.8592 61.4717 62.3688 60.2335 61.8367 57.6462 57.2311 57.2052 53.3216 50.3108 54.4939 51.8713 52.1997 51.5996 48.8392 52.4333 47.351 47.7815 44.8961 45.5182 45.0112 44.0842 43.2677 42.8552 45.4347 42.8316 44.7349 39.6992 41.437 39.2505 42.8005 39.0277 41.1104 39.1813 41.1736 39.7607 39.116 39.9946 39.2279 40.0679 37.3823 37.3788 36.1423 37.5624 39.2833 37.8273 37.0048 34.9723 37.7526 34.2803 40.3724 35.8281 32.9831 31.3726 34.2346 34.4803 32.3834 32.8478 32.6859 31.8824 33.1784 32.1819 32.9407 32.1044 34.7824 32.8913 31.6765 31.9423 34.9411 32.4694 34.1646 32.5049 33.979 32.5084 32.7043 33.9693 33.8304 32.5837 35.6314 34.2862 31.3779 36.7859 34.7769 36.7987 38.6446 33.204 35.7136 32.7273 36.8126 36.5545 37.7834 38.6557 36.8294 32.9355 37.5235 37.8163 33.9735 36.9565 38.7254 42.0159 37.2512 38.9134 38.6954 38.3978 39.0396 41.3521 40.1061 41.1606 42.2672 43.5952 42.2659 44.8497 42.0333 47.1899 43.0383 45.737 48.2327 47.9199 50.3941 47.7469 50.3774 50.7954 50.6207 50.3354 48.9089 55.1424 53.8891 53.5466 57.3835 56.4854 59.7294 60.2532 59.7057 60.3373 59.6402 61.4918 68.7061 65.5335 69.1599 72.8738 73.5112 73.6517 73.1262 81.1618 83.5707 80.3356 85.1057 87.7691 89.8959 95.5582 97.8683 100.803 105.385 107.737 116.876 118.109 121.961 127.381 132.823 136.99 145.399 154.046 156.144 165.506 170.712 174.493 183.926 187.161
187.454 182.804 174.688 170.901 162.783 157.672 149.994 147.337 137.475 133.885 126.408 121.405 120.59 112.162 107.72 104.85 100.632 96.6896 92.9654 87.1751 85.4708 83.7316 81.6224 81.4141 76.562 74.204 71.8744 73.9674 70.0147 68.4469 69.1458 64.7317 63.2649 61.2489 62.4169 57.8465 55.885 56.4961 56.3588 53.9863 53.2694 55.9937 51.5803 53.2187 50.8144 49.1488 50.9558 48.0217 49.5366 46.2799 45.1103 47.5527 43.4204 43.8152 45.1916 41.9067 42.8356 40.8195 41.0823 39.4279 41.8597 42.1589 41.6379 38.8041 37.2291 37.3419 37.1428 36.1035 36.4588 37.5858 39.2173 36.1984 35.2758 37.6077 34.8635 38.2904 35.0984 38.4894 34.0038 35.8411 40.1219 37.5256 35.2458 37.7249 35.5862 33.9681 37.0574 32.1874 34.1976 35.8134 32.3349 33.2901 32.7621 34.0806 28.6802 34.8677 31.4233 34.9749 32.5724 31.9176 30.2762 32.3013 30.3616 31.1857 30.9948 29.9833 35.7947 33.806 33.4102 35.4762 34.5201 32.4476 31.2305 35.3694 34.5872 31.7095 34.5989 34.7809 35.8786 33.7841 35.443 34.7649 35.9659 36.093 35.9179 35.6033 40.3157 40.9596 35.4403 37.7077 36.804 38.8245 36.3143 40.0221 39.8154 38.3356 39.9625 41.5803 42.6213 41.8205 43.5506 39.1278 42.0049 38.2681 46.6872 43.3638 48.5916 44.2204 45.9309 46.1706 44.4319 46.1352 45.0211 48.9797 46.0264 46.722 51.0802 53.5262 52.5183 54.8917 50.2903 55.7477 60.0357 61.4401 59.1784 60.5641 62.4684 64.8483 66.5261 64.5636 68.1862 67.0243 67.5017 73.0182 73.0264 77.4863 78.5034 83.7256 81.9687 84.9518 94.3332 91.3016 97.2041 101.225 98.4973 112.196 115.351 114.372 120.227 129.929 131.202 136.168 145.965 149.231 156.193 165.797 166.175 177.585 182.776 186.865
186.256 182.069 176.9 167.848 162.898 156.832 151.26 141.087 137.936 133.981 126.999 119.671 112.106 113.959 106.718 103.481 100.3 93.0075 91.494 91.1532 86.7483 82.9933 77.8016 77.115 77.4441 71.8687 74.3804 68.1217 71.1027 67.7596 63.5716 60.1899 63.2545 60.5248 59.9217 59.252 59.4527 57.5521 54.1523 53.0798 51.6612 54.0442 49.1772 52.9868 48.8083 50.2886 47.0252 49.3269 45.5296 50.3045 46.4463 46.3364 40.4287 44.6194 45.2669 41.8602 38.8596 42.1758 43.4801 40.7067 41.8219 38.3023 42.3047 40.6005 38.462 35.776 39.0621 36.2879 37.1077 36.4894 39.1281 37.2231 35.5649 34.0998 36.9815 35.5259 34.4223 34.8076 38.0397 34.676 34.7461 33.6622 35.2977 37.2339 34.0994 33.9948 33.3578 31.1688 33.0437 33.3804 31.5943 31.0651 30.4625 32.0417 35.0944 33.4125 34.9768 31.5327 31.8034 33.3955 31.5979 32.6034 31.787 32.4621 31.2051 29.9258 31.4627 29.0514 37.2156 32.0675 33.3106 31.7027 31.9865 33.1113 32.015 34.493 37.8155 32.7793 34.5122 32.5648 38.8158 34.1225 35.5619 37.5526 36.3589 34.8657 39.8676 39.3851 34.1864 39.6809 37.4794 35.3361 33.3294 37.8997 40.597 36.654 37.5509 37.8545 39.5952 41.9797 38.316 39.4061 42.4572 42.7855 43.8142 42.5333 45.2801 44.7762 41.4568 44.5048 47.2522 47.3649 50.0796 48.0846 48.6186 51.6365 48.4894 50.3303 53.2544 52.8899 54.3109 54.9216 54.8459 54.5736 59.6535 64.0794 59.9784 62.1278 62.097 62.2906 69.4137 62.0737 71.5825 73.4631 71.6094 72.0254 74.8745 80.818 79.8017 88.0738 87.6509 90.8933 91.656 103.964 103.184 104.576 116.997 115.514 119.935 125.392 131.848 139.406 145.94 151.688 155.472 163.429 167.906 178.049 179.43 187.456
185.416 179.229 176.295 169.725 162.29 156.18 155.059 142.456 137.531 133.045 123.395 118.471 118.092 105.727 105.235 100.813 97.869 93.4536 91.3697 86.3119 84.4894 82.1138 80.2455 78.4346 77.5349 75.7581 73.3563 68.7674 69.2042 65.0268 64.3037 57.2741 61.4202 59.5437 54.3133 55.9517 55.1369 53.1246 52.3213 52.1716 51.8033 51.2539 52.0501 52.3422 49.6384 46.7854 49.7051 47.5493 44.8983 48.0655 44.4568 45.8464 46.0533 43.1456 42.2273 42.1415 41.4243 43.5823 42.7481 38.6251 38.8629 39.6348 41.0957 43.4078 41.6076 40.4774 38.3252 38.9049 32.7487 36.15 35.4944 33.7754 35.496 37.1025 35.091 37.4266 33.4823 38.0319 33.2398 31.9662 32.7971 33.5494 35.9591 33.3739 36.638 33.2791 33.8743 34.6873 32.3361 33.3619 34.1759 33.2732 29.138 30.0293 30.2788 31.5833 33.1505 31.3727 32.1847 33.1253 31.1946 29.5666 30.6942 31.8676 31.4606 32.4988 29.9947 30.1662 29.5846 33.1341 32.9182 32.3546 32.7368 32.1905 32.1014 33.4939 31.7105 33.3 35.859 33.32 32.0185 32.2831 36.4721 35.3774 36.8071 36.3264 33.415 36.3493 35.425 37.0687 38.3378 34.4449 34.5803 37.0406 36.8881 37.7205 37.4151 36.3982 39.7085 38.5136 41.7947 41.1912 43.6178 37.7199 41.1054 44.0618 40.0338 45.091 42.6322 44.0378 39.5627 46.4242 49.9617 46.5625 46.6067 48.267 49.228 48.2911 52.5885 50.3185 54.8121 52.5926 54.4688 52.1012 55.2368 56.7182 60.8304 59.1828 61.6745 65.5105 63.6502 70.365 70.6716 67.4205 72.4778 74.1893 73.6418 78.4621 78.1573 88.8637 85.2576 93.3703 97.302 93.8243 102.222 107.712 106.739 116.463 120.968 123.32 131.718 135.586 141.918 153.467 155.291 160.92 167.155 174.791 182.019 184.079
187.11 179.77 174.107 170.183 161.497 157.613 150.915 144.302 134.362 130.614 127.171 121.63 114.482 105.28 102.66 102.667 97.2105 91.6734 88.2625 84.6858 81.1698 78.6289 75.6628 73.7602 71.4755 74.7841 74.5231 71.9964 66.0212 68.3018 63.5735 62.8201 61.9475 62.894 59.3266 58.7562 56.2633 53.4702 54.9323 53.1181 51.9867 57.3337 50.7392 49.354 47.9843 50.2608 49.4674 46.475 45.3892 44.3019 42.9468 46.0059 46.8566 45.6497 43.8841 38.2916 46.377 41.6863 41.5938 41.3117 39.0837 38.8679 37.6241 37.0892 37.4282 37.9012 37.5426 37.823 35.6789 39.6141 37.6927 35.9209 32.634 35.6916 33.8555 36.4981 33.9091 32.7973 36.087 36.4264 33.7974 34.7043 29.5172 34.6494 30.032 30.7457 31.3243 34.2752 33.202 31.648 32.0525 33.4754 30.5069 31.4909 33.3766 29.9824 33.3359 32.3213 32.5704 28.2635 30.6816 30.38 28.3489 29.827 32.4003 29.1602 30.1503 29.4634 31.9936 34.6398 29.3279 35.0213 33.1991 32.9423 31.1635 34.6827 34.1038 35.549 31.1383 33.1657 30.4821 36.6062 33.5558 33.1826 35.9806 33.4842 36.9159 36.0817 33.9758 36.9743 34.9022 37.192 35.8369 38.8798 37.4528 38.7498 37.2598 39.9609 38.8923 39.334 39.4174 37.1991 41.3809 43.9754 38.9355 42.5855 45.0332 43.3354 45.4826 46.0715 47.1361 47.2782 46.6368 47.0602 48.1707 49.2857 49.8354 48.5278 50.4212 55.4263 54.7115 51.5351 53.3251 54.7459 54.257 56.3237 62.7958 59.776 63.5972 60.2352 59.6997 62.9841 65.134 69.464 72.2142 79.6412 75.8843 75.8075 81.5047 83.0293 87.8102 93.7042 93.7294 91.7178 96.3985 110.604 110.336 115.348 122.282 126.738 130.412 133.281 141.852 147.741 157.75 157.285 167.147 175.961 178.533 184.35
185.565 176.605 173.952 161.978 162.024 153.618 146.342 144.218 134.881 131.091 123.209 120.51 111.619 108.103 97.7353 100.736 96.9772 89.1214 89.7678 83.8304 82.6839 80.8406 77.719 75.3232 74.4023 74.6009 68.3609 62.7935 63.5951 61.1646 65.7819 59.8801 57.5015 58.5517 56.7591 57.3595 53.8671 55.847 51.4771 50.723 52.5443 50.2616 52.5943 52.3449 45.2122 47.4567 47.0749 45.7581 48.2731 42.2239 48.1003 40.0859 44.5548 39.9354 41.1739 39.6247 38.6958 40.0139 39.1927 39.7792 35.6063 38.3758 39.8898 35.4381 40.139 33.952 35.1077 38.8679 34.0014 35.3976 33.3771 36.0274 38.2899 34.6105 35.1437 36.9697 35.3121 34.3052 37.9479 31.6792 32.3367 30.0549 34.3523 33.4438 33.5242 30.8328 30.1588 29.8494 31.203 33.2111 34.4174 31.7416 31.3718 32.1064 28.5136 28.4391 32.7124 29.2518 29.7559 30.4782 28.2324 30.0084 30.8633 30.1365 28.8132 29.0898 29.5588 33.2491 29.8057 34.0815 30.0251 30.55 31.9925 35.1831 32.0844 32.1387 30.4537 33.3912 34.643 31.5529 34.8971 33.6911 33.3173 33.4363 34.2216 33.5652 33.5334 34.9022 36.7037 36.443 36.8336 34.9468 35.6595 37.0599 40.2594 36.2332 38.1562 36.9291 39.7317 38.8483 37.0223 41.8754 39.0321 43.2222 40.9369 41.3809 41.9417 42.1166 44.5047 43.5509 40.4594 43.4603 46.8687 47.147 44.9466 46.9445 51.3189 49.5302 50.3246 55.248 51.148 56.2705 51.7115 57.6394 52.3871 59.9772 59.6205 57.5159 61.8485 61.8466 59.9397 67.7234 70.2023 69.1868 71.0433 73.2328 73.5918 74.0987 79.8313 84.0776 89.1451 88.2892 90.7434 93.4076 97.4172 103.732 111.17 108.55 116.422 121.418 128.814 134.919 140.956 146.73 154.508 158.065 168.431 171.745 181.973 186.217
187.11 179.537 172.033 166.771 161.674 151.647 147.555 140.518 134.327 124.505 117.261 117.038 110.364 109.733 102.531 99.3831 96.1313 89.1517 85.7903 84.8484 83.5447 78.3176 75.8377 71.2785 71.9416 69.0974 66.3385 68.072 65.8921 64.8893 65.0885 63.347 58.0472 58.5199 58.1457 56.6532 54.9959 55.9769 53.9698 49.1971 53.1754 55.5247 47.9634 47.9934 45.727 46.4598 45.2751 47.2368 46.4143 41.0413 45.5148 41.2131 45.0172 42.1742 38.1956 43.4608 41.3164 39.3201 40.9723 40.315 36.9155 37.4442 36.2534 38.5165 39.3 38.8358 38.6272 36.5068 38.9638 34.9645 33.6165 37.8322 33.9315 32.108 38.603 34.6965 31.8506 30.315 32.1546 34.1238 33.0502 31.673 34.6196 33.4692 31.0551 31.2262 33.224 30.3134 30.1814 33.5972 31.4974 28.5673 30.3536 29.1872 30.8474 31.8451 29.033 30.4872 25.8606 29.3448 29.7756 29.6286 28.4722 29.1116 29.2178 31.9088 30.6134 30.8396 33.879 31.6152 28.5247 29.4772 32.0097 30.5011 27.7455 31.76 33.8139 34.6964 30.1178 32.4781 34.32 33.8758 31.3434 34.1002 32.659 33.7922 35.8838 34.6907 34.3056 36.1872 34.2115 33.4129 34.2553 35.9316 33.8734 36.6796 39.2212 36.8433 39.2489 35.9069 38.6428 39.8732 39.6869 40.3958 39.4867 44.1961 41.4384 46.499 42.8761 41.427 44.781 44.6931 45.5646 47.7891 47.3014 45.0789 48.8008 49.8046 47.3551 55.3352 54.121 50.4756 54.9448 56.482 56.1927 55.1319 60.29 59.5306 59.7343 64.6344 64.9401 62.2697 66.4453 71.2815 66.6393 72.2815 74.6652 81.3513 79.107 80.9103 88.1918 85.5555 93.2533 98.1414 96.8892 102.458 106.239 109.43 116.698 121.9 131.159 130.56 140.804 144.62 157.645 158.847 166.743 172.572 180.462 186.48
184.452 177.37 175.052 163.662 157.206 152.471 148.5 139.089 133.897 132.266 120.626 117.271 111.074 107.983 102.793 95.4163 97.0351 86.0233 86.3674 85.308 75.8898 79.4183 80.9251 72.5303 70.1014 70.422 68.067 66.1141 65.2416 63.7255 63.351 61.4711 54.9166 58.4307 57.0032 55.2237 56.2018 55.0241 53.5364 50.8339 49.9687 53.8318 48.7571 48.3101 44.6354 42.8197 47.4996 43.9664 44.548 45.5501 40.4625 42.8097 41.7316 43.3214 41.548 39.2376 38.4332 41.2086 37.1748 38.0629 42.8033 36.4546 36.9604 38.8254 36.5239 35.5986 36.2478 32.2776 34.1521 39.0507 36.7535 34.2225 32.5628 33.2814 33.0103 32.9089 33.3533 32.9037 33.8656 31.5279 35.684 31.813 29.5597 33.638 31.2865 32.7901 30.3576 29.4093 32.0135 29.793 29.5716 34.9023 31.0229 27.6851 34.8523 30.1154 28.9898 28.5129 31.6618 28.2082 30.7599 30.5835 29.8244 28.165 32.9084 29.665 27.1398 28.2678 31.1927 28.4821 30.4657 29.6613 30.8703 31.8573 30.7577 32.4423 30.9705 32.3835 31.2441 31.5352 32.914 32.3812 31.5835 31.9308 30.1205 33.2965 36.1048 31.5813 35.5383 36.1441 34.6401 36.6513 35.0493 37.2461 35.4441 37.0415 37.4068 35.4419 38.9777 38.9465 39.3182 37.4291 35.8144 38.8222 38.2684 41.4051 42.8187 41.1825 39.2523 43.1127 42.1652 46.6902 45.1063 43.6478 46.4611 45.4546 43.3928 47.7635 50.5285 53.3993 50.56 52.3073 53.639 58.3137 56.7866 60.0811 55.836 60.3544 60.4505 61.8753 61.2493 65.6281 65.4171 69.2495 71.6369 69.4389 72.1509 72.4855 78.0167 77.2837 87.2303 87.6774 92.5669 95.4592 97.6748 100.383 106.474 111.742 117.976 119.646 130.152 132.81 139.56 146.476 154.841 161.175 165.521 172.518 179.155 187.165
183.636 176.831 172.324 167.592 159.735 150.414 146.809 138.406 131.497 124.628 120.514 115.884 114.906 105.896 97.9528 97.0332 97.2292 91.3628 83.5881 82.0772 77.1003 77.7486 79.0467 69.7746 68.3954 71.1607 69.0224 62.832 64.9888 62.594 60.0286 63.4404 57.0661 57.3797 55.5869 51.4072 54.6291 48.789 49.9293 46.2092 52.2521 48.0615 45.6405 48.9128 44.3958 40.0697 44.7394 43.4833 46.2871 42.1315 45.0176 41.0722 39.3678 40.7565 38.5936 34.7104 37.995 38.4072 37.0888 38.0697 35.8856 37.3296 36.5756 34.722 34.2892 35.3441 38.672 32.4956 32.9047 36.0205 35.2089 32.0232 34.2068 33.2988 35.8503 35.9034 33.7224 34.3619 34.7443 31.5437 32.2146 30.995 31.3707 32.506 30.6187 31.0283 31.2557 29.139 32.7744 31.8651 29.9651 28.9311 30.4486 28.4644 28.6936 26.3276 28.2935 27.9971 28.2056 29.8003 28.6579 32.2263 28.0295 30.2154 29.2509 29.4835 27.5267 30.3004 25.9396 29.88 30.6 30.9753 29.7515 28.4548 30.2065 30.3595 29.9944 31.2672 34.1471 35.3857 29.9075 33.4434 28.9375 32.7314 29.228 31.1716 33.7482 36.8864 34.6681 35.9159 30.601 34.4933 35.9592 32.0658 37.7198 36.7527 36.3245 40.4125 40.3774 36.6282 36.9975 38.3113 34.8904 40.4114 39.934 39.3952 42.9014 41.1474 42.4576 40.5604 39.8307 40.3906 46.16 44.4393 48.539 49.9382 48.0925 45.3818 49.6532 48.6468 52.1796 55.0709 47.4695 55.2447 54.3052 52.7436 55.2388 57.7204 56.1866 59.6512 60.9723 65.0537 61.0403 68.0414 71.7472 69.1485 72.1409 69.7337 76.1668 76.4601 82.6637 85.5517 86.7463 96.3496 92.5882 100.258 106.555 111.197 110.912 120.778 124.937 133.758 134.737 145.321 151.274 161.412 165.546 173.723 176.907 186.924
187.252 180.731 173.323 161.949 158.913 149.375 143.486 136.222 131.977 122.709 119.604 112.395 105.407 104.107 106.296 94.4457 94.6065 90.6458 83.2824 77.0477 76.6303 77.9281 68.6528 70.2652 68.0203 67.6127 67.2805 61.6804 61.5054 64.9637 59.2742 60.2899 61.2153 60.318 52.5058 58.3994 50.7175 50.7217 50.6846 52.8167 52.6387 49.7989 46.669 47.663 45.3214 42.9138 43.7141 43.9021 41.451 46.2004 41.242 43.2517 42.5954 41.389 37.1833 39.1223 40.7216 40.3257 37.0992 37.051 38.2081 39.7132 38.6723 37.8071 35.0699 37.9195 37.4889 38.541 32.6191 32.4749 32.9742 36.0603 33.2798 32.3761 32.4627 33.3104 33.0366 33.5811 34.1211 31.1879 32.1395 34.3471 32.7343 28.6504 31.9214 32.6087 29.1684 31.9251 33.1252 31.86 32.6889 28.8494 29.0847 30.4601 29.6585 28.5191 29.704 30.0546 29.2556 30.5641 26.5013 27.6577 29.3799 27.5742 28.1536 31.0025 28.5145 30.8646 29.0529 29.4868 29.1908 30.9044 30.7287 31.2759 30.7814 29.9039 28.6469 29.9798 32.9965 33.0016 32.3963 28.9111 31.6558 31.5778 33.7364 33.9587 32.1429 34.8228 32.0935 34.5146 34.7718 32.8245 35.8537 36.2317 34.5052 37.2374 37.3438 37.8544 36.6616 39.8668 38.8964 39.056 38.057 38.4043 40.6014 38.7984 41.0166 43.4167 42.5207 42.3142 40.0928 42.7365 41.9125 42.8256 46.6161 45.8748 45.7186 47.2945 49.5121 51.7972 51.1234 50.094 46.9321 52.6044 54.4948 56.6366 55.5103 57.2384 58.8433 55.328 64.0147 62.2024 67.5323 64.6727 65.245 69.8139 75.661 75.3596 75.4724 77.2018 83.84 87.1245 88.8522 90.4901 94.0872 99.6434 104.354 109.134 117.046 114.197 127.208 131.92 138.501 147.263 153.265 158.077 166.857 171.584 178.25 184.098
183.167 177.654 172.904 166.883 157.658 150.624 142.956 135.932 129.379 125.209 117.15 117.816 110.642 101.099 101.703 95.1518 90.2036 84.9993 82.596 85.0181 81.5262 74.2859 70.9925 73.842 72.8851 68.0087 69.0722 69.464 66.0841 66.7137 58.9742 59.5454 55.2379 56.5138 55.9386 55.8093 55.3392 51.7404 51.1 50.9381 49.8151 50.9141 48.1271 49.4272 44.7415 46.1608 42.3251 43.4554 41.974 41.1426 45.4343 41.0158 40.2513 38.9519 36.7303 41.7036 36.8396 38.7784 36.3269 35.2887 35.9016 34.537 36.7537 39.9011 33.9767 34.5309 34.2744 34.3738 29.3701 35.6647 36.4082 30.4069 32.6664 33.0978 32.1937 32.5813 30.2616 33.4144 32.1661 29.8095 29.8185 31.3924 30.8273 29.4104 29.9382 28.7473 27.4145 27.1729 31.6857 26.0161 30.9297 30.5356 28.6349 27.7187 29.2932 30.5493 27.4499 29.0049 25.1543 23.4926 27.5788 27.7441 25.2655 26.5038 25.4201 29.7783 28.7173 30.5305 26.7349 30.7238 29.8508 28.5263 31.9343 29.7114 33.188 32.4613 30.2682 30.4728 30.1586 29.5721 33.3614 31.3966 32.4976 33.0402 33.0307 37.914 33.0309 34.671 31.5978 31.2586 33.5379 34.4936 33.0403 36.5321 32.0888 37.9002 36.3457 35.5731 35.7884 36.511 39.2273 36.4407 34.9981 38.7978 40.8981 40.6467 38.7107 44.0504 40.9722 41.2832 43.2189 41.0682 44.4931 45.5923 44.2438 46.3618 47.7204 46.5242 48.9632 46.3486 49.4067 47.7418 55.6281 56.0683 54.1778 48.7363 57.662 54.898 61.4986 60.6869 60.681 60.3034 63.6406 66.212 63.6763 71.3302 69.2621 72.9297 82.079 76.4668 79.5237 81.1201 87.7776 90.016 96.735 102.92 100.94 101.556 112.614 119.282 120.624 128.751 136.095 145.462 148.815 157.679 161.414 173.451 179.042 185.534
184.363 180.497 171.844 159.697 154.764 149.159 141.23 133.823 131.569 120.853 115.856 111.612 105.827 103.54 97.9548 96.0333 90.687 86.3862 86.5434 79.6223 81.6732 78.3027 69.1517 69.1116 68.3473 66.8829 68.4561 65.46 62.0733 56.6843 61.2876 54.5827 54.2414 55.0831 55.5718 49.0719 51.9974 50.2031 48.8892 46.6659 48.5739 44.471 47.9961 45.6838 46.236 45.4649 44.5158 42.0889 42.3141 39.6664 44.632 38.0783 41.0089 41.4678 39.3957 38.9261 37.95 38.9792 36.1822 36.4837 36.5939 36.759 36.4768 33.7462 37.0681 33.5375 33.9752 35.6622 33.8463 33.8416 33.9906 32.2904 34.0621 32.8037 30.3804 32.3232 31.6164 30.95 32.8372 29.8717 30.5027 31.525 31.6189 30.0205 27.2235 34.7514 27.915 26.2486 26.973 27.7047 28.0556 28.1952 29.9285 26.4673 27.8291 27.4017 27.0931 26.9189 26.263 26.7734 26.8424 27.952 26.7786 30.4973 29.3235 28.9937 30.0501 27.3886 28.4976 28.6017 30.8748 27.3838 31.3854 29.8029 29.3939 29.6881 28.0484 33.275 31.9605 32.1852 29.8766 33.0626 31.8372 32.8459 34.1931 29.325 31.0294 33.7042 32.1258 33.4217 37.0399 36.773 35.7101 33.8715 36.0886 37.0982 36.1191 36.9711 35.5232 35.4298 38.5844 36.1895 37.4407 40.374 39.77 38.7076 41.5929 37.9817 40.3624 42.8794 39.9215 42.0301 41.8464 43.8066 42.1709 43.7279 45.969 48.1895 47.3231 47.4989 52.9531 50.8252 50.3812 51.0813 54.7491 57.4891 52.1816 57.4564 56.0273 61.2363 65.0127 61.2514 65.5773 62.3782 67.2552 63.1197 68.787 73.7059 73.5416 81.2434 79.7048 82.2738 91.4328 91.5888 92.4962 98.7303 104.805 103.453 110.833 112.928 122.624 125.587 134.775 143.83 148.985 154.997 163.493 169.328 176.205 182.452
182.591 177.315 172.493 161.735 151.781 146.696 144.076 137.854 128.466 120.736 113.966 109.52 106.957 98.4473 97.5217 89.4947 90.26 84.3691 84.1085 80.1592 76.1782 75.5905 73.6632 71.1398 64.5973 68.854 63.8431 63.8464 59.2738 59.0997 61.4997 55.4605 54.8849 51.9008 50.9173 51.2811 52.1727 47.4475 48.9989 49.5978 50.3389 45.7485 45.0965 47.0313 45.672 40.2143 45.7193 43.2072 40.1067 40.9061 42.6951 42.2109 38.6262 40.5613 38.4216 39.9889 37.2311 34.8737 38.0491 39.2968 33.4193 35.3714 37.8413 38.5202 35.5068 33.7545 34.0312 35.9112 34.3419 32.7798 34.3139 30.235 31.4766 34.2152 30.2399 33.214 30.1375 33.2572 29.0706 29.8406 31.2517 32.2209 29.7218 30.2831 30.3053 29.9304 27.4376 28.7536 31.0782 26.2223 28.7754 29.0149 30.2872 28.5772 27.8854 28.4837 24.821 26.6987 26.043 27.8031 27.3628 28.9285 26.3259 25.2409 28.7559 26.8075 26.9943 26.7923 25.0811 26.937 27.7804 29.6582 27.3421 27.3426 30.7146 29.15 31.7207 29.5869 29.3469 30.8116 31.5835 27.0863 32.7015 30.5237 33.8975 32.5713 30.844 33.9061 33.7128 31.8378 34.4624 31.5258 35.5383 33.3511 32.1108 36.3869 34.9588 34.1296 33.5288 37.0074 35.6941 34.3958 39.3258 39.8066 36.563 38.0947 37.1966 41.1645 41.6718 41.0991 40.7132 46.8321 38.1024 44.6617 44.1594 43.928 44.4599 45.4322 51.2426 47.6853 47.2288 51.1845 52.3227 54.3163 52.6124 51.7464 56.1414 56.483 56.7921 57.8142 61.243 61.6596 57.7543 64.7802 68.2672 66.8157 72.7976 72.211 78.1431 79.408 80.957 83.1806 88.7082 88.304 92.9184 95.9378 103.12 104.403 114.514 119.934 125.159 128.961 133.316 140.93 146.008 156.419 166.077 171.253 174.023 185.49
184.432 177.801 171.058 162.868 157.807 147.65 138.008 132.052 122.348 117.218 116.586 110.228 98.3031 102.982 98.039 89.8168 88.5623 83.598 82.0185 80.2092 76.3138 69.4867 70.5651 67.1299 66.8435 68.7953 66.0238 61.3698 58.2986 57.8099 56.793 59.0966 58.1713 54.5596 53.2807 51.9309 54.4854 49.4318 46.4941 53.1032 47.1768 47.4284 44.7406 43.3538 46.9911 40.8399 41.1361 44.0471 43.2961 46.1244 40.0855 41.1033 40.0448 38.4269 37.7734 40.0415 34.198 36.2777 39.4688 34.9439 34.3682 34.7396 36.6984 36.8643 35.4823 35.0092 32.6589 33.4483 32.0024 32.2873 30.5375 31.1324 34.3829 32.3319 30.1716 30.8928 30.3929 30.5693 31.3305 33.4309 27.3463 30.5478 33.6837 28.2073 28.32 29.0016 29.1516 30.7191 29.0738 28.7148 29.4059 25.7115 27.8295 28.6072 26.6295 24.2765 29.841 25.4218 27.3002 27.8447 27.6649 26.9892 28.219 27.7359 27.2594 26.2328 29.974 27.1394 28.9617 28.2638 31.0102 29.7671 26.7187 30.534 28.3468 28.0471 30.0634 28.7394 31.2478 28.5631 30.5481 31.9534 29.4382 28.5843 33.0696 29.8399 31.085 33.7972 30.3616 30.4909 33.129 31.2586 34.7677 34.4765 34.3089 36.555 35.6298 32.2401 35.0224 36.4539 35.7716 36.3566 38.6563 38.115 37.2288 37.2012 40.5734 38.1922 39.9717 43.4633 43.7069 41.2864 45.1318 41.4707 44.1702 44.188 45.3264 46.8889 43.8158 46.9816 45.7003 51.6751 50.8726 49.6244 50.1524 51.4933 54.7758 54.2958 55.3825 58.9387 59.3044 62.1913 62.6416 64.8841 63.3285 71.1286 68.8596 68.0889 73.9327 82.6351 79.246 80.9408 85.5081 90.1676 89.436 98.5506 99.7096 104.572 109.229 113.415 123.073 129.305 132.88 142.126 147.472 153.406 162.424 172.723 174.76 181.676
187.088 175.158 167.298 163.236 153.265 151.344 142.4 130.981 131.932 119.828 115.988 106.568 107.159 102.624 94.3098 87.8857 90.1065 83.9494 82.2336 76.6816 77.6268 71.804 68.3289 70.4981 67.6209 60.4321 63.4038 64.0248 60.6962 59.9533 55.3082 58.6474 52.8651 55.6586 53.4022 49.8373 55.7056 47.6751 47.7915 47.985 46.7176 48.0891 46.622 45.1644 43.4117 42.8817 42.2028 44.2134 42.5478 40.7938 42.6204 37.4849 36.4435 38.9248 37.1722 37.2701 36.1278 37.8202 37.6879 35.8588 33.3359 37.3626 34.1171 34.2879 33.0933 32.9983 32.5016 32.9898 30.4986 32.5457 32.7043 28.126 28.7488 31.2275 29.7362 32.8937 30.7034 34.0599 30.3777 30.6309 28.3374 32.5574 29.3875 26.9756 33.3475 29.0018 29.2304 28.3508 24.7097 30.1691 29.1142 26.3081 25.0806 27.1108 28.2547 29.0066 27.7722 25.9198 25.5376 27.04 26.0904 26.1725 27.1286 25.2778 26.129 30.0206 27.0743 28.4996 26.8384 28.8437 29.8521 31.1944 29.881 26.5243 29.777 29.4508 29.9043 26.7745 28.7639 29.9677 30.8737 32.5422 30.2982 34.0444 34.3984 29.62 31.4775 30.3233 34.2573 31.4448 32.0727 32.5976 31.2882 39.3514 32.1904 31.4987 33.2187 33.2957 33.9472 33.7766 34.8758 37.48 37.3061 38.1272 35.6572 40.7503 37.0705 40.4438 41.7419 43.0422 40.0024 42.9222 41.2767 43.7206 40.1504 41.3619 43.7216 48.1156 47.74 48.3009 48.0712 48.8126 47.7726 50.3262 50.7962 52.1884 54.0838 55.9565 56.6139 55.6068 61.2581 57.7269 61.7758 63.0626 64.5685 70.5974 69.869 72.524 73.4043 76.2357 78.4183 80.7674 83.1732 88.3287 91.8034 92.8259 102.463 103.845 106.463 116.511 118.377 133.51 135.991 140.341 153.09 154.639 161.521 169.914 178.517 179.326
183.114 179.179 170.034 162.431 154.424 147.344 136.873 134.951 126.44 120.384 113.618 107.211 104.964 98.2159 94.9019 89.4246 85.8382 86.1243 80.955 82.8917 78.2953 71.8891 73.6655 66.5792 65.7435 63.6247 62.9249 62.6014 55.9592 59.184 59.3383 54.6187 53.1422 52.767 54.3497 50.2523 47.6584 49.5709 51.4679 48.5615 50.6789 44.0912 45.924 39.9707 41.286 39.9086 40.9472 38.9863 39.5651 40.2674 38.2762 38.6807 39.4172 37.9305 39.0248 38.8108 38.4104 33.961 35.7673 32.9157 36.0725 35.4952 33.8332 36.3751 33.3922 35.0224 32.0383 32.8763 34.5936 31.228 29.85 31.7434 31.3702 29.296 31.5735 31.5972 29.2995 27.4579 31.5026 27.586 30.658 29.0361 28.7618 27.3856 31.6949 26.9715 30.2328 29.0425 28.2777 27.8729 27.9019 27.5559 27.9458 26.8773 26.0252 21.7809 28.866 27.4651 29.5528 25.3572 30.2914 27.8463 28.4557 25.1649 24.7652 27.1999 28.0859 27.8013 27.084 29.7367 27.8752 30.0476 28.0043 27.8592 28.9589 27.8747 27.6194 30.5291 26.6365 28.7038 31.3301 32.6177 29.4577 28.8124 30.2064 37.6886 29.0895 32.0272 31.8332 30.0393 33.0179 30.2369 34.7169 32.5388 35.2905 33.3543 32.2545 35.6893 36.9895 36.2532 36.695 40.2884 36.4774 35.5705 35.1077 33.7865 38.2645 40.6085 37.1205 40.894 37.9697 40.2783 41.6308 45.7946 46.9101 43.4242 46.6369 45.73 48.3566 46.2678 49.4652 45.8256 53.2098 50.1567 50.9066 49.4279 52.2821 53.9784 53.7007 55.5904 57.3255 55.7321 60.4727 62.6386 67.1014 66.3445 68.7984 70.2238 72.1846 73.1389 79.2917 81.1036 83.585 90.0023 93.303 96.7165 97.4428 101.723 109.576 115.873 118.605 124.244 131.106 132.747 147.79 157.767 158.647 167.742 176.168 180.421
181.24 176.205 165.659 162.338 152.374 145.097 137.569 133.47 126.38 118.856 110.447 107.302 105.774 94.8352 91.0753 83.1405 84.6013 82.2991 83.1827 76.4595 73.0596 73.8148 74.3142 64.6492 66.8107 63.8028 61.0923 59.6434 56.7061 56.8839 60.3839 56.7181 57.2289 53.0689 51.4425 47.2661 51.9507 49.7929 45.9787 48.9349 43.9073 44.5896 48.7194 43.3221 43.4382 43.3085 42.3112 39.2303 42.9501 39.128 40.564 40.3418 38.5448 37.43 38.7168 37.092 38.5974 38.0231 41.0796 33.9349 34.915 36.9722 34.0407 37.2619 34.3918 32.6299 33.4628 30.0094 26.62 31.9996 34.3532 31.892 30.3042 27.2946 31.5385 32.5261 29.3991 30.0676 28.8447 29.2137 30.6414 27.4659 28.259 28.2555 28.0462 29.8223 25.6332 28.7735 29.3573 26.6952 26.3939 26.3998 27.9582 29.1472 25.8872 26.2955 26.2509 26.9575 24.3378 25.9385 26.1891 25.0025 26.0017 28.6684 27.324 25.8946 28.2167 28.2551 29.4352 28.889 23.2361 27.4567 28.7529 28.1082 28.0594 31.343 28.2854 30.4784 28.864 28.5867 29.9341 29.1949 31.3998 31.2418 28.6068 29.3525 31.4425 32.4696 30.5299 30.5288 34.6421 33.1865 30.4572 32.3993 30.3178 32.6299 35.503 33.7381 35.0852 33.0039 39.5781 32.4715 38.7074 35.8594 38.3734 37.3179 40.0706 38.9416 39.1122 39.8152 43.4713 41.0488 40.9811 40.8892 44.0213 43.5102 48.0631 45.0799 44.6789 50.6576 47.699 49.8591 50.2342 49.3129 49.6238 53.1939 55.5649 52.706 51.9195 51.6391 59.3805 60.3936 61.1128 62.2944 64.952 71.3966 71.0935 69.0011 68.2989 74.6078 80.2631 81.4088 82.613 87.4252 88.3097 94.3733 97.4333 105.425 106.998 114.437 118.38 121.726 132.275 138.769 140.931 152.312 159.713 164.1 176.329 180.821
178.883 174.718 168.739 160.953 154.325 142.098 135.963 126.154 120.488 120.254 107.114 106.841 103.859 98.6784 92.5041 87.6351 79.7934 81.8761 81.6424 76.8171 74.9621 73.0603 70.9917 64.4995 60.6186 62.4548 63.6854 57.9554 57.3077 54.1706 56.3183 52.9386 49.2819 54.0733 49.7444 51.2945 49.4422 46.9944 44.2956 46.7686 47.4827 46.2414 43.2298 43.7908 40.8558 42.2366 39.4342 42.14 39.5112 36.8382 39.1533 40.055 37.5854 36.2548 36.3707 36.2807 37.7439 40.3533 35.1644 36.8308 31.8622 34.0992 31.5818 36.4741 34.2121 36.1613 30.9095 31.7384 30.0915 31.3347 33.0579 30.478 30.1326 28.3936 30.2367 29.275 33.8324 29.6172 31.9396 26.8842 29.3282 29.1059 27.5037 28.6842 29.2202 29.0505 27.6089 28.5073 26.0339 27.1914 27.2029 28.1546 25.5736 25.4775 26.5349 24.0257 26 26.4903 26.9086 25.0607 24.9572 27.3423 23.6919 28.0809 27.9928 26.0127 28.8635 26.8313 25.5413 25.3889 26.1922 28.1138 28.2909 26.9001 28.0217 27.3807 31.1504 29.8935 28.7243 28.3722 27.9144 27.8312 29.6906 30.0312 28.4889 27.0038 31.3816 29.7851 32.2241 32.8796 32.1456 30.8918 33.6959 32.1889 34.9423 33.4589 32.8231 30.7014 33.3826 32.2639 31.1589 35.1007 38.5105 35.8736 39.3527 37.2411 34.1292 39.8149 39.671 38.3406 40.8319 42.5499 39.4424 41.9498 40.9088 45.7738 44.142 41.1726 42.2831 49.6636 45.9531 45.351 48.0606 46.58 53.0313 52.3313 52.4388 54.5288 55.2553 56.432 58.7608 58.504 61.0533 57.1833 66.4858 65.2935 68.7107 67.9871 72.9215 77.9539 79.3008 77.4128 81.7911 84.9943 86.202 93.6106 92.0438 103.97 107.359 113.818 122.179 123.888 126.384 138.298 145.08 154.84 160.263 165.273 174.337 181.101
183.114 175.988 168.983 158.215 151.666 143.334 138.613 131.742 122.869 117.639 111.382 102.66 103.649 93.8955 88.8111 88.4909 86.5711 81.2829 77.544 79.0451 70.1838 70.0405 70.4332 68.0292 63.1076 65.3485 60.7774 61.9649 57.8895 60.1518 62.938 54.7147 54.7771 48.6794 51.8733 50.435 50.3067 47.3874 46.5768 46.3032 45.4483 44.4193 41.1675 43.6456 44.2967 43.6709 42.1379 43.3299 39.8659 41.7147 36.5672 39.8534 34.5136 35.2535 38.2156 37.0672 37.4119 35.9184 36.9614 34.8018 34.238 33.8821 33.0602 35.3074 35.148 31.649 33.6371 31.5347 32.8107 28.4527 32.1734 33.1165 28.1543 30.9544 30.2072 29.0201 26.9531 26.9426 28.5887 31.3934 27.9124 28.9753 28.9672 27.2662 31.0247 27.3998 27.8468 28.0299 23.8482 27.1911 25.6535 26.8765 24.0493 25.1911 25.3587 23.6404 24.2538 22.7925 25.5706 23.3812 27.4 27.4128 26.1056 26.0076 25.1789 25.2153 27.0662 27.1118 24.4607 27.6633 26.2279 28.0374 29.4152 27.436 27.1041 28.3019 28.6513 28.7253 29.1174 30.0785 31.2386 29.8919 27.0232 30.4074 29.1669 30.2087 32.4138 30.0943 32.2618 30.0433 32.0338 30.6866 29.5552 33.3898 36.0849 31.6046 32.4064 34.4063 32.6317 33.8125 33.1382 34.5798 38.1637 37.806 36.2962 35.8002 36.6555 37.8037 38.1985 38.7737 39.3564 41.8909 38.9269 42.5536 43.807 42.7541 43.2541 41.2084 43.2351 46.5323 49.3543 50.153 47.8557 51.8356 53.5664 51.5182 54.1249 54.2104 51.452 57.5886 58.6318 58.7396 57.1906 61.9529 63.6134 63.2743 63.7275 68.8217 66.1935 74.5565 73.3149 79.2607 85.0896 79.9112 85.7619 88.9189 99.1797 102.515 99.9183 110.666 117.33 122.756 126.897 135.362 141.045 151.017 160.462 164.415 175.201 184.142
182.467 173.997 162.102 158.183 147.982 146.519 141.001 128.508 123.071 114.694 109.921 102.926 101.044 98.3962 95.7983 85.9045 84.113 83.553 77.506 74.6306 71.4454 69.7615 68.6036 65.9945 62.2177 66.5292 62.8274 65.7003 53.5173 51.8393 54.8652 54.0948 54.0764 54.5974 51.1155 52.0654 53.1554 47.6624 48.7903 45.7777 46.2162 49.5412 42.5058 42.502 41.3483 40.2417 40.7064 38.4855 37.0378 37.657 40.5341 37.7547 37.6851 37.8632 35.155 32.238 36.2449 33.097 35.7408 34.8355 29.9716 36.2741 32.4959 33.3978 30.2406 31.9001 32.8231 29.0706 27.708 31.7198 29.2329 31.0995 29.7097 29.614 32.5278 29.9524 30.554 29.2228 29.4349 31.1432 25.6903 31.5408 27.7097 30.5717 28.4993 29.2486 25.4695 24.8763 28.4815 28.7965 27.5199 25.6552 26.2798 24.9088 24.5199 27.133 25.9446 23.1983 24.5291 24.3659 23.5032 27.3552 23.5924 24.3957 25.9343 27.8516 23.1602 27.0186 27.0871 27.0091 29.4589 24.9504 25.6467 27.5515 26.5184 28.8597 28.1638 26.7468 27.192 27.7318 26.7602 28.1328 28.8671 28.9289 28.4523 30.6075 31.696 30.2442 27.9095 29.9197 32.8601 30.1456 30.2825 33.5065 32.5913 33.4274 31.8093 32.9188 34.7926 35.4057 34.1319 35.2973 35.7254 35.2404 36.0995 39.5278 35.1341 39.5842 37.934 37.3974 37.1312 41.6702 40.3042 41.9853 44.6228 41.0766 43.4343 44.1189 42.7762 44.9935 46.403 48.7186 48.827 48.2268 51.0381 51.6398 49.5775 52.1392 54.5391 55.6241 57.0203 58.3493 63.147 61.3294 65.2972 60.1033 65.4869 72.6184 74.7111 76.8686 70.4804 77.8699 84.6309 87.4829 89.2262 90.9285 94.7986 97.7246 104.77 109.097 113.665 124.689 132.495 137.659 141.904 148.761 159.521 167.278 176.142 181.73
181.967 173.984 164.357 157.534 151.447 141.169 135.347 125.258 122.134 116.56 107.362 104.518 102.637 94.6563 88.4607 87.3035 85.9249 77.7363 80.9137 75.4163 73.5807 66.0204 70.4658 65.3734 63.4196 60.3263 56.2228 62.6816 55.658 56.6514 54.1028 54.1879 53.0659 49.6767 51.6191 51.0454 48.7243 47.0258 46.8152 46.8124 41.5982 42.2065 42.8576 40.2308 43.2821 40.9914 40.8633 39.7826 39.116 41.0916 37.6899 37.4676 38.0302 32.7038 34.7404 38.5352 33.8931 36.7903 32.8115 36.4038 30.7231 32.3927 32.6184 31.7386 29.4058 30.3443 32.0883 30.2718 32.0989 26.4884 29.7727 31.1354 26.9108 30.7448 30.9262 28.3426 29.8056 28.2255 26.6071 31.3769 28.8338 30.1525 28.1604 27.0194 29.2692 28.8978 25.9153 25.7736 28.5237 27.1403 27.5136 24.1955 24.7658 24.4026 26.1607 28.5868 24.3488 25.8364 22.796 24.0428 24.7158 24.7469 24.4585 26.5311 26.0899 22.5753 25.7891 26.2405 25.6276 27.7587 25.0272 26.5379 25.6897 28.5394 28.2301 25.6381 29.5235 26.686 26.1834 28.0767 27.2907 29.6086 28.7122 28.4277 31.692 30.9131 27.5046 32.7133 31.1414 31.227 30.5137 31.1591 32.0867 31.8222 31.0131 32.3938 31.5692 30.0478 35.6806 33.1475 36.9248 35.3926 36.406 33.6111 38.1004 37.1603 35.5073 38.3283 37.0052 38.5017 38.3281 38.4056 40.8601 38.5422 41.5146 47.9287 40.9218 46.4544 43.7622 44.7058 47.8494 50.2106 43.1151 47.1485 51.7456 50.0454 55.764 51.584 51.1532 54.6331 57.7918 56.7322 56.8346 58.0792 61.9795 61.838 65.454 67.7241 72.1994 68.765 75.6933 77.4395 84.6737 89.2426 85.8241 89.9318 94.5466 100.85 109.192 105.861 115.976 119.468 125.059 136.537 144.285 153.937 158.255 166.304 172.299 179.366
179.381 172.305 162.606 157.38 149.659 141.123 134.381 128.803 122.125 112.15 111.959 102.787 98.3595 89.0103 91.7867 88.059 83.8188 79.5953 74.484 74.6926 73.3946 72.2546 64.8669 67.0226 62.1333 61.3424 61.7771 53.4104 55.4912 55.5435 54.8099 57.6493 52.7421 51.6765 46.359 51.1282 46.3677 45.0453 46.6767 47.8162 45.9356 44.4899 44.7767 41.2182 39.4025 41.0931 40.4822 39.7792 40.7908 37.6947 35.9721 35.1909 36.5007 36.6855 35.0927 37.6663 36.0621 34.4522 33.4911 32.8428 33.999 31.8219 31.5766 28.7334 33.4279 31.5629 30.5864 32.8959 31.5265 32.4046 29.6035 29.9995 26.6945 28.339 30.0137 27.087 30.8309 30.4317 27.0746 27.8164 28.3245 27.3531 27.4181 26.9422 27.7466 26.5185 26.2203 28.775 26.3154 25.7082 26.8487 26.8233 25.0949 23.6064 24.0738 23.9482 22.7384 24.9718 24.2397 23.1192 24.61 24.6561 25.0911 25.8895 23.6959 23.3719 24.4648 24.8862 25.3463 26.0735 25.9177 24.1056 29.3206 28.4655 27.0894 25.7116 28.0267 28.9042 29.9173 29.388 26.5376 28.4716 26.0449 29.8677 30.7535 28.5656 28.9422 26.4275 27.0328 32.0575 31.7088 28.1736 32.9794 28.8279 30.0692 31.2591 34.2199 33.7458 36.2124 30.9154 34.7093 36.3207 37.1577 36.2325 36.5209 37.3878 35.12 38.4761 38.3752 37.4615 36.0993 40.5316 42.0993 41.5148 40.0028 40.5721 42.6507 42.6325 42.3391 44.3856 42.0424 43.5905 49.709 46.2769 52.6479 51.6091 51.0694 51.71 53.9277 53.906 58.894 54.844 61.947 59.293 67.0125 64.2479 67.8091 66.0027 70.1181 69.1555 76.1559 76.7855 76.7229 80.3501 92.4292 89.6682 90.7302 97.0581 104.325 110.477 113.06 115.705 124.951 136.856 142.241 149.013 156.875 160.263 170.36 183.187
181.241 172.808 163.243 154.64 149.119 136.639 130.926 125.73 117.464 111.006 111.573 101.054 103.327 91.2191 87.8037 85.2905 82.1379 78.7702 75.5087 69.7165 70.5545 68.2478 65.6108 63.9207 59.6872 61.3141 58.3646 59.1251 54.9961 54.8131 55.7116 51.4051 55.9354 50.1447 49.1676 47.1332 47.8025 46.8563 46.9998 45.9778 46.4825 41.3754 44.777 39.2962 42.2206 38.9817 38.4942 40.428 39.6121 37.5679 38.4443 39.218 38.2222 35.6298 33.7903 34.8089 37.054 35.704 37.4573 35.6516 31.5954 32.0948 30.0446 33.5329 30.5531 32.4795 31.3706 29.4916 28.5428 31.33 30.8291 28.0736 30.9942 27.3033 28.1917 29.3808 27.5117 29.3312 26.9424 29.4564 28.555 24.8682 26.4526 28.318 24.6231 26.7863 26.9938 26.4467 27.164 24.5033 25.5044 24.3987 25.1716 25.7338 26.2379 25.3212 24.1104 25.7796 25.5203 22.4059 22.2263 23.3978 22.2313 24.4226 23.7797 22.1466 24.25 26.7831 25.9375 26.3776 24.3675 25.7108 25.3382 27.0655 26.6043 25.3036 26.8805 28.1793 26.0189 28.0839 28.0839 27.2274 28.4113 25.9234 29.2105 30.697 30.484 31.1342 29.6092 29.2839 33.7584 31.9966 28.9358 30.7061 32.4427 32.4253 32.9909 33.5572 32.84 31.1444 31.8981 33.5613 34.532 34.3677 35.2533 38.6896 37.0649 37.5759 38.1443 36.1054 40.1114 41.6947 40.3404 39.4935 43.366 45.9052 40.6634 46.8279 46.2301 42.756 44.6632 44.1252 46.5111 48.0473 48.115 49.5697 52.7341 50.308 53.756 53.0736 56.4602 57.1497 60.0247 56.9176 61.7583 62.4592 67.6197 67.4984 71.404 67.7273 73.2315 74.0964 75.7373 85.1614 86.692 89.2993 92.4298 98.9378 101.893 105.189 114.632 120.412 126.716 133.133 142.683 146.874 154.303 163.963 169.804 177.256
180.041 171.674 163.158 157.842 144.603 138.769 134.467 127.03 120.268 115.153 109.208 101.45 97.8366 89.4623 89.9985 84.8221 81.641 76.3991 78.6494 70.2141 72.9432 67.4558 64.3914 62.9022 60.6525 60.8476 59.9281 63.0699 56.7329 57.6759 51.8374 51.0798 50.559 50.2578 46.9205 52.9089 46.2564 48.0815 44.8645 47.5181 45.3346 43.4412 43.0256 39.7754 39.6775 38.2575 38.7911 39.1176 39.6802 38.7556 32.1235 37.5136 38.0971 37.063 37.8124 33.3649 34.1395 34.4669 36.5278 34.2392 33.1161 32.4986 31.142 32.1555 31.2049 30.8921 33.1907 28.0101 27.654 31.1457 29.8414 27.9051 27.9198 27.8586 29.615 30.589 27.1789 30.2502 27.1424 28.9835 28.4797 25.2403 25.5005 26.5923 23.6134 28.6599 26.6744 24.8545 25.5851 26.9498 24.6535 23.4891 24.8622 25.7989 26.2339 24.6839 23.1365 24.2327 24.1523 23.0167 24.1226 24.1377 23.4704 24.8213 24.8868 26.5048 24.7521 22.7047 24.2158 23.5043 23.5229 25.8871 24.5778 27.1625 24.8327 25.6216 27.5632 27.3541 29.369 29.7813 27.5299 25.8837 26.952 28.0592 29.6529 29.6191 25.5573 27.3543 28.6448 30.9375 31.0439 28.78 32.1167 31.6178 29.8653 28.2393 28.93 34.4477 31.2901 34.8966 32.9036 31.7272 37.277 34.6479 34.2532 36.1836 38.3022 34.3256 35.1409 37.2568 38.3414 41.4999 40.4749 39.2924 38.4919 40.0766 41.7304 44.0076 45.3408 48.0576 44.8976 47.2384 48.8 50.3675 46.3075 51.0075 51.161 51.6827 55.0075 51.0103 52.5513 57.4741 56.9562 59.3498 61.8485 61.9524 63.7698 66.8919 70.6099 72.6517 72.2094 73.6837 77.2923 78.661 83.1185 89.2288 91.9772 94.309 106.779 109.341 113.165 117.771 129.189 131.388 139.678 150.553 155.12 162.88 171.921 177.202
178.353 170.895 161.877 158.658 145.226 144.216 131.499 129.383 119.255 110.65 108.666 102.467 92.4626 93.6409 84.589 86.8926 83.8737 80.9123 75.6761 74.4553 73.5622 69.5823 67.2268 59.9877 65.3156 60.8667 60.7889 61.8167 56.7889 57.3975 55.2837 51.2559 48.8756 53.3988 48.0771 49.4152 50.2048 47.5384 47.2058 46.1564 42.7307 44.2773 40.7353 40.528 40.0637 40.5625 41.2711 40.7346 37.3867 38.9373 37.4033 40.4282 33.6734 35.7527 32.023 34.8406 34.7401 33.2804 36.9494 30.1579 31.2769 33.5993 32.2265 32.9749 31.4604 27.6088 29.8652 31.1233 29.5543 28.7066 27.0694 27.6663 30.2315 28.436 28.1167 26.4781 31.084 29.7358 29.2899 26.9587 29.7784 28.3696 26.368 27.1674 30.635 26.5789 24.6999 24.05 25.743 25.4115 24.9993 25.3602 25.3175 23.2503 26.6635 25.28 25.3396 22.8707 21.4559 25.3463 21.4021 27.5306 22.5573 22.5664 24.1929 25.1194 25.5014 24.9082 22.6098 25.2912 28.8746 26.5691 26.1315 27.0524 26.7002 26.0789 29.0068 26.0531 26.6736 27.654 26.8884 30.1287 26.9078 29.8823 24.9965 29.5548 28.2176 27.3921 27.7608 30.2548 29.5903 28.9571 31.2232 30.4542 32.9076 29.49 31.4888 32.7561 34.2338 34.5065 34.0701 32.9306 34.2473 34.7709 34.7785 34.8475 36.409 34.6215 37.3916 35.1665 41.1329 38.0545 41.1498 40.6464 39.9902 41.2441 43.6307 41.7985 45.1677 43.6537 41.8832 49.2658 48.4087 45.7866 45.2392 48.3669 51.8405 48.913 50.8882 48.1012 55.5464 53.3527 58.3122 61.586 62.0326 64.4139 62.1514 67.9259 69.809 73.0014 76.0006 73.2548 78.5179 82.3842 85.6926 85.0596 93.4941 94.3178 100.968 103.042 113.747 115.82 121.812 125.677 140.116 146.822 157.122 164.694 169.997 179.271
177.781 171.784 164.889 156.199 144.91 138.152 132.131 124.37 120.675 110.893 105.439 101.626 97.2297 93.316 86.6453 85.2136 79.8439 80.002 74.0329 69.8124 69.9823 69.285 64.61 64.4816 60.0791 62.2742 60.9198 56.4613 53.5197 57.4 51.2223 50.3132 50.2833 51.0269 47.1625 47.7824 46.6495 43.3713 43.7258 44.412 44.1971 41.2224 42.9781 40.7851 41.7944 39.7537 39.3338 40.2381 38.2972 39.5544 36.0813 36.1948 33.7319 32.3923 34.2715 36.6152 32.704 33.8189 30.828 33.4685 36.1904 32.4748 32.255 30.2705 28.5852 31.0157 30.5481 31.698 28.2642 28.8802 29.4994 29.3608 28.138 26.1304 30.5721 28.4531 28.5141 26.6181 25.9119 27.6125 25.5874 27.2503 28.5088 26.5013 24.4694 26.287 27.6873 25.5531 28.811 26.219 24.831 24.9184 25.2919 23.4757 25.6234 24.9845 23.5771 24.4089 22.6975 25.3146 21.959 23.1464 23.0551 23.7688 22.7938 24.9287 23.6595 24.6597 24.2073 24.2683 26.4757 23.8809 24.6745 26.6049 24.7703 24.6105 23.9112 27.4688 27.048 26.4062 26.1833 27.8243 27.8377 28.3381 27.4742 29.7266 25.8325 27.4162 29.3973 30.0326 29.497 30.7076 31.9719 30.3726 31.1318 29.4772 30.5367 31.0318 31.6432 32.7695 34.3589 34.498 32.7957 33.8249 35.2756 35.2561 34.4266 35.9572 34.9268 32.9798 35.3145 37.2185 39.1265 39.2163 40.0061 38.9137 41.0672 41.7717 41.9916 42.7725 43.8672 44.0074 46.4928 49.0144 46.5645 46.4389 47.8721 49.088 49.272 54.7139 52.8466 53.0069 56.4065 56.7212 61.1 60.1884 61.2594 64.4664 68.2874 67.6441 68.6937 74.1916 77.7298 85.462 83.8872 87.4781 93.5933 101.595 103.157 107.7 110.031 122.567 124.61 134.77 139.01 152.039 156.863 159.963 172.537 180.576
180.254 166.178 161.756 155.118 144.842 142.306 130.488 123.915 114.764 109.969 106.378 100.151 96.5318 90.5559 82.3583 82.9924 79.4302 77.9478 75.5931 71.6252 70.683 66.9685 67.7423 62.3578 63.2804 60.6949 58.55 58.1933 52.9647 56.0791 50.7336 50.6904 49.3868 51.2656 52.1993 46.6829 44.4826 44.4157 46.4225 46.6717 45.8422 39.6041 43.2132 42.9832 43.228 39.2395 36.5975 41.8345 37.4855 37.9909 33.3416 36.2015 32.7038 35.0914 34.0586 33.732 34.0648 33.9186 34.2536 32.0456 30.4617 33.6041 33.0297 31.7451 31.2938 31.5295 28.6752 29.2718 29.2235 31.0221 27.975 28.657 29.2279 28.2066 28.6548 27.7434 24.6276 28.1125 26.5969 25.654 27.2236 25.5386 27.9897 26.6606 25.9177 28.0265 25.8761 23.9344 25.3511 24.5192 26.6513 25.4022 22.9845 25.2041 26.3189 22.0883 24.4368 22.9703 24.4909 22.9456 25.2307 23.8983 22.678 23.4686 22.0698 22.3455 21.6204 22.5238 23.026 26.7174 22.4811 25.9569 24.1123 25.9921 24.2103 24.4872 26.4313 27.2909 25.9217 27.4544 28.2663 26.1986 30.4263 25.6923 26.7597 28.9156 24.8558 28.0617 30.706 30.7651 29.9269 30.7238 30.1669 29.7825 31.8685 29.7486 33.6072 30.496 31.2718 33.1341 33.7059 36.5252 34.0163 34.638 34.7268 34.8605 34.6918 35.315 36.033 34.755 38.656 40.1519 36.4789 37.9251 37.345 40.0701 38.5379 38.9059 43.8949 45.5102 45.4828 45.4723 43.3433 48.8959 53.2542 48.8945 49.098 49.3643 53.2353 52.6855 55.1149 56.7737 59.5219 59.6279 61.9572 56.8112 61.5344 65.2831 67.9598 70.9454 70.3768 78.5089 76.6966 77.5772 83.2011 89.1639 90.9606 99.2019 102.2 104.889 111.081 117.598 118.792 133.697 137.866 151.374 155.085 163.649 167.371 180.752
177.888 168.763 161.664 153.64 146.257 138.779 130.152 120.728 118.228 114.587 106.109 99.2614 90.7107 88.3048 85.3285 85.7102 80.5565 77.2965 75.8558 71.4427 66.0913 64.1926 65.8502 61.9396 63.8322 54.9951 56.0876 55.6564 60.068 54.3565 49.9666 53.494 49.0898 47.9175 49.3243 48.5165 45.4291 46.7726 41.3938 43.3773 42.997 38.4179 42.3168 40.8416 41.778 39.6225 37.2993 39.4064 35.8492 35.2869 34.7488 34.906 33.7929 35.5823 31.5709 33.973 36.2684 30.3412 32.9425 32.361 30.4816 32.6807 30.6268 28.5299 31.1539 31.1235 30.3757 27.6589 30.8531 28.1282 27.9039 30.7538 28.4265 29.2586 28.7661 27.6994 28.271 27.7695 28.9308 23.5241 26.4812 26.7014 26.4467 27.5632 25.1764 25.6884 25.7974 24.7419 25.4139 25.1117 24.5453 25.8346 19.9267 25.2555 22.8266 24.5461 23.3595 25.1783 21.2935 24.7087 22.3708 21.8978 24.1418 22.9329 23.4152 20.4881 22.3209 24.4043 24.0183 23.9536 24.3813 23.7229 25.4452 24.2665 22.8316 27.8302 23.7616 25.0628 26.4581 23.961 28.0793 26.9051 27.4587 27.2676 25.9336 26.0012 30.4107 28.7156 27.4528 27.5047 28.12 29.8464 32.9012 29.143 27.2481 29.6947 32.9534 32.7857 29.9447 30.619 32.1968 32.8513 34.0224 33.3296 35.2691 32.7192 37.8367 36.4633 33.9424 35.0096 36.3207 36.3836 37.5852 38.8372 40.3813 35.7118 41.1872 40.8188 39.3387 42.6812 45.3563 45.6725 49.5418 47.8298 46.2611 47.9386 53.2688 49.1128 51.5331 52.596 52.2359 61.1376 54.2472 57.2165 57.6034 62.3171 64.293 64.2902 62.4452 71.8792 70.1274 72.9337 79.1134 75.7903 78.8341 86.9111 92.7771 97.6594 101.37 106.691 108.56 111.027 124.144 123.219 139.684 144.616 154.994 162.781 170.822 178.373
176.084 169.815 163.221 154.225 141.08 135.215 130.827 124.421 112.998 109.593 107.681 100.756 97.2455 89.2894 86.6922 82.9732 83.3102 76.6165 69.8703 66.6731 71.3429 66.8143 66.7264 69.0966 64.4592 57.2547 57.8051 55.1917 58.5593 52.1704 55.0856 53.5353 48.7591 50.3042 47.2089 47.0811 43.696 43.8095 44.0917 45.1493 42.0314 40.8112 41.7178 40.4646 37.0129 37.9124 37.2347 37.6675 38.3362 33.5957 34.6214 35.2668 34.7648 35.4273 33.4415 33.646 31.5856 31.3323 30.1442 28.7389 32.0174 29.9548 33.2964 30.6009 32.5644 29.7662 27.9577 30.3489 28.5631 31.2863 28.0337 28.5182 28.1869 27.37 29.8224 26.7542 29.1849 28.3355 26.1653 26.0822 26.6713 24.2581 24.8233 26.3243 27.191 26.6791 21.9588 24.4882 23.861 24.9478 24.1121 24.2682 22.6137 23.2806 25.1496 22.2185 24.3293 25.7289 23.8213 23.0294 24.6842 22.3506 24.5192 22.3216 20.9998 22.2712 24.9288 23.283 25.953 22.8594 25.1214 21.5719 25.0874 24.6016 25.0514 27.2004 24.9605 24.5728 23.5735 26.9819 27.3389 27.1512 27.0633 28.1297 28.7364 26.2336 28.1217 28.6458 27.1875 29.0013 29.2499 27.7063 30.7115 28.8221 30.759 29.4439 31.7277 31.8896 28.3227 32.2639 31.824 32.4626 29.001 34.9045 32.418 32.9425 34.8956 38.2555 33.8167 37.1607 34.6025 37.9063 34.7352 39.9156 35.8688 39.5799 41.3185 41.9696 40.5529 41.9242 42.554 44.7395 46.0629 44.8981 48.2695 48.308 47.8634 48.1926 50.9685 50.4947 51.6698 51.1291 55.5319 55.2523 58.6354 59.9016 60.1253 60.955 66.4384 71.7549 68.6961 72.9737 75.8993 78.2562 83.8896 87.6274 92.0603 94.3475 103.025 105.68 111.402 113.899 121.832 128.692 140.533 143.636 156.22 160.26 173.846 181.97
174.028 171.775 157.551 150.551 140.097 139.613 127.206 120.987 112.863 110.68 103.215 94.1105 97.6938 91.2868 84.7802 82.4716 78.2784 73.7475 77.5633 72.4237 67.2233 65.0956 63.2458 62.9267 63.4991 59.6571 58.9801 54.4343 51.722 54.0967 48.4505 50.8649 51.1209 45.9032 46.4106 46.5887 45.1654 43.1663 43.0784 42.5175 41.8005 43.0935 40.1756 39.8381 42.4805 37.2175 38.585 39.2447 39.5071 37.5302 36.6123 35.6157 33.4402 35.01 31.7209 31.4879 31.7657 32.2211 30.2787 33.6631 33.2179 32.1174 31.8225 32.1027 30.3946 29.8295 28.923 31.6156 29.5227 28.2943 29.1542 26.6555 29.213 27.3645 28.2573 24.7048 24.6734 27.0306 26.5964 26.1974 25.6234 24.0086 25.5272 23.9976 25.7915 24.5065 26.8141 25.1691 24.3902 23.0468 24.5185 22.5941 23.4175 23.4082 22.5324 23.7712 23.4281 21.5831 23.2863 21.3971 21.8926 23.7105 22.4808 22.4134 23.1185 24.8671 21.9167 23.6829 24.5508 25.4824 23.7211 25.2799 25.0511 27.6027 24.2311 26.5936 26.7786 24.2729 25.71 25.7168 27.2393 25.9758 25.1904 27.808 25.7022 25.2509 28.5179 30.1687 28.6021 28.3549 27.7065 25.6325 28.5282 29.7857 30.0724 31.72 30.9463 30.3646 31.797 31.9683 33.8445 33.0462 32.0318 34.8594 34.2536 32.1433 33.8701 32.5755 33.083 36.0968 35.2888 39.8117 35.9204 39.9744 40.3115 41.9465 42.0542 38.8451 45.0184 42.6829 46.3837 44.0884 47.3158 45.4249 46.3523 47.3535 50.6226 51.6355 49.3765 52.2041 52.8917 54.7025 54.4082 60.2522 55.7485 63.7501 62.2632 60.621 60.3984 68.5612 69.5932 68.0032 78.8593 75.9857 77.2796 84.8884 90.3571 95.5478 97.6051 105.864 108.721 115.049 122.692 128.542 135.677 143.956 155.508 162.793 172.216 177.139
178.184 170.832 162.097 148.721 142.007 137.288 130.296 120.519 113.394 113.574 105.264 96.3491 96.8289 87.9622 84.6484 84.9604 79.3497 75.7948 75.5059 69.37 66.1171 64.8881 63.3725 63.7332 58.5041 58.1196 55.4641 53.9122 52.6296 53.2007 50.2585 49.3843 52.6875 47.2847 45.9926 48.1004 44.888 45.1987 41.9532 42.3872 42.0462 40.7952 39.9984 41.1417 39.7827 40.829 35.2528 40.3871 36.4059 36.1184 35.5258 34.9385 34.5804 34.1226 34.6003 32.5669 34.0122 32.2912 31.8616 31.1187 31.8838 33.1011 31.9152 30.5857 28.8125 28.6804 29.2474 27.605 25.7821 30.6247 29.7549 28.9187 26.0076 27.3234 24.8756 27.9083 27.0782 23.8645 24.4949 25.8356 27.0335 26.6299 23.6119 27.0362 25.2037 26.1241 24.2291 24.8509 24.4143 22.6917 24.1614 23.117 21.6225 21.9483 21.4419 22.1718 22.5565 21.6183 22.292 20.3937 20.3629 21.1442 22.3729 20.6881 21.9467 23.9813 21.1073 24.0508 23.4772 24.6402 24.2055 23.6108 23.8018 24.8073 24.074 25.7204 25.4361 28.0875 26.6295 27.6445 27.0203 25.4669 26.5553 22.6858 26.2181 26.2845 29.4955 27.6951 26.7448 29.2803 31.1477 27.0465 28.6934 28.5189 31.1164 29.0227 29.667 29.5643 28.524 31.4243 32.649 33.8647 34.6416 32.5271 32.3424 34.5597 34.3062 35.1911 35.2265 34.4698 35.7392 37.3835 37.7084 40.5614 37.4157 41.4696 37.24 39.6555 44.1087 42.9837 41.3637 44.512 43.705 48.8915 48.5437 45.965 46.1689 50.8355 49.9136 48.7392 52.9706 54.3873 57.5123 57.8209 57.2856 61.1229 62.4528 63.0448 67.3124 70.8158 72.2129 70.2639 73.4999 77.5488 84.7439 86.0601 86.5218 97.8388 95.6685 102.258 108.915 113.878 120.883 129.075 136.578 141.064 152.492 158.211 170.8 176.566
179.21 170.136 158.578 153.572 141.849 134.039 125.793 121.961 115.72 108.16 102.251 100.479 89.7309 90.8085 80.8539 81.1028 76.0698 78.3117 74.3078 68.4723 66.2865 64.1932 64.4354 59.9971 58.7136 57.7055 57.1867 52.7851 51.873 49.7715 54.7032 49.6736 47.9022 46.0106 47.2727 43.3263 47.7624 40.4644 44.0956 43.5977 44.0829 42.9797 39.643 39.6887 39.1155 38.9047 38.6647 37.7719 36.9757 36.2454 36.0884 33.0092 34.818 33.9223 36.0846 36.1338 32.1046 32.1619 31.865 30.833 32.0264 31.3985 32.1871 26.8939 29.2911 28.2744 30.5327 30.0201 27.9382 28.3004 28.447 28.0581 28.9123 26.756 26.2465 26.5357 25.7617 26.0829 24.5504 24.432 24.6405 25.9543 27.2027 25.9485 27.9382 25.852 23.4587 25.0383 25.2623 25.4019 22.6236 22.0364 22.0493 22.4023 22.605 21.5386 21.5864 22.6724 22.5634 21.7581 21.114 22.6117 21.6308 20.6931 24.0459 22.7173 21.3383 23.3436 22.1785 24.4277 22.4761 22.4633 24.2689 24.3672 25.8541 27.2109 23.3363 24.1978 25.9682 24.9286 23.9604 24.6809 27.3484 27.6279 26.8643 24.1135 26.3486 25.9485 27.6583 28.7997 30.0953 31.682 27.887 30.4718 29.9993 30.5884 30.2247 31.4377 30.3058 33.2546 31.5486 32.958 30.0701 31.8501 30.3338 34.2026 35.0809 36.4352 36.256 35.3301 33.8597 36.3988 34.2722 37.3909 35.5967 37.3951 38.0296 37.8485 42.6286 40.4087 40.3024 44.653 46.0215 41.9067 43.2426 48.736 50.249 44.2728 52.5205 53.3116 52.5388 53.0669 52.8114 55.2348 61.1707 60.4282 64.2392 60.8235 68.1234 64.0326 68.4868 73.8206 76.7196 75.6623 77.0519 82.2889 89.2356 95.8938 96.3309 102.073 107.865 110.708 120.146 122.871 132.222 141.367 153.518 160.784 167.893 178.833
180.066 168.745 161.389 150.689 142.073 135.93 129.106 120.26 109.273 106.01 101.278 98.9753 91.5012 85.9689 83.902 81.5541 77.2005 76.3723 72.9654 69.6008 73.5398 65.5592 65.561 63.668 60.8132 57.4447 55.1123 55.9701 53.3214 51.6002 51.9934 48.6078 48.123 46.2437 46.2001 48.1635 45.1154 46.8168 42.5363 42.7357 41.8721 41.6763 36.5063 37.2501 37.7062 36.8774 35.7097 36.9696 36.5799 35.7906 35.3032 33.0564 33.0075 33.4024 35.8781 34.4841 33.0491 32.1943 32.2069 35.6197 30.5708 29.4295 32.126 33.3258 29.0202 30.4292 26.0178 28.7033 27.902 28.7216 28.8159 27.3257 25.6062 29.233 26.5227 29.9233 27.6727 25.4664 27.2028 28.7086 25.5202 26.1139 26.7042 26.4779 24.3472 24.7481 25.6615 23.07 24.9278 22.7596 23.1129 23.8584 22.1326 20.9419 22.8786 22.167 23.6108 22.9435 21.1522 20.1325 22.4072 20.55 21.2331 22.0056 21.1999 23.0093 20.8039 21.6723 21.5248 23.5432 23.1546 23.6688 25.8059 21.6089 23.2364 23.1342 26.373 27.1278 28.4745 26.4215 26.0502 24.147 26.391 27.6581 24.5995 25.5478 26.5791 28.3227 26.3683 28.3709 27.3966 28.2021 29.369 27.5522 32.3099 32.4254 31.8131 29.6564 32.9925 33.1889 31.4777 29.0661 32.2485 31.0014 31.0883 33.5134 34.1279 34.3635 34.0664 34.5636 38.1526 37.4988 37.5374 38.0683 38.0301 38.5771 41.6319 42.3829 40.3387 42.8248 41.1029 44.093 45.8267 44.5813 45.0064 50.0533 48.0617 48.1697 49.5183 48.0354 50.8609 52.5686 54.9626 56.021 60.5593 60.1847 61.6172 61.8806 63.7163 67.7404 68.9783 72.1448 75.2169 74.4598 78.2611 82.3593 85.6848 90.4209 91.9967 104.361 105.711 111.417 116.688 126.976 136.161 145.211 151.021 159.364 164.015 178.934
177.989 165.492 158.895 153.701 144.388 133.548 130.441 129.155 111.936 111.843 101.631 90.9862 94.6221 88.0674 83.419 79.8201 80.6852 73.8596 72.2278 68.3419 70.1404 64.5847 63.6434 63.428 56.9525 59.8332 60.3851 56.2571 50.0652 52.2359 50.1295 52.1119 49.6218 46.7779 45.3648 46.3987 45.8582 44.949 42.6696 43.0024 38.1424 41.4147 41.201 39.1475 40.5289 38.3506 38.0916 37.6526 37.228 36.3025 32.9411 35.4648 32.5812 34.1066 29.2062 33.2864 34.0439 35.5244 31.9124 30.3999 29.1202 31.6497 29.807 30.0566 30.3762 28.9763 30.1744 28.8346 29.7692 28.9284 28.1445 27.5065 25.9564 28.0074 28.1217 28.8222 26.8333 25.5639 27.7467 25.1463 27.7287 26.3458 25.9596 27.3842 26.2241 24.7254 23.6492 24.9254 25.7747 21.6452 24.5305 23.4971 23.2999 22.6293 23.4188 23.7613 23.9237 19.9927 18.9689 21.772 23.5812 20.844 22.4163 23.2031 21.8581 21.6923 22.8582 25.2949 23.7414 23.8199 24.9912 21.0048 24.764 24.8866 22.6892 25.9401 24.2581 25.5278 24.6581 25.0475 24.3574 26.5452 26.8726 25.7242 25.2229 26.7066 27.3942 28.7037 27.4521 29.4646 29.2857 28.7782 27.9129 28.7039 27.1189 28.6303 29.1946 28.8231 30.5789 27.4961 31.9668 31.3224 30.148 31.2922 30.3287 32.2145 34.8723 31.6015 34.8336 38.8056 33.7688 33.6188 38.703 38.5226 39.286 37.7214 42.1395 42.3871 38.2083 41.3127 41.3496 43.2154 46.5862 42.4169 42.3171 48.0542 45.59 50.9066 50.0576 52.4109 52.6756 53.9226 58.232 52.457 60.1744 61.2312 61.9597 60.9605 65.3973 65.5703 63.9545 70.2923 75.2133 81.699 78.8792 81.8586 85.3391 92.0904 95.454 102.58 106.015 112.396 119.773 130.013 132.807 137.404 148.497 155.447 169.711 177.07
172.965 169.023 156.478 153.611 139.818 138.931 126.597 118.52 108.87 106.348 99.0187 96.6591 89.7763 83.0019 85.3103 73.8878 77.4634 74.3463 70.6516 68.4693 66.388 65.0181 65.0608 63.6723 60.3614 57.3818 53.272 56.9639 52.2637 47.5538 50.7278 48.0828 45.4269 44.363 43.6199 43.1987 46.1822 43.4732 41.4711 47.5191 43.3114 41.6645 39.6881 39.3335 39.6976 39.6211 38.034 36.3262 36.7106 36.5931 33.7317 33.8426 36.4578 33.3189 33.9178 33.398 34.3111 30.4772 31.18 31.9089 28.3269 30.7331 29.3992 29.3947 29.3677 28.9974 28.5285 28.0576 25.29 27.6499 27.1508 27.4587 27.9986 25.9916 26.9217 25.8695 24.3558 25.3395 25.3222 23.4206 24.4414 23.9747 24.241 23.056 26.5038 25.6189 24.8212 23.3845 24.9357 24.46 24.4554 23.3335 22.3544 23.771 24.0394 20.4741 22.2963 22.174 23.2632 20.7358 20.8407 22.3713 22.8225 22.606 21.821 23.1447 22.5289 22.108 24.5942 21.5266 22.8924 24.0912 22.5037 24.0045 24.664 23.6417 24.1557 21.5935 24.4704 23.6952 24.9165 25.7272 23.2426 25.0378 25.6714 26.1761 25.1721 26.8763 28.2072 28.2732 27.7933 27.8095 27.7261 27.159 29.2949 28.5528 30.8514 32.0298 28.8446 32.7318 30.3068 31.7546 31.7152 31.1315 32.356 34.9565 31.8374 35.2481 33.4584 34.8154 34.5089 36.5021 34.9732 38.779 40.6796 36.3188 36.7353 40.2471 41.7228 40.2089 41.2501 43.4752 45.293 44.4609 44.0975 43.7443 50.006 48.2095 50.7013 50.0443 54.2264 55.226 55.0459 53.8941 54.5704 65.014 64.6677 62.5083 66.2225 69.5404 70.8618 67.7711 73.4187 81.8899 80.4467 81.4337 91.5516 92.5317 97.7926 97.872 106.937 111.605 117.038 126.023 134.325 141.677 150.035 157.306 168.518 174.319
175.645 167.971 160.181 152.741 142.804 132.08 125.626 115.374 110.131 110.659 96.1143 92.2178 94.0871 87.2066 81.5382 79.9934 74.7302 74.9424 70.0059 70.1273 67.2356 67.7633 65.4536 61.2773 57.5826 58.2215 55.6907 54.1783 52.7581 51.7309 50.6319 47.527 50.8934 44.6486 47.0098 44.9495 46.4616 42.9119 45.5521 41.4631 40.4784 38.3123 40.3022 40.5325 39.9259 39.1909 37.7528 33.333 35.7764 33.8772 35.6795 34.2391 36.6092 35.0469 31.557 34.5628 32.3903 31.3677 32.402 33.5151 30.8964 29.2496 27.9742 26.2959 29.2753 27.9376 29.2504 28.381 29.8261 27.8655 27.9949 24.9325 27.3773 24.2052 27.5975 27.2782 23.8051 25.4349 25.7184 25.9224 22.3826 24.4826 21.4013 22.1283 22.7298 25.484 23.5247 20.317 23.416 23.4624 24.2766 21.9984 22.3202 22.3254 23.3888 22.3376 21.3587 20.1233 21.6967 21.2431 20.7901 22.9783 20.0329 20.373 20.2607 22.9252 20.349 24.5654 20.3126 23.5732 25.471 24.4363 24.0294 23.9195 23.2806 24.1634 22.1898 22.5825 22.2172 24.544 24.9187 25.9022 22.8476 25.6176 26.169 27.3731 26.5733 25.9644 26.3414 27.4918 26.9007 27.3788 29.2728 29.2858 28.9614 30.897 25.6984 27.7946 31.0465 29.7617 28.244 30.7097 31.0049 30.0322 33.1246 31.4524 33.9346 35.311 35.8707 35.3069 35.0361 34.3385 34.6271 40.6479 35.2861 36.6958 39.2887 40.8792 37.2919 40.4765 39.9174 42.648 44.334 45.4794 43.9145 46.1977 45.5329 45.1099 51.48 51.7477 50.8252 53.3011 58.018 54.9687 59.4525 58.9897 59.1318 60.0128 61.0224 69.2228 70.0407 72.7053 73.0809 79.3692 81.568 82.21 85.2078 94.3753 94.8728 100.631 106.201 114.872 120.383 124.123 132.243 142.211 150.613 158.19 167.684 178.65
176.602 165.316 155.705 152.099 140.712 132.464 125.078 119.179 112.204 104.667 96.491 90.3005 93.3361 85.1806 84.3565 80.1159 79.5289 75.1993 73.1394 69.0839 67.2589 64.3865 60.0975 59.8072 61.1872 55.4211 58.3093 53.3932 54.1444 53.8224 46.8823 46.4298 47.6423 47.5127 43.6186 45.9442 42.0139 41.3419 44.0536 41.8361 41.8433 39.2841 37.8201 39.7409 37.4072 35.7952 38.6565 36.5981 36.9005 35.3202 33.3028 34.0724 34.7197 31.5366 30.9906 32.0306 31.9595 33.667 32.2103 35.6123 29.2847 30.0334 30.8423 30.2073 30.7454 28.076 28.5723 27.8914 28.0001 29.7936 25.9475 27.0919 29.0417 28.127 25.2057 24.9849 26.5718 26.1078 25.1295 25.7447 26.2492 27.5546 23.4177 25.0962 25.7111 21.926 22.5686 25.5012 23.5206 23.0399 23.4959 22.3098 21.2844 20.6337 23.0977 21.2142 21.3362 20.434 19.2655 21.9895 22.3315 20.8702 22.1241 21.2154 19.5326 21.9761 22.8135 20.9843 22.2158 20.8851 22.3998 22.9263 23.7839 23.2935 22.6443 23.676 24.5047 24.7905 26.7581 25.9626 25.3809 24.5303 24.3367 22.8756 27.5214 26.5032 27.5662 26.2859 26.5709 28.4181 27.0841 27.6516 27.6365 27.6566 28.1792 27.6894 29.6787 30.3347 29.47 29.9084 29.387 30.3044 29.8318 30.6317 34.6558 31.2628 35.124 36.2861 35.3387 37.632 34.3293 35.8106 36.2295 35.1014 34.6153 37.0849 37.1673 40.729 38.5424 40.8927 44.2612 42.3993 44.187 46.4397 46.6657 44.0196 45.0004 49.5802 52.2629 50.0413 54.7223 53.3242 53.8429 55.3336 54.162 56.7338 59.5251 62.0963 65.7508 64.1339 64.6697 72.7775 74.6143 76.6938 78.4759 83.6856 87.3732 91.7222 95.1399 99.9243 111.005 109.644 117.157 128.882 128.488 140.059 147.719 155.392 167.114 177.572
177.412 168.313 159.638 146.059 142.089 133.755 123.414 118.389 110.279 106.688 97.6067 93.4318 92.5342 87.7583 81.9603 76.9277 75.1317 72.8834 71.6512 64.739 67.7024 62.4077 57.9368 59.9879 57.9852 52.8805 52.0702 52.17 54.2686 52.3911 51.6073 47.3467 48.03 48.7688 45.5405 48.9221 45.142 42.9829 39.0012 41.4328 42.0437 40.4197 39.4953 38.973 38.2829 37.2819 35.2711 35.5236 35.24 34.7292 32.8567 32.4211 31.8582 32.3993 30.5372 31.7038 28.1689 30.725 31.3093 29.0944 30.9977 27.9599 31.361 29.3751 32.9018 26.8941 28.4267 29.1282 27.6376 29.3648 28.7254 30.908 24.9854 26.3848 25.8718 25.6406 24.4611 25.9031 22.9077 23.6477 22.4587 23.9606 24.5619 26.5983 24.7698 22.5128 23.3663 22.4042 23.4124 22.1674 21.8175 23.6462 21.637 22.6181 22.5051 20.6895 22.6166 20.5974 20.4158 20.3506 20.3134 18.77 20.1225 21.2101 22.1385 21.4836 22.3257 21.7533 22.9685 21.6213 23.4477 20.4402 21.6652 25.3835 24.7518 24.7968 21.0356 25.3402 23.7105 24.2548 25.824 23.8063 24.1673 25.4017 27.45 26.581 26.2255 27.5125 24.7856 26.3154 24.7981 27.0431 26.8621 28.6217 29.5395 29.1457 29.6013 28.9797 31.2355 28.1698 29.2941 30.0083 31.109 31.1133 32.7366 31.8791 32.3322 31.3574 33.4433 34.9324 35.432 37.3822 36.9844 39.1774 37.4221 35.3744 35.0928 40.342 38.2175 40.4702 40.5765 41.5314 43.5663 45.2791 47.1043 43.4981 46.3016 47.6291 48.1267 48.2586 52.4675 53.2886 48.9558 51.4784 60.1285 57.4133 56.9538 60.7375 63.9622 67.2353 61.4484 71.4381 69.7854 75.1778 76.2674 83.4022 83.4278 84.6217 95.3234 100.769 102.453 110.914 112.722 124.064 132.934 138.204 152.048 158.313 167.942 174.869
177.909 168.409 157.442 143.196 140.987 131.179 121.491 115.007 108.253 101.92 102.502 96.7031 89.1235 82.4573 79.3865 76.8695 73.2292 75.9835 65.0116 66.4386 65.3268 63.6773 62.2561 62.8343 58.1263 57.695 56.5702 54.2229 50.4043 49.0711 50.5142 49.3251 45.2593 44.2539 41.4762 45.7943 45.4429 39.7733 41.2396 43.8288 37.2418 42.1119 39.6463 39.5825 36.0845 36.5643 36.1494 33.0236 34.9757 35.7222 37.0094 31.854 34.2905 29.9607 32.4166 33.4777 30.0862 32.3242 31.5253 30.5904 31.106 28.5883 27.1606 28.0426 28.0525 30.6685 26.568 29.204 26.9232 28.6148 27.9462 25.4392 27.8994 25.3501 24.8765 27.9491 25.8938 23.6033 23.7301 23.9443 25.6755 22.3942 22.7023 23.9605 23.8019 22.5049 23.2183 22.6364 21.9986 25.0578 21.41 21.405 20.9662 22.145 19.4999 21.3463 22.5398 19.6226 21.3686 21.0715 22.6722 18.6528 20.0435 20.5876 21.4342 19.9014 19.9744 22.6736 22.5837 23.0534 19.7721 22.401 23.6511 23.6732 25.198 23.8101 22.9282 23.4213 23.9461 23.6954 25.3076 25.7547 27.2588 25.2369 26.496 27.5309 25.2789 24.9041 28.4615 26.069 28.5804 26.532 27.9063 29.6818 28.9362 31.5788 28.5485 30.0077 28.6447 29.3306 31.078 31.1874 31.3009 34.4584 32.9937 30.6012 33.2198 33.96 34.0229 33.1797 34.2897 37.4384 35.342 34.6828 39.7012 35.5977 39.2679 39.9186 41.2411 41.9808 41.7899 40.5962 41.5952 43.8511 41.4874 44.2448 45.0192 46.2769 48.515 52.1948 52.3082 51.33 52.4279 56.8758 55.5438 59.2673 61.1583 60.3676 62.5485 67.3046 68.1032 67.3627 70.2164 74.3721 77.4838 86.947 92.367 85.6336 93.4921 98.1376 105.538 110.224 119.265 119.326 129.988 140.044 153.303 158.005 168.335 176.678
177.634 164.892 154.482 149.41 143.224 135.333 123.872 120.097 110.564 105.636 96.2522 94.7146 87.7185 86.2226 79.0715 74.862 72.076 73.2924 70.3652 68.0703 63.6712 61.2944 59.1727 59.9693 57.5566 59.1411 51.9252 50.9809 52.0528 52.9773 50.8796 49.4177 48.9443 46.1362 45.0184 44.4611 46.7201 43.8156 40.6731 43.2514 40.0252 39.0685 43.3663 39.3064 36.5829 37.4303 37.7088 35.2835 32.9028 32.4243 33.2493 33.349 35.1953 33.2639 30.5557 33.4786 30.2227 29.8529 30.8263 28.8905 31.5407 29.3587 28.8421 30.4362 27.0381 27.2524 29.2841 28.8266 26.8274 26.4582 26.8922 25.9973 28.1018 25.8889 24.4992 26.6548 24.1251 25.298 26.2309 22.7232 25.1669 25.4401 22.7627 22.778 24.3973 23.1092 23.3792 24.5137 22.2543 23.706 23.4906 20.1183 21.3715 19.3682 22.5192 20.3228 20.7748 20.5398 21.3652 22.4635 21.006 18.9207 21.1073 19.5396 20.1803 22.3544 21.2369 22.3527 20.3713 20.3794 21.1167 24.0827 23.725 24.755 23.1221 24.9089 24.1809 23.5112 24.8646 24.9714 25.1032 26.0106 25.7985 26.6599 25.6218 22.9154 25.5255 26.1511 27.7408 26.3855 27.9821 28.0236 24.655 28.7805 28.1639 27.3305 27.2659 29.0003 31.5083 30.6744 28.2528 27.492 30.727 33.2445 33.2381 35.1992 34.8398 30.7217 30.581 34.1339 34.4776 36.4402 37.3856 37.6305 39.2765 37.2797 36.3213 40.4782 38.1937 39.8678 43.045 42.1266 45.5982 43.1794 45.8251 43.8134 43.9605 47.482 45.4929 49.9787 53.6455 50.1857 55.64 55.1801 57.0902 59.8992 56.9705 61.2051 60.276 62.1979 70.645 69.9047 68.2074 76.3221 75.0474 77.7468 82.6018 86.7158 92.8802 95.1192 106.362 107.368 111.511 123.77 132.926 135.405 146.644 157.819 164.663 173.775
176.124 164.338 155.217 151.878 139.915 131.377 125.035 117.366 107.17 106.743 98.0934 93.6185 88.2719 82.5062 78.8533 73.7984 73.4695 71.3264 70.0244 68.3044 64.9094 64.0008 60.419 60.3924 57.8032 58.3356 56.0156 51.6879 50.1639 51.014 49.4771 54.6823 46.2962 43.7469 41.8645 41.956 42.5924 42.3313 40.2837 44.747 40.2572 37.04 39.7425 39.121 39.4068 36.8615 35.6051 34.3303 33.8878 35.5293 34.6697 33.9765 31.5686 32.1309 31.7255 30.1354 30.6152 29.8407 30.015 29.0535 33.5444 29.0215 29.5452 28.4721 26.6269 29.7893 27.4244 27.1672 26.4174 25.383 25.8157 27.7888 25.0546 26.2411 25.4146 26.3274 25.321 24.4496 23.8291 25.9105 25.7748 25.1789 23.9345 23.744 23.3513 20.9067 22.581 25.2592 22.1215 24.4592 21.3329 22.2335 20.7352 21.0711 19.6976 20.3815 18.7726 20.6935 18.3033 20.1427 20.3248 19.6398 18.1776 21.597 21.5488 20.8912 20.7538 22.5603 21.5151 20.416 22.4363 23.6639 21.4498 25.4806 23.3545 23.7112 24.7785 24.134 24.2805 24.4911 24.7546 24.3485 24.0548 23.9332 25.6093 27.1599 25.7888 26.1383 24.944 28.2068 25.0918 25.6972 26.4786 27.3758 29.0831 31.7184 28.9297 30.762 30.447 27.7231 30.2179 30.4925 27.7739 30.0098 30.8242 30.9305 33.5508 35.7451 33.5603 34.225 35.5015 35.6869 37.6411 36.6644 37.8459 37.2492 38.8379 39.2157 38.6394 40.9252 41.4203 42.7972 43.6588 45.8749 44.9268 46.0379 47.7152 51.0965 46.7931 48.8364 55.2005 52.9301 51.6252 55.6604 56.8269 58.0523 56.9774 59.4931 64.3011 63.7065 67.7341 67.278 71.3406 73.952 76.9996 82.3713 81.2924 88.1091 95.4419 96.1576 98.9283 108.956 120.396 121.477 134.366 143.953 145.945 156.79 168.735 175.024
172.956 165.598 155.501 144.103 133.93 131.667 122.168 120.378 109.76 102.762 93.1805 95.274 90.3497 83.3738 87.1191 76.9106 70.0136 70.2809 68.7672 67.35 63.336 61.5596 60.9693 61.7788 55.3396 53.1477 53.752 53.9821 52.0397 49.0386 49.0874 47.6083 47.5465 42.9048 42.389 46.5196 45.5517 42.165 40.7864 43.358 37.4005 38.6523 38.6213 41.077 40.964 37.3543 37.3286 35.707 32.1156 36.7956 36.685 31.3206 32.0181 32.4917 31.1212 31.9577 31.9061 30.7974 30.3728 31.5367 29.383 32.0558 29.8715 30.6336 28.8348 27.8521 27.7048 26.7109 26.6437 24.4711 27.019 26.881 25.658 25.4853 27.6081 25.9729 25.3324 24.9627 24.6647 27.3409 22.8252 23.2834 21.1124 19.7821 23.4497 19.7846 20.7054 24.5225 23.8332 24.6993 19.5552 19.1788 19.8937 19.6118 23.4111 20.7283 18.9728 18.6876 19.4623 22.6335 18.7614 19.5186 20.0103 20.1263 20.5869 19.2142 22.0319 22.3456 20.5506 21.5281 25.6327 21.6512 23.9747 22.5035 21.9414 24.3197 22.846 22.5733 23.4542 23.2916 23.6297 25.5707 24.8852 23.4764 26.701 24.6961 24.2537 25.2479 25.3544 24.8323 26.324 25.8695 24.7657 26.7101 27.5403 28.8648 27.9166 28.9583 28.9115 28.2942 27.492 28.6663 30.8884 30.8924 33.1525 31.9862 31.8944 33.3803 32.619 34.8531 34.2424 31.9729 33.2447 33.7907 36.4528 39.1823 37.6692 42.9782 40.4743 37.8339 39.2709 41.8577 43.5106 43.5932 44.2303 42.438 45.2813 46.7951 45.8392 49.5917 51.85 51.8788 52.2713 54.3184 59.1426 55.4371 56.354 61.675 61.9773 61.7037 67.0339 69.2176 72.4983 74.9064 81.0161 78.9043 82.5541 90.7617 91.4486 97.3887 105.1 109.081 112.067 119.867 130.67 139.518 145.037 156.211 162.976 176.131
174.527 166.092 152.598 149.033 140.877 130.634 120.654 113.167 106.639 102.307 94.2499 92.1618 85.4855 83.138 78.0851 79.0008 76.6629 72.0498 67.6857 63.4264 65.096 63.8233 58.6124 60.5793 55.1846 55.5742 54.7512 50.9753 53.9014 48.0136 49.1433 47.5037 47.3624 47.1506 47.0124 40.463 40.93 42.5847 42.0376 41.904 42.7141 41.9959 39.7934 37.8174 38.3128 35.9187 34.0546 36.9891 34.9692 35.1332 33.4168 35.3956 32.1493 32.4734 32.1804 30.578 28.628 33.1946 28.6052 30.0765 31.7738 26.9015 29.3529 27.4567 25.983 30.3163 26.3851 27.2071 26.0615 28.1614 26.9093 24.1247 27.8805 25.6427 24.7331 26.1678 22.9834 25.2845 22.0945 23.762 25.2702 23.8701 22.2894 21.9538 22.4982 23.535 22.4741 21.8413 23.3964 23.9703 24.3683 21.6355 19.1531 19.8523 21.744 21.3351 19.1863 20.5098 18.9148 19.125 21.0162 17.9401 20.5234 17.2611 20.2183 19.2609 23.2517 21.0463 20.3237 21.4359 24.1313 22.5511 22.905 24.3019 22.8095 24.2839 21.8562 26.3668 23.8491 26.5673 21.7545 26.74 25.5263 25.3308 25.2121 25.188 26.6702 24.4463 26.0927 27.1009 27.4568 24.5173 27.3911 26.933 29.418 27.3981 28.3843 27.671 27.0224 30.2567 28.9581 30.2061 29.6774 32.6332 32.451 30.7104 29.0186 31.4719 33.4536 35.3099 35.7102 35.5122 37.8401 34.8134 38.8208 35.8227 38.5884 39.4163 44.2662 40.114 40.5724 40.878 41.3987 45.064 44.4177 42.9968 43.3455 49.2159 45.1207 51.4579 49.3498 49.9529 52.6674 55.2889 55.7454 58.4084 59.1359 57.7974 61.1637 64.5836 67.6007 69.3283 71.7879 75.2316 76.69 80.2 82.9876 89.4091 97.2217 97.5568 101.182 106.41 116.286 121.347 126.518 140.11 148.271 155.624 164.29 173.164
174.131 163.444 158.516 146.851 134.369 128.157 122.455 118.484 107.234 95.8289 98.1218 89.1751 88.0823 81.6605 77.5776 77.9161 69.7753 70.7616 67.084 68.2257 63.7249 59.0422 64.5793 58.2248 57.4639 54.9285 53.97 53.88 50.8987 50.4038 49.3318 47.9221 47.5963 45.4944 43.5008 43.2746 43.5582 40.324 37.8884 43.6746 38.0065 41.1893 42.7308 36.5225 36.5813 35.9381 37.0411 34.341 36.4005 33.1047 33.6599 33.0681 31.8404 32.8737 29.9604 30.7846 29.9534 29.9067 28.9901 30.0593 30.4759 29.6222 28.8718 28.2785 28.2352 27.1631 28.9226 26.8051 27.5392 27.3351 27.9661 25.2791 24.1363 25.8539 26.8721 22.8394 24.623 24.5738 23.2089 23.5167 24.6288 23.5245 22.4612 22.1609 22.4876 23.0202 22.9677 22.3323 22.5919 23.5346 21.7942 21.3615 19.1875 19.9291 19.8404 18.3938 20.0894 20.2543 18.305 18.5786 19.6499 18.392 19.8595 20.1075 19.8274 20.2695 23.1481 21.2917 21.4135 20.1489 21.0338 23.9575 20.0973 23.7335 21.9515 22.6455 22.1275 24.2232 23.2826 24.561 26.354 25.4745 25.0437 26.0653 24.8706 24.7045 26.3728 24.1034 25.8673 26.3755 27.0867 26.5396 26.7621 27.674 26.4337 25.3646 27.771 27.8713 27.049 28.0829 29.5837 29.0356 28.9835 29.782 32.355 33.1917 31.816 34.7206 34.7489 36.1364 35.3623 36.2592 35.5007 33.7455 35.9167 37.1796 35.318 34.4689 37.4358 42.841 41.0512 41.0025 39.9341 41.2567 41.8688 46.8446 46.3758 46.6733 48.2475 49.0423 51.38 51.1943 54.4575 54.3361 56.1933 58.8559 57.3192 62.189 67.2718 67.0587 64.4396 71.1203 70.0224 70.2751 74.6816 78.5671 84.7767 86.6145 93.8911 95.041 100.34 109.918 114.562 120.503 122.732 140.799 144.874 153.031 166.9 175.12
173.594 166.243 156.355 147.591 136.158 128.076 120.786 115.355 105.748 99.0954 97.0943 91.3525 86.198 85.5002 81.6641 75.5022 77.3991 72.7926 66.6435 68.2443 60.7025 60.5014 55.0043 57.381 53.2281 57.0635 53.4378 54.5179 51.3932 50.9162 46.8728 40.6778 44.8362 47.0437 47.7912 43.4668 40.5213 40.8999 39.3486 40.7188 40.76 41.7364 39.0947 35.5772 33.1242 37.7205 38.4758 34.1196 33.1652 31.2463 35.953 31.9857 32.8157 31.5717 36.1039 31.1662 32.4811 29.31 32.1422 31.6304 30.7804 28.6263 28.2246 29.5365 30.2519 29.6631 29.0679 27.199 27.7449 24.6551 26.3959 24.8347 27.287 23.0456 26.1303 24.2727 25.0154 23.5869 22.1719 24.2708 23.1252 23.2647 22.1 23.7724 23.6134 22.914 23.0159 21.4846 22.9618 21.8394 20.436 20.6487 21.0356 19.6311 20.1169 19.4006 19.8088 18.9483 19.8814 20.2254 18.2598 17.8056 18.4721 18.1357 18.7349 21.5116 21.3287 20.4781 20.7168 22.0403 20.7596 25.8488 21.0845 20.6449 22.4737 22.3965 23.5057 24.3231 21.9152 24.3316 24.5239 22.6664 21.7028 25.3046 26.5532 24.8628 23.0582 26.392 25.1878 24.4285 25.4351 25.5431 28.0004 30.3032 27.8728 25.2176 27.596 29.269 29.2516 31.0334 29.6964 30.4212 29.6151 32.2826 30.7637 31.3257 33.3195 32.829 35.2769 34.2421 36.2963 33.0232 32.7356 37.2024 36.5852 41.1403 41.4531 37.7577 37.738 40.0534 39.5231 40.3852 43.8439 41.8762 42.707 46.4939 45.8951 48.6835 46.8158 47.1892 46.8158 50.4353 52.3668 56.1522 51.4057 56.6459 62.3993 59.3768 61.6612 63.8538 68.7423 68.2648 72.8568 72.0324 76.2951 83.6853 84.7464 89.6454 92.0092 92.6634 98.3581 103.422 113.226 121.576 127.143 137.124 148.347 152.389 165.82 173.423
171.453 163.675 151.701 146.327 137.144 127.78 119.003 113.499 102.789 97.4879 94.7186 94.2388 87.3185 83.0216 79.1438 75.3048 69.4832 71.6129 62.6703 68.9795 62.9742 63.0187 61.9088 56.3857 54.1418 52.0128 53.1667 51.1081 51.6154 48.1164 48.3236 45.6702 49.5215 47.3281 45.2133 44.5455 45.0161 39.647 43.286 41.2744 42.5417 40.5352 39.1811 38.5273 35.4855 38.3139 38.5636 31.8037 34.6869 34.1521 35.4398 32.8692 31.831 31.2713 31.6262 27.9332 30.6478 32.6307 29.8397 29.3709 26.4782 30.3088 28.8236 30.1621 29.1917 27.5516 25.8318 26.9594 25.9998 26.2236 26.0142 26.5869 26.7043 26.9915 25.2299 23.0889 22.7062 24.7303 23.38 22.4503 24.124 25.8649 24.0955 23.9982 22.6492 22.8378 20.9417 22.3033 23.0377 23.1728 21.2965 21.2034 21.3152 22.8853 19.7077 19.4824 20.2405 20.0441 19.0216 18.9397 15.8949 19.1993 19.6429 19.0294 18.9044 18.0384 19.985 21.0788 21.8714 20.2178 21.5963 21.4476 21.2241 24.5735 22.6592 21.6273 21.7884 21.4827 23.8899 23.0918 23.2137 23.8059 22.9077 24.6209 23.1825 24.0919 25.0828 24.8106 26.1251 26.5757 26.5283 25.1381 26.8741 27.2927 26.5559 28.1998 27.1546 27.8759 27.4943 29.4224 30.2515 32.2661 32.4224 29.82 31.2149 31.2069 29.6273 35.3535 32.9178 33.1159 34.2854 35.3253 35.4781 38.5561 36.2799 35.9111 36.0369 39.1316 38.4748 42.1381 41.0373 42.3172 38.464 44.0054 43.927 45.8855 45.957 48.2577 46.5065 46.8643 49.956 50.7005 55.3395 54.8992 57.4659 55.4326 54.216 59.8583 61.1605 66.0168 68.0701 65.2021 69.0981 74.345 75.0688 77.0824 81.3937 84.194 92.7927 93.6479 101.59 106.614 108.345 123.193 126.471 138.635 145.495 156.612 166.817 174.387
170.824 165.894 154.827 143.279 134.917 126.352 117.724 113.769 109.301 99.4491 97.7785 91.1725 87.1398 84.8692 80.2401 73.104 72.2865 68.5263 68.8115 67.2845 62.8336 57.1082 57.1068 61.3397 58.1637 55.8592 54.4422 54.3467 49.9514 49.2663 51.3124 51.5893 49.6986 45.1584 47.2982 45.9026 42.6342 41.4943 42.5664 43.2117 41.4487 39.9188 38.1321 41.5249 36.5859 35.8619 34.6945 34.7884 33.0142 31.948 34.2 33.3742 32.6645 30.4788 33.5039 28.2674 27.8105 30.6647 28.5527 28.0995 30.7399 27.4161 28.8044 26.7018 24.4013 24.6883 27.3683 27.9735 26.278 24.3141 28.1866 24.7694 25.6704 24.6888 24.7667 24.7107 24.576 24.7442 25.4581 24.1567 23.193 22.883 23.5354 24.2253 23.4409 24.1351 23.1323 24.3151 23.3156 20.6037 21.7074 21.2734 20.5582 20.2634 20.933 19.34 19.745 18.832 17.8564 18.0159 19.124 17.6523 18.2554 17.6271 17.2287 20.2507 21.0572 19.4646 20.3015 20.015 20.5385 22.3101 22.1295 23.046 20.6398 23.6011 22.3859 23.8468 23.4513 23.375 25.4769 23.4805 23.9797 24.1467 24.285 24.786 25.3383 27.1472 25.7154 26.3711 25.2203 26.6257 28.4295 26.0819 27.9623 28.4108 29.7015 27.8476 30.5306 28.1502 29.2486 30.8522 29.4379 31.2228 30.2671 31.3383 30.9398 31.7221 31.7657 30.8681 33.7509 34.933 33.5347 34.3749 38.7002 36.39 37.5572 38.3695 39.0176 39.3812 41.8856 45.3172 41.1946 42.5456 41.9837 44.0908 46.4142 50.0191 49.5913 50.4277 50.8613 52.0868 49.3913 56.2513 54.1889 57.983 58.3511 59.4874 60.2919 65.9214 64.1331 67.7497 67.1242 73.4396 77.7174 78.8459 80.1068 84.7415 89.2781 95.878 99.6527 107.807 113.408 116.014 129.358 136.008 146.422 154.784 167.252 172.046
175.95 164.617 153.533 148.502 137.814 129.283 117.569 112.24 108.395 100.75 91.5509 87.0108 89.4253 79.7642 82.347 78.1554 73.629 65.3635 66.7969 63.9241 64.6339 61.0218 61.5741 56.1803 56.2869 56.226 55.575 48.3525 53.9788 49.0627 47.9248 44.6738 48.5133 47.2106 45.5057 40.789 43.1321 40.7074 41.1615 40.4375 36.6372 35.9075 38.7095 37.3246 37.0467 34.3102 34.7946 37.8827 35.4088 34.6758 35.7514 34.1628 32.3151 30.4931 30.7073 31.9784 30.4459 28.9912 31.5413 30.1344 27.8586 29.1095 27.5243 29.6469 27.4693 28.307 28.3538 25.5257 26.6146 24.107 26.8898 25.0582 26.4488 25.4899 24.492 22.4334 21.5975 23.3542 24.2465 24.4357 24.5045 23.6579 22.0137 23.3744 21.8294 22.3973 22.0059 22.5257 20.8269 21.8118 22.9246 23.5993 19.9342 22.3896 17.4851 19.2021 18.7085 19.2162 17.6985 18.5289 17.9324 18.1588 16.886 19.2025 18.6647 19.1948 19.1347 20.9127 19.435 20.5388 22.2295 22.9085 21.9565 21.8282 21.4417 23.3192 21.8048 24.4122 23.9534 22.7098 23.1909 23.1728 22.0932 22.9949 24.9608 23.9767 25.8304 26.4992 25.2097 25.3161 25.9752 27.1792 25.9944 26.8701 25.1479 25.1033 30.177 27.7482 32.0999 28.1299 29.6737 28.9803 28.9497 31.0125 32.1025 32.662 32.7164 30.0106 29.6339 35.2806 32.6313 35.2667 35.9407 34.4937 36.8498 39.7681 39.4062 38.1405 37.5737 40.8881 41.2509 42.3148 41.9284 43.5332 41.6648 42.9034 44.2691 44.093 49.5604 49.8245 52.9757 53.5638 54.0221 51.6993 57.0977 58.3672 60.7664 61.2474 65.5032 62.6345 68.0468 68.3546 71.0589 72.1354 73.3204 75.7014 80.0938 86.5417 90.457 92.5994 98.867 101.588 114.041 120.326 129.025 137.955 147.489 154.161 163.82 175.929
171.955 163.206 154.014 147.619 138.951 124.918 116.843 114.027 109.584 97.8921 96.4103 92.6027 83.5333 82.2201 78.862 71.7667 72.9012 64.5636 67.7063 66.6755 66.5474 60.7637 63.0339 56.9601 56.4895 59.7556 54.7961 54.1692 49.488 50.9432 49.1045 50.7486 47.1623 47.5617 49.5602 42.0509 42.1429 42.0586 42.0539 43.1342 39.3192 37.7457 39.2361 40.462 37.4012 38.3443 35.5335 36.5542 35.848 35.5011 31.7456 29.7007 36.6088 32.3435 31.9706 32.7928 30.8654 29.1966 31.5498 27.7197 32.2941 30.072 27.9059 28.8776 28.0111 26.5597 28.1921 26.6178 25.1356 25.3605 27.0971 25.7042 24.666 25.3972 24.7084 23.3066 26.2339 23.7511 23.3464 23.6165 22.1456 22.9932 21.8213 21.8496 21.7868 24.178 22.876 19.1702 22.3652 20.6883 20.5976 21.5714 21.3631 20.763 19.6359 19.5803 19.347 17.8105 18.2777 17.1061 17.706 19.2161 19.6311 19.1989 19.2334 18.5471 19.162 20.0413 19.4274 19.2396 23.8151 20.9306 21.8141 20.6972 22.8108 23.0163 23.1883 22.7246 22.8686 23.4786 23.403 24.1609 23.8169 23.5782 24.7417 24.7469 23.8084 24.7238 23.7098 24.138 25.3686 25.4936 25.0807 27.4708 29.075 27.1266 28.6569 28.9161 29.2944 29.3374 30.0963 28.1954 32.7886 28.6726 30.6725 30.5137 31.0302 31.5233 31.3445 31.3256 35.3298 32.0705 35.4502 36.5329 36.1465 37.1054 35.9656 37.7607 40.0704 37.5554 43.137 41.6506 46.4887 44.2582 41.0695 45.3286 49.6226 46.0298 46.7557 51.4152 50.5401 54.9936 52.0969 54.6299 55.6578 58.6454 57.6631 60.2422 59.062 61.7441 63.8299 68.8571 70.7508 72.4377 75.9987 78.7926 78.4567 91.011 88.2542 90.1673 100.987 102.748 111.871 120.784 129.862 134.269 148.609 152.373 164.905 175.56
174.295 160.314 156.433 144.713 134.134 121.634 119.698 109.449 107.313 98.4494 92.7996 92.3989 84.7938 81.211 78.9433 73.1406 73.7775 70.4085 66.837 63.3016 60.8067 61.967 58.453 57.005 55.6879 52.6596 53.6087 51.9472 50.245 49.933 48.4992 50.5166 48.3418 46.1544 42.9329 44.2299 42.7474 41.3945 39.8502 39.8583 39.7559 39.6699 38.9998 39.9706 37.851 39.2414 35.2924 36.5685 33.9006 34.8044 34.8536 33.0227 32.4435 30.9781 33.276 30.4411 31.9317 27.8543 28.8 29.1263 29.5095 30.2143 28.3396 27.0274 27.066 28.7436 27.7961 25.2332 25.1512 26.0953 24.5707 24.817 24.2431 24.7191 25.3861 24.2444 25.5427 24.8411 25.6439 23.4718 23.5681 22.8319 22.3097 21.9463 24.2551 23.3466 23.5052 21.7513 22.7488 21.8945 23.7874 20.4058 20.6685 19.1112 18.4089 17.447 18.0604 19.4856 17.9017 18.451 17.4913 18.3897 19.0208 18.7191 18.2551 21.2153 19.651 19.5975 21.7902 20.3134 22.8396 21.2698 22.2738 21.41 23.4022 22.3441 21.9349 24.1493 24.6235 23.5404 23.4188 25.3694 21.8616 24.0386 24.6516 25.4394 24.8123 26.1273 25.0447 24.3775 28.1516 26.4426 27.4414 28.0676 27.4241 28.0522 29.4943 27.8784 29.3645 30.4446 31.1973 27.6999 30.2129 30.1237 33.6675 31.7048 33.5566 32.1103 31.776 34.3971 35.0591 36.755 38.1742 34.7777 39.1613 38.7305 40.0761 35.5812 41.7987 41.5732 39.9659 43.3371 46.4729 41.5921 44.3604 43.4538 45.449 45.504 46.6196 47.7465 51.3931 50.196 49.133 52.5698 53.1678 57.2651 58.1675 59.1601 58.4532 62.8738 68.5789 69.6208 65.8885 72.247 72.405 75.9206 83.7724 87.6858 90.3212 94.7648 98.4487 104.23 107.412 117.593 121.867 133.34 145.706 155.678 162.796 171.331
171.798 164.438 152.022 140.571 132.275 125.835 122 107.3 102.714 99.1085 94.9968 90.1877 78.7714 80.619 75.6085 74.1294 72.8074 70.6727 70.123 69.1052 66.3588 60.3294 58.7906 52.6917 52.9837 56.3356 56.0769 57.7718 50.5982 51.1265 51.1555 52.3279 46.8911 47.1199 44.5513 44.4652 42.4782 42.1076 43.2365 43.5971 42.5397 39.7934 38.2923 39.9826 37.0055 36.4486 34.3055 37.0989 35.837 36.7125 35.6142 32.4818 31.4339 34.1609 30.7781 29.2024 30.3826 29.6474 32.8244 30.3922 29.2209 29.7362 30.3238 29.4703 26.5925 25.3683 27.3521 26.9653 28.4653 27.177 26.1497 27.4671 25.2347 26.6428 24.7063 25.8389 24.5682 23.998 24.632 24.8163 23.8462 25.6113 23.6995 23.3574 21.9572 24.0531 21.7185 22.7035 21.1326 21.4138 22.2488 21.2813 20.693 19.8334 19.308 18.0867 18.995 17.8502 19.166 17.4222 18.2181 18.5797 17.5448 20.4193 16.851 19.9684 19.4307 20.8945 20.1692 21.0447 21.2895 24.0448 21.8385 23.0852 21.6073 21.3304 21.7927 21.5735 21.8835 23.6039 23.263 25.1389 26.5921 26.2148 24.4099 25.9476 26.1529 27.2551 25.2082 26.5419 26.7776 25.9014 27.2689 25.4989 25.7212 28.3246 26.6613 29.6719 30.069 27.7846 27.2908 32.3459 30.9379 31.5014 31.8961 30.5985 36.4996 34.3823 30.9798 35.2865 36.4046 36.3276 34.5932 36.0538 36.8884 35.7267 40.1178 38.271 36.4756 38.9347 38.4127 42.4601 44.0162 40.699 42.7839 44.7277 46.4773 45.6457 45.9606 49.4224 54.8451 52.4413 53.2303 54.489 50.9304 57.5927 62.4593 55.5866 62.4738 61.8659 67.5633 70.413 70.4125 70.4689 75.0133 75.0565 80.6843 86.5689 89.325 90.9561 96.9211 104.773 111.581 118.315 126.262 138.031 142.559 149.683 163.041 172.026
170.034 161.577 152.877 141.546 135.933 122.644 117.295 111.306 102.462 98.9922 94.8511 89.8772 82.4426 84.681 78.7147 78.7546 70.7484 64.8042 67.6144 66.1557 62.2908 64.188 58.3647 59.8668 55.738 56.2676 51.734 49.8402 50.8835 48.8049 49.8763 48.7902 44.436 46.9128 46.5399 46.2777 45.3602 43.2382 41.0437 43.5813 39.2041 38.8012 40.6639 38.1242 38.1821 36.6168 41.4607 34.9813 35.4876 33.3418 35.3741 34.3329 35.4809 35.1101 32.6005 30.8553 32.6321 30.7497 30.0249 30.9329 30.245 29.3781 29.8961 28.0379 27.9288 29.6538 29.7482 27.9496 28.5464 28.3575 27.3495 27.613 27.1428 26.6825 25.9397 25.8311 27.2012 23.9735 26.22 25.7157 23.517 24.0547 22.7888 23.4566 22.7562 22.6442 24.3345 22.6946 21.6595 21.6306 20.635 23.5661 20.8946 23.5938 21.6826 18.5143 17.2646 17.6909 16.7881 17.7741 18.1567 17.5551 17.3191 18.4395 19.7604 20.7027 20.217 20.4704 20.5959 21.4656 23.4599 21.2766 20.0938 21.8942 21.9344 22.4596 22.7473 25.4297 24.2003 22.8966 24.8912 24.672 24.6434 26.4564 25.0876 25.6825 24.8348 26.2241 26.6023 27.2963 29.0535 26.1484 26.504 29.2343 28.5777 29.3563 27.5781 29.76 30.7523 31.5498 29.3289 32.2907 33.1977 33.9011 33.6725 33.8 31.7044 32.6853 32.5932 36.2497 32.7263 34.7161 32.1161 37.6319 35.4108 40.436 38.2316 41.5822 37.1339 41.726 40.5306 41.535 42.2492 43.6669 43.9198 44.6391 44.9613 47.9241 45.6516 48.9829 49.7935 50.0257 50.828 50.9156 55.5005 55.4874 56.0709 59.8414 59.1455 60.4965 63.4161 64.969 65.6807 73.4978 70.6882 73.8867 75.8904 87.371 90.3677 95.374 96.9376 104.168 112.47 118.199 125.296 131.36 141.843 151.229 161.606 171.253
175.046 162.624 149.908 140.617 131.779 125.691 114.549 107.602 105.085 93.3656 95.9648 94.4601 82.1566 80.7949 78.9191 74.5141 72.4244 68.7699 63.8165 63.2143 65.209 59.9086 61.8328 56.1877 58.3791 59.1946 54.4044 56.0865 51.4188 54.2851 45.137 50.2908 47.3934 45.2075 45.2401 45.9977 43.805 42.1515 43.0141 40.3836 37.5033 42.7055 38.2492 38.9617 39.3545 36.6135 37.4794 39.3561 38.4955 35.004 34.1698 35.5175 33.4545 35.3901 34.5237 33.022 32.8393 29.6779 31.5397 32.0705 33.8862 29.9118 30.6244 31.2623 29.191 30.6517 27.918 28.9983 28.0906 29.9064 28.6185 28.8895 27.2907 25.9794 28.001 28.4921 26.8721 28.2461 24.8533 29.0569 23.7993 25.2626 25.4398 23.5684 23.5716 25.1706 25.3215 24.0164 22.8798 24.4342 21.3462 22.5962 21.3791 20.2918 18.7942 19.3734 20.4592 18.5457 19.1643 18.352 20.0248 20.3951 18.5785 18.346 20.5402 19.8368 20.8016 22.812 22.9567 22.5556 24.2803 23.345 24.0258 23.4377 22.9404 25.9165 25.7634 25.5548 27.7963 27.7239 28.4731 25.1107 25.0179 28.9126 25.4775 28.0255 26.7882 26.9263 28.5843 27.6788 27.9708 28.9088 29.966 29.8939 31.221 32.22 30.6666 30.8224 34.2308 32.1188 32.2875 34.0181 29.6859 34.1526 33.8458 37.0877 34.5336 36.4237 35.2337 35.4255 35.5638 37.2284 36.8871 36.9455 36.7267 37.4057 38.7651 40.2712 39.7213 40.9572 41.0619 43.5693 42.2361 43.5964 42.8987 45.6485 46.4494 45.8727 45.9283 48.2838 50.995 52.4514 50.5356 57.8105 55.0902 56.443 59.3924 60.3751 59.4819 62.3592 64.918 68.5485 68.9981 77.8829 74.4458 78.6968 81.742 83.1733 87.1838 93.6572 97.3875 103.869 109.778 116.925 122.473 132.123 140.936 152.312 160.031 174.144
171.913 160.844 151.322 140.914 133.259 128.941 113.024 106.511 105.227 96.477 95.7057 87.658 80.7715 83.1785 80.0647 76.3563 72.7037 69.2688 64.767 67.8692 64.379 65.6952 62.1231 61.3648 58.0885 56.2553 55.8618 51.5975 49.5988 53.7409 52.9196 49.4127 47.9356 47.7042 48.8289 46.235 48.6876 46.3052 44.9163 46.1835 47.3321 43.7173 41.3499 47.3478 42.9891 45.6916 41.8186 39.7975 38.9197 39.8321 40.3955 36.8229 39.4368 35.9336 37.633 37.726 38.1254 34.5125 38.8791 34.3144 35.3398 31.9333 32.7718 35.2922 38.9042 34.5548 33.5519 32.9345 31.8896 34.6732 32.9608 30.8721 35.1108 28.6167 32.4777 32.0775 32.289 28.1519 30.6462 30.1791 30.4599 28.926 29.9641 30.5864 28.3274 27.1298 29.2726 31.2836 26.6839 29.1163 28.1151 24.734 27.0665 25.8265 25.5149 24.0328 24.6367 21.5292 22.8503 21.8688 21.244 26.2832 23.6973 22.7953 22.7861 24.762 23.8187 25.7631 26.5633 26.906 27.102 27.0003 26.1571 28.0358 28.984 29.5332 29.2868 30.5227 29.6548 33.0833 31.1481 30.5278 32.1603 29.7966 33.191 30.4791 32.3913 36.711 28.9286 33.7696 34.344 34.8734 36.0466 35.773 35.1614 32.9938 36.0911 33.5988 35.839 34.9188 38.6224 37.5264 36.5472 37.4874 36.0964 39.9129 37.2367 38.2057 39.9884 39.642 40.2807 41.9644 41.3782 42.2844 43.2194 37.1855 42.2284 44.9747 44.9587 40.7004 43.0622 45.3404 45.9983 47.2612 47.0816 46.6414 46.556 52.459 51.1457 51.7529 52.0007 56.2597 54.1594 53.3037 56.5899 57.2825 58.1102 62.681 62.0637 64.0679 64.5806 68.2749 71.5449 67.2499 71.3495 74.8131 82.9439 87.3094 87.9117 94.3188 97.0631 102.52 102.298 114.944 125.894 132.741 140.382 150.587 158.257 172.609
170.165 160.678 152.297 138.584 133.927 126.87 116.97 111.464 104.205 102.562 94.4184 86.7506 86.2098 83.7196 78.7625 77.4704 71.6826 73.6567 69.2485 69.6527 64.3761 63.2448 62.3393 65.1729 63.8155 57.9435 59.6568 59.4621 64.8978 62.9079 55.0414 55.216 58.1292 58.4935 57.5109 55.7778 55.3697 53.252 51.8946 54.685 54.8624 55.2785 49.9515 55.0539 54.3694 50.3085 53.7448 54.679 52.826 50.9804 50.8686 51.5897 48.6362 50.0618 51.81 44.5258 49.5901 48.0604 48.5687 50.8761 47.706 50.237 49.572 46.1695 48.3916 47.4393 47.0605 46.4348 45.3396 46.3384 43.5398 41.1922 43.9928 49.3855 48.697 44.845 45.6011 47.6951 45.5028 43.3471 43.7923 44.5764 42.7395 41.8968 41.6306 39.2305 40.6162 41.6953 42.4265 38.8521 37.595 39.4084 40.0035 34.4861 35.4948 33.6276 33.1008 34.2874 31.0888 29.828 35.5336 32.6402 36.7664 35.7738 36.4139 32.8023 36.8892 34.5622 37.7232 39.7985 39.5806 40.7457 39.5507 40.4259 40.1665 36.7698 46.0544 45.6893 43.5745 43.7345 48.0551 45.0047 42.7251 47.727 45.653 46.6362 44.1105 45.3412 46.9438 48.1072 44.1377 44.4593 43.409 46.8808 45.7205 47.1372 47.324 48.6596 48.9084 47.1618 48.1057 47.3602 44.9709 49.6371 49.0684 52.6029 50.7819 53.6049 50.0854 49.6553 52.8271 47.337 56.2543 54.0302 48.1108 52.6673 53.0006 57.0746 50.1441 55.5233 55.1376 56.0655 55.9213 53.0144 53.4626 55.7222 56.3766 60.2759 60.7383 59.47 60.5525 54.8172 61.5283 58.3516 63.7724 63.7396 62.2828 65.2592 63.8943 71.3402 70.284 71.7985 73.7239 73.422 79.2015 78.8047 81.0371 85.7653 91.3465 88.3925 98.4748 104.924 108.21 117.106 123.547 134.15 142.773 152.272 161.535 170.315
171.233 159.739 151.037 141.596 130.755 124.689 119.916 106.553 100.359 91.7882 92.421 91.8639 84.9324 84.5355 80.2485 76.9585 71.4657 73.5447 67.5413 70.4384 62.5977 63.0567 62.4298 63.1417 59.976 60.8506 58.0185 56.7219 55.9869 56.7195 58.334 54.9129 51.5139 56.2729 55.9635 54.1976 54.2472 51.1043 55.5823 48.4133 49.5492 54.0619 56.7408 52.3737 49.7769 51.2414 52.7953 49.9265 52.9484 53.4694 50.1497 52.085 53.4319 52.6343 52.2173 50.3157 52.7119 54.3534 52.2783 54.3787 54.5387 53.8098 53.956 54.7651 51.8333 49.3444 51.2729 57.305 53.813 61.3427 53.753 59.1484 59.6407 59.8413 59.8001 60.9577 59.4861 52.8108 59.7504 54.6217 60.8696 57.9473 54.0438 58.7245 57.937 59.9281 58.583 60.4772 55.7744 61.4077 59.25 56.9938 58.6052 58.2142 55.4258 53.8042 45.9004 55.8955 54.4525 52.0471 51.1604 53.4299 51.4606 58.7247 53.0527 51.3531 52.866 52.649 63.7362 55.4311 56.5216 58.835 56.2834 55.2942 61.629 57.4172 61.3083 60.4294 55.7064 58.5196 58.9343 55.3338 60.8977 57.5701 58.3235 59.2958 57.6884 57.826 57.2373 56.1391 55.9053 56.5782 56.3573 52.4596 52.2798 54.3229 53.6831 53.4838 56.8786 48.9218 49.6211 52.7358 47.93 52.2181 52.1949 50.3446 50.6754 50.4128 49.2214 49.6412 49.5379 50.6574 51.1051 50.9666 57.2302 52.4254 50.7571 54.298 54.6359 51.3446 52.8072 56.7216 52.4133 56.6133 50.4869 52.8392 55.0271 54.2262 54.9071 54.9122 55.5583 58.0023 59.9171 59.2298 56.0559 58.3992 63.3281 60.8954 58.8961 66.0862 66.6831 70.5816 69.3826 73.212 80.401 79.9962 79.5673 83.3388 88.3768 93.7973 96.7683 104.42 107.676 112.843 124.646 127.673 138.928 153.115 160.868 173.073
170.581 157.107 151.369 142.978 135.058 127.971 114.641 113.297 106.096 97.2141 93.624 87.3427 84.736 83.6699 81.3113 77.4307 68.7466 72.4848 69.8815 68.5121 64.2581 63.8975 61.9425 61.7751 61.3458 64.0344 55.1698 60.3298 55.6977 57.4826 52.7196 57.4675 55.8488 51.4275 52.0696 52.2133 50.3063 51.6 54.162 48.7865 49.9591 50.3599 55.1414 46.1952 47.3842 46.3577 50.4301 54.9025 51.3036 50.9493 53.2004 53.656 54.2589 55.3438 49.8634 51.981 53.8874 53.2735 51.8975 56.3211 56.9103 60.6464 57.7418 58.5832 61.2655 59.7101 57.0141 58.0015 57.229 59.8003 58.8583 53.4559 58.736 57.2447 60.2075 59.1532 59.4938 60.0582 58.0705 58.5276 63.2015 58.8124 57.1495 58.9769 56.4424 58.4674 48.5853 57.7843 55.5955 54.748 52.5064 54.244 56.6863 52.2295 51.0979 49.0108 48.1892 55.7857 51.0141 47.6822 49.334 51.5852 47.8888 48.291 50.5432 51.6826 48.0556 58.6903 51.9103 56.5335 52.3404 58.1968 58.2796 58.5266 58.3944 57.4253 56.8024 52.377 61.2583 57.7937 56.1555 61.9271 56.6522 57.0783 58.3697 62.4091 59.2645 53.396 60.8672 55.3556 58.9229 59.9628 56.314 52.9675 58.6661 56.9464 56.0385 59.4837 51.0813 56.6073 57.1859 57.2779 52.5779 50.3482 54.5151 54.6782 51.4939 49.2619 51.13 49.2546 53.2395 49.7462 51.572 52.15 49.3135 50.3039 54.9935 47.5575 53.4633 49.7159 51.0704 51.4194 51.7586 53.6379 55.2564 48.5023 53.9532 54.54 55.5607 52.746 57.9717 57.5006 61.2787 58.8901 61.3662 60.9318 61.2468 62.2661 67.1781 65.0263 67.4084 71.4966 69.6521 73.5758 77.6804 79.0135 79.4985 82.8737 91.4458 96.1563 98.1004 101.99 109.154 113.83 123.061 132.592 141.276 151.006 162.548 170.348
170.83 157.314 149.111 141.047 129.761 121.665 117.287 107.811 104.597 100.186 93.1306 88.3788 91.5498 84.9458 82.2305 84.3024 77.5051 82.9833 79.6014 74.2836 75.4631 69.7505 70.6117 73.3145 69.6841 68.0894 66.2696 73.2912 71.5852 63.4335 65.1878 68.943 70.6364 67.5175 67.4338 63.6695 64.7684 65.78 68.1832 68.5786 60.5637 59.8526 70.8276 61.956 64.0476 61.6523 63.1931 61.1825 66.9115 64.4927 61.2041 59.6628 60.8502 64.5274 59.9451 59.6944 58.4675 62.682 58.0107 55.0177 54.1341 54.2346 55.7763 57.2231 55.1709 54.345 49.246 49.856 54.067 52.1449 46.9718 45.7448 48.047 48.5657 46.9488 50.8543 46.2979 45.3236 45.4134 45.4114 46.6926 47.1729 44.9199 45.9426 43.5644 44.2266 44.7915 42.5537 41.0035 41.967 39.168 38.6313 40.6381 38.8689 39.3395 40.0634 39.969 39.8344 40.2975 35.9255 36.1319 37.7807 38.4805 42.3383 42.553 40.7678 40.4176 42.2643 43.9608 40.4365 39.0382 43.1393 43.7736 42.2631 46.9157 43.0591 44.6123 45.4098 45.9624 45.9129 44.5023 47.8311 46.1897 46.3264 47.2758 47.3201 48.0214 50.2203 48.233 48.4788 48.6944 48.8868 54.1567 56.934 50.4054 51.5866 54.2027 53.6911 53.5189 52.1065 56.1673 56.464 59.0488 60.0433 60.6776 57.1631 58.9613 64.0082 58.7221 61.6159 63.9862 64.1821 65.7711 64.8851 59.458 61.3372 64.5105 65.6113 70.6704 66.6918 66.7207 64.1623 64.0249 66.2861 69.8564 66.0496 69.5444 70.3511 64.716 65.9765 67.4151 70.58 68.3632 72.2538 70.5602 69.9735 72.3954 72.0019 73.1383 74.1249 69.1339 73.5245 77.6712 82.019 80.8712 84.129 88.6668 89.5573 92.612 96.9643 97.9018 103.386 111.727 116.831 124.974 133.656 140.502 148.38 159.951 170.938
175.984 163.532 154.995 143.365 138.122 131.104 123.632 120.609 109.916 107.744 104.829 101.476 96.3086 97.5208 91.4239 90.9193 87.881 89.4239 86.1367 85.776 80.3205 75.431 73.0081 75.0374 78.6374 77.7016 70.5962 70.9773 71.8076 71.9343 69.2139 66.1299 69.8766 66.3319 64.622 65.1851 67.6571 63.234 60.4003 60.389 58.2796 59.6857 56.258 56.4655 56.8323 59.2962 56.3516 56.0683 52.389 54.6737 54.7698 53.0911 52.5771 48.5402 46.1452 51.1863 47.2154 49.4729 49.5592 47.0888 46.8629 43.4913 45.7313 46.042 44.35 45.7589 46.2209 45.0997 44.4856 40.6048 43.8721 39.0279 41.3342 40.6705 41.8871 43.0042 40.1998 38.6124 39.9048 41.4966 37.2668 38.3129 38.5769 40.5267 39.7007 37.5018 36.2408 37.0104 37.1796 38.4146 38.2674 33.832 35.4111 36.4202 36.2212 31.501 34.2017 33.796 35.8616 31.762 32.446 34.6243 33.3593 33.5626 32.099 34.643 33.8097 35.0833 32.6811 40.6365 35.1135 37.6981 36.9964 39.5473 36.7475 38.8009 38.5611 39.2832 37.2279 39.5269 41.8921 40.9388 40.3412 39.2816 42.2792 41.2323 41.2803 44.203 41.8168 45.3144 45.4078 39.6659 42.8652 43.8589 43.7733 43.2355 46.0453 49.6225 50.3275 47.7345 49.9071 49.1907 46.7586 50.0307 50.1211 49.8597 52.4986 52.1658 50.7904 55.2988 50.8055 53.5248 52.5797 56.6267 55.6216 51.7723 58.7241 61.3757 58.5682 60.0028 61.3648 59.9584 64.3392 66.3597 67.4243 63.9166 65.3225 66.5837 68.6129 68.488 71.3681 70.2437 74.9499 75.1763 78.6764 77.4841 78.7016 73.8641 79.905 81.0863 83.986 79.022 84.2735 83.9829 88.0631 93.4093 101.405 95.1153 100.148 102.609 103.713 109.08 119.012 121.264 128.159 132.802 145.308 152.147 164.335 172.251
170.932 164.161 150.712 145.956 136.209 126.731 122.693 115.005 109.651 103.974 98.4749 100.178 97.6836 96.1132 95.7348 88.6835 88.7837 85.0687 81.0674 84.207 79.3629 83.3685 81.0167 78.9748 73.2133 73.5201 68.5699 75.7387 74.0346 64.7941 72.527 65.1443 70.3707 65.0719 64.7525 61.1365 63.9665 63.4553 64.8738 60.6433 59.0132 61.2303 55.7956 59.3236 56.3738 55.3278 54.5603 59.1438 53.8231 53.5776 52.6668 51.9155 49.6214 46.5834 48.9948 46.6658 46.6247 48.4184 44.6409 47.8349 44.6737 48.18 46.8896 44.5476 43.3407 42.8396 41.0196 43.6036 46.2948 41.0318 41.7012 40.9335 40.8957 41.3535 39.8382 39.4451 40.8597 37.3522 40.0585 39.9117 40.8822 40.0508 37.7868 38.3867 36.9705 36.7552 35.301 34.8233 36.4458 35.1435 36.5242 33.4036 35.8036 31.8046 32.3549 30.724 31.5356 29.5089 31.3284 29.764 27.5058 29.3303 30.5838 31.6157 32.4992 34.1992 31.0738 30.3371 33.1833 35.9034 34.0463 35.8201 33.7207 34.6471 35.2526 36.9774 37.5529 35.9816 36.8737 36.4521 37.2814 39.8193 37.4909 39.2071 39.8992 41.0691 40.9074 41.2962 40.5277 39.0039 42.5344 41.961 41.8475 43.4888 44.3644 41.2615 44.7281 42.8012 46.0224 45.4972 47.5167 46.7267 47.523 50.7084 49.744 51.9978 49.9049 50.29 55.0905 51.5581 53.1456 54.8977 53.4293 53.5717 58.2884 55.5756 55.8276 56.9493 57.4878 59.0112 60.7523 60.4126 63.9422 61.9396 64.5904 63.8025 66.2472 63.1781 69.8292 65.184 72.8053 73.3982 73.0037 76.1014 75.3417 75.63 78.2789 80.2166 80.3988 81.677 85.9589 82.5734 86.1048 87.453 88.688 93.1329 93.2046 93.7674 102.342 99.4467 106.47 111.423 114.403 119.4 130.565 134.602 141.728 152.699 162.086 172.217
167.368 153.73 147.527 140.797 128.718 123.494 117.479 108.677 99.0129 98.4242 91.3191 86.1494 85.0245 85.4305 84.8131 84.9566 75.4969 76.6633 77.0961 79.8248 75.4673 74.7929 73.8427 74.6217 75.5942 75.8913 72.4996 69.1988 71.7387 71.7123 77.2205 73.2575 72.3497 67.7947 68.5882 71.8306 67.9802 68.8753 66.2816 65.0733 65.0964 59.891 62.8802 59.4722 62.8965 64.2895 59.1082 56.1631 52.3016 50.0057 50.6505 51.9526 51.4734 51.4077 49.7195 50.6534 49.0035 49.3852 44.3574 45.6182 50.225 45.0807 43.6191 43.759 46.7375 44.0646 48.0602 41.4451 45.1612 42.6162 40.1824 42.7926 40.5003 40.9778 42.0942 37.8701 40.719 42.4508 37.4733 37.7789 38.1488 41.1461 34.206 40.9874 39.7588 35.938 37.7532 33.6391 33.278 37.2502 35.5652 37.5547 30.9322 34.0333 32.3701 30.465 31.7412 29.6865 31.2575 30.5194 30.0554 30.0883 30.6822 31.0874 31.9208 34.0485 30.6959 33.1324 32.3038 36.0427 36.4409 35.2761 37.0113 34.8923 37.1898 36.4701 43.2572 38.923 36.367 37.6283 39.5048 41.8433 39.768 41.6676 42.1592 43.4927 38.7173 42.7943 43.0286 41.1382 38.5631 41.8408 41.0672 45.2946 42.8644 43.7076 46.1065 44.2734 44.8269 47.2384 44.8579 47.7239 48.8414 48.7277 49.8341 50.6781 52.2239 52.032 52.6357 53.8757 53.3204 53.0572 57.5464 57.3533 56.5891 55.8501 56.598 61.5444 57.6683 64.8263 63.0858 65.287 66.909 72.2803 69.42 72.3465 70.4661 72.7173 71.2448 71.7671 70.8707 74.6399 78.406 71.2338 73.5103 72.3826 76.723 74.781 72.4284 74.037 74.8595 76.0161 77.466 76.3463 82.6794 82.0528 84.6572 90.4587 89.0626 94.4092 97.3628 100.959 102.303 113.051 120.963 128.61 138.173 149.783 158.333 168.513
167.037 158.416 149.137 142.51 131.971 122.329 116.673 105.737 101.78 99.4689 90.7289 85.7458 81.2526 80.1013 77.948 76.451 70.8244 68.5081 66.172 68.6789 68.9889 64.7033 63.0985 57.8263 65.8542 58.7658 60.5005 57.9151 59.6968 59.8852 59.7539 58.7273 57.5085 61.6004 60.5439 60.7861 64.8119 57.2966 65.3101 67.1136 60.281 66.1891 69.2409 68.7738 65.5528 72.4194 66.2559 69.9199 67.734 69.544 68.028 68.5861 62.5634 68.6082 69.9641 67.0035 67.6697 65.3799 60.5403 62.18 61.4748 56.0078 57.7684 53.9425 60.2301 53.085 52.0172 52.7416 50.619 48.1356 50.2822 45.6442 47.6688 42.6089 46.8951 44.4855 44.7598 41.261 42.4579 39.2193 36.9765 40.7974 38.2992 40.9194 40.2671 37.3482 39.4728 38.2008 38.4731 34.7147 34.1559 36.0739 36.0263 31.2656 31.0241 34.4353 30.4793 31.7268 31.7057 29.4957 30.8532 32.9783 32.6814 31.237 32.6726 33.8195 34.242 37.7589 36.2684 40.1924 37.2105 35.1893 36.8265 36.8264 37.5166 38.7202 38.4743 41.9803 37.7949 37.9612 40.5881 42.5885 42.5956 43.0319 45.2252 43.5156 46.3709 46.4491 46.8844 49.9362 46.0623 51.4774 49.7905 52.4483 51.2682 53.7971 58.2912 56.4878 59.9031 59.6567 61.3222 60.7338 65.1834 61.6256 67.115 67.3549 69.3681 68.9688 71.109 70.3189 68.7274 73.5565 69.4674 61.4195 62.8486 66.4802 67.1606 70.9094 64.6446 60.6584 62.8905 62.8383 59.0913 64.3417 61.7547 57.9095 60.0159 59.4656 56.3194 62.206 59.6756 56.539 61.3207 57.7855 60.6712 57.8537 61.4839 59.9925 58.9026 62.7237 68.1964 67.0955 72.5671 72.4377 75.9926 73.4707 79.8228 81.5783 86.4955 92.9444 94.3296 102.533 103.276 114.184 119.348 130.25 140.069 148.263 162.115 169.254
166.054 160.701 145.886 142.695 126.836 121.075 114.228 112.685 99.7701 97.0497 93.322 90.4012 85.1838 84.2473 81.4738 78.6483 75.5451 77.5859 69.4374 73.8241 69.299 67.9538 70.151 61.8719 67.7364 63.9657 56.2628 59.3391 55.9771 57.9804 59.4695 57.763 54.2284 54.7391 55.1631 50.6943 53.7717 55.3314 54.9489 53.1092 55.5028 52.8102 56.4303 54.2868 51.6601 53.6879 53.9288 58.8999 53.4587 56.6407 60.2451 57.1419 59.2413 62.0466 63.1313 63.4137 66.4857 63.7998 70.1578 68.169 67.9982 69.0989 68.6184 71.8633 71.917 71.7016 68.2988 74.8482 71.9619 68.4425 69.6444 69.8071 68.2765 66.1207 66.5562 64.9641 61.6922 63.3585 59.9296 61.998 58.6674 54.3109 52.1741 54.937 51.6318 52.4357 48.5013 47.6214 40.6508 41.1352 41.671 39.4822 39.9064 42.4356 36.9392 35.1949 36.6914 34.7915 36.1513 36.3164 35.1135 32.5507 36.1117 39.8065 38.481 39.6547 40.1614 40.1331 40.7734 40.8797 47.7957 43.8687 48.1324 48.3113 46.8374 56.5248 55.7717 52.3602 52.724 57.7687 60.2898 62.5133 61.7041 65.5492 69.0858 65.3115 68.2072 63.8357 69.7347 73.2687 73.7254 71.5316 68.9349 69.15 68.3291 69.239 67.0587 67.732 66.363 72.142 68.9216 69.9129 64.4323 62.9991 67.4371 61.9654 65.1648 58.6705 57.9513 61.4388 53.5858 52.7508 56.0426 54.0473 53.5844 56.469 53.0066 53.3426 54.4464 52.8473 55.8581 51.0853 52.2091 54.5126 51.7469 55.6919 56.9159 56.0276 55.7508 63.9711 59.488 58.8337 60.1545 61.4322 61.3982 65.3623 68.5504 68.8519 66.7736 67.2599 70.0881 74.7013 74.0627 72.8115 76.3314 77.526 81.9193 87.3758 89.0725 99.3512 99.9599 99.4231 106.111 117.196 122.19 129.135 140.381 148.674 158.494 166.211
170.223 161.487 149.585 140.494 131.627 124.48 120.722 118.31 111.459 107.829 104.538 98.2004 92.6055 96.1731 97.4909 93.0194 94.2565 91.669 86.1344 83.0365 83.032 88.2725 81.3406 77.1877 82.1863 75.7346 73.8319 73.7413 75.5595 69.6746 72.1188 74.0172 77.2598 71.5071 71.4776 68.1321 68.8524 68.2777 67.5909 69.9007 65.8057 67.8894 64.7602 62.4048 66.9686 63.9424 65.1142 61.5676 63.6927 61.7882 60.8212 60.9413 60.8071 59.3491 58.4233 62.4712 62.5172 56.6099 61.5933 59.1073 64.1578 62.6382 63.0568 56.9316 61.8694 58.5867 62.2416 66.2244 66.9462 62.2558 71.8099 69.4416 70.5385 70.348 67.3207 73.3477 69.7156 71.4913 75.463 77.8569 75.8107 79.5203 76.3649 79.0677 68.5804 75.795 74.3318 71.5417 75.2459 71.7794 66.7877 66.7586 60.8764 62.3735 62.1369 61.6332 54.3411 52.9646 52.9442 53.0479 57.2005 53.4218 53.7378 58.5425 62.4845 65.3478 63.0828 63.798 68.9019 71.788 72.3088 72.2034 72.5689 72.5441 76.2803 68.2039 74.3008 75.305 74.2789 82.4426 71.9234 78.644 71.6376 71.6059 71.9483 75.6334 70.5069 66.7336 64.1973 68.6673 68.3171 62.167 64.6263 64.8834 59.9389 61.1712 59.272 61.6042 56.6289 64.1933 64.1962 63.6459 61.7113 58.735 58.5972 61.7539 60.9465 60.5315 59.0491 57.9201 63.1357 66.6676 63.1714 59.7704 64.6796 63.3505 64.9445 66.5299 67.6811 67.9156 64.8042 66.9875 67.9102 67.8831 71.7682 71.8301 73.5647 75.7915 74.461 72.5158 70.7344 72.9492 76.1181 78.6627 80.0237 79.8795 81.3894 87.7271 85.093 79.6504 80.868 81.6086 90.2339 94.1282 91.9854 94.8394 97.7821 101.552 99.9179 106.846 104.09 110.375 117.931 119.826 126.744 132.607 143.489 152.643 161.229 169.259
170.393 156.674 149.84 143.135 130.999 125.39 121.519 115.194 106.327 104.545 100.852 101.253 96.4895 92.8097 90.8497 89.6301 89.7217 91.2003 87.1383 85.1278 86.3933 83.7242 83.3361 82.411 77.1133 83.2492 79.56 78.2576 83.7749 78.3952 78.0159 78.7356 76.2063 71.5897 75.4636 78.5639 76.3478 76.4714 72.982 73.5322 79.1195 71.2623 72.0782 73.76 74.7969 72.5032 75.1238 70.1455 69.2158 65.9906 75.0425 68.5944 70.0729 71.6502 70.6656 68.7548 67.5914 70.7771 72.2507 70.4922 69.7821 68.9432 71.0136 68.7226 67.1611 70.678 72.5254 71.8189 72.0703 73.2867 72.1829 72.0742 72.628 73.5194 78.1679 77.4682 78.5653 77.6428 76.8173 75.5089 80.995 83.2417 83.8919 84.2297 85.5456 85.702 85.6008 89.0029 82.667 83.3021 88.0191 82.3769 95.7345 84.6975 84.5628 80.0633 76.0965 77.13 81.0966 81.4025 76.855 77.4725 78.1084 80.3256 81.2387 85.128 85.5486 83.98 87.6357 87.3469 87.6467 88.7238 94.8582 88.478 83.6168 79.9054 83.2721 79.2017 80.6672 76.9344 76.4074 79.4415 77.3422 72.3879 76.7682 78.7906 74.8251 72.5824 70.2993 76.3074 75.632 73.6752 70.3072 67.6689 66.14 70.5358 66.3977 71.2504 73.2709 69.3736 69.6153 69.7496 69.4576 64.3221 63.2449 69.5178 69.8663 69.9203 73.6598 70.5527 69.7371 72.2955 70.0545 71.2233 70.0759 75.8368 75.5635 74.9158 80.3388 72.6066 72.0733 72.3032 77.0634 78.9584 77.1622 74.2963 73.9297 78.1369 83.6715 81.6571 81.8366 81.6128 81.0554 83.663 83.3357 83.8045 84.3454 87.2726 86.4981 86.0502 88.7579 89.1572 87.418 91.2484 92.7062 92.6952 95.3699 94.6652 99.4213 100.511 103.894 113.857 114.376 120.411 123.757 132.639 136.147 150.917 159.449 168.898
168.314 161.933 150.765 136.042 129.884 121.261 110.632 111.58 99.2708 104.134 97.8934 94.7229 89.9103 86.3833 84.803 83.9768 78.9353 80.5742 78.4886 80.1149 74.6331 76.7063 75.6959 73.8133 72.8237 68.3866 68.4437 70.3099 69.9685 70.68 66.0335 63.9698 64.3894 63.0291 62.6156 65.6267 64.571 62.9718 60.8285 64.4964 62.8057 61.1185 63.7415 62.2019 61.1144 61.9789 60.5083 63.0335 63.603 61.9899 64.6279 65.5814 66.6082 64.6197 65.6805 67.2328 68.2878 69.3636 71.4992 76.1977 75.0451 73.8153 69.7358 73.9013 75.0535 76.256 77.6228 74.3005 75.3987 77.8883 79.5019 82.4637 76.7669 84.0324 83.0375 79.4063 82.7727 81.5794 79.6342 73.9259 84.5644 82.1414 86.199 83.7945 81.6448 86.3834 84.1584 84.2331 85.0648 86.657 81.3911 89.7855 87.6591 84.4607 81.8468 79.5313 81.2526 82.6455 77.306 75.6961 77.7116 77.1645 79.1638 82.0722 79.0259 83.4815 82.8534 88.27 90.3764 83.0634 88.5733 84.7882 82.7773 83.4474 83.2953 81.054 82.6879 82.735 80.5576 81.7272 87.6368 81.8493 80.5788 77.5221 78.6174 75.0163 79.5247 82.9984 75.0961 75.2882 76.2449 76.9116 71.8151 73.9518 77.8432 73.7617 76.0546 71.5221 69.235 65.0603 69.6997 67.7494 70.0213 64.4026 73.9888 65.6751 67.2352 63.3229 61.2813 59.1032 60.3166 59.5574 64.3555 65.7436 61.9825 60.8952 62.3419 58.555 64.2827 59.701 63.2877 58.9403 61.3716 63.2437 61.1793 62.8788 62.8826 61.8545 67.2877 67.2603 70.3131 65.1644 71.8157 69.3357 72.2265 68.8596 71.3595 75.4282 72.7774 73.464 76.6806 79.4553 80.2336 82.4504 84.94 86.3436 85.8874 88.4775 91.2062 96.8813 101.883 106.726 110.123 117.579 124.222 132.758 139.765 147.959 154.159 166.974
168.77 157.271 148.99 142.91 132.729 123.231 118.162 112.72 105.995 101.635 102.821 96.5785 93.1676 88.7334 86.7142 84.1183 84.3979 77.1596 74.9559 81.4751 72.3613 73.8662 72.2437 72.2009 67.1757 66.1527 69.2198 68.388 63.8007 64.3895 63.6174 64.6938 63.7309 65.6062 62.0613 67.1404 70.9377 66.4228 65.963 65.9686 64.3833 60.9534 70.3295 68.745 69.0898 67.4586 67.3895 67.1524 67.3446 66.174 65.1537 71.4916 67.6955 69.2631 63.2204 68.8037 64.4769 67.3313 65.5915 64.7892 63.459 63.0536 60.6464 58.734 62.4928 62.7132 63.1155 66.0159 59.5914 64.2481 66.4131 64.3524 65.7675 62.3256 64.8469 67.6944 70.3803 70.2798 69.4079 77.6104 75.242 79.9424 77.7684 77.3634 80.879 77.2003 77.4557 72.4405 80.3672 77.7248 76.8385 67.6383 71.2341 67.9563 64.9563 64.1709 62.731 56.0499 55.3535 59.501 57.6965 55.5381 56.9178 58.0318 61.4472 59.8692 67.8848 66.626 72.4842 71.9592 73.4616 72.9768 71.8142 78.5661 79.5511 75.2273 82.0718 75.5754 75.843 74.5904 72.149 71.2152 76.4591 71.4042 69.7268 67.2118 63.1979 65.3414 65.2535 64.0615 63.6714 63.0877 61.5007 65.6223 65.0154 63.6036 64.0189 61.6409 65.2416 64.4464 64.6668 65.9721 60.0679 62.5735 66.5043 62.252 60.031 66.4942 65.1703 62.5784 67.0131 74.0106 67.3359 63.9865 68.1436 71.2594 70.225 68.672 69.3316 66.6568 65.7333 67.2206 66.8333 63.5732 67.2077 69.2045 63.3538 66.1819 65.6091 66.6591 65.4535 66.01 69.1635 66.7297 71.1016 67.5845 70.7914 72.7138 71.502 74.4181 74.8296 82.5834 76.4253 79.7188 83.6661 82.6095 91.5375 91.6155 93.9661 99.8461 99.1386 110.258 115.178 117.448 126.636 131.181 136.207 153.062 157.78 168.871
168.299 156.873 151.329 138.794 133.864 124.754 117.078 116.497 108.025 102.652 103.774 100.72 97.7404 90.995 92.5113 86.3882 88.511 87.1193 82.5622 80.1807 75.1631 76.8678 79.4141 79.9201 74.91 76.9853 72.815 75.3181 70.1425 70.9084 69.5353 66.8058 64.4845 65.7195 62.8202 68.1603 64.204 60.8002 63.3004 63.1821 58.1469 57.4119 57.8127 56.7031 55.9932 53.656 57.3489 56.3633 56.1699 55.452 54.033 52.9874 55.6742 52.8796 52.8585 52.1892 52.8068 52.9535 54.4704 54.5772 55.9591 55.8797 63.1577 61.8766 58.3849 62.6596 66.1104 67.7538 66.9649 68.5879 65.7354 69.5058 64.1734 68.5433 67.0606 67.81 65.6018 66.6812 65.3625 61.8486 62.1216 60.864 64.2264 60.1002 55.1082 54.0135 50.8153 49.0494 51.8253 47.1737 45.8129 42.4235 45.4416 44.0642 38.593 42.164 38.7201 37.9378 36.6896 36.592 34.2687 38.2633 37.8063 38.3765 37.4171 38.2436 42.284 44.2555 44.2362 50.0033 47.0881 51.1737 51.9585 52.2024 54.5646 56.3401 55.2149 62.9878 62.8021 61.5355 62.5015 64.2242 66.9878 69.7022 68.5534 69.711 72.989 68.3923 71.0832 65.9172 68.6316 68.3092 62.5309 66.5736 63.926 59.0011 60.6096 59.867 55.0206 57.4895 52.1434 57.4983 54 50.0869 57.5093 54.604 50.9271 50.3206 52.3385 54.2381 54.7702 52.0053 56.105 56.0204 57.2373 51.7367 57.4017 57.985 55.2302 58.3872 59.359 65.3525 57.6144 65.2557 62.9921 63.5345 67.2348 68.4481 69.3439 70.1248 71.0969 72.5772 72.1227 75.7305 76.2582 74.8442 76.6148 78.864 87.4118 82.0184 79.5294 82.2906 82.1447 84.9973 84.0012 88.8405 97.7806 93.5675 99.7123 102.982 106.796 114.646 118.544 124.437 128.362 133.033 141.163 147.008 160.514 169.71
170.088 158.576 157.19 149.795 138.164 137.104 120.853 117.445 117.463 114.376 106.919 104.538 101.994 97.1337 95.2676 90.3155 87.8839 82.4474 80.7523 80.6885 75.048 70.5249 73.371 70.255 68.8761 67.3983 64.3057 62.1168 59.1616 61.429 57.063 60.4347 56.3596 56.2319 55.25 53.2405 52.2403 57.1094 51.5717 51.7524 53.7691 51.9502 48.7272 54.5115 50.945 52.3164 53.8097 53.3225 55.6916 55.2891 59.3344 59.2795 60.2442 63.8452 57.7899 62.8678 63.1188 66.2455 68.5484 69.8774 66.9518 67.3981 65.7963 63.6138 62.5602 62.9513 61.4324 58.5952 60.3154 62.039 53.8027 54.2335 50.1028 52.6056 49.8318 49.1444 45.333 45.1632 45.6508 41.7131 42.2022 40.7157 40.1798 38.1855 38.331 39.5284 35.8993 34.8456 34.6702 34.7184 36.4491 31.8802 33.1327 34.5461 30.0079 29.8605 25.2459 28.8638 27.2313 25.8085 26.5053 27.9223 26.6663 26.7357 29.2936 30.5729 29.0228 31.1838 33.928 36.2854 36.4676 36.5496 37.8699 34.9665 39.8268 39.0923 40.1283 40.5578 40.3837 40.0269 45.4944 45.7655 44.6483 46.5172 45.0628 49.7398 51.6374 50.2627 52.3131 55.8386 56.6568 59.3239 61.3205 62.2295 61.2645 66.625 65.8592 64.9632 68.6251 67.9541 67.5714 65.9636 62.979 63.1483 61.056 58.7235 59.8879 60.5538 60.6065 58.9816 57.8133 58.3149 54.9346 51.4808 53.1353 51.3671 50.944 51.5021 54.1376 50.8607 52.4433 52.2654 53.4295 53.0546 53.8542 54.6121 57.1645 56.2452 53.8611 58.1638 60.9151 59.6919 63.4306 62.6335 64.4917 66.919 72.1318 71.8175 78.1337 79.074 78.7454 80.4162 81.9159 85.5482 94.4194 91.3138 93.531 96.9483 106.843 110.812 110.84 110.53 122.295 126.916 130.355 136.997 150.665 156.115 161.899 172.55
170.454 160.498 150.415 142.582 133.256 125.436 123.253 113.329 112.222 104.624 100.759 100.037 94.1946 95.7113 89.3818 86.9186 87.0543 81.7287 82.0436 78.583 80.6399 72.2698 69.5078 67.2512 69.3391 65.3195 61.8375 62.9812 66.2169 59.823 59.5713 63.3347 61.4985 60.4583 62.8727 62.1599 65.1935 63.6091 63.8309 66.3515 65.3087 68.0871 66.3838 68.7508 71.0067 69.9542 71.7805 70.0885 73.8003 73.2264 68.8347 72.4481 69.945 64.2593 64.7841 60.2304 64.2245 61.3126 58.9079 58.2734 54.9564 54.0347 49.323 52.2702 49.3966 45.8041 42.9463 45.7042 43.5234 41.195 42.2667 39.3359 39.2121 35.8322 37.051 37.7785 35.3305 33.6207 34.2074 34.1547 32.7636 30.7546 35.2495 31.7893 29.9533 29.1319 31.2221 29.8513 28.3862 28.2 27.4477 28.1923 28.0568 26.3569 25.6368 25.5897 24.7092 24.239 22.6932 23.3806 22.7192 22.9927 23.8968 24.7835 27.0254 25.327 25.8609 28.6518 28.5448 27.957 27.0048 31.4017 30.4046 32.1336 32.6139 28.4657 33.0083 33.0917 35.8949 32.7753 34.1037 33.8989 34.8205 34.3358 39.1952 37.5642 41.1038 39.1931 41.0441 40.148 42.3545 46.4085 45.7943 44.9399 47.5631 49.2344 48.5268 52.7763 51.9749 53.1835 54.9043 53.8187 57.8389 63.4784 62.9282 67.5619 65.253 68.8899 69.9909 74.7973 70.8671 73.9269 69.4802 69.178 69.4995 71.0609 69.2415 66.9537 68.7542 68.5177 64.8261 64.7024 64.8306 57.8013 63.5453 58.8078 62.4767 61.824 59.5752 58.9171 65.3433 65.3562 66.5286 60.8193 62.0526 67.8412 66.6055 68.4086 71.3372 72.297 76.6629 76.1394 78.78 80.309 86.4473 87.246 89.9709 94.3373 96.3371 105.848 105.454 112.973 114.282 121.008 126.825 134.62 142.874 151.434 163.231 169.246
167.736 157.666 147.146 137.735 127.995 120.809 111.139 111.457 103.156 94.6929 93.8761 86.0989 87.5881 91.3247 83.6661 76.1645 76.034 75.331 77.3005 77.1923 81.301 81.1243 77.3957 80.6379 79.8053 80.7289 81.1391 81.6455 84.3262 90.2152 85.3239 87.5733 82.8635 86.9869 85.2938 88.0816 86.5716 86.2172 86.0572 88.9978 87.4908 85.8579 80.6073 81.4382 74.8582 78.1838 65.1712 65.8231 67.6864 64.8744 63.0102 61.6095 58.7988 52.5346 55.0271 52.6284 48.9794 44.1048 47.2838 44.6228 43.2579 41.1295 44.1232 39.4425 40.5319 39.1021 37.1741 39.307 35.3301 35.325 34.1043 34.2005 34.4117 33.4321 31.993 31.3835 32.2003 30.8563 32.128 30.2125 29.4309 29.8115 28.6743 30.4795 28.1604 26.8707 28.3881 27.948 27.2905 29.1327 26.5731 25.6534 23.5885 23.3033 23.4368 22.9782 22.0479 21.3253 21.2767 20.8416 21.7825 21.8557 22.7946 23.0772 22.6887 23.0519 24.4883 24.9436 26.2076 26.687 25.6078 27.1604 27.3559 27.8234 27.0804 26.6586 28.6493 27.5925 28.5897 30.735 30.805 30.1291 31.8947 33.7333 32.3522 32.496 32.8829 34.8515 34.2409 38.3187 36.3724 36.3601 36.9969 38.8056 43.0269 38.6213 40.5879 44.0408 42.9838 44.8432 46.6351 47.9961 48.9673 47.3798 51.4956 53.3957 58.1955 57.7401 58.8837 63.7024 66.2544 68.355 69.0209 74.7211 72.8327 75.0508 77.7228 79.2893 82.4434 82.2342 86.5699 86.8998 88.4744 86.8899 93.1113 91.506 89.6427 86.4844 83.6395 82.4775 82.7357 80.4992 82.6245 82.5226 81.5277 77.6291 77.7489 79.0479 74.0002 83.5249 74.5426 79.3374 73.7487 77.2399 77.9646 83.5685 88.9089 86.529 89.937 91.047 101.347 105.235 104.162 113.857 121.426 128.375 143.98 144.913 156.918 166.727
163.896 158.662 147.345 137.475 129.212 113.638 110.983 106.945 101.397 93.0892 93.8726 90.0631 84.8735 88.7216 80.6145 84.8794 82.8662 83.1749 89.692 84.9358 87.4198 89.3555 91.2284 90.7907 92.6858 89.6203 87.6972 87.2877 91.3497 91.4374 91.9184 93.7221 91.6831 91.9084 89.8469 87.1401 83.1338 83.5923 86.1309 81.102 84.5862 79.761 78.082 77.8673 73.4047 70.4656 69.5185 65.5161 63.086 60.8373 63.9455 61.4769 61.3542 57.7687 55.0929 56.3256 52.8451 52.9124 49.9989 48.1079 46.4688 44.857 45.0378 42.4041 43.2847 40.0627 41.0689 40.6121 37.6572 38.6632 37.6556 37.3979 34.3093 34.4039 33.6869 33.8347 33.4493 31.0032 30.6502 30.1301 30.6742 31.3028 30.515 31.4046 27.6474 26.7441 27.5334 27.9977 26.5992 24.8868 26.0685 23.9067 25.9057 24.2517 23.1335 22.0478 22.1281 22.549 21.2455 21.6009 20.3922 20.7072 20.6824 21.7797 22.0016 23.6239 24.7632 25.5608 25.4674 23.5402 27.4628 26.7382 25.3749 28.3895 27.5125 28.8285 29.9239 29.1582 29.4551 29.4963 31.8635 30.5256 31.8917 32.2917 30.5334 33.1005 33.6956 35.3418 34.5801 36.3596 39.5909 40.1696 38.9995 38.3571 43.1987 42.4963 42.1637 48.1669 45.543 46.176 48.6729 49.7198 51.8092 54.5385 56.9743 55.8167 59.8751 60.9324 60.1516 64.7567 65.2865 63.2212 69.5144 68.1652 70.5152 78.0071 73.3605 80.3245 76.2658 80.6316 79.2686 82.1415 83.8345 84.9353 86.9132 87.9662 89.1948 95.531 88.7463 91.9775 93.9314 91.1779 94.2055 90.2775 89.1528 91.6855 86.2275 87.1802 84.9566 83.3613 85.1358 84.2081 88.357 82.9575 81.2419 84.016 86.5771 88.3693 91.0545 92.4363 97.2107 93.8916 106.757 113.027 116.854 127.268 135.008 147.503 152.225 167.822
166.034 156.225 147.724 135.411 129.072 118.789 113.915 113.28 106.458 102.657 104.004 99.9611 99.8593 97.6735 97.6503 100.258 105.519 99.5476 102.726 95.9733 94.958 98.8565 88.5538 91.2364 86.9278 85.5504 82.8838 84.1254 83.891 78.2117 73.188 72.0537 71.542 67.6797 64.8898 64.5476 62.9438 63.1687 59.5127 57.2409 64.2871 59.3286 60.3268 59.8053 58.2139 58.2699 57.8733 56.1338 59.9412 61.1867 64.5272 60.8295 56.8602 62.7207 61.677 59.7047 64.9139 61.4576 57.3893 57.9067 56.9386 55.1051 55.9444 58.4436 55.9321 52.8297 53.5506 48.5447 48.1247 48.6661 46.6638 49.4098 44.8909 43.1772 42.1911 39.2444 42.7398 38.441 36.6758 38.1313 37.7219 33.455 33.2597 34.8747 34.0435 30.0872 32.3725 30.8797 30.6502 30.7851 29.913 26.3763 27.695 27.0972 26.8946 25.2959 24.2402 23.5731 21.9361 22.1159 21.5828 22.5971 23.633 24.525 25.0027 25.5009 25.9635 25.9858 29.1494 27.1902 27.465 30.9592 31.3087 35.2672 31.8424 31.9928 34.2099 35.9289 32.5956 33.8269 40.5361 41.2452 38.9019 37.9288 41.1508 44.3482 42.4588 47.681 44.5128 46.8128 48.1162 50.2556 47.7413 51.2483 52.4893 49.8085 50.1962 56.0183 57.3198 61.3363 65.2492 61.8662 61.6007 60.2647 61.5735 58.5909 61.6959 60.681 58.2431 57.6156 55.9476 60.0853 57.6549 60.4569 60.8071 59.3889 54.9515 57.6835 63.0718 60.0566 58.3954 60.4648 66.0909 58.5269 67.6194 66.9903 65.3414 72.7437 77.6883 73.0625 76.6405 77.4973 78.3923 85.6176 86.431 87.0048 88.8283 92.8087 94.2103 99.7099 96.3267 92.5392 97.5865 100.706 99.4222 103.121 95.3986 104.781 100.414 104.515 105.154 105.288 111.288 111.118 121.279 125.382 134.47 142.753 157.407 166.799
167.977 161.091 151.803 141.452 135.629 128.981 131.89 123.895 124.838 117.531 120.825 115.534 115.292 110.582 101.339 102.781 99.9778 91.333 92.4127 87.7431 87.8116 79.5521 75.4067 79.464 70.4462 69.7397 68.8866 64.6554 60.1437 65.4137 61.4788 58.0359 58.2901 58.3981 53.8991 52.123 52.8711 50.6251 51.1579 51.0727 46.3594 48.0528 43.3038 48.2239 46.958 44.8015 44.8063 46.2682 42.3 45.6413 48.0616 49.5579 44.6267 44.7638 45.3822 47.3297 44.9352 47.4026 46.5965 48.5842 50.9655 51.6897 51.9024 49.4367 53.6666 51.9334 56.6357 55.3211 56.5127 55.6538 57.2709 59.2304 54.423 55.9067 54.9728 51.0415 55.9165 52.8135 49.6804 51.7414 51.1698 45.1032 47.2544 44.2659 45.5709 42.144 45.8086 41.2647 40.2325 39.7413 37.8323 38.2842 35.5994 34.0279 33.792 33.6908 31.7016 30.4954 29.232 28.1495 27.5445 28.1906 29.9067 31.2778 33.5662 37.7593 33.4242 37.8609 37.9462 37.9988 39.5987 42.0088 45.2762 48.9844 43.465 48.0738 45.5838 47.8345 47.6905 51.6243 51.1974 54.2115 53.9501 54.9962 53.3521 53.1329 53.4604 56.5909 51.8409 56.2874 56.5562 53.0074 56.6758 54.5847 55.613 52.739 49.805 49.8124 46.7472 51.8344 49.2391 49.0701 49.469 52.7238 46.2474 45.0357 44.2241 44.8747 45.4512 46.8171 44.5107 46.1166 45.7313 44.6554 45.1204 50.2632 47.7067 49.5942 46.8571 50.4115 51.3641 48.9837 49.2137 54.2067 50.5267 56.1498 54.3659 58.0995 55.7528 56.9704 61.1928 66.2515 65.9034 67.369 69.3479 73.72 80.1694 76.7891 81.4948 86.2246 89.9063 92.4257 92.1035 98.8933 102.581 107.201 109.786 112.541 116.827 117.83 121.788 126.885 124.286 127.383 132.382 135.721 148.166 149.106 158.584 167.629
172.712 163.134 152.313 151.436 140.636 136.402 130.436 121.755 115.929 113.603 102.837 98.1474 98.6324 96.0362 86.7549 89.1001 87.6961 82.6708 73.1922 74.0537 71.8691 74.1118 68.9471 67.0983 66.9297 62.8905 60.8956 59.0971 57.6352 58.5065 51.5871 52.9358 55.4787 52.7658 49.8354 50.869 45.8329 48.0862 46.315 46.0292 44.577 44.1902 45.613 43.5813 42.0795 41.5075 41.4688 38.3564 40.0231 40.8431 37.8337 38.1255 39.9335 39.4788 37.2972 36.7669 36.8652 36.7598 39.7922 38.3854 39.7641 40.4854 38.8098 38.708 41.5714 39.0152 42.2733 42.5727 40.857 48.3266 46.3809 44.7527 45.8017 49.0258 46.0986 46.8156 54.1223 52.5566 51.3573 47.412 52.0172 51.7184 52.552 51.8314 57.8437 54.1974 56.1528 56.9163 58.964 57.328 56.2997 55.5564 54.3903 58.3113 55.2547 48.9851 48.3907 49.1521 41.4998 46.8417 40.3979 43.6448 46.2636 48.8363 50.3167 49.5464 54.7032 59.0472 54.831 56.3988 56.9373 57.4558 60.9562 55.7916 57.7057 56.2893 53.7494 57.5426 53.6582 54.565 51.8844 50.77 52.212 54.2949 45.5859 52.6999 47.5725 47.1428 46.3483 46.8571 46.4403 43.9731 43.2469 42.3244 43.5548 40.3938 38.6356 38.6866 42.5096 37.6515 35.7646 36.9105 39.0341 37.2831 37.0455 39.8602 38.607 38.8786 41.4444 39.2393 44.794 43.1421 41.3738 43.8861 44.5137 41.7741 42.5273 44.9408 44.6207 47.0106 45.9628 47.335 45.8964 47.4164 46.0937 46.1894 50.7978 54.86 51.0342 56.8242 57.8868 59.5013 55.8046 63.6641 66.1947 67.0081 66.5795 67.7214 70.9624 77.6287 73.8151 78.5299 77.4516 80.3619 90.6001 94.577 93.3607 96.9346 101.234 107.232 112.292 118.25 123.155 128.973 134.215 142.94 150.213 155.232 165.081 166.725
173.346 167.168 158.614 153.407 141.123 134.421 128.36 121.893 119.346 113.506 113.907 102.017 98.4011 90.2224 92.0243 88.7493 89.5307 81.1629 78.958 76.8358 69.5328 64.91 70.4984 64.721 64.5763 64.8974 58.2479 56.0012 57.2442 54.1204 56.5604 53.258 50.7366 53.0902 50.3942 47.7763 48.184 43.2115 45.2733 44.4409 43.0723 43.7489 40.9363 41.1253 39.1878 39.9049 36.88 39.7736 36.321 39.1888 36.5478 36.9436 36.4351 38.2558 35.1636 35.7081 37.8192 36.1303 37.3409 36.9074 34.4392 33.4268 35.5906 36.7515 34.6327 36.7636 35.4324 36.9091 34.331 34.5525 34.985 37.6393 36.519 37.7728 40.6415 38.2701 41.2581 42.3951 41.4121 43.0774 45.8638 44.7349 44.1407 46.8253 45.1479 50.2344 49.174 55.0465 49.5894 56.0477 60.387 60.955 58.3876 59.4551 62.5741 62.9028 60.6711 62.6812 57.6889 58.6711 57.9473 64.1499 59.735 62.1511 62.0845 61.6577 62.4329 60.7102 54.2183 56.6824 54.4014 54.9153 56.6231 48.3543 50.1043 52.3095 45.1508 47.3465 45.354 45.3604 40.3468 39.9866 41.6667 40.2294 36.4925 37.8937 37.309 36.2611 39.6494 34.5799 35.5274 35.092 35.903 33.3725 34.9606 33.918 34.1587 38.8064 32.9269 33.9691 39.9481 33.2803 35.9336 38.259 40.1999 35.4011 40.1809 36.2437 39.3843 38.2675 40.3733 41.7568 38.9554 41.5517 40.2874 42.0026 42.5151 43.1635 45.2967 43.1916 43.2957 43.2482 44.7812 48.9896 47.319 48.8016 47.5346 49.0483 54.6577 52.4783 57.6794 61.2143 53.6935 57.9872 62.7259 63.483 65.206 64.6402 74.2691 73.852 75.1514 80.6939 81.4854 86.1042 86.7278 89.5395 95.9293 102.62 107.173 110.77 115.979 118.251 126.572 131.349 138.301 142.028 151.177 156.943 169.629 172.722
167.402 157.183 146.576 143.484 133.946 129.72 126.08 122.846 121.216 121.281 113.759 115.419 108.935 108.649 109.154 105.096 99.207 97.3135 93.5928 88.9326 83.6285 80.4103 80.4526 74.1856 69.1663 69.8458 71.0377 63.3685 62.4958 59.17 59.547 53.0614 54.2373 52.9119 50.8794 51.5681 50.4475 45.8846 44.8097 46.6217 42.1408 47.4448 45.2741 39.1426 39.8291 40.8447 38.9195 38.4419 39.0641 34.1615 36.0874 35.4683 35.2891 36.1085 35.8094 36.9175 35.232 36.0896 36.5792 38.3938 34.8818 33.7979 37.166 33.7904 36.7393 34.0548 35.7412 36.0296 35.234 34.0823 34.218 35.9768 37.0355 40.5758 35.5631 38.7169 38.733 40.5011 47.0691 43.7812 45.447 48.5819 52.313 48.0914 51.124 51.7356 53.8995 55.5985 58.2873 58.7223 58.4807 56.4627 59.4355 56.3651 57.7981 59.4152 54.1804 53.6082 53.0855 52.2057 52.1128 56.1816 54.0932 61.3399 55.2271 63.5154 60.7409 59.017 58.8893 63.8022 60.1023 59.2147 56.0472 55.4703 54.87 56.8289 46.6862 51.0755 49.786 47.7346 48.5355 46.9579 44.8623 38.0005 39.1293 39.3823 39.5571 38.6387 39.2466 38.241 38.0948 35.6194 36.7167 32.6821 35.5343 35.6478 34.1887 35.4073 32.9333 33.3397 35.8532 36.7716 36.1108 36.0401 34.5096 37.1362 35.9281 37.4622 36.0527 36.2498 36.9626 40.2339 40.1691 38.3584 39.6702 42.9454 39.656 41.9994 45.1307 41.0048 44.192 46.966 49.552 48.9866 50.804 49.5413 52.4425 52.0289 56.0151 56.5781 55.6256 64.1069 64.9454 65.7813 67.8609 71.8069 78.0209 77.5676 82.2568 87.7555 89.3221 92.3808 95.5035 97.4443 105.353 104.762 110.425 112.266 114.444 121.637 116.917 119.319 119.909 129.161 124.356 134.788 141.568 146.262 159.333 164.053
163.589 153.731 143.494 132.836 125.245 121.012 110.151 108.582 105.623 103.396 100.525 95.8125 96.6547 99.972 99.7884 100.051 100.482 94.3949 97.5411 96.5227 92.5468 96.0537 91.3441 87.6973 83.7649 82.5757 78.0498 75.6326 76.7063 68.9634 66.8221 67.8694 61.7898 59.3719 56.1626 55.5293 52.6226 55.9534 50.2795 48.6419 48.9987 48.004 43.8575 43.315 43.544 40.4967 42.248 44.0832 42.1136 38.8251 40.2863 39.5555 38.8854 39.1114 39.1811 36.9526 38.3466 37.1033 38.345 39.9383 37.0493 38.3784 44.1822 38.8817 41.79 42.6163 42.0997 44.3418 45.6588 45.9176 51.8684 49.3842 48.1457 48.5974 54.228 51.7178 56.3267 53.9125 55.2537 56.0409 55.4476 55.9753 54.5317 53.6489 51.8539 50.7409 54.3766 50.5057 51.2388 50.2973 46.2974 50.9705 47.0564 48.5729 45.5809 47.999 44.3577 38.758 39.1465 38.9253 39.6549 40.3001 41.2778 39.9144 42.0739 44.8775 47.6647 51.4395 46.0394 49.8743 50.7838 52.9671 52.2858 53.2123 55.8678 60.2557 55.3444 56.5992 53.8439 53.9996 58.071 59.255 57.7261 54.3242 55.2988 53.9617 50.6056 47.3778 48.6184 45.5565 47.3774 42.3164 43.0983 44.3966 40.0655 41.8523 38.4587 41.1183 40.342 39.4895 37.2343 39.5595 33.7296 39.2374 37.7701 39.5903 39.799 42.3975 38.9279 40.4128 41.6302 41.9622 41.9745 42.5483 42.4793 44.8715 45.3424 47.3236 48.3204 47.9524 53.3905 50.7163 50.4996 54.533 52.4795 56.6865 61.159 63.5583 64.479 68.458 71.6403 75.1542 76.5318 82.7905 81.498 84.8649 90.7083 91.924 91.8958 94.3855 94.5789 99.2345 99.3812 94.9056 99.1488 96.7915 96.1669 97.862 96.0211 101.457 97.9253 103.893 111.313 112.106 116.29 125.938 134.925 143.974 154.765 164.833
164.197 153.041 141.862 134.437 125.603 117.677 107.1 100.659 95.944 90.4531 88.3394 86.3063 85.2361 84.5547 84.0707 81.1655 80.8771 83.4147 81.6263 82.1238 83.4335 85.1494 80.7003 87.8401 85.3317 82.1982 85.0623 83.3494 82.7568 82.9579 80.6571 79.9654 77.6773 66.3969 71.5958 70.8859 69.2867 59.892 62.1662 59.4113 54.3201 53.3699 52.7172 52.3659 53.3347 48.4618 49.3055 47.7957 47.6649 46.0885 48.1907 48.856 47.9864 48.2349 48.3569 48.8786 50.124 49.2289 48.736 48.0624 54.7295 55.3052 54.3074 58.2458 52.4138 57.8713 55.77 58.2139 61.6911 55.9802 54.7453 57.9466 58.9003 54.8027 58.5249 57.812 50.047 55.6101 47.441 46.3027 46.6742 46.0967 50.951 46.6314 44.1078 46.2917 43.7965 41.9033 40.0562 42.1914 41.0454 39.5916 33.826 37.3139 38.7657 34.0663 38.7986 32.5708 35.242 32.5819 33.4796 36.7126 32.1893 35.5678 39.4261 33.6539 37.7224 36.9275 37.761 41.5204 38.0329 37.5413 42.6928 41.463 44.6656 46.1875 46.1712 43.3713 44.2524 47.0503 50.7172 52.6948 50.9943 54.8395 55.9947 55.7663 60.9555 57.5289 56.0985 57.69 64.1342 58.0447 56.2146 59.7479 56.3307 56.7549 56.3412 54.3266 51.4254 50.2194 52.5748 48.2319 49.7186 50.9524 46.5893 44.7008 48.2166 45.7167 46.7536 50.8117 46.7739 47.6249 46.1344 48.2867 48.3277 52.5573 54.7465 54.4287 56.5789 58.5958 61.6556 60.4056 64.0865 60.6473 66.4236 72.9322 72.1443 78.7923 76.2406 77.9548 86.1773 82.4902 77.9399 82.3297 87.4809 87.1799 85.4169 82.9037 87.1429 80.0373 80.6361 80.0829 80.8739 80.7565 82.2742 79.9067 85.9628 83.9171 84.9872 86.5009 94.0479 95.0197 104.423 107.629 114.736 123.931 133.193 142.921 154.212 165.472
167.61 155.513 144.412 134.136 124.231 117.85 108.403 99.9385 94.4008 92.3828 91.0684 85.7538 74.8134 75.9334 74.8385 72.9526 70.3459 65.9561 68.8312 67.9672 67.7547 70.4077 69.2574 69.403 71.3581 70.1807 71.1833 73.5657 73.6883 76.2255 83.207 82.5432 78.0208 85.4564 81.1928 81.1756 79.9982 75.9484 76.1532 74.1247 76.818 70.6833 70.0814 70.6107 69.1886 65.299 63.7431 68.9142 62.1664 64.1025 63.3906 59.9265 67.2181 64.9114 64.1969 64.9494 64.5663 65.5032 62.0757 64.0624 64.7591 64.1123 65.7127 63.0118 56.7447 57.5571 53.8142 50.8813 50.737 51.2651 49.0614 46.9794 47.6809 46.0246 45.5357 42.051 42.6809 41.9444 41.392 41.929 38.3916 40.1677 38.2389 37.6692 39.2349 34.5428 33.736 35.0382 36.2115 35.2543 37.1281 31.9073 32.2618 31.8973 33.5985 34.0104 30.9707 32.7967 32.3546 32.0232 31.3428 29.0153 29.2281 31.893 31.3346 30.4337 34.9063 32.5284 34.836 35.4985 34.786 36.3604 35.4147 34.2402 41.0795 35.6486 37.5862 38.5008 41.1921 39.1319 40.0953 40.9495 43.9516 42.4397 42.812 44.9016 44.0736 47.2117 49.5674 48.7651 50.2916 54.3805 55.5644 58.0247 58.9163 54.9634 61.5647 65.2473 59.6428 65.4566 67.2475 63.9662 68.5622 65.6541 68.0571 60.2578 60.8775 69.3105 63.4346 60.8492 63.3697 66.9414 62.4269 65.985 66.2138 69.4838 73.26 69.9858 68.5526 75.4627 74.9047 78.2474 76.2525 82.3278 81.6338 84.554 81.6721 79.3988 77.1209 80.6722 78.8212 75.7801 71.1171 71.8938 66.5175 73.0371 69.4351 68.6857 68.2215 67.7578 68.8408 67.9109 67.3919 70.668 73.7947 73.9334 74.3116 78.1047 79.6596 84.9532 95.1524 97.3206 99.1473 111.169 112.131 121.639 133.873 143.207 154.582 164.808
161.755 153.835 143.328 132.317 116.653 114.925 109.317 102.344 93.6613 91.4995 87.0278 85.658 79.0824 78.8137 72.8504 69.6378 72.1828 68.3099 64.1771 62.5046 64.8957 63.2335 63.7552 59.5411 61.2473 61.461 57.5858 63.0146 63.1224 61.7824 65.0385 69.2324 70.2382 72.1846 71.8111 79.2091 78.3645 87.4427 86.9132 87.0372 87.7528 92.9381 91.6382 92.7585 92.8667 94.1666 88.7671 88.928 82.1308 87.1457 82.4005 82.8276 75.5238 69.9819 71.3809 67.8271 65.9886 63.9803 58.9857 62.322 55.0786 53.6435 51.5039 53.7465 49.9776 45.9983 47.0714 48.0804 41.7588 42.088 44.5155 43.1915 40.8868 40.3248 42.7463 39.3089 35.7155 39.8935 41.0602 38.3874 39.4969 34.547 36.8539 36.0618 36.4898 35.8232 37.5823 31.71 35.2508 31.4292 34.7953 32.0094 33.6403 32.5266 27.5512 32.0624 28.4927 28.5806 27.912 27.4224 28.421 28.0888 30.6739 30.9467 29.7833 31.2223 32.9369 31.7441 33.5637 29.434 32.3495 31.7102 34.1604 34.5612 34.1729 33.3113 33.4908 38.3492 36.2579 37.8712 38.3779 37.9948 39.5522 40.195 40.5254 42.537 38.3843 42.5859 44.7448 43.3592 44.2121 45.53 46.7594 49.3439 51.6721 51.9533 51.9444 56.6335 54.9917 55.4512 63.4831 57.5108 68.9367 65.0207 72.0761 72.7226 77.1149 79.2168 82.6381 84.6755 84.2383 88.9171 95.7407 89.8587 91.8444 93.5383 93.3953 91.4659 92.1161 91.4783 96.4488 83.6429 81.2893 75.7071 83.8226 69.8508 68.4494 69.5741 67.5218 64.7426 65.1454 62.2488 61.7035 55.9333 61.4947 59.4744 58.0004 61.0593 63.3375 63.3024 65.5566 66.9677 63.583 65.2365 73.0177 72.3283 76.0049 80.9123 81.2738 85.3351 92.6901 90.7327 101.71 107.319 115.362 122.938 128.627 143.486 154.465 161.033
165.67 155.659 142.677 134.876 122.175 117.365 110.366 104.103 95.1567 94.4973 80.8781 81.2073 79.5513 77.0131 76.6714 71.1312 67.8131 67.2708 67.4673 66.1577 62.4997 64.591 65.5674 60.2812 57.5877 63.0097 56.23 63.9345 59.1365 64.1045 63.9334 65.4433 67.7678 70.0712 68.198 70.9987 78.0025 78.0205 82.0824 81.9981 84.8727 88.0281 87.0547 87.288 88.591 88.888 86.9817 90.3522 87.8749 88.7062 86.1091 84.6549 77.789 75.4634 78.175 74.5098 67.0702 65.121 63.7697 60.3963 57.4449 57.2426 56.568 54.0497 50.1541 47.6017 46.4548 45.8905 45.859 42.7631 42.9235 40.0035 41.5722 40.8806 41.279 39.1313 37.2413 37.9487 38.1269 34.9394 35.0054 35.5687 35.5547 35.5873 34.3388 35.8019 32.7403 35.6479 32.6381 31.752 32.3119 31.1047 32.4115 33.7965 30.5636 29.5662 27.559 28.071 26.371 28.0449 27.098 26.4935 27.7585 29.412 31.5604 32.7417 31.2191 29.889 34.479 32.3292 32.8877 35.253 30.9003 35.1467 35.4162 34.3567 35.6509 35.4101 34.679 36.7971 36.5311 39.1666 37.051 37.4125 38.7172 37.9147 39.1843 42.0041 41.0767 43.9808 42.5745 44.2376 46.2768 46.2338 46.3168 51.4302 52.031 55.8535 55.8797 58.6377 60.1519 58.8804 65.1407 65.873 70.3866 75.0882 80.3614 83.1157 78.6185 85.044 85.0043 87.3639 86.2869 88.0119 90.3278 88.8514 88.2357 83.3611 84.866 81.3475 81.762 77.9049 77.6454 73.7894 68.7904 70.178 68.5586 68.4603 67.5519 61.234 63.0683 63.0224 63.157 59.9884 62.3674 66.169 62.4929 64.15 63.1339 64.6547 61.6778 66.9409 66.932 64.9251 70.5686 74.8968 77.0721 80.1924 83.0273 85.0128 89.9975 95.3801 101.812 105.585 118.074 122.571 130.75 143.249 154.065 162.756
165.969 152.412 140.275 133.989 126.844 115.081 111.33 107.987 97.6463 96.617 90.2081 85.3363 82.7912 78.2648 78.6223 81.12 75.8454 74.417 72.2553 74.593 72.7233 69.0882 71.7636 68.7684 68.8154 72.4257 66.2596 66.5614 70.1638 75.5426 71.7718 71.2403 67.8782 66.8423 66.5125 65.3858 67.0163 62.9683 63.1165 62.7291 60.2466 57.2433 59.658 62.0773 63.1885 64.841 60.779 65.2137 66.473 72.3747 71.4748 71.2759 72.7898 79.4955 73.3318 77.9631 72.1388 70.5686 74.6439 73.1043 68.8616 68.1171 65.5937 59.9487 58.0037 56.314 54.4665 51.247 50.8401 48.8797 47.8854 47.4867 45.0123 42.5477 43.4105 42.4301 39.7181 39.923 40.6039 38.5445 36.2826 37.8101 37.3729 35.9193 35.1314 38.6281 35.6802 35.4369 36.3719 32.3188 33.7247 30.5127 31.7206 30.7194 32.0326 30.2172 28.4955 29.4636 29.3223 27.3543 26.7526 26.5015 26.3256 28.5585 28.422 29.6065 32.0301 31.1498 31.1624 35.0897 35.46 33.9654 36.208 34.6272 37.8075 35.8256 36.2252 36.9396 34.5577 37.4412 40.735 38.3609 41.5008 39.7845 41.2238 40.9097 40.4083 46.9317 45.3583 46.7459 44.2457 53.5553 50.8222 53.0947 56.735 60.1747 60.082 62.9903 64.9224 69.5939 70.3782 74.8089 73.845 75.4525 80.692 77.1643 77.5513 70.0095 75.0882 80.4423 66.0215 68.9514 66.5403 66.2147 63.5524 63.7363 66.2351 63.1879 59.2936 61.0526 60.5808 61.7668 65.0559 61.6533 60.9819 63.2763 66.8935 70.9298 67.1375 69.4132 71.0351 72.5072 72.7336 70.3267 69.5369 73.0103 74.2778 70.66 70.2069 69.1784 72.437 71.8894 73.4063 76.7961 77.3425 77.465 81.2848 82.4929 83.5972 86.4491 93.44 100.254 108.082 108.031 118.233 123.99 132.733 143.848 152.359 164.143
164.388 155.292 144.729 138.099 126.873 121.688 113.773 109.883 106.408 99.9261 96.8257 92.499 90.1092 87.71 88.1201 82.6616 86.0478 79.8409 80.3617 76.4991 78.4962 75.6379 74.7875 72.5788 72.9565 67.9549 69.1072 67.5141 62.6836 59.8963 64.9288 63.9487 61.9367 59.3869 60.8412 57.8036 55.2351 59.6949 49.4823 51.6535 53.1971 52.8973 50.3001 50.5039 52.9332 51.1479 53.1046 52.1832 53.9226 55.4957 52.5444 56.0123 61.3555 60.4676 57.217 64.8771 68.6717 70.852 66.6971 67.6769 67.0089 70.4647 73.7693 68.7415 67.5985 70.5038 64.8048 64.5123 60.0728 63.5369 57.7907 51.9398 51.922 49.9295 49.2231 46.0026 43.9333 46.0425 42.6227 44.1921 41.8045 41.7279 40.515 41.4592 40.7185 39.7724 39.2941 37.3423 34.7488 33.2419 33.034 32.0447 33.9882 30.8806 33.1608 30.8471 29.1531 29.8408 26.9954 27.2322 27.2124 29.7945 28.5107 31.1102 30.257 33.6625 34.4701 34.1667 33.7269 34.8265 34.464 34.0772 37.1937 35.9515 36.658 37.3945 38.3199 41.1451 40.9603 40.5882 42.6332 45.5404 44.6644 47.1454 48.0172 48.5007 49.4818 53.7832 52.8463 57.8265 59.1107 62.798 63.8305 65.5867 67.8678 73.31 74.1521 68.9619 74.1005 70.6148 69.7177 66.7615 66.6852 65.8382 63.0275 62.6775 59.3979 58.2927 55.4838 52.0659 54.455 51.7521 49.6792 49.3499 52.8616 49.6901 52.4305 50.5123 52.1587 52.435 57.1906 56.6226 52.8968 56.6204 55.8148 53.873 54.636 58.7481 63.7401 64.7453 65.1145 64.6744 67.2234 70.8263 73.2384 77.6285 77.5379 74.2105 74.2865 78.473 86.8099 81.961 80.6753 81.9753 86.7112 91.8199 89.5129 90.0259 91.8691 94.1635 96.1754 101.235 107.606 113.5 119.111 126.992 135.965 144.168 157.641 165.514
167.64 155.411 148.503 137.154 133.291 124.777 126.907 117.079 117.166 105.376 106.444 99.2142 97.8731 97.5263 91.2643 89.4515 82.7168 83.6616 81.5179 76.9973 79.2082 75.5583 70.2973 69.7199 65.9758 65.5123 66.1396 65.8933 59.9544 61.271 64.5823 60.7055 53.7572 59.62 58.5297 51.9115 57.8159 51.5303 52.4464 48.3817 48.704 50.8162 49.393 47.0222 47.7992 48.0338 47.6141 47.239 46.8439 46.5088 49.0764 45.9431 47.6182 47.9279 45.9691 48.5756 48.1804 49.5803 53.0043 52.9875 59.4059 65.7872 61.2266 64.1162 65.7416 64.5123 68.6139 70.4556 68.5695 73.0362 68.411 69.266 68.3532 65.5226 62.6306 60.3317 57.6273 57.2389 53.6284 53.8026 49.8898 47.8116 45.0696 42.8018 46.9612 41.5813 42.0882 40.4156 39.8638 42.2225 38.8185 38.5324 34.1989 34.994 35.3857 33.2599 32.9472 28.7609 29.3623 31.6225 28.911 30.7556 31.3987 32.0908 32.9255 35.4249 34.7396 36.5943 37.3895 41.4673 40.3964 40.6919 40.0926 41.8828 44.3356 43.5606 45.4184 48.4666 50.4645 50.753 54.2348 54.0309 52.9389 54.9868 57.5639 63.4625 60.318 64.2197 66.5601 69.9339 68.9997 69.9443 67.0926 68.1746 71.1176 63.8692 64.6858 62.7322 59.6584 56.729 54.9567 54.8428 52.1197 48.1433 48.1618 44.575 46.2599 45.766 46.298 49.339 47.2862 47.6405 47.1951 48.3533 46.1578 47.8754 52.946 46.1235 52.6115 49.7269 50.1485 53.5463 53.8472 56.1426 53.1695 57.6045 62.5585 59.5482 59.8871 64.8353 60.9766 61.4866 65.6328 68.4615 64.3068 72.1315 66.4073 72.3576 73.339 79.3544 79.2111 78.7923 83.0171 82.3247 86.9188 93.2945 95.9069 100.145 98.8935 105.051 108.715 114.367 116.614 124.739 128.519 132.314 145.523 147.172 156.35 168.358
170.616 161.978 153.496 144.274 142.072 133.059 126.729 124.371 112.948 110.932 108.841 101.529 100.976 99.0966 97.8772 91.7134 86.6478 84.0861 87.6787 82.3924 78.7465 79.7506 74.4227 75.9348 73.3655 74.0567 69.794 65.2333 62.4577 63.9637 61.7587 60.1076 59.6516 63.6699 57.5042 59.0243 56.871 52.5087 54.3938 53.5465 56.2032 52.1993 50.471 49.2989 50.1326 48.435 46.7551 46.3667 45.8216 45.1044 47.0992 44.7234 44.6165 41.5477 44.7375 42.562 45.2899 44.155 42.5165 45.0771 43.9198 46.3553 51.7198 47.094 53.5263 56.1878 53.2923 57.2021 61.2079 62.1395 63.9938 63.3775 70.7718 68.0822 68.1279 76.1138 71.5512 71.1653 69.2871 64.9935 67.3412 61.236 60.3932 63.2087 58.3145 53.005 49.6252 49.2138 51.212 45.3631 47.3968 44.3203 42.1272 39.5399 39.7275 38.1232 37.3086 31.8955 32.5149 34.7785 32.4637 32.491 34.7097 37.2092 37.139 38.9498 42.4783 41.3766 39.8612 47.938 45.0316 46.9859 48.5325 51.5189 54.1336 56.8116 59.5488 61.8483 62.4419 62.9495 66.9558 68.3863 72.3122 70.3522 75.8383 69.695 69.8078 66.2313 68.4376 65.601 63.1445 62.3609 59.3366 52.3498 55.3027 48.3562 49.0852 47.2059 49.7058 45.7424 48.3846 44.7688 43.2693 41.1526 45.4138 44.5496 45.0212 45.4283 45.7606 39.873 44.6582 45.5781 47.5637 49.9486 46.8792 45.6526 49.4978 45.7464 49.1308 51.214 50.8166 56.2663 55.8205 54.7952 56.5001 59.178 57.7029 60.6655 62.1291 64.9699 63.0057 65.7105 67.3994 70.2045 69.069 69.8601 73.0214 75.7124 79.6663 82.34 84.3754 83.0636 85.8078 89.0412 95.011 93.9185 99.5092 100.942 103.657 109.31 111.244 115.871 119.76 125.582 134.286 137.648 148.227 150.741 163.748 172.752
174.047 161.468 155.092 145.752 146.252 140.667 133.328 124.995 124.294 117.038 114.084 106.492 107.147 103.923 96.5339 97.7009 93.7372 92.59 87.3886 89.3491 86.582 81.6159 80.3202 78.7164 77.7459 77.1219 74.2271 73.7522 68.2358 68.981 68.7874 67.9228 63.7599 63.9085 61.4892 63.8265 58.9587 59.3298 56.6397 60.7073 57.6653 52.5749 58.4698 53.1662 54.6319 52.8202 53.8419 50.7313 46.7593 50.6148 49.7554 48.4 47.6741 48.2448 47.5245 49.3013 49.7161 45.2602 47.2912 43.617 46.1989 44.565 46.5577 45.4844 46.7393 48.4801 47.2912 44.7058 49.5606 52.1168 54.3476 53.7004 57.167 62.656 59.0209 64.2938 64.1672 71.8881 72.2182 68.9196 74.8536 71.8276 75.8449 76.6444 72.8359 73.2301 68.7462 70.8104 63.0563 61.8434 62.3241 58.8014 54.9952 50.3127 50.3261 45.7888 44.4272 44.4205 41.4963 43.2706 41.7728 42.2735 43.0562 41.9604 47.5483 50.3472 52.7207 55.1978 57.9912 59.1097 66.1503 69.0198 67.0917 69.7591 70.7961 74.6087 73.7342 73.1407 74.1501 74.0386 72.9271 72.0316 66.6352 65.4955 63.5461 63.2881 57.7423 59.8089 56.4936 54.3944 52.6227 51.8701 47.0693 47.1014 45.2074 47.0117 44.9562 47.7329 46.9801 48.9937 43.4016 46.8811 48.3565 48.8535 47.3142 46.8581 48.8863 44.2726 48.0306 48.1623 48.1118 50.6195 49.9403 53.1744 51.1506 55.2323 53.2062 56.0067 57.2079 55.6241 56.7292 58.899 55.7194 59.7401 61.1743 63.2614 66.2644 64.6593 71.7139 68.322 69.8104 71.2669 75.0331 73.1417 76.161 76.8181 78.7528 81.1194 82.5213 87.2629 87.0822 90.7275 91.462 93.7104 101.277 104.831 103.441 111.437 113.453 116.778 118.005 123.614 126.064 128.419 131.897 140.499 150.901 157.597 161.999 171.572
170.404 163.418 153.622 148.792 144.627 137.608 137.687 126.669 125.93 124.303 118.941 116.837 118.185 113.182 112.061 108.088 104.893 100.67 97.9966 100.995 98.7046 95.4061 99.5932 92.9825 95.7681 89.6812 90.761 85.7884 78.2833 82.1484 80.1772 81.514 77.2154 77.8741 75.0687 75.4153 73.9364 74.1116 71.6244 73.3046 69.9243 66.4519 68.1236 67.2768 64.9589 65.0524 66.6799 61.5849 59.6576 62.811 59.6138 59.3132 60.8647 60.6746 61.1043 56.7917 54.3581 57.5714 52.7888 56.179 54.6755 55.4933 54.1488 54.1929 50.9795 55.0683 52.9569 51.1318 55.4346 55.0681 48.6514 52.8281 53.5813 54.3225 54.3747 57.5957 58.5841 62.722 61.8589 65.0586 66.9119 72.4145 74.2685 73.7166 73.8733 83.9851 82.7259 78.5 82.1965 84.672 86.5187 79.5702 72.3622 74.8805 68.9121 66.1078 56.8008 58.2039 55.8523 56.1905 55.9283 56.6444 58.4853 60.4535 62.8911 67.8015 69.3146 74.7798 77.8319 78.6513 81.8099 77.1851 77.193 84.7112 81.4284 77.986 70.6031 73.4471 70.4516 64.7142 67.0452 63.7365 64.2903 59.854 55.992 55.2703 55.3947 52.7393 52.0947 52.8408 52.5316 55.1552 51.8799 50.6052 53.4526 55.4246 53.6084 55.8457 55.08 55.6286 56.5023 55.723 53.7313 55.355 59.9348 60.2688 57.4105 59.7502 60.2597 61.0628 62.5708 63.237 63.6952 61.8628 64.7535 64.8618 67.2827 71.3287 70.0229 67.0318 72.0255 74.6415 71.9773 74.4866 76.5435 74.7622 76.6338 78.9622 89.0481 84.2869 85.4082 82.9805 85.0618 85.7573 86.6168 94.3625 95.5698 92.6572 92.332 95.7149 97.4788 104.69 103.327 104.915 109.19 111.095 109.275 115.91 115.772 119.574 125.417 125.781 127.831 135.614 139.41 144.619 153.499 156.352 163.207 169.653
168.347 164.084 153.584 149.386 146.967 141.968 133.028 134.042 128.316 130.514 126.197 124.383 124.002 122.748 122.195 119.466 115.481 115.346 112.205 108.816 111.879 105.328 107.04 103.136 100.654 99.7306 100.434 99.8419 100.189 96.0394 92.5023 97.4279 89.8427 90.7047 90.7084 91.3016 86.931 89.7477 88.9726 83.7255 86.1369 88.7478 85.1689 85.0675 78.2706 81.804 80.3613 81.8501 79.2887 75.6711 78.3619 77.1408 75.6415 73.6276 74.1898 72.8277 73.3842 74.3254 74.7035 76.788 75.7904 70.1815 73.7613 71.7601 72.8724 68.3099 71.1687 71.3776 70.3273 69.1937 67.9318 71.3492 72.37 70.2051 69.1814 70.4441 71.1002 66.3637 67.5093 67.1516 69.4111 69.4373 71.6482 74.3195 70.4012 74.0296 76.6245 82.6973 84.7047 89.0683 88.1537 82.6936 86.8894 87.417 85.9556 84.6773 80.1271 77.2125 78.0797 72.2032 74.6924 72.1849 75.4894 84.0516 85.2558 83.8511 89.3799 91.12 93.2927 87.1842 90.136 82.0171 81.0047 78.7943 77.6794 73.2408 76.6929 76.1072 67.4626 67.8016 69.901 72.1913 66.9268 70.8789 67.7439 70.2691 72.5896 70.5612 65.9028 71.6075 71.847 74.031 67.889 73.4357 68.8091 70.0901 70.7464 71.0555 71.7997 68.7494 74.2643 72.5537 76.5501 77.1358 78.1403 74.5651 75.0428 77.0079 78.0826 75.4863 79.336 79.1388 80.6545 80.1705 72.9782 82.2335 84.5701 79.1027 86.0802 87.2064 88.3707 89.5522 85.4413 89.9601 91.3698 89.4497 94.1936 88.0982 96.5985 93.5988 88.4411 96.2547 96.8091 101.662 102.494 102.01 107.408 103.973 103.239 108.763 107.503 113.073 115.773 113.546 119.051 119.842 123.9 121.142 127.656 124.407 129.696 128.402 133.284 135.692 144.354 141.478 149.008 155.156 161.514 171.764
164.05 153.441 149.768 142.878 131.218 133.018 124.767 121.907 116.304 115.672 113.812 111.001 105.633 111.928 109.382 110.614 114.723 111.789 107.008 113.032 110.458 113.175 105.012 104.653 105.191 100.752 99.9445 91.7843 93.8419 95.2362 94.9372 92.5007 93.5259 95.3387 92.382 92.6161 96.3503 88.7889 88.6888 88.0987 89.9239 87.1202 87.41 81.4523 88.117 84.6696 84.6573 84.1754 90.655 86.9139 84.93 83.3678 86.567 85.4224 83.0351 88.325 88.489 85.3044 83.778 86.076 83.1641 80.6978 83.7043 85.9227 85.0913 86.0765 81.9157 86.657 82.8891 85.8586 89.2787 84.1119 85.1217 91.7698 86.7377 83.4982 85.7726 88.1339 87.1953 87.2454 86.9859 89.5799 87.7907 90.5525 93.3974 87.5657 88.5313 96.0605 86.6457 90.5297 93.5686 92.4272 89.8048 94.0444 94.6411 91.2358 92.1142 91.1354 87.9956 93.5742 86.3522 88.8278 91.0072 92.5348 92.2601 94.3659 95.0372 95.0535 93.2095 89.8745 91.2032 86.5606 86.2206 90.0991 88.932 86.1338 89.9634 90.459 86.9994 86.5258 92.2328 92.2446 88.8395 88.409 88.73 86.899 89.5243 85.9783 82.5112 86.9277 85.9303 83.8879 86.9666 85.3278 86.0284 83.8505 81.3215 84.2249 86.0744 84.519 81.7719 80.2953 85.7456 86.8525 84.8391 86.3597 82.9769 85.6865 83.0842 83.965 84.1694 83.6439 86.229 87.651 81.7 87.8718 88.1369 87.4968 85.3986 87.4047 91.1291 89.1652 93.6691 92.0503 90.0764 91.5213 95.6222 92.4192 97.1149 96.4272 97.561 92.5357 93.8223 101.274 101.15 105.313 105.683 110.274 102.623 110.114 110.408 108.866 108.899 109.29 105.2 110.954 112.437 116.605 117.544 110.206 116.15 110.872 122.255 124.05 132.141 133.78 141.667 151.569 158.671 164.846
164.407 154.07 146.683 134.997 126.264 120.797 115.7 111.724 105.029 100.33 98.7124 99.2329 96.3419 89.2145 91.6693 89.2289 86.9788 92.3048 89.4363 90.835 88.9524 89.0734 92.7531 96.9318 96.5807 94.2903 97.1221 100.744 99.4666 98.1226 97.952 94.7289 90.1443 92.9886 92.9416 90.0113 88.8022 89.4998 84.3961 88.3204 82.2466 85.7602 85.5166 85.7872 83.6723 85.1412 84.9324 84.5921 84.2484 86.2332 84.1871 80.0921 85.9435 83.5252 84.3877 84.9029 87.1985 86.231 87.3208 87.1481 87.8689 90.2061 80.4392 83.1473 86.8547 89.3313 89.1764 88.9389 87.835 90.1213 87.8716 89.0102 88.3817 93.6088 90.7966 88.1726 93.1118 91.9331 91.6058 90.8721 90.9722 88.8605 92.1666 92.0743 90.8227 93.7592 90.9298 89.6411 93.4742 94.3481 91.3765 98.8071 100.308 93.8514 94.9867 93.2057 90.9325 89.4525 88.6245 87.3329 90.1699 96.1599 93.7992 96.0916 98.9708 95.72 96.7859 95.0197 92.058 97.9942 92.0758 97.6716 93.7664 92.868 88.5006 94.8775 92.6834 93.5688 95.7238 88.0601 95.4554 92.0502 92.3767 86.3711 88.6901 93.0465 89.4012 89.5939 87.3401 87.4697 90.4075 90.0175 87.2923 88.2924 88.7651 88.2661 84.4813 85.3761 86.5453 87.9759 85.6639 87.2828 81.6643 80.1948 86.5582 84.0608 83.716 84.6479 86.5136 86.7472 85.386 80.7364 87.3469 85.6224 86.4384 84.8767 81.5997 84.9112 86.4651 88.9016 84.7416 88.1625 87.5128 91.5175 86.0129 92.3885 95.289 92.4001 96.2203 92.626 97.5029 98.9223 100.912 100.459 92.1808 98.2955 94.8989 93.5136 89.3963 91.201 87.8079 89.2399 91.0746 87.9696 90.6263 93.6185 94.0988 94.8168 96.672 95.7121 100.561 106.827 112.678 115.257 118.165 127.995 133.525 141.034 151.957 163.934
162.781 154.756 140.086 129.869 128.442 123.962 109.641 109.502 104.353 99.5109 97.8798 93.9659 93.0234 91.1342 84.0033 83.7624 80.9061 84.1371 81.1139 86.7723 77.623 85.7837 85.0771 81.6427 87.779 85.1319 88.5992 88.9083 91.9611 92.9794 96.9938 97.2694 96.5046 106.739 100.852 104.635 102.028 103.536 100.516 99.9399 94.6654 93.0808 90.2334 92.1749 89.9617 92.3872 90.1992 90.1457 81.8998 92.8356 88.721 86.5698 86.7197 84.8629 80.5837 85.4114 81.7649 82.273 81.1002 85.0492 84.2293 81.3653 77.6333 80.0401 76.944 78.2273 80.2968 80.4859 79.5308 80.47 79.2737 78.901 79.344 75.4673 76.2249 77.821 74.1259 76.4789 76.1779 78.8319 75.3074 72.935 75.9549 76.5665 72.7049 78.942 77.0772 74.8515 80.5842 85.0063 89.6452 91.5696 90.2419 97.5833 90.4443 91.1641 83.5704 78.8374 77.9046 76.2593 73.0614 77.1563 84.7107 86.2393 87.4699 90.4321 88.077 88.611 90.1831 84.8448 86.4275 82.7888 81.4946 79.5284 76.8344 75.4406 75.5656 78.7935 75.0594 72.8426 76.3881 76.1222 79.9896 75.4096 74.466 78.4504 72.3552 80.5694 78.6721 76.2988 76.7911 78.1668 82.3787 76.516 79.4066 79.1761 83.7025 76.872 81.3831 80.7502 81.891 77.284 82.0996 82.4619 84.0752 87.4522 84.9397 85.465 83.469 80.2476 89.6824 85.0366 87.3924 86.8717 83.8083 88.1344 95.4178 95.5308 98.5654 97.4655 103.054 105.119 99.1099 100.981 101.111 101.642 102.216 99.2368 96.9663 97.1857 92.824 96.2883 90.0085 89.1345 83.563 85.2388 88.0812 80.7308 83.8008 85.9319 82.2624 80.8581 84.6008 84.0142 84.7294 85.1265 88.5746 90.887 93.4824 95.9263 99.0463 104.789 107.332 113.334 120.542 126.913 135.926 143.587 156.159 161.907
163.309 156.514 148.408 139.56 129.362 124.833 113.931 109.867 107.048 101.399 99.7169 102.143 92.7796 97.961 93.0373 94.3067 93.5365 94.3589 92.0058 88.7553 86.5743 92.432 90.9795 87.6668 86.0292 88.6481 84.2501 92.083 87.8661 85.5585 89.9018 88.0136 95.1574 96.4698 97.339 97.2817 101.643 102.023 100.799 105.81 108.525 106.917 108.532 103.741 106.348 100.31 96.1501 90.6068 92.7409 87.8062 85.2497 82.4025 79.2979 79.8189 75.0048 73.6952 73.4073 74.3524 65.3918 69.0855 69.0853 64.7338 64.474 61.9597 64.3588 58.786 60.5135 61.74 57.8267 58.623 60.6964 57.5862 60.9385 60.7998 59.6292 58.7866 60.1815 62.7686 63.4614 64.6117 68.9343 66.548 68.4601 74.127 75.27 78.9723 75.4144 80.7151 86.4515 83.5502 87.8766 81.0151 79.4722 78.1521 70.8457 66.318 67.5413 62.0623 57.2776 56.9167 55.5773 58.9935 61.8782 66.1739 74.21 74.6208 75.0833 81.6795 82.5007 84.1472 81.4041 85.5899 84.7789 77.1481 78.7764 72.2183 76.0395 67.5934 67.7749 65.5157 62.9801 65.1402 62.0434 61.0866 61.3023 61.5016 61.0851 58.8629 59.7302 58.8663 63.427 61.8162 61.9149 65.4245 63.423 67.2 68.6957 67.9189 68.4607 67.2794 69.3876 68.0412 72.6585 72.1576 73.0212 73.1649 77.5988 81.9114 85.6264 83.5999 88.9986 92.6849 92.8914 99.6002 97.0795 102.066 104.234 104.5 104.223 103.564 107.394 105.167 95.6818 100.276 99.5871 96.1439 95.5527 91.3266 91.3579 92.6235 86.1294 89.2878 85.8195 88.0776 89.4661 88.105 89.0985 87.876 88.59 91.0085 89.0601 92.727 92.8309 94.8961 96.624 98.0755 91.0629 95.9665 100.017 102.36 104.444 106.391 114.937 118.365 125.355 125.159 140.381 145.777 155.55 164.436
165.678 160.998 152.228 143.533 139.884 135.336 128.122 125.967 116.33 114.711 108.648 114.1 109.302 109.622 104.191 102.186 102.434 97.9916 95.3917 92.2608 91.2396 92.8479 89.7625 88.2861 84.1258 86.0484 80.229 81.2844 81.1149 85.2047 81.0265 79.1681 75.6849 79.5412 79.5468 72.7595 78.3414 77.7004 80.9047 86.1489 83.4549 84.8367 85.4155 83.8061 83.8788 88.201 87.7277 90.7785 87.7274 81.6296 88.1288 86.2836 76.873 76.4027 77.8816 70.9195 69.0816 66.0317 62.6687 61.2698 58.213 54.7067 56.7139 56.1898 52.8878 52.257 53.8784 51.038 52.2917 51.9712 57.3128 51.7043 53.2424 55.4493 58.333 61.6999 63.1882 65.0542 71.7724 70.5959 77.1922 77.8152 74.4839 77.9218 78.5896 80.847 76.2747 73.0594 72.4591 66.299 65.8675 64.7244 62.3575 58.1508 53.668 53.3295 49.2128 43.0193 42.6951 44.7696 41.5967 46.5833 42.7708 46.1395 52.5129 54.8481 54.6147 62.5073 66.5001 64.6244 70.9109 68.871 77.6468 78.053 72.705 78.1238 80.1891 75.8597 76.1323 71.9209 70.6263 65.5223 64.0946 64.3955 61.1902 58.8233 59.637 55.833 54.116 52.0812 52.9996 50.6851 53.1936 49.4656 51.9694 54.6736 56.258 60.7849 58.1133 59.0878 64.0287 62.3116 64.9477 69.1221 78.1994 80.2132 74.6089 78.3438 79.3628 86.0355 86.0894 85.3494 87.96 85.8736 88.0091 86.6415 89.4846 82.8196 83.3455 81.3923 77.6939 83.0615 76.4125 75.7149 76.82 78.1376 78.4012 77.382 78.5309 79.3563 80.5191 78.191 80.2204 80.1014 82.8212 83.5116 82.86 85.4912 96.7651 92.2177 97.3931 95.2552 95.6782 101.858 101.851 101.403 107.104 111.007 110.698 112.074 115.253 120.8 123.695 125.245 130.145 139.062 147.649 148.975 157.057 165.818
175.742 166.113 159.593 157.268 146.525 144.485 135.908 132.033 128.107 123.703 116.231 111.335 112.255 108.799 108.375 100.689 97.4965 94.0113 93.9195 88.9411 86.2967 86.0334 83.0897 79.2633 80.4267 78.553 73.9639 73.2595 72.5322 69.521 66.1282 65.1929 61.1448 67.5354 60.7568 63.4111 59.4313 61.1512 56.6486 61.0881 59.0016 61.0638 60.4995 60.2725 62.4531 63.1813 64.5453 66.9666 70.5568 72.1329 75.1888 72.48 73.1304 77.7669 77.4427 72.8916 73.9669 72.8375 71.1112 64.3527 66.6923 68.4993 64.5486 65.0016 64.2435 61.8178 56.9304 59.857 58.286 57.49 59.1401 59.5703 61.5706 65.8953 69.9489 70.5418 67.9363 71.9322 72.5654 76.4439 73.8257 72.0603 69.8481 71.0334 60.5143 63.9048 59.9014 60.1343 56.7221 54.4277 51.6506 50.7419 47.7228 44.1612 44.8349 43.1627 41.3442 35.4556 37.1151 36.0774 33.0296 36.5198 36.5997 37.2939 40.9928 43.1549 44.5192 48.1494 47.1683 52.8106 52.9568 56.9887 59.6646 63.0236 63.626 67.4283 68.3736 65.6809 69.1582 75.8616 74.3938 73.896 70.1102 78.4925 69.711 72.8109 68.6113 66.6286 62.6049 64.0237 57.884 57.0998 60.2706 58.3102 61.3569 62.6661 62.0104 64.9248 66.8699 68.1334 70.1576 70.1495 72.7907 78.2814 75.9808 74.8473 75.0216 75.5391 73.3804 71.8876 69.2879 71.4292 66.6147 64.8991 64.3915 59.2588 63.6198 63.7821 60.446 58.0715 57.9563 59.5973 61.4787 64.0682 57.3829 63.003 62.275 64.0941 66.7512 66.7924 67.4323 68.6086 75.4996 76.8237 74.653 79.2056 80.6179 83.2136 86.7568 86.755 91.3921 93.7708 92.7238 97.4633 107.098 106.065 104.49 111.463 116.999 116.97 122.376 123.467 127.576 135.922 140.692 146.641 153.323 162.188 167.558 173.891
169.967 166.001 155.12 149.889 143.657 139.126 132.625 126.958 127.957 119.803 115.833 113.894 113.601 112.085 105.948 101.198 101.791 99.3217 92.0146 94.0953 93.0909 84.2265 86.8111 88.0721 80.3551 76.2989 75.0758 75.6342 70.6897 72.1125 71.3387 66.0957 64.7251 62.0765 57.9882 58.9482 58.9837 58.7676 51.5646 56.6664 53.3041 51.4028 52.3668 53.0693 51.5833 50.9079 52.2553 54.2527 54.3406 55.9269 61.5715 62.5106 57.6598 64.4636 64.1161 65.4731 70.6359 70.4394 74.6135 75.9807 77.1369 78.3285 81.2731 83.2943 86.4491 83.1345 87.956 82.8517 85.5493 83.826 83.2651 85.0852 82.9869 81.2332 80.7021 79.0772 80.0631 73.7271 68.3429 60.564 60.8836 60.3357 54.9265 56.6421 53.4661 51.1684 46.7427 46.273 46.7096 44.3559 43.9919 42.291 38.5748 41.1561 38.3756 35.1107 36.259 34.575 32.6791 33.2512 31.6037 31.7414 33.6189 36.0715 36.4877 40.0873 38.4557 39.2875 41.8311 42.8145 41.7055 46.008 46.5681 49.9416 49.4117 51.2652 54.3411 55.9805 60.6924 62.7522 66.1496 71.0127 72.0817 74.0185 76.7543 81.2049 80.6944 81.204 86.649 89.1067 86.5049 80.7639 88.5859 82.3095 81.5667 80.4289 80.8106 79.5443 81.0454 77.173 76.6062 78.3193 71.3796 72.2877 63.7918 70.0258 62.2732 60.8571 59.1876 59.2097 58.5412 51.5788 51.5969 48.7722 53.2772 52.5506 52.7575 52.3982 53.1835 54.1821 52.6902 57.5749 55.6003 56.069 57.2909 64.2198 57.8275 62.7461 67.1501 66.4554 67.7695 74.7389 73.7678 79.8155 77.9628 81.4349 84.6106 84.3638 90.3188 91.6956 90.3406 97.28 99.6579 98.4759 108.936 102.745 110.046 112.266 112.543 112.128 119.171 123.895 127.566 133.617 137.405 141.123 150.889 155.081 161.612 172.345
163.085 156.645 146.481 139.334 134.305 121.926 121.913 113.746 115.221 109.945 111.273 109.079 104.273 103.645 103.298 98.3242 93.7474 95.5325 93.3316 93.1772 84.0341 90.7006 89.1875 87.8389 83.6728 84.1165 84.6027 83.147 78.1498 74.7554 75.2327 78.3173 72.002 71.9108 68.9192 69.2938 61.747 63.5859 61.752 60.4587 56.9384 57.0788 59.3605 54.1484 56.6305 54.1769 55.8985 53.2096 52.9251 55.7375 54.2858 55.4119 53.243 55.9007 58.7933 61.71 66.3467 65.4154 71.5152 77.8257 79.3375 83.8111 87.5853 93.9867 95.1064 99.7666 105.438 104.774 105.438 103.833 100.586 98.0963 95.7232 85.8611 81.9329 83.7531 72.7451 70.7889 70.3051 60.4282 58.3774 56.6444 52.4425 50.2164 45.9133 42.4601 43.4944 41.768 42.2264 39.9716 39.617 37.9896 37.3824 34.752 35.4428 32.4264 33.0588 30.7666 30.1821 29.9708 31.3502 31.1642 30.6694 33.2113 34.1557 33.186 32.12 36.9261 37.0161 41.8444 40.7171 42.9793 41.2063 45.6206 47.6888 49.7575 52.0063 50.0175 52.9989 58.8622 59.916 69.7684 69.27 76.397 79.5222 85.5098 88.4236 94.2356 96.6902 98.1587 105.481 107.574 105.48 104.43 104.205 98.974 95.9825 90.3576 84.7162 77.6374 76.1929 71.3301 66.8542 60.8858 61.452 59.483 56.1163 54.8013 55.6381 55.0206 53.6342 52.0463 51.5457 52.2196 57.5023 58.2142 55.2823 58.8944 59.5558 61.0727 62.5419 63.314 65.0961 69.6497 67.7107 74.2365 73.3985 69.7695 73.1747 71.8431 79.3075 79.6606 82.6491 81.8281 82.8805 84.2111 85.8289 87.0428 90.1116 96.4702 90.6734 96.2998 95.6582 102.561 108.25 98.3997 104.097 103.774 103.548 106.372 110.453 112.907 117.302 121.147 127.924 130.629 138.327 151.652 155.417 165.357
162.555 153.732 140.001 134.218 121.777 122.155 109.109 105.027 102.369 98.337 98.6034 93.0744 92.8283 91.723 89.9083 89.3866 88.8456 88.1672 86.0195 81.1672 88.6453 80.6991 76.7892 79.6033 83.1623 80.6186 85.2944 81.4347 80.5347 78.0668 74.3158 82.8632 72.7901 78.4071 74.9561 73.6782 78.9 74.4013 71.0511 70.9909 71.2158 65.478 72.9427 68.0736 67.2553 67.7769 66.8416 64.422 63.2909 64.4685 62.4679 68.7767 65.7093 64.2841 68.2443 71.3891 72.3758 77.8843 76.8915 81.0781 84.9948 89.4128 88.6041 89.8986 94.0009 94.2761 93.3784 97.5425 93.385 93.6226 96.1546 84.4514 95.441 91.9219 86.2373 81.449 77.7844 75.5936 73.3383 71.4251 63.3866 62.2806 59.6549 56.6916 54.856 54.6151 48.5788 44.1079 43.8353 44.2987 38.3574 38.8057 36.8865 36.0769 34.5706 33.3847 32.1468 30.314 30.6923 28.274 28.3284 29.309 29.3626 33.9219 32.2204 35.2404 35.4153 35.4217 37.6345 41.3143 43.8379 42.9761 45.6734 48.4885 51.5076 54.2241 58.5458 61.1561 62.6464 65.0045 68.2265 73.8801 75.2952 80.2656 81.7066 87.9833 88.7444 91.2018 92.2741 96.671 95.392 95.4041 103.315 98.7704 97.4258 94.8234 92.015 88.1098 85.7315 85.131 81.0697 80.3237 75.972 73.1438 68.2697 65.4157 65.8157 65.3036 67.28 63.2395 66.4104 67.9086 62.7992 63.9115 67.5605 66.3759 69.4236 66.3259 70.8093 71.334 73.3497 69.0058 77.406 74.0971 77.5354 76.8061 73.81 77.3747 80.7393 73.6355 77.273 81.2292 83.2043 82.7565 83.3945 83.0857 77.1651 83.6253 84.0187 82.7157 85.1763 84.2197 83.9379 83.6007 90.2159 93.6982 89.3761 87.6968 90.8681 93.8577 100.681 103.233 105.926 108.057 116.164 126.483 132.511 140.825 154.522 163.728
164.464 148.736 141.943 130.956 119.578 113.329 108.491 103.896 96.2654 89.6232 86.9231 82.1698 85.6164 80.0271 77.3402 75.4342 73.2759 72.8793 68.3137 73.491 72.0707 71.9588 66.4936 68.0975 67.8385 71.7081 70.257 70.7229 70.6379 68.77 68.7534 71.8942 66.8752 66.5325 67.8826 70.8545 71.4246 65.1554 69.62 71.5304 72.2274 69.9067 69.2333 73.6599 74.7388 72.3242 77.9334 75.9776 73.5966 83.1288 84.4697 85.3394 91.6576 94.0341 87.9136 92.7441 93.0681 95.5354 95.5438 95.2326 99.3128 91.1417 87.2475 84.9341 87.7026 83.7548 78.2176 80.1911 78.5863 74.6142 72.5368 77.3268 77.4454 77.5172 79.5912 77.731 77.9386 78.1994 85.1805 80.2881 80.7017 72.9274 70.1394 69.9329 66.4793 66.4583 63.396 59.8288 53.7967 51.7767 52.7273 50.2161 45.2889 42.4422 40.4825 36.1774 34.6407 35.6441 32.8238 33.3582 32.374 31.6265 32.7252 36.4203 37.4304 39.3311 42.9803 44.9783 48.7597 51.2241 54.5691 56.5243 58.398 63.4569 61.6568 65.1565 67.8994 68.8846 74.9314 76.0357 84.9159 79.9438 81.3967 81.0181 79.1098 81.7394 77.3879 75.6873 73.5422 77.149 75.9948 77.6876 79.2994 75.1749 80.9675 87.6641 86.1917 90.0866 93.2736 94.9842 93.1319 94.9016 97.3065 92.0253 95.7811 93.7549 89.7523 87.9864 84.7225 85.0194 81.7782 78.0665 74.9018 78.485 75.527 74.5728 70.3219 74.4223 74.9651 69.0136 73.9772 71.1763 68.6923 74.9339 71.6369 68.7176 66.7631 66.826 72.503 68.6421 66.437 64.6169 64.8394 72.1515 71.6201 69.9268 69.5168 69.9879 70.528 68.0065 70.9644 72.5723 73.618 77.5174 72.5314 82.5002 77.7011 81.4212 85.7974 89.3406 93.7791 94.1855 103.396 111.038 116.281 121.854 135.292 142.658 153.083 164.124
162.895 149.364 135.141 126.015 119.22 114.951 105.478 99.6831 93.6329 89.3999 87.4185 78.6916 76.2463 76.1123 70.822 72.3697 69.501 70.7882 67.5698 63.4665 66.4824 63.1364 60.3296 57.528 57.7128 61.3604 61.2195 55.6958 58.5033 57.8867 59.0003 55.966 59.1411 58.9557 60.14 59.1778 59.6181 59.2859 61.6981 63.6495 66.1723 64.0868 67.2794 71.022 74.2035 75.4404 75.8987 76.8635 83.8192 85.1121 92.3417 95.6917 93.7567 98.9789 99.6052 101.597 101.852 97.624 97.9398 94.388 89.0004 90.9846 86.0825 85.3942 80.6884 79.7413 76.2858 72.329 70.192 70.9018 68.1698 69.6957 72.4086 69.0616 69.9854 68.4258 67.465 73.9301 75.7277 74.7416 78.4671 78.9575 74.5233 77.6357 75.7048 75.6275 73.5191 70.2578 70.1674 72.724 62.4063 59.6107 55.9186 57.9561 51.6827 48.5945 45.1209 42.0131 41.075 40.0642 40.9979 43.5456 44.7238 45.9759 47.9356 52.3463 53.9332 58.1139 60.2768 59.861 64.2208 66.1397 72.1689 75.7887 76.4767 78.5341 73.8391 77.2993 76.9987 76.915 74.2293 77.3776 73.3955 69.3393 72.3861 67.4735 68.2273 69.1718 70.2261 72.8238 69.9409 72.5179 71.8891 76.849 76.8777 82.595 82.1705 88.9853 91.931 93.0809 95.4429 96.0289 101.925 97.2828 102.887 97.1893 97.9717 94.6815 94.629 93.0318 89.7246 83.8196 84.5834 76.1981 73.4644 74.9663 69.639 65.1803 60.6237 66.906 63.5633 57.9658 62.0179 62.4013 59.3858 56.8322 59.4594 57.1439 56.8836 59.4986 58.452 59.2692 62.1553 57.4581 59.4953 61.5339 62.5994 60.869 65.2478 66.386 62.3206 63.2635 65.2485 67.5298 68.6254 70.662 75.5271 72.9713 80.9619 86.3141 91.3799 93.2965 95.9327 101.507 113.497 123.089 130.724 139.386 148.797 162.248
158.415 150.122 134.965 128.349 119.771 112.237 108.55 97.9054 93.0471 86.0666 83.4873 82.4264 74.55 74.1307 70.9453 68.4662 67.5779 67.1734 62.1791 62.3743 57.0042 56.7585 57.7889 56.8404 52.0246 56.291 52.7706 56.6753 53.1371 53.5682 53.2874 51.0803 54.1056 56.463 52.9018 54.0894 55.7811 53.6983 57.7527 58.7047 60.7823 64.3966 69.7532 68.5434 72.8824 75.6666 75.6162 81.2919 82.5751 80.8851 89.8026 86.0512 88.7127 85.9465 84.4688 81.1725 82.207 79.0496 80.1979 76.6208 75.293 77.1975 69.6382 72.2097 73.995 74.7315 71.5037 70.2247 75.392 69.6397 73.6023 69.4685 69.9219 65.8759 69.808 71.0896 65.188 67.8572 69.333 69.198 69.7998 73.9328 77.7872 69.0338 73.7793 77.9264 76.1194 76.548 78.2208 83.5601 76.9156 78.4858 72.5285 76.1409 73.0666 70.1753 60.107 60.5557 55.6719 55.2359 55.179 56.4088 56.9699 60.3958 65.2942 70.7614 70.4599 81.4373 77.0419 79.2649 77.7494 78.6584 76.1757 75.2136 77.4124 76.7591 72.5117 68.644 71.5118 68.2592 65.0586 61.9202 68.8838 69.4009 69.3162 69.3506 73.2347 70.4742 68.9968 70.1883 73.7644 69.2551 68.9483 73.6056 69.2022 75.4567 72.0655 77.3733 72.3903 73.3791 78.0958 78.1534 82.3825 81.0756 80.6545 85.5784 84.7452 88.8485 84.9747 90.0901 89.9821 86.4308 82.4974 82.6796 80.927 72.1793 67.1476 67.0085 65.5154 62.7948 62.236 57.5848 53.9166 54.6541 55.9303 52.5359 50.4117 50.7856 51.1584 53.2147 53.2526 54.3552 53.2289 52.141 57.1755 56.1483 58.7195 56.9102 58.5026 59.5255 63.0702 64.2205 67.8339 68.717 71.7551 69.4332 70.9055 81.534 78.3496 80.1076 88.8462 91.3657 97.8884 102.703 112.535 118.391 133.728 135.06 148.761 161.178
159.198 152.453 139.433 129.912 118.538 108.985 100.988 96.0913 89.2297 91.0209 80.6879 79.798 77.1824 71.6872 65.8292 70.3027 68.9629 63.6276 61.5532 58.9705 58.2276 56.1265 56.3527 52.304 52.5038 56.9949 53.8545 50.1299 53.4086 52.5496 51.5374 52.5711 54.5442 55.3399 54.2267 59.7193 58.9005 58.3861 63.5705 67.0529 68.1258 70.5784 74.8906 75.8062 74.7189 80.9269 79.1169 76.5361 77.4225 74.5258 72.4189 68.2495 67.9064 68.8636 64.0335 62.4638 61.6318 58.0467 57.5196 55.9659 57.9255 55.0889 53.4791 58.7948 60.1117 57.4353 57.1089 56.665 60.9591 61.1104 64.7905 64.4058 64.4013 63.0917 65.104 64.3318 64.1078 64.4166 67.0539 64.6037 69.3494 74.2722 67.7494 73.5443 68.8661 78.3546 78.786 77.8345 82.0372 84.5983 79.0001 86.6752 83.6387 86.2822 84.7624 79.944 78.6532 80.0985 72.6373 68.5688 79.4091 78.5735 77.4603 80.8118 82.5774 79.1763 84.6454 89.4579 82.2209 83.5915 79.638 80.3815 79.0842 77.295 73.7559 74.7264 71.7852 71.7333 66.0442 68.8442 68.7544 68.5993 66.0935 68.5644 60.9135 67.0958 60.7052 65.2792 61.8221 61.7408 64.1079 57.7477 57.6824 57.7518 57.8148 57.2373 57.3903 55.6345 54.2681 53.7432 59.2224 59.738 61.8155 60.9825 61.4898 64.5796 63.9148 66.7782 65.242 71.7091 78.1762 74.5737 76.2643 74.4866 80.5854 76.9174 80.8397 75.9764 71.6851 67.5225 67.1835 59.2817 58.5837 57.5603 54.2813 55.7111 54.6546 55.2848 52.0642 50.5986 52.1307 49.0831 54.9225 54.307 51.4616 54.5039 55.8342 57.6906 60.4002 59.2435 62.2892 63.1733 62.7516 67.1206 68.7995 70.4657 73.9595 76.0324 80.836 80.3226 87.612 93.633 97.6532 103.306 110.625 119.85 130.23 138.615 152.033 161.558
161.53 150.639 134.138 129.303 118.01 109.792 103.035 95.2456 90.2178 86.0399 82.5383 74.9361 73.6748 71.5344 69.0377 65.7161 64.6757 64.6842 60.1655 64.4611 62.4932 55.7051 53.3559 56.3116 57.3836 58.8362 54.9444 52.3096 52.5931 55.5779 54.4764 55.0497 55.255 57.2069 64.593 67.969 69.1916 73.4212 74.8913 72.8014 76.8082 75.7673 71.7019 76.8704 71.8192 72.0676 68.2506 64.7963 61.715 57.8454 55.2822 53.7657 53.8137 50.4563 52.262 48.0976 44.4733 47.4381 46.6807 45.7332 44.506 46.4267 43.9977 44.2984 44.3777 45.1679 44.2427 46.0032 45.1007 49.2578 46.9007 49.2294 49.6709 48.6391 53.0866 57.0279 57.4282 61.1399 59.0761 63.4254 64.3559 70.9553 68.5117 76.1567 81.9217 75.2293 74.8307 79.51 83.0205 84.2026 81.9004 88.292 89.6119 89.5807 88.4186 90.8453 84.3985 90.0073 90.3539 86.352 87.421 89.3616 85.5456 89.8119 83.1403 88.1517 87.6651 88.1222 82.0967 86.2281 83.8033 82.3832 79.7228 76.77 79.1956 70.8956 74.1411 72.6023 70.0419 64.6912 67.2739 62.1487 59.695 58.0679 58.4636 57.3725 52.7235 49.0791 48.9753 49.0104 46.9368 45.1296 44.6295 46.2579 44.4001 46.7899 45.8149 45.1089 45.1516 44.9819 46.8324 46.3453 48.1513 49.1059 49.6578 50.3344 48.6013 50.09 54.2759 54.2039 61.354 65.2036 67.3839 69.2579 75.2439 72.4897 76.5174 73.6304 73.8287 76.8306 75.7845 69.5203 69.5599 70.0095 63.6045 63.0208 59.3557 62.5553 57.2309 58.3381 56.0488 55.8556 55.7026 55.6028 55.8079 55.6465 52.5899 56.0985 56.3504 55.8769 59.959 60.5613 62.8178 64.8851 70.1129 74.9557 78.0206 77.3634 78.8292 80.8389 87.0193 88.9365 94.1674 98.9891 111.942 117.406 129.068 136.307 148.914 157.187
159.57 147.37 140.319 131.821 121.895 108.181 97.5455 96.7523 86.4213 85.3507 87.0809 80.0021 74.657 71.916 72.0364 66.5547 67.5998 64.6718 63.2811 60.1521 61.3663 61.0016 58.6277 57.1337 60.7873 61.838 56.3229 60.7238 63.1672 63.9568 65.0265 68.3048 66.2148 68.1668 74.9606 77.7155 73.7607 75.876 78.0393 75.9761 72.2969 67.4905 63.4877 63.4057 58.7237 59.2093 58.2133 55.4287 49.6885 49.4053 46.4924 45.921 46.7272 45.7123 43.0093 42.7882 42.4094 40.5348 42.4069 41.1725 39.3015 41.6071 40.0768 38.2389 39.9274 43.9468 41.451 43.4262 43.0484 45.7065 46.7558 48.0613 48.759 50.9091 48.2167 55.6308 56.0905 61.1696 62.4043 61.5064 64.805 68.5004 69.8408 68.719 68.0572 72.6946 79.8929 83.2317 77.8297 83.5374 88.3838 87.8418 85.0772 87.3411 89.6277 86.1124 87.2827 86.9134 87.7876 92.0901 87.255 81.7244 85.051 92.7018 89.0399 87.3168 87.9296 88.2103 81.0983 81.8932 85.8975 80.4089 77.1494 77.8538 70.2744 76.9344 67.415 65.0721 66.2267 65.3096 61.9861 63.6265 58.6801 55.559 53.2573 54.0606 52.0241 47.8736 47.832 45.3759 44.1786 42.514 43.6621 40.9494 41.6843 39.9938 37.1446 40.0701 39.1879 40.5703 39.6493 41.4498 42.755 42.0828 42.7977 44.6007 44.3356 44.5107 46.261 48.4786 50.6272 49.4996 53.529 54.8934 55.9359 61.9701 63.8497 66.1619 69.9791 75.3542 76.3629 77.7109 75.8851 77.8701 78.8065 75.2982 76.4641 73.4532 67.8595 65.2812 65.7 63.826 60.5824 57.5566 57.8797 57.4662 57.825 58.7792 55.5859 63.3291 63.0394 63.6208 66.3085 67.2151 68.3171 70.087 68.854 78.0307 79.021 80.1952 87.5186 85.5246 95.7315 99.6806 110.035 116.325 125.731 135.334 146.61 161.179
160.241 147.242 137.111 128.005 116.361 110.718 105.615 96.6098 92.518 84.4119 83.6941 79.9129 75.8851 72.5641 70.7536 70.0673 67.7715 65.2499 66.9386 64.7957 66.0527 64.8347 59.9238 62.7673 66.596 69.4706 68.7952 73.4497 75.6946 73.7928 75.0771 80.4663 80.294 85.9534 81.0647 78.4233 73.6521 70.1855 67.0225 65.6948 64.572 59.02 56.3832 51.9751 51.9083 50.4854 48.1044 45.837 43.6291 43.2966 46.6576 43.9874 42.6933 41.7637 41.2454 41.7789 42.021 39.8457 40.0895 40.1551 39.9112 42.509 42.6571 43.0297 46.5976 42.9137 48.1807 47.0239 50.0186 51.1937 51.4131 53.6827 58.1728 56.188 61.7974 59.4865 62.8716 62.3435 65.3286 67.4106 70.7038 74.3958 73.9795 71.6269 77.4595 72.7991 76.5865 75.0187 78.6475 80.591 76.1938 81.3485 86.3997 83.6189 86.4886 78.7906 78.2943 80.0741 75.4702 72.6591 77.0711 75.4237 77.2881 83.3773 88.2048 86.0386 83.5457 85.5462 82.2317 79.4003 79.0027 77.0011 75.7128 71.6302 78.901 74.1067 76.1442 70.9987 71.3127 67.8337 70.9888 64.9374 66.0953 61.6059 63.7445 60.7891 60.5328 56.088 53.9934 51.7102 51.7366 50.6775 46.9326 49.972 46.2375 45.4699 43.9665 41.0433 39.6885 40.9615 41.7368 39.3991 38.7663 37.4613 41.1182 40.4093 41.3445 42.1508 44.4188 45.6754 44.0586 44.9812 48.0099 49.5177 49.2024 55.1868 52.7495 54.7039 61.0462 65.2907 65.3789 71.9269 72.2084 73.9753 79.6974 76.3556 82.955 81.7716 74.694 77.6633 76.5652 72.4725 74.2261 69.2706 64.1792 63.1202 64.537 64.2368 63.1379 61.3856 62.2023 65.7021 67.6417 67.7781 68.6849 68.8059 71.2774 74.2983 76.2182 77.2762 82.1585 92.9808 94.2472 105.282 109.554 116.576 125.788 137.767 150.93 157.562
157.145 145.158 137.878 125.246 116.077 108.585 105.209 91.3876 94.6501 85.2737 80.1477 77.5164 77.4727 77.0254 71.9656 68.6274 69.8076 69.8821 70.6471 69.9395 69.045 73.1346 79.3819 76.2406 78.5671 78.115 84.0641 85.0804 82.9169 86.3243 82.5672 80.9407 78.6089 73.5689 72.5044 72.0468 67.805 65.8031 58.9446 55.6678 57.1213 51.7965 53.6098 46.3116 47.0394 45.4275 41.9928 44.5283 42.9931 42.1361 42.8913 40.7427 40.8859 41.1161 40.9536 45.3993 43.1685 45.8454 45.7987 48.0625 46.18 50.5129 53.4982 53.0731 55.4225 57.8752 55.8652 57.9334 57.802 61.6904 62.3504 65.724 62.7507 63.6487 66.0863 67.7355 65.3682 65.016 68.4856 71.1599 66.9845 66.9356 70.6303 75.488 68.9508 76.7335 78.0249 74.4246 76.2688 77.9818 73.845 75.61 75.2016 74.3029 76.3425 72.0237 64.9881 67.2663 61.3979 62.1062 59.3366 59.2194 61.2344 69.6496 67.6986 71.4937 72.201 73.9243 76.7199 74.666 75.7937 73.3732 73.0431 75.2969 68.7295 69.1892 71.7666 74.3705 71.5198 69.4434 64.4119 66.9559 67.1667 70.194 73.4667 66.4562 62.2683 62.6212 62.6014 60.5198 61.6399 60.2088 59.6958 55.673 56.2326 52.4763 51.8455 52.9866 53.1491 50.8208 45.1247 48.8629 45.363 42.89 44.9346 41.3934 43.3411 41.7351 39.6047 38.717 42.0144 41.5988 40.8217 45.5752 44.2676 47.4697 50.3229 50.5307 54.1748 52.1148 60.7179 58.1954 60.9721 63.5202 67.0774 72.5922 76.0604 76.123 79.8341 85.8882 86.0988 84.4825 82.0519 80.5274 79.7032 82.442 76.721 72.6183 68.4798 72.6724 66.2653 69.1254 71.1982 66.0193 68.0702 70.5733 73.3161 76.8092 79.102 80.4434 86.975 90.0557 95.3715 99.0382 111.944 114.306 127.203 136.677 152.057 158.141
160.643 148.615 136.174 123.766 115.835 108.532 102.095 98.2941 93.9694 82.655 82.9258 75.1498 79.5022 80.851 78.7853 79.2542 71.0283 76.2705 77.1179 85.3282 85.0964 82.8209 84.9667 87.7776 88.7785 87.0211 85.6446 86.0667 87.8423 81.9417 77.5302 74.8045 72.7345 67.6441 66.9998 60.6115 57.7211 59.7463 54.1363 53.3948 51.9511 47.4088 50.2329 45.4709 45.8752 44.3948 45.09 46.6362 44.9421 44.3051 47.072 47.782 50.1753 51.3854 49.5105 49.0681 55.9486 60.6218 55.096 61.2248 65.115 65.3885 61.0463 61.9017 64.3679 62.4218 65.1945 62.3197 70.2802 65.1422 61.8514 66.7463 63.7445 66.5451 62.8092 66.1292 61.8775 60.3883 64.1055 67.6197 69.6661 66.8332 68.092 68.9775 73.9248 67.9078 73.4374 73.8267 74.0859 67.9504 65.4513 65.2818 59.6783 61.134 55.4945 51.5781 49.152 47.1704 44.5438 43.6389 44.6128 43.936 45.7647 53.8177 52.4251 56.7505 58.9546 62.3874 65.9028 68.6062 69.1299 72.8699 69.3682 69.2636 73.1978 71.8714 69.5779 70.2066 71.6205 66.4013 66.4754 63.8524 63.8276 61.7029 62.3191 58.7325 65.0618 61.8937 65.9163 63.9116 63.1066 63.2019 65.9039 62.8003 63.4086 62.5725 60.3114 58.7697 65.2389 58.9268 52.5053 57.5855 58.82 54.2034 51.3652 55.3391 45.6774 50.1491 48.3484 47.3316 45.401 42.6102 42.4442 47.4947 44.4328 44.6699 47.2201 45.4923 50.1869 52.389 51.9997 54.5059 56.547 56.2191 63.2458 62.5098 68.1649 68.3332 72.612 73.1143 79.4506 87.3047 85.5013 88.5168 83.0128 83.7118 89.8709 87.6091 83.4853 85.0114 86.0429 77.6853 80.5809 77.157 75.0282 77.8609 76.4175 79.5535 78.1384 81.6388 86.8397 92.9256 95.5398 103.828 107.149 118.237 126.49 134.799 148.964 162.428
162.582 145.694 134.078 124.999 116.541 111.585 102.085 96.3762 96.4297 89.9336 87.52 84.1366 83.1922 84.739 84.4212 91.7372 88.4908 92.8923 87.0178 93.9176 92.9056 96.496 94.9574 89.9268 86.7188 86.1224 82.2252 77.457 74.5014 68.2677 67.0951 62.9001 62.402 61.2603 55.4795 55.512 55.3643 53.1117 50.2541 51.1941 50.9148 48.8044 51.178 51.56 50.5982 49.7049 55.1655 54.5321 58.0096 57.0058 59.0669 58.3078 59.9488 60.1794 62.5975 58.8723 61.7515 60.8698 63.6625 61.7517 63.9781 64.9815 63.7067 65.729 59.6952 63.4471 57.8945 56.5495 57.1735 59.5001 58.5898 56.9465 57.9174 58.3605 63.2437 62.4712 59.1058 65.6979 62.5676 66.5167 71.1703 69.1308 72.6667 65.0443 69.7782 63.0261 63.8358 60.7517 56.506 53.547 54.8257 48.3116 48.9194 43.7722 41.439 41.7546 35.7384 36.0044 33.8403 31.3759 34.4524 35.7567 36.4579 38.6071 38.8518 39.2072 45.9553 48.9227 51.9846 49.753 52.1438 56.3119 61.1392 60.132 64.9343 72.6663 69.2676 64.8238 65.8303 65.4961 63.1982 65.5117 63.5756 64.9312 60.5452 58.9704 59.8671 58.5865 55.9476 56.1084 56.6586 58.7745 61.5017 58.2443 61.6271 62.4259 61.9413 58.1488 63.601 60.0942 57.4279 65.9708 63.6285 67.4832 63.4467 61.6935 63.8097 63.4998 62.3964 56.2997 59.7763 56.0417 57.272 52.9919 52.8828 53.6055 50.9486 49.1409 50.2023 50.0203 50.5942 52.7578 54.0753 53.9378 55.7581 58.2655 64.5186 64.3134 64.6833 66.1191 73.2319 74.1991 81.6965 84.8805 83.9162 88.5852 91.7147 92.9572 95.5194 95.0061 90.8222 95.2167 91.7028 89.119 86.3891 85.1187 86.0553 86.9474 88.1789 90.6973 92.161 96.0486 101.849 103.441 113.722 117.137 124.59 138.639 145.503 161.423
159.429 147.085 136.661 126.668 118.073 114.979 106.935 104.932 98.7755 99.4424 99.1794 98.9643 98.214 100.861 99.055 94.5065 101.076 101.788 100.326 100.978 95.3545 92.6239 85.2388 88.0977 82.5727 77.4562 73.6978 73.6942 64.6564 67.6662 67.9113 59.3929 59.7532 56.072 57.1973 57.6175 55.1011 60.7183 55.7293 54.9457 59.6151 56.3641 59.4006 61.6246 64.3236 63.1734 62.6785 65.5483 65.6538 67.0405 63.9022 66.9272 65.5167 63.1367 63.4509 64.1968 64.0704 60.7509 58.6974 60.6103 54.3306 56.7271 54.7117 53.9777 50.9594 51.3489 53.581 54.4314 52.6528 59.1279 55.2687 61.2506 61.8683 64.7895 63.4352 66.9314 63.9376 60.6759 63.488 64.3407 64.1023 61.2712 61.2469 53.5841 54.0982 48.2835 48.7449 45.1285 43.8188 43.0013 40.908 40.8835 36.1919 34.9765 33.3233 30.7442 31.2581 28.4641 27.1291 29.0368 29.0009 27.82 29.2327 31.2848 33.7576 32.8238 34.478 35.3237 40.6779 38.6102 42.6833 42.3924 43.8774 48.5183 50.1933 53.9083 51.2319 59.7312 61.6028 66.639 67.9108 67.9676 72.8557 63.1229 64.9447 66.2322 62.7505 63.6952 57.8622 60.5356 55.0115 55.2764 55.5956 53.6951 52.4309 53.7121 53.8058 54.8901 54.0932 50.8496 53.9483 57.8383 57.5831 60.8708 60.9243 60.7061 63.5325 61.6684 65.9563 64.245 65.196 69.7441 62.6924 62.2905 66.1446 59.8143 58.3576 61.0402 60.4581 56.7067 60.2158 55.6447 57.5236 55.9485 53.1776 56.8879 58.8749 60.8421 59.6154 61.5176 63.0972 66.5357 69.536 74.6252 75.1564 81.6117 85.0024 90.2905 88.9764 95.4871 99.9522 101.479 104.258 102.696 98.3903 97.3656 98.9014 101.219 98.6837 96.8381 95.666 104.781 103.374 105.505 112.083 120.973 129.296 139.703 147.534 162.249
159.886 147.01 137.98 125.743 126.416 116.287 114.819 112.272 110.535 107.392 112.136 109.229 108.7 107.27 106.437 105.306 104.649 96.5232 96.1523 93.9881 89.0234 87.9238 80.4706 77.1597 75.9682 71.4762 68.5055 65.4126 62.4609 65.8132 63.0954 57.5388 61.6912 61.5104 59.2931 62.2434 62.62 65.744 66.0361 66.0308 66.4293 67.6113 65.3061 66.9392 65.984 68.166 65.3191 64.2035 63.0054 61.4674 63.1406 59.5358 57.679 53.1267 55.2706 52.4851 50.4223 46.7552 53.6692 46.1909 48.334 49.1894 49.1499 53.7109 52.8211 55.6983 60.3041 56.3541 58.8451 60.7565 64.8164 67.7871 66.6968 64.7978 63.982 61.1826 60.2487 56.149 56.3075 51.6965 48.4602 48.425 42.177 43.3684 42.4289 38.7702 38.1209 38.9125 35.675 34.6321 32.6667 28.5248 33.3402 30.5463 28.1521 26.6868 24.839 24.7622 24.7879 22.9776 23.5637 23.0913 25.9193 25.7687 27.1524 28.8977 27.8699 31.7889 33.718 33.1783 32.8198 31.7805 36.5362 38.6417 40.0997 41.0183 42.5823 46.8045 49.7913 49.3007 51.7798 51.9386 55.0138 58.3819 60.1332 66.4885 65.3396 61.9295 63.2513 61.3232 65.6872 55.5356 58.5869 54.4047 55.9259 52.9408 52.6724 49.5523 45.9486 47.233 47.8751 50.2415 48.9037 48.4709 51.4382 56.2945 55.8591 52.8223 59.6468 58.0957 59.737 62.4747 64.3105 60.9096 63.6133 67.6584 67.6706 63.6834 70.7669 65.2653 62.5833 67.3671 64.7431 63.7632 63.6239 63.2242 60.4647 60.9816 61.5588 59.4636 65.6381 63.5215 64.0913 67.0754 66.2004 74.4135 78.5695 83.7181 87.7057 89.7298 94.528 96.7361 103.935 108.055 110.462 111.972 110.283 113.667 108.391 112.61 106.04 110.93 108.029 115.096 118.423 125.196 128.958 130.757 152.212 155.935
161.221 147.607 141.523 135.814 129.007 130.197 122.205 128.628 122.18 123.307 119.24 121.783 118.593 117.049 109.008 104.381 98.299 88.2503 86.7604 82.4183 81.5528 77.6419 75.6533 78.3435 71.5789 70.8479 68.4836 69.1205 63.9212 69.8857 72.1527 70.0829 68.0917 72.2551 73.3742 69.6491 68.7837 68.2611 68.5221 67.823 61.0462 67.1627 61.4392 57.1518 59.6123 57.745 54.0955 52.6764 50.5288 49.5303 49.5291 49.2059 49.1153 44.5643 43.8283 45.8882 44.2001 49.5283 47.8085 48.419 48.2429 52.4472 50.7888 59.1621 56.8527 61.2639 62.1867 62.4482 60.4806 63.2439 61.5289 59.1177 52.9914 57.7394 46.2676 51.95 46.3418 44.6124 43.6803 40.0277 39.0455 37.8362 35.1414 33.759 33.3636 30.9447 31.3042 30.4447 29.7185 29.8147 29.2765 31.4493 26.4261 26.3461 25.2664 24.7257 23.5078 22.8197 22.3682 20.0055 20.9237 20.7411 21.4392 24.4153 24.691 25.9042 26.9166 26.3651 26.3035 27.47 29.9139 28.2402 29.3602 28.6549 35.0804 35.066 35.118 34.7937 37.5039 38.1118 40.8529 42.3928 44.109 49.0686 51.9814 55.0666 61.8815 61.2951 58.9845 63.9554 64.7178 65.5574 63.5912 63.8737 60.3146 58.9916 60.7653 56.2482 57.6534 51.2733 52.2892 50.1824 49.4928 46.5464 45.5522 45.9825 43.6984 49.1002 49.8152 47.4912 50.4596 52.195 51.8336 53.2525 55.9596 59.1327 60.9116 60.6073 66.5398 63.9591 63.7496 65.9491 67.7979 67.0646 68.4356 69.4149 69.2507 68.6309 67.9428 67.0876 66.5109 69.5175 72.4196 68.6266 66.1718 75.77 73.0319 75.1208 78.9382 82.1882 87.1199 88.3398 94.9109 101.596 101.953 109.373 113.148 118.746 119.694 125.915 123.84 123.461 127.321 124.965 129.297 132.106 133.567 140.236 150.543 162.327
162.254 153.557 147.888 146.2 144.171 140.249 137.159 140.909 135.444 132.146 124.803 119.56 111.339 105.516 100.198 92.0916 88.2649 87.4858 81.197 80.1769 79.7248 79.4167 74.4984 75.531 76.416 76.813 72.2396 74.8971 71.4043 69.6565 74.6531 75.9373 66.0566 67.0311 68.0963 67.2634 62.2406 58.7249 57.4762 61.4999 52.0052 55.0204 50.3716 48.9203 49.6801 46.1448 46.4819 44.6363 40.7345 42.5413 42.2763 41.1282 46.5879 47.3583 46.8572 51.4261 54.8501 52.5724 52.4708 57.1973 60.4223 58.3408 60.0765 60.0848 61.4761 62.3253 60.9096 56.9894 54.2198 51.3231 49.2313 48.071 43.8576 43.259 38.4612 40.5643 37.2902 38.4887 34.5215 33.9492 32.0535 31.2161 32.3091 29.4068 28.6381 29.6108 26.0318 28.9751 27.0642 27.1737 25.2791 25.3078 24.086 24.8646 23.4604 22.4271 20.8934 20.1716 19.9427 19.8656 19.9065 19.1049 19.5538 20.1871 23.3085 24.7389 22.3356 22.758 24.4921 24.1172 24.1257 26.8764 27.4807 27.6921 28.527 28.5539 30.6836 29.6611 30.9674 32.5356 33.1078 36.4167 36.3084 38.0013 39.6691 39.1653 41.5157 42.5181 46.872 47.9263 54.2974 53.9272 56.1567 60.1677 60.8588 63.7798 60.8627 65.2821 57.3506 62.1931 58.8538 55.9684 53.3506 53.2326 49.8431 47.2737 51.5844 43.4706 46.4567 45.319 44.1417 45.5436 44.5111 46.7199 46.8321 49.2469 46.5667 48.9553 50.3151 54.3534 56.7405 57.8476 56.0096 62.5529 61.0399 68.1835 68.1913 68.3681 73.0539 72.9584 74.3212 78.1713 71.4321 74.9791 74.467 75.3757 76.8514 78.1539 76.5096 79.2695 80.2981 80.7581 83.8967 88.0405 94.235 99.7933 110.945 114.187 117.742 118.587 124.651 134.044 138.07 138.744 141.637 144.116 146.635 146.791 153.496 164.189
171.609 167.495 158.984 155.493 152.062 151.112 142.886 131.028 127.779 118.266 113.663 105.613 101.729 97.7776 94.9414 91.1815 91.852 87.7267 81.9644 85.9992 78.9458 83.6663 77.1362 74.4087 70.8415 73.9429 73.5732 73.4967 66.4007 64.6614 62.2192 60.6456 56.7781 54.6227 54.1193 53.3113 53.5344 51.7258 49.4683 45.2659 45.1647 44.5366 42.3494 42.7165 42.3251 42.4561 42.6061 43.2947 43.8961 45.4838 47.5316 48.2737 48.8347 50.2755 52.5461 59.4697 61.4411 61.7935 63.837 59.7059 63.9844 58.2561 56.5899 55.2304 53.4557 52.8151 52.606 45.3418 45.1117 40.5538 37.8103 36.1821 35.3398 30.9933 33.6301 31.0403 28.7065 30.2039 29.0534 28.8568 28.1459 27.2794 29.4757 26.8513 27.2964 26.6795 27.2182 23.9638 24.0207 26.6941 25.8716 23.9414 22.4052 23.295 20.3899 20.1328 20.3772 19.4107 18.9562 18.8395 17.4742 18.7609 19.0176 19.4365 18.6264 20.3173 20.9432 22.2513 21.7153 24.719 22.9239 24.2687 25.4731 24.954 25.5056 25.7927 27.44 29.1566 27.2926 28.592 28.6317 30.7766 28.3137 31.1677 31.0736 34.3088 35.2676 34.7802 36.3917 39.2576 43.1832 44.8253 45.6285 49.9721 48.1692 51.9198 59.6859 57.3754 60.5973 61.2437 61.7346 65.0923 61.1141 60.8149 58.0554 54.9953 52.0929 50.4549 49.106 48.7093 46.2849 45.9877 43.606 43.5487 42.8654 42.1597 41.8158 42.8233 42.3358 43.3799 46.8497 45.5072 46.6618 51.5619 54.1942 55.9151 57.6109 59.4898 60.4816 61.6342 67.4389 65.9142 70.9127 68.9746 72.2529 72.9296 78.9929 77.6435 73.8673 80.7408 82.1414 83.609 90.4118 90.3995 90.21 93.3278 94.8299 98.9325 107.436 116.646 122.839 128.249 137.565 144.549 144.448 156.654 157.474 163.246 163.081 173.866
177.447 171.066 163.314 159.555 149.102 145.498 129.787 128.62 118.909 111.604 111.442 106.602 101.29 94.616 93.5034 90.2217 88.5508 86.4101 82.3053 79.3712 75.9257 74.9907 68.946 68.031 64.9364 65.4285 63.746 60.7396 54.5978 53.7691 52.2742 51.112 51.7196 50.4042 44.8702 44.7407 47.1664 43.1571 42.0372 42.4879 41.6913 41.1056 41.4448 43.166 45.091 46.5703 43.941 52.4414 50.3763 52.3756 55.7637 59.1902 62.6482 63.7177 59.7446 59.6242 56.7322 60.0359 58.9001 59.6673 55.0333 52.8079 48.3659 47.627 42.8128 41.8932 38.5314 37.4556 36.8325 34.2141 34.4739 30.9997 29.2487 31.3238 28.9877 27.2115 26.4857 26.2873 25.7947 25.6209 24.6489 25.8435 25.5101 26.8584 25.2224 23.2779 23.1048 24.9004 22.8602 22.4705 20.9867 21.9935 21.3474 21.7357 21.2435 19.748 19.4291 18.0119 18.6591 17.2608 16.7712 17.7293 18.3604 18.5843 19.1828 19.9671 21.8606 21.1106 23.5597 21.9388 26.0964 22.1671 23.484 25.0092 24.5072 26.5749 25.4277 26.249 26.0682 25.6411 26.1198 26.0476 27.2629 26.655 28.3702 28.5673 29.5477 31.5803 31.4427 33.3338 35.3967 34.2855 38.8293 40.9759 41.0907 41.3747 47.168 49.396 49.6201 53.0803 60.999 58.7776 62.5628 67.8291 58.3843 67.1986 61.4563 60.8576 62.1567 62.5868 53.2181 54.0885 50.8858 47.4213 46.0872 43.7583 43.1593 42.313 42.5109 40.0327 41.6392 43.2668 42.592 44.1833 46.8635 48.2883 47.9964 50.7293 52.6274 55.0052 53.4467 57.9091 57.8559 64.1805 64.921 67.1602 71.6502 68.1272 77.2449 75.906 81.4594 82.8795 83.2425 89.1705 90.9628 94.1358 95.0501 99.1166 96.7583 106.4 112.465 118.753 124.556 132.901 139.416 148.907 152.89 163.618 171.535 175.961
175.856 166.847 156.14 150.762 140.119 135.786 128.726 122.911 113.277 111.222 105.926 101.028 98.2601 93.8496 90.0799 81.2279 82.0349 76.594 74.2453 76.3692 67.7295 68.6264 65.7186 62.8238 58.1284 57.1083 52.95 53.7 52.3025 49.4295 47.2851 48.7405 44.6076 47.2318 42.3904 46.1957 44.2522 44.7115 44.599 46.4828 47.0117 45.3114 49.5451 50.7746 52.178 57.7659 55.8472 57.9371 66.2805 63.6254 63.5964 65.3916 61.5844 59.4784 60.0358 57.538 53.0707 50.1206 51.7656 50.9465 45.361 40.6772 38.3939 38.0639 35.2928 34.375 32.8229 32.5141 31.9615 30.5033 30.5092 29.8995 27.9092 27.4337 26.7908 25.236 28.2496 26.0546 25.1003 24.1963 25.1265 23.1658 22.3069 23.8663 23.3052 23.291 22.5527 23.3027 23.2309 22.0817 22.0903 20.6456 22.2988 20.5627 21.3452 19.1901 18.3775 18.2749 15.6795 17.5134 16.0494 17.4725 17.0683 19.2309 19.1492 19.9357 19.7518 21.5442 21.8295 21.3933 20.4622 22.3522 22.8439 22.9767 22.7313 23.4867 23.3645 21.9986 25.5124 24.8048 24.49 25.1106 25.8361 25.6536 26.3016 26.6363 28.5138 29.8832 27.9307 28.6297 31.1943 33.1204 32.8616 34.4591 34.1429 36.2522 38.3433 41.0635 42.9534 45.4948 50.4322 51.0692 51.3127 54.0334 54.9496 56.0512 62.3762 68.0241 62.2383 66.4893 60.3793 56.3926 58.3153 57.5134 56.1015 53.6867 54.0812 47.2684 44.767 43.9528 45.0295 47.6446 43.317 43.8081 44.8498 45.8555 46.2558 45.4162 45.274 47.5157 47.8981 50.0354 48.4737 54.946 60.2852 61.9928 58.8061 60.5855 66.3792 71.5099 70.6915 74.502 75.9114 83.9354 84.4231 83.19 94.0864 101.173 100.264 105.316 107.69 113.478 122.864 130.498 138.131 140.841 152.271 157.208 166.204 174.397
178.162 173.198 169.092 161.391 152.742 141.497 135.979 127.363 120.324 112.908 105.93 101.126 97.7365 89.9518 88.9929 80.9799 76.0531 76.4255 69.8579 70.9096 65.0951 62.0366 59.2766 53.9823 53.5832 52.7588 52.3284 49.6623 48.8133 47.9703 50.248 46.8187 44.8079 46.9059 45.5475 49.3013 50.4781 48.1127 51.4964 56.3147 54.4386 60.5496 59.1134 61.4968 64.7326 66.5282 63.6675 69.9986 68.7161 62.5177 62.1485 58.1307 59.3248 57.1205 51.3186 48.7101 42.5214 42.4483 40.1926 38.6429 37.1042 37.0804 34.1957 35.2983 32.1448 32.0988 32.2067 30.6268 29.4356 29.6371 29.974 28.6241 28.4128 26.751 27.2949 24.9498 25.1579 25.0152 25.115 24.1053 24.162 24.0394 23.1699 21.6218 21.9265 20.8638 21.3134 21.3839 20.2222 19.8963 21.0109 21.3109 20.4347 20.7467 20.085 18.6622 17.5687 19.0159 18.3331 15.6533 16.9321 16.9889 18.1623 18.16 20.3826 19.1933 19.7609 21.4834 21.2327 21.5711 20.1691 23.318 19.8522 21.8564 22.987 23.1168 22.8176 23.5329 22.5796 25.6569 23.1304 24.925 25.4406 24.4133 28.6433 25.6865 29.1735 26.3051 28.0746 28.4769 29.1485 30.0816 30.67 31.1513 31.5532 32.1397 32.5743 33.7504 38.1885 39.5703 37.4847 43.1997 43.6161 47.9562 48.0314 50.8957 54.3787 53.0848 60.2834 57.1459 65.0712 63.4869 66.2042 68.3222 64.3864 66.4794 62.058 57.7852 56.5309 55.0294 52.3894 53.9899 51.3714 48.5784 46.3137 43.6877 46.4325 45.5709 44.2684 47.5051 47.6724 49.3606 50.9705 51.8433 55.8229 55.4216 58.3344 57.1614 64.6831 66.4971 66.9163 67.9445 72.3696 77.7595 78.9244 85.8568 91.4959 97.7702 101.184 106.175 114.624 120.498 130 139.901 145.652 154.628 159.591 168.256 173.324 181.661
183.906 179.479 177.737 170.983 160.158 157.291 146.761 137.038 127.921 121.317 113.974 107.517 98.9143 91.0951 91.4665 80.0901 77.2285 73.6518 71.5277 69.299 63.0602 62.7989 61.058 58.4394 55.9988 53.7512 51.2162 48.9874 51.723 50.736 51.1108 50.7856 50.2824 52.538 55.5829 57.8701 56.516 60.8095 59.2284 62.8503 70.3313 67.2276 64.8928 68.6874 66.3703 61.7034 65.7022 63.289 58.0067 54.0369 54.6766 49.0401 48.0807 44.5147 42.0533 41.2223 38.2608 36.2217 33.5436 34.6282 33.7202 30.6457 32.3947 29.3673 30.984 29.8209 28.1447 28.6615 28.0975 27.7111 25.7948 26.2163 27.1888 25.3543 25.1854 25.8598 24.7317 25.6837 25.3297 24.7243 22.8454 22.7203 24.0923 23.0388 21.3168 21.6467 22.0638 21.4166 20.36 18.9305 18.8201 19.4735 20.1097 19.2726 18.4425 17.2055 17.804 15.4834 18.1656 16.871 16.6995 16.4782 16.8304 16.5984 18.504 18.9106 19.2843 20.5691 19.5885 21.2977 18.1271 21.938 20.4584 21.2533 20.8999 22.1346 20.1633 22.8642 24.3273 24.9614 24.4855 22.5847 24.6263 23.7398 24.682 24.926 27.8317 25.9214 25.744 28.5083 26.1292 26.5264 27.186 28.4195 28.324 29.6879 30.4311 29.6403 32.4709 33.3306 35.3513 34.0833 36.8376 37.4905 40.0639 41.3007 43.4312 48.6088 46.6951 50.6538 55.9871 56.5383 58.9174 61.9894 66.1711 67.0697 69.583 63.816 65.2564 66.6557 64.5333 59.0617 59.1568 62.7436 53.6616 52.2912 52.359 53.1155 51.0106 49.8388 49.6 52.7347 53.399 54.1065 54.306 51.6046 57.7635 57.7293 58.9222 66.0386 65.706 68.8855 72.5062 72.2689 83.3974 84.3682 93.8772 97.8623 104.792 113.372 123.049 129.15 137.262 149.914 156.603 161.667 170.68 175.827 182.649 184.07
174.367 169.074 167.235 164.251 161.63 157.1 150.384 145.706 134.126 131.881 121.257 116.604 111.692 102.071 93.7862 90.0221 83.3024 78.9658 77.003 70.2893 69.0077 66.4631 63.5533 62.8574 61.3287 60.6349 56.4168 55.0023 57.7312 60.8765 58.8459 57.0455 63.3412 63.3957 67.5732 65.7016 72.7197 74.2102 73.2269 69.0409 71.0298 71.2314 64.2916 63.2243 61.7739 56.8351 56.5998 51.3367 48.6176 42.6691 43.7921 41.8911 39.8578 36.996 35.6245 34.3855 33.5028 33.0147 31.3821 31.1419 28.8336 30.428 27.6642 29.0656 28.3477 28.445 26.9731 25.6837 25.8183 26.3783 24.4673 24.1171 25.1458 24.3694 23.9844 23.9772 24.3185 23.5639 23.8649 22.5624 24.0171 22.5099 21.5209 21.6497 22.6716 20.2426 18.839 20.4621 21.7493 19.6857 19.4181 20.6179 17.6938 17.1617 18.2419 18.1262 17.3599 15.5954 16.2385 16.8209 17.0222 16.5119 17.3681 16.5101 17.7088 19.0395 19.013 20.2592 18.2605 19.4746 20.2418 19.4787 20.8668 20.4478 20.3669 22.2648 21.0881 22.9515 22.6758 22.8467 25.277 23.821 21.6744 23.7157 24.8685 25.1801 24.4853 24.6546 27.0755 25.971 25.1118 27.3404 27.2028 27.0511 27.7327 27.7209 28.3193 28.674 30.4754 31.3281 30.271 33.0793 32.1675 33.3807 34.3157 35.0866 38.1584 39.9846 40.8014 41.1026 44.7137 48.0918 48.0795 53.5743 59.1742 64.348 65.5543 67.6295 68.4791 69.5023 71.4007 76.0963 66.116 65.6281 68.1328 67.1104 61.893 53.7738 61.0403 59.2516 60.2279 53.5824 56.3085 58.2096 57.041 58.0608 58.8732 65.0238 65.833 68.6144 69.1252 74.26 82.3194 83.5448 89.4873 95.333 99.4758 105.136 116.944 125.989 130.122 139.085 143.998 152.779 156.183 161.918 161.925 169.616 170.649 175.547
157.846 155.123 153.452 148.09 142.806 146.075 137.881 142.044 138.942 134.52 132.002 123.143 119.03 117.106 109.001 97.7219 92.0273 88.1449 81.8994 77.9955 74.9304 74.2302 74.2133 72.0219 68.393 67.331 64.895 69.8955 70.6711 70.0298 68.6357 75.1323 71.7132 75.6896 80.6662 77.7469 71.2671 73.1894 78.1425 67.9688 65.4361 62.1631 60.5312 56.3095 49.5932 48.6798 46.8408 46.8549 44.5114 42.2882 41.4116 38.3965 36.1751 34.8506 33.6395 33.5664 32.2141 31.8137 31.6261 28.7411 28.8638 28.1937 29.9055 28.6701 26.942 25.9629 26.9324 26.9418 24.1813 23.7372 23.3916 23.5999 24.1093 24.5251 23.8173 22.6406 22.1272 22.8353 23.0936 21.9095 21.9762 20.9073 20.9892 20.7089 20.6917 21.3338 19.6546 20.6622 18.926 17.5152 19.1332 19.5001 19.2684 18.7566 17.9721 16.5304 16.8435 15.8141 15.9233 15.1475 14.8724 15.4642 15.8979 16.3294 17.131 18.7212 16.5913 17.7237 18.077 18.6717 19.2911 18.8726 20.1031 20.516 19.9287 21.362 20.0633 22.4018 20.6526 21.3863 21.2889 19.6203 21.4617 22.9623 22.9801 23.4354 23.882 26.4601 24.8921 25.3375 24.7908 25.376 26.2719 26.2078 27.2002 26.7526 27.8986 28.0832 28.1167 28.2927 30.0659 30.4609 29.8894 32.499 32.355 34.3101 33.9243 36.1402 38.5668 40.9748 41.3386 41.2284 44.8529 45.5599 50.6279 52.413 55.987 60.0338 60.8645 65.0304 69.0045 70.7124 74.9114 77.2387 76.3332 74.828 75.0629 71.6885 77.661 71.9512 69.0183 72.0515 67.7348 69.4408 66.9037 67.8665 69.1906 68.6037 74.2471 73.8508 79.9921 81.7916 85.0552 91.6672 99.5218 109.005 109.432 119.611 125.278 132.214 133.747 137.447 136.616 142.988 142.602 146.133 145.388 151.269 161.13 163.842
157.325 148.745 138.899 139.522 130.692 126.325 126.499 126.197 125.248 125.673 127.316 126.302 124.408 123.308 116.544 115.685 107.327 103.361 100.235 93.6445 87.0813 86.981 83.8999 82.3462 79.1029 84.9046 85.5335 83.6001 80.0143 84.0786 85.4234 87.3639 86.751 83.6234 81.4026 75.5776 75.2182 66.423 62.3568 60.093 56.8115 52.8855 51.6601 50.0598 46.4392 45.393 43.4161 38.5956 39.0232 37.5247 36.2932 37.1045 34.0731 35.3984 32.5708 31.4407 32.243 30.6879 30.4963 29.4603 26.919 27.7806 27.2023 26.6235 27.5839 26.1596 26.6106 24.7728 24.0909 26.5189 24.6506 23.6997 26.2005 23.4068 24.3378 23.4816 22.1135 21.8708 21.3291 20.0731 20.7173 20.9702 19.8859 20.7223 21.6854 19.0218 19.8181 19.3479 19.2957 18.6088 20.327 17.5058 18.2325 17.5449 17.5388 15.787 15.9177 15.2398 16.2001 15.1723 14.9589 15.4611 15.2873 15.7674 15.0239 17.3572 17.1902 18.4506 17.4984 19.4375 17.9088 19.6387 19.728 20.3022 19.9982 19.124 20.7045 21.0271 19.7653 20.2941 22.3657 21.7868 22.8339 22.4472 24.1277 23.0919 25.4886 24.3275 24.3505 24.9132 25.1345 24.7421 24.8589 27.1477 26.9427 26.8842 27.7121 29.0508 28.7722 28.8951 28.4048 31.0589 29.9708 32.073 32.213 32.2475 32.932 34.1956 34.9449 33.2974 39.325 41.1515 39.792 42.7938 43.4993 48.0269 50.0698 51.1391 54.0008 58.9973 65.0465 64.1997 73.8205 71.1255 77.2054 80.6562 81.6142 78.6445 84.1669 88.1534 80.7287 86.1412 85.5402 81.5028 79.2418 81.1679 78.5231 82.6197 82.9994 89.386 91.7673 93.8039 105.391 109.207 116.89 114.36 123.873 123.184 126.337 123.622 123.638 126.005 126.678 125.538 127.833 132.068 136.79 141.252 148.431 162.113
159.341 148.396 139.185 129.224 121.877 121.017 109.686 109.791 110.444 112.443 108.47 115.077 115.24 117.215 115.104 117.109 118.095 120.602 118.673 111.973 105.797 111.361 109.561 103.653 100.221 103.977 98.2293 98.7464 96.6242 95.6938 93.9246 88.4463 83.4732 79.858 76.0487 70.2672 64.5828 63.9899 56.9215 54.2475 53.271 48.8475 50.0538 46.3214 42.1729 42.5539 40.9308 38.4693 37.1639 34.6356 35.3346 33.6732 32.8498 32.8947 32.6339 31.8926 30.4004 30.7651 30.1663 30.8151 29.364 28.8835 27.8052 26.7005 25.8141 24.4178 26.1246 25.8963 24.1133 24.4503 24.0484 23.9725 25.0158 22.5993 23.5356 22.3248 22.501 22.1105 20.6152 21.2898 19.8986 20.6451 20.9161 20.9735 20.9525 18.9952 20.6213 21.1032 18.2976 17.5751 18.3215 18.8831 17.3714 17.577 17.212 16.0959 16.9824 15.5953 14.6157 15.2159 14.0492 15.4531 16.0122 15.1236 15.5451 18.7392 17.107 18.3872 18.331 18.7426 18.7212 20.5595 19.2282 19.1525 20.0164 20.4842 20.2549 21.234 20.9476 21.6177 23.3885 21.8449 21.3398 20.1998 21.6969 22.1193 21.2373 24.4833 23.1942 26.7224 25.9451 24.4177 25.1487 28.3901 27.1599 25.8643 27.6515 27.7966 28.7651 27.4322 28.8354 29.4341 29.1576 31.2365 33.11 32.0911 34.8415 35.9081 35.2996 35.7925 35.7408 37.9427 39.5849 40.0961 45.2438 45.7284 46.0645 48.5476 51.4127 52.3586 55.0821 60.5016 61.4913 64.3811 72.2861 77.8346 81.2442 82.3058 88.9527 90.987 93.9119 97.9604 102.01 100.568 103.648 103.319 105.859 106.323 105.555 108.308 110.895 120.838 117.644 120.86 120.024 122.367 118.25 116.641 112.531 112.323 107.947 110.104 109.865 110.773 118.655 119.087 131.049 140.738 148.036 159.164
158.276 145.505 131.892 129.692 117.63 108.914 105.459 98.9923 98.0043 101.927 99.8258 100.329 100.059 105.047 110.621 110.172 119.948 121.022 126.111 127.316 130.873 131.376 130.14 130.911 123.37 119.815 118.23 109.938 105.988 101.138 93.3714 88.254 83.0619 79.6933 72.7428 66.4051 61.8261 62.4385 57.6284 54.7909 51.274 48.8818 47.4158 45.8162 43.3779 40.0944 41.6376 38.5732 39.4881 37.7206 36.5612 33.4435 35.1736 31.6687 32.9666 32.1883 31.1826 29.2474 31.0662 28.8814 26.639 26.8609 26.922 26.6477 27.2499 25.8625 24.7232 24.5494 25.0301 25.2801 22.6741 22.7356 23.5954 24.198 24.0462 21.9919 19.899 22.0398 22.2308 21.9405 21.5896 22.0385 20.5904 21.4172 19.4355 19.5537 19.7749 19.7821 19.059 19.6466 18.3961 18.697 19.1013 16.8822 18.4255 14.954 15.8483 14.6049 14.6984 13.6759 14.9515 15.8725 15.8007 15.8796 16.2771 17.3784 15.5893 18.9924 18.365 18.0315 18.5289 19.5731 19.3193 21.4454 21.4312 22.7129 21.6533 22.404 21.492 20.6828 21.1015 22.3333 22.6036 21.6198 23.6693 21.7362 22.5056 23.0012 24.1057 21.9482 25.9402 24.4782 25.9614 24.9675 25.3464 25.7886 27.872 26.716 28.7075 27.7513 29.2471 30.1093 30.2263 30.7568 31.6183 31.2659 32.0956 35.0181 34.397 36.4478 37.1257 37.517 38.1703 38.9733 43.0766 44.0841 43.6077 47.6823 48.9413 51.2088 55.886 56.0873 59.1314 65.4447 67.9654 71.0386 76.2984 82.3921 87.5738 92.0386 100.857 106.154 112.966 117.058 123.185 127.001 126.018 130.737 130.764 127.617 126.173 126.483 122.938 120.008 114.774 106.334 106.401 103.733 101.135 95.873 101.511 98.1693 99.1823 105.538 113.617 120.022 127.299 131.336 146.928 157.796
157.2 143.001 134.546 125.34 117.832 111.186 102.143 99.1575 96.0022 98.7021 93.5498 97.5963 98.9731 100.487 106.166 111.006 119.378 121.244 127.735 133.51 131.64 136.234 136.927 134.568 139.061 125.195 119.485 117.189 111.175 102.117 98.683 91.6656 86.8118 77.557 77.3119 71.5277 64.8715 65.2819 56.4604 57.5844 53.7108 52.4707 51.7587 44.5858 49.2772 41.9623 40.905 41.1734 40.9122 34.9162 36.9395 35.0855 33.7574 33.9529 30.7878 32.7021 31.8821 30.0392 30.0197 27.3236 27.438 28.2342 26.2713 25.8075 26.2124 25.7498 23.8561 24.7099 24.768 22.4011 22.5497 23.4221 22.8301 22.1099 22.2052 22.7973 23.0557 23.0097 21.9052 21.8677 21.0446 20.0502 21.8635 20.6735 21.4696 20.2519 21.2785 18.6324 20.3328 19.3777 19.041 18.3654 19.39 17.5397 17.524 16.307 16.346 15.5633 16.3141 16.053 14.6534 15.9076 14.8375 16.2069 17.3613 17.4127 18.4196 18.7945 19.7794 20.2216 18.6961 20.6645 19.739 20.6947 19.9266 22.2645 20.8843 22.722 23.1607 21.5416 21.6829 22.3593 22.1342 22.5183 23.8542 22.408 23.4133 22.7672 23.592 23.6729 22.6503 24.3016 23.6995 25.2445 26.1775 25.0658 26.0085 26.756 28.1975 26.249 29.76 28.5564 28.4391 32.2626 32.8771 32.8309 32.8414 32.5358 32.4653 37.0633 37.6703 40.2468 39.1673 42.5327 44.1856 43.5922 48.3086 51.2296 53.4266 54.4406 57.1263 61.175 60.2128 67.3398 73.1526 71.7919 78.4682 89.992 91.5419 95.9827 103.977 113.339 116.389 118.831 127.04 129.696 133.635 140.86 138.362 139.119 132.292 129.28 122.596 116.782 106.433 107.973 99.7224 94.6396 93.7462 95.8943 95.9129 99.7535 97.4656 104.673 109.924 114.47 123.924 133.3 143.834 158.207
155.408 143.295 129.731 118.94 115.004 105.691 103.003 97.4453 91.5396 93.2413 94.4367 94.7491 99.6425 101.179 108.026 110.633 114.631 121.587 121.688 127.771 126.833 124.622 125.7 125.293 123.526 121.51 112.328 114.505 107.17 98.6594 96.5208 90.926 89.7529 88.3586 83.5833 79.7071 76.9282 74.681 70.358 64.5708 60.598 59.3821 54.5711 53.5297 53.103 48.7326 46.4148 41.649 41.8321 41.5846 37.8025 36.6895 35.3478 35.2674 32.4032 32.6125 32.2379 31.2102 28.571 29.9991 28.4701 28.4513 27.4819 25.3718 27.2583 25.8922 24.0392 24.694 24.4336 24.3439 25.4667 22.4201 22.1496 22.307 22.8762 23.9101 23.0403 23.0969 22.3473 22.1047 23.8347 23.8946 22.6131 21.8298 20.2323 23.8636 20.4844 21.534 19.4394 19.5022 21.5667 18.5388 19.9742 18.5896 17.3428 17.5919 17.9352 16.0305 15.7984 15.1386 16.0908 15.8409 16.1541 16.7708 17.0457 17.1262 17.9035 19.1225 20.2397 18.7029 20.478 20.8305 21.6864 21.0666 21.4517 21.9138 21.1618 22.0187 23.404 23.0062 22.8608 22.3112 22.8605 23.1932 22.1906 23.0744 23.2906 23.5833 24.0456 25.253 25.4508 23.7922 25.4693 26.1656 26.6997 25.5881 24.9802 26.9156 27.4434 28.2725 30.4738 29.0333 31.1313 32.296 32.6831 33.7589 34.0143 36.563 35.6598 37.5986 40.3035 40.2335 44.6051 49.105 48.2753 51.4745 52.9528 51.7039 57.5825 58.2863 62.2644 68.6603 73.2326 76.1299 76.6625 83.0823 87.4742 92.4043 95.7991 98.1271 101.779 106.612 111.579 115.812 123.074 122.642 124.676 122.536 128.381 128.831 126.145 121.997 121.257 118.685 107.563 110.876 96.8947 99.7877 100.177 96.7509 95.1886 95.0561 98.0616 101.682 107.722 113.291 123.133 128.886 142.994 154.866
152.321 144.437 130.942 123.078 115.681 108.17 107.592 97.7079 102.735 99.4597 98.6062 97.8623 105.596 106.519 106.313 109.431 107.124 104.355 109.886 109.933 110.884 113.261 110.372 110.168 108.142 106.597 104.071 100.478 103.973 97.0031 98.4643 92.9407 87.0816 89.3463 85.9663 80.163 78.9489 77.1301 76.7435 72.4458 71.0824 67.1256 62.4749 59.77 59.9543 56.106 56.5245 50.8227 47.858 46.7783 45.0489 44.637 39.1414 40.3987 36.6096 37.8922 33.4341 33.7996 31.479 32.4978 32.4113 28.4088 27.8626 27.904 27.6289 26.9329 26.9063 27.1181 27.2705 24.1734 26.0054 26.2797 26.2043 24.5355 26.9996 22.3681 24.0535 23.0946 23.6125 23.8201 23.8635 21.209 21.8528 22.9939 20.9313 22.1672 21.614 21.8948 20.2595 20.0143 21.4604 19.8685 18.8523 18.613 19.8725 17.4122 16.8736 16.8751 15.8154 16.6839 15.8956 16.7668 16.6926 17.4945 16.438 17.5518 21.7222 20.5948 19.2085 20.415 21.0767 21.0345 22.0202 21.9133 20.7791 20.1783 21.9073 23.1186 22.1909 21.2345 24.3453 22.3185 24.2499 23.1109 24.0227 25.6531 25.1239 25.3446 27.1813 25.8412 25.7176 27.2107 28.0694 26.9512 26.8931 26.1573 27.912 28.6494 29.3805 32.4619 32.357 32.4197 34.241 34.418 36.3339 36.876 41.0331 40.4299 43.6348 45.0249 48.563 48.9357 52.0625 55.0176 52.6602 54.8678 63.9851 61.7558 70.1643 70.1555 72.0841 71.4589 72.3184 78.6471 81.8112 84.4225 89.6623 91.6389 92.6318 93.5561 98.1732 102.951 101.831 110.547 110.553 111.922 108.112 110.478 107.365 105.321 109.782 108.2 109.009 108.996 108.589 105.663 109.505 103.404 99.8951 99.3727 95.6654 103.4 105.454 109.05 109.196 113.421 122.844 132.365 143.674 153.699
154.075 145.875 130.654 125.02 119.207 114.037 112.107 111.532 104.352 107.689 110.095 108.407 105.643 109.017 103.775 99.7129 99.4331 94.6917 91.3654 94.1599 86.174 87.4508 88.8801 90.6291 89.6691 93.6922 92.4809 88.5121 96.0739 93.6732 92.5177 89.3547 88.0668 86.2703 82.1184 78.489 77.2573 76.9485 73.2634 70.1768 70.1407 68.7572 69.1666 68.681 62.2533 58.4308 61.5738 62.2276 58.8415 52.2335 51.263 50.8861 48.5624 47.0036 44.4504 40.8793 40.9199 39.5946 39.3134 36.3311 32.179 32.2642 31.8443 30.2796 32.5487 28.8087 29.338 29.3845 27.6291 27.5981 26.8379 26.6625 27.0151 25.3613 25.687 26.1369 25.9003 23.0036 22.3164 23.487 21.5057 24.218 21.8894 22.2527 21.1356 21.7501 22.426 24.2891 22.2787 21.3457 21.1632 21.6435 20.5743 18.876 19.4763 17.0125 18.1404 17.0422 16.5781 15.9614 15.7225 16.1925 16.1824 17.2829 17.9816 19.4179 19.0869 20.7413 20.4831 21.9346 20.5869 21.0731 21.6047 20.8912 21.0859 21.8673 20.9953 22.168 21.5424 24.8281 21.6353 24.935 23.9681 23.0871 24.0078 26.9839 26.4918 25.0706 26.3398 26.0457 26.7725 27.8127 28.858 27.804 29.9497 31.2926 31.0849 30.6007 33.0533 36.1396 35.9475 38.7594 37.5127 41.1326 41.4934 46.474 47.4092 48.7577 51.5995 51.811 53.5304 55.174 58.9706 64.7547 68.9054 68.9283 67.629 72.243 70.6263 75.5528 68.2967 74.3583 77.5313 81.9267 79.6097 78.0886 84.003 85.8345 89.0076 90.8453 92.0801 95.1608 92.3984 92.7621 91.2916 87.4485 86.9127 90.6876 91.1793 90.3737 92.6723 93.0917 96.7087 93.843 105.806 108.147 107.989 107.854 110.993 109.117 109.032 107.455 107.348 115.502 111.808 117.935 124.003 131.952 142.042 153.034
157.316 146.723 137.893 132.932 125.512 124.302 120.774 115.783 117.8 117.813 115.091 111.483 102.969 100.93 90.8406 90.6912 90.5421 79.5297 81.0115 75.8466 71.3237 71.2831 70.9009 74.8087 76.0779 72.6872 79.7423 78.9835 83.5893 83.2034 86.2864 85.3514 82.1414 87.6079 81.2079 82.5057 82.7169 77.4538 69.7022 67.9715 72.1558 70.3777 70.497 65.7854 67.9776 65.6918 67.8836 68.7889 65.0093 64.1595 61.2753 59.8508 59.0953 55.4042 54.2801 52.6323 53.072 50.334 47.2787 41.7542 42.2365 39.1586 42.3659 37.1807 34.5734 34.9287 33.8138 30.7764 32.3842 31.477 27.1211 28.3382 27.4929 28.482 25.4895 25.1659 25.7312 26.1149 24.1208 23.0515 22.9471 23.9074 22.4791 22.4055 24.1609 22.9985 22.2326 23.8709 24.0629 22.8441 21.8913 19.7672 23.0032 19.116 20.129 17.9455 17.702 17.6964 17.4128 16.0718 16.1941 16.5735 17.3355 18.5358 17.6542 20.6159 19.4271 21.495 21.9554 22.0782 22.1204 21.6787 20.5779 22.2206 22.884 22.4765 21.9093 22.9655 22.2599 22.6714 24.9244 23.5187 25.4611 24.6764 25.1851 26.3025 29.1535 27.9765 30.1205 29.4834 29.6686 29.9778 32.3694 32.7288 33.2996 34.4882 36.9225 39.5388 41.9498 44.5615 44.7333 46.2853 45.6426 52.7195 51.9417 52.7727 59.744 57.8684 59.7961 61.4052 64.6121 59.914 67.8439 67.0121 70.7971 70.3698 68.4093 70.4192 69.9614 72.5015 69.0435 74.0755 76.3029 74.266 80.3915 83.6954 82.8637 86.2306 85.4483 89.0276 84.6302 85.4065 81.336 77.7119 70.8217 75.0626 74.6237 72.9595 73.3834 75.5483 80.0528 78.5706 80.2474 89.986 90.3473 97.8189 96.7053 106.423 105.881 108.382 113.242 117.567 118.256 124.338 121.339 127.296 134.533 136.863 143.231 156.988
163.467 154.914 146.741 139.587 132.093 133.701 123.432 120.916 113.633 110.794 104.004 100.034 96.4416 83.7111 83.8343 79.6707 77.4605 72.1121 73.6272 67.6933 66.877 63.2506 66.7575 65.3598 65.9717 65.7244 66.0723 70.3458 71.1904 75.0032 73.3047 82.5659 82.341 84.3628 85.8835 81.89 75.7476 78.3184 76.9518 70.7885 68.7345 71.2138 66.8271 66.2159 66.7631 68.1456 65.987 63.6813 64.3971 65.7754 67.4032 66.1102 69.5029 64.6697 62.7249 62.3667 62.0453 56.3559 55.378 52.3997 49.551 45.0324 47.0595 48.0441 44.6985 44.2986 35.6816 37.2166 36.7483 35.3527 31.294 31.0499 31.0917 30.3351 28.7378 27.068 26.7371 24.8846 25.0562 24.4553 24.179 24.3151 25.7533 23.164 22.1735 25.6351 25.0986 23.3166 23.7738 21.0719 22.3062 20.9261 20.5177 21.0834 20.3591 20.3436 18.2074 17.7676 17.6265 16.4711 16.4105 16.9555 17.0035 18.2312 18.7743 21.6025 20.7191 22.2475 22.4259 22.2576 23.4542 23.3788 24.8013 22.727 23.5931 22.9179 24.1838 23.6498 25.3283 25.4636 25.7212 26.1516 25.5049 26.1643 29.0772 28.1992 29.0901 30.6753 31.1326 32.1452 34.4685 37.8112 38.9755 39.0967 41.5364 42.3555 44.7737 48.3018 46.6196 54.9196 54.9177 57.0214 61.7478 62.7713 59.8875 64.8438 62.3926 64.0579 62.3257 63.5908 64.1639 68.6041 67.1789 68.4709 68.3917 66.7428 67.572 67.7457 70.9422 70.7677 68.466 74.3547 78.3455 78.374 82.8253 83.5174 83.9411 82.8602 79.7542 75.8678 72.0583 72.1506 68.3259 67.006 62.4771 64.5471 67.6816 63.7115 64.0498 67.6606 69.5527 66.8573 70.1905 76.4128 79.6564 79.7139 86.2413 91.4397 99.7481 99.5565 109.043 119.448 117.387 125.499 131.6 136.393 140.944 149.626 150.132 164.313
171.625 161.367 152.434 142.501 134.063 126.724 116.279 110.551 106.104 99.8401 94.6395 88.0856 83.8557 82.5871 77.793 76.7441 72.3692 71.5764 69.6727 67.9245 64.1011 62.2799 63.3494 58.6053 57.2078 58.6839 61.6193 61.409 63.3046 63.6116 67.8458 73.0772 73.1315 71.8489 82.0687 79.2902 82.061 85.011 78.2065 74.3475 79.0557 71.2078 67.4145 64.6355 65.2851 63.5323 60.7301 63.2012 60.3551 61.9084 59.4659 64.8244 63.2274 67.272 68.4266 64.8739 63.9105 63.3673 63.0313 57.0494 58.3852 60.1264 60.4781 52.0336 52.6778 48.4698 49.4813 43.3361 42.7177 41.4965 38.41 37.4306 35.1229 31.0769 31.0104 30.8257 29.2994 28.3565 28.7329 27.627 29.019 26.865 26.3364 27.6718 27.7251 25.5036 26.1071 25.6031 23.758 23.3907 23.2334 22.2342 21.0041 20.7867 21.1085 19.332 18.6587 18.7592 17.1684 16.4815 16.7297 17.6849 18.2023 18.8154 20.3124 20.7925 21.665 22.2661 21.7528 25.1769 24.7756 24.3152 25.5565 24.4071 25.3585 25.7007 26.4192 27.9174 27.5766 28.9802 27.6085 29.6081 30.5849 29.2621 31.5761 33.3137 34.5815 35.7764 38.9203 41.1955 40.6766 41.6763 48.32 48.8694 52.7661 53.6764 57.1315 57.6296 61.8906 58.8858 60.781 62.1776 62.0916 61.9536 64.9805 65.6535 61.6969 63.5913 66.3541 60.1705 63.9624 60.237 62.0103 59.8574 61.6415 65.2111 64.6351 72.4723 72.3856 75.872 75.179 79.7478 83.9624 80.9562 80.1387 75.3415 75.1551 71.408 71.4468 63.7937 64.2401 62.7562 61.4609 64.1804 60.5758 57.8068 63.3841 61.5969 64.585 60.7686 67.9737 66.7763 70.7985 68.447 74.9972 73.888 80.2315 85.1492 87.6713 92.0971 99.5226 108.993 113.043 121.007 125.166 134.166 139.137 154.091 161.925 167.368
168.559 159.838 146.2 142.05 132.188 120.998 117.412 109.523 99.7188 103.28 93.4529 90.8036 86.7114 82.4649 78.078 73.2485 72.1082 69.0697 68.2495 63.1342 64.042 62.465 61.7206 59.7632 61.0245 56.779 53.8017 60.7139 57.1456 59.6594 61.3655 61.5704 61.2809 64.2896 64.6984 68.0524 74.5527 75.6964 77.5628 83.0022 80.6581 77.523 76.793 69.9311 68.4763 64.3 63.8971 58.7577 56.6944 58.3357 60.6814 57.4966 56.262 58.637 55.973 59.4814 64.3325 60.3503 65.1108 64.2696 61.9736 60.3919 64.7988 61.8354 61.9467 59.0912 52.2156 52.2535 58.1683 47.6156 46.9929 44.6773 42.6362 40.5912 39.7259 39.2335 38.8037 35.4598 34.4771 33.4136 30.5327 30.725 28.6924 27.328 29.4385 27.7362 27.6755 24.6058 26.3081 24.7894 23.6245 23.6418 22.0951 24.0252 21.9184 21.1633 19.7039 18.0941 18.7266 18.0981 18.1478 17.5046 18.1951 20.7515 20.0908 20.9305 21.7932 22.1712 24.2983 23.9619 24.05 24.59 26.8657 26.5733 26.822 29.4158 29.2191 28.605 29.6303 32.1495 32.9427 31.4195 35.4365 34.8927 38.2823 40.6958 39.7655 39.6058 44.2266 46.0744 49.784 52.0666 56.3244 55.2864 55.6305 61.763 58.7754 58.5588 66.2109 66.2113 61.5894 62.3884 64.0893 59.1563 58.587 55.4028 60.3238 59.006 54.846 53.0698 55.1473 59.043 62.0115 60.1433 63.3706 65.0598 72.5738 75.8787 76.0018 82.3449 81.5196 81.3403 76.7301 70.8915 71.9575 72.934 64.6822 64.4079 61.2271 58.3681 58.7502 56.1388 56.3629 58.3409 58.4235 61.2801 58.529 60.4422 60.6777 61.1068 64.0012 64.731 66.8375 70.5719 76.6209 80.3411 84.154 85.5519 86.2475 95.1223 95.7424 103.33 107.668 115.407 126.276 128.235 142.253 150.632 161.55 168.124
165.569 155.774 148.741 138.819 127.249 119.712 118.483 114.849 103.378 101.456 93.2133 87.1597 83.0426 78.7999 76.4538 74.0256 71.6109 68.2032 68.191 63.2963 60.9642 60.4732 60.0992 55.464 54.5184 57.7933 56.4704 53.6245 57.2377 55.7842 54.0744 52.3804 57.9416 56.457 59.0673 63.2038 62.943 70.4112 68.8752 71.2962 75.0287 79.3525 72.8598 74.9293 75.5917 69.0949 65.8574 59.7094 65.1574 57.9891 52.038 57.8274 51.6297 52.8787 52.429 54.4929 51.7744 56.4402 58.8841 55.254 55.7611 63.2772 56.9131 59.9387 59.2102 59.8159 59.6267 64.367 60.0279 58.7765 54.9699 55.2775 52.1418 52.6536 47.19 46.16 43.63 41.4801 42.7863 39.4115 39.5131 37.4758 32.8399 32.9947 32.551 31.0438 29.2784 28.6088 27.1556 26.9136 28.7054 24.86 23.247 23.0012 24.633 20.9284 21.1181 20.2607 20.4184 18.5024 18.2478 19.3334 21.4816 20.5085 21.5554 24.9751 24.5017 23.1785 26.252 27.899 27.2913 28.4048 30.4036 31.4 31.4113 32.6007 34.2508 34.1672 34.1101 37.4288 39.9627 43.8925 44.762 45.5959 46.3876 47.253 50.626 52.7872 50.9076 56.6726 58.5319 59.6823 59.3828 55.7952 63.3843 64.2559 61.6627 61.4574 63.238 59.1791 57.5343 54.9867 53.0887 53.4072 51.0358 51.0496 53.9697 50.186 56.3837 53.1531 56.4156 56.8784 61.3972 64.2098 73.9623 68.7706 75.9308 77.3714 74.7227 73.6002 69.8497 68.0686 62.6857 66.0402 59.6436 57.1125 55.6342 57.0333 53.3708 54.4726 54.3348 53.7242 52.4302 54.7757 57.7045 54.8269 60.2925 57.4247 60.4322 64.3917 65.0854 69.8412 69.0668 72.2667 73.7725 77.3652 80.2993 85.4148 88.7824 98.3866 98.004 101.472 108.069 117.526 119.563 129.44 139.645 144.748 152.335 165.986
171.241 157.875 148.937 141.16 132.848 128.562 116.604 113.491 107.851 100.151 94.6395 88.4029 86.5193 83.1294 78.5474 75.626 75.6683 70.9798 64.7787 70.094 64.2196 62.8122 58.3111 58.7009 56.7232 55.7914 54.9915 53.0091 54.3862 51.3979 53.883 49.9242 51.4983 52.2884 50.5155 51.12 55.2227 56.8417 59.6263 59.0334 64.7576 67.55 72.4394 75.4103 71.6767 78.4654 72.8433 68.9701 66.6897 61.8278 60.6746 58.2636 52.0081 51.3932 52.1846 49.6317 48.4697 47.8589 52.3801 52.8188 51.4071 53.89 54.8875 54.8328 54.332 57.2191 60.1672 59.1715 56.3231 62.677 66.7932 57.0786 60.4996 58.1143 54.4402 56.9945 59.5616 51.702 50.5087 48.5282 48.9946 43.3001 41.5534 37.8061 38.3018 34.9493 33.5105 33.8922 33.2001 31.7168 29.5857 27.0412 27.2938 27.3583 25.4937 24.9998 22.1346 21.104 20.0022 20.3148 20.0833 21.2118 22.0408 22.4033 23.313 25.7973 25.7816 25.7596 28.851 30.6137 30.5894 31.702 35.1598 32.8354 37.8689 38.114 41.8987 41.1106 43.2079 48.1233 48.5644 51.7565 54.3942 57.2721 55.9509 59.3783 59.6776 55.9906 63.4583 59.9568 60.949 60.5906 56.9213 56.5072 57.4017 49.436 55.7416 55.0207 54.2683 51.0904 51.4343 49.1872 50.0019 49.3389 51.9203 52.7073 52.5077 52.9479 57.6115 60.5197 62.6603 68.651 70.0222 72.7182 72.4423 75.3544 71.8145 75.8225 69.1516 64.4472 62.9384 57.6184 57.4154 55.7741 50.7271 52.075 52.8285 53.3944 51.759 52.7385 52.6447 52.21 55.0428 56.1081 55.0747 57.714 60.5638 58.1574 64.4714 63.3713 67.1243 68.9213 70.4156 72.1338 77.0129 79.2255 81.6669 85.947 91.3194 94.0929 97.7988 103.235 111.916 114.996 121.536 128.953 144.37 152.117 159.986 169.539
167.196 160.139 151.35 145.481 140.058 126.763 118.202 111.216 104.325 96.1833 97.4236 88.1168 86.6333 80.9432 82.9159 71.9424 71.8508 67.1471 68.0405 65.5354 61.7561 58.9633 58.0562 59.3772 56.4508 54.8876 49.9164 55.1363 51.5125 51.1316 51.2044 50.6715 47.004 47.1676 46.5469 49.6963 50.2858 51.5811 52.4614 54.1656 56.7834 57.896 63.1425 60.6348 65.0664 68.1366 74.0161 73.0435 74.2282 66.2375 64.2325 61.7312 60.9249 56.0815 53.5283 49.7362 48.8845 45.5956 44.6123 45.7878 46.6921 45.939 47.4476 45.3198 47.8503 50.3053 48.9043 50.0084 55.0573 62.1668 55.5084 59.0319 60.7385 57.2825 62.1912 60.2805 59.8958 61.438 57.4943 61.4689 55.7068 52.3726 47.6274 48.5251 49.7354 47.3297 41.5263 42.0225 39.2865 36.7562 33.861 33.5504 33.7519 31.2702 28.84 26.9726 26.9959 24.2505 23.3418 23.2993 23.8907 24.3791 25.2727 28.5235 27.8367 26.6439 28.1643 30.8837 34.067 36.22 36.713 37.7094 40.3938 43.2386 47.2248 43.3096 49.5333 49.098 54.792 60.78 57.4685 54.9909 57.7413 58.2643 62.7926 58.7504 57.8978 55.363 61.392 58.1364 56.5592 54.9884 50.2037 52.2629 49.7263 45.8256 44.2809 47.6221 45.5539 42.09 45.3783 45.4408 47.2437 49.4138 52.287 52.2019 55.3208 65.0341 61.1741 68.3006 70.4711 69.4274 72.3217 73.9754 70.7879 69.0048 66.723 59.5578 58.2864 57.8133 52.7925 49.3121 49.1714 51.2674 47.0681 49.656 47.2337 48.9704 44.9849 48.7224 49.6579 55.6073 50.0075 54.7412 52.6781 54.4994 55.5286 58.6229 62.5387 63.396 65.9182 71.2943 67.8502 68.8891 78.8408 77.739 81.2876 80.2438 83.5148 98.9484 97.2019 107.614 114.54 119.835 126.897 134.122 143.398 152.841 160.89 168.052
162.142 157.246 150.612 139.664 136.779 129.365 131.365 113.523 115.003 109.151 106.325 96.0093 93.542 89.3403 80.0056 79.2827 75.7591 73.6941 67.1632 68.2985 64.2062 60.8423 60.5043 57.1226 58.8185 53.8981 56.2848 50.8015 48.6079 46.8619 48.9877 47.581 46.2985 48.1636 44.4387 46.8542 46.7007 46.2468 46.0539 47.5355 46.3707 48.1343 52.1475 52.7186 58.4925 65.5475 65.7289 70.292 68.8018 71.1948 68.9404 76.0183 68.9287 66.2972 61.0892 58.3082 54.7456 48.3011 46.0126 45.3003 44.2944 41.1037 42.0852 45.654 43.4905 42.1191 47.3772 47.5348 49.0006 53.3098 51.5147 52.1058 56.4367 57.4336 55.3337 59.6843 62.1908 60.9766 57.8229 59.1069 62.3651 59.8439 55.7089 55.9192 57.1299 57.4218 51.5704 50.8422 46.437 44.3836 45.5058 39.7621 35.8622 35.021 32.7885 33.449 30.3529 28.1717 29.4462 29.713 28.5729 29.0506 29.3834 28.7299 31.5891 32.7325 37.5429 41.1007 39.3771 43.5689 43.0019 44.9751 47.6761 51.2176 47.4391 57.6231 55.564 58.0305 57.0918 63.3037 59.0834 62.3237 56.9975 63.2865 58.7114 54.609 55.6663 53.4146 51.254 51.9223 49.7202 47.3824 48.8929 45.5592 44.1029 43.7235 45.9754 43.6706 40.3776 42.3653 45.2273 46.3243 48.6191 53.7 58.4686 63.338 64.1976 70.654 71.9485 68.5903 73.1517 72.744 69.2706 64.2911 61.1395 57.6569 56.4029 55.7233 50 47.6865 45.6769 46.0638 47.3673 44.4228 45.6818 48.6869 44.9411 46.3728 43.8668 49.5558 49.2654 50.7447 53.1797 50.1419 54.2069 56.5308 57.2497 61.5068 61.8076 63.9444 67.0264 70.9269 69.0374 75.7979 77.4928 80.6334 87.4479 92.6493 96.6276 102.015 106.725 114.336 119.28 125.417 133.632 141.018 143.126 147.914 155.557 164.37
160.512 145.48 137.211 136.334 128.287 129.687 122.815 120.109 116.153 114.809 107.445 107.353 102.907 92.7215 89.4074 81.6832 77.1114 76.7745 72.4249 71.2528 67.2865 63.4525 61.1676 57.544 56.1236 52.5196 53.3218 51.1227 51.8204 48.8406 47.7953 43.9228 46.6751 44.8911 46.7214 44.2761 44.4376 41.1196 45.4707 43.2576 44.5063 47.4226 45.5315 46.9052 50.1735 53.6487 56.9316 59.9467 64.5285 68.8743 64.71 69.0682 69.6623 67.404 61.6118 67.7199 60.8217 56.1871 53.4851 49.7997 44.2782 45.1394 43.171 41.7681 40.6385 40.8087 40.615 43.1958 41.1054 40.2895 44.947 44.9651 47.3902 46.385 49.2047 48.4081 52.7012 53.6607 57.7289 53.2836 58.5399 58.0227 60.4338 56.6374 61.9636 60.7445 59.7016 57.4024 55.4547 52.0061 51.8519 46.9946 51.083 45.7398 40.9144 43.9092 35.9189 38.125 34.9159 34.2216 33.4706 33.9123 36.3707 39.2646 39.3138 41.9081 42.7689 46.3299 48.6643 53.2283 53.0089 55.3403 59.6589 58.2402 63.0471 60.4202 60.7938 67.3188 58.0097 60.2827 60.4312 62.1029 52.8757 50.9182 53.9394 43.1467 48.9978 45.4811 50.4892 42.0747 42.3216 46.2287 39.8829 41.4239 43.2907 41.3299 40.794 42.5812 41.8325 45.762 48.4469 52.1562 55.2491 59.4284 62.8222 67.2364 73.1046 73.8193 66.3914 68.5448 65.1575 62.6412 60.1658 52.7037 50.1735 48.4885 47.129 44.3169 44.0853 42.6639 44.0964 42.5638 43.9815 45.8153 44.3339 43.8411 46.2934 45.8507 46.4225 48.9954 49.3135 52.0096 49.549 56.2996 51.9832 58.0948 58.8369 58.277 62.639 61.7809 69.7912 73.4919 72.7531 78.8224 81.5326 90.1328 93.7594 95.5568 108.602 110.313 113.849 117.148 118.023 123.418 125.944 129.648 135.488 143.382 148.046 157.781
154.627 143.478 136.959 128.91 117.787 116.61 113.545 113.847 106.326 108.083 113.317 113.559 101.943 101.588 94.1663 90.5534 85.6676 82.5633 80.4745 75.0979 69.7582 68.1663 62.3814 62.1586 56.2833 59.8202 53.9769 55.2689 49.1132 49.2133 49.4533 48.9964 44.5163 45.7672 43.327 43.2402 43.5795 44.1045 39.8843 43.3451 41.2672 40.5188 43.0907 45.9694 44.5445 46.6427 48.7297 49.9632 51.8011 54.6981 64.2599 61.3759 66.9393 64.1072 69.7369 69.1341 69.0948 69.4637 61.0546 59.2475 55.053 50.6431 45.2011 44.8138 42.6115 41.5674 40.3891 38.2247 41.4636 38.3628 41.6663 37.9664 44.2052 42.98 44.0986 42.7205 44.2809 47.7309 49.1877 47.0559 54.9724 54.0886 56.4806 58.6186 61.1217 55.8411 59.8979 62.1702 60.9224 58.7282 59.2765 54.1773 54.1668 52.6175 49.8143 47.4784 44.974 42.9651 42.3926 41.6364 38.1909 43.3061 41.6766 46.5527 48.457 51.6154 52.0085 58.8847 60.0759 62.3277 56.7743 61.0195 61.9208 61.3859 59.0449 56.477 54.6019 52.6507 53.8504 56.1839 50.5435 51.7958 46.1285 44.3478 44.764 43.7233 44.7597 42.9627 39.7224 41.4648 38.7628 40.5067 39.8202 41.3057 40.6565 42.4912 43.4503 46.9003 51.9583 51.6153 58.5489 60.978 62.5292 64.0778 69.7207 65.9785 69.5487 62.5942 59.9713 61.0645 54.1792 55.9694 49.3057 46.7034 45.8926 43.9521 41.1488 41.2425 41.3403 40.7038 44.1568 41.201 42.934 41.4315 42.5751 44.9438 47.4338 47.2439 48.5781 47.7899 53.0052 52.4301 52.3643 53.8549 58.1166 59.7456 61.8997 64.4291 66.8928 69.5441 72.5388 75.9492 83.7687 85.0222 91.9734 98.2289 103.09 102.781 112.858 106.813 111.117 109.755 112.693 112.067 120.14 116.234 125.879 136.514 144.043 154.872
154.051 144.945 131.623 121.156 115.961 112.324 104.611 99.0252 101.793 103.098 97.8648 105.374 107.159 99.1478 99.7686 99.7462 95.6899 89.0677 86.293 81.7612 73.3667 73.2477 67.971 65.4603 60.662 62.4238 59.9537 54.1641 54.6724 53.085 52.3859 49.1875 49.6156 48.1523 42.6323 41.2782 42.4574 42.4986 41.4425 43.1161 41.4626 44.1751 40.6627 41.1465 40.9656 40.2243 43.1679 44.0055 48.0013 48.8808 51.7905 53.6771 60.4059 62.2476 67.1369 68.0216 67.7068 73.3396 72.1342 64.1666 65.0924 62.3728 55.3054 55.2924 50.3882 45.0937 45.5328 42.5036 42.099 39.0126 39.1007 37.438 38.5376 39.9087 39.8122 38.9903 40.2568 41.9761 44.4443 46.2616 44.3214 48.2586 49.9407 47.5454 53.2435 52.3561 52.9346 56.3874 59.444 55.0549 60.1033 62.314 59.1989 59.0973 55.2299 56.737 48.924 50.1642 50.6313 46.9254 49.7412 52.9508 52.9354 53.2282 52.9305 62.118 57.9256 60.083 60.4591 58.6307 60.7541 57.9851 61.232 54.5859 52.3623 52.5096 53.847 50.7113 48.5027 42.9152 43.7986 44.153 43.4533 40.5213 40.1606 39.8876 38.4346 39.236 38.064 40.6913 38.3216 39.9522 43.7595 45.7688 46.2348 48.6735 53.4554 56.8966 55.8506 64.5598 67.0804 66.67 67.4349 70.5343 63.6516 61.4806 58.0704 56.03 51.4072 48.9334 47.3418 45.9711 43.5483 41.045 42.0889 42.2419 40.04 41.584 41.9862 44.5717 40.1151 41.8591 42.8663 42.8223 46.0513 44.5055 45.8171 49.0291 50.0172 50.7914 55.5205 53.437 55.2569 58.5642 63.613 63.493 63.8001 67.3728 75.2763 75.2752 84.9387 84.0051 89.2813 98.6119 96.2689 100.647 99.1141 99.3192 102.684 103.227 98.8627 103.1 103.104 104.702 106.055 114.213 121.525 134.854 144.19 155.2
157.357 141.883 133.367 117.182 112.145 111.631 101.448 98.0254 92.3814 93.8027 91.0307 91.9308 89.6789 93.8206 94.8574 99.1561 95.5879 93.1315 86.9267 84.84 81.3313 79.2736 81.3205 72.6279 69.7668 64.7783 62.5571 58.7055 57.7734 55.1339 56.0814 51.424 51.1765 49.7118 49.3394 48.5 45.2669 44.1133 44.0002 43.9322 45.9179 43.2593 42.3204 42.1541 40.8044 42.2611 39.0221 41.0026 42.9507 42.3571 43.9252 44.8322 50.2956 52.9761 56.0403 56.6853 66.9039 67.9607 65.6131 69.106 73.4124 70.4404 65.6024 61.3624 57.9805 55.3434 53.2719 49.5189 44.1936 45.1589 39.9853 39.4239 41.0482 38.8765 37.7848 40.1071 39.0363 39.4514 40.6546 41.6934 44.8008 46.7877 46.7593 46.6014 48.8886 49.1537 49.7983 48.2497 54.4061 53.6818 57.7399 58.1311 55.4156 56.3194 59.0036 56.128 56.3126 56.7082 56.6454 53.4636 55.5611 58.2925 57.9384 53.5171 57.8658 58.2433 61.9063 59.383 52.8276 57.3405 52.8621 55.1792 52.5318 49.123 48.8123 45.9936 43.7451 42.8703 41.4636 45.745 44.7202 43.2563 38.4982 38.1077 40.4811 39.3891 37.7836 37.6603 40.7439 43.1758 44.914 48.1067 49.9754 55.6478 53.8175 61.3039 62.0258 62.9672 71.5003 69.602 69.4028 69.1393 65.1945 63.3773 60.2626 56.6867 53.4112 50.7227 45.8231 44.3119 42.0898 41.2601 42.3533 40.7845 41.72 42.2602 41.095 40.9309 43.1116 41.5328 45.7933 45.4374 42.467 45.8034 44.4811 47.4456 48.7583 47.4374 54.522 53.2969 53.9218 61.5055 60.3168 66.0531 66.2761 69.1167 70.7828 76.585 79.2522 84.5133 85.6362 92.5748 94.9645 92.9256 92.5458 96.965 88.2562 90.218 88.7599 89.4738 92.8599 93.7663 98.3033 104.157 104.944 117.458 123.484 131.539 141.548 156.234
158.062 144.473 128.916 119.86 110.555 107.469 97.2529 94.2526 88.0811 93.4353 89.0045 89.4273 86.8658 87.8758 91.3369 89.4297 92.1044 93.4007 91.9514 95.8201 90.2844 87.8541 85.6124 86.2296 74.6934 72.6129 68.9796 66.6026 61.4799 63.5088 59.8136 53.2636 54.3608 52.1754 51.5217 53.4126 49.5678 48.5474 49.4 47.762 44.9499 44.8405 44.5531 41.6118 45.1335 44.0394 41.8587 41.3995 42.4127 44.2265 44.8241 46.1107 45.5818 52.0141 52.9697 52.5237 57.1819 62.0927 62.4589 68.7419 72.8924 71.013 71.4596 69.6718 69.0277 68.832 61.8261 59.3416 58.183 48.9817 48.7573 46.8639 46.3255 41.1823 43.5336 42.1479 43.3575 41.3357 43.3628 40.0791 45.8815 46.7086 46.6119 48.6528 49.9243 49.2017 52.7792 51.2018 56.4356 56.4101 59.0589 54.8089 58.5314 58.2828 60.3548 60.4505 60.6195 58.3813 53.0664 58.68 59.6738 56.0268 53.9629 59.8871 56.8873 57.8723 57.1347 56.717 56.2419 59.6732 53.5135 55.6997 54.7499 50.198 50.8235 51.0667 45.8468 48.0832 46.7834 43.049 41.5864 43.4156 40.9031 40.9749 39.7049 43.98 45.6694 46.0832 48.7519 49.877 51.8882 54.5442 62.092 67.9038 65.884 70.2101 73.4741 72.4783 73.1454 74.7377 69.9847 63.2584 61.1146 59.3658 54.0483 51.0041 49.6365 49.4437 43.6213 42.9487 43.9293 43.8609 44.3293 44.3806 43.6633 42.6584 41.742 43.2108 46.8826 46.2187 50.7277 48.265 48.1901 51.9854 50.2179 54.4319 53.5093 54.4524 57.4509 58.8268 61.3278 63.6767 69.0822 69.2034 74.2222 73.2605 78.9863 83.5745 85.9012 94.9788 90.4581 92.6261 92.0683 92.6492 94.8963 89.216 87.3757 84.9658 85.1909 91.3184 89.0072 92.4773 92.9091 99.6448 104.458 112.025 117.834 131.858 142.748 151.826
152.995 141.614 137.154 118.857 107.995 105.006 98.205 92.958 87.5838 85.7166 82.1944 84.2006 81.841 80.7557 82.489 83.4149 80.8697 90.0377 97.3295 90.2593 93.4074 95.4328 93.517 91.4695 85.1697 89.5711 84.2438 77.9056 74.9515 71.5022 67.2072 69.7125 65.4366 66.7118 61.1588 67.454 63.6548 58.4071 55.6329 58.5171 55.3859 56.642 55.2008 55.705 51.0761 48.0196 52.6545 49.2376 51.2341 49.9831 53.2877 53.3771 54.6973 52.4705 53.5024 56.0932 60.9609 61.341 64.8964 69.7265 71.1242 77.1669 78.4693 79.1195 85.1183 77.6826 77.2118 81.9515 71.1848 67.9177 64.0443 60.8417 59.8877 56.4243 56.9989 52.4528 46.4221 49.42 50.7483 51.0151 48.7854 49.7977 52.4273 53.9665 59.4221 57.2161 61.1542 65.2975 62.982 62.5989 60.0427 61.5467 67.2242 63.1898 65.4428 66.5305 57.7774 58.0296 54.2409 56.0646 52.1015 59.4032 54.938 57.9308 58.2011 64.5617 66.4882 67.178 71.4162 65.3037 65.1999 68.5711 64.9589 62.471 55.6031 59.21 54.5793 50.1386 52.2069 51.9107 50.3401 48.6785 46.0626 54.0049 53.0615 54.4548 59.9906 62.1625 62.2529 62.5754 64.6232 70.2265 76.7473 81.5733 81.124 77.7923 81.0938 83.9048 76.1055 74.3279 68.6666 62.9343 64.6211 59.2728 56.2162 53.5517 54.1969 49.9775 54.0992 48.3957 51.6797 49.5839 50.8951 47.9444 51.4482 49.1732 51.393 57.0584 54.6569 55.7407 52.1656 56.2006 62.664 61.5531 61.1108 63.1831 64.3941 65.5798 67.8188 68.399 71.4247 76.3954 78.5062 85.0162 83.3439 91.4787 88.8784 92.7648 94.7937 94.7519 90.9509 88.6925 88.2329 88.0582 83.7788 80.9391 81.389 82.793 81.3276 81.3979 86.2148 88.3799 89.956 98.2893 102.938 114.577 122.46 134.519 139.402 156.123
154.068 142.689 130.312 120.032 112.778 105.652 102.333 89.8589 90.9278 80.2637 87.8028 83.4979 81.8544 78.6015 78.8471 80.2627 78.3171 83.3814 81.2443 85.4571 86.5467 98.9558 89.5364 94.3764 93.4712 96.6993 94.1879 89.0509 89.2556 82.6548 81.667 80.9624 77.1439 76.6066 72.283 67.8909 68.8696 64.838 67.1247 64.7017 64.9477 65.0164 55.9616 60.349 63.2714 60.6962 62.0692 60.3892 60.6645 64.6352 60.4326 62.0006 61.732 64.112 62.4542 64.8864 66.6757 63.6429 71.8498 77.9856 73.4885 81.8279 79.3828 89.5942 88.0396 94.3661 94.2837 98.1321 90.9482 91.7911 90.5411 84.0801 79.3541 79.5331 73.7672 71.5163 68.0834 70.6648 66.4103 67.0925 66.7051 66.9253 68.1525 64.0568 70.4474 72.4431 74.0848 70.8499 68.6626 70.7449 71.2842 68.1387 66.7412 69.0468 63.8064 60.6067 56.586 54.4125 54.8026 54.053 51.2901 54.5852 53.0853 59.8535 60.5362 64.8482 67.2837 70.3773 66.6887 72.116 74.8446 72.9347 79.3648 68.8239 70.987 65.8629 70.3324 68.4231 65.6441 67.7224 61.655 63.0839 69.9483 70.451 72.9051 76.5495 75.8613 80.936 82.274 92.1382 96.3065 93.6228 91.4892 96.0139 93.9484 90.8657 85.1708 83.76 82.8645 73.2228 72.68 71.6514 69.2304 67.686 62.0571 66.785 65.748 63.925 63.2206 64.0691 61.6074 59.8609 59.4126 57.2915 65.1246 60.2527 63.1094 61.2681 61.3724 64.3302 69.4714 63.0607 67.4822 67.3992 73.6244 70.1552 68.8717 75.4607 80.2379 80.6273 87.0988 84.6519 90.8363 99.1463 97.9516 97.188 93.5044 92.1708 91.9256 89.1387 87.0189 87.5596 81.3999 81.5579 78.5916 77.6138 83.9455 79.7863 79.1842 82.5217 87.6533 88.488 95.8216 98.2332 107.178 112.572 118.832 130.098 140.513 152.718
157.99 143.1 130.462 119.952 107.994 100.209 97.3517 90.1349 87.5882 84.4476 81.6481 74.2099 72.4395 70.8617 72.7915 69.7664 70.7977 72.8971 71.1911 70.1286 76.3777 77.0558 76.2413 78.6345 85.9953 90.0622 89.559 89.9575 88.8268 86.7727 79.7576 77.5308 74.7875 77.2462 69.3502 66.9169 62.5837 66.4764 60.3796 59.6726 56.7776 57.3174 57.802 55.9452 58.6041 58.3135 59.7811 60.055 55.5725 57.8282 60.5658 65.6051 59.033 59.4144 60.9534 60.426 67.67 65.0635 66.938 69.1542 71.3445 69.0128 79.878 86.041 83.1128 83.9076 92.2621 101.353 98.521 96.9294 97.0284 95.3747 93.3737 86.9556 85.665 84.6508 82.8763 84.6186 84.1333 82.2236 80.0304 74.6621 74.7722 78.6991 79.7537 78.6543 78.0105 72.2774 77.4067 76.4502 79.0498 76.1709 73.6981 71.7388 70.7396 67.1292 61.2921 61.8387 55.8841 61.7653 54.0785 58.0516 63.2778 61.5819 65.7158 71.041 69.5713 69.1718 75.8928 77.6561 78.3123 77.0386 78.4206 84.5882 77.5118 79.9684 78.8052 74.1465 77.0654 79.1732 79.9679 81.3658 82.989 82.9453 88.328 88.8649 89.8251 95.8387 94.3381 101.319 96.4835 98.3141 93.533 96.6118 94.8257 89.8741 79.7673 78.1773 72.9255 69.0924 64.6351 69.208 64.2388 63.678 63.5191 63.0385 62.2048 60.5331 60.3169 57.9039 53.3262 57.3029 53.6206 58.3623 55.655 58.3421 55.042 58.2979 57.6556 60.2828 61.2376 62.0662 66.4961 65.3648 68.6879 69.6729 71.5581 75.2268 77.9575 82.7026 80.8161 85.3 88.7291 91.6491 86.5071 86.3946 78.8452 74.354 78.291 77.6649 73.1039 71.6857 70.2536 71.3773 71.1825 73.1926 73.2898 69.8784 74.1883 75.8601 78.8839 84.2438 95.9185 97.4884 107.261 116.363 120.029 131.244 137.641 152.139
156.132 143.652 128.883 120.44 112.024 103.607 96.4317 89.2682 88.17 83.1486 75.539 79.4012 75.8172 72.6658 68.141 63.9351 66.673 66.4496 64.9768 66.4931 67.14 69.3392 67.2333 71.4013 74.8286 78.8823 84.0689 81.5104 81.1157 84.1967 85.178 79.2431 73.4749 74.8948 69.7123 65.7429 62.7658 65.3618 58.3935 56.604 54.352 53.1529 54.5646 51.8718 52.2076 50.9025 47.8924 55.6429 54.7395 50.756 51.1563 49.2571 50.6144 51.3374 53.2357 52.4733 55.6551 54.4965 56.7036 56.3888 56.2025 59.9183 61.1496 66.852 71.0143 76.1565 79.034 81.2072 88.1605 88.6197 92.8163 95.5494 93.7441 94.7725 93.1082 89.531 92.2863 88.3394 83.1323 85.9361 84.9828 82.8161 86.5554 82.9861 80.4819 81.9471 81.4605 77.7172 79.8571 79.2248 75.9898 81.0283 79.8936 75.7442 78.6121 70.1303 74.9453 67.2229 68.5103 67.0557 70.6499 69.4399 69.4121 71.896 74.9581 77.5143 70.2468 76.1028 80.8626 75.2095 73.9305 76.4397 78.9156 78.018 81.7752 81.6854 83.4274 84.0561 80.2181 85.4442 88.3681 80.7108 86.9533 92.7395 96.0395 96.7289 93.6475 101.358 96.6595 95.3986 95.7066 90.2462 84.739 85.2765 76.7827 69.2392 65.1626 64.4146 60.3808 59.8243 61.0657 58.93 53.0425 51.7931 52.5135 48.4972 52.2835 49.8556 48.3655 50.0239 48.9961 50.7035 53.8784 49.7514 52.4768 51.7587 50.5806 53.5633 52.1899 53.3226 55.9711 56.0271 62.2515 65.346 65.6317 72.0319 71.3105 77.0464 74.0821 84.3351 87.3858 80.9558 78.0601 81.5398 77.9699 74.6677 73.0295 70.3848 62.3475 68.0167 67.823 67.3299 66.9757 63.9122 66.6127 70.7093 72.5202 71.9407 75.7361 77.8082 85.3924 84.8277 87.4491 99.3101 107.392 110.716 122.602 130.709 142.226 154.601
150.559 143.082 134.399 120.113 108.779 100.569 98.3361 90.4818 87.8133 82.3996 79.411 77.9003 70.8123 71.9684 67.5588 64.8475 65.1652 66.2583 62.6347 62.1608 60.5608 61.6544 61.9676 63.221 66.7065 68.8779 67.6306 77.141 75.1905 81.4004 79.424 80.8683 76.5829 77.4234 76.8768 69.8565 71.904 65.224 61.9954 61.1196 56.8591 54.9993 58.2313 53.4057 54.0706 52.9346 52.4151 52.6407 54.6472 55.3336 51.138 53.9128 52.1918 54.1962 53.9759 55.9704 53.6172 55.4664 60.9059 60.5749 58.2422 62.6082 68.918 67.5027 72.2399 75.5117 84.1371 80.022 86.7949 98.022 98.1565 99.7454 105.778 107.35 110.124 102.428 101.235 103.078 96.7621 95.7014 90.4737 90.4597 85.0058 85.7343 83.515 81.0329 79.0715 77.7428 78.7403 78.0042 75.4048 78.7154 75.526 71.1267 68.732 65.0077 67.2814 68.9633 64.7213 58.0821 61.1886 62.8206 64.3481 68.7525 65.223 68.9653 72.0988 70.4404 70.2368 71.9156 75.1989 77.427 77.5293 82.8192 77.3877 84.2721 84.5573 88.6624 95.7158 89.7832 95.9211 100.024 102.63 106.817 107.741 107.642 102.845 106.74 98.2344 95.2526 95.8714 89.2731 81.5126 81.5455 76.8589 68.7379 64.0406 67.9273 66.8461 60.1476 59.9223 57.8556 58.9842 54.6524 54.1311 51.4632 53.7613 54.7609 51.7767 52.8168 51.9628 52.82 51.4896 51.1434 53.2473 55.7735 57.0757 54.4733 57.0331 58.2993 60.1857 65.2287 66.0232 69.0056 72.4188 77.6015 77.9298 82.4888 80.4247 82.4967 82.8438 70.6464 74.3663 74.9503 69.1391 68.0694 64.229 66.3734 63.1328 64.408 62.0569 65.218 63.2914 60.6718 67.9548 67.3156 69.4857 73.4614 74.8473 80.0561 82.2404 89.645 92.256 95.9706 99.28 112.499 122.644 130.913 138.173 155.738
153.93 143.601 128.975 120.612 112.232 103.957 96.8071 90.4389 87.1665 81.3886 80.7888 73.4229 71.5787 71.3035 67.1823 67.1432 65.9171 65.1977 58.6578 64.5259 61.4597 62.3196 62.883 61.151 63.0266 62.3296 65.47 73.1256 72.9728 75.3461 76.0931 76.5299 78.3427 91.1307 83.9064 85.132 80.2026 82.7498 80.3541 74.612 73.2602 71.1199 64.4754 67.6937 64.5221 68.0024 65.0205 65.5575 66.268 65.2599 68.2607 65.0508 68.364 67.0383 69.1156 68.8688 69.9648 71.0393 69.9506 67.78 69.571 69.1305 70.2476 72.278 73.2027 75.7945 79.9817 78.9745 84.249 86.6734 93.2827 98.0978 104.094 113.957 106.99 110.671 105.021 101.498 102.755 102.4 97.6499 91.8061 91.1704 84.3624 82.7804 82.4305 79.605 73.0675 71.0849 67.4285 68.2116 67.2626 67.3893 65.3445 63.3627 58.4037 57.0901 56.4963 55.8087 57.3701 50.6652 52.1571 61.6015 59.9405 57.2033 62.316 66.4786 61.8927 66.5242 70.6223 72.4655 67.9647 74.0109 75.4082 79.7748 82.1405 89.1325 92.6351 92.1312 101.14 105.129 105.167 111.172 110.5 111.522 111.937 112.618 101.289 99.9348 94.4032 83.995 86.338 79.3448 83.035 75.3735 78.6772 71.1033 70.8646 68.8739 73.8675 69.7516 70.0233 71.1242 69.3003 68.2823 66.961 70.1098 66.6744 68.4506 66.3902 65.0614 66.8 67.8973 67.7525 65.2477 65.4163 68.4402 71.2492 68.1511 75.2114 74.8507 77.8302 81.9038 81.802 78.8026 83.6039 81.2752 84.4834 81.4159 78.2727 71.2606 69.0206 67.6714 66.8318 63.5245 61.4043 60.9129 60.2749 59.5879 61.9863 64.0012 63.7687 64.2215 64.1891 66.2646 69.072 73.142 73.5937 72.9883 76.0791 84.1005 92.2902 95.135 96.6464 102.801 115.347 120.214 130.999 143.223 152.655
154.016 142.1 128.845 120.233 111.157 102.843 100.696 94.5325 84.9479 80.4566 84.1955 80.0688 75.179 70.452 67.4869 66.3643 67.5972 68.3171 64.3851 62.162 65.4272 64.7 65.8984 67.2303 65.7873 66.8248 68.2313 71.1209 69.9191 73.9695 76.8913 83.9122 82.6089 87.6583 97.7252 95.9684 99.1762 100.516 98.5954 95.8615 96.123 91.6782 86.8891 83.108 85.4563 79.7389 74.926 75.4083 75.7008 77.0886 74.8421 72.1264 70.3915 66.7131 68.74 70.0186 65.1218 66.4994 65.0806 66.3106 60.9445 65.503 65.8775 65.1046 60.7551 70.6533 66.7449 67.3844 73.8527 80.1111 83.5332 91.8779 92.5873 96.1239 102.315 110.805 110.458 110.819 104.606 104.376 96.6885 99.9946 89.7499 84.9669 78.8207 80.3902 72.6629 70.7358 67.2808 67.6583 62.78 62.3563 62.4972 56.7197 56.3938 55.5688 51.4852 53.5126 50.8731 51.81 48.8118 52.3731 50.6471 50.5867 53.1018 58.8973 58.4759 60.6088 62.4503 67.8282 71.422 67.9443 70.2954 72.5356 76.516 82.6977 84.097 90.7896 97.6528 102.098 106.873 109.077 108.783 104.129 103.76 104.322 96.5006 99.5147 87.3916 82.5217 80.6456 74.965 72.6816 68.2865 66.2538 61.1607 62.1455 66.3682 62.7989 65.1929 63.8297 64.6693 63.3483 67.6916 71.9006 71.0981 66.3032 70.1814 72.9204 71.8971 73.1733 75.9536 77.2747 79.8121 85.0432 78.2491 83.6999 87.1189 90.2133 94.8729 94.8262 93.3574 94.2404 99.0359 91.3171 94.6575 88.2296 86.1444 84.7054 79.8816 76.8312 70.1941 69.5962 67.0797 67.3902 66.9957 63.7014 64.506 66.4922 64.6334 65.3006 66.0524 65.9046 67.8185 70.128 72.3682 75.842 74.6904 77.3535 82.4368 84.3053 87.0426 95.5049 96.8375 99.8518 109.021 117.965 129.818 142.703 152.782
153.236 141.212 129.566 123.75 111.304 103.106 97.0897 93.7432 91.2038 87.6789 86.0013 85.6522 80.1605 81.1188 80.3384 77.8358 79.735 76.0821 77.7057 78.1472 77.0522 76.5822 77.1381 78.6142 75.5606 78.6763 81.2758 76.2676 81.4429 77.1248 79.9493 79.9624 87.331 87.2502 91.482 98.0445 98.5771 100.706 100.584 99.7351 97.1596 93.4727 90.6862 86.0176 80.149 80.6323 73.897 68.9769 66.334 66.3832 66.9654 60.1171 63.8934 62.5622 58.0656 60.4183 56.993 55.0864 56.179 53.8988 55.3325 60.6368 56.0321 60.667 65.7034 64.0704 72.4978 73.5352 79.4297 80.2821 78.5262 85.9937 87.1796 91.4256 94.0534 94.8072 94.7624 99.4786 99.3882 100.727 95.6371 94.4403 94.1419 87.6115 81.4566 78.5457 72.6085 69.986 65.7231 65.0783 62.0382 58.3668 60.01 55.6574 54.3487 51.4775 51.5216 47.5131 49.7738 47.587 46.2048 44.3376 47.8101 48.1004 50.8095 58.134 55.9376 61.0315 59.5785 61.7783 64.9285 67.7064 70.3097 74.3879 76.0288 79.1203 84.1481 90.5094 93.5636 93.7145 95.1251 100.488 100.263 99.035 96.0441 89.2949 90.6128 85.8557 85.4942 76.934 79.3564 77.0471 69.907 68.596 67.4991 59.4835 59.3463 58.8012 56.0279 58.6476 58.6421 54.893 55.218 57.237 57.0625 57.3374 57.9758 59.1181 59.4252 65.3782 66.9644 67.2456 69.423 74.4257 77.6979 79.7943 84.9228 86.2407 94.6491 93.6823 97.3461 101.343 97.0203 99.3771 93.8871 94.6477 89.9563 85.9256 84.6247 83.5216 81.4846 81.3209 79.5566 78.1788 80.5356 77.4513 78.2669 78.482 81.7452 77.6729 80.885 76.8904 76.698 76.2284 76.0593 81.7172 76.9975 82.6267 85.5114 84.7536 87.323 97.7604 96.3045 99.9912 103.622 113.649 117.105 130.026 140.892 151.635
156.838 145.873 137.911 124.576 118.009 116.36 108.346 104.985 99.3422 99.5265 95.6616 96.8156 90.4085 88.7979 87.6199 90.1736 82.0682 87.6662 86.4425 82.974 82.0682 83.1924 77.3927 78.7153 77.779 73.5909 74.9184 71.6887 69.9736 73.1258 70.4857 73.9138 72.8487 76.1397 74.3384 75.2184 78.8605 86.3257 84.502 88.0957 88.9539 83.9331 83.2131 79.3841 83.3341 74.6101 71.8319 64.7561 65.6807 61.162 58.9112 59.5576 59.3397 57.3756 55.3131 56.0655 57.8753 56.2578 56.0475 59.9327 58.8101 61.3954 64.9849 67.284 72.5887 77.0408 75.7737 77.1373 75.2634 76.7815 78.3909 75.5085 80.7476 81.5614 83.5687 83.1769 80.6904 83.1092 88.2761 94.0119 90.6324 90.2421 90.7318 85.9064 87.3543 87.8514 74.5618 78.3604 70.6704 64.3384 63.1353 60.3765 61.6543 58.3119 54.886 52.3777 51.5602 45.722 44.7973 45.8782 43.7968 44.3126 47.8262 48.0317 53.4525 52.6218 56.9654 56.0519 61.012 64.6855 67.3688 71.7698 74.3397 77.4395 79.8264 85.7567 87.8976 88.9171 94.401 92.0143 89.9845 89.3289 88.0767 80.5143 81.9323 82.6544 81.2365 78.1395 78.8769 77.6984 75.9734 78.8772 72.5905 74.2045 73.6829 74.0807 64.7332 64.4567 64.0994 62.3219 59.5715 56.1888 56.2295 57.7334 55.9672 55.9091 57.4369 56.6396 58.9866 61.9573 64.7305 64.2332 71.2031 70.4187 74.8166 78.9559 83.8278 84.6315 83.7066 81.5042 88.4577 83.2735 81.0137 83.3164 77.9246 76.0995 73.1871 72.4939 74.1942 73.3088 71.9782 72.0472 74.8635 75.2488 75.8707 79.236 74.9341 81.3 79.2691 80.8911 85.5108 86.0091 87.4596 84.2094 87.2378 90.8662 90.1642 90.5871 91.3086 93.6578 94.8634 103.874 109.107 105.118 113.158 123.088 125.464 135.669 144.544 156.518
158.749 145.895 135.549 129.381 118.738 113.179 110.551 107.068 102.81 98.6222 94.6737 94.6246 91.6833 94.1494 88.8627 88.6649 84.1895 84.2567 85.0264 80.2249 82.0321 82.1742 76.0416 73.574 75.1484 70.7804 68.0806 71.3443 69.0904 67.6818 70.1585 70.37 70.3576 67.0129 66.3027 71.5308 69.7726 73.4838 76.3867 75.6988 82.1014 82.7462 84.5191 83.9744 80.5556 77.9592 73.4962 76.2462 73.644 64.9009 62.445 63.4398 62.2229 61.2133 64.8443 62.9029 62.6286 64.192 67.6392 70.7361 71.1984 77.1369 79.6166 81.9169 79.743 81.262 85.5578 78.2765 74.588 75.2958 76.8847 75.28 70.7071 69.1325 68.9433 72.0903 70.8671 71.4572 72.7406 80.7102 83.5548 85.1611 90.3373 85.2173 87.1916 84.3299 85.7966 78.0887 78.5729 71.2131 68.2809 64.2272 60.9358 58.7661 53.4333 53.9029 51.1379 47.9997 44.6422 44.8432 44.6878 44.9879 44.3247 49.802 53.4679 53.9629 58.8343 64.3946 65.585 68.0522 73.2393 77.0497 78.209 85.3024 89.2596 82.691 86.7573 89.8692 85.394 85.8677 78.4579 74.5274 75.981 72.1193 70.3414 71.5477 73.8042 73.1301 72.7709 72.6613 75.9735 76.637 78.952 81.2059 82.1326 83.1296 76.54 76.9218 72.9395 72.9086 72.1927 67.3447 63.2213 65.5209 64.8382 64.3709 61.2019 61.0356 62.5147 64.1041 69.5646 68.8231 77.637 71.2219 78.8213 79.6546 82.2814 83.0501 80.6041 80.5761 77.7565 75.8675 72.1067 73.3221 68.9708 68.8735 70.5037 70.3568 69.5661 66.2988 70.085 65.9839 69.9926 70.8491 71.417 70.873 79.9796 75.9983 79.5444 82.1659 81.7245 80.4263 84.0108 85.9092 92.6541 93.8643 91.2963 95.3902 98.3364 96.5408 103.931 103.678 108.035 110.831 115.961 125.602 130.169 139.342 146.376 157.837
157.428 147.598 137.831 128.853 122.733 118.951 110.672 105.463 106.561 106.597 99.6378 97.3523 98.6958 96.6782 91.6509 87.7126 88.5823 84.9404 82.9554 81.8963 83.9317 79.2037 81.6302 79.3693 74.9043 74.4241 74.6122 73.3653 70.0092 71.8406 69.7579 70.3153 72.1937 66.7169 68.1111 69.8031 73.3703 70.008 71.1408 74.3612 76.7118 74.8011 76.5285 81.2943 85.2946 83.7289 85.7357 77.6803 78.4766 77.1544 71.9185 72.4815 73.3467 73.3074 69.41 77.3273 77.2818 80.5743 83.1358 84.0365 86.0663 82.5504 83.4671 82.6593 85.2891 81.6865 84.1437 76.8841 76.4085 74.5667 70.6615 70.7166 66.0321 70.1071 65.9497 64.7758 64.4541 67.3898 65.9982 69.3521 73.5166 78.1698 78.8429 79.3646 77.9197 88.0465 85.7351 85.3317 84.7717 80.3749 76.3553 76.4031 69.0084 63.9903 56.6621 55.6835 52.4719 49.2309 47.5925 48.9852 46.0508 50.4817 51.0248 53.9392 58.0074 59.092 69.1438 69.6348 73.1906 74.0597 77.7568 80.8428 82.1428 83.76 84.2941 88.4937 79.4475 75.1858 79.5146 71.6381 66.0445 69.2142 65.3825 64.1922 63.4216 61.948 65.6069 65.6916 70.2929 71.9595 73.2142 77.5514 73.0485 79.2505 83.6119 85.6811 86.4607 86.65 84.445 84.7958 84.4773 81.5546 78.243 78.5208 74.6599 73.7936 73.3372 72.4387 73.8915 70.7445 74.8791 75.6598 79.022 81.2174 86.0724 82.6957 79.19 77.1759 79.0256 72.7842 70.5345 72.6386 67.679 69.7628 72.8817 71.0374 67.2694 70.3922 70.1057 69.8669 70.1662 72.4406 73.9353 71.6776 71.9456 73.259 73.7783 78.1802 81.9257 81.9275 80.9672 81.4214 83.9581 83.6276 93.051 87.0497 96.3192 93.9155 101.177 102.309 104.257 102.881 108.941 111.311 115.522 122.672 130.868 137.442 147.615 157.063
159.386 149.869 139.398 131.343 119.733 118.213 114.423 109.062 108.952 102.803 101.526 96.9963 98.786 96.1211 94.2767 94.6875 93.6363 91.0401 88.1833 86.4962 83.3295 79.3621 86.5517 78.1508 76.5365 77.5194 74.3112 77.7024 76.2874 73.1177 71.9583 68.9248 71.2711 70.9996 73.2548 70.3009 72.4666 68.905 71.882 67.8541 75.3527 75.0944 77.9835 77.2492 80.9637 84.8086 84.782 86.3004 83.2586 88.8309 90.2999 87.6987 86.9593 87.7965 85.618 88.653 90.3191 94.3999 90.6742 95.619 87.4813 87.2598 92.5763 84.7353 83.0677 79.4463 76.5758 80.0194 71.883 71.9956 69.4833 66.8259 63.962 63.9381 64.0163 58.5525 60.8364 58.5921 61.0911 63.5364 65.4113 67.0745 70.6863 76.6911 78.5722 85.4088 82.984 86.8523 83.5068 86.7915 87.3671 80.8838 77.8511 72.7291 70.1935 68.4641 61.1927 55.7834 51.5316 49.7521 49.0003 52.6547 56.242 57.015 59.7278 65.6363 75.1802 75.1624 82.0988 79.6908 84.4532 83.5041 85.3946 79.4996 82.4322 79.4478 70.7215 71.3465 65.3292 64.0428 64.3137 62.5586 61.299 60.7034 63.1927 60.9262 60.8783 63.8163 70.1266 67.0683 67.2451 69.625 76.804 77.5494 79.666 83.1767 84.0889 89.4148 89.3548 88.0646 92.8786 94.675 94.2868 93.5905 92.624 86.0821 86.9866 84.1916 86.4522 89.5434 86.6947 87.647 82.4675 82.7975 80.425 82.5514 80.8196 73.102 74.0196 73.0723 72.7973 72.1737 70.687 69.3079 72.5714 69.1036 71.6559 71.3687 74.5948 73.3946 73.7172 76.7333 75.1099 77.8848 76.5053 79.1965 85.9426 81.5214 85.9915 86.4396 86.4369 86.7563 90.7723 93.5363 92.1832 99.5944 98.1583 99.3005 100.192 103.413 108.629 108.431 110.96 110.19 117.76 121.161 126.51 133.898 148.392 156.077
158.51 144.685 135 127.44 120.026 115.43 109.643 103.99 103.029 98.6632 98.923 95.4448 96.4399 94.7318 97.4372 93.9982 90.4376 89.6463 90.8224 88.5948 90.4093 91.1252 91.6972 88.4976 92.4005 86.4728 92.2256 90.674 86.2186 87.8704 88.4208 89.5959 82.3809 84.5038 78.7823 80.8935 79.373 82.2337 81.5197 82.6586 81.318 77.3567 76.4587 86.5731 84.0883 86.5675 86.777 90.0753 92.6113 94.9286 97.8828 98.1417 102.92 100.995 104.406 101.901 97.0974 100.961 93.301 95.9993 93.5566 87.1445 88.4068 88.5383 80.7043 78.2724 77.4593 74.7718 72.6523 70.3539 72.7828 67.7597 64.7125 65.3332 60.6712 61.0622 63.8611 61.164 60.4724 61.4491 62.4047 65.7453 68.3936 68.2731 74.3493 73.2982 78.4605 86.4092 89.2515 89.2745 88.9073 89.0935 86.4039 85.7957 80.83 73.3439 66.8539 61.7385 58.0103 55.3727 55.5028 60.2693 61.9266 68.9317 72.6424 76.0466 83.0071 88.4384 88.7628 91.4908 89.2862 84.6341 80.4527 77.8914 75.0434 75.3621 66.7938 66.9124 63.2395 66.545 61.1123 61.7081 60.9851 60.998 60.3439 62.5964 67.025 65.3085 66.8564 68.7055 71.3886 69.4045 74.0783 77.0713 77.0695 79.4304 83.7858 90.4755 92.4223 93.4147 100.57 100.628 97.7351 102.854 101.577 99.4836 98.1296 98.8534 97.8335 96.1339 94.6809 93.9436 88.8228 90.153 89.2625 86.8846 84.4696 83.765 80.5393 76.8631 79.129 81.6414 78.6942 79.151 83.0214 80.4196 83.8137 83.264 85.6715 85.516 84.4683 87.5947 89.8483 89.6603 89.4076 92.599 89.0843 93.6102 88.3638 94.2543 86.8252 89.1047 91.2948 93.6251 89.14 89.466 94.0573 93.5578 97.0399 96.9654 98.3491 102.853 108.048 108.909 113.984 121.94 126.571 135.899 146.415 160.556
157.034 150.005 143.347 131.515 122.718 121.164 111.605 106.372 106.101 96.3859 96.9595 94.589 90.5355 92.7012 88.3051 88.2806 88.3234 83.1799 82.8783 86.1828 87.6302 85.3657 87.2541 89.0823 86.7419 93.3171 91.1914 95.6857 93.2632 93.8446 93.8508 92.3443 99.7644 99.7469 100.412 96.214 101.206 96.1464 99.0002 95.3304 99.1989 95.0843 97.9016 100.452 103.189 98.3292 101.69 105.834 103.636 109.561 112.704 110.49 108.056 110.106 110.832 112.353 107.672 101.107 100.914 98.1173 95.7727 85.9246 83.1909 84.1853 79.1507 77.6093 71.3349 74.2602 72.0809 69.7341 69.2304 67.8531 62.5014 69.0614 66.4059 63.6631 64.8707 64.2715 65.4322 65.6027 63.0451 65.7059 64.6869 64.9922 72.0227 72.6946 71.6202 77.9695 80.5836 88.7641 90.7661 92.7117 97.5245 96.2476 97.0048 84.6653 77.9439 70.2438 70.2455 62.7823 65.6371 68.3337 71.6873 78.1068 86.7408 85.7265 95.7127 89.6314 89.6591 90.604 83.6079 79.2517 76.6508 77.8903 69.9887 69.0591 66.705 67.5316 68.0132 63.5744 67.1537 65.8438 64.8881 63.2793 64.0878 65.0316 67.7185 67.8632 66.3566 69.1404 69.2895 72.3235 73.9428 73.8872 76.2903 77.7352 80.0472 83.0499 90.1941 98.4409 96.5739 97.7865 103.041 104.899 107.323 111.771 106.208 113.708 109.528 104.541 103.571 105.854 104.927 100.186 105.799 104.999 97.3418 99.6887 97.9099 101.941 98.0409 98.6819 96.2988 95.1314 100.784 100.935 103.654 100.429 96.6856 98.4966 97.2148 90.2296 93.2683 93.5757 95.6696 87.9943 88.8579 89.2401 87.9157 84.0691 87.4276 83.7419 85.8652 84.5236 91.2102 87.755 91.5116 95.139 97.6924 99.3183 96.3004 104.874 109.18 117.565 119.793 124.238 131.428 138.365 149.55 159.646
166.132 158.428 145.277 135.897 131.826 125.296 119.203 115.682 111.523 105.23 106.328 99.1529 97.5189 99.1049 92.0516 91.8736 93.1365 90.5093 91.4137 85.9261 87.2594 87.3381 85.7324 86.1232 82.5216 88.5183 85.6269 86.1245 90.1808 88.7051 93.0205 94.2779 92.8052 99.6153 96.231 100.052 103.569 105.234 106.899 111.801 111.703 121.514 120.606 123.339 122.18 124.79 127.899 130.073 123.501 122.644 117.894 121.005 120.209 124.032 123.09 125.569 122.122 124.166 114.468 113.946 106.414 103.153 98.3024 92.4598 90.9224 86.5387 82.4474 79.4146 78.717 75.6306 76.5404 73.5509 72.927 71.1902 72.8022 71.0406 70.4958 71.7118 72.8389 66.6062 70.0442 65.8141 68.0005 70.5019 70.4986 75.6348 73.8492 81.3484 82.8098 84.2865 93.8507 95.6937 97.2448 97.2757 96.4333 92.0925 88.3169 84.6654 78.6365 76.6472 74.0987 81.6344 82.4536 93.6886 94.2 101.991 95.4688 95.011 92.4393 86.3538 85.5165 78.7432 79.6843 73.9309 77.214 70.9571 70.4496 67.1264 68.5535 67.9062 71.318 64.1884 66.9046 70.1546 71.6233 72.3808 73.6232 75.4939 73.1823 78.3361 73.5155 79.9545 78.4756 82.6948 85.825 89.4146 90.3259 94.6133 98.7806 107.063 106.757 116.53 117.993 122.611 117.35 125.421 119.466 124.849 116.576 126.72 119.055 121.455 118.276 124.658 122.34 124.523 119.164 114.988 111.127 113.153 111.413 105.518 104.699 102.868 98.5407 100.448 98.7715 96.1258 96.7476 89.0304 91.121 89.5755 87.4796 86.1125 85.7139 84.9978 89.2968 85.4138 85.3107 89.8599 88.1131 87.6904 89.2677 91.1137 91.3654 94.0912 95.3413 102.064 103.035 102.306 110.308 112.417 111.64 121.471 124.968 129.394 139.385 143.126 151.175 164.25
168.8 159.299 150.375 138.692 133.461 130.827 128.688 122.004 120.494 113.548 111.728 112.497 108.746 103.39 98.7767 97.2563 97.6302 97.0725 93.7807 93.4132 90.2077 87.852 93.2747 91.5211 89.131 90.4606 87.0795 90.4082 87.6275 90.2507 90.8538 90.2641 96.7176 95.5091 96.9872 98.9252 105.357 106.282 112.217 113.201 118.738 120.852 121.75 124.114 126.494 130.738 131.218 129.282 135.351 133.754 128.269 125.729 128.648 131.899 128.467 130.469 133.5 134.495 127.588 130.199 123.862 126.426 116.82 117.262 118.765 112.869 106.624 108.465 109.21 101.53 101.226 96.306 95.7001 95.0087 92.8709 89.0842 88.2807 87.8253 86.5298 83.4853 80.3318 79.4602 83.1853 80.4036 75.9176 82.7384 77.9492 78.8565 78.2855 84.1061 88.8213 87.0814 94.4429 100.174 96.0083 96.0894 95.3838 89.8754 86.0331 83.8516 87.1061 88.4992 89.3972 96.9091 96.2056 95.1924 96.9391 94.1129 87.592 88.3872 83.0613 78.5274 83.4779 80.3695 80.6355 78.187 77.0939 81.7767 78.4817 82.6988 83.5335 83.0789 84.7919 87.2151 85.8697 90.5642 94.8624 92.9583 100.632 103.13 102.866 103.803 107.664 106.27 107.317 115.76 117.605 120.083 123.555 127.952 128.422 131.232 132.141 130.416 133.302 128.323 122.096 125.16 127.461 130.193 130.017 130.343 133.95 133.046 128.052 128.743 127.625 122.279 119.474 115.599 114.017 110.373 103.541 106.823 99.9973 100.52 95.4144 94.8799 92.4567 94.4406 93.0801 88.2815 91.0361 92.7614 90.6497 91.4372 86.934 90.9145 94.6315 94.0783 97.3319 93.5524 90.9553 98.9374 98.5911 98.9839 103.362 102.669 112.57 111.185 114.442 116.231 120.487 127.602 136.634 141.132 145.898 149.01 155.027 164.579
170.461 162.168 150.822 149.433 137.964 131.332 131.064 123.866 121.385 115.879 111.98 114.292 105.233 107.616 101.064 103.986 104.584 103.824 98.2315 99.6026 98.5438 95.4327 99.0894 96.3765 96.8231 97.8191 93.815 94.5545 93.9755 96.9706 97.7474 101.607 99.8417 99.6311 104.976 106.085 110.149 112.717 116.849 117.911 118.884 118.159 123.475 124.031 119.742 125.152 123.882 126.102 119.857 119.034 125.968 126.137 125.039 127.924 127.984 130.895 135.171 134.091 137.177 136.23 135.157 139.675 135.178 135.956 138.507 134.4 136.652 134.001 132.797 131.332 130.01 125.601 119.754 123.246 118.989 114.549 116.836 113.577 108.664 105.689 105.363 101.863 100.691 101.297 102.188 100.62 98.5297 97.3425 96.5879 96.5184 98.6831 98.9761 98.8347 100.926 100.179 98.6687 98.1029 103.476 93.7308 91.2132 93.5602 99.0185 101.423 100.971 101.785 96.3261 99.5834 96.5339 93.0199 93.025 93.4024 99.2902 95.0499 99.0865 103.432 98.1461 103.498 104.772 106.468 106.775 108.952 109.812 113.129 116.208 116.142 118.031 124.972 122.209 129.891 128.587 135.369 132.956 135.944 136.324 135.212 135.142 135.615 136.037 141.601 137.583 136.262 136.928 135.021 132.448 134.218 129.482 123.806 124.136 127.212 121.379 124.416 116.548 119.64 123.55 122.544 120.569 123.867 120.415 121.519 124.425 115.791 117.271 111.822 109.153 105.395 105.413 105.131 102.161 100.176 98.3746 98.4088 94.3608 97.4781 93.8036 97.7414 96.7847 96.3359 100.751 96.2465 100.213 95.1517 97.1066 106.732 100.557 106.537 107.251 110.149 104.762 114.409 113.822 117.278 118.686 125.792 132.248 131.817 137.185 143.98 151.39 157.496 168.869
168.038 156.663 149.734 142.155 136.999 136.97 130.743 124.992 122.365 122.968 116.188 115.379 109.867 106.362 107.063 109.041 108.405 107.227 110.606 105.924 104.068 103.52 105.233 103.79 100.722 102.558 106.269 99.8841 105.016 107.041 106.645 109.52 107.83 117.697 117.478 115.649 120.872 121.392 125.922 121.935 119.81 119.607 118.158 120.839 116.144 113.507 115.545 113.307 111.006 113.286 117.077 114.893 117.026 120.113 123.824 128.676 125.708 131.424 131.38 140.191 141.335 143.253 142.864 145.41 145.731 142.522 145.866 146.628 151.011 144.997 150.379 146.169 145.652 140.626 140.165 139.769 138.854 142.692 136.277 137.221 137.303 130.76 130.389 128.696 125.454 124.683 119.34 119.912 118.83 116.059 112.089 118.948 112.152 113.6 105.229 106.846 111.136 106.686 105.12 106.02 104.934 108.481 109.971 109.815 111.091 108.948 109.633 111.911 113.81 114.871 118.049 117.238 115.243 120.937 126.456 127.349 128.14 133.523 131.75 132.762 136.068 137.694 134.939 138.755 145.893 139.537 143.775 147.345 145.18 148.639 147.632 145.234 147.654 149.705 144.897 149.556 143.819 147.335 142.301 140.833 138.673 134.033 131.491 129.362 124.844 126.142 123.209 116.725 117.043 113.492 116.109 116.497 117.196 116.908 113.862 119.825 120.793 120.424 122.332 123.898 125.495 123.67 122.86 119.556 119.448 118.451 111.198 112.45 108.365 110.312 105.9 99.5759 106.335 100.432 103.828 103.931 104.463 103.385 105.265 106.111 105.463 103.203 101.181 105.275 106.341 110.457 107.87 115.326 116.164 118.296 122.893 123.097 124.34 128.407 131.024 141.449 145.423 147.954 159.11 169.688
165.018 151.965 149.094 143.319 136.771 131.449 125.466 124.433 128.729 118.513 122.306 120.422 116.261 120.203 116.705 116.039 115.307 115.024 109.076 114.832 108.622 111.654 115.712 111.538 109.321 110.653 113.545 112.589 117.984 119.256 123.483 123.803 128.579 127.055 128.352 127.478 132.2 129.927 131.487 125.235 126.627 127.979 122.502 118.778 115.584 118.578 114.864 117.737 113.28 114.514 113.804 114.839 116.407 117.408 120.895 122.442 121.169 130.743 126.598 133.613 134.755 139.758 147.966 142.361 146.527 145.906 142.526 144.099 142.546 140.308 143.382 141.362 143.789 147.979 141.171 147.639 149.25 151.15 155.61 149.063 151.153 151.859 148.485 145.431 146.669 146.354 145.198 141.276 144.966 139.562 138.656 138.243 130.349 127.933 129.829 130.036 123.185 123.77 120.864 123.957 119.781 123.561 124.803 121.564 126.202 130.344 132.222 135.992 135.146 138.457 142.751 142.546 144.041 141.145 145.109 149.666 147.159 147.766 147.414 151.858 156.855 151.375 145.72 155.45 147.409 143.175 144.084 141.116 144.072 136.918 139.675 143.667 142.17 141.058 142.827 146.088 141.862 145.939 142.681 137.486 134.747 129.475 124.218 122.888 122.121 119.92 112.668 115.19 115.459 115.666 116.046 115.022 118.767 118.333 117.051 121.472 119.211 125.585 126.761 125.59 128.014 129.792 130.508 132.533 133.142 129.68 128.183 126.61 120.147 120.896 121.349 115.359 113.836 112.577 112.843 111.598 110.334 111.061 109.904 114.327 111.308 111.668 112.553 111.038 115.069 116.089 112.921 121.177 114.059 122.234 117.804 126.861 122.46 130.008 130.895 137.215 143.436 147.641 153.839 163.29
164.977 155.678 148.831 143.196 138.005 132.224 127.565 126.005 128.82 121.726 127.152 121.128 123.131 126.04 120.803 122.82 122.661 124.378 119.387 123.492 120.14 121.53 123.762 121.498 121.86 129.587 126.698 134.124 133.583 136.244 135.863 141.257 140.009 141.75 145.265 137.891 143.742 135.764 134.426 135.187 134.084 131.308 131.137 126.054 128.391 126.648 126.741 122.096 123.603 125.165 126.32 118.273 122.41 123.175 122.026 125.459 121.657 126.807 128.328 132.209 135.389 134.357 140.448 140.136 142.169 140.367 142.92 138.007 132.139 133.315 130.388 131.519 131.833 136.058 134.722 134.461 137.417 138.497 140.531 144.974 147.088 152.725 153.579 153.846 152.907 152.435 155.572 153.255 156.133 151.079 152.823 149.042 147.715 145.555 143.724 140.106 135.833 134.813 128.835 129.287 130.957 131.869 134.69 139.919 138.066 146.37 148.73 148.433 148.419 153.204 154.213 155.098 155.777 157.827 155.7 158.227 154.145 152.372 145.687 149.531 144.5 141.901 137.653 140.107 140.61 136.39 134.081 130.477 134.503 134.453 129.054 133.864 138.568 137.772 142.293 140.948 141.849 140.027 140.576 133.527 130.113 130.384 124.22 121.435 121.564 124.915 126.422 121.511 121.723 120.048 122.297 125.038 118.879 126.374 125.346 129.14 127.968 127.588 131.29 131.192 134.086 137.601 134.814 137.3 141.619 140.395 136.572 138.688 142.417 138.642 139.65 132.011 134.225 127.923 129.685 127.593 122.109 121.662 119.473 123.306 121.145 117.611 124.754 120.642 120.684 126.182 129.979 123.477 126.933 125.615 126.125 125.605 130.163 131.428 137.087 134.693 144.828 146.858 156.898 161.897
160.508 153.845 141.64 140.543 133.39 132.068 128.691 127.237 124.091 126.76 122.739 122.779 123.411 120.154 120.193 118.925 121.109 123.632 118.681 120.486 125.226 123.234 125.697 127.861 133.348 138.197 138.523 140.286 141.224 144.17 147.251 146.206 144.274 141.976 142.884 139.805 139.84 138.457 134.781 133.372 140.166 132.101 128.902 134.089 130.714 133.598 130.768 128.965 129.686 129.741 128.072 130.057 132.781 129.834 132.669 127.864 129.69 133.02 128.512 128.52 132.213 128.456 131.845 133.388 133.138 138.411 135.618 139.302 139.223 135.159 131.834 138.635 136.522 136.498 137.19 140.407 141.066 139.738 143.935 141.448 138.426 139.194 140.496 143.367 144.758 148.886 145.885 150.542 152.087 150.982 157.564 157.57 156.462 155.961 156.12 159.041 157.259 150.727 147.212 143.887 148.714 146.299 154.403 156.541 158.179 157.777 155.81 153.661 154.873 149.514 150.414 153.809 146.354 148.14 147.048 144.568 147.002 146.902 140.824 146.244 136.859 139.048 139.173 136.168 136.213 141.801 133.292 134.489 135.473 135.628 133.927 130.244 138.095 136.815 136.741 138.399 129.474 134.264 132.635 129.221 131.389 131.638 129.818 130.012 127.449 129.434 133.061 130.68 127.156 129.222 126.603 132.438 128.254 131.602 125.974 125.682 128.356 130.77 128.527 134.434 135.17 133.372 136.468 139.246 142.121 143.62 142.874 144.505 139.742 145.22 142.731 142.178 137.668 136.578 134.557 131.647 128.518 125.117 124.832 128.149 122.37 124.366 119.61 122.796 119.902 120.246 124.612 124.127 123.116 126.667 125.631 127.253 127.173 128.42 131.242 135.634 136.492 142.931 150.683 163.985
158.675 152.426 144.47 135.068 133.075 126.206 124.804 123.821 122.941 118.465 118.075 113.508 117.781 113.236 115.669 114.149 116.952 118.54 117.537 116.862 120.994 122.587 130.361 126.362 135.746 131.212 136.701 130.185 135.526 134.086 132.204 138.198 132.964 131.036 128.855 130.547 125.453 121.111 120.768 122.91 120.974 123.659 116.759 120.634 117.626 118.019 121.43 118.97 120.886 116.607 115.299 115.79 120.393 115.673 122.051 118.95 117.811 121.822 116.79 121.085 118.132 126.695 121.885 129.47 128.513 131.27 132.695 139.559 140.803 135.571 137.222 137.426 137.595 135.761 134.877 136.385 129.882 133.173 133.855 135.179 131.252 135.376 135.6 141.064 138.494 136.312 139.781 140.696 142.575 142.965 151.808 150.726 154.805 158.395 161.711 159.535 157.324 155.041 148.844 148.909 143.841 146.338 152.708 161.918 158.638 155.771 160.63 154.339 149.77 144.742 139.456 141.411 143.847 137.118 140.793 135.254 138.004 133.533 134.414 133.896 133.145 138.571 136.03 134.626 133.646 135.363 136.302 143.415 137.705 137.252 140.605 137.478 131.694 137.321 126.083 131.028 128.813 125.459 127.371 123.762 122.068 118.148 122.793 118.921 116.325 116.973 112.328 119.578 117.511 118.772 117.14 116.431 115.266 119.241 117.439 122.507 119.003 119.57 121.691 124.371 117.658 121.785 126.588 125.739 125.137 127.866 129.657 129.849 136.076 133.209 136.96 136.217 133.274 133.656 128.68 131.712 130.331 129.26 124.909 120.531 119.167 121.072 117.017 114.77 115.628 114.286 111.244 117.49 116.438 117.484 119.396 126.096 122.364 127.646 129.138 131.335 136.164 144.101 152.777 164.758
158.526 151.285 147.891 143.574 136.637 131.309 125.71 125.095 120.019 120.139 119.855 117.582 114.691 115.749 118.755 116.462 119.625 123.203 118.601 126.681 122.001 127.963 126.337 124.263 126.807 130.675 128.025 125.257 125.219 124.313 124.67 119.28 114.139 114.249 115.984 111.528 110.981 109.728 105.887 101.619 106.894 104.003 102.191 105.6 106.085 103.01 103.856 99.3949 102.253 100.561 102.845 102.953 105.913 105.233 103.023 108.411 110.874 107.708 106.445 112.084 115.988 111.217 121.014 115.348 118.623 126.748 131.76 129.628 131.985 136.61 134.269 136.541 137.046 134.022 130.166 128.787 125.574 119.98 121.19 119.994 119.926 124.787 120.71 119.63 123.793 123.682 125.45 126.628 129.089 137.465 140.799 143.76 146.471 152.333 148.802 152.207 146.418 139.23 136.27 133.814 133.063 141.493 141.679 146.867 153.758 152.37 151.569 145.298 140.443 141.378 135.365 131.841 130.003 124.759 127.462 124.922 122.408 119.195 122.695 122.296 120.659 121.482 125.109 126.82 124.954 134.354 133.534 137.283 137.769 137.079 131.48 129.981 129.379 129.125 124.175 116.855 115.474 116.378 115.554 109.67 111.14 116.846 112.479 107.204 111.152 104.788 104.195 100.736 97.7571 99.1977 101.593 107.507 98.7739 100.291 102.834 103.54 104.031 106.636 98.2528 103.074 110.042 106.881 110.612 108.522 112.015 114.264 117.38 117.238 118.537 119.414 125.843 127.337 129.826 126.627 128.375 125.103 130.06 126.603 130.005 125.991 124.233 121.03 117.917 119.387 114.914 115.765 115.242 119.779 118.833 118.343 121.24 120.681 124.791 128.29 129.889 136.278 144.516 146.347 152.572 163.855
164.258 161.669 157.66 147.873 147.484 139.497 135.45 132.675 129.534 129.681 127.839 123.852 123.254 120.783 129.072 125.283 122.49 126.127 125.293 128.86 127.515 129.13 131.322 129.675 124.442 121.963 116.51 117.685 118.132 110.762 109.677 104.942 100.877 104.334 104.188 96.8116 99.6546 99.2555 97.9736 97.4388 98.9323 99.9572 97.4206 99.0277 97.3772 95.8086 101.123 100.539 99.7251 101.375 102.038 103.498 101.434 104.2 103.74 105.266 106.773 102.305 106.264 108.281 104.062 109.049 110.469 109.12 110.307 115.198 120.157 120.699 124.269 126.931 123.913 127.97 130.065 122.95 124.129 120.158 117.445 114.107 108.867 107.423 108.449 104.464 103.767 104.98 109.707 112.967 117.169 119.475 120.792 130.348 134.901 139.11 136.559 132.728 135.423 128.172 121.676 113.419 108.252 102.738 108.187 106.002 115.199 121.341 130.157 134.239 139.126 140.839 134.083 134.754 128.036 123.709 117.971 114.921 112.671 107.572 108.561 104.159 106.098 105.461 106.34 112.186 111.209 117.17 118.731 120.312 127.096 126.558 127.918 128.164 129.906 121.687 119.981 119.597 115.878 109.145 106.441 105.85 105.887 105.828 102.941 107.419 101.691 103.423 109.278 102.378 104.117 104.135 102.787 104.813 106.261 100.192 98.686 99.9146 101.78 98.7509 98.5571 98.6542 95.667 96.5614 95.5419 97.1246 105.091 99.9854 101.688 103.24 101.404 104.728 105.477 113.185 112.492 115.872 115.235 118.406 121.524 124.322 125.346 128.673 126.692 132.277 129.805 130.291 126.594 124.61 119.017 122.234 121.527 119.796 129.808 126.849 126.997 128.433 131.6 135.168 140.178 137.131 149.944 153.355 159.16 166.658
174.838 170.027 162.205 156.117 150.78 146.002 146.888 135.339 138.714 130.563 135.728 128.588 130.706 134.157 130.545 128.499 131.712 131.763 128.607 129.812 123.52 122.343 118.204 121.229 111.735 108.591 105.868 101.599 102.496 102.144 100.019 98.2208 100.819 95.153 103.345 99.9505 104.47 101.017 106.472 103.682 104.877 99.9297 102.286 106.139 102.101 101.683 105.979 103.012 100.356 102.68 98.5991 98.764 97.8623 99.9406 94.1755 95.579 93.0877 95.7372 95.576 88.3958 91.2665 92.7031 91.2107 90.5225 93.5978 92.5062 97.1238 94.281 98.7217 103.01 105.806 106.855 108.833 112.52 113.404 114.273 111.186 108.266 109.985 105.937 101.656 107.162 105.569 105.089 112.523 111.717 117.039 116.448 123.366 123.764 121.48 121.845 118.199 110.878 107.592 99.4543 92.8831 85.5101 77.2162 75.8575 77.4085 75.1973 84.4934 95.2565 103.549 107.537 109.064 119.9 125.067 117.311 117.803 120.127 118.22 118.938 113.612 108.945 106.296 106.956 106.511 106.027 106.093 107.959 106.542 110.882 113.46 117.723 115.129 111.28 107.391 108.082 101.232 98.3745 96.8976 95.8108 94.8584 93.6088 92.8353 90.733 98.2789 90.4658 92.5824 92.1212 92.5836 94.4015 93.6131 94.8393 96.933 98.5987 94.2429 94.724 102.786 97.2179 102.786 99.4186 100.254 100.142 108.276 102.353 108.079 100.903 101.534 102.64 103.003 102.308 98.6975 98.5837 101.191 98.3693 94.8423 102.943 102.481 103.834 103.91 108.422 114.403 115.685 117.842 118.506 123.261 125.963 127.837 129.615 127.169 129.582 135.808 132.201 126.547 127.162 128.95 131.144 135.481 133.338 137.146 142.802 149.44 152.394 156.236 162.211 165.032 173.074
182.312 174.144 165.763 160.263 159.427 150.896 151.916 141.733 140.671 138.59 137.993 135.235 134.551 136.483 132.331 128.555 125.975 121.852 119.92 118.393 121.716 113.118 108.741 108.844 104.613 107.584 104.585 108.196 108.384 105.256 103.226 102.85 106.242 102.271 105.858 101.764 104.304 102.991 100.36 102.188 93.0875 99.6201 98.3496 95.3181 92.8086 90.4782 89.8352 85.9226 82.2084 85.1404 82.6395 85.156 79.4263 79.1083 76.794 76.4706 74.477 70.1094 73.9217 71.8644 72.5422 71.8156 71.6847 74.7925 75.7203 73.9746 75.5381 81.45 83.3028 87.7246 89.3475 96.5547 105.458 103.571 112.629 113.352 115.077 113.961 113.158 112.3 112.073 113.854 108.569 106.936 106.144 106.85 110.162 108.176 113.406 109.109 100.818 99.2666 88.6724 85.2629 80.2207 75.5842 72.7649 64.4706 61.4105 58.6937 59.4154 58.3874 65.6422 67.9468 71.79 80.2806 87.0865 89.9041 100.278 103.716 107.424 110.45 108.456 105.112 108.117 104.673 111.959 108.296 109.718 111.758 114.796 117.181 119.081 118.209 111.816 111.002 108.237 102.117 100.427 92.5953 87.5511 83.9308 81.0101 79.3328 75.175 76.8544 69.3557 73.7223 72.2987 71.8584 71.7778 73.0927 74.5581 74.7194 75.2979 74.9812 79.7358 75.089 80.9513 81.6421 80.6758 82.3855 85.3362 87.7265 91.0063 95.9152 93.4447 94.6876 99.4475 97.4137 102.793 102.97 108.604 105.968 103.614 107.296 104.961 103.662 103.607 103.155 106.078 105.467 103.508 104.408 110.205 104.707 107.06 110.189 112.904 113.577 117.66 120.877 122.125 128.09 127.193 131.745 133.845 131.845 136.919 137.306 136.435 138.38 148.617 148.92 150.596 156.398 161.172 166.251 174.336 179.99
178.457 174.627 168.71 159.252 154.909 147.336 148.152 145.578 143.974 137.053 134.973 133.855 127.49 126.881 123.683 119.496 121.336 118.147 110.25 113.399 111.811 108.797 111.444 113.381 110.732 108.665 102.63 103.468 103.555 103.212 104.38 100.688 99.8562 97.1775 93.5669 85.5642 91.2901 90.9286 85.8946 83.1472 82.8505 75.0132 76.3366 78.3722 73.6147 74.7772 71.4848 67.233 66.6227 68.6783 66.4179 65.2933 66.381 63.7086 63.7541 63.295 60.6216 62.3638 63.3422 66.2177 64.8937 65.0554 66.9195 71.273 71.603 74.9265 78.2705 81.3005 83.8231 84.0257 90.6046 96.4435 98.1686 99.6149 103.952 104.346 107.197 105.331 107.372 109.792 104.364 105.553 103.624 100.707 106.806 103.213 100.58 98.7377 94.1094 90.2223 85.72 80.7739 72.6792 73.1897 65.8358 59.0603 57.8018 51.7923 47.4765 47.8221 46.9519 49.3049 51.5097 56.0914 60.5859 66.4148 70.0327 75.3179 81.0438 83.8898 92.0121 93.4142 96.8437 101.234 101.081 101.058 100.446 103.324 106.216 106.187 104.701 106.924 105.947 105.29 107.17 100.3 95.1873 95.8849 94.3634 90.0065 84.5075 84.8692 81.9641 76.3631 77.1697 77.3408 71.2743 70.0738 67.0835 66.1569 63.9152 62.0958 67.2594 62.9089 60.0891 61.6823 63.4554 62.3055 64.3198 66.8709 66.1389 71.4176 71.5834 74.2434 73.8203 71.7704 75.4155 79.132 81.3403 80.0231 86.2974 85.5685 86.6874 88.6792 93.1542 91.6329 96.04 100.34 100.648 103.642 101.944 105.778 108.379 104.943 106.65 109.043 107.888 107.089 112.588 110.309 107.334 113.734 112.713 116.556 119.206 123.488 129.092 125.56 132.472 136.422 139.732 139.623 148.161 146.38 152.058 156.222 160.149 166.106 170.247 178.366
174.076 166.813 161.254 157.984 152.036 148.529 145.362 137.128 136.29 134.489 130.173 128.758 124.789 127.407 123.243 117.198 112.968 116.435 113.453 111.006 111.329 110.522 113.39 105.833 102.629 106.023 99.9446 99.4807 98.9823 89.9114 88.8357 92.2031 86.4849 84.492 84.8484 80.7099 79.5976 78.2536 77.7066 72.7658 73.3277 73.7963 71.2301 70.8111 65.52 66.628 66.1651 62.5104 60.0065 62.4198 65.9772 60.6066 59.8785 64.8149 62.9757 68.6824 65.9895 68.7668 68.1663 72.0937 70.8544 72.2344 75.5196 78.7047 80.4257 72.4545 77.88 78.1553 81.2661 77.1733 79.4282 81.5365 79.2753 82.3083 82.8061 90.5307 92.0683 94.9185 96.8115 95.5585 105.795 107.742 103 100.797 106.321 103.893 101.183 95.199 90.4943 83.2177 75.4554 68.441 62.8331 57.6512 55.7167 51.065 49.862 45.2515 43.1557 40.8211 42.7029 43.6769 46.5744 49.7058 53.3583 55.7739 61.5518 61.1426 71.5495 74.5328 82.6157 88.2434 92.2636 98.8544 106.03 103.914 104.225 108.327 104.824 100.522 100.974 99.6745 93.624 90.9416 84.5636 83.5159 82.1711 83.237 82.1736 76.9437 79.198 79.7349 79.9009 77.8775 81.8651 75.9971 76.9005 77.9152 77.4362 72.9126 72.6718 68.2304 72.1508 65.2551 62.9671 63.1061 62.3529 62.0033 59.2891 63.4602 59.766 61.7938 63.751 65.1987 66.0051 65.4117 70.6275 73.0156 68.8711 73.7517 72.8149 77.8007 78.502 76.7438 80.7457 82.7123 81.3342 86.9678 88.7077 88.3401 90.6712 97.5889 98.2514 98.7342 105.246 105.367 107.634 110.054 106.871 112.313 111.017 117.041 113.14 114.892 120.117 117.975 126.35 128.776 128.774 132.782 130.81 134.394 142.854 143.77 153.06 149.957 155.741 159.777 166.643 173.438
169.365 167.298 159.838 153.115 152.411 149.785 144.473 143.171 132.622 131.472 126.113 125.841 120.557 118.495 116.388 116.109 111.553 109.498 107.981 107.958 110.621 105.465 99.3456 102.598 101.654 92.511 91.9664 95.6854 91.1978 91.8596 90.9797 85.4336 87.8501 84.4658 77.547 83.5054 78.2394 74.0234 81.0662 76.7989 75.6523 74.9614 71.8249 74.8431 71.1169 69.8363 68.9007 66.773 66.0871 66.2777 69.546 67.4436 68.1118 74.6193 70.0867 74.7434 74.3167 77.8188 70.9232 76.0066 75.6128 72.9547 73.5186 75.5362 73.5236 69.5511 68.0071 69.5826 66.8603 67.7733 62.0437 63.0077 62.1941 64.3583 69.5702 71.9484 77.9732 82.8378 87.3601 97.9502 101.444 109.067 106.677 110.698 104.649 104.593 96.6694 90.2825 79.919 78.6542 69.1396 63.7641 59.2977 55.0998 55.4645 47.3636 45.8511 43.4372 41.0214 38.6838 38.4552 39.5468 42.1549 44.4701 48.8565 53.4537 57.0295 59.5775 64.3938 71.8662 77.5861 79.71 90.4203 98.193 102.692 105.716 110.428 106.561 109.196 102.41 91.8107 86.8275 82.6555 77.3334 72.8877 69.1721 65.1987 64.2887 62.8533 62.9695 64.0341 66.5258 65.577 66.6745 68.4772 73.9626 75.0407 74.723 73.9196 75.8274 75.7015 78.2803 74.5062 75.9759 70.1582 71.2898 71.2822 67.1457 65.7794 63.7582 65.8016 67.882 65.3182 70.038 67.9271 70.9768 72.5888 72.5674 70.3162 76.8351 77.2148 78.7233 79.3195 78.8528 81.8822 81.8667 83.0293 86.8808 86.4743 91.4832 93.6939 93.8874 94.2129 95.7999 92.3206 98.0143 97.8878 102.346 105.964 103.665 108.649 105.977 107.805 112.826 109.834 115.577 120.717 116.976 122.745 130.681 129.739 132.571 139.811 144.007 143.844 150.875 156.534 155.06 160.667 170.432
169.828 161.636 160.704 153.153 147.417 143.311 135.102 134.417 127.128 120.304 121.215 121.204 111.579 109.994 109.446 108.53 103.224 103.163 104.394 99.0979 96.3887 99.648 99.9495 95.3678 94.7146 97.7085 95.4608 90.5851 92.4652 87.2762 86.5159 85.2808 86.2136 83.6935 82.0556 83.8234 87.0371 83.1894 83.2684 81.4566 82.2659 77.1126 79.9931 77.3755 77.9659 78.434 73.2061 73.9657 72.6186 75.9153 77.1317 76.602 79.7886 77.2419 74.7125 78.5534 77.6855 74.039 68.5779 68.8927 67.6584 66.9957 66.2819 60.5905 62.9417 56.8082 54.7405 55.6215 55.7016 55.2893 57.3636 55.5737 56.2085 59.7035 60.5725 63.7825 69.9106 78.6666 84.1567 93.5804 96.5276 101.014 109.712 108.172 102.352 100.786 91.8996 87.4689 85.7649 75.0432 70.3389 60.0965 59.6599 53.189 48.7395 48.2331 43.2866 42.3809 38.8434 38.6369 36.8293 38.0524 41.2342 44.194 47.4449 50.5795 54.8831 58.7954 63.8246 69.3499 74.394 82.9748 86.3218 93.3816 102.056 103.322 104.959 107.162 101.978 100.482 92.1575 85.3066 77.9574 71.6162 66.6092 59.042 58.6618 57.2953 55.7967 55.2471 56.1813 55.314 58.033 58.5614 58.0071 61.862 62.6661 64.3353 67.6142 67.5974 71.8998 75.4262 73.1599 79.5645 74.9792 76.2503 76.1045 72.9049 79.7903 75.0429 73.612 72.958 72.2668 74.7136 78.8725 72.4184 80.743 79.335 85.0418 81.1311 77.5869 81.5439 83.8105 81.4771 84.9005 89.4582 83.0712 85.7271 87.0161 89.7573 84.4753 90.8479 88.1688 91.2171 93.315 92.3927 97.5367 99.0256 100.98 99.448 98.9806 101.086 103.408 108.69 103.534 111.287 113.505 114.112 117.762 117.521 124.224 126.564 134.772 136.837 143.577 146.643 151.931 155.815 164.027 170.665
170.462 160.484 154.977 150.511 139.347 136.452 131.058 127.941 126.177 124.411 119.297 118.169 110.962 108.696 106.39 107.692 105.272 100.524 96.1743 96.5684 95.4029 94.4729 94.7803 89.4531 87.9185 93.0038 92.2045 90.0726 89.8002 86.2476 86.683 86.1619 86.2546 84.5685 86.1473 87.0431 89.3708 90.9247 86.7642 85.8305 87.1047 81.6308 82.7345 83.5439 83.9015 83.4649 83.7164 82.9599 81.1017 84.9993 79.483 82.6588 84.7647 76.7417 77.8105 77.3076 72.3646 70.0201 66.8861 62.5612 63.2835 61.3737 58.6558 57.3304 57.3534 55.4066 53.7422 55.5029 54.4592 53.7545 55.4747 57.1944 57.1027 60.1458 62.9935 68.631 76.1416 75.1165 83.8279 89.8957 91.8769 93.9809 100.802 96.9589 95.1595 92.8598 87.5376 87.3979 79.7178 77.9446 72.4461 64.4561 59.3355 57.2122 54.8007 48.9144 45.5814 39.5543 39.618 36.8981 39.8205 38.6252 42.0849 44.2524 48.0914 53.2064 55.5183 59.7024 65.1607 72.0009 74.1286 82.4399 83.9105 90.2187 95.1326 92.3819 100.117 100.814 94.7183 95.4241 89.5039 86.5346 81.2555 71.857 67.2903 64.5417 60.3157 57.7443 57.3979 54.6872 54.6701 51.7943 53.9519 54.5326 54.6329 57.349 56.1058 56.0142 60.6507 63.5324 65.562 65.7821 66.5967 72.2798 74.8935 74.9911 81.1976 79.8756 75.1357 82.5199 85.9309 80.8315 83.2904 79.0159 80.257 80.6898 90.1291 81.5827 82.4647 87.6791 81.8275 90.9831 82.6656 85.3483 85.4761 87.1594 85.5411 84.726 87.0128 93.597 89.7531 92.8869 90.8934 90.476 89.4645 88.6932 92.7309 92.3564 94.2574 95.6187 97.9501 96.9596 101.721 101.074 104.275 107.849 112.586 116.016 116.624 122.209 124.592 122.858 126.602 128.319 138.395 138.849 151.612 156.903 160.482 167.1
167.76 159.95 151.25 141.823 137.852 131.551 125.569 126.262 122.12 117.145 113.702 106.716 107.804 108.494 108.217 107.037 103.696 100.033 103.969 101.268 94.8457 94.9429 96.6976 93.2223 94.04 89.1284 91.077 89.6812 89.4649 87.0077 87.263 82.5399 84.3986 85.2696 86.9701 87.4321 83.0599 87.9112 90.6839 88.124 91.6101 91.1431 90.4286 89.0434 92.6186 86.6868 92.2304 85.8618 85.3092 87.4439 85.359 81.7595 75.4055 79.1836 77.2504 72.1288 71.2886 70.2286 66.8824 67.5471 62.6065 63.9784 61.5773 61.5051 61.3281 57.1484 59.3607 57.8603 55.7787 61.1816 58.2619 59.6267 61.9675 64.4376 73.2297 76.6019 79.0347 81.8509 89.5055 88.82 90.5536 88.8049 88.7133 87.5002 87.849 83.4906 86.5671 83.207 83.6856 76.8478 74.634 70.335 66.3467 58.1414 52.9931 50.9984 43.8301 43.2688 43.2546 40.668 39.8546 42.3816 42.3479 46.8506 51.3122 54.8705 59.3843 63.7879 69.9441 76.0372 78.9673 80.5928 88.4915 86.1244 84.6796 88.3407 86.1376 86.1772 91.9443 88.9882 86.9912 88.7557 85.8444 81.2419 73.9841 71.1256 64.9092 66.0802 57.2171 59.1378 60.4128 59.1529 57.8276 56.2843 59.2335 60.1259 57.7641 62.3276 63.1104 63.8144 66.49 68.6308 71.5053 72.4628 74.3643 82.1124 80.5075 80.1221 83.6866 85.5608 76.2111 87.0854 88.3514 83.5368 87.8031 86.2035 86.5683 90.5583 88.7764 90.1453 92.0398 90.9088 91.075 89.0342 86.9427 89.0828 84.3165 85.6685 90.6809 86.0393 87.0305 88.417 90.0796 87.4668 93.0596 88.2985 93.0359 97.0404 96.7088 98.7585 94.0706 99.8944 104.671 101.804 107.492 110.227 108.998 107.542 111.502 113.986 116.114 117.521 125.861 128.998 129.961 140.03 147.027 151.878 158.447 168.702
166.584 159.13 147.002 141.111 130.754 131.634 121.077 115.215 109.747 109.758 109.215 102.83 101.315 99.8732 100.478 98.5071 98.4604 97.2679 95.1664 99.1322 99.138 97.3716 99.0986 100.229 95.7494 95.0623 95.5377 97.28 94.224 95.2891 96.0838 97.2304 94.4556 93.5152 93.8719 97.6461 97.0183 99.6706 102.224 98.2089 91.0153 92.7331 96.9574 92.7195 86.38 86.5834 86.8259 87.7174 86.0856 89.3037 81.9045 82.8485 79.4165 80.2116 79.4981 78.5856 73.7664 75.7057 75.3541 72.3517 70.1173 67.4966 72.4362 65.909 68.2489 65.1361 66.3174 66.6015 65.1499 65.5023 71.4809 70.6986 75.6926 78.8349 81.2977 85.7704 83.4077 91.169 84.9317 86.8902 82.3294 82.1566 78.3974 75.9987 74.5618 76.8744 77.0355 75.7637 80.384 78.5628 79.8879 77.0952 74.8499 69.0537 63.5211 52.5625 50.8243 47.9821 44.1379 44.1218 46.789 46.7311 49.0448 51.8676 52.1891 59.6657 66.1905 71.4021 70.8324 74.5402 75.4941 77.536 78.3777 78.098 76.0453 76.0184 77.2628 80.0839 80.5396 83.1864 88.3833 87.5771 87.1978 90.4876 87.504 80.2137 74.5819 74.9171 74.1729 66.2602 64.3336 64.3363 69.6107 65.2063 61.5373 68.5081 70.9225 69.8772 69.4811 72.9411 71.0604 76.1572 80.2298 75.8489 77.7284 74.8764 82.9036 83.9002 86.8376 84.5838 87.8145 87.0636 82.9369 88.5341 87.6731 90.8468 89.3589 88.7024 91.3913 93.6271 95.6777 97.3656 96.8834 98.9884 99.9107 96.1963 96.8118 96.5767 97.9667 96.053 93.9705 96.1958 97.7417 97.958 98.3947 98.4632 99.941 93.8964 96.0612 98.6289 99.0561 95.2714 96.5993 98.1981 101.275 95.9777 101.87 99.9416 103.771 106.315 111.092 113.286 119.791 122.299 129.388 136.94 144.846 145.054 156.846 167.912
162.798 153.73 141.469 133.478 127.786 122.664 120.05 116.153 109.643 105.669 105.187 99.8249 97.2759 96.701 97.9165 96.7451 91.0584 91.1094 85.6722 90.8983 89.6227 89.358 87.9845 92.4817 95.7746 100.146 97.9986 106.73 105.999 107.038 108.58 113.835 109.569 117.136 110.18 108.943 109.79 103.42 101.251 94.3842 95.9412 93.4903 90.2065 91.2442 84.8013 88.5719 92.8063 85.179 85.6628 83.1183 84.7351 87.1504 81.5343 82.5588 81.482 76.4288 79.9992 75.5665 77.7155 80.0193 73.0382 76.3186 74.3886 72.6144 71.9141 72.1029 75.7493 72.935 77.1818 81.137 80.0871 83.6595 86.5453 90.9329 89.2908 93.935 90.6568 86.122 86.897 80.7564 77.8754 76.4848 73.7177 69.4432 69.5384 70.0616 70.7701 73.9718 75.6708 75.8139 76.7971 81.7344 72.3854 73.167 63.7465 63.468 57.9817 54.182 50.5739 45.201 50.6688 48.9136 53.2124 56.888 59.3498 69.3883 70.0979 72.1439 75.7023 76.1553 77.2081 74.0055 72.6171 70.5546 64.6148 70.8332 69.7461 73.0528 75.3527 74.0356 81.0865 84.7938 88.5157 90.9749 98.1826 95.669 89.8597 89.2571 83.7725 79.5503 80.0823 77.0612 75.7456 72.8305 70.7645 76.4657 70.3735 73.913 74.6506 78.7844 78.2582 73.9858 82.0426 75.6747 80.1416 81.1376 84.6895 81.1182 85.2692 91.1451 90.2514 88.4244 93.9344 89.7541 91.244 89.6302 89.4771 93.3101 95.2582 96.3816 98.6742 100.953 108.691 109.785 110.965 114.204 113.019 117.117 115.818 113.688 108.019 107.095 103.513 102.089 102.828 97.3824 96.3066 90.0372 88.9883 90.6847 88.5979 90.964 87.8138 89.5194 95.9544 98.5547 98.5807 97.5535 99.212 103.919 108.103 111.058 108.41 116.823 123.75 132.098 139.108 145.708 157.026 163.297
163.109 154.476 139.539 134.204 129.257 120.485 115.424 109.788 108.49 106.511 99.4843 98.2044 95.3207 96.1914 96.6245 98.3474 96.0037 90.3004 91.8811 90.9434 92.9688 86.9723 98.2134 92.521 102.33 102.734 104.017 102.907 106.178 105.321 108.771 111.597 105.689 108.717 109.786 104.743 103.429 99.3433 101.055 102.211 97.4938 93.2235 95.7931 93.1508 93.7748 95.2853 92.6344 89.5359 95.2046 88.3387 91.0534 87.3466 83.9644 85.374 81.7972 81.5093 78.9649 83.0125 79.3571 82.0698 84.3147 85.3126 80.9449 82.2 78.5467 78.0311 80.5118 85.8314 84.7668 84.8808 96.4034 97.5555 95.4905 106.397 100.011 97.1054 99.0459 95.2858 86.9486 82.5628 79.0371 77.5605 74.839 67.743 68.0651 69.8866 69.6615 69.3466 70.2234 73.7321 73.3969 73.3247 74.0532 72.7027 72.0985 69.7243 58.7912 59.1034 56.2971 51.3675 53.7577 52.8543 60.5044 64.8492 67.004 73.6271 73.0794 77.2634 75.8267 77.7824 73.5578 70.3086 71.417 69.4339 66.6018 69.1682 66.6325 72.9914 72.834 77.2052 86.3376 86.1435 92.8881 99.1622 101.631 102.944 101.25 96.5067 93.9982 96.1151 90.1683 83.6489 90.2687 87.5055 84.0644 82.8161 78.1967 77.8989 75.4359 79.0317 76.6353 82.9258 80.8436 83.9161 85.0206 80.1989 86.3273 83.1635 82.0554 83.3405 88.7528 92.2387 96.9966 94.8053 101.368 92.6055 98.5385 99.0832 98.6867 104.265 104.738 103.589 103.863 108.879 109.52 109.787 114.36 119.97 115.796 106.406 110.478 110.422 108.205 102.725 103.481 99.3608 95.6025 94.0158 98.6174 97.1311 94.0291 91.8198 95.5648 91.1461 93.3274 95.8294 94.7764 98.6835 101.667 103.407 102.59 109.217 113.47 115.857 121.879 132.867 134.454 145.059 153.907 161.216
