196.126 197.535 196.651 193.158 188.735 190.2 190.895 195.597 191.201 183.146 180.555 181.667 173.776 179.325 161.635 163.989 170.141 167.645 159.213 161.782 156.082 159.962 158.365 151.724 142.774 149.437 149.175 147.958 142.545 130.967 130.836 127.695 139.669 117.066 123.689 124.878 111.009 109.865 138.718 125.233 119.064 109.401 103.117 102.693 110.443 109.375 87.841 105.879 112.784 98.083 100.056 100.505 99.797 96.454 92.47 110.358 97.709 99.733 85.665 85.191 102.417 90.43 80.112 90.496 74.429 79.322 88.708 84.624 95.087 90.392 94.682 78.047 95.418 82.657 86.256 96.346 94.117 79.02 89.092 74.183 71.217 102.306 78.569 69.802 75.694 71.459 84.714 64.393 82.545 87.726 72.7 66.333 94.653 83.827 74.017 79.431 80.954 91.986 84.22 56.898 70.964 77.832 74.414 78.201 80.571 85.45 70.81 90.409 71.264 71.871 71.18 76.613 66.425 66.32 92.014 88.307 80.083 79.858 75.996 98.497 68.1 72.106 78.839 73.179 84.262 86.927 84.6 78.405 79.684 88.021 82.864 77.037 74.882 96.124 86.636 96.674 73.703 96.749 79.481 81.041 82.13 94.664 109.877 93.302 92.1 93.483 97.807 107.038 96.681 88.109 89.237 104.13 93.956 108.909 116.823 119.881 107.911 104.245 117.566 106.421 121.522 122.029 114.038 128.434 121.991 114.286 128.758 123.269 126.672 130.87 128.818 139.483 152.869 148.691 140.386 146.462 147.386 157.674 146.338 163.316 161.82 162.737 165.373 170.525 166.672 176.702 172.29 173.893 177.816 179.846 183.927 186.544 186.563 188.573 196.893 193.53 192.946 193.743 196.551 196.089
198.295 195.323 196.689 188.994 192.32 184.516 189.597 178.888 181.252 178.822 174.864 170.99 171.56 166.948 173.286 149.578 167.294 154.339 154.936 163.884 143.464 150.544 136.815 150.644 152.719 136.037 137.358 125.205 135.853 131.371 132.615 121.214 126.548 126.723 119.728 114.302 123.95 108.237 120.891 115.741 113.166 103.172 96.5786 94.2435 96.3805 98.0799 106.275 93.1548 97.7408 89.3574 84.2295 99.7817 95.325 102.349 92.0839 97.8001 80.6622 86.5254 89.393 77.0973 80.0918 72.7141 84.9197 76.9265 75.1085 82.9902 80.0147 86.344 78.231 84.4074 86.076 83.4764 73.8727 82.6202 73.498 90.1378 74.2309 68.2182 73.9949 85.0264 65.2641 80.9788 73.6522 68.2503 86.3689 71.9598 80.9053 72.1365 66.6516 83.8049 72.2053 68.542 70.4241 83.4562 58.8862 75.7014 75.7904 67.0133 73.6474 73.7257 73.8241 71.3503 70.9008 68.7922 72.9655 72.5528 63.8469 59.1814 77.8895 74.7669 62.9812 72.0512 67.7047 59.7649 65.9578 80.9729 76.3134 68.695 76.5435 80.8033 76.0157 81.8351 75.3291 84.5817 81.6204 82.2217 75.2022 71.5685 80.9053 72.4769 72.0547 70.4834 77.7294 64.613 73.0367 80.846 85.9194 71.2293 82.8977 82.5158 90.3014 73.3747 80.8081 91.5324 92.7563 106.923 100.326 90.0156 90.9608 95.7282 97.7087 89.6349 99.4568 88.3126 92.8773 101.067 109.304 103.592 105.468 121.519 105.454 115.852 126.093 124.614 113.325 127.943 114.365 129.445 132.539 133.505 125.254 119.111 145.616 150.114 138.902 151.938 141.194 156.496 145.605 158.388 151.563 153.944 143.414 161.754 164.869 168.952 174.823 173.013 172.517 175.795 175.244 186.038 189.012 180.916 195.695 195.55 194.857 196.548 197.926 196.337
192.883 187.482 189.677 194.124 192.926 190.496 181.983 181.36 182.07 168.872 171.546 178.875 163.382 167.891 159.785 167.866 156.832 154.315 154.429 149.239 138.717 134.637 130.874 134.046 140.031 124.654 142.075 123.576 122.504 118.075 122.128 114.771 119.802 106.068 104.68 113.276 109.21 109.602 90.5276 102.46 96.1879 110.612 89.4205 95.7544 109.075 88.688 94.3359 90.5551 109.325 89.6592 82.8013 88.1022 94.1068 88.1324 79.2715 81.1537 85.5368 97.9754 78.7173 82.2608 68.0758 83.7561 72.8965 83.3034 64.1715 77.5636 66.1895 82.4309 59.4989 72.0569 72.6701 75.9626 82.3349 56.6057 70.0759 64.7037 78.9491 70.4601 73.8801 57.6579 61.0738 72.8402 72.2311 82.5105 66.874 61.4442 76.7624 58.3328 78.3359 73.0831 70.8264 63.1275 61.2604 71.3339 77.9586 75.3658 52.3803 68.534 80.5473 60.4866 56.9418 78.6665 75.2506 73.6716 70.2035 72.7538 63.2345 66.6559 78.9491 62.4512 73.8582 72.3313 52.8715 71.6261 71.1405 69.3749 76.5168 67.6519 70.2392 73.5289 83.3624 63.657 76.0929 66.5434 72.522 69.1527 71.7304 81.5365 74.8349 69.0896 68.6478 72.0967 80.7325 68.7315 89.1654 65.7299 77.1218 86.6754 80.5515 65.5502 92.477 82.1209 73.8815 78.5444 98.4158 91.5195 90.765 91.3823 99.6066 89.6784 102.298 92.7528 105.514 99.9537 109.695 85.9456 106.437 102.343 102.139 89.8691 112.789 112.682 107.473 100.774 108.365 114.232 102.107 133.957 123.09 125.802 124.312 129.949 129.137 118.289 138.561 140.072 143.982 132.752 142.071 139.118 153.189 150.508 157.093 157.074 169.688 152.577 171.941 170.076 171.964 177.123 174.446 177.167 177.516 183.123 188.374 194.309 190.396 198.673 194.46 197.917
194.868 194.315 196.942 193.326 189.951 183.839 184.596 184.827 179.962 167.839 163.767 168.176 169.288 157.991 157.466 152.367 152.302 152.403 142.55 145.013 134.792 128.285 136.884 142.686 126.38 129.603 123 112.683 123.139 124.402 103.034 125.617 117.526 117.323 108.003 104.859 96.1888 104.468 104.042 97.8073 104.434 99.1143 85.0677 97.449 102.855 85.5522 80.8742 92.0887 73.8267 89.2893 82.0783 85.4572 92.2024 85.5725 90.2022 80.9801 98.284 75.4577 80.1887 80.6327 65.3882 73.8626 68.7982 85.7983 65.2402 77.5265 66.9039 77.7695 87.8063 63.2634 74.8113 70.0475 62.8085 80.7651 62.3116 62.6262 61.9034 60.6478 66.5628 63.0905 59.9842 64.3803 70.7174 61.7445 64.9551 62.458 66.7357 66.974 76.3161 80.0236 57.6756 69.2375 60.5777 68.1019 68.9322 67.5364 77.7165 58.8034 56.5368 56.8609 60.6728 71.7004 79.3055 73.1351 52.5878 62.9175 61.2616 60.4749 71.8888 64.3382 73.9062 63.6902 79.7557 68.1875 56.4075 57.4497 58.5028 65.3321 52.7872 66.2668 56.9761 66.7404 60.975 59.8144 63.4487 69.9089 68.5785 73.6024 74.967 77.1106 61.084 74.3642 68.362 65.4038 86.6177 72.5447 63.5562 74.9187 74.6929 74.3517 81.3057 76.9376 84.2265 79.5033 66.6998 86.4604 74.171 77.9923 81.5004 81.1811 88.7659 83.7576 92.6246 97.4335 97.6048 94.187 95.533 90.5403 87.702 84.7515 91.1229 93.4891 100.189 103.082 101.146 126.461 119.392 117.526 109.061 121.786 114.647 123.603 119.138 122.165 136.884 135.386 135.263 142.397 141.017 146.792 151.21 142.337 151.791 141.139 158.511 157.552 172.623 170.818 162.537 183.679 171.614 168.712 185.743 183.76 190.751 191.751 190.111 192.32 197.291 196.453
195.715 194.732 196.399 194.404 192.656 175.298 186.023 175.143 177.127 173.535 159.468 162.011 155.369 164.563 157.918 151.191 151.365 151.14 132.793 139.763 125.209 144.676 128.509 121.267 126.706 123.066 123.722 107.922 123.673 117.218 109.097 113.535 103.197 104.817 77.8187 105.662 98.6247 82.9993 96.7921 86.6157 73.3565 95.8871 96.7886 86.8407 77.238 92.9228 94.1835 79.7682 73.7663 72.244 96.9821 74.0714 72.2004 72.591 85.8258 82.1989 82.668 77.6478 56.078 70.4759 58.0519 76.5894 67.6615 73.7018 70.6101 63.5934 59.0754 67.604 68.6293 62.4426 79.5851 67.3267 73.9546 64.9919 62.1374 75.4368 70.5665 62.8541 55.2026 59.3998 58.2629 44.4701 61.4312 70.448 67.0547 63.9055 62.3066 57.806 69.3442 62.249 83.7857 49.6594 62.331 60.0066 63.419 63.0999 58.1129 62.399 49.2723 59.344 49.0525 55.9106 67.3877 60.7982 51.6437 50.9131 59.8932 56.7912 67.4924 65.1924 49.8721 62.0537 59.7363 58.4163 69.5343 43.4186 84.7569 50.5661 58.65 70.0905 56.1913 57.6665 68.4741 64.8315 55.1887 69.0234 66.5647 69.2867 63.7695 65.4487 60.7616 75.2031 69.8045 70.2841 86.1903 70.359 72.2632 67.883 66.6066 67.876 63.6667 66.6571 64.4252 67.9423 67.3145 84.9801 82.2652 69.6476 81.7455 85.9252 80.647 76.6138 83.1021 77.7925 94.4293 83.6619 72.1516 84.7935 92.7013 94.6177 78.2302 109.029 98.4748 93.6795 94.6264 93.3587 105.549 114.208 106.723 106.43 104.173 115.401 105.859 121.987 122.353 115.83 123.64 121.964 133.239 131.893 137.499 144.751 153.983 147.597 150.638 157.451 167.462 154.767 168.138 164.912 177.279 175.599 178.757 185.722 191.807 183.108 191.56 194.393 192.592 196.538
195.593 191.653 188.498 188.98 186.89 188.172 177.738 166.457 172.202 174.025 174.72 157.679 156.574 138.555 151.956 160.605 155.85 125.101 137.52 129.412 146.169 125.641 118.805 134.458 111.648 110.411 124.956 116.18 115.488 109.699 114.594 106.874 97.5977 106.129 84.2253 93.8504 78.0022 75.7541 95.9923 107.84 88.9047 75.1984 84.3584 76.196 74.8916 71.4491 74.77 85.4004 77.0914 84.0381 76.4334 78.3476 70.7158 76.0725 69.7529 65.6389 80.092 68.5372 70.465 64.8111 72.136 67.3524 59.9407 54.6457 69.8745 64.842 66.0692 57.3588 71.0516 77.0837 60.7087 72.6455 62.017 68.3115 73.3652 57.8238 52.3301 61.4477 46.0067 71.4993 53.0152 43.3052 58.7578 56.6062 48.7603 56.0177 50.6205 59.4853 57.7467 60.8939 50.9967 71.7443 39.9746 55.8749 63.0377 61.2779 55.8865 62.7483 49.7 53.2158 61.6677 61.2895 58.8601 53.5149 57.2372 52.444 50.2075 60.6083 55.4504 47.3092 50.2249 64.5718 62.3952 57.8103 60.1587 58.7964 71.5243 53.239 65.1816 61.4574 61.2798 54.2984 45.5879 74.8375 55.0374 54.8483 63.304 52.2529 51.8998 57.9338 64.2978 70.1138 61.1698 47.5871 73.3942 61.4381 67.4393 60.1934 67.227 61.9166 67.8812 67.4277 78.0562 71.5186 82.1451 65.0291 71.8022 70.6039 72.9349 67.7499 67.256 64.8111 71.0226 77.5834 92.7447 85.769 73.2649 80.7519 77.4889 86.6142 106.461 101.501 106.976 112.271 90.9868 101.405 94.354 122.465 102.007 95.0101 118.48 129.026 117.753 108.612 111.889 107.725 114.795 126.602 125.558 144.268 136.297 132.486 139.568 153.174 159.727 149.839 157.162 155.879 154.015 157.807 166.747 163.613 185.096 179.793 182.134 183.917 188.426 194.848 190.657 194.153
195.465 194.747 191.367 176.718 190.514 185.162 176.996 187.736 179.024 164.023 169.813 159.982 167.097 141.431 149.527 141.591 126.753 132.173 150.473 136.192 127.54 118.802 131.272 128.515 123.909 110.268 113.232 97.8772 114.692 94.1094 101.979 99.43 104.023 79.7319 84.7501 91.0756 94.2067 88.3444 75.1644 80.8912 89.8592 77.3392 82.4758 88.8225 75.9069 82.9497 71.8196 78.0542 77.079 63.4081 63.9031 68.6082 58.2059 72.0968 56.4563 61.5802 69.5687 60.8736 53.7061 72.8753 73.2519 74.0875 60.9794 72.7716 58.794 62.7036 60.2284 65.2148 64.6732 61.3264 70.582 59.1473 66.7867 58.2736 57.3195 71.0559 55.7687 56.8244 59.6487 65.1873 58.3688 51.8655 66.7338 55.9867 49.6166 72.3612 59.1114 56.3907 58.6142 56.4267 61.3285 53.3358 63.4546 51.7682 51.5799 43.6042 53.2576 57.512 63.7868 52.5467 43.088 47.8798 54.8358 73.0615 65.0392 60.99 42.0894 59.708 58.0642 56.2299 62.1959 65.9468 63.205 53.4268 58.7517 50.1709 57.787 52.4177 60.7404 67.2183 57.2666 48.7069 61.4322 54.7829 55.2377 53.12 58.6734 54.0424 56.8773 60.5542 64.2628 56.7377 63.425 53.9218 56.7335 67.6816 65.767 69.7146 67.9206 58.4894 65.932 74.4514 87.1428 62.9808 61.5845 69.8289 57.3131 73.364 63.425 79.7234 76.9732 88.6004 95.1439 77.5148 67.5208 85.3339 83.7917 81.6846 94.615 81.2001 77.7433 89.9861 88.5327 92.7723 90.424 98.9985 101.188 102.267 92.1821 125.392 118.026 110.63 105.946 115.676 126.924 112.151 115.79 116.071 132.886 127.153 138.649 124.199 138.346 138.452 146.658 153.695 147.972 151.507 164.772 176.194 160.596 175.451 172.212 171.891 184.973 191.858 190.169 193.434 189.205 194.576
192.698 194.825 190.853 180.737 175.103 186.296 180.903 174.951 179.184 168.972 156.781 157.131 152.321 147.421 143.688 137.391 137.218 127.342 122.178 129.149 123.322 111.181 118.514 117.119 115.453 103.322 99.4596 107.216 92.1132 107.957 100.387 100.24 92.1708 89.0453 88.081 77.7956 96.9993 86.5114 79.0499 71.8001 84.3226 89.8532 72.5435 78.8543 77.9336 74.5573 75.0775 59.151 68.6793 67.639 59.2523 70.3295 61.0176 61.2684 62.7391 71.7587 61.1833 64.12 60.479 56.67 54.571 59.0866 57.5492 62.624 76.3755 62.4399 63.3766 60.3639 74.7069 77.4918 52.4767 60.2028 51.0981 51.6044 59.6666 61.9957 48.7252 49.5952 57.5055 52.0003 52.2143 71.0867 50.1176 50.3961 58.1499 66.677 47.9795 55.5975 46.2373 56.4215 40.9898 49.319 42.3708 50.9899 49.8599 43.4916 59.7195 52.7436 63.2615 46.7045 55.6597 42.9139 65.4204 54.8334 41.7954 47.5607 49.0958 55.2431 55.7655 48.7966 57.2799 52.8173 53.5653 56.0164 50.0417 56.9416 42.0485 54.9301 45.9979 59.6252 47.5031 54.3593 48.907 46.617 62.2074 41.2315 59.7725 46.5802 60.4146 63.4365 57.2546 57.2638 46.5112 60.3432 63.1925 59.8024 74.1039 61.128 55.3213 53.2155 57.9289 65.5124 64.0855 68.7299 69.0429 65.9313 66.7874 64.5642 82.4009 64.9485 70.1108 54.4744 59.4963 74.3157 81.936 79.6667 71.1856 78.9164 74.5919 82.7852 83.4803 94.2697 80.8151 92.7185 88.7047 89.5954 94.0488 94.3158 83.9452 113.292 100.495 96.6541 101.273 97.8279 102.426 122.981 108.537 116.304 128.293 135.736 114.967 128.086 137.363 135.943 146.659 131.041 154.028 151.996 145.897 163.87 165.444 158.868 170.272 177.665 185.605 183.087 193.994 190.569 191.626 194.215
189.752 195.179 186.548 188.334 180.369 184.817 176.742 175.307 164.435 160.37 166.449 159.159 161.77 138.463 149.055 126.394 124.063 125.944 128.257 127.295 121.539 117.529 125.747 121.126 126.705 107.743 101.343 103.46 98.8657 93.0326 89.2418 109.691 83.8863 84.747 88.5826 80.481 94.7589 90.6347 88.0876 78.8791 85.5181 90.58 81.1477 80.9387 75.2972 73.3993 74.2997 65.4942 70.1582 71.2949 59.6811 70.382 62.0267 71.6556 64.6759 59.3229 69.5761 63.7082 62.8675 64.5216 56.9026 58.2682 59.6164 54.2833 59.2657 53.0147 57.4051 49.6866 50.1219 60.8974 60.8427 54.0271 52.8307 51.9849 47.3931 55.6091 42.0128 64.0838 52.8481 55.8405 54.4177 55.5942 57.6513 56.1066 53.4326 58.8577 56.6912 53.4252 44.244 50.8855 56.4375 49.9353 50.097 56.0594 45.5301 55.9997 65.8126 54.2634 53.654 55.6987 50.9925 43.1421 34.3092 48.3409 44.6943 47.8981 47.5175 55.0992 49.1169 45.9231 66.1932 48.1717 50.8407 52.5197 51.8307 44.3858 54.2112 47.2016 59.9472 55.0345 55.4773 60.0044 54.251 42.3387 39.7866 43.9953 60.5915 46.4703 60.5169 55.4698 61.6586 53.4078 61.6611 69.7925 57.124 63.7331 67.5812 65.9842 61.4621 59.9025 52.4128 59.8129 58.5319 74.0759 68.6831 49.5647 63.2108 56.4101 65.7206 75.8668 61.4695 67.6459 72.0735 72.1954 79.5482 78.3443 78.9413 82.0282 89.8039 62.1014 98.7289 81.3118 80.9586 81.2944 93.0252 107.261 79.2771 90.9457 104.306 101.803 90.6372 87.3961 101.701 118.511 115.26 111.706 112.721 111.522 105.348 124.364 131.304 124.655 117.79 124.944 147.687 159.062 145.893 147.02 163.121 151.353 170.623 174.566 174.484 177.69 177.225 189.535 190.075 195.928 199.992 197.256
197.332 186.638 182.693 186.422 179.594 177.22 174.635 171.694 178.126 166.54 157.437 145.658 142.405 131.928 147.169 150.481 125.993 141.659 133.326 109.686 117.396 117.406 112.728 106.576 99.9278 91.8515 96.546 91.7205 98.5216 95.7252 102.443 92.691 93.5224 72.7637 73.4561 89.1675 79.0648 92.437 60.3005 66.3503 71.9216 78.3296 74.4666 78.4259 84.7858 54.8254 76.5011 71.8441 83.7298 65.7221 56.8598 51.0159 74.9879 67.1764 66.2193 68.9141 64.38 55.6889 63.3107 62.2173 44.6372 61.1452 61.0597 57.2796 59.0119 51.6762 52.3713 63.8373 45.4766 51.5318 70.6223 50.8341 54.0555 46.145 37.5127 52.021 50.3956 52.6894 55.5472 52.6306 50.6523 54.7479 42.9637 49.4412 52.3258 44.0384 54.6383 43.7256 43.6026 56.1461 51.751 45.6424 51.0613 44.549 40.4774 40.6592 41.3837 49.4519 51.5505 46.0033 40.9239 48.7087 49.6444 52.3713 59.6268 40.3358 56.7101 41.4907 43.493 39.3332 44.3431 40.3785 41.5949 50.4625 50.1256 47.5458 54.4538 53.1759 54.3896 54.3041 59.3113 51.0052 50.0481 57.4426 58.4291 54.8789 53.1064 51.6254 49.1686 60.3272 44.3217 42.5092 55.3815 43.2364 55.5739 58.7499 47.7437 61.2174 57.8704 72.3921 60.7496 54.7907 72.4964 59.1108 60.1213 63.7758 65.4761 56.7609 63.6636 62.4392 62.4204 71.411 69.4942 77.3057 65.0296 79.4658 73.3812 78.0195 88.1436 58.5441 87.2132 68.9515 75.8407 69.9273 85.5718 83.0321 96.562 78.1291 100.267 98.3371 79.7145 101.708 106.488 106.282 100.441 122.927 124.346 124.13 110.875 129.936 99.6177 132.904 139.189 132.773 134.438 145.653 151.807 152.275 155.085 166.34 166.27 172.125 170.665 165.759 181.709 179.249 188.202 194.116 194.471 194.445
198.695 195.084 186.924 185.008 186.415 171.02 166.788 156.366 165.593 162.108 151.791 156.209 144.652 135.342 135.122 127.136 114.229 125.309 115.624 116.839 125.426 112.433 110.706 106.989 106.866 105.377 110.749 106.126 94.4683 80.7951 79.6543 92.4153 86.3708 93.5733 87.463 82.7909 79.2225 72.9235 80.3377 78.2418 77.7643 68.3486 60.7801 62.5014 58.75 51.5474 64.3456 66.1613 63.8681 73.91 72.9721 50.2293 60.2282 62.6586 48.9283 61.3605 56.7141 53.4803 55.8907 56.4482 58.4412 67.4565 60.7715 55.4532 51.1671 67.1077 44.4706 65.6895 53.466 40.6249 40.8165 51.7876 57.2574 47.1841 55.1444 58.6871 55.2759 53.1715 63.7709 55.2473 56.5597 52.0907 58.6871 48.5909 40.5391 54.0035 57.8807 70.2472 45.5943 53.446 61.5349 42.046 43.1582 48.7796 39.7499 45.2913 47.6873 47.979 43.2411 55.7248 41.4169 41.7457 44.1761 38.6605 44.545 51.6618 60.5313 36.6648 43.3641 43.3555 55.7677 52.9313 43.4213 43.6843 54.0293 53.2801 35.9328 37.4797 53.6804 53.9721 49.9433 51.5903 54.1951 46.7552 47.2442 47.084 47.9962 38.5719 54.5039 51.8991 49.7832 60.0853 52.8941 55.4532 58.0008 60.7515 47.8875 75.7714 56.6141 60.2683 56.6455 52.8598 59.0416 65.3149 54.5983 53.5575 59.1703 44.7937 59.7107 66.8418 59.1531 58.3354 62.3498 70.1357 69.3551 74.3817 68.0026 71.2022 78.3304 65.7295 72.9035 79.823 78.5706 85.7989 93.722 77.2296 85.5845 105.133 97.156 85.1012 94.9915 93.7277 94.5712 108.193 94.3253 105.74 93.9679 103.478 120.677 120.511 127.399 131.319 118.16 126.135 142.084 135.419 145.484 142.562 149.647 161.367 156.704 163.372 168.395 170.271 177.448 172.453 182.978 197.077 193.686 198.269
197.011 192.212 189.261 185.485 183.018 187.729 171.528 166.419 170.612 152.526 144.801 150.787 154.028 146.692 125.555 124.933 143.29 136.627 128.088 122.354 112.883 92.2094 102.155 99.0277 102.685 95.952 90.3793 88.2507 94.2924 86.9656 87.1544 89.5723 72.8875 72.111 79.9494 85.0258 84.9831 81.3258 72.9393 80.8355 78.037 78.1435 76.021 62.9935 66.1819 67.0254 55.5175 63.968 68.9348 72.2145 61.005 60.935 63.1093 58.7363 61.0507 42.7215 56.4006 54.7623 51.8541 56.1692 62.9966 48.9703 61.3978 52.856 53.3128 50.1092 45.4744 47.338 54.5583 38.111 51.8328 44.8684 48.8211 48.1237 51.242 65.0887 40.9583 47.1249 54.2203 53.8975 55.8281 48.4678 33.3939 50.2219 56.4128 38.2115 45.4409 46.5067 50.0057 43.3579 61.815 47.8101 40.1726 56.9092 49.692 42.0728 50.9771 42.624 39.8102 43.4919 53.9492 45.0237 35.821 44.3324 51.0563 42.9955 51.1293 56.6077 42.0576 45.453 44.1954 55.216 55.347 47.4629 53.7391 55.8951 51.5648 47.0092 48.8028 49.0495 46.4092 49.1165 53.4133 45.0693 42.8859 51.6744 66.7757 56.3093 52.7677 55.7094 44.9993 51.1354 61.3156 53.4285 39.3261 44.4877 50.2341 61.5836 48.8454 44.7922 57.0401 59.7808 57.9172 54.0954 55.615 62.8169 73.0276 63.8493 55.5693 55.8555 68.1369 63.3285 57.4786 74.4771 63.7061 67.8598 57.1954 63.3224 87.0387 63.0423 80.9056 81.9409 80.7107 89.7002 76.4839 78.8074 80.4244 89.8677 97.1518 103.72 84.234 87.2031 94.8436 101.738 94.1249 105.249 103.367 107.259 127.044 126.246 116.946 113.027 116.988 136.438 122.467 144.304 141.396 139.889 149.444 142.778 170.368 169.936 173.855 166.802 173.167 178.706 173.55 187.09 190.455 196.234
197.12 191.22 190.48 184.657 171.177 170.527 168.637 157.338 168.902 155.57 159.164 153.108 135.227 151.47 135.847 129.43 128.173 122.945 128.658 114.548 103.436 114.092 114.04 99.2805 94.1979 96.8248 80.6593 80.4105 96.4597 85.603 89.9683 79.1892 71.2922 80.2102 90.2171 65.2984 88.3656 63.8186 70.0224 74.8336 70.1484 80.3685 61.8896 69.9965 64.5391 50.7647 66.4261 58.8167 60.7587 56.0282 47.2072 50.7485 70.0482 62.2902 66.3776 53.1267 55.1041 48.1054 67.2985 55.4337 51.9117 50.196 49.2331 48.4221 51.2946 67.0917 49.3074 54.1186 47.2136 47.0909 61.7668 47.2427 41.8112 52.419 57.8086 54.571 52.7939 49.5239 54.8876 39.6107 50.6742 58.2674 52.8552 34.5281 43.7692 43.7208 45.3234 46.9196 51.3334 54.1412 38.8805 46.2055 49.6661 42.9711 35.7657 53.0556 54.3416 41.2005 47.4431 51.8213 50.1023 50.5547 40.0534 48.5352 35.5007 56.8425 40.299 37.0517 48.099 50.4771 43.0131 51.0329 45.2297 42.2764 38.5703 46.1991 41.1165 44.325 44.3024 56.9168 45.8663 44.4058 53.1137 46.6256 49.2008 47.1652 42.0406 54.6744 48.7161 53.5952 58.6746 48.1507 49.4755 46.6062 57.0719 48.5546 58.6196 55.0363 54.1316 55.5113 57.9863 50.0474 50.0926 49.5401 38.1244 49.6855 60.9137 61.9316 67.2565 65.5472 61.56 55.9959 69.5668 64.4874 69.15 67.8446 73.4797 78.5074 69.6573 78.2844 63.4599 77.7998 68.2097 84.4624 73.4022 76.8983 91.4256 62.5584 92.3367 84.6692 90.0879 83.2475 95.9395 102.728 90.705 94.3207 109.875 113.326 108.496 116.599 106.951 109.103 115.271 121.889 124.829 144.323 133.124 144.326 149.641 151.267 166.808 164.999 173.271 170.918 183.446 179.901 182.36 186.861 187.052 193.953
197.983 187.26 173.714 181.099 179.687 170.369 164.034 159.592 151.773 151.397 153.813 140.77 139.725 134.479 116.69 129.467 103.568 125.663 116.465 118.429 101.624 98.7093 86.0832 101.706 90.7612 106.001 82.8712 83.7118 80.568 88.3761 91.5061 72.3226 90.2862 88.5879 77.2159 61.7126 77.3457 70.1323 72.5071 69.4488 67.1286 70.6072 64.2412 64.2651 64.7196 71.9775 61.446 63.0111 60.7011 63.9029 74.2191 63.8961 52.8555 59.6931 62.0133 64.7469 56.0094 51.6903 61.2103 65.6217 63.7047 39.9491 50.2722 61.0633 64.5966 55.6677 67.4328 53.9694 37.6084 46.5441 37.1608 45.1602 62.4643 56.0436 43.4961 34.2939 44.4494 42.8468 44.8595 50.4498 50.1423 47.4736 51.6014 49.1992 39.5562 43.8617 34.8338 50.1799 45.7445 48.6866 39.0505 46.6398 49.1138 34.4579 33.3405 44.6066 41.3741 44.5007 51.0239 35.5479 25.5803 35.3224 50.0022 41.4082 45.9803 38.4764 38.7634 59.3343 41.9789 49.3598 43.0211 31.6217 34.5399 47.0806 40.9777 41.1041 50.2653 43.3423 44.4973 48.5363 43.5166 52.1242 38.1244 55.0663 44.3982 44.593 52.5855 55.4285 53.3715 47.4907 52.3942 48.9361 55.4217 58.6645 48.3278 59.3377 50.9658 50.32 47.9827 46.5373 57.7761 51.7962 50.6515 67.1423 60.7182 54.523 62.2046 53.081 63.7218 56.7373 50.1628 61.3025 48.3791 61.5554 69.2951 72.3294 55.9958 75.6098 71.6221 62.2251 76.3309 75.5449 69.3156 73.5767 72.7805 70.3544 67.4533 83.8519 71.5093 83.0864 77.6088 82.0955 83.4521 93.1053 86.6778 97.5988 111.448 98.8734 102.789 108.223 115.542 117.496 120.845 119.352 137.182 112.928 139.123 145.325 137.968 145.253 149.607 168.787 159.656 170.058 177.767 176.325 183.918 186.897 187.089 194.859
195.301 186.006 186.243 176.422 180.947 165.335 176 159.271 160.81 160.716 164.769 142.225 139.087 142.496 135.913 123.191 124.236 101.645 109.117 110.836 108.289 103.817 109.517 95.134 92.5254 104.491 84.9231 85.6833 82.0731 93.646 84.5808 77.8612 90.0466 65.4776 70.6839 56.9312 60.7036 67.9709 61.8133 62.5519 58.2644 64.3607 63.4491 53.4327 56.0341 67.7115 57.551 65.2866 58.2175 48.4389 64.6345 58.2319 63.2689 55.5657 54.4596 44.7675 53.0436 53.4976 57.1762 50.5647 42.1012 40.1232 41.8166 61.0783 54.9244 53.8795 49.9558 62.7717 51.7213 45.8484 45.0737 31.512 37.4029 52.2185 37.1075 48.7236 40.4511 43.9604 37.3705 42.357 49.2532 52.795 52.867 44.7963 37.8713 35.6951 46.324 42.0436 39.9971 40.8222 42.9047 35.7527 41.8094 39.2224 42.4687 38.0983 38.8189 47.9273 47.4625 37.9289 43.6001 37.284 35.9401 42.2922 57.0718 40.7861 43.0993 59.8965 37.6335 47.6319 40.0007 54.7766 51.0583 44.6666 38.0839 51.3718 55.3639 53.7534 43.7298 41.6436 43.283 48.9362 52.3554 43.2362 49.527 38.8045 44.472 39.244 44.4 47.1274 51.361 52.7878 43.0776 43.6181 45.9709 50.9755 57.8212 46.2483 36.6427 50.2693 51.2241 47.8985 51.606 49.5198 58.8841 49.9918 59.7596 58.7868 49.3361 59.9073 61.7629 53.3823 60.0262 60.1307 55.5765 60.963 72.3017 60.0118 72.7989 59.7668 64.5696 70.3381 66.6414 62.343 71.1163 57.9977 71.6099 76.474 82.2388 74.4527 83.6908 90.9725 80.1094 89.5601 76.7226 105.925 90.3708 105.482 100.881 97.6597 97.0904 120.564 111.175 132.721 120.063 133.189 117.628 147.554 145.447 150.804 151.532 151.456 161.865 166.996 169.104 174.004 183.484 183.48 183.148 186.878
191.402 186.765 187.928 177.751 182.339 169.779 167.066 152.857 154.741 158.264 145.643 122.701 139.907 130.518 130.662 127.142 123.497 120.432 115.563 111.728 102.919 100.714 93.6513 90.7187 90.3663 84.9974 103.484 83.3416 72.4825 92.9807 88.7106 85.7855 75.4606 76.7261 74.502 67.6857 60.9755 81.4585 82.1216 62.3168 60.0055 64.8023 55.8149 56.819 53.7841 58.4407 53.9963 54.9208 62.2903 55.9627 58.7173 57.1752 68.5988 53.678 50.1922 59.0014 51.4501 60.7823 58.4558 54.8639 45.0051 50.787 49.9497 49.9421 45.8083 41.3298 49.3131 41.667 50.3399 41.5268 42.8264 49.9989 31.4975 47.8051 57.5275 56.0802 44.9255 39.1587 42.8302 49.6465 46.82 46.6646 41.254 44.3534 32.6759 35.51 47.1837 42.2733 37.8857 36.8816 42.7582 32.3993 34.5438 40.6819 39.7574 36.264 48.4947 34.5287 46.1039 51.4046 40.9964 36.0101 46.3312 43.5426 37.2756 40.2916 37.5636 35.1576 27.7995 39.0337 52.367 49.6996 38.5336 51.4614 45.581 48.6008 40.5834 36.9763 47.2178 50.0861 44.2814 41.9171 45.2665 42.296 57.5048 42.9553 44.611 49.8474 48.8168 55.0799 56.5007 49.5632 41.8868 46.2706 53.1437 41.614 50.4725 61.1801 40.6781 42.0156 46.7669 45.3953 42.3339 41.595 47.4527 47.5891 51.8366 52.4504 64.897 69.7317 48.3621 56.0271 58.3725 65.1964 67.0113 75.9115 55.2693 62.0781 54.6707 61.828 58.2209 59.0052 77.3551 76.1237 62.5744 70.8798 79.0184 85.8954 81.6745 80.3825 86.7214 79.4807 85.615 100.994 89.1425 94.3106 94.125 105.56 105.636 94.1477 109.993 119.276 121.947 113.437 115.73 123.11 142.536 148.83 141.987 146.693 148.667 157.885 162.561 173.549 170.264 172.412 178.323 184.954 184.09 193.149
186.783 185.142 186.108 177.987 172.828 173.058 159.214 164.468 161.905 156.996 147.158 135.845 141.299 130.233 136.724 134.351 134.454 114.973 106.868 98.0125 112.564 110.927 99.4951 103.506 85.8334 78.1142 105.227 74.676 71.8498 84.156 69.6994 75.1371 61.5032 70.2122 62.644 66.3327 81.8148 64.862 57.6635 73.3484 70.5222 58.5062 61.2926 66.1141 61.0183 58.1524 53.3706 56.2842 58.3949 45.1148 57.7827 61.062 60.3227 60.7997 52.7665 42.4835 42.4318 46.7207 52.2696 41.7481 54.0702 46.2715 52.6154 51.1487 44.1966 51.1527 57.8583 53.6727 40.7464 46.7684 43.9224 46.2 49.3163 32.6894 32.5979 44.2523 46.3192 41.6448 40.8458 36.2707 44.0933 51.3753 37.0339 39.3751 35.8494 51.0493 38.8902 32.1289 34.49 47.1062 42.7021 27.7327 39.387 45.4408 42.5908 40.7027 44.2881 41.8753 42.3801 39.2201 42.8889 33.1584 36.9981 46.5458 36.7755 41.3904 42.8094 46.7246 39.7249 39.6176 52.5598 32.1925 38.7749 39.4467 44.3039 52.0073 48.6326 34.7126 41.8077 42.5709 43.0916 40.341 28.6906 41.0803 50.8784 33.4287 42.6146 43.4017 46.2437 55.5608 39.1605 42.2688 41.5454 35.1657 50.942 54.3365 38.3337 44.7173 48.573 48.8234 46.5895 42.404 52.21 47.5037 51.9914 54.0185 48.8472 52.1583 51.9675 54.1259 46.2556 63.6735 50.1987 55.2826 46.6094 63.1051 61.2409 50.787 57.6158 72.9429 64.0551 64.4446 66.7819 78.8973 68.0618 63.2681 77.4345 59.6271 83.2498 77.363 81.8506 83.9374 75.4391 87.4393 92.3761 97.8336 89.2439 102.906 97.0863 107.373 99.8131 112.787 122.343 115.407 124.688 135.571 111.583 140.941 142.503 131.64 147.667 156.654 163.61 160.561 163.721 182.808 174.823 185.003 194.252 181.286
191.347 191.218 179.177 173.726 173.847 172.848 160.911 162.642 160.62 153.871 139.657 145.245 132.201 130.916 120.509 129.463 115.833 119.12 109.483 94.7457 93.3768 104.062 93.0189 80.1995 81.2023 80.316 79.1052 79.1801 79.6128 81.2688 71.1165 73.2718 73.3175 61.3552 66.1817 62.0001 71.4701 64.2345 59.1833 62.1541 60.4981 60.082 66.7435 62.5951 58.2721 59.4371 50.9158 63.2525 53.6328 54.6355 46.2973 47.9366 41.7162 54.3651 46.2349 40.1684 50.5954 53.5495 54.0031 40.5803 60.3275 53.3124 51.9976 52.8838 50.5413 40.5013 37.0395 45.2612 36.5319 39.486 43.5969 36.898 43.9214 53.0919 59.3913 32.0215 44.9825 42.5401 34.7302 31.8842 50.7368 38.3002 44.4457 36.4653 32.3752 35.4168 31.1561 45.8271 36.3654 42.124 37.88 36.0118 44.7952 36.9979 45.4693 45.4235 41.5706 42.2987 37.0852 42.253 47.1045 33.5569 42.332 42.6982 42.3445 36.6484 32.3086 44.1461 45.8853 45.7231 45.1738 51.3152 29.342 33.5361 37.4389 40.3099 40.4805 34.0895 42.7647 36.0534 49.6009 38.5748 34.9258 34.0104 46.5219 52.5302 42.9478 42.02 41.8327 39.0491 47.558 29.9495 39.8314 50.8284 40.7384 41.2585 55.3512 45.7439 55.2513 42.7065 56.3997 44.2252 54.6938 46.16 45.7813 53.949 53.3165 46.3971 50.9532 59.591 51.0947 51.6189 49.6134 49.5052 68.9653 45.1572 51.9601 61.3635 55.0017 62.1707 73.0512 54.5773 59.1874 69.6227 70.3176 67.8336 76.9915 80.108 72.8557 70.5714 74.8071 91.804 81.2855 79.0137 82.4713 85.3298 96.4474 98.9231 98.2907 100.242 97.3337 108.372 113.091 114.106 134.681 115.275 119.885 127.1 135.326 137.207 158.955 155.839 162.696 164.705 169.519 177.604 178.507 182.738 182.247 191.297
191.943 181.585 171.361 176.482 170.722 162.107 166.862 168.166 149.871 150.201 145.633 120.744 132.775 133.106 119.657 117.423 118.183 93.8373 103.587 106.239 102.061 90.9076 99.3794 96.7887 83.8572 97.8624 92.7463 71.143 71.0734 78.2369 91.1206 83.6268 68.5002 78.1369 71.7168 79.9973 62.5756 63.4188 64.5838 64.3534 71.7993 68.0525 66.2138 51.461 60.4544 61.6802 55.3774 63.032 54.4081 58.4505 52.5303 65.4662 52.9215 48.2401 36.2561 43.9411 61.1759 50.5742 50.4482 44.1367 46.9752 52.5737 48.6791 38.8598 39.3379 53.6604 33.209 44.0933 27.2279 44.0933 43.7977 45.4321 35.239 44.341 43.5108 51.3784 44.5714 46.597 44.9278 46.6839 42.9196 46.0449 36.5213 42.1285 38.938 30.801 42.7675 33.9871 37.4515 43.363 44.8148 37.7862 42.072 44.9539 38.3599 30.3315 50.7481 40.1595 35.5215 46.2188 39.803 42.7588 31.153 43.1978 35.7215 46.7057 30.2533 44.9887 29.4795 31.9659 40.3464 44.0498 37.7688 40.6898 35.0347 45.0017 41.7243 38.2686 34.813 35.8823 33.9045 56.5858 48.9399 26.0847 30.388 44.0063 41.4765 47.4359 38.6425 39.4814 48.3096 36.1561 47.9532 33.1352 43.4891 36.0344 37.6253 41.407 50.4004 46.1406 48.3009 38.712 53.7343 53.9517 51.2784 43.4673 51.5262 57.7464 55.4687 51.7044 57.3986 45.0365 55.0383 58.9982 50.8655 56.0685 57.8203 64.023 53.4387 67.3526 58.9461 56.1859 78.3673 60.9456 74.7421 61.0846 57.2595 72.6209 70.4127 73.5076 83.8485 73.5511 67.3222 87.5084 89.8644 74.8681 86.6913 72.2384 78.4629 104.769 107.017 106.438 107.173 109.703 128.655 112.076 120.283 129.107 126.881 133.997 144.016 150.375 159.447 162.138 169.801 176.756 178.133 184.071 186.923 194.577
191.115 187.158 185.866 184.992 175.827 155.937 150.058 156.581 151.124 142.385 130.029 127.291 124.218 122.717 120.052 119.2 116.213 104.401 104.627 86.2521 99.0976 89.9598 93.1462 87.1631 98.6715 86.4424 69.4449 82.1047 65.7553 87.7524 66.8658 70.1248 74.7889 67.1469 66.1905 69.3815 59.3598 46.1153 58.3852 66.8477 55.7971 58.4442 62.5417 52.2616 72.1419 51.8537 52.6378 55.1761 42.7883 54.6775 55.1716 48.2139 50.376 58.2765 44.062 44.828 39.2982 48.5584 50.367 44.47 49.3834 42.6705 47.6927 47.1986 45.2496 42.0269 41.9543 34.7383 35.7038 39.7696 38.8404 37.5848 38.8041 48.6536 36.7236 38.9809 41.5328 61.4493 36.2885 42.7158 24.7755 46.9221 41.705 35.4817 34.7202 40.2682 35.9757 36.8188 36.0347 40.5084 43.1872 32.3587 33.8998 30.5547 38.9265 40.6263 31.7196 36.9548 29.2175 26.09 33.8137 42.0858 38.4279 33.3967 39.3254 43.4501 37.3582 31.2572 34.9151 39.0398 35.8579 39.0353 33.5598 51.21 37.0455 45.0592 50.1177 34.4709 52.7693 33.9587 34.7882 36.9865 41.0297 47.5975 49.1975 44.9595 44.2252 28.3291 31.425 49.5692 34.2579 54.1653 28.8187 45.5397 32.9253 39.7469 41.5509 42.326 38.7543 61.6488 44.7419 40.445 51.4321 48.4315 46.3193 41.1656 55.9648 58.7116 55.0447 52.7466 55.4662 57.4696 52.0531 71.462 48.9618 54.2968 60.5383 64.4137 63.0901 63.6658 70.8637 68.2302 68.5157 60.8963 65.6239 70.8546 73.3838 75.632 65.1253 72.1237 66.6437 68.1441 78.8955 71.7475 93.4001 92.77 93.8533 93.8579 103.73 96.369 95.6936 101.337 110.003 101.971 129.426 113.861 128.841 131.03 125.972 145.199 145.648 154.546 148.495 161.802 178.474 164.608 171.987 174.657 183.614 186.465
193.373 183.322 183.105 179.222 180.392 155.204 161.116 151.344 150.901 146.031 133.715 133.541 129.162 120.385 108.664 108.542 109.651 113.624 109.132 111.132 103.318 102.077 87.1996 96.0045 92.1824 84.9771 82.0422 76.9178 79.0364 79.933 78.6967 65.0316 80.8484 73.4449 75.4645 67.1125 64.4937 58.52 57.9585 56.2598 67.8486 68.1506 56.8921 64.7957 57.1941 44.4491 56.6467 49.8047 58.8739 46.0582 49.6443 51.7677 55.4199 32.9641 54.8584 48.073 37.9375 38.3008 44.9163 55.066 57.7933 45.3126 53.1974 45.7751 59.3882 42.373 60.1102 40.0089 46.3838 44.2415 34.0824 33.4784 46.648 42.0191 35.9793 35.1016 28.7787 44.6096 49.0545 34.0163 40.4006 48.5024 34.4504 34.1721 39.4003 44.0764 38.3669 27.9341 31.6665 34.3514 25.7777 40.528 30.7841 34.0211 35.0497 46.0723 37.4184 33.4312 39.1124 40.8394 33.2142 32.6008 40.5846 31.1899 52.8341 31.3031 40.4619 45.8647 33.8134 31.8788 40.0278 41.8115 45.0059 48.3184 44.9399 39.9146 32.9641 31.1144 41.6888 37.3335 52.6737 45.8223 48.5685 36.7862 46.2281 35.0497 39.7353 47.0538 41.9813 42.1842 43.7225 47.1623 41.1367 44.4256 42.8731 41.0659 47.8418 31.6618 41.8162 29.5667 55.7219 49.7528 48.7053 40.9479 48.8705 53.3531 39.5324 56.5429 47.8654 69.1887 44.4397 63.6397 54.2308 65.1119 53.3767 56.6797 64.187 53.8061 58.9022 52.3717 62.7667 62.0778 59.7091 68.1695 70.944 58.3171 67.3815 80.9333 76.2713 70.4344 70.8166 77.8945 77.3755 68.7641 89.2239 106.895 96.1177 93.8717 84.3968 90.1865 93.9142 93.3432 107.626 105.47 105.748 108.367 114.459 135.976 137.547 125.449 154.081 151.089 159.087 165.712 168.496 170.171 162.928 183.223 187.776 195.855
195.465 193.954 177.818 179.373 163.134 166.739 158.495 140.613 156.945 132.682 129.161 133.996 125.698 108.856 111.323 104.869 107.002 94.2355 90.3266 98.6103 100.641 101.332 85.2651 82.5137 86.6041 88.2814 74.0779 89.841 64.0433 69.5756 69.2224 80.3214 74.2986 73.2049 68.0404 75.2059 63.9403 68.2268 50.6686 50.8207 60.2079 45.2197 62.3365 51.7918 53.6849 53.0718 53.8909 58.7317 34.0619 59.9578 47.0442 43.0568 51.4828 55.4849 40.8792 51.1296 48.1477 33.9736 39.6874 41.6835 43.1696 42.6448 36.8133 47.6965 38.5446 45.048 40.58 35.3371 44.8371 44.1947 45.3129 45.9554 39.1332 47.6572 36.1022 36.0433 50.6098 49.8692 35.7981 32.4287 39.4667 33.542 45.3914 26.3912 36.7545 28.8092 41.2078 42.9538 41.8012 33.7774 40.8792 45.5777 33.0418 37.4362 35.0183 32.2472 42.12 34.984 37.0193 33.5224 38.7703 36.3817 48.0987 37.2106 40.6144 31.1977 34.9545 33.954 32.4483 39.7364 44.072 42.1789 43.6748 38.1915 32.1737 41.6884 45.2246 38.6231 40.0896 34.7829 43.0372 45.2344 32.8309 46.0584 56.044 36.9212 39.8394 36.3082 44.6361 32.566 31.9922 27.9411 50.9384 35.6657 48.7951 44.9892 46.951 46.2153 45.2246 37.7452 48.3194 47.2453 49.4278 36.0433 47.2747 48.6774 36.2052 49.6338 50.1144 44.0622 58.2559 44.5772 56.5246 56.2353 53.0571 47.1766 66.368 57.1867 51.0659 59.5801 50.6784 57.5595 50.4332 74.2054 59.3447 68.8203 51.1051 70.3456 62.4542 80.7922 68.5848 68.0552 77.8495 67.2312 80.4293 85.2014 84.0047 92.5778 81.9399 107.453 89.5321 105.261 96.5553 114.491 106.183 114.457 121.004 124.32 122.848 138.803 149.539 140.927 148.416 168.5 163.983 174.954 176.528 181.585 187.338 184.886
192.221 178.868 176.415 167.776 173.63 170.25 166.229 162.543 135.04 144.757 133.517 133.701 117.615 123.469 108.075 108.147 112.784 94.7435 93.4251 90.661 91.5874 76.5553 83.0304 86.9195 75.9241 96.6881 70.5588 69.4439 74.5497 74.2646 81.6712 65.6974 61.5792 72.6357 63.6765 65.7636 63.4728 60.3168 55.491 65.5498 57.9701 53.0629 54.6206 61.9915 60.9225 49.2399 44.7451 48.4 51.2049 42.6325 47.6619 53.1952 53.2207 47.3514 34.7932 46.7456 62.2002 48.7309 42.5205 48.4102 38.1784 50.9758 50.4107 53.2359 41.3803 44.063 44.8011 33.149 37.6846 38.6722 37.0585 40.5455 32.0749 39.5223 36.0251 35.6383 23.5077 39.7157 28.7509 44.0273 36.6156 27.7124 34.1468 35.3379 38.2089 36.2389 38.5907 34.2842 34.274 37.033 38.1682 32.864 31.6779 35.2768 33.6326 40.408 28.1604 37.3385 31.795 35.847 35.9386 31.2452 38.9878 41.1105 34.6354 37.089 39.171 28.5116 30.3187 36.1015 36.0964 43.391 32.8589 33.0014 36.0862 37.2519 41.7468 45.249 31.9579 38.1071 39.3288 46.6082 37.313 35.4295 39.2067 42.7853 33.9788 38.5551 38.1988 38.6111 42.1693 30.502 38.5602 31.5557 38.4991 32.5585 31.5404 42.1489 42.1948 44.2157 48.5171 46.5522 55.6285 45.0047 51.6783 41.5839 43.8084 52.6455 52.1619 49.5759 51.6681 44.7909 54.7071 58.0159 46.1348 50.9656 45.4374 55.3027 59.7415 55.4554 53.4803 63.1165 54.2388 66.7256 62.862 80.3222 64.4146 68.9247 68.7007 68.3648 68.94 77.5632 63.6408 67.7336 76.2702 79.7368 93.4251 83.8703 90.6508 82.9998 106.945 104.1 105.551 104.196 107.261 130.209 122.212 124.029 143.535 126.157 147.964 138.766 160.767 157.488 167.481 170.759 181.694 175.86 190.184 190.882
186.615 191.744 180.774 175.186 171.588 167.277 156.487 142.499 149.517 145.254 134.69 137.529 121.241 126.628 112.772 123.325 97.8136 102.235 105.617 107.57 96.2518 89.841 86.195 91.3764 91.3394 76.2595 89.6932 71.0518 66.15 68.2975 71.0729 75.1884 73.1148 60.4568 58.9794 64.3771 47.155 59.4173 53.8666 62.409 59.0744 65.5749 59.0427 45.1289 48.0995 60.9 52.4156 46.6327 44.406 54.7214 47.5402 64.6462 48.4161 40.2693 49.9832 37.2776 47.0706 42.1425 36.9927 40.5173 41.1347 48.0942 37.151 57.808 38.4068 36.7711 35.1882 44.1053 47.1234 41.1188 44.1 44.3269 42.707 44.042 43.0183 38.3171 40.7442 36.2329 37.3357 42.1372 30.8246 34.7344 36.7553 35.9163 26.097 39.1085 27.3897 34.745 42.1003 31.6372 30.698 35.8847 30.6452 22.9523 31.5633 40.8181 30.4922 28.8143 27.147 31.843 32.9879 41.6518 46.8015 39.5992 34.7714 38.2432 30.9038 43.2452 35.3095 31.0198 33.4734 40.1427 45.4349 50.2206 31.0146 38.2485 39.6098 46.295 30.8246 27.5005 38.4965 34.0485 52.252 35.6156 40.3221 40.0161 32.1121 25.0839 45.4296 34.9982 42.6965 37.1985 46.8648 42.0317 56.2146 39.8261 33.9693 36.7869 34.8505 35.9163 51.7244 37.7947 48.7221 44.8756 43.8837 36.8397 54.9535 34.3018 49.1178 53.6133 44.6646 39.4937 43.4668 55.9508 60.3671 44.2214 52.996 48.891 57.4809 48.796 53.8349 49.1284 63.5646 67.601 54.7952 64.7412 59.6231 69.0626 67.7962 70.1495 77.6894 68.0073 70.8302 92.2259 87.6882 86.1528 84.6701 78.2118 98.9111 82.0477 93.793 101.365 113.395 102.895 106.266 116.845 113.099 119.352 133.039 133.825 135.186 146.277 159.31 146.404 161.742 159.463 181.566 171.087 183.877 192.197
188.734 190.525 176.099 177.252 161.952 157.899 164.476 152.612 159.871 142.348 128.408 133.93 126.687 105.024 108.006 124.699 95.2409 98.8624 104.931 92.1929 94.7056 83.7973 83.1364 88.0798 76.385 78.5317 72.8508 75.7404 77.0787 69.4369 69.4314 63.7834 75.795 72.9929 54.0987 64.5317 65.1162 65.2746 64.2641 62.7893 55.1311 60.0581 53.3504 39.3614 53.6781 51.892 54.9836 49.199 58.5123 37.4441 56.311 44.9111 50.0949 42.3384 44.8947 45.075 48.7347 40.4266 40.1917 48.4234 57.4526 40.7925 44.6435 40.869 46.8448 35.8382 37.7009 40.656 33.5167 50.9743 38.1488 46.1074 30.4251 35.3248 36.3845 22.1551 35.3029 32.4516 32.0747 34.3197 32.0802 34.5382 40.5686 37.0399 34.7021 30.3049 36.2261 37.7391 34.8932 27.7376 31.4356 30.5889 40.8199 42.2728 40.3829 37.0891 28.7809 31.4902 37.0618 30.9549 28.1801 32.9924 44.2119 37.3404 30.5234 40.8854 38.4055 29.4528 33.1016 28.6662 34.9315 36.6248 27.0767 42.0325 37.8047 27.3061 41.8358 47.6095 31.9272 41.2077 35.5105 39.1975 31.3974 38.269 35.942 35.9966 45.4847 40.1589 37.6626 39.4488 41.1913 37.6463 49.8709 36.4828 36.8761 43.7203 46.1729 41.6337 44.7746 38.2089 34.8495 45.0204 59.8997 35.8546 41.3169 43.6712 53.9567 52.6021 42.1636 47.1452 50.6411 40.4703 52.4491 50.5209 52.4437 51.7882 54.4429 54.8798 44.4851 52.4437 51.018 62.1939 68.7213 70.8243 78.1548 47.0578 74.5715 62.9968 50.2041 74.0034 74.7681 80.2741 66.8805 72.7689 72.0861 73.9979 96.0274 80.9569 71.8676 83.9776 102.85 101.064 94.427 105.685 112.436 107.389 114.299 123.339 120.957 127.419 139.529 135.547 137.006 155.124 168.469 174.433 171.145 183.452 189.029 186.532
178.885 187.505 175.48 173.915 180.45 155.389 148.012 157.394 146.515 138.066 136.253 118.845 118.856 115.235 110.604 105.724 107.26 98.3641 87.3839 91.3434 91.8743 94.6024 81.9842 88.0109 88.3554 77.138 74.0202 75.5791 69.9535 67.4795 71.6197 64.7175 67.6998 56.3525 59.0241 65.2767 61.5206 55.0026 61.8934 43.1469 59.2275 57.9114 56.1266 50.6478 61.3286 45.5135 45.2481 50.7156 49.5294 48.637 52.1446 46.6601 36.2674 42.9549 51.094 46.1518 37.719 41.6784 39.227 45.4062 49.8683 47.4283 41.3282 50.3202 38.2668 31.6866 42.616 43.4858 40.7295 38.8091 40.0008 37.4365 39.1593 41.4016 37.8828 44.7341 40.7351 30.7547 31.3816 27.6933 51.6249 40.5374 30.8394 35.8268 37.8602 35.3806 19.413 42.1754 28.9585 28.3655 27.2923 41.3225 35.2676 37.7811 44.7962 33.5562 34.5108 31.0258 29.5855 33.4037 24.5698 35.0473 40.8255 30.1729 35.5331 39.4021 39.9895 29.9978 35.2337 25.1516 31.0314 40.882 24.0615 34.9061 23.09 32.2797 41.8309 23.395 47.5074 34.6633 45.1916 34.4317 26.9026 32.6186 36.2391 39.0011 45.5757 42.198 33.7595 44.9374 39.9105 47.4 38.8486 43.8134 42.2037 31.2291 33.7595 37.9901 36.7136 37.7133 41.2886 47.5921 42.2206 50.0321 42.616 57.4031 36.9395 43.5988 62.0685 54.3304 42.4522 43.2768 52.6303 60.4701 54.6976 54.9969 49.151 68.0331 37.3688 38.9277 64.7175 58.2786 63.2208 61.1196 73.8112 65.8077 62.5599 54.1158 57.4313 62.6333 81.0184 72.0603 74.8335 74.0484 83.9103 65.9997 81.3403 93.5292 102.651 100.533 90.6712 97.6637 99.0871 108.023 102.51 103.798 113.112 124.453 122.493 127.707 132.948 147.622 151.215 148.3 157.207 170.82 178.027 183.325 176.79 190.956
184.576 186.559 177.989 171.233 164.751 160.586 146.969 150.125 132.71 128.538 131.111 125.942 106.042 112.944 105.359 96.3513 107.85 94.0235 87.8918 93.0609 94.0935 86.6666 70.1442 88.8428 80.0507 79.7531 62.0522 72.5946 62.7932 71.5853 57.1749 59.9986 61.358 57.3207 62.7115 57.5308 64.0825 62.8515 46.1366 55.868 54.6778 52.6476 62.1631 58.5109 50.3197 53.616 45.1857 36.5803 40.4716 44.5439 50.2906 45.8332 45.7166 41.1251 46.5567 40.1099 41.1776 46.5742 47.4085 51.5157 41.7727 55.2613 41.656 32.1171 37.2337 44.1238 34.3108 40.8975 38.7914 37.5604 31.8371 37.0353 39.159 34.8242 33.2664 36.5744 44.8123 38.7856 35.2734 38.2663 32.8347 26.1954 27.2339 49.1646 25.3261 25.0636 34.5383 30.9328 42.4144 36.4519 28.5349 32.2746 33.634 29.941 43.0678 38.2372 30.186 39.6257 30.8044 33.3481 37.1053 24.1593 38.7797 37.1987 28.3132 36.2302 34.4158 38.8147 30.3494 39.0831 39.8124 41.0492 27.9924 37.9921 41.9535 29.4334 38.0855 29.7484 33.2373 28.1382 34.2933 33.9199 38.103 31.8954 52 33.0564 38.6105 39.4565 37.3387 33.6457 43.4354 41.1717 40.4716 47.7235 42.1402 45.4365 49.2929 35.7926 37.7938 41.1192 42.1461 42.992 44.1822 52.245 33.3131 40.2441 37.6946 44.9815 52.9859 52.9276 39.0539 46.3233 45.0456 41.8427 59.3802 50.5881 48.5053 60.5529 55.9847 44.8064 50.7456 52.2158 48.2603 54.0828 61.6964 52.525 66.1245 52.2392 62.7465 65.2435 73.2947 71.9587 65.0393 82.186 69.6542 76.2759 73.1313 87.215 90.3596 83.0844 85.6573 91.7657 109.776 90.4238 100.581 106.894 101.258 132.832 121.444 123.935 138.177 138.923 149.956 146.42 157.178 164.185 172.499 177.16 169.588 187.487
189.338 179.086 181.542 167.076 162.025 166.155 153.808 150.611 136.175 127.638 130.889 124.092 107.206 112.558 99.8855 105.803 98.8621 109.169 95.1958 83.5169 76.2024 85.0339 81.0968 86.852 73.2586 77.2078 87.5624 68.5268 58.1903 69.6887 69.5863 66.7449 69.0506 54.5963 55.102 46.6197 52.3147 53.1394 64.2887 51.2792 55.397 79.7061 56.2699 48.4197 57.4137 54.1749 56.9622 52.5194 41.7193 46.2464 48.9795 38.5106 42.4537 44.2237 54.6746 39.3353 42.4056 39.9614 56.0712 43.9829 47.5167 41.3461 35.7654 39.546 34.4049 41.7494 29.8236 36.7768 35.5788 42.7909 44.4404 44.9942 40.8584 40.5333 35.4765 38.643 30.9253 44.019 34.3808 28.8483 31.9427 32.4122 35.4524 38.1735 30.3594 20.7573 28.4691 36.0423 33.8751 41.7614 28.2102 29.2637 28.5353 34.1761 42.7367 41.5808 25.4289 18.5901 41.3159 36.2952 29.5587 37.7882 28.5895 30.6062 36.7226 22.0336 25.8142 35.35 38.5226 29.4865 31.7139 21.9192 34.2604 39.841 36.5119 32.5386 31.0035 33.0744 30.5038 40.0939 26.4644 34.5373 39.546 28.2102 42.5862 34.146 42.8631 31.9366 35.8678 37.5233 40.3407 35.4223 37.0417 53.7174 36.9694 42.0685 39.3293 33.9293 44.9099 33.6343 36.9454 39.847 43.128 38.0892 48.1367 43.116 50.7013 41.4303 36.8852 50.8759 43.8384 47.5648 50.7916 48.4076 55.0117 38.7273 47.625 55.0177 59.6652 46.4932 56.1675 58.4732 48.4979 73.5476 65.6432 57.0886 79.0198 74.0533 59.2619 61.393 58.4973 60.2913 67.6719 78.4901 77.1476 69.3516 84.3898 78.5142 94.7142 88.9951 100.036 99.9156 99.2173 98.7357 104.822 111.161 105.087 112.913 126.813 115.526 137.054 147.312 145.885 154.488 170.489 162.097 170.977 174.794 180.428 187.291
189.569 188.291 179.876 172.143 160.227 153.742 152.284 137.997 135.937 141.231 131.183 114.836 118.386 97.2237 106.303 110.039 83.1298 96.5472 92.8422 105.788 95.2315 89.8385 93.9283 91.2286 69.6751 69.6006 60.5709 70.3764 72.232 70.2398 60.9432 66.3549 76.1728 52.4472 56.4935 47.8423 57.5609 50.9639 58.8828 47.9726 51.3425 56.8472 43.5974 43.0264 44.8137 47.9416 50.1695 45.5523 52.1555 41.3508 41.4439 51.1997 50.1695 47.1224 47.6685 40.7488 45.4281 52.1493 32.9106 35.7964 39.1601 50.6164 38.5581 45.5336 44.5531 38.6015 26.3756 37.6085 44.0442 41.208 37.2176 43.1133 31.93 26.8349 34.127 27.7223 46.1977 28.7029 27.1141 34.8779 31.8928 44.6958 34.5552 32.9044 46.0674 26.6177 35.9391 31.7376 27.5672 27.1886 27.6044 29.2118 35.8088 33.6057 37.9251 33.1216 29.8386 29.6959 25.5999 33.2829 36.9011 27.772 24.6441 28.5105 30.7757 32.352 38.3409 25.9288 35.3371 31.0736 32.6375 23.4216 34.4124 33.5436 38.6387 38.2105 34.3318 33.0037 29.187 34.9151 27.9271 32.5692 31.5949 26.177 44.3855 47.4513 40.6619 43.4857 44.7641 38.1236 38.0616 23.3409 29.9565 35.1447 40.5502 43.2436 36.2246 32.6437 35.1199 39.551 40.1716 34.9151 32.5879 35.9019 46.75 52.1182 32.5196 42.6789 41.4625 40.8853 42.9147 49.8592 46.3901 52.0314 41.4066 41.2267 56.4438 55.1778 51.1935 65.064 54.7558 57.9829 56.7479 67.1989 56.4625 65.3805 58.045 64.611 56.0405 57.4182 68.9056 67.1741 63.9159 84.7247 78.6242 74.7889 82.0189 74.4041 80.5667 81.5907 92.3147 100.302 83.136 100.991 103.38 110.07 106.7 95.7156 135.695 135.49 137.11 142.478 157.658 154.698 149.702 166.061 164.869 173.39 182.619 184.077
187.157 174.494 182.216 163.442 149.329 149.796 145.903 133.317 126.893 130.786 132.365 121.434 128.811 114.71 126.107 114.506 87.9598 104.189 96.7104 79.6822 89.986 86.2084 76.3392 85.5883 86.1764 65.4281 75.668 78.3143 64.9615 62.9928 58.3075 62.6156 79.4137 58.5184 63.421 51.5 69.0779 47.358 64.7825 41.7395 48.4702 50.7649 44.2643 51.5448 47.1727 50.1194 43.0946 50.4198 38.192 47.4539 47.4219 51.3083 56.4921 54.7855 58.5312 37.7253 38.7033 39.9114 47.6009 42.8837 43.4653 43.6059 38.3901 39.8539 41.7139 38.1856 42.775 32.8994 35.8205 37.214 36.3063 27.3576 34.197 28.6999 33.692 44.9547 35.3092 35.3348 43.5932 31.4548 31.0457 42.7558 30.349 29.7162 29.0451 40.736 30.4321 32.7652 30.2723 24.462 39.0868 29.6076 33.4875 34.0819 46.5974 24.7241 35.2581 40.7743 21.6496 20.8442 39.1635 35.4882 34.8809 33.7879 24.8136 29.077 33.3532 34.8873 32.4967 38.7417 35.2581 32.9442 42.7622 33.4491 35.1046 30.4577 26.859 33.4427 46.5335 29.1346 39.4959 36.4917 33.1295 21.2852 32.1516 32.9953 42.5449 24.315 38.4157 32.9953 33.1167 27.8242 41.1706 35.5968 39.8091 37.3674 37.8532 39.6429 39.7324 52.0561 45.1464 39.8794 40.2821 40.4547 38.307 44.341 45.1017 32.1899 33.8007 50.4453 43.9959 40.9085 53.8459 50.912 52.6442 50.6243 49.0583 48.9432 59.9694 62.3152 51.2379 43.9319 63.0695 57.8281 54.9517 50.2919 59.1256 75.6297 56.3068 73.5715 60.2506 67.7803 63.9068 74.5111 84.6807 78.2376 81.9257 86.3618 88.8291 82.7439 80.5195 85.0003 99.6059 81.9641 93.1245 99.9703 112.94 115.241 120.719 130.664 125.282 129.15 146.401 147.456 165.756 161.665 171.209 174.251 177.524 188.122
194.35 179.353 176.629 164.21 168.979 154.179 149.542 135.38 141.142 120.428 133.136 132.933 112.054 116.915 108.608 114.166 91.8273 98.8328 94.123 94.4651 75.6786 89.058 89.5185 85.5652 87.3478 75.376 61.8124 73.2448 66.6274 73.3829 59.4839 57.9052 70.5413 65.6539 56.5896 56.9053 65.8513 53.0112 58.8129 57.1684 52.2482 42.1708 52.7876 52.2613 37.2243 50.5905 52.8665 55.1622 48.387 39.1779 39.566 48.2094 50.5577 42.6576 43.4535 42.4669 48.8474 48.0778 45.4532 48.5317 36.6915 46.9924 29.7255 43.6575 41.2631 33.3302 51.0773 40.6908 31.5081 35.1062 30.8437 29.6137 36.8822 27.8047 35.4154 34.33 36.6652 40.0265 30.4885 29.0282 38.086 30.8174 32.6658 37.7308 24.2395 32.2711 32.8039 30.3372 24.1277 33.3894 36.0139 33.0407 39.8686 23.8909 29.6597 29.3769 34.284 33.3104 28.7454 31.245 25.8774 29.6268 37.3821 29.9623 28.8506 31.9028 31.0739 24.5224 25.634 25.6932 27.66 32.4553 32.0475 29.6992 32.008 23.1344 26.1405 28.5283 29.3045 25.9432 24.1803 33.0999 21.9044 43.0457 34.4747 30.3438 45.4664 34.9746 27.8639 35.9745 41.7367 38.974 43.4075 35.9811 43.5127 36.6586 31.1003 46.1834 37.3493 33.2907 39.7502 44.8349 37.8097 34.5602 39.3884 42.6708 38.5925 45.9466 36.2376 51.8995 45.6177 50.1959 57.6947 45.6242 42.1643 50.0446 50.7287 49.0119 55.7345 47.9199 47.1174 55.9449 45.5453 42.1314 49.0053 48.3146 59.8193 65.746 62.878 53.3598 60.9047 74.192 57.8986 78.9939 65.6671 72.3897 72.4686 83.0853 85.2166 85.5191 86.6505 82.5525 87.0452 96.7476 102.266 115.922 110.094 115.968 127.539 126.138 118.52 143.345 135.458 141.957 159.376 166.243 161.014 180.326 180.504 193.054
186.661 179.255 167.432 169.779 157.725 156.65 140.41 143.109 139.544 125.679 118.029 118.468 120.41 101.816 102.729 103.013 89.0186 89.9791 100.713 83.5061 78.4535 74.8349 74.0029 76.3838 86.2116 69.8229 64.5742 82.7486 57.7833 67.5908 69.4577 50.8504 56.2006 75.4639 58.02 56.7484 50.431 42.47 47.2791 65.7037 45.8519 46.7583 45.7031 51.6959 56.0382 46.3254 45.6896 42.6188 36.2135 42.4835 39.4534 37.8233 39.3451 41.8545 35.8009 47.2994 39.5683 34.4549 34.4278 39.6833 49.7682 41.2593 32.3446 46.3525 41.3743 38.9055 42.7541 41.5975 33.5824 37.2281 47.3873 40.008 30.6874 34.5293 35.1516 26.4127 36.1391 44.3977 38.5132 25.1005 32.6354 31.3841 29.6864 38.9596 29.1724 25.9257 25.6349 36.3893 25.2358 33.5959 37.7421 29.1588 24.9653 23.484 33.65 26.4127 22.0095 35.9159 26.1489 33.8529 39.7645 27.035 30.4575 33.4336 38.317 36.7614 33.1698 27.0215 31.1271 31.8576 27.8872 25.574 33.3321 25.6957 35.5371 27.8872 30.4034 38.405 29.1385 34.4549 43.8228 27.9008 33.1833 39.3046 36.7411 25.4184 40.5626 35.6183 30.2546 35.3139 33.6973 36.7072 38.0397 31.3368 40.9482 39.2978 40.4138 33.6297 39.0002 41.5298 54.4217 42.9773 32.6828 36.1188 34.0152 44.8509 38.2494 38.8311 37.0725 35.1989 43.7416 54.2458 46.5013 43.3764 49.3691 38.432 38.7499 55.2875 47.0897 58.994 58.9061 63.2147 54.0497 64.7703 49.4232 62.9779 53.9888 56.8702 56.0518 57.9389 66.7521 69.0451 66.2787 66.8265 74.5102 69.6065 75.6533 68.4431 73.8474 77.4457 76.8505 91.1425 84.7777 89.3365 99.9422 109.797 114.092 116.338 116.791 124.265 128.519 126.193 142.805 149.582 148.757 158.307 169.136 179.485 180.973 183.482
188.72 181.013 179.359 166.523 162.833 147.564 146.932 128.668 132.427 109.903 115.762 113.462 102.828 103.676 113.086 95.6424 84.0364 87.0943 85.0371 81.2773 98.332 67.6628 81.5275 79.1368 72.0202 71.1863 57.0783 81.4997 60.1918 77.2187 63.7292 64.452 56.008 51.2474 54.4096 59.1285 50.3023 46.9178 55.5841 45.5834 47.6683 45.4375 41.9556 48.0784 57.0783 45.0622 46.5703 44.1587 44.2421 42.5325 45.4166 42.9494 36.3541 39.7734 42.3448 45.4861 41.7819 41.8375 39.8499 39.9124 36.9588 35.7356 44.9232 46.8413 32.6638 37.2159 45.2012 41.1703 33.0322 43.429 29.0222 31.4685 38.6267 29.8631 30.0716 32.2955 33.8453 23.4971 38.5781 28.216 33.192 43.7417 33.0669 38.1124 32.2746 28.5079 34.4916 34.5611 20.5157 22.3087 30.5997 32.5248 28.3202 24.2199 31.4893 18.9311 31.8159 30.5789 25.9295 35.0893 24.9496 25.6793 30.4816 34.6514 31.8854 30.5858 34.9016 33.3379 36.7294 37.2715 31.8576 29.0013 25.2693 25.3179 27.243 24.5118 41.622 39.9958 25.1094 36.3055 37.0769 33.2059 27.7225 35.7287 34.8252 36.6738 30.1619 31.5171 37.3896 30.9611 25.999 33.4213 41.9556 37.2785 31.9271 27.0276 32.1495 47.5571 41.7471 32.7611 39.0437 51.4559 38.3626 31.1557 36.2221 34.4499 44.5965 41.2885 35.3742 41.1773 35.402 33.7202 52.3872 52.8876 41.7819 35.3047 39.8638 41.5803 59.1702 45.3193 49.6004 57.7316 35.4159 54.0899 46.8622 55.8343 54.3331 56.286 60.7269 63.1663 61.9501 65.6195 67.3222 77.8858 78.3237 73.7855 86.5035 77.9414 74.1121 66.1616 83.8626 85.3429 85.7391 77.1214 91.1599 93.7521 108.951 111.043 122.698 134.415 130.488 123.831 143.582 160.643 154.708 157.426 162.596 174.098 177.392 183.279
186.641 172.955 175.538 166.975 156.386 164.584 145.789 139.866 118.959 115.584 120.643 117.096 114.749 101.434 99.2145 86.0135 94.5477 87.3407 80.1479 78.9277 90.987 70.5433 84.4079 72.0989 75.731 76.8941 64.9918 60.1466 67.846 60.7603 60.8031 51.7337 64.0284 66.9398 58.7409 47.281 46.0323 43.2422 59.7613 58.8408 56.3505 46.5817 53.8672 44.6693 42.1933 39.9027 41.4083 42.7356 43.3278 46.7744 39.4104 40.8232 41.5296 53.7388 36.5632 38.0688 34.765 34.9934 49.0649 37.4195 27.1156 40.5449 35.2503 35.657 37.5908 39.2177 28.4714 43.4135 39.9883 42.3788 35.5999 31.6253 38.5469 26.3449 39.8528 31.5254 24.982 35.6142 50.228 32.553 31.4541 29.3134 34.0229 31.9892 30.1625 36.4276 34.2798 27.5937 26.4091 36.6488 26.1665 29.7201 25.8811 32.5316 31.8751 26.9729 24.6609 26.8516 27.1013 24.4611 38.4542 24.6894 28.0789 34.6152 31.8394 37.0128 34.6437 36.2421 35.5214 34.4439 35.5928 37.6978 39.0536 28.6569 37.9761 34.0515 29.1278 34.2156 35.9781 33.5734 34.0943 37.9975 30.8832 27.7007 32.189 32.0178 31.6681 36.499 30.0626 45.2545 27.1156 36.7559 37.391 32.8812 32.7956 37.4124 38.447 43.6775 27.3796 49.1862 33.3522 39.0393 29.9056 34.0729 40.3023 37.9904 30.4693 40.2738 49.6144 29.135 37.8976 34.5295 48.9864 47.2096 48.3299 37.6907 47.0669 52.5471 52.4758 51.1985 43.9058 55.4085 58.6053 52.854 44.7336 54.5166 55.7154 72.3272 54.067 46.5032 56.0436 56.5717 64.214 70.5005 75.0317 67.7747 84.2581 68.2385 75.3884 80.8544 84.5507 90.6873 86.2846 84.2153 93.3704 98.0442 108.776 91.8861 119.116 117.446 113.265 126.152 141.657 146.531 152.126 167.089 167.96 176.315 179.213 191.001
181.29 171.047 182.791 160.665 155.965 151.345 149.866 130.793 123.918 121.605 113.558 114.298 121.239 111.413 96.9674 105.46 82.2509 85.4066 99.098 82.0459 87.2589 67.3295 73.9556 76.7744 69.4967 74.0434 67.2709 63.6907 67.7908 61.4136 69.0574 62.263 61.5381 57.2257 55.6149 58.4411 52.2982 46.0895 68.4717 43.095 47.649 46.2213 45.2622 46.8656 48.0444 41.7185 43.9882 36.4689 41.7112 37.8454 43.505 42.6118 34.1041 40.2176 39.9247 42.8827 31.4243 39.9833 30.165 30.8533 32.464 47.1438 27.3169 29.3157 32.7642 45.5917 39.8003 31.8929 31.8344 31.6586 36.6446 42.5239 39.2145 33.3646 35.7294 28.9862 32.7935 30.9631 33.9942 36.5202 20.5298 29.1327 27.3096 32.6837 35.2243 26.5774 35.1291 29.8648 36.1102 31.7318 34.6678 33.2108 33.0351 31.6733 29.7404 21.6573 33.6428 32.0833 31.5049 22.924 31.6293 24.2126 32.464 25.5817 45.9284 25.3621 35.8832 26.614 33.1522 25.4426 28.4152 33.284 24.7763 27.1778 29.6013 31.4024 31.666 33.8551 27.6684 27.3682 28.935 42.2676 31.9588 39.8003 40.4006 29.2864 35.9198 30.3188 49.1573 37.3622 31.9515 25.0692 35.993 41.0523 32.691 37.2084 37.6257 45.1157 32.7715 38.2554 36.3884 27.6098 54.5094 39.9247 37.5525 34.6532 36.6446 43.4611 42.3482 45.5331 36.7691 50.5484 40.5178 56.9255 53.8797 51.5661 42.4946 41.9601 46.0383 45.9211 60.0006 53.4843 59.4515 48.4105 51.6539 71.2392 55.2855 59.2098 70.6755 55.8492 67.8054 80.3986 61.7944 61.5967 72.1032 67.7468 79.7982 73.2088 77.3162 79.703 82.2949 83.9422 86.9661 95.2981 97.5751 108.206 94.5512 105.848 124.467 120.074 122.915 137.551 146.037 152.97 140.604 167.233 176.919 165.805 178.684 181.115
186.239 185.511 178.514 174.453 150.954 152.335 143.634 145.796 130.924 127.523 122.275 111.592 117.493 99.4899 97.9283 86.4493 85.4283 93.2661 96.089 74.6174 88.6941 90.0829 78.9267 66.4342 76.5018 68.6564 70.6309 67.4702 53.799 60.6234 68.6714 56.5318 58.1384 54.7299 54.1819 61.4567 53.6714 53.9642 48.6564 58.0933 47.2374 49.6999 39.6848 46.1563 48.0633 53.7465 38.6938 37.6878 42.4326 44.5723 46.3365 37.7854 48.0407 41.3665 33.6938 42.5527 40.3981 41.7494 43.0482 37.395 31.2314 36.7119 32.9581 25.8034 35.6683 29.0316 32.8079 32.8305 33.7539 26.6668 36.0587 41.6518 35.0677 37.9131 29.1292 34.3695 30.9235 25.901 38.1383 32.5827 34.3245 28.3109 26.0587 40.7584 32.2824 34.362 28.3635 28.9416 28.5362 30.8109 27.898 37.0572 28.3109 31.8695 29.0241 35.856 31.3515 31.4641 33.7088 33.5587 29.6323 20.8785 23.8364 32.2374 26.0587 24.4971 22.365 29.88 37.1173 26.4641 26.6743 27.7629 32.3875 38.2284 34.3245 29.4596 27.4776 25.7433 36.9821 40.9236 28.5962 32.0121 29.6097 44.2119 32.6503 46.7569 29.407 44.8801 26.4791 35.0977 36.9971 41.1864 40.6233 33.4236 38.0557 49.6549 32.0422 34.0392 31.3365 33.6112 31.7944 33.7239 35.0902 49.5873 37.5302 45.1053 40.383 35.6083 31.2163 34.3094 43.4611 41.1413 54.1444 46.6293 49.2645 46.8996 54.3921 43.5587 43.799 41.2539 60.781 41.5767 42.4326 48.3711 45.8635 54.6999 56.1714 55.3906 69.1444 71.3291 60.9387 73.7766 62.9507 70.7585 58.6564 71.7796 67.2525 64.9027 78.0183 81.0589 75.2706 86.8322 91.7046 85.0754 87.9358 98.8818 99.9103 114.985 111.607 127.17 131.382 125.856 137.748 145.601 157.914 151.239 158.011 174.363 178.987 185.361
180.889 175.719 179.604 167.81 152.361 157.701 141.067 143.375 137.552 130.266 114.186 109.801 106.116 106.085 114.84 94.9912 93.0833 88.2748 94.3758 97.7609 83.251 84.9128 82.9433 70.3875 69.7644 62.9172 58.5319 65.6022 67.564 66.4793 56.8547 55.0929 60.1168 60.0937 48.5535 59.5321 55.2622 55.1852 52.9926 54.5928 52.5772 46.8147 47.161 47.5533 40.3138 35.013 49.6613 43.2065 42.1833 45.3145 31.9971 56.2316 49.8537 37.7672 42.4987 27.9811 36.7594 34.8668 26.4809 35.9131 40.1368 32.4818 48.3534 40.0599 37.5364 42.114 36.6978 32.4972 30.0045 40.5523 44.1836 29.5737 28.6659 27.9196 36.6363 33.1973 27.7119 28.712 26.9964 30.8277 25.3423 36.8594 41.3909 29.4506 31.5355 36.3824 44.1528 32.928 34.2975 23.2804 26.5117 35.6592 35.1515 24.9345 32.451 23.2266 26.6733 26.1963 25.6885 30.1969 29.4506 22.6957 23.8959 32.9896 34.936 32.9819 20.8262 22.688 23.9652 27.4657 30.1661 27.458 22.6573 34.5206 31.3201 28.612 32.5664 40.7831 27.858 33.1204 27.9504 24.2652 37.2518 31.4586 31.8586 32.0895 38.6289 41.6909 33.5589 38.9751 30.1045 35.3438 43.8066 42.3295 31.7279 31.674 33.9359 32.3741 39.7675 27.2272 37.5518 27.9888 44.0528 49.6536 40.9908 35.4515 26.127 51.7232 36.5671 41.0677 38.7674 37.5518 42.491 36.0285 51.0231 47.3456 47.9072 50.8692 43.7989 57.9318 56.0777 50.6076 54.9467 53.6235 52.5156 49.6613 49.4767 59.7705 58.5396 66.2254 66.587 68.9565 53.7389 70.5337 78.2887 63.6865 71.1492 69.2951 79.3889 68.4334 84.2127 86.6131 85.059 90.806 90.8522 89.1904 98.5148 112.894 113.286 107.839 132.482 126.888 123.988 141.475 156.839 158.424 162.801 173.819 180.92 184.805
179.839 176.215 168.611 163.119 143.799 146.596 140.498 129.6 136.463 125.33 121.949 100.407 110.761 96.365 110.154 97.5391 102.527 86.7994 88.4541 79.0067 68.2356 85.8224 77.2023 66.6597 75.981 70.7649 67.8416 73.9875 67.5658 68.0228 60.5768 57.2123 62.9406 63.0746 52.7998 57.1729 50.83 49.262 51.6494 54.2969 43.4549 40.8074 53.8951 50.1287 51.7913 46.3072 49.4038 45.8108 37.0883 54.2969 43.8173 45.3774 35.7409 31.3679 40.1376 44.7077 44.8653 40.6892 38.2072 39.2552 32.0376 33.2668 31.5649 27.0185 30.6903 38.4436 36.655 40.1298 30.2569 30.6824 29.6187 19.6591 27.05 34.1572 37.7187 26.7663 25.3638 45.7635 33.1723 23.0315 34.8269 33.8499 25.0722 25.5529 37.7108 24.7334 22.2829 27.1445 27.2076 21.4635 25.5529 32.408 30.2175 26.0966 23.5988 30.7612 26.8924 29.5714 26.396 31.1394 26.9475 34.6693 28.8386 41.1305 28.0822 24.2291 36.7416 27.0027 26.8136 26.8687 31.0054 39.1527 34.89 30.4224 23.6303 31.9982 26.8687 25.1353 35.2918 31.0054 21.0616 38.7588 26.3408 29.6581 32.1952 29.5635 30.5484 38.2151 36.7574 34.3936 41.485 33.3141 30.4775 35.0318 32.4395 28.8228 36.3949 41.6032 45.409 25.1116 33.7553 37.9787 32.1873 50.5306 35.8276 35.2051 35.0476 43.3997 51.4525 48.0013 41.0044 34.0311 51.4446 44.2822 44.8732 43.6203 60.104 37.7896 44.3846 44.0616 55.5891 47.7728 53.0914 65.1863 64.4377 43.6834 44.8023 69.8193 66.4785 61.5538 65.6511 70.04 56.9996 65.4935 64.1304 75.5792 69.1338 76.6271 70.7176 81.5124 86.3346 75.3428 83.3561 75.9259 104.166 104.583 104.662 105.623 132.681 115.094 124.707 128.615 131.602 150.103 147.211 153.325 163.86 177.649 177.704 183.354
185.825 171.525 168.323 164.412 157.25 145.587 144.063 126.73 135.191 125.182 111.616 118.714 95.1144 97.1872 106.591 98.5825 93.2674 85.678 82.1776 74.3301 61.0868 74.7494 72.5879 71.112 54.2474 75.435 67.0471 67.3939 59.8286 58.9091 59.4173 55.2475 65.4824 54.1829 54.2071 65.7889 48.8356 44.7303 53.0618 49.997 40.6331 46.6257 48.1016 42.5769 49.876 37.5522 45.6901 45.7869 50.4486 43.6979 41.0364 42.222 36.5279 46.8837 37.4715 32.1323 33.826 33.9308 54.4893 25.922 39.6572 39.6653 31.3983 49.9244 33.9228 36.4553 33.4469 36.2133 34.5599 29.2126 35.3019 34.7293 30.4385 36.7456 33.3017 31.2693 34.6164 36.9715 28.8093 39.4959 24.2686 34.4147 32.4468 26.1639 39.4394 30.4627 29.261 29.2933 35.5036 29.5433 31.9145 27.0511 28.2851 27.2366 32.2774 34.7293 25.2203 30.5918 26.9866 22.0909 21.2118 24.3412 29.8175 30.7612 19.8568 24.6718 32.9227 27.6076 22.2522 35.6326 29.1158 26.2123 35.4229 27.156 33.213 39.1491 38.6329 36.1246 27.6237 27.6157 31.6806 33.1324 36.8505 31.1564 31.5758 34.7051 19.4616 38.649 36.673 29.7933 33.0678 33.6727 25.6477 31.7613 27.535 32.1403 35.1164 37.044 42.5365 49.8921 54.9733 35.6326 44.2141 41.1896 45.6578 41.6332 37.6893 39.2862 30.9709 33.2049 42.5607 43.206 36.294 35.7939 47.8596 50.2067 42.6414 39.5282 40.6412 65.3291 49.9324 46.8192 45.8836 48.2387 63.4257 53.949 57.2316 72.5718 61.9336 57.2074 48.8194 51.4165 65.184 63.6354 59.514 69.3779 69.6844 79.0886 86.912 79.758 82.7341 85.9764 80.7904 97.2598 90.7349 99.881 111.584 108.003 108.551 122.827 120.746 123.819 133.062 141.506 154.887 170.977 154.12 166.476 179.913 180.083
178.285 190.447 168.722 154.587 160.38 137.903 132.284 140.115 118.934 116.739 120.18 116.417 97.0018 102.208 96.3664 98.5035 96.1931 83.3212 91.0856 84.0555 73.4609 77.5206 61.9587 78.4777 47.7253 79.2451 58.4602 61.5956 56.0508 48.5339 60.8448 53.0061 44.598 67.7758 51.9334 45.1014 53.3774 70.8783 47.8078 48.2038 48.9052 55.597 44.2597 52.8245 48.1213 61.2161 42.6837 47.618 39.3667 41.347 28.1615 43.7234 40.1259 31.7921 46.4711 31.2888 29.6798 36.2973 40.2001 31.9654 36.1735 36.4706 36.3798 42.2547 30.9752 36.7676 41.4296 34.8863 32.5099 30.901 38.6571 31.9406 20.2156 25.7274 28.046 23.4418 21.6348 24.5557 26.5855 32.4027 27.4602 34.2427 26.2803 28.7969 29.259 32.774 23.4583 29.5643 24.927 30.2244 21.6348 25.2653 29.7623 31.6518 25.7522 22.1051 33.071 18.8871 28.7804 28.4091 28.2853 23.1118 28.3266 22.7322 22.4352 23.8874 21.6761 23.021 25.4221 24.3412 25.0508 22.9797 30.7772 31.7838 23.4253 27.2291 26.7341 31.3795 28.4008 28.3678 28.5906 28.1698 28.9207 26.8413 31.7178 31.396 32.0644 34.5398 37.1719 37.766 33.5991 37.6587 38.4921 33.3598 34.6058 40.4559 33.9952 42.5352 37.0481 41.7844 34.2345 39.8288 41.9741 30.2244 36.0745 37.3039 40.3156 29.0857 41.116 43.6409 37.601 47.6923 43.6822 32.9473 48.4184 37.5185 39.2017 50.2749 51.3393 48.5916 46.9579 28.7721 54.4418 55.0029 55.8197 48.1131 54.6976 65.8285 59.2028 57.8331 58.6004 58.3364 54.3758 50.6875 64.0628 77.042 71.1176 68.8072 79.3936 74.7399 84.8064 85.8708 80.1032 86.2009 95.8383 107.695 99.2379 103.116 110.179 118.496 123.1 122.416 136.74 132.127 150.297 142.144 152.178 161.329 175.521 183.813
188.774 176.168 174.65 151.692 155.776 144.816 137.492 138.977 124.879 122.618 115.927 115.53 103.457 93.1381 88.7845 90.7672 82.676 88.8942 90.8263 85.8146 73.6904 76.2047 70.2649 62.5617 72.197 58.7144 63.2789 69.5562 70.923 62.7727 54.4283 46.2695 56.8835 56.8413 61.0093 55.9976 40.0344 56.2001 48.6235 44.5315 52.3612 44.1602 45.2824 48.8007 35.4109 43.19 48.5644 40.2201 41.8147 49.2985 43.6456 35.5037 39.756 37.2586 37.8661 39.5198 32.7447 32.4157 36.1618 41.2916 44.4893 29.3445 21.9873 34.5418 34.719 38.077 36.8621 31.5719 38.0264 36.7693 33.6559 30.5679 23.9785 39.7391 28.7961 29.8676 23.506 27.3871 29.682 28.3236 23.1769 34.9131 35.6893 36.7018 26.1806 27.9693 28.4924 26.6278 32.1035 22.8057 21.9198 26.4675 24.7294 23.6326 18.1062 24.3919 23.9785 28.7708 26.5771 33.8837 32.5928 18.4268 30.2979 23.6494 18.6293 23.8857 24.5185 27.3702 20.7049 23.4216 24.7885 28.1802 25.725 30.1883 27.4546 33.1666 29.5639 28.138 30.9476 29.7158 25.919 31.0404 29.5217 40.5491 25.8853 34.8878 33.1328 27.134 29.7917 34.4912 32.635 39.2582 43.3671 35.8749 35.6302 35.3012 32.8207 35.1493 41.4856 34.2887 38.2542 42.5487 40.4816 35.0649 29.2264 36.7355 45.4596 38.347 42.3715 44.4977 55.3817 38.9292 36.1871 33.4281 49.2816 50.5387 47.2145 43.7384 39.427 39.8235 47.3579 50.5978 47.1639 51.6356 51.4246 59.7268 51.7284 50.6484 57.7947 63.6079 64.7385 49.8975 59.9631 78.8033 65.9704 73.4626 67.6325 60.4103 79.5205 77.6305 84.7178 86.3546 86.9452 92.2438 95.1546 103.17 103.102 97.4664 111.632 110.789 134.278 125.469 129.604 139.922 149.794 154.561 166.01 163.141 178.371 181.484
188.596 171.609 169.996 162.175 149.568 138.435 131.313 132.641 121.87 111.635 102.65 112.514 88.5766 95.0698 108.306 95.3372 89.1285 85.7655 78.6256 77.7115 82.1438 77.3925 64.8889 66.0789 73.3741 60.2756 60.3359 67.3724 60.9913 59.8444 44.2366 50.4107 54.4636 65.9237 57.9473 49.2639 50.3159 66.4584 42.2274 38.9851 49.169 46.8666 50.3245 37.821 32.4833 38.9679 42.512 42.8828 45.2541 39.0541 33.6991 44.3573 43.5554 42.5033 42.374 47.5824 39.3387 45.2541 36.7431 30.2068 47.8066 32.8368 33.6388 31.3795 22.1269 38.2263 38.0366 35.4669 37.8469 26.8696 34.1475 26.7575 29.4566 34.0096 41.3306 31.1984 29.3272 24.6276 33.6388 31.3795 34.7167 43.0897 40.1837 23.0668 32.6471 25.9383 23.3428 23.955 25.1364 24.5586 25.3175 27.4215 27.7837 30.3361 34.4838 20.7127 28.9909 19.0226 26.6368 19.7124 26.4643 33.8199 23.3514 30.5258 28.4735 25.5158 28.7753 26.5678 26.4816 24.5328 27.249 26.5764 28.0079 27.1887 26.6713 30.8104 29.5428 33.1041 25.4986 39.1748 35.6997 23.1358 20.0919 25.0243 31.0518 35.1996 28.4045 27.8958 38.9161 25.5848 34.2338 36.2602 28.9737 23.6101 27.7061 33.6129 41.4686 33.268 25.8693 35.579 33.4404 30.6638 39.4249 37.2519 46.7459 42.3309 32.0004 33.9233 36.8379 33.5181 42.443 42.4775 32.2936 43.7278 39.0541 43.3829 34.1993 48.048 52.9201 52.7131 46.8063 48.3929 39.7181 62.5262 41.2271 43.2622 47.3409 46.7804 54.1014 44.2969 56.6366 49.626 62.7763 63.9404 56.8781 63.6903 75.4436 81.98 56.7746 82.368 71.2614 82.0921 86.7141 87.059 94.7594 98.0017 89.9046 98.8813 108.531 122.983 122.465 122.534 119.654 145.834 155.664 154.069 165.805 165.305 174.23 186.078
178.947 169.539 168.834 157.136 154.097 153.859 131.616 118.984 131.175 129.449 116.094 107.664 104.801 93.5256 92.9619 84.8047 80.6028 83.1486 77.8191 74.7976 81.7039 72.7363 71.4149 65.7331 74.1105 56.1312 71.3445 56.1136 59.8222 48.7845 61.1083 62.1478 57.5847 47.1636 48.7404 47.2341 55.4441 47.9564 58.0868 39.5174 48.5026 40.0723 49.0311 38.9624 46.3003 41.1735 30.2855 40.134 35.8088 39.6495 40.3719 46.4413 25.326 44.7852 43.1203 35.7559 40.2045 37.3415 35.5445 30.5498 31.2104 41.9751 26.8852 35.0688 35.1481 29.0875 31.8359 36.6544 28.7968 41.658 34.3024 26.8235 25.511 39.8433 24.3834 22.6304 31.9064 36.029 33.8532 32.8401 23.2647 25.1674 25.0353 29.7305 29.2901 40.1164 32.752 32.8401 35.1305 28.7703 26.9381 32.1794 25.3348 26.7266 32.523 31.5011 40.5833 27.0614 33.2718 19.1509 21.8905 20.9303 24.0751 21.9786 31.5011 24.2249 25.0705 21.08 27.9775 25.2996 21.4412 32.3556 25.0353 31.8623 29.8627 25.8545 25.8017 28.6911 29.3517 31.51 23.2823 32.6904 39.4733 21.7672 29.616 37.8701 35.6502 34.6812 22.8242 29.1844 30.5233 27.2464 34.0558 37.4296 33.8708 31.9504 44.4857 33.0427 32.7785 36.3197 25.326 42.5477 37.2623 28.1537 24.8239 39.306 46.3708 35.43 57.1971 29.9772 34.5491 47.8948 51.0748 31.325 48.0533 44.8116 37.5177 48.7669 45.1199 45.0318 41.7196 45.992 46.2827 52.7486 46.7496 59.0382 55.497 53.3035 67.0456 62.5883 61.8395 50.1587 61.4431 68.6313 62.8085 68.7282 73.0182 67.5301 70.3314 79.4928 80.8406 64.3941 98.8287 98.9696 87.9231 92.3893 88.7776 117.125 101.718 101.198 109.549 122.701 114.614 142.61 140.293 150.511 147.067 158.986 179.713 175.045
178.002 176.266 159.985 150.828 163.996 147.608 133.827 125.228 130.85 117.294 118.392 113.903 111.933 105.808 88.2137 76.8171 86.0369 78.6341 84.5348 81.4045 65.2046 67.4713 75.5578 56.9562 67.984 59.079 63.5855 61.4986 65.6813 54.6894 67.8941 58.7192 53.1333 57.5229 54.7704 54.5995 54.5275 52.2428 41.2599 49.1395 47.9702 53.3852 45.1638 47.0257 43.8325 46.1262 30.1242 29.5845 43.4637 36.0429 30.9157 46.8908 40.1806 30.9787 38.0038 33.2724 39.9197 40.7203 31.7433 36.9514 38.0847 30.2681 42.1145 33.0026 39.1551 32.3909 35.4582 25.6537 26.7601 33.9111 32.3099 20.8953 23.3869 36.1418 28.577 32.4719 26.85 36.2767 25.7706 29.1347 25.2219 24.5743 26.0405 28.0193 34.8285 28.3162 23.5758 25.7886 20.0678 21.3451 30.8708 26.9399 22.6044 30.7178 28.7749 22.0827 23.189 31.4464 28.5141 26.4182 26.9759 21.6869 34.001 22.7303 25.6087 23.0451 17.5312 27.7135 28.0553 34.2439 22.0557 26.0135 28.1813 30.7898 23.9896 25.8156 23.0901 30.8168 29.3506 27.0659 27.4347 27.3447 36.5556 27.0659 29.2517 40.7562 35.755 31.2755 28.685 28.559 33.3264 38.0128 34.9275 37.0593 34.3608 29.6474 24.2415 34.055 33.3804 30.385 35.6381 34.6037 33.1465 34.9455 39.5599 35.9619 38.8133 41.0261 44.3272 37.7429 35.8 40.7382 33.7671 40.9991 37.1762 37.1403 39.389 47.0707 51.3253 41.116 54.1048 55.8498 46.585 58.3234 37.4911 50.6417 52.6476 58.8901 64.0892 39.9467 65.1686 57.8737 66.4998 67.4173 65.4115 66.4639 61.4537 64.6919 79.5606 80.8468 69.5941 75.6657 94.906 89.0413 95.6166 99.1426 95.1578 93.2419 101.166 110.143 110.269 122.979 129.105 131.722 144.648 140.834 163.879 156.656 180.601 178.577
172.078 176.099 170.085 153.955 149.594 133.959 136.612 123.658 127.688 121.436 117.791 91.2123 103.726 98.355 79.9565 93.48 81.4805 81.352 79.1578 87.9898 53.8644 64.248 67.0114 62.3475 63.945 60.6307 53.9837 65.9097 62.8708 63.8256 60.7409 62.0721 55.8199 63.3115 54.1031 51.4131 45.372 49.5493 38.2293 38.0181 42.9024 41.9384 42.3332 44.4264 50.7888 45.8494 51.918 48.9801 33.7031 38.5047 40.5796 35.4934 26.542 35.6311 36.9348 39.0464 40.3593 37.1092 45.4088 41.9751 36.6961 33.3726 24.0172 49.9166 26.1197 28.1578 27.5794 34.7222 35.9249 32.1883 32.9778 29.1402 29.792 25.2291 33.7215 27.405 27.8457 32.6381 30.3429 26.6154 35.6678 40.0196 38.266 30.2786 23.6867 26.3584 22.0617 24.2284 30.7744 29.2871 26.9919 29.3146 20.2806 37.5683 19.335 18.2149 30.196 18.4261 20.4918 25.9911 27.7998 19.1697 31.059 25.4036 27.1388 26.441 28.0385 22.6677 24.3478 33.8225 23.0165 35.5117 25.5229 39.1107 27.2122 26.0095 25.2108 25.6055 30.8846 27.1388 22.6309 22.0617 37.5866 21.4925 29.4982 36.4757 30.0124 31.0315 22.9614 27.2489 32.5188 26.0003 33.4001 30.0491 46.3727 33.7398 25.7983 34.5845 29.4799 34.9242 32.2984 35.7229 30.3521 38.2752 27.203 46.2075 32.4178 48.8424 40.4786 32.7575 41.8098 39.5605 37.2194 42.9207 38.3395 46.942 43.3981 44.3621 44.3346 44.8395 47.6764 52.2944 60.0982 52.0006 58.464 54.0572 53.442 60.5664 59.2352 70.0503 77.8724 70.8307 58.4915 55.0303 67.195 73.2636 59.9513 73.4381 58.2896 77.7898 67.2868 73.2912 81.0398 79.9473 87.8062 96.9136 97.1064 104.341 102.073 111.778 118.287 128.478 124.511 143.892 141.276 161.171 159.913 158.114 174.079 178.174
183.309 170.636 162.187 163.648 149.57 151.209 140.709 136.241 126.199 125.703 123.165 103.878 99.7943 91.1206 78.1194 80.8545 81.7256 89.1254 79.4589 74.9815 79.3277 74.4944 67.4693 74.2884 64.219 59.9758 66.2891 58.524 61.0437 55.4236 53.3722 55.7982 51.4895 54.0373 45.298 55.6765 48.1549 41.7948 48.2954 60.847 47.621 41.7761 43.1249 29.5149 46.5157 36.3058 50.7963 43.1811 41.0736 43.4621 37.383 41.57 39.0691 31.9409 44.8203 41.6449 44.7173 43.5089 37.6172 30.8263 35.978 39.8184 29.5898 32.4467 31.5662 17.9562 35.0507 29.6648 30.105 30.7138 30.5921 28.4845 30.5359 29.5711 34.1046 31.1822 38.6382 24.8315 30.6202 20.326 28.1099 31.51 34.751 30.3298 33.8049 25.5246 31.126 27.8101 25.5434 24.1009 34.751 21.7404 22.2743 24.5505 22.8644 25.0001 22.0402 27.2575 20.7101 23.2672 27.1451 16.9165 30.5827 23.9697 30.3111 24.8689 19.8109 26.0866 22.0308 30.1331 24.3444 22.6958 34.4699 29.8427 33.8236 25.9274 31.9315 29.8521 25.2343 41.0642 26.2271 26.4332 32.9713 24.0166 24.3631 35.8 40.0619 33.3272 30.105 33.655 24.4568 37.177 40.0245 34.7884 34.114 29.2152 22.4242 22.7801 29.2526 31.2665 33.2054 25.2249 32.0065 30.0582 47.1245 47.3962 33.5707 38.1698 39.9308 36.5494 42.5442 38.1136 26.0398 31.6318 42.2257 38.6757 55.2362 42.31 43.4621 41.186 41.3452 45.6446 39.0222 47.621 45.2699 57.1471 43.8087 42.4786 48.1736 47.8739 62.8608 69.8578 63.198 49.5131 59.1984 60.7533 80.6765 70.8601 60.2662 71.113 85.3038 76.3865 79.8804 86.6432 93.0033 84.0486 101.921 87.327 108.253 108.796 121.966 109.058 135.491 131.005 145.251 150.778 155.583 174.701 172.621 177.483
184.999 174.042 173.497 159.397 148.077 142.222 127.205 112.465 123.011 113.238 114.232 105.329 100.877 101.298 86.6627 83.9401 85.4304 84.5229 68.8563 73.2506 74.2536 68.3118 80.654 72.6106 65.4078 62.0261 50.601 58.7495 59.7716 57.0204 65.5988 55.4729 50.3049 50.7347 60.3544 43.0734 45.7959 44.5923 33.7499 51.3652 40.3413 48.6427 53.3808 35.4025 38.3926 34.3995 34.8198 40.9909 38.2779 37.6092 40.4273 43.3695 35.9088 47.2098 32.7564 33.3391 30.053 41.6596 35.5267 42.2805 38.0296 39.6153 26.7668 25.439 29.3843 26.4898 30.0148 36.9119 29.3461 31.0942 35.5076 34.2084 23.901 27.8463 25.2097 30.5211 26.3943 33.7595 27.5979 26.251 25.5441 34.304 19.5832 36.0426 20.8346 24.3309 25.8975 33.1481 21.8854 26.9101 30.9414 25.0856 27.617 27.5884 24.1016 28.9449 23.815 22.2675 24.8085 17.0135 23.5667 32.3839 25.6396 22.6592 24.0825 31.5528 20.1468 29.0213 27.3687 32.6513 21.4842 26.4707 34.9536 27.34 34.6956 28.601 19.7838 25.248 22.4968 23.7004 25.3148 30.5784 34.2658 24.9805 20.4238 30.33 32.6131 38.1824 37.1889 35.3452 23.5858 31.8776 25.4677 33.9887 30.4829 30.2536 28.2762 34.1416 32.9188 26.6522 26.1268 36.7972 35.4885 30.6739 32.852 40.2936 37.017 30.7312 39.4529 37.3609 36.8259 41.8793 42.5767 33.9696 52.4256 46.2258 40.3318 39.6249 49.3878 38.5263 38.0964 50.2953 44.9266 44.0096 47.6205 48.3847 44.6592 56.9536 55.492 53.8394 46.99 60.5932 57.6127 68.1876 66.9649 66.7452 78.4855 77.4538 59.0647 59.1889 68.3214 67.9106 85.8793 75.4573 99.4156 104.049 99.4825 103.867 107.449 114.605 113.525 126.593 132.296 135.191 153.656 147.132 144.81 165.521 166.017 182.114
179.572 175.258 153.998 157.056 164.681 132.086 146.197 140.003 117.342 117.079 102.811 110.437 89.109 86.3627 87.8333 97.9518 88.4663 88.7585 89.9076 71.4041 73.7316 75.0951 72.8649 63.5158 64.7136 53.9621 51.8585 63.9345 49.0928 59.6008 47.0184 61.3732 49.9498 57.2927 50.3977 41.9348 45.6063 46.2783 42.6944 44.6032 44.7103 42.3633 39.6365 44.1163 31.7676 41.0194 35.1567 49.1609 35.6631 47.7586 41.2336 36.374 41.6134 35.4099 41.37 47.0866 32.089 39.1885 28.3786 27.3755 30.9106 36.4325 33.842 36.3058 24.3857 24.1325 34.475 36.1403 23.5287 21.0843 25.866 29.9854 30.7645 29.6543 18.2698 33.4524 29.109 36.6175 25.4083 32.6831 27.6287 33.6472 26.9567 24.561 27.2196 26.6743 26.723 27.2976 21.2498 31.7092 23.3923 30.3068 34.3971 27.5995 27.2878 23.48 22.7983 21.5517 26.4698 22.1166 26.2458 25.2427 22.808 28.3786 22.584 27.171 23.4021 26.8301 27.9014 25.3596 27.8332 21.6102 23.1002 37.9517 18.4256 21.0356 27.7942 18.075 28.4857 26.1581 29.518 28.6805 26.2847 35.6826 26.7327 33.5498 33.3745 40.3766 36.2572 31.7579 39.6657 30.3555 20.2175 34.1633 28.7584 34.4555 34.7769 29.5472 37.679 39.1788 28.028 41.6329 33.8517 34.4263 22.8665 42.7431 36.189 35.2151 38.5944 33.7056 47.5053 47.8657 31.1833 30.9788 44.6714 53.7771 39.1106 36.0332 40.2111 41.6816 34.3678 42.7626 50.3685 44.759 38.0686 50.573 50.6899 65.6485 59.0749 46.7457 58.7535 50.2809 55.4521 54.0011 59.5034 67.3333 57.3025 72.2027 61.344 77.6953 79.5943 79.2048 80.3053 84.2689 68.7649 101.243 92.5955 101.058 114.809 115.472 110.787 123.905 132.729 128.395 137.384 154.368 162.539 167.827 174.615 179.289
182.335 163.141 159.588 157.146 132.722 141.237 138.578 123.294 125.844 116.029 109.885 107.523 93.3014 112.069 76.9357 82.6225 84.9845 84.1211 66.0087 83.0393 70.445 77.1639 57.6422 55.5878 63.1901 66.1476 53.2555 66.227 53.3349 56.2825 59.5775 40.2642 51.9356 41.1376 50.953 53.9503 56.878 45.8915 44.2539 46.3281 49.9506 35.679 47.1817 44.7501 53.2158 34.9247 40.7604 34.8156 36.7509 53.3349 34.766 26.1812 30.5976 46.7847 32.2054 35.3813 38.0014 36.2249 42.5568 36.3241 30.3098 38.6465 30.3396 29.0295 35.8974 28.5234 35.5599 26.6575 32.7314 34.0613 32.5825 23.1045 35.3416 26.6079 19.8294 27.8882 26.7965 25.9727 31.1236 22.9656 18.0628 24.4046 22.9854 25.7842 24.6825 23.2832 34.2995 34.4087 23.7496 21.3181 27.0347 24.9406 19.4523 25.8239 32.6123 22.8167 18.6484 23.5809 26.8362 30.5381 24.5535 23.6405 29.6647 27.9577 19.5614 21.5166 22.0525 25.1788 24.6825 21.3479 25.675 32.126 23.2137 20.2165 25.943 23.3923 29.5952 22.5587 29.4364 27.5309 26.1712 30.0518 34.9347 27.6302 31.8878 28.6722 37.8823 27.6897 27.4614 35.5897 31.3817 38.1106 19.3629 22.1617 28.6425 29.7639 40.0558 32.0069 29.3471 28.6028 35.6095 27.5011 43.6187 29.6349 40.552 32.9597 28.4837 46.7251 33.2971 33.4063 37.2372 36.4631 34.6469 41.7529 48.849 34.498 36.5524 41.0879 43.7477 42.5965 41.5941 41.8819 51.2408 49.1567 54.6053 55.5481 49.0475 49.3353 52.9082 59.9447 50.0896 49.9705 58.9423 53.3448 71.3878 61.1357 61.225 64.1726 59.4386 76.8464 68.9166 67.5371 75.2584 77.7396 96.8643 86.0167 96.9139 97.8766 110.054 109.746 115.83 122.053 136.265 134.489 128.147 150.229 146.587 159.241 167.776 177.363
176.257 170.343 155.986 160.232 153.064 133.085 131.427 124.855 115.877 110.336 105.888 99.5182 86.0307 92.7037 98.861 93.1485 66.669 77.5581 76.1021 75.7179 65.7287 72.9881 65.6377 66.1736 58.1963 57.3875 58.5907 53.4747 49.6327 60.3297 50.027 52.5142 50.8561 48.8441 50.4719 48.2577 44.5976 37.1462 39.7951 41.2207 41.4836 49.6226 42.616 41.5645 44.2033 39.8962 31.0495 52.2614 42.9395 29.1285 32.1516 45.73 25.9235 34.2141 42.3531 31.0596 33.3749 33.7996 31.7775 34.0625 26.2066 33.0615 32.4448 37.5304 28.9061 33.0615 33.6884 29.2296 30.4328 29.6846 22.405 16.369 42.5654 28.6836 29.3914 25.974 31.8078 22.5769 30.7361 42.6564 28.9162 34.6185 26.7121 25.2461 24.1642 32.9301 31.0394 19.4527 22.5465 22.6679 28.5623 20.2919 20.9794 22.6982 23.6081 18.927 24.1946 25.8931 21.6366 21.859 30.0789 28.3197 20.0189 20.666 30.1092 26.8738 30.817 27.7029 30.4732 33.1727 22.6274 31.1405 21.1715 18.9067 31.2517 28.1276 24.4675 29.7149 33.5569 24.3664 26.5705 28.3904 23.9115 24.9326 31.4438 27.0255 27.2783 26.6716 30.9585 35.6903 35.2757 25.7111 27.5715 31.9493 26.0751 37.4394 33.9512 36.8125 32.5256 30.7361 36.9136 27.9355 29.1588 29.9778 32.3942 41.6656 30.3822 45.5784 37.7427 36.0745 44.6583 42.0801 37.2169 52.3221 45.6896 43.0406 42.798 44.0112 47.8937 51.0381 33.658 59.5208 48.2374 46.276 51.8166 52.585 44.6684 47.2466 61.8463 43.1721 46.8017 49.3597 55.2845 61.6036 57.3774 68.4687 59.5916 66.9925 69.6213 76.092 77.9119 76.4054 83.7154 77.2952 93.4619 87.153 88.8616 89.2054 96.5052 114.168 117.121 124.046 115.806 140.749 141.861 152.386 158.857 172.729 173.922 171.991
180.899 176.945 169.83 145.458 151.595 145.428 126.564 121.097 122.333 102.903 102.028 95.5205 94.9233 95.7161 91.7211 78.2945 81.3422 72.8064 81.5687 71.262 72.8785 75.5865 68.4201 65.3518 60.3065 61.7995 65.0532 58.9165 63.622 55.6422 52.6974 49.6702 43.0084 44.7279 43.7806 53.8815 41.1139 30.076 45.0986 44.2852 52.6562 48.5067 51.2971 47.9507 40.7432 40.6917 44.9956 31.8161 27.2548 36.7378 42.5039 40.0533 34.6991 44.2337 37.5513 35.8626 33.3091 33.6386 34.3079 36.7584 32.3824 27.5637 32.3721 36.9953 26.4928 30.1584 29.8495 38.3441 21.8079 33.4018 18.5543 20.2429 21.2211 25.144 29.7054 27.3269 30.2305 34.7609 31.1366 27.2651 33.6283 26.9047 40.321 26.7709 26.6885 31.6205 29.9937 24.207 27.3578 31.5072 26.1634 22.4772 30.0348 24.5365 29.1699 30.5908 23.2186 22.5081 20.4385 27.3166 31.0439 18.3895 27.2136 20.49 19.1206 22.1168 22.8994 19.3986 24.5777 20.7783 25.1028 24.9999 22.6008 21.2005 20.7886 29.6436 26.081 22.2816 22.5493 25.2264 36.8511 22.6523 33.8857 24.6086 33.1547 31.4352 24.3615 34.2255 29.8289 31.5072 33.7004 40.3931 36.5834 33.4739 31.6926 38.5397 32.4133 31.4969 26.5546 38.5294 25.7103 31.2601 36.0583 41.433 34.8021 32.8767 34.4932 32.3515 32.0118 44.2131 31.1263 40.0327 51.8222 43.2658 45.4796 39.868 43.4615 40.1975 44.419 39.3429 41.2683 56.0643 43.5747 39.5282 51.1117 46.015 51.9355 55.5083 63.6014 53.377 41.8758 61.6862 68.6261 56.8675 57.6706 62.304 51.9663 67.8229 67.8332 63.2616 69.7793 81.9291 69.2541 90.5267 79.2417 84.9975 88.488 90.2899 100.864 110.327 102.769 125.318 118.585 132.341 138.22 145.747 157.691 173.084 160.357 184.389
183.757 178.39 167.415 152.572 142.257 131.617 128.86 137.77 115.663 112.445 103.671 104.185 79.3309 98.0734 84.4882 78.7124 89.677 64.687 74.8864 69.6347 70.7982 72.3077 63.1461 48.7118 65.4312 59.5087 62.0244 50.1269 52.8628 49.456 57.9258 44.0261 54.844 46.9507 48.1352 46.6363 43.6383 43.5125 50.2946 40.4097 40.6089 49.3931 38.1036 30.3466 44.2148 42.8416 36.7513 31.7093 39.613 40.3992 33.7534 45.4832 30.9441 36.0595 42.1603 32.6003 30.8917 33.2607 33.4074 29.8958 24.162 37.3908 22.7992 23.7531 30.8602 30.2942 23.5854 24.5079 31.5625 36.2901 46.5419 23.7427 36.4998 34.3823 31.9504 25.9125 20.6608 28.3444 20.8495 27.0446 19.1618 28.1872 26.531 39.4453 27.8308 27.6421 27.3696 32.6527 25.011 22.0026 25.315 21.6881 21.8453 35.5668 22.5267 27.0237 23.9628 18.5015 26.0802 23.1032 21.8453 21.751 19.7279 22.2542 25.5352 19.3505 31.5311 27.7889 29.3088 22.1598 24.3926 22.1074 27.7679 25.7134 21.4051 21.6567 21.2374 28.313 25.2731 26.1536 24.3087 34.7492 25.4408 30.3361 35.2419 27.3801 18.774 31.1537 35.7555 25.8287 25.7763 26.6882 32.4221 23.5854 36.7409 37.1392 35.0427 41.2378 26.8664 31.0908 29.5394 27.9042 28.1138 39.5921 26.6568 30.9336 28.5436 42.7263 41.133 32.5793 25.7972 28.5017 34.4033 40.4936 47.5063 38.9631 37.7786 35.1161 34.875 42.3489 48.0619 43.5125 41.2378 44.0995 49.2988 48.7118 50.6405 47.4958 51.9928 52.5693 47.391 56.0075 49.739 62.9574 62.3075 61.6261 56.4792 61.3221 64.3935 63.3033 86.0396 68.4711 77.5803 90.8301 89.1215 89.8343 80.2533 91.4905 100.254 106.543 111.407 113.451 125.632 139.311 138.557 144.542 166.188 155.087 170.119 181.838
174.417 166.992 165.583 153.016 145.324 133.386 129.279 116.36 128.137 125.449 104.454 89.4647 98.8529 74.7851 92.5479 85.0267 75.9479 69.7176 74.2837 66.2077 67.7653 68.3414 74.3797 64.6715 61.0976 60.4255 63.5086 63.8074 52.4029 53.0323 58.0358 43.6228 43.7509 45.3618 42.5667 46.6527 51.208 55.102 43.2175 45.5111 48.5089 49.8638 51.0907 45.2338 29.2846 34.8428 47.9862 40.241 36.7418 43.0681 52.0188 35.7816 41.5745 46.578 33.1679 32.3998 28.0897 37.1472 30.5435 35.6963 35.1095 28.3031 33.9573 40.1343 33.0078 24.9426 27.3323 31.0129 30.1594 29.3166 31.941 33.776 29.3913 23.4917 33.6586 32.9652 35.1095 34.6828 28.4525 23.0436 16.5253 28.5271 28.9219 31.6956 19.8218 19.1923 27.7164 23.1716 26.6602 37.8299 29.5833 17.0373 28.7618 18.6483 20.1632 18.0402 27.2683 27.791 19.5017 21.326 18.7869 17.1014 21.8594 21.6887 20.7606 17.7735 22.9263 24.8039 18.6803 20.8246 23.2356 28.1858 29.3486 24.0784 26.7455 26.9056 27.9297 19.6084 24.8146 29.9674 27.9404 20.6326 30.5008 31.9197 28.0044 25.2093 28.9112 23.0756 23.4063 32.9012 38.5341 30.4901 32.2824 29.4766 26.6815 34.1387 31.3863 37.7339 35.4722 30.7782 36.347 31.9303 37.5206 35.5683 33.4453 36.6671 36.091 36.1123 45.6925 36.7098 37.8299 39.1315 45.7458 54.0352 46.5353 31.7383 37.3179 47.2287 27.855 47.3354 51.176 49.5544 47.0154 42.0439 44.4763 50.7493 36.379 46.5566 60.8416 55.6567 48.2849 56.6702 75.7559 54.6326 53.3524 52.6909 62.9966 55.8594 74.3903 64.1914 79.9912 76.3 69.1095 78.839 75.0945 77.5268 92.7292 94.7349 101.477 121.971 115.303 114.919 133.642 121.651 138.294 155.768 164.42 156.537 175.388 180.615
175.003 176.436 149.268 157.419 152.948 146.782 133.28 123.163 113.058 115.088 110.051 99.6314 93.9654 78.2702 90.9914 80.3433 88.4297 80.6472 76.197 68.675 58.9713 71.1497 66.4933 65.1473 64.3007 56.3011 51.9811 68.5013 54.6078 57.354 52.3393 50.5375 43.8295 50.3747 39.8786 44.4808 50.2444 45.7942 47.0641 36.2858 32.4109 55.5305 31.5208 40.2151 35.0702 49.2892 38.7172 40.7361 42.3099 28.9049 35.4066 37.4364 32.4326 37.914 30.3051 37.8163 27.0706 35.5586 34.8096 26.7232 34.484 30.4462 35.7974 29.4693 28.8398 30.5331 27.635 23.315 29.122 26.4627 33.1489 33.6157 28.601 21.8496 28.1994 25.3122 26.5604 30.7502 29.9795 23.9988 26.1805 31.6185 30.0663 22.1102 23.7926 28.4165 23.2281 20.113 30.0989 24.9974 21.5674 26.1479 18.5174 18.6802 17.8878 21.6 19.2121 22.6854 17.3668 18.3654 18.4957 22.6854 24.6826 27.6892 24.2267 22.7506 18.9841 18.8105 18.5608 23.2064 26.9403 21.1007 22.4792 25.8006 22.3924 26.0177 21.7411 26.8535 25.5075 25.5292 28.7421 21.4915 24.6501 36.4052 22.9676 28.6553 22.9351 23.4235 40.9966 24.3244 19.288 31.0975 28.7313 25.844 25.4207 29.9252 30.5114 31.1518 31.0541 32.248 40.9097 35.6563 32.7799 20.7751 37.3495 35.9819 36.1556 39.5421 38.2613 37.8706 31.5968 47.0641 38.0225 35.8734 37.7837 34.56 45.1429 41.3765 40.4647 42.8635 52.0245 44.1769 45.284 43.8621 55.5196 59.0907 53.3487 48.5837 57.2563 48.5403 52.806 47.5851 45.5011 69.9883 68.6533 58.4503 57.1369 77.5104 69.9015 57.1694 59.2752 67.9803 75.5783 87.5831 83.0894 99.805 103.224 96.1037 94.6492 99.6096 115.11 114.133 119.115 128.981 149.995 144.709 150.712 170.423 173.777 179.486
176.974 163.163 158.405 153.039 159.984 150.345 125.958 122.635 111.462 106.615 104.065 88.9178 87.4384 85.396 90.9933 70.3261 82.5365 75.9676 71.6951 79.368 60.8646 71.8165 59.5177 54.3399 65.7334 63.1058 54.914 45.85 56.4044 52.4078 50.9836 54.3951 62.7525 58.0052 35.4832 54.4724 48.2567 40.6721 49.5043 40.915 42.4496 38.7621 42.1515 36.3664 35.2182 44.4699 37.7796 36.6424 37.36 36.2119 41.5884 34.335 29.93 21.1089 35.5936 36.3995 33.4076 39.1486 28.4837 35.3286 44.3154 41.5332 35.7592 21.0316 34.6883 38.4751 29.4994 31.9945 35.8034 33.4739 26.9602 30.6697 27.5784 27.181 18.6579 29.389 39.7337 24.2001 22.257 34.8208 25.0833 23.7916 23.0188 27.4349 30.3274 24.2995 26.0328 21.0316 29.4884 27.8875 26.8277 26.9381 30.9015 32.6569 24.443 21.4732 17.9072 27.3024 30.747 21.8706 30.9015 25.4918 21.5063 23.3059 17.4104 28.9364 24.6417 21.0205 20.4354 18.8677 23.7475 22.9967 22.1577 32.7452 24.8846 19.3866 22.8532 17.5429 18.7242 28.9805 21.7602 23.7254 25.6685 22.6876 29.0026 26.6731 25.8451 29.4773 22.3343 36.6976 30.3385 29.4773 23.339 28.285 27.7882 22.2018 29.0688 31.0119 30.3495 33.0433 33.8603 42.0411 32.7673 42.8029 35.6267 35.704 35.7592 46.7221 40.1311 32.0387 27.2693 40.0538 42.7808 44.7901 39.2258 34.4233 28.1084 48.7756 43.4432 41.6326 51.6792 40.9812 47.4729 46.0818 44.8453 55.477 44.2822 51.7896 38.6407 48.8639 45.4635 48.047 55.2452 67.279 64.7287 49.0406 67.1023 69.7078 75.0954 69.8514 65.5898 72.3906 86.3123 82.5365 73.605 87.0189 80.0194 82.4593 91.7662 107.973 101.504 119.709 119.963 121.122 140.233 144.836 151.659 164.102 178.31 184.747
174.679 172.321 162.206 140.282 147.096 136.375 121.781 120.647 108.658 113.227 97.6 93.233 102.944 86.1606 72.7341 92.3798 81.6926 69.602 76.1244 71.8585 83.9715 69.6806 71.0053 75.6753 69.5571 53.4252 48.1264 54.5478 62.4173 52.6169 45.2974 57.5901 54.0089 48.1376 52.0892 41.5591 42.9736 50.0685 38.1576 46.2517 35.1602 42.7491 41.155 46.4425 49.2827 33.611 41.1774 38.2923 39.8752 27.4703 44.3881 29.0532 36.2267 33.4314 29.4349 30.5238 38.225 35.5419 36.4737 22.9125 36.2379 30.3555 32.2639 27.0325 26.4488 24.922 30.1197 29.6482 26.8192 26.4263 30.5014 27.5602 21.9695 30.6473 19.0507 34.4081 26.8417 19.2304 29.4349 31.1974 24.3607 21.8124 19.2416 28.2898 28.3797 32.9711 21.2623 22.6431 19.8815 23.4402 19.2865 25.8201 19.062 25.7976 19.5447 21.5317 21.6103 21.2623 25.9436 26.7631 24.0351 16.1769 25.5507 22.1941 22.5757 22.6319 23.8331 24.8771 22.8003 23.4402 24.5852 23.8218 29.5809 28.6042 22.5757 23.1595 21.5205 25.517 27.6051 23.7994 23.979 30.1983 34.8122 28.346 31.4444 31.5567 27.3581 24.7312 24.3944 33.0048 36.3727 23.2718 30.681 36.8217 22.0144 33.7008 29.1992 36.0022 30.7484 41.0091 21.9808 28.8399 39.6731 25.8762 32.0057 32.6344 33.8917 32.7129 30.8494 37.2932 39.0782 38.4158 38.6852 54.2896 46.2404 41.1101 39.7517 50.192 32.3088 43.9278 42.2552 52.1678 45.6005 49.4623 50.9891 44.2983 41.6826 55.5693 58.2075 41.9184 54.0538 47.5876 52.3474 58.4994 58.3085 59.1617 71.7911 66.6046 75.507 67.4017 62.8102 72.6106 81.266 72.2963 81.4119 70.3429 94.176 100.923 102.326 99.138 113.844 118.649 128.225 121.691 128.921 140.899 165.563 166.394 167.067 176.587
182.833 169.617 172.288 149.738 142.114 143.986 129.675 116.882 127.45 109.807 102.903 100.255 83.1254 96.9683 85.5905 88.5576 75.331 80.0442 72.672 77.5335 64.2499 76.9629 60.0503 66.2584 70.6635 63.2799 42.4529 55.2344 60.5067 54.0589 49.2202 51.1603 47.7709 42.5784 60.4725 51.1717 48.7523 52.4727 41.7225 45.032 44.8037 47.0063 38.8809 43.3887 33.6884 51.3314 36.9751 32.9694 45.2032 29.8539 48.1817 33.1863 30.7213 36.6784 34.4758 35.0008 31.6342 27.777 28.5872 27.6628 33.5058 23.5887 18.9326 27.8683 29.9567 26.6472 28.8269 25.6885 25.2777 23.0524 24.9696 27.5601 19.4233 19.2065 31.6114 27.4917 33.3803 21.7286 21.9796 33.8482 23.7941 24.981 31.5429 25.7 30.7441 23.2464 17.198 22.5388 25.3119 17.3806 20.7585 18.0425 31.5315 18.7158 18.3164 16.1367 24.262 15.9997 22.1166 16.1823 24.6501 25.5288 20.8955 20.5075 15.9883 30.105 21.4204 18.1109 22.7442 22.6529 16.5475 30.2762 22.2878 30.687 27.1493 30.4702 18.2593 17.78 26.4075 29.8083 21.0438 32.513 33.1863 24.3419 31.9766 24.4446 23.7371 28.1079 26.9895 28.1421 26.9553 32.182 23.1322 31.4288 29.3062 29.0551 31.3603 27.0922 31.5201 31.6571 30.1164 22.6073 40.5585 38.1848 33.0607 38.4016 40.102 40.0449 32.1021 30.7213 37.5799 34.0536 37.3174 41.6198 41.6768 38.8923 32.9238 42.179 40.1819 44.1875 39.4743 51.32 44.3701 49.1061 41.4372 33.4373 37.9679 44.1533 51.708 52.621 56.5239 57.0489 50.487 61.3626 49.1746 56.8549 65.9275 67.6165 69.0087 69.6592 72.1014 72.5122 73.6763 75.6848 82.0071 88.3522 89.6303 95.6217 99.2849 94.2979 96.4776 113.105 107.73 134.263 133.806 143.005 152.066 172.744 169.857 181.338
180.963 172.103 170.05 155.274 140.092 140.162 136.682 110.274 114.913 117.186 98.7917 86.6254 91.5661 87.9708 78.0777 77.6253 83.8767 73.5313 72.6846 69.472 81.9978 63.1511 69.7735 66.6884 64.5892 57.2477 55.7167 60.24 48.1317 55.9835 54.0582 55.7399 49.3263 47.4358 44.8494 42.8778 43.0169 54.8469 32.1032 46.7747 38.5285 36.87 47.3778 40.5002 30.4911 38.1226 36.1857 32.8687 39.1432 29.4705 37.5659 33.4486 31.129 33.0659 34.736 29.3545 28.5427 30.6767 28.4383 25.4344 36.7076 28.7746 28.3919 36.3133 35.2463 29.1573 21.5839 31.3842 22.3261 26.6638 30.004 22.3841 26.6058 35.5826 26.1999 32.6947 17.6289 29.6909 24.7037 21.0619 20.8648 27.928 22.2565 28.1599 24.7269 26.0027 24.9241 23.022 28.6586 21.6998 22.5581 21.6766 22.6161 23.8339 25.3648 29.2617 26.1999 14.8686 25.272 33.7038 27.8236 16.7707 21.897 21.2359 23.8571 19.6586 17.0143 18.3712 23.8223 21.8158 31.0594 22.9292 17.3506 30.9898 26.4086 27.6148 30.7115 22.5929 22.2449 19.6702 22.5697 26.9189 28.0787 36.3481 29.3777 26.4318 23.6715 27.638 25.9795 26.1651 27.5104 25.2604 28.3687 30.8159 26.1187 35.2231 35.6058 22.1638 26.6638 38.3777 25.7823 34.3416 33.3906 38.3082 32.254 33.7849 35.9422 31.9757 37.7515 30.8738 43.0169 33.0775 35.0839 41.3352 42.553 29.8648 37.7051 37.3107 36.5453 52.5621 31.0014 45.2902 41.0221 46.2064 45.4757 44.6523 56.9693 49.3147 46.4268 41.4048 50.9152 48.41 58.3611 50.3237 56.285 66.6884 63.0583 60.0312 61.249 60.7851 67.2567 75.1898 84.6885 85.5816 73.2645 86.4746 86.2427 101.494 105.217 105.913 101.714 118.462 126.604 124.632 150.809 140.753 155.9 159.043 164.912 179.085
177.159 169.877 171.527 145.19 136.646 137.342 122.659 116.743 127.785 103.569 101.471 81.2973 90.6655 96.7578 77.9506 65.2122 74.8397 77.4557 79.7064 62.0659 61.0407 64.8705 50.447 63.0086 61.571 65.4125 55.2077 66.6263 47.0178 54.2885 38.7691 51.3661 44.4372 47.4303 46.8529 51.3425 45.9926 51.0597 40.902 40.3128 51.7668 37.8853 35.8585 38.5334 42.6931 35.2928 33.2189 43.0702 41.5501 38.5334 28.3168 27.8925 45.4152 36.3887 26.3017 33.7138 36.754 22.7312 34.904 30.2729 37.1547 30.9092 25.9364 18.9485 32.394 23.8153 32.4411 27.2209 27.2562 33.8198 31.086 31.0624 27.3505 25.3119 28.8235 30.4379 28.3403 30.6853 25.0173 25.9835 26.0425 25.6536 28.1754 27.3151 28.4346 22.0477 24.1217 30.6146 27.2916 27.1148 24.2395 21.5646 24.5695 17.1927 20.6219 19.8088 24.7227 21.8827 20.3037 25.7479 20.2801 27.433 23.5207 18.9368 24.9937 28.6938 26.2781 23.3086 31.6398 21.812 25.3708 23.8507 20.1976 25.2176 25.0408 27.3976 23.3322 24.7698 25.3236 22.0831 29.5541 28.8706 22.4248 21.2464 21.2346 26.396 24.8641 26.7966 28.1282 27.7158 30.1668 25.0997 34.8922 21.7178 30.485 35.6817 32.6061 37.0722 27.5508 32.6179 31.8637 30.9328 33.8788 27.3151 25.9128 41.8447 35.611 46.2637 30.9917 30.5911 39.2758 32.2526 31.7577 40.8431 34.303 39.9121 37.9089 45.0381 50.5294 38.5334 39.5822 42.3278 51.7785 46.7586 44.6375 54.3592 43.4355 50.6473 44.8496 43.4827 55.8558 50.3527 65.3654 68.0639 52.1321 59.5088 65.3772 69.8904 53.8172 57.5409 70.4678 63.5978 75.806 65.5422 61.0996 74.4744 77.5028 94.4245 90.1116 103.321 98.4193 108.176 133.936 135.998 135.48 146.321 153.368 153.05 167.803 175.533
165.986 166.213 167.757 149.611 140.622 126.809 131.908 129.765 112.9 95.6271 95.9743 88.2058 91.1145 89.6302 83.1905 83.5855 74.2011 64.6731 69.485 84.9141 67.893 51.8294 59.2867 59.7056 67.1748 53.2778 56.3062 48.3582 59.3944 56.4737 45.7129 48.8849 59.8253 60.2682 48.5138 39.6801 52.4638 41.2601 45.6889 51.6858 46.862 36.5559 38.6626 37.7529 36.3524 37.9803 30.8343 38.5309 31.1336 34.3056 34.6048 33.0128 34.138 32.4742 34.0542 37.6093 46.2515 32.953 38.4711 40.3264 27.0638 29.0269 35.6103 25.9985 28.5122 30.7505 27.0519 29.3381 30.2598 19.8699 24.0714 26.1062 22.647 21.9168 23.4011 27.0399 32.0672 29.5536 19.7263 27.6743 30.8343 26.202 25.2324 22.6829 31.756 16.8057 23.6045 23.6405 21.6535 26.0823 15.3334 21.6175 23.7841 27.3391 20.4206 13.5379 14.7828 18.6011 23.832 16.8535 20.1213 20.9951 19.846 24.4903 15.9438 22.9462 20.5762 22.8265 21.1507 22.1203 19.1518 24.227 28.7396 21.9766 25.9028 26.214 22.8744 20.3727 23.042 29.362 22.4913 29.7331 28.5481 26.6688 31.0258 23.1736 28.3087 29.4817 24.1552 25.6993 23.5447 30.7027 29.6972 34.4253 21.4619 20.1453 29.6373 27.2793 31.3012 39.9194 23.5806 36.927 31.5406 29.9486 25.1247 28.189 37.5853 37.5614 30.559 38.6626 33.2642 37.0946 43.8934 32.151 40.3384 34.4373 34.1979 35.9574 34.952 41.4875 51.219 42.9119 48.2864 51.4823 45.246 46.9936 47.5442 33.2163 48.7771 63.6557 46.2635 53.8763 64.9125 41.7987 54.1037 69.8082 66.6242 60.1724 62.8178 72.5493 60.7829 68.9942 76.3078 71.6755 83.6214 88.924 93.1135 95.3638 107.154 106.544 105.682 104.94 114.994 121.853 133.476 138.156 157.188 161.21 168.176 185.449
180.732 169.16 148.41 154.354 142.052 127.733 128.973 120.184 109.232 105.488 102.473 82.3189 86.537 77.2135 68.4735 99.5315 72.412 66.7109 72.5335 73.7005 61.642 69.762 61.6784 56.1475 72.7159 61.727 64.2311 59.9037 54.8955 43.9918 55.5762 57.3267 50.9935 45.8273 59.3688 50.0453 44.4658 55.8193 48.769 41.5728 40.9042 31.7631 31.9332 43.7973 37.4033 33.7931 46.739 49.3403 33.3311 33.0637 31.4348 37.1724 25.6608 37.5857 25.9526 26.3294 38.8985 35.2274 29.806 27.6544 27.3505 28.8578 31.216 32.3708 27.8003 28.5904 24.421 32.9178 19.0846 33.6958 29.9154 30.6083 28.0434 28.6876 23.7645 28.6025 30.0977 33.1367 25.1989 32.8935 26.3659 23.6308 25.0409 24.348 26.3537 22.7921 23.1811 24.4817 22.0263 20.9444 21.1024 26.7792 26.3659 24.579 26.8156 26.5847 24.8221 16.4103 15.766 19.7167 25.8797 18.2944 20.4703 21.5887 19.4614 19.9112 19.3885 24.2265 26.9858 20.6284 22.5368 21.5157 25.515 32.8449 26.84 23.7889 24.1171 23.9955 23.8618 28.3959 21.382 24.348 18.0149 27.3991 27.9218 25.5758 21.4671 35.191 18.647 23.0838 25.9161 35.6651 28.3959 25.8797 30.195 30.1585 34.0726 34.5103 25.442 32.3708 28.9186 29.6601 34.9722 32.5289 31.5807 41.4998 30.0005 48.9756 33.7201 41.1959 34.5224 45.2073 41.5363 42.3629 30.0126 53.5948 38.3393 50.5802 28.3108 43.1652 37.926 49.2917 50.2641 48.5988 53.5705 37.063 34.6683 43.5298 55.6613 66.0667 53.2423 59.7335 50.2763 51.1272 50.3857 59.7578 64.219 57.278 62.4929 64.061 67.9022 67.2822 65.1914 77.3229 89.2113 81.7841 99.9327 89.8677 103.604 100.771 107.712 123.746 116.841 123.515 137.895 143.329 153.248 171.64 172.989 177.414
183.497 167.761 164.922 152.901 152.21 118.838 127.009 111.285 103.275 104.349 85.7625 87.7002 82.9856 91.6248 82.1217 73.7417 76.7901 74.7661 72.3348 62.0171 75.9756 71.9028 58.4256 55.8586 64.8187 61.0791 58.3639 44.9238 64.8804 52.5757 58.6848 47.713 47.1947 51.6501 41.3694 36.0501 37.383 45.6026 46.5776 44.9608 46.2197 44.8127 33.7793 40.6289 43.4922 39.6909 36.9141 38.7653 34.1248 34.1125 26.547 30.8049 30.3483 35.9514 27.2011 32.3846 29.1881 25.4609 36.1859 33.335 34.2729 32.6438 30.6445 31.6071 31.2492 35.3467 31.6688 21.8448 29.2869 30.2495 22.3262 28.1638 33.1992 25.609 23.2518 23.8072 25.103 23.6837 22.0053 20.9686 25.5473 20.0923 20.3145 23.9306 24.4242 25.7695 23.4863 19.0433 23.9429 27.8923 25.3252 26.3495 22.6841 22.6347 19.6727 18.0066 15.9578 20.2898 22.3508 18.5496 18.71 28.0157 16.1059 17.5993 19.5369 19.216 17.7721 28.6821 25.1524 23.6344 26.8802 20.697 25.572 19.5369 28.4723 21.9682 27.448 22.6224 21.3635 24.6587 21.2401 27.4356 27.4233 21.2894 28.8302 30.5087 22.573 27.7812 26.4976 35.3713 25.2511 31.0517 19.3271 26.4483 23.2518 23.8935 35.7539 28.9413 21.4746 27.8306 26.3619 36.0254 34.0384 30.2619 32.2983 34.0508 42.3197 33.446 36.297 35.2109 33.7669 46.2074 27.991 40.9745 38.7036 41.7273 43.7514 44.4178 43.702 39.5428 38.0865 43.7514 43.0479 33.915 43.739 42.9245 50.1444 52.2301 51.0453 40.1352 60.3139 52.7114 51.8599 50.2184 64.5595 61.3877 69.3974 54.9329 66.8057 62.9304 72.4952 79.4436 64.3497 70.1626 96.5368 88.1445 99.6346 87.7495 93.8957 105.114 108.669 119.739 117.049 141.337 132.377 135.512 153.95 168.353 171.525 175.079
169.223 170.626 153.163 151.672 137.729 144.732 140.61 125.452 106.435 106.635 89.6227 90.2616 98.4422 81.3294 87.6434 76.4061 73.1238 75.1032 75.3663 70.6935 66.3714 51.7642 58.479 67.0855 56.6124 46.6655 42.0929 57.339 42.619 39.9256 42.8445 56.7377 48.7952 47.3044 41.1783 35.7414 40.1636 45.3626 39.3368 39.7878 44.9116 39.4996 41.1032 36.9189 41.692 45.2248 32.3589 43.4458 40.0884 25.7443 30.367 35.2152 31.1312 37.4075 34.4385 27.1223 25.1054 30.5925 32.7472 26.9595 27.423 25.1179 26.2955 28.989 28.2498 27.1599 29.3648 25.7819 35.8165 24.5291 23.8025 22.5247 32.1209 21.9609 29.8534 23.6021 26.5586 18.9418 29.3898 24.3287 37.4702 18.9543 22.9757 24.8298 17.9145 21.4348 22.0862 20.2196 28.9764 30.1039 28.2624 26.308 15.196 22.9381 23.2513 19.4679 21.2719 19.9941 18.0523 24.7546 18.6662 19.3427 22.7126 19.9691 16.0103 28.4002 22.4621 31.7826 19.1046 12.6153 18.9668 22.5122 25.9072 25.1054 31.1938 21.7981 28.325 28.7885 24.3036 23.0133 23.9904 31.9204 27.1975 32.8349 22.8254 25.8195 33.2859 22.0862 25.6817 27.3604 31.269 29.2896 30.3044 21.773 27.9492 25.2808 31.1437 25.2181 32.8099 29.2646 26.9971 22.0236 31.0184 30.8556 29.7531 31.056 29.9285 29.0766 31.4694 41.0656 48.7576 31.8453 42.2056 41.2159 29.5402 37.1946 37.3073 56.0988 36.9315 38.084 34.3884 36.1673 36.4805 46.014 46.7156 48.3567 44.3854 56.7627 59.6065 56.0862 59.7067 60.3707 49.1083 59.0177 53.5932 55.5601 65.6949 72.3972 69.6411 65.3943 68.0877 77.8342 80.9285 76.4061 83.4717 83.3714 85.1629 94.5711 88.633 91.3641 110.544 110.769 122.595 111.659 136.94 140.773 132.367 165.302 173.671 175.738
160.585 172.269 151.927 160.458 141.985 134.433 121.834 125.178 98.4666 97.1062 95.0975 91.7284 76.2814 88.5119 86.6048 72.5182 67.2039 72.7343 77.9723 73.4209 59.6648 62.6652 57.3128 58.3934 68.1702 59.8428 53.13 56.7279 43.455 52.2146 53.8038 49.5575 33.8689 48.8201 54.9099 56.7152 50.244 47.4852 35.242 48.4895 41.281 37.683 40.2639 27.7919 37.7593 38.0898 30.3346 35.7506 38.5094 38.8908 44.2941 27.0418 27.3342 24.7915 26.3934 41.7132 41.1792 28.2114 24.9059 26.6222 31.4279 30.7923 28.631 28.8725 29.9405 33.1824 24.3338 31.8348 29.6989 19.2483 21.041 31.0974 39.4756 26.0374 27.5249 29.3429 30.8431 29.2793 21.1045 22.236 25.033 18.4982 22.8336 27.1308 29.8515 28.7835 19.6297 21.6893 22.681 27.3087 29.2031 24.8169 20.7613 20.5833 19.8713 23.9778 18.2694 15.803 20.1891 18.422 16.2988 24.4609 19.884 26.2789 23.6472 18.6254 26.6222 17.0362 22.8463 25.7195 24.8169 21.2189 29.7497 28.4911 16.8582 35.6743 26.4824 24.0795 25.3509 31.3389 25.5034 21.9818 25.1729 27.9063 17.9516 27.3596 24.766 31.3262 30.7923 20.9774 33.8181 27.029 30.538 27.2579 24.7025 30.6397 31.1101 31.2754 28.7199 41.7005 35.8268 27.0418 28.3385 29.2666 28.8217 45.2603 35.3183 35.598 30.8685 43.8491 42.5523 33.4494 34.6318 30.8558 37.8991 36.2718 34.5682 48.2607 37.0728 35.2547 34.4792 41.7641 44.5611 37.238 47.2945 50.4093 52.8122 52.596 52.0621 48.7184 61.4192 48.1336 51.2865 62.0422 67.1022 55.927 61.5082 74.0947 54.3251 65.0299 66.0724 80.7312 67.1658 71.3231 71.0307 85.9437 87.0117 93.076 85.1936 106.87 92.1225 111.956 111.078 131.535 133.009 137.129 151.66 158.373 164.196 180.113
177.923 152.627 159.309 144.423 153.646 134.8 122.765 104.499 110.639 109.904 120.726 104.06 96.6043 70.2894 76.2231 81.4861 67.1677 83.3953 57.9832 62.9624 65.6068 67.3612 62.9366 58.138 55.5839 59.2216 57.6479 59.6602 49.8695 48.2054 52.1011 44.6065 49.0052 46.5801 47.6249 40.298 39.4854 49.1213 37.1506 42.233 47.2251 36.7765 45.5739 41.1236 34.3256 43.2262 35.4607 35.7703 38.9436 35.2672 32.6873 35.4865 37.8858 32.0037 36.8281 31.7715 33.5387 26.8439 30.3525 24.8315 24.896 25.8764 22.8321 31.2297 27.9274 30.8427 27.8371 34.7641 23.7609 20.6392 27.3856 19.9813 38.8791 21.4132 30.4944 19.633 25.3733 25.4507 36.1444 24.9476 34.3901 23.1933 18.3044 25.1669 21.8904 24.6509 23.9157 27.979 27.5662 24.767 28.2757 21.8388 26.0312 28.0177 21.697 26.5988 25.1927 20.3425 16.9241 19.2332 24.0576 19.9813 20.0845 22.3419 22.8966 22.845 23.7609 14.2539 20.02 19.6846 18.5882 22.6386 21.5551 24.4058 18.3302 31.0491 31.2942 21.8517 20.8972 28.5724 22.071 21.6841 23.3223 28.5595 23.5287 30.0945 22.2516 28.1209 32.1197 24.7541 20.7811 32.4422 28.9465 29.772 35.3962 31.3587 23.361 20.2006 31.9263 30.7266 33.6548 27.5146 35.3833 36.1573 34.0547 26.1086 38.9565 34.8028 37.9116 36.9442 39.2145 43.252 23.2965 37.8471 28.6627 42.8134 43.3423 33.0098 39.9755 38.3373 43.9357 43.5358 40.2206 44.0518 55.3259 28.3402 45.1611 46.0512 56.4611 45.4191 42.2201 40.3496 60.6792 45.7932 71.7341 56.3321 51.1207 58.7314 70.0443 61.7757 53.2104 72.6887 82.6342 86.8007 86.1686 86.0654 88.7356 81.7828 91.0447 80.7509 109.955 95.1854 116.341 117.695 133.91 140.089 145.855 151.904 164.185 176.362
174.403 164.68 163.502 152.406 131.77 118.358 111.893 109.617 105.626 99.8026 91.6634 95.9554 81.3914 90.3156 83.3149 86.3769 83.0925 70.8314 84.3356 70.1117 67.6124 70.7398 62.9671 53.2184 68.2012 60.4939 58.976 50.1564 51.5828 66.2777 53.0745 54.7102 49.777 53.1007 50.0387 62.4044 45.8383 47.5524 48.1675 43.6137 38.3665 44.6736 31.2087 36.2597 37.5552 36.1812 29.6123 35.4223 38.6282 34.5586 37.3982 36.5083 29.6516 37.9477 39.518 40.7349 33.3678 30.9078 35.1736 25.5689 30.1881 29.4946 24.1295 43.7708 40.8396 28.6571 30.8947 30.2535 28.3954 29.3637 25.0586 26.3148 21.8134 27.0214 22.8079 25.9746 25.5689 21.3031 21.3031 28.8141 25.268 29.1282 23.0434 24.0118 23.5407 21.5648 28.0813 22.7686 16.7755 18.5551 19.8898 23.4491 21.8919 30.9732 20.1908 17.7308 21.7742 21.5124 18.2018 15.3623 16.396 20.6881 22.7032 22.7686 21.4994 20.1516 27.3747 16.6185 22.1144 24.9801 23.1612 22.5462 21.29 22.363 20.5703 21.7349 25.2941 20.4787 24.2211 24.1034 28.3823 23.4883 23.3837 19.6543 30.489 24.509 30.79 26.6681 28.5917 32.007 25.0063 26.7597 25.883 24.0772 26.4456 24.9408 28.4608 34.7026 27.1261 30.0965 32.7267 28.6833 33.5249 35.4353 25.0063 31.7976 32.6874 28.0944 30.9732 30.8031 39.5442 39.7535 44.4905 45.2887 31.6536 40.8658 33.7081 38.9422 35.9718 40.3816 29.56 45.4457 47.9319 40.5648 55.2074 52.8782 38.5104 51.6482 39.8451 47.5655 59.3948 52.5249 42.8024 67.2853 59.2246 55.9271 58.2956 52.1847 69.3528 69.9416 75.3328 64.1055 74.2729 68.7247 69.5752 86.6779 87.3976 74.0635 84.3487 89.8184 103.166 114.511 100.483 131.247 131.024 135.774 152.929 159.132 169.352 173.225
172.05 164.698 150.962 151.32 143.158 134.704 114.266 123.331 98.6725 99.7608 100.119 97.3985 86.6885 81.4729 69.8206 85.5074 85.0694 74.2532 75.023 65.6534 62.9593 59.6415 63.7025 38.7524 60.1458 68.8651 52.2626 50.1525 38.5135 55.3017 52.6873 44.7776 42.0702 53.5499 54.3727 38.5666 52.2891 39.5088 41.1147 50.9886 45.1226 37.3456 40.2255 49.0509 51.2407 41.818 37.465 30.7232 31.5991 33.2049 33.5367 33.7092 36.3237 38.978 39.6283 29.542 34.0012 37.5049 30.5772 33.895 21.3271 32.8864 21.6987 28.6529 28.6927 30.5374 24.4857 23.132 35.7796 28.8254 26.9276 28.759 23.3841 23.278 26.1313 26.7816 22.2295 31.5062 26.3436 27.3125 26.2375 19.6018 26.7418 23.5036 22.9329 21.5261 26.4631 21.1678 20.637 12.8865 28.3742 31.8114 24.8971 21.9508 25.335 23.4107 15.7929 17.5447 17.558 13.4306 19.124 22.5746 23.1851 19.1904 17.2395 20.982 21.911 22.8798 19.9336 16.0053 15.5408 27.2196 19.0444 23.3045 23.4505 33.0988 21.4332 21.1413 23.2514 23.8486 29.2368 24.0742 20.8095 24.6847 28.4671 30.8559 23.2249 21.9641 25.5606 28.0822 26.3171 22.2163 21.1545 23.6097 25.2554 33.0191 31.8114 20.8626 29.1704 31.0152 31.1479 31.8911 26.8878 33.4836 40.5175 31.0815 28.3476 32.8732 42.3887 32.1432 39.7743 52.6607 27.0338 33.4704 36.3502 35.3947 34.824 47.4053 38.0623 38.6329 43.7689 43.0257 48.0025 42.5745 54.0941 35.8459 46.5825 41.3403 48.8121 50.6037 47.83 56.2573 48.5201 67.7105 58.9248 47.9627 55.3283 55.4345 53.6163 79.4556 61.4729 73.4437 73.802 75.5538 78.447 85.5206 84.4058 76.2838 88.4403 90.9353 92.6341 95.368 117.558 119.15 119.548 129.502 146.104 164.206 166.41 179.349
168.902 155.284 154.274 159.657 143.024 129.19 118.222 102.625 102.545 109.959 91.4153 89.3026 92.8553 96.5964 73.0865 73.4768 84.754 64.3797 71.364 75.5627 60.7193 54.0579 58.9698 63.2358 57.651 60.1541 49.4152 56.8974 44.9339 47.2889 60.7731 54.7173 44.584 52.5103 48.2847 53.7484 49.3479 39.4702 43.319 37.3036 38.0437 40.789 39.1876 37.2498 36.1328 37.3978 36.7115 39.2549 28.3545 34.3565 38.3129 23.8732 31.7727 32.0149 29.2561 29.4715 39.9009 29.1485 27.0491 26.9011 27.5336 29.8886 26.5378 26.9146 26.6454 31.4497 22.8101 21.4375 28.3814 30.4538 26.7531 26.0533 26.78 26.9953 23.5503 19.3785 21.4509 21.1952 21.7604 26.8877 20.9799 24.0213 24.8018 24.2366 26.7396 33.8316 24.6807 20.7511 22.2449 25.8514 25.1786 25.2997 21.1549 14.4128 23.9136 23.9271 18.5038 13.5784 24.6268 13.7264 17.1042 16.068 23.4426 18.4096 21.0741 23.4022 22.6486 19.9168 18.8671 23.5233 29.1889 22.366 23.5099 24.4384 23.1062 20.9665 19.1093 20.5896 22.8236 26.6858 25.9322 21.6124 18.2346 31.4228 25.986 28.7313 23.2273 30.0367 23.7925 23.4964 25.986 35.8233 28.6775 31.2613 24.4519 27.5471 28.9466 23.3349 27.9642 22.043 26.9415 33.401 34.1411 34.1681 33.4144 39.1472 30.2116 28.5564 34.8409 27.2375 32.5263 44.8801 41.3408 37.7746 29.1485 38.5013 44.2341 24.6672 42.2155 33.4817 37.169 45.9566 34.4776 47.0332 38.4609 48.0021 41.4619 51.8509 53.7753 39.3222 52.8333 44.4629 55.0538 54.6635 55.0403 64.5142 61.1768 59.4947 65.8869 55.5382 67.1653 66.479 74.6879 63.1012 92.6534 83.1929 75.4415 91.4961 96.9597 100.58 96.5829 100.943 127.346 118.599 121.196 139.714 152 143.105 168.727 177.246
179.176 162.436 159.053 158.248 143.991 131.575 124.754 124.126 116.336 103.948 97.3853 101.11 94.834 75.4197 76.2383 80.0857 62.0357 72.9366 62.7588 73.3459 67.6021 64.5733 48.5153 58.9523 53.5769 52.772 52.7447 62.6906 55.3642 56.3056 46.0186 58.8432 47.9559 44.9135 37.1095 39.0332 47.1237 35.8817 43.1671 33.6032 36.0999 41.1207 35.5542 38.7467 33.2622 34.6674 38.7058 33.9443 31.2293 41.0388 38.0373 31.0656 32.5254 38.9377 38.9787 30.1924 30.7927 33.7397 31.011 39.6472 27.7776 17.477 29.8923 27.2046 28.4461 28.7599 29.7968 27.5866 25.5265 26.1268 28.7053 20.342 26.6588 23.671 22.3612 32.1843 29.1146 23.862 29.1965 20.5603 25.9221 30.6017 24.5851 24.6533 23.0707 24.9807 25.39 17.7498 18.5548 22.0202 21.1606 23.7392 20.9423 22.5932 19.2779 19.4143 24.7215 20.8332 21.9383 19.9737 18.4047 14.4755 17.3542 19.2779 26.4406 16.5219 20.6831 20.8878 24.0257 22.4704 21.9519 21.7336 24.0666 18.6639 29.2647 17.5315 22.1839 23.9711 28.3233 29.2783 22.6477 24.4486 21.0651 22.7023 25.7038 24.8852 23.4527 27.2728 27.1636 21.0651 34.0125 26.8089 31.2839 27.9686 30.8337 31.7887 30.0424 33.3031 38.2146 23.2208 23.7119 31.6932 32.7846 34.2581 36.7275 25.5265 40.4112 25.581 27.3546 39.2379 30.3425 28.7326 37.6143 38.2556 32.1025 32.7164 35.0085 34.7902 38.5148 39.7154 32.6619 40.9842 41.7892 41.5163 61.5173 48.8427 39.7018 47.1646 51.4759 42.9625 63.7957 59.3071 50.4117 51.4076 55.487 54.873 49.1838 46.4961 61.299 58.4339 68.6527 73.7416 66.2787 61.1353 64.7916 80.3449 72.5683 96.212 98.3812 101.956 110.415 90.2499 106.308 117.427 130.825 139.57 154.864 157.743 170.035 177.921
175.105 170.195 156.477 144.86 134.779 126.827 120.881 126.385 125.154 96.8593 87.1789 100.455 82.4909 81.3707 79.7942 78.7017 76.6411 57.5984 71.4829 59.9493 63.0609 61.1387 53.906 53.422 57.142 53.823 58.0271 50.2275 43.7831 38.8461 51.5827 44.8894 54.3071 46.6734 50.6562 38.1131 43.3405 35.4856 40.1875 28.0178 39.4684 29.788 40.146 40.2981 30.7975 31.1294 33.2591 34.0888 26.2477 35.9558 31.1017 44.0458 37.4078 37.8365 34.2963 30.5486 32.3879 28.9721 26.8424 30.8528 31.6411 29.0965 21.7671 28.3083 27.7966 26.5381 25.6254 28.5987 25.9573 27.4647 24.5191 29.7188 25.3212 25.9158 20.8267 30.4103 32.1666 31.0326 21.7947 23.4957 19.1534 20.3012 23.3713 18.3374 23.7308 19.8172 24.3531 20.5225 19.6789 17.8396 22.2234 18.296 19.9278 18.7385 19.181 23.9106 16.0142 16.8577 23.3851 23.7861 19.8863 22.2234 16.7748 21.9054 19.2363 20.5501 23.1223 18.697 22.0575 19.4853 13.276 16.4567 19.4023 25.4041 20.1076 23.8829 16.2492 16.6918 23.8691 26.552 26.4275 24.8095 23.0947 28.4604 23.4266 23.0394 24.4084 22.4447 30.5624 22.7351 28.1976 28.2391 27.6445 24.6435 31.1156 27.0498 37.7812 26.0403 29.9539 25.5563 36.0941 40.2152 28.8614 26.6349 36.6057 26.0818 33.1623 35.0154 32.4017 35.8866 33.4804 46.0096 34.5452 27.0498 30.9773 40.3396 30.9911 41.9715 42.2204 46.4106 43.3129 43.0363 42.8289 39.1641 50.9604 45.1383 48.2222 47.1021 60.5717 49.8817 51.3476 43.5618 45.65 51.9423 54.2656 52.2327 54.1411 71.8977 64.6236 61.028 67.4862 74.4561 53.505 76.8209 83.6663 85.7684 80.859 83.8876 97.2051 105.904 92.8489 105.129 112.486 120.535 131.335 140.449 146.077 166.448 170.168 172.92
168.377 181.019 164.579 149.345 143.402 127.607 120.782 110.453 100.965 110.719 95.3586 92.1631 84.0064 82.2545 80.853 72.0375 77.4473 73.8594 68.1133 69.711 69.9633 70.7621 56.4667 61.9606 50.8046 41.4286 54.1823 54.2103 47.6092 63.8247 54.5186 45.1986 46.9225 42.3536 52.08 43.5028 52.1781 45.3948 43.4607 35.0797 39.1862 40.896 50.6084 37.196 38.9759 37.0559 37.8407 41.6248 31.7722 34.5892 44.7501 35.7244 32.8093 31.5619 24.2181 35.0517 24.1199 28.1983 34.7854 29.0673 26.3764 24.5404 28.3665 22.6063 34.6313 23.1949 26.5586 26.8529 27.7779 28.801 30.3286 22.6063 30.0623 25.4233 17.1825 24.8908 27.6237 22.7465 25.087 22.7184 20.3779 24.4002 17.2526 25.9839 24.9048 21.9616 19.9435 21.0226 22.0037 22.0457 24.6805 17.0704 21.2889 18.2897 24.0359 22.1999 22.2279 18.1355 25.073 18.5139 16.4957 19.9014 19.1166 23.1949 17.1825 25.8578 24.4143 10.7075 20.4059 19.0745 24.0078 24.4423 20.3919 17.7151 20.5321 18.8082 19.4389 22.27 26.7548 24.0919 20.7844 22.3961 27.4135 25.2131 27.904 30.2305 25.7737 32.3888 24.5965 24.7366 27.9881 23.9097 30.4688 35.6824 29.0533 29.2775 27.1472 28.2264 27.904 28.4786 29.7961 33.2438 30.5669 29.74 28.9271 30.2585 28.1423 33.6642 27.1612 35.0237 34.5892 31.3938 36.299 37.6305 42.3536 32.1926 35.7104 25.2271 35.9767 41.0642 41.877 45.4509 38.135 51.0709 41.7089 42.5918 54.6308 39.088 52.6546 51.7577 47.2869 49.1088 53.6217 55.1633 44.5119 56.1724 66.2072 65.7447 55.1493 52.1781 64.0068 69.5148 67.2583 77.8117 83.1094 70.9723 86.3188 94.0692 82.2825 110.509 89.3601 115.302 108.757 118.371 131.63 126.626 136.801 158.09 165.196 169.512
180.381 160.613 145.702 145.972 133.66 128.207 119.729 117.343 115.894 88.6995 92.7326 86.4841 91.4687 82.3516 78.1907 71.4879 64.643 67.0145 80.3493 63.0099 79.554 60.4963 62.7684 56.5626 54.8301 55.3981 54.1626 60.6809 41.4953 53.0124 43.0148 50.1011 45.3438 40.8705 49.8881 44.932 49.5473 34.7357 37.6043 33.3866 41.9072 37.4907 28.544 36.0848 33.7842 40.3593 37.0362 34.1818 30.2907 38.1439 35.0055 37.2776 30.0067 28.6576 29.2399 28.2884 28.0754 32.6623 27.5926 24.866 29.3251 34.5794 24.1417 27.7204 23.6447 22.4944 25.789 30.2339 21.8411 28.9274 23.0056 25.363 23.4885 23.4743 22.2814 25.3204 26.3997 23.2612 19.1998 23.3465 25.4056 18.8305 20.3926 23.6305 18.5891 32.1937 24.4541 19.9524 20.6625 23.5311 16.0045 17.169 12.5395 23.1618 17.3252 22.5654 16.885 15.2377 14.4992 17.9359 11.2756 23.5737 18.7027 24.3263 13.3347 16.3454 20.7761 20.0234 16.3028 17.5382 15.0105 20.6057 23.7015 18.7737 23.7867 20.6483 20.1654 22.5654 21.9832 18.9157 17.4246 20.0376 28.4304 20.2648 20.421 29.2683 32.0801 26.4991 35.5167 23.9855 27.6494 29.1405 28.5582 29.8363 22.537 27.2233 21.4719 39.4504 30.9156 27.6494 28.6434 24.5393 33.0173 21.8127 24.3263 33.415 34.9203 25.1642 34.6221 31.8529 30.1771 36.6244 37.2066 37.6327 33.486 25.7464 30.4328 36.4824 39.3652 30.3617 42.7734 40.8563 48.6384 41.5521 49.3201 44.2219 41.1545 53.5378 48.8941 43.9095 51.081 56.1508 44.79 73.9162 54.9295 53.1828 60.8655 54.5319 56.8182 63.3081 62.9531 75.7766 62.9531 70.9624 75.3789 68.9033 86.0013 92.4911 94.5503 82.238 100.231 105.854 111.279 125.466 126.119 133.986 126.46 155.586 160.273 158.654
175.722 166.932 156.228 148.675 134.101 122.303 138.273 129.914 108.262 97.0974 77.4161 99.4137 87.5013 72.208 77.6607 82.2069 71.4599 59.7921 87.6164 78.5814 70.9707 55.2746 62.6407 61.1445 55.4616 49.2753 44.8872 42.3407 62.2379 56.3968 51.9081 47.3906 47.3618 43.7938 45.5203 49.6925 41.2473 33.6654 45.7505 51.9656 45.4196 37.665 41.7653 43.6787 38.6289 43.3191 48.0524 23.983 34.1977 32.7878 27.0331 30.9463 33.1907 29.4932 39.8662 36.8737 28.5725 33.7949 28.6444 32.9749 28.5005 30.4428 30.6729 31.1621 28.5868 25.6663 30.1119 32.7591 26.9323 29.4069 21.192 27.3783 21.6523 25.0045 25.6087 24.8894 26.8172 21.7099 23.2924 17.5952 18.8613 24.1413 19.2641 32.2699 19.1058 22.2854 21.4653 20.674 17.9549 21.4221 16.6888 20.7028 21.3071 11.898 18.9188 14.4733 24.1413 18.7893 15.9839 22.2134 16.4155 22.8321 18.3865 18.962 23.2349 17.1636 16.7896 23.3644 23.2924 22.1559 18.1419 18.1275 21.0769 23.3356 23.1486 24.7311 27.0331 26.1842 26.4144 24.8318 30.6873 27.3208 27.9394 21.4797 17.811 23.3788 28.2991 30.342 23.9686 28.0689 30.0831 25.6231 26.6158 29.5508 26.0547 21.3502 19.1346 27.5078 26.6734 25.7382 26.9755 29.5364 26.5871 25.8677 35.2768 27.7524 29.2343 37.3053 31.5505 29.3925 34.3848 31.5362 32.9749 31.6081 47.3042 36.3126 36.1112 36.14 38.7872 52.3828 35.4062 51.1312 44.2974 34.6869 42.7436 45.995 49.117 44.5995 52.2677 52.9583 40.4992 48.3976 63.3888 55.4329 43.3334 51.4908 55.4329 65.3023 52.9295 66.5683 69.604 83.8614 67.9495 77.1859 76.8262 70.2802 78.9699 82.768 94.5222 107.571 97.5866 110.679 113.973 121.483 136.877 130.216 157.983 149.121 163.608 175.477
171.1 155.507 150.465 136.227 130.121 122.412 127.935 110.87 101.879 90.8472 92.7563 82.9925 86.8834 97.405 77.7462 76.0558 66.3357 72.1794 61.0312 71.4362 64.6015 58.1457 53.4241 49.6935 71.9025 55.406 67.108 56.3241 54.0362 48.1779 49.3 48.9794 52.7829 49.9849 44.8844 42.2467 46.9101 44.9864 53.9633 38.8367 41.0226 33.9985 34.3774 42.2467 39.0553 32.8618 37.598 44.0538 35.8347 38.8367 36.4759 38.4286 34.7709 35.208 28.3005 24.0744 34.9603 32.2352 28.3296 28.9709 25.4442 27.397 25.0799 28.7523 29.7869 28.5191 27.5719 27.5719 26.7849 25.8377 24.4387 22.7045 24.4241 25.9688 25.9251 27.6884 22.894 26.7558 24.6136 26.5518 19.3528 29.8015 20.9995 23.098 33.0075 19.6879 24.5261 19.7317 23.3894 20.8683 23.7246 16.3653 23.0688 26.5518 21.1307 17.8955 17.7206 12.795 20.096 19.3965 17.6332 20.198 17.8518 20.1543 17.6769 17.9975 20.5186 21.7281 20.9995 20.0085 24.9196 18.5075 21.3201 26.5955 27.0035 24.0161 26.9452 21.4367 20.7226 27.3095 25.6045 22.5005 26.1874 20.1251 30.1513 23.0106 24.6719 21.1744 26.3623 22.4422 38.8367 28.5482 22.6171 27.2513 28.7085 30.2095 27.1492 27.7905 29.7141 28.0528 29.2477 35.7472 33.197 22.6608 30.3553 37.5543 38.8513 32.1769 35.893 28.3296 39.0698 38.0352 25.0653 36.9276 34.9749 35.1643 37.3794 30.3553 41.7658 32.3809 35.8347 51.5442 45.4673 33.5759 44.7824 38.0497 49.0377 44.3161 46.706 45.4382 53.4678 56.805 47.3181 60.8709 57.5482 47.0558 44.4327 59.4136 59.4136 80.7628 78.2417 65.0241 77.8045 83.7503 74.2779 86.898 80.1799 71.9754 80.4859 96.6181 91.3864 102.739 117.545 104.371 127.192 153.19 138.748 162.721 161.598 172.514
171.615 162.214 157.993 150.304 137.7 113.776 115.679 98.4116 92.8328 105.511 89.9401 86.6194 103.444 75.875 79.5204 81.6604 81.4243 62.3707 60.6586 67.3444 68.2742 53.0283 56.0539 55.2422 55.2126 57.515 50.6522 52.925 63.758 53.6925 44.3649 50.4751 40.0701 45.3095 43.4056 31.082 42.0626 39.0665 34.3437 41.118 45.4571 54.6518 37.9449 37.4431 40.0701 36.3066 36.6904 29.8128 30.2998 39.037 33.2811 32.9269 32.8678 35.7753 30.167 33.9009 39.3912 26.3592 26.9053 29.001 30.0784 31.7166 27.4661 30.7426 30.3146 23.3041 24.1011 26.6691 21.7397 19.275 32.6022 22.7285 27.6727 23.5403 21.8283 19.8801 34.1814 22.3743 25.6655 24.3668 20.2638 22.2563 26.9791 23.2894 27.23 23.5993 23.9092 28.8387 21.1346 16.7512 21.8283 20.928 20.4409 16.707 19.4373 19.4226 12.176 20.6771 16.2937 18.4042 15.4525 19.5702 21.3265 24.6472 23.068 24.3668 17.8286 17.9172 19.5702 14.1389 20.5147 17.2825 24.2339 19.762 24.6472 25.8131 29.7685 20.072 20.0572 29.6799 24.6324 23.5698 18.3304 26.7577 32.4546 19.8801 32.1299 25.8574 26.2411 26.7577 23.2894 30.4622 19.9834 23.7469 30.3293 28.2926 36.4395 29.9751 27.658 28.7059 30.9639 27.2743 27.5694 34.0338 27.9384 39.7749 31.3182 35.2292 28.3516 33.6501 49.8995 42.2249 33.5467 31.8642 37.2955 45.1914 39.8487 32.9269 32.9564 45.4866 36.1443 48.1875 46.3574 41.0885 48.645 45.1619 57.1461 45.4423 41.6641 45.9441 40.8819 45.9294 59.537 50.5636 48.7926 51.4492 51.1687 54.3419 67.1082 64.3336 59.2566 63.3595 76.303 76.6867 66.5031 74.281 75.4765 87.6377 86.6636 106.145 95.4746 111.695 111.798 111.178 127.929 122.734 150.363 160.768 164.413 176.84
173.478 150.508 150.478 142.946 138.941 121.77 113.012 107.258 86.4104 99.8308 85.8574 90.6547 87.1427 93.27 84.348 74.5144 69.8815 82.4052 63.3656 71.1369 59.1363 54.0551 61.7516 51.2753 55.0265 58.0005 35.8076 51.9329 45.9849 43.7283 41.6958 50.8121 41.9349 48.7796 39.4989 57.7016 40.007 49.2279 36.1065 42.4281 40.291 49.2877 31.3241 26.0636 34.4924 30.2332 29.3066 35.15 30.5918 37.4066 38.4976 36.779 35.135 37.0629 32.6393 28.6191 31.6529 28.126 30.0987 25.6153 35.8225 27.1546 25.6153 32.7439 31.8173 29.2917 23.1344 32.714 23.6874 24.0461 25.8544 21.6549 25.6451 22.8654 22.1182 27.9765 26.1981 33.1026 19.6224 21.6997 26.0636 17.4704 25.5405 19.473 22.3573 22.5366 19.8167 21.0123 13.3456 26.4522 20.2501 23.0747 21.0571 18.2475 20.5639 16.3346 20.0857 19.3534 19.7121 16.5438 18.4717 14.4665 20.4593 18.0682 21.64 18.7407 21.5951 19.189 27.2442 24.0012 17.4704 21.4756 17.575 25.7199 20.7732 21.4307 25.3014 25.8245 29.6055 20.9824 28.3352 24.1507 19.3235 21.5503 24.599 23.3735 24.1656 24.6887 28.8433 29.7101 23.4184 25.0324 22.8056 27.9616 27.842 27.2741 26.8856 29.6503 31.7276 31.1747 28.4697 17.7095 30.293 32.5197 34.4476 36.2858 29.5756 42.6074 31.4437 35.8823 38.0941 39.1701 31.3989 34.9109 33.7004 35.4489 46.6574 45.6262 35.2546 35.0304 34.2384 36.8686 46.9862 49.0934 49.1681 48.8394 47.4644 41.3521 56.0427 56.4014 44.3261 44.879 51.6938 60.6158 53.2032 49.4371 72.3026 72.3026 61.378 53.0687 63.5001 70.2253 76.2629 73.7373 72.2129 77.2493 89.8028 86.0218 102.013 90.3857 108.753 115.493 110.427 102.551 125.177 131.603 140.451 155.321 160.566 171.431
178.996 171.309 152.381 141.774 138.43 121.348 120.031 106.126 105.188 101.209 85.2461 101.739 89.5583 80.0563 78.4524 83.4304 91.2681 76.5006 60.0384 74.3974 64.971 59.2516 58.4043 57.0728 57.7991 55.6052 49.0082 48.3878 48.4635 59.5089 52.11 50.3397 52.2613 47.6313 56.513 47.2076 38.8555 34.7702 48.5543 33.4993 46.7235 50.8541 40.3988 42.7592 36.0412 33.9229 41.7152 38.4773 41.4277 35.2696 38.4621 25.828 28.8088 29.9587 30.5034 34.3012 27.9917 40.0811 33.2572 35.0123 27.0385 25.2985 30.8665 27.5075 30.0495 29.9587 31.1994 24.2998 22.7111 29.4745 28.9752 22.6355 17.4608 27.4621 25.6767 24.4209 25.7978 20.8652 27.9009 21.7125 19.4126 20.6987 26.0399 21.9092 26.9477 26.2668 23.8005 24.9051 23.8459 21.6974 18.1719 24.209 19.0192 21.7881 23.3466 19.5791 21.1375 15.978 19.9725 16.1595 20.8198 19.2311 25.6616 22.7716 17.4003 20.7441 16.7496 17.491 16.1747 21.0467 16.7496 21.773 20.8198 30.0343 23.7551 24.2544 22.3782 22.4085 25.5557 24.1788 19.5337 23.5736 22.4993 24.4663 25.6162 22.9532 31.8954 30.3975 28.8844 22.0151 26.1004 27.9614 24.6176 30.6547 31.4718 22.9078 24.663 29.2173 27.674 35.1334 31.033 34.2558 29.3081 30.5034 34.4222 29.8982 35.0729 29.4291 26.4181 23.967 37.7207 32.6973 29.9738 37.2668 35.0123 39.8995 40.2627 47.7372 44.8624 39.6726 46.6629 38.1444 31.6231 35.784 43.5006 48.8266 40.7468 47.9944 46.8445 39.2943 51.1113 44.8775 50.4456 44.59 53.3809 60.7344 57.3149 60.795 63.7908 61.6574 66.7413 66.2117 73.1416 81.7963 67.8761 66.242 76.2736 65.5157 105.324 103.327 87.546 114.569 95.4744 117.732 112.769 123.981 134.708 151.049 165.817 165.877
171.576 148.678 161.651 140.56 133.07 114.629 124.279 108.702 99.665 102.682 96.4332 77.9614 86.8757 69.5526 70.441 74.362 70.9617 72.1411 74.5305 70.5482 58.9229 56.6867 70.6094 60.4852 70.6401 60.6077 57.5444 55.8749 50.2537 47.512 49.9474 54.2973 37.2499 54.0216 44.1424 54.0063 44.0658 38.0311 41.8909 41.9828 34.4776 32.4099 39.3177 39.4555 39.2717 30.9395 33.0685 43.8207 39.287 45.2299 30.6791 33.4514 33.2676 27.1869 31.0161 27.5392 35.6876 24.2921 38.1996 31.2918 29.1475 27.7536 28.4429 31.8125 24.8129 19.9575 37.7247 22.8983 25.2724 28.6726 26.2986 23.7713 21.2288 24.7975 25.8238 27.8762 25.1192 20.754 24.2615 30.0665 25.7625 19.2989 19.6971 28.3204 20.4936 20.6314 14.9184 22.9442 17.0933 23.2812 14.7805 16.787 20.6927 22.1784 18.0736 26.7887 18.1502 17.3384 15.9292 17.7519 19.0691 18.6709 17.9051 14.7805 16.9095 19.2836 14.6427 24.1696 24.8129 18.6403 22.883 27.0185 26.0841 25.4868 25.7625 24.0624 28.9943 24.4606 28.4735 21.5657 31.9504 19.3755 22.5307 29.1475 29.6682 26.3598 29.9133 30.143 29.3313 28.7186 28.3663 34.11 27.5086 25.5634 31.108 32.609 23.6182 30.2503 25.1498 24.3687 35.2588 30.0665 32.6243 30.9701 39.2564 33.6505 28.7492 33.4055 26.5896 31.0773 35.7949 33.2983 33.1604 29.6989 29.6529 33.4208 29.2547 36.6526 39.1032 28.8718 36.4994 42.7792 44.7397 46.1029 50.4375 39.7006 41.0331 51.1574 48.8752 47.849 51.0655 48.8446 51.9385 53.7765 49.8248 45.0767 60.041 55.0478 69.4148 58.54 65.0495 62.5529 63.1656 71.4978 74.9594 79.5696 87.136 91.5166 93.2167 83.3528 101.212 99.6956 107.247 110.907 123.972 138.278 143.164 159.216 159.231 162.693
165.675 158.095 163.133 137.91 129.182 114.083 109.525 120.796 118.548 85.4809 82.3183 73.792 86.2715 75.0322 86.5815 68.3041 79.1248 80.7526 63.9169 55.9331 59.4676 50.6157 53.8867 58.832 56.0571 55.344 61.2039 51.0653 56.5687 56.0416 49.143 38.4927 41.3297 44.8798 37.051 36.927 36.0278 43.8101 35.0667 39.1128 37.9967 45.2208 35.5628 29.3773 38.7098 41.3452 39.0353 27.858 35.4697 37.175 25.9047 28.8037 32.7568 39.6709 30.3694 28.4471 26.1527 27.2844 34.4466 27.7495 36.5859 32.0282 32.0127 30.1834 30.0594 26.4783 31.9817 22.2771 28.1371 19.0216 28.7882 27.2534 29.9509 24.2459 25.6412 32.3382 28.2146 25.7652 25.0831 22.1221 25.1141 27.486 28.8812 26.6643 22.3546 28.0906 22.3546 25.9512 22.1221 22.7267 26.6953 25.8427 17.7814 27.765 26.0442 16.0451 18.448 15.8591 20.2773 20.4013 21.75 24.9901 18.6805 20.9439 24.7265 17.6419 22.8972 19.7657 25.9047 21.2384 19.8277 21.378 30.0439 26.5558 21.2229 24.6645 23.0057 22.4476 21.595 29.7648 26.0907 23.4708 34.3536 25.1916 24.401 28.9277 22.5562 29.6408 32.7413 25.2691 30.3074 39.1748 32.5088 23.1608 28.3231 33.3924 29.1757 29.9664 28.9897 38.1052 31.5631 39.4849 33.749 32.4313 30.0439 40.5391 33.3459 29.7648 41.8103 34.4931 35.2372 36.3689 30.4159 33.1289 36.7099 45.7944 38.4927 56.5842 38.1982 41.7328 34.183 46.0425 38.1827 43.9806 52.2435 53.2666 49.112 48.3058 48.9259 54.4448 56.9872 45.2983 58.3205 60.1808 59.4986 60.2428 48.2903 69.0947 55.7935 72.9548 66.2887 69.9318 69.0172 62.5216 81.3727 78.4117 77.187 76.3654 104.874 91.2788 92.4415 101.293 117.354 110.486 116.207 125.012 150.932 154.421 169.303 175.302
175.726 164.854 160.854 145.118 129.932 135.015 121.068 113.145 109.568 104.328 97.5037 90.1144 88.9848 82.0349 92.3108 90.7106 69.186 75.9007 73.3121 68.4801 59.2552 63.6323 59.4592 47.3791 53.2152 46.9555 71.0059 50.8149 45.0415 61.5928 53.4976 60.2279 49.5127 57.7962 46.5319 54.2663 38.2014 48.4616 40.3821 40.7429 41.9823 52.8701 42.2333 44.21 35.7853 44.3983 47.8184 37.7464 44.3355 43.9119 44.3512 36.3815 38.8289 48.7126 34.3891 37.5895 38.3582 42.7667 26.7017 41.8411 28.9452 37.8719 37.9503 37.6052 35.2206 32.6476 28.9295 36.1932 30.3728 28.3333 30.1061 32.4123 27.2351 36.4599 31.4553 30.5611 30.263 34.3263 26.3566 28.3961 27.4391 29.808 32.6163 38.2798 28.0352 21.0539 20.8813 26.9214 22.105 28.4118 23.313 30.0434 28.9609 27.7372 22.0423 19.0144 28.9922 24.3955 23.6268 15.9551 24.521 25.9016 28.0039 18.3712 27.8627 22.0736 30.3414 20.8186 30.6709 25.1643 28.349 27.2194 30.7493 26.3409 27.9411 24.3798 28.6942 27.6587 29.9179 26.0899 32.0358 31.0317 32.7261 23.9876 28.0509 36.7266 38.876 26.3723 45.5749 33.9969 27.5175 32.4594 27.9725 41.4802 38.5622 38.3739 31.2514 40.084 39.3152 31.2671 34.1537 40.4762 40.4762 36.962 34.6244 35.5971 27.0626 38.9701 41.5901 44.1002 43.959 42.7981 36.6325 41.4332 38.8446 41.0096 43.8335 37.464 40.7899 44.1316 48.6342 45.6063 50.909 42.2019 42.2176 41.9352 51.9131 50.5795 41.8881 47.7242 53.529 42.2176 57.859 49.5284 48.4145 57.8119 64.4324 48.8067 70.7078 55.2076 68.1506 61.9537 79.7757 72.7159 67.4289 77.297 90.1301 84.6705 81.8152 89.4241 101.206 99.7628 123.327 123.029 135.156 135.909 139.47 154.468 146.718 169.231
162.458 159.776 151.442 152.283 138.917 130.964 125.169 113.883 112.549 102.977 102.66 99.5799 80.6577 79.9751 74.7524 83.5468 86.3407 81.6736 64.3547 71.9427 81.2133 65.4977 73.9111 55.7508 57.8145 63.307 64.2753 57.5446 53.1315 59.132 52.7029 53.5919 53.7347 58.7352 46.8611 51.1155 65.8628 56.608 57.0366 53.9094 65.4024 53.0045 65.2754 52.3696 66.1803 50.8297 48.3851 39.5589 59.894 76.4986 61.6561 51.4171 53.1791 50.8615 63.6245 53.7347 59.0368 49.8773 42.1465 46.7183 53.6078 45.3055 49.3217 56.354 65.6247 42.4957 44.7022 45.0038 57.2589 42.7656 50.3376 45.1785 41.8925 54.2269 53.068 57.878 43.3053 51.9251 41.575 52.3061 53.195 62.6561 33.7965 37.5905 45.0991 36.7492 47.5279 42.4163 43.0989 42.9402 47.0993 34.1458 38.3366 33.4949 29.6375 42.5592 42.3687 37.8921 33.1933 30.7487 35.1935 34.3521 30.2724 34.6379 43.845 37.0349 49.7027 26.2403 36.892 42.3211 35.3364 47.5279 39.6383 45.4325 42.6703 46.5437 39.4319 44.8292 46.3849 42.5592 43.0989 30.3518 49.3375 54.3062 47.9724 48.1152 34.4156 46.7183 52.4965 38.9875 51.2901 52.1156 45.1626 45.115 41.194 35.638 54.0364 52.4965 50.29 45.1943 50.9726 62.2752 50.5757 44.48 53.9094 46.4008 52.1791 60.529 48.7026 53.4649 43.7656 63.053 50.7662 54.5126 42.4004 44.607 53.4014 48.2422 59.7194 59.7035 63.9578 57.8621 51.3218 63.0689 56.7668 58.4177 64.2753 62.6561 63.3864 55.8937 55.8778 55.4016 62.8784 72.0062 60.1956 70.4028 67.6724 61.7513 63.8626 66.466 76.4034 73.8476 73.0856 73.9269 79.102 83.3722 76.9748 91.7221 86.3725 100.596 99.1989 105.707 102.136 118.47 119.725 123.899 148.79 145.52 170.491 176.618
168.553 152.46 140.447 140.014 132.771 139.307 104.296 114.96 103.203 102.577 88.5565 94.017 86.0993 80.2373 94.7879 78.2297 79.8518 57.9134 65.7991 68.4169 63.7273 59.118 71.2596 58.8931 64.6588 58.3471 51.3769 65.2851 58.604 57.6083 51.8105 61.527 60.6598 60.3707 55.2956 49.2891 56.9659 63.1009 51.666 38.4644 52.1157 43.3949 57.8974 49.9154 45.6434 46.9443 52.1317 47.9239 56.1468 64.2894 46.4303 50.8951 45.2097 57.9134 46.7676 54.3641 60.1458 53.0632 43.6037 53.2238 39.9259 52.4208 72.6247 62.7155 51.4733 48.1167 66.8751 50.9593 54.4926 57.785 58.5559 44.3907 53.1435 53.4969 61.4146 65.3172 53.3202 57.2068 68.9629 66.2166 53.272 51.2484 64.0967 52.5975 59.9049 63.4061 48.7912 67.8066 49.8351 53.1757 91.2868 55.5205 62.1855 55.4562 59.8728 57.9777 57.4477 61.4146 46.9924 60.5634 66.5699 78.9846 60.981 66.0078 54.2838 58.6843 68.3366 65.5582 70.6493 62.6994 60.4349 72.8335 74.038 71.6611 58.7807 64.7391 54.9423 74.6965 74.3271 53.8823 59.1662 57.3032 66.4736 60.4028 56.7089 52.9669 67.8869 58.604 61.1737 66.5057 61.4949 65.1727 50.9433 62.5228 70.9062 65.2209 54.9744 51.2966 47.0727 55.8898 63.3579 49.2891 48.727 72.1911 61.0773 67.5978 44.5673 41.9816 45.0331 57.7368 58.8931 59.5355 50.06 43.0577 53.256 48.2612 48.8394 56.3235 48.727 58.4113 47.0567 50.3009 44.5031 46.5909 61.6073 64.6909 51.7784 66.8109 59.3749 58.9413 53.4487 61.9928 53.6093 62.33 59.134 71.7414 70.6814 56.2271 61.8964 64.0806 71.2917 59.3589 71.0829 86.8541 75.5316 78.9203 84.3969 78.6794 84.156 95.3339 101.276 103.782 103.766 108.776 114.751 118.862 134.585 151.754 160.475 163.59
176.077 166.231 147.028 146.314 138.304 116.648 119.28 107.404 97.5261 80.4676 103.115 93.4158 81.3936 79.3791 82.3521 68.884 67.3731 68.884 71.5809 72.2795 67.0482 64.0102 64.3026 56.0333 62.2881 58.259 63.1491 67.2432 57.2842 60.7609 59.1038 48.8037 54.8635 45.0183 50.5583 63.1491 53.2714 63.539 50.477 53.5151 59.1363 50.4121 48.69 60.8096 45.7819 52.1991 50.2496 49.9084 48.6412 56.0008 46.8704 47.9914 61.1833 41.964 48.5112 58.9088 49.8759 60.3223 57.3979 65.4561 67.1782 57.8041 64.2701 57.8203 46.4967 74.0178 56.9593 51.2569 62.0281 45.8469 57.9016 57.7716 66.642 56.9268 65.3748 67.9742 63.1166 63.0029 48.9661 69.7288 51.5006 64.8225 64.0426 55.1722 68.2017 66.1547 55.4484 62.6617 64.9037 65.1636 57.8691 62.4993 40.3231 66.2684 58.4702 47.0816 56.5206 56.6344 51.7442 54.9935 33.1748 42.4514 48.5762 55.2534 47.9914 59.5262 54.5061 55.2859 59.0226 74.5215 63.4578 61.5407 60.1273 62.2393 66.9345 70.7198 74.9439 56.5369 57.1055 53.1089 53.5963 63.1816 63.5553 56.9593 56.7643 66.9182 68.2667 59.8836 54.7498 61.0371 48.2026 45.327 74.1316 62.2556 47.9101 59.9161 63.5877 45.8306 60.4522 59.7536 65.8135 68.9328 59.8999 47.439 40.3231 59.3312 55.5296 49.2911 66.2196 57.203 58.8438 47.1628 36.0666 52.5728 45.0346 54.831 53.4176 59.0551 55.952 44.3522 41.1842 51.3868 50.5583 60.7284 47.504 48.2188 43.2637 53.1089 45.4245 60.241 58.9088 59.2338 64.6438 69.7451 57.8528 60.3223 58.389 58.7464 64.8387 74.8139 67.4219 63.5553 75.8374 70.005 72.247 80.4838 79.5415 68.8678 79.0379 86.6574 97.8348 108.395 104.902 114.276 133.073 135.12 132.732 155.33 167.109 172.665
157.19 164.239 151.784 139.345 122.945 114.762 96.9662 110.293 98.8394 109.964 96.6211 99.7432 88.6679 85.9566 77.0504 90.0154 77.1654 77.9377 79.6795 64.2662 73.2874 60.0103 78.0199 73.2546 71.8085 78.9072 63.4446 91.0013 68.1606 80.9941 72.055 66.6653 77.0504 67.224 75.4236 77.4941 87.3369 82.4237 75.6537 65.6465 66.5831 86.4825 57.5947 75.1443 68.3578 76.3603 65.9423 63.9704 71.4635 63.5925 66.5338 68.8508 76.3274 65.4 76.3603 62.2615 61.1112 69.4259 61.3906 63.7075 43.6603 47.5547 45.8786 62.623 50.5453 49.8223 60.5525 47.6368 50.6111 47.8176 46.7659 61.8671 39.1414 62.6394 61.6535 46.8317 39.125 30.1694 43.9725 41.4255 45.6157 45.9115 49.1486 47.4232 49.2636 45.7636 38.3362 57.4797 36.0357 41.3926 53.4703 50.9068 39.1414 45.0406 40.4067 40.5874 39.5686 35.3456 33.9488 34.9676 36.9395 33.9981 35.6249 34.3761 37.6954 52.32 34.639 46.2072 53.8318 39.8809 52.6158 47.9819 35.2634 52.8951 49.8716 44.1696 35.7235 36.7094 44.9255 48.1134 42.0335 56.083 44.3997 54.4397 53.9468 38.8456 44.0711 37.5804 46.1086 49.8387 45.6321 55.59 35.5099 55.6229 63.0502 56.5266 63.7568 42.2142 54.4233 61.6206 48.4584 55.2778 43.6274 57.6933 67.9634 48.8035 54.982 70.2146 69.1301 49.6251 52.5172 64.9728 64.5127 74.0105 77.3955 62.4751 71.5949 65.9258 75.9659 65.8108 65.6958 60.4211 77.1819 68.2921 69.5738 81.0598 72.2029 78.6115 82.9988 70.2968 72.6466 71.7428 58.5149 72.1536 76.5903 68.4071 81.6021 73.4189 78.6115 72.3179 72.6959 81.0598 73.4518 69.9353 75.5222 95.931 75.325 85.4801 102.192 87.567 102.307 118.542 131.178 111.509 129.42 126.988 127.974 152.753 170.385 168.2
165.35 171.083 160.348 144.411 132.33 124.553 126.696 134.789 107.004 111.84 106.672 112.986 107.32 102.783 92.8453 97.9304 94.4074 96.119 84.7855 95.3214 89.505 67.4196 77.4902 79.1686 71.6406 74.8146 77.3904 70.4275 65.3423 82.9243 64.9767 52.9619 66.3394 69.4304 63.6971 55.1056 63.2318 71.1753 64.1458 74.2995 63.6473 75.8616 60.2073 53.7761 47.9266 58.3129 65.0432 58.0968 55.0724 54.5406 52.5796 57.3823 60.2904 42.0936 59.2933 54.1417 49.2228 47.9266 51.7321 48.1758 44.8855 35.5627 49.1065 42.3097 47.0126 49.2062 39.9831 39.4846 39.0193 42.1933 42.0105 39.0525 38.9528 45.1347 33.5519 45.1846 33.4522 42.7085 41.1464 42.4592 49.4887 36.6761 36.9919 41.6117 33.0534 38.1053 39.1356 27.9516 30.677 35.0642 36.0613 44.0712 35.2636 38.2548 24.8274 38.0554 28.5166 33.3359 29.3808 31.8569 35.4464 24.3123 28.5997 33.9341 40.1825 36.726 35.8286 36.6263 31.94 34.6155 35.9449 44.8855 32.5715 38.4709 36.0945 31.9067 46.1152 42.077 50.6852 49.7712 37.1747 38.4543 41.1132 42.991 38.9196 40.7808 38.3379 35.9117 44.5863 38.6537 40.7476 45.7995 40.0828 44.5531 44.9021 50.0703 51.5493 55.9863 50.8347 56.1691 48.9403 42.7417 38.8032 54.042 42.0604 56.4849 39.9997 39.0525 59.9913 52.1974 62.1018 60.3901 47.6441 54.391 64.7607 71.9231 68.4167 68.7158 56.4517 74.8313 69.7794 70.1616 61.354 56.5514 74.4989 59.7919 75.4461 77.4237 83.6721 72.8703 78.5205 82.2263 67.27 68.8986 72.6044 90.3027 71.1254 89.8873 87.1785 86.4473 83.2234 76.2438 86.5636 99.775 90.7182 91.8316 97.7975 105.292 104.727 105.143 101.836 114.249 113.535 121.694 131.2 126.912 142.583 151.557 168.424 174.224
175.4 150.866 145.086 129.559 135.424 123.829 111.36 119.292 131.088 111.646 109.226 105.748 100.774 105.244 102.185 100.74 90.7249 84.5914 79.4662 91.3467 85.4821 74.6939 84.9947 72.795 83.9361 67.2665 64.5778 73.0471 76.9792 64.4266 69.1149 76.9624 68.4428 45.3877 55.9238 63.9729 57.7218 49.2694 64.0569 61.6035 61.4019 72.1061 57.873 54.0585 52.1933 66.3255 46.3287 43.2199 43.7745 57.7386 51.2859 48.0259 44.5138 55.9742 46.6984 43.1863 43.7241 41.1698 39.9768 47.2361 45.4717 46.127 35.8766 38.4476 40.5985 37.6578 47.0008 40.1448 50.1936 45.7405 44.5475 34.9356 53.6216 52.4285 37.5234 28.2476 35.9438 41.7412 37.6746 46.5807 38.2964 35.4565 41.5899 37.9267 48.1267 39.5735 33.4232 30.3145 33.4736 40.4809 36.4311 28.3316 37.2545 32.0957 32.8855 20.4337 24.4498 33.1207 33.2047 30.1968 28.4156 22.8535 30.1968 33.4064 32.2637 29.8103 44.7323 39.5231 37.4226 32.6166 31.7092 33.8097 31.7092 36.4647 42.4638 41.1194 43.7409 41.8588 32.7846 34.2298 42.3797 28.1299 33.5408 34.4146 37.1537 43.0687 34.3138 37.9939 40.5145 38.9853 37.473 44.6147 39.1534 34.5323 38.7837 50.0424 38.7837 39.7919 50.4121 42.783 45.8078 50.4121 50.5969 46.9672 49.8743 47.2697 61.4355 63.2167 60.024 52.6302 62.5446 49.3198 45.7237 56.2263 58.9485 41.153 48.5804 55.9574 53.7225 54.277 62.1581 56.8648 60.5281 62.5782 58.3268 63.8553 63.2503 86.003 66.9304 72.4925 76.8952 73.4504 85.4316 72.2741 72.1565 85.314 92.1532 90.5905 76.9792 91.6155 77.853 82.8606 83.0623 92.859 91.918 103.866 88.9605 98.3707 99.7991 109.193 113.746 118.199 129.257 122.316 133.911 125.576 135.676 154.412 165.184 172.51
175.863 155.067 141.73 126.779 126.048 123.517 105.779 100.92 107.699 93.1389 90.6414 81.3819 86.6487 74.5689 81.076 81.178 81.0591 77.2873 74.331 78.5955 85.9691 82.1804 79.6319 66.9574 74.8577 80.0397 74.1951 72.9548 84.6779 59.3289 89.3671 78.1877 83.5906 83.7435 71.6126 70.3894 79.9547 71.7316 59.4308 56.0498 55.71 55.1834 68.7923 64.3749 64.5788 42.186 55.5062 57.0183 51.2417 62.2002 45.4141 41.9652 53.7222 55.3872 44.0889 45.4821 41.8972 36.5114 52.5159 40.9458 39.7225 36.1886 44.3268 38.0405 47.6908 40.1982 41.5574 39.9434 44.1059 46.9602 33.0285 42.9506 43.5622 38.941 36.2396 36.6473 46.6034 44.4797 42.1521 46.3316 42.8996 42.322 30.7688 35.2372 43.3074 37.3779 38.856 38.4822 35.7129 47.334 42.8996 32.3319 30.8368 43.1545 29.4776 29.5285 35.6109 25.5529 29.8344 34.3707 32.2809 31.1935 26.4703 36.1546 29.2907 22.6646 31.1086 37.191 29.9533 30.5989 33.3683 37.9046 44.1399 40.3002 36.7153 35.0163 32.4508 40.4021 40.8608 39.2298 39.0429 40.7759 41.4045 32.5527 48.9311 35.3051 38.4313 35.8148 28.0674 37.9895 45.5501 35.1692 37.4628 35.1182 47.5719 41.5404 36.0357 47.0622 49.7636 45.8899 43.3753 50.8849 40.2152 38.3973 48.8461 50.3922 52.6858 52.329 52.0232 44.9724 50.1883 64.8676 49.6956 61.4696 62.1832 74.433 61.8944 60.7051 70.1175 38.0915 61.9284 80.5154 53.7562 75.4184 69.5738 73.8723 77.3892 63.8992 73.7194 82.5032 74.9257 72.615 78.1028 75.6053 69.6928 78.7824 72.734 74.5519 77.8479 84.474 60.2124 81.093 66.1249 81.5857 70.0835 89.537 79.513 94.685 82.4013 91.9836 109.721 100.903 106.969 114.665 114.75 121.852 143.021 150.038 139.097 161.422
172.171 149.087 149.791 119.664 127.995 116.418 115.25 102.592 98.3319 92.1658 89.7955 89.3146 92.87 74.7666 66.6596 67.7245 65.3199 68.6692 74.8868 52.7471 63.9286 63.3446 64.1691 61.4209 65.9038 61.8847 52.8158 52.9704 61.4896 59.669 63.4992 55.375 61.0087 66.6252 78.9232 53.3826 55.1002 63.0527 63.2072 63.0527 74.7666 82.2553 77.446 68.5489 68.9268 70.6272 56.0277 77.7724 74.4059 70.1806 69.9917 75.7628 66.8313 73.2551 65.234 65.8008 64.8733 71.9326 67.8619 61.9706 64.255 50.7375 65.3542 45.3615 56.9896 47.7146 64.1863 58.5869 53.1937 44.5542 45.0008 48.0925 41.8061 47.2165 39.7965 42.0809 37.3404 30.7792 37.8556 36.619 43.2832 32.5998 35.5541 36.7907 40.1057 34.3002 35.0731 33.1666 40.3805 33.3556 30.6074 35.3823 36.9968 38.3366 30.075 27.2925 36.1552 32.5483 34.8842 28.4948 35.6571 26.5196 41.411 32.7888 35.5025 34.7983 29.9032 27.2925 39.4702 36.3785 26.6054 37.6667 38.5942 31.2257 39.1438 35.9319 37.4434 31.9643 27.0177 36.2239 42.1153 46.5466 38.9892 37.3232 50.583 44.7947 40.8099 48.144 41.5313 52.4895 41.7374 51.665 52.9532 50.5314 56.3197 75.591 57.4018 60.3904 64.6328 72.8086 47.0104 66.6081 67.2092 60.7167 70.0261 64.8218 64.5813 88.181 62.6576 76.9651 74.0796 75.1788 67.1749 71.0223 64.8218 64.4783 73.4612 68.9955 70.5413 56.251 75.5739 62.4171 59.8923 57.5735 71.1597 62.6404 61.0087 61.7645 54.7224 71.091 53.5372 53.2796 63.5508 61.4038 63.6366 64.0145 52.3349 75.5052 54.1899 71.6578 71.6921 67.484 73.925 71.0566 74.1654 87.7344 78.8545 81.5683 81.9805 88.7306 101.698 111.179 111.145 104.721 115.061 137.733 145.566 159.203 162.982 172.755
171.882 156.517 157.715 131.88 124.293 128.182 112.921 105.716 114.484 95.4379 102.66 95.3511 82.7985 78.8226 80.9581 75.4197 71.6869 72.8154 78.7879 74.7426 59.4468 80.6977 69.5167 64.9158 65.2457 60.9399 64.2734 49.7069 62.8845 53.6827 59.7941 53.3181 48.2311 65.263 55.8009 63.9783 62.8671 42.2586 57.8495 49.4117 48.5436 47.8318 48.6131 70.7841 55.9918 61.0615 58.8392 57.9364 54.655 58.0232 61.3393 59.8809 64.3776 56.9988 65.3672 61.756 59.7767 69.8466 51.5646 73.5099 63.7005 76.8434 70.2285 75.5065 65.2457 75.7496 68.2493 83.4409 86.9827 73.3016 68.5271 76.5656 70.9056 74.8468 70.8883 70.5931 66.7214 67.2944 60.1066 55.4015 56.5821 44.9497 55.9918 50.9222 57.3981 47.6234 43.8733 54.846 34.8972 42.9358 37.7272 35.0014 45.1581 36.5813 32.2235 48.2137 41.3558 32.6576 32.1714 31.477 37.6404 33.6298 35.9389 33.1437 26.7372 33.0395 46.0782 36.4772 37.7619 34.1333 37.3973 51.4951 54.9675 31.8589 46.0088 55.9224 42.3802 58.4746 54.2383 63.9783 61.9817 70.298 60.2455 72.6071 64.9853 62.0858 59.0822 53.7869 71.0966 71.8605 77.3295 76.3052 76.3746 83.2672 60.9747 79.7254 87.8681 71.6522 71.4438 72.2772 80.9755 81.6526 79.6213 72.9543 89.1008 70.8883 70.8709 69.0132 60.7142 55.1237 56.1655 52.9188 60.8184 57.9537 53.1098 47.4325 56.2523 46.4081 56.6863 49.7242 63.4227 46.5644 52.6757 61.7039 61.0094 50.9743 58.1968 47.7971 60.1066 54.5161 57.8148 62.6414 67.0687 49.8631 66.3221 66.1832 68.7007 69.291 68.5271 72.5897 79.2046 68.3882 51.8076 90.5766 88.2674 74.3259 80.906 91.0453 92.4864 101.983 100.091 102.608 113.598 116.237 129.033 131.828 138.131 148.027 165.649 160.493
169.599 147.98 168.107 130.555 132.275 137.048 113.095 118.816 111.375 113.569 98.2147 115.605 99.1798 98.9692 91.9326 93.2487 84.1765 97.3724 89.704 83.0359 93.8804 91.5816 84.738 78.6665 81.8777 61.3118 74.7709 76.9293 79.7369 86.3349 79.5614 71.3667 64.1896 83.6325 68.8573 75.0341 67.0324 72.3669 81.0355 69.7347 89.0372 83.9659 64.8389 60.3116 72.051 62.8735 67.3658 51.3798 55.9773 60.0133 63.6106 62.7156 65.7689 65.7338 54.5735 66.4708 59.1359 43.7641 59.8553 56.9951 62.505 55.328 61.0661 53.7663 59.6799 64.0492 57.1881 67.9273 65.3478 66.2954 64.4879 62.9437 71.4544 73.9462 70.8227 72.4546 66.4884 79.3509 68.6468 74.5252 76.7187 72.6476 69.8049 81.4917 69.2609 71.1736 86.8964 74.3849 78.6314 69.2785 74.4551 74.6305 56.0475 61.8382 65.5584 69.6996 69.2434 40.4826 53.5732 59.5395 44.4835 61.8733 55.8895 75.0166 69.103 70.4015 69.7874 61.6452 72.5774 73.2794 69.9804 72.0686 89.4057 81.7549 93.0732 76.4555 64.3827 73.0688 67.7518 72.2265 68.8749 83.7027 61.6803 72.3318 83.3869 79.2105 67.822 67.8045 67.278 72.7178 60.4871 71.3842 68.0326 54.1699 64.9266 57.9777 59.4517 59.4517 62.9437 53.1521 65.2249 63.4702 69.0504 69.1556 58.276 67.5062 72.4546 57.2056 61.5399 69.0504 64.4528 57.5566 57.5917 60.2589 62.1365 61.4873 73.8935 69.9453 69.3662 64.3476 77.7891 79.2807 65.997 71.5421 60.6976 73.8233 77.5961 81.2109 75.6658 83.5272 82.0357 76.9117 70.9806 71.4193 86.3524 69.8926 67.5588 81.3162 80.2634 92.1783 84.1941 75.6658 99.443 89.0021 104.725 96.9337 94.0383 120.746 105.567 110.603 112.077 118.868 110.463 134.328 133.398 134.977 145.208 160.018 149.63 164.756
159.975 162.671 150.346 147.881 140.557 135.006 122.611 123.71 105.462 95.3717 106.402 112.236 91.0624 102.696 88.1186 73.7543 90.7077 92.5875 91.7895 83.2064 95.8682 88.9343 88.4378 78.1168 86.1856 63.3269 78.8971 72.513 93.2614 90.6013 101.88 80.5109 77.8153 76.4853 89.2181 75.4568 66.1998 81.3621 68.2392 73.311 82.2665 84.7492 82.0359 78.2587 70.5623 78.5956 76.4498 65.189 79.4646 78.17 86.1502 66.1111 70.9169 79.6419 81.4685 65.9338 69.179 70.5268 68.4342 72.4952 70.9879 70.5091 74.0026 75.2085 66.4481 71.0411 66.3062 71.0765 79.8902 70.7041 60.8087 81.6813 64.3555 83.4192 75.7582 76.4144 88.3314 88.6329 63.8944 72.7435 72.0519 71.981 73.9139 89.9274 84.1995 79.6951 110.729 96.2406 82.2488 68.3101 80.2981 89.0585 77.1592 84.3059 98.4928 82.9226 85.8664 79.4823 100.851 86.6822 80.3867 81.8763 104.7 96.8613 86.8595 93.4387 105.48 98.8475 76.3257 85.3521 85.7423 80.4931 81.433 92.3569 93.8466 84.0221 83.6142 89.4309 79.1631 74.8183 93.7934 90.2644 90.0338 82.7808 79.0744 77.3897 67.9909 82.6212 75.5632 77.7621 71.4667 75.9001 79.6774 73.3997 88.4733 71.2184 70.8637 74.9957 61.6777 75.4036 62.2984 77.9927 83.8448 83.5965 76.6094 56.4108 66.5013 68.3633 70.0125 71.2893 65.0648 83.6142 79.0212 80.2981 79.1099 79.5355 65.4904 75.5809 77.1769 85.2103 71.5908 71.6618 80.901 79.8902 89.4664 81.4685 69.0372 95.4781 88.3314 69.1968 71.2716 67.849 76.042 70.8992 93.1904 77.0528 96.95 88.7215 84.4477 82.3906 81.433 96.0987 94.3076 91.5944 105.657 83.5256 88.9698 98.28 108.902 112.201 108.672 103.919 114.914 130.041 136.833 137.276 154.177 150.541 163.097 140.965
165.9 161.187 165.434 144.898 134.952 126.405 114.488 114.022 94.938 102.446 108.969 106.371 97.3393 82.8423 95.2247 90.6552 83.362 77.9503 79.2046 70.0835 70.1194 78.9717 80.9966 66.5713 74.1871 67.7719 75.997 64.4389 68.1482 69.5997 73.9004 63.1307 58.2925 69.8864 62.6828 58.6867 65.2094 63.0591 67.2881 68.0049 56.4467 65.1915 69.7072 52.594 69.9223 52.9345 82.4481 57.7728 62.3064 57.4323 73.5241 63.9013 67.091 75.9791 73.6675 67.6106 62.3602 68.6679 62.9336 73.9721 79.5451 76.8572 70.9258 88.9708 82.1972 77.2335 84.4371 83.0932 77.0722 75.0473 72.0368 75.6028 81.2295 82.0001 86.8563 84.1146 85.584 85.6198 84.5267 95.6011 89.9205 68.2199 76.23 82.1972 78.5416 100.672 84.5626 87.376 96.5866 103.181 110.797 76.7676 110.188 93.8629 92.2501 89.4367 100.762 95.6011 94.938 73.542 101.102 73.6675 87.9673 84.2042 91.6587 87.806 102.894 80.4052 80.5665 81.8746 96.049 79.1688 87.8956 88.5407 103.934 96.5508 84.5267 93.7016 92.6085 95.3143 96.9271 93.6478 82.018 90.8703 85.2614 95.386 68.9546 82.681 78.6133 82.0718 77.6994 69.4205 89.7055 95.5473 87.2326 73.9542 74.3126 63.8117 79.3838 67.2881 58.5254 61.8047 59.5289 75.6565 67.3418 62.2168 66.6071 54.6727 75.9253 62.8799 69.8864 60.4428 73.4883 68.3274 57.4861 56.6259 59.7619 63.0411 55.4074 64.8869 53.8842 71.0154 62.6648 58.2566 53.4721 67.4314 52.3611 71.2304 63.7221 53.938 70.7107 71.3558 59.959 75.3877 71.8217 71.0154 84.4551 82.9319 74.4738 83.0573 93.612 78.0936 75.5849 84.6343 79.9214 86.8384 84.7597 94.0958 92.1605 97.1601 109.686 113.413 107.966 118.395 107.93 122.695 143.859 147.819 157.657 169.179
168.418 158.315 152.557 142.201 128.857 125.254 125.109 117.197 105.573 103.346 103.039 90.7449 77.4917 82.5431 94.1668 80.805 98.6027 80.6782 70.6297 74.1602 69.1631 82.7966 77.3649 61.1243 70.3943 67.1353 61.4864 80.8593 69.6339 59.875 50.7317 56.4711 58.2274 60.5268 68.1492 66.4654 67.2077 71.1728 58.6438 69.2355 56.9057 70.0865 72.1324 76.7312 77.0028 64.3833 69.9054 78.0891 81.9456 87.3049 82.5069 60.7803 59.8207 72.7661 62.446 69.6701 75.6992 70.9737 72.4402 65.705 73.3817 54.389 67.2439 64.5462 78.8858 65.9403 64.2203 64.2746 65.542 66.1033 51.1843 80.8593 73.2731 81.5111 67.8957 66.9361 69.996 76.4596 76.007 64.9083 70.6659 65.2342 78.1072 73.0377 73.3455 81.1852 75.2466 70.0865 74.812 65.4334 82.4164 79.8816 79.5919 77.5641 69.3623 65.5239 60.4363 67.6423 63.6047 56.3987 62.1744 72.6394 59.6034 46.1691 67.0086 61.7761 62.1744 77.727 74.5224 80.5877 72.2592 51.9629 76.3148 92.0666 74.0154 84.7882 71.4625 75.3733 78.7228 55.2038 73.7076 85.7659 79.2298 74.812 44.3948 66.5016 80.4791 76.1156 72.1324 48.4142 60.9975 61.1967 65.3066 66.5921 68.4932 77.9443 54.9322 71.3901 70.0684 53.4113 71.1366 85.8926 72.1505 76.3329 62.8081 69.308 67.6241 83.5027 66.2481 80.4248 81.7102 71.028 69.1088 78.2521 71.7341 76.3329 81.1309 59.6215 69.4347 64.5281 76.0613 77.2925 65.7774 73.4903 60.5992 67.9863 64.2927 60.4181 57.3221 75.3371 64.2565 74.0335 62.7357 66.1033 66.6464 73.5628 73.4722 62.283 77.2201 59.6396 91.5053 80.8955 75.9527 85.6029 76.4234 81.0403 90.2923 86.3091 113.359 106.497 113.938 100.268 99.0372 122.755 126.177 134.651 146.311 139.594 166.462 166.372
160.032 159.044 152.99 154.947 138.302 117.504 119.023 111.596 112.017 104.499 94.951 91.4756 86.7015 94.7863 90.5061 95.3534 77.2082 102.414 87.0125 72.2695 75.0316 85.9698 79.202 83.6651 81.0312 96.8167 71.3367 76.9156 75.1413 74.0621 69.5075 66.5992 71.6476 57.3254 67.1662 83.9029 57.4535 59.557 59.4289 68.3735 42.6191 59.4289 56.045 63.9835 55.3499 65.6115 61.4044 57.8376 52.2404 54.7646 44.0275 45.1799 45.4909 53.3745 57.3254 56.484 57.8925 53.283 53.8866 54.6915 77.5375 57.673 59.2643 65.1725 64.4225 54.7097 66.0322 63.0324 60.3618 70.9526 73.3487 70.7514 62.6117 89.4086 76.4583 66.6358 72.0135 65.6846 67.0016 66.0505 64.514 65.5017 64.0201 59.2277 57.0693 53.0635 52.6794 56.7584 47.8139 46.4603 55.6243 57.3254 48.8748 53.8866 46.9542 42.5093 36.1805 35.9793 33.4917 35.1928 25.919 34.8635 33.8209 43.1861 40.607 38.9425 40.8265 40.1497 41.9789 36.5829 43.9544 51.1063 65.9773 52.277 54.161 60.8374 72.8915 58.6607 49.1126 65.3737 71.1904 68.1723 78.3789 51.7465 79.2569 64.0201 69.2515 72.0501 69.2332 86.3906 67.2943 73.1658 68.3186 59.4107 51.3441 60.9288 48.6004 74.2999 55.6975 61.9715 59.7948 60.9471 50.1186 48.4358 52.9172 47.192 60.0143 58.4229 65.648 42.3447 51.5636 49.8442 54.6183 59.2094 53.3745 57.7644 54.0147 53.5757 63.197 55.5877 55.5694 59.7582 65.9956 63.4714 64.2762 68.7759 70.4221 71.5562 82.1835 67.8796 83.6834 79.7873 69.0137 65.6846 76.8607 77.2265 53.5391 79.1471 98.7739 80.208 79.8788 81.2141 91.4207 106.529 101.664 97.2008 86.7381 102.597 105.615 106.786 103.914 110.06 131.003 118.382 132.522 133.235 150.685 143.881 161.349 172.946
178.713 157.594 144.678 151.034 129.933 128.159 124.704 127.716 112.065 115.299 107.15 97.8932 101.108 91.1674 104.065 110.513 95.5096 82.5385 89.911 77.4018 83.9058 74.2976 83.7026 76.3486 72.3205 55.6539 64.523 61.0862 49.9998 60.3841 59.9222 59.8298 63.3405 56.6332 60.9939 48.6325 47.8934 52.5127 59.5341 46.175 52.0693 51.7552 52.0693 52.8268 52.9377 47.5054 47.2467 51.3302 48.9096 51.1454 58.0744 54.7855 69.8076 58.8874 64.9295 58.5364 81.5777 74.9443 61.1232 79.4158 71.8216 80.894 65.0219 94.1977 66.2599 72.4868 65.5023 69.6413 66.1121 74.1313 56.9658 60.6428 49.1498 46.563 42.9045 50.4248 42.11 51.1085 43.1077 46.5076 48.5216 38.4145 46.563 36.4744 44.4751 39.0797 34.0353 39.3384 36.1418 27.0694 30.5246 31.0051 26.4966 25.9792 27.2172 29.841 27.1987 25.7944 29.1019 24.5195 24.0021 21.0457 27.8824 32.8528 31.7626 30.7094 27.8639 29.028 34.1832 32.1137 31.0051 37.7863 38.0634 34.2386 37.2874 37.5645 40.5763 39.1536 37.9895 50.8128 43.9392 52.1986 46.4152 45.3435 55.0072 57.8342 55.4137 55.192 52.8823 55.8756 61.7145 70.0293 50.9052 68.9207 56.8549 55.543 61.6036 64.5969 57.1136 73.6693 76.9029 64.0981 64.3752 60.2732 66.3708 59.0722 55.5245 53.9724 64.1535 57.6125 53.7692 40.5579 47.3945 43.9577 50.4987 54.5637 48.4662 45.8978 55.0996 56.6517 51.8475 49.7966 58.832 52.8638 53.917 48.9836 53.6029 47.6901 58.2407 64.7632 52.4943 65.8349 59.0907 59.7743 61.9547 67.1468 79.6191 60.9569 86.8807 80.3582 97.4128 85.0514 87.8415 90.8164 93.4401 84.9405 105.728 99.8333 110.79 105.192 109.368 124.501 117.904 132.501 137.361 154.841 147.893 150.184 163.876 184.33
169.78 163.976 158.396 147.048 133.611 130.177 132.248 123.085 113.38 99.1395 120.77 96.7506 112.708 94.5857 88.2962 90.797 96.8066 89.8825 75.1945 82.0253 79.9536 69.2969 78.0873 85.534 74.4106 73.4028 65.6389 62.6528 70.5847 41.1339 56.7551 57.9683 68.2144 68.6623 53.657 66.2921 54.9635 69.8941 52.6679 62.0182 65.1536 73.2908 67.0573 72.2644 65.6762 63.9405 69.4275 79.5431 68.1398 65.135 62.8207 64.9297 89.9012 67.1133 70.342 63.9405 68.3451 69.8008 52.6492 61.7756 59.4613 64.6871 54.9635 53.1718 37.4199 50.0177 39.7715 46.8263 37.5319 39.4356 43.2056 35.9082 39.4356 43.6348 40.6674 42.3471 43.2802 37.308 30.3279 36.4868 32.4555 34.2472 30.8878 27.603 29.2268 38.9877 34.8631 29.9173 27.1178 32.5862 30.6638 23.5158 23.2545 28.8535 25.0275 25.6434 27.8083 24.8595 22.8812 23.6651 24.8595 19.5592 21.9667 23.2358 25.3261 27.9017 31.8583 25.9047 25.1395 26.6139 27.6777 25.5687 23.4225 29.544 31.3544 34.0792 37.028 30.8131 32.0636 32.2315 35.3483 35.2363 34.9937 28.6482 33.5007 31.709 43.6722 38.4091 46.0051 39.9395 46.7143 44.7733 39.0437 40.7607 47.8154 49.1965 43.9894 54.1423 49.4765 61.421 51.5667 63.0633 48.8232 42.1044 63.1193 69.9128 75.5864 64.2951 68.9983 94.1938 65.3029 83.2011 64.9483 77.0608 65.6949 70.3794 83.4064 66.5534 81.5774 71.6298 76.333 65.3403 78.3673 53.2278 63.1753 54.6462 57.427 75.8664 72.283 76.5569 83.8916 65.0976 63.4926 66.0308 65.5269 74.392 70.8459 68.625 72.7309 67.3559 91.5249 85.6833 90.4984 76.8182 83.0144 83.6676 84.3769 110.3 98.7849 93.3352 106.194 105.896 118.139 124.727 137.679 146.75 141.039 152.479 172.897 165.04
172.037 156.731 152.962 139.258 121.898 112.455 115.075 91.9655 104.783 94.6798 92.4744 98.28 81.0895 89.2889 75.3216 83.1629 75.4347 80.0151 88.9119 73.889 88.9684 75.9248 93.2095 81.0141 77.0369 74.2095 83.7095 96.904 84.652 87.1589 92.7571 90.401 92.4556 86.0468 96.2819 88.0825 89.647 90.401 80.7313 106.611 64.0309 71.646 72.7015 98.2046 95.2829 76.1887 80.8444 69.2333 68.272 62.014 53.7581 49.762 56.3781 56.642 54.6817 57.264 60.4495 50.893 46.5011 38.3205 50.9684 39.9227 39.8473 43.9187 35.4177 43.5229 30.8939 30.6677 36.4921 36.4544 38.1509 28.877 34.8146 27.3314 30.3096 29.8949 28.7451 30.008 26.3324 28.5378 26.7094 26.3135 30.4981 25.6915 27.2183 31.1578 28.1231 34.136 24.3532 25.7292 24.9564 27.7084 24.2024 21.7143 20.5645 23.3919 21.0169 18.6419 20.4137 17.4356 21.9217 19.5467 21.8651 26.0308 25.0318 34.9088 32.5338 21.6766 21.0546 30.2719 24.0893 24.6925 30.7431 28.7639 30.5358 24.9753 27.7838 26.879 28.2173 30.2719 30.762 32.4961 30.1399 26.7848 31.2144 32.8731 26.4078 33.8721 29.9892 35.0219 41.8642 39.3195 31.8175 34.9277 42.8255 46.2372 46.2561 40.0923 39.8096 38.8671 44.767 41.1856 47.2362 57.4714 50.8741 54.889 52.6836 56.9813 61.1093 63.6162 64.012 64.9168 62.8057 81.8623 93.021 72.2869 98.1669 84.0488 87.9506 84.4635 91.0984 95.4903 89.5905 94.7929 74.6619 74.8881 90.1936 80.0527 88.3464 80.7125 85.896 85.5756 84.0488 75.1331 77.5269 73.0785 74.5865 76.3394 88.5726 82.7482 80.4109 80.3166 78.017 89.7224 82.0696 98.525 103.746 84.9724 87.0647 90.6837 97.6956 109.024 103.464 107.987 129.438 127.421 139.107 148.476 151.793 171.377
165.549 160.409 145.086 150.264 125.004 106.578 103.666 102.352 100.81 90.1125 90.9691 83.2599 77.4922 90.0935 89.9031 83.0124 75.741 77.0163 91.2356 94.8713 85.1063 93.2724 89.294 101.077 89.3321 99.4398 102.276 99.3446 111.013 106.921 89.2559 90.7597 91.1404 84.6494 95.6708 93.3295 97.0223 90.379 78.4249 87.3334 80.1762 65.5571 81.9464 75.4174 72.9238 74.9225 66.2805 64.2247 61.1029 76.7879 60.7222 57.6004 56.3061 50.5765 70.4682 43.1527 43.3812 53.4317 57.8669 49.3772 46.0842 43.286 48.0257 43.7048 37.0234 47.4737 48.0448 39.517 38.946 27.6581 29.5045 37.9752 28.0198 33.9778 31.5413 29.6758 33.3877 26.8206 37.5754 25.983 33.6542 36.9663 24.6315 32.988 28.3243 27.4487 29.7139 27.4678 27.7533 23.4894 24.3079 27.3155 24.2889 29.9043 20.2154 16.1038 16.3131 22.8232 19.9869 22.9184 20.3105 20.539 26.8015 18.8258 18.3689 25.45 20.6722 25.7356 21.8143 30.3801 27.8865 26.2305 30.856 24.4602 24.327 24.2318 26.8586 25.9449 25.0884 28.8383 30.304 33.3687 40.4878 33.9016 32.9689 33.5209 33.9778 28.115 38.7366 37.6135 33.0451 36.6617 38.5843 42.1819 42.6198 35.8623 48.6349 43.4192 44.923 43.9332 54.2122 45.8177 47.7402 50.4242 58.0763 56.5154 63.3681 67.0609 61.8263 69.0787 69.9162 63.9772 74.3895 61.9024 68.2221 81.2612 78.3297 83.4692 85.0682 91.1785 87.5047 91.7305 106.254 89.8841 98.8306 92.3777 94.681 89.1417 101.381 92.7965 107.758 106.978 102.086 104.237 86.4958 83.4883 100.258 93.9005 94.8904 91.2737 78.3869 87.3524 87.8093 90.8359 89.5415 87.3144 94.167 74.2562 89.846 90.5503 107.454 100.468 103.608 112.289 118.856 122.358 136.901 134.16 161.152 176.761
173.336 163.994 136.701 142.294 122.381 108.599 113.366 122.881 105.293 95.7403 116.787 112.04 99.0464 93.0109 106.581 109.137 108.369 89.109 101.776 95.1253 91.1657 89.2436 79.3639 86.0721 99.1809 80.8632 99.0848 66.0053 77.6148 75.4428 53.6077 66.4089 68.1196 70.157 57.9709 82.7469 71.1565 70.5799 56.9137 64.679 62.7954 55.6259 69.7918 51.2819 62.1034 55.3568 69.6573 57.9709 73.7514 74.847 58.8358 62.5263 53.8191 52.7619 71.7332 71.5986 62.3917 62.1418 58.3361 76.1348 69.1383 61.373 68.6193 54.6264 63.026 56.1833 58.2207 59.4893 47.207 56.9137 45.727 45.2465 42.3825 41.2293 44.6506 42.1903 49.725 38.8651 44.9197 34.425 32.5798 35.9242 33.4447 39.6724 37.5196 34.8479 35.1362 32.3876 25.2758 24.3916 33.733 31.7533 21.124 18.4907 29.3891 25.6986 27.2555 19.8746 23.3536 18.3754 24.2378 26.7942 25.5256 24.0264 25.5448 32.253 20.9702 19.8554 28.4857 25.6986 27.2171 23.6035 33.7907 32.1569 28.601 31.734 32.6374 38.8266 37.9232 33.0411 39.1534 37.5965 35.4437 36.9814 41.3254 45.6693 46.2652 35.7897 47.38 39.4994 46.8034 54.6648 50.6284 47.2455 62.1034 60.3158 59.6431 50.8014 71.1373 56.4524 67.7736 65.3902 59.1241 74.4433 66.159 78.153 45.0158 51.8393 69.3113 61.5268 63.7756 53.8768 58.7781 60.2005 64.0255 65.5824 59.6431 70.7913 60.7964 59.72 63.1606 65.9092 56.5485 41.3638 58.2592 54.6456 80.7863 73.2709 79.633 62.2187 73.0402 91.4925 85.5916 89.4935 80.7286 90.6852 79.6138 99.796 99.9113 101.372 97.5279 113.693 109.503 106.273 104.813 103.083 111.944 108.349 84.2845 101.411 121.42 107.311 103.967 129.223 112.54 124.226 143.14 144.235 163.13 167.57
172.47 149.745 162.359 153.607 135.015 125.564 145.378 134.316 129.406 117.82 109.999 117.18 114.715 112.134 108.039 99.4999 99.5193 84.1489 97.1516 78.6373 85.1193 82.8098 77.8998 82.8098 68.2739 77.4535 66.4109 69.5354 60.7828 60.7634 61.8502 53.7963 57.6389 57.3672 48.5952 55.6012 45.3348 63.7327 54.8637 47.916 52.923 52.0497 57.1537 41.0265 49.1386 38.5812 44.2674 41.4146 39.6098 42.5596 38.9305 41.7057 40.91 50.4971 47.8189 48.44 48.0324 56.0863 52.1661 47.9742 49.0998 44.6168 48.5176 57.6389 55.7952 66.0033 43.6464 65.1106 60.9769 52.2826 53.2141 37.3197 47.3532 49.8955 52.3408 56.2998 53.0588 51.0987 45.7424 54.3979 45.0049 49.061 46.5187 47.6249 56.0475 42.8507 52.0691 40.3472 37.6691 47.7219 44.1316 39.6292 38.4647 36.7957 37.7855 29.0329 24.4335 29.4599 33.1666 29.1688 26.3353 26.9564 23.5601 31.5364 26.607 40.3278 36.7763 33.2831 46.4993 48.9057 46.8098 45.6453 43.0448 28.5477 41.0071 49.1386 38.1154 48.8475 46.7515 51.351 56.2804 50.827 53.6993 59.5796 59.5214 63.4416 56.7268 53.3888 45.6259 53.7963 65.227 61.6173 65.0136 60.9769 54.7278 56.3386 53.9322 49.4491 52.0691 49.061 51.351 46.6157 54.9219 34.5445 50.206 43.5106 37.0674 44.2869 46.0335 42.1327 40.2696 40.6383 34.137 46.5575 45.6648 50.7882 53.0782 48.1294 48.5952 56.3774 43.53 56.0087 55.2324 56.358 59.1721 47.1203 60.6276 50.1866 58.9198 58.978 59.7931 73.7273 65.9645 68.8756 72.3882 74.1349 75.0276 86.536 63.6551 87.681 103.187 88.4961 93.3478 93.9106 110.581 94.0659 108.563 105.924 114.657 110.814 113.745 115.258 145.068 136.121 147.959 143.515 140.682 151.802 158.458 177.419
169.029 159.977 159.859 139.678 152.414 126.473 113.443 121.888 111.621 108.702 104.509 107.232 90.5195 98.3567 86.3854 88.1879 91.1269 90.2452 74.1398 79.7042 72.2001 76.4126 82.3884 64.4609 60.699 56.2122 55.9575 48.3163 44.5152 57.427 56.7608 54.3117 44.7307 47.0623 48.7277 44.3193 54.9583 42.5755 50.1384 38.3826 55.5656 49.1392 38.461 42.3208 55.3501 37.3442 36.8936 40.9101 35.3849 50.2364 36.0315 31.9953 46.2198 37.6773 40.1656 39.8913 37.5793 49.9621 33.406 37.6773 39.519 39.4798 43.5552 51.6275 38.0887 43.3984 38.2259 43.6139 38.5785 38.0495 51.2356 40.3223 45.5145 43.5552 53.7827 41.3999 40.8317 49.2371 52.4112 51.4511 48.8257 39.7541 66.3614 64.0494 61.5807 57.9952 58.2695 53.4496 68.8693 58.5046 54.8211 57.5445 65.2642 43.5356 54.0766 51.1572 54.7427 50.4127 48.473 47.8068 48.6297 41.1844 46.5529 48.3163 51.6079 67.0471 69.026 60.8753 60.7186 52.5287 60.8753 58.4458 64.8527 74.3749 48.1595 51.9018 77.549 67.2235 58.6026 51.8038 56.6629 57.8776 49.4331 46.0239 42.4971 48.8844 46.4353 41.4391 39.9501 49.5702 53.0773 50.4127 32.4264 45.4753 41.733 37.8144 44.476 43.7119 32.4264 39.8717 41.6155 36.0902 33.1709 42.8694 37.403 38.559 42.3404 37.2658 42.2816 41.1452 47.4738 43.8882 47.415 37.7752 33.0141 40.9101 52.0193 31.1724 59.5038 32.0345 45.4557 52.0781 40.1656 60.1504 57.1135 57.0547 54.0766 54.3705 56.0555 56.6237 55.1542 55.5656 59.1903 60.9341 59.7194 60.1504 69.7118 69.4767 72.3372 69.4767 70.9853 73.2189 81.0561 92.7335 81.7027 87.992 90.9701 107.193 94.007 108.134 109.995 110.367 132.546 119.674 131.41 138.287 151.121 154.824 172.496 162.014
181.353 166.222 167.567 150.122 138.116 129.057 117.843 121.245 118.001 107.38 109.417 120.058 114.935 96.9957 111.098 87.9765 79.8474 79.8276 72.193 75.9312 60.8794 66.1406 67.9603 68.7119 67.5845 69.1075 64.9539 51.2669 51.7218 52.7899 59.3762 48.1418 50.5153 51.5438 32.9516 47.6276 56.627 44.5816 43.0191 41.239 38.0546 36.1756 39.0238 48.0627 42.5048 36.6898 39.6567 43.3751 41.6346 43.7114 31.5078 41.1797 32.2198 31.1518 35.5427 33.7428 48.7945 44.2652 39.4985 30.321 38.6677 31.4089 26.8004 39.2413 32.5758 44.8981 27.2949 23.9522 31.7649 32.9319 36.3338 41.3379 40.2303 35.602 34.6328 32.2 39.9336 38.8457 41.8521 37.2437 46.876 52.1174 53.0272 40.7643 41.6741 51.1284 42.9004 51.7218 52.0976 69.7404 49.9813 68.2965 62.4024 60.741 67.624 67.9801 63.8858 70.3535 59.3565 51.8207 65.9626 57.3588 64.499 65.7253 54.7875 75.8125 61.0179 42.584 66.8329 63.9847 60.741 63.5694 58.8224 49.9813 39.8149 47.5089 45.1552 52.4338 50.1988 43.9091 43.1378 42.0104 38.0942 43.296 29.6486 41.6148 39.9731 41.3972 38.6875 39.3996 37.659 35.424 34.8504 37.6392 28.4421 31.0331 27.3147 35.3053 38.3117 34.079 29.0948 39.0238 31.4484 43.6916 41.2983 35.424 31.4089 33.9406 36.4129 35.4636 37.5799 48.4781 31.0529 46.0057 44.4827 41.5555 50.1197 43.4147 38.8062 46.7573 49.2494 46.0057 39.9929 46.6386 46.6189 54.0359 46.2233 51.5636 55.3809 51.8603 53.8579 59.3367 52.8888 46.3222 61.2552 67.7229 62.7387 57.2401 74.6455 63.9056 82.6758 71.9556 87.8381 71.3029 88.6094 90.706 104.887 107.696 97.055 109.536 100.497 119.029 129.295 144.9 133.784 150.498 141.34 162.741 168.002 172.61
167.545 156.045 129.791 135.022 135.342 127.016 133.125 123.183 129.113 145.124 116.974 108.808 118.851 115.397 89.1429 106.872 102.3 91.2392 91.8582 79.5998 79.7195 81.3567 80.5381 72.7319 87.0666 69.1182 61.2122 64.4864 62.6696 63.9074 56.3407 53.2861 52.5674 56.1611 64.0671 45.979 38.0729 50.2515 50.4511 42.0459 43.2438 44.1223 40.4088 48.4147 35.9566 36.5556 40.4487 44.9209 41.1874 42.545 38.0729 42.3254 40.4887 39.7899 38.7717 37.3941 30.7658 40.8281 29.8474 30.107 36.9948 28.2303 34.8586 34.9983 34.7388 30.1668 32.4828 34.7787 30.8457 34.3395 42.2855 28.1105 37.7934 37.3941 42.1657 31.5045 43.144 33.0817 42.8245 40.3289 40.5286 45.0406 51.2297 56.9197 53.8451 40.2491 52.787 62.9092 64.2268 47.097 53.7054 63.6678 52.807 60.5733 64.8457 49.1334 62.2304 46.6977 53.905 47.5362 47.1968 64.2468 65.4846 66.6825 68.0002 65.0454 45.8392 58.3771 55.4224 59.8945 64.8058 62.1305 59.6749 66.2233 65.3049 50.7506 52.4276 53.0465 50.8504 40.289 35.5574 47.3765 46.1986 54.2245 29.5879 48.3348 44.4217 40.6284 42.8445 38.1328 30.6859 27.831 32.2831 39.8498 26.0741 25.1157 30.2068 38.7517 35.5574 36.7952 30.6061 39.8298 36.1763 32.922 36.8151 31.8239 31.5644 33.2215 26.3336 30.7059 33.1216 39.3507 35.6771 38.6319 35.0782 43.1839 42.8844 42.6848 49.393 46.8774 40.848 45.42 49.0735 54.2245 59.6549 55.3225 51.0301 53.0066 59.0959 55.9814 67.6009 68.679 67.3014 56.0612 77.2239 69.6972 73.7101 76.046 69.6972 79.5199 76.046 88.1647 106.932 120.208 106.632 111.164 108.289 120.608 117.194 130.949 120.468 118.791 135.521 144.206 142.389 123.542 146.941 159.978 164.35 164.59
159.654 161.911 139.987 133.116 128.179 118.224 120.844 106.174 100.593 105.409 94.0234 99.6455 83.5853 86.4669 104.139 98.8394 98.8596 90.2754 90.0537 97.9528 109.398 89.9731 82.5375 91.968 94.1443 88.4014 82.7994 91.6053 71.6762 68.432 68.3715 62.4673 69.4193 63.2331 48.2611 64.5429 51.8479 47.3744 48.4827 56.7244 50.5381 47.3946 40.3217 44.1503 40.0798 38.9514 47.1528 54.4473 38.8305 43.7473 40.0395 35.2034 34.3369 44.6742 39.032 32.5032 40.1 38.629 34.7802 35.9489 38.4879 47.8379 43.8279 36.2311 34.7399 37.3393 44.8556 44.1705 36.9968 38.7902 50.3769 53.9839 57.4095 50.7597 52.5129 52.6741 60.7545 60.2105 70.8501 54.8101 60.5127 48.12 49.3895 56.2005 49.5709 47.9185 51.4247 58.1551 47.5155 50.0142 52.7547 52.7748 55.475 42.4375 38.891 43.7473 45.4803 46.0445 46.3467 47.0923 53.6212 36.4527 39.294 49.1074 39.0522 48.5432 41.974 65.5101 39.4955 38.629 43.0219 52.7345 61.9636 51.9688 49.8127 61.9837 57.5103 50.6187 56.0795 68.976 64.3615 55.3541 78.0842 61.4598 67.6461 52.936 57.3087 47.4752 42.1352 48.8656 44.6339 49.7119 49.6515 44.1302 36.9162 44.0697 44.1503 41.5307 36.6341 44.2309 40.0798 31.7777 35.3243 35.6064 44.513 36.755 26.5184 39.0723 27.8685 35.4452 39.0925 48.785 43.304 51.324 49.8127 32.9868 42.5584 39.6365 45.0974 47.1125 51.7673 50.5582 52.5733 65.9937 57.0266 46.1855 57.2684 67.908 64.7847 73.3487 65.7519 82.2755 75.0213 67.1826 88.3006 100.29 91.3635 93.3987 100.452 89.8119 99.6253 98.4969 104.542 96.6229 108.834 100.371 103.232 111.393 97.3886 89.8724 88.1394 104.764 107.464 108.028 118.648 122.174 134.748 139.02 167.896 162.697
165.256 152.057 149.922 131.802 129.931 130.785 107.296 101.765 90.1729 89.0747 79.1097 82.5263 85.6378 74.7983 85.9428 75.5508 71.1581 92.3692 78.2556 91.027 96.4569 85.4344 86.9597 94.952 84.4379 86.8173 100.911 88.0375 91.6168 86.2275 73.8222 84.5599 79.3741 69.6938 79.4758 67.7212 67.4161 73.029 63.1861 57.5732 47.4862 51.6145 53.7499 45.5135 54.482 51.9806 49.1538 52.1229 48.4216 52.611 56.4343 53.9532 56.1496 53.5465 47.1608 49.9062 46.0016 67.9652 55.0311 55.0514 56.6783 53.9125 50.0689 49.8859 50.8417 70.4056 60.0949 60.6847 66.623 77.5844 55.8649 56.2716 54.6853 50.0079 56.6783 52.2653 61.1727 59.6475 55.7632 47.5675 45.6762 54.8074 47.8115 46.7947 44.1306 32.0709 44.7204 37.8262 43.1951 39.6972 39.6769 36.9518 29.1831 36.179 37.0331 30.0576 31.8269 27.7799 36.3213 37.7245 40.0226 41.7715 33.9013 32.2336 43.1951 27.5359 31.6846 31.2371 42.6664 42.3003 34.2063 35.1825 44.8221 41.8936 44.9441 40.348 43.5205 41.4055 44.3136 45.2491 53.5058 52.9974 58.895 56.902 51.5128 63.9589 47.7912 52.2856 66.0332 58.4273 68.1076 67.2737 48.564 69.7955 61.5998 64.0402 56.7597 43.2358 36.484 48.4827 47.3845 47.1811 50.8214 44.1713 47.2828 49.8859 46.8964 42.0766 49.8249 50.496 48.8691 50.1503 46.4286 45.4525 54.0549 56.8817 55.0921 56.7393 63.2267 52.2653 50.2926 50.679 68.6566 62.4133 67.4975 72.1342 64.7113 78.6623 84.2752 96.3552 80.94 81.062 77.0354 83.8075 86.2885 86.8376 89.7661 84.8243 87.2444 70.5276 90.6203 97.2093 85.0073 89.3391 83.4211 80.4723 88.973 92.5319 95.1553 81.6925 100.687 86.2275 96.3552 114.963 120.434 132.188 137.822 140.567 148.722 161.9
155.561 152.278 141.791 148.994 121.638 107.087 108.688 109.94 102.51 86.8517 102.018 78.1501 74.0251 81.0643 72.7116 66.3496 72.8348 57.7301 71.9318 62.4298 60.7675 73.6967 56.1088 72.1165 73.04 66.3291 71.0288 76.1184 67.7657 68.4634 87.2416 87.8573 76.0158 89.3965 96.682 84.3069 83.8554 74.2919 80.1818 66.9448 65.0567 83.9991 57.8532 74.5176 61.9578 72.4448 76.3031 69.6537 68.6276 66.678 63.969 85.1688 69.6332 59.413 66.5754 62.7171 72.9374 69.7564 62.7582 64.7488 64.6873 66.3907 60.6648 60.2954 62.5324 55.7599 36.7355 56.3756 53.4204 40.8195 51.7786 52.2301 55.7805 48.9464 50.4856 48.9464 44.452 35.7299 46.7916 40.9631 44.4315 37.8437 29.6347 23.0058 35.2784 34.8064 35.5041 32.241 37.3306 36.0582 36.5918 28.7932 29.4294 29.2652 32.0768 32.6515 27.5003 20.9946 33.8007 33.5134 31.4612 30.7839 28.9164 29.491 34.2522 33.4313 39.506 26.2074 29.6962 35.6273 26.6589 33.2877 39.506 31.3791 36.4071 38.6646 38.3362 34.1702 38.2131 53.7077 55.5137 37.4127 49.5005 47.1404 33.3492 51.0397 49.5211 51.9633 47.0994 43.1591 60.5007 49.6237 49.4595 48.5565 62.2246 61.1984 75.2975 64.9746 54.5286 77.3703 69.6743 67.4784 64.0511 61.0753 61.2805 63.6611 66.4727 65.8365 65.5287 63.9485 63.7638 69.2638 64.01 72.8758 59.2077 62.0399 59.7208 54.0155 76.3236 65.4261 73.471 75.1128 92.126 80.8181 86.8312 83.4244 77.6986 93.9936 82.2752 77.9038 73.5325 80.6744 65.344 72.9579 79.4225 65.2209 61.1779 78.971 67.2731 59.7824 71.3776 59.454 68.6481 80.5102 84.1632 70.4541 82.4804 83.7733 86.236 84.0401 84.1838 92.8648 106.348 110.001 114.352 123.628 121.289 129.826 162.703 169.147
155.728 155.749 143.924 126.156 133.715 113.234 102.487 104.33 86.9966 98.0964 87.0173 87.0794 85.7748 79.1273 83.3519 68.2968 67.6341 68.421 59.8891 63.3267 68.4003 56.4515 61.1937 49.6798 60.5311 63.0368 55.9959 71.9622 79.79 59.185 58.3774 74.4265 74.1366 75.4205 79.2516 71.8794 66.1845 82.6064 86.6653 85.6091 109.61 103.688 98.2827 108.181 99.546 98.2827 93.2092 88.6947 72.4178 86.6653 91.0555 76.3938 79.7486 63.0161 74.4886 80.1628 64.1551 60.6346 57.4869 61.1523 66.7229 55.6439 54.1321 47.1948 50.7981 49.0171 43.198 47.7953 40.713 44.6683 31.4977 42.5353 46.47 36.2399 40.6923 41.707 44.5855 35.6394 31.0421 34.2105 39.8018 35.1631 35.1838 39.5326 36.2192 34.2105 28.847 27.5838 32.2639 26.2998 31.5598 29.6339 25.9478 29.7375 26.4241 28.6813 29.3026 32.8645 28.0187 29.344 23.6906 29.7375 27.7909 32.0568 28.9298 33.5685 26.0306 36.2399 27.8323 38.8699 35.598 28.5778 34.5211 30.2759 40.0296 49.1621 31.0628 33.962 38.083 42.8253 33.1958 33.0923 41.6863 32.5538 40.5059 35.5359 42.5975 36.6127 37.4618 41.0443 40.7958 49.1414 48.1059 45.3103 54.07 48.4994 48.9343 54.5256 53.2624 50.6117 66.3502 63.0161 57.694 68.1518 70.4712 65.8117 89.2124 60.1997 88.4462 77.0979 94.7002 87.1001 89.026 92.1944 104.495 105.282 106.504 96.916 104.972 98.3242 90.9933 89.6887 83.9524 74.323 82.8135 86.686 67.8826 70.8025 63.6374 60.8624 55.9752 59.5785 62.9747 70.4919 50.9844 65.3562 54.2771 63.5752 53.4695 60.8003 60.179 70.6783 69.4565 70.409 82.8549 70.057 64.3414 86.4996 87.9492 80.0385 84.2424 102.197 108.989 108.927 110.356 125.949 133.881 146.472 161.817 170.038
165.777 154.118 140.578 131.238 118.869 115.212 101.923 99.5413 93.5028 93.1476 90.3477 100.419 83.9331 79.5244 67.907 76.9752 68.8891 63.8953 69.7875 52.7168 55.5375 72.274 60.594 60.8865 61.0328 61.0119 55.7673 65.3788 72.6292 56.7076 67.6145 72.8381 84.2883 71.3337 88.5717 88.3418 69.5577 71.9397 90.2223 96.0728 97.4309 96.9504 87.0046 84.9987 98.4965 87.3598 95.8638 83.6824 91.6641 93.7744 76.62 94.5475 80.3184 79.4408 80.7989 72.6919 66.1101 59.1314 70.7696 67.1966 68.8891 56.3524 51.1706 48.2035 51.087 62.3282 45.5708 38.1324 32.0312 42.6874 43.5441 44.0455 34.2878 39.1145 39.804 41.3293 43.4605 36.4609 30.7776 35.9594 32.5954 36.44 36.6907 39.8667 33.2849 36.1892 34.8938 36.9832 34.1207 29.691 35.6669 34.8102 32.5954 35.3534 35.4997 27.6643 26.0972 21.5631 28.8971 26.9957 20.4139 35.6669 27.33 34.7266 30.485 33.5774 23.5272 31.2372 36.7743 28.7508 36.3146 35.4161 26.0345 36.2519 32.7207 32.1357 38.5503 36.8578 34.9356 44.5679 34.1625 38.3414 38.007 32.0521 40.0338 40.7442 42.562 47.4305 43.1471 32.0521 40.1592 33.264 46.9708 50.9825 38.4249 46.0305 46.323 55.0987 42.959 60.6567 56.5404 62.9133 58.3792 66.2564 66.8414 92.458 75.7634 95.8429 96.4489 98.9771 93.4192 93.252 85.6673 96.9295 82.6794 89.6373 96.5534 95.0072 98.413 94.6102 79.8796 68.9309 80.7571 74.3425 69.6622 64.9191 74.4261 55.8718 61.2835 61.576 70.3308 66.4026 58.797 60.7402 65.9847 64.6684 71.1875 64.752 59.6955 66.3608 61.7641 68.6592 61.8894 59.6119 68.2413 89.3866 74.3843 79.0438 88.3 83.6406 94.6729 92.4371 109.341 116.236 113.938 121.397 125.409 132.387 147.39 164.439
159.431 161.075 145.497 132.427 124.48 118.177 119.969 110.482 94.1872 87.1464 98.1925 84.1319 84.2373 85.8816 74.4771 65.9184 75.6576 70.5561 79.4942 74.3506 65.2228 71.1885 66.7406 73.7182 68.4902 75.257 75.8684 67.9632 77.3651 72.2004 75.1095 84.0054 56.4955 73.3598 60.2478 60.7959 71.6101 72.5798 65.4336 56.622 49.1595 65.4336 77.4283 62.6088 50.2346 58.5824 70.1556 66.9935 71.2307 69.0805 78.7353 63.0515 75.236 72.4533 81.3282 88.1372 79.0726 78.7985 79.178 69.5864 75.9948 67.6681 72.3269 65.8973 63.1358 48.2109 55.6101 60.7537 39.9263 46.0396 50.4876 43.7418 48.1266 44.1845 50.9513 36.5113 35.4783 33.3281 39.7576 43.4045 33.9184 27.4256 40.5798 35.9421 35.3518 31.8736 34.3821 38.9355 40.8117 34.9091 33.6443 33.0541 34.2557 33.5389 32.4006 27.4888 24.7062 24.4533 33.5389 26.4981 29.5547 27.0883 30.6087 24.2425 31.6628 28.4375 25.17 33.0752 23.4625 29.1542 33.56 31.979 36.1951 33.7497 42.6878 46.5034 33.2649 38.029 40.643 41.0857 37.3545 29.7655 44.1213 41.5284 42.0132 35.4783 41.8446 43.0673 44.1845 49.56 42.7511 52.8907 57.7392 58.1397 61.4283 50.7616 60.9856 63.0304 66.2557 73.423 85.0805 68.8908 83.6049 78.1872 74.5403 82.6563 68.6799 84.0054 68.427 90.7301 81.8974 70.9988 81.6444 68.8908 69.7761 47.4941 70.5772 50.9303 58.3295 55.8209 58.73 68.7432 63.6207 85.3124 55.4415 55.4836 63.0304 66.0449 74.9408 64.1687 67.4994 70.0291 66.1503 69.0805 69.7972 66.9092 66.8881 73.8446 78.124 72.9804 73.149 69.0172 70.1345 73.2544 77.6602 79.3677 89.5706 82.7617 93.07 92.1424 92.5219 101.713 130.804 107.215 118.303 127.853 128.633 140.627 165.544 166.324
163.049 156.478 142.272 131.277 136.913 121.877 125.833 97.9953 100.675 106.97 89.2761 95.1881 88.7231 81.2161 87.4046 85.4269 104.12 81.5989 85.7246 84.1083 72.8797 56.3132 59.1417 81.1523 74.3684 66.351 63.2035 76.3674 72.5607 62.2891 59.6308 61.885 52.9106 62.9909 50.3799 64.3732 51.4645 53.9527 52.9532 57.2702 43.7236 48.0194 47.2751 44.1064 54.2291 58.291 47.5303 54.2929 51.1881 48.9338 53.2296 60.4602 58.3761 64.4795 63.8203 56.0368 85.1717 66.0107 67.1591 79.6637 71.7101 69.6047 85.6608 75.9208 66.4998 65.9894 66.3297 58.1422 70.0938 69.2219 56.611 51.103 53.6337 44.5104 45.3611 45.1059 49.3592 46.5945 45.6588 41.2779 39.2789 41.1291 33.8773 44.9145 39.9169 45.7226 41.5544 43.0643 37.3011 33.9198 45.0208 39.1938 34.4302 41.5331 30.9638 30.4109 30.4109 28.8584 31.8144 35.4084 27.2209 28.2842 26.4553 28.4544 29.3263 27.1784 32.899 33.7071 35.3446 32.3036 46.8497 44.0426 36.3016 41.2567 32.8352 37.4075 40.9377 34.494 32.899 44.957 46.4882 41.2779 46.6796 42.7028 50.8265 42.2137 55.9517 52.6129 58.5462 48.87 63.2673 67.7333 69.392 74.4109 59.567 67.0315 67.9885 85.5332 76.176 73.3476 61.8212 70.9019 62.9909 65.5216 72.7734 53.5486 66.6487 66.1383 51.1243 49.3379 43.4258 54.9309 50.9967 51.4433 53.421 39.5341 45.5312 50.4437 48.2746 48.0619 58.0146 47.7004 48.5936 42.4263 50.2523 50.4437 68.8604 68.7966 54.3355 64.7772 63.6076 62.6931 63.1397 60.9493 74.8362 75.8145 86.7454 65.5003 84.2785 75.4317 81.7478 79.3022 87.6173 83.5554 79.6424 100.462 90.3394 104.992 107.842 97.3147 94.1248 119.623 107.48 111.946 132.383 129.576 140.507 143.378 152.862 157.435
172.541 156.172 160.699 152.783 130.601 137.466 138.431 117.987 107.197 105.288 87.8041 105.459 93.4031 97.8867 82.0764 82.6127 86.1737 92.8454 77.3139 76.413 68.4542 72.6159 64.3353 75.1044 67.3172 66.1588 64.464 76.4988 69.7198 65.4079 55.9689 60.667 58.5003 53.6521 52.9871 64.4426 61.4607 47.4953 50.5415 60.195 58.3287 50.799 51.4854 55.6043 43.7626 41.36 57.1274 48.0531 46.294 45.6933 47.7742 45.6933 43.9128 41.8963 46.1867 50.1554 45.8006 45.4573 47.195 65.4508 49.4904 62.3403 60.002 74.1605 75.6192 71.1786 86.2166 63.7561 72.2512 76.8635 69.2908 82.0549 72.2512 85.6589 59.9376 65.2149 55.8831 61.8683 51.5712 45.0712 53.3303 53.3518 49.2115 52.4508 48.6966 40.2015 48.2247 44.2989 39.751 35.4177 39.2791 33.5513 34.1305 35.5249 31.7493 35.8253 31.921 29.5612 36.7692 25.8285 34.6239 27.6091 28.2955 36.3401 29.9474 33.2081 39.0002 29.0893 40.5662 36.3187 31.7923 40.3088 36.7692 46.8732 48.1603 48.289 43.7412 50.2626 52.9656 47.3022 49.1257 53.8452 53.2016 69.0119 66.5235 74.2677 61.9112 68.4756 65.5796 69.6769 53.2445 78.9443 67.5532 79.1588 80.3816 68.7116 69.6984 59.8733 61.9112 64.0135 63.799 43.2478 49.4689 56.4409 45.5432 47.9244 56.3122 52.6868 50.7775 39.4078 47.5168 50.327 50.0052 50.9062 44.7494 40.8237 47.9887 45.157 47.2593 56.9128 53.8237 56.5911 53.8023 55.8617 58.7577 59.7875 57.7495 64.7215 54.1241 59.2297 58.2643 72.6159 55.3468 70.1703 66.0086 72.809 66.3518 70.4921 78.6225 81.6473 85.2942 69.87 84.2216 85.1655 80.2529 89.1127 93.9395 99.517 98.2728 102.585 114.019 110.243 121.699 108.012 130.365 133.991 135.857 140.427 165.526 171.125
169.362 176.373 160.188 156.098 137.619 133.767 123.619 119.811 114.682 121.866 114.12 117.387 96.6362 115.115 95.6624 95.749 103.019 98.4538 80.5373 75.9284 76.5559 71.6008 69.2638 80.321 80.321 70.6271 59.0506 78.3735 53.2732 60.1542 66.1912 51.8235 71.3411 58.1418 54.2686 67.1217 56.3026 50.8497 50.179 54.2469 58.7477 52.0615 56.3891 52.148 40.6149 50.5035 38.4727 48.5561 45.9595 49.5515 45.8297 40.2038 41.6319 36.1574 49.3784 42.3892 46.7385 43.1249 39.4031 51.6504 44.6829 37.2177 50.2872 54.7446 57.5792 53.0352 53.1218 66.1047 64.114 58.0553 69.4802 62.1882 60.8899 80.4292 73.0722 62.1449 71.0598 74.3055 74.2839 57.1032 63.6812 60.3489 48.6643 55.978 53.8358 54.3984 47.604 47.0414 52.8405 45.8946 40.0956 42.9302 48.4046 44.856 44.5963 40.009 40.7014 34.3398 32.7386 29.4063 35.2919 34.2316 34.1451 35.1188 35.2703 48.3397 34.9457 43.1033 38.0399 41.1775 51.2825 43.1033 45.0724 51.7153 57.5576 53.3381 54.2253 48.3181 69.5451 61.9069 79.3472 63.2268 70.9733 77.7244 57.3412 72.6827 75.9501 63.7677 57.9904 62.7291 57.7523 61.8852 57.7523 59.3968 54.7446 50.2872 46.6519 49.6596 47.9502 53.3814 36.4171 42.822 50.0491 43.7741 48.383 41.0693 39.6628 45.0291 50.9579 48.7292 40.3985 46.4788 50.2655 37.0879 43.0384 50.3953 51.4556 55.3505 49.2052 46.7818 56.4108 58.9857 46.9332 52.7323 67.4679 51.8018 54.1388 74.4137 70.2376 58.488 74.1541 74.1974 65.3257 63.5514 68.0737 71.7522 78.8928 83.7831 78.8496 91.6161 90.1231 83.5883 82.7444 97.6315 86.5528 88.8464 99.1029 95.5759 107.888 102.652 122.883 121.477 115.851 128.899 125.74 133.616 147.053 147.854 164.147 182.54
162.808 155.89 160.145 147.4 154.558 127.344 137.23 142.075 122.826 120.338 104.647 111.609 103.184 105.039 108.619 86.5545 106.589 84.7867 87.602 91.4867 80.4001 94.3675 79.3307 73.5473 83.259 79.1124 81.404 69.1825 75.446 65.8215 68.0476 66.4544 65.6033 66.0398 65.6906 61.5877 61.2821 63.1372 63.5518 55.8697 54.5385 55.4987 58.7505 55.346 43.8883 48.5805 46.0271 47.8166 47.6639 51.243 46.3544 44.172 44.543 50.7193 51.4395 50.7847 41.7059 48.4932 38.345 42.0551 58.2704 42.0114 40.1782 41.6404 48.0349 47.8821 40.5056 51.614 53.2727 44.7394 55.2587 57.943 56.5245 46.8346 57.4847 69.5535 49.4753 60.9329 67.9603 77.0391 76.9518 64.8395 90.9411 72.8271 83.0408 72.5434 62.3733 71.2121 63.3118 74.7476 62.0896 57.5502 46.66 49.1261 48.9079 52.5525 48.3404 48.7551 43.0808 43.7574 40.9857 43.3427 47.5329 47.3365 58.7505 46.4636 45.5906 48.5587 58.4232 60.8893 71.6922 74.5512 70.5792 67.2183 71.5613 84.7431 76.8864 65.7779 80.1818 78.1304 69.6408 80.9238 65.2323 61.7623 72.8489 65.9961 58.8815 51.9196 62.4388 47.7512 54.5385 44.8267 48.1658 54.5603 46.0052 44.4776 49.2134 49.7153 46.3763 40.7675 44.8267 46.7036 50.4355 55.3241 52.4652 39.1961 45.9179 49.9554 46.158 52.989 46.4199 48.5368 49.9772 44.3903 52.2688 43.059 48.3841 51.0684 61.8277 56.0007 50.8066 49.1261 65.4505 64.1411 59.929 71.3431 63.8137 91.0939 77.4756 74.8786 59.9727 69.7499 82.9317 77.8685 82.3424 83.7828 84.6994 76.3408 77.6284 85.0268 90.6356 78.4577 99.6271 98.5359 103.926 97.7502 116.584 100.064 108.051 116.977 133.083 110.801 139.434 132.669 133.476 141.748 152.703 158.181 162.502 174.309
168.487 164.657 168.817 141.657 145.2 145.685 142.075 125.633 115.729 123.983 129.793 121.297 115.553 102.787 100.19 114.628 108.708 107.695 93.5647 93.6308 102.017 97.8787 110.799 88.7885 86.2574 87.1598 88.8106 97.0203 85.8612 77.9596 77.4093 86.3454 87.644 76.5289 76.4629 67.7029 69.3757 69.6398 67.2847 62.7507 65.1718 63.411 63.609 63.0368 60.1535 65.0177 65.612 66.4483 56.0376 70.3001 61.0559 59.5592 64.6875 53.7706 59.8453 61.8262 63.0368 55.1792 57.5563 51.5475 54.673 59.6692 60.5717 57.3142 55.1792 52.0538 55.0471 47.5417 53.3524 52.4499 61.254 60.9238 54.4088 47.4537 56.3677 54.0787 56.3017 68.0111 52.604 63.499 71.7087 67.0866 80.2707 77.1452 78.796 71.5767 71.8408 89.0527 79.4783 91.4958 78.928 76.9912 68.0991 72.5671 81.3932 61.9363 66.0522 63.521 55.6194 51.0633 53.8146 59.185 50.337 63.7631 69.2656 71.3126 87.4019 75.7806 75.0983 77.4093 94.247 77.4314 79.7864 83.198 71.0484 73.3155 87.1158 67.5488 78.4878 77.4093 67.2627 60.6597 66.7565 51.2394 49.6327 59.5372 53.7485 54.4969 48.18 62.0683 47.8058 49.5446 47.3656 53.3304 59.163 55.0691 55.1132 57.1381 59.5152 54.6069 50.425 59.6692 57.6223 60.8358 54.783 55.9055 61.1219 54.9811 67.879 64.8636 59.8453 64.9076 74.372 61.9583 65.8101 78.1797 63.8291 69.2876 69.0895 59.3831 65.744 83.198 67.6149 84.3865 77.7615 74.2619 84.4085 83.4841 73.0734 84.1224 80.8869 98.2529 94.115 98.583 87.688 88.0622 90.8355 104.306 103.249 103.711 104.438 103.997 110.16 115.993 107.695 93.8949 104.196 123.741 131.268 123.08 127.658 131.026 144.562 133.909 147.445 143.638 150.857 163.909 163.535 174.033
168.601 166.137 165.36 146.272 150.555 139.768 136.439 150.178 132.266 129.225 132.221 131.112 131.023 112.622 118.149 123.321 123.01 112.4 126.073 109.315 112.312 105.364 98.1728 102.612 94.3773 107.85 85.9872 99.5046 93.4007 101.924 92.7126 108.916 104.943 100.126 84.6333 96.3749 93.3341 81.4592 87.0526 86.1426 100.126 78.1742 91.1589 84.3669 94.6659 84.7443 79.0177 84.2559 80.638 70.6942 79.5282 77.7081 91.2921 85.8984 64.4571 77.7969 74.7117 73.2467 63.8356 78.1298 91.2255 91.4918 81.7256 68.4524 64.4127 68.7188 79.9943 74.6007 83.7898 54.1582 89.1391 68.8519 65.3006 82.8798 57.5098 70.2059 64.6125 64.4793 75.9546 76.2654 66.5435 77.5306 85.4545 72.026 70.3169 85.965 82.1251 92.7126 88.9171 84.3447 99.6599 83.5901 78.2852 88.0736 86.5421 98.3726 90.4264 83.8564 65.3006 70.9605 83.2349 71.3823 81.3483 76.4873 105.076 74.1346 84.5223 98.4392 108.538 79.4838 106.652 73.1358 59.7294 68.1417 75.0002 70.4722 70.4056 76.3764 59.9957 83.5013 75.5329 67.5424 61.3497 70.1393 61.3719 67.7865 70.1171 72.2701 58.442 66.2772 87.5631 64.5237 70.5832 62.1265 78.4184 75.3554 77.3086 72.8916 76.7759 78.6182 78.6626 62.7924 80.2607 77.3086 82.5247 79.7724 81.3039 69.5844 76.8203 85.8541 73.9792 84.7221 75.7105 93.4007 89.2722 75.7327 88.6507 88.0736 76.2654 94.3329 96.153 103.389 78.596 87.3634 90.8703 104.743 76.7759 96.3749 82.5468 99.9929 98.6167 105.653 106.696 95.7091 104.188 112.534 108.76 84.0784 110.758 104.698 117.794 130.623 109.027 112.511 109.67 132.621 126.983 133.464 129.114 136.35 123.099 128.359 140.678 141.411 148.18 145.983 169.755 162.075 162.341 169.666
172.341 159.135 146.512 139.395 135.187 132.098 132.949 125.518 122.742 109.403 115.961 112.223 120.952 109.425 98.0999 110.902 113.096 94.8322 115.961 110.141 116.207 108.866 120.862 110.231 104.635 114.372 105.665 105.352 97.5627 103.472 108.575 103.113 102.822 93.9369 79.4558 99.9352 103.561 104.3 73.9722 74.5989 94.6755 81.0449 90.311 86.6628 91.9896 92.6163 87.4237 89.6843 80.6868 76.7028 65.7804 88.5205 80.933 89.4829 83.2383 86.8194 85.1184 73.8155 90.02 78.4262 82.8802 95.5484 79.702 77.3071 87.1552 86.4166 82.2535 84.7379 77.5981 82.3654 84.4693 94.474 72.1145 90.4677 96.9584 86.3494 99.8905 91.7434 92.2582 87.5133 98.0328 80.9777 107.59 96.9808 81.7611 109.179 102.957 88.8114 98.1671 91.1615 96.8689 91.9896 83.9993 101.927 103.763 104.389 92.5492 108.194 85.387 103.404 100.271 102.867 93.2207 96.3989 81.0001 91.1168 98.8609 101.01 91.6763 105.553 95.2574 103.113 76.479 92.2135 97.2942 96.287 94.4069 102.106 89.3933 75.248 96.0632 81.9626 102.979 84.335 88.0728 86.618 87.4909 87.1775 87.9833 81.7611 84.6484 88.4981 73.9274 83.3278 87.1552 91.072 86.4389 75.9194 79.6572 86.5732 97.4285 71.3759 90.8482 75.5613 80.1496 86.148 83.7531 85.2079 97.8761 78.8515 86.1256 86.8866 88.4533 98.9057 94.3174 95.1007 99.51 95.6379 90.3782 84.4022 105.755 103.897 100.047 75.3599 99.3757 91.9225 92.7283 88.8338 94.7426 98.3685 105.374 105.464 98.2566 94.2726 95.9736 110.365 97.1823 113.902 116.319 111.842 116.117 105.889 98.6371 110.79 120.28 103.807 115.065 127.219 109.358 117.841 117.796 116.028 124.443 126.48 113.879 129.905 146.311 153.786 169.364 163.567
159.509 156.508 140.868 140.214 117.33 116.653 122.024 103.88 98.125 103.09 85.487 101.871 78.7618 87.315 86.7508 84.7197 69.8475 64.9277 89.5266 101.442 108.664 95.8005 107.265 93.8596 113.133 103.586 99.637 108.1 107.197 95.823 97.6285 101.578 92.7538 84.5617 86.5702 89.8651 93.9499 95.8682 96.7483 94.4013 89.9554 78.3781 93.4083 84.9679 83.9749 83.5461 88.8947 85.0356 71.9463 84.2006 89.0978 85.487 88.3531 81.5827 86.8636 81.5827 89.0978 83.4784 90.0908 83.7041 77.9945 97.1545 72.7136 88.827 89.6395 87.7212 93.4534 86.48 97.1771 98.9374 92.2799 87.5632 91.806 101.217 106.024 89.8651 86.4348 101.871 92.3025 96.7709 104.467 90.5422 93.0923 100.495 103.857 87.8115 105.166 93.7919 100.923 94.1982 98.4861 99.8853 97.5382 92.799 101.804 92.3476 96.3195 88.4885 80.9057 97.1997 95.8456 97.1545 94.5141 93.7017 102.458 99.5693 100.179 102.413 94.1305 107.965 83.2076 105.482 98.3055 97.3577 98.125 107.242 91.9188 92.5281 93.4309 103.248 100.246 96.7709 92.9795 92.483 87.0442 92.0091 88.669 106.565 99.2985 94.5141 87.8566 107.829 92.8441 91.8511 101.488 88.1274 90.5873 90.3165 81.3119 82.508 78.5812 83.7944 100.743 89.0301 88.2854 80.1158 79.9127 86.7056 88.1274 94.988 89.82 91.7157 87.3827 87.6986 89.2107 93.7468 82.8014 79.168 82.3726 99.0954 85.7127 88.2177 93.8822 83.1174 86.3897 92.9795 89.6169 93.9499 103.451 91.6254 91.1064 89.3009 110.402 106.904 107.242 104.873 86.322 108.619 100.427 87.8792 97.4931 96.2518 86.7056 97.8767 95.0783 93.6791 98.96 97.7864 100.878 95.9585 95.5748 110.65 123.085 108.754 114.803 121.934 121.122 138.837 155.064 169.462
160.801 156.637 150.038 134.111 134.543 117.068 112.768 108.376 92.7444 101.505 94.3371 98.1143 86.6236 87.9206 86.9422 79.8202 91.9935 85.7362 89.7864 80.3891 82.3459 88.0116 84.3482 72.9258 75.315 88.7625 82.3914 91.5157 94.7922 99.7753 108.467 106.692 106.442 92.1073 95.0197 101.596 108.649 92.6078 94.4736 93.8593 91.7659 97.1586 85.6224 94.1096 91.3564 93.336 84.0524 102.483 94.7239 86.8511 72.2432 89.6954 91.9707 83.2333 85.0991 89.7181 89.3996 77.6359 85.0536 73.0168 88.2846 68.5116 80.1388 86.032 91.3564 81.3902 92.9264 77.2718 65.9632 71.4468 87.1697 75.2922 71.3786 76.7712 69.6265 68.0565 67.7835 83.1423 92.3348 69.8541 76.4527 81.1399 74.1318 65.5991 70.787 74.9737 76.8167 86.0775 100.503 86.1913 92.221 100.139 110.424 99.1837 99.0472 87.3745 77.9317 79.6609 64.8255 79.2286 62.6184 73.3126 88.6942 88.8762 85.1218 89.6954 96.8855 95.27 87.1469 82.8692 80.2525 82.2094 83.2105 81.6405 81.4357 82.5734 80.9352 76.1796 85.7817 70.1726 77.9999 75.9976 76.7712 69.8768 74.6324 71.4468 71.3786 91.6294 71.5834 69.6038 78.9101 80.3663 79.5927 76.4299 91.948 84.0524 84.644 63.392 74.4048 76.2934 88.8307 75.5198 85.0763 92.0162 80.6394 92.5168 80.4346 85.6679 87.3972 88.4667 84.9171 76.1569 86.7374 98.5466 97.3179 94.997 86.3506 99.2747 108.444 114.156 93.9503 100.594 108.285 109.65 93.6773 110.743 112.267 105.373 102.756 87.602 87.4655 100.412 75.9521 100.503 83.2788 73.2444 82.8237 73.2444 80.7304 82.4369 89.3085 77.5904 73.745 87.784 80.9807 79.6837 91.6977 92.9036 73.1761 107.534 93.2449 102.915 102.619 112.881 117.318 136.477 135.339 151.904 151.654 175.636
171.772 167.207 147.617 143.809 135.872 123.76 118.162 104.353 105.087 102.54 100.04 102.403 99.7877 97.8378 92.3093 97.402 91.3 86.8268 97.2414 85.6798 85.198 90.8641 95.1309 87.7902 95.4291 85.1522 86.5056 95.6585 92.2635 107.541 92.0799 76.091 112.542 99.6042 100.728 94.2592 107.587 114.584 109.078 109.652 101.761 96.4614 110.019 113.46 117.543 104.215 98.3425 97.0808 84.074 91.2771 81.3671 88.7537 87.7214 76.1827 80.8395 54.1606 65.2634 76.7562 68.9109 63.6347 70.6772 80.8166 64.6899 61.2719 64.8046 55.17 60.0561 59.3679 62.9924 60.5149 61.3178 75.5175 52.4172 58.5421 65.9287 58.6109 69.7596 65.8369 62.4419 58.9321 51.1096 62.0978 60.3314 58.0604 80.6789 77.3985 83.2711 80.4036 85.2898 81.8488 83.3858 83.5234 85.8633 72.2601 70.8607 61.0425 69.8973 59.2303 59.1844 64.4606 55.2159 65.1029 61.7995 80.1284 67.8097 77.5362 93.7087 75.2422 92.0799 92.1946 90.5201 91.1853 86.3909 73.6594 72.3747 73.5447 73.5447 72.283 73.4529 71.6177 70.1725 67.1904 58.7027 60.5837 67.3739 56.2023 56.2252 51.339 62.0519 55.17 57.2575 46.017 62.0748 68.2227 63.2447 69.5302 57.5557 66.5939 56.3399 59.0697 75.1734 80.4954 64.5523 71.6407 72.3059 80.0366 78.4767 73.4759 67.0986 90.7494 104.33 79.5549 95.9568 104.628 110.386 104.169 105.591 102.449 109.744 99.6501 111.556 96.4385 111.762 95.9797 95.5438 116.052 93.4334 103.504 99.8106 102.105 90.6806 102.288 101.416 82.9729 88.1343 89.2813 92.2405 84.2805 98.159 87.6755 93.5252 92.8828 79.3484 91.4835 105.247 93.3416 85.7257 94.6951 85.4045 113.46 106.004 112.06 122.177 123.209 110.707 144.291 133.853 139.909 166.221 164.822
177.235 159.752 145.136 129.295 144.581 130.498 118.334 124.462 116.738 110.795 127.815 108.875 102.84 105.545 105.175 102.886 90.6987 93.52 90.7912 105.939 83.4373 87.1605 93.1732 81.7028 94.3988 88.4555 71.3888 84.9867 71.9901 80.4309 101.267 88.8255 99.1858 79.6447 91.67 96.2951 73.447 75.0889 91.1612 81.1016 85.3104 81.0785 90.8143 86.3048 86.8136 95.6245 91.8087 76.8696 90.745 88.8718 73.9789 85.8655 77.0083 76.4533 81.0091 75.6671 55.0621 70.14 72.4757 61.9304 58.9472 57.3516 41.418 52.9577 47.9394 55.4321 51.3389 45.9044 50.0207 47.2457 53.6515 48.4019 59.4329 60.8667 58.7622 56.9122 69.4463 72.6838 76.8002 67.7812 66.6249 71.4351 75.5746 79.3672 83.3216 74.3489 74.927 65.8387 86.2817 66.2087 75.6439 76.4765 60.9823 47.7544 54.6921 56.5422 46.575 56.889 39.2211 49.1882 43.7074 54.1371 41.3717 47.7544 52.0558 46.9913 58.8778 60.3116 51.9402 68.1512 63.5492 64.7518 71.2501 80.6159 71.8745 78.2571 70.5563 78.4421 62.763 61.3523 68.7525 83.3679 71.5969 63.2023 56.6115 63.688 49.3732 51.362 39.4523 42.2274 52.1945 49.4888 53.4665 53.6515 58.2072 66.9949 45.7194 62.6936 53.5358 65.8618 61.3754 63.8499 55.8253 82.6047 66.4631 80.8934 78.0259 67.9662 80.2922 106.725 92.6413 88.2243 103.325 86.1198 78.8584 86.513 98.1683 90.4906 86.3742 81.5641 93.4507 84.2004 78.974 79.1359 82.2579 76.4302 80.8009 72.5682 79.529 83.0673 91.4387 84.5935 92.1556 87.1836 87.3224 83.7148 77.2627 75.112 86.9986 91.8319 99.4402 94.1213 101.059 112.044 92.5719 101.868 97.0583 114.772 115.443 120.785 133.481 128.301 130.706 133.805 145.46 142.916 148.883 140.997 153.901 175.593
177.284 168.892 165.442 154.089 142.434 153.32 134.974 132.689 121.313 128.703 123.225 131.058 120.241 105.182 95.8571 101.032 101.312 99.6336 109.564 86.1828 90.1924 90.612 84.178 76.1822 62.8013 93.6192 66.065 59.258 64.0835 66.9508 66.1815 65.4355 63.4541 59.5144 55.5048 68.3029 60.6101 53.4534 51.2621 63.3375 66.8575 61.426 62.8246 60.2138 69.0488 73.7578 65.3423 66.1582 69.5151 69.9813 71.2401 78.8164 74.5504 75.4362 80.2151 73.4081 77.3011 70.9604 75.6227 84.5976 55.7379 66.2748 66.1815 70.4242 68.2796 60.4702 60.5168 57.8127 59.5843 66.9508 69.4684 70.261 62.2652 62.102 78.0704 95.3676 80.0286 53.4301 61.9854 77.3244 78.0471 77.2778 82.4996 68.3495 65.319 68.6292 55.5048 59.2813 53.5233 62.1719 48.6978 43.1963 44.222 51.8682 46.2734 39.7229 32.4497 38.8604 35.6434 34.0349 36.6924 30.9344 34.7342 44.0122 46.39 39.21 43.8957 46.4133 46.8562 54.7822 51.775 56.787 52.2645 57.9059 70.1678 60.7965 76.0656 74.224 77.7907 76.2288 70.5408 66.368 73.7345 67.8133 78.2569 82.6162 67.79 57.5562 62.5682 62.102 56.4839 53.9896 51.9148 55.0153 55.295 59.188 53.8031 62.0554 63.0811 79.8188 65.0159 74.9933 77.1846 68.5127 76.9281 86.0196 73.6179 88.4674 62.2885 68.9789 60.0039 58.3022 66.6944 87.6048 62.6382 54.8055 58.5586 65.3889 55.4349 64.7828 54.9687 63.3142 64.2933 54.7822 55.2251 57.7894 70.3077 68.2796 60.4935 66.1349 71.9395 62.8946 74.8301 94.2953 75.3896 74.2706 75.9724 83.5253 73.7111 81.0077 79.2593 91.4746 99.5637 93.0831 113.83 101.778 113.667 104.109 118.563 115.882 125.929 130.591 138.89 140.475 143.366 144.065 153.646 152.061 173.251 181.061
171.884 157.809 153.298 157.316 128.085 140.632 148.034 141.431 124.607 125.289 116.336 115.232 112.294 106.561 103.318 102.332 111.778 99.3944 83.7685 108.159 101.603 85.5309 86.5882 80.2674 78.6226 62.8793 65.9574 74.3226 71.0564 73.8291 72.8187 69.6231 58.1093 64.3126 64.1481 64.7591 51.8355 49.7912 61.5164 63.1377 43.7993 50.3786 49.8147 51.812 46.431 61.5634 54.7491 52.8458 49.9557 50.1201 53.4333 53.8092 65.3465 57.9448 65.9809 74.7925 72.6072 72.9832 62.2448 65.276 84.8964 78.9046 84.8729 79.257 101.439 100.358 66.2159 84.6379 81.1368 85.9068 93.5435 92.4861 96.2457 85.7893 83.0636 59.7776 64.7356 71.1504 64.8766 59.6601 63.4667 54.0207 56.8639 55.736 53.8797 45.3032 48.5693 53.1983 42.319 51.248 45.0682 44.4572 45.2797 37.6665 33.2959 35.4812 33.7424 36.7266 36.8676 31.4866 32.779 34.8938 33.9774 30.4057 40.2042 33.0375 47.7234 43.5173 34.4003 40.4157 44.3398 44.4807 47.9584 44.3868 42.9064 52.0469 57.4044 53.0338 69.6466 60.835 63.6547 70.516 75.192 72.9597 69.764 71.9493 79.492 85.9538 84.5205 81.1838 89.8779 79.586 99.6293 105.997 75.4269 72.0903 74.44 81.9827 82.8286 83.6276 71.4559 81.7713 70.6569 63.4667 65.5815 74.816 67.2028 57.1929 51.3655 75.1215 53.4098 53.5978 67.0148 50.6606 56.7934 50.2376 54.5847 56.5115 56.0415 46.807 53.5743 64.9941 52.7989 63.8427 57.0754 70.0695 60.8115 62.3858 66.0279 65.2525 69.8815 65.9105 76.7898 73.4296 72.2078 67.7668 86.3063 81.6538 103.201 84.8494 88.8675 103.929 87.0347 97.7026 103.741 106.843 117.628 108.018 120.19 121.153 122.163 133.724 117.957 141.196 149.632 140.985 152.217 159.36 153.509 179.121
164.387 170.142 157.211 149.75 123.177 122.23 132.39 122.443 120.501 108.423 112.473 100.252 101.673 105.296 90.2575 102.691 106.694 113.254 85.7577 110.862 87.6286 93.36 93.7153 100.773 76.1185 93.9995 74.6028 86.3261 70.8371 70.4345 83.6025 86.5155 80.6184 67.332 69.0135 51.9614 66.0531 54.6613 56.2481 61.269 68.1372 54.7324 63.5189 51.5114 49.8536 60.6295 53.0035 48.0537 46.7984 47.3668 48.7878 59.4454 52.6956 52.1509 54.3534 62.8321 62.9268 50.1141 68.9661 84.8814 72.2107 84.6682 79.7894 104.325 102.904 106.196 92.6969 101.294 117.375 110.175 101.744 93.4311 94.3074 93.2179 78.4158 79.3158 79.3158 72.116 60.7716 61.6006 54.614 51.3693 57.1718 43.0565 39.8118 42.7959 34.3883 44.6906 38.8171 43.2933 39.8592 33.2752 33.7962 43.2222 30.8595 35.383 32.1384 34.5541 33.6778 28.0885 29.5569 28.9648 29.1069 33.0857 34.2699 33.9857 31.7358 39.2671 46.0406 40.4276 39.1013 41.2091 43.7196 45.4958 47.6274 45.8037 49.4747 46.4905 57.9296 59.0664 55.0639 70.5292 66.8583 67.0004 80.3105 89.2628 101.839 101.081 96.2257 93.7863 103.568 110.744 109.986 111.999 106.931 101.483 80.2868 80.7841 92.7206 77.8237 71.3345 85.5682 68.2082 68.1135 62.2637 44.1696 57.9533 59.3506 46.9168 53.5008 55.4192 58.2375 51.5825 56.2481 59.6822 61.2216 56.8876 61.1979 54.6613 66.6215 58.7349 60.0375 73.4896 56.6981 61.2927 72.637 69.9845 67.5451 84.384 71.2871 86.2076 80.9499 91.7259 90.3522 77.5632 86.3734 85.4971 90.1865 93.8574 97.7415 87.5102 112.378 116.451 117.92 106.836 92.8153 105.723 101.483 112.094 104.041 105.06 107.262 121.685 111.478 134.924 137.34 129.975 140.987 170.189 161.237
161.309 146.391 137.106 130.78 129.181 123.214 102.399 108.701 109.441 93.5678 94.7852 89.4623 95.3819 97.7211 91.9447 88.2927 96.8618 81.0364 89.5578 101.063 86.2399 75.1646 79.3178 71.3216 64.5666 77.5754 73.446 74.9736 88.1495 79.9862 79.5327 84.1633 71.3216 78.0766 69.2688 91.4912 75.3555 82.8505 71.0352 84.5691 83.1847 61.4158 65.6884 72.0854 62.0126 63.397 53.8254 64.1608 57.549 64.8053 57.5013 54.0402 68.2663 73.804 72.5628 62.3467 71.6558 65.4259 87.2425 79.1985 92.3266 109.393 86.3354 103.903 91.6344 102.686 100.753 95.6683 104.285 110.778 107.293 95.3819 77.3128 91.1093 100.562 83.2085 86.7889 87.9108 68.6005 75.6181 69.0779 69.245 50.603 54.255 59.1482 52.1068 45.7337 45.6859 44.8266 41.8907 42.8216 38.6206 39.8857 35.6369 40.005 33.799 35.1834 28.6193 24.8003 26.4472 28.5239 30.5766 28.7626 30.4334 35.0641 31.6746 38.5251 34.3003 29.5264 39.2889 44.6118 42.7739 49.3618 45.6382 60.5327 39.9812 55.0427 59.0289 69.1734 63.1344 84.402 73.2312 90.1545 87.696 82.0867 95.2626 102.423 97.4824 108.82 88.9372 93.4724 100.299 89.6533 97.2676 101.731 98.6997 100.18 95.549 71.6319 87.3141 80.2487 82.3492 88.1972 80.1533 65.4736 73.7085 77.3606 64.9724 73.804 68.9108 65.951 57.7638 63.3015 76.6206 63.6834 73.6608 84.2827 74.3769 90.8229 64.495 73.9472 72.5628 74.2337 73.6608 73.995 85.2852 80.6545 72.9447 71.6319 80.6068 80.9887 80.6545 77.4083 92.8756 83.7098 84.951 77.5515 88.7462 86.7173 74.1621 81.9912 97.6256 92.1834 85.858 80.7977 88.603 84.8078 87.3379 91.5151 92.804 100.347 108.653 109.083 108.462 127.009 118.487 146.391 139.803 153.575 165.486
163.191 147.122 136.682 137.668 124.101 114.696 108.104 99.1318 80.3446 96.173 99.2521 73.6091 77.7948 67.8599 63.121 77.2415 71.7328 76.9047 66.6331 59.2241 61.1485 64.6125 75.9906 57.9973 63.7465 74.3789 77.3377 73.8978 75.3652 83.5199 64.0833 60.9801 59.0316 66.2482 65.5506 61.7018 71.6847 67.5953 56.7223 65.9115 72.0937 80.056 55.255 75.1246 68.4854 73.561 81.7398 74.3789 73.1762 83.3034 85.9254 93.4066 84.6986 98.6266 88.1626 80.3687 116.235 108.249 85.2278 103.005 84.9151 106.637 87.1763 80.6092 86.2622 83.8326 72.4785 82.1728 64.5884 77.7226 80.9219 68.8943 86.1179 73.0799 73.537 71.4923 88.7159 88.0904 75.726 77.9872 85.6368 80.2243 63.9389 73.4889 69.3995 61.1966 53.547 47.2446 65.4304 46.7153 39.9077 53.7395 35.0485 39.3785 49.4576 32.7873 29.1309 30.3818 28.7461 41.3751 33.0038 33.9179 37.3578 33.9901 39.9077 44.2136 34.6396 48.6638 48.9765 55.6158 50.7566 60.7155 66.4888 62.3753 70.3857 70.0971 66.128 87.4169 84.1454 90.8327 84.6024 80.7055 85.9736 73.97 77.6264 72.0696 82.3412 79.3584 86.8155 57.7327 71.3479 64.0592 68.8462 68.8462 84.0251 83.135 84.6505 79.8876 90.9289 104.881 98.5064 102.331 97.472 96.4135 99.7813 112.507 95.9324 85.5887 87.3207 92.9255 78.4683 81.3549 89.7743 76.3996 66.2723 77.2655 81.6917 70.3136 82.7261 79.1178 61.798 56.7705 76.7604 67.0661 91.0973 69.9046 69.4235 73.3445 64.9733 63.097 73.2483 65.5747 70.8909 69.207 66.152 64.5163 74.1143 77.1693 68.317 68.5575 67.7637 74.6195 76.0628 72.9115 71.4201 70.8428 70.915 96.4857 88.0904 84.7948 88.4513 86.6952 92.3001 109.62 111.833 119.098 143.201 128.936 144.957 162.566
163.943 156.21 144.841 131.848 115.921 102.274 98.5405 83.4867 89.1349 104.795 71.0752 77.4991 76.0931 77.4264 66.2755 70.0813 60.4333 67.5602 76.6265 70.4692 66.5906 70.5177 62.7605 65.4755 59.3182 48.0946 61.403 76.0447 60.4576 51.1974 58.9789 50.6399 72.6994 55.7305 56.9184 57.5001 58.688 58.1789 61.7424 57.5244 66.6391 60.9909 62.009 72.0206 64.3119 79.7778 78.1294 82.711 88.141 87.2199 101.91 90.4197 115.824 113.376 99.9223 114.152 108.94 88.941 103.946 87.8259 101.037 96.6254 75.8265 76.6507 87.1471 77.5961 97.4739 79.4142 85.8624 60.1424 60.6515 73.16 76.1174 64.4331 70.3237 71.3661 73.4751 60.3606 77.4022 62.4453 74.5175 74.9781 71.1237 71.5358 77.6446 101.013 90.1046 77.8628 71.754 62.2029 65.3058 56.8941 53.9852 49.3551 52.5307 50.9793 51.0762 43.8281 37.7678 42.4706 42.5676 38.2284 45.5977 36.6769 48.846 57.185 56.385 52.6761 58.9789 54.7124 72.1418 77.0628 78.5657 77.4991 84.9412 87.2199 74.5659 80.1657 81.1838 65.7422 90.4682 75.0023 75.075 79.2445 57.5971 73.9357 64.3846 60.9424 59.9727 74.8568 77.4507 65.5725 94.2498 78.2749 84.0443 85.7654 91.5348 90.9045 88.7471 101.959 97.6921 93.6438 107.704 95.4619 98.492 110.201 96.4315 106.08 111.558 94.7831 88.6016 66.7118 72.2146 77.4507 89.0379 71.754 73.6205 81.0384 65.3058 64.4331 61.0151 59.8515 53.1852 52.3368 67.1239 65.5967 52.8458 58.9304 51.1005 69.3783 66.3239 58.0819 47.1734 59.0031 52.2156 61.0151 57.9122 51.7792 66.3482 59.3182 82.6625 65.7179 69.1844 69.3783 73.4993 71.2934 80.7959 83.8018 76.2144 75.7538 80.699 82.8322 102.298 101.546 102.395 121.958 146.053 139.799 142.975 162.998
166.276 137.403 123.381 123.113 113.146 106.942 87.6201 109.287 94.3865 83.3942 76.9699 79.9744 78.6798 86.9606 72.5242 76.7745 68.3471 63.8037 61.2877 55.9626 63.6571 61.0678 55.7916 43.3093 60.5793 53.4954 57.99 55.3519 44.9215 41.6483 59.9442 66.2464 64.9762 48.9031 46.1917 56.8419 50.0023 59.2358 53.3244 58.7473 70.399 69.1044 64.5365 55.8893 73.8188 83.7606 87.1804 83.0034 87.5713 101.25 83.7118 87.3026 77.3119 99.9314 88.4995 83.1988 84.4446 75.0402 89.8186 72.0112 68.5181 72.5242 67.4922 75.0157 80.3653 82.295 64.6342 69.8616 73.0127 81.7332 74.4539 66.1243 79.1928 70.4234 63.1197 71.0585 80.1454 75.5287 61.7029 74.4783 70.8631 68.8112 66.8326 67.0525 66.222 75.6508 73.5257 82.6614 75.8707 84.3713 70.8631 83.1744 66.6128 78.3378 68.5425 72.573 67.4677 57.3061 48.2192 52.6161 58.8205 57.0374 63.6571 57.6236 49.5138 73.7211 92.872 81.5622 78.0936 67.2968 94.1666 70.0326 72.744 77.2386 86.7896 99.8581 81.8798 72.0845 72.4997 65.7334 60.4816 73.3547 67.9074 70.0082 60.2617 74.6005 87.2049 67.3945 64.6342 70.1792 76.3837 61.2388 69.0799 72.7196 71.5715 77.3119 77.1165 68.8357 70.3257 75.4798 82.2706 85.666 82.466 75.7974 77.947 90.2338 87.7667 88.1575 82.6126 89.2568 90.6002 87.0339 110.142 85.1286 68.1029 66.9304 67.5655 59.6511 53.642 59.1137 56.5977 51.7611 62.509 56.8908 56.329 49.7092 58.6007 45.0192 58.6007 49.123 58.0633 47.2909 54.9611 54.4237 48.952 50.1978 53.2512 55.5717 60.9701 51.3214 68.1517 64.7808 53.3244 59.4801 60.4327 59.4556 80.1943 71.3761 76.2615 78.3378 82.2217 93.7025 103.693 100.786 119.131 115.662 126.581 144.364 159.582 158.581
158.877 150.509 133.969 123.73 119.3 105.393 91.4868 97.8123 100.052 90.9207 85.8504 89.9361 72.4363 70.1226 82.1092 78.8603 69.0396 69.2366 69.5565 67.0214 54.0503 53.5088 53.3611 57.5453 49.5215 58.1607 54.1734 49.8661 60.1297 41.1777 53.8534 51.0475 61.4588 50.826 46.8879 46.7156 56.5116 62.0249 54.961 65.9384 66.603 68.5966 76.9651 77.4819 81.9369 86.8841 83.0199 86.638 81.0262 75.2668 63.4279 68.3997 64.2893 63.3786 55.8224 65.6677 52.1797 60.2282 62.7879 57.9145 56.7331 54.5672 50.3583 52.1797 61.3604 49.1769 66.4799 65.0277 60.3758 57.0039 65.4708 54.3703 61.8526 67.4398 69.5073 52.5735 69.4335 72.3624 52.032 73.7654 71.3041 65.9876 72.2886 77.7527 84.6936 73.6915 73.1993 78.9095 81.7646 88.8286 90.8468 79.5987 78.7864 98.8215 98.1077 80.7062 84.029 73.2485 82.1338 72.1655 84.6936 73.7407 79.6233 75.0452 103.276 88.5332 86.6626 78.5649 81.9369 89.4439 84.9151 95.3018 63.9447 85.5796 71.6486 76.1282 81.5431 69.0643 76.9651 67.489 75.2914 64.2401 74.7007 66.3076 75.9313 60.302 59.6128 63.7971 62.468 62.7633 50.0384 53.0165 60.745 58.5299 57.1023 57.0531 53.2134 56.0439 57.2992 50.3583 53.5826 51.9582 58.5791 52.9919 62.6156 57.8899 61.0404 55.9455 73.1746 71.2302 74.1592 72.5593 80.7801 90.8222 81.0262 93.5789 84.472 78.6634 65.52 72.6085 56.6347 61.065 52.1797 63.6986 58.1361 54.9117 61.6803 47.9955 50.0137 55.6009 50.4568 51.8597 51.3182 59.7113 68.4735 51.0721 56.7085 50.0876 66.2338 61.4834 62.7633 69.1873 68.1536 64.9047 61.5327 68.3751 74.553 81.8877 71.9194 92.9389 83.3398 87.9671 95.991 94.0219 101.873 112.506 107.018 138.252 156.834 151.37
168.633 142.495 135.254 128.112 111.372 110.529 100.337 94.4098 93.8394 78.216 75.0418 73.529 75.5129 74.521 74.5954 70.8755 62.7415 63.5102 64.1302 63.3862 61.6999 62.1215 57.0377 57.9801 50.6891 56.0705 54.7562 68.9164 53.541 59.3192 58.3768 58.3768 49.722 53.2186 61.3031 64.2542 59.3192 58.6992 74.5706 74.9922 73.8762 59.2448 74.3474 84.0686 67.5277 56.7897 75.6369 67.8253 57.6081 62.6919 62.8655 57.9305 58.972 49.2756 43.9934 51.8547 46.2253 43.4478 42.0343 48.8788 43.299 46.8701 38.2153 46.1013 42.7535 55.6985 54.409 49.1268 46.2749 41.2407 46.2997 49.7716 41.1415 47.8869 41.3399 62.8407 56.0457 55.8721 50.5156 70.6027 64.899 57.8065 61.1791 73.2562 76.5049 74.4466 88.0364 79.4312 71.4211 76.5049 85.1597 81.7375 96.0713 82.3575 70.6027 86.8957 101.477 85.2093 94.0378 95.7489 78.216 88.1108 88.9292 76.3809 88.706 93.8642 91.6819 98.4272 80.4479 90.8635 103.933 80.6959 66.9325 70.5779 71.2723 63.1878 68.222 80.2991 65.2214 66.4861 60.0384 60.8319 70.3795 58.3272 51.7555 60.1624 51.8795 48.5812 47.6389 47.4405 45.9525 46.0269 47.8373 43.3486 49.722 43.3238 43.795 47.2421 48.5316 40.4224 40.2736 41.0919 44.787 47.0685 43.6462 46.0269 47.1181 50.6395 65.4693 62.2207 63.6342 59.5424 63.659 69.6852 67.1557 73.0082 77.844 68.718 76.8025 79.8032 71.9419 70.8011 67.6765 69.71 60.088 59.22 66.3373 59.0216 55.7481 57.6081 54.3842 58.0792 55.9217 52.0283 45.7541 53.7146 62.5679 59.0464 58.9968 61.4767 74.8682 60.6335 73.8762 56.5665 70.7515 67.6765 70.9003 74.9178 75.5873 85.8541 76.6041 74.1242 91.6075 103.809 112.017 116.357 133.096 138.651 154.771 166.401
172.046 152.908 132.195 128.822 113.132 101.364 101.963 87.9219 99.7148 87.6721 74.9048 77.7281 73.7555 78.1029 77.8031 61.8877 74.6799 50.8193 63.3368 62.5872 55.3666 52.9181 49.2453 51.7188 56.0912 60.7384 49.2953 55.9412 62.7122 50.5695 65.1857 72.4063 74.1053 70.2326 80.0767 90.2705 69.533 77.6282 81.4259 81.9256 72.2564 67.8591 69.3082 64.8609 61.4629 62.0626 46.1721 51.5689 51.4689 40.8753 43.7486 56.2411 39.9509 39.3513 50.8943 46.7468 41.3001 43.4238 37.2275 41.1502 39.4262 41.6499 46.7218 37.6273 39.8759 34.7041 44.2483 42.1995 40.6255 43.6487 45.6724 45.7474 41.8997 47.5463 59.5391 52.2435 66.4099 59.8639 67.4093 57.7152 76.304 77.828 67.2094 74.7299 71.307 89.496 75.8542 76.279 89.6209 76.9286 77.5532 93.5186 66.4349 97.6911 83.0749 90.3705 94.7178 97.741 96.9415 85.8232 89.496 79.7769 99.6898 97.0165 80.7013 89.1212 72.906 90.3705 88.3467 78.4277 81.1261 95.4924 77.0535 73.2308 71.9566 84.449 74.4801 73.5556 69.4331 63.5866 45.3476 48.021 53.1429 65.6354 48.6956 39.701 38.2269 50.9692 53.3678 43.3239 48.021 40.9753 34.3543 45.5975 36.9527 38.4518 37.8272 37.1526 33.4548 40.7254 48.5957 37.4774 43.7986 39.4012 46.2721 46.372 43.6986 45.7724 53.5427 45.7224 51.9187 48.6956 44.2233 54.1673 61.4129 60.4135 75.0047 64.9608 63.8865 74.1553 61.0382 84.6239 75.8792 71.8067 79.527 64.8359 90.8202 70.4325 68.2088 74.4801 69.658 58.3898 64.4611 66.9596 67.4593 54.9169 54.4671 48.9205 53.4677 75.7043 67.2594 63.1619 59.1643 73.3807 69.1583 69.7079 72.7311 74.53 74.0553 88.2967 86.9725 83.1248 84.9987 114.056 96.3918 114.106 117.954 142.814 155.606 165.5
155.858 148.76 132.827 129.705 117.347 104.66 116.969 103.049 84.5489 80.5719 67.2565 85.153 64.2864 68.2885 62.902 63.6571 67.7851 63.9088 52.154 63.2544 60.3849 54.7718 70.5036 61.3414 68.8926 71.7118 69.9246 72.7689 78.1052 74.9588 90.5899 77.1487 83.6176 70.1763 77.3752 79.3134 80.7733 66.0232 66.0987 62.5244 65.9476 51.5499 47.3212 56.4079 57.2134 45.9872 51.3485 42.2115 38.3856 42.866 49.1083 37.4291 45.0558 36.976 35.3902 47.5981 43.0925 40.5754 41.2802 41.7081 44.351 40.953 40.2482 42.5136 44.8041 43.5707 47.5729 52.7581 44.6279 51.8771 58.8998 54.8976 54.6459 49.1838 70.8056 58.4971 64.8653 69.4967 73.952 65.6456 71.3845 69.6478 68.943 82.6107 81.0753 85.4299 80.144 65.6456 66.5266 73.8261 67.6844 91.5464 89.0293 72.6934 87.5946 93.5852 89.3314 82.8625 77.3752 85.6564 63.1285 89.3062 89.5327 69.8239 68.8926 80.5719 89.9606 84.6496 73.8513 83.9951 88.8783 81.8808 78.9861 61.8951 81.1508 88.7273 79.0113 71.8376 71.888 68.7919 74.7323 61.6434 60.2087 61.0645 70.277 62.6754 55.5269 55.6528 66.3252 56.7351 41.8843 60.5611 46.3395 45.3579 36.3215 38.6876 53.2615 31.7153 41.7836 39.4427 49.2342 38.7883 38.8638 37.9325 38.6624 39.0652 37.8318 34.4841 43.9483 45.2824 47.3967 42.8911 51.8016 50.9458 47.1702 49.939 54.4697 57.8678 61.291 66.9545 62.0462 76.9725 77.4255 86.3109 61.4421 80.3705 85.0775 82.9883 73.5744 78.2058 74.3547 69.7233 76.4187 79.263 70.1512 70.4281 66.2749 67.8103 58.1447 58.1698 59.3025 58.4719 57.4651 62.0965 74.4302 77.9038 73.2975 84.7251 71.3845 80.7984 84.8258 94.9193 88.2238 102.043 114.88 111.608 132.827 140.881 142.24 154.121
164.54 141.744 140.426 127.697 107.614 90.118 102.036 102.289 94.1497 86.847 88.6473 75.5125 77.2621 80.0514 72.9261 71.8865 63.6202 69.5283 60.6788 58.1431 64.4823 65.8516 89.4587 80.4317 87.9373 80.1782 92.3241 88.4191 71.5061 79.2399 94.5047 72.3936 73.205 70.9736 59.9434 66.9926 66.5616 65.5473 66.0544 58.9799 50.4093 47.2904 52.8435 45.7944 51.8293 52.0321 45.6422 40.4948 45.4647 50.9925 33.6738 42.2698 42.2951 46.8086 40.4441 49.9275 39.9116 48.7104 45.8451 57.0021 58.1431 56.4949 57.1035 43.4615 55.1764 56.0892 60.9324 62.5805 56.5456 59.0813 66.6123 46.4536 67.7787 63.4934 72.9261 64.2541 65.1923 74.1686 54.3903 79.9246 68.9958 63.8991 83.0942 73.6868 72.5458 80.5078 91.4366 70.1622 77.6171 89.2052 64.2541 78.7582 74.8025 74.5236 69.0719 62.4791 68.438 69.1479 67.2715 66.1558 62.2002 53.021 66.9419 72.5711 85.3509 77.6678 76.1718 72.0386 67.373 77.9975 85.3509 73.9404 86.2384 53.7564 70.7201 76.045 60.9324 74.7011 69.7819 67.7787 76.2986 76.0196 42.6501 58.5235 66.9926 76.3493 64.2541 74.1179 74.9547 75.0307 63.4427 55.2271 55.6581 57.9149 53.1985 52.5393 56.0385 64.0005 48.8879 63.8484 51.7786 48.5582 43.0812 41.5598 37.8577 45.9211 41.6358 42.4219 43.9687 47.4933 45.7944 39.2777 43.5122 47.5693 50.2825 49.8768 46.3268 52.9703 59.9942 58.5995 52.4885 52.1335 57.3063 67.7787 67.449 77.11 82.9167 90.473 82.3081 77.4396 87.7852 85.6552 88.4445 87.7852 75.0307 82.6378 73.1797 72.064 76.2225 67.5505 68.7422 74.0672 65.2937 59.2334 68.083 77.465 71.2779 72.6218 82.156 69.0465 82.7138 100.033 93.0594 98.6379 104.242 112.457 137.789 135.202 138.904 155.488
145.619 150.293 142.069 143.346 110.089 105.466 107.382 111.264 84.0611 85.8491 77.0368 85.0572 86.7431 76.8836 71.2386 87.1007 85.2616 79.5145 73.231 72.6946 85.9768 107.611 100.817 86.9985 102.324 90.5489 79.9487 94.457 93.9716 84.0611 66.7687 83.4225 64.8274 74.0739 63.8057 60.3319 52.2348 48.3524 51.2387 53.4098 51.8006 43.4226 55.3766 47.1263 49.5784 49.4252 55.0701 41.2515 53.6142 48.8377 37.2413 42.5286 51.7751 62.3242 51.6218 49.0165 52.2604 55.6065 62.4775 66.1045 49.9871 66.973 55.913 62.4775 64.0356 62.2476 63.6269 73.7674 61.7112 55.632 69.5017 64.6742 57.5988 62.6818 67.867 63.2948 66.5899 69.5017 60.0254 77.4966 64.6997 64.7763 54.738 73.6907 75.6831 70.0381 74.0228 75.1211 75.9896 70.0892 68.5822 61.5579 71.6473 50.9833 54.0228 55.0445 45.5937 42.9373 47.535 49.0676 52.7457 45.2872 35.0957 49.4762 51.8262 70.8299 50.0382 71.5196 65.3383 67.8925 62.9628 68.2757 59.8977 72.6946 65.466 72.2093 82.1965 75.0956 65.3383 77.3689 81.6856 65.3893 61.0726 69.2974 62.2476 64.0611 71.0343 54.3294 71.2386 67.0496 76.3983 76.9602 60.1786 68.0969 60.8683 73.9462 62.8095 66.4111 64.9296 73.0011 43.3204 56.2195 52.4647 52.6946 42.8351 60.4596 47.4073 43.9079 39.6934 32.5925 41.5069 47.9437 32.7202 56.5516 46.3345 44.7508 50.3702 47.2796 41.4558 61.9411 43.678 42.5031 59.0037 51.6985 64.2144 64.0611 63.2948 77.1645 79.7954 88.2501 75.7852 73.8951 86.1045 85.9001 93.6651 84.4442 91.6728 84.1122 83.397 83.116 87.4583 81.8644 77.5988 78.6971 78.5438 78.314 82.7073 75.6831 87.6371 83.6779 87.2795 100.281 95.3765 107.126 114.278 113.41 122.912 125.772 158.109 155.53
156.996 147.142 133.609 109.218 114.132 116.036 111.585 82.4346 92.5717 85.0846 93.0348 84.3385 89.7158 85.3934 87.606 80.1447 83.8754 102.091 95.5305 104.355 91.5168 103.429 88.7895 92.16 96.8941 98.3091 85.9337 73.0179 74.3815 67.5377 72.632 69.0814 69.6732 65.5309 56.5773 53.5413 58.1725 53.953 50.351 45.5397 43.6615 51.9461 47.8038 43.044 53.953 51.9204 54.2617 56.3457 51.0456 58.5841 64.0386 64.0386 54.7763 55.5224 78.318 54.2103 73.481 70.8567 73.0951 60.0764 61.3885 65.4537 55.3938 66.1741 52.8724 63.7298 55.9855 55.368 58.3783 72.0917 59.7419 54.2617 63.3696 61.9031 64.5017 55.6768 66.277 47.3664 62.2633 63.8328 66.0969 62.9065 80.0675 66.0454 69.6474 66.0454 65.1964 51.7146 57.9152 48.3441 32.2123 60.488 42.6581 49.7849 40.008 39.0561 43.9703 35.1453 31.3118 32.4181 30.5142 37.8983 41.7319 35.557 45.4625 39.7765 51.3801 50.2223 57.8894 52.9495 53.6185 65.5566 53.8243 52.6923 64.4245 71.9116 65.711 78.2665 74.433 69.3902 78.5238 76.9544 75.1019 48.3441 51.8947 52.152 67.3319 62.2633 50.1451 59.0472 51.8175 66.4571 46.9033 66.9202 69.6989 75.2306 65.2736 63.241 62.8036 59.6647 60.488 71.1397 54.9821 72.8121 64.3473 64.8362 66.0454 60.1793 66.843 48.3956 50.634 63.8842 65.7367 62.9323 60.1793 63.8842 51.8947 40.8571 49.0903 52.9238 54.0044 50.4024 37.1007 55.2651 46.8261 59.2016 50.7626 57.1948 65.1964 63.5755 72.9922 69.9562 76.0796 73.5067 88.0691 70.5994 89.8444 93.6523 99.8529 94.7329 115.908 89.4842 94.0125 84.3385 76.4913 84.3128 86.7827 84.7244 85.4448 90.925 106.105 85.0074 96.1737 111.971 110.505 106.903 127.743 134.741 125.993 164.921
161.137 146.184 126.904 131.283 124.053 123.742 108.193 102.751 104.384 106.431 100.678 101.17 100.03 90.8565 93.733 93.733 107.105 106.846 107.442 111.899 87.4099 103.347 76.8626 79.8169 91.2711 72.3017 76.4221 78.1324 71.7056 70.7468 69.5288 47.4496 67.9998 55.4572 59.3185 47.8642 61.2361 59.9922 57.1935 56.8825 55.3794 64.3718 66.5486 60.9511 66.7819 57.2971 65.7971 69.5547 67.7148 72.6126 59.1111 65.1492 78.5471 65.7194 65.7971 67.4297 59.2666 58.0746 61.5471 52.3993 48.7712 58.9297 45.3505 55.224 52.2179 59.2407 57.6599 54.8093 56.0532 56.5974 65.3047 55.1203 67.7925 62.8947 65.9785 70.0212 68.3108 80.8016 75.7483 54.6538 56.0273 55.8977 60.381 50.5334 58.7483 57.4526 49.6005 46.9054 47.8383 40.2712 40.9969 33.5594 33.8444 43.2514 40.4267 32.6264 36.4359 29.0243 28.0914 27.5731 23.349 23.5823 33.7926 30.4496 43.1996 38.9755 45.7911 41.4633 38.0944 49.6005 41.4374 48.1493 41.8779 45.2728 50.0929 54.913 63.2575 59.7331 65.7194 64.8642 58.3078 73.3123 71.0837 75.4114 67.9739 77.6141 70.5654 64.4236 48.9267 59.1111 49.0304 67.6889 57.4267 60.2514 44.2621 53.4877 54.8871 64.4236 53.9801 50.8703 65.3306 54.3688 67.8444 60.4328 58.5151 61.1843 74.5821 73.3642 67.9998 75.9815 70.0471 53.7209 62.0136 61.3657 59.7849 52.9176 66.2636 52.5288 50.041 59.8886 65.9008 57.6599 59.0593 53.4618 48.8749 54.5243 60.666 54.9648 59.6813 69.6584 61.3139 67.2224 79.5577 69.7102 82.3565 72.3794 87.8504 74.9709 110.552 90.3641 100.341 102.699 99.797 118.015 107.494 109.696 96.9723 110.5 108.789 103.917 91.1675 103.555 110.111 105.861 117.186 120.84 129.443 139.602 154.606 165.983
166.365 142.848 128.206 125.335 133.086 123.847 116.199 117.322 103.41 115.051 100.278 103.175 95.3712 129.067 101.322 110.483 107.143 114.294 100.617 94.1184 83.7826 77.4402 80.9377 84.4873 69.8971 76.5006 65.0947 60.0051 56.9252 64.5204 59.7963 63.4503 48.051 56.7164 60.6315 63.1632 49.6171 72.7421 55.8812 67.0522 70.4714 77.9361 65.8777 73.3685 60.3966 57.7604 53.6626 56.3771 67 56.8208 57.6821 51.7834 59.3003 58.2302 66.7912 51.4963 53.5321 56.2727 41.9174 42.2306 48.4425 55.6985 44.7363 52.1227 49.5388 67.6525 48.8079 50.4262 76.1874 55.307 62.5368 58.5173 67.7308 66.2431 63.1893 71.5676 51.5485 58.1258 59.7963 48.5208 43.0136 47.4246 47.5029 52.9579 39.9338 46.0152 42.6221 32.8344 25.6568 36.2536 40.6907 30.8769 34.8442 30.6681 29.3892 28.3451 22.7596 23.882 23.5427 24.926 18.2704 26.5964 25.6046 31.8165 23.6993 28.3973 36.2014 24.5345 27.275 33.7741 28.6584 32.469 40.5341 41.0039 37.4281 38.0545 47.4768 40.6124 51.2614 55.046 63.2415 47.8161 54.8111 64.7031 59.5091 67.1827 47.1897 69.61 68.9575 57.6038 66.5824 68.566 62.3802 60.2922 48.3642 52.7752 59.8224 58.0214 50.6872 51.0787 45.702 38.7592 45.6237 58.8566 58.8566 62.1453 63.3459 63.3459 70.1059 70.6802 60.7881 58.6478 52.7491 71.5154 60.7098 65.5123 75.065 74.1776 65.2774 83.4172 57.8387 60.8403 68.8531 68.4616 74.9606 63.2154 54.6545 62.8761 60.6837 62.3019 62.4063 68.305 76.5267 70.3931 62.1714 73.7861 69.7405 92.5263 83.3911 104.272 94.4577 93.0483 97.0939 118.757 103.854 108.656 113.929 98.5294 106.673 103.828 112.441 117.322 110.953 124.343 120.036 109.205 128.884 135.096 138.228 158.874
166.735 146.731 142.867 148.86 141.894 130.328 129.618 127.568 128.935 127.016 127.989 138.95 118.657 111.612 92.9751 112.48 98.7844 95.4197 94.4997 77.5975 91.1088 78.7016 78.2547 79.6742 71.8408 68.8705 69.1859 64.6383 75.1266 76.8615 72.4191 82.6971 66.531 65.1904 66.6098 63.2977 70.4476 64.3755 61.4577 62.3514 72.4191 75.7049 70.9734 55.8324 68.8967 52.3889 72.682 50.6802 54.2026 48.7088 45.4492 50.2597 39.4559 41.9269 49.9968 51.3637 57.1993 38.4571 49.1819 48.0779 47.0527 39.2719 54.0186 61.9308 66.8464 74.338 61.668 72.8134 58.7239 76.2832 51.2323 56.6998 62.6931 56.1215 46.7636 41.7691 49.6551 52.2311 42.3737 42.3737 35.145 39.9817 34.5667 39.4559 31.57 33.2786 29.7825 29.8877 32.7266 28.7311 36.2753 28.5996 26.2339 26.8647 22.6589 20.556 20.2406 20.2931 21.3183 24.5778 23.9469 20.9766 24.7092 22.5275 24.867 29.0202 24.8144 23.6841 24.6304 27.8373 35.697 34.9084 36.8536 27.2065 29.7562 33.4101 33.6466 34.8558 45.1864 33.0683 44.8447 47.2367 43.6618 45.0287 50.8905 57.0153 57.6724 49.5236 59.013 72.1037 55.3067 64.5069 87.9281 67.8453 57.357 48.6562 64.9538 43.6092 51.1534 40.2182 49.2082 37.0902 51.4951 43.0572 45.3178 37.2216 44.1612 44.5555 45.423 47.2367 48.6825 49.8391 38.3256 55.1489 59.4073 63.3503 67.0304 75.8889 60.1959 51.4688 61.1422 60.4062 69.5013 59.0656 73.6546 65.2166 76.3621 68.8179 65.8212 65.9264 70.0533 77.6238 73.602 63.8235 65.0063 61.4314 65.0852 72.5506 83.1703 79.0433 77.3084 81.3565 87.9018 100.493 96.2609 103.411 127.489 126.99 108.221 128.33 121.023 122.942 136.111 124.125 125.413 138.95 129.461 139.423 149.754 161.399
154.043 160.184 156.399 143.613 141.918 137.259 137.603 147.107 139.403 138.477 111.316 125.85 109.278 88.9736 98.6625 95.7241 91.5944 87.3323 94.6916 86.8558 87.8353 74.9962 74.7315 85.2939 73.1696 83.7586 68.8546 57.8686 70.7077 67.7428 63.2689 74.1226 57.7627 68.5105 75.5521 68.5369 63.3484 60.1452 65.8368 56.6244 60.5423 40.3174 52.1506 58.3716 50.1651 54.0036 53.183 50.0328 53.5271 46.7237 39.3644 50.4563 56.0949 42.9382 58.1333 57.3656 47.7032 50.6152 44.9765 57.1009 60.7541 71.343 74.5197 48.2062 61.0982 62.6601 75.9227 67.5839 52.6535 61.8924 52.2564 48.3121 47.3855 46.459 42.6999 40.5027 38.835 34.4141 32.1639 39.8938 30.6021 28.8813 23.2427 31.0256 35.5259 31.7668 33.6993 25.6252 31.0786 21.7868 24.8311 22.7927 25.6782 21.9456 18.6365 21.7073 20.9132 20.2778 20.5161 22.3427 23.1898 21.7868 18.716 20.1984 20.8337 26.0488 20.7279 26.1282 16.4393 28.0342 33.1699 29.1196 30.8138 20.9661 25.4664 25.6252 28.3254 32.2433 25.7841 28.7755 33.8317 36.8495 42.4881 41.3498 42.4352 46.2207 45.4266 53.3948 50.9328 49.1062 58.2657 53.7389 62.8189 55.2213 58.5569 68.7223 47.8091 68.6693 77.9346 62.5807 62.766 57.0744 41.9587 55.1949 47.0414 48.7356 43.2558 38.3849 47.3326 41.7469 40.5027 45.1089 39.5762 46.6972 46.1413 47.9944 44.0765 55.7773 48.9474 55.539 66.075 66.3662 60.4629 67.3986 63.5072 64.4602 77.0346 72.0578 72.6931 74.6785 83.335 66.8957 88.0735 78.57 76.4257 81.5349 68.5369 68.9076 76.5581 76.2933 74.6785 79.4436 86.9088 84.3409 92.5474 115.79 100.145 103.586 105.307 132.891 138.53 136.862 134.215 147.001 137.497 145.757 135.697 150.813 156.346 150.866
167.947 170.453 172.159 168.64 163.762 153.658 129.719 140.569 118.176 126.227 101.968 110.739 104.421 95.1701 94.8502 91.8378 91.2513 97.9159 89.3053 82.4808 77.5756 88.5588 83.3871 77.7889 73.7902 69.0716 63.1268 60.8609 71.5242 58.3283 62.9402 48.4914 64.0332 60.9142 57.3953 58.6749 50.0909 51.4505 50.011 51.2639 38.8678 42.3334 49.3178 36.4685 41.9335 42.8399 42.0934 43.453 37.4549 44.3594 40.6272 53.7698 49.4245 61.0208 55.156 69.7114 71.5242 73.4969 70.6178 47.3984 77.3357 48.3848 73.2037 54.5695 42.0668 50.1176 48.8646 54.143 44.626 46.7586 31.2169 39.9075 36.3086 35.5888 37.6948 23.4593 30.2305 34.1759 32.2565 31.2968 27.5647 29.2975 31.1102 29.8839 27.538 22.313 26.3384 19.9671 27.1115 28.4444 26.5517 24.6856 25.9652 19.6205 18.954 17.1413 21.1667 16.1283 21.3533 21.14 17.1679 17.3012 20.5269 20.7935 16.8214 20.7668 26.0718 20.6602 23.7259 26.0185 24.5256 23.5926 26.605 24.1524 30.737 23.4593 22.4463 29.2175 28.0179 28.9242 27.2181 26.3117 25.0055 27.1115 30.2572 37.8281 29.7773 29.1109 41.7202 36.1753 44.8392 33.4828 54.063 55.236 53.1833 58.1951 56.9688 60.8342 61.6873 73.4703 65.8993 58.355 53.2099 68.3252 60.541 47.3185 54.7828 44.8392 54.9694 53.6631 49.8777 43.0798 38.8411 49.1579 42.1201 36.9217 40.3873 40.3073 49.3978 55.5026 38.6279 49.1046 53.1033 46.0655 58.435 53.0767 62.0072 54.6228 61.7406 60.4343 56.7555 66.8323 70.8844 66.2459 67.0723 79.7883 89.8384 92.9575 92.4243 78.9085 83.4405 77.4157 100.662 93.1974 91.4646 107.22 106.793 107.593 104.314 116.257 131.799 140.996 130.492 156.964 160.056 158.004 171.653 163.015 172.506 178.957
184.5 173.306 170.568 161.736 152.824 147.402 140.288 131.886 115.672 97.6056 117.524 97.7935 98.8136 97.0687 95.646 94.7064 81.7943 91.2704 96.9076 88.3443 89.4718 66.2247 77.2308 78.7609 67.9696 57.2319 56.3997 59.4331 60.9095 58.3593 54.3595 45.6083 49.1518 48.5612 47.3801 41.179 45.7694 41.5817 41.8501 43.9171 45.662 39.1389 43.4339 43.8635 44.8567 42.1723 44.2393 47.8096 45.2325 56.1581 55.4333 49.6618 66.3321 71.6472 60.8558 54.6011 69.0165 70.6271 68.9896 54.0911 53.2321 36.7766 55.5407 49.4471 38.602 44.6688 38.951 42.0381 40.5348 29.7971 33.5284 28.9381 33.9043 36.0249 32.2936 27.8375 30.334 29.2065 27.2469 24.4282 30.844 25.7705 18.8446 28.0254 21.8244 23.1129 21.4485 21.9586 18.8715 28.9918 21.4754 18.4957 20.9653 21.6633 21.0727 19.0862 24.7235 18.2004 16.7776 21.5828 16.7776 18.2809 16.1334 17.0998 18.8983 25.2604 18.3346 30.2266 21.4754 24.2135 26.4684 20.2942 22.7907 17.6903 20.2137 22.4418 24.3477 24.133 23.3813 24.0793 22.1196 20.4553 26.71 27.6227 30.3071 25.4752 28.1059 27.0321 24.0793 28.6965 39.3268 38.3335 34.8706 45.3936 39.4878 32.401 42.8434 51.9973 55.487 59.5405 53.1784 55.6481 66.0636 63.0302 64.8825 57.5809 82.2507 57.6882 61.2585 66.2515 50.1718 45.6352 43.6219 47.5411 39.5415 44.1051 43.1924 35.0586 41.018 50.3866 38.1188 32.9647 46.7089 40.9374 43.7829 35.7833 45.2862 43.8635 61.9028 49.8497 50.145 57.6077 56.9097 58.1177 56.7755 74.2243 69.4192 61.7417 75.137 79.5126 79.8079 94.438 87.9148 93.579 90.1697 99.2162 91.3777 98.6257 96.2902 109.337 112.289 122.302 130.194 137.147 143.804 156.18 161.28 159.777 182.004 177.575
171.587 170.668 159.694 160.802 138.205 126.312 124.663 130.015 120.338 110.175 110.283 91.4971 101.877 97.1464 90.2537 90.3077 91.3619 75.3601 70.1973 68.0619 70.5757 73.9004 60.98 59.3042 53.79 60.5746 56.466 46.2756 47.492 46.5459 36.1123 47.6542 43.7078 46.3026 50.3301 43.9781 42.3022 38.1395 44.1943 37.8422 43.5185 43.3293 46.3837 53.7359 54.6279 59.9799 55.8443 67.1429 69.954 50.9789 74.3599 53.4656 78.874 56.466 68.4403 51.114 65.6022 46.4108 46.8433 48.384 49.2489 44.2754 36.1663 36.7069 39.3289 35.5717 33.5714 28.8412 38.4369 28.1924 30.7603 28.706 25.111 29.0844 27.5167 29.0034 22.9216 26.922 24.8948 20.8943 24.6515 24.5434 20.3537 27.6248 21.3268 24.165 27.9492 25.138 27.787 19.2725 18.7589 19.1373 15.6775 15.7586 13.9205 24.9488 20.3267 15.8397 19.8131 17.4344 14.6233 21.1105 15.8667 21.2187 17.7588 19.8131 18.4346 16.5965 18.6238 20.2186 19.5969 25.8408 25.0569 24.4353 20.3807 22.0296 24.9488 24.7326 28.2465 24.6245 26.1111 21.6782 24.7326 29.9764 28.3817 26.8409 28.4087 23.6514 30.7333 28.1114 31.5442 33.3552 34.6527 34.085 34.7608 36.1663 42.7076 41.4102 36.0312 47.6542 38.1395 64.4399 52.4655 48.0866 67.8186 57.0606 64.3047 64.2236 66.305 59.3852 57.5202 51.7898 57.8716 55.4929 64.6561 50.195 61.5206 46.9784 47.0865 50.4653 49.2489 41.4913 48.2758 38.6801 45.6539 47.1676 45.1404 47.2757 52.6547 48.8705 53.79 50.3572 56.6282 54.9793 52.6007 55.6821 57.412 64.6021 69.9 64.7913 63.5749 67.6835 86.956 90.9024 90.9024 84.3881 91.5241 93.6324 107.796 96.6058 107.31 125.609 125.69 135.908 139.286 156.288 154.883 147.72 166.911 174.588
189.233 178.891 156.955 160.085 147.674 158.125 130.991 117.492 111.559 110.824 109.273 113.682 87.0098 91.8543 82.7369 85.5129 74.6537 73.2113 70.6529 67.9313 61.345 69.02 64.7743 53.153 58.1335 51.5473 55.8202 47.4648 57.3171 51.3023 44.1989 39.8171 43.3552 52.9081 43.1103 43.8723 54.5682 51.9555 55.5752 58.6507 56.8816 62.4337 56.8544 53.6701 62.4337 66.6794 64.8831 63.6584 68.8023 68.7206 52.0644 51.0029 44.0628 46.0768 49.1522 39.6538 44.9882 51.8194 35.5986 36.9867 38.5924 33.5302 31.6523 42.5932 34.6733 27.08 27.4882 27.4338 30.0738 27.6243 31.87 29.0668 29.4478 27.461 25.6103 28.7674 24.2767 25.5831 20.6298 19.7861 23.3242 21.4463 22.4261 23.4058 27.4882 26.5357 25.0388 21.7456 25.447 26.1819 18.2892 26.0186 19.0785 17.7449 21.1197 17.881 17.2278 15.5676 18.1531 15.4315 14.8328 17.881 20.0038 16.9828 16.9284 15.9486 16.6835 23.7324 19.9494 24.8755 20.5754 22.1539 20.9019 25.0116 20.9836 29.3389 20.4937 22.7526 19.2146 21.7456 29.9377 25.1204 22.9159 26.7534 24.7666 30.727 24.9844 24.2495 35.136 28.6041 28.2775 29.8288 33.4213 31.1896 31.8156 28.3047 29.9649 34.5916 36.6601 36.1974 37.2044 39.7355 49.2339 47.5465 53.2619 47.7098 51.139 49.125 51.9011 58.3513 57.4531 68.2035 62.7603 65.0192 60.202 59.9026 63.1685 64.8831 48.5263 60.6646 52.4182 46.4851 47.1655 45.0698 43.8995 51.2751 45.342 48.8256 44.716 41.7223 44.6616 48.0364 48.7168 52.6359 53.6429 57.9975 56.0379 64.8559 61.6989 66.0262 70.2719 72.6669 73.6195 68.2035 89.1599 86.8737 88.0712 84.016 94.8208 118.254 120.159 130.719 130.828 129.685 149.144 151.757 160.575 165.474 176.986 173.448
176.935 176.606 181.456 168.988 165.864 161.946 152.328 158.466 139.586 121.775 112.047 104.237 94.8658 88.3441 80.3427 86.8918 77.7121 66.6143 74.1224 63.6549 69.7107 55.1328 54.4752 49.0496 54.6944 51.5706 47.2411 55.0232 50.5841 46.6108 45.5421 51.7898 42.8841 50.2005 55.9823 55.6809 61.1065 62.7232 57.6538 61.5449 66.3129 66.4499 72.8345 71.7933 73.273 74.6705 65.5456 57.736 51.9542 46.008 39.7877 47.7343 44.2268 54.6122 43.4048 42.2813 36.4447 37.3763 30.3614 33.1016 34.5539 31.4575 34.1977 27.1828 28.9639 27.4842 30.608 30.2792 29.4846 24.9906 27.539 24.4152 26.1963 28.4159 25.7305 26.991 29.2653 29.7038 26.3607 24.1686 20.0309 16.2494 29.0187 29.3476 23.6479 20.6611 24.196 16.4686 18.8252 21.9216 17.9209 19.2088 22.3052 15.5917 27.2376 19.4554 14.9341 15.3999 16.7974 21.3462 16.633 17.6743 17.8387 17.4277 17.5373 23.7301 17.4825 18.9074 19.8665 15.3725 19.1266 16.1672 19.3184 15.5917 18.4964 19.2362 24.5796 17.6195 18.3593 26.7444 24.7166 17.7017 28.0049 21.3462 24.1412 29.786 24.0316 23.0725 19.2362 25.2373 29.5394 30.5258 27.676 30.334 33.4853 30.334 28.7447 26.9636 34.1155 28.8543 39.4863 32.0055 40.281 42.0347 41.9251 37.7874 41.514 44.5009 36.4721 54.119 54.2012 54.5574 65.8744 58.9965 70.3958 69.1627 67.1075 63.2712 64.9428 63.4357 64.6961 64.3673 49.3784 56.2563 46.6656 52.4474 53.5983 47.1041 43.9802 48.0083 53.7079 43.8158 55.0506 59.983 61.5449 54.5026 58.9965 67.3541 63.8467 65.8744 72.2043 72.3139 64.9154 77.6573 88.7277 87.2206 91.4131 104.922 112.677 111.663 127.83 138.106 141.148 140.846 157.178 168.632 171.482 176.277 173.236 193.047
178.108 180.729 158.438 164.479 156.672 158.355 149.968 155.679 146.382 134.05 132.836 120.587 111.428 97.551 90.5988 86.2399 81.7707 72.7494 74.9013 71.8114 74.4323 51.6446 68.8043 61.2176 54.7896 63.7833 60.5004 56.6105 58.4588 57.9347 55.0379 50.3204 64.8317 60.39 59.921 59.6451 69.4388 62.0177 86.102 72.5839 78.4877 60.6659 70.0458 60.7486 66.0731 64.3627 48.4168 55.3414 43.6165 54.9552 46.3753 42.3751 35.6988 38.6783 41.2991 34.4573 32.1951 27.9742 34.5125 32.8572 30.4019 30.0709 28.9122 28.6639 23.8636 26.0982 21.8221 30.0433 26.981 20.3047 25.4361 27.5328 20.9944 30.0157 23.9739 20.7185 26.5396 21.9324 19.9737 22.3738 22.2635 20.3047 22.2911 19.9461 18.4839 15.5044 23.0083 21.1324 18.6494 19.6426 16.1114 23.4222 23.0359 18.346 17.5735 17.8494 15.7803 16.6907 18.677 14.1802 15.201 16.7183 16.2769 20.4703 16.2769 16.3045 17.6287 20.0013 18.3736 18.9805 22.5118 21.5462 19.0909 13.8216 22.9256 18.9253 21.6565 21.1875 20.0564 22.3462 19.6426 22.3186 29.4087 22.8428 24.6636 23.7532 21.9876 24.4981 31.4778 21.7393 23.4497 26.7327 30.7881 30.8157 21.6289 28.5535 28.6087 26.2085 29.9881 31.6985 26.9258 26.2913 37.4368 33.1055 40.0301 35.9747 36.7195 37.9334 45.6029 44.3062 46.4857 54.9 62.7074 57.6864 58.2106 58.7899 58.1278 65.7145 66.1559 86.8744 82.4604 82.0465 67.1215 44.1959 62.1556 63.8109 59.2865 68.5836 54.5138 69.6871 54.4586 57.3277 57.1622 56.307 58.8727 56.1415 58.0726 63.9213 69.6595 67.3422 70.7907 80.0878 81.4948 73.4943 81.6051 90.8195 96.0612 107.979 114.462 129.277 133.829 140.809 140.836 157.113 163.072 153.003 172.038 172.507 173.225 176.149
168.56 146.618 144.813 152.701 148.229 147.646 156.645 143.396 139.314 140.619 119.761 130.176 126.26 112.679 108.762 104.763 106.346 94.4034 85.238 86.0712 74.9894 79.0167 68.7403 63.7966 62.7967 57.6586 70.1012 65.8241 76.7114 72.4898 72.9897 80.4331 73.3508 72.8231 76.6559 84.016 70.8789 94.9866 83.8215 62.0468 65.9352 68.1848 62.6578 61.2692 46.9378 46.6601 39.4389 44.3826 40.2443 44.1049 37.7725 37.6891 36.106 41.4664 33.5231 38.6057 30.8845 26.7185 27.4406 32.7176 32.1621 27.9405 32.6621 26.4129 27.2739 23.58 21.9136 29.0792 26.6351 24.691 21.3859 30.218 26.3574 25.3298 27.3017 18.1363 19.6639 20.7193 21.4137 16.2755 22.2191 21.4414 21.3026 27.024 26.9407 17.4142 18.8862 18.2474 21.4414 17.5809 19.1084 21.9969 14.5813 15.5811 18.4696 20.2749 16.8032 16.2199 14.5813 15.1368 17.1643 19.8861 16.4699 14.859 14.6924 18.3863 18.8307 16.6088 14.7202 25.7464 22.6913 20.9137 16.9143 18.6363 18.1919 19.9694 22.3857 16.3588 19.775 27.4406 20.4971 20.8304 16.4144 24.3299 26.6351 19.9416 25.9686 23.9966 28.5515 26.6629 27.8572 24.3577 24.441 24.1355 28.6349 30.0791 32.3566 28.8848 32.1899 26.6074 27.9961 29.9402 30.6346 33.1065 35.0506 33.9674 33.0787 41.2164 33.0509 38.8834 46.3546 44.1049 47.9377 52.326 52.6315 55.0478 43.8272 47.6877 71.9621 64.9909 81.6274 80.572 79.3222 78.7111 80.4331 74.7673 77.6557 63.5744 81.9885 78.3501 76.8503 67.4072 63.1022 70.3234 65.6019 60.186 55.7977 67.4072 73.5174 76.7114 72.2954 72.7953 89.9873 90.5984 95.6254 100.208 121.15 118.122 124.371 123.344 146.507 144.896 147.979 147.285 148.451 137.592 147.424 153.062 161.005 158.561
160.573 146.873 143.49 136.975 139.659 133.983 134.459 121.262 118.466 139.967 129.789 139.324 131.635 117.068 120.171 122.548 112.678 93.3018 110.581 101.27 88.7164 71.9406 85.2215 86.5076 91.8759 89.8628 79.4338 88.4928 83.9633 76.3582 88.8842 87.4862 82.733 95.0354 79.6575 83.7116 76.8894 72.0524 77.896 62.7138 58.0445 49.0135 52.9838 57.3455 47.6435 42.3311 37.2145 38.221 43.9808 38.0812 38.5566 38.5286 32.9926 40.1503 32.9087 33.8873 27.9318 27.1769 28.8266 27.5963 27.3447 24.4369 27.9878 31.6225 28.6308 28.547 24.6046 26.5338 24.5767 29.6374 19.7117 25.1638 22.5915 21.6409 20.886 20.2988 22.1442 20.8021 18.9847 18.761 24.6326 22.1442 17.9782 22.1162 23.8497 23.7658 26.45 16.4963 20.886 20.1311 25.1918 27.1769 16.5802 16.4963 18.6212 20.1031 13.7842 16.5802 14.2315 14.4832 14.3434 15.965 17.8663 17.8943 17.1114 16.4124 14.0358 17.2512 21.0537 14.595 20.1031 15.2381 20.187 20.187 19.8515 19.9913 19.8794 22.6195 23.654 21.1656 17.6986 22.1162 19.6837 25.9187 21.6688 26.8973 23.626 23.5142 23.7379 24.1013 27.848 25.8069 26.2822 32.2376 28.6868 24.7724 30.1686 28.3512 26.1704 23.626 27.7641 35.3971 30.6999 27.9598 33.2442 34.1389 31.8183 29.4976 36.7671 39.7588 39.7868 41.5483 34.5304 47.1402 50.3556 45.9379 47.7553 41.1009 54.8851 65.37 55.8916 64.4473 62.4622 67.9423 76.7217 79.294 83.9353 89.7789 84.187 86.1441 91.9877 78.5391 79.2101 82.761 85.1376 84.2149 96.8248 77.7003 92.1275 89.9467 110.273 107.17 108.624 107.841 120.367 123.415 129.789 127.916 127.049 131.215 123.135 131.299 125.819 126.099 128.391 126.155 125.875 144.804 151.29 148.494
156.265 148.806 130.484 133.58 119.31 112.527 100.565 103.886 113.54 116.777 108.98 121.561 118.747 115.116 104.111 114.103 117.143 117.874 116.777 114.722 116.157 107.77 111.345 102.732 98.2849 101.606 101.859 90.967 99.3826 103.97 99.4952 85.7882 94.9355 79.6243 80.1309 68.6474 64.8478 57.6987 63.8627 55.3345 55.4471 53.1954 49.2269 46.6375 44.2169 40.164 33.8312 39.7699 31.5232 32.8179 32.255 35.6606 29.6375 31.9735 38.8411 30.8759 29.9189 25.8378 26.654 32.7053 30.2004 26.7103 29.75 23.755 28.2865 23.0514 28.1457 23.7268 22.1225 24.4305 28.0331 26.4288 22.7136 24.4023 20.4619 23.8394 24.9371 19.9272 21.3626 18.5762 24.1772 20.2649 22.5166 20.1523 17.76 15.5646 17.1689 15.846 13.1441 15.9868 17.8444 22.7136 17.6474 14.6358 20.4619 18.2103 12.6374 16.6623 11.399 13.0878 16.2682 14.0166 15.0298 14.4106 14.8891 17.7037 16.409 15.4239 19.1954 18.154 18.9702 16.4934 17.3096 24.9934 17.0563 23.8394 21.053 22.2633 28.1176 17.9007 20.9686 21.7848 19.2798 19.0265 21.447 23.9802 19.7864 21.8974 18.8013 22.2633 27.1043 28.962 25.1904 22.4603 27.3295 22.7417 29.553 29.356 25.6408 23.8957 33.7186 30.4537 31.0729 32.8461 28.4835 39.1789 33.9156 31.2981 31.2136 39.4885 29.0745 41.9934 35.0696 40.8113 45.0895 43.654 45.3146 48.7765 58.1491 48.4107 59.8941 52.8295 73.9388 55.8411 59.6971 89.419 99.2418 78.9206 86.5481 90.3196 93.6971 103.689 107.714 105.012 103.492 110.303 113.202 116.383 104.195 118.494 106.616 124.235 122.434 133.073 130.906 125.22 129.048 124.32 132.229 109.037 109.656 127.162 102.676 112.386 131.553 122.687 118.719 127.472 144.585 161.725
153.388 150.838 129.702 117.038 117.69 113.015 114.857 102.391 96.3843 108.227 99.9824 110.38 102.532 112.052 108.595 112.732 117.548 130.326 132.026 128.909 126.897 141.828 123.129 145.568 111.712 124.234 98.5658 112.562 106.499 95.336 98.7642 97.7442 92.1062 83.6917 73.0673 68.9026 58.5332 65.1345 50.827 56.0967 50.0904 50.0904 47.0589 44.1124 46.6906 47.0022 44.2257 39.8343 33.9697 35.2446 35.0179 38.2477 30.5982 31.6748 34.8196 32.0998 25.0452 30.2582 30.5982 26.6601 25.0452 27.8217 25.6685 32.0998 24.2519 29.3799 26.1501 27.7367 29.3233 22.2404 22.4953 23.062 19.2089 25.0735 23.6853 24.0819 19.2372 24.4502 24.3369 23.147 19.6622 27.3401 22.4953 22.0137 17.254 15.4124 18.0473 20.5405 16.0074 18.6422 21.9854 18.6706 18.3872 15.3558 19.0105 18.9539 14.8458 13.7692 17.4806 14.4208 15.1858 12.6926 14.5058 15.8374 18.9539 21.1921 14.9591 17.8206 15.4974 17.9339 22.3537 18.6706 20.9654 17.3106 21.1921 20.2288 23.5436 24.1952 22.6937 18.1889 20.4271 23.5153 19.6055 19.5205 23.0053 19.0672 22.977 22.8353 22.6653 21.3337 23.9686 27.0567 23.317 18.3872 27.6517 21.9287 22.6653 27.9917 28.955 30.7115 27.425 25.2152 28.87 27.68 30.9948 35.8112 32.2698 34.9613 32.6947 32.6947 35.6979 34.3663 38.6161 36.6328 42.4408 41.9875 44.9623 51.167 45.699 53.8585 53.1219 62.0463 66.2394 59.8365 67.316 84.2867 83.805 94.7977 85.25 88.3381 107.802 108 116.443 124.858 112.76 127.266 127.974 143.33 125.764 125.594 131.261 125.424 127.237 127.436 132.281 112.987 102.872 109.445 103.382 98.7925 93.1545 98.8208 104.94 105.195 114.432 102.051 124.574 128.767 143.528 149.874
167.997 141.333 137.512 123.025 114.612 98.899 107.968 108.937 102.007 85.8379 93.224 88.433 87.3494 97.6727 117.692 101.523 121.057 118.091 137.797 147.521 141.789 146.666 145.867 141.476 127.645 130.896 131.637 124.023 118.491 117.949 94.6214 81.047 87.5775 82.4443 75.4575 72.3491 74.4594 60.5428 68.0144 54.269 53.3279 54.7253 48.9932 51.6168 46.3126 51.7024 31.8541 39.0691 36.7307 41.2364 34.1641 38.2136 33.28 37.358 36.8732 35.3333 28.6887 33.3941 23.6696 26.0936 24.9814 28.4891 28.0328 31.1412 21.0745 28.6031 21.4452 22.2152 27.3484 19.7627 25.4662 19.8768 23.8692 19.3349 22.5859 24.5822 17.4242 14.7151 25.0099 21.5878 23.0422 19.5916 21.7019 20.5327 21.9015 20.7038 17.1106 20.5041 18.4794 23.2418 14.0592 18.1942 15.1714 16.6258 16.3406 17.7665 16.5402 13.6599 17.852 14.8006 16.8539 12.4622 16.3976 17.9661 19.1638 19.1353 15.0288 17.5668 20.5612 23.9263 16.5972 20.4471 24.354 20.7893 16.6543 18.1657 24.1544 18.6505 28.0043 20.1905 21.5308 18.0516 20.8749 21.4452 25.4947 20.6467 27.9758 28.0898 20.8464 20.1619 22.1011 23.5555 23.2704 24.8388 27.2628 26.778 25.5518 22.757 20.8749 26.1221 28.432 31.683 26.5784 25.1525 30.4568 33.0519 35.2477 30.5994 38.8124 33.3371 42.6053 44.0312 45.4 48.3658 44.63 47.2251 49.8202 47.824 47.3107 63.2805 56.9496 66.9593 64.8205 65.5049 67.8719 78.3378 89.5452 80.6763 93.994 98.2146 108.367 99.9256 107.854 120.972 146.951 138.054 131.067 125.192 142.046 137.968 135.544 141.818 114.013 115.753 95.6195 105.8 107.54 97.5016 98.5568 92.3685 95.591 105.344 92.9673 109.165 115.382 128.586 120.344 143.044 151.885 160.269
157.582 138.093 129.625 118.804 116.881 115.101 101.065 96.6447 91.7364 79.968 96.8457 100.864 110.365 104.825 107.179 102.845 114.096 125.119 130.314 128.563 132.151 133.443 138.896 133.902 109.934 123.282 125.291 114.958 96.4725 87.517 93.717 95.4105 84.8763 80.8004 81.5467 82.1782 69.4051 68.5727 64.6403 63.4061 61.5403 53.0441 54.9098 54.1348 48.021 55.8283 49.4849 48.0497 46.3275 44.921 39.2377 35.9655 28.3591 35.7072 27.9859 31.7461 29.048 38.2618 29.9665 29.8517 23.4221 27.7563 28.2156 28.7896 25.4313 23.135 24.7424 26.2637 23.5943 22.5897 22.9341 24.6563 22.3313 24.7711 22.561 22.6184 28.2156 23.9674 25.1443 23.7665 22.6758 19.8341 22.9054 28.0433 20.1499 27.1248 16.1027 20.3795 23.5943 19.1452 17.0786 15.2129 20.0064 16.5332 14.5527 18.2841 14.6962 16.0453 17.5378 14.0934 14.1508 17.8823 15.1268 13.261 14.2944 20.0351 17.9397 16.9064 16.5906 23.9674 15.3564 19.4897 27.498 19.5184 17.4517 22.4462 20.1212 17.6527 22.3313 23.2498 26.4072 28.7322 25.0008 22.1304 25.2017 19.6332 21.9582 21.786 25.4313 21.6712 22.9341 19.6332 25.6896 23.1063 26.4072 26.2637 24.111 27.4406 28.2443 31.9757 28.4165 31.172 29.1915 30.2535 36.5396 33.5831 30.5692 35.3053 35.822 39.9553 40.1849 38.4914 43.9738 45.3229 48.3367 42.4812 54.4793 53.733 52.2978 60.9089 69.2042 63.1764 78.6476 86.168 76.6097 74.7727 93.7744 100.721 87.8902 97.8503 97.4197 102.213 108.93 109.504 128.649 123.798 128.362 120.497 125.779 124.745 119.665 120.641 106.174 105.945 114.154 105.371 101.725 103.735 99.4003 96.2429 81.03 88.2633 88.292 97.9938 103.275 111.025 121.272 117.914 154.913 143.058
163.716 140.778 122.549 108.075 112.871 110.675 112.582 109.375 106.949 95.2774 102.558 107.18 114.633 117.696 101.951 100.911 104.695 131.447 107.989 113.016 95.1329 101.258 97.473 115.933 106.544 97.8197 112.582 96.8952 104.782 108.48 97.0974 91.204 89.0373 87.0728 93.0529 91.6662 77.3659 81.1216 75.1992 59.6567 67.0524 51.5388 55.4388 61.1878 49.4587 53.1277 55.9877 58.8767 38.3363 56.0744 48.9098 45.2698 46.1076 37.7874 37.8452 39.8385 30.0161 32.0095 36.2851 30.4206 32.7029 29.0917 26.2316 25.6827 33.6562 23.1982 28.1961 22.8804 24.3538 23.1404 20.6848 28.745 26.925 26.3761 26.7227 22.6493 27.445 24.6427 29.005 23.0538 21.4649 23.2271 23.516 21.8115 23.256 18.807 22.5915 22.5049 24.4694 21.0893 27.3294 21.5515 18.807 20.6848 19.5582 23.2271 17.1026 15.2536 15.8892 18.547 15.6581 16.3514 15.7447 13.1158 13.838 27.3294 21.176 17.3048 21.0315 17.4203 17.8826 18.3448 24.2671 20.0782 19.1248 22.4471 22.9093 21.0604 21.2626 26.1161 19.5293 18.2581 25.9138 24.2094 20.5115 26.3183 25.1916 22.9093 30.2473 25.9716 24.6716 25.7983 24.7871 28.225 27.6472 31.0273 29.6695 30.1895 26.0005 24.6716 31.8073 33.7429 35.1873 31.8939 32.1828 40.0119 41.5719 41.3119 39.8385 47.5809 38.1918 39.3763 48.3609 68.2947 58.1545 61.1878 67.3702 64.539 58.7611 67.8324 73.4948 73.9859 65.579 85.8017 80.5727 74.5637 90.5684 96.9819 105.215 93.804 95.0463 102.269 114.518 107.844 119.862 120.093 108.451 113.824 112.669 108.22 108.913 109.404 121.567 123.907 110.242 119.891 107.035 97.1552 114.72 115.298 97.3574 96.8952 109.173 96.7508 114.662 114.633 115.616 136.849 159.816 157.939
155.728 139.387 129.095 123.89 123.716 104.41 109.789 113.016 107.026 108.742 114.324 115.865 93.0994 97.6933 122.582 94.2914 87.7204 99.6413 94.5241 92.1689 101.473 88.0402 96.2976 88.0693 105.195 95.8034 93.9716 88.2728 104.09 110.341 86.1794 85.1909 86.9354 98.4202 84.464 74.2004 76.2066 70.8858 75.4506 88.6508 80.626 88.709 75.8577 77.1079 73.677 48.7303 67.4258 58.7323 64.1984 71.7871 59.5464 63.2971 44.6016 39.339 43.4386 34.8323 46.3171 37.7108 33.0587 35.5883 43.2351 33.2332 36.4024 28.1159 34.716 25.7026 22.6788 28.145 24.685 22.1264 25.7317 28.3194 23.3766 27.2727 26.633 31.0816 26.4295 24.8013 20.6435 24.0453 21.9228 28.9591 21.2541 22.7079 19.3933 25.9934 22.6788 23.7255 22.0973 17.6488 17.4162 20.4109 17.1835 14.1306 22.5334 16.5439 18.7827 17.9977 15.7298 16.8637 17.2417 16.4276 15.0029 16.3113 15.2355 21.3123 18.0558 20.5272 20.7598 19.7422 14.5086 19.684 23.929 21.1669 21.0796 21.6612 28.4939 19.7713 23.7255 27.0692 22.6497 23.1731 27.0692 21.7775 26.5167 28.5229 27.0401 29.3371 24.3361 32.3027 23.9 27.9705 28.7265 23.9872 34.5706 33.96 33.0878 28.4066 33.3495 33.2622 36.3151 34.716 32.39 34.8323 43.0897 41.1126 46.666 53.0044 51.696 60.0116 66.5535 59.7499 64.9544 66.2046 64.4601 63.4715 70.188 76.1775 75.4215 72.8629 78.1255 76.5845 63.7332 81.2075 76.1484 86.6446 79.4339 87.7495 89.6685 106.387 90.9769 88.2728 91.9073 93.7972 94.0588 88.7381 100.485 109.033 79.9864 92.4015 92.5178 80.4516 85.6851 105.98 94.2624 105.573 103.596 110.69 116.97 105.311 115.924 113.132 114.906 109.149 107.724 115.08 139.213 130.025 138.835 158.635
152.744 152.773 151.72 130.184 128.955 128.047 127.228 115.085 122.985 111.69 117.455 120.41 99.9859 99.0203 79.3859 101.244 76.6646 64.726 73.8263 64.1993 67.3595 66.1891 66.2183 71.895 71.0757 72.3339 75.5527 67.7399 95.0992 79.0933 83.6873 69.7004 88.574 88.3691 88.2228 85.5015 79.6493 75.6405 72.4803 68.1496 82.3998 78.5373 84.653 91.6172 71.895 54.2797 70.4612 56.9132 73.007 68.3252 71.3976 66.1598 51.9388 58.3178 53.4311 51.7047 54.6894 52.6704 47.1985 37.9812 47.5204 41.6974 42.3118 38.9761 36.8107 28.7931 32.8312 33.4457 30.2562 34.9087 32.6556 24.0528 30.0806 25.7207 26.0426 21.4193 24.6088 28.8224 18.4639 20.8633 23.1164 21.39 23.5261 19.4295 20.2781 26.3644 21.7997 17.4983 19.3125 22.0045 21.3315 22.0923 24.8721 19.6636 24.6965 21.1559 16.3278 14.1917 17.4397 15.8304 17.2934 12.5824 17.2934 18.5517 22.8238 18.1713 18.2591 20.8048 21.8289 17.8201 20.2196 23.8772 20.0147 21.2437 22.1801 24.8136 25.0184 20.6877 26.7448 23.7309 23.8187 23.848 21.5363 24.8428 27.4178 28.7639 30.7829 32.0411 33.6212 26.2474 34.4991 29.1443 31.4266 37.0448 34.7332 41.5218 35.4062 39.4735 51.5877 33.036 41.9607 46.584 51.1488 48.8079 56.3573 58.4056 57.001 58.2885 55.5672 66.8036 60.3953 76.255 67.0377 68.0911 79.7663 73.124 56.2988 67.3303 78.0399 74.2945 70.432 91.9098 71.3976 90.0956 91.5879 73.1825 84.0677 83.7751 89.6274 79.0348 86.4964 87.8717 75.2016 82.7217 75.4064 79.8248 68.4129 70.7538 70.432 78.8592 67.0377 86.1453 87.6376 85.999 87.345 89.8029 93.8995 98.991 93.7825 107.857 131.383 108.852 115.202 116.167 126.76 121.113 134.28 141.742 155.29 166.731
156.689 160.723 156.571 147.619 126.653 143.673 118.643 116.346 107.424 106.805 95.144 94.0545 92.4054 91.9048 90.7564 80.1259 86.516 76.0033 77.5346 65.3729 83.9835 60.0135 57.5399 68.4943 62.5754 64.0477 62.487 71.0562 77.034 74.0598 67.7581 82.4817 81.4511 79.9787 72.293 72.9997 70.7617 85.927 82.7762 75.7972 61.2208 66.5508 60.8674 70.585 76.18 82.6289 68.0526 71.969 75.7677 75.3555 64.9312 62.9876 57.9522 63.1054 59.2478 72.2341 54.4185 54.6835 49.118 56.7154 45.6432 44.0236 45.5549 43.6114 51.4149 39.1648 33.8054 39.371 32.4803 25.3835 34.9539 34.5711 32.2153 30.6546 31.4202 25.3835 34.7477 27.7393 24.7651 23.6461 23.5283 22.8511 22.8216 19.6708 27.7098 27.327 24.3823 25.2657 24.8829 22.5566 18.6401 18.5223 19.3763 22.4682 19.9063 17.2266 17.6978 14.8709 19.3763 15.5187 15.931 17.0205 15.7543 22.7333 20.2008 17.9039 24.824 22.7627 25.7663 19.9947 20.672 18.4634 20.8781 21.6143 28.5344 23.4989 28.0338 23.4106 20.4069 30.0362 23.5872 29.6534 27.5332 23.2339 26.9148 30.3012 36.0729 25.1774 31.3613 31.4496 34.2766 36.6913 39.7832 35.3072 41.3145 41.5501 42.5513 44.642 44.5831 49.8836 60.3079 51.7977 44.8776 49.9425 52.5044 62.6932 66.2563 74.2954 59.6601 71.7629 61.8686 64.2833 68.0526 61.4564 63.076 57.746 74.0892 67.2869 74.7665 78.6536 67.0808 77.0045 83.2179 88.8129 81.2155 78.418 73.4414 76.0033 88.8129 70.1139 74.6487 76.0917 73.5003 81.4511 66.6096 57.6577 57.3927 49.0885 61.4269 67.6403 75.061 72.7347 65.4318 67.9053 70.32 82.4228 85.8092 90.6386 101.77 86.3982 112.783 125.033 130.275 123.502 125.828 139.639 136.429 140.758 144.115 163.579
173.265 162.242 152.285 138.002 131.719 118.918 111.569 118.473 102.59 87.8031 99.6267 90.9146 93.4037 79.3576 87.7438 76.1869 71.7715 72.1864 60.4813 67.3266 65.193 67.6822 65.1633 64.4225 51.4728 52.3322 66.2005 64.7485 61.5481 58.1699 49.8134 82.7654 76.6017 76.8684 89.5514 78.4983 84.8398 83.121 72.1568 94.7669 66.971 78.4983 58.1106 73.1347 74.1125 60.9851 67.2377 74.1422 62.3482 63.2372 69.1638 65.6967 67.2969 56.5993 71.653 73.0161 64.2447 59.0293 64.4225 60.3628 75.5349 64.8966 66.2005 58.2588 69.1342 46.6722 42.1384 48.4502 46.1685 43.7978 38.8194 36.6859 31.8853 31.2926 37.7527 29.3368 31.6186 22.5212 26.5217 29.8999 27.2329 27.9441 33.3373 31.0852 24.0621 24.1214 26.0476 22.7879 28.8034 21.8989 22.6397 24.2696 21.0099 21.5137 24.6548 17.8688 16.8316 16.239 17.1576 15.024 16.7724 17.5428 20.1506 16.476 19.5579 22.7879 21.81 27.0254 22.2545 21.6618 26.2254 21.9582 21.1877 21.1581 30.5222 26.7587 31.8853 28.596 26.0179 26.9662 27.5292 27.9441 31.8557 27.1143 35.2931 29.0109 32.2705 33.8707 35.9747 32.1224 38.8491 48.5984 48.7169 46.0796 42.3458 50.9098 59.3256 47.4427 58.2588 60.2442 58.97 57.518 61.3999 57.0438 58.407 63.4742 62.9112 60.1553 59.5627 57.1624 59.5034 52.1544 69.3416 61.6666 72.3938 71.1492 57.7254 66.4376 61.0443 69.8157 82.7062 81.7875 74.3496 75.6535 87.003 92.1295 70.2602 69.3416 56.3919 67.3266 54.0805 72.9569 67.6822 57.4291 52.7767 61.6074 59.7997 56.629 57.2513 69.1045 52.8359 72.542 66.2598 76.6906 82.6469 72.5716 79.8614 101.434 92.3962 89.4922 84.1582 110.295 109.169 127.097 129.823 146.684 139.631 155.219 170.924 175.31
164.691 157.624 153.3 141.462 129.325 118.292 113.611 96.435 111.434 91.5148 100.938 73.2357 85.8194 82.6585 76.0089 73.9514 65.7809 71.8342 75.9492 61.6957 63.2463 68.1068 61.9939 63.6638 67.8683 60.1153 62.1132 58.2367 58.4752 56.7159 58.2367 64.9758 66.1089 66.0791 71.1185 59.5189 88.5627 80.8694 77.8577 82.9269 91.9323 90.1431 73.2953 63.5743 58.7734 64.8864 48.4858 50.4241 62.2623 51.4379 59.3102 67.5701 69.717 55.4933 66.6159 62.2325 54.6286 72.7586 69.8065 56.7457 65.1845 62.7692 73.9514 57.6701 61.3379 65.7809 65.2442 43.1781 56.4475 57.3123 53.5849 41.5678 38.7648 38.2281 39.0928 39.0332 45.3548 41.4187 34.2323 32.3835 29.5805 31.2802 22.8414 25.6444 27.3143 21.9767 21.7083 27.0459 31.8766 21.7679 27.1354 21.1417 19.7701 29.5507 22.5134 20.6646 19.4719 19.6508 17.4442 17.4144 17.8616 19.3228 18.9053 17.9511 21.7978 17.5336 24.2727 26.2408 26.0023 21.4996 24.3324 24.3026 30.3558 27.7318 29.3122 31.3101 25.7935 27.9107 30.982 25.0182 35.3058 34.7392 39.4805 39.1823 43.8341 37.6913 32.8905 38.9736 41.5678 49.6488 48.8139 41.8362 61.5466 61.3081 59.6084 57.6105 54.0024 63.6638 53.6744 52.0343 55.5232 66.4966 60.8608 70.4923 61.2186 63.5147 62.2623 50.603 58.5647 48.784 48.8139 51.6467 49.2611 65.5126 67.421 56.1494 67.5403 79.6766 78.4242 68.2559 91.0079 75.4423 71.0589 84.6564 77.2911 60.6819 63.9918 65.0951 64.7074 52.4518 57.1632 59.6084 62.2623 60.2346 59.9662 59.9066 61.4572 66.3177 68.2857 65.6616 74.1303 65.5424 72.52 69.8661 74.5179 82.1218 65.3336 90.7693 97.7768 90.1729 97.7768 96.3157 111.732 128.103 118.233 136.691 133.619 151.093 175.575 170.267
159.027 162.417 150.985 133.852 132.202 105.888 125.151 102.797 102.557 112.399 87.7047 98.2064 91.0052 74.2624 81.0436 78.4931 69.4316 71.892 50.6185 64.3308 73.5723 51.5186 53.469 61.3303 67.7213 60.1601 51.4586 54.9392 63.2506 45.1876 57.5196 53.829 47.618 59.53 59.68 57.4596 73.3923 72.3421 73.4823 73.3323 79.3933 78.8832 64.6008 72.4621 70.3918 68.7415 69.7617 69.4916 69.0416 52.6588 56.2294 50.5585 47.4379 46.8378 63.3106 60.5501 48.5181 57.0996 63.5506 65.2309 56.4995 57.9997 69.9417 71.0819 53.859 62.4405 67.0312 58.8699 64.7808 71.2919 55.9894 57.6997 44.2274 64.2108 47.1079 50.7385 37.9264 38.0164 32.3454 42.8772 37.5063 47.498 33.5156 31.0252 29.4649 30.3951 32.6455 26.8845 27.0945 21.0335 31.3553 23.4639 20.2234 27.3946 25.8343 21.9037 23.674 16.9228 18.4231 17.973 18.3931 21.7536 20.2234 21.5436 21.6036 24.094 27.0045 24.9642 23.5539 24.3941 25.4443 34.9859 31.8653 28.8348 34.1757 27.4246 32.6155 36.1261 36.6961 34.8958 32.1354 52.4488 38.4064 45.6676 53.679 51.0385 54.6692 60.7902 54.6692 66.4611 50.2884 60.1601 58.8399 69.7317 54.009 78.1331 72.4321 68.2014 62.6805 50.5285 47.618 55.8694 52.8989 59.1999 51.5786 52.5988 52.8088 55.9594 59.77 52.4188 59.2299 65.3509 66.6412 72.1321 82.6038 75.5527 71.532 70.9619 79.6933 76.7529 65.621 75.2526 64.6008 61.2703 57.3096 64.0607 53.739 55.1792 58.2698 57.1296 63.4006 51.8487 55.2393 53.679 53.859 59.83 56.1994 49.1782 72.9722 64.3908 62.2604 70.4218 70.2118 80.2634 69.8217 80.5335 83.864 90.6752 87.1346 93.0156 97.1263 105.228 105.498 113.809 119.81 118.37 141.954 151.135 155.426 166.918
170.669 151.981 145.007 139.361 119.073 126.108 106.121 122.394 92.2937 107.812 101.683 99.9623 81.5156 77.8323 63.6425 86.8896 69.4996 85.3196 69.6203 64.7294 55.2796 65.4842 57.0005 47.279 51.9284 53.3474 61.3178 50.7208 53.6191 54.1928 45.0449 54.0418 48.4867 56.1854 55.8533 57.4232 50.4189 58.1176 60.4423 64.035 70.1638 56.9703 82.6326 96.0374 78.7682 61.9518 74.3301 79.6739 57.9364 72.9413 63.4312 50.8416 59.5668 55.5514 41.6937 56.7892 57.4836 54.2531 41.271 52.8644 56.125 66.3597 56.1552 62.1028 57.6345 48.4565 51.5662 57.3628 52.6228 63.7633 58.3591 53.5889 73.998 62.2537 66.6918 66.9937 40.3049 46.8866 42.5391 47.3696 43.2938 44.7732 39.9124 41.0295 39.2784 40.3049 37.0443 35.7461 36.7726 30.9457 34.6894 30.7948 25.4208 22.9451 19.9562 21.9488 20.0166 23.9716 20.0166 24.2433 21.9488 21.4658 18.4467 28.3795 26.8096 25.451 23.8509 25.4812 27.1417 31.6703 31.5194 28.5305 35.6857 39.1879 43.0523 34.5988 44.8638 37.7689 61.0763 38.7652 55.5212 41.2107 44.7128 71.0997 64.9709 71.5828 57.4232 58.0572 65.8465 70.2845 61.0159 63.8539 48.215 56.2759 58.0572 49.9056 50.7812 58.7818 46.4639 58.9931 49.2113 43.2033 46.3431 47.6715 41.5729 53.6795 58.5403 56.608 55.6419 61.8613 63.9444 80.6098 88.7614 86.1348 74.3301 69.56 77.7719 73.1527 70.4355 50.1774 57.6345 55.8533 53.0757 54.4343 55.0985 45.2562 48.5772 50.5095 46.2224 55.34 48.1546 54.3437 51.6869 57.4836 49.8755 62.5255 50.0868 55.8835 61.0461 67.5674 62.0726 64.6086 77.1379 81.3646 88.4595 82.9346 89.9389 94.4977 99.449 94.1656 97.9696 99.7811 119.737 110.891 115.239 133.323 128.493 144.222 170.156 173.175
174.394 163.488 154.892 138.336 142.771 118.5 118.318 112.243 116.283 101.884 104.193 84.5389 91.3433 85.3287 82.2302 80.4987 61.7258 70.2314 63.0017 64.3079 66.9507 74.5753 56.501 47.7828 55.3771 63.7915 52.4609 51.0635 47.9955 47.0538 58.0502 56.5314 44.5933 48.7245 52.5216 41.9809 46.0514 53.5848 60.3892 52.066 59.0223 51.1547 76.4282 66.009 69.3808 78.0686 69.1074 67.4974 76.9143 70.4136 66.495 59.2349 54.5569 57.9287 58.6578 50.213 58.6881 42.8922 41.2518 45.2919 42.4061 51.4584 50.2737 36.5434 50.0611 45.8083 51.6103 57.0478 60.2677 60.4196 61.0272 45.7476 60.8753 42.6491 59.8121 59.083 72.297 56.4403 58.1414 44.8059 59.721 46.9019 53.9797 60.0247 49.7573 38.5483 45.7476 42.6188 34.6904 33.3538 29.7693 29.9516 35.784 28.4328 25.3647 25.1217 31.2882 23.694 23.8762 23.3902 25.79 25.8507 16.2213 25.7596 18.9552 32.2299 34.8119 33.5057 40.7658 37.4547 28.6454 38.123 32.0476 41.586 41.1303 42.2542 41.0392 47.9651 61.0879 49.8485 56.744 81.7442 48.4815 53.2203 65.5837 63.1839 66.4039 58.111 64.3686 65.2799 57.5946 37.6066 51.6407 45.2616 52.7646 42.9833 49.0283 52.7039 47.5702 46.0514 42.4061 48.2081 51.3066 45.9298 47.4183 52.0052 58.5363 60.1159 69.1378 72.4489 81.8049 62.6371 78.5546 65.4622 70.3225 74.9094 64.5509 71.7198 51.8533 55.5593 54.2835 56.987 46.9019 47.0234 45.3831 54.8607 49.5447 44.8363 52.8862 49.1802 48.2081 47.4487 51.1851 60.9057 51.2762 54.4354 56.501 58.5059 63.0017 65.5533 71.9628 67.4367 74.6664 69.8668 69.958 69.6542 83.9313 82.1695 91.9812 84.7515 88.6397 110.997 130.317 119.563 128.069 143.014 135.542 161.848 154.072 166.313
167.943 150.247 148.902 146.824 119.806 126.377 112.257 116.078 122.435 112.655 96.2729 80.9915 99.2986 86.7678 91.4439 79.5856 81.022 62.3787 61.8286 66.8409 65.3433 70.325 60.0559 58.3138 64.8849 59.1085 57.4275 48.656 45.997 62.8371 50.0313 47.9225 58.5889 47.7697 41.9322 41.6266 51.9262 40.0067 42.3906 49.5118 45.5386 45.8748 62.8983 63.1428 50.826 62.6843 62.8066 72.8617 95.0809 63.8152 58.4361 85.2091 71.1808 75.7041 59.3224 48.8088 50.3675 47.0056 39.2121 53.3932 39.4872 51.1622 48.0753 37.5923 39.3343 48.2587 47.2195 50.6731 49.8785 48.6866 50.7648 49.9702 53.3627 55.227 63.479 59.2613 69.4998 56.5106 55.716 53.3932 62.7149 47.3724 52.8431 61.2784 45.8748 62.3176 56.4801 51.6512 40.2512 48.2587 42.4823 42.6046 42.5434 37.8979 36.3697 30.5017 32.2438 23.6862 28.0872 20.7522 31.7853 26.8036 36.5531 27.4454 32.366 39.1815 43.8882 26.5285 46.7 40.3735 59.7809 47.3112 47.5863 51.4678 75.2456 55.3187 58.864 64.2125 64.9765 60.331 48.8699 66.1379 59.353 52.5375 50.2758 56.694 50.123 57.6109 50.2758 56.7857 45.8748 57.0913 48.5032 55.5326 43.552 45.1718 48.5643 41.5349 39.3038 41.3821 45.5386 41.9322 55.0742 48.3198 50.3675 62.5621 58.0999 62.287 71.7921 62.4398 78.0574 63.479 75.0928 63.5707 65.0988 47.678 56.6023 56.2356 45.997 53.2099 53.8822 46.5777 53.2099 39.426 45.8137 46.211 44.3772 56.7551 45.019 55.5632 54.0045 50.9788 55.2576 57.2136 52.8125 49.7257 52.6903 57.3053 61.1868 60.0865 75.7958 66.413 58.0388 76.3765 84.8729 75.5207 71.9449 97.312 98.9624 105.808 109.201 118.584 127.661 127.722 134.782 132.795 146.946 158.56 158.04 156.512
164.752 143.443 143.381 140.921 131.02 128.714 119.059 115.677 119.059 121.734 100.856 105.191 104.146 94.3986 81.7609 94.2449 80.285 74.9347 72.321 63.6192 54.4868 59.8986 56.6392 53.7488 47.2916 56.4239 54.1793 51.4119 56.6392 39.2661 47.1686 46.1846 44.4012 45.0777 46.9533 50.0282 40.2809 42.587 41.9413 40.8958 35.0536 44.4627 57.3464 46.0309 48.829 54.1178 54.702 68.047 73.2435 64.7261 71.7983 74.8732 64.0804 64.2034 73.3358 72.3825 53.1338 59.8371 54.2715 45.2314 46.7381 44.9239 47.1071 43.5402 39.2046 40.2194 46.9841 44.7394 42.6178 41.2956 46.0001 44.5857 47.1686 48.6753 49.4132 55.1632 58.7608 56.1165 48.8905 59.2836 59.2221 69.3384 53.4721 46.3691 64.1726 62.2662 65.8638 52.9801 52.5189 61.0978 62.2355 56.9774 55.0403 41.4493 50.5817 35.8838 34.7768 28.3811 33.7314 36.8062 29.3343 33.3624 42.6178 35.976 34.3463 43.9092 44.1859 41.2033 49.7207 53.1953 57.2234 46.5228 51.6271 54.948 42.587 63.5884 54.456 62.4507 57.1312 53.4413 43.2327 63.7729 55.809 50.7662 53.5643 55.2862 45.4159 51.1044 43.8785 42.1873 38.4667 30.8717 40.7113 42.3718 39.9119 38.0362 41.5416 44.7087 42.587 46.0001 52.0576 56.6084 49.8437 58.8223 53.7488 66.1713 75.9801 85.7582 73.5202 83.6366 52.5496 69.0924 57.3464 46.1539 54.3638 51.7194 47.1686 47.9065 47.9065 46.2154 43.1405 41.1726 45.5696 42.341 34.4078 46.3999 49.075 50.9199 45.5389 45.4466 49.1672 50.2742 49.5055 54.1793 52.0576 59.3758 55.2247 60.698 69.1539 62.6659 56.6392 78.7475 86.2502 73.674 87.7262 86.1272 85.7275 95.0751 114.724 100.179 114.508 113.617 115.185 117.368 117.429 141.106 133.45 135.694 144.95 150.853
155.54 144.527 134.102 127.636 115.51 115.85 125.44 99.3312 129.616 110.622 105.797 101.62 105.209 99.8881 82.9049 104.466 92.9896 86.8955 77.3676 78.7597 62.4571 77.4604 71.1807 66.0146 53.7026 71.9541 50.176 63.1686 59.1162 48.32 47.2063 50.2688 41.4215 47.0207 41.8546 44.2985 42.2568 40.9266 40.8338 44.4841 35.2965 41.5762 42.597 40.5244 45.2265 53.022 61.6837 47.7322 60.2607 54.909 51.8156 67.4376 62.1787 69.1699 62.055 61.3125 67.3138 63.0449 65.9218 61.0341 49.9595 54.8162 55.7752 46.1855 37.4 36.7195 43.2776 39.4108 35.5439 37.7403 41.2978 43.1229 37.1216 45.2884 44.3294 42.628 40.6172 50.7019 50.5782 43.2467 54.8781 52.1559 62.9521 44.6387 56.5795 61.1578 55.0637 54.8162 55.9608 72.2634 46.0617 54.7853 57.4766 58.6521 52.8674 50.176 53.053 42.5352 37.2144 37.5547 42.4733 37.3072 48.5056 52.2487 53.6098 48.9387 50.3307 50.1142 54.7853 70.3454 55.1875 61.7456 59.3636 61.0032 46.0927 50.9185 43.7107 54.5997 54.8162 44.2985 51.4444 51.0422 55.9299 46.0927 51.1659 40.3079 41.5453 48.289 41.6381 36.936 37.3691 37.1216 37.0597 41.0194 44.1438 45.6596 47.2682 46.3092 56.7342 55.0018 51.8156 60.0751 57.3529 90.1436 59.0234 79.2237 72.6965 61.0341 68.675 58.2191 60.1989 68.0253 48.3509 48.32 48.8458 45.6905 52.8055 42.597 43.556 46.5876 44.4222 39.9057 46.5257 46.1236 47.6085 47.1135 40.8028 50.4235 46.7114 50.0832 49.0005 50.5473 51.4444 68.0872 59.0234 62.3952 67.1592 59.0852 64.7772 69.8505 74.4907 77.3676 73.5317 90.5149 93.9486 103.415 99.2694 97.8773 116.717 110.066 121.635 119.903 110.313 101.992 121.573 132.493 127.203 137.195 150.992 157.117
153.736 149.068 129.275 121.868 122.148 102.013 109.762 110.852 95.8826 94.3577 102.449 109.078 105.81 104.596 99.337 90.4676 92.4593 83.4655 81.536 86.5464 82.065 81.8161 66.567 59.7827 60.0005 46.2452 53.7142 56.8885 52.376 54.6478 45.4983 42.6975 49.4506 40.8302 49.9486 40.3634 44.378 43.4132 44.0668 33.7347 37.936 40.3634 40.2389 37.5937 39.492 40.9858 36.8157 44.378 50.4154 46.961 51.9403 56.9818 65.4777 72.0442 53.3096 64.9487 73.1023 63.2059 60.6229 75.0318 68.0919 60.0316 60.8097 48.8905 48.7349 43.7556 43.4444 46.4319 42.9464 41.7016 41.8261 44.8759 42.1995 38.4028 35.6953 37.8115 50.3843 37.7182 48.4859 50.6332 37.2514 55.7681 44.1601 55.7992 50.2909 55.2079 68.4964 59.6582 67.9985 61.0897 59.596 58.3511 52.376 49.1706 49.2017 50.6643 46.8365 53.4341 43.9734 61.0586 57.0129 46.6187 37.4381 43.8801 57.3242 66.4114 68.4342 59.098 64.513 62.9259 59.7516 57.1063 56.4217 72.76 50.3531 52.8117 49.8241 53.1229 42.573 48.0191 40.5813 42.6352 35.2285 32.6144 42.1995 30.9961 37.0335 38.6207 35.5086 39.6165 40.1456 34.4816 38.4339 41.0481 44.3157 48.1747 57.3242 69.679 65.5711 60.0316 73.6002 66.5358 67.3139 72.6977 73.538 52.5316 65.1977 52.9361 50.6332 50.7577 48.6726 40.6746 41.6705 44.1601 42.4485 40.5501 39.3676 41.5149 37.5003 40.4257 42.4485 44.4091 41.0481 50.4776 41.5771 43.7244 44.378 44.2224 47.2722 52.2515 43.5377 54.2432 56.515 52.7494 66.2246 63.1437 72.262 66.2869 76.1832 75.8098 87.0443 87.6045 90.1875 88.3825 89.4406 105.935 107.895 104.036 109.202 106.93 97.0963 95.8826 93.673 118.383 104.347 118.258 126.163 116.049 139.047 165.126
145.45 141.224 128.826 127.167 117.556 108.634 99.273 101.965 87.7209 91.3838 93.5126 83.9641 89.8497 90.6637 92.1977 98.866 92.7613 96.7998 102.654 80.1134 83.8076 87.8774 80.0821 79.5186 68.7491 61.3295 66.4638 64.648 52.7515 48.7756 50.4348 44.737 50.654 51.6871 48.7756 43.9544 45.8641 49.6835 39.2897 46.9285 44.1422 42.1699 38.5383 35.439 31.6822 37.4113 40.4167 37.5678 34.9381 41.7942 38.0061 42.7647 44.7996 49.0886 65.5246 60.4529 60.4529 63.834 69.657 74.6974 57.2596 59.3572 68.4361 59.952 57.9171 51.4992 55.4752 50.5914 47.5546 43.2343 41.3872 38.2253 40.9803 36.4408 35.5642 47.6798 44.5179 36.6913 30.1169 36.0338 44.3301 40.7611 41.3559 45.0188 54.0351 52.8141 47.2103 45.6449 61.6739 54.9117 53.9098 62.6444 56.6022 57.0718 60.9538 56.1326 62.6757 68.0291 46.2084 54.849 56.477 51.6245 52.0002 62.8322 43.8291 54.4421 55.6317 70.8467 43.4222 65.0863 54.8177 50.7166 48.2747 49.5895 51.8436 44.7057 41.7629 45.2066 46.8346 42.1073 44.2048 42.4517 39.0079 41.7003 39.7593 41.5751 37.1609 48.4625 31.9327 39.8845 42.3264 42.1073 44.3301 47.1789 48.0555 61.8617 54.7551 56.2891 61.3921 75.7305 69.0622 67.4969 64.7106 58.3241 67.9978 51.7497 41.262 46.8346 53.1585 44.0796 37.6305 42.389 38.8827 37.1295 44.6118 38.3192 39.0706 41.1055 34.4059 41.669 39.5088 56.1013 45.6449 43.3595 44.7057 45.8641 51.1862 46.8033 53.0333 59.0754 51.0923 56.2578 67.0586 59.138 68.8431 78.8612 65.5559 73.4764 83.8389 107.663 100.056 87.3452 89.2862 100.212 86.4373 105.409 104.814 120.843 84.7468 88.8792 82.1483 96.8937 97.6764 103.155 116.773 123.254 120.655 141.599 147.798 149.113
162.911 137.276 134.693 120.238 110.381 123.671 99.1698 101.437 97.1228 87.2026 90.2889 77.7234 76.5582 90.2574 94.0995 89.0292 90.8243 97.1542 89.848 84.2423 101.878 95.3907 86.2264 80.1168 74.7316 62.796 81.1246 63.0794 62.2606 61.2528 75.5189 64.2761 44.9083 53.8206 55.7102 54.419 52.6869 45.6641 36.0589 46.8608 39.523 38.2633 37.1926 42.2944 50.4509 40.1214 37.0351 41.2866 38.7987 43.806 46.3884 40.0584 52.5924 41.5701 48.7503 57.3793 57.5367 69.5039 65.7878 79.6129 80.7152 88.0214 67.8348 62.1346 61.1584 68.811 69.8818 52.8758 50.199 48.8448 54.419 41.9795 49.0023 43.1762 41.3811 36.1848 45.3491 39.0821 38.4523 43.5856 38.8302 49.0023 56.6234 58.8909 48.5299 54.1041 57.5682 57.8202 61.4733 58.1666 55.5212 70.8265 64.2131 68.3072 59.3633 60.3396 66.4176 63.7407 55.0803 61.9142 55.4897 61.5678 56.8124 60.434 51.2382 58.324 72.5586 51.3012 52.372 69.5039 64.2446 63.8352 52.1515 48.1835 49.4747 57.9776 57.1273 61.5678 44.6563 49.0338 39.3971 32.9096 44.058 43.3021 39.5545 42.1369 48.089 48.9708 43.1447 48.5614 57.7257 47.0497 57.7572 64.4021 70.7321 71.0785 65.1579 61.6937 89.2496 69.3464 67.7718 52.5609 61.6937 54.5135 50.9548 55.6787 47.5851 46.5144 42.4203 45.6641 44.3729 42.3574 42.1369 46.9553 39.1766 35.0826 39.3971 42.8927 41.0977 42.9872 46.0105 45.979 48.2779 46.042 58.4815 56.0881 53.5057 54.1985 52.8444 57.6312 59.7727 46.6718 63.0479 56.9699 65.7563 80.7782 85.754 92.8083 81.4395 85.9114 85.7855 105.405 93.4066 88.8402 86.6358 100.555 87.2656 85.4391 99.3902 99.1068 77.6604 91.3596 91.3911 100.87 108.995 110.507 124.301 138.441 131.89 157.053
154.717 152.151 126.745 123.672 120.061 106.788 100.737 85.9118 78.6891 92.3108 81.0016 80.9066 87.6541 82.934 68.1719 76.1232 84.4229 96.8092 90.6002 93.6413 98.6465 85.6901 92.6593 99.5969 89.6182 78.2773 86.4187 79.5761 78.3407 67.3483 77.1052 73.7156 47.2325 69.3123 64.0537 62.5331 66.683 50.8438 62.0263 60.4741 53.5682 55.0887 57.623 34.6878 50.4003 55.0887 46.2188 53.98 49.3549 50.8755 48.0244 40.7384 59.8088 55.7223 52.3961 62.7549 58.5417 67.8234 63.5152 69.3757 79.0059 84.0745 68.7104 83.7577 84.9298 80.7482 69.7241 83.1241 75.4263 78.9742 59.5554 63.3251 58.9535 52.8712 51.7942 50.8755 52.7762 50.4637 49.6084 43.9063 50.2103 41.3086 54.2017 56.7994 53.188 55.3422 64.4655 72.2901 76.1549 73.0821 56.6093 54.9303 62.3114 65.2258 59.2069 63.5152 63.832 42.8292 52.5861 49.9885 72.1 66.1445 83.3458 82.9657 55.6273 74.1274 55.7856 53.8533 66.0811 72.3218 72.4802 44.4448 71.8149 79.3544 46.5356 55.5639 52.6495 58.5733 52.6812 55.0887 47.4542 53.093 48.8164 51.9209 46.2505 61.8362 63.3251 48.4679 67.6967 73.0821 64.6239 68.2669 86.3236 72.892 84.3279 80.7799 90.8536 72.987 80.0513 65.6693 61.9629 60.3473 63.1984 65.4159 56.3559 51.414 55.5322 52.9663 45.6802 51.5091 47.4226 59.9355 51.3824 55.0254 48.4679 51.6675 63.0717 42.449 54.075 52.7762 58.5733 65.9227 49.9568 51.9526 59.0485 53.8849 60.284 70.0726 78.2456 73.1771 69.7875 89.0163 79.9246 88.2877 104.38 89.1113 86.8622 85.5317 96.8408 79.7345 98.2664 98.2981 97.5694 89.7766 82.5539 96.0489 78.9109 95.447 82.0154 87.4957 91.9941 82.5539 99.6919 94.7817 110.811 114.106 126.523 152.405 139.068 145.816
158.206 141.063 126.406 126.374 120.606 95.9116 100.309 105.981 94.3821 98.875 90.3354 74.4032 83.0384 74.6262 86.2567 82.4649 84.9503 87.0533 71.1849 77.8764 89.8574 76.6656 84.6954 101.615 86.2567 104.419 101.456 86.7347 118.95 80.4255 88.0093 66.0866 85.9699 53.5639 78.3544 75.614 73.8296 72.6825 71.5991 63.3144 65.6086 58.0249 55.6988 69.2412 56.2405 62.9002 55.9537 59.5226 64.8758 59.427 58.8853 53.1816 63.2825 82.0506 74.2439 66.0229 69.9103 67.6161 77.0161 80.33 77.2391 76.2513 80.3937 102.762 96.6764 100.628 83.8669 85.5557 103.782 72.2364 75.2635 75.8371 79.3422 78.1632 70.1652 84.4405 66.2141 79.151 57.3239 60.0005 70.2927 54.0738 64.589 62.9639 77.4622 54.4561 66.2459 68.4764 81.5408 71.2486 68.4127 59.8093 71.2805 70.1015 63.7924 68.2534 45.3429 56.7822 56.6229 38.3646 50.2819 62.7727 63.41 47.669 65.0032 67.4249 54.711 71.2168 60.5741 73.0968 84.5998 73.0968 81.1903 64.4934 48.3063 66.469 64.0154 62.932 73.511 69.6235 59.9368 66.0866 70.7388 76.3788 56.3361 66.0229 80.9354 90.8133 88.4872 69.2412 89.7618 93.0757 94.5096 96.8038 105.343 86.5435 80.6805 74.69 82.1462 70.0378 71.7585 69.1774 81.6683 81.031 57.8656 72.4595 66.8513 62.709 73.4473 71.8222 75.4547 56.4636 62.8046 70.452 64.4297 70.6113 57.1327 71.7266 77.7171 70.9937 75.6778 66.4052 79.7245 66.692 54.3605 64.8439 82.4967 69.4324 76.9842 84.5042 88.2323 71.3124 95.0831 103.623 90.3991 102.253 98.4926 98.6201 96.1984 108.052 92.4384 91.355 78.0995 91.0364 74.8174 73.7978 80.2025 89.8893 82.0506 78.2906 82.4011 81.5089 82.4649 96.9631 95.3381 109.295 119.427 140.33 135.168 152.821
144.899 135.476 127.656 114.419 100.445 117.24 103.683 85.6703 86.0229 61.8249 86.4395 84.9973 74.0681 68.1388 73.5233 70.5747 57.4982 63.78 69.517 78.2347 73.7797 68.7478 76.2155 77.6578 90.2535 75.6386 80.35 90.542 79.1321 82.1768 73.6835 65.703 73.8758 65.2543 83.8114 65.062 67.5299 72.0169 62.2416 60.8634 72.3695 61.6647 54.87 58.2674 59.293 60.9275 53.4278 63.3633 50.8958 52.4022 60.7673 65.9594 69.4208 72.8502 55.1905 57.6905 59.1327 58.7802 71.6003 70.158 70.767 76.2475 81.4397 86.728 77.6578 104.644 95.8303 90.6381 97.2084 90.7343 94.4841 97.7533 92.497 88.8433 85.3819 96.1508 92.0804 97.5289 91.2471 87.5613 81.2153 76.5039 80.7666 66.2479 80.7025 63.2031 75.1258 73.2989 71.9528 89.6125 86.5036 68.6837 65.5107 69.3247 65.9594 78.459 56.4405 49.8702 57.9469 63.9403 64.0685 73.2669 68.6196 57.8828 72.5618 72.6259 71.5682 80.1256 91.183 87.5292 80.7025 80.2538 72.0169 67.6581 78.2667 67.7222 72.5297 76.0552 76.0873 89.4202 75.4142 92.8496 94.7085 94.5803 86.5357 101.888 92.1445 111.407 93.9393 95.6379 97.0161 93.3303 96.4392 87.3049 91.5035 93.2342 82.6576 80.35 75.7988 63.9403 64.5813 73.363 70.4465 70.4465 62.7544 59.2609 60.7352 75.2219 63.0108 57.6264 60.2545 63.2672 57.6584 68.0106 54.838 55.5431 70.6067 55.4149 53.2034 58.2674 70.4144 67.0812 80.2859 76.3437 75.4783 59.5814 69.2926 76.0232 64.6454 86.1831 89.4843 90.7663 90.3176 76.536 85.2216 87.4331 69.1644 82.8499 67.7542 64.0685 73.8438 67.7222 80.5743 71.0234 78.1065 61.5685 61.9852 72.4977 70.3824 68.267 90.0612 97.3366 94.2918 89.8369 114.516 119.932 120.317 140.701 148.489 144.13
147.448 144.966 132.684 115.083 104.187 100.706 102.898 89.8422 88.2949 72.0156 78.0116 72.9182 76.0452 59.7014 66.5355 61.8612 48.9345 65.2783 63.0862 61.3777 54.6403 60.604 69.2433 65.375 74.0143 76.98 81.2352 80.9451 86.3285 80.9773 88.037 83.1049 76.3675 75.9807 68.244 60.2817 69.9203 65.9552 57.2515 56.1554 42.6807 48.4187 48.4187 48.7733 52.6739 41.0367 61.7323 43.3577 52.1904 50.8042 47.6451 45.2596 51.4167 44.4215 45.582 53.641 47.1938 46.2267 58.7021 53.8989 52.5127 67.696 61.2487 72.1768 69.6946 70.2426 71.2097 83.1371 88.037 102.769 91.7119 98.5782 86.2318 84.62 93.4849 94.1941 92.5501 96.8053 79.7201 85.3292 79.9135 80.4937 83.0726 88.4238 81.9121 84.7489 104.026 80.0747 62.2481 67.148 84.8456 83.3628 75.9484 85.0068 76.5932 81.074 66.471 60.604 72.1123 64.5368 65.3105 70.2104 70.4361 81.8799 80.2681 78.3017 85.7482 74.3366 80.7516 77.1734 80.3326 74.4978 87.2311 76.4642 84.7489 81.9121 97.5144 77.8826 91.4863 92.1955 93.0981 80.2036 95.1612 100.545 94.8388 95.9349 89.0041 99.0618 88.6817 88.5206 111.924 93.1626 84.7812 79.5589 79.2688 70.5328 79.0109 61.6356 58.3153 53.7377 49.8694 56.6712 50.9332 45.3563 51.2233 47.1615 43.9379 49.3536 55.4462 44.5182 47.6451 48.451 43.9379 54.189 49.4825 50.1917 52.8029 53.7377 48.1609 53.0608 56.091 56.1877 56.3166 49.9016 65.6651 62.5704 69.2111 72.1123 74.2722 80.1714 80.3648 78.7852 86.1028 82.9437 77.0445 84.3621 69.7913 67.3736 60.5073 74.6268 65.246 59.508 60.1205 58.6698 68.7275 58.4764 71.6933 75.4971 73.3373 75.755 83.0404 87.6502 92.9047 96.5796 99.2552 116.018 133.039 134.328 142.387 166.532
155.334 148.591 132.866 124.144 113.931 100.509 95.5155 81.9955 82.1901 72.3013 84.4272 72.9497 73.1767 76.6783 70.3236 75.965 68.2161 57.8735 62.8989 65.4278 65.1036 60.5969 67.1786 64.0337 67.0813 69.1888 67.0489 78.1373 73.663 78.1697 78.4291 96.5855 66.7247 78.9803 73.6955 71.1341 63.8716 68.4755 56.609 63.2231 51.5836 56.2199 67.1462 57.2574 42.7648 45.2613 49.7679 55.2473 44.8074 47.8226 54.0152 39.8792 45.0019 49.7679 60.3375 57.0305 61.1481 65.363 60.0133 53.4641 64.7145 73.3712 71.5232 79.9529 70.6154 91.8194 58.8461 89.9714 82.5143 99.0495 94.7374 94.8671 121.518 105.988 104.01 116.493 107.447 101.189 102.648 80.7635 90.3604 92.0788 94.2835 78.4291 87.0209 87.0858 86.3077 81.6713 79.7584 67.5677 81.4119 73.2091 92.3057 73.3064 82.8709 67.4704 69.3509 71.2638 56.0254 65.2657 71.2962 58.6516 58.2625 71.7501 67.1786 91.171 75.8677 81.5092 87.0209 67.7946 93.7323 69.0267 66.2708 90.555 84.1354 93.9917 100.833 78.4939 96.553 105.112 108.355 101.708 94.3808 95.1589 109.133 109.911 94.8671 86.4373 111.273 103.362 98.2714 91.4952 76.1271 80.1475 88.9987 73.7927 64.0337 70.1614 69.6103 53.0102 57.6141 53.1398 63.3528 51.2918 53.8207 42.3109 50.6758 52.4914 40.7222 47.6605 51.0972 51.4863 49.7355 45.5206 56.609 60.0782 54.8258 56.0903 53.691 61.8938 63.4825 55.766 69.74 72.6579 71.3935 67.7298 69.3509 84.5244 74.0521 83.9408 82.8061 88.7069 76.7431 73.9873 67.1138 64.7794 62.8016 60.2727 53.3668 64.747 57.2574 52.9453 65.6872 60.0457 65.979 65.4927 72.8849 66.0114 87.4749 77.6834 73.6306 90.944 98.3363 92.4354 105.923 114.126 112.894 138.475 138.248 156.955
149.443 144.812 110.085 113.443 108.226 102.552 95.9329 84.1614 88.433 98.5741 74.9659 67.8573 78.8136 72.4551 74.6724 74.0203 66.0965 57.0967 58.7923 64.9552 59.8358 66.2595 63.7813 60.8466 67.7595 68.8356 64.4009 63.7813 67.14 86.1178 70.9225 74.2485 80.9332 77.1832 83.1179 93.0307 82.2049 95.7698 83.4114 72.2594 70.0095 73.6942 80.8353 71.5746 76.9224 71.5746 70.1073 69.3573 72.1942 71.6073 65.5422 72.7485 70.7921 59.7705 61.4335 84.0961 72.9442 56.9662 73.8898 66.4552 73.7594 63.9444 76.3354 82.3679 70.4986 70.2377 80.0527 78.9115 66.9443 83.3788 93.1612 97.4654 94.2372 104.574 116.345 124.889 116.769 101.346 94.4981 120.454 89.8678 109.204 71.7377 90.6504 83.5418 71.2486 72.7485 59.5423 72.129 75.8789 73.955 71.0855 57.6836 61.0096 64.3031 68.5421 53.575 71.9659 59.7053 63.5205 48.9447 47.999 59.8684 54.9119 76.5637 47.5751 69.1617 70.0095 55.0098 59.314 67.1073 72.0964 79.7919 81.4875 73.8246 67.1726 71.4768 81.5527 107.085 107.248 100.4 107.933 118.465 121.4 109.889 110.509 101.802 106.628 83.4114 97.5633 86.9004 89.9656 72.6833 86.3135 69.2921 80.5745 65.3791 71.6725 81.8136 78.8136 73.5311 71.0203 80.2158 77.0854 54.325 72.5855 69.4551 67.6943 75.2267 59.2488 66.5204 61.3357 60.4553 79.1723 71.7703 76.9876 73.4007 67.1726 73.8572 83.9331 74.8681 79.8571 77.118 90.4221 78.5528 83.2157 83.1831 75.5854 82.2701 70.4986 80.5745 67.6617 65.7378 75.7811 70.8573 59.5423 63.6509 61.8248 55.4989 63.4226 56.8032 63.227 56.3141 58.4988 59.0858 63.1944 82.4983 76.8572 82.0418 74.5094 75.0963 98.1828 94.5959 91.8568 103.107 118.726 135.16 131.9 139.823 150.78
150.787 137.046 124.388 124.486 108.253 103.563 91.4296 84.9692 93.5612 77.0002 73.4585 77.0002 72.9666 71.2285 72.5075 68.7362 71.8188 68.1787 65.8503 66.1126 59.7178 60.1441 69.9823 63.5219 70.3103 83.5918 71.6876 71.1301 68.7034 81.0339 70.7694 84.8052 81.6898 91.3968 89.5931 105.4 107.958 100.218 116.911 91.1672 83.4279 105.433 97.3325 81.3946 85.4939 96.3815 74.1472 67.49 85.1004 73.5569 78.4432 76.0164 87.0024 68.3098 62.6037 77.2298 67.4244 61.5871 54.0117 80.1485 64.4402 56.6352 69.2609 69.6872 67.4244 66.6701 64.5713 64.145 83.4279 72.8354 78.9351 92.9709 101.956 104.711 106.777 115.304 89.3636 111.762 110.745 113.664 113.959 91.1344 92.8725 79.9845 90.249 81.8865 80.2468 69.6216 60.5377 73.9832 59.3243 62.5381 58.57 54.1428 50.0436 57.1927 53.8149 47.0266 50.6339 44.3374 51.7161 54.6348 49.7485 59.0947 58.7012 58.1437 54.9299 57.3239 59.0619 55.389 66.8669 65.26 70.9989 92.7086 70.9989 85.6906 87.8223 96.4471 96.2503 82.772 105.301 101.104 106.81 114.221 119.862 105.433 100.481 104.875 86.0186 88.9372 78.7711 74.5735 75.9508 61.5543 62.4725 69.6216 59.7506 64.3746 66.0143 63.1284 61.3247 65.9487 61.8166 69.4576 73.2289 62.4397 72.2451 79.6893 64.2106 64.2762 76.0164 72.8026 70.1135 87.7567 72.8354 93.9547 78.1152 88.2486 92.0855 100.907 96.0863 99.7921 97.2013 100.579 106.515 83.6246 89.9211 84.4773 94.545 89.7243 69.1297 66.9653 69.4904 70.4087 70.3431 56.0121 61.2263 61.8494 59.9146 58.0453 67.6212 72.6714 69.2937 68.8673 70.671 69.0641 62.4397 66.1454 85.7234 70.9334 71.8188 85.9202 88.1174 92.2494 105.728 130.914 120.092 125.765 133.931 147.835
148.838 131.326 128.16 124.202 120.344 107.91 98.9727 92.6405 96.5981 90.6288 93.0693 73.2813 83.604 83.1423 86.5722 70.478 65.5311 68.1035 71.8302 60.3532 79.8773 77.4698 62.398 87.8914 77.2059 73.4792 75.1942 87.3308 72.7207 85.1541 87.8255 90.3649 89.1447 99.7972 96.8949 104.052 93.0363 124.664 97.3896 94.9162 80.5699 92.0799 80.405 86.5722 87.1329 67.1141 82.3838 75.425 71.9951 61.1447 64.3768 70.7089 63.0246 61.7714 68.3014 61.9692 54.9775 47.8209 54.12 62.6618 53.3285 55.4392 63.7831 56.8903 62.5958 54.4828 69.4886 64.5746 76.5134 71.9621 80.2071 75.425 73.4462 87.2648 100.622 94.7842 96.4002 102.436 106.69 102.172 105.997 101.314 88.4851 83.8679 76.6453 88.2872 62.9256 66.7843 72.5888 59.1 56.9233 48.7773 60.1224 58.8032 58.6053 48.5794 53.4604 43.5994 45.2484 57.2201 51.4157 48.9752 50.6571 52.6029 54.9775 60.2213 56.7584 44.6878 60.2873 76.7442 73.6771 73.2484 81.1635 76.4144 67.0481 91.6182 91.5192 90.5628 104.085 87.9244 108.57 113.814 98.7748 102.93 88.3202 93.3661 89.9032 90.6947 86.3084 88.0893 85.9456 62.398 71.2366 57.0222 53.4274 57.2201 50.1954 62.8597 55.7031 55.0105 55.2084 52.537 59.8255 64.6076 54.7466 57.418 67.6748 59.5947 55.769 77.9645 74.1058 77.9975 70.511 73.776 75.9527 81.5263 93.1023 97.1588 90.9586 90.167 108.273 82.9444 90.5298 98.2141 99.4344 82.021 72.7537 90.1011 92.4427 90.9915 87.2318 81.8231 74.5346 71.0057 68.9939 80.5369 85.5169 73.809 67.5099 94.7183 93.597 84.4285 64.7395 76.7442 77.7336 86.6382 66.9162 92.4756 84.9562 81.2955 90.6617 90.9256 93.7289 113.781 94.1906 107.679 119.189 121.63 133.272 151.971
162.115 144.935 123.841 132.265 122.548 108.054 119.994 97.7729 89.3156 95.6503 101.189 79.9296 92.1347 88.0553 85.1367 81.9859 84.5065 91.3387 67.4261 90.808 92.8312 73.8271 88.8513 88.0221 71.6382 73.595 70.1457 67.1276 70.0131 73.8603 64.9387 78.7357 74.0261 86.7286 74.7558 79.5648 71.008 75.7508 93.196 94.1578 93.1628 86.4302 83.6774 83.9759 75.9497 72.2683 68.4543 57.609 67.6583 56.1829 51.805 63.3799 52.999 53.397 50.8432 55.1879 47.3608 44.2432 58.6372 48.4884 64.0101 63.7116 59.1678 67.6583 78.7357 72.2352 67.5256 85.601 71.0744 82.7819 86.6623 77.409 86.6623 73.8603 91.0402 65.5688 93.8261 89.0834 89.6141 88.9176 102.516 91.9357 96.1146 92.8312 92.7317 90.9407 72.2683 65.005 70.3447 70.8754 68.0563 63.4462 60.2291 64.3085 62.9819 56.9789 43.9447 52.601 38.5719 47.0291 44.1106 41.3246 45.8683 48.8201 48.4221 64.607 50.1467 57.5095 62.1859 62.4844 59.7648 65.602 78.5035 72.5337 95.4513 86.8613 84.4734 79.8965 98.0714 98.8342 84.7719 91.6704 91.405 82.6492 85.004 74.6563 75.3196 84.407 86.2312 66.199 83.3457 94.9206 89.7136 74.5236 64.3417 83.0472 69.4824 69.9467 76.2151 62.5839 63.2472 59.201 57.9075 52.0372 53.0653 48.9528 54.8894 57.5427 63.6784 56.2161 59.599 56.5146 63.5789 66.199 70.0794 80.7588 78.4372 85.1035 77.1769 102.217 85.6673 87.8231 79.598 96.6121 69.6151 54.9889 83.9759 75.6844 72.6663 82.1186 66.8955 64.9387 80.8583 82.8151 75.1538 82.3176 85.5678 80.2945 79.5317 81.3558 84.4402 79.5648 88.3206 92.3668 102.781 84.7719 79.001 94.9538 94.3236 95.6834 85.5678 116.644 110.774 100.36 104.97 116.843 125.334 139.495 139.396 154.321
164.324 150.416 135.542 125.569 127.937 111.228 108.627 100.889 98.5878 100.622 92.251 88.1487 88.3488 85.2471 85.5139 89.4828 83.813 102.957 88.8824 79.3772 79.644 77.5095 75.2416 68.8047 82.8458 69.305 59.7664 67.9709 78.1098 66.7702 68.4378 60.1999 62.3678 54.3634 70.3389 76.9759 65.236 62.7013 90.1832 74.8747 84.2465 77.9764 97.5539 76.9092 77.176 77.1426 70.0387 74.0743 69.3717 72.6735 59.5329 71.1727 64.2688 69.9053 67.037 73.574 59.8664 67.504 70.6057 68.4045 80.9781 77.4428 62.5012 77.843 85.8474 89.3827 89.983 77.4428 79.7441 85.8141 77.8097 72.8069 67.3038 69.9386 82.9458 73.674 61.4006 71.9397 75.1082 74.2077 88.7824 90.0831 94.6189 81.3783 81.0448 83.7129 86.4811 79.9442 68.6379 76.2088 69.9386 67.2038 55.2972 56.7313 46.2255 52.4623 57.0649 49.1605 50.2277 44.0243 51.3617 48.3601 53.9965 48.9604 48.5602 59.1994 59.5329 60.0999 63.1682 82.3121 61.2005 75.2416 77.1426 76.6757 85.1137 95.4527 84.7135 84.9136 81.6785 82.2788 67.3038 85.5473 77.9764 63.2349 68.2043 66.7035 82.8791 73.1071 74.9414 67.1037 77.8097 75.6418 70.2055 81.1115 82.6457 86.1476 80.878 74.141 64.3355 67.1371 80.0109 55.8642 67.8708 67.7708 60.5001 60.1332 63.1349 57.0649 66.6035 64.3689 67.3372 63.3683 63.6352 74.3077 81.6785 96.2198 92.5845 81.3783 80.0776 87.9486 84.4467 77.5428 71.3728 69.3717 68.0376 77.0426 61.0337 60.0665 61.6341 70.9725 61.3339 69.1048 78.4767 74.6079 62.201 69.3383 61.0004 66.2032 86.5812 79.2438 69.8052 78.7769 94.4188 93.4183 90.7501 90.4166 79.0437 103.924 94.8858 100.756 116.231 92.2843 94.1187 102.957 121.534 122.734 134.808 133.174 156.587 151.851
162.088 140.858 128.349 120.266 118.355 105.174 103.665 118.086 105.61 112.418 92.6646 97.2928 96.3538 106.851 95.1464 84.0454 79.0819 96.7898 102.357 84.0119 71.8377 80.0545 80.8594 76.6001 66.2705 70.3621 70.3285 72.039 78.713 63.2521 66.74 60.9715 67.6455 72.2066 64.8954 71.5694 78.2099 67.5114 71.2005 72.7768 56.0415 72.4749 89.6798 91.1219 81.2618 74.9567 79.1154 78.9813 86.0577 87.3657 70.1608 69.9932 74.3866 73.8835 70.0938 75.3927 77.0025 84.8839 66.1699 73.0786 74.5207 76.0635 94.6434 83.3747 79.9203 76.2312 64.8954 74.0848 84.9174 76.0635 69.8255 75.0909 58.5903 72.542 62.6484 63.621 56.2427 71.8042 70.9322 68.7187 71.3011 71.7036 87.6675 77.0361 86.4602 86.8291 87.0303 77.2038 76.6336 76.7678 80.9264 63.6881 67.7461 64.7613 64.5601 45.2759 52.52 46.282 52.3523 42.8612 39.3062 49.2669 40.8154 52.1511 52.2853 63.5539 61.2063 56.511 80.9264 77.6397 79.216 80.96 86.9632 86.3931 81.7313 79.2831 82.3686 74.286 94.6098 59.3282 77.7404 70.731 55.5049 67.0754 55.3036 54.1634 64.1576 64.5936 58.2214 77.3379 81.7984 81.1947 74.5207 78.344 86.0577 89.7133 83.0058 78.277 73.2463 69.2889 90.2835 84.1461 78.3105 83.1735 76.8684 71.5024 67.4108 68.5175 77.9081 79.8868 90.4847 90.8201 65.5997 90.0487 82.2344 86.9968 71.8377 73.3805 78.0087 80.6917 74.9232 64.057 65.3314 81.1277 56.4439 65.5662 67.4443 84.4814 78.0087 75.8958 77.7404 75.8623 81.1612 74.9903 82.0332 94.6098 72.9109 68.5846 74.2189 89.7804 84.4814 83.7101 81.5301 87.9694 93.5702 91.7927 87.3992 80.4905 97.8294 96.4879 102.357 93.2348 117.885 120.434 115.873 119.797 132.306 153.77 163.932 150.551
155.533 147.777 150.07 133.714 114.492 117.797 117.459 108.017 114.02 106.297 106.465 102.554 104.577 110.074 92.0992 99.0125 96.0786 85.7929 86.636 79.8238 79.5203 78.8795 86.4674 79.7901 77.2271 75.6421 66.3344 79.8575 78.0365 72.1011 75.2374 62.6585 68.8974 70.9208 67.2112 69.9428 68.088 61.2421 67.9194 85.1859 73.0454 79.5203 78.0365 79.0482 84.9161 79.4528 92.4027 96.9217 83.8369 104.071 79.2842 85.9278 91.3236 75.8444 94.0552 101.845 93.3133 94.3924 96.7868 86.7709 96.517 90.5142 77.4969 69.9765 88.1535 76.6201 76.4852 74.6641 66.6041 61.2084 64.5807 64.7831 64.6482 74.8327 58.8814 71.5615 64.1423 61.2421 64.2435 53.7217 72.4721 67.8856 76.0805 75.6758 89.2327 78.2051 93.1109 103.363 82.5891 94.7296 78.6435 79.1493 74.2257 69.9765 56.858 51.6646 46.2351 63.8388 54.4974 51.732 54.1601 45.5269 58.5779 56.7906 61.984 64.8505 73.5849 62.9957 80.0261 75.1699 86.9395 85.8941 87.3442 82.2856 84.3428 85.8266 68.1892 73.8547 62.0177 68.9985 57.7011 68.9648 62.8945 61.4782 54.9695 62.1189 60.9386 63.0632 73.0116 62.3887 58.5442 71.258 69.4707 74.9676 77.9353 79.1493 89.6711 89.5362 89.7385 100.328 83.4997 90.8514 100.496 84.4439 99.08 100.361 86.5348 81.0716 95.4378 84.7475 91.9643 96.517 85.287 86.265 74.4955 87.6814 63.7376 70.8196 61.006 75.2037 76.7212 78.4411 67.11 58.3081 74.1582 76.0468 66.2332 84.073 62.1526 77.3957 66.8402 77.4632 73.0454 89.199 75.8781 79.1156 72.0674 99.8894 91.8294 79.925 99.9568 86.0627 87.85 96.9554 100.732 101.036 116.077 109.265 102.216 100.732 95.1681 110.411 114.391 117.527 130.443 121.068 123.631 139.852 148.519 158.939
149.473 134.044 140.284 128.755 103.356 124.821 109.63 106.578 106.849 111.223 100.949 98.2021 101.627 87.351 88.6396 91.8271 94.2007 92.1322 89.4195 96.0657 100.203 97.4899 82.7054 82.9428 94.8111 94.0312 82.6376 99.7958 90.1655 84.8756 103.288 85.1808 86.7745 87.724 80.5691 87.724 79.9926 76.2965 73.9228 74.6349 87.4866 82.0611 85.2825 89.1482 82.5358 82.7393 88.7074 90.9115 90.3011 77.9581 92.7087 110.003 100.61 101.491 102.882 92.6748 88.3683 94.2685 101.627 102 89.216 102.203 85.9607 73.6515 89.4534 79.9248 80.23 73.4481 78.8058 77.3816 66.5984 56.222 69.5146 61.6476 53.7466 59.8843 60.2573 67.0731 66.6323 64.089 63.8517 59.4434 55.5099 68.0904 73.5159 91.081 76.7373 88.9108 74.8384 93.726 68.7347 90.9793 87.1814 84.7739 77.8224 73.2785 62.4953 59.613 53.2719 56.4594 60.8676 56.2898 71.3118 52.9667 66.8696 77.5511 87.2154 89.216 83.0784 95.6249 86.7745 94.1668 87.6223 90.708 74.0245 82.2307 61.4441 61.8849 57.8836 63.6821 62.2918 53.611 58.6635 57.7141 68.2599 57.0359 58.9687 57.1376 67.0053 75.6522 77.7546 82.7054 77.5511 72.363 80.8743 80.3995 85.6216 97.0152 101.898 97.2187 108.917 95.1502 97.6256 88.1648 97.0152 112.546 92.234 92.3357 96.2014 86.605 104.509 95.2519 97.2187 87.3171 82.841 79.484 80.6369 70.7353 86.0963 78.365 78.0259 85.7572 80.2978 79.2466 86.3337 87.9614 82.5358 72.6003 98.236 94.099 101.83 89.2499 87.0458 103.933 102.475 92.8783 100.949 97.7273 105.527 93.5564 85.7572 95.2858 94.472 83.9939 106.34 92.8443 92.4035 92.2679 96.5744 99.3889 98.3038 105.866 102.237 99.3211 119.735 113.122 119.328 129.06 136.893 154.187
161.578 156.976 136.28 123.357 126.699 127.278 109.958 112.345 101.298 98.195 84.7614 93.3534 76.7148 82.852 80.5676 88.3755 72.487 78.1468 88.546 91.7509 86.0229 93.0125 97.4449 88.2391 84.9659 105.219 100.786 107.128 102.15 100.479 103.787 91.8873 92.4328 103.139 101.229 100.582 103.582 113.538 113.299 103.377 102.9 91.0349 103.821 101.502 89.7393 100.036 108.969 91.41 111.731 95.1946 118.209 115.686 117.254 107.026 104.98 109.822 109.037 97.5131 106.889 82.6474 84.1135 78.4878 90.6599 84.6591 71.2936 73.3053 70.0662 78.4878 61.8492 69.4866 74.7714 69.0433 64.5768 56.0189 59.9739 59.7353 61.2696 56.0189 62.3606 73.7485 60.1785 67.6795 66.7248 67.6795 61.065 68.0887 77.0558 89.2961 76.4421 72.146 92.4328 85.0341 96.1152 93.7626 97.6835 97.8199 73.203 74.294 57.0758 56.9054 68.4296 67.0317 68.191 70.8163 76.5103 84.4545 89.8075 101.059 98.4336 93.7967 89.4324 88.8528 80.5335 77.7036 71.6346 72.146 67.85 62.3265 64.3382 59.633 61.9515 62.4629 62.9062 61.5764 65.3269 69.4866 57.86 60.7581 70.8504 72.1119 68.4296 70.9527 66.6908 81.7951 65.2928 71.5323 85.9888 70.0321 90.3871 95.6037 86.2957 91.6486 91.8532 116.811 106.48 106.139 107.946 117.459 115.55 116.095 113.64 107.605 102.866 113.061 105.866 102.15 96.8653 102.73 103.002 86.3638 98.911 98.5359 102.423 92.0919 102.252 100.275 98.9451 103.923 79.8175 82.6815 94.0694 102.764 86.057 89.1938 87.5231 86.7389 87.9663 80.2608 96.3538 92.7056 78.4537 87.3867 87.3867 92.501 95.331 78.6583 100.343 92.8079 90.8304 97.9904 99.0815 100.718 111.526 108.219 118.277 127.483 122.539 139.621 142.792 161.647
162.185 155.912 148.061 142.988 138.84 134.692 118.374 110.42 107.781 110.283 103.153 87.5204 104.798 93.4511 92.5941 107.506 97.6334 87.3833 91.977 84.915 85.155 102.433 91.5656 76.2418 103.736 102.296 90.1944 84.1266 84.4351 85.3264 96.4679 104.593 100.205 91.7713 97.8391 111.346 109.838 110.386 123.276 130.818 122.042 138.223 122.419 137.023 124.167 122.11 120.739 129.378 118.648 128.11 128.967 115.151 129.584 118.614 126.841 113.403 123.447 122.282 130.064 112.374 87.1091 100.547 95.3023 94.8567 89.0631 87.7261 89.3373 74.2192 84.4694 77.7502 64.3805 78.573 66.0946 72.7794 63.1806 71.5453 65.169 73.6707 72.5052 69.4198 63.7634 72.7451 73.6365 67.8086 73.3279 72.6766 79.0186 79.2929 78.0245 83.8866 84.4351 97.5306 101.302 95.8165 100.136 100.787 91.4285 83.8523 81.5212 78.9158 72.9851 88.1718 76.0362 84.1609 113.369 97.8734 112.203 91.0514 99.279 90.023 80.8356 71.5453 79.6357 73.9793 68.2886 63.6949 72.0595 78.1616 63.6606 62.0493 69.6598 73.8079 68.1172 69.6941 74.6649 70.2769 70.7225 76.3104 72.0595 63.4206 70.6197 78.9844 86.6977 75.899 75.9676 94.7881 93.4854 102.433 96.4336 105.45 105.415 106.409 113.78 120.293 116.865 110.558 124.099 108.226 119.711 129.241 122.487 129.001 121.15 122.762 118.819 133.252 145.662 114.671 118.339 117.311 109.049 99.4161 113.746 103.804 104.318 100.307 100.719 96.4336 104.695 91.9085 87.7261 87.349 88.6517 77.8531 75.9333 101.13 83.4409 85.9435 78.333 91.12 89.0288 86.5948 93.1083 99.4504 104.764 95.0281 111.14 95.268 98.6619 108.775 103.907 107.815 121.356 121.665 123.722 122.625 128.11 141.171 149.467 178.606
161.686 162.72 143.729 143.074 126.323 124.841 117.809 126.978 124.393 112.295 99.3349 111.95 105.298 109.089 96.8187 95.6469 93.958 110.985 91.2006 95.9571 94.0614 98.8868 85.6513 88.0985 91.8899 84.5484 87.3747 97.9217 99.8863 90.0287 93.3375 91.7176 91.9589 82.1357 93.6822 93.9924 91.7865 111.192 102.058 108.813 129.666 132.251 115.741 127.564 132.182 130.045 122.979 132.906 125.392 131.424 130.252 139.524 135.801 136.353 132.182 143.35 124.186 129.011 124.772 129.356 134.216 132.768 124.806 106.573 139.868 114.259 109.33 108.193 98.094 101.644 96.8187 102.851 99.5072 97.4736 92.0278 94.7162 82.2735 99.714 74.3116 77.7583 84.9275 74.1737 84.9965 74.8286 73.4499 77.3447 74.9665 88.4777 71.1751 90.5802 100.748 94.8541 95.4056 96.1983 92.8205 107.159 100.472 104.16 78.9647 82.825 76.6554 92.1312 101.3 88.6845 111.605 92.2001 87.3402 96.0949 81.8599 79.3438 83.6178 82.6871 74.5873 77.069 79.2404 77.1034 91.9589 91.7865 94.8541 88.133 83.411 79.3438 79.5851 80.2055 96.0949 86.2373 94.6473 94.923 100.507 97.5426 102.988 108.227 105.436 114.466 118.051 121.497 117.189 132.527 143.66 120.05 126.082 125.289 131.321 138.697 127.426 135.009 130.562 126.943 125.702 140.696 126.771 136.973 126.357 132.286 138.559 131.217 145.59 114.294 117.637 121.704 115.466 105.642 99.4383 90.0287 104.988 101.954 100.024 92.6137 97.3702 84.2726 91.9244 88.3743 91.9589 97.7494 96.6809 94.0269 82.8595 97.2668 89.684 94.4405 93.9924 101.61 101.368 94.0269 96.1983 113.432 100.231 95.4056 109.055 107.09 109.778 110.847 117.465 125.289 130.114 133.94 145.659 156.516 159.687 178.644
169.732 162.766 143.95 139.757 138.474 132.653 131.059 137.296 134.628 121.633 102.782 100.598 116.227 101.742 94.2222 96.3014 97.0985 119.311 89.9945 92.0044 110.683 99.8014 105.727 100.079 108.118 86.8064 85.247 83.1678 102.747 99.8014 91.7965 94.742 95.1579 111.653 106.004 102.331 114.217 130.885 125.861 122.777 119.831 121.46 119.97 131.197 119.866 115.603 116.574 117.267 123.816 128.356 121.009 136.776 125.514 136.672 130.296 124.163 121.044 135.979 136.153 133.762 146.757 144.504 136.083 130.262 125.965 150.43 135.425 132.965 134.212 136.569 132.791 134.663 135.009 130.747 118.029 123.158 113.074 106.94 118.514 109.539 104.826 113.489 101.014 109.504 93.3906 95.8509 106.212 99.2123 92.3856 99.247 105.796 86.5639 84.554 99.9054 103.544 104.93 97.9648 90.6183 102.192 86.9797 91.2421 89.6133 83.5837 98.6232 106.143 95.1232 101.084 90.3064 85.5589 89.5094 98.9351 77.5194 99.2816 103.752 93.4599 100.148 101.846 105.935 95.5044 106.108 110.96 109.054 117.093 113.732 128.148 122.361 115.915 125.272 127.559 127.836 131.994 137.192 138.232 146.549 137.955 146.098 135.078 144.054 132.653 145.717 138.578 139.549 142.113 140.588 127.108 130.123 131.267 124.89 141.351 145.024 113.385 122.083 114.564 123.781 116.331 116.331 114.98 116.088 123.331 135.806 108.915 112.935 107.009 107.321 105.692 117.856 104.895 102.747 119.103 87.6035 96.2321 96.7519 97.0638 91.7965 90.8262 83.3065 95.6777 90.549 90.5143 96.4054 92.9401 86.4599 109.504 78.9401 107.46 100.391 110.336 110.752 108.534 117.024 118.514 126.38 131.44 131.301 138.163 156.321 144.573 144.262 160.271 169.628
171.095 168.378 145.21 140.437 134.619 138.555 108.002 122.808 122.704 119.429 112.426 105.981 103.054 100.023 101.556 117.861 101.696 124.097 106.225 99.2569 92.08 97.3059 110.266 104.03 98.4904 102.323 100.999 98.9433 115.875 108.872 100.999 122.669 104.03 113.75 105.458 121.519 109.116 109.639 118.175 131.309 129.985 110.196 118.175 112.949 123.888 116.119 118.453 123.888 113.367 108.698 109.151 111.66 113.889 112.6 122.39 140.925 132.319 133.817 137.127 150.227 145.488 143.503 150.819 167.193 148.729 147.614 155.975 149.565 152.073 137.545 151.202 150.436 140.054 152.247 142.353 139.183 137.441 146.325 135.42 122.39 131.971 134.967 126.954 130.995 120.578 126.745 127.024 112.113 123.853 119.22 118.523 106.817 110.092 117.826 111.869 88.1083 113.193 113.436 106.294 106.817 112.461 112.391 104.204 104.727 94.1355 122.669 111.799 123.4 112.705 111.59 115.004 121.868 115.074 110.893 117.025 110.893 142.283 136.744 131.866 134.549 133.573 136.082 138.869 142.527 137.162 145.454 143.085 153.571 143.224 144.478 144.165 155 146.638 149.948 154.86 147.823 145.872 145.698 142.109 126.85 134.096 137.998 120.648 113.785 131.762 116.642 121.728 102.741 103.577 130.124 113.924 108.907 116.433 114.935 112.496 132.319 129.393 129.532 130.717 117.408 129.567 128.835 120.23 111.207 111.694 128.452 108.803 101.835 106.364 103.159 108.629 100.72 99.7446 99.8143 107.897 98.6994 112.67 100.023 110.649 107.618 112.182 110.754 94.031 109.918 106.016 125.944 115.562 113.123 108.977 111.207 115.596 122.46 122.808 139.392 128.835 124.028 151.028 144.443 162.455 170.05
167.35 151.764 148.366 147.071 133.691 133.201 128.892 115.478 125.11 120.907 121.012 120.311 127.632 118.105 121.047 112.01 107.387 107.142 120.942 119.436 111.205 104.025 105.215 113.902 115.023 111.345 113.551 115.723 115.443 114.007 131.379 125.495 126.861 121.712 132.64 143.113 122.833 128.787 132.92 123.814 128.367 119.751 111.24 115.373 121.467 106.336 105.356 117.544 114.742 121.817 123.604 117.054 121.607 110.399 122.693 118.245 129.558 123.464 130.749 143.253 141.992 150.223 151.028 131.589 151.344 153.06 158.068 145.81 147.561 154.216 150.363 142.062 151.203 148.472 150.713 143.673 155.406 153.305 149.802 150.923 149.102 162.236 143.988 149.347 159.294 145.634 155.406 143.988 135.057 147.596 148.647 125.215 147.351 128.472 129.593 122.763 137.404 120.066 122.938 132.745 127.386 123.253 121.222 120.101 130.399 118.175 127.106 140.065 139.33 139.05 157.228 136.178 143.113 149.102 156.562 149.592 143.008 154.881 146.825 152.429 161.046 155.336 161.116 146.685 141.782 142.867 148.542 151.449 136.213 137.474 132.605 140.941 147.736 150.118 150.748 156.948 154.461 145.74 155.477 135.652 144.409 138.489 127.386 126.616 121.047 130.644 116.353 127.562 121.292 123.814 113.972 121.922 110.96 118.35 111.45 124.9 113.902 130.504 121.852 125.005 119.856 117.649 130.013 141.922 127.421 134.567 130.258 124.479 117.509 119.296 118.665 127.176 120.977 121.432 117.194 111.905 116.424 124.409 106.687 113.727 114.287 114.042 114.812 114.777 120.101 119.261 118.595 108.788 115.863 123.464 126.616 117.264 125.88 135.547 141.361 145.319 139.785 148.927 156.247 158.559
155.069 151.161 144.682 142.886 142.922 144.788 129.26 125.246 124.506 134.225 131.795 124.929 134.119 128.274 131.091 111.76 127.077 122.288 127.147 116.337 125.985 124.401 124.33 111.337 124.365 126.337 125.246 134.119 125.492 144.541 152.71 141.936 142.499 150.386 149.048 146.654 124.013 140.386 136.725 141.196 132.851 149.612 131.408 140.809 135.246 137.006 134.577 123.027 125.105 131.091 126.689 126.619 112.253 131.302 129.436 115.95 124.295 121.443 129.823 136.126 141.548 145.563 136.056 144.506 141.901 139.189 150.879 149.189 126.161 121.161 129.718 135.985 116.901 141.689 143.133 145.316 139.577 140.774 157.605 143.485 144.999 151.689 165.668 162.358 151.267 174.506 156.091 160.633 156.337 146.055 152.675 146.091 148.133 153.239 143.978 140.105 134.823 143.168 141.408 154.4 122.922 137.323 130.985 142.217 146.795 146.161 144.858 158.837 159.048 157.006 160.14 170.633 149.471 170.21 153.098 156.865 159.999 159.436 154.048 145.985 148.239 141.302 136.302 149.823 138.168 129.33 128.767 135.105 120.774 127.64 140.527 125.105 129.506 136.161 137.534 125.703 134.612 154.717 129.823 138.098 134.471 122.429 114.647 103.943 114.612 135.879 119.929 123.309 127.675 128.732 121.373 125.633 117.464 128.696 125.316 137.112 114.33 146.372 125.351 140.492 133.133 144.189 153.239 135.915 144.541 136.513 147.393 148.802 142.922 137.57 144.788 143.485 123.978 123.45 121.725 136.619 118.133 108.239 128.239 122.922 118.063 119.823 125.563 131.056 121.936 122.323 117.887 126.02 126.549 134.929 114.542 124.119 139.119 140.492 145.457 140.351 142.429 164.823 154.154 172.429
160.49 150.012 147.251 126.792 137.623 128.916 136.137 128.137 129.73 118.509 133.942 117.589 118.686 127.465 125.235 112.846 123.996 119.925 123.075 121.27 123.712 125.553 133.517 124.314 135.039 134.155 138.119 142.154 144.667 152.384 146.119 141.836 148.986 153.623 138.579 146.402 140.845 130.721 139.11 145.8 132.243 133.588 128.526 135.11 138.154 130.579 131.5 138.331 141.269 125.447 137.27 127.181 134.792 134.792 133.801 136.668 119.252 133.942 127.571 143.287 125.836 139.747 137.623 143.995 146.402 139.323 139.358 152.207 136.88 141.163 139.146 151.605 140.349 126.296 128.491 132.456 134.969 138.721 143.641 140.243 148.03 142.685 138.154 156.561 141.836 155.322 150.508 145.517 149.588 155.322 152.596 142.827 154.862 155.251 164.313 158.26 168.914 155.747 137.376 137.517 145.092 135.181 149.446 153.446 152.809 162.26 154.791 162.755 152.136 148.597 147.641 152.384 150.154 142.933 147.747 144.066 151.641 144.42 143.57 149.835 134.155 145.34 137.836 136.208 145.517 155.924 136.172 140.845 140.278 137.199 148.455 151.074 134.579 138.721 132.243 131.464 135.5 133.765 125.836 125.695 128.456 134.579 135.216 124.491 139.818 133.34 141.588 130.119 145.375 130.721 128.668 125.872 134.615 146.367 115.996 129.022 135.924 142.862 144.597 138.792 130.473 140.243 151.995 149.906 134.261 142.402 140.384 146.685 142.933 141.411 142.862 151.428 143.676 140.384 146.614 135.747 132.739 135.075 124.774 141.871 128.916 133.942 132.208 117.022 126.792 126.19 125.447 125.235 120.598 131.394 121.801 136.845 124.562 129.128 135.5 139.358 131.641 153.198 147.605 157.8
158.735 148.381 146.281 124.006 145.997 135.322 123.473 119.487 106.713 117.032 110.094 113.154 114.897 111.303 116.676 116.89 126.141 121.017 125.003 118.705 124.184 124.683 136.638 125.928 140.553 127.636 132.368 151.085 137.279 133.792 131.621 122.583 132.155 138.809 125.287 123.615 127.814 111.019 127.351 126.035 110.734 127.031 131.23 120.484 118.527 116.854 126.818 125.074 118.384 114.933 127.636 109.702 108.741 102.87 120.092 122.405 119.701 123.686 116.427 113.403 116.214 122.69 124.006 135.286 131.479 129.878 136.283 139.449 129.629 136.781 151.37 137.777 137.101 137.03 144.146 135.073 137.386 129.629 133.863 131.906 147.527 137.243 146.317 135.251 137.599 149.128 144.787 142.189 133.365 137.635 163.112 135.429 145.748 160.088 164.251 161.084 169.624 162.721 160.479 153.861 163.219 142.047 156.992 160.728 168.663 172.755 166.599 153.54 151.832 154.501 152.153 139.485 137.777 145.356 139.734 139.094 129.806 137.919 137.492 143.684 136.994 119.381 144.289 124.967 141.229 139.948 135.784 145.107 147.135 137.564 129.7 140.481 146.993 138.133 122.298 135.998 131.408 126.995 130.625 111.339 125.679 120.413 131.159 130.589 121.551 130.198 124.149 128.561 117.957 127.743 124.754 111.837 117.566 121.516 106.606 119.808 118.918 125.465 119.523 119.986 135.144 118.954 131.799 115.431 124.718 141.193 139.307 139.912 132.475 149.555 145.178 138.311 135.535 142.26 131.123 115.822 139.663 128.952 131.621 127.067 123.01 120.911 130.056 105.859 115.431 111.375 116.392 107.638 129.486 115.644 111.41 130.447 125.821 124.113 121.48 138.631 141.833 140.695 167.489 151.548
161.389 152.447 148.262 137.281 134.813 126.014 128.303 125.191 132.524 121.793 121.435 131.808 120.934 121.221 125.084 115.319 124.225 112.135 129.054 127.122 114.89 119.361 132.774 137.996 125.406 133.597 131.451 119.289 129.161 123.009 112.421 114.317 114.103 129.841 109.775 116.07 120.899 98.6505 109.381 108.451 96.0393 103.908 98.0066 105.983 96.5401 106.877 89.7798 116.571 100.761 99.0797 104.409 112.243 103.98 117.25 112.314 110.347 117.608 100.689 132.488 110.776 123.474 125.978 106.305 122.866 132.452 128.088 136.744 124.905 127.659 139.963 140.5 122.544 138.497 132.452 140.107 126.228 129.483 127.766 115.784 121.9 121.614 127.623 114.174 126.979 119.074 125.262 131.915 132.667 132.38 135.027 147.725 147.225 158.671 151.302 141.001 145.722 148.584 127.874 125.012 130.592 129.841 139.141 147.797 142.789 154.593 148.476 158.456 144.971 152.018 129.304 148.405 121.078 144.292 117.179 126.443 131.701 122.687 125.119 115.963 117.429 125.62 139.141 128.804 121.543 129.09 139.105 135.779 133.454 141.502 145.579 132.738 127.909 131.808 125.62 126.693 124.869 117.787 113.709 120.326 110.24 115.676 113.065 102.37 114.782 102.549 103.801 104.481 108.237 103.479 96.8263 94.7159 104.016 94.4655 108.093 108.988 104.803 108.38 94.6086 106.126 104.91 111.456 102.943 105.447 120.684 108.093 112.886 115.39 106.913 114.89 119.575 122.365 119.826 131.915 124.046 133.74 117.071 128.875 116.606 141.502 132.702 123.259 122.401 114.21 104.731 116.463 115.068 125.155 123.259 113.888 125.048 110.597 125.727 114.711 138.962 126.085 120.255 147.189 148.476 155.487 154.235
159.423 157.877 145.725 147.271 155.037 138.857 131.271 132.817 128.323 120.952 120.736 123.828 110.885 111.244 135.585 117.249 120.592 116.961 130.156 127.208 130.048 135.118 127.963 110.813 118.04 126.525 129.761 116.817 116.853 111.46 105.276 107.073 110.129 100.745 96.9341 93.806 97.5813 101.68 106.103 109.95 105.24 101.572 89.815 97.2936 106.282 105.779 94.4172 100.386 98.9835 103.19 96.2509 104.449 103.658 111.208 115.271 111.568 101.824 100.637 103.334 103.298 100.026 118.291 104.269 113.258 120.844 117.464 122.282 134.507 137.599 122.606 141.518 135.729 125.77 122.462 122.462 140.439 123.541 110.129 122.606 103.658 103.837 104.269 105.527 111.28 122.498 104.592 114.3 117.033 120.556 124.583 136.305 132.385 141.554 130.983 150.471 141.194 120.233 112.97 112.071 106.534 96.7903 110.705 118.004 123.9 132.565 139.073 135.226 131.163 136.556 143.352 128.502 125.77 123.145 118.147 112.574 113.258 112.826 109.662 111.927 106.174 110.345 108.044 115.523 115.631 124.368 128.574 122.246 133.896 134.651 127.136 129.329 125.95 113.078 112.646 125.123 112.502 120.7 109.267 102.867 114.3 113.15 93.1229 98.4801 112.035 106.894 103.909 112.61 97.2217 94.0577 108.188 101.824 115.235 105.347 93.051 100.601 114.192 97.5813 98.1206 102.867 102.939 89.4195 100.098 92.0083 106.929 111.891 88.7364 111.388 112.862 110.777 107.181 115.055 113.293 113.833 115.055 139.181 122.606 130.012 121.239 136.556 122.57 115.271 130.012 116.242 133.248 129.581 116.314 124.511 123.037 124.26 133.86 121.923 137.635 124.044 144.79 136.988 143.064 142.309 147.451 169.275 170.102
178.752 173.475 165.271 145.936 153.996 138.238 146.551 134.841 138.563 130.034 137.407 131.371 119.951 134.733 120.421 125.481 134.371 142.214 119.698 104.772 123.168 130.902 113.915 113.301 124.83 103.688 111.602 101.881 101.411 81.1359 96.3873 99.4592 95.7729 104.447 101.194 98.0497 93.4237 112.181 100.796 94.8693 104.844 105.928 116.626 111.855 104.483 101.411 103.507 102.278 101.049 110.699 94.7609 92.5925 106.073 90.5686 103.001 92.6286 104.555 100.29 89.0868 104.447 87.9665 83.738 104.627 91.689 89.1591 99.1339 103.254 104.519 98.7364 106.073 114.964 101.917 102.965 104.772 111.35 110.157 106.904 115.47 110.301 97.2908 101.519 118.505 99.1701 104.085 114.927 123.673 114.674 117.638 115.253 125.95 137.19 111.024 117.204 108.856 95.2308 83.8826 90.677 84.3524 68.1252 78.8229 83.7742 75.7871 94.0743 105.567 109.181 104.844 125.842 108.928 116.879 119.481 121.324 140.009 98.9894 106.29 95.6644 112.398 99.6761 104.519 101.808 97.5438 119.228 109.542 116.843 112.867 112.253 107.519 115.542 109.832 103.868 117.891 98.4111 93.3514 100.074 94.8693 92.0504 96.1343 88.111 83.0152 85.0752 97.6522 91.3998 91.5083 91.0746 90.1711 86.9184 101.953 94.0743 82.4008 98.7364 92.4841 97.2908 98.3027 97.7967 106.398 125.697 108.747 101.917 101.375 100.652 99.8206 103.796 103.652 91.2914 89.7374 89.7735 107.229 89.9542 108.386 101.049 100.76 113.12 117.602 111.133 104.989 107.482 106.218 122.445 119.156 116.771 116.734 140.334 130.865 132.817 145.755 121.794 132.673 121.613 139.901 140.768 140.407 145.683 143.153 141.816 145.249 140.949 151.755 155.586 168.307 155.694 176.547
181.778 172.769 172.225 160.418 163.47 160.636 144.108 148.721 132.011 147.958 137.024 145.706 148.213 151.518 132.229 130.812 130.849 121.149 118.788 108.362 121.186 113.593 97.2464 114.138 103.349 93.868 113.048 112.576 97.9729 107.418 107.382 115.301 97.0284 96.7015 110.251 116.972 102.659 100.661 113.957 98.1546 98.2635 97.9366 93.3594 93.0325 110.942 101.569 99.7893 69.7835 96.6288 86.2394 77.3031 79.3737 78.3565 74.8692 80.3545 76.7218 77.5937 67.0226 79.8459 59.721 71.0186 66.0418 75.5957 66.2598 66.3324 77.8843 82.0619 77.1578 84.7864 90.4896 90.417 81.4806 105.892 100.915 109.779 115.337 100.334 112.94 118.897 110.397 114.828 110.905 109.198 117.262 117.262 111.922 111.305 98.8448 106.619 109.379 112.286 96.0476 106.51 86.6027 85.5129 74.9418 68.1124 71.9631 62.0459 59.8663 61.5373 60.4112 65.8965 59.1398 71.6361 81.6259 87.0749 103.713 96.3746 104.911 105.311 113.884 112.903 105.42 114.247 111.268 113.521 109.452 109.162 113.775 108.944 118.352 108.98 116.064 107.926 118.643 102.259 110.905 97.428 91.5068 82.9337 86.0941 76.5039 79.737 76.6129 74.7965 77.1941 74.6149 76.7945 66.0055 78.3929 68.9479 64.5888 75.3778 74.3969 68.3304 71.4908 83.0427 83.0064 79.3374 87.6198 80.5361 88.3827 82.5704 87.4019 88.4554 98.0456 96.1203 97.8639 106.582 92.6692 106.183 101.969 107.345 89.3272 97.2827 113.92 98.0819 106.146 102.296 106.292 103.93 103.422 113.848 105.347 107.345 105.493 107.273 92.197 109.125 122.602 119.079 132.047 139.276 140.766 136.951 134.917 132.992 140.911 136.77 143.381 155.296 143.744 145.997 149.847 155.333 166.267 162.38 175.567 177.746
174.019 178.291 168.469 157.698 162.7 153.645 159.779 146.89 141.413 144.152 123.887 133.855 126.443 134.074 127.904 120.017 101.834 136.886 129.766 129.437 103.513 123.266 111.181 111.655 99.6793 109.282 103.951 114.029 106.252 117.023 111.436 110.524 101.103 95.0787 105.229 89.5288 90.6607 82.3358 92.7054 86.7904 98.1093 72.2584 78.6115 62.2174 74.5221 74.3761 64.1161 76.7129 64.4447 69.0453 69.4104 65.321 61.5967 61.9253 56.5945 63.9335 65.5035 55.7182 65.1019 68.388 65.9417 59.1504 63.6414 75.0333 74.6317 73.7189 73.2807 87.4111 78.9402 95.4073 81.0579 97.9267 102.053 96.5757 106.471 97.6711 110.925 108.88 109.063 109.027 109.684 104.864 106.252 111.327 103.586 107.785 110.67 107.529 94.8962 78.1369 89.6018 79.853 67.9864 60.3188 60.5013 59.8076 56.0468 53.8195 47.6124 45.7137 48.3791 45.0565 53.6735 55.3165 60.6839 72.8061 67.7673 74.011 79.0497 88.3239 94.3485 95.2978 104.755 92.9245 105.813 103.842 117.242 109.939 98.949 107.383 115.562 109.1 110.67 111.217 119.542 115.964 122.755 103.659 93.3261 72.2584 87.4841 80.3276 86.5713 75.8001 70.5788 65.7591 68.4611 60.2822 74.9603 64.2986 61.8158 66.7815 65.9782 58.3106 60.4283 64.2256 64.5907 66.818 72.8791 64.8098 77.8448 83.4677 65.5766 78.7576 80.6197 77.4066 73.2077 75.0698 74.5952 81.3865 84.5996 77.005 101.213 95.2248 91.3179 92.8514 87.9953 116.986 103.185 113.043 100.811 116.877 108.552 98.5109 110.706 106.909 112.057 105.594 94.9327 120.236 115.526 110.779 130.313 111.144 122.646 124.179 124.435 125.092 135.863 136.886 139.332 141.45 155.909 151.71 132.796 158.136 165.548 172.193 173.325 183.585
168.189 161.216 162.905 161.143 142.537 149.84 143.308 134.573 146.647 125.068 129.839 121.545 128.481 127.747 116.848 125.252 109.765 97.7648 107.49 112.885 117.876 113.986 108.591 96.517 100.37 103.637 98.1685 99.4896 94.5353 83.6359 93.1408 94.4619 82.3881 77.9843 84.4432 78.6449 69.5803 74.7915 81.7275 67.1582 59.4516 77.3604 68.0757 68.9932 64.7728 62.5342 65.1031 65.1398 64.0022 66.9014 53.066 56.8827 61.6902 65.9105 59.7451 59.0479 57.7634 61.5801 65.6169 74.2777 76.6998 82.9019 89.6544 69.5803 73.4337 78.1311 83.012 75.2319 75.0484 85.7644 82.278 82.7918 93.361 77.8008 94.572 94.0582 90.7187 84.2964 84.3698 101.948 102.205 104.664 112.811 95.7831 113.105 104.297 100.113 100.187 83.7093 70.351 76.5531 62.0938 63.8187 59.5617 52.9559 69.4335 60.002 40.9555 42.9372 38.2765 41.1757 41.3225 39.4142 47.9649 55.6716 48.2218 62.0205 58.424 67.672 64.7361 82.7184 80.0394 93.9848 92.7371 101.581 107.82 89.9847 112.371 96.884 97.5446 100.664 92.1866 98.5722 76.4063 89.4709 77.7274 86.6084 72.0758 86.3149 78.9385 87.0121 87.7828 86.2782 77.0301 80.8835 81.2872 72.4428 75.0484 68.6996 72.0758 66.7179 67.8188 64.8462 72.296 54.534 58.057 59.3415 60.0754 67.7821 68.9198 60.2222 59.6717 53.8 76.2228 65.8371 70.1675 74.7915 76.3329 79.2687 71.3786 63.5985 76.8833 80.1495 73.5071 77.9476 84.7368 81.9477 84.8469 99.3795 98.2786 96.6271 92.9573 98.2419 90.0581 108.114 104.407 101.618 93.1041 121.252 105.765 117.582 111.527 114.206 125.509 116.738 125.399 111.453 118.463 110.573 142.06 127.894 132.298 150.904 144.849 158.097 144.996 159.088 158.391 167.859 170.281
161.369 167.086 152.222 150.931 150.82 147.98 144.439 147.575 136.472 140.603 134.739 108.846 126.919 127.546 121.202 114.526 108.219 109.731 114.157 106.375 91.5103 113.899 106.78 98.3708 87.1579 85.0186 93.7602 85.4243 91.6947 82.7686 96.7478 91.4734 88.1169 88.0431 87.1579 79.2277 87.2685 80.1498 64.5109 74.5065 80.0023 77.6048 75.3918 88.8546 71.3714 65.433 63.4412 60.7118 79.3384 62.9617 64.0682 61.8921 76.2032 64.6584 73.2156 69.7116 73.8795 84.7235 75.318 70.3386 61.3019 79.6335 77.9368 77.1622 80.1498 75.8713 67.0559 64.8428 68.9739 66.06 64.4371 73.732 62.2609 67.2772 71.1501 71.7033 71.9246 73.5475 83.7645 93.2807 86.3464 111.686 103.719 117.071 118.325 105.379 90.4406 96.9323 82.7318 78.5269 65.433 71.5558 58.2405 49.2776 52.7816 46.0686 47.2858 41.0155 39.8352 39.1344 38.8024 37.4008 44.667 49.3145 55.6955 53.2611 59.7528 53.8144 63.7732 72.5148 64.4002 97.0798 86.3464 88.1538 108.33 96.7847 101.026 113.42 101.912 119.579 91.9897 89.4816 81.9941 75.3549 72.5885 61.1544 68.7526 62.8142 68.1255 62.8879 69.1583 77.1622 62.5929 81.7359 64.7322 65.5805 75.9819 73.9533 64.1051 87.5636 75.2073 80.7769 79.7441 66.2813 68.9001 74.027 80.408 54.8471 68.8632 64.2895 54.5889 56.5069 75.1336 71.482 71.3345 77.7155 80.9244 87.9325 76.4983 76.7196 80.7031 87.121 83.3219 67.3141 88.5226 88.6702 80.5925 81.1457 97.1536 93.0594 83.7645 95.42 92.2111 83.9121 104.641 103.867 91.8053 117.846 87.7849 107.112 107.887 114.047 96.6003 109.067 123.526 111.87 124.264 112.94 133.3 113.862 129.317 143.333 150.009 148.497 137.653 165.168 163.988 164.431 165.943 170.849
175.269 169.486 158.624 157.141 132.156 134.009 142.721 138.532 133.083 130.599 132.934 111.285 111.915 118.44 107.726 104.983 99.608 103.13 101.647 100.609 90.0439 89.3395 99.1261 95.6786 101.128 93.8251 98.4589 96.4941 89.2654 99.3856 83.4824 81.4436 91.4896 100.868 92.9354 77.9589 80.2202 79.1452 86.5593 92.8242 71.8423 90.8224 74.5114 77.6624 82.222 67.95 71.9165 71.6941 76.1054 73.9554 80.9987 64.5766 69.9888 66.1335 81.9255 77.1434 89.3025 69.2845 89.1171 74.7338 79.2935 69.8776 73.4734 65.0955 64.9102 59.1643 56.0874 59.7574 55.0865 58.4599 49.526 56.903 55.1236 63.3903 68.3207 63.3532 71.8794 75.1416 69.0621 105.28 105.502 102.685 112.546 116.216 102.462 105.91 88.005 86.93 81.2582 74.2148 79.2193 65.3921 61.8333 52.2692 41.9636 45.7448 38.3307 36.366 34.7349 36.4402 39.2204 39.5541 40.7032 46.5974 49.526 45.1517 57.1996 55.7538 64.5024 63.2049 76.9581 77.8477 81.8513 89.7473 101.869 109.802 108.282 111.878 110.729 97.6804 98.8296 74.4743 76.0684 62.4265 66.9861 66.8749 59.016 55.0495 61.2773 54.1969 54.8271 51.0088 52.677 61.129 56.0133 69.7664 64.0205 63.2791 63.0937 81.4806 74.808 56.903 67.95 73.3622 78.8857 83.1117 78.4038 75.1045 59.3126 69.4698 77.0693 76.8098 74.1407 63.4644 82.5186 69.3586 83.4824 77.477 66.2818 71.9165 87.5602 89.9697 72.732 79.59 80.5909 83.6307 88.1533 93.6026 78.3667 87.0783 94.7889 93.1578 92.1569 95.8639 86.8188 99.9417 96.2346 85.1877 96.8648 92.6017 90.3034 109.839 116.957 96.4941 99.4598 108.95 113.213 125.557 118.922 128.634 125.038 135.418 140.682 131.896 137.012 140.052 149.69 172.785 168.262 166.075
173.838 167.467 164.449 163.704 153.533 133.489 125.032 128.162 127.267 122.312 101.076 116.5 117.096 113.632 119.518 112.849 107.075 106.143 102.902 99.0645 95.3016 86.062 94.5192 85.3914 90.4955 100.555 86.1365 93.5878 101.598 85.6894 84.1619 94.5937 79.9892 87.7385 84.3855 87.8876 84.311 84.1992 100.443 81.554 78.0147 70.3026 78.6108 89.6014 92.3583 86.3228 91.0171 86.3601 88.5954 74.8851 75.1832 92.8427 78.8715 85.6522 74.289 58.0825 68.7378 64.2298 63.4847 60.4297 51.3019 58.7532 60.8395 58.1571 58.3061 64.4161 53.7981 59.6846 57.6355 48.2096 53.0157 47.4272 52.3451 60.5415 58.008 69.2967 71.0477 72.3517 84.1619 82.8207 87.366 102.902 96.0839 102.604 105.659 95.1153 88.2974 80.7344 63.7828 76.1146 71.0477 66.9495 68.4025 53.7236 60.5787 45.2291 48.0606 41.0192 39.2309 37.7406 34.1268 43.18 42.6212 51.749 58.8277 46.3468 53.9844 54.9903 70.936 70.3026 74.6243 71.5321 83.1933 96.1212 84.6463 93.4015 106.516 101.635 98.5056 99.2135 97.2762 98.133 83.4168 73.7674 68.9986 68.5888 53.4628 54.1334 58.5296 55.4373 53.6118 52.0843 52.4941 60.2807 58.8277 49.9607 58.7904 60.6905 61.4356 69.9673 57.0394 58.9767 68.8124 69.0359 71.2713 79.4676 75.891 79.7657 88.9307 81.5167 90.1975 69.9673 91.8367 79.8775 82.9697 87.7758 80.2873 76.7479 63.1867 81.554 92.3956 69.3712 83.1188 90.3837 94.8917 90.1975 95.1153 80.7344 86.3973 85.5032 90.3837 95.4133 83.2678 80.5853 80.25 97.3134 93.2525 86.5091 97.2762 89.7131 93.476 89.8249 100.182 109.124 98.5801 109.161 120.971 113.892 112.477 120.859 121.344 117.73 127.864 127.491 139.935 145.076 145.001 165.492 163.555 167.914
165.607 155.348 144.415 133.032 134.23 126.293 134.867 105.063 130.486 113.899 113.862 115.322 113.6 101.543 120.676 110.492 94.8411 103.902 105.213 103.715 102.404 98.0986 90.7225 97.7991 89.5243 86.4541 90.0485 75.4835 77.73 78.6286 86.791 81.3994 89.1499 79.7145 80.7254 104.726 98.2484 85.9299 92.8941 88.1015 93.1562 97.2374 85.9673 83.4587 84.9189 75.1465 80.9126 83.7208 80.9501 90.6102 89.9362 86.7536 75.9702 77.0935 77.3556 76.8314 75.0342 67.8078 65.9732 71.3649 69.4927 58.1852 58.2601 59.4582 62.229 62.5659 70.4662 55.4894 61.555 58.2601 61.2929 64.2883 60.6938 69.5302 69.0809 79.8642 84.0578 75.0342 88.1015 98.2858 80.8752 76.3447 93.4183 98.6977 85.5929 79.677 94.6539 95.7023 73.7237 78.0296 68.5941 73.1246 73.1995 52.9058 63.0527 61.1806 46.2411 37.255 33.361 39.1646 45.979 41.149 43.7325 44.032 46.2786 55.9012 55.5642 66.4225 69.0809 64.8874 77.131 77.4305 80.5382 80.8752 85.2934 85.1061 85.2185 88.8129 84.9189 87.9143 95.2155 83.6459 91.1343 83.9454 79.0779 64.9622 69.0809 48.3379 57.998 54.7031 55.377 60.4317 58.5971 58.0729 61.6673 69.4553 60.1322 62.9778 61.7422 62.8655 70.2041 70.6909 68.2946 76.1949 84.8066 73.4991 79.3775 85.4431 70.1667 75.3337 80.0889 71.889 68.7439 94.4293 96.1516 95.0658 77.1684 87.3901 84.4696 78.8907 99.0346 92.969 87.0531 86.9783 99.5214 76.12 79.9391 86.5289 79.6396 89.1499 89.5618 104.576 87.0531 101.244 75.8579 81.0249 86.3417 91.5462 93.4558 91.022 84.3573 96.4137 92.4074 98.5105 105.699 107.871 103.94 99.4091 119.965 112.402 123.597 122.324 115.547 122.436 125.094 145.051 142.992 143.104 161.863 161.638
173.993 159.318 147.239 140.09 127.371 134.746 118.077 127.371 110.213 102.838 115.932 113.825 99.6393 83.8355 85.3406 99.3383 94.3714 92.791 94.9358 94.8982 93.5059 99.4888 99.1125 103.967 97.2687 88.8777 95.6884 100.994 104.531 86.0932 95.5378 98.661 103.778 91.5116 112.094 95.9141 111.078 104.23 95.6131 98.661 94.5219 85.7922 97.5321 92.791 79.9598 77.514 86.5824 83.4968 100.956 89.7055 94.5219 76.1217 84.2494 90.4204 81.051 66.4137 84.1742 80.1103 62.6509 63.4034 66.2632 78.4547 69.5368 67.6554 66.3384 73.0738 80.9758 64.0431 64.0055 65.3977 67.2791 67.3544 59.8664 85.8298 71.0043 79.6964 85.3406 87.0715 84.7009 88.6143 93.6941 81.6531 81.1263 81.3144 64.0807 88.3509 81.7283 79.8845 78.0784 89.856 70.1389 71.4935 78.3418 70.8538 62.4627 64.1184 45.4172 52.5289 37.7034 39.8482 41.0899 44.7775 51.4377 44.1002 46.6589 66.075 56.8185 75.7831 71.644 62.839 81.2768 80.6371 91.9255 72.5471 80.8252 78.417 73.262 72.3965 82.2175 84.3247 87.7488 87.8241 88.1627 75.181 91.5493 76.799 74.9553 83.0453 70.026 66.3008 67.9188 77.4387 73.2244 64.8333 74.5037 51.6634 72.0579 72.4342 62.5756 74.9176 69.0476 76.0465 78.3794 68.709 68.7842 83.3087 70.9667 85.1149 80.7876 89.4797 83.1206 77.8903 86.1308 89.0282 77.8526 93.9198 88.9153 80.7124 96.1399 90.4581 110.025 104.079 109.46 90.3828 102.687 101.295 108.783 96.9301 98.1342 85.9427 101.257 101.709 94.5595 102.838 91.6998 95.9518 105.735 92.6781 101.182 103.101 106.111 88.1627 93.2802 93.7693 108.143 113.863 94.9358 100.58 92.49 128.952 116.309 109.385 114.39 132.413 144.981 147.352 149.459 159.769 166.58 164.999
169.596 157.685 142.408 137.794 129.286 126.45 115.371 119.417 107.279 108.905 109.888 85.0438 107.127 79.5986 86.4052 93.6276 82.2078 88.4093 90.2244 81.7162 101.455 76.7626 94.3083 98.9594 94.9133 110.152 109.85 114.804 109.812 112.572 106.598 114.085 117.451 122.366 114.425 114.993 98.5435 105.161 105.917 87.3127 104.783 91.4722 102.174 79.9768 111.325 88.069 88.2202 98.7325 85.9892 90.9807 75.666 84.2876 79.9768 87.8043 73.6618 83.0397 84.8926 73.624 85.1573 66.2881 83.7582 83.2666 80.2036 68.5191 70.5989 75.7416 76.1197 72.9055 75.666 74.5693 78.3508 97.1065 79.9011 93.6655 101.153 89.9975 90.8294 89.3546 73.8509 75.3256 80.5062 78.9936 68.9729 62.431 63.0739 71.8845 77.7457 76.0063 73.4727 61.826 74.9097 76.0441 70.5989 73.6618 52.1456 72.5652 46.3222 57.6665 56.7589 47.9482 47.9482 48.1373 44.6962 62.5067 61.3344 63.1873 63.6033 72.9812 80.3927 81.7918 73.624 81.0734 87.3883 62.1285 74.6072 66.1368 73.7753 87.8421 67.0822 74.6828 92.8335 79.2583 83.9472 108.98 98.9972 90.4891 94.2327 88.7874 91.6613 81.0734 82.5481 73.624 84.2876 79.0314 66.1746 70.7879 72.8299 82.17 70.0695 87.4639 81.2624 71.2417 69.3132 87.3505 83.5313 89.7706 90.6403 77.2163 76.1197 83.7204 89.5815 79.6364 98.1653 87.1236 93.1361 77.897 94.3839 101.871 97.8628 96.7284 97.4847 106.825 86.2539 95.8587 119.455 112.686 133.824 112.572 127.169 120.703 122.102 113.556 106.711 111.362 95.9721 98.7704 91.7747 85.6867 84.9304 93.8923 95.4049 110.682 99.0729 86.9724 84.0607 100.548 102.06 98.3922 108.753 108.489 106.106 112.497 109.018 107.921 111.325 129.248 145.509 143.958 154.244 166.079
150.062 165.224 137.788 134.634 120.878 116.66 116.09 105.64 107.806 101.118 89.794 96.368 99.028 99.18 92.568 105.108 102.676 89.604 88.502 87.628 83.296 98.61 93.632 97.47 112.404 97.318 106.324 98.914 113.43 108.832 119.358 118.142 117.382 117.496 109.744 111.036 118.066 102.714 117.648 94.43 102.144 105.488 97.166 95.684 106.97 101.384 98.876 94.24 93.632 99.56 90.668 96.216 92.568 76.19 98.724 76.798 88.464 76.114 90.706 67.792 88.806 73.606 74.67 85.576 78.47 68.628 94.24 72.124 88.502 92.226 97.964 111.644 87.78 107.996 99.104 112.062 96.748 92.682 82.08 75.582 81.396 77.254 66.88 62.206 78.09 64.904 70.718 66.044 71.82 71.402 82.992 70.642 86.032 76.038 64.904 62.016 72.542 47.538 51.376 55.86 44.84 45.258 46.588 59.242 57.38 72.086 80.522 73.796 60.154 83.144 66.918 70.718 72.2 77.71 64.106 67.716 66.044 79.496 75.278 75.126 72.428 89.452 93.29 108.224 117.002 96.9 106.438 100.852 99.902 87.362 87.438 88.464 87.628 78.394 72.238 82.46 73.91 82.08 76.836 82.802 80.142 89.68 86.564 84.398 88.274 99.978 76.266 81.054 86.146 73.15 87.248 80.066 114.456 84.74 92.226 106.248 95.646 103.436 94.24 102.448 112.632 100.282 102.334 104.842 110.808 105.184 112.024 116.66 129.01 114.988 112.29 116.318 105.07 101.118 89.946 95.646 84.398 93.366 89.718 97.584 97.204 89.11 89.262 99.56 93.632 86.678 92.074 97.66 95.19 93.404 108.794 102.372 108.49 113.544 104.804 128.326 131.594 139.878 164.844 164.236
