0.448435 0.453113 0.458388 0.464642 0.471151 0.476716 0.482994 0.489853 0.494936 0.500444 0.505805 0.511219 0.516273 0.520926 0.526275 0.530444 0.53438 0.540652 0.5435 0.548026 0.551478 0.556246 0.558806 0.565132 0.568229 0.573503 0.577373 0.582874 0.586929 0.591999 0.597004 0.600883 0.607069 0.612634 0.618085 0.62427 0.630564 0.635849 0.642291 0.648069 0.655688 0.662964 0.669759 0.679199 0.685453 0.69528 0.70381 0.713288 0.722526 0.733476 0.74602 0.756919 0.767824 0.780568 0.793028 0.806394 0.820184 0.834218 0.848537 0.865588 0.881184 0.896042 0.91242 0.92839 0.944354 0.959992 0.973568 0.984887 0.993936 0.999281 0.999281 0.993936 0.984887 0.973568 0.959992 0.944354 0.92839 0.91242 0.896042 0.881184 0.865588 0.848537 0.834218 0.820184 0.806394 0.793028 0.780568 0.767824 0.756919 0.74602 0.733476 0.722526 0.713288 0.70381 0.69528 0.685453 0.679199 0.669759 0.662964 0.655688 0.648069 0.642291 0.635849 0.630564 0.62427 0.618085 0.612634 0.607069 0.600883 0.597004 0.591999 0.586929 0.582874 0.577373 0.573503 0.568229 0.565132 0.558806 0.556246 0.551478 0.548026 0.5435 0.540652 0.53438 0.530444 0.526275 0.520926 0.516273 0.511219 0.505805 0.500444 0.494936 0.489853 0.482994 0.476716 0.471151 0.464642 0.458388 0.453113 0.448435
0.270152 0.276465 0.282932 0.290197 0.297054 0.301923 0.30749 0.313914 0.317253 0.320544 0.324249 0.327152 0.330055 0.332294 0.335418 0.3367 0.338156 0.342335 0.342741 0.344487 0.346272 0.34841 0.348932 0.353329 0.354243 0.357603 0.360196 0.364211 0.366669 0.369806 0.37429 0.376503 0.381592 0.386077 0.390455 0.396027 0.402583 0.407555 0.413597 0.419598 0.428164 0.435812 0.443693 0.45415 0.461904 0.473822 0.484992 0.496246 0.508655 0.52355 0.54131 0.556326 0.572357 0.591292 0.610522 0.631565 0.654357 0.676894 0.70191 0.731994 0.760183 0.788246 0.818948 0.850219 0.882651 0.914573 0.942831 0.967076 0.986756 0.998429 0.998429 0.986756 0.967076 0.942831 0.914573 0.882651 0.850219 0.818948 0.788246 0.760183 0.731994 0.70191 0.676894 0.654357 0.631565 0.610522 0.591292 0.572357 0.556326 0.54131 0.52355 0.508655 0.496246 0.484992 0.473822 0.461904 0.45415 0.443693 0.435812 0.428164 0.419598 0.413597 0.407555 0.402583 0.396027 0.390455 0.386077 0.381592 0.376503 0.37429 0.369806 0.366669 0.364211 0.360196 0.357603 0.354243 0.353329 0.348932 0.34841 0.346272 0.344487 0.342741 0.342335 0.338156 0.3367 0.335418 0.332294 0.330055 0.327152 0.324249 0.320544 0.317253 0.313914 0.30749 0.301923 0.297054 0.290197 0.282932 0.276465 0.270152
0.214087 0.220907 0.227555 0.234673 0.240863 0.244698 0.24905 0.254242 0.256249 0.25768 0.259859 0.261058 0.262264 0.263047 0.264555 0.264219 0.264437 0.267073 0.266493 0.266588 0.267661 0.26829 0.268189 0.270918 0.270864 0.272681 0.274689 0.277475 0.278705 0.280349 0.284012 0.285259 0.288712 0.291865 0.294615 0.298856 0.304387 0.308176 0.312391 0.317285 0.324586 0.330659 0.337155 0.345652 0.352423 0.362987 0.373111 0.382605 0.393909 0.408189 0.42537 0.439698 0.455461 0.47471 0.494957 0.517602 0.542684 0.567621 0.597093 0.63298 0.66788 0.703602 0.742993 0.785073 0.830003 0.874639 0.915134 0.950859 0.98021 0.997653 0.997653 0.98021 0.950859 0.915134 0.874639 0.830003 0.785073 0.742993 0.703602 0.66788 0.63298 0.597093 0.567621 0.542684 0.517602 0.494957 0.47471 0.455461 0.439698 0.42537 0.408189 0.393909 0.382605 0.373111 0.362987 0.352423 0.345652 0.337155 0.330659 0.324586 0.317285 0.312391 0.308176 0.304387 0.298856 0.294615 0.291865 0.288712 0.285259 0.284012 0.280349 0.278705 0.277475 0.274689 0.272681 0.270864 0.270918 0.268189 0.26829 0.267661 0.266588 0.266493 0.267073 0.264437 0.264219 0.264555 0.263047 0.262264 0.261058 0.259859 0.25768 0.256249 0.254242 0.24905 0.244698 0.240863 0.234673 0.227555 0.220907 0.214087
0.185755 0.192768 0.19936 0.20606 0.211466 0.21443 0.217707 0.221679 0.222792 0.222972 0.22397 0.224239 0.224415 0.224476 0.225002 0.223975 0.223775 0.225653 0.224852 0.22426 0.225109 0.225289 0.225228 0.227095 0.226829 0.227912 0.229821 0.232053 0.232692 0.233676 0.236805 0.237867 0.240346 0.242749 0.244562 0.24802 0.252772 0.255784 0.258703 0.26274 0.268865 0.273722 0.278857 0.285525 0.291237 0.300222 0.308838 0.31641 0.325841 0.338564 0.353649 0.366233 0.380225 0.39787 0.417068 0.438935 0.463266 0.487903 0.518501 0.556293 0.594382 0.634205 0.678847 0.728639 0.783151 0.838083 0.889237 0.935539 0.974009 0.996917 0.996917 0.974009 0.935539 0.889237 0.838083 0.783151 0.728639 0.678847 0.634205 0.594382 0.556293 0.518501 0.487903 0.463266 0.438935 0.417068 0.39787 0.380225 0.366233 0.353649 0.338564 0.325841 0.31641 0.308838 0.300222 0.291237 0.285525 0.278857 0.273722 0.268865 0.26274 0.258703 0.255784 0.252772 0.24802 0.244562 0.242749 0.240346 0.237867 0.236805 0.233676 0.232692 0.232053 0.229821 0.227912 0.226829 0.227095 0.225228 0.225289 0.225109 0.22426 0.224852 0.225653 0.223775 0.223975 0.225002 0.224476 0.224415 0.224239 0.22397 0.222972 0.222792 0.221679 0.217707 0.21443 0.211466 0.20606 0.19936 0.192768 0.185755
0.167963 0.175015 0.181443 0.187632 0.1923 0.194536 0.196846 0.199715 0.200167 0.199492 0.199617 0.199361 0.19892 0.198598 0.19858 0.197329 0.196969 0.198419 0.197674 0.196886 0.197608 0.19773 0.197856 0.199234 0.198975 0.199707 0.201622 0.203581 0.203901 0.204604 0.207323 0.208453 0.210395 0.212327 0.213648 0.21666 0.220881 0.223444 0.225554 0.229089 0.23447 0.238529 0.242672 0.247999 0.252973 0.260751 0.2681 0.274214 0.282091 0.293351 0.306547 0.317294 0.329253 0.344926 0.362492 0.38272 0.405096 0.428315 0.458253 0.495793 0.534854 0.576419 0.624008 0.67916 0.740919 0.804233 0.864782 0.920914 0.968065 0.996211 0.996211 0.968065 0.920914 0.864782 0.804233 0.740919 0.67916 0.624008 0.576419 0.534854 0.495793 0.458253 0.428315 0.405096 0.38272 0.362492 0.344926 0.329253 0.317294 0.306547 0.293351 0.282091 0.274214 0.2681 0.260751 0.252973 0.247999 0.242672 0.238529 0.23447 0.229089 0.225554 0.223444 0.220881 0.21666 0.213648 0.212327 0.210395 0.208453 0.207323 0.204604 0.203901 0.203581 0.201622 0.199707 0.198975 0.199234 0.197856 0.19773 0.197608 0.196886 0.197674 0.198419 0.196969 0.197329 0.19858 0.198598 0.19892 0.199361 0.199617 0.199492 0.200167 0.199715 0.196846 0.194536 0.1923 0.187632 0.181443 0.175015 0.167963
0.155246 0.162295 0.168532 0.174194 0.178169 0.179768 0.18125 0.183179 0.183105 0.181846 0.181305 0.180737 0.180025 0.179512 0.179142 0.177861 0.177527 0.178744 0.178137 0.177308 0.177935 0.17817 0.178477 0.179563 0.179358 0.179929 0.181819 0.183605 0.183776 0.184326 0.186715 0.187967 0.189588 0.191185 0.192262 0.194989 0.198814 0.201073 0.202706 0.205873 0.21069 0.214286 0.217756 0.222153 0.226671 0.233558 0.239996 0.245104 0.251803 0.261847 0.273359 0.282671 0.292986 0.306812 0.322768 0.341223 0.361363 0.382755 0.411217 0.44741 0.48604 0.527836 0.576802 0.63546 0.702556 0.772692 0.841552 0.906849 0.962309 0.995526 0.995526 0.962309 0.906849 0.841552 0.772692 0.702556 0.63546 0.576802 0.527836 0.48604 0.44741 0.411217 0.382755 0.361363 0.341223 0.322768 0.306812 0.292986 0.282671 0.273359 0.261847 0.251803 0.245104 0.239996 0.233558 0.226671 0.222153 0.217756 0.214286 0.21069 0.205873 0.202706 0.201073 0.198814 0.194989 0.192262 0.191185 0.189588 0.187967 0.186715 0.184326 0.183776 0.183605 0.181819 0.179929 0.179358 0.179563 0.178477 0.17817 0.177935 0.177308 0.178137 0.178744 0.177527 0.177861 0.179142 0.179512 0.180025 0.180737 0.181305 0.181846 0.183105 0.183179 0.18125 0.179768 0.178169 0.174194 0.168532 0.162295 0.155246
0.145401 0.152413 0.158441 0.163585 0.166929 0.167972 0.168734 0.169874 0.16939 0.167743 0.166733 0.165997 0.165199 0.164599 0.164045 0.162843 0.16258 0.163647 0.163206 0.162428 0.162968 0.163348 0.163811 0.1647 0.164552 0.165058 0.1669 0.16856 0.168668 0.169131 0.171256 0.172621 0.174047 0.175382 0.176342 0.178866 0.18237 0.184413 0.185752 0.188658 0.193072 0.19637 0.199369 0.203106 0.207324 0.213559 0.219317 0.223736 0.229604 0.238692 0.248919 0.257109 0.266106 0.278394 0.292946 0.309732 0.327747 0.347303 0.373964 0.408277 0.445655 0.486719 0.535972 0.596716 0.667606 0.743238 0.819441 0.893289 0.95672 0.994859 0.994859 0.95672 0.893289 0.819441 0.743238 0.667606 0.596716 0.535972 0.486719 0.445655 0.408277 0.373964 0.347303 0.327747 0.309732 0.292946 0.278394 0.266106 0.257109 0.248919 0.238692 0.229604 0.223736 0.219317 0.213559 0.207324 0.203106 0.199369 0.19637 0.193072 0.188658 0.185752 0.184413 0.18237 0.178866 0.176342 0.175382 0.174047 0.172621 0.171256 0.169131 0.168668 0.16856 0.1669 0.165058 0.164552 0.1647 0.163811 0.163348 0.162968 0.162428 0.163206 0.163647 0.16258 0.162843 0.164045 0.164599 0.165199 0.165997 0.166733 0.167743 0.16939 0.169874 0.168734 0.167972 0.166929 0.163585 0.158441 0.152413 0.145401
0.137343 0.144294 0.150107 0.154752 0.157514 0.158059 0.158202 0.158691 0.157896 0.156004 0.154681 0.153868 0.153084 0.15246 0.151837 0.150772 0.15059 0.151547 0.151269 0.150584 0.151047 0.151566 0.152161 0.152906 0.152813 0.153309 0.155088 0.156649 0.15675 0.15717 0.159092 0.160553 0.161859 0.162981 0.163888 0.16626 0.169496 0.171377 0.172537 0.175245 0.179351 0.182447 0.18511 0.188376 0.192384 0.198125 0.203343 0.207269 0.212544 0.220887 0.230149 0.237474 0.24543 0.256492 0.269883 0.285191 0.30134 0.319222 0.344036 0.376279 0.411966 0.451719 0.500505 0.56225 0.635686 0.715683 0.798361 0.88019 0.951278 0.994206 0.994206 0.951278 0.88019 0.798361 0.715683 0.635686 0.56225 0.500505 0.451719 0.411966 0.376279 0.344036 0.319222 0.30134 0.285191 0.269883 0.256492 0.24543 0.237474 0.230149 0.220887 0.212544 0.207269 0.203343 0.198125 0.192384 0.188376 0.18511 0.182447 0.179351 0.175245 0.172537 0.171377 0.169496 0.16626 0.163888 0.162981 0.161859 0.160553 0.159092 0.15717 0.15675 0.156649 0.155088 0.153309 0.152813 0.152906 0.152161 0.151566 0.151047 0.150584 0.151269 0.151547 0.15059 0.150772 0.151837 0.15246 0.153084 0.153868 0.154681 0.156004 0.157896 0.158691 0.158202 0.158059 0.157514 0.154752 0.150107 0.144294 0.137343
0.13041 0.137295 0.142895 0.147081 0.14932 0.149434 0.149059 0.149 0.147946 0.145908 0.144376 0.143533 0.142861 0.142269 0.141584 0.140636 0.140566 0.141473 0.141341 0.140749 0.141164 0.141806 0.142503 0.143177 0.143145 0.143656 0.145376 0.146866 0.147 0.147391 0.149147 0.150668 0.151905 0.152897 0.153797 0.15605 0.15905 0.160784 0.161833 0.164365 0.1682 0.171151 0.17355 0.17645 0.18027 0.185612 0.190454 0.194074 0.198925 0.206619 0.215036 0.221748 0.228994 0.239073 0.251493 0.265566 0.280147 0.296554 0.319645 0.349817 0.383584 0.421727 0.469569 0.531475 0.606434 0.68983 0.778192 0.867467 0.945939 0.993564 0.993564 0.945939 0.867467 0.778192 0.68983 0.606434 0.531475 0.469569 0.421727 0.383584 0.349817 0.319645 0.296554 0.280147 0.265566 0.251493 0.239073 0.228994 0.221748 0.215036 0.206619 0.198925 0.194074 0.190454 0.185612 0.18027 0.17645 0.17355 0.171151 0.1682 0.164365 0.161833 0.160784 0.15905 0.15605 0.153797 0.152897 0.151905 0.150668 0.149147 0.147391 0.147 0.146866 0.145376 0.143656 0.143145 0.143177 0.142503 0.141806 0.141164 0.140749 0.141341 0.141473 0.140566 0.140636 0.141584 0.142269 0.142861 0.143533 0.144376 0.145908 0.147946 0.149 0.149059 0.149434 0.14932 0.147081 0.142895 0.137295 0.13041
0.124417 0.131222 0.136609 0.140348 0.142079 0.141783 0.140961 0.140473 0.139247 0.137137 0.135486 0.134656 0.134081 0.133532 0.132882 0.132092 0.132095 0.132938 0.132933 0.132449 0.132822 0.133567 0.134356 0.134956 0.134973 0.135526 0.137185 0.138614 0.138803 0.139201 0.140848 0.142432 0.143626 0.144497 0.145403 0.147568 0.150371 0.15201 0.152999 0.155391 0.159012 0.161852 0.164074 0.16673 0.170427 0.175442 0.179909 0.183251 0.187778 0.194986 0.202809 0.209003 0.215616 0.224931 0.236569 0.249564 0.262844 0.278014 0.299524 0.327733 0.359571 0.395942 0.442488 0.503943 0.579625 0.665591 0.758933 0.85516 0.940734 0.992934 0.992934 0.940734 0.85516 0.758933 0.665591 0.579625 0.503943 0.442488 0.395942 0.359571 0.327733 0.299524 0.278014 0.262844 0.249564 0.236569 0.224931 0.215616 0.209003 0.202809 0.194986 0.187778 0.183251 0.179909 0.175442 0.170427 0.16673 0.164074 0.161852 0.159012 0.155391 0.152999 0.15201 0.150371 0.147568 0.145403 0.144497 0.143626 0.142432 0.140848 0.139201 0.138803 0.138614 0.137185 0.135526 0.134973 0.134956 0.134356 0.133567 0.132822 0.132449 0.132933 0.132938 0.132095 0.132092 0.132882 0.133532 0.134081 0.134656 0.135486 0.137137 0.139247 0.140473 0.140961 0.141783 0.142079 0.140348 0.136609 0.131222 0.124417
0.119083 0.125801 0.130977 0.1343 0.13556 0.134893 0.133696 0.132854 0.131497 0.129371 0.127667 0.126869 0.126404 0.125911 0.125305 0.124655 0.124731 0.125531 0.125629 0.125243 0.12559 0.126417 0.127281 0.12784 0.127912 0.128514 0.130118 0.131502 0.131761 0.13218 0.133748 0.135378 0.136551 0.137346 0.138274 0.14037 0.143006 0.144569 0.145534 0.147809 0.151242 0.15399 0.156072 0.158545 0.162127 0.166862 0.171026 0.174165 0.178443 0.185224 0.192534 0.19833 0.20447 0.213176 0.224157 0.236245 0.248459 0.262591 0.282706 0.309098 0.339047 0.373623 0.418689 0.479234 0.554986 0.642814 0.74049 0.843202 0.935627 0.992314 0.992314 0.935627 0.843202 0.74049 0.642814 0.554986 0.479234 0.418689 0.373623 0.339047 0.309098 0.282706 0.262591 0.248459 0.236245 0.224157 0.213176 0.20447 0.19833 0.192534 0.185224 0.178443 0.174165 0.171026 0.166862 0.162127 0.158545 0.156072 0.15399 0.151242 0.147809 0.145534 0.144569 0.143006 0.14037 0.138274 0.137346 0.136551 0.135378 0.133748 0.13218 0.131761 0.131502 0.130118 0.128514 0.127912 0.12784 0.127281 0.126417 0.12559 0.125243 0.125629 0.125531 0.124731 0.124655 0.125305 0.125911 0.126404 0.126869 0.127667 0.129371 0.131497 0.132854 0.133696 0.134893 0.13556 0.1343 0.130977 0.125801 0.119083
0.114234 0.120854 0.125812 0.128752 0.129605 0.12863 0.127119 0.125967 0.124494 0.12239 0.120681 0.119927 0.119598 0.119182 0.118577 0.118005 0.118156 0.118949 0.119142 0.118851 0.119192 0.120068 0.120985 0.121557 0.121703 0.122352 0.123918 0.125274 0.1256 0.126037 0.127526 0.129173 0.130359 0.131148 0.132113 0.13415 0.136638 0.138132 0.139091 0.141268 0.144534 0.1472 0.149156 0.15144 0.154863 0.159357 0.163336 0.166382 0.170474 0.176843 0.183668 0.189182 0.195022 0.20323 0.213628 0.224963 0.23631 0.249571 0.268481 0.293206 0.321334 0.354173 0.397688 0.456993 0.532286 0.621354 0.722765 0.831517 0.930577 0.991697 0.991697 0.930577 0.831517 0.722765 0.621354 0.532286 0.456993 0.397688 0.354173 0.321334 0.293206 0.268481 0.249571 0.23631 0.224963 0.213628 0.20323 0.195022 0.189182 0.183668 0.176843 0.170474 0.166382 0.163336 0.159357 0.154863 0.15144 0.149156 0.1472 0.144534 0.141268 0.139091 0.138132 0.136638 0.13415 0.132113 0.131148 0.130359 0.129173 0.127526 0.126037 0.1256 0.125274 0.123918 0.122352 0.121703 0.121557 0.120985 0.120068 0.119192 0.118851 0.119142 0.118949 0.118156 0.118005 0.118577 0.119182 0.119598 0.119927 0.120681 0.12239 0.124494 0.125967 0.127119 0.12863 0.129605 0.128752 0.125812 0.120854 0.114234
0.109909 0.116428 0.121174 0.123744 0.124192 0.122914 0.121139 0.119754 0.118215 0.116158 0.114473 0.113767 0.113538 0.11319 0.112633 0.112159 0.112362 0.113132 0.113398 0.113195 0.113534 0.114453 0.115415 0.115985 0.11619 0.116889 0.118418 0.11975 0.120151 0.120626 0.122073 0.123744 0.124942 0.125721 0.126724 0.12872 0.13109 0.132545 0.133519 0.135618 0.13874 0.141336 0.143213 0.145388 0.148706 0.152985 0.156753 0.159686 0.163622 0.169662 0.176109 0.181362 0.186915 0.194716 0.204621 0.215295 0.225923 0.238466 0.256315 0.279549 0.306015 0.337191 0.379096 0.436933 0.511369 0.601164 0.705793 0.820181 0.925635 0.99109 0.99109 0.925635 0.820181 0.705793 0.601164 0.511369 0.436933 0.379096 0.337191 0.306015 0.279549 0.256315 0.238466 0.225923 0.215295 0.204621 0.194716 0.186915 0.181362 0.176109 0.169662 0.163622 0.159686 0.156753 0.152985 0.148706 0.145388 0.143213 0.141336 0.13874 0.135618 0.133519 0.132545 0.13109 0.12872 0.126724 0.125721 0.124942 0.123744 0.122073 0.120626 0.120151 0.11975 0.118418 0.116889 0.11619 0.115985 0.115415 0.114453 0.113534 0.113195 0.113398 0.113132 0.112362 0.112159 0.112633 0.11319 0.113538 0.113767 0.114473 0.116158 0.118215 0.119754 0.121139 0.122914 0.124192 0.123744 0.121174 0.116428 0.109909
0.106035 0.112455 0.116999 0.119215 0.119257 0.117677 0.115686 0.114142 0.112574 0.110573 0.108923 0.108258 0.108101 0.107816 0.107337 0.106978 0.107223 0.107958 0.108273 0.108145 0.108492 0.109455 0.110457 0.111007 0.111247 0.111992 0.113488 0.114802 0.115284 0.11582 0.117254 0.118948 0.120151 0.120919 0.121964 0.123938 0.126213 0.127645 0.128646 0.130679 0.133673 0.136208 0.138048 0.140188 0.143451 0.147532 0.151069 0.153875 0.157678 0.163451 0.169585 0.174595 0.179875 0.187333 0.196812 0.206905 0.216937 0.228883 0.245801 0.26771 0.292675 0.322289 0.362576 0.418789 0.492055 0.582146 0.689532 0.809178 0.920797 0.990494 0.990494 0.920797 0.809178 0.689532 0.582146 0.492055 0.418789 0.362576 0.322289 0.292675 0.26771 0.245801 0.228883 0.216937 0.206905 0.196812 0.187333 0.179875 0.174595 0.169585 0.163451 0.157678 0.153875 0.151069 0.147532 0.143451 0.140188 0.138048 0.136208 0.133673 0.130679 0.128646 0.127645 0.126213 0.123938 0.121964 0.120919 0.120151 0.118948 0.117254 0.11582 0.115284 0.114802 0.113488 0.111992 0.111247 0.111007 0.110457 0.109455 0.108492 0.108145 0.108273 0.107958 0.107223 0.106978 0.107337 0.107816 0.108101 0.108258 0.108923 0.110573 0.112574 0.114142 0.115686 0.117677 0.119257 0.119215 0.116999 0.112455 0.106035
0.102429 0.108727 0.113046 0.114935 0.114657 0.112852 0.110667 0.108945 0.107339 0.105434 0.103867 0.103258 0.103187 0.102965 0.102501 0.102178 0.102459 0.103196 0.10357 0.103519 0.103869 0.104825 0.105847 0.10645 0.106775 0.107565 0.109034 0.110335 0.110875 0.111443 0.112839 0.114536 0.115781 0.116596 0.117679 0.119616 0.121813 0.12324 0.124285 0.126276 0.129165 0.131641 0.133415 0.135438 0.138558 0.142475 0.145917 0.148699 0.152392 0.15787 0.163687 0.168543 0.173688 0.180862 0.189936 0.199534 0.209069 0.220504 0.236623 0.25732 0.280881 0.309074 0.347831 0.40234 0.474187 0.564174 0.673846 0.798369 0.915978 0.989895 0.989895 0.915978 0.798369 0.673846 0.564174 0.474187 0.40234 0.347831 0.309074 0.280881 0.25732 0.236623 0.220504 0.209069 0.199534 0.189936 0.180862 0.173688 0.168543 0.163687 0.15787 0.152392 0.148699 0.145917 0.142475 0.138558 0.135438 0.133415 0.131641 0.129165 0.126276 0.124285 0.12324 0.121813 0.119616 0.117679 0.116596 0.115781 0.114536 0.112839 0.111443 0.110875 0.110335 0.109034 0.107565 0.106775 0.10645 0.105847 0.104825 0.103869 0.103519 0.10357 0.103196 0.102459 0.102178 0.102501 0.102965 0.103187 0.103258 0.103867 0.105434 0.107339 0.108945 0.110667 0.112852 0.114657 0.114935 0.113046 0.108727 0.102429
0.0992119 0.105399 0.109515 0.111085 0.110463 0.108417 0.106088 0.104274 0.102665 0.100831 0.0993223 0.0987541 0.0987415 0.098578 0.0981698 0.0979158 0.0982231 0.0989403 0.0993498 0.0993663 0.0997365 0.10071 0.10175 0.102353 0.102715 0.103542 0.104989 0.10628 0.106887 0.107509 0.108899 0.110603 0.111869 0.112716 0.113848 0.115775 0.117907 0.119328 0.120411 0.122364 0.125156 0.127584 0.129345 0.131351 0.134409 0.138167 0.141453 0.144168 0.147772 0.153028 0.158586 0.163262 0.16823 0.175146 0.183866 0.193017 0.202133 0.21314 0.228548 0.24818 0.270504 0.297383 0.334637 0.387387 0.457636 0.547215 0.658811 0.787886 0.911268 0.989308 0.989308 0.911268 0.787886 0.658811 0.547215 0.457636 0.387387 0.334637 0.297383 0.270504 0.24818 0.228548 0.21314 0.202133 0.193017 0.183866 0.175146 0.16823 0.163262 0.158586 0.153028 0.147772 0.144168 0.141453 0.138167 0.134409 0.131351 0.129345 0.127584 0.125156 0.122364 0.120411 0.119328 0.117907 0.115775 0.113848 0.112716 0.111869 0.110603 0.108899 0.107509 0.106887 0.10628 0.104989 0.103542 0.102715 0.102353 0.10175 0.10071 0.0997365 0.0993663 0.0993498 0.0989403 0.0982231 0.0979158 0.0981698 0.098578 0.0987415 0.0987541 0.0993223 0.100831 0.102665 0.104274 0.106088 0.108417 0.110463 0.111085 0.109515 0.105399 0.0992119
0.0962701 0.102337 0.106245 0.107512 0.106579 0.104321 0.101869 0.099977 0.0983751 0.0966279 0.0951943 0.0946662 0.0947002 0.0945884 0.0942268 0.0940247 0.0943535 0.0950568 0.0954963 0.0955717 0.0959579 0.0969331 0.0979818 0.0986029 0.09901 0.0998681 0.101294 0.102577 0.103243 0.103915 0.105298 0.107005 0.108298 0.109185 0.110362 0.112276 0.114358 0.115787 0.116918 0.118847 0.121556 0.123942 0.125691 0.127674 0.130663 0.134281 0.137447 0.140117 0.143639 0.148684 0.154003 0.158534 0.163366 0.170058 0.178451 0.187207 0.195964 0.206601 0.22138 0.240053 0.261257 0.286945 0.322779 0.373764 0.442284 0.531187 0.644349 0.77765 0.906618 0.988725 0.988725 0.906618 0.77765 0.644349 0.531187 0.442284 0.373764 0.322779 0.286945 0.261257 0.240053 0.22138 0.206601 0.195964 0.187207 0.178451 0.170058 0.163366 0.158534 0.154003 0.148684 0.143639 0.140117 0.137447 0.134281 0.130663 0.127674 0.125691 0.123942 0.121556 0.118847 0.116918 0.115787 0.114358 0.112276 0.110362 0.109185 0.108298 0.107005 0.105298 0.103915 0.103243 0.102577 0.101294 0.0998681 0.09901 0.0986029 0.0979818 0.0969331 0.0959579 0.0955717 0.0954963 0.0950568 0.0943535 0.0940247 0.0942268 0.0945884 0.0947002 0.0946662 0.0951943 0.0966279 0.0983751 0.099977 0.101869 0.104321 0.106579 0.107512 0.106245 0.102337 0.0962701
0.0935982 0.0995448 0.103248 0.104225 0.102994 0.100536 0.0979881 0.096052 0.0944704 0.0928054 0.0914431 0.0909484 0.0910169 0.0909526 0.0906421 0.0904908 0.0908373 0.0915246 0.0919844 0.0921109 0.0925173 0.0934947 0.0945471 0.0951779 0.0956181 0.0964992 0.0979062 0.0991831 0.0999058 0.100631 0.102014 0.103719 0.105033 0.105962 0.107185 0.109094 0.111135 0.112574 0.113752 0.115665 0.118302 0.120652 0.122406 0.124391 0.127327 0.130818 0.133869 0.136495 0.139947 0.144805 0.149911 0.154305 0.159012 0.1655 0.173591 0.181993 0.190442 0.200758 0.214976 0.232787 0.25299 0.277596 0.312087 0.361319 0.428022 0.51603 0.630445 0.767672 0.90204 0.988148 0.988148 0.90204 0.767672 0.630445 0.51603 0.428022 0.361319 0.312087 0.277596 0.25299 0.232787 0.214976 0.200758 0.190442 0.181993 0.173591 0.1655 0.159012 0.154305 0.149911 0.144805 0.139947 0.136495 0.133869 0.130818 0.127327 0.124391 0.122406 0.120652 0.118302 0.115665 0.113752 0.112574 0.111135 0.109094 0.107185 0.105962 0.105033 0.103719 0.102014 0.100631 0.0999058 0.0991831 0.0979062 0.0964992 0.0956181 0.0951779 0.0945471 0.0934947 0.0925173 0.0921109 0.0919844 0.0915246 0.0908373 0.0904908 0.0906421 0.0909526 0.0910169 0.0909484 0.0914431 0.0928054 0.0944704 0.096052 0.0979881 0.100536 0.102994 0.104225 0.103248 0.0995448 0.0935982
0.0911479 0.0969657 0.100462 0.101161 0.0996617 0.0970315 0.0944034 0.0924325 0.0908763 0.0892999 0.0880172 0.0875568 0.0876537 0.0876308 0.0873607 0.0872447 0.087603 0.0882792 0.0887583 0.0889318 0.089354 0.0903211 0.0913713 0.0920222 0.092502 0.0934035 0.094791 0.0960611 0.0968307 0.0976002 0.0989807 0.10068 0.102021 0.102997 0.10426 0.106161 0.108171 0.10963 0.11086 0.112766 0.115342 0.117661 0.11942 0.121397 0.124274 0.127654 0.13062 0.133221 0.136609 0.141292 0.146201 0.150479 0.155088 0.161394 0.169204 0.177288 0.185466 0.195498 0.209211 0.226243 0.245542 0.269174 0.302412 0.349929 0.414758 0.501682 0.617054 0.757916 0.897514 0.987574 0.987574 0.897514 0.757916 0.617054 0.501682 0.414758 0.349929 0.302412 0.269174 0.245542 0.226243 0.209211 0.195498 0.185466 0.177288 0.169204 0.161394 0.155088 0.150479 0.146201 0.141292 0.136609 0.133221 0.13062 0.127654 0.124274 0.121397 0.11942 0.117661 0.115342 0.112766 0.11086 0.10963 0.108171 0.106161 0.10426 0.102997 0.102021 0.10068 0.0989807 0.0976002 0.0968307 0.0960611 0.094791 0.0934035 0.092502 0.0920222 0.0913713 0.0903211 0.089354 0.0889318 0.0887583 0.0882792 0.087603 0.0872447 0.0873607 0.0876308 0.0876537 0.0875568 0.0880172 0.0892999 0.0908763 0.0924325 0.0944034 0.0970315 0.0996617 0.101161 0.100462 0.0969657 0.0911479
0.0888956 0.0945739 0.0978564 0.0982921 0.0965569 0.0937811 0.0910805 0.0890745 0.0875481 0.0860726 0.0848828 0.0844595 0.0845775 0.0845878 0.0843477 0.0842529 0.0846174 0.0852873 0.085787 0.0860017 0.0864294 0.0873705 0.0884147 0.0891008 0.0896315 0.0905526 0.0919191 0.0931792 0.093985 0.0947889 0.0961626 0.097857 0.0992275 0.100252 0.101544 0.103431 0.105421 0.106912 0.108203 0.110112 0.112638 0.114927 0.116684 0.118643 0.121453 0.124737 0.127646 0.130235 0.133563 0.138079 0.14281 0.146997 0.151535 0.157681 0.165228 0.173022 0.180958 0.190731 0.203986 0.220311 0.238797 0.261553 0.293626 0.339481 0.402409 0.488094 0.604151 0.748371 0.893035 0.987003 0.987003 0.893035 0.748371 0.604151 0.488094 0.402409 0.339481 0.293626 0.261553 0.238797 0.220311 0.203986 0.190731 0.180958 0.173022 0.165228 0.157681 0.151535 0.146997 0.14281 0.138079 0.133563 0.130235 0.127646 0.124737 0.121453 0.118643 0.116684 0.114927 0.112638 0.110112 0.108203 0.106912 0.105421 0.103431 0.101544 0.100252 0.0992275 0.097857 0.0961626 0.0947889 0.093985 0.0931792 0.0919191 0.0905526 0.0896315 0.0891008 0.0884147 0.0873705 0.0864294 0.0860017 0.085787 0.0852873 0.0846174 0.0842529 0.0843477 0.0845878 0.0845775 0.0844595 0.0848828 0.0860726 0.0875481 0.0890745 0.0910805 0.0937811 0.0965569 0.0982921 0.0978564 0.0945739 0.0888956
0.0868402 0.092372 0.0954413 0.0956252 0.0936726 0.0907604 0.0879872 0.0859506 0.0844675 0.0831086 0.0820196 0.0816262 0.08175 0.0817874 0.081583 0.0815143 0.0818862 0.0825495 0.0830613 0.0833025 0.0837235 0.0846323 0.0856729 0.0864005 0.0869799 0.0879114 0.0892526 0.0905039 0.0913468 0.0921884 0.0935607 0.0952492 0.0966428 0.0977032 0.0990102 0.10088 0.102859 0.104395 0.105752 0.10767 0.110152 0.112414 0.114175 0.116123 0.118878 0.12208 0.124935 0.127503 0.130763 0.135125 0.139703 0.143818 0.148301 0.154301 0.161606 0.169137 0.176857 0.186392 0.199225 0.214909 0.232666 0.25463 0.285614 0.329864 0.39089 0.475224 0.591737 0.739056 0.888617 0.986436 0.986436 0.888617 0.739056 0.591737 0.475224 0.39089 0.329864 0.285614 0.25463 0.232666 0.214909 0.199225 0.186392 0.176857 0.169137 0.161606 0.154301 0.148301 0.143818 0.139703 0.135125 0.130763 0.127503 0.124935 0.12208 0.118878 0.116123 0.114175 0.112414 0.110152 0.10767 0.105752 0.104395 0.102859 0.10088 0.0990102 0.0977032 0.0966428 0.0952492 0.0935607 0.0921884 0.0913468 0.0905039 0.0892526 0.0879114 0.0869799 0.0864005 0.0856729 0.0846323 0.0837235 0.0833025 0.0830613 0.0825495 0.0818862 0.0815143 0.081583 0.0817874 0.08175 0.0816262 0.0820196 0.0831086 0.0844675 0.0859506 0.0879872 0.0907604 0.0936726 0.0956252 0.0954413 0.092372 0.0868402
0.0849711 0.090361 0.0932268 0.0931653 0.0909973 0.0879603 0.0851487 0.0831183 0.0816807 0.0804081 0.0793952 0.0790278 0.0791595 0.0792242 0.0790569 0.0790137 0.0793888 0.0800415 0.0805613 0.0808313 0.0812608 0.0821511 0.0831808 0.0839245 0.084531 0.0854687 0.086789 0.0880319 0.088907 0.0897839 0.0911557 0.0928342 0.0942446 0.0953439 0.0966794 0.0985429 0.100509 0.102073 0.103481 0.105406 0.107851 0.110095 0.111875 0.113837 0.116555 0.119681 0.12248 0.125032 0.128245 0.132476 0.136911 0.140942 0.145354 0.151212 0.158291 0.165583 0.173111 0.182435 0.194883 0.209985 0.227086 0.248332 0.278299 0.321004 0.380134 0.463019 0.579782 0.729965 0.884263 0.985875 0.985875 0.884263 0.729965 0.579782 0.463019 0.380134 0.321004 0.278299 0.248332 0.227086 0.209985 0.194883 0.182435 0.173111 0.165583 0.158291 0.151212 0.145354 0.140942 0.136911 0.132476 0.128245 0.125032 0.12248 0.119681 0.116555 0.113837 0.111875 0.110095 0.107851 0.105406 0.103481 0.102073 0.100509 0.0985429 0.0966794 0.0953439 0.0942446 0.0928342 0.0911557 0.0897839 0.088907 0.0880319 0.086789 0.0854687 0.084531 0.0839245 0.0831808 0.0821511 0.0812608 0.0808313 0.0805613 0.0800415 0.0793888 0.0790137 0.0790569 0.0792242 0.0791595 0.0790278 0.0793952 0.0804081 0.0816807 0.0831183 0.0851487 0.0879603 0.0909973 0.0931653 0.0932268 0.090361 0.0849711
0.0832967 0.0885644 0.0912526 0.0909457 0.0885337 0.0853671 0.0825773 0.0806279 0.0792394 0.0779882 0.0769934 0.076638 0.0767849 0.0768866 0.0767704 0.0767653 0.0771437 0.0777731 0.0782867 0.0785922 0.0790709 0.0799824 0.0809896 0.0816912 0.0822747 0.0832067 0.0845155 0.085757 0.0866679 0.0875876 0.0889632 0.0906195 0.0920312 0.0931792 0.0945796 0.0964636 0.0984021 0.0999519 0.101375 0.103296 0.105709 0.107951 0.109787 0.111815 0.114536 0.117584 0.120305 0.122842 0.126039 0.130174 0.134465 0.138372 0.142671 0.148374 0.155242 0.162318 0.169686 0.178833 0.19093 0.2055 0.222009 0.242595 0.271605 0.312826 0.370076 0.451442 0.568294 0.721137 0.880003 0.985323 0.985323 0.880003 0.721137 0.568294 0.451442 0.370076 0.312826 0.271605 0.242595 0.222009 0.2055 0.19093 0.178833 0.169686 0.162318 0.155242 0.148374 0.142671 0.138372 0.134465 0.130174 0.126039 0.122842 0.120305 0.117584 0.114536 0.111815 0.109787 0.107951 0.105709 0.103296 0.101375 0.0999519 0.0984021 0.0964636 0.0945796 0.0931792 0.0920312 0.0906195 0.0889632 0.0875876 0.0866679 0.085757 0.0845155 0.0832067 0.0822747 0.0816912 0.0809896 0.0799824 0.0790709 0.0785922 0.0782867 0.0777731 0.0771437 0.0767653 0.0767704 0.0768866 0.0767849 0.076638 0.0769934 0.0779882 0.0792394 0.0806279 0.0825773 0.0853671 0.0885337 0.0909457 0.0912526 0.0885644 0.0832967
0.0817217 0.0868378 0.0893235 0.0887889 0.086197 0.0829424 0.0801404 0.0782133 0.0768726 0.0756986 0.0747738 0.074445 0.0745985 0.0747213 0.0746319 0.0746389 0.075013 0.0756332 0.0761551 0.0764864 0.0769717 0.0778593 0.0788487 0.0795641 0.0801723 0.0811071 0.0823955 0.0836255 0.0845541 0.0854938 0.0868618 0.0885054 0.0899339 0.0911204 0.0925442 0.0944206 0.0963503 0.0979272 0.0993961 0.101328 0.103717 0.105948 0.107803 0.109839 0.112526 0.115518 0.118211 0.120749 0.123911 0.127939 0.132108 0.135946 0.140188 0.145768 0.15244 0.159314 0.166523 0.175487 0.187256 0.201338 0.217309 0.237305 0.26544 0.305257 0.360672 0.440451 0.557181 0.712438 0.875746 0.984768 0.984768 0.875746 0.712438 0.557181 0.440451 0.360672 0.305257 0.26544 0.237305 0.217309 0.201338 0.187256 0.175487 0.166523 0.159314 0.15244 0.145768 0.140188 0.135946 0.132108 0.127939 0.123911 0.120749 0.118211 0.115518 0.112526 0.109839 0.107803 0.105948 0.103717 0.101328 0.0993961 0.0979272 0.0963503 0.0944206 0.0925442 0.0911204 0.0899339 0.0885054 0.0868618 0.0854938 0.0845541 0.0836255 0.0823955 0.0811071 0.0801723 0.0795641 0.0788487 0.0778593 0.0769717 0.0764864 0.0761551 0.0756332 0.075013 0.0746389 0.0746319 0.0747213 0.0745985 0.074445 0.0747738 0.0756986 0.0768726 0.0782133 0.0801404 0.0829424 0.086197 0.0887889 0.0893235 0.0868378 0.0817217
0.080269 0.0852218 0.0874999 0.0867484 0.0840032 0.0806812 0.0778658 0.0759508 0.0746582 0.073573 0.0727303 0.0724329 0.0725892 0.0727251 0.0726545 0.0726669 0.0730343 0.073649 0.0741815 0.0745319 0.0750099 0.0758618 0.0768341 0.0775751 0.0782182 0.0791576 0.0804232 0.0816367 0.0825741 0.0835256 0.0848842 0.0865177 0.0879634 0.0891801 0.090613 0.0924747 0.0944014 0.096016 0.0975386 0.0994892 0.101858 0.104077 0.105939 0.107972 0.110623 0.113569 0.116248 0.118792 0.121918 0.125843 0.129906 0.133692 0.137895 0.143367 0.149857 0.156542 0.163598 0.172385 0.183846 0.197483 0.212968 0.23243 0.259755 0.298241 0.35187 0.430019 0.546461 0.703917 0.871528 0.984215 0.984215 0.871528 0.703917 0.546461 0.430019 0.35187 0.298241 0.259755 0.23243 0.212968 0.197483 0.183846 0.172385 0.163598 0.156542 0.149857 0.143367 0.137895 0.133692 0.129906 0.125843 0.121918 0.118792 0.116248 0.113569 0.110623 0.107972 0.105939 0.104077 0.101858 0.0994892 0.0975386 0.096016 0.0944014 0.0924747 0.090613 0.0891801 0.0879634 0.0865177 0.0848842 0.0835256 0.0825741 0.0816367 0.0804232 0.0791576 0.0782182 0.0775751 0.0768341 0.0758618 0.0750099 0.0745319 0.0741815 0.073649 0.0730343 0.0726669 0.0726545 0.0727251 0.0725892 0.0724329 0.0727303 0.073573 0.0746582 0.0759508 0.0778658 0.0806812 0.0840032 0.0867484 0.0874999 0.0852218 0.080269
0.0789691 0.083773 0.0858677 0.0849016 0.0819769 0.0785728 0.0757765 0.0739262 0.0726945 0.0716613 0.0708574 0.070571 0.0707285 0.0708878 0.0708567 0.0708953 0.0712624 0.0718601 0.0723846 0.0727509 0.0732482 0.0740966 0.0750486 0.0757737 0.0764081 0.0773338 0.0785793 0.0797869 0.0807466 0.0817245 0.0830801 0.084692 0.086137 0.087384 0.0888485 0.090714 0.0926285 0.0942491 0.0957949 0.0977494 0.100099 0.10232 0.104224 0.106299 0.108946 0.111846 0.114487 0.117023 0.120128 0.123975 0.127937 0.131648 0.135781 0.141133 0.147452 0.153972 0.160902 0.169537 0.180713 0.193935 0.208972 0.227936 0.254497 0.291716 0.343611 0.420123 0.536173 0.695652 0.867403 0.983671 0.983671 0.867403 0.695652 0.536173 0.420123 0.343611 0.291716 0.254497 0.227936 0.208972 0.193935 0.180713 0.169537 0.160902 0.153972 0.147452 0.141133 0.135781 0.131648 0.127937 0.123975 0.120128 0.117023 0.114487 0.111846 0.108946 0.106299 0.104224 0.10232 0.100099 0.0977494 0.0957949 0.0942491 0.0926285 0.090714 0.0888485 0.087384 0.086137 0.084692 0.0830801 0.0817245 0.0807466 0.0797869 0.0785793 0.0773338 0.0764081 0.0757737 0.0750486 0.0740966 0.0732482 0.0727509 0.0723846 0.0718601 0.0712624 0.0708953 0.0708567 0.0708878 0.0707285 0.070571 0.0708574 0.0716613 0.0726945 0.0739262 0.0757765 0.0785728 0.0819769 0.0849016 0.0858677 0.083773 0.0789691
0.0777384 0.0823575 0.0842394 0.0830781 0.0800427 0.0765978 0.0737764 0.0719183 0.0707419 0.0698251 0.0691242 0.0688708 0.0690186 0.0691785 0.0691608 0.0692041 0.069567 0.0701645 0.0706972 0.0710623 0.0715237 0.0723198 0.0732612 0.0740304 0.0747098 0.0756358 0.0768506 0.0780364 0.078999 0.079985 0.0813345 0.0829399 0.0843938 0.0856468 0.0870918 0.0889304 0.0908532 0.0925295 0.0941398 0.0961189 0.0984538 0.100659 0.102562 0.104625 0.10724 0.110113 0.112752 0.115285 0.118342 0.122096 0.125986 0.129683 0.133804 0.139072 0.145234 0.15159 0.15838 0.166847 0.17775 0.190598 0.205235 0.223755 0.249616 0.285644 0.335872 0.410722 0.526208 0.68749 0.86327 0.983122 0.983122 0.86327 0.68749 0.526208 0.410722 0.335872 0.285644 0.249616 0.223755 0.205235 0.190598 0.17775 0.166847 0.15838 0.15159 0.145234 0.139072 0.133804 0.129683 0.125986 0.122096 0.118342 0.115285 0.112752 0.110113 0.10724 0.104625 0.102562 0.100659 0.0984538 0.0961189 0.0941398 0.0925295 0.0908532 0.0889304 0.0870918 0.0856468 0.0843938 0.0829399 0.0813345 0.079985 0.078999 0.0780364 0.0768506 0.0756358 0.0747098 0.0740304 0.0732612 0.0723198 0.0715237 0.0710623 0.0706972 0.0701645 0.069567 0.0692041 0.0691608 0.0691785 0.0690186 0.0688708 0.0691242 0.0698251 0.0707419 0.0719183 0.0737764 0.0765978 0.0800427 0.0830781 0.0842394 0.0823575 0.0777384
0.0766502 0.081119 0.0828293 0.081464 0.0782605 0.0747595 0.0719994 0.0702406 0.0691223 0.0682215 0.0675292 0.0672849 0.0674444 0.0676309 0.0676475 0.0677083 0.0680626 0.0686381 0.0691625 0.0695523 0.0700515 0.0708565 0.0717676 0.0724963 0.0731486 0.0740588 0.07526 0.0764399 0.0774129 0.0784101 0.0797466 0.0813253 0.0827786 0.0840707 0.0855609 0.087411 0.0893137 0.0909733 0.0925849 0.0945625 0.0968872 0.0991039 0.101053 0.103163 0.10578 0.108617 0.111232 0.113777 0.116839 0.120541 0.124337 0.127945 0.131982 0.137136 0.143151 0.149369 0.156055 0.164393 0.175051 0.187543 0.2018 0.219895 0.245094 0.279992 0.328602 0.401789 0.516644 0.679589 0.859244 0.982586 0.982586 0.859244 0.679589 0.516644 0.401789 0.328602 0.279992 0.245094 0.219895 0.2018 0.187543 0.175051 0.164393 0.156055 0.149369 0.143151 0.137136 0.131982 0.127945 0.124337 0.120541 0.116839 0.113777 0.111232 0.108617 0.10578 0.103163 0.101053 0.0991039 0.0968872 0.0945625 0.0925849 0.0909733 0.0893137 0.087411 0.0855609 0.0840707 0.0827786 0.0813253 0.0797466 0.0784101 0.0774129 0.0764399 0.07526 0.0740588 0.0731486 0.0724963 0.0717676 0.0708565 0.0700515 0.0695523 0.0691625 0.0686381 0.0680626 0.0677083 0.0676475 0.0676309 0.0674444 0.0672849 0.0675292 0.0682215 0.0691223 0.0702406 0.0719994 0.0747595 0.0782605 0.081464 0.0828293 0.081119 0.0766502
0.0756178 0.0798862 0.0813888 0.0798501 0.0765601 0.0730194 0.070209 0.0684279 0.0673873 0.0666378 0.0660583 0.0658284 0.0659562 0.0661391 0.0661845 0.0662699 0.0666319 0.0672078 0.0677258 0.0680867 0.0685263 0.0692768 0.0701905 0.0709701 0.0716545 0.0725419 0.0736991 0.0748625 0.0758554 0.0768785 0.0782204 0.0797901 0.0812323 0.0825004 0.0839476 0.0857665 0.0876877 0.0894103 0.0910811 0.0930738 0.095381 0.0975887 0.0995491 0.101666 0.104271 0.107092 0.109689 0.112199 0.115188 0.118809 0.122571 0.126198 0.130242 0.135323 0.141204 0.147292 0.153862 0.162046 0.172459 0.184631 0.198551 0.21626 0.240835 0.274669 0.321758 0.393316 0.507405 0.671797 0.855208 0.982044 0.982044 0.855208 0.671797 0.507405 0.393316 0.321758 0.274669 0.240835 0.21626 0.198551 0.184631 0.172459 0.162046 0.153862 0.147292 0.141204 0.135323 0.130242 0.126198 0.122571 0.118809 0.115188 0.112199 0.109689 0.107092 0.104271 0.101666 0.0995491 0.0975887 0.095381 0.0930738 0.0910811 0.0894103 0.0876877 0.0857665 0.0839476 0.0825004 0.0812323 0.0797901 0.0782204 0.0768785 0.0758554 0.0748625 0.0736991 0.0725419 0.0716545 0.0709701 0.0701905 0.0692768 0.0685263 0.0680867 0.0677258 0.0672078 0.0666319 0.0662699 0.0661845 0.0661391 0.0659562 0.0658284 0.0660583 0.0666378 0.0673873 0.0684279 0.070209 0.0730194 0.0765601 0.0798501 0.0813888 0.0798862 0.0756178
0.074687 0.0787757 0.0800966 0.0783792 0.0749711 0.0713933 0.068601 0.0668712 0.0659044 0.0652312 0.064698 0.0644705 0.0645876 0.0647855 0.064866 0.064973 0.0653316 0.0658927 0.0664009 0.0667606 0.0671958 0.0679308 0.0688292 0.0696018 0.0702737 0.0711328 0.0722608 0.0734166 0.0744254 0.0754637 0.0767974 0.0783453 0.0797792 0.0810555 0.0825079 0.0843209 0.0862388 0.0879723 0.0896566 0.0916466 0.0939421 0.096159 0.098156 0.100306 0.102912 0.105711 0.108291 0.110789 0.113752 0.117322 0.12103 0.124621 0.128617 0.133607 0.139367 0.145344 0.151823 0.15988 0.170072 0.181943 0.195541 0.21288 0.236867 0.269698 0.315321 0.385257 0.498506 0.664204 0.851242 0.981508 0.981508 0.851242 0.664204 0.498506 0.385257 0.315321 0.269698 0.236867 0.21288 0.195541 0.181943 0.170072 0.15988 0.151823 0.145344 0.139367 0.133607 0.128617 0.124621 0.12103 0.117322 0.113752 0.110789 0.108291 0.105711 0.102912 0.100306 0.098156 0.096159 0.0939421 0.0916466 0.0896566 0.0879723 0.0862388 0.0843209 0.0825079 0.0810555 0.0797792 0.0783453 0.0767974 0.0754637 0.0744254 0.0734166 0.0722608 0.0711328 0.0702737 0.0696018 0.0688292 0.0679308 0.0671958 0.0667606 0.0664009 0.0658927 0.0653316 0.064973 0.064866 0.0647855 0.0645876 0.0644705 0.064698 0.0652312 0.0659044 0.0668712 0.068601 0.0713933 0.0749711 0.0783792 0.0800966 0.0787757 0.074687
0.073833 0.0777309 0.0788656 0.076972 0.0734649 0.0698975 0.0671807 0.065522 0.0645899 0.0639401 0.0634486 0.0632661 0.0634049 0.0636045 0.0636799 0.0637762 0.0641213 0.0646749 0.0651878 0.0655608 0.0659986 0.0667102 0.0675764 0.0683384 0.0690234 0.0698925 0.0710083 0.0721354 0.0731171 0.0741362 0.0754522 0.076986 0.0784223 0.0797151 0.0811765 0.0829798 0.0848851 0.0866275 0.0883416 0.0903549 0.0926507 0.0948599 0.0968573 0.0990079 0.101604 0.104393 0.106987 0.109518 0.11249 0.116018 0.119659 0.123199 0.127156 0.132075 0.137715 0.143554 0.149911 0.157838 0.167829 0.179428 0.192737 0.209754 0.233229 0.265141 0.309341 0.377622 0.48992 0.65677 0.84732 0.980976 0.980976 0.84732 0.65677 0.48992 0.377622 0.309341 0.265141 0.233229 0.209754 0.192737 0.179428 0.167829 0.157838 0.149911 0.143554 0.137715 0.132075 0.127156 0.123199 0.119659 0.116018 0.11249 0.109518 0.106987 0.104393 0.101604 0.0990079 0.0968573 0.0948599 0.0926507 0.0903549 0.0883416 0.0866275 0.0848851 0.0829798 0.0811765 0.0797151 0.0784223 0.076986 0.0754522 0.0741362 0.0731171 0.0721354 0.0710083 0.0698925 0.0690234 0.0683384 0.0675764 0.0667102 0.0659986 0.0655608 0.0651878 0.0646749 0.0641213 0.0637762 0.0636799 0.0636045 0.0634049 0.0632661 0.0634486 0.0639401 0.0645899 0.065522 0.0671807 0.0698975 0.0734649 0.076972 0.0788656 0.0777309 0.073833
0.0730616 0.0767868 0.0777623 0.0756917 0.0720539 0.0684806 0.0658728 0.0643397 0.0634608 0.0627986 0.0622934 0.0621242 0.0622885 0.0625133 0.0626064 0.062701 0.0630244 0.0635529 0.0640616 0.0644664 0.0649502 0.0656736 0.0665008 0.0672079 0.0678583 0.0687163 0.0698271 0.0709438 0.0719099 0.0729082 0.0741937 0.0757001 0.0771409 0.0784765 0.0799847 0.081799 0.0836769 0.0853843 0.0870819 0.0890935 0.0913915 0.0936144 0.0956425 0.0978204 0.100417 0.103191 0.10579 0.108363 0.111373 0.114882 0.118447 0.121893 0.125763 0.130592 0.136129 0.141867 0.148137 0.155956 0.165762 0.1771 0.190124 0.206821 0.229803 0.26085 0.303703 0.370369 0.481663 0.649532 0.843465 0.980451 0.980451 0.843465 0.649532 0.481663 0.370369 0.303703 0.26085 0.229803 0.206821 0.190124 0.1771 0.165762 0.155956 0.148137 0.141867 0.136129 0.130592 0.125763 0.121893 0.118447 0.114882 0.111373 0.108363 0.10579 0.103191 0.100417 0.0978204 0.0956425 0.0936144 0.0913915 0.0890935 0.0870819 0.0853843 0.0836769 0.081799 0.0799847 0.0784765 0.0771409 0.0757001 0.0741937 0.0729082 0.0719099 0.0709438 0.0698271 0.0687163 0.0678583 0.0672079 0.0665008 0.0656736 0.0649502 0.0644664 0.0640616 0.0635529 0.0630244 0.062701 0.0626064 0.0625133 0.0622885 0.0621242 0.0622934 0.0627986 0.0634608 0.0643397 0.0658728 0.0684806 0.0720539 0.0756917 0.0777623 0.0767868 0.0730616
0.0723344 0.0758434 0.0766291 0.0744044 0.0707022 0.0671482 0.0645812 0.063086 0.062261 0.0616716 0.06123 0.0610899 0.0612553 0.0614792 0.0615768 0.0616697 0.0619838 0.0625072 0.0630164 0.0634135 0.0638702 0.0645573 0.0653666 0.0660835 0.0667474 0.0675979 0.0686838 0.069776 0.070727 0.0717147 0.0729875 0.0744818 0.0759162 0.077243 0.0787311 0.0805247 0.0824025 0.084135 0.0858642 0.0878911 0.0901855 0.092402 0.09443 0.0966067 0.099198 0.101971 0.104579 0.107157 0.11015 0.11362 0.117151 0.120584 0.124436 0.129209 0.134649 0.140278 0.146441 0.154134 0.163762 0.174869 0.187644 0.204049 0.226569 0.256809 0.298398 0.363483 0.473675 0.642385 0.839599 0.979919 0.979919 0.839599 0.642385 0.473675 0.363483 0.298398 0.256809 0.226569 0.204049 0.187644 0.174869 0.163762 0.154134 0.146441 0.140278 0.134649 0.129209 0.124436 0.120584 0.117151 0.11362 0.11015 0.107157 0.104579 0.101971 0.099198 0.0966067 0.09443 0.092402 0.0901855 0.0878911 0.0858642 0.084135 0.0824025 0.0805247 0.0787311 0.077243 0.0759162 0.0744818 0.0729875 0.0717147 0.070727 0.069776 0.0686838 0.0675979 0.0667474 0.0660835 0.0653666 0.0645573 0.0638702 0.0634135 0.0630164 0.0625072 0.0619838 0.0616697 0.0615768 0.0614792 0.0612553 0.0610899 0.06123 0.0616716 0.062261 0.063086 0.0645812 0.0671482 0.0707022 0.0744044 0.0766291 0.0758434 0.0723344
0.0716782 0.0749664 0.0755726 0.0732034 0.0694355 0.065896 0.0633714 0.0619229 0.0611597 0.0606425 0.0602562 0.060136 0.0602983 0.0605231 0.0606326 0.0607334 0.0610445 0.0615609 0.0620621 0.0624446 0.0628763 0.0635353 0.0643295 0.0650481 0.0657119 0.0665449 0.0676033 0.0686757 0.0696201 0.0706057 0.0718696 0.0733483 0.0747676 0.0760797 0.0775487 0.0793259 0.0812031 0.0829522 0.0847007 0.0867344 0.0890243 0.0912402 0.0932787 0.095467 0.0980623 0.100835 0.103443 0.106015 0.108987 0.112427 0.115933 0.119355 0.123187 0.127903 0.133255 0.138786 0.144853 0.152429 0.16189 0.172782 0.185317 0.201439 0.223524 0.253018 0.293424 0.356979 0.466021 0.635432 0.835794 0.979393 0.979393 0.835794 0.635432 0.466021 0.356979 0.293424 0.253018 0.223524 0.201439 0.185317 0.172782 0.16189 0.152429 0.144853 0.138786 0.133255 0.127903 0.123187 0.119355 0.115933 0.112427 0.108987 0.106015 0.103443 0.100835 0.0980623 0.095467 0.0932787 0.0912402 0.0890243 0.0867344 0.0847007 0.0829522 0.0812031 0.0793259 0.0775487 0.0760797 0.0747676 0.0733483 0.0718696 0.0706057 0.0696201 0.0686757 0.0676033 0.0665449 0.0657119 0.0650481 0.0643295 0.0635353 0.0628763 0.0624446 0.0620621 0.0615609 0.0610445 0.0607334 0.0606326 0.0605231 0.0602983 0.060136 0.0602562 0.0606425 0.0611597 0.0619229 0.0633714 0.065896 0.0694355 0.0732034 0.0755726 0.0749664 0.0716782
0.0710838 0.0741436 0.0745769 0.0720732 0.068244 0.0647188 0.062236 0.0608367 0.0601412 0.0596994 0.0593644 0.0592568 0.0594116 0.0596382 0.0597647 0.05988 0.0601919 0.0607003 0.0611883 0.0615511 0.0619573 0.0625926 0.0633746 0.0640907 0.0647447 0.0655511 0.0665794 0.0676358 0.0685805 0.0695697 0.0708269 0.0722879 0.0736865 0.0749784 0.0764271 0.0781902 0.0800677 0.081828 0.0835854 0.0856177 0.0879022 0.0901227 0.0921791 0.0943869 0.0969925 0.0997656 0.102366 0.104922 0.107871 0.111287 0.114779 0.118193 0.122002 0.126665 0.131937 0.137382 0.14336 0.150829 0.160137 0.170828 0.18313 0.198976 0.220651 0.249458 0.288762 0.350837 0.458679 0.628649 0.832036 0.978871 0.978871 0.832036 0.628649 0.458679 0.350837 0.288762 0.249458 0.220651 0.198976 0.18313 0.170828 0.160137 0.150829 0.14336 0.137382 0.131937 0.126665 0.122002 0.118193 0.114779 0.111287 0.107871 0.104922 0.102366 0.0997656 0.0969925 0.0943869 0.0921791 0.0901227 0.0879022 0.0856177 0.0835854 0.081828 0.0800677 0.0781902 0.0764271 0.0749784 0.0736865 0.0722879 0.0708269 0.0695697 0.0685805 0.0676358 0.0665794 0.0655511 0.0647447 0.0640907 0.0633746 0.0625926 0.0619573 0.0615511 0.0611883 0.0607003 0.0601919 0.05988 0.0597647 0.0596382 0.0594116 0.0592568 0.0593644 0.0596994 0.0601412 0.0608367 0.062236 0.0647188 0.068244 0.0720732 0.0745769 0.0741436 0.0710838
0.0705452 0.0733733 0.0736452 0.0710169 0.0671244 0.0636055 0.0611604 0.0598172 0.0592034 0.0588434 0.058548 0.0584335 0.0585709 0.0588051 0.0589629 0.0591042 0.0594189 0.0599133 0.0603817 0.0607245 0.0611137 0.0617366 0.0625101 0.0632119 0.0638336 0.064594 0.0655875 0.0666387 0.0675988 0.0685994 0.0698481 0.0712855 0.0726602 0.0739346 0.075371 0.0771281 0.0790053 0.0807614 0.0825029 0.0845143 0.0867915 0.0890308 0.0911242 0.093366 0.0959883 0.0987595 0.101342 0.103871 0.106794 0.110196 0.113683 0.117084 0.120855 0.125456 0.130661 0.136045 0.141959 0.149336 0.158505 0.169005 0.181075 0.196639 0.217917 0.246094 0.284389 0.345046 0.451646 0.622034 0.828321 0.97835 0.97835 0.828321 0.622034 0.451646 0.345046 0.284389 0.246094 0.217917 0.196639 0.181075 0.169005 0.158505 0.149336 0.141959 0.136045 0.130661 0.125456 0.120855 0.117084 0.113683 0.110196 0.106794 0.103871 0.101342 0.0987595 0.0959883 0.093366 0.0911242 0.0890308 0.0867915 0.0845143 0.0825029 0.0807614 0.0790053 0.0771281 0.075371 0.0739346 0.0726602 0.0712855 0.0698481 0.0685994 0.0675988 0.0666387 0.0655875 0.064594 0.0638336 0.0632119 0.0625101 0.0617366 0.0611137 0.0607245 0.0603817 0.0599133 0.0594189 0.0591042 0.0589629 0.0588051 0.0585709 0.0584335 0.058548 0.0588434 0.0592034 0.0598172 0.0611604 0.0636055 0.0671244 0.0710169 0.0736452 0.0733733 0.0705452
0.0700492 0.0726438 0.0727561 0.0699927 0.0660338 0.0625797 0.0602865 0.0590696 0.0584919 0.0581099 0.0578091 0.0577325 0.0579156 0.0581651 0.0583033 0.058405 0.0586819 0.0591602 0.0596408 0.060015 0.0604302 0.0610457 0.061778 0.0624407 0.063056 0.0638356 0.0648393 0.0658625 0.0667597 0.0676933 0.0688983 0.0703229 0.0717127 0.0730172 0.0744752 0.0762269 0.0780757 0.0798066 0.0815508 0.0835875 0.0858813 0.0881097 0.0901737 0.0923872 0.0949964 0.0977804 0.10041 0.10301 0.105995 0.109403 0.11283 0.116147 0.119856 0.124417 0.129568 0.13486 0.140658 0.147921 0.156967 0.167304 0.179174 0.194505 0.215471 0.243099 0.280399 0.339567 0.444812 0.615508 0.824624 0.97783 0.97783 0.824624 0.615508 0.444812 0.339567 0.280399 0.243099 0.215471 0.194505 0.179174 0.167304 0.156967 0.147921 0.140658 0.13486 0.129568 0.124417 0.119856 0.116147 0.11283 0.109403 0.105995 0.10301 0.10041 0.0977804 0.0949964 0.0923872 0.0901737 0.0881097 0.0858813 0.0835875 0.0815508 0.0798066 0.0780757 0.0762269 0.0744752 0.0730172 0.0717127 0.0703229 0.0688983 0.0676933 0.0667597 0.0658625 0.0648393 0.0638356 0.063056 0.0624407 0.061778 0.0610457 0.0604302 0.060015 0.0596408 0.0591602 0.0586819 0.058405 0.0583033 0.0581651 0.0579156 0.0577325 0.0578091 0.0581099 0.0584919 0.0590696 0.0602865 0.0625797 0.0660338 0.0699927 0.0727561 0.0726438 0.0700492
0.0696179 0.0719462 0.0718994 0.0690417 0.0650509 0.061605 0.0593133 0.0581176 0.0576338 0.0573782 0.0571424 0.0570463 0.0571875 0.0574354 0.0576162 0.0577655 0.0580639 0.0585347 0.0589844 0.0593101 0.059678 0.0602732 0.0610135 0.0616785 0.0622548 0.0629626 0.0639128 0.064938 0.0658775 0.0668502 0.0680631 0.0694645 0.070811 0.0720639 0.0734811 0.0752231 0.0770883 0.0788266 0.0805444 0.0825397 0.0848187 0.0870764 0.0891947 0.0914589 0.0941001 0.0968856 0.0994717 0.101994 0.104912 0.10831 0.111774 0.115119 0.118809 0.123316 0.128414 0.133665 0.139414 0.1466 0.155534 0.165711 0.177357 0.192401 0.213004 0.240118 0.276591 0.334473 0.438394 0.609222 0.820986 0.977313 0.977313 0.820986 0.609222 0.438394 0.334473 0.276591 0.240118 0.213004 0.192401 0.177357 0.165711 0.155534 0.1466 0.139414 0.133665 0.128414 0.123316 0.118809 0.115119 0.111774 0.10831 0.104912 0.101994 0.0994717 0.0968856 0.0941001 0.0914589 0.0891947 0.0870764 0.0848187 0.0825397 0.0805444 0.0788266 0.0770883 0.0752231 0.0734811 0.0720639 0.070811 0.0694645 0.0680631 0.0668502 0.0658775 0.064938 0.0639128 0.0629626 0.0622548 0.0616785 0.0610135 0.0602732 0.059678 0.0593101 0.0589844 0.0585347 0.0580639 0.0577655 0.0576162 0.0574354 0.0571875 0.0570463 0.0571424 0.0573782 0.0576338 0.0581176 0.0593133 0.061605 0.0650509 0.0690417 0.0718994 0.0719462 0.0696179
0.0692345 0.0712879 0.0710842 0.0681295 0.0641069 0.0607145 0.058513 0.0573933 0.0569674 0.0567581 0.056554 0.056476 0.0566264 0.056878 0.0570595 0.0572053 0.0574967 0.0579616 0.0584043 0.0587158 0.0590646 0.0596415 0.0603667 0.0610181 0.061579 0.0622688 0.0632017 0.0642096 0.0651287 0.0660813 0.0672795 0.0686686 0.0699986 0.07123 0.0726271 0.0743583 0.0762199 0.0779532 0.0796644 0.0816589 0.0839427 0.0862028 0.0883189 0.0905842 0.093237 0.0960381 0.0986293 0.101146 0.104062 0.107464 0.110925 0.114249 0.117909 0.122385 0.127441 0.132618 0.138269 0.145358 0.154196 0.164239 0.175686 0.190483 0.210797 0.237481 0.273156 0.329704 0.432204 0.603048 0.817376 0.976797 0.976797 0.817376 0.603048 0.432204 0.329704 0.273156 0.237481 0.210797 0.190483 0.175686 0.164239 0.154196 0.145358 0.138269 0.132618 0.127441 0.122385 0.117909 0.114249 0.110925 0.107464 0.104062 0.101146 0.0986293 0.0960381 0.093237 0.0905842 0.0883189 0.0862028 0.0839427 0.0816589 0.0796644 0.0779532 0.0762199 0.0743583 0.0726271 0.07123 0.0699986 0.0686686 0.0672795 0.0660813 0.0651287 0.0642096 0.0632017 0.0622688 0.061579 0.0610181 0.0603667 0.0596415 0.0590646 0.0587158 0.0584043 0.0579616 0.0574967 0.0572053 0.0570595 0.056878 0.0566264 0.056476 0.056554 0.0567581 0.0569674 0.0573933 0.058513 0.0607145 0.0641069 0.0681295 0.0710842 0.0712879 0.0692345
0.068879 0.0706626 0.0703196 0.0672685 0.0631992 0.0598576 0.0577649 0.0567487 0.0564021 0.0562373 0.0560342 0.0559377 0.0560863 0.0563596 0.0565618 0.0567005 0.0569592 0.0573971 0.0578405 0.0581725 0.058541 0.059122 0.0598286 0.0604391 0.0609478 0.0615965 0.0625169 0.0635287 0.0644337 0.0653417 0.0664907 0.0678575 0.0691974 0.0704519 0.0718671 0.073604 0.0754512 0.0771429 0.0788011 0.0807665 0.0830611 0.0853487 0.0874769 0.089735 0.0923833 0.0951955 0.0978048 0.100341 0.103287 0.106715 0.11016 0.113407 0.116967 0.121385 0.126437 0.131607 0.137203 0.144209 0.152965 0.162893 0.174139 0.18866 0.208675 0.234987 0.269974 0.325258 0.426271 0.596966 0.813754 0.976274 0.976274 0.813754 0.596966 0.426271 0.325258 0.269974 0.234987 0.208675 0.18866 0.174139 0.162893 0.152965 0.144209 0.137203 0.131607 0.126437 0.121385 0.116967 0.113407 0.11016 0.106715 0.103287 0.100341 0.0978048 0.0951955 0.0923833 0.089735 0.0874769 0.0853487 0.0830611 0.0807665 0.0788011 0.0771429 0.0754512 0.073604 0.0718671 0.0704519 0.0691974 0.0678575 0.0664907 0.0653417 0.0644337 0.0635287 0.0625169 0.0615965 0.0609478 0.0604391 0.0598286 0.059122 0.058541 0.0581725 0.0578405 0.0573971 0.0569592 0.0567005 0.0565618 0.0563596 0.0560863 0.0559377 0.0560342 0.0562373 0.0564021 0.0567487 0.0577649 0.0598576 0.0631992 0.0672685 0.0703196 0.0706626 0.068879
0.0686316 0.0700899 0.0695927 0.0664848 0.0624177 0.0591423 0.0571359 0.0561819 0.055882 0.0557674 0.0556144 0.0555568 0.055722 0.0559877 0.0561754 0.0563145 0.0565914 0.0570451 0.0574737 0.057755 0.0580674 0.0586182 0.0593214 0.0599382 0.0604488 0.0610894 0.0619911 0.0629761 0.0638583 0.0647651 0.0659311 0.0672992 0.0685972 0.0697804 0.0711368 0.0728552 0.0747146 0.0764227 0.0780927 0.0800705 0.0823711 0.0846474 0.0867586 0.0890223 0.0917055 0.0945481 0.0971442 0.0996328 0.102545 0.10598 0.109454 0.112727 0.116306 0.120728 0.12574 0.130801 0.136257 0.143161 0.151855 0.161683 0.172736 0.187022 0.206824 0.232852 0.267198 0.32123 0.420737 0.591178 0.810258 0.975767 0.975767 0.810258 0.591178 0.420737 0.32123 0.267198 0.232852 0.206824 0.187022 0.172736 0.161683 0.151855 0.143161 0.136257 0.130801 0.12574 0.120728 0.116306 0.112727 0.109454 0.10598 0.102545 0.0996328 0.0971442 0.0945481 0.0917055 0.0890223 0.0867586 0.0846474 0.0823711 0.0800705 0.0780927 0.0764227 0.0747146 0.0728552 0.0711368 0.0697804 0.0685972 0.0672992 0.0659311 0.0647651 0.0638583 0.0629761 0.0619911 0.0610894 0.0604488 0.0599382 0.0593214 0.0586182 0.0580674 0.057755 0.0574737 0.0570451 0.0565914 0.0563145 0.0561754 0.0559877 0.055722 0.0555568 0.0556144 0.0557674 0.055882 0.0561819 0.0571359 0.0591423 0.0624177 0.0664848 0.0695927 0.0700899 0.0686316
0.0684165 0.0695586 0.0689332 0.0657701 0.0616827 0.0584672 0.056571 0.0557156 0.0554898 0.0554221 0.0552775 0.0552091 0.0553761 0.055658 0.0558586 0.0559941 0.0562552 0.0566968 0.0571223 0.0574019 0.0577134 0.0582663 0.0589621 0.0595467 0.0600067 0.0606058 0.0614957 0.0624842 0.0633527 0.0642243 0.0653593 0.0667153 0.0680092 0.0691859 0.0705399 0.0722654 0.0741219 0.075793 0.0774076 0.0793579 0.0816742 0.083976 0.0860915 0.0883498 0.0910454 0.0939119 0.0965128 0.0989897 0.101913 0.105388 0.108873 0.112089 0.115582 0.119967 0.124989 0.130035 0.135413 0.142234 0.15088 0.160629 0.171483 0.185485 0.205047 0.230856 0.264694 0.317562 0.415489 0.585485 0.806743 0.975251 0.975251 0.806743 0.585485 0.415489 0.317562 0.264694 0.230856 0.205047 0.185485 0.171483 0.160629 0.15088 0.142234 0.135413 0.130035 0.124989 0.119967 0.115582 0.112089 0.108873 0.105388 0.101913 0.0989897 0.0965128 0.0939119 0.0910454 0.0883498 0.0860915 0.083976 0.0816742 0.0793579 0.0774076 0.075793 0.0741219 0.0722654 0.0705399 0.0691859 0.0680092 0.0667153 0.0653593 0.0642243 0.0633527 0.0624842 0.0614957 0.0606058 0.0600067 0.0595467 0.0589621 0.0582663 0.0577134 0.0574019 0.0571223 0.0566968 0.0562552 0.0559941 0.0558586 0.055658 0.0553761 0.0552091 0.0552775 0.0554221 0.0554898 0.0557156 0.056571 0.0584672 0.0616827 0.0657701 0.0689332 0.0695586 0.0684165
0.0682991 0.0690691 0.0682929 0.0650951 0.0610251 0.0579121 0.0561619 0.0554044 0.0552151 0.055169 0.0550634 0.0550541 0.0552713 0.0555543 0.055709 0.0558002 0.0560557 0.0565198 0.0569508 0.0571911 0.0574432 0.0579572 0.0586455 0.0592452 0.0597383 0.0603751 0.0612761 0.0622237 0.0630174 0.0638382 0.0649786 0.0663562 0.0676262 0.0687286 0.0700089 0.0717055 0.0735758 0.0752789 0.0769378 0.0789426 0.0812874 0.08355 0.0855793 0.0877806 0.0904958 0.0934211 0.0960486 0.0985084 0.101421 0.104914 0.108419 0.11164 0.115157 0.119594 0.12462 0.129536 0.134698 0.141373 0.149998 0.159724 0.170422 0.184197 0.203613 0.229293 0.262632 0.314256 0.410493 0.579922 0.803259 0.974736 0.974736 0.803259 0.579922 0.410493 0.314256 0.262632 0.229293 0.203613 0.184197 0.170422 0.159724 0.149998 0.141373 0.134698 0.129536 0.12462 0.119594 0.115157 0.11164 0.108419 0.104914 0.101421 0.0985084 0.0960486 0.0934211 0.0904958 0.0877806 0.0855793 0.08355 0.0812874 0.0789426 0.0769378 0.0752789 0.0735758 0.0717055 0.0700089 0.0687286 0.0676262 0.0663562 0.0649786 0.0638382 0.0630174 0.0622237 0.0612761 0.0603751 0.0597383 0.0592452 0.0586455 0.0579572 0.0574432 0.0571911 0.0569508 0.0565198 0.0560557 0.0558002 0.055709 0.0555543 0.0552713 0.0550541 0.0550634 0.055169 0.0552151 0.0554044 0.0561619 0.0579121 0.0610251 0.0650951 0.0682929 0.0690691 0.0682991
0.0682857 0.0686816 0.0677963 0.0645955 0.0605277 0.0574727 0.0558281 0.0551638 0.0550511 0.0550652 0.0549762 0.0549551 0.0551739 0.0554735 0.0556424 0.055743 0.0560069 0.0564758 0.0568958 0.0571035 0.0573273 0.0578439 0.0585435 0.0591206 0.0595549 0.0601384 0.0610254 0.061985 0.0627798 0.0635869 0.0647232 0.0661021 0.0673476 0.0683998 0.0696482 0.0713572 0.0732464 0.0749188 0.0765086 0.0784755 0.0808419 0.0831391 0.0851767 0.0873858 0.090142 0.093108 0.0957114 0.0980974 0.100981 0.10453 0.10809 0.111283 0.11473 0.119149 0.124209 0.129107 0.134165 0.140753 0.149381 0.159083 0.169573 0.18302 0.202226 0.227843 0.26088 0.311452 0.406002 0.574651 0.799848 0.974225 0.974225 0.799848 0.574651 0.406002 0.311452 0.26088 0.227843 0.202226 0.18302 0.169573 0.159083 0.149381 0.140753 0.134165 0.129107 0.124209 0.119149 0.11473 0.111283 0.10809 0.10453 0.100981 0.0980974 0.0957114 0.093108 0.090142 0.0873858 0.0851767 0.0831391 0.0808419 0.0784755 0.0765086 0.0749188 0.0732464 0.0713572 0.0696482 0.0683998 0.0673476 0.0661021 0.0647232 0.0635869 0.0627798 0.061985 0.0610254 0.0601384 0.0595549 0.0591206 0.0585435 0.0578439 0.0573273 0.0571035 0.0568958 0.0564758 0.0560069 0.055743 0.0556424 0.0554735 0.0551739 0.0549551 0.0549762 0.0550652 0.0550511 0.0551638 0.0558281 0.0574727 0.0605277 0.0645955 0.0677963 0.0686816 0.0682857
0.0683731 0.0683651 0.0673765 0.064185 0.0601225 0.057174 0.0557379 0.0552355 0.0551752 0.0551841 0.0550891 0.0551023 0.0553874 0.0557121 0.0558277 0.0558492 0.0560728 0.0565531 0.0570015 0.0572178 0.057435 0.0579501 0.0586425 0.0591999 0.059637 0.0602683 0.0612021 0.0621326 0.0628101 0.0634937 0.0645885 0.0659974 0.0672661 0.0683033 0.0695322 0.0712415 0.0731295 0.074784 0.0763769 0.0784044 0.0808364 0.0831041 0.0850089 0.0870962 0.0898433 0.0928885 0.0955678 0.0980016 0.10095 0.104571 0.108122 0.111204 0.114563 0.119029 0.124184 0.129028 0.133864 0.140275 0.148913 0.158661 0.169008 0.182185 0.201274 0.226951 0.259723 0.309126 0.401779 0.569444 0.796408 0.973704 0.973704 0.796408 0.569444 0.401779 0.309126 0.259723 0.226951 0.201274 0.182185 0.169008 0.158661 0.148913 0.140275 0.133864 0.129028 0.124184 0.119029 0.114563 0.111204 0.108122 0.104571 0.10095 0.0980016 0.0955678 0.0928885 0.0898433 0.0870962 0.0850089 0.0831041 0.0808364 0.0784044 0.0763769 0.074784 0.0731295 0.0712415 0.0695322 0.0683033 0.0672661 0.0659974 0.0645885 0.0634937 0.0628101 0.0621326 0.0612021 0.0602683 0.059637 0.0591999 0.0586425 0.0579501 0.057435 0.0572178 0.0570015 0.0565531 0.0560728 0.0558492 0.0558277 0.0557121 0.0553874 0.0551023 0.0550891 0.0551841 0.0551752 0.0552355 0.0557379 0.057174 0.0601225 0.064185 0.0673765 0.0683651 0.0683731
0.0687167 0.0682555 0.0671883 0.0640639 0.0600247 0.0571309 0.0557985 0.0553792 0.0553978 0.0554936 0.0554318 0.0554304 0.0557195 0.0560678 0.0562043 0.0562569 0.0565239 0.0570322 0.0574587 0.0575969 0.0577407 0.0582559 0.0589901 0.0595425 0.0599083 0.060465 0.0613802 0.0623412 0.0630499 0.0637545 0.0648849 0.0663171 0.0675316 0.0684486 0.0695941 0.0713221 0.073268 0.0749084 0.0764108 0.0783793 0.0808414 0.0831642 0.085091 0.0872095 0.0900427 0.0931551 0.0957636 0.0980178 0.100862 0.104556 0.108236 0.111345 0.114653 0.119124 0.124344 0.129167 0.133853 0.140164 0.148873 0.158682 0.168817 0.181577 0.200434 0.226195 0.258886 0.30736 0.398197 0.56468 0.793119 0.973197 0.973197 0.793119 0.56468 0.398197 0.30736 0.258886 0.226195 0.200434 0.181577 0.168817 0.158682 0.148873 0.140164 0.133853 0.129167 0.124344 0.119124 0.114653 0.111345 0.108236 0.104556 0.100862 0.0980178 0.0957636 0.0931551 0.0900427 0.0872095 0.085091 0.0831642 0.0808414 0.0783793 0.0764108 0.0749084 0.073268 0.0713221 0.0695941 0.0684486 0.0675316 0.0663171 0.0648849 0.0637545 0.0630499 0.0623412 0.0613802 0.060465 0.0599083 0.0595425 0.0589901 0.0582559 0.0577407 0.0575969 0.0574587 0.0570322 0.0565239 0.0562569 0.0562043 0.0560678 0.0557195 0.0554304 0.0554318 0.0554936 0.0553978 0.0553792 0.0557985 0.0571309 0.0600247 0.0640639 0.0671883 0.0682555 0.0687167
0.0692861 0.0683386 0.0672253 0.064199 0.0601749 0.0573808 0.0562768 0.0560262 0.0561025 0.0562193 0.0561604 0.0561832 0.0565471 0.0569333 0.0570162 0.0570012 0.0572563 0.0577954 0.0582454 0.0583632 0.0584747 0.0590009 0.0597606 0.0602993 0.0606478 0.0612391 0.0622078 0.063156 0.0637584 0.0643481 0.0654605 0.066948 0.0681725 0.0690266 0.0701239 0.0718702 0.0738474 0.0754714 0.0769476 0.0789622 0.0815122 0.0838262 0.0856119 0.0876045 0.0904602 0.0936836 0.0963416 0.0985681 0.101433 0.105233 0.108964 0.111971 0.115166 0.119703 0.125077 0.12987 0.13429 0.140391 0.14917 0.159121 0.169114 0.181503 0.20021 0.226186 0.258853 0.306273 0.395045 0.560069 0.789824 0.972682 0.972682 0.789824 0.560069 0.395045 0.306273 0.258853 0.226186 0.20021 0.181503 0.169114 0.159121 0.14917 0.140391 0.13429 0.12987 0.125077 0.119703 0.115166 0.111971 0.108964 0.105233 0.101433 0.0985681 0.0963416 0.0936836 0.0904602 0.0876045 0.0856119 0.0838262 0.0815122 0.0789622 0.0769476 0.0754714 0.0738474 0.0718702 0.0701239 0.0690266 0.0681725 0.066948 0.0654605 0.0643481 0.0637584 0.063156 0.0622078 0.0612391 0.0606478 0.0602993 0.0597606 0.0590009 0.0584747 0.0583632 0.0582454 0.0577954 0.0572563 0.0570012 0.0570162 0.0569333 0.0565471 0.0561832 0.0561604 0.0562193 0.0561025 0.0560262 0.0562768 0.0573808 0.0601749 0.064199 0.0672253 0.0683386 0.0692861
0.0703017 0.068864 0.0678032 0.0649493 0.0609121 0.0581549 0.0572188 0.0570962 0.0572664 0.0574678 0.0573703 0.0572849 0.0576442 0.0581122 0.0582672 0.0583048 0.0585911 0.0591408 0.0595986 0.0597143 0.0598461 0.0604632 0.0612899 0.0617253 0.0618361 0.0622406 0.0632002 0.0642671 0.0649559 0.0655317 0.0666169 0.0681203 0.0693531 0.0702012 0.0713536 0.0732179 0.0752329 0.0766783 0.0778406 0.0796658 0.0822815 0.0847738 0.0866723 0.0887225 0.0916654 0.0949571 0.0975394 0.0995928 0.102419 0.106402 0.110286 0.113148 0.116009 0.120387 0.125922 0.130934 0.135385 0.14145 0.150342 0.160395 0.170106 0.181878 0.200207 0.226396 0.259321 0.306052 0.392859 0.556109 0.786745 0.972185 0.972185 0.786745 0.556109 0.392859 0.306052 0.259321 0.226396 0.200207 0.181878 0.170106 0.160395 0.150342 0.14145 0.135385 0.130934 0.125922 0.120387 0.116009 0.113148 0.110286 0.106402 0.102419 0.0995928 0.0975394 0.0949571 0.0916654 0.0887225 0.0866723 0.0847738 0.0822815 0.0796658 0.0778406 0.0766783 0.0752329 0.0732179 0.0713536 0.0702012 0.0693531 0.0681203 0.0666169 0.0655317 0.0649559 0.0642671 0.0632002 0.0622406 0.0618361 0.0617253 0.0612899 0.0604632 0.0598461 0.0597143 0.0595986 0.0591408 0.0585911 0.0583048 0.0582672 0.0581122 0.0576442 0.0572849 0.0573703 0.0574678 0.0572664 0.0570962 0.0572188 0.0581549 0.0609121 0.0649493 0.0678032 0.068864 0.0703017
0.0718561 0.0698496 0.0688898 0.066271 0.0622263 0.0595938 0.0589916 0.0590599 0.0592751 0.059527 0.0594105 0.059295 0.0597543 0.0603121 0.060419 0.0603841 0.0606554 0.0612362 0.0617525 0.0618931 0.0620221 0.0626962 0.063583 0.0639626 0.0639719 0.0643656 0.0653944 0.0664945 0.0670916 0.0675079 0.0685357 0.0701138 0.0714039 0.0722374 0.0734021 0.0753406 0.0773902 0.0787431 0.079761 0.0815682 0.0843127 0.0868677 0.0886367 0.0905277 0.0934836 0.0969149 0.0995701 0.101596 0.104467 0.10863 0.112603 0.115262 0.117823 0.122172 0.12795 0.133087 0.137336 0.143177 0.152169 0.162447 0.172012 0.18326 0.201297 0.227784 0.260939 0.306772 0.391315 0.552458 0.783722 0.971686 0.971686 0.783722 0.552458 0.391315 0.306772 0.260939 0.227784 0.201297 0.18326 0.172012 0.162447 0.152169 0.143177 0.137336 0.133087 0.12795 0.122172 0.117823 0.115262 0.112603 0.10863 0.104467 0.101596 0.0995701 0.0969149 0.0934836 0.0905277 0.0886367 0.0868677 0.0843127 0.0815682 0.079761 0.0787431 0.0773902 0.0753406 0.0734021 0.0722374 0.0714039 0.0701138 0.0685357 0.0675079 0.0670916 0.0664945 0.0653944 0.0643656 0.0639719 0.0639626 0.063583 0.0626962 0.0620221 0.0618931 0.0617525 0.0612362 0.0606554 0.0603841 0.060419 0.0603121 0.0597543 0.059295 0.0594105 0.059527 0.0592751 0.0590599 0.0589916 0.0595938 0.0622263 0.066271 0.0688898 0.0698496 0.0718561
0.0744018 0.0717106 0.0709824 0.0687525 0.0646593 0.0620864 0.0618215 0.062046 0.0622913 0.0626786 0.0626161 0.0624938 0.0630811 0.0637244 0.0637849 0.063807 0.0642403 0.0648908 0.0653486 0.0653329 0.0653165 0.06603 0.0670413 0.0674015 0.0673081 0.0676755 0.0687349 0.0698672 0.0704943 0.0709638 0.0721194 0.073803 0.0749745 0.0755335 0.076556 0.078563 0.0807113 0.0820404 0.0829447 0.0847124 0.0875483 0.0901683 0.0919113 0.0938616 0.0970311 0.100595 0.103079 0.104746 0.107411 0.111696 0.115904 0.118637 0.121186 0.125654 0.131594 0.136642 0.140564 0.146214 0.155387 0.165909 0.175257 0.185887 0.203588 0.230376 0.263756 0.308701 0.391004 0.549794 0.781138 0.971236 0.971236 0.781138 0.549794 0.391004 0.308701 0.263756 0.230376 0.203588 0.185887 0.175257 0.165909 0.155387 0.146214 0.140564 0.136642 0.131594 0.125654 0.121186 0.118637 0.115904 0.111696 0.107411 0.104746 0.103079 0.100595 0.0970311 0.0938616 0.0919113 0.0901683 0.0875483 0.0847124 0.0829447 0.0820404 0.0807113 0.078563 0.076556 0.0755335 0.0749745 0.073803 0.0721194 0.0709638 0.0704943 0.0698672 0.0687349 0.0676755 0.0673081 0.0674015 0.0670413 0.06603 0.0653165 0.0653329 0.0653486 0.0648908 0.0642403 0.063807 0.0637849 0.0637244 0.0630811 0.0624938 0.0626161 0.0626786 0.0622913 0.062046 0.0618215 0.0620864 0.0646593 0.0687525 0.0709824 0.0717106 0.0744018
0.0778959 0.0744577 0.0742046 0.0725286 0.0683639 0.066082 0.0665774 0.0670754 0.0672111 0.067664 0.0676683 0.0676381 0.0685278 0.0692411 0.0689762 0.0687802 0.0692298 0.0699112 0.0704304 0.0704594 0.0703932 0.0711161 0.0721885 0.072566 0.0726525 0.0734002 0.0746443 0.0755623 0.0757686 0.0758843 0.0769882 0.0788644 0.08012 0.080567 0.081504 0.0835101 0.0856778 0.0871165 0.0882719 0.0903619 0.0933987 0.0958117 0.0969714 0.0984407 0.101559 0.105344 0.108068 0.109936 0.112791 0.117228 0.121392 0.123866 0.126312 0.131097 0.137386 0.142238 0.145491 0.150613 0.159814 0.170686 0.180109 0.190464 0.208095 0.235263 0.268681 0.312331 0.39197 0.547923 0.778829 0.97081 0.97081 0.778829 0.547923 0.39197 0.312331 0.268681 0.235263 0.208095 0.190464 0.180109 0.170686 0.159814 0.150613 0.145491 0.142238 0.137386 0.131097 0.126312 0.123866 0.121392 0.117228 0.112791 0.109936 0.108068 0.105344 0.101559 0.0984407 0.0969714 0.0958117 0.0933987 0.0903619 0.0882719 0.0871165 0.0856778 0.0835101 0.081504 0.080567 0.08012 0.0788644 0.0769882 0.0758843 0.0757686 0.0755623 0.0746443 0.0734002 0.0726525 0.072566 0.0721885 0.0711161 0.0703932 0.0704594 0.0704304 0.0699112 0.0692298 0.0687802 0.0689762 0.0692411 0.0685278 0.0676381 0.0676683 0.067664 0.0672111 0.0670754 0.0665774 0.066082 0.0683639 0.0725286 0.0742046 0.0744577 0.0778959
0.0831169 0.0788811 0.0795959 0.0787851 0.0744008 0.072335 0.0735297 0.0740421 0.0740781 0.0749239 0.0750461 0.0748868 0.0759818 0.0768131 0.0764241 0.0763782 0.0770639 0.077701 0.0781209 0.0780059 0.0776998 0.0784357 0.0797111 0.080097 0.0801087 0.0808708 0.0820933 0.0830173 0.0833454 0.0835603 0.0847736 0.0867594 0.0878609 0.0879529 0.0886946 0.090724 0.0929736 0.0944852 0.0956286 0.0976583 0.100734 0.103204 0.104378 0.105983 0.109349 0.113199 0.115664 0.117125 0.119684 0.124155 0.128594 0.131293 0.133882 0.138821 0.145189 0.149874 0.152817 0.15774 0.166989 0.17804 0.187347 0.197189 0.214341 0.241485 0.275002 0.317971 0.395562 0.548365 0.777596 0.97051 0.97051 0.777596 0.548365 0.395562 0.317971 0.275002 0.241485 0.214341 0.197189 0.187347 0.17804 0.166989 0.15774 0.152817 0.149874 0.145189 0.138821 0.133882 0.131293 0.128594 0.124155 0.119684 0.117125 0.115664 0.113199 0.109349 0.105983 0.104378 0.103204 0.100734 0.0976583 0.0956286 0.0944852 0.0929736 0.090724 0.0886946 0.0879529 0.0878609 0.0867594 0.0847736 0.0835603 0.0833454 0.0830173 0.0820933 0.0808708 0.0801087 0.080097 0.0797111 0.0784357 0.0776998 0.0780059 0.0781209 0.077701 0.0770639 0.0763782 0.0764241 0.0768131 0.0759818 0.0748868 0.0750461 0.0749239 0.0740781 0.0740421 0.0735297 0.072335 0.0744008 0.0787851 0.0795959 0.0788811 0.0831169
0.0898788 0.0850052 0.0876685 0.0881741 0.0833589 0.0817845 0.0841643 0.0845681 0.0842565 0.0855073 0.0856364 0.0852551 0.0866962 0.0876254 0.086883 0.0868621 0.0876485 0.0880771 0.088539 0.0886175 0.088256 0.0890179 0.0903909 0.0906731 0.0907329 0.0917748 0.0930056 0.0937189 0.0939017 0.0939131 0.0950099 0.0971194 0.0982985 0.0983732 0.0991851 0.101229 0.103367 0.10492 0.106214 0.108313 0.111435 0.113815 0.114727 0.116148 0.119498 0.123361 0.125919 0.127631 0.130352 0.134849 0.139228 0.141764 0.144278 0.149313 0.155776 0.160356 0.163128 0.167884 0.176942 0.187984 0.197333 0.207091 0.224008 0.250908 0.28422 0.32648 0.402214 0.551428 0.777595 0.970353 0.970353 0.777595 0.551428 0.402214 0.32648 0.28422 0.250908 0.224008 0.207091 0.197333 0.187984 0.176942 0.167884 0.163128 0.160356 0.155776 0.149313 0.144278 0.141764 0.139228 0.134849 0.130352 0.127631 0.125919 0.123361 0.119498 0.116148 0.114727 0.113815 0.111435 0.108313 0.106214 0.10492 0.103367 0.101229 0.0991851 0.0983732 0.0982985 0.0971194 0.0950099 0.0939131 0.0939017 0.0937189 0.0930056 0.0917748 0.0907329 0.0906731 0.0903909 0.0890179 0.088256 0.0886175 0.088539 0.0880771 0.0876485 0.0868621 0.086883 0.0876254 0.0866962 0.0852551 0.0856364 0.0855073 0.0842565 0.0845681 0.0841643 0.0817845 0.0833589 0.0881741 0.0876685 0.0850052 0.0898788
0.0984734 0.0936336 0.0999626 0.102207 0.0963728 0.0953551 0.0989406 0.098668 0.0979142 0.0997491 0.099467 0.0984361 0.100234 0.101326 0.100451 0.100776 0.101571 0.101581 0.102287 0.102849 0.102599 0.103565 0.104973 0.104735 0.104298 0.105046 0.105948 0.106749 0.107433 0.107539 0.108366 0.110309 0.111584 0.112245 0.113876 0.116191 0.117862 0.118745 0.119307 0.120775 0.123891 0.12678 0.128277 0.129971 0.133153 0.136765 0.139473 0.141689 0.144622 0.149045 0.153309 0.155481 0.157263 0.161401 0.167644 0.173035 0.177084 0.182566 0.191269 0.2017 0.210671 0.220218 0.236522 0.262447 0.295653 0.338376 0.413459 0.558707 0.779602 0.970429 0.970429 0.779602 0.558707 0.413459 0.338376 0.295653 0.262447 0.236522 0.220218 0.210671 0.2017 0.191269 0.182566 0.177084 0.173035 0.167644 0.161401 0.157263 0.155481 0.153309 0.149045 0.144622 0.141689 0.139473 0.136765 0.133153 0.129971 0.128277 0.12678 0.123891 0.120775 0.119307 0.118745 0.117862 0.116191 0.113876 0.112245 0.111584 0.110309 0.108366 0.107539 0.107433 0.106749 0.105948 0.105046 0.104298 0.104735 0.104973 0.103565 0.102599 0.102849 0.102287 0.101581 0.101571 0.100776 0.100451 0.101326 0.100234 0.0984361 0.099467 0.0997491 0.0979142 0.098668 0.0989406 0.0953551 0.0963728 0.102207 0.0999626 0.0936336 0.0984734
0.106554 0.102892 0.115048 0.119245 0.111863 0.111601 0.116384 0.11495 0.113667 0.116418 0.116218 0.115054 0.11716 0.117784 0.116356 0.117135 0.118029 0.117426 0.118078 0.118702 0.118039 0.118729 0.120159 0.120239 0.120718 0.122349 0.123073 0.123335 0.123889 0.123905 0.124789 0.126916 0.128064 0.128175 0.129105 0.130818 0.132483 0.134631 0.136741 0.138765 0.141472 0.143518 0.144607 0.146458 0.149799 0.153096 0.155487 0.157923 0.160736 0.164678 0.16882 0.171825 0.175305 0.180414 0.186157 0.19018 0.193438 0.19861 0.206425 0.216607 0.226463 0.237485 0.254194 0.278589 0.310645 0.353469 0.428821 0.570442 0.783942 0.970782 0.970782 0.783942 0.570442 0.428821 0.353469 0.310645 0.278589 0.254194 0.237485 0.226463 0.216607 0.206425 0.19861 0.193438 0.19018 0.186157 0.180414 0.175305 0.171825 0.16882 0.164678 0.160736 0.157923 0.155487 0.153096 0.149799 0.146458 0.144607 0.143518 0.141472 0.138765 0.136741 0.134631 0.132483 0.130818 0.129105 0.128175 0.128064 0.126916 0.124789 0.123905 0.123889 0.123335 0.123073 0.122349 0.120718 0.120239 0.120159 0.118729 0.118039 0.118702 0.118078 0.117426 0.118029 0.117135 0.116356 0.117784 0.11716 0.115054 0.116218 0.116418 0.113667 0.11495 0.116384 0.111601 0.111863 0.119245 0.115048 0.102892 0.106554
0.131996 0.131482 0.15001 0.155089 0.146163 0.145935 0.149632 0.146562 0.146213 0.150004 0.148357 0.144952 0.14483 0.142746 0.138373 0.135286 0.130693 0.124924 0.121977 0.118908 0.113705 0.109699 0.107313 0.105373 0.105216 0.106578 0.107474 0.109597 0.11338 0.116627 0.120396 0.124912 0.128494 0.131077 0.133723 0.136342 0.138783 0.142413 0.145835 0.14831 0.151022 0.153425 0.156266 0.160024 0.164244 0.167552 0.169873 0.172761 0.175495 0.179233 0.183715 0.187921 0.192861 0.197679 0.202588 0.206594 0.210912 0.216825 0.223469 0.232982 0.243314 0.255684 0.272423 0.294269 0.325786 0.370385 0.447613 0.585832 0.789765 0.971238 0.971238 0.789765 0.585832 0.447613 0.370385 0.325786 0.294269 0.272423 0.255684 0.243314 0.232982 0.223469 0.216825 0.210912 0.206594 0.202588 0.197679 0.192861 0.187921 0.183715 0.179233 0.175495 0.172761 0.169873 0.167552 0.164244 0.160024 0.156266 0.153425 0.151022 0.14831 0.145835 0.142413 0.138783 0.136342 0.133723 0.131077 0.128494 0.124912 0.120396 0.116627 0.11338 0.109597 0.107474 0.106578 0.105216 0.105373 0.107313 0.109699 0.113705 0.118908 0.121977 0.124924 0.130693 0.135286 0.138373 0.142746 0.14483 0.144952 0.148357 0.150004 0.146213 0.146562 0.149632 0.145935 0.146163 0.155089 0.15001 0.131482 0.131996
0.163342 0.167199 0.184096 0.184861 0.176239 0.176818 0.179125 0.175868 0.175373 0.177258 0.175634 0.174153 0.174498 0.172443 0.168999 0.166381 0.161443 0.15505 0.150335 0.14521 0.139565 0.135715 0.133807 0.133079 0.134183 0.137042 0.139633 0.142713 0.145866 0.147836 0.150073 0.152392 0.154502 0.155713 0.15667 0.158559 0.160997 0.164913 0.16846 0.171057 0.173062 0.17422 0.176634 0.179075 0.181806 0.184434 0.186464 0.190141 0.194246 0.199573 0.204245 0.208097 0.212548 0.214561 0.216666 0.217817 0.219218 0.22292 0.227613 0.237343 0.24834 0.262616 0.280562 0.300703 0.332571 0.37688 0.453914 0.590672 0.789334 0.970696 0.970696 0.789334 0.590672 0.453914 0.37688 0.332571 0.300703 0.280562 0.262616 0.24834 0.237343 0.227613 0.22292 0.219218 0.217817 0.216666 0.214561 0.212548 0.208097 0.204245 0.199573 0.194246 0.190141 0.186464 0.184434 0.181806 0.179075 0.176634 0.17422 0.173062 0.171057 0.16846 0.164913 0.160997 0.158559 0.15667 0.155713 0.154502 0.152392 0.150073 0.147836 0.145866 0.142713 0.139633 0.137042 0.134183 0.133079 0.133807 0.135715 0.139565 0.14521 0.150335 0.15505 0.161443 0.166381 0.168999 0.172443 0.174498 0.174153 0.175634 0.177258 0.175373 0.175868 0.179125 0.176818 0.176239 0.184861 0.184096 0.167199 0.163342
0.220583 0.218198 0.217321 0.215605 0.214616 0.21347 0.212338 0.212275 0.211502 0.209747 0.210328 0.210922 0.207447 0.20176 0.194513 0.181322 0.164111 0.152491 0.148432 0.148084 0.150743 0.154679 0.158434 0.161756 0.164653 0.166481 0.167158 0.16915 0.171517 0.173821 0.176285 0.177513 0.178914 0.179582 0.180417 0.182404 0.183793 0.184609 0.183786 0.184103 0.185352 0.185957 0.186768 0.184463 0.182411 0.181454 0.180429 0.180929 0.18057 0.180318 0.176482 0.172195 0.171613 0.170736 0.172328 0.170724 0.168966 0.172502 0.177411 0.184023 0.184856 0.190756 0.205888 0.225564 0.257771 0.296008 0.374682 0.530613 0.756767 0.965806 0.965806 0.756767 0.530613 0.374682 0.296008 0.257771 0.225564 0.205888 0.190756 0.184856 0.184023 0.177411 0.172502 0.168966 0.170724 0.172328 0.170736 0.171613 0.172195 0.176482 0.180318 0.18057 0.180929 0.180429 0.181454 0.182411 0.184463 0.186768 0.185957 0.185352 0.184103 0.183786 0.184609 0.183793 0.182404 0.180417 0.179582 0.178914 0.177513 0.176285 0.173821 0.171517 0.16915 0.167158 0.166481 0.164653 0.161756 0.158434 0.154679 0.150743 0.148084 0.148432 0.152491 0.164111 0.181322 0.194513 0.20176 0.207447 0.210922 0.210328 0.209747 0.211502 0.212275 0.212338 0.21347 0.214616 0.215605 0.217321 0.218198 0.220583
0.101916 0.100828 0.102719 0.100728 0.0981133 0.0971203 0.0970346 0.0965575 0.0965224 0.0956073 0.0942753 0.0926468 0.0914555 0.0913937 0.091884 0.0918255 0.0918867 0.0934535 0.0970628 0.104984 0.118959 0.134415 0.148015 0.158227 0.164359 0.168669 0.171247 0.171956 0.170871 0.168081 0.165465 0.16375 0.162752 0.161074 0.159076 0.157629 0.157165 0.158502 0.160518 0.163101 0.163843 0.164434 0.1684 0.172612 0.178125 0.183853 0.189635 0.196499 0.203264 0.213166 0.221605 0.230146 0.239344 0.2445 0.252277 0.259486 0.266631 0.271387 0.272848 0.281118 0.288004 0.299493 0.313726 0.329096 0.360905 0.399566 0.473673 0.603421 0.785765 0.968694 0.968694 0.785765 0.603421 0.473673 0.399566 0.360905 0.329096 0.313726 0.299493 0.288004 0.281118 0.272848 0.271387 0.266631 0.259486 0.252277 0.2445 0.239344 0.230146 0.221605 0.213166 0.203264 0.196499 0.189635 0.183853 0.178125 0.172612 0.1684 0.164434 0.163843 0.163101 0.160518 0.158502 0.157165 0.157629 0.159076 0.161074 0.162752 0.16375 0.165465 0.168081 0.170871 0.171956 0.171247 0.168669 0.164359 0.158227 0.148015 0.134415 0.118959 0.104984 0.0970628 0.0934535 0.0918867 0.0918255 0.091884 0.0913937 0.0914555 0.0926468 0.0942753 0.0956073 0.0965224 0.0965575 0.0970346 0.0971203 0.0981133 0.100728 0.102719 0.100828 0.101916
0.121926 0.123496 0.127317 0.125784 0.12506 0.125243 0.126061 0.125606 0.126925 0.126992 0.127164 0.127467 0.127685 0.126535 0.124353 0.121197 0.118414 0.116456 0.115619 0.11674 0.121168 0.125238 0.127457 0.130045 0.131888 0.133074 0.134578 0.136873 0.139772 0.141241 0.141665 0.141964 0.143528 0.146508 0.147958 0.148546 0.150009 0.151943 0.153145 0.154059 0.156286 0.159369 0.161476 0.162159 0.163933 0.16808 0.174782 0.186664 0.208389 0.240616 0.271605 0.292607 0.302097 0.301097 0.299528 0.301599 0.304321 0.305111 0.306362 0.312257 0.319606 0.331176 0.345456 0.363813 0.392585 0.430495 0.502093 0.625468 0.802588 0.971915 0.971915 0.802588 0.625468 0.502093 0.430495 0.392585 0.363813 0.345456 0.331176 0.319606 0.312257 0.306362 0.305111 0.304321 0.301599 0.299528 0.301097 0.302097 0.292607 0.271605 0.240616 0.208389 0.186664 0.174782 0.16808 0.163933 0.162159 0.161476 0.159369 0.156286 0.154059 0.153145 0.151943 0.150009 0.148546 0.147958 0.146508 0.143528 0.141964 0.141665 0.141241 0.139772 0.136873 0.134578 0.133074 0.131888 0.130045 0.127457 0.125238 0.121168 0.11674 0.115619 0.116456 0.118414 0.121197 0.124353 0.126535 0.127685 0.127467 0.127164 0.126992 0.126925 0.125606 0.126061 0.125243 0.12506 0.125784 0.127317 0.123496 0.121926
0.0994612 0.10152 0.103571 0.102841 0.105188 0.103 0.101924 0.0992148 0.0989528 0.0933515 0.0906272 0.089325 0.0875562 0.085839 0.0864897 0.0864248 0.0883677 0.0917548 0.0951343 0.0969242 0.099946 0.103491 0.10572 0.110018 0.115505 0.120023 0.126293 0.134768 0.14305 0.149806 0.155792 0.162364 0.17021 0.176871 0.178823 0.179609 0.181854 0.183895 0.183602 0.182513 0.184405 0.187711 0.188872 0.188913 0.190667 0.194285 0.19734 0.199148 0.201478 0.208304 0.216071 0.219212 0.221083 0.225831 0.235853 0.245592 0.249428 0.253609 0.262411 0.274939 0.287867 0.300442 0.31737 0.341951 0.374018 0.41404 0.481556 0.609559 0.802525 0.973083 0.973083 0.802525 0.609559 0.481556 0.41404 0.374018 0.341951 0.31737 0.300442 0.287867 0.274939 0.262411 0.253609 0.249428 0.245592 0.235853 0.225831 0.221083 0.219212 0.216071 0.208304 0.201478 0.199148 0.19734 0.194285 0.190667 0.188913 0.188872 0.187711 0.184405 0.182513 0.183602 0.183895 0.181854 0.179609 0.178823 0.176871 0.17021 0.162364 0.155792 0.149806 0.14305 0.134768 0.126293 0.120023 0.115505 0.110018 0.10572 0.103491 0.099946 0.0969242 0.0951343 0.0917548 0.0883677 0.0864248 0.0864897 0.085839 0.0875562 0.089325 0.0906272 0.0933515 0.0989528 0.0992148 0.101924 0.103 0.105188 0.102841 0.103571 0.10152 0.0994612
0.096797 0.0929541 0.101845 0.1069 0.111646 0.108822 0.115172 0.116801 0.123738 0.126832 0.131969 0.135782 0.14212 0.146781 0.152635 0.156977 0.162149 0.16617 0.169239 0.171974 0.175322 0.177576 0.177625 0.177301 0.177527 0.177167 0.174669 0.17121 0.168637 0.1662 0.161896 0.156618 0.152288 0.148874 0.144597 0.140832 0.138166 0.13451 0.131301 0.135097 0.150972 0.175464 0.198667 0.209252 0.207522 0.202989 0.199675 0.196349 0.192646 0.189853 0.18735 0.184132 0.179175 0.173317 0.172219 0.172366 0.169528 0.168421 0.169665 0.173578 0.179359 0.187204 0.202003 0.223552 0.249309 0.285987 0.359277 0.508118 0.746426 0.965073 0.965073 0.746426 0.508118 0.359277 0.285987 0.249309 0.223552 0.202003 0.187204 0.179359 0.173578 0.169665 0.168421 0.169528 0.172366 0.172219 0.173317 0.179175 0.184132 0.18735 0.189853 0.192646 0.196349 0.199675 0.202989 0.207522 0.209252 0.198667 0.175464 0.150972 0.135097 0.131301 0.13451 0.138166 0.140832 0.144597 0.148874 0.152288 0.156618 0.161896 0.1662 0.168637 0.17121 0.174669 0.177167 0.177527 0.177301 0.177625 0.177576 0.175322 0.171974 0.169239 0.16617 0.162149 0.156977 0.152635 0.146781 0.14212 0.135782 0.131969 0.126832 0.123738 0.116801 0.115172 0.108822 0.111646 0.1069 0.101845 0.0929541 0.096797
0.172522 0.18912 0.219725 0.219416 0.210563 0.206556 0.210216 0.204354 0.200999 0.199419 0.196809 0.192274 0.186593 0.18005 0.174196 0.166919 0.158632 0.152713 0.148186 0.14213 0.142493 0.15038 0.156777 0.164859 0.176643 0.183651 0.191483 0.195002 0.194402 0.190948 0.188943 0.1865 0.180844 0.176688 0.172498 0.165884 0.158444 0.150147 0.144524 0.13884 0.134011 0.127648 0.12017 0.117863 0.11697 0.114427 0.112998 0.11301 0.113796 0.115498 0.117498 0.119119 0.120687 0.124896 0.132753 0.13983 0.147049 0.157854 0.170721 0.182477 0.193643 0.209341 0.228153 0.252677 0.282132 0.317572 0.395668 0.538603 0.753137 0.964538 0.964538 0.753137 0.538603 0.395668 0.317572 0.282132 0.252677 0.228153 0.209341 0.193643 0.182477 0.170721 0.157854 0.147049 0.13983 0.132753 0.124896 0.120687 0.119119 0.117498 0.115498 0.113796 0.11301 0.112998 0.114427 0.11697 0.117863 0.12017 0.127648 0.134011 0.13884 0.144524 0.150147 0.158444 0.165884 0.172498 0.176688 0.180844 0.1865 0.188943 0.190948 0.194402 0.195002 0.191483 0.183651 0.176643 0.164859 0.156777 0.15038 0.142493 0.14213 0.148186 0.152713 0.158632 0.166919 0.174196 0.18005 0.186593 0.192274 0.196809 0.199419 0.200999 0.204354 0.210216 0.206556 0.210563 0.219416 0.219725 0.18912 0.172522
0.200754 0.199821 0.203191 0.206619 0.20566 0.206157 0.214317 0.231455 0.247176 0.256114 0.259423 0.265344 0.271079 0.27371 0.273839 0.272275 0.270551 0.267545 0.262465 0.25509 0.24426 0.23445 0.222763 0.210334 0.201631 0.197007 0.197094 0.200672 0.204432 0.20742 0.212045 0.217815 0.221655 0.226241 0.230632 0.232932 0.237808 0.241688 0.245771 0.246913 0.250443 0.254516 0.257239 0.260432 0.262866 0.266763 0.271938 0.274376 0.277685 0.282506 0.287599 0.290974 0.294217 0.298451 0.302431 0.307418 0.311688 0.3159 0.321854 0.328752 0.333314 0.340193 0.354164 0.373477 0.395965 0.421899 0.478537 0.603616 0.797863 0.972108 0.972108 0.797863 0.603616 0.478537 0.421899 0.395965 0.373477 0.354164 0.340193 0.333314 0.328752 0.321854 0.3159 0.311688 0.307418 0.302431 0.298451 0.294217 0.290974 0.287599 0.282506 0.277685 0.274376 0.271938 0.266763 0.262866 0.260432 0.257239 0.254516 0.250443 0.246913 0.245771 0.241688 0.237808 0.232932 0.230632 0.226241 0.221655 0.217815 0.212045 0.20742 0.204432 0.200672 0.197094 0.197007 0.201631 0.210334 0.222763 0.23445 0.24426 0.25509 0.262465 0.267545 0.270551 0.272275 0.273839 0.27371 0.271079 0.265344 0.259423 0.256114 0.247176 0.231455 0.214317 0.206157 0.20566 0.206619 0.203191 0.199821 0.200754
0.263015 0.286118 0.296593 0.289155 0.286646 0.287365 0.281655 0.279761 0.285595 0.283209 0.278226 0.277087 0.275937 0.274026 0.269643 0.259792 0.24915 0.234707 0.216897 0.198317 0.183558 0.175919 0.172447 0.171754 0.172724 0.174733 0.17677 0.177403 0.175437 0.174989 0.174871 0.174637 0.172531 0.169846 0.168095 0.16906 0.166479 0.164059 0.16256 0.162685 0.163319 0.159065 0.158329 0.158918 0.160032 0.159455 0.159134 0.161579 0.16556 0.169099 0.174571 0.181285 0.189524 0.198276 0.208476 0.218385 0.226643 0.236175 0.246039 0.256205 0.263416 0.277797 0.298545 0.323944 0.359273 0.398363 0.475972 0.600494 0.77909 0.966907 0.966907 0.77909 0.600494 0.475972 0.398363 0.359273 0.323944 0.298545 0.277797 0.263416 0.256205 0.246039 0.236175 0.226643 0.218385 0.208476 0.198276 0.189524 0.181285 0.174571 0.169099 0.16556 0.161579 0.159134 0.159455 0.160032 0.158918 0.158329 0.159065 0.163319 0.162685 0.16256 0.164059 0.166479 0.16906 0.168095 0.169846 0.172531 0.174637 0.174871 0.174989 0.175437 0.177403 0.17677 0.174733 0.172724 0.171754 0.172447 0.175919 0.183558 0.198317 0.216897 0.234707 0.24915 0.259792 0.269643 0.274026 0.275937 0.277087 0.278226 0.283209 0.285595 0.279761 0.281655 0.287365 0.286646 0.289155 0.296593 0.286118 0.263015
0.153618 0.196977 0.201903 0.208781 0.214977 0.220371 0.218941 0.221719 0.226199 0.219374 0.207813 0.196153 0.179853 0.177316 0.189877 0.19797 0.202579 0.210158 0.219289 0.224655 0.231137 0.238985 0.244667 0.249285 0.253982 0.254752 0.252424 0.248151 0.240612 0.228238 0.211668 0.19048 0.171526 0.157451 0.147246 0.142167 0.143261 0.147368 0.152684 0.161757 0.172436 0.180094 0.185994 0.193129 0.200161 0.202362 0.201685 0.203086 0.20583 0.205583 0.201334 0.201487 0.203891 0.205043 0.203656 0.208148 0.216504 0.223552 0.228946 0.238794 0.24951 0.261226 0.277059 0.29385 0.327199 0.36754 0.445174 0.571308 0.767709 0.965193 0.965193 0.767709 0.571308 0.445174 0.36754 0.327199 0.29385 0.277059 0.261226 0.24951 0.238794 0.228946 0.223552 0.216504 0.208148 0.203656 0.205043 0.203891 0.201487 0.201334 0.205583 0.20583 0.203086 0.201685 0.202362 0.200161 0.193129 0.185994 0.180094 0.172436 0.161757 0.152684 0.147368 0.143261 0.142167 0.147246 0.157451 0.171526 0.19048 0.211668 0.228238 0.240612 0.248151 0.252424 0.254752 0.253982 0.249285 0.244667 0.238985 0.231137 0.224655 0.219289 0.210158 0.202579 0.19797 0.189877 0.177316 0.179853 0.196153 0.207813 0.219374 0.226199 0.221719 0.218941 0.220371 0.214977 0.208781 0.201903 0.196977 0.153618
0.101935 0.12098 0.12973 0.127015 0.125734 0.126153 0.120125 0.127725 0.129681 0.132736 0.137913 0.144765 0.152262 0.16073 0.171215 0.178434 0.18773 0.199525 0.207347 0.210981 0.214428 0.212465 0.20306 0.19083 0.176667 0.165233 0.160245 0.160681 0.165522 0.173391 0.185853 0.201225 0.215594 0.228764 0.239272 0.248819 0.256764 0.261364 0.258028 0.252232 0.247048 0.24127 0.234848 0.231622 0.230063 0.230753 0.232594 0.237589 0.240664 0.232529 0.217164 0.205123 0.207802 0.213897 0.218272 0.224752 0.231053 0.233497 0.239027 0.246969 0.256165 0.262262 0.276814 0.295645 0.32558 0.361241 0.426888 0.553494 0.76051 0.96242 0.96242 0.76051 0.553494 0.426888 0.361241 0.32558 0.295645 0.276814 0.262262 0.256165 0.246969 0.239027 0.233497 0.231053 0.224752 0.218272 0.213897 0.207802 0.205123 0.217164 0.232529 0.240664 0.237589 0.232594 0.230753 0.230063 0.231622 0.234848 0.24127 0.247048 0.252232 0.258028 0.261364 0.256764 0.248819 0.239272 0.228764 0.215594 0.201225 0.185853 0.173391 0.165522 0.160681 0.160245 0.165233 0.176667 0.19083 0.20306 0.212465 0.214428 0.210981 0.207347 0.199525 0.18773 0.178434 0.171215 0.16073 0.152262 0.144765 0.137913 0.132736 0.129681 0.127725 0.120125 0.126153 0.125734 0.127015 0.12973 0.12098 0.101935
0.126805 0.136728 0.139407 0.133696 0.128814 0.125381 0.122548 0.121161 0.119504 0.117054 0.115497 0.113894 0.111379 0.109897 0.109482 0.108068 0.108552 0.109932 0.111933 0.115465 0.12006 0.126617 0.133357 0.14214 0.151067 0.16112 0.170702 0.181212 0.188958 0.195494 0.199324 0.19784 0.193807 0.187427 0.176743 0.165969 0.158329 0.154195 0.157818 0.162546 0.169706 0.180581 0.18952 0.19791 0.205675 0.212547 0.215454 0.216441 0.214906 0.210468 0.204293 0.205555 0.204231 0.20192 0.205238 0.217289 0.221194 0.225603 0.237599 0.255749 0.264499 0.273869 0.292979 0.319489 0.34763 0.381341 0.444193 0.571878 0.776313 0.967712 0.967712 0.776313 0.571878 0.444193 0.381341 0.34763 0.319489 0.292979 0.273869 0.264499 0.255749 0.237599 0.225603 0.221194 0.217289 0.205238 0.20192 0.204231 0.205555 0.204293 0.210468 0.214906 0.216441 0.215454 0.212547 0.205675 0.19791 0.18952 0.180581 0.169706 0.162546 0.157818 0.154195 0.158329 0.165969 0.176743 0.187427 0.193807 0.19784 0.199324 0.195494 0.188958 0.181212 0.170702 0.16112 0.151067 0.14214 0.133357 0.126617 0.12006 0.115465 0.111933 0.109932 0.108552 0.108068 0.109482 0.109897 0.111379 0.113894 0.115497 0.117054 0.119504 0.121161 0.122548 0.125381 0.128814 0.133696 0.139407 0.136728 0.126805
0.122097 0.124837 0.126288 0.12302 0.120618 0.119978 0.12143 0.123044 0.125115 0.12615 0.125032 0.121731 0.115619 0.107431 0.0988756 0.0915732 0.0869463 0.0851751 0.0845786 0.0838682 0.0833631 0.083489 0.0846215 0.0860623 0.0876427 0.0897409 0.0924398 0.0948523 0.0986067 0.10162 0.10514 0.110849 0.118784 0.126028 0.136008 0.14832 0.162394 0.174157 0.187485 0.197204 0.201154 0.202863 0.199684 0.190896 0.182786 0.181812 0.176142 0.172534 0.177979 0.192615 0.203493 0.215397 0.232474 0.245413 0.253336 0.259684 0.262193 0.259434 0.260071 0.261583 0.255972 0.251206 0.257805 0.278907 0.308084 0.341823 0.4081 0.544241 0.745396 0.959788 0.959788 0.745396 0.544241 0.4081 0.341823 0.308084 0.278907 0.257805 0.251206 0.255972 0.261583 0.260071 0.259434 0.262193 0.259684 0.253336 0.245413 0.232474 0.215397 0.203493 0.192615 0.177979 0.172534 0.176142 0.181812 0.182786 0.190896 0.199684 0.202863 0.201154 0.197204 0.187485 0.174157 0.162394 0.14832 0.136008 0.126028 0.118784 0.110849 0.10514 0.10162 0.0986067 0.0948523 0.0924398 0.0897409 0.0876427 0.0860623 0.0846215 0.083489 0.0833631 0.0838682 0.0845786 0.0851751 0.0869463 0.0915732 0.0988756 0.107431 0.115619 0.121731 0.125032 0.12615 0.125115 0.123044 0.12143 0.119978 0.120618 0.12302 0.126288 0.124837 0.122097
0.120197 0.123682 0.130217 0.127825 0.125633 0.126576 0.129588 0.129739 0.129445 0.128905 0.1275 0.126244 0.128337 0.132184 0.136981 0.142298 0.147533 0.151507 0.154845 0.15752 0.158599 0.157085 0.154387 0.150001 0.143004 0.136102 0.131488 0.125736 0.120695 0.119348 0.120068 0.119978 0.121517 0.124776 0.126289 0.128648 0.135397 0.14005 0.142385 0.149519 0.159509 0.167091 0.177138 0.193446 0.210158 0.228939 0.247611 0.253463 0.242453 0.235593 0.234735 0.230817 0.223233 0.217164 0.209435 0.199908 0.194839 0.197556 0.209239 0.228566 0.249536 0.26875 0.292401 0.313539 0.333945 0.354328 0.409603 0.539074 0.751879 0.964334 0.964334 0.751879 0.539074 0.409603 0.354328 0.333945 0.313539 0.292401 0.26875 0.249536 0.228566 0.209239 0.197556 0.194839 0.199908 0.209435 0.217164 0.223233 0.230817 0.234735 0.235593 0.242453 0.253463 0.247611 0.228939 0.210158 0.193446 0.177138 0.167091 0.159509 0.149519 0.142385 0.14005 0.135397 0.128648 0.126289 0.124776 0.121517 0.119978 0.120068 0.119348 0.120695 0.125736 0.131488 0.136102 0.143004 0.150001 0.154387 0.157085 0.158599 0.15752 0.154845 0.151507 0.147533 0.142298 0.136981 0.132184 0.128337 0.126244 0.1275 0.128905 0.129445 0.129739 0.129588 0.126576 0.125633 0.127825 0.130217 0.123682 0.120197
0.130143 0.134366 0.145965 0.146316 0.14169 0.143639 0.147232 0.149246 0.153012 0.156185 0.159333 0.161975 0.163943 0.166756 0.169473 0.171354 0.172942 0.17721 0.181044 0.182697 0.18681 0.192659 0.196474 0.202208 0.20929 0.215603 0.221933 0.229569 0.236166 0.240931 0.244778 0.245092 0.238732 0.225126 0.205972 0.184297 0.163041 0.148502 0.139677 0.135346 0.13482 0.136229 0.135782 0.135213 0.137395 0.138712 0.135854 0.134312 0.136195 0.138936 0.140257 0.145033 0.154686 0.170349 0.192802 0.215972 0.23508 0.248859 0.255274 0.257692 0.257212 0.255861 0.262625 0.297192 0.350942 0.40169 0.451649 0.569976 0.771633 0.966137 0.966137 0.771633 0.569976 0.451649 0.40169 0.350942 0.297192 0.262625 0.255861 0.257212 0.257692 0.255274 0.248859 0.23508 0.215972 0.192802 0.170349 0.154686 0.145033 0.140257 0.138936 0.136195 0.134312 0.135854 0.138712 0.137395 0.135213 0.135782 0.136229 0.13482 0.135346 0.139677 0.148502 0.163041 0.184297 0.205972 0.225126 0.238732 0.245092 0.244778 0.240931 0.236166 0.229569 0.221933 0.215603 0.20929 0.202208 0.196474 0.192659 0.18681 0.182697 0.181044 0.17721 0.172942 0.171354 0.169473 0.166756 0.163943 0.161975 0.159333 0.156185 0.153012 0.149246 0.147232 0.143639 0.14169 0.146316 0.145965 0.134366 0.130143
0.135413 0.145005 0.152302 0.16346 0.160489 0.164851 0.163537 0.165454 0.1683 0.168509 0.170982 0.171105 0.173424 0.17633 0.178875 0.182708 0.186711 0.19089 0.194757 0.194534 0.189119 0.178847 0.163793 0.147909 0.13712 0.130404 0.12689 0.127523 0.13046 0.135158 0.139729 0.145597 0.150088 0.153999 0.15587 0.158276 0.161127 0.159809 0.157844 0.158595 0.158708 0.155714 0.151619 0.148643 0.145176 0.143123 0.140655 0.138088 0.137038 0.138725 0.141318 0.144019 0.146797 0.156489 0.18089 0.210121 0.232713 0.250302 0.263148 0.273969 0.275342 0.280144 0.297757 0.318265 0.345891 0.385761 0.464954 0.592484 0.772602 0.96509 0.96509 0.772602 0.592484 0.464954 0.385761 0.345891 0.318265 0.297757 0.280144 0.275342 0.273969 0.263148 0.250302 0.232713 0.210121 0.18089 0.156489 0.146797 0.144019 0.141318 0.138725 0.137038 0.138088 0.140655 0.143123 0.145176 0.148643 0.151619 0.155714 0.158708 0.158595 0.157844 0.159809 0.161127 0.158276 0.15587 0.153999 0.150088 0.145597 0.139729 0.135158 0.13046 0.127523 0.12689 0.130404 0.13712 0.147909 0.163793 0.178847 0.189119 0.194534 0.194757 0.19089 0.186711 0.182708 0.178875 0.17633 0.173424 0.171105 0.170982 0.168509 0.1683 0.165454 0.163537 0.164851 0.160489 0.16346 0.152302 0.145005 0.135413
0.190893 0.217223 0.222389 0.226002 0.222845 0.222498 0.217573 0.210388 0.199826 0.181919 0.164966 0.146477 0.134113 0.123853 0.119845 0.116367 0.117263 0.119155 0.1199 0.119952 0.119843 0.11977 0.1188 0.118393 0.118345 0.116169 0.113435 0.111714 0.110175 0.107889 0.106565 0.106263 0.107805 0.110159 0.11077 0.112962 0.118055 0.122352 0.124781 0.129136 0.134542 0.140385 0.146641 0.153106 0.161425 0.172492 0.190064 0.210478 0.229774 0.244667 0.250915 0.249385 0.242244 0.232214 0.224917 0.216225 0.208075 0.204033 0.210553 0.227241 0.244043 0.27837 0.313716 0.322177 0.341069 0.363155 0.414086 0.542956 0.741788 0.958083 0.958083 0.741788 0.542956 0.414086 0.363155 0.341069 0.322177 0.313716 0.27837 0.244043 0.227241 0.210553 0.204033 0.208075 0.216225 0.224917 0.232214 0.242244 0.249385 0.250915 0.244667 0.229774 0.210478 0.190064 0.172492 0.161425 0.153106 0.146641 0.140385 0.134542 0.129136 0.124781 0.122352 0.118055 0.112962 0.11077 0.110159 0.107805 0.106263 0.106565 0.107889 0.110175 0.111714 0.113435 0.116169 0.118345 0.118393 0.1188 0.11977 0.119843 0.119952 0.1199 0.119155 0.117263 0.116367 0.119845 0.123853 0.134113 0.146477 0.164966 0.181919 0.199826 0.210388 0.217573 0.222498 0.222845 0.226002 0.222389 0.217223 0.190893
0.148801 0.177845 0.192051 0.199575 0.2021 0.197514 0.189712 0.183033 0.176116 0.169459 0.16205 0.157945 0.15293 0.148794 0.142569 0.134242 0.126751 0.119981 0.111471 0.106286 0.106475 0.107404 0.10925 0.111221 0.113529 0.114674 0.115549 0.115109 0.112861 0.111166 0.110734 0.110334 0.110018 0.110432 0.111657 0.113283 0.115717 0.120451 0.129988 0.145365 0.162866 0.179912 0.195055 0.204021 0.206705 0.205908 0.20396 0.200634 0.197633 0.199097 0.205097 0.219027 0.242254 0.266607 0.287815 0.29628 0.294422 0.286267 0.274568 0.264996 0.258043 0.255154 0.256742 0.265335 0.292024 0.321714 0.384273 0.512334 0.731107 0.958897 0.958897 0.731107 0.512334 0.384273 0.321714 0.292024 0.265335 0.256742 0.255154 0.258043 0.264996 0.274568 0.286267 0.294422 0.29628 0.287815 0.266607 0.242254 0.219027 0.205097 0.199097 0.197633 0.200634 0.20396 0.205908 0.206705 0.204021 0.195055 0.179912 0.162866 0.145365 0.129988 0.120451 0.115717 0.113283 0.111657 0.110432 0.110018 0.110334 0.110734 0.111166 0.112861 0.115109 0.115549 0.114674 0.113529 0.111221 0.10925 0.107404 0.106475 0.106286 0.111471 0.119981 0.126751 0.134242 0.142569 0.148794 0.15293 0.157945 0.16205 0.169459 0.176116 0.183033 0.189712 0.197514 0.2021 0.199575 0.192051 0.177845 0.148801
0.0845284 0.097491 0.101634 0.0990118 0.101316 0.103571 0.102512 0.104768 0.109261 0.115134 0.127978 0.145868 0.162764 0.177677 0.188713 0.192542 0.190167 0.184744 0.176499 0.166032 0.156538 0.146277 0.135876 0.126364 0.117398 0.108352 0.102539 0.100707 0.098942 0.0986482 0.103599 0.112337 0.123284 0.136497 0.150693 0.161514 0.16607 0.165354 0.160281 0.153188 0.146563 0.140055 0.136038 0.138263 0.149981 0.168327 0.188751 0.204638 0.211833 0.21243 0.206904 0.197848 0.191433 0.188444 0.187022 0.186783 0.191832 0.200542 0.209711 0.221486 0.236786 0.252188 0.267952 0.285218 0.31037 0.345125 0.410489 0.532118 0.741774 0.962211 0.962211 0.741774 0.532118 0.410489 0.345125 0.31037 0.285218 0.267952 0.252188 0.236786 0.221486 0.209711 0.200542 0.191832 0.186783 0.187022 0.188444 0.191433 0.197848 0.206904 0.21243 0.211833 0.204638 0.188751 0.168327 0.149981 0.138263 0.136038 0.140055 0.146563 0.153188 0.160281 0.165354 0.16607 0.161514 0.150693 0.136497 0.123284 0.112337 0.103599 0.0986482 0.098942 0.100707 0.102539 0.108352 0.117398 0.126364 0.135876 0.146277 0.156538 0.166032 0.176499 0.184744 0.190167 0.192542 0.188713 0.177677 0.162764 0.145868 0.127978 0.115134 0.109261 0.104768 0.102512 0.103571 0.101316 0.0990118 0.101634 0.097491 0.0845284
0.0884812 0.0976664 0.0985734 0.0947773 0.0942697 0.0921763 0.088195 0.0879485 0.087083 0.0840851 0.0824929 0.082244 0.0802679 0.079559 0.0799794 0.0794748 0.0815849 0.0855331 0.0901797 0.0985861 0.112734 0.131505 0.151007 0.170953 0.187257 0.198598 0.209605 0.216959 0.218518 0.214849 0.207763 0.193948 0.175327 0.159008 0.146149 0.138084 0.134179 0.141498 0.154411 0.170118 0.181468 0.185318 0.178008 0.165708 0.154057 0.141759 0.129901 0.120987 0.116583 0.114954 0.114293 0.113688 0.115414 0.120493 0.124909 0.127869 0.132777 0.14037 0.147715 0.155201 0.166279 0.186829 0.221056 0.267075 0.316341 0.36225 0.420004 0.531029 0.740544 0.962433 0.962433 0.740544 0.531029 0.420004 0.36225 0.316341 0.267075 0.221056 0.186829 0.166279 0.155201 0.147715 0.14037 0.132777 0.127869 0.124909 0.120493 0.115414 0.113688 0.114293 0.114954 0.116583 0.120987 0.129901 0.141759 0.154057 0.165708 0.178008 0.185318 0.181468 0.170118 0.154411 0.141498 0.134179 0.138084 0.146149 0.159008 0.175327 0.193948 0.207763 0.214849 0.218518 0.216959 0.209605 0.198598 0.187257 0.170953 0.151007 0.131505 0.112734 0.0985861 0.0901797 0.0855331 0.0815849 0.0794748 0.0799794 0.079559 0.0802679 0.082244 0.0824929 0.0840851 0.087083 0.0879485 0.088195 0.0921763 0.0942697 0.0947773 0.0985734 0.0976664 0.0884812
0.0726656 0.0801062 0.0838121 0.0807257 0.0807146 0.0790845 0.0777706 0.0780848 0.0788185 0.0769894 0.0759441 0.0750707 0.0731539 0.0730592 0.0747237 0.0762196 0.0793193 0.0853758 0.0931924 0.103073 0.117449 0.132176 0.143127 0.150303 0.152026 0.148955 0.143786 0.139183 0.140022 0.150001 0.170615 0.20168 0.235535 0.26168 0.272765 0.266353 0.248944 0.224401 0.196028 0.172745 0.156324 0.143742 0.132889 0.127615 0.12935 0.12819 0.126049 0.127436 0.129552 0.129119 0.131571 0.138431 0.146114 0.157006 0.172654 0.189376 0.203892 0.215109 0.223047 0.229111 0.234895 0.241924 0.252245 0.268234 0.291371 0.324405 0.382537 0.503882 0.728779 0.961049 0.961049 0.728779 0.503882 0.382537 0.324405 0.291371 0.268234 0.252245 0.241924 0.234895 0.229111 0.223047 0.215109 0.203892 0.189376 0.172654 0.157006 0.146114 0.138431 0.131571 0.129119 0.129552 0.127436 0.126049 0.12819 0.12935 0.127615 0.132889 0.143742 0.156324 0.172745 0.196028 0.224401 0.248944 0.266353 0.272765 0.26168 0.235535 0.20168 0.170615 0.150001 0.140022 0.139183 0.143786 0.148955 0.152026 0.150303 0.143127 0.132176 0.117449 0.103073 0.0931924 0.0853758 0.0793193 0.0762196 0.0747237 0.0730592 0.0731539 0.0750707 0.0759441 0.0769894 0.0788185 0.0780848 0.0777706 0.0790845 0.0807146 0.0807257 0.0838121 0.0801062 0.0726656
0.0715436 0.0749392 0.0774501 0.0745283 0.0725787 0.0711513 0.0693288 0.0699017 0.0712903 0.0723567 0.0756477 0.081903 0.0908695 0.103677 0.11821 0.131498 0.143377 0.150453 0.149523 0.142159 0.132486 0.122634 0.115883 0.11716 0.124884 0.138413 0.156009 0.170586 0.178458 0.177568 0.170781 0.159883 0.146563 0.136298 0.129979 0.126015 0.126892 0.13356 0.144747 0.159447 0.179618 0.199809 0.210909 0.211973 0.205591 0.19836 0.197752 0.201377 0.201747 0.20308 0.21094 0.215011 0.211178 0.208684 0.208203 0.203192 0.197763 0.197682 0.199565 0.20262 0.207242 0.213668 0.225636 0.245193 0.27117 0.304925 0.361622 0.487464 0.719319 0.959482 0.959482 0.719319 0.487464 0.361622 0.304925 0.27117 0.245193 0.225636 0.213668 0.207242 0.20262 0.199565 0.197682 0.197763 0.203192 0.208203 0.208684 0.211178 0.215011 0.21094 0.20308 0.201747 0.201377 0.197752 0.19836 0.205591 0.211973 0.210909 0.199809 0.179618 0.159447 0.144747 0.13356 0.126892 0.126015 0.129979 0.136298 0.146563 0.159883 0.170781 0.177568 0.178458 0.170586 0.156009 0.138413 0.124884 0.11716 0.115883 0.122634 0.132486 0.142159 0.149523 0.150453 0.143377 0.131498 0.11821 0.103677 0.0908695 0.081903 0.0756477 0.0723567 0.0712903 0.0699017 0.0693288 0.0711513 0.0725787 0.0745283 0.0774501 0.0749392 0.0715436
0.0766278 0.0777362 0.0827033 0.080836 0.0856829 0.0881687 0.0967069 0.108484 0.120819 0.133094 0.142569 0.149335 0.149791 0.144696 0.135797 0.126385 0.120447 0.122069 0.129303 0.142456 0.158525 0.171975 0.17783 0.175047 0.164472 0.14915 0.133164 0.118772 0.108223 0.101484 0.0972823 0.0956345 0.0967112 0.0979298 0.0986786 0.102514 0.110719 0.118197 0.124445 0.134512 0.14846 0.161347 0.172464 0.183519 0.191995 0.198077 0.204152 0.209318 0.218409 0.236014 0.248611 0.243586 0.23035 0.220999 0.211607 0.20461 0.204166 0.204351 0.204437 0.208505 0.212704 0.213227 0.220307 0.240746 0.265268 0.300328 0.356928 0.483029 0.714797 0.95803 0.95803 0.714797 0.483029 0.356928 0.300328 0.265268 0.240746 0.220307 0.213227 0.212704 0.208505 0.204437 0.204351 0.204166 0.20461 0.211607 0.220999 0.23035 0.243586 0.248611 0.236014 0.218409 0.209318 0.204152 0.198077 0.191995 0.183519 0.172464 0.161347 0.14846 0.134512 0.124445 0.118197 0.110719 0.102514 0.0986786 0.0979298 0.0967112 0.0956345 0.0972823 0.101484 0.108223 0.118772 0.133164 0.14915 0.164472 0.175047 0.17783 0.171975 0.158525 0.142456 0.129303 0.122069 0.120447 0.126385 0.135797 0.144696 0.149791 0.149335 0.142569 0.133094 0.120819 0.108484 0.0967069 0.0881687 0.0856829 0.080836 0.0827033 0.0777362 0.0766278
0.118568 0.143473 0.172972 0.166965 0.178727 0.175699 0.17498 0.167113 0.15834 0.143381 0.136604 0.131736 0.139538 0.149915 0.165413 0.176845 0.182163 0.178142 0.16692 0.15033 0.133227 0.118466 0.108002 0.102239 0.0988433 0.0969468 0.0976918 0.0996399 0.102537 0.104667 0.108058 0.11304 0.118272 0.123877 0.129195 0.135785 0.14267 0.146942 0.149207 0.150231 0.150132 0.149074 0.146695 0.144586 0.14608 0.149048 0.149615 0.150451 0.157738 0.166858 0.172243 0.176802 0.185641 0.192242 0.196158 0.200013 0.203216 0.20701 0.227333 0.241321 0.241288 0.24259 0.260554 0.285613 0.308478 0.346469 0.405559 0.519288 0.729063 0.953526 0.953526 0.729063 0.519288 0.405559 0.346469 0.308478 0.285613 0.260554 0.24259 0.241288 0.241321 0.227333 0.20701 0.203216 0.200013 0.196158 0.192242 0.185641 0.176802 0.172243 0.166858 0.157738 0.150451 0.149615 0.149048 0.14608 0.144586 0.146695 0.149074 0.150132 0.150231 0.149207 0.146942 0.14267 0.135785 0.129195 0.123877 0.118272 0.11304 0.108058 0.104667 0.102537 0.0996399 0.0976918 0.0969468 0.0988433 0.102239 0.108002 0.118466 0.133227 0.15033 0.16692 0.178142 0.182163 0.176845 0.165413 0.149915 0.139538 0.131736 0.136604 0.143381 0.15834 0.167113 0.17498 0.175699 0.178727 0.166965 0.172972 0.143473 0.118568
0.248913 0.252942 0.252713 0.250369 0.244834 0.257796 0.269549 0.283286 0.296418 0.30817 0.311977 0.3075 0.293271 0.273721 0.252858 0.234614 0.221163 0.214097 0.209939 0.206323 0.204097 0.20333 0.202983 0.203776 0.205121 0.207176 0.211868 0.218446 0.224338 0.229879 0.235234 0.238657 0.240715 0.243161 0.242065 0.240639 0.23979 0.237667 0.234658 0.233322 0.232552 0.231658 0.230997 0.230653 0.234216 0.238973 0.241669 0.245161 0.250378 0.257148 0.264076 0.271005 0.275934 0.286977 0.302322 0.310981 0.321686 0.342308 0.355348 0.369507 0.390412 0.400752 0.414931 0.441651 0.468395 0.491867 0.548296 0.641987 0.796079 0.966632 0.966632 0.796079 0.641987 0.548296 0.491867 0.468395 0.441651 0.414931 0.400752 0.390412 0.369507 0.355348 0.342308 0.321686 0.310981 0.302322 0.286977 0.275934 0.271005 0.264076 0.257148 0.250378 0.245161 0.241669 0.238973 0.234216 0.230653 0.230997 0.231658 0.232552 0.233322 0.234658 0.237667 0.23979 0.240639 0.242065 0.243161 0.240715 0.238657 0.235234 0.229879 0.224338 0.218446 0.211868 0.207176 0.205121 0.203776 0.202983 0.20333 0.204097 0.206323 0.209939 0.214097 0.221163 0.234614 0.252858 0.273721 0.293271 0.3075 0.311977 0.30817 0.296418 0.283286 0.269549 0.257796 0.244834 0.250369 0.252713 0.252942 0.248913
0.235512 0.291581 0.311565 0.337121 0.334683 0.317362 0.274762 0.224198 0.18522 0.158905 0.147025 0.14837 0.150584 0.158984 0.165869 0.176008 0.184225 0.195594 0.20512 0.215664 0.225767 0.236844 0.249056 0.259801 0.268968 0.275469 0.280356 0.28252 0.28265 0.281146 0.278923 0.276542 0.273729 0.270116 0.268331 0.266137 0.265759 0.264228 0.262473 0.263831 0.264565 0.265221 0.264323 0.265666 0.265063 0.265327 0.265926 0.261723 0.262033 0.265849 0.265952 0.266617 0.270422 0.269823 0.27336 0.283123 0.278892 0.282939 0.291126 0.303693 0.30339 0.315871 0.330112 0.356117 0.389219 0.431491 0.493694 0.604882 0.769274 0.957233 0.957233 0.769274 0.604882 0.493694 0.431491 0.389219 0.356117 0.330112 0.315871 0.30339 0.303693 0.291126 0.282939 0.278892 0.283123 0.27336 0.269823 0.270422 0.266617 0.265952 0.265849 0.262033 0.261723 0.265926 0.265327 0.265063 0.265666 0.264323 0.265221 0.264565 0.263831 0.262473 0.264228 0.265759 0.266137 0.268331 0.270116 0.273729 0.276542 0.278923 0.281146 0.28265 0.28252 0.280356 0.275469 0.268968 0.259801 0.249056 0.236844 0.225767 0.215664 0.20512 0.195594 0.184225 0.176008 0.165869 0.158984 0.150584 0.14837 0.147025 0.158905 0.18522 0.224198 0.274762 0.317362 0.334683 0.337121 0.311565 0.291581 0.235512
0.275503 0.293126 0.300886 0.311638 0.303712 0.31539 0.317409 0.328779 0.337902 0.34224 0.329402 0.302362 0.272518 0.2438 0.232361 0.22394 0.219074 0.214331 0.208711 0.205036 0.19742 0.189987 0.182866 0.172586 0.164957 0.154794 0.148136 0.141168 0.134185 0.129289 0.126081 0.123347 0.120267 0.11769 0.115829 0.115605 0.116547 0.115813 0.117814 0.118864 0.122359 0.128293 0.129491 0.134083 0.141255 0.14819 0.155308 0.165885 0.176189 0.182851 0.197929 0.205489 0.213093 0.221154 0.234293 0.255543 0.283342 0.305904 0.313598 0.326088 0.335224 0.346557 0.357358 0.381434 0.407243 0.435033 0.490376 0.591719 0.772584 0.963567 0.963567 0.772584 0.591719 0.490376 0.435033 0.407243 0.381434 0.357358 0.346557 0.335224 0.326088 0.313598 0.305904 0.283342 0.255543 0.234293 0.221154 0.213093 0.205489 0.197929 0.182851 0.176189 0.165885 0.155308 0.14819 0.141255 0.134083 0.129491 0.128293 0.122359 0.118864 0.117814 0.115813 0.116547 0.115605 0.115829 0.11769 0.120267 0.123347 0.126081 0.129289 0.134185 0.141168 0.148136 0.154794 0.164957 0.172586 0.182866 0.189987 0.19742 0.205036 0.208711 0.214331 0.219074 0.22394 0.232361 0.2438 0.272518 0.302362 0.329402 0.34224 0.337902 0.328779 0.317409 0.31539 0.303712 0.311638 0.300886 0.293126 0.275503
0.157084 0.195072 0.222049 0.242045 0.237247 0.23898 0.223462 0.204899 0.194757 0.203887 0.214555 0.239992 0.269265 0.291035 0.309412 0.307578 0.28937 0.261966 0.241619 0.227935 0.219463 0.214587 0.207822 0.199439 0.193577 0.18724 0.180107 0.176496 0.172047 0.165742 0.163749 0.162051 0.156951 0.156557 0.154866 0.153079 0.157442 0.159152 0.159133 0.162336 0.169926 0.171531 0.173276 0.178502 0.181454 0.18542 0.190913 0.201934 0.225677 0.251868 0.262062 0.257982 0.250009 0.239889 0.232538 0.23185 0.224937 0.214268 0.213401 0.214809 0.215325 0.216376 0.231041 0.253143 0.283742 0.32056 0.387304 0.509284 0.721067 0.957352 0.957352 0.721067 0.509284 0.387304 0.32056 0.283742 0.253143 0.231041 0.216376 0.215325 0.214809 0.213401 0.214268 0.224937 0.23185 0.232538 0.239889 0.250009 0.257982 0.262062 0.251868 0.225677 0.201934 0.190913 0.18542 0.181454 0.178502 0.173276 0.171531 0.169926 0.162336 0.159133 0.159152 0.157442 0.153079 0.154866 0.156557 0.156951 0.162051 0.163749 0.165742 0.172047 0.176496 0.180107 0.18724 0.193577 0.199439 0.207822 0.214587 0.219463 0.227935 0.241619 0.261966 0.28937 0.307578 0.309412 0.291035 0.269265 0.239992 0.214555 0.203887 0.194757 0.204899 0.223462 0.23898 0.237247 0.242045 0.222049 0.195072 0.157084
0.098518 0.122658 0.167949 0.172713 0.17299 0.177775 0.20087 0.214046 0.230771 0.245381 0.245682 0.231815 0.203604 0.180284 0.1719 0.173704 0.18413 0.204253 0.225369 0.233344 0.230313 0.213653 0.193979 0.186448 0.186079 0.189814 0.197733 0.20366 0.207302 0.211289 0.217472 0.219823 0.221916 0.225101 0.225576 0.224749 0.225733 0.224753 0.223877 0.229232 0.240645 0.257514 0.275019 0.288375 0.290249 0.280586 0.262744 0.243312 0.224744 0.20411 0.190971 0.181588 0.170772 0.162384 0.160809 0.159567 0.158743 0.162692 0.174084 0.188244 0.199795 0.209668 0.221559 0.240311 0.266128 0.284788 0.347958 0.479241 0.701743 0.954476 0.954476 0.701743 0.479241 0.347958 0.284788 0.266128 0.240311 0.221559 0.209668 0.199795 0.188244 0.174084 0.162692 0.158743 0.159567 0.160809 0.162384 0.170772 0.181588 0.190971 0.20411 0.224744 0.243312 0.262744 0.280586 0.290249 0.288375 0.275019 0.257514 0.240645 0.229232 0.223877 0.224753 0.225733 0.224749 0.225576 0.225101 0.221916 0.219823 0.217472 0.211289 0.207302 0.20366 0.197733 0.189814 0.186079 0.186448 0.193979 0.213653 0.230313 0.233344 0.225369 0.204253 0.18413 0.173704 0.1719 0.180284 0.203604 0.231815 0.245682 0.245381 0.230771 0.214046 0.20087 0.177775 0.17299 0.172713 0.167949 0.122658 0.098518
0.156144 0.17907 0.200846 0.197593 0.19046 0.190001 0.186616 0.188235 0.187884 0.188703 0.194123 0.206071 0.219832 0.237587 0.248273 0.246747 0.228893 0.203653 0.183815 0.17626 0.179486 0.193005 0.209664 0.221799 0.221163 0.201752 0.174231 0.149258 0.131266 0.121842 0.117351 0.115116 0.117975 0.125398 0.136405 0.15613 0.178121 0.191108 0.192746 0.188796 0.179625 0.165702 0.152198 0.145778 0.143794 0.145795 0.147157 0.153253 0.160128 0.167211 0.173827 0.182908 0.193273 0.204225 0.217495 0.228125 0.233689 0.23876 0.245729 0.249641 0.245735 0.247985 0.24695 0.25135 0.267539 0.297716 0.366027 0.489982 0.706568 0.951698 0.951698 0.706568 0.489982 0.366027 0.297716 0.267539 0.25135 0.24695 0.247985 0.245735 0.249641 0.245729 0.23876 0.233689 0.228125 0.217495 0.204225 0.193273 0.182908 0.173827 0.167211 0.160128 0.153253 0.147157 0.145795 0.143794 0.145778 0.152198 0.165702 0.179625 0.188796 0.192746 0.191108 0.178121 0.15613 0.136405 0.125398 0.117975 0.115116 0.117351 0.121842 0.131266 0.149258 0.174231 0.201752 0.221163 0.221799 0.209664 0.193005 0.179486 0.17626 0.183815 0.203653 0.228893 0.246747 0.248273 0.237587 0.219832 0.206071 0.194123 0.188703 0.187884 0.188235 0.186616 0.190001 0.19046 0.197593 0.200846 0.17907 0.156144
0.208573 0.217698 0.211145 0.198966 0.187527 0.176341 0.168307 0.152747 0.143691 0.138345 0.12627 0.122119 0.119995 0.116943 0.122742 0.130606 0.141848 0.161674 0.178239 0.184568 0.176848 0.154816 0.128227 0.112212 0.110439 0.123537 0.14942 0.179313 0.203334 0.215134 0.210343 0.198368 0.190319 0.182392 0.169036 0.154654 0.140406 0.124343 0.111147 0.105713 0.104594 0.103524 0.102572 0.100782 0.101087 0.102249 0.103259 0.106331 0.112757 0.120178 0.127863 0.134704 0.14012 0.144729 0.155128 0.165328 0.171016 0.182223 0.199322 0.217986 0.226895 0.240303 0.269004 0.287659 0.31251 0.349809 0.405747 0.524377 0.737959 0.961769 0.961769 0.737959 0.524377 0.405747 0.349809 0.31251 0.287659 0.269004 0.240303 0.226895 0.217986 0.199322 0.182223 0.171016 0.165328 0.155128 0.144729 0.14012 0.134704 0.127863 0.120178 0.112757 0.106331 0.103259 0.102249 0.101087 0.100782 0.102572 0.103524 0.104594 0.105713 0.111147 0.124343 0.140406 0.154654 0.169036 0.182392 0.190319 0.198368 0.210343 0.215134 0.203334 0.179313 0.14942 0.123537 0.110439 0.112212 0.128227 0.154816 0.176848 0.184568 0.178239 0.161674 0.141848 0.130606 0.122742 0.116943 0.119995 0.122119 0.12627 0.138345 0.143691 0.152747 0.168307 0.176341 0.187527 0.198966 0.211145 0.217698 0.208573
0.151441 0.174565 0.191223 0.189872 0.195667 0.198818 0.191474 0.172531 0.150865 0.137074 0.133268 0.133957 0.134251 0.133378 0.131503 0.129506 0.128056 0.128496 0.13233 0.141156 0.156101 0.177184 0.205174 0.232364 0.250502 0.251653 0.238881 0.217756 0.199794 0.190329 0.186699 0.187278 0.188658 0.178949 0.155846 0.130801 0.113879 0.107603 0.10656 0.107112 0.109102 0.113058 0.11798 0.122761 0.131607 0.141622 0.147675 0.153459 0.161763 0.169134 0.175183 0.182953 0.190125 0.19726 0.207425 0.214559 0.21901 0.223296 0.231113 0.238503 0.236212 0.233548 0.236545 0.239967 0.26233 0.289957 0.354942 0.47838 0.702943 0.95109 0.95109 0.702943 0.47838 0.354942 0.289957 0.26233 0.239967 0.236545 0.233548 0.236212 0.238503 0.231113 0.223296 0.21901 0.214559 0.207425 0.19726 0.190125 0.182953 0.175183 0.169134 0.161763 0.153459 0.147675 0.141622 0.131607 0.122761 0.11798 0.113058 0.109102 0.107112 0.10656 0.107603 0.113879 0.130801 0.155846 0.178949 0.188658 0.187278 0.186699 0.190329 0.199794 0.217756 0.238881 0.251653 0.250502 0.232364 0.205174 0.177184 0.156101 0.141156 0.13233 0.128496 0.128056 0.129506 0.131503 0.133378 0.134251 0.133957 0.133268 0.137074 0.150865 0.172531 0.191474 0.198818 0.195667 0.189872 0.191223 0.174565 0.151441
0.104834 0.134534 0.14708 0.14048 0.142995 0.151197 0.152514 0.158073 0.170106 0.178339 0.178613 0.169809 0.149281 0.128352 0.118212 0.117946 0.126554 0.144434 0.165542 0.185028 0.200784 0.211511 0.214845 0.210837 0.205477 0.204923 0.210965 0.21793 0.220849 0.211422 0.190837 0.170967 0.161835 0.167605 0.184029 0.209301 0.231819 0.240285 0.233045 0.219066 0.207966 0.206023 0.209306 0.21187 0.213313 0.213769 0.211813 0.208467 0.202883 0.195639 0.188944 0.180853 0.170483 0.162182 0.16001 0.156059 0.150537 0.148425 0.153482 0.162919 0.172275 0.181847 0.192905 0.215195 0.241928 0.264157 0.320975 0.448828 0.690563 0.953489 0.953489 0.690563 0.448828 0.320975 0.264157 0.241928 0.215195 0.192905 0.181847 0.172275 0.162919 0.153482 0.148425 0.150537 0.156059 0.16001 0.162182 0.170483 0.180853 0.188944 0.195639 0.202883 0.208467 0.211813 0.213769 0.213313 0.21187 0.209306 0.206023 0.207966 0.219066 0.233045 0.240285 0.231819 0.209301 0.184029 0.167605 0.161835 0.170967 0.190837 0.211422 0.220849 0.21793 0.210965 0.204923 0.205477 0.210837 0.214845 0.211511 0.200784 0.185028 0.165542 0.144434 0.126554 0.117946 0.118212 0.128352 0.149281 0.169809 0.178613 0.178339 0.170106 0.158073 0.152514 0.151197 0.142995 0.14048 0.14708 0.134534 0.104834
0.0860524 0.108271 0.111468 0.10152 0.104796 0.107591 0.103666 0.108461 0.116699 0.124147 0.1362 0.161495 0.189424 0.2189 0.243351 0.252193 0.241083 0.216261 0.183159 0.148612 0.122412 0.108778 0.104453 0.106623 0.114623 0.127178 0.145763 0.167705 0.192629 0.222769 0.256967 0.28621 0.305609 0.30704 0.292767 0.272 0.256402 0.252627 0.259599 0.270361 0.274511 0.265982 0.239555 0.202738 0.170371 0.151461 0.141677 0.137311 0.136173 0.13681 0.139477 0.142733 0.145829 0.149195 0.154461 0.159705 0.163475 0.16733 0.171204 0.175387 0.179198 0.183307 0.192003 0.211577 0.23605 0.263612 0.315145 0.436998 0.681066 0.952858 0.952858 0.681066 0.436998 0.315145 0.263612 0.23605 0.211577 0.192003 0.183307 0.179198 0.175387 0.171204 0.16733 0.163475 0.159705 0.154461 0.149195 0.145829 0.142733 0.139477 0.13681 0.136173 0.137311 0.141677 0.151461 0.170371 0.202738 0.239555 0.265982 0.274511 0.270361 0.259599 0.252627 0.256402 0.272 0.292767 0.30704 0.305609 0.28621 0.256967 0.222769 0.192629 0.167705 0.145763 0.127178 0.114623 0.106623 0.104453 0.108778 0.122412 0.148612 0.183159 0.216261 0.241083 0.252193 0.243351 0.2189 0.189424 0.161495 0.1362 0.124147 0.116699 0.108461 0.103666 0.107591 0.104796 0.10152 0.111468 0.108271 0.0860524
0.0757568 0.094506 0.101039 0.0949555 0.098488 0.108672 0.122363 0.141745 0.16006 0.17391 0.187532 0.194504 0.188064 0.174666 0.163983 0.158316 0.165336 0.186613 0.209862 0.224094 0.226752 0.217131 0.200994 0.189295 0.183231 0.177399 0.172492 0.166032 0.157562 0.151571 0.148214 0.149101 0.155196 0.166826 0.181903 0.201496 0.213448 0.208503 0.189972 0.16886 0.155761 0.156792 0.172496 0.197803 0.219574 0.22511 0.211924 0.190177 0.171736 0.162618 0.162504 0.166406 0.170072 0.172016 0.174428 0.17751 0.180377 0.183492 0.186758 0.190989 0.196041 0.202207 0.212174 0.229058 0.250909 0.278373 0.330043 0.447743 0.687368 0.953994 0.953994 0.687368 0.447743 0.330043 0.278373 0.250909 0.229058 0.212174 0.202207 0.196041 0.190989 0.186758 0.183492 0.180377 0.17751 0.174428 0.172016 0.170072 0.166406 0.162504 0.162618 0.171736 0.190177 0.211924 0.22511 0.219574 0.197803 0.172496 0.156792 0.155761 0.16886 0.189972 0.208503 0.213448 0.201496 0.181903 0.166826 0.155196 0.149101 0.148214 0.151571 0.157562 0.166032 0.172492 0.177399 0.183231 0.189295 0.200994 0.217131 0.226752 0.224094 0.209862 0.186613 0.165336 0.158316 0.163983 0.174666 0.188064 0.194504 0.187532 0.17391 0.16006 0.141745 0.122363 0.108672 0.098488 0.0949555 0.101039 0.094506 0.0757568
0.113595 0.14124 0.161287 0.180534 0.179168 0.186093 0.182271 0.175798 0.15759 0.140791 0.145106 0.159393 0.165913 0.170522 0.173827 0.171124 0.167767 0.168419 0.169597 0.16887 0.176178 0.187069 0.191877 0.192403 0.180081 0.156409 0.133148 0.117107 0.105989 0.0993423 0.0971423 0.0953914 0.0917924 0.0894237 0.0885016 0.0914253 0.101359 0.116316 0.137111 0.161424 0.179751 0.181575 0.165988 0.146825 0.1374 0.145231 0.166758 0.194468 0.21672 0.222684 0.209838 0.189018 0.173874 0.169884 0.172848 0.177509 0.183244 0.190007 0.196371 0.203562 0.21266 0.223204 0.234898 0.250327 0.271716 0.301993 0.355677 0.468789 0.698195 0.95553 0.95553 0.698195 0.468789 0.355677 0.301993 0.271716 0.250327 0.234898 0.223204 0.21266 0.203562 0.196371 0.190007 0.183244 0.177509 0.172848 0.169884 0.173874 0.189018 0.209838 0.222684 0.21672 0.194468 0.166758 0.145231 0.1374 0.146825 0.165988 0.181575 0.179751 0.161424 0.137111 0.116316 0.101359 0.0914253 0.0885016 0.0894237 0.0917924 0.0953914 0.0971423 0.0993423 0.105989 0.117107 0.133148 0.156409 0.180081 0.192403 0.191877 0.187069 0.176178 0.16887 0.169597 0.168419 0.167767 0.171124 0.173827 0.170522 0.165913 0.159393 0.145106 0.140791 0.15759 0.175798 0.182271 0.186093 0.179168 0.180534 0.161287 0.14124 0.113595
0.233051 0.259055 0.251127 0.232015 0.220503 0.209635 0.190808 0.177826 0.163123 0.153207 0.138868 0.128504 0.117703 0.11037 0.107119 0.10122 0.0986169 0.100188 0.0992062 0.0982896 0.0994198 0.102468 0.106977 0.117505 0.13189 0.146048 0.160929 0.169439 0.162701 0.142615 0.120415 0.100229 0.0855803 0.0793329 0.0766147 0.0751327 0.0763628 0.0780005 0.0793075 0.0849209 0.0978719 0.117117 0.141992 0.167611 0.183747 0.182654 0.164681 0.142324 0.131889 0.140878 0.163127 0.188951 0.20415 0.203009 0.189983 0.173086 0.160874 0.160295 0.170038 0.182877 0.193614 0.205753 0.223944 0.245823 0.269235 0.302422 0.361739 0.476702 0.702129 0.955958 0.955958 0.702129 0.476702 0.361739 0.302422 0.269235 0.245823 0.223944 0.205753 0.193614 0.182877 0.170038 0.160295 0.160874 0.173086 0.189983 0.203009 0.20415 0.188951 0.163127 0.140878 0.131889 0.142324 0.164681 0.182654 0.183747 0.167611 0.141992 0.117117 0.0978719 0.0849209 0.0793075 0.0780005 0.0763628 0.0751327 0.0766147 0.0793329 0.0855803 0.100229 0.120415 0.142615 0.162701 0.169439 0.160929 0.146048 0.13189 0.117505 0.106977 0.102468 0.0994198 0.0982896 0.0992062 0.100188 0.0986169 0.10122 0.107119 0.11037 0.117703 0.128504 0.138868 0.153207 0.163123 0.177826 0.190808 0.209635 0.220503 0.232015 0.251127 0.259055 0.233051
0.214103 0.245458 0.244915 0.230263 0.222824 0.214492 0.202384 0.193521 0.183104 0.166843 0.156641 0.144464 0.133228 0.122214 0.114731 0.10679 0.0961663 0.0912652 0.0888919 0.0883448 0.0892767 0.0899503 0.0902562 0.0917699 0.091831 0.0924778 0.0975753 0.105534 0.115349 0.129474 0.145428 0.155076 0.152291 0.137897 0.115645 0.09693 0.0890001 0.0855026 0.0834529 0.084374 0.086655 0.0878225 0.0885254 0.0928339 0.103687 0.124321 0.150169 0.174653 0.187516 0.184155 0.168112 0.15117 0.146927 0.162691 0.193903 0.223017 0.233814 0.227367 0.216081 0.208381 0.205938 0.21196 0.226893 0.245665 0.268542 0.303986 0.363472 0.474652 0.697817 0.954921 0.954921 0.697817 0.474652 0.363472 0.303986 0.268542 0.245665 0.226893 0.21196 0.205938 0.208381 0.216081 0.227367 0.233814 0.223017 0.193903 0.162691 0.146927 0.15117 0.168112 0.184155 0.187516 0.174653 0.150169 0.124321 0.103687 0.0928339 0.0885254 0.0878225 0.086655 0.084374 0.0834529 0.0855026 0.0890001 0.09693 0.115645 0.137897 0.152291 0.155076 0.145428 0.129474 0.115349 0.105534 0.0975753 0.0924778 0.091831 0.0917699 0.0902562 0.0899503 0.0892767 0.0883448 0.0888919 0.0912652 0.0961663 0.10679 0.114731 0.122214 0.133228 0.144464 0.156641 0.166843 0.183104 0.193521 0.202384 0.214492 0.222824 0.230263 0.244915 0.245458 0.214103
0.105463 0.129308 0.155267 0.153315 0.169379 0.174959 0.184172 0.183782 0.171511 0.156877 0.159257 0.168421 0.172561 0.175618 0.176947 0.174677 0.171673 0.165185 0.154117 0.142848 0.129623 0.113832 0.100409 0.0919979 0.085263 0.0800769 0.0778882 0.0775319 0.0784975 0.0824315 0.0903796 0.10193 0.117924 0.137474 0.15549 0.167969 0.167078 0.14928 0.12663 0.109917 0.0998829 0.0941444 0.0932622 0.0946062 0.0971458 0.103423 0.111342 0.120739 0.139171 0.168507 0.201896 0.2291 0.240615 0.234485 0.219066 0.208229 0.213735 0.23641 0.266527 0.288088 0.290423 0.278033 0.264524 0.263058 0.275251 0.301419 0.350881 0.457658 0.686544 0.952726 0.952726 0.686544 0.457658 0.350881 0.301419 0.275251 0.263058 0.264524 0.278033 0.290423 0.288088 0.266527 0.23641 0.213735 0.208229 0.219066 0.234485 0.240615 0.2291 0.201896 0.168507 0.139171 0.120739 0.111342 0.103423 0.0971458 0.0946062 0.0932622 0.0941444 0.0998829 0.109917 0.12663 0.14928 0.167078 0.167969 0.15549 0.137474 0.117924 0.10193 0.0903796 0.0824315 0.0784975 0.0775319 0.0778882 0.0800769 0.085263 0.0919979 0.100409 0.113832 0.129623 0.142848 0.154117 0.165185 0.171673 0.174677 0.176947 0.175618 0.172561 0.168421 0.159257 0.156877 0.171511 0.183782 0.184172 0.174959 0.169379 0.153315 0.155267 0.129308 0.105463
0.078185 0.0919807 0.0965178 0.0969459 0.0969624 0.107473 0.116188 0.129796 0.144539 0.162722 0.175914 0.181588 0.176336 0.161406 0.145008 0.133195 0.129819 0.136846 0.149043 0.157701 0.163131 0.16718 0.16702 0.163688 0.157601 0.147965 0.136083 0.124872 0.116175 0.109602 0.105445 0.101108 0.0983857 0.0985808 0.102458 0.11381 0.132724 0.154711 0.17539 0.187371 0.185173 0.173467 0.158394 0.14547 0.139721 0.14146 0.143521 0.145452 0.150534 0.155114 0.160394 0.171001 0.189256 0.215189 0.243647 0.262532 0.260615 0.242982 0.224504 0.220433 0.235048 0.264952 0.298418 0.315802 0.315619 0.319181 0.346301 0.450029 0.679289 0.949342 0.949342 0.679289 0.450029 0.346301 0.319181 0.315619 0.315802 0.298418 0.264952 0.235048 0.220433 0.224504 0.242982 0.260615 0.262532 0.243647 0.215189 0.189256 0.171001 0.160394 0.155114 0.150534 0.145452 0.143521 0.14146 0.139721 0.14547 0.158394 0.173467 0.185173 0.187371 0.17539 0.154711 0.132724 0.11381 0.102458 0.0985808 0.0983857 0.101108 0.105445 0.109602 0.116175 0.124872 0.136083 0.147965 0.157601 0.163688 0.16702 0.16718 0.163131 0.157701 0.149043 0.136846 0.129819 0.133195 0.145008 0.161406 0.176336 0.181588 0.175914 0.162722 0.144539 0.129796 0.116188 0.107473 0.0969624 0.0969459 0.0965178 0.0919807 0.078185
0.0844588 0.0955252 0.100153 0.0953944 0.0919525 0.0891155 0.0880663 0.0902863 0.0982107 0.106487 0.115448 0.128883 0.144242 0.158561 0.171359 0.177595 0.171424 0.152378 0.1276 0.107266 0.0984262 0.100606 0.110481 0.122313 0.135501 0.150321 0.167072 0.181616 0.189367 0.192473 0.192703 0.187331 0.179799 0.172839 0.165239 0.157861 0.151977 0.148117 0.151127 0.16369 0.183826 0.206107 0.224816 0.232309 0.2243 0.203604 0.181252 0.167337 0.158147 0.151633 0.152339 0.155298 0.156704 0.160272 0.168809 0.182611 0.205006 0.236535 0.262385 0.269623 0.255814 0.236978 0.230679 0.252188 0.299388 0.355956 0.418608 0.509806 0.698383 0.949474 0.949474 0.698383 0.509806 0.418608 0.355956 0.299388 0.252188 0.230679 0.236978 0.255814 0.269623 0.262385 0.236535 0.205006 0.182611 0.168809 0.160272 0.156704 0.155298 0.152339 0.151633 0.158147 0.167337 0.181252 0.203604 0.2243 0.232309 0.224816 0.206107 0.183826 0.16369 0.151127 0.148117 0.151977 0.157861 0.165239 0.172839 0.179799 0.187331 0.192703 0.192473 0.189367 0.181616 0.167072 0.150321 0.135501 0.122313 0.110481 0.100606 0.0984262 0.107266 0.1276 0.152378 0.171424 0.177595 0.171359 0.158561 0.144242 0.128883 0.115448 0.106487 0.0982107 0.0902863 0.0880663 0.0891155 0.0919525 0.0953944 0.100153 0.0955252 0.0844588
0.0965263 0.104181 0.109629 0.106822 0.107451 0.108601 0.110648 0.110643 0.110979 0.108472 0.104637 0.101826 0.101619 0.104491 0.112847 0.122852 0.138171 0.15882 0.17939 0.191641 0.192052 0.180169 0.160437 0.141614 0.129201 0.123507 0.124193 0.12924 0.137321 0.148868 0.162913 0.179093 0.196497 0.210568 0.221587 0.230152 0.232686 0.230459 0.2252 0.213592 0.195463 0.179712 0.171612 0.171568 0.182891 0.204398 0.224134 0.227728 0.21413 0.197806 0.183852 0.168931 0.160657 0.160371 0.159817 0.157898 0.158601 0.163401 0.175483 0.199653 0.23237 0.265034 0.286131 0.292778 0.294493 0.301692 0.356074 0.479274 0.713109 0.957547 0.957547 0.713109 0.479274 0.356074 0.301692 0.294493 0.292778 0.286131 0.265034 0.23237 0.199653 0.175483 0.163401 0.158601 0.157898 0.159817 0.160371 0.160657 0.168931 0.183852 0.197806 0.21413 0.227728 0.224134 0.204398 0.182891 0.171568 0.171612 0.179712 0.195463 0.213592 0.2252 0.230459 0.232686 0.230152 0.221587 0.210568 0.196497 0.179093 0.162913 0.148868 0.137321 0.12924 0.124193 0.123507 0.129201 0.141614 0.160437 0.180169 0.192052 0.191641 0.17939 0.15882 0.138171 0.122852 0.112847 0.104491 0.101619 0.101826 0.104637 0.108472 0.110979 0.110643 0.110648 0.108601 0.107451 0.106822 0.109629 0.104181 0.0965263
0.103927 0.118949 0.126309 0.122665 0.116017 0.113135 0.107146 0.102861 0.0997806 0.0987832 0.0980041 0.0980206 0.10034 0.101802 0.103916 0.107315 0.111559 0.120184 0.131374 0.14667 0.166774 0.189293 0.210693 0.225194 0.226475 0.213385 0.191863 0.171301 0.156411 0.146879 0.141152 0.137133 0.135604 0.135436 0.134099 0.135804 0.144139 0.154592 0.162521 0.172315 0.186815 0.199171 0.208176 0.214742 0.215682 0.211253 0.206907 0.206111 0.21092 0.22274 0.22832 0.221798 0.206412 0.185778 0.171622 0.166498 0.161054 0.157262 0.161982 0.17131 0.176333 0.188895 0.22111 0.279983 0.373644 0.449186 0.490434 0.559295 0.710995 0.942808 0.942808 0.710995 0.559295 0.490434 0.449186 0.373644 0.279983 0.22111 0.188895 0.176333 0.17131 0.161982 0.157262 0.161054 0.166498 0.171622 0.185778 0.206412 0.221798 0.22832 0.22274 0.21092 0.206111 0.206907 0.211253 0.215682 0.214742 0.208176 0.199171 0.186815 0.172315 0.162521 0.154592 0.144139 0.135804 0.134099 0.135436 0.135604 0.137133 0.141152 0.146879 0.156411 0.171301 0.191863 0.213385 0.226475 0.225194 0.210693 0.189293 0.166774 0.14667 0.131374 0.120184 0.111559 0.107315 0.103916 0.101802 0.10034 0.0980206 0.0980041 0.0987832 0.0997806 0.102861 0.107146 0.113135 0.116017 0.122665 0.126309 0.118949 0.103927
0.117272 0.126043 0.131468 0.125811 0.120009 0.118347 0.117569 0.11547 0.11561 0.115345 0.114946 0.115978 0.118379 0.120862 0.124334 0.12786 0.131514 0.135183 0.13703 0.137821 0.138892 0.142343 0.146824 0.155017 0.167457 0.182849 0.196402 0.203907 0.196463 0.175337 0.14718 0.122497 0.106577 0.0978956 0.0935381 0.0927118 0.0953023 0.0986241 0.101075 0.104008 0.109413 0.118612 0.128319 0.13511 0.145968 0.16112 0.171804 0.17995 0.193319 0.207227 0.219684 0.23486 0.245239 0.243316 0.238269 0.225129 0.207988 0.19784 0.194414 0.197375 0.212528 0.248402 0.293385 0.312938 0.324844 0.345608 0.386011 0.507215 0.7218 0.954431 0.954431 0.7218 0.507215 0.386011 0.345608 0.324844 0.312938 0.293385 0.248402 0.212528 0.197375 0.194414 0.19784 0.207988 0.225129 0.238269 0.243316 0.245239 0.23486 0.219684 0.207227 0.193319 0.17995 0.171804 0.16112 0.145968 0.13511 0.128319 0.118612 0.109413 0.104008 0.101075 0.0986241 0.0953023 0.0927118 0.0935381 0.0978956 0.106577 0.122497 0.14718 0.175337 0.196463 0.203907 0.196402 0.182849 0.167457 0.155017 0.146824 0.142343 0.138892 0.137821 0.13703 0.135183 0.131514 0.12786 0.124334 0.120862 0.118379 0.115978 0.114946 0.115345 0.11561 0.11547 0.117569 0.118347 0.120009 0.125811 0.131468 0.126043 0.117272
0.119887 0.131079 0.136487 0.128575 0.122653 0.122228 0.124866 0.126618 0.13075 0.134512 0.136708 0.140232 0.144279 0.146294 0.14732 0.146473 0.143109 0.1386 0.133399 0.127414 0.120077 0.113612 0.108132 0.104404 0.101755 0.101182 0.106088 0.117499 0.134212 0.153418 0.172065 0.182759 0.177715 0.15993 0.137209 0.117624 0.107217 0.101935 0.099861 0.0990778 0.0986443 0.0973649 0.0964426 0.095528 0.0954482 0.0981419 0.104217 0.108245 0.1126 0.124262 0.141406 0.152088 0.164188 0.188861 0.221043 0.25242 0.281507 0.296985 0.306495 0.315554 0.30902 0.283038 0.266764 0.274235 0.30296 0.352155 0.435579 0.520479 0.701031 0.946468 0.946468 0.701031 0.520479 0.435579 0.352155 0.30296 0.274235 0.266764 0.283038 0.30902 0.315554 0.306495 0.296985 0.281507 0.25242 0.221043 0.188861 0.164188 0.152088 0.141406 0.124262 0.1126 0.108245 0.104217 0.0981419 0.0954482 0.095528 0.0964426 0.0973649 0.0986443 0.0990778 0.099861 0.101935 0.107217 0.117624 0.137209 0.15993 0.177715 0.182759 0.172065 0.153418 0.134212 0.117499 0.106088 0.101182 0.101755 0.104404 0.108132 0.113612 0.120077 0.127414 0.133399 0.1386 0.143109 0.146473 0.14732 0.146294 0.144279 0.140232 0.136708 0.134512 0.13075 0.126618 0.124866 0.122228 0.122653 0.128575 0.136487 0.131079 0.119887
0.119917 0.132918 0.137955 0.137947 0.134631 0.136811 0.139113 0.139585 0.140803 0.142373 0.141522 0.138111 0.131172 0.121472 0.112882 0.104644 0.0975247 0.0936438 0.0918591 0.0897099 0.0882362 0.0882653 0.0890407 0.0900973 0.0911056 0.0919505 0.0939748 0.0977432 0.101925 0.107988 0.118082 0.134201 0.156268 0.180559 0.198638 0.203643 0.192562 0.168517 0.140928 0.119807 0.108251 0.101537 0.0972991 0.0953699 0.0946348 0.0953401 0.0959057 0.0957476 0.0967076 0.0991592 0.102765 0.107977 0.111942 0.120351 0.152161 0.196639 0.236783 0.26985 0.29536 0.311145 0.321856 0.336858 0.357364 0.372573 0.377971 0.362267 0.396139 0.488352 0.685618 0.940664 0.940664 0.685618 0.488352 0.396139 0.362267 0.377971 0.372573 0.357364 0.336858 0.321856 0.311145 0.29536 0.26985 0.236783 0.196639 0.152161 0.120351 0.111942 0.107977 0.102765 0.0991592 0.0967076 0.0957476 0.0959057 0.0953401 0.0946348 0.0953699 0.0972991 0.101537 0.108251 0.119807 0.140928 0.168517 0.192562 0.203643 0.198638 0.180559 0.156268 0.134201 0.118082 0.107988 0.101925 0.0977432 0.0939748 0.0919505 0.0911056 0.0900973 0.0890407 0.0882653 0.0882362 0.0897099 0.0918591 0.0936438 0.0975247 0.104644 0.112882 0.121472 0.131172 0.138111 0.141522 0.142373 0.140803 0.139585 0.139113 0.136811 0.134631 0.137947 0.137955 0.132918 0.119917
0.129033 0.138028 0.145378 0.144024 0.135775 0.134671 0.128705 0.119199 0.11073 0.101875 0.0917987 0.0851397 0.0831739 0.0823377 0.0834763 0.0836774 0.0827335 0.0827963 0.0837014 0.0836299 0.0837447 0.0852802 0.0868358 0.0884495 0.0900462 0.091142 0.0931398 0.0959696 0.0981929 0.0995047 0.10095 0.101969 0.103168 0.10682 0.114809 0.129161 0.148453 0.168198 0.18 0.179218 0.163927 0.141066 0.119927 0.104933 0.098682 0.0979951 0.0990462 0.0997427 0.101929 0.106672 0.114186 0.130193 0.160759 0.193418 0.207468 0.201753 0.183834 0.175441 0.196766 0.243646 0.289452 0.322852 0.355069 0.369787 0.375801 0.38048 0.424833 0.521631 0.701504 0.948847 0.948847 0.701504 0.521631 0.424833 0.38048 0.375801 0.369787 0.355069 0.322852 0.289452 0.243646 0.196766 0.175441 0.183834 0.201753 0.207468 0.193418 0.160759 0.130193 0.114186 0.106672 0.101929 0.0997427 0.0990462 0.0979951 0.098682 0.104933 0.119927 0.141066 0.163927 0.179218 0.18 0.168198 0.148453 0.129161 0.114809 0.10682 0.103168 0.101969 0.10095 0.0995047 0.0981929 0.0959696 0.0931398 0.091142 0.0900462 0.0884495 0.0868358 0.0852802 0.0837447 0.0836299 0.0837014 0.0827963 0.0827335 0.0836774 0.0834763 0.0823377 0.0831739 0.0851397 0.0917987 0.101875 0.11073 0.119199 0.128705 0.134671 0.135775 0.144024 0.145378 0.138028 0.129033
0.13423 0.143508 0.152163 0.142442 0.122341 0.108702 0.0985514 0.0927348 0.0909982 0.092406 0.0921171 0.0921648 0.0924149 0.0909371 0.0893038 0.0885831 0.0890192 0.0903217 0.0917315 0.0910857 0.0898124 0.0898224 0.0906116 0.0915403 0.0927638 0.0935638 0.0942405 0.0944406 0.0930943 0.0910142 0.0888971 0.0859776 0.0825311 0.0797956 0.0780567 0.0786797 0.0825981 0.0888504 0.101059 0.122379 0.147129 0.167056 0.173985 0.165688 0.146288 0.124607 0.108364 0.102806 0.112934 0.140486 0.175258 0.193765 0.18625 0.170528 0.162517 0.171888 0.203786 0.235946 0.245763 0.240821 0.23123 0.218613 0.228034 0.26264 0.317727 0.39413 0.463068 0.561784 0.737705 0.956071 0.956071 0.737705 0.561784 0.463068 0.39413 0.317727 0.26264 0.228034 0.218613 0.23123 0.240821 0.245763 0.235946 0.203786 0.171888 0.162517 0.170528 0.18625 0.193765 0.175258 0.140486 0.112934 0.102806 0.108364 0.124607 0.146288 0.165688 0.173985 0.167056 0.147129 0.122379 0.101059 0.0888504 0.0825981 0.0786797 0.0780567 0.0797956 0.0825311 0.0859776 0.0888971 0.0910142 0.0930943 0.0944406 0.0942405 0.0935638 0.0927638 0.0915403 0.0906116 0.0898224 0.0898124 0.0910857 0.0917315 0.0903217 0.0890192 0.0885831 0.0893038 0.0909371 0.0924149 0.0921648 0.0921171 0.092406 0.0909982 0.0927348 0.0985514 0.108702 0.122341 0.142442 0.152163 0.143508 0.13423
0.117421 0.124922 0.135903 0.136006 0.13457 0.140902 0.1432 0.13699 0.128978 0.122214 0.113121 0.108217 0.106755 0.105083 0.103921 0.102114 0.098934 0.0972837 0.0979893 0.0990002 0.0995344 0.10012 0.100037 0.0985074 0.096702 0.0938841 0.0910995 0.088059 0.0840697 0.0807842 0.0792459 0.0784684 0.0771675 0.0762017 0.0755528 0.0756379 0.0771828 0.077524 0.0773187 0.0793492 0.0862688 0.0984165 0.115914 0.139937 0.166028 0.191147 0.213534 0.226112 0.225363 0.208722 0.17694 0.153063 0.158911 0.184506 0.217345 0.2397 0.228729 0.210271 0.20797 0.207361 0.207277 0.216023 0.221732 0.231869 0.253066 0.28202 0.341215 0.472774 0.711235 0.955091 0.955091 0.711235 0.472774 0.341215 0.28202 0.253066 0.231869 0.221732 0.216023 0.207277 0.207361 0.20797 0.210271 0.228729 0.2397 0.217345 0.184506 0.158911 0.153063 0.17694 0.208722 0.225363 0.226112 0.213534 0.191147 0.166028 0.139937 0.115914 0.0984165 0.0862688 0.0793492 0.0773187 0.077524 0.0771828 0.0756379 0.0755528 0.0762017 0.0771675 0.0784684 0.0792459 0.0807842 0.0840697 0.088059 0.0910995 0.0938841 0.096702 0.0985074 0.100037 0.10012 0.0995344 0.0990002 0.0979893 0.0972837 0.098934 0.102114 0.103921 0.105083 0.106755 0.108217 0.113121 0.122214 0.128978 0.13699 0.1432 0.140902 0.13457 0.136006 0.135903 0.124922 0.117421
0.0888291 0.0970351 0.106893 0.104281 0.0989913 0.104892 0.113758 0.122211 0.133529 0.142999 0.143315 0.139044 0.133876 0.127328 0.122456 0.120538 0.118964 0.117615 0.116049 0.113306 0.110049 0.107535 0.104775 0.100928 0.0962534 0.0908553 0.0873371 0.08492 0.0821543 0.0803507 0.0807242 0.0812216 0.0805552 0.0805583 0.0801005 0.0807871 0.0828422 0.0828689 0.082961 0.0846175 0.0873991 0.0919474 0.100442 0.122219 0.161456 0.209409 0.237887 0.251484 0.253977 0.254507 0.26984 0.283694 0.278463 0.262182 0.248868 0.232771 0.224061 0.218893 0.205281 0.198625 0.202122 0.205823 0.219149 0.250054 0.301213 0.349757 0.401041 0.493025 0.689039 0.950782 0.950782 0.689039 0.493025 0.401041 0.349757 0.301213 0.250054 0.219149 0.205823 0.202122 0.198625 0.205281 0.218893 0.224061 0.232771 0.248868 0.262182 0.278463 0.283694 0.26984 0.254507 0.253977 0.251484 0.237887 0.209409 0.161456 0.122219 0.100442 0.0919474 0.0873991 0.0846175 0.082961 0.0828689 0.0828422 0.0807871 0.0801005 0.0805583 0.0805552 0.0812216 0.0807242 0.0803507 0.0821543 0.08492 0.0873371 0.0908553 0.0962534 0.100928 0.104775 0.107535 0.110049 0.113306 0.116049 0.117615 0.118964 0.120538 0.122456 0.127328 0.133876 0.139044 0.143315 0.142999 0.133529 0.122211 0.113758 0.104892 0.0989913 0.104281 0.106893 0.0970351 0.0888291
0.0784738 0.0861162 0.0990012 0.0952545 0.089144 0.089534 0.0905038 0.0886039 0.0913286 0.0997035 0.108399 0.122909 0.139803 0.149088 0.150431 0.147264 0.141674 0.136426 0.131666 0.126202 0.120302 0.113936 0.106262 0.100674 0.0979244 0.096041 0.0955572 0.0948917 0.0926713 0.0904948 0.0910282 0.0915812 0.0908839 0.0913382 0.0910071 0.092827 0.0953933 0.0973771 0.0990839 0.105269 0.124877 0.153704 0.186166 0.207281 0.203191 0.188708 0.19129 0.218356 0.263936 0.317286 0.35311 0.357949 0.340736 0.301167 0.249835 0.212793 0.192592 0.182557 0.18647 0.199156 0.208224 0.23162 0.267822 0.29185 0.302812 0.302446 0.334925 0.434309 0.65368 0.945537 0.945537 0.65368 0.434309 0.334925 0.302446 0.302812 0.29185 0.267822 0.23162 0.208224 0.199156 0.18647 0.182557 0.192592 0.212793 0.249835 0.301167 0.340736 0.357949 0.35311 0.317286 0.263936 0.218356 0.19129 0.188708 0.203191 0.207281 0.186166 0.153704 0.124877 0.105269 0.0990839 0.0973771 0.0953933 0.092827 0.0910071 0.0913382 0.0908839 0.0915812 0.0910282 0.0904948 0.0926713 0.0948917 0.0955572 0.096041 0.0979244 0.100674 0.106262 0.113936 0.120302 0.126202 0.131666 0.136426 0.141674 0.147264 0.150431 0.149088 0.139803 0.122909 0.108399 0.0997035 0.0913286 0.0886039 0.0905038 0.089534 0.089144 0.0952545 0.0990012 0.0861162 0.0784738
0.0833074 0.0912118 0.104083 0.100453 0.0923787 0.0947858 0.0963825 0.0941973 0.0946978 0.0965524 0.0949448 0.0944183 0.0959264 0.0985551 0.107527 0.124057 0.13909 0.143921 0.138423 0.129981 0.124919 0.122576 0.120034 0.117904 0.115254 0.112004 0.111038 0.112676 0.112454 0.111893 0.113154 0.111384 0.111603 0.111835 0.11198 0.115694 0.121619 0.132856 0.155256 0.193082 0.224574 0.228903 0.220246 0.212812 0.2223 0.257779 0.289661 0.291767 0.264771 0.226279 0.194745 0.183273 0.19336 0.218265 0.248247 0.257883 0.250554 0.243792 0.245632 0.257199 0.261692 0.254047 0.241424 0.237969 0.248303 0.261852 0.307921 0.414249 0.64509 0.944844 0.944844 0.64509 0.414249 0.307921 0.261852 0.248303 0.237969 0.241424 0.254047 0.261692 0.257199 0.245632 0.243792 0.250554 0.257883 0.248247 0.218265 0.19336 0.183273 0.194745 0.226279 0.264771 0.291767 0.289661 0.257779 0.2223 0.212812 0.220246 0.228903 0.224574 0.193082 0.155256 0.132856 0.121619 0.115694 0.11198 0.111835 0.111603 0.111384 0.113154 0.111893 0.112454 0.112676 0.111038 0.112004 0.115254 0.117904 0.120034 0.122576 0.124919 0.129981 0.138423 0.143921 0.13909 0.124057 0.107527 0.0985551 0.0959264 0.0944183 0.0949448 0.0965524 0.0946978 0.0941973 0.0963825 0.0947858 0.0923787 0.100453 0.104083 0.0912118 0.0833074
0.0965177 0.104417 0.117859 0.114626 0.107058 0.108293 0.109591 0.107872 0.10876 0.110733 0.109963 0.107937 0.103595 0.0975772 0.0923783 0.0864549 0.0822104 0.0820614 0.091898 0.117474 0.140561 0.145435 0.141505 0.138337 0.136663 0.134348 0.133432 0.132471 0.129277 0.129953 0.13085 0.132101 0.136194 0.137178 0.145839 0.166454 0.198843 0.235943 0.257323 0.256173 0.244289 0.241462 0.256771 0.272751 0.271711 0.245177 0.205374 0.171884 0.153866 0.150488 0.15036 0.149767 0.152471 0.164523 0.190327 0.227426 0.275745 0.321128 0.337305 0.318127 0.276705 0.240665 0.221065 0.221184 0.23832 0.260037 0.305248 0.413003 0.650498 0.946425 0.946425 0.650498 0.413003 0.305248 0.260037 0.23832 0.221184 0.221065 0.240665 0.276705 0.318127 0.337305 0.321128 0.275745 0.227426 0.190327 0.164523 0.152471 0.149767 0.15036 0.150488 0.153866 0.171884 0.205374 0.245177 0.271711 0.272751 0.256771 0.241462 0.244289 0.256173 0.257323 0.235943 0.198843 0.166454 0.145839 0.137178 0.136194 0.132101 0.13085 0.129953 0.129277 0.132471 0.133432 0.134348 0.136663 0.138337 0.141505 0.145435 0.140561 0.117474 0.091898 0.0820614 0.0822104 0.0864549 0.0923783 0.0975772 0.103595 0.107937 0.109963 0.110733 0.10876 0.107872 0.109591 0.108293 0.107058 0.114626 0.117859 0.104417 0.0965177
0.113432 0.121538 0.133841 0.13002 0.123665 0.124415 0.125125 0.123252 0.121752 0.118337 0.11435 0.112141 0.108992 0.107275 0.108131 0.107575 0.107112 0.108469 0.10761 0.105071 0.104909 0.0995955 0.102708 0.135409 0.159775 0.15411 0.148417 0.145353 0.144916 0.145365 0.146525 0.156654 0.174504 0.20429 0.248865 0.28354 0.290485 0.272841 0.249716 0.240867 0.244805 0.249715 0.239172 0.211287 0.182944 0.164679 0.153808 0.14747 0.14783 0.151846 0.155706 0.164036 0.181413 0.205573 0.229775 0.241301 0.236962 0.229641 0.236591 0.260348 0.283482 0.293061 0.286773 0.27377 0.271542 0.282641 0.323035 0.418998 0.648229 0.945612 0.945612 0.648229 0.418998 0.323035 0.282641 0.271542 0.27377 0.286773 0.293061 0.283482 0.260348 0.236591 0.229641 0.236962 0.241301 0.229775 0.205573 0.181413 0.164036 0.155706 0.151846 0.14783 0.14747 0.153808 0.164679 0.182944 0.211287 0.239172 0.249715 0.244805 0.240867 0.249716 0.272841 0.290485 0.28354 0.248865 0.20429 0.174504 0.156654 0.146525 0.145365 0.144916 0.145353 0.148417 0.15411 0.159775 0.135409 0.102708 0.0995955 0.104909 0.105071 0.10761 0.108469 0.107112 0.107575 0.108131 0.107275 0.108992 0.112141 0.11435 0.118337 0.121752 0.123252 0.125125 0.124415 0.123665 0.13002 0.133841 0.121538 0.113432
0.115705 0.123034 0.131651 0.128023 0.124277 0.122494 0.118415 0.114139 0.111771 0.110212 0.111557 0.114053 0.115436 0.117185 0.11844 0.119621 0.119256 0.117756 0.117433 0.1167 0.115883 0.117159 0.117189 0.11828 0.12409 0.130213 0.135303 0.157446 0.182197 0.195997 0.220436 0.259151 0.293421 0.305941 0.28357 0.245387 0.218348 0.215375 0.226592 0.231533 0.217525 0.192348 0.169378 0.155474 0.152696 0.151691 0.150892 0.155103 0.164602 0.179811 0.20206 0.225594 0.241362 0.239785 0.22305 0.202917 0.188871 0.185185 0.189666 0.201049 0.217355 0.239948 0.278069 0.321555 0.34269 0.349115 0.37349 0.44859 0.665933 0.945521 0.945521 0.665933 0.44859 0.37349 0.349115 0.34269 0.321555 0.278069 0.239948 0.217355 0.201049 0.189666 0.185185 0.188871 0.202917 0.22305 0.239785 0.241362 0.225594 0.20206 0.179811 0.164602 0.155103 0.150892 0.151691 0.152696 0.155474 0.169378 0.192348 0.217525 0.231533 0.226592 0.215375 0.218348 0.245387 0.28357 0.305941 0.293421 0.259151 0.220436 0.195997 0.182197 0.157446 0.135303 0.130213 0.12409 0.11828 0.117189 0.117159 0.115883 0.1167 0.117433 0.117756 0.119256 0.119621 0.11844 0.117185 0.115436 0.114053 0.111557 0.110212 0.111771 0.114139 0.118415 0.122494 0.124277 0.128023 0.131651 0.123034 0.115705
0.149885 0.152993 0.15216 0.141446 0.134845 0.133932 0.133568 0.131455 0.129937 0.129569 0.126168 0.124006 0.12376 0.122574 0.121598 0.120245 0.120687 0.123372 0.125735 0.131217 0.130659 0.13388 0.14439 0.149862 0.161741 0.175618 0.183698 0.199723 0.220325 0.249773 0.275685 0.275865 0.259752 0.240924 0.227116 0.225806 0.227522 0.218478 0.192375 0.163406 0.14396 0.132968 0.130411 0.134768 0.142759 0.15255 0.164832 0.183264 0.206238 0.226673 0.233909 0.222782 0.203656 0.19056 0.187189 0.188175 0.190924 0.197247 0.20502 0.213819 0.226285 0.23966 0.255107 0.28202 0.311965 0.349892 0.420277 0.511919 0.695966 0.947453 0.947453 0.695966 0.511919 0.420277 0.349892 0.311965 0.28202 0.255107 0.23966 0.226285 0.213819 0.20502 0.197247 0.190924 0.188175 0.187189 0.19056 0.203656 0.222782 0.233909 0.226673 0.206238 0.183264 0.164832 0.15255 0.142759 0.134768 0.130411 0.132968 0.14396 0.163406 0.192375 0.218478 0.227522 0.225806 0.227116 0.240924 0.259752 0.275865 0.275685 0.249773 0.220325 0.199723 0.183698 0.175618 0.161741 0.149862 0.14439 0.13388 0.130659 0.131217 0.125735 0.123372 0.120687 0.120245 0.121598 0.122574 0.12376 0.124006 0.126168 0.129569 0.129937 0.131455 0.133568 0.133932 0.134845 0.141446 0.15216 0.152993 0.149885
0.156027 0.157777 0.159392 0.156363 0.151146 0.147376 0.148177 0.146462 0.145795 0.147104 0.148067 0.147651 0.149062 0.149528 0.15178 0.156911 0.164153 0.172036 0.181962 0.194608 0.207644 0.222932 0.23542 0.24287 0.245017 0.244505 0.249468 0.261894 0.266333 0.249333 0.219752 0.201333 0.209835 0.238213 0.258378 0.254256 0.229237 0.198741 0.178403 0.171893 0.170756 0.171335 0.175478 0.183734 0.196063 0.214925 0.235895 0.247979 0.241218 0.219549 0.198765 0.188526 0.187888 0.190898 0.195145 0.1998 0.20417 0.210716 0.219237 0.228481 0.240956 0.257725 0.274852 0.295852 0.326815 0.365999 0.41877 0.513803 0.71241 0.955533 0.955533 0.71241 0.513803 0.41877 0.365999 0.326815 0.295852 0.274852 0.257725 0.240956 0.228481 0.219237 0.210716 0.20417 0.1998 0.195145 0.190898 0.187888 0.188526 0.198765 0.219549 0.241218 0.247979 0.235895 0.214925 0.196063 0.183734 0.175478 0.171335 0.170756 0.171893 0.178403 0.198741 0.229237 0.254256 0.258378 0.238213 0.209835 0.201333 0.219752 0.249333 0.266333 0.261894 0.249468 0.244505 0.245017 0.24287 0.23542 0.222932 0.207644 0.194608 0.181962 0.172036 0.164153 0.156911 0.15178 0.149528 0.149062 0.147651 0.148067 0.147104 0.145795 0.146462 0.148177 0.147376 0.151146 0.156363 0.159392 0.157777 0.156027
0.125565 0.126363 0.131933 0.131591 0.137528 0.139467 0.139054 0.144195 0.147395 0.154828 0.159142 0.164287 0.172386 0.181512 0.195541 0.207845 0.222882 0.232717 0.242236 0.244588 0.237829 0.222066 0.205099 0.192976 0.195521 0.208581 0.214713 0.201328 0.180363 0.175221 0.194585 0.224143 0.237984 0.226411 0.204495 0.188214 0.183562 0.189734 0.197146 0.200786 0.198574 0.192365 0.193671 0.207873 0.224885 0.230338 0.21392 0.184082 0.160234 0.148367 0.142865 0.141705 0.14468 0.150187 0.158297 0.167339 0.175806 0.184438 0.195164 0.205854 0.215872 0.232494 0.2566 0.283308 0.331327 0.380476 0.418723 0.482693 0.678428 0.944381 0.944381 0.678428 0.482693 0.418723 0.380476 0.331327 0.283308 0.2566 0.232494 0.215872 0.205854 0.195164 0.184438 0.175806 0.167339 0.158297 0.150187 0.14468 0.141705 0.142865 0.148367 0.160234 0.184082 0.21392 0.230338 0.224885 0.207873 0.193671 0.192365 0.198574 0.200786 0.197146 0.189734 0.183562 0.188214 0.204495 0.226411 0.237984 0.224143 0.194585 0.175221 0.180363 0.201328 0.214713 0.208581 0.195521 0.192976 0.205099 0.222066 0.237829 0.244588 0.242236 0.232717 0.222882 0.207845 0.195541 0.181512 0.172386 0.164287 0.159142 0.154828 0.147395 0.144195 0.139054 0.139467 0.137528 0.131591 0.131933 0.126363 0.125565
0.168144 0.176659 0.197075 0.195427 0.184854 0.168668 0.176898 0.191244 0.204217 0.216 0.221516 0.232977 0.239167 0.251524 0.258977 0.262579 0.257865 0.248604 0.233462 0.223764 0.220952 0.23043 0.252066 0.274716 0.277079 0.250271 0.219006 0.208357 0.220017 0.231714 0.226112 0.2006 0.170274 0.149483 0.13785 0.133472 0.130791 0.128809 0.135057 0.159618 0.199621 0.232919 0.245043 0.233724 0.201051 0.172686 0.156198 0.14758 0.145794 0.142624 0.139037 0.136197 0.135415 0.13695 0.139438 0.141994 0.144197 0.149816 0.159449 0.176142 0.195213 0.227539 0.263848 0.283041 0.286559 0.281327 0.313222 0.406987 0.640886 0.942303 0.942303 0.640886 0.406987 0.313222 0.281327 0.286559 0.283041 0.263848 0.227539 0.195213 0.176142 0.159449 0.149816 0.144197 0.141994 0.139438 0.13695 0.135415 0.136197 0.139037 0.142624 0.145794 0.14758 0.156198 0.172686 0.201051 0.233724 0.245043 0.232919 0.199621 0.159618 0.135057 0.128809 0.130791 0.133472 0.13785 0.149483 0.170274 0.2006 0.226112 0.231714 0.220017 0.208357 0.219006 0.250271 0.277079 0.274716 0.252066 0.23043 0.220952 0.223764 0.233462 0.248604 0.257865 0.262579 0.258977 0.251524 0.239167 0.232977 0.221516 0.216 0.204217 0.191244 0.176898 0.168668 0.184854 0.195427 0.197075 0.176659 0.168144
0.202373 0.208754 0.217512 0.215785 0.218988 0.222542 0.228553 0.239736 0.238109 0.24339 0.257166 0.257672 0.249194 0.23606 0.224986 0.200131 0.185663 0.180731 0.176221 0.186557 0.212416 0.234742 0.235842 0.216267 0.19874 0.204401 0.229249 0.249947 0.245007 0.21951 0.192408 0.175811 0.168189 0.167986 0.17036 0.175894 0.184286 0.193265 0.208491 0.22641 0.234042 0.219967 0.192943 0.169799 0.157887 0.15492 0.152123 0.150228 0.149492 0.149072 0.147352 0.145566 0.14449 0.144416 0.147386 0.151692 0.160779 0.180962 0.213134 0.2481 0.26395 0.253599 0.237795 0.2324 0.239862 0.253053 0.29015 0.399848 0.63538 0.942651 0.942651 0.63538 0.399848 0.29015 0.253053 0.239862 0.2324 0.237795 0.253599 0.26395 0.2481 0.213134 0.180962 0.160779 0.151692 0.147386 0.144416 0.14449 0.145566 0.147352 0.149072 0.149492 0.150228 0.152123 0.15492 0.157887 0.169799 0.192943 0.219967 0.234042 0.22641 0.208491 0.193265 0.184286 0.175894 0.17036 0.167986 0.168189 0.175811 0.192408 0.21951 0.245007 0.249947 0.229249 0.204401 0.19874 0.216267 0.235842 0.234742 0.212416 0.186557 0.176221 0.180731 0.185663 0.200131 0.224986 0.23606 0.249194 0.257672 0.257166 0.24339 0.238109 0.239736 0.228553 0.222542 0.218988 0.215785 0.217512 0.208754 0.202373
0.0995316 0.114702 0.133411 0.132626 0.149376 0.169793 0.191752 0.204743 0.215654 0.213255 0.200567 0.179456 0.150776 0.167183 0.192915 0.197362 0.201966 0.219316 0.247695 0.268793 0.264642 0.24031 0.22177 0.227474 0.248061 0.25884 0.245205 0.214367 0.186804 0.17031 0.164912 0.16394 0.165843 0.173421 0.181142 0.191954 0.210879 0.226509 0.227067 0.205924 0.178192 0.161868 0.159983 0.164904 0.169116 0.174006 0.17591 0.176241 0.173028 0.166527 0.168314 0.177542 0.183737 0.187319 0.198973 0.224499 0.257772 0.283939 0.288865 0.277833 0.257675 0.242736 0.237747 0.244328 0.263044 0.283468 0.330749 0.431551 0.646978 0.943765 0.943765 0.646978 0.431551 0.330749 0.283468 0.263044 0.244328 0.237747 0.242736 0.257675 0.277833 0.288865 0.283939 0.257772 0.224499 0.198973 0.187319 0.183737 0.177542 0.168314 0.166527 0.173028 0.176241 0.17591 0.174006 0.169116 0.164904 0.159983 0.161868 0.178192 0.205924 0.227067 0.226509 0.210879 0.191954 0.181142 0.173421 0.165843 0.16394 0.164912 0.17031 0.186804 0.214367 0.245205 0.25884 0.248061 0.227474 0.22177 0.24031 0.264642 0.268793 0.247695 0.219316 0.201966 0.197362 0.192915 0.167183 0.150776 0.179456 0.200567 0.213255 0.215654 0.204743 0.191752 0.169793 0.149376 0.132626 0.133411 0.114702 0.0995316
0.193144 0.212837 0.218192 0.216527 0.209918 0.195338 0.179425 0.156672 0.139607 0.120905 0.111956 0.105489 0.106739 0.112968 0.123133 0.141559 0.168044 0.189193 0.185112 0.162227 0.148433 0.159445 0.183621 0.19691 0.186539 0.16993 0.161365 0.16535 0.176335 0.185948 0.195601 0.205414 0.215432 0.228336 0.241938 0.249566 0.238312 0.206203 0.174007 0.159311 0.155669 0.155194 0.15703 0.15963 0.165077 0.170793 0.180926 0.194112 0.204152 0.212869 0.213005 0.209215 0.214217 0.226162 0.245975 0.259907 0.255369 0.248444 0.246178 0.248338 0.254509 0.263258 0.269047 0.27558 0.292971 0.314447 0.366433 0.461695 0.659459 0.944849 0.944849 0.659459 0.461695 0.366433 0.314447 0.292971 0.27558 0.269047 0.263258 0.254509 0.248338 0.246178 0.248444 0.255369 0.259907 0.245975 0.226162 0.214217 0.209215 0.213005 0.212869 0.204152 0.194112 0.180926 0.170793 0.165077 0.15963 0.15703 0.155194 0.155669 0.159311 0.174007 0.206203 0.238312 0.249566 0.241938 0.228336 0.215432 0.205414 0.195601 0.185948 0.176335 0.16535 0.161365 0.16993 0.186539 0.19691 0.183621 0.159445 0.148433 0.162227 0.185112 0.189193 0.168044 0.141559 0.123133 0.112968 0.106739 0.105489 0.111956 0.120905 0.139607 0.156672 0.179425 0.195338 0.209918 0.216527 0.218192 0.212837 0.193144
0.260322 0.256849 0.243008 0.214926 0.187565 0.165547 0.144308 0.134982 0.126415 0.123289 0.121428 0.124128 0.13539 0.156387 0.186182 0.205887 0.200534 0.177127 0.166417 0.181726 0.206905 0.213996 0.194931 0.165763 0.143945 0.13418 0.132551 0.134499 0.138776 0.1455 0.154886 0.167604 0.183578 0.192284 0.177405 0.142508 0.116964 0.113652 0.122865 0.139432 0.162374 0.182278 0.195743 0.200168 0.19596 0.190215 0.187109 0.187809 0.192376 0.205095 0.228499 0.261806 0.285881 0.287209 0.274263 0.250427 0.231652 0.228917 0.233352 0.246496 0.260839 0.275493 0.287277 0.295892 0.313578 0.331911 0.38057 0.475341 0.667672 0.945945 0.945945 0.667672 0.475341 0.38057 0.331911 0.313578 0.295892 0.287277 0.275493 0.260839 0.246496 0.233352 0.228917 0.231652 0.250427 0.274263 0.287209 0.285881 0.261806 0.228499 0.205095 0.192376 0.187809 0.187109 0.190215 0.19596 0.200168 0.195743 0.182278 0.162374 0.139432 0.122865 0.113652 0.116964 0.142508 0.177405 0.192284 0.183578 0.167604 0.154886 0.1455 0.138776 0.134499 0.132551 0.13418 0.143945 0.165763 0.194931 0.213996 0.206905 0.181726 0.166417 0.177127 0.200534 0.205887 0.186182 0.156387 0.13539 0.124128 0.121428 0.123289 0.126415 0.134982 0.144308 0.165547 0.187565 0.214926 0.243008 0.256849 0.260322
0.192781 0.216297 0.232127 0.228115 0.216578 0.202741 0.184756 0.167193 0.157084 0.151387 0.15349 0.173094 0.199818 0.21859 0.210802 0.186259 0.174253 0.188517 0.210751 0.216207 0.195384 0.161701 0.138231 0.128399 0.127502 0.131403 0.14028 0.149765 0.161887 0.177622 0.194563 0.201134 0.181021 0.146025 0.128791 0.128232 0.130889 0.132946 0.135591 0.137315 0.138814 0.140104 0.142627 0.147173 0.152138 0.159404 0.173292 0.197114 0.231037 0.270174 0.296275 0.300335 0.293998 0.285935 0.291608 0.306916 0.313064 0.316492 0.300611 0.269077 0.25811 0.267225 0.276574 0.290002 0.312601 0.335928 0.381868 0.475182 0.67424 0.94787 0.94787 0.67424 0.475182 0.381868 0.335928 0.312601 0.290002 0.276574 0.267225 0.25811 0.269077 0.300611 0.316492 0.313064 0.306916 0.291608 0.285935 0.293998 0.300335 0.296275 0.270174 0.231037 0.197114 0.173292 0.159404 0.152138 0.147173 0.142627 0.140104 0.138814 0.137315 0.135591 0.132946 0.130889 0.128232 0.128791 0.146025 0.181021 0.201134 0.194563 0.177622 0.161887 0.149765 0.14028 0.131403 0.127502 0.128399 0.138231 0.161701 0.195384 0.216207 0.210751 0.188517 0.174253 0.186259 0.210802 0.21859 0.199818 0.173094 0.15349 0.151387 0.157084 0.167193 0.184756 0.202741 0.216578 0.228115 0.232127 0.216297 0.192781
0.126509 0.143967 0.161598 0.162912 0.179992 0.20057 0.213648 0.219675 0.225128 0.232059 0.245387 0.249944 0.231018 0.193645 0.180904 0.192918 0.215434 0.218773 0.197954 0.168276 0.148802 0.140855 0.140383 0.143169 0.146395 0.150829 0.158662 0.1693 0.18076 0.179751 0.148611 0.108369 0.0955718 0.0950578 0.0946617 0.0974716 0.102721 0.109319 0.117809 0.130958 0.149452 0.166259 0.180313 0.189947 0.199376 0.219342 0.242084 0.263986 0.277552 0.269433 0.248367 0.227653 0.220303 0.226088 0.235796 0.244862 0.251329 0.262105 0.278107 0.289473 0.291418 0.282816 0.277068 0.283506 0.29888 0.321995 0.369005 0.477408 0.692514 0.952234 0.952234 0.692514 0.477408 0.369005 0.321995 0.29888 0.283506 0.277068 0.282816 0.291418 0.289473 0.278107 0.262105 0.251329 0.244862 0.235796 0.226088 0.220303 0.227653 0.248367 0.269433 0.277552 0.263986 0.242084 0.219342 0.199376 0.189947 0.180313 0.166259 0.149452 0.130958 0.117809 0.109319 0.102721 0.0974716 0.0946617 0.0950578 0.0955718 0.108369 0.148611 0.179751 0.18076 0.1693 0.158662 0.150829 0.146395 0.143169 0.140383 0.140855 0.148802 0.168276 0.197954 0.218773 0.215434 0.192918 0.180904 0.193645 0.231018 0.249944 0.245387 0.232059 0.225128 0.219675 0.213648 0.20057 0.179992 0.162912 0.161598 0.143967 0.126509
0.104769 0.116505 0.126115 0.120564 0.12799 0.141776 0.163885 0.202993 0.253302 0.287984 0.284323 0.255326 0.230756 0.229392 0.236205 0.22482 0.188812 0.154555 0.131402 0.12181 0.119743 0.12554 0.129525 0.136911 0.142691 0.153713 0.172992 0.182211 0.154441 0.122688 0.128179 0.137869 0.147536 0.15549 0.160526 0.162552 0.162877 0.162248 0.160863 0.157891 0.156126 0.157529 0.168136 0.191201 0.220585 0.242612 0.24575 0.230421 0.206669 0.190236 0.180902 0.177651 0.182054 0.18818 0.195661 0.20622 0.213203 0.217741 0.227203 0.247847 0.271708 0.289714 0.298524 0.3031 0.309745 0.316933 0.352394 0.452333 0.667279 0.94705 0.94705 0.667279 0.452333 0.352394 0.316933 0.309745 0.3031 0.298524 0.289714 0.271708 0.247847 0.227203 0.217741 0.213203 0.20622 0.195661 0.18818 0.182054 0.177651 0.180902 0.190236 0.206669 0.230421 0.24575 0.242612 0.220585 0.191201 0.168136 0.157529 0.156126 0.157891 0.160863 0.162248 0.162877 0.162552 0.160526 0.15549 0.147536 0.137869 0.128179 0.122688 0.154441 0.182211 0.172992 0.153713 0.142691 0.136911 0.129525 0.12554 0.119743 0.12181 0.131402 0.154555 0.188812 0.22482 0.236205 0.229392 0.230756 0.255326 0.284323 0.287984 0.253302 0.202993 0.163885 0.141776 0.12799 0.120564 0.126115 0.116505 0.104769
0.0977494 0.10679 0.117687 0.120038 0.130887 0.154783 0.185001 0.207762 0.211904 0.199175 0.207607 0.243558 0.291539 0.3046 0.285468 0.245732 0.211355 0.186296 0.174152 0.163124 0.163144 0.166078 0.176533 0.186869 0.20776 0.213944 0.170908 0.141521 0.141768 0.138625 0.142974 0.145692 0.147572 0.149281 0.149959 0.150989 0.153451 0.154354 0.155086 0.16058 0.174728 0.198418 0.224088 0.237289 0.228773 0.204816 0.172856 0.154891 0.16273 0.184902 0.203031 0.20453 0.19854 0.196176 0.197938 0.198017 0.19778 0.20269 0.210565 0.216427 0.220249 0.231275 0.246757 0.26643 0.291952 0.310571 0.351128 0.438156 0.642747 0.941086 0.941086 0.642747 0.438156 0.351128 0.310571 0.291952 0.26643 0.246757 0.231275 0.220249 0.216427 0.210565 0.20269 0.19778 0.198017 0.197938 0.196176 0.19854 0.20453 0.203031 0.184902 0.16273 0.154891 0.172856 0.204816 0.228773 0.237289 0.224088 0.198418 0.174728 0.16058 0.155086 0.154354 0.153451 0.150989 0.149959 0.149281 0.147572 0.145692 0.142974 0.138625 0.141768 0.141521 0.170908 0.213944 0.20776 0.186869 0.176533 0.166078 0.163144 0.163124 0.174152 0.186296 0.211355 0.245732 0.285468 0.3046 0.291539 0.243558 0.207607 0.199175 0.211904 0.207762 0.185001 0.154783 0.130887 0.120038 0.117687 0.10679 0.0977494
0.0991306 0.116797 0.141283 0.16607 0.188022 0.207319 0.206291 0.178004 0.172078 0.193157 0.227584 0.238479 0.233961 0.221921 0.222702 0.244565 0.260742 0.270469 0.269416 0.259456 0.244808 0.237988 0.235402 0.232466 0.18005 0.170484 0.166251 0.16444 0.161629 0.157439 0.148431 0.13635 0.125724 0.11846 0.112411 0.106767 0.103628 0.11468 0.148753 0.199622 0.249728 0.270651 0.261626 0.239902 0.217988 0.198724 0.184924 0.177342 0.17343 0.169285 0.160211 0.153358 0.151343 0.149145 0.147627 0.144883 0.143944 0.150505 0.158698 0.16709 0.172429 0.179821 0.197557 0.220222 0.253703 0.299519 0.366677 0.459958 0.655232 0.941346 0.941346 0.655232 0.459958 0.366677 0.299519 0.253703 0.220222 0.197557 0.179821 0.172429 0.16709 0.158698 0.150505 0.143944 0.144883 0.147627 0.149145 0.151343 0.153358 0.160211 0.169285 0.17343 0.177342 0.184924 0.198724 0.217988 0.239902 0.261626 0.270651 0.249728 0.199622 0.148753 0.11468 0.103628 0.106767 0.112411 0.11846 0.125724 0.13635 0.148431 0.157439 0.161629 0.16444 0.166251 0.170484 0.18005 0.232466 0.235402 0.237988 0.244808 0.259456 0.269416 0.270469 0.260742 0.244565 0.222702 0.221921 0.233961 0.238479 0.227584 0.193157 0.172078 0.178004 0.206291 0.207319 0.188022 0.16607 0.141283 0.116797 0.0991306
0.133851 0.189244 0.242332 0.259875 0.245741 0.214933 0.211022 0.224307 0.2553 0.266175 0.248432 0.215323 0.199402 0.196598 0.197398 0.205955 0.220144 0.234763 0.257939 0.269916 0.272956 0.259902 0.238684 0.210681 0.187342 0.161651 0.148212 0.135918 0.134131 0.138507 0.157554 0.173048 0.188641 0.194481 0.197683 0.200369 0.213383 0.238433 0.254543 0.252868 0.228016 0.193987 0.163266 0.139741 0.123928 0.119366 0.117014 0.11521 0.116026 0.117652 0.122739 0.126446 0.131338 0.136387 0.142936 0.147617 0.150327 0.154777 0.163093 0.169619 0.175273 0.1884 0.198654 0.210694 0.227654 0.258857 0.334938 0.459762 0.663336 0.940748 0.940748 0.663336 0.459762 0.334938 0.258857 0.227654 0.210694 0.198654 0.1884 0.175273 0.169619 0.163093 0.154777 0.150327 0.147617 0.142936 0.136387 0.131338 0.126446 0.122739 0.117652 0.116026 0.11521 0.117014 0.119366 0.123928 0.139741 0.163266 0.193987 0.228016 0.252868 0.254543 0.238433 0.213383 0.200369 0.197683 0.194481 0.188641 0.173048 0.157554 0.138507 0.134131 0.135918 0.148212 0.161651 0.187342 0.210681 0.238684 0.259902 0.272956 0.269916 0.257939 0.234763 0.220144 0.205955 0.197398 0.196598 0.199402 0.215323 0.248432 0.266175 0.2553 0.224307 0.211022 0.214933 0.245741 0.259875 0.242332 0.189244 0.133851
0.277398 0.344967 0.371799 0.324937 0.303926 0.323864 0.348134 0.351929 0.322482 0.284658 0.251319 0.232757 0.222612 0.210413 0.212787 0.243593 0.275178 0.293426 0.286145 0.265353 0.239171 0.247722 0.269693 0.295031 0.314353 0.312287 0.30278 0.290639 0.273102 0.256232 0.244442 0.23365 0.229318 0.24361 0.25923 0.289752 0.305941 0.297582 0.272627 0.23872 0.2183 0.198624 0.193033 0.186599 0.185044 0.183532 0.181778 0.180362 0.18058 0.184305 0.186032 0.184644 0.188556 0.193405 0.197132 0.203546 0.211477 0.224546 0.237536 0.252961 0.267421 0.285376 0.318241 0.35437 0.393602 0.437142 0.482583 0.56595 0.711194 0.947621 0.947621 0.711194 0.56595 0.482583 0.437142 0.393602 0.35437 0.318241 0.285376 0.267421 0.252961 0.237536 0.224546 0.211477 0.203546 0.197132 0.193405 0.188556 0.184644 0.186032 0.184305 0.18058 0.180362 0.181778 0.183532 0.185044 0.186599 0.193033 0.198624 0.2183 0.23872 0.272627 0.297582 0.305941 0.289752 0.25923 0.24361 0.229318 0.23365 0.244442 0.256232 0.273102 0.290639 0.30278 0.312287 0.314353 0.295031 0.269693 0.247722 0.239171 0.265353 0.286145 0.293426 0.275178 0.243593 0.212787 0.210413 0.222612 0.232757 0.251319 0.284658 0.322482 0.351929 0.348134 0.323864 0.303926 0.324937 0.371799 0.344967 0.277398
0.415472 0.424622 0.442397 0.468259 0.484203 0.488038 0.456311 0.42403 0.400657 0.395755 0.398598 0.412836 0.421681 0.429226 0.437269 0.438243 0.438162 0.407675 0.391113 0.413563 0.422393 0.426514 0.431959 0.441755 0.45443 0.461333 0.46081 0.447523 0.425575 0.396158 0.377171 0.366262 0.37109 0.381729 0.392554 0.391528 0.379302 0.362006 0.346877 0.340451 0.338963 0.340066 0.345908 0.351554 0.355683 0.361578 0.368792 0.375996 0.382593 0.388503 0.395042 0.402 0.410293 0.417957 0.427154 0.434584 0.444284 0.454264 0.465357 0.479722 0.494112 0.518301 0.545548 0.564717 0.583325 0.592393 0.605322 0.668539 0.798465 0.964421 0.964421 0.798465 0.668539 0.605322 0.592393 0.583325 0.564717 0.545548 0.518301 0.494112 0.479722 0.465357 0.454264 0.444284 0.434584 0.427154 0.417957 0.410293 0.402 0.395042 0.388503 0.382593 0.375996 0.368792 0.361578 0.355683 0.351554 0.345908 0.340066 0.338963 0.340451 0.346877 0.362006 0.379302 0.391528 0.392554 0.381729 0.37109 0.366262 0.377171 0.396158 0.425575 0.447523 0.46081 0.461333 0.45443 0.441755 0.431959 0.426514 0.422393 0.413563 0.391113 0.407675 0.438162 0.438243 0.437269 0.429226 0.421681 0.412836 0.398598 0.395755 0.400657 0.42403 0.456311 0.488038 0.484203 0.468259 0.442397 0.424622 0.415472
0.364102 0.451252 0.470173 0.440672 0.42706 0.385526 0.34666 0.322021 0.313827 0.321156 0.339056 0.352109 0.362023 0.372905 0.375851 0.379529 0.377887 0.374825 0.371938 0.365376 0.354904 0.35002 0.347384 0.352141 0.364997 0.386299 0.410049 0.441088 0.472584 0.501808 0.529237 0.547306 0.558574 0.54786 0.522137 0.481433 0.450081 0.421351 0.410023 0.41772 0.416061 0.416464 0.416029 0.415749 0.413273 0.412261 0.414471 0.414331 0.41165 0.414001 0.417265 0.419209 0.423738 0.423232 0.426763 0.428813 0.43363 0.434905 0.44019 0.455488 0.46201 0.465849 0.467287 0.446848 0.433742 0.452876 0.497871 0.583429 0.747809 0.956264 0.956264 0.747809 0.583429 0.497871 0.452876 0.433742 0.446848 0.467287 0.465849 0.46201 0.455488 0.44019 0.434905 0.43363 0.428813 0.426763 0.423232 0.423738 0.419209 0.417265 0.414001 0.41165 0.414331 0.414471 0.412261 0.413273 0.415749 0.416029 0.416464 0.416061 0.41772 0.410023 0.421351 0.450081 0.481433 0.522137 0.54786 0.558574 0.547306 0.529237 0.501808 0.472584 0.441088 0.410049 0.386299 0.364997 0.352141 0.347384 0.35002 0.354904 0.365376 0.371938 0.374825 0.377887 0.379529 0.375851 0.372905 0.362023 0.352109 0.339056 0.321156 0.313827 0.322021 0.34666 0.385526 0.42706 0.440672 0.470173 0.451252 0.364102
0.371217 0.495721 0.527738 0.481832 0.451366 0.405463 0.380763 0.380701 0.383158 0.370144 0.358413 0.359135 0.368117 0.341927 0.301482 0.27866 0.282671 0.292564 0.303133 0.31003 0.313852 0.316088 0.320027 0.322644 0.325572 0.3258 0.329827 0.349188 0.386416 0.43173 0.475685 0.490394 0.476762 0.444014 0.403807 0.376709 0.351819 0.337022 0.325107 0.313541 0.302582 0.296421 0.292868 0.291625 0.29413 0.29683 0.296198 0.299826 0.301072 0.302962 0.304018 0.299915 0.302147 0.303811 0.303796 0.312335 0.32108 0.327957 0.340126 0.355706 0.361835 0.359031 0.351273 0.363869 0.397141 0.419672 0.484881 0.553901 0.725865 0.952325 0.952325 0.725865 0.553901 0.484881 0.419672 0.397141 0.363869 0.351273 0.359031 0.361835 0.355706 0.340126 0.327957 0.32108 0.312335 0.303796 0.303811 0.302147 0.299915 0.304018 0.302962 0.301072 0.299826 0.296198 0.29683 0.29413 0.291625 0.292868 0.296421 0.302582 0.313541 0.325107 0.337022 0.351819 0.376709 0.403807 0.444014 0.476762 0.490394 0.475685 0.43173 0.386416 0.349188 0.329827 0.3258 0.325572 0.322644 0.320027 0.316088 0.313852 0.31003 0.303133 0.292564 0.282671 0.27866 0.301482 0.341927 0.368117 0.359135 0.358413 0.370144 0.383158 0.380701 0.380763 0.405463 0.451366 0.481832 0.527738 0.495721 0.371217
0.441422 0.474705 0.498275 0.507107 0.534497 0.543218 0.495212 0.447659 0.425069 0.411188 0.408866 0.410235 0.397971 0.38542 0.377017 0.368828 0.35467 0.342161 0.314217 0.280175 0.249769 0.228563 0.205794 0.191856 0.191075 0.199301 0.221588 0.250798 0.273543 0.274117 0.255753 0.241586 0.235661 0.245375 0.255628 0.257979 0.25063 0.234634 0.211673 0.197208 0.186955 0.179749 0.172668 0.164523 0.165689 0.169675 0.171668 0.17656 0.18237 0.191367 0.198825 0.209875 0.224083 0.234399 0.247183 0.26481 0.295978 0.318168 0.326767 0.345799 0.363246 0.37717 0.401373 0.426887 0.459448 0.494789 0.552932 0.625556 0.76364 0.959194 0.959194 0.76364 0.625556 0.552932 0.494789 0.459448 0.426887 0.401373 0.37717 0.363246 0.345799 0.326767 0.318168 0.295978 0.26481 0.247183 0.234399 0.224083 0.209875 0.198825 0.191367 0.18237 0.17656 0.171668 0.169675 0.165689 0.164523 0.172668 0.179749 0.186955 0.197208 0.211673 0.234634 0.25063 0.257979 0.255628 0.245375 0.235661 0.241586 0.255753 0.274117 0.273543 0.250798 0.221588 0.199301 0.191075 0.191856 0.205794 0.228563 0.249769 0.280175 0.314217 0.342161 0.35467 0.368828 0.377017 0.38542 0.397971 0.410235 0.408866 0.411188 0.425069 0.447659 0.495212 0.543218 0.534497 0.507107 0.498275 0.474705 0.441422
0.30928 0.393431 0.392388 0.342542 0.355265 0.381289 0.384399 0.381122 0.396458 0.38275 0.371599 0.366246 0.360973 0.354846 0.354214 0.350722 0.342685 0.343895 0.342555 0.341433 0.339637 0.335173 0.33062 0.328107 0.327818 0.327735 0.317175 0.29283 0.253107 0.211964 0.184527 0.168783 0.16087 0.169062 0.188499 0.216935 0.238337 0.251055 0.251226 0.24762 0.234112 0.217119 0.199875 0.186597 0.178511 0.173194 0.175096 0.184575 0.203912 0.227487 0.244168 0.256834 0.272741 0.293785 0.314646 0.325488 0.327095 0.324816 0.321719 0.321929 0.318035 0.310169 0.303656 0.316658 0.341692 0.371724 0.422881 0.505344 0.688473 0.948265 0.948265 0.688473 0.505344 0.422881 0.371724 0.341692 0.316658 0.303656 0.310169 0.318035 0.321929 0.321719 0.324816 0.327095 0.325488 0.314646 0.293785 0.272741 0.256834 0.244168 0.227487 0.203912 0.184575 0.175096 0.173194 0.178511 0.186597 0.199875 0.217119 0.234112 0.24762 0.251226 0.251055 0.238337 0.216935 0.188499 0.169062 0.16087 0.168783 0.184527 0.211964 0.253107 0.29283 0.317175 0.327735 0.327818 0.328107 0.33062 0.335173 0.339637 0.341433 0.342555 0.343895 0.342685 0.350722 0.354214 0.354846 0.360973 0.366246 0.371599 0.38275 0.396458 0.381122 0.384399 0.381289 0.355265 0.342542 0.392388 0.393431 0.30928
0.142749 0.209506 0.240336 0.251857 0.228102 0.220443 0.263093 0.320895 0.35983 0.334461 0.285128 0.261281 0.241906 0.220359 0.203044 0.192107 0.190806 0.200608 0.216876 0.23461 0.257388 0.288801 0.329596 0.378758 0.419902 0.432745 0.424552 0.406757 0.383483 0.36098 0.340668 0.322204 0.308517 0.300036 0.294106 0.294608 0.309086 0.318928 0.318078 0.309088 0.30889 0.313998 0.315975 0.311716 0.298749 0.289611 0.276853 0.269957 0.249994 0.245547 0.246542 0.244687 0.245806 0.251649 0.253531 0.221933 0.19076 0.192292 0.199877 0.207035 0.216396 0.224392 0.235905 0.254009 0.277208 0.302063 0.356819 0.44411 0.644767 0.940998 0.940998 0.644767 0.44411 0.356819 0.302063 0.277208 0.254009 0.235905 0.224392 0.216396 0.207035 0.199877 0.192292 0.19076 0.221933 0.253531 0.251649 0.245806 0.244687 0.246542 0.245547 0.249994 0.269957 0.276853 0.289611 0.298749 0.311716 0.315975 0.313998 0.30889 0.309088 0.318078 0.318928 0.309086 0.294608 0.294106 0.300036 0.308517 0.322204 0.340668 0.36098 0.383483 0.406757 0.424552 0.432745 0.419902 0.378758 0.329596 0.288801 0.257388 0.23461 0.216876 0.200608 0.190806 0.192107 0.203044 0.220359 0.241906 0.261281 0.285128 0.334461 0.35983 0.320895 0.263093 0.220443 0.228102 0.251857 0.240336 0.209506 0.142749
0.104214 0.135784 0.168683 0.195383 0.261178 0.284679 0.239512 0.191075 0.18771 0.215513 0.219394 0.195451 0.163685 0.16414 0.17908 0.193562 0.202573 0.211667 0.211219 0.213222 0.232453 0.266882 0.299622 0.310119 0.301255 0.285265 0.279136 0.283315 0.29457 0.312397 0.333766 0.348663 0.361465 0.369432 0.370481 0.362674 0.355689 0.344085 0.33093 0.323742 0.325822 0.331313 0.335349 0.336741 0.333215 0.321135 0.313495 0.297911 0.282828 0.264412 0.257592 0.251522 0.217887 0.206461 0.20518 0.202582 0.194588 0.194975 0.202042 0.20358 0.208636 0.214439 0.224641 0.243031 0.264376 0.290535 0.335014 0.417889 0.631685 0.939561 0.939561 0.631685 0.417889 0.335014 0.290535 0.264376 0.243031 0.224641 0.214439 0.208636 0.20358 0.202042 0.194975 0.194588 0.202582 0.20518 0.206461 0.217887 0.251522 0.257592 0.264412 0.282828 0.297911 0.313495 0.321135 0.333215 0.336741 0.335349 0.331313 0.325822 0.323742 0.33093 0.344085 0.355689 0.362674 0.370481 0.369432 0.361465 0.348663 0.333766 0.312397 0.29457 0.283315 0.279136 0.285265 0.301255 0.310119 0.299622 0.266882 0.232453 0.213222 0.211219 0.211667 0.202573 0.193562 0.17908 0.16414 0.163685 0.195451 0.219394 0.215513 0.18771 0.191075 0.239512 0.284679 0.261178 0.195383 0.168683 0.135784 0.104214
0.117533 0.1665 0.212644 0.214644 0.226487 0.233477 0.243029 0.222943 0.187833 0.166108 0.194038 0.234296 0.234723 0.200632 0.180295 0.1783 0.187576 0.206123 0.237464 0.27553 0.309216 0.317626 0.30029 0.272183 0.23929 0.217695 0.213954 0.22396 0.219216 0.205202 0.193296 0.20241 0.218504 0.236527 0.245029 0.261866 0.281626 0.296246 0.300299 0.305035 0.309527 0.306449 0.31042 0.320407 0.34568 0.372023 0.393396 0.398862 0.394093 0.38259 0.364603 0.334457 0.30028 0.279078 0.277405 0.27422 0.266343 0.265702 0.269128 0.268364 0.259688 0.259868 0.264773 0.268548 0.280303 0.295295 0.340435 0.427385 0.635111 0.936503 0.936503 0.635111 0.427385 0.340435 0.295295 0.280303 0.268548 0.264773 0.259868 0.259688 0.268364 0.269128 0.265702 0.266343 0.27422 0.277405 0.279078 0.30028 0.334457 0.364603 0.38259 0.394093 0.398862 0.393396 0.372023 0.34568 0.320407 0.31042 0.306449 0.309527 0.305035 0.300299 0.296246 0.281626 0.261866 0.245029 0.236527 0.218504 0.20241 0.193296 0.205202 0.219216 0.22396 0.213954 0.217695 0.23929 0.272183 0.30029 0.317626 0.309216 0.27553 0.237464 0.206123 0.187576 0.1783 0.180295 0.200632 0.234723 0.234296 0.194038 0.166108 0.187833 0.222943 0.243029 0.233477 0.226487 0.214644 0.212644 0.1665 0.117533
0.203468 0.25146 0.25725 0.230497 0.203964 0.21096 0.230173 0.269937 0.298139 0.285476 0.253954 0.254363 0.288582 0.308065 0.28034 0.245411 0.239486 0.261756 0.285566 0.289937 0.269156 0.240603 0.21383 0.200152 0.18935 0.185358 0.192048 0.198378 0.193351 0.174915 0.155286 0.139684 0.132432 0.131746 0.135768 0.144366 0.151491 0.161988 0.174588 0.195138 0.208294 0.224636 0.238285 0.252268 0.259116 0.285932 0.294706 0.291626 0.309395 0.314712 0.32661 0.321195 0.313003 0.309504 0.319326 0.316487 0.319736 0.327175 0.339198 0.333523 0.32719 0.32507 0.335431 0.350478 0.363234 0.39058 0.417392 0.493211 0.661768 0.938306 0.938306 0.661768 0.493211 0.417392 0.39058 0.363234 0.350478 0.335431 0.32507 0.32719 0.333523 0.339198 0.327175 0.319736 0.316487 0.319326 0.309504 0.313003 0.321195 0.32661 0.314712 0.309395 0.291626 0.294706 0.285932 0.259116 0.252268 0.238285 0.224636 0.208294 0.195138 0.174588 0.161988 0.151491 0.144366 0.135768 0.131746 0.132432 0.139684 0.155286 0.174915 0.193351 0.198378 0.192048 0.185358 0.18935 0.200152 0.21383 0.240603 0.269156 0.289937 0.285566 0.261756 0.239486 0.245411 0.28034 0.308065 0.288582 0.254363 0.253954 0.285476 0.298139 0.269937 0.230173 0.21096 0.203964 0.230497 0.25725 0.25146 0.203468
0.28917 0.303211 0.30052 0.277715 0.265549 0.255955 0.248914 0.24722 0.26467 0.284019 0.277807 0.238922 0.202071 0.215941 0.259682 0.275907 0.258176 0.238253 0.213622 0.184506 0.158365 0.145116 0.139828 0.141001 0.144724 0.149672 0.153288 0.160854 0.167111 0.175355 0.185208 0.192712 0.195562 0.190598 0.175132 0.154014 0.137061 0.127728 0.125609 0.125614 0.128429 0.126695 0.162393 0.206786 0.209106 0.216336 0.227141 0.243094 0.258894 0.276772 0.294596 0.276954 0.267427 0.277464 0.282796 0.271652 0.275487 0.285146 0.298805 0.302162 0.305385 0.331849 0.361739 0.398025 0.433738 0.465242 0.511016 0.582022 0.740613 0.95747 0.95747 0.740613 0.582022 0.511016 0.465242 0.433738 0.398025 0.361739 0.331849 0.305385 0.302162 0.298805 0.285146 0.275487 0.271652 0.282796 0.277464 0.267427 0.276954 0.294596 0.276772 0.258894 0.243094 0.227141 0.216336 0.209106 0.206786 0.162393 0.126695 0.128429 0.125614 0.125609 0.127728 0.137061 0.154014 0.175132 0.190598 0.195562 0.192712 0.185208 0.175355 0.167111 0.160854 0.153288 0.149672 0.144724 0.141001 0.139828 0.145116 0.158365 0.184506 0.213622 0.238253 0.258176 0.275907 0.259682 0.215941 0.202071 0.238922 0.277807 0.284019 0.26467 0.24722 0.248914 0.255955 0.265549 0.277715 0.30052 0.303211 0.28917
0.268023 0.312226 0.273954 0.235423 0.226908 0.223683 0.212186 0.201737 0.195687 0.202869 0.22531 0.249928 0.245767 0.223036 0.236028 0.284521 0.301058 0.250259 0.178119 0.133355 0.116091 0.110342 0.108842 0.109297 0.111121 0.112937 0.114311 0.119128 0.123133 0.127535 0.132121 0.137917 0.145366 0.155087 0.16439 0.174221 0.181013 0.181318 0.170212 0.163173 0.177417 0.179393 0.164198 0.157879 0.154822 0.16156 0.169279 0.183329 0.192529 0.223862 0.242587 0.276302 0.316483 0.342 0.330806 0.344722 0.330625 0.328239 0.30887 0.324049 0.35063 0.360379 0.371903 0.390429 0.425445 0.445718 0.482788 0.549933 0.707134 0.946339 0.946339 0.707134 0.549933 0.482788 0.445718 0.425445 0.390429 0.371903 0.360379 0.35063 0.324049 0.30887 0.328239 0.330625 0.344722 0.330806 0.342 0.316483 0.276302 0.242587 0.223862 0.192529 0.183329 0.169279 0.16156 0.154822 0.157879 0.164198 0.179393 0.177417 0.163173 0.170212 0.181318 0.181013 0.174221 0.16439 0.155087 0.145366 0.137917 0.132121 0.127535 0.123133 0.119128 0.114311 0.112937 0.111121 0.109297 0.108842 0.110342 0.116091 0.133355 0.178119 0.250259 0.301058 0.284521 0.236028 0.223036 0.245767 0.249928 0.22531 0.202869 0.195687 0.201737 0.212186 0.223683 0.226908 0.235423 0.273954 0.312226 0.268023
0.166341 0.235766 0.267468 0.257922 0.201969 0.170278 0.174733 0.179926 0.19928 0.214482 0.228273 0.258817 0.30743 0.33048 0.299205 0.251852 0.250304 0.279663 0.27131 0.221596 0.179243 0.15835 0.146172 0.138023 0.132054 0.12621 0.122023 0.118801 0.115593 0.112407 0.110907 0.109467 0.107879 0.107348 0.107541 0.112092 0.12187 0.147128 0.184368 0.217559 0.232954 0.238998 0.240791 0.236553 0.227415 0.217383 0.211418 0.21537 0.220042 0.241983 0.264969 0.282375 0.301747 0.332349 0.357601 0.38408 0.394847 0.391023 0.373902 0.35498 0.328018 0.317492 0.31736 0.318417 0.329504 0.346741 0.373066 0.473188 0.648299 0.930568 0.930568 0.648299 0.473188 0.373066 0.346741 0.329504 0.318417 0.31736 0.317492 0.328018 0.35498 0.373902 0.391023 0.394847 0.38408 0.357601 0.332349 0.301747 0.282375 0.264969 0.241983 0.220042 0.21537 0.211418 0.217383 0.227415 0.236553 0.240791 0.238998 0.232954 0.217559 0.184368 0.147128 0.12187 0.112092 0.107541 0.107348 0.107879 0.109467 0.110907 0.112407 0.115593 0.118801 0.122023 0.12621 0.132054 0.138023 0.146172 0.15835 0.179243 0.221596 0.27131 0.279663 0.250304 0.251852 0.299205 0.33048 0.30743 0.258817 0.228273 0.214482 0.19928 0.179926 0.174733 0.170278 0.201969 0.257922 0.267468 0.235766 0.166341
0.101549 0.131028 0.143552 0.172543 0.207893 0.18366 0.141569 0.133739 0.155366 0.19039 0.232539 0.26309 0.277087 0.286823 0.290716 0.264256 0.228622 0.22771 0.26428 0.280991 0.248393 0.208133 0.188327 0.182141 0.177327 0.170687 0.163419 0.155069 0.146158 0.137316 0.132268 0.127886 0.125385 0.12712 0.134573 0.153001 0.183487 0.209607 0.218567 0.224197 0.232833 0.244048 0.257152 0.280895 0.308639 0.33216 0.347217 0.359128 0.359638 0.354493 0.348585 0.334653 0.298767 0.275537 0.264671 0.283959 0.28201 0.300586 0.304855 0.350109 0.341044 0.313471 0.300718 0.29508 0.299889 0.309725 0.353725 0.450819 0.636266 0.933186 0.933186 0.636266 0.450819 0.353725 0.309725 0.299889 0.29508 0.300718 0.313471 0.341044 0.350109 0.304855 0.300586 0.28201 0.283959 0.264671 0.275537 0.298767 0.334653 0.348585 0.354493 0.359638 0.359128 0.347217 0.33216 0.308639 0.280895 0.257152 0.244048 0.232833 0.224197 0.218567 0.209607 0.183487 0.153001 0.134573 0.12712 0.125385 0.127886 0.132268 0.137316 0.146158 0.155069 0.163419 0.170687 0.177327 0.182141 0.188327 0.208133 0.248393 0.280991 0.26428 0.22771 0.228622 0.264256 0.290716 0.286823 0.277087 0.26309 0.232539 0.19039 0.155366 0.133739 0.141569 0.18366 0.207893 0.172543 0.143552 0.131028 0.101549
0.0882844 0.105878 0.119628 0.118395 0.137914 0.211672 0.224187 0.182946 0.182073 0.198579 0.211238 0.198242 0.175267 0.161827 0.184708 0.218834 0.232267 0.205649 0.185317 0.211095 0.254465 0.254128 0.217308 0.192548 0.185217 0.185577 0.190425 0.195318 0.197731 0.198524 0.200322 0.204911 0.211148 0.22704 0.252739 0.276679 0.289291 0.294209 0.297118 0.299051 0.30252 0.306303 0.30714 0.305827 0.305629 0.293029 0.264281 0.250707 0.256511 0.270317 0.281462 0.285567 0.277449 0.250863 0.246301 0.237714 0.222072 0.222107 0.237618 0.241866 0.246694 0.258516 0.292192 0.333798 0.362767 0.365443 0.394123 0.463994 0.649965 0.93916 0.93916 0.649965 0.463994 0.394123 0.365443 0.362767 0.333798 0.292192 0.258516 0.246694 0.241866 0.237618 0.222107 0.222072 0.237714 0.246301 0.250863 0.277449 0.285567 0.281462 0.270317 0.256511 0.250707 0.264281 0.293029 0.305629 0.305827 0.30714 0.306303 0.30252 0.299051 0.297118 0.294209 0.289291 0.276679 0.252739 0.22704 0.211148 0.204911 0.200322 0.198524 0.197731 0.195318 0.190425 0.185577 0.185217 0.192548 0.217308 0.254128 0.254465 0.211095 0.185317 0.205649 0.232267 0.218834 0.184708 0.161827 0.175267 0.198242 0.211238 0.198579 0.182073 0.182946 0.224187 0.211672 0.137914 0.118395 0.119628 0.105878 0.0882844
