1 1 1 1 1 1 1 1 1 1 1 1 1 1 0.999999 0.999999 0.999999 0.999999 0.999999 0.999999 0.999999 0.999999 0.999999 0.999999 0.999999 0.999999 0.999999 0.999999 0.999998 0.999998 0.999998 0.999998 0.999998 0.999998 0.999998 0.999998 0.999998 0.999998 0.999998 0.999997 0.999997 0.999997 0.999997 0.999997 0.999997 0.999997 0.999997 0.999997 0.999997 0.999997 0.999997 0.999997 0.999997 0.999996 0.999996 0.999996 0.999996 0.999996 0.999996 0.999996 0.999996 0.999996 0.999996 0.999996 0.999996 0.999996 0.999996 0.999996 0.999996 0.999996 0.999996 0.999996 0.999996 0.999996 0.999996 0.999996 0.999996 0.999996 0.999996 0.999996 0.999996 0.999996 0.999996 0.999996 0.999996 0.999996 0.999996 0.999997 0.999997 0.999997 0.999997 0.999997 0.999997 0.999997 0.999997 0.999997 0.999997 0.999997 0.999997 0.999997 0.999997 0.999998 0.999998 0.999998 0.999998 0.999998 0.999998 0.999998 0.999998 0.999998 0.999998 0.999998 0.999999 0.999999 0.999999 0.999999 0.999999 0.999999 0.999999 0.999999 0.999999 0.999999 0.999999 0.999999 0.999999 0.999999 1 1 1 1 1 1 1 1 1 1 1 1 1 1
0.999622 0.999604 0.999541 0.999434 0.999284 0.99909 0.998854 0.998574 0.998253 0.997891 0.997488 0.997046 0.996564 0.996045 0.995489 0.994898 0.994272 0.993613 0.992922 0.992201 0.991452 0.990674 0.989872 0.989045 0.988195 0.987325 0.986436 0.985531 0.984609 0.983675 0.982729 0.981774 0.980811 0.979843 0.978871 0.977898 0.976925 0.975954 0.974988 0.974028 0.973077 0.972136 0.971207 0.970292 0.969393 0.968512 0.967651 0.966811 0.965994 0.965202 0.964437 0.963699 0.962991 0.962314 0.961669 0.961058 0.960482 0.959942 0.959439 0.958974 0.958548 0.958163 0.957818 0.957515 0.957254 0.957035 0.95686 0.956728 0.95664 0.956596 0.956596 0.95664 0.956728 0.95686 0.957035 0.957254 0.957515 0.957818 0.958163 0.958548 0.958974 0.959439 0.959942 0.960482 0.961058 0.961669 0.962314 0.962991 0.963699 0.964437 0.965202 0.965994 0.966811 0.967651 0.968512 0.969393 0.970292 0.971207 0.972136 0.973077 0.974028 0.974988 0.975954 0.976925 0.977898 0.978871 0.979843 0.980811 0.981774 0.982729 0.983675 0.984609 0.985531 0.986436 0.987325 0.988195 0.989045 0.989872 0.990674 0.991452 0.992201 0.992922 0.993613 0.994272 0.994898 0.995489 0.996045 0.996564 0.997046 0.997488 0.997891 0.998253 0.998574 0.998854 0.99909 0.999284 0.999434 0.999541 0.999604 0.999622
0.998923 0.998893 0.99878 0.998582 0.998302 0.997938 0.997493 0.996966 0.996359 0.995674 0.994911 0.994072 0.993159 0.992173 0.991118 0.989994 0.988804 0.987551 0.986237 0.984866 0.983438 0.981958 0.980429 0.978854 0.977235 0.975577 0.973883 0.972155 0.970399 0.968616 0.966812 0.964989 0.963151 0.961303 0.959448 0.957589 0.955731 0.953878 0.952032 0.950199 0.948381 0.946583 0.944808 0.943059 0.941341 0.939658 0.938011 0.936405 0.934843 0.933329 0.931865 0.930455 0.9291 0.927805 0.926572 0.925403 0.9243 0.923267 0.922304 0.921415 0.920601 0.919863 0.919203 0.918623 0.918123 0.917706 0.91737 0.917118 0.91695 0.916866 0.916866 0.91695 0.917118 0.91737 0.917706 0.918123 0.918623 0.919203 0.919863 0.920601 0.921415 0.922304 0.923267 0.9243 0.925403 0.926572 0.927805 0.9291 0.930455 0.931865 0.933329 0.934843 0.936405 0.938011 0.939658 0.941341 0.943059 0.944808 0.946583 0.948381 0.950199 0.952032 0.953878 0.955731 0.957589 0.959448 0.961303 0.963151 0.964989 0.966812 0.968616 0.970399 0.972155 0.973883 0.975577 0.977235 0.978854 0.980429 0.981958 0.983438 0.984866 0.986237 0.987551 0.988804 0.989994 0.991118 0.992173 0.993159 0.994072 0.994911 0.995674 0.996359 0.996966 0.997493 0.997938 0.998302 0.998582 0.99878 0.998893 0.998923
0.998095 0.997939 0.997578 0.99702 0.996269 0.995336 0.994229 0.992959 0.991538 0.989978 0.988292 0.986493 0.984593 0.982605 0.980543 0.978418 0.976241 0.974024 0.971775 0.969503 0.967216 0.964918 0.962616 0.960311 0.958006 0.955703 0.953399 0.951093 0.948783 0.946464 0.944133 0.941783 0.93941 0.937007 0.934568 0.932088 0.929562 0.926983 0.924348 0.921654 0.918898 0.916079 0.913198 0.910256 0.907257 0.904205 0.901106 0.897969 0.894804 0.89162 0.888432 0.885252 0.882096 0.878979 0.87592 0.872934 0.870041 0.867258 0.864603 0.862095 0.859751 0.857588 0.855622 0.853867 0.852336 0.851042 0.849994 0.8492 0.848668 0.848401 0.848401 0.848668 0.8492 0.849994 0.851042 0.852336 0.853867 0.855622 0.857588 0.859751 0.862095 0.864603 0.867258 0.870041 0.872934 0.87592 0.878979 0.882096 0.885252 0.888432 0.89162 0.894804 0.897969 0.901106 0.904205 0.907257 0.910256 0.913198 0.916079 0.918898 0.921654 0.924348 0.926983 0.929562 0.932088 0.934568 0.937007 0.93941 0.941783 0.944133 0.946464 0.948783 0.951093 0.953399 0.955703 0.958006 0.960311 0.962616 0.964918 0.967216 0.969503 0.971775 0.974024 0.976241 0.978418 0.980543 0.982605 0.984593 0.986493 0.988292 0.989978 0.991538 0.992959 0.994229 0.995336 0.996269 0.99702 0.997578 0.997939 0.998095
0.996331 0.995475 0.99403 0.99202 0.989476 0.986435 0.982941 0.979039 0.974782 0.970223 0.965417 0.960423 0.955298 0.950098 0.94488 0.939695 0.934595 0.929625 0.924827 0.920237 0.915885 0.911797 0.907991 0.904478 0.901263 0.898345 0.895717 0.893364 0.891267 0.889401 0.887736 0.88624 0.884876 0.883603 0.882383 0.881172 0.879929 0.878613 0.877185 0.875609 0.873851 0.871882 0.869677 0.867215 0.864484 0.861475 0.858185 0.854619 0.850787 0.846707 0.842401 0.837896 0.833228 0.828434 0.823557 0.818643 0.813742 0.808902 0.804178 0.799621 0.795282 0.791212 0.787459 0.784067 0.781078 0.778528 0.776449 0.774867 0.773801 0.773264 0.773264 0.773801 0.774867 0.776449 0.778528 0.781078 0.784067 0.787459 0.791212 0.795282 0.799621 0.804178 0.808902 0.813742 0.818643 0.823557 0.828434 0.833228 0.837896 0.842401 0.846707 0.850787 0.854619 0.858185 0.861475 0.864484 0.867215 0.869677 0.871882 0.873851 0.875609 0.877185 0.878613 0.879929 0.881172 0.882383 0.883603 0.884876 0.88624 0.887736 0.889401 0.891267 0.893364 0.895717 0.898345 0.901263 0.904478 0.907991 0.911797 0.915885 0.920237 0.924827 0.929625 0.934595 0.939695 0.94488 0.950098 0.955298 0.960423 0.965417 0.970223 0.974782 0.979039 0.982941 0.986435 0.989476 0.99202 0.99403 0.995475 0.996331
0.99556 0.994527 0.992706 0.990129 0.986838 0.982882 0.978318 0.97321 0.967626 0.961637 0.955317 0.948745 0.941995 0.935143 0.928263 0.921426 0.914696 0.908136 0.9018 0.895737 0.889987 0.884584 0.879552 0.874908 0.87066 0.866809 0.863344 0.860251 0.857506 0.855077 0.852927 0.851015 0.849292 0.847708 0.846209 0.844739 0.843242 0.84166 0.839941 0.83803 0.83588 0.833447 0.830691 0.82758 0.82409 0.820202 0.815908 0.811207 0.806109 0.800631 0.794801 0.788654 0.782236 0.775597 0.768798 0.761903 0.754985 0.748118 0.741378 0.734846 0.7286 0.722718 0.717274 0.71234 0.707979 0.70425 0.701204 0.698883 0.697317 0.696528 0.696528 0.697317 0.698883 0.701204 0.70425 0.707979 0.71234 0.717274 0.722718 0.7286 0.734846 0.741378 0.748118 0.754985 0.761903 0.768798 0.775597 0.782236 0.788654 0.794801 0.800631 0.806109 0.811207 0.815908 0.820202 0.82409 0.82758 0.830691 0.833447 0.83588 0.83803 0.839941 0.84166 0.843242 0.844739 0.846209 0.847708 0.849292 0.851015 0.852927 0.855077 0.857506 0.860251 0.863344 0.866809 0.87066 0.874908 0.879552 0.884584 0.889987 0.895737 0.9018 0.908136 0.914696 0.921426 0.928263 0.935143 0.941995 0.948745 0.955317 0.961637 0.967626 0.97321 0.978318 0.982882 0.986838 0.990129 0.992706 0.994527 0.99556
0.993761 0.991649 0.988167 0.983432 0.977584 0.970782 0.963197 0.955008 0.946393 0.937526 0.928571 0.919673 0.91096 0.902536 0.894479 0.886845 0.879659 0.872927 0.866629 0.860729 0.855174 0.849901 0.844841 0.839922 0.835074 0.830235 0.82535 0.820378 0.815291 0.810075 0.804731 0.799274 0.793731 0.788138 0.782538 0.776978 0.771505 0.766161 0.760984 0.756001 0.751228 0.746667 0.742306 0.738122 0.734075 0.730116 0.726186 0.72222 0.718152 0.713916 0.709452 0.70471 0.69965 0.694251 0.688509 0.68244 0.67608 0.669487 0.662738 0.655928 0.649167 0.642575 0.63628 0.630412 0.6251 0.620463 0.616611 0.613636 0.61161 0.610584 0.610584 0.61161 0.613636 0.616611 0.620463 0.6251 0.630412 0.63628 0.642575 0.649167 0.655928 0.662738 0.669487 0.67608 0.68244 0.688509 0.694251 0.69965 0.70471 0.709452 0.713916 0.718152 0.72222 0.726186 0.730116 0.734075 0.738122 0.742306 0.746667 0.751228 0.756001 0.760984 0.766161 0.771505 0.776978 0.782538 0.788138 0.793731 0.799274 0.804731 0.810075 0.815291 0.820378 0.82535 0.830235 0.835074 0.839922 0.844841 0.849901 0.855174 0.860729 0.866629 0.872927 0.879659 0.886845 0.894479 0.902536 0.91096 0.919673 0.928571 0.937526 0.946393 0.955008 0.963197 0.970782 0.977584 0.983432 0.988167 0.991649 0.993761
0.991631 0.988996 0.984718 0.978948 0.971865 0.963673 0.95459 0.94484 0.934646 0.92422 0.913757 0.903429 0.89338 0.883722 0.874532 0.865854 0.857697 0.85004 0.842837 0.836016 0.829494 0.823174 0.816957 0.810749 0.804463 0.798025 0.791383 0.784503 0.777375 0.770015 0.762457 0.75476 0.746997 0.739253 0.731624 0.724204 0.717085 0.71035 0.704067 0.698285 0.69303 0.688306 0.684088 0.680328 0.676954 0.673872 0.670975 0.66814 0.665241 0.662154 0.658759 0.654951 0.650647 0.645784 0.640331 0.634288 0.627687 0.620594 0.613107 0.605351 0.597478 0.589657 0.582071 0.574906 0.568349 0.562577 0.557747 0.553998 0.551436 0.550136 0.550136 0.551436 0.553998 0.557747 0.562577 0.568349 0.574906 0.582071 0.589657 0.597478 0.605351 0.613107 0.620594 0.627687 0.634288 0.640331 0.645784 0.650647 0.654951 0.658759 0.662154 0.665241 0.66814 0.670975 0.673872 0.676954 0.680328 0.684088 0.688306 0.69303 0.698285 0.704067 0.71035 0.717085 0.724204 0.731624 0.739253 0.746997 0.75476 0.762457 0.770015 0.777375 0.784503 0.791383 0.798025 0.804463 0.810749 0.816957 0.823174 0.829494 0.836016 0.842837 0.85004 0.857697 0.865854 0.874532 0.883722 0.89338 0.903429 0.913757 0.92422 0.934646 0.94484 0.95459 0.963673 0.971865 0.978948 0.984718 0.988996 0.991631
0.988473 0.985181 0.97985 0.972674 0.963884 0.953732 0.942486 0.930413 0.917775 0.904811 0.891739 0.878748 0.865991 0.85359 0.841636 0.830189 0.819283 0.808932 0.79913 0.789862 0.781099 0.77281 0.764956 0.757498 0.750392 0.743595 0.737058 0.730733 0.724569 0.718513 0.712515 0.706524 0.700496 0.694394 0.688189 0.681868 0.675429 0.668885 0.662265 0.655611 0.648975 0.642414 0.635989 0.629755 0.623758 0.61803 0.612583 0.607409 0.602473 0.597721 0.593077 0.588452 0.583748 0.578865 0.573713 0.568218 0.562332 0.556039 0.549359 0.542355 0.535126 0.527811 0.52058 0.513624 0.50715 0.501363 0.49646 0.492615 0.489969 0.48862 0.48862 0.489969 0.492615 0.49646 0.501363 0.50715 0.513624 0.52058 0.527811 0.535126 0.542355 0.549359 0.556039 0.562332 0.568218 0.573713 0.578865 0.583748 0.588452 0.593077 0.597721 0.602473 0.607409 0.612583 0.61803 0.623758 0.629755 0.635989 0.642414 0.648975 0.655611 0.662265 0.668885 0.675429 0.681868 0.688189 0.694394 0.700496 0.706524 0.712515 0.718513 0.724569 0.730733 0.737058 0.743595 0.750392 0.757498 0.764956 0.77281 0.781099 0.789862 0.79913 0.808932 0.819283 0.830189 0.841636 0.85359 0.865991 0.878748 0.891739 0.904811 0.917775 0.930413 0.942486 0.953732 0.963884 0.972674 0.97985 0.985181 0.988473
0.987127 0.983408 0.976898 0.967942 0.956944 0.944337 0.930562 0.916041 0.901156 0.886228 0.871514 0.857193 0.843371 0.830089 0.81733 0.805036 0.793124 0.781504 0.770092 0.758827 0.747674 0.736636 0.725751 0.715089 0.704741 0.694817 0.685425 0.676662 0.668607 0.661304 0.65476 0.648943 0.643779 0.639163 0.634961 0.631022 0.627193 0.623326 0.619295 0.614998 0.61037 0.60538 0.600035 0.594373 0.58846 0.582373 0.576198 0.570015 0.563888 0.557861 0.551949 0.54614 0.540396 0.534655 0.528846 0.522895 0.516734 0.51032 0.503634 0.4967 0.489581 0.482384 0.475254 0.46837 0.461932 0.456151 0.451231 0.447357 0.444684 0.443319 0.443319 0.444684 0.447357 0.451231 0.456151 0.461932 0.46837 0.475254 0.482384 0.489581 0.4967 0.503634 0.51032 0.516734 0.522895 0.528846 0.534655 0.540396 0.54614 0.551949 0.557861 0.563888 0.570015 0.576198 0.582373 0.58846 0.594373 0.600035 0.60538 0.61037 0.614998 0.619295 0.623326 0.627193 0.631022 0.634961 0.639163 0.643779 0.648943 0.65476 0.661304 0.668607 0.676662 0.685425 0.694817 0.704741 0.715089 0.725751 0.736636 0.747674 0.758827 0.770092 0.781504 0.793124 0.805036 0.81733 0.830089 0.843371 0.857193 0.871514 0.886228 0.901156 0.916041 0.930562 0.944337 0.956944 0.967942 0.976898 0.983408 0.987127
0.985876 0.981872 0.974729 0.964839 0.952655 0.938666 0.923359 0.907193 0.890577 0.87385 0.857271 0.841022 0.825205 0.80986 0.794977 0.780515 0.766419 0.752637 0.739134 0.7259 0.712956 0.700351 0.68816 0.67647 0.665376 0.654961 0.645292 0.636403 0.628294 0.620923 0.614211 0.608043 0.602278 0.596759 0.591325 0.585827 0.580135 0.574152 0.56782 0.561125 0.554096 0.5468 0.539336 0.531824 0.524394 0.517168 0.510251 0.50372 0.497609 0.49191 0.48657 0.48149 0.476539 0.471561 0.466391 0.460871 0.454868 0.448286 0.441087 0.433292 0.424991 0.41634 0.407559 0.398912 0.390701 0.383238 0.376829 0.371751 0.36823 0.366427 0.366427 0.36823 0.371751 0.376829 0.383238 0.390701 0.398912 0.407559 0.41634 0.424991 0.433292 0.441087 0.448286 0.454868 0.460871 0.466391 0.471561 0.476539 0.48149 0.48657 0.49191 0.497609 0.50372 0.510251 0.517168 0.524394 0.531824 0.539336 0.5468 0.554096 0.561125 0.56782 0.574152 0.580135 0.585827 0.591325 0.596759 0.602278 0.608043 0.614211 0.620923 0.628294 0.636403 0.645292 0.654961 0.665376 0.67647 0.68816 0.700351 0.712956 0.7259 0.739134 0.752637 0.766419 0.780515 0.794977 0.80986 0.825205 0.841022 0.857271 0.87385 0.890577 0.907193 0.923359 0.938666 0.952655 0.964839 0.974729 0.981872 0.985876
0.984335 0.979957 0.971861 0.960478 0.946309 0.92989 0.911759 0.892423 0.87234 0.851901 0.831428 0.811177 0.791343 0.772076 0.753489 0.735669 0.718686 0.702596 0.687437 0.67323 0.659972 0.64763 0.63614 0.625409 0.615317 0.605727 0.596497 0.587498 0.578619 0.569787 0.560971 0.552185 0.543486 0.534963 0.526725 0.518888 0.511554 0.5048 0.498666 0.49315 0.48821 0.483764 0.479707 0.475921 0.472287 0.468702 0.465083 0.461374 0.457545 0.453584 0.449492 0.445268 0.440901 0.436362 0.431599 0.426542 0.421112 0.41523 0.408837 0.401912 0.394486 0.386655 0.378585 0.370507 0.362709 0.355512 0.349247 0.344229 0.34072 0.338916 0.338916 0.34072 0.344229 0.349247 0.355512 0.362709 0.370507 0.378585 0.386655 0.394486 0.401912 0.408837 0.41523 0.421112 0.426542 0.431599 0.436362 0.440901 0.445268 0.449492 0.453584 0.457545 0.461374 0.465083 0.468702 0.472287 0.475921 0.479707 0.483764 0.48821 0.49315 0.498666 0.5048 0.511554 0.518888 0.526725 0.534963 0.543486 0.552185 0.560971 0.569787 0.578619 0.587498 0.596497 0.605727 0.615317 0.625409 0.63614 0.64763 0.659972 0.67323 0.687437 0.702596 0.718686 0.735669 0.753489 0.772076 0.791343 0.811177 0.831428 0.851901 0.87234 0.892423 0.911759 0.92989 0.946309 0.960478 0.971861 0.979957 0.984335
0.982365 0.976695 0.966709 0.953072 0.936532 0.917854 0.89776 0.876882 0.855725 0.834656 0.813909 0.793599 0.773754 0.754354 0.735361 0.716753 0.698545 0.6808 0.663624 0.647155 0.631544 0.616928 0.603408 0.591029 0.579771 0.569546 0.560205 0.551561 0.543403 0.535532 0.527777 0.520022 0.512213 0.504361 0.496541 0.488871 0.481494 0.474557 0.468185 0.462463 0.457428 0.453058 0.449283 0.445988 0.443034 0.440274 0.437567 0.434793 0.431863 0.428714 0.425313 0.421641 0.417689 0.413441 0.40887 0.403936 0.398587 0.392768 0.386436 0.379579 0.372229 0.364478 0.356484 0.348472 0.340725 0.333562 0.327316 0.322303 0.318796 0.31699 0.31699 0.318796 0.322303 0.327316 0.333562 0.340725 0.348472 0.356484 0.364478 0.372229 0.379579 0.386436 0.392768 0.398587 0.403936 0.40887 0.413441 0.417689 0.421641 0.425313 0.428714 0.431863 0.434793 0.437567 0.440274 0.443034 0.445988 0.449283 0.453058 0.457428 0.462463 0.468185 0.474557 0.481494 0.488871 0.496541 0.504361 0.512213 0.520022 0.527777 0.535532 0.543403 0.551561 0.560205 0.569546 0.579771 0.591029 0.603408 0.616928 0.631544 0.647155 0.663624 0.6808 0.698545 0.716753 0.735361 0.754354 0.773754 0.793599 0.813909 0.834656 0.855725 0.876882 0.89776 0.917854 0.936532 0.953072 0.966709 0.976695 0.982365
0.981216 0.975233 0.964117 0.948623 0.92962 0.908015 0.884682 0.860408 0.835851 0.811524 0.787791 0.764884 0.742923 0.721946 0.701938 0.682854 0.664636 0.647228 0.630577 0.614641 0.599382 0.584769 0.570773 0.557371 0.544543 0.53227 0.520541 0.509344 0.498673 0.488517 0.478866 0.469705 0.461017 0.452785 0.444991 0.437627 0.430691 0.424191 0.418147 0.412582 0.40752 0.402977 0.398954 0.395433 0.392369 0.389694 0.38732 0.385145 0.383056 0.380945 0.378706 0.376243 0.373471 0.370311 0.366689 0.362538 0.357792 0.352402 0.346333 0.339587 0.332213 0.32432 0.316086 0.307758 0.299645 0.292098 0.285485 0.280158 0.27642 0.274493 0.274493 0.27642 0.280158 0.285485 0.292098 0.299645 0.307758 0.316086 0.32432 0.332213 0.339587 0.346333 0.352402 0.357792 0.362538 0.366689 0.370311 0.373471 0.376243 0.378706 0.380945 0.383056 0.385145 0.38732 0.389694 0.392369 0.395433 0.398954 0.402977 0.40752 0.412582 0.418147 0.424191 0.430691 0.437627 0.444991 0.452785 0.461017 0.469705 0.478866 0.488517 0.498673 0.509344 0.520541 0.53227 0.544543 0.557371 0.570773 0.584769 0.599382 0.614641 0.630577 0.647228 0.664636 0.682854 0.701938 0.721946 0.742923 0.764884 0.787791 0.811524 0.835851 0.860408 0.884682 0.908015 0.92962 0.948623 0.964117 0.975233 0.981216
0.98026 0.973824 0.961515 0.944149 0.922679 0.898117 0.871459 0.843623 0.815411 0.787484 0.760358 0.734408 0.709884 0.686925 0.665576 0.6458 0.62749 0.610485 0.594577 0.579536 0.565126 0.551133 0.537385 0.523779 0.510287 0.496962 0.483929 0.471363 0.45946 0.448406 0.438344 0.429357 0.421449 0.414553 0.408539 0.403239 0.398476 0.394087 0.389945 0.38597 0.382131 0.378435 0.374911 0.371594 0.368505 0.365643 0.362979 0.360462 0.358026 0.3556 0.353122 0.350539 0.347812 0.344903 0.341768 0.338349 0.334564 0.33031 0.325477 0.319968 0.313723 0.306755 0.29917 0.291182 0.283111 0.275365 0.2684 0.262677 0.258603 0.256485 0.256485 0.258603 0.262677 0.2684 0.275365 0.283111 0.291182 0.29917 0.306755 0.313723 0.319968 0.325477 0.33031 0.334564 0.338349 0.341768 0.344903 0.347812 0.350539 0.353122 0.3556 0.358026 0.360462 0.362979 0.365643 0.368505 0.371594 0.374911 0.378435 0.382131 0.38597 0.389945 0.394087 0.398476 0.403239 0.408539 0.414553 0.421449 0.429357 0.438344 0.448406 0.45946 0.471363 0.483929 0.496962 0.510287 0.523779 0.537385 0.551133 0.565126 0.579536 0.594577 0.610485 0.62749 0.6458 0.665576 0.686925 0.709884 0.734408 0.760358 0.787484 0.815411 0.843623 0.871459 0.898117 0.922679 0.944149 0.961515 0.973824 0.98026
0.979498 0.972581 0.959198 0.940359 0.917209 0.890919 0.862593 0.833199 0.803535 0.774227 0.745743 0.718419 0.692493 0.668125 0.645411 0.624386 0.605019 0.58721 0.570787 0.555518 0.541135 0.527359 0.513942 0.500698 0.487532 0.474453 0.46157 0.449068 0.437181 0.426146 0.416165 0.407367 0.399792 0.39338 0.387982 0.383385 0.379339 0.375596 0.371937 0.368196 0.364272 0.360135 0.355811 0.351373 0.346921 0.342562 0.338398 0.334516 0.330979 0.327825 0.325063 0.322674 0.320608 0.318777 0.317055 0.315277 0.313248 0.310751 0.307573 0.303534 0.298518 0.292509 0.285609 0.278051 0.270196 0.262504 0.255488 0.249667 0.245498 0.243322 0.243322 0.245498 0.249667 0.255488 0.262504 0.270196 0.278051 0.285609 0.292509 0.298518 0.303534 0.307573 0.310751 0.313248 0.315277 0.317055 0.318777 0.320608 0.322674 0.325063 0.327825 0.330979 0.334516 0.338398 0.342562 0.346921 0.351373 0.355811 0.360135 0.364272 0.368196 0.371937 0.375596 0.379339 0.383385 0.387982 0.39338 0.399792 0.407367 0.416165 0.426146 0.437181 0.449068 0.46157 0.474453 0.487532 0.500698 0.513942 0.527359 0.541135 0.555518 0.570787 0.58721 0.605019 0.624386 0.645411 0.668125 0.692493 0.718419 0.745743 0.774227 0.803535 0.833199 0.862593 0.890919 0.917209 0.940359 0.959198 0.972581 0.979498
0.978812 0.971312 0.956294 0.934995 0.908837 0.879272 0.847651 0.815134 0.78263 0.750793 0.720043 0.690616 0.662619 0.636083 0.611008 0.587393 0.565251 0.544605 0.525485 0.50791 0.491879 0.47735 0.464238 0.452408 0.441684 0.431859 0.422711 0.414032 0.405649 0.397445 0.38937 0.381448 0.373763 0.36644 0.359612 0.353395 0.347855 0.342997 0.338763 0.335039 0.331682 0.328548 0.325519 0.322521 0.319539 0.316606 0.313793 0.311188 0.308871 0.306895 0.305274 0.303979 0.302936 0.302035 0.301133 0.300067 0.298654 0.296709 0.294051 0.290528 0.28604 0.280565 0.274188 0.267117 0.259685 0.252332 0.245567 0.239914 0.235843 0.233711 0.233711 0.235843 0.239914 0.245567 0.252332 0.259685 0.267117 0.274188 0.280565 0.28604 0.290528 0.294051 0.296709 0.298654 0.300067 0.301133 0.302035 0.302936 0.303979 0.305274 0.306895 0.308871 0.311188 0.313793 0.316606 0.319539 0.322521 0.325519 0.328548 0.331682 0.335039 0.338763 0.342997 0.347855 0.353395 0.359612 0.36644 0.373763 0.381448 0.38937 0.397445 0.405649 0.414032 0.422711 0.431859 0.441684 0.452408 0.464238 0.47735 0.491879 0.50791 0.525485 0.544605 0.565251 0.587393 0.611008 0.636083 0.662619 0.690616 0.720043 0.750793 0.78263 0.815134 0.847651 0.879272 0.908837 0.934995 0.956294 0.971312 0.978812
0.978009 0.970024 0.953827 0.930789 0.902493 0.870569 0.836533 0.801687 0.767054 0.733363 0.701074 0.670428 0.641504 0.614275 0.58866 0.564557 0.541875 0.520543 0.500523 0.481816 0.464451 0.448488 0.433992 0.421019 0.409592 0.399674 0.391161 0.383868 0.377548 0.37191 0.366649 0.36149 0.35621 0.350671 0.344822 0.338696 0.332396 0.326068 0.319877 0.313984 0.308531 0.303633 0.299372 0.295796 0.292923 0.290732 0.289169 0.288143 0.287533 0.287193 0.286968 0.286713 0.2863 0.285634 0.284647 0.283291 0.281523 0.279287 0.276507 0.273088 0.268937 0.263994 0.258273 0.251897 0.245121 0.238327 0.231994 0.22664 0.222751 0.220704 0.220704 0.222751 0.22664 0.231994 0.238327 0.245121 0.251897 0.258273 0.263994 0.268937 0.273088 0.276507 0.279287 0.281523 0.283291 0.284647 0.285634 0.2863 0.286713 0.286968 0.287193 0.287533 0.288143 0.289169 0.290732 0.292923 0.295796 0.299372 0.303633 0.308531 0.313984 0.319877 0.326068 0.332396 0.338696 0.344822 0.350671 0.35621 0.36149 0.366649 0.37191 0.377548 0.383868 0.391161 0.399674 0.409592 0.421019 0.433992 0.448488 0.464451 0.481816 0.500523 0.520543 0.541875 0.564557 0.58866 0.614275 0.641504 0.670428 0.701074 0.733363 0.767054 0.801687 0.836533 0.870569 0.902493 0.930789 0.953827 0.970024 0.978009
0.976703 0.968369 0.951162 0.926539 0.896184 0.861815 0.825032 0.787218 0.749491 0.712708 0.677487 0.644244 0.613228 0.584544 0.558179 0.534014 0.511857 0.491474 0.472625 0.455109 0.43879 0.423616 0.409612 0.396859 0.385453 0.375466 0.366904 0.359685 0.353629 0.348464 0.343862 0.33947 0.33496 0.330067 0.32463 0.318606 0.312081 0.30525 0.298389 0.291812 0.285826 0.280677 0.276522 0.273405 0.271257 0.269909 0.269133 0.268674 0.268294 0.26781 0.267107 0.266149 0.264963 0.263614 0.26217 0.260664 0.259074 0.257297 0.255163 0.252456 0.248959 0.24451 0.239055 0.232697 0.225712 0.218542 0.211748 0.205943 0.201698 0.199455 0.199455 0.201698 0.205943 0.211748 0.218542 0.225712 0.232697 0.239055 0.24451 0.248959 0.252456 0.255163 0.257297 0.259074 0.260664 0.26217 0.263614 0.264963 0.266149 0.267107 0.26781 0.268294 0.268674 0.269133 0.269909 0.271257 0.273405 0.276522 0.280677 0.285826 0.291812 0.298389 0.30525 0.312081 0.318606 0.32463 0.330067 0.33496 0.33947 0.343862 0.348464 0.353629 0.359685 0.366904 0.375466 0.385453 0.396859 0.409612 0.423616 0.43879 0.455109 0.472625 0.491474 0.511857 0.534014 0.558179 0.584544 0.613228 0.644244 0.677487 0.712708 0.749491 0.787218 0.825032 0.861815 0.896184 0.926539 0.951162 0.968369 0.976703
0.975242 0.965192 0.945168 0.917076 0.883085 0.845357 0.805835 0.766095 0.727291 0.690167 0.655123 0.622311 0.591724 0.563274 0.536844 0.512315 0.489571 0.468501 0.448994 0.430938 0.414225 0.398764 0.38449 0.371378 0.359443 0.348729 0.339292 0.331164 0.324325 0.318666 0.313982 0.309972 0.306277 0.302531 0.298423 0.293759 0.288503 0.282784 0.276874 0.271124 0.265896 0.261485 0.258058 0.255636 0.254096 0.253209 0.252702 0.252316 0.251851 0.251197 0.250335 0.249319 0.248242 0.2472 0.246254 0.245404 0.244573 0.243601 0.242261 0.240283 0.237403 0.233416 0.228232 0.221935 0.214806 0.207322 0.20011 0.193872 0.18927 0.186826 0.186826 0.18927 0.193872 0.20011 0.207322 0.214806 0.221935 0.228232 0.233416 0.237403 0.240283 0.242261 0.243601 0.244573 0.245404 0.246254 0.2472 0.248242 0.249319 0.250335 0.251197 0.251851 0.252316 0.252702 0.253209 0.254096 0.255636 0.258058 0.261485 0.265896 0.271124 0.276874 0.282784 0.288503 0.293759 0.298423 0.302531 0.306277 0.309972 0.313982 0.318666 0.324325 0.331164 0.339292 0.348729 0.359443 0.371378 0.38449 0.398764 0.414225 0.430938 0.448994 0.468501 0.489571 0.512315 0.536844 0.563274 0.591724 0.622311 0.655123 0.690167 0.727291 0.766095 0.805835 0.845357 0.883085 0.917076 0.945168 0.965192 0.975242
0.973897 0.96319 0.941287 0.910333 0.87281 0.831224 0.78784 0.744511 0.7026 0.662987 0.626142 0.592227 0.561198 0.532898 0.507113 0.483614 0.462172 0.442564 0.424577 0.408015 0.392707 0.378526 0.365396 0.353297 0.34226 0.332345 0.323608 0.316071 0.309684 0.304312 0.299737 0.295682 0.291848 0.287969 0.283855 0.279418 0.274682 0.269764 0.264836 0.260082 0.255661 0.251674 0.24816 0.245109 0.242476 0.240217 0.238298 0.236705 0.235441 0.23451 0.2339 0.233578 0.233482 0.233527 0.233611 0.233619 0.233423 0.23287 0.231781 0.229951 0.227166 0.223248 0.218108 0.211809 0.204612 0.196986 0.189574 0.183115 0.178324 0.175772 0.175772 0.178324 0.183115 0.189574 0.196986 0.204612 0.211809 0.218108 0.223248 0.227166 0.229951 0.231781 0.23287 0.233423 0.233619 0.233611 0.233527 0.233482 0.233578 0.2339 0.23451 0.235441 0.236705 0.238298 0.240217 0.242476 0.245109 0.24816 0.251674 0.255661 0.260082 0.264836 0.269764 0.274682 0.279418 0.283855 0.287969 0.291848 0.295682 0.299737 0.304312 0.309684 0.316071 0.323608 0.332345 0.34226 0.353297 0.365396 0.378526 0.392707 0.408015 0.424577 0.442564 0.462172 0.483614 0.507113 0.532898 0.561198 0.592227 0.626142 0.662987 0.7026 0.744511 0.78784 0.831224 0.87281 0.910333 0.941287 0.96319 0.973897
0.972639 0.961529 0.938096 0.904725 0.864205 0.819359 0.772738 0.726421 0.681929 0.640228 0.601803 0.566768 0.534976 0.506135 0.479894 0.455925 0.433972 0.413876 0.395578 0.379088 0.364438 0.351627 0.340575 0.331096 0.322906 0.315653 0.308974 0.302561 0.296213 0.289865 0.283592 0.277568 0.272014 0.267124 0.263003 0.259623 0.256822 0.254326 0.251811 0.248981 0.245635 0.241722 0.237353 0.232781 0.228347 0.224405 0.221254 0.21908 0.217931 0.217721 0.218259 0.219298 0.22058 0.221874 0.222999 0.223819 0.224226 0.22411 0.223338 0.221739 0.219123 0.215318 0.210239 0.203945 0.196698 0.188976 0.181441 0.174856 0.169962 0.167352 0.167352 0.169962 0.174856 0.181441 0.188976 0.196698 0.203945 0.210239 0.215318 0.219123 0.221739 0.223338 0.22411 0.224226 0.223819 0.222999 0.221874 0.22058 0.219298 0.218259 0.217721 0.217931 0.21908 0.221254 0.224405 0.228347 0.232781 0.237353 0.241722 0.245635 0.248981 0.251811 0.254326 0.256822 0.259623 0.263003 0.267124 0.272014 0.277568 0.283592 0.289865 0.296213 0.302561 0.308974 0.315653 0.322906 0.331096 0.340575 0.351627 0.364438 0.379088 0.395578 0.413876 0.433972 0.455925 0.479894 0.506135 0.534976 0.566768 0.601803 0.640228 0.681929 0.726421 0.772738 0.819359 0.864205 0.904725 0.938096 0.961529 0.972639
0.971113 0.960086 0.936095 0.901605 0.859518 0.812775 0.764034 0.715467 0.668677 0.624721 0.584194 0.547334 0.514124 0.484378 0.457805 0.434063 0.412801 0.393703 0.376512 0.361048 0.347202 0.334905 0.324093 0.314662 0.306443 0.29919 0.292606 0.286392 0.280303 0.274201 0.268094 0.262124 0.25653 0.251572 0.247451 0.244238 0.241833 0.239982 0.23833 0.236507 0.234222 0.231328 0.227858 0.224002 0.220054 0.21634 0.213146 0.210671 0.209009 0.208158 0.208047 0.20856 0.209564 0.210912 0.212447 0.213991 0.21534 0.21626 0.216493 0.215769 0.213839 0.210512 0.20571 0.199525 0.192255 0.184419 0.17672 0.169962 0.164927 0.162236 0.162236 0.164927 0.169962 0.17672 0.184419 0.192255 0.199525 0.20571 0.210512 0.213839 0.215769 0.216493 0.21626 0.21534 0.213991 0.212447 0.210912 0.209564 0.20856 0.208047 0.208158 0.209009 0.210671 0.213146 0.21634 0.220054 0.224002 0.227858 0.231328 0.234222 0.236507 0.23833 0.239982 0.241833 0.244238 0.247451 0.251572 0.25653 0.262124 0.268094 0.274201 0.280303 0.286392 0.292606 0.29919 0.306443 0.314662 0.324093 0.334905 0.347202 0.361048 0.376512 0.393703 0.412801 0.434063 0.457805 0.484378 0.514124 0.547334 0.584194 0.624721 0.668677 0.715467 0.764034 0.812775 0.859518 0.901605 0.936095 0.960086 0.971113
0.969461 0.957437 0.931663 0.894971 0.850606 0.801743 0.75113 0.700895 0.652518 0.606922 0.564614 0.525839 0.490685 0.459147 0.431151 0.406546 0.385109 0.366547 0.350523 0.336691 0.324722 0.314331 0.305274 0.297333 0.290291 0.283921 0.277981 0.272247 0.266555 0.260848 0.255197 0.249796 0.244904 0.240769 0.237542 0.235217 0.233616 0.232419 0.231246 0.229742 0.227663 0.224921 0.221594 0.217893 0.214101 0.210515 0.207392 0.204911 0.203166 0.20216 0.201826 0.202041 0.202654 0.203499 0.204425 0.205298 0.206001 0.206422 0.206428 0.205839 0.204431 0.201956 0.19821 0.193114 0.186807 0.179696 0.172447 0.165901 0.160925 0.158234 0.158234 0.160925 0.165901 0.172447 0.179696 0.186807 0.193114 0.19821 0.201956 0.204431 0.205839 0.206428 0.206422 0.206001 0.205298 0.204425 0.203499 0.202654 0.202041 0.201826 0.20216 0.203166 0.204911 0.207392 0.210515 0.214101 0.217893 0.221594 0.224921 0.227663 0.229742 0.231246 0.232419 0.233616 0.235217 0.237542 0.240769 0.244904 0.249796 0.255197 0.260848 0.266555 0.272247 0.277981 0.283921 0.290291 0.297333 0.305274 0.314331 0.324722 0.336691 0.350523 0.366547 0.385109 0.406546 0.431151 0.459147 0.490685 0.525839 0.564614 0.606922 0.652518 0.700895 0.75113 0.801743 0.850606 0.894971 0.931663 0.957437 0.969461
0.967965 0.954689 0.925902 0.884963 0.835795 0.782281 0.727777 0.674837 0.625135 0.579551 0.538352 0.50141 0.468388 0.438897 0.412588 0.389196 0.368541 0.350503 0.334973 0.321805 0.310777 0.301574 0.293805 0.287035 0.280848 0.274894 0.268942 0.262893 0.25678 0.250733 0.244938 0.239583 0.234821 0.230747 0.227387 0.224705 0.222611 0.220979 0.219647 0.218433 0.217142 0.215596 0.213658 0.211267 0.208463 0.205381 0.202235 0.199265 0.196692 0.194666 0.193243 0.192389 0.192009 0.191985 0.192212 0.192614 0.193138 0.193716 0.194227 0.194459 0.194108 0.19281 0.190232 0.186179 0.180705 0.174178 0.167277 0.160894 0.155969 0.153284 0.153284 0.155969 0.160894 0.167277 0.174178 0.180705 0.186179 0.190232 0.19281 0.194108 0.194459 0.194227 0.193716 0.193138 0.192614 0.192212 0.191985 0.192009 0.192389 0.193243 0.194666 0.196692 0.199265 0.202235 0.205381 0.208463 0.211267 0.213658 0.215596 0.217142 0.218433 0.219647 0.220979 0.222611 0.224705 0.227387 0.230747 0.234821 0.239583 0.244938 0.250733 0.25678 0.262893 0.268942 0.274894 0.280848 0.287035 0.293805 0.301574 0.310777 0.321805 0.334973 0.350503 0.368541 0.389196 0.412588 0.438897 0.468388 0.50141 0.538352 0.579551 0.625135 0.674837 0.727777 0.782281 0.835795 0.884963 0.925902 0.954689 0.967965
0.966811 0.953061 0.922803 0.879662 0.827894 0.771716 0.71477 0.659806 0.608599 0.562047 0.52038 0.483394 0.45067 0.421728 0.396135 0.373555 0.353751 0.336569 0.321888 0.309562 0.299368 0.290979 0.283966 0.277854 0.27219 0.266629 0.260988 0.25525 0.249522 0.24396 0.238692 0.233767 0.229153 0.224784 0.220617 0.216687 0.21311 0.210048 0.207637 0.205913 0.204774 0.203984 0.20323 0.202212 0.200717 0.198671 0.196145 0.193318 0.190421 0.187684 0.185296 0.18339 0.182044 0.181293 0.181136 0.181531 0.182387 0.183545 0.184765 0.185721 0.18602 0.185249 0.183054 0.179245 0.173891 0.167382 0.160426 0.153952 0.148936 0.146196 0.146196 0.148936 0.153952 0.160426 0.167382 0.173891 0.179245 0.183054 0.185249 0.18602 0.185721 0.184765 0.183545 0.182387 0.181531 0.181136 0.181293 0.182044 0.18339 0.185296 0.187684 0.190421 0.193318 0.196145 0.198671 0.200717 0.202212 0.20323 0.203984 0.204774 0.205913 0.207637 0.210048 0.21311 0.216687 0.220617 0.224784 0.229153 0.233767 0.238692 0.24396 0.249522 0.25525 0.260988 0.266629 0.27219 0.277854 0.283966 0.290979 0.299368 0.309562 0.321888 0.336569 0.353751 0.373555 0.396135 0.421728 0.45067 0.483394 0.52038 0.562047 0.608599 0.659806 0.71477 0.771716 0.827894 0.879662 0.922803 0.953061 0.966811
0.965856 0.951901 0.919791 0.873662 0.818389 0.758759 0.698846 0.641659 0.589076 0.541976 0.500486 0.464249 0.432663 0.405069 0.380871 0.359607 0.340963 0.324748 0.310832 0.299074 0.289259 0.281064 0.274072 0.26782 0.261887 0.255973 0.249949 0.243865 0.23789 0.23223 0.227034 0.222339 0.218066 0.21407 0.210228 0.206505 0.202994 0.199884 0.197389 0.195655 0.194687 0.19432 0.194244 0.19408 0.19347 0.192159 0.19005 0.187215 0.183879 0.180367 0.177045 0.174254 0.172259 0.171202 0.171092 0.171807 0.17312 0.17473 0.176294 0.17745 0.177827 0.177077 0.174913 0.171187 0.165976 0.159648 0.152875 0.146552 0.141639 0.13895 0.13895 0.141639 0.146552 0.152875 0.159648 0.165976 0.171187 0.174913 0.177077 0.177827 0.17745 0.176294 0.17473 0.17312 0.171807 0.171092 0.171202 0.172259 0.174254 0.177045 0.180367 0.183879 0.187215 0.19005 0.192159 0.19347 0.19408 0.194244 0.19432 0.194687 0.195655 0.197389 0.199884 0.202994 0.206505 0.210228 0.21407 0.218066 0.222339 0.227034 0.23223 0.23789 0.243865 0.249949 0.255973 0.261887 0.26782 0.274072 0.281064 0.289259 0.299074 0.310832 0.324748 0.340963 0.359607 0.380871 0.405069 0.432663 0.464249 0.500486 0.541976 0.589076 0.641659 0.698846 0.758759 0.818389 0.873662 0.919791 0.951901 0.965856
0.965011 0.950678 0.917018 0.868493 0.810374 0.747808 0.685123 0.625466 0.57077 0.521941 0.479152 0.442123 0.410338 0.383184 0.36003 0.340263 0.323323 0.308713 0.296015 0.284894 0.275088 0.266395 0.258654 0.251725 0.245485 0.239821 0.23463 0.229819 0.225308 0.221022 0.21689 0.21285 0.208858 0.204905 0.201029 0.197328 0.193946 0.191049 0.18879 0.187259 0.186444 0.186205 0.18628 0.186324 0.185976 0.184948 0.183097 0.18047 0.177298 0.173938 0.170787 0.168182 0.166333 0.165302 0.165017 0.165326 0.166046 0.166998 0.167996 0.168819 0.169177 0.168702 0.167002 0.163769 0.158918 0.152716 0.14582 0.139208 0.133978 0.131086 0.131086 0.133978 0.139208 0.14582 0.152716 0.158918 0.163769 0.167002 0.168702 0.169177 0.168819 0.167996 0.166998 0.166046 0.165326 0.165017 0.165302 0.166333 0.168182 0.170787 0.173938 0.177298 0.18047 0.183097 0.184948 0.185976 0.186324 0.18628 0.186205 0.186444 0.187259 0.18879 0.191049 0.193946 0.197328 0.201029 0.204905 0.208858 0.21285 0.21689 0.221022 0.225308 0.229819 0.23463 0.239821 0.245485 0.251725 0.258654 0.266395 0.275088 0.284894 0.296015 0.308713 0.323323 0.340263 0.36003 0.383184 0.410338 0.442123 0.479152 0.521941 0.57077 0.625466 0.685123 0.747808 0.810374 0.868493 0.917018 0.950678 0.965011
0.964315 0.949326 0.91392 0.862932 0.8021 0.737009 0.672298 0.61125 0.555763 0.5066 0.463754 0.426795 0.395129 0.368143 0.345248 0.325882 0.309489 0.29551 0.283396 0.272637 0.262798 0.253574 0.244815 0.236535 0.228882 0.222068 0.216274 0.211575 0.20789 0.204997 0.202592 0.200375 0.198119 0.19571 0.193145 0.190503 0.187911 0.185519 0.183475 0.181907 0.180887 0.180389 0.180268 0.180256 0.180019 0.17924 0.177712 0.175407 0.172488 0.169264 0.16611 0.163363 0.161261 0.159904 0.15928 0.159298 0.159834 0.160752 0.161887 0.163012 0.163798 0.163809 0.162565 0.159667 0.154962 0.148689 0.141538 0.134573 0.12901 0.125918 0.125918 0.12901 0.134573 0.141538 0.148689 0.154962 0.159667 0.162565 0.163809 0.163798 0.163012 0.161887 0.160752 0.159834 0.159298 0.15928 0.159904 0.161261 0.163363 0.16611 0.169264 0.172488 0.175407 0.177712 0.17924 0.180019 0.180256 0.180268 0.180389 0.180887 0.181907 0.183475 0.185519 0.187911 0.190503 0.193145 0.19571 0.198119 0.200375 0.202592 0.204997 0.20789 0.211575 0.216274 0.222068 0.228882 0.236535 0.244815 0.253574 0.262798 0.272637 0.283396 0.29551 0.309489 0.325882 0.345248 0.368143 0.395129 0.426795 0.463754 0.5066 0.555763 0.61125 0.672298 0.737009 0.8021 0.862932 0.91392 0.949326 0.964315
0.963783 0.948462 0.911687 0.858567 0.795198 0.727512 0.660441 0.597476 0.540648 0.490759 0.447752 0.411073 0.37996 0.353644 0.331438 0.312764 0.297112 0.283986 0.272868 0.263214 0.254496 0.24628 0.238293 0.230469 0.222924 0.215887 0.209602 0.204227 0.199787 0.196175 0.193202 0.190668 0.188415 0.186346 0.184417 0.18261 0.180914 0.179329 0.177876 0.176604 0.175578 0.17484 0.174366 0.174038 0.173657 0.172986 0.171822 0.170061 0.167732 0.164996 0.162105 0.159344 0.156979 0.155216 0.154182 0.153917 0.154383 0.155456 0.15693 0.158495 0.159735 0.160147 0.159203 0.15648 0.151814 0.145452 0.138112 0.130911 0.125132 0.121911 0.121911 0.125132 0.130911 0.138112 0.145452 0.151814 0.15648 0.159203 0.160147 0.159735 0.158495 0.15693 0.155456 0.154383 0.153917 0.154182 0.155216 0.156979 0.159344 0.162105 0.164996 0.167732 0.170061 0.171822 0.172986 0.173657 0.174038 0.174366 0.17484 0.175578 0.176604 0.177876 0.179329 0.180914 0.18261 0.184417 0.186346 0.188415 0.190668 0.193202 0.196175 0.199787 0.204227 0.209602 0.215887 0.222924 0.230469 0.238293 0.24628 0.254496 0.263214 0.272868 0.283986 0.297112 0.312764 0.331438 0.353644 0.37996 0.411073 0.447752 0.490759 0.540648 0.597476 0.660441 0.727512 0.795198 0.858567 0.911687 0.948462 0.963783
0.963357 0.947141 0.907349 0.850079 0.782505 0.711421 0.642208 0.578379 0.521676 0.472489 0.430395 0.394617 0.364331 0.338812 0.317456 0.299742 0.285171 0.273208 0.263262 0.254705 0.246936 0.239464 0.231988 0.224435 0.216943 0.209783 0.203255 0.197586 0.19287 0.189056 0.185991 0.183488 0.181392 0.179612 0.178112 0.176877 0.175867 0.174996 0.174139 0.173184 0.17208 0.170871 0.169681 0.168651 0.167858 0.167248 0.166626 0.165716 0.164262 0.162143 0.159439 0.156434 0.153537 0.151176 0.149678 0.149201 0.149713 0.151016 0.152793 0.154645 0.156112 0.156691 0.155878 0.153261 0.148671 0.142333 0.134949 0.127647 0.121755 0.118458 0.118458 0.121755 0.127647 0.134949 0.142333 0.148671 0.153261 0.155878 0.156691 0.156112 0.154645 0.152793 0.151016 0.149713 0.149201 0.149678 0.151176 0.153537 0.156434 0.159439 0.162143 0.164262 0.165716 0.166626 0.167248 0.167858 0.168651 0.169681 0.170871 0.17208 0.173184 0.174139 0.174996 0.175867 0.176877 0.178112 0.179612 0.181392 0.183488 0.185991 0.189056 0.19287 0.197586 0.203255 0.209783 0.216943 0.224435 0.231988 0.239464 0.246936 0.254705 0.263262 0.273208 0.285171 0.299742 0.317456 0.338812 0.364331 0.394617 0.430395 0.472489 0.521676 0.578379 0.642208 0.711421 0.782505 0.850079 0.907349 0.947141 0.963357
0.962965 0.94608 0.904221 0.844028 0.773367 0.69967 0.62874 0.564236 0.507786 0.459498 0.418603 0.384007 0.354651 0.329688 0.308493 0.290605 0.275642 0.263213 0.252882 0.244158 0.236537 0.229566 0.222908 0.216377 0.209941 0.203684 0.197753 0.192311 0.1875 0.183425 0.180138 0.177631 0.175831 0.174603 0.173774 0.17315 0.172547 0.171813 0.170841 0.169597 0.168128 0.166566 0.1651 0.163915 0.163109 0.162632 0.162275 0.161725 0.160669 0.158916 0.156478 0.153576 0.150583 0.147922 0.145954 0.144902 0.144826 0.14563 0.147085 0.148847 0.15047 0.151411 0.151087 0.148989 0.144855 0.138842 0.131636 0.124387 0.118478 0.115154 0.115154 0.118478 0.124387 0.131636 0.138842 0.144855 0.148989 0.151087 0.151411 0.15047 0.148847 0.147085 0.14563 0.144826 0.144902 0.145954 0.147922 0.150583 0.153576 0.156478 0.158916 0.160669 0.161725 0.162275 0.162632 0.163109 0.163915 0.1651 0.166566 0.168128 0.169597 0.170841 0.171813 0.172547 0.17315 0.173774 0.174603 0.175831 0.177631 0.180138 0.183425 0.1875 0.192311 0.197753 0.203684 0.209941 0.216377 0.222908 0.229566 0.236537 0.244158 0.252882 0.263213 0.275642 0.290605 0.308493 0.329688 0.354651 0.384007 0.418603 0.459498 0.507786 0.564236 0.62874 0.69967 0.773367 0.844028 0.904221 0.94608 0.962965
0.962579 0.945112 0.901374 0.838383 0.764511 0.687683 0.614077 0.547574 0.489883 0.441088 0.40034 0.366438 0.338209 0.314671 0.295041 0.278666 0.264955 0.253349 0.243342 0.234518 0.226594 0.219415 0.212909 0.207028 0.201697 0.196798 0.192206 0.187846 0.183733 0.179984 0.176765 0.174222 0.172402 0.171223 0.170484 0.169921 0.169269 0.168322 0.166968 0.165216 0.163191 0.161117 0.159265 0.157877 0.157072 0.156791 0.156786 0.156692 0.156139 0.154882 0.152883 0.150322 0.147535 0.144911 0.142783 0.141367 0.140736 0.140843 0.14155 0.142639 0.143799 0.144599 0.144498 0.142937 0.139518 0.134228 0.127602 0.120724 0.114995 0.111732 0.111732 0.114995 0.120724 0.127602 0.134228 0.139518 0.142937 0.144498 0.144599 0.143799 0.142639 0.14155 0.140843 0.140736 0.141367 0.142783 0.144911 0.147535 0.150322 0.152883 0.154882 0.156139 0.156692 0.156786 0.156791 0.157072 0.157877 0.159265 0.161117 0.163191 0.165216 0.166968 0.168322 0.169269 0.169921 0.170484 0.171223 0.172402 0.174222 0.176765 0.179984 0.183733 0.187846 0.192206 0.196798 0.201697 0.207028 0.212909 0.219415 0.226594 0.234518 0.243342 0.253349 0.264955 0.278666 0.295041 0.314671 0.338209 0.366438 0.40034 0.441088 0.489883 0.547574 0.614077 0.687683 0.764511 0.838383 0.901374 0.945112 0.962579
0.962188 0.943811 0.897283 0.830336 0.752234 0.671686 0.595382 0.527409 0.469445 0.42141 0.382215 0.35039 0.324476 0.303215 0.285598 0.270835 0.258296 0.247458 0.237886 0.229237 0.22129 0.213947 0.207216 0.201142 0.195742 0.190963 0.186683 0.182764 0.179117 0.17575 0.172763 0.170302 0.168478 0.167302 0.166642 0.166251 0.165817 0.165054 0.163777 0.161944 0.159667 0.157176 0.154759 0.152695 0.151177 0.150262 0.149843 0.149674 0.149433 0.14881 0.147601 0.145763 0.143426 0.140845 0.138331 0.136183 0.13463 0.133813 0.13377 0.134418 0.135523 0.136663 0.137234 0.136548 0.134039 0.129536 0.12347 0.116906 0.111304 0.10807 0.10807 0.111304 0.116906 0.12347 0.129536 0.134039 0.136548 0.137234 0.136663 0.135523 0.134418 0.13377 0.133813 0.13463 0.136183 0.138331 0.140845 0.143426 0.145763 0.147601 0.14881 0.149433 0.149674 0.149843 0.150262 0.151177 0.152695 0.154759 0.157176 0.159667 0.161944 0.163777 0.165054 0.165817 0.166251 0.166642 0.167302 0.168478 0.170302 0.172763 0.17575 0.179117 0.182764 0.186683 0.190963 0.195742 0.201142 0.207216 0.213947 0.22129 0.229237 0.237886 0.247458 0.258296 0.270835 0.285598 0.303215 0.324476 0.35039 0.382215 0.42141 0.469445 0.527409 0.595382 0.671686 0.752234 0.830336 0.897283 0.943811 0.962188
0.961773 0.943225 0.895451 0.82664 0.74655 0.664236 0.58652 0.517463 0.458678 0.410073 0.370625 0.33896 0.313672 0.293459 0.27716 0.263763 0.25242 0.242456 0.233384 0.224909 0.216919 0.209445 0.202601 0.196491 0.191146 0.186484 0.182344 0.178545 0.174973 0.171623 0.168599 0.166053 0.164113 0.1628 0.162005 0.161501 0.161011 0.160281 0.159148 0.157561 0.155575 0.15332 0.150972 0.148736 0.146826 0.145421 0.144614 0.144339 0.144357 0.144297 0.143765 0.142481 0.140385 0.137665 0.134697 0.131936 0.129792 0.128543 0.128292 0.128953 0.130241 0.131661 0.132538 0.132123 0.129808 0.125399 0.119332 0.1127 0.107011 0.103719 0.103719 0.107011 0.1127 0.119332 0.125399 0.129808 0.132123 0.132538 0.131661 0.130241 0.128953 0.128292 0.128543 0.129792 0.131936 0.134697 0.137665 0.140385 0.142481 0.143765 0.144297 0.144357 0.144339 0.144614 0.145421 0.146826 0.148736 0.150972 0.15332 0.155575 0.157561 0.159148 0.160281 0.161011 0.161501 0.162005 0.1628 0.164113 0.166053 0.168599 0.171623 0.174973 0.178545 0.182344 0.186484 0.191146 0.196491 0.202601 0.209445 0.216919 0.224909 0.233384 0.242456 0.25242 0.263763 0.27716 0.293459 0.313672 0.33896 0.370625 0.410073 0.458678 0.517463 0.58652 0.664236 0.74655 0.82664 0.895451 0.943225 0.961773
0.961327 0.941287 0.890182 0.817117 0.732987 0.647802 0.568864 0.500158 0.442783 0.395959 0.358078 0.327466 0.302744 0.282862 0.266957 0.254207 0.243765 0.2348 0.226603 0.218701 0.210901 0.203256 0.195976 0.189297 0.183387 0.178292 0.173942 0.170199 0.166919 0.164008 0.161444 0.159269 0.157538 0.15627 0.155405 0.154798 0.154257 0.153593 0.152669 0.151428 0.14988 0.148088 0.146158 0.144235 0.142508 0.141174 0.140377 0.140132 0.140267 0.140444 0.140246 0.139322 0.137515 0.134935 0.131936 0.129019 0.126689 0.125321 0.125068 0.125828 0.127251 0.128773 0.129683 0.129239 0.126856 0.122359 0.116188 0.10944 0.103642 0.100282 0.100282 0.103642 0.10944 0.116188 0.122359 0.126856 0.129239 0.129683 0.128773 0.127251 0.125828 0.125068 0.125321 0.126689 0.129019 0.131936 0.134935 0.137515 0.139322 0.140246 0.140444 0.140267 0.140132 0.140377 0.141174 0.142508 0.144235 0.146158 0.148088 0.14988 0.151428 0.152669 0.153593 0.154257 0.154798 0.155405 0.15627 0.157538 0.159269 0.161444 0.164008 0.166919 0.170199 0.173942 0.178292 0.183387 0.189297 0.195976 0.203256 0.210901 0.218701 0.226603 0.2348 0.243765 0.254207 0.266957 0.282862 0.302744 0.327466 0.358078 0.395959 0.442783 0.500158 0.568864 0.647802 0.732987 0.817117 0.890182 0.941287 0.961327
0.960854 0.939812 0.886075 0.809544 0.722005 0.634155 0.553624 0.484383 0.427308 0.381315 0.34451 0.314996 0.291238 0.272106 0.256732 0.244354 0.234216 0.225576 0.217789 0.210399 0.203194 0.196179 0.189491 0.183299 0.177734 0.172861 0.168681 0.165146 0.162159 0.159582 0.157267 0.155084 0.152971 0.150949 0.149107 0.147552 0.146359 0.14552 0.14494 0.144459 0.143898 0.143119 0.142078 0.140845 0.139601 0.138576 0.137967 0.137836 0.138051 0.138296 0.138168 0.137317 0.135582 0.133061 0.130087 0.127119 0.124609 0.122895 0.122143 0.122337 0.123277 0.12456 0.12557 0.125529 0.123692 0.119665 0.11372 0.106924 0.100921 0.0973905 0.0973905 0.100921 0.106924 0.11372 0.119665 0.123692 0.125529 0.12557 0.12456 0.123277 0.122337 0.122143 0.122895 0.124609 0.127119 0.130087 0.133061 0.135582 0.137317 0.138168 0.138296 0.138051 0.137836 0.137967 0.138576 0.139601 0.140845 0.142078 0.143119 0.143898 0.144459 0.14494 0.14552 0.146359 0.147552 0.149107 0.150949 0.152971 0.155084 0.157267 0.159582 0.162159 0.165146 0.168681 0.172861 0.177734 0.183299 0.189491 0.196179 0.203194 0.210399 0.217789 0.225576 0.234216 0.244354 0.256732 0.272106 0.291238 0.314996 0.34451 0.381315 0.427308 0.484383 0.553624 0.634155 0.722005 0.809544 0.886075 0.939812 0.960854
0.960389 0.937997 0.881187 0.80081 0.709721 0.619407 0.537818 0.468803 0.412847 0.368414 0.333231 0.305153 0.282532 0.264228 0.249436 0.237482 0.227705 0.219435 0.212061 0.205127 0.198389 0.191807 0.185473 0.179524 0.174085 0.169246 0.165064 0.161561 0.158702 0.156371 0.154369 0.152457 0.150432 0.148209 0.145864 0.14361 0.14171 0.140364 0.139614 0.13933 0.139256 0.139122 0.138741 0.138078 0.137246 0.136447 0.135884 0.135658 0.135708 0.135802 0.135603 0.134785 0.133167 0.130794 0.127943 0.125034 0.12251 0.120724 0.119885 0.120034 0.121021 0.122462 0.123702 0.123878 0.122132 0.117983 0.111692 0.10441 0.0979362 0.0941159 0.0941159 0.0979362 0.10441 0.111692 0.117983 0.122132 0.123878 0.123702 0.122462 0.121021 0.120034 0.119885 0.120724 0.12251 0.125034 0.127943 0.130794 0.133167 0.134785 0.135603 0.135802 0.135708 0.135658 0.135884 0.136447 0.137246 0.138078 0.138741 0.139122 0.139256 0.13933 0.139614 0.140364 0.14171 0.14361 0.145864 0.148209 0.150432 0.152457 0.154369 0.156371 0.158702 0.161561 0.165064 0.169246 0.174085 0.179524 0.185473 0.191807 0.198389 0.205127 0.212061 0.219435 0.227705 0.237482 0.249436 0.264228 0.282532 0.305153 0.333231 0.368414 0.412847 0.468803 0.537818 0.619407 0.709721 0.80081 0.881187 0.937997 0.960389
0.959965 0.936942 0.876912 0.791814 0.69588 0.601713 0.517818 0.448083 0.392725 0.349862 0.316902 0.291415 0.271462 0.255604 0.242785 0.232203 0.223228 0.215358 0.208199 0.201467 0.194988 0.188694 0.182607 0.176813 0.171433 0.166593 0.162403 0.15892 0.15613 0.153913 0.15205 0.150266 0.148308 0.146039 0.143497 0.140887 0.138501 0.136606 0.135346 0.134699 0.134511 0.134567 0.134666 0.134678 0.134561 0.134359 0.134165 0.134063 0.134066 0.134061 0.133815 0.133045 0.131535 0.129245 0.126361 0.12326 0.120407 0.118234 0.117045 0.116951 0.117832 0.119298 0.120676 0.121065 0.119554 0.115584 0.10935 0.10199 0.0953666 0.0914305 0.0914305 0.0953666 0.10199 0.10935 0.115584 0.119554 0.121065 0.120676 0.119298 0.117832 0.116951 0.117045 0.118234 0.120407 0.12326 0.126361 0.129245 0.131535 0.133045 0.133815 0.134061 0.134066 0.134063 0.134165 0.134359 0.134561 0.134678 0.134666 0.134567 0.134511 0.134699 0.135346 0.136606 0.138501 0.140887 0.143497 0.146039 0.148308 0.150266 0.15205 0.153913 0.15613 0.15892 0.162403 0.166593 0.171433 0.176813 0.182607 0.188694 0.194988 0.201467 0.208199 0.215358 0.223228 0.232203 0.242785 0.255604 0.271462 0.291415 0.316902 0.349862 0.392725 0.448083 0.517818 0.601713 0.69588 0.791814 0.876912 0.936942 0.959965
0.959596 0.936267 0.874912 0.787886 0.689968 0.594194 0.509253 0.438966 0.383363 0.34039 0.307398 0.282003 0.262354 0.247049 0.234969 0.225168 0.216863 0.209477 0.202666 0.196282 0.190285 0.18465 0.179318 0.174215 0.169311 0.164674 0.160462 0.156857 0.153974 0.151778 0.150063 0.148505 0.146763 0.144608 0.142009 0.13915 0.136353 0.133959 0.132207 0.131174 0.13078 0.130848 0.131165 0.13153 0.131787 0.131846 0.131702 0.131431 0.131142 0.130891 0.130609 0.130082 0.129023 0.12722 0.124666 0.121633 0.118612 0.116168 0.114761 0.114607 0.115596 0.117288 0.118928 0.11955 0.118197 0.114281 0.107986 0.100476 0.0936768 0.0896232 0.0896232 0.0936768 0.100476 0.107986 0.114281 0.118197 0.11955 0.118928 0.117288 0.115596 0.114607 0.114761 0.116168 0.118612 0.121633 0.124666 0.12722 0.129023 0.130082 0.130609 0.130891 0.131142 0.131431 0.131702 0.131846 0.131787 0.13153 0.131165 0.130848 0.13078 0.131174 0.132207 0.133959 0.136353 0.13915 0.142009 0.144608 0.146763 0.148505 0.150063 0.151778 0.153974 0.156857 0.160462 0.164674 0.169311 0.174215 0.179318 0.18465 0.190285 0.196282 0.202666 0.209477 0.216863 0.225168 0.234969 0.247049 0.262354 0.282003 0.307398 0.34039 0.383363 0.438966 0.509253 0.594194 0.689968 0.787886 0.874912 0.936267 0.959596
0.95931 0.935614 0.872563 0.782977 0.682339 0.584367 0.498189 0.427741 0.372869 0.331159 0.299573 0.275448 0.256815 0.242292 0.230826 0.221506 0.213534 0.206301 0.199476 0.192996 0.186961 0.181467 0.176506 0.171953 0.16765 0.163508 0.159558 0.155929 0.152764 0.150135 0.147982 0.146122 0.144302 0.142294 0.139982 0.13741 0.134777 0.132368 0.130464 0.129242 0.128728 0.128784 0.129155 0.129545 0.129707 0.129509 0.128978 0.128279 0.127642 0.127236 0.127054 0.126873 0.126331 0.125087 0.123015 0.120286 0.11734 0.114731 0.112957 0.112321 0.112851 0.114248 0.11586 0.116722 0.115764 0.112227 0.106147 0.098638 0.0917056 0.0875295 0.0875295 0.0917056 0.098638 0.106147 0.112227 0.115764 0.116722 0.11586 0.114248 0.112851 0.112321 0.112957 0.114731 0.11734 0.120286 0.123015 0.125087 0.126331 0.126873 0.127054 0.127236 0.127642 0.128279 0.128978 0.129509 0.129707 0.129545 0.129155 0.128784 0.128728 0.129242 0.130464 0.132368 0.134777 0.13741 0.139982 0.142294 0.144302 0.146122 0.147982 0.150135 0.152764 0.155929 0.159558 0.163508 0.16765 0.171953 0.176506 0.181467 0.186961 0.192996 0.199476 0.206301 0.213534 0.221506 0.230826 0.242292 0.256815 0.275448 0.299573 0.331159 0.372869 0.427741 0.498189 0.584367 0.682339 0.782977 0.872563 0.935614 0.95931
0.959134 0.933014 0.864744 0.769352 0.664466 0.564899 0.479575 0.411392 0.35907 0.319506 0.28952 0.266632 0.249091 0.235605 0.225076 0.216503 0.209028 0.202055 0.19532 0.188854 0.182849 0.177476 0.172772 0.168623 0.164845 0.161295 0.157918 0.154737 0.151795 0.149104 0.146632 0.14432 0.1421 0.139908 0.137682 0.135388 0.133058 0.130824 0.128907 0.127536 0.126847 0.126797 0.127152 0.12757 0.127721 0.127418 0.126684 0.125738 0.124891 0.124386 0.12426 0.124285 0.124046 0.123128 0.121315 0.118704 0.115674 0.112753 0.110446 0.109119 0.108921 0.109731 0.111076 0.112098 0.111692 0.108916 0.103557 0.0965491 0.0898619 0.0857616 0.0857616 0.0898619 0.0965491 0.103557 0.108916 0.111692 0.112098 0.111076 0.109731 0.108921 0.109119 0.110446 0.112753 0.115674 0.118704 0.121315 0.123128 0.124046 0.124285 0.12426 0.124386 0.124891 0.125738 0.126684 0.127418 0.127721 0.12757 0.127152 0.126797 0.126847 0.127536 0.128907 0.130824 0.133058 0.135388 0.137682 0.139908 0.1421 0.14432 0.146632 0.149104 0.151795 0.154737 0.157918 0.161295 0.164845 0.168623 0.172772 0.177476 0.182849 0.188854 0.19532 0.202055 0.209028 0.216503 0.225076 0.235605 0.249091 0.266632 0.28952 0.319506 0.35907 0.411392 0.479575 0.564899 0.664466 0.769352 0.864744 0.933014 0.959134
0.959098 0.932863 0.862485 0.763772 0.655513 0.553538 0.467284 0.39957 0.348634 0.310781 0.282379 0.260744 0.244149 0.231435 0.221626 0.213761 0.206932 0.200446 0.193953 0.187462 0.181217 0.17552 0.170569 0.166383 0.162824 0.159672 0.156708 0.153771 0.150775 0.147707 0.144613 0.141585 0.138732 0.13614 0.133832 0.131758 0.129851 0.128099 0.126596 0.125517 0.125007 0.12507 0.125505 0.125957 0.126046 0.125519 0.124367 0.122834 0.121324 0.120232 0.119757 0.119799 0.119982 0.119809 0.118883 0.117076 0.114586 0.111856 0.109428 0.10779 0.107256 0.107855 0.109216 0.110502 0.110528 0.108191 0.103111 0.0961487 0.0893406 0.0851137 0.0851137 0.0893406 0.0961487 0.103111 0.108191 0.110528 0.110502 0.109216 0.107855 0.107256 0.10779 0.109428 0.111856 0.114586 0.117076 0.118883 0.119809 0.119982 0.119799 0.119757 0.120232 0.121324 0.122834 0.124367 0.125519 0.126046 0.125957 0.125505 0.12507 0.125007 0.125517 0.126596 0.128099 0.129851 0.131758 0.133832 0.13614 0.138732 0.141585 0.144613 0.147707 0.150775 0.153771 0.156708 0.159672 0.162824 0.166383 0.170569 0.17552 0.181217 0.187462 0.193953 0.200446 0.206932 0.213761 0.221626 0.231435 0.244149 0.260744 0.282379 0.310781 0.348634 0.39957 0.467284 0.553538 0.655513 0.763772 0.862485 0.932863 0.959098
0.959247 0.932385 0.859649 0.757812 0.646789 0.543195 0.456687 0.389826 0.340359 0.304101 0.277085 0.25649 0.240616 0.228403 0.218984 0.211466 0.204971 0.198785 0.192484 0.185962 0.179366 0.172995 0.167191 0.162238 0.158276 0.155243 0.152882 0.150817 0.148683 0.146248 0.143476 0.140516 0.137613 0.134977 0.132694 0.130707 0.128888 0.127165 0.125597 0.124361 0.123647 0.123517 0.12383 0.124273 0.124474 0.124149 0.123203 0.121774 0.120183 0.118838 0.118072 0.117978 0.118314 0.118557 0.118119 0.116623 0.11411 0.111045 0.108142 0.106102 0.105391 0.106081 0.107755 0.109479 0.109956 0.107974 0.103074 0.0961033 0.089173 0.0848364 0.0848364 0.089173 0.0961033 0.103074 0.107974 0.109956 0.109479 0.107755 0.106081 0.105391 0.106102 0.108142 0.111045 0.11411 0.116623 0.118119 0.118557 0.118314 0.117978 0.118072 0.118838 0.120183 0.121774 0.123203 0.124149 0.124474 0.124273 0.12383 0.123517 0.123647 0.124361 0.125597 0.127165 0.128888 0.130707 0.132694 0.134977 0.137613 0.140516 0.143476 0.146248 0.148683 0.150817 0.152882 0.155243 0.158276 0.162238 0.167191 0.172995 0.179366 0.185962 0.192484 0.198785 0.204971 0.211466 0.218984 0.228403 0.240616 0.25649 0.277085 0.304101 0.340359 0.389826 0.456687 0.543195 0.646789 0.757812 0.859649 0.932385 0.959247
0.959618 0.932464 0.857092 0.75164 0.637635 0.532672 0.446461 0.380971 0.333218 0.298493 0.272586 0.252619 0.236922 0.224513 0.214638 0.206546 0.199519 0.193006 0.186722 0.180614 0.174759 0.169266 0.164259 0.159886 0.15629 0.153526 0.151454 0.149731 0.147915 0.145655 0.142847 0.139667 0.136471 0.133609 0.131269 0.129432 0.127931 0.126598 0.125374 0.124342 0.123651 0.123397 0.123527 0.123827 0.123997 0.123765 0.122985 0.121696 0.12013 0.118655 0.117657 0.117357 0.117651 0.118082 0.118008 0.1169 0.114633 0.111579 0.108471 0.106118 0.105113 0.105619 0.107248 0.109044 0.109648 0.107757 0.102839 0.095722 0.0885838 0.0840965 0.0840965 0.0885838 0.095722 0.102839 0.107757 0.109648 0.109044 0.107248 0.105619 0.105113 0.106118 0.108471 0.111579 0.114633 0.1169 0.118008 0.118082 0.117651 0.117357 0.117657 0.118655 0.12013 0.121696 0.122985 0.123765 0.123997 0.123827 0.123527 0.123397 0.123651 0.124342 0.125374 0.126598 0.127931 0.129432 0.131269 0.133609 0.136471 0.139667 0.142847 0.145655 0.147915 0.149731 0.151454 0.153526 0.15629 0.159886 0.164259 0.169266 0.174759 0.180614 0.186722 0.193006 0.199519 0.206546 0.214638 0.224513 0.236922 0.252619 0.272586 0.298493 0.333218 0.380971 0.446461 0.532672 0.637635 0.75164 0.857092 0.932464 0.959618
0.960246 0.932593 0.855127 0.746687 0.629735 0.522561 0.435099 0.369182 0.321594 0.287486 0.262601 0.243998 0.229841 0.218909 0.210229 0.202961 0.196445 0.190288 0.184358 0.178684 0.173318 0.168282 0.163605 0.159394 0.155824 0.153035 0.15099 0.149408 0.147852 0.14592 0.143424 0.140463 0.137341 0.134413 0.131934 0.12998 0.128453 0.127154 0.125895 0.124596 0.123336 0.122303 0.121669 0.121471 0.12155 0.12161 0.121346 0.120589 0.119412 0.118128 0.117164 0.116844 0.117164 0.117723 0.117871 0.117031 0.115017 0.112159 0.109171 0.10686 0.105832 0.106299 0.107967 0.109962 0.110905 0.109323 0.104438 0.0969644 0.0892393 0.0843046 0.0843046 0.0892393 0.0969644 0.104438 0.109323 0.110905 0.109962 0.107967 0.106299 0.105832 0.10686 0.109171 0.112159 0.115017 0.117031 0.117871 0.117723 0.117164 0.116844 0.117164 0.118128 0.119412 0.120589 0.121346 0.12161 0.12155 0.121471 0.121669 0.122303 0.123336 0.124596 0.125895 0.127154 0.128453 0.12998 0.131934 0.134413 0.137341 0.140463 0.143424 0.14592 0.147852 0.149408 0.15099 0.153035 0.155824 0.159394 0.163605 0.168282 0.173318 0.178684 0.184358 0.190288 0.196445 0.202961 0.210229 0.218909 0.229841 0.243998 0.262601 0.287486 0.321594 0.369182 0.435099 0.522561 0.629735 0.746687 0.855127 0.932593 0.960246
0.96118 0.932389 0.851267 0.738593 0.618893 0.511475 0.425907 0.362803 0.317726 0.28522 0.26111 0.242882 0.229033 0.218344 0.209608 0.201793 0.194323 0.187157 0.180585 0.174891 0.170112 0.166039 0.162407 0.159093 0.156175 0.153809 0.152034 0.15065 0.149272 0.147508 0.145156 0.142285 0.139177 0.136188 0.133613 0.131606 0.130136 0.128997 0.127867 0.126454 0.124657 0.122661 0.120862 0.119656 0.119203 0.119323 0.11959 0.119578 0.119103 0.118333 0.117681 0.117543 0.118012 0.118739 0.119063 0.118346 0.116334 0.113329 0.110077 0.107464 0.106209 0.106639 0.108538 0.111024 0.112583 0.111508 0.106805 0.0991299 0.0909905 0.085731 0.085731 0.0909905 0.0991299 0.106805 0.111508 0.112583 0.111024 0.108538 0.106639 0.106209 0.107464 0.110077 0.113329 0.116334 0.118346 0.119063 0.118739 0.118012 0.117543 0.117681 0.118333 0.119103 0.119578 0.11959 0.119323 0.119203 0.119656 0.120862 0.122661 0.124657 0.126454 0.127867 0.128997 0.130136 0.131606 0.133613 0.136188 0.139177 0.142285 0.145156 0.147508 0.149272 0.15065 0.152034 0.153809 0.156175 0.159093 0.162407 0.166039 0.170112 0.174891 0.180585 0.187157 0.194323 0.201793 0.209608 0.218344 0.229033 0.242882 0.26111 0.28522 0.317726 0.362803 0.425907 0.511475 0.618893 0.738593 0.851267 0.932389 0.96118
0.962468 0.933159 0.850001 0.734855 0.61337 0.505429 0.420501 0.358702 0.315063 0.283768 0.260502 0.242813 0.229367 0.219089 0.21078 0.203277 0.195851 0.188423 0.181395 0.175254 0.170225 0.166204 0.162916 0.160129 0.157753 0.155793 0.154228 0.152913 0.151572 0.149895 0.147672 0.144888 0.141739 0.138556 0.135706 0.133472 0.131947 0.130973 0.130163 0.129063 0.127392 0.125235 0.123025 0.121315 0.120458 0.120416 0.120793 0.121071 0.120895 0.120244 0.119422 0.118868 0.11887 0.119318 0.119687 0.119284 0.117676 0.114987 0.111904 0.109369 0.108195 0.108768 0.11087 0.11357 0.11526 0.114112 0.109036 0.100717 0.0918662 0.086135 0.086135 0.0918662 0.100717 0.109036 0.114112 0.11526 0.11357 0.11087 0.108768 0.108195 0.109369 0.111904 0.114987 0.117676 0.119284 0.119687 0.119318 0.11887 0.118868 0.119422 0.120244 0.120895 0.121071 0.120793 0.120416 0.120458 0.121315 0.123025 0.125235 0.127392 0.129063 0.130163 0.130973 0.131947 0.133472 0.135706 0.138556 0.141739 0.144888 0.147672 0.149895 0.151572 0.152913 0.154228 0.155793 0.157753 0.160129 0.162916 0.166204 0.170225 0.175254 0.181395 0.188423 0.195851 0.203277 0.21078 0.219089 0.229367 0.242813 0.260502 0.283768 0.315063 0.358702 0.420501 0.505429 0.61337 0.734855 0.850001 0.933159 0.962468
0.964173 0.934043 0.847011 0.727 0.602032 0.493286 0.409992 0.351039 0.310176 0.2809 0.258879 0.242 0.229258 0.2197 0.212058 0.205028 0.19779 0.190279 0.183 0.176574 0.171359 0.16736 0.164368 0.162117 0.160349 0.158808 0.157263 0.155568 0.153695 0.151684 0.149538 0.147189 0.144572 0.141761 0.139034 0.136767 0.135215 0.134308 0.133618 0.132557 0.130711 0.1281 0.125209 0.122727 0.121191 0.120726 0.121048 0.121653 0.122079 0.12209 0.121759 0.121408 0.121397 0.121832 0.122368 0.122293 0.120934 0.118145 0.114542 0.111289 0.109563 0.110013 0.112436 0.115711 0.117979 0.117195 0.112133 0.103468 0.0940908 0.087969 0.087969 0.0940908 0.103468 0.112133 0.117195 0.117979 0.115711 0.112436 0.110013 0.109563 0.111289 0.114542 0.118145 0.120934 0.122293 0.122368 0.121832 0.121397 0.121408 0.121759 0.12209 0.122079 0.121653 0.121048 0.120726 0.121191 0.122727 0.125209 0.1281 0.130711 0.132557 0.133618 0.134308 0.135215 0.136767 0.139034 0.141761 0.144572 0.147189 0.149538 0.151684 0.153695 0.155568 0.157263 0.158808 0.160349 0.162117 0.164368 0.16736 0.171359 0.176574 0.183 0.190279 0.19779 0.205028 0.212058 0.2197 0.229258 0.242 0.258879 0.2809 0.310176 0.351039 0.409992 0.493286 0.602032 0.727 0.847011 0.934043 0.964173
0.966361 0.934933 0.843739 0.718844 0.590803 0.482058 0.401324 0.345945 0.30823 0.281002 0.259998 0.243534 0.231031 0.221795 0.214625 0.208157 0.201444 0.194288 0.187105 0.180512 0.17496 0.170624 0.16748 0.16537 0.163985 0.162868 0.161546 0.159765 0.157613 0.15539 0.153299 0.151251 0.148943 0.146166 0.143059 0.140091 0.137772 0.136309 0.135445 0.134583 0.133142 0.130914 0.128213 0.125714 0.124073 0.123572 0.124 0.124799 0.125342 0.125217 0.124395 0.123269 0.12246 0.122434 0.12311 0.123767 0.123436 0.121563 0.118477 0.1153 0.113381 0.113626 0.116059 0.119669 0.122528 0.122328 0.117509 0.108581 0.098612 0.0920088 0.0920088 0.098612 0.108581 0.117509 0.122328 0.122528 0.119669 0.116059 0.113626 0.113381 0.1153 0.118477 0.121563 0.123436 0.123767 0.12311 0.122434 0.12246 0.123269 0.124395 0.125217 0.125342 0.124799 0.124 0.123572 0.124073 0.125714 0.128213 0.130914 0.133142 0.134583 0.135445 0.136309 0.137772 0.140091 0.143059 0.146166 0.148943 0.151251 0.153299 0.15539 0.157613 0.159765 0.161546 0.162868 0.163985 0.16537 0.16748 0.170624 0.17496 0.180512 0.187105 0.194288 0.201444 0.208157 0.214625 0.221795 0.231031 0.243534 0.259998 0.281002 0.30823 0.345945 0.401324 0.482058 0.590803 0.718844 0.843739 0.934933 0.966361
0.969074 0.93726 0.844197 0.71701 0.587574 0.479023 0.399826 0.346501 0.310558 0.284433 0.263894 0.247459 0.234694 0.224938 0.217069 0.209967 0.203022 0.19621 0.189801 0.18405 0.179119 0.175143 0.172228 0.170309 0.169008 0.167692 0.165774 0.163075 0.159944 0.157015 0.15474 0.153071 0.151558 0.14974 0.147503 0.145126 0.143035 0.141497 0.14046 0.139586 0.138426 0.136656 0.134304 0.131813 0.129866 0.129007 0.12929 0.130193 0.130887 0.130691 0.129459 0.127691 0.126272 0.125934 0.126722 0.127845 0.128113 0.126715 0.123805 0.120459 0.118093 0.117784 0.119796 0.123343 0.126547 0.126878 0.12238 0.113295 0.102803 0.0957421 0.0957421 0.102803 0.113295 0.12238 0.126878 0.126547 0.123343 0.119796 0.117784 0.118093 0.120459 0.123805 0.126715 0.128113 0.127845 0.126722 0.125934 0.126272 0.127691 0.129459 0.130691 0.130887 0.130193 0.12929 0.129007 0.129866 0.131813 0.134304 0.136656 0.138426 0.139586 0.14046 0.141497 0.143035 0.145126 0.147503 0.14974 0.151558 0.153071 0.15474 0.157015 0.159944 0.163075 0.165774 0.167692 0.169008 0.170309 0.172228 0.175143 0.179119 0.18405 0.189801 0.19621 0.203022 0.209967 0.217069 0.224938 0.234694 0.247459 0.263894 0.284433 0.310558 0.346501 0.399826 0.479023 0.587574 0.71701 0.844197 0.93726 0.969074
0.97233 0.939746 0.843961 0.713401 0.581602 0.472636 0.394787 0.343653 0.309828 0.285364 0.266201 0.251173 0.239857 0.231249 0.223889 0.216725 0.209606 0.202948 0.197029 0.191702 0.186715 0.182162 0.178503 0.176101 0.174744 0.173637 0.171893 0.169132 0.165721 0.162469 0.160023 0.158455 0.157308 0.156018 0.154304 0.152246 0.1501 0.148097 0.146379 0.144996 0.143842 0.142624 0.141031 0.13906 0.137188 0.136118 0.136224 0.137164 0.138009 0.13782 0.136268 0.133888 0.131808 0.131068 0.131904 0.133466 0.134272 0.133169 0.130135 0.126334 0.123416 0.122655 0.124426 0.128032 0.131673 0.13272 0.128862 0.119946 0.109123 0.101665 0.101665 0.109123 0.119946 0.128862 0.13272 0.131673 0.128032 0.124426 0.122655 0.123416 0.126334 0.130135 0.133169 0.134272 0.133466 0.131904 0.131068 0.131808 0.133888 0.136268 0.13782 0.138009 0.137164 0.136224 0.136118 0.137188 0.13906 0.141031 0.142624 0.143842 0.144996 0.146379 0.148097 0.1501 0.152246 0.154304 0.156018 0.157308 0.158455 0.160023 0.162469 0.165721 0.169132 0.171893 0.173637 0.174744 0.176101 0.178503 0.182162 0.186715 0.191702 0.197029 0.202948 0.209606 0.216725 0.223889 0.231249 0.239857 0.251173 0.266201 0.285364 0.309828 0.343653 0.394787 0.472636 0.581602 0.713401 0.843961 0.939746 0.97233
0.976112 0.941789 0.841751 0.707611 0.575566 0.469728 0.39622 0.348427 0.316261 0.292467 0.273883 0.259586 0.24876 0.239908 0.23146 0.222789 0.214477 0.207526 0.202289 0.198175 0.194332 0.190514 0.187216 0.185005 0.18381 0.182847 0.181198 0.178462 0.17496 0.17143 0.168537 0.166539 0.165234 0.164145 0.162782 0.160855 0.158376 0.155653 0.153176 0.151393 0.150408 0.14983 0.148996 0.147526 0.145737 0.144455 0.144314 0.145153 0.146034 0.145866 0.144114 0.141149 0.138093 0.136266 0.136417 0.138142 0.139973 0.140274 0.138411 0.13526 0.132647 0.132194 0.134455 0.138632 0.142687 0.143779 0.139472 0.129656 0.117775 0.10959 0.10959 0.117775 0.129656 0.139472 0.143779 0.142687 0.138632 0.134455 0.132194 0.132647 0.13526 0.138411 0.140274 0.139973 0.138142 0.136417 0.136266 0.138093 0.141149 0.144114 0.145866 0.146034 0.145153 0.144314 0.144455 0.145737 0.147526 0.148996 0.14983 0.150408 0.151393 0.153176 0.155653 0.158376 0.160855 0.162782 0.164145 0.165234 0.166539 0.168537 0.17143 0.17496 0.178462 0.181198 0.182847 0.18381 0.185005 0.187216 0.190514 0.194332 0.198175 0.202289 0.207526 0.214477 0.222789 0.23146 0.239908 0.24876 0.259586 0.273883 0.292467 0.316261 0.348427 0.39622 0.469728 0.575566 0.707611 0.841751 0.941789 0.976112
0.980353 0.944942 0.841832 0.704957 0.572973 0.47041 0.401436 0.356799 0.32514 0.299964 0.279893 0.265271 0.255284 0.247598 0.239924 0.231577 0.223536 0.217094 0.212478 0.208741 0.204826 0.200596 0.196801 0.194139 0.192482 0.191012 0.18899 0.186273 0.183164 0.179993 0.176987 0.174435 0.172691 0.171856 0.171502 0.17086 0.16938 0.167169 0.164914 0.163358 0.162701 0.162388 0.161492 0.159484 0.156745 0.154337 0.15315 0.153206 0.153718 0.153753 0.152832 0.151079 0.149081 0.147714 0.147775 0.14932 0.151211 0.151631 0.149479 0.14545 0.141715 0.140475 0.142629 0.147357 0.152366 0.154478 0.150897 0.141266 0.129109 0.120589 0.120589 0.129109 0.141266 0.150897 0.154478 0.152366 0.147357 0.142629 0.140475 0.141715 0.14545 0.149479 0.151631 0.151211 0.14932 0.147775 0.147714 0.149081 0.151079 0.152832 0.153753 0.153718 0.153206 0.15315 0.154337 0.156745 0.159484 0.161492 0.162388 0.162701 0.163358 0.164914 0.167169 0.16938 0.17086 0.171502 0.171856 0.172691 0.174435 0.176987 0.179993 0.183164 0.186273 0.18899 0.191012 0.192482 0.194139 0.196801 0.200596 0.204826 0.208741 0.212478 0.217094 0.223536 0.231577 0.239924 0.247598 0.255284 0.265271 0.279893 0.299964 0.32514 0.356799 0.401436 0.47041 0.572973 0.704957 0.841832 0.944942 0.980353
0.984781 0.94793 0.840887 0.700099 0.566914 0.466719 0.402345 0.362282 0.333639 0.309851 0.290423 0.276437 0.267051 0.259485 0.251352 0.242465 0.23438 0.228458 0.224525 0.221257 0.217559 0.213429 0.209604 0.206588 0.204143 0.201683 0.199016 0.196508 0.194517 0.192836 0.190937 0.188708 0.186708 0.185511 0.184895 0.183888 0.181667 0.178365 0.174977 0.172567 0.171521 0.171388 0.171273 0.170491 0.169059 0.167659 0.16701 0.167186 0.16752 0.167179 0.16576 0.163383 0.160518 0.15794 0.156627 0.157152 0.158878 0.160048 0.159168 0.156455 0.153816 0.153316 0.155719 0.160181 0.164657 0.166273 0.162193 0.151727 0.138371 0.1289 0.1289 0.138371 0.151727 0.162193 0.166273 0.164657 0.160181 0.155719 0.153316 0.153816 0.156455 0.159168 0.160048 0.158878 0.157152 0.156627 0.15794 0.160518 0.163383 0.16576 0.167179 0.16752 0.167186 0.16701 0.167659 0.169059 0.170491 0.171273 0.171388 0.171521 0.172567 0.174977 0.178365 0.181667 0.183888 0.184895 0.185511 0.186708 0.188708 0.190937 0.192836 0.194517 0.196508 0.199016 0.201683 0.204143 0.206588 0.209604 0.213429 0.217559 0.221257 0.224525 0.228458 0.23438 0.242465 0.251352 0.259485 0.267051 0.276437 0.290423 0.309851 0.333639 0.362282 0.402345 0.466719 0.566914 0.700099 0.840887 0.94793 0.984781
0.987609 0.950126 0.840341 0.698274 0.567864 0.473514 0.414734 0.377499 0.34885 0.323828 0.303488 0.289378 0.280153 0.27245 0.263971 0.255149 0.24784 0.242886 0.239347 0.235834 0.231999 0.22854 0.226086 0.224414 0.222725 0.220492 0.217922 0.215585 0.213616 0.211413 0.208281 0.20437 0.200769 0.198484 0.197407 0.19648 0.194897 0.192911 0.191384 0.190771 0.190768 0.190778 0.190361 0.189226 0.187235 0.184728 0.182636 0.181901 0.182705 0.184403 0.18614 0.187385 0.188027 0.1884 0.189267 0.191288 0.194096 0.196153 0.196078 0.194216 0.19254 0.192877 0.195513 0.199505 0.203531 0.205726 0.203477 0.195237 0.183471 0.174669 0.174669 0.183471 0.195237 0.203477 0.205726 0.203531 0.199505 0.195513 0.192877 0.19254 0.194216 0.196078 0.196153 0.194096 0.191288 0.189267 0.1884 0.188027 0.187385 0.18614 0.184403 0.182705 0.181901 0.182636 0.184728 0.187235 0.189226 0.190361 0.190778 0.190768 0.190771 0.191384 0.192911 0.194897 0.19648 0.197407 0.198484 0.200769 0.20437 0.208281 0.211413 0.213616 0.215585 0.217922 0.220492 0.222725 0.224414 0.226086 0.22854 0.231999 0.235834 0.239347 0.242886 0.24784 0.255149 0.263971 0.27245 0.280153 0.289378 0.303488 0.323828 0.34885 0.377499 0.414734 0.473514 0.567864 0.698274 0.840341 0.950126 0.987609
0.985032 0.947309 0.835764 0.692901 0.564643 0.474682 0.419931 0.384566 0.356081 0.331187 0.311926 0.299454 0.291491 0.284349 0.276365 0.268899 0.264009 0.261697 0.259913 0.256965 0.253191 0.250053 0.248115 0.246462 0.243961 0.240609 0.237439 0.235351 0.234272 0.233394 0.232047 0.230322 0.228879 0.22816 0.227752 0.226707 0.22458 0.221954 0.21971 0.217962 0.216152 0.214144 0.212652 0.212295 0.212665 0.212836 0.212567 0.212418 0.212706 0.212919 0.212389 0.211094 0.209485 0.207968 0.206958 0.207004 0.208132 0.209235 0.208967 0.207469 0.206469 0.207288 0.209427 0.211616 0.213412 0.214555 0.213273 0.207343 0.197817 0.19025 0.19025 0.197817 0.207343 0.213273 0.214555 0.213412 0.211616 0.209427 0.207288 0.206469 0.207469 0.208967 0.209235 0.208132 0.207004 0.206958 0.207968 0.209485 0.211094 0.212389 0.212919 0.212706 0.212418 0.212567 0.212836 0.212665 0.212295 0.212652 0.214144 0.216152 0.217962 0.21971 0.221954 0.22458 0.226707 0.227752 0.22816 0.228879 0.230322 0.232047 0.233394 0.234272 0.235351 0.237439 0.240609 0.243961 0.246462 0.248115 0.250053 0.253191 0.256965 0.259913 0.261697 0.264009 0.268899 0.276365 0.284349 0.291491 0.299454 0.311926 0.331187 0.356081 0.384566 0.419931 0.474682 0.564643 0.692901 0.835764 0.947309 0.985032
0.973911 0.93303 0.815526 0.667677 0.537526 0.447331 0.391436 0.353787 0.324125 0.300985 0.285779 0.277476 0.272276 0.266689 0.260208 0.254938 0.252663 0.252619 0.252417 0.250833 0.248993 0.248643 0.249836 0.250888 0.250432 0.248838 0.247332 0.246276 0.244914 0.242584 0.239493 0.236206 0.23298 0.229854 0.226976 0.224546 0.222696 0.221567 0.221108 0.220607 0.218931 0.21567 0.211713 0.208169 0.205087 0.201926 0.199138 0.198298 0.200378 0.204667 0.209889 0.215621 0.221862 0.227894 0.23287 0.237309 0.242598 0.248653 0.253395 0.25525 0.255043 0.25438 0.253273 0.250979 0.248453 0.247626 0.247923 0.24599 0.24045 0.235128 0.235128 0.24045 0.24599 0.247923 0.247626 0.248453 0.250979 0.253273 0.25438 0.255043 0.25525 0.253395 0.248653 0.242598 0.237309 0.23287 0.227894 0.221862 0.215621 0.209889 0.204667 0.200378 0.198298 0.199138 0.201926 0.205087 0.208169 0.211713 0.21567 0.218931 0.220607 0.221108 0.221567 0.222696 0.224546 0.226976 0.229854 0.23298 0.236206 0.239493 0.242584 0.244914 0.246276 0.247332 0.248838 0.250432 0.250888 0.249836 0.248643 0.248993 0.250833 0.252417 0.252619 0.252663 0.254938 0.260208 0.266689 0.272276 0.277476 0.285779 0.300985 0.324125 0.353787 0.391436 0.447331 0.537526 0.667677 0.815526 0.93303 0.973911
0.989702 0.948729 0.835287 0.695958 0.57623 0.494617 0.443628 0.408204 0.379845 0.357448 0.341449 0.330123 0.320375 0.310408 0.3009 0.293505 0.288519 0.284393 0.279398 0.273326 0.267428 0.262883 0.259478 0.255868 0.251181 0.24603 0.241558 0.237844 0.234021 0.229878 0.22635 0.224114 0.222579 0.22079 0.218615 0.216349 0.213772 0.21054 0.207264 0.205251 0.205074 0.206154 0.207764 0.209534 0.210757 0.210329 0.208034 0.204929 0.201594 0.196891 0.189644 0.180791 0.172293 0.164383 0.155857 0.147158 0.140942 0.138608 0.138203 0.137317 0.13642 0.137156 0.138536 0.137815 0.135002 0.133088 0.132725 0.130163 0.123181 0.116346 0.116346 0.123181 0.130163 0.132725 0.133088 0.135002 0.137815 0.138536 0.137156 0.13642 0.137317 0.138203 0.138608 0.140942 0.147158 0.155857 0.164383 0.172293 0.180791 0.189644 0.196891 0.201594 0.204929 0.208034 0.210329 0.210757 0.209534 0.207764 0.206154 0.205074 0.205251 0.207264 0.21054 0.213772 0.216349 0.218615 0.22079 0.222579 0.224114 0.22635 0.229878 0.234021 0.237844 0.241558 0.24603 0.251181 0.255868 0.259478 0.262883 0.267428 0.273326 0.279398 0.284393 0.288519 0.293505 0.3009 0.310408 0.320375 0.330123 0.341449 0.357448 0.379845 0.408204 0.443628 0.494617 0.57623 0.695958 0.835287 0.948729 0.989702
0.987496 0.947776 0.841173 0.711153 0.598411 0.518521 0.465536 0.42866 0.401845 0.38279 0.369754 0.360861 0.354648 0.35039 0.347823 0.346233 0.343961 0.339258 0.331239 0.319574 0.304016 0.285083 0.264662 0.245208 0.228607 0.21604 0.208024 0.203904 0.201932 0.200537 0.199169 0.197598 0.195202 0.191728 0.188174 0.185846 0.184676 0.18347 0.181793 0.180359 0.17925 0.177256 0.173905 0.170813 0.169531 0.169106 0.167507 0.164707 0.162322 0.160728 0.158867 0.156872 0.156288 0.157148 0.157424 0.156471 0.156372 0.158087 0.158901 0.156441 0.153133 0.153018 0.155371 0.155845 0.153797 0.153282 0.155131 0.153538 0.144834 0.135548 0.135548 0.144834 0.153538 0.155131 0.153282 0.153797 0.155845 0.155371 0.153018 0.153133 0.156441 0.158901 0.158087 0.156372 0.156471 0.157424 0.157148 0.156288 0.156872 0.158867 0.160728 0.162322 0.164707 0.167507 0.169106 0.169531 0.170813 0.173905 0.177256 0.17925 0.180359 0.181793 0.18347 0.184676 0.185846 0.188174 0.191728 0.195202 0.197598 0.199169 0.200537 0.201932 0.203904 0.208024 0.21604 0.228607 0.245208 0.264662 0.285083 0.304016 0.319574 0.331239 0.339258 0.343961 0.346233 0.347823 0.35039 0.354648 0.360861 0.369754 0.38279 0.401845 0.42866 0.465536 0.518521 0.598411 0.711153 0.841173 0.947776 0.987496
0.974338 0.933701 0.825293 0.693916 0.580237 0.498479 0.442984 0.405076 0.379253 0.361164 0.347333 0.336192 0.326868 0.317999 0.308566 0.298588 0.288669 0.27987 0.27353 0.270008 0.268041 0.266169 0.264096 0.261977 0.25926 0.255195 0.250135 0.245643 0.243338 0.243785 0.246267 0.249189 0.250729 0.249786 0.246811 0.243292 0.23987 0.23555 0.22938 0.221961 0.214214 0.205733 0.196009 0.186409 0.178883 0.173283 0.168151 0.163769 0.161785 0.161698 0.160636 0.157449 0.154198 0.152214 0.149794 0.146057 0.143886 0.145437 0.147351 0.145104 0.140396 0.138846 0.141082 0.142349 0.141346 0.142172 0.144645 0.140465 0.125535 0.110582 0.110582 0.125535 0.140465 0.144645 0.142172 0.141346 0.142349 0.141082 0.138846 0.140396 0.145104 0.147351 0.145437 0.143886 0.146057 0.149794 0.152214 0.154198 0.157449 0.160636 0.161698 0.161785 0.163769 0.168151 0.173283 0.178883 0.186409 0.196009 0.205733 0.214214 0.221961 0.22938 0.23555 0.23987 0.243292 0.246811 0.249786 0.250729 0.249189 0.246267 0.243785 0.243338 0.245643 0.250135 0.255195 0.25926 0.261977 0.264096 0.266169 0.268041 0.270008 0.27353 0.27987 0.288669 0.298588 0.308566 0.317999 0.326868 0.336192 0.347333 0.361164 0.379253 0.405076 0.442984 0.498479 0.580237 0.693916 0.825293 0.933701 0.974338
0.966142 0.9136 0.778632 0.621654 0.493324 0.406088 0.347969 0.307723 0.28113 0.265286 0.256708 0.252391 0.249547 0.246417 0.243714 0.242957 0.243845 0.244891 0.245469 0.245873 0.246492 0.247748 0.249937 0.252746 0.255273 0.256207 0.254057 0.248254 0.239986 0.231039 0.222276 0.214219 0.208108 0.204991 0.204439 0.205217 0.206557 0.208102 0.209525 0.210868 0.212614 0.214996 0.217743 0.220459 0.222477 0.222552 0.220005 0.216322 0.214152 0.214157 0.214279 0.212821 0.210379 0.207433 0.202463 0.19509 0.188803 0.186633 0.185648 0.180617 0.172487 0.167739 0.168916 0.171792 0.173205 0.174508 0.173692 0.162309 0.138405 0.117032 0.117032 0.138405 0.162309 0.173692 0.174508 0.173205 0.171792 0.168916 0.167739 0.172487 0.180617 0.185648 0.186633 0.188803 0.19509 0.202463 0.207433 0.210379 0.212821 0.214279 0.214157 0.214152 0.216322 0.220005 0.222552 0.222477 0.220459 0.217743 0.214996 0.212614 0.210868 0.209525 0.208102 0.206557 0.205217 0.204439 0.204991 0.208108 0.214219 0.222276 0.231039 0.239986 0.248254 0.254057 0.256207 0.255273 0.252746 0.249937 0.247748 0.246492 0.245873 0.245469 0.244891 0.243845 0.242957 0.243714 0.246417 0.249547 0.252391 0.256708 0.265286 0.28113 0.307723 0.347969 0.406088 0.493324 0.621654 0.778632 0.9136 0.966142
0.973676 0.925592 0.79713 0.647287 0.52517 0.440353 0.38007 0.334834 0.301704 0.27828 0.262112 0.250438 0.239137 0.225692 0.211217 0.197253 0.184327 0.174479 0.170303 0.170911 0.172785 0.174045 0.175041 0.176519 0.179369 0.184104 0.189469 0.193662 0.196823 0.200052 0.20293 0.204718 0.206985 0.21229 0.220557 0.228839 0.234753 0.238722 0.242533 0.246895 0.251273 0.255226 0.258714 0.261714 0.264483 0.267024 0.267215 0.261453 0.249241 0.235518 0.226273 0.223126 0.223941 0.226859 0.231333 0.236716 0.242386 0.248501 0.254853 0.259912 0.26257 0.263772 0.265038 0.266556 0.267998 0.26915 0.267533 0.258401 0.241787 0.227633 0.227633 0.241787 0.258401 0.267533 0.26915 0.267998 0.266556 0.265038 0.263772 0.26257 0.259912 0.254853 0.248501 0.242386 0.236716 0.231333 0.226859 0.223941 0.223126 0.226273 0.235518 0.249241 0.261453 0.267215 0.267024 0.264483 0.261714 0.258714 0.255226 0.251273 0.246895 0.242533 0.238722 0.234753 0.228839 0.220557 0.21229 0.206985 0.204718 0.20293 0.200052 0.196823 0.193662 0.189469 0.184104 0.179369 0.176519 0.175041 0.174045 0.172785 0.170911 0.170303 0.174479 0.184327 0.197253 0.211217 0.225692 0.239137 0.250438 0.262112 0.27828 0.301704 0.334834 0.38007 0.440353 0.52517 0.647287 0.79713 0.925592 0.973676
0.985398 0.939483 0.818763 0.684024 0.579759 0.509346 0.462052 0.433154 0.416511 0.403374 0.39203 0.384942 0.380062 0.37424 0.368375 0.363289 0.357603 0.351656 0.346892 0.342325 0.336815 0.331737 0.327907 0.324023 0.319918 0.317016 0.315107 0.31244 0.308737 0.30548 0.303782 0.30337 0.303033 0.301624 0.298986 0.295799 0.292826 0.290638 0.28903 0.286293 0.280809 0.273524 0.266765 0.261181 0.256764 0.2559 0.261617 0.273018 0.285627 0.296151 0.304409 0.31114 0.316653 0.321558 0.326277 0.329651 0.329953 0.327102 0.322381 0.31694 0.312069 0.309282 0.308228 0.306125 0.301067 0.293654 0.283242 0.266252 0.243327 0.225443 0.225443 0.243327 0.266252 0.283242 0.293654 0.301067 0.306125 0.308228 0.309282 0.312069 0.31694 0.322381 0.327102 0.329953 0.329651 0.326277 0.321558 0.316653 0.31114 0.304409 0.296151 0.285627 0.273018 0.261617 0.2559 0.256764 0.261181 0.266765 0.273524 0.280809 0.286293 0.28903 0.290638 0.292826 0.295799 0.298986 0.301624 0.303033 0.30337 0.303782 0.30548 0.308737 0.31244 0.315107 0.317016 0.319918 0.324023 0.327907 0.331737 0.336815 0.342325 0.346892 0.351656 0.357603 0.363289 0.368375 0.37424 0.380062 0.384942 0.39203 0.403374 0.416511 0.433154 0.462052 0.509346 0.579759 0.684024 0.818763 0.939483 0.985398
0.990616 0.938477 0.806607 0.670089 0.57316 0.507721 0.458832 0.425583 0.403176 0.382548 0.364026 0.350691 0.339077 0.327271 0.318205 0.310947 0.301803 0.292288 0.285588 0.280677 0.276977 0.277389 0.282232 0.286748 0.286709 0.282675 0.278866 0.278966 0.281943 0.283472 0.282233 0.28093 0.280618 0.279247 0.276139 0.272881 0.269985 0.266635 0.262924 0.25934 0.255333 0.250449 0.2454 0.24092 0.237207 0.235045 0.235729 0.239428 0.245035 0.25206 0.261482 0.274147 0.289448 0.306049 0.322174 0.3348 0.341327 0.342698 0.34203 0.340386 0.337193 0.333967 0.33359 0.336161 0.338854 0.339343 0.33605 0.326539 0.311283 0.298579 0.298579 0.311283 0.326539 0.33605 0.339343 0.338854 0.336161 0.33359 0.333967 0.337193 0.340386 0.34203 0.342698 0.341327 0.3348 0.322174 0.306049 0.289448 0.274147 0.261482 0.25206 0.245035 0.239428 0.235729 0.235045 0.237207 0.24092 0.2454 0.250449 0.255333 0.25934 0.262924 0.266635 0.269985 0.272881 0.276139 0.279247 0.280618 0.28093 0.282233 0.283472 0.281943 0.278966 0.278866 0.282675 0.286709 0.286748 0.282232 0.277389 0.276977 0.280677 0.285588 0.292288 0.301803 0.310947 0.318205 0.327271 0.339077 0.350691 0.364026 0.382548 0.403176 0.425583 0.458832 0.507721 0.57316 0.670089 0.806607 0.938477 0.990616
0.985094 0.926674 0.786068 0.646357 0.547472 0.474427 0.415458 0.376187 0.352425 0.332233 0.312665 0.294365 0.27681 0.264654 0.261641 0.261861 0.259266 0.255617 0.25242 0.247825 0.243416 0.24252 0.243394 0.241943 0.237283 0.230729 0.223959 0.218957 0.215994 0.212719 0.207196 0.200198 0.194712 0.194607 0.202311 0.216975 0.235756 0.255672 0.273503 0.286345 0.293479 0.296497 0.297517 0.297946 0.298536 0.299543 0.300227 0.298937 0.295107 0.290643 0.287826 0.286629 0.285742 0.28483 0.283366 0.2795 0.274096 0.272961 0.279475 0.288071 0.291047 0.288475 0.285754 0.285384 0.2868 0.289694 0.289868 0.276634 0.246881 0.219477 0.219477 0.246881 0.276634 0.289868 0.289694 0.2868 0.285384 0.285754 0.288475 0.291047 0.288071 0.279475 0.272961 0.274096 0.2795 0.283366 0.28483 0.285742 0.286629 0.287826 0.290643 0.295107 0.298937 0.300227 0.299543 0.298536 0.297946 0.297517 0.296497 0.293479 0.286345 0.273503 0.255672 0.235756 0.216975 0.202311 0.194607 0.194712 0.200198 0.207196 0.212719 0.215994 0.218957 0.223959 0.230729 0.237283 0.241943 0.243394 0.24252 0.243416 0.247825 0.25242 0.255617 0.259266 0.261861 0.261641 0.264654 0.27681 0.294365 0.312665 0.332233 0.352425 0.376187 0.415458 0.474427 0.547472 0.646357 0.786068 0.926674 0.985094
0.978057 0.919826 0.781612 0.643063 0.539604 0.461518 0.40352 0.367531 0.344168 0.324049 0.308165 0.296872 0.286772 0.277568 0.269787 0.262076 0.255048 0.250215 0.247025 0.245887 0.24845 0.253669 0.259156 0.263868 0.266369 0.265669 0.264442 0.266209 0.270602 0.27461 0.276011 0.274384 0.271092 0.267897 0.264862 0.261055 0.255876 0.24797 0.236159 0.222421 0.210132 0.200826 0.196033 0.198168 0.206955 0.219064 0.231161 0.240352 0.244555 0.244698 0.243867 0.243786 0.243722 0.241937 0.237066 0.22939 0.222317 0.220291 0.222051 0.220083 0.211443 0.20268 0.198849 0.196618 0.193983 0.195977 0.201263 0.193409 0.162641 0.130698 0.130698 0.162641 0.193409 0.201263 0.195977 0.193983 0.196618 0.198849 0.20268 0.211443 0.220083 0.222051 0.220291 0.222317 0.22939 0.237066 0.241937 0.243722 0.243786 0.243867 0.244698 0.244555 0.240352 0.231161 0.219064 0.206955 0.198168 0.196033 0.200826 0.210132 0.222421 0.236159 0.24797 0.255876 0.261055 0.264862 0.267897 0.271092 0.274384 0.276011 0.27461 0.270602 0.266209 0.264442 0.265669 0.266369 0.263868 0.259156 0.253669 0.24845 0.245887 0.247025 0.250215 0.255048 0.262076 0.269787 0.277568 0.286772 0.296872 0.308165 0.324049 0.344168 0.367531 0.40352 0.461518 0.539604 0.643063 0.781612 0.919826 0.978057
0.971954 0.920924 0.79371 0.650136 0.533481 0.455146 0.406662 0.373689 0.348079 0.329098 0.314747 0.302241 0.292947 0.287082 0.281693 0.277504 0.276454 0.275506 0.272882 0.271459 0.270756 0.267565 0.263194 0.259074 0.252504 0.243416 0.235292 0.22885 0.223579 0.220534 0.219043 0.217983 0.219564 0.225207 0.232141 0.237943 0.242356 0.244154 0.242486 0.239749 0.238107 0.236072 0.231364 0.223529 0.21351 0.203618 0.195689 0.188731 0.181364 0.173781 0.166131 0.159286 0.154591 0.15032 0.144138 0.137609 0.133136 0.131334 0.132347 0.134309 0.133783 0.130534 0.127938 0.129514 0.136459 0.145967 0.151865 0.147887 0.13344 0.119162 0.119162 0.13344 0.147887 0.151865 0.145967 0.136459 0.129514 0.127938 0.130534 0.133783 0.134309 0.132347 0.131334 0.133136 0.137609 0.144138 0.15032 0.154591 0.159286 0.166131 0.173781 0.181364 0.188731 0.195689 0.203618 0.21351 0.223529 0.231364 0.236072 0.238107 0.239749 0.242486 0.244154 0.242356 0.237943 0.232141 0.225207 0.219564 0.217983 0.219043 0.220534 0.223579 0.22885 0.235292 0.243416 0.252504 0.259074 0.263194 0.267565 0.270756 0.271459 0.272882 0.275506 0.276454 0.277504 0.281693 0.287082 0.292947 0.302241 0.314747 0.329098 0.348079 0.373689 0.406662 0.455146 0.533481 0.650136 0.79371 0.920924 0.971954
0.965813 0.909023 0.769997 0.622431 0.510636 0.439185 0.395309 0.365197 0.343648 0.331602 0.324746 0.31581 0.304505 0.294579 0.287475 0.283365 0.281293 0.278769 0.274491 0.268263 0.26063 0.255564 0.256767 0.26108 0.263253 0.263133 0.26237 0.261068 0.259538 0.257296 0.253157 0.247894 0.241443 0.232196 0.222562 0.215713 0.208415 0.197233 0.185093 0.175199 0.16693 0.159346 0.152263 0.144971 0.137443 0.131442 0.128371 0.127479 0.127977 0.129517 0.130415 0.130624 0.132513 0.13538 0.136768 0.136788 0.13556 0.134024 0.13503 0.136899 0.135684 0.132902 0.131164 0.130859 0.133295 0.137674 0.139951 0.136456 0.125736 0.114385 0.114385 0.125736 0.136456 0.139951 0.137674 0.133295 0.130859 0.131164 0.132902 0.135684 0.136899 0.13503 0.134024 0.13556 0.136788 0.136768 0.13538 0.132513 0.130624 0.130415 0.129517 0.127977 0.127479 0.128371 0.131442 0.137443 0.144971 0.152263 0.159346 0.16693 0.175199 0.185093 0.197233 0.208415 0.215713 0.222562 0.232196 0.241443 0.247894 0.253157 0.257296 0.259538 0.261068 0.26237 0.263133 0.263253 0.26108 0.256767 0.255564 0.26063 0.268263 0.274491 0.278769 0.281293 0.283365 0.287475 0.294579 0.304505 0.31581 0.324746 0.331602 0.343648 0.365197 0.395309 0.439185 0.510636 0.622431 0.769997 0.909023 0.965813
0.964514 0.903681 0.763236 0.61481 0.501731 0.429146 0.387244 0.366311 0.35803 0.352127 0.33974 0.322745 0.309586 0.301361 0.293861 0.288115 0.287025 0.288415 0.288525 0.286931 0.286634 0.290889 0.297915 0.30118 0.296975 0.286937 0.273441 0.257898 0.241986 0.227071 0.213943 0.203077 0.194202 0.187875 0.185677 0.185939 0.184724 0.181691 0.178377 0.175209 0.174021 0.17552 0.176804 0.176826 0.176556 0.175522 0.17458 0.174967 0.175151 0.173567 0.169713 0.164884 0.162114 0.160301 0.156919 0.154073 0.151726 0.148635 0.148782 0.15172 0.152147 0.150674 0.148433 0.14609 0.148635 0.154069 0.154474 0.148586 0.137112 0.125104 0.125104 0.137112 0.148586 0.154474 0.154069 0.148635 0.14609 0.148433 0.150674 0.152147 0.15172 0.148782 0.148635 0.151726 0.154073 0.156919 0.160301 0.162114 0.164884 0.169713 0.173567 0.175151 0.174967 0.17458 0.175522 0.176556 0.176826 0.176804 0.17552 0.174021 0.175209 0.178377 0.181691 0.184724 0.185939 0.185677 0.187875 0.194202 0.203077 0.213943 0.227071 0.241986 0.257898 0.273441 0.286937 0.296975 0.30118 0.297915 0.290889 0.286634 0.286931 0.288525 0.288415 0.287025 0.288115 0.293861 0.301361 0.309586 0.322745 0.33974 0.352127 0.35803 0.366311 0.387244 0.429146 0.501731 0.61481 0.763236 0.903681 0.964514
0.96732 0.909191 0.769135 0.63486 0.542208 0.473019 0.416176 0.376156 0.350889 0.333897 0.32251 0.314789 0.308323 0.302561 0.297171 0.289341 0.27605 0.258378 0.240174 0.223501 0.209728 0.201848 0.2005 0.201892 0.202581 0.202065 0.201098 0.200596 0.200698 0.200492 0.200109 0.201934 0.208581 0.220591 0.236166 0.251238 0.260844 0.263394 0.261595 0.258197 0.254234 0.249658 0.244001 0.238119 0.232948 0.228279 0.22477 0.221902 0.218022 0.214372 0.211213 0.207587 0.205913 0.205441 0.203561 0.202799 0.201655 0.197844 0.196846 0.19661 0.191887 0.188672 0.186219 0.180414 0.179708 0.181867 0.176609 0.168816 0.159289 0.147126 0.147126 0.159289 0.168816 0.176609 0.181867 0.179708 0.180414 0.186219 0.188672 0.191887 0.19661 0.196846 0.197844 0.201655 0.202799 0.203561 0.205441 0.205913 0.207587 0.211213 0.214372 0.218022 0.221902 0.22477 0.228279 0.232948 0.238119 0.244001 0.249658 0.254234 0.258197 0.261595 0.263394 0.260844 0.251238 0.236166 0.220591 0.208581 0.201934 0.200109 0.200492 0.200698 0.200596 0.201098 0.202065 0.202581 0.201892 0.2005 0.201848 0.209728 0.223501 0.240174 0.258378 0.27605 0.289341 0.297171 0.302561 0.308323 0.314789 0.32251 0.333897 0.350889 0.376156 0.416176 0.473019 0.542208 0.63486 0.769135 0.909191 0.96732
0.971909 0.91776 0.793611 0.662648 0.558459 0.482665 0.431584 0.402823 0.389568 0.381249 0.371288 0.361159 0.352177 0.338831 0.316278 0.287818 0.261298 0.242336 0.231178 0.224302 0.218835 0.214024 0.209634 0.20611 0.204682 0.205189 0.20576 0.204964 0.20286 0.200445 0.198264 0.196128 0.194839 0.195201 0.195576 0.19434 0.192049 0.189554 0.187403 0.185512 0.183328 0.181845 0.181841 0.182738 0.186036 0.194177 0.206278 0.218016 0.225577 0.229286 0.2303 0.228835 0.227548 0.226617 0.22391 0.222664 0.223869 0.224896 0.2268 0.225962 0.221137 0.220334 0.219718 0.2151 0.21469 0.211154 0.200875 0.198146 0.189263 0.16655 0.16655 0.189263 0.198146 0.200875 0.211154 0.21469 0.2151 0.219718 0.220334 0.221137 0.225962 0.2268 0.224896 0.223869 0.222664 0.22391 0.226617 0.227548 0.228835 0.2303 0.229286 0.225577 0.218016 0.206278 0.194177 0.186036 0.182738 0.181841 0.181845 0.183328 0.185512 0.187403 0.189554 0.192049 0.19434 0.195576 0.195201 0.194839 0.196128 0.198264 0.200445 0.20286 0.204964 0.20576 0.205189 0.204682 0.20611 0.209634 0.214024 0.218835 0.224302 0.231178 0.242336 0.261298 0.287818 0.316278 0.338831 0.352177 0.361159 0.371288 0.381249 0.389568 0.402823 0.431584 0.482665 0.558459 0.662648 0.793611 0.91776 0.971909
0.974691 0.907709 0.768027 0.635022 0.536513 0.470672 0.433418 0.412832 0.395787 0.376133 0.352083 0.328529 0.312514 0.303062 0.296784 0.295319 0.299172 0.304343 0.306797 0.304724 0.298262 0.287205 0.269724 0.246841 0.224531 0.208022 0.197407 0.189983 0.183946 0.17879 0.174363 0.170446 0.166768 0.163421 0.160168 0.156711 0.154384 0.154065 0.154492 0.154845 0.155242 0.15589 0.156828 0.157466 0.158418 0.160551 0.162265 0.162546 0.162723 0.164449 0.167677 0.169523 0.169458 0.170717 0.174485 0.181273 0.189991 0.198685 0.21234 0.230068 0.241092 0.247892 0.257406 0.264304 0.265172 0.260418 0.254903 0.254332 0.244292 0.223123 0.223123 0.244292 0.254332 0.254903 0.260418 0.265172 0.264304 0.257406 0.247892 0.241092 0.230068 0.21234 0.198685 0.189991 0.181273 0.174485 0.170717 0.169458 0.169523 0.167677 0.164449 0.162723 0.162546 0.162265 0.160551 0.158418 0.157466 0.156828 0.15589 0.155242 0.154845 0.154492 0.154065 0.154384 0.156711 0.160168 0.163421 0.166768 0.170446 0.174363 0.17879 0.183946 0.189983 0.197407 0.208022 0.224531 0.246841 0.269724 0.287205 0.298262 0.304724 0.306797 0.304343 0.299172 0.295319 0.296784 0.303062 0.312514 0.328529 0.352083 0.376133 0.395787 0.412832 0.433418 0.470672 0.536513 0.635022 0.768027 0.907709 0.974691
0.978581 0.898004 0.744964 0.603062 0.491304 0.413169 0.367217 0.336509 0.315014 0.304626 0.298629 0.296545 0.302894 0.310739 0.312794 0.311136 0.304776 0.289953 0.270832 0.25478 0.24537 0.242188 0.241891 0.243268 0.24734 0.25169 0.252373 0.247596 0.237306 0.222691 0.204723 0.185187 0.168571 0.158274 0.15353 0.151287 0.149189 0.147359 0.147175 0.149275 0.152591 0.154822 0.155323 0.155272 0.155802 0.157313 0.157675 0.155285 0.152711 0.152752 0.156961 0.164487 0.17061 0.174017 0.177972 0.184223 0.192403 0.199069 0.201851 0.203804 0.206539 0.20999 0.215484 0.222167 0.228636 0.235167 0.24323 0.245806 0.225012 0.19278 0.19278 0.225012 0.245806 0.24323 0.235167 0.228636 0.222167 0.215484 0.20999 0.206539 0.203804 0.201851 0.199069 0.192403 0.184223 0.177972 0.174017 0.17061 0.164487 0.156961 0.152752 0.152711 0.155285 0.157675 0.157313 0.155802 0.155272 0.155323 0.154822 0.152591 0.149275 0.147175 0.147359 0.149189 0.151287 0.15353 0.158274 0.168571 0.185187 0.204723 0.222691 0.237306 0.247596 0.252373 0.25169 0.24734 0.243268 0.241891 0.242188 0.24537 0.25478 0.270832 0.289953 0.304776 0.311136 0.312794 0.310739 0.302894 0.296545 0.298629 0.304626 0.315014 0.336509 0.367217 0.413169 0.491304 0.603062 0.744964 0.898004 0.978581
0.985041 0.905791 0.746605 0.595251 0.484016 0.409767 0.358775 0.321033 0.297165 0.281948 0.266983 0.255035 0.248334 0.241894 0.235421 0.234396 0.238943 0.243505 0.246931 0.252192 0.258407 0.261226 0.258335 0.250716 0.239697 0.225209 0.208765 0.196036 0.19235 0.196659 0.203207 0.208531 0.213043 0.216137 0.215909 0.211003 0.199816 0.184355 0.170118 0.160443 0.156878 0.15732 0.157139 0.157088 0.159461 0.164026 0.170982 0.177839 0.182187 0.186215 0.191162 0.196895 0.204232 0.212498 0.219599 0.223625 0.223734 0.218803 0.207926 0.19395 0.17952 0.16465 0.151508 0.143011 0.139332 0.137467 0.133308 0.124923 0.111582 0.0988473 0.0988473 0.111582 0.124923 0.133308 0.137467 0.139332 0.143011 0.151508 0.16465 0.17952 0.19395 0.207926 0.218803 0.223734 0.223625 0.219599 0.212498 0.204232 0.196895 0.191162 0.186215 0.182187 0.177839 0.170982 0.164026 0.159461 0.157088 0.157139 0.15732 0.156878 0.160443 0.170118 0.184355 0.199816 0.211003 0.215909 0.216137 0.213043 0.208531 0.203207 0.196659 0.19235 0.196036 0.208765 0.225209 0.239697 0.250716 0.258335 0.261226 0.258407 0.252192 0.246931 0.243505 0.238943 0.234396 0.235421 0.241894 0.248334 0.255035 0.266983 0.281948 0.297165 0.321033 0.358775 0.409767 0.484016 0.595251 0.746605 0.905791 0.985041
0.984884 0.908111 0.746271 0.595321 0.489895 0.415761 0.353782 0.298354 0.254003 0.2211 0.19909 0.187044 0.178942 0.171987 0.167366 0.164781 0.162789 0.160546 0.159491 0.161944 0.166257 0.168699 0.17178 0.179754 0.191523 0.20565 0.219822 0.230413 0.236628 0.238331 0.236524 0.231735 0.222095 0.210875 0.204487 0.205078 0.213045 0.22644 0.239703 0.249876 0.257387 0.260746 0.258148 0.251302 0.242159 0.231148 0.218844 0.2049 0.189238 0.17235 0.154267 0.138375 0.128816 0.125205 0.125032 0.124557 0.121812 0.119637 0.120331 0.123438 0.12608 0.124434 0.119439 0.11522 0.114413 0.116742 0.117833 0.112627 0.100092 0.0877214 0.0877214 0.100092 0.112627 0.117833 0.116742 0.114413 0.11522 0.119439 0.124434 0.12608 0.123438 0.120331 0.119637 0.121812 0.124557 0.125032 0.125205 0.128816 0.138375 0.154267 0.17235 0.189238 0.2049 0.218844 0.231148 0.242159 0.251302 0.258148 0.260746 0.257387 0.249876 0.239703 0.22644 0.213045 0.205078 0.204487 0.210875 0.222095 0.231735 0.236524 0.238331 0.236628 0.230413 0.219822 0.20565 0.191523 0.179754 0.17178 0.168699 0.166257 0.161944 0.159491 0.160546 0.162789 0.164781 0.167366 0.171987 0.178942 0.187044 0.19909 0.2211 0.254003 0.298354 0.353782 0.415761 0.489895 0.595321 0.746271 0.908111 0.984884
0.978696 0.901394 0.728757 0.56187 0.444848 0.375132 0.334069 0.307614 0.292549 0.282251 0.274832 0.268718 0.258744 0.245054 0.227901 0.209551 0.192397 0.176837 0.166404 0.162909 0.164444 0.166611 0.166706 0.165964 0.165481 0.168788 0.176994 0.184798 0.190903 0.198403 0.210825 0.230902 0.25429 0.274438 0.290131 0.300499 0.303906 0.298341 0.280263 0.252428 0.224555 0.203738 0.192827 0.191683 0.195623 0.198178 0.196253 0.190043 0.179592 0.165398 0.150069 0.136084 0.124469 0.11628 0.111804 0.109278 0.107181 0.105226 0.10438 0.106401 0.10947 0.109551 0.10562 0.100204 0.0982014 0.0994925 0.0988402 0.0941302 0.0821338 0.0672644 0.0672644 0.0821338 0.0941302 0.0988402 0.0994925 0.0982014 0.100204 0.10562 0.109551 0.10947 0.106401 0.10438 0.105226 0.107181 0.109278 0.111804 0.11628 0.124469 0.136084 0.150069 0.165398 0.179592 0.190043 0.196253 0.198178 0.195623 0.191683 0.192827 0.203738 0.224555 0.252428 0.280263 0.298341 0.303906 0.300499 0.290131 0.274438 0.25429 0.230902 0.210825 0.198403 0.190903 0.184798 0.176994 0.168788 0.165481 0.165964 0.166706 0.166611 0.164444 0.162909 0.166404 0.176837 0.192397 0.209551 0.227901 0.245054 0.258744 0.268718 0.274832 0.282251 0.292549 0.307614 0.334069 0.375132 0.444848 0.56187 0.728757 0.901394 0.978696
0.972282 0.892423 0.708229 0.533349 0.414347 0.349006 0.311247 0.283739 0.267497 0.254539 0.247028 0.24596 0.244826 0.245104 0.245974 0.249828 0.257592 0.263887 0.266112 0.262288 0.25453 0.246707 0.239396 0.232673 0.226732 0.223522 0.22512 0.229908 0.231398 0.222554 0.203927 0.183491 0.169091 0.163461 0.16415 0.16696 0.171128 0.178818 0.189863 0.201196 0.208952 0.211523 0.209549 0.20232 0.19058 0.177363 0.164486 0.155188 0.153232 0.158461 0.167832 0.176347 0.179441 0.176851 0.170324 0.160208 0.146674 0.13126 0.117466 0.109188 0.105117 0.0999366 0.09266 0.0864503 0.0839112 0.0853827 0.087847 0.0855357 0.0738333 0.0599269 0.0599269 0.0738333 0.0855357 0.087847 0.0853827 0.0839112 0.0864503 0.09266 0.0999366 0.105117 0.109188 0.117466 0.13126 0.146674 0.160208 0.170324 0.176851 0.179441 0.176347 0.167832 0.158461 0.153232 0.155188 0.164486 0.177363 0.19058 0.20232 0.209549 0.211523 0.208952 0.201196 0.189863 0.178818 0.171128 0.16696 0.16415 0.163461 0.169091 0.183491 0.203927 0.222554 0.231398 0.229908 0.22512 0.223522 0.226732 0.232673 0.239396 0.246707 0.25453 0.262288 0.266112 0.263887 0.257592 0.249828 0.245974 0.245104 0.244826 0.24596 0.247028 0.254539 0.267497 0.283739 0.311247 0.349006 0.414347 0.533349 0.708229 0.892423 0.972282
0.967671 0.88461 0.694926 0.529059 0.416101 0.352637 0.316373 0.292223 0.283167 0.272027 0.259594 0.251207 0.246254 0.248997 0.251646 0.251644 0.253582 0.260294 0.270852 0.277266 0.275239 0.266334 0.256336 0.250913 0.248544 0.244273 0.235753 0.224249 0.211527 0.19782 0.182204 0.165332 0.150394 0.140032 0.134396 0.13047 0.125707 0.120937 0.11748 0.116653 0.119685 0.12611 0.135256 0.147185 0.161541 0.176443 0.188522 0.194625 0.193739 0.188096 0.17917 0.166147 0.153854 0.148815 0.149893 0.155268 0.163797 0.16962 0.16994 0.168168 0.16375 0.152221 0.137548 0.127475 0.118446 0.107528 0.104393 0.106251 0.0928953 0.0701329 0.0701329 0.0928953 0.106251 0.104393 0.107528 0.118446 0.127475 0.137548 0.152221 0.16375 0.168168 0.16994 0.16962 0.163797 0.155268 0.149893 0.148815 0.153854 0.166147 0.17917 0.188096 0.193739 0.194625 0.188522 0.176443 0.161541 0.147185 0.135256 0.12611 0.119685 0.116653 0.11748 0.120937 0.125707 0.13047 0.134396 0.140032 0.150394 0.165332 0.182204 0.19782 0.211527 0.224249 0.235753 0.244273 0.248544 0.250913 0.256336 0.266334 0.275239 0.277266 0.270852 0.260294 0.253582 0.251644 0.251646 0.248997 0.246254 0.251207 0.259594 0.272027 0.283167 0.292223 0.316373 0.352637 0.416101 0.529059 0.694926 0.88461 0.967671
0.965469 0.884604 0.711575 0.569455 0.463261 0.401008 0.371438 0.343736 0.320385 0.305004 0.293125 0.278608 0.263491 0.253858 0.249561 0.245399 0.2401 0.235386 0.228391 0.224151 0.223115 0.218284 0.212396 0.207027 0.20268 0.201828 0.203659 0.205633 0.205823 0.205919 0.206679 0.206145 0.202969 0.196355 0.18747 0.178188 0.168408 0.15819 0.149356 0.142965 0.138015 0.134049 0.132009 0.130758 0.129108 0.129341 0.131747 0.13516 0.142387 0.15548 0.171667 0.186444 0.197259 0.20388 0.205002 0.1991 0.189663 0.180419 0.169504 0.162356 0.17063 0.186483 0.194137 0.198136 0.203546 0.205147 0.209233 0.211903 0.18518 0.142579 0.142579 0.18518 0.211903 0.209233 0.205147 0.203546 0.198136 0.194137 0.186483 0.17063 0.162356 0.169504 0.180419 0.189663 0.1991 0.205002 0.20388 0.197259 0.186444 0.171667 0.15548 0.142387 0.13516 0.131747 0.129341 0.129108 0.130758 0.132009 0.134049 0.138015 0.142965 0.149356 0.15819 0.168408 0.178188 0.18747 0.196355 0.202969 0.206145 0.206679 0.205919 0.205823 0.205633 0.203659 0.201828 0.20268 0.207027 0.212396 0.218284 0.223115 0.224151 0.228391 0.235386 0.2401 0.245399 0.249561 0.253858 0.263491 0.278608 0.293125 0.305004 0.320385 0.343736 0.371438 0.401008 0.463261 0.569455 0.711575 0.884604 0.965469
0.965485 0.90968 0.779249 0.655214 0.578387 0.542851 0.517912 0.491005 0.465354 0.447297 0.431885 0.417303 0.40604 0.38818 0.371257 0.36199 0.354206 0.344933 0.330491 0.318458 0.312532 0.305987 0.299161 0.293396 0.287503 0.283533 0.28309 0.28248 0.281217 0.283048 0.287627 0.291487 0.292985 0.29431 0.297302 0.300644 0.301664 0.299338 0.294913 0.287932 0.27856 0.269733 0.260693 0.250051 0.241736 0.237521 0.234329 0.230486 0.227103 0.225656 0.226235 0.228346 0.232065 0.237948 0.248273 0.265198 0.285998 0.305265 0.320003 0.328901 0.331216 0.326987 0.313314 0.293438 0.284243 0.284483 0.278492 0.273536 0.266177 0.248376 0.248376 0.266177 0.273536 0.278492 0.284483 0.284243 0.293438 0.313314 0.326987 0.331216 0.328901 0.320003 0.305265 0.285998 0.265198 0.248273 0.237948 0.232065 0.228346 0.226235 0.225656 0.227103 0.230486 0.234329 0.237521 0.241736 0.250051 0.260693 0.269733 0.27856 0.287932 0.294913 0.299338 0.301664 0.300644 0.297302 0.29431 0.292985 0.291487 0.287627 0.283048 0.281217 0.28248 0.28309 0.283533 0.287503 0.293396 0.299161 0.305987 0.312532 0.318458 0.330491 0.344933 0.354206 0.36199 0.371257 0.38818 0.40604 0.417303 0.431885 0.447297 0.465354 0.491005 0.517912 0.542851 0.578387 0.655214 0.779249 0.90968 0.965485
0.965643 0.893154 0.766222 0.657692 0.567967 0.49995 0.453494 0.438668 0.431883 0.406937 0.38674 0.376553 0.363919 0.358238 0.358919 0.355012 0.348205 0.340331 0.337227 0.337681 0.332227 0.329183 0.331238 0.33054 0.328923 0.325005 0.32068 0.322223 0.323336 0.321833 0.320466 0.317527 0.315513 0.313924 0.312289 0.312402 0.313759 0.318 0.322181 0.324439 0.32852 0.333317 0.337113 0.338308 0.334102 0.327228 0.317924 0.30272 0.287023 0.275604 0.263642 0.252518 0.245302 0.23492 0.225344 0.222506 0.218104 0.212817 0.206709 0.19883 0.198322 0.208987 0.237358 0.280672 0.326168 0.357763 0.363617 0.367977 0.348143 0.286703 0.286703 0.348143 0.367977 0.363617 0.357763 0.326168 0.280672 0.237358 0.208987 0.198322 0.19883 0.206709 0.212817 0.218104 0.222506 0.225344 0.23492 0.245302 0.252518 0.263642 0.275604 0.287023 0.30272 0.317924 0.327228 0.334102 0.338308 0.337113 0.333317 0.32852 0.324439 0.322181 0.318 0.313759 0.312402 0.312289 0.313924 0.315513 0.317527 0.320466 0.321833 0.323336 0.322223 0.32068 0.325005 0.328923 0.33054 0.331238 0.329183 0.332227 0.337681 0.337227 0.340331 0.348205 0.355012 0.358919 0.358238 0.363919 0.376553 0.38674 0.406937 0.431883 0.438668 0.453494 0.49995 0.567967 0.657692 0.766222 0.893154 0.965643
0.965673 0.889528 0.760002 0.63892 0.545768 0.501397 0.475998 0.446853 0.423483 0.403786 0.385279 0.373249 0.365549 0.353563 0.33382 0.316238 0.303808 0.290258 0.279301 0.270898 0.260553 0.251189 0.244036 0.232374 0.216198 0.206685 0.203568 0.196787 0.188344 0.182918 0.178276 0.176177 0.173758 0.167581 0.164504 0.164422 0.164833 0.167431 0.166576 0.165494 0.172245 0.177631 0.183825 0.196199 0.205763 0.217621 0.229499 0.238503 0.251502 0.257703 0.261496 0.266109 0.262167 0.260703 0.261456 0.26588 0.279274 0.295423 0.318444 0.33737 0.349033 0.358772 0.353682 0.346541 0.346763 0.343067 0.344205 0.350309 0.331005 0.291525 0.291525 0.331005 0.350309 0.344205 0.343067 0.346763 0.346541 0.353682 0.358772 0.349033 0.33737 0.318444 0.295423 0.279274 0.26588 0.261456 0.260703 0.262167 0.266109 0.261496 0.257703 0.251502 0.238503 0.229499 0.217621 0.205763 0.196199 0.183825 0.177631 0.172245 0.165494 0.166576 0.167431 0.164833 0.164422 0.164504 0.167581 0.173758 0.176177 0.178276 0.182918 0.188344 0.196787 0.203568 0.206685 0.216198 0.232374 0.244036 0.251189 0.260553 0.270898 0.279301 0.290258 0.303808 0.316238 0.33382 0.353563 0.365549 0.373249 0.385279 0.403786 0.423483 0.446853 0.475998 0.501397 0.545768 0.63892 0.760002 0.889528 0.965673
0.963149 0.876281 0.708146 0.554408 0.446036 0.378557 0.330819 0.299746 0.286361 0.276113 0.266256 0.259466 0.256261 0.261064 0.267859 0.271336 0.273791 0.275812 0.279669 0.285792 0.284663 0.26921 0.248187 0.231502 0.22152 0.217024 0.213972 0.212042 0.213867 0.215563 0.214156 0.210188 0.207981 0.211672 0.212255 0.209261 0.208717 0.209 0.210804 0.211507 0.210349 0.210954 0.213919 0.21732 0.217281 0.216544 0.221294 0.227602 0.232713 0.238095 0.248072 0.268911 0.295456 0.318362 0.334088 0.342301 0.335272 0.320396 0.304266 0.27797 0.260576 0.249943 0.240217 0.250038 0.267966 0.279317 0.275207 0.273507 0.254924 0.192948 0.192948 0.254924 0.273507 0.275207 0.279317 0.267966 0.250038 0.240217 0.249943 0.260576 0.27797 0.304266 0.320396 0.335272 0.342301 0.334088 0.318362 0.295456 0.268911 0.248072 0.238095 0.232713 0.227602 0.221294 0.216544 0.217281 0.21732 0.213919 0.210954 0.210349 0.211507 0.210804 0.209 0.208717 0.209261 0.212255 0.211672 0.207981 0.210188 0.214156 0.215563 0.213867 0.212042 0.213972 0.217024 0.22152 0.231502 0.248187 0.26921 0.284663 0.285792 0.279669 0.275812 0.273791 0.271336 0.267859 0.261064 0.256261 0.259466 0.266256 0.276113 0.286361 0.299746 0.330819 0.378557 0.446036 0.554408 0.708146 0.876281 0.963149
0.961208 0.863961 0.682465 0.530458 0.423291 0.356348 0.319739 0.299875 0.284657 0.264773 0.245515 0.229651 0.216189 0.209306 0.20781 0.20977 0.216949 0.224673 0.230941 0.239254 0.248932 0.26412 0.283527 0.299821 0.312745 0.321949 0.327959 0.326971 0.314874 0.294707 0.274696 0.262387 0.256125 0.251764 0.249359 0.248724 0.247746 0.243907 0.236979 0.232068 0.229022 0.224905 0.217112 0.208546 0.205237 0.205042 0.209521 0.217384 0.229516 0.241641 0.244396 0.24177 0.234005 0.225451 0.222413 0.223826 0.232926 0.256521 0.283124 0.295384 0.299686 0.297031 0.283529 0.260284 0.24084 0.239747 0.227216 0.205804 0.179974 0.12984 0.12984 0.179974 0.205804 0.227216 0.239747 0.24084 0.260284 0.283529 0.297031 0.299686 0.295384 0.283124 0.256521 0.232926 0.223826 0.222413 0.225451 0.234005 0.24177 0.244396 0.241641 0.229516 0.217384 0.209521 0.205042 0.205237 0.208546 0.217112 0.224905 0.229022 0.232068 0.236979 0.243907 0.247746 0.248724 0.249359 0.251764 0.256125 0.262387 0.274696 0.294707 0.314874 0.326971 0.327959 0.321949 0.312745 0.299821 0.283527 0.26412 0.248932 0.239254 0.230941 0.224673 0.216949 0.20977 0.20781 0.209306 0.216189 0.229651 0.245515 0.264773 0.284657 0.299875 0.319739 0.356348 0.423291 0.530458 0.682465 0.863961 0.961208
0.962098 0.862557 0.688246 0.549223 0.440987 0.361448 0.318693 0.314513 0.312678 0.302677 0.296969 0.288121 0.278973 0.272272 0.26579 0.257714 0.247408 0.237771 0.229424 0.221251 0.213954 0.207724 0.202908 0.200495 0.198711 0.199033 0.201021 0.203618 0.211485 0.221987 0.231406 0.235533 0.232274 0.223147 0.209095 0.192711 0.173357 0.156353 0.147309 0.144084 0.145355 0.153993 0.171498 0.192697 0.211053 0.224223 0.231715 0.231778 0.224836 0.215392 0.210473 0.215473 0.229632 0.244826 0.254616 0.259314 0.254665 0.245369 0.237551 0.227091 0.219722 0.218602 0.222065 0.226196 0.224324 0.224385 0.224185 0.21627 0.199215 0.171848 0.171848 0.199215 0.21627 0.224185 0.224385 0.224324 0.226196 0.222065 0.218602 0.219722 0.227091 0.237551 0.245369 0.254665 0.259314 0.254616 0.244826 0.229632 0.215473 0.210473 0.215392 0.224836 0.231778 0.231715 0.224223 0.211053 0.192697 0.171498 0.153993 0.145355 0.144084 0.147309 0.156353 0.173357 0.192711 0.209095 0.223147 0.232274 0.235533 0.231406 0.221987 0.211485 0.203618 0.201021 0.199033 0.198711 0.200495 0.202908 0.207724 0.213954 0.221251 0.229424 0.237771 0.247408 0.257714 0.26579 0.272272 0.278973 0.288121 0.296969 0.302677 0.312678 0.314513 0.318693 0.361448 0.440987 0.549223 0.688246 0.862557 0.962098
0.964648 0.88422 0.724433 0.573424 0.468782 0.403353 0.367652 0.339037 0.309785 0.293292 0.280176 0.268455 0.246807 0.231119 0.225294 0.216503 0.206218 0.192787 0.184744 0.175649 0.165382 0.1573 0.148321 0.142523 0.139457 0.136721 0.132814 0.128411 0.124669 0.122728 0.124142 0.129247 0.1397 0.153038 0.166648 0.181541 0.19822 0.216542 0.233404 0.24365 0.243782 0.234243 0.217882 0.198898 0.181137 0.168355 0.166117 0.175904 0.191899 0.206068 0.212787 0.212489 0.20752 0.19799 0.185056 0.176657 0.172429 0.16947 0.16905 0.170943 0.178792 0.18652 0.18618 0.189623 0.200629 0.205192 0.208268 0.214459 0.214618 0.203695 0.203695 0.214618 0.214459 0.208268 0.205192 0.200629 0.189623 0.18618 0.18652 0.178792 0.170943 0.16905 0.16947 0.172429 0.176657 0.185056 0.19799 0.20752 0.212489 0.212787 0.206068 0.191899 0.175904 0.166117 0.168355 0.181137 0.198898 0.217882 0.234243 0.243782 0.24365 0.233404 0.216542 0.19822 0.181541 0.166648 0.153038 0.1397 0.129247 0.124142 0.122728 0.124669 0.128411 0.132814 0.136721 0.139457 0.142523 0.148321 0.1573 0.165382 0.175649 0.184744 0.192787 0.206218 0.216503 0.225294 0.231119 0.246807 0.268455 0.280176 0.293292 0.309785 0.339037 0.367652 0.403353 0.468782 0.573424 0.724433 0.88422 0.964648
0.967511 0.865169 0.691326 0.539681 0.427725 0.353868 0.319706 0.309207 0.303361 0.298991 0.28515 0.275478 0.268219 0.261995 0.25611 0.248269 0.23854 0.229353 0.220249 0.210897 0.204082 0.195122 0.185509 0.175 0.165224 0.155529 0.144714 0.134922 0.127164 0.123971 0.12352 0.123606 0.127044 0.13667 0.153021 0.172406 0.188669 0.200869 0.212006 0.222807 0.232977 0.244227 0.259261 0.278942 0.297605 0.303798 0.293368 0.272456 0.246319 0.220022 0.198579 0.183464 0.172783 0.164894 0.159645 0.158053 0.159092 0.161016 0.163884 0.168586 0.174834 0.187248 0.200951 0.209333 0.212725 0.208764 0.209157 0.203413 0.184499 0.161241 0.161241 0.184499 0.203413 0.209157 0.208764 0.212725 0.209333 0.200951 0.187248 0.174834 0.168586 0.163884 0.161016 0.159092 0.158053 0.159645 0.164894 0.172783 0.183464 0.198579 0.220022 0.246319 0.272456 0.293368 0.303798 0.297605 0.278942 0.259261 0.244227 0.232977 0.222807 0.212006 0.200869 0.188669 0.172406 0.153021 0.13667 0.127044 0.123606 0.12352 0.123971 0.127164 0.134922 0.144714 0.155529 0.165224 0.175 0.185509 0.195122 0.204082 0.210897 0.220249 0.229353 0.23854 0.248269 0.25611 0.261995 0.268219 0.275478 0.28515 0.298991 0.303361 0.309207 0.319706 0.353868 0.427725 0.539681 0.691326 0.865169 0.967511
0.970722 0.866953 0.674708 0.501217 0.39106 0.323336 0.27928 0.255704 0.235981 0.218943 0.202932 0.190648 0.185538 0.185138 0.186749 0.190277 0.193952 0.200039 0.204174 0.205925 0.209901 0.214827 0.218462 0.220826 0.223107 0.224663 0.22559 0.226445 0.228201 0.234068 0.245714 0.258865 0.265317 0.26203 0.254035 0.242863 0.22869 0.220045 0.222358 0.231922 0.244188 0.253131 0.256031 0.255669 0.254241 0.254887 0.257729 0.259268 0.256057 0.24596 0.231584 0.215667 0.200067 0.186909 0.175997 0.166723 0.166728 0.176238 0.185692 0.190544 0.192388 0.192042 0.188321 0.180175 0.173198 0.173036 0.177706 0.171784 0.149451 0.116802 0.116802 0.149451 0.171784 0.177706 0.173036 0.173198 0.180175 0.188321 0.192042 0.192388 0.190544 0.185692 0.176238 0.166728 0.166723 0.175997 0.186909 0.200067 0.215667 0.231584 0.24596 0.256057 0.259268 0.257729 0.254887 0.254241 0.255669 0.256031 0.253131 0.244188 0.231922 0.222358 0.220045 0.22869 0.242863 0.254035 0.26203 0.265317 0.258865 0.245714 0.234068 0.228201 0.226445 0.22559 0.224663 0.223107 0.220826 0.218462 0.214827 0.209901 0.205925 0.204174 0.200039 0.193952 0.190277 0.186749 0.185138 0.185538 0.190648 0.202932 0.218943 0.235981 0.255704 0.27928 0.323336 0.39106 0.501217 0.674708 0.866953 0.970722
0.973442 0.867106 0.656353 0.475193 0.361234 0.290661 0.252416 0.231327 0.217319 0.207745 0.196322 0.185882 0.177927 0.173362 0.168809 0.162214 0.157272 0.15615 0.157003 0.158472 0.160237 0.161521 0.164528 0.173321 0.188917 0.211831 0.239065 0.264951 0.288003 0.30486 0.3122 0.311542 0.308998 0.31171 0.321014 0.331738 0.339195 0.33943 0.327137 0.305365 0.27913 0.251623 0.222605 0.194524 0.174036 0.159184 0.151267 0.148876 0.152246 0.165038 0.183086 0.204668 0.230534 0.253246 0.26496 0.26163 0.249102 0.230412 0.215618 0.198889 0.182968 0.176383 0.165107 0.148377 0.135838 0.130615 0.133339 0.131164 0.109514 0.0827606 0.0827606 0.109514 0.131164 0.133339 0.130615 0.135838 0.148377 0.165107 0.176383 0.182968 0.198889 0.215618 0.230412 0.249102 0.26163 0.26496 0.253246 0.230534 0.204668 0.183086 0.165038 0.152246 0.148876 0.151267 0.159184 0.174036 0.194524 0.222605 0.251623 0.27913 0.305365 0.327137 0.33943 0.339195 0.331738 0.321014 0.31171 0.308998 0.311542 0.3122 0.30486 0.288003 0.264951 0.239065 0.211831 0.188917 0.173321 0.164528 0.161521 0.160237 0.158472 0.157003 0.15615 0.157272 0.162214 0.168809 0.173362 0.177927 0.185882 0.196322 0.207745 0.217319 0.231327 0.252416 0.290661 0.361234 0.475193 0.656353 0.867106 0.973442
0.975798 0.869928 0.660386 0.484424 0.376969 0.316642 0.284204 0.264603 0.250613 0.239503 0.22977 0.219921 0.211021 0.20604 0.203254 0.200534 0.198972 0.198759 0.198427 0.19907 0.203355 0.212718 0.227068 0.242597 0.252273 0.25236 0.243745 0.23034 0.218859 0.213145 0.214829 0.226998 0.240281 0.245304 0.242334 0.231608 0.218325 0.202094 0.189196 0.183573 0.183012 0.183622 0.184613 0.190043 0.200242 0.210077 0.217965 0.226204 0.235038 0.239898 0.238924 0.230898 0.220377 0.207278 0.194409 0.192123 0.205007 0.223128 0.232519 0.228708 0.220912 0.213028 0.197703 0.173637 0.150308 0.137523 0.132368 0.124808 0.100774 0.0710196 0.0710196 0.100774 0.124808 0.132368 0.137523 0.150308 0.173637 0.197703 0.213028 0.220912 0.228708 0.232519 0.223128 0.205007 0.192123 0.194409 0.207278 0.220377 0.230898 0.238924 0.239898 0.235038 0.226204 0.217965 0.210077 0.200242 0.190043 0.184613 0.183622 0.183012 0.183573 0.189196 0.202094 0.218325 0.231608 0.242334 0.245304 0.240281 0.226998 0.214829 0.213145 0.218859 0.23034 0.243745 0.25236 0.252273 0.242597 0.227068 0.212718 0.203355 0.19907 0.198427 0.198759 0.198972 0.200534 0.203254 0.20604 0.211021 0.219921 0.22977 0.239503 0.250613 0.264603 0.284204 0.316642 0.376969 0.484424 0.660386 0.869928 0.975798
0.979588 0.873551 0.657641 0.481061 0.382553 0.331299 0.301574 0.28211 0.268164 0.259013 0.253755 0.249589 0.245371 0.241178 0.237439 0.234757 0.233654 0.235121 0.240826 0.251077 0.259306 0.257191 0.243898 0.224704 0.206515 0.196047 0.195755 0.20096 0.205692 0.204888 0.195772 0.180222 0.162267 0.144435 0.128579 0.118623 0.114001 0.112988 0.114009 0.116846 0.12316 0.130459 0.142098 0.156034 0.173097 0.188601 0.202129 0.20943 0.212182 0.211327 0.208378 0.206196 0.203755 0.205175 0.203765 0.199982 0.198197 0.19843 0.193147 0.181455 0.176039 0.185177 0.201223 0.211295 0.208416 0.209752 0.212737 0.195538 0.177001 0.131798 0.131798 0.177001 0.195538 0.212737 0.209752 0.208416 0.211295 0.201223 0.185177 0.176039 0.181455 0.193147 0.19843 0.198197 0.199982 0.203765 0.205175 0.203755 0.206196 0.208378 0.211327 0.212182 0.20943 0.202129 0.188601 0.173097 0.156034 0.142098 0.130459 0.12316 0.116846 0.114009 0.112988 0.114001 0.118623 0.128579 0.144435 0.162267 0.180222 0.195772 0.204888 0.205692 0.20096 0.195755 0.196047 0.206515 0.224704 0.243898 0.257191 0.259306 0.251077 0.240826 0.235121 0.233654 0.234757 0.237439 0.241178 0.245371 0.249589 0.253755 0.259013 0.268164 0.28211 0.301574 0.331299 0.382553 0.481061 0.657641 0.873551 0.979588
0.983091 0.874124 0.659564 0.491365 0.39696 0.342191 0.307572 0.284765 0.266482 0.248672 0.232166 0.220013 0.215104 0.217697 0.224898 0.234238 0.243003 0.246671 0.242818 0.232289 0.218698 0.207749 0.204268 0.210983 0.220061 0.221002 0.210798 0.191432 0.167921 0.145361 0.128114 0.116655 0.110459 0.106739 0.103315 0.103291 0.108829 0.117249 0.125985 0.136781 0.150178 0.161979 0.168873 0.170031 0.16778 0.162014 0.153916 0.144875 0.138618 0.135089 0.131806 0.127722 0.123899 0.123295 0.126227 0.129633 0.135716 0.149334 0.160055 0.169785 0.184284 0.193091 0.210566 0.218668 0.225785 0.233704 0.246574 0.254165 0.250989 0.228606 0.228606 0.250989 0.254165 0.246574 0.233704 0.225785 0.218668 0.210566 0.193091 0.184284 0.169785 0.160055 0.149334 0.135716 0.129633 0.126227 0.123295 0.123899 0.127722 0.131806 0.135089 0.138618 0.144875 0.153916 0.162014 0.16778 0.170031 0.168873 0.161979 0.150178 0.136781 0.125985 0.117249 0.108829 0.103291 0.103315 0.106739 0.110459 0.116655 0.128114 0.145361 0.167921 0.191432 0.210798 0.221002 0.220061 0.210983 0.204268 0.207749 0.218698 0.232289 0.242818 0.246671 0.243003 0.234238 0.224898 0.217697 0.215104 0.220013 0.232166 0.248672 0.266482 0.284765 0.307572 0.342191 0.39696 0.491365 0.659564 0.874124 0.983091
0.98013 0.871758 0.640278 0.453961 0.351688 0.297255 0.266166 0.246473 0.23252 0.223108 0.22081 0.227154 0.238365 0.247395 0.247201 0.236265 0.220564 0.208377 0.205675 0.212599 0.222824 0.228051 0.223601 0.210139 0.190744 0.17152 0.154833 0.141183 0.131847 0.125609 0.123346 0.123957 0.125811 0.128843 0.135541 0.145717 0.155878 0.163071 0.166103 0.164957 0.159577 0.150713 0.14095 0.133055 0.127982 0.123989 0.118765 0.113433 0.111091 0.111162 0.11125 0.110965 0.11284 0.121218 0.128224 0.134529 0.14408 0.15274 0.171051 0.179962 0.190217 0.197717 0.211884 0.2201 0.220719 0.222583 0.235638 0.243542 0.240197 0.212438 0.212438 0.240197 0.243542 0.235638 0.222583 0.220719 0.2201 0.211884 0.197717 0.190217 0.179962 0.171051 0.15274 0.14408 0.134529 0.128224 0.121218 0.11284 0.110965 0.11125 0.111162 0.111091 0.113433 0.118765 0.123989 0.127982 0.133055 0.14095 0.150713 0.159577 0.164957 0.166103 0.163071 0.155878 0.145717 0.135541 0.128843 0.125811 0.123957 0.123346 0.125609 0.131847 0.141183 0.154833 0.17152 0.190744 0.210139 0.223601 0.228051 0.222824 0.212599 0.205675 0.208377 0.220564 0.236265 0.247201 0.247395 0.238365 0.227154 0.22081 0.223108 0.23252 0.246473 0.266166 0.297255 0.351688 0.453961 0.640278 0.871758 0.98013
0.971981 0.856304 0.619569 0.447408 0.356667 0.309373 0.287907 0.27734 0.275555 0.277631 0.276901 0.268378 0.252419 0.236045 0.225264 0.225241 0.23352 0.240711 0.238933 0.226257 0.206554 0.183974 0.162924 0.147722 0.140009 0.137903 0.137244 0.136941 0.140823 0.149484 0.15918 0.168496 0.179499 0.189403 0.192202 0.186882 0.176338 0.164541 0.15191 0.138112 0.125531 0.116364 0.110113 0.107023 0.108589 0.114029 0.120747 0.129057 0.140583 0.152618 0.16188 0.168375 0.174076 0.180946 0.186001 0.185489 0.184033 0.184827 0.182976 0.174935 0.170621 0.179009 0.197699 0.203703 0.195491 0.183146 0.186979 0.169433 0.150791 0.114881 0.114881 0.150791 0.169433 0.186979 0.183146 0.195491 0.203703 0.197699 0.179009 0.170621 0.174935 0.182976 0.184827 0.184033 0.185489 0.186001 0.180946 0.174076 0.168375 0.16188 0.152618 0.140583 0.129057 0.120747 0.114029 0.108589 0.107023 0.110113 0.116364 0.125531 0.138112 0.15191 0.164541 0.176338 0.186882 0.192202 0.189403 0.179499 0.168496 0.15918 0.149484 0.140823 0.136941 0.137244 0.137903 0.140009 0.147722 0.162924 0.183974 0.206554 0.226257 0.238933 0.240711 0.23352 0.225241 0.225264 0.236045 0.252419 0.268378 0.276901 0.277631 0.275555 0.27734 0.287907 0.309373 0.356667 0.447408 0.619569 0.856304 0.971981
0.965358 0.843421 0.605412 0.453512 0.378251 0.344725 0.333741 0.323564 0.305965 0.279701 0.261189 0.251075 0.250131 0.256786 0.258047 0.250773 0.232892 0.208634 0.185539 0.168884 0.158386 0.150789 0.147455 0.148513 0.151851 0.155908 0.162535 0.173974 0.186738 0.195314 0.198638 0.198132 0.193949 0.185094 0.172363 0.159851 0.150289 0.144826 0.142138 0.140722 0.1427 0.149752 0.159765 0.168536 0.17373 0.178459 0.183427 0.185996 0.185748 0.183146 0.177672 0.169885 0.161151 0.152727 0.146128 0.146005 0.158331 0.178012 0.191729 0.19327 0.185202 0.176707 0.167065 0.149059 0.134407 0.117501 0.115243 0.111655 0.0921166 0.0694051 0.0694051 0.0921166 0.111655 0.115243 0.117501 0.134407 0.149059 0.167065 0.176707 0.185202 0.19327 0.191729 0.178012 0.158331 0.146005 0.146128 0.152727 0.161151 0.169885 0.177672 0.183146 0.185748 0.185996 0.183427 0.178459 0.17373 0.168536 0.159765 0.149752 0.1427 0.140722 0.142138 0.144826 0.150289 0.159851 0.172363 0.185094 0.193949 0.198132 0.198638 0.195314 0.186738 0.173974 0.162535 0.155908 0.151851 0.148513 0.147455 0.150789 0.158386 0.168884 0.185539 0.208634 0.232892 0.250773 0.258047 0.256786 0.250131 0.251075 0.261189 0.279701 0.305965 0.323564 0.333741 0.344725 0.378251 0.453512 0.605412 0.843421 0.965358
0.962426 0.850946 0.644517 0.498235 0.42521 0.383877 0.325935 0.285215 0.264745 0.26175 0.273043 0.276409 0.266844 0.246671 0.222941 0.199781 0.183417 0.173746 0.169863 0.165889 0.162896 0.166294 0.176608 0.187378 0.195181 0.204026 0.212257 0.213796 0.206326 0.193931 0.181064 0.17017 0.163735 0.164627 0.171231 0.17987 0.191824 0.205972 0.216239 0.219321 0.217366 0.214479 0.208035 0.197053 0.183143 0.168854 0.15459 0.14119 0.131276 0.128511 0.134108 0.146636 0.163437 0.179545 0.189999 0.189843 0.182288 0.17137 0.158943 0.147065 0.136603 0.126403 0.119342 0.108744 0.100917 0.0985227 0.100606 0.103428 0.0947448 0.0742328 0.0742328 0.0947448 0.103428 0.100606 0.0985227 0.100917 0.108744 0.119342 0.126403 0.136603 0.147065 0.158943 0.17137 0.182288 0.189843 0.189999 0.179545 0.163437 0.146636 0.134108 0.128511 0.131276 0.14119 0.15459 0.168854 0.183143 0.197053 0.208035 0.214479 0.217366 0.219321 0.216239 0.205972 0.191824 0.17987 0.171231 0.164627 0.163735 0.17017 0.181064 0.193931 0.206326 0.213796 0.212257 0.204026 0.195181 0.187378 0.176608 0.166294 0.162896 0.165889 0.169863 0.173746 0.183417 0.199781 0.222941 0.246671 0.266844 0.276409 0.273043 0.26175 0.264745 0.285215 0.325935 0.383877 0.42521 0.498235 0.644517 0.850946 0.962426
0.961439 0.85644 0.645098 0.478699 0.379768 0.335982 0.319601 0.316239 0.305242 0.281824 0.250376 0.220506 0.201523 0.191343 0.185523 0.182815 0.186131 0.192864 0.198021 0.204008 0.214829 0.225788 0.230552 0.228112 0.22068 0.209536 0.197862 0.19246 0.195953 0.203089 0.210035 0.215929 0.220835 0.222134 0.219186 0.213467 0.20579 0.19536 0.1836 0.17284 0.163326 0.155541 0.148181 0.14248 0.140918 0.145375 0.1567 0.173275 0.191519 0.206575 0.212476 0.206445 0.191202 0.174411 0.159724 0.144653 0.13063 0.122985 0.120131 0.120589 0.121786 0.122711 0.124766 0.122813 0.116883 0.114186 0.114186 0.114882 0.106252 0.087677 0.087677 0.106252 0.114882 0.114186 0.114186 0.116883 0.122813 0.124766 0.122711 0.121786 0.120589 0.120131 0.122985 0.13063 0.144653 0.159724 0.174411 0.191202 0.206445 0.212476 0.206575 0.191519 0.173275 0.1567 0.145375 0.140918 0.14248 0.148181 0.155541 0.163326 0.17284 0.1836 0.19536 0.20579 0.213467 0.219186 0.222134 0.220835 0.215929 0.210035 0.203089 0.195953 0.19246 0.197862 0.209536 0.22068 0.228112 0.230552 0.225788 0.214829 0.204008 0.198021 0.192864 0.186131 0.182815 0.185523 0.191343 0.201523 0.220506 0.250376 0.281824 0.305242 0.316239 0.319601 0.335982 0.379768 0.478699 0.645098 0.85644 0.961439
0.96057 0.845326 0.665213 0.560023 0.527767 0.475174 0.382892 0.308021 0.249069 0.216636 0.20271 0.198337 0.197145 0.196679 0.199705 0.208594 0.218244 0.225521 0.23335 0.239707 0.239834 0.236472 0.239975 0.248038 0.25115 0.24664 0.240007 0.231596 0.219931 0.206671 0.195413 0.18498 0.171036 0.156542 0.147419 0.143033 0.138907 0.134734 0.13195 0.131672 0.134122 0.141569 0.156172 0.177274 0.200932 0.219393 0.229074 0.227493 0.21684 0.201426 0.183708 0.165498 0.150909 0.139878 0.13267 0.126298 0.121132 0.117022 0.117322 0.116805 0.116702 0.116249 0.118761 0.119407 0.117675 0.119709 0.126086 0.130072 0.122295 0.100791 0.100791 0.122295 0.130072 0.126086 0.119709 0.117675 0.119407 0.118761 0.116249 0.116702 0.116805 0.117322 0.117022 0.121132 0.126298 0.13267 0.139878 0.150909 0.165498 0.183708 0.201426 0.21684 0.227493 0.229074 0.219393 0.200932 0.177274 0.156172 0.141569 0.134122 0.131672 0.13195 0.134734 0.138907 0.143033 0.147419 0.156542 0.171036 0.18498 0.195413 0.206671 0.219931 0.231596 0.240007 0.24664 0.25115 0.248038 0.239975 0.236472 0.239834 0.239707 0.23335 0.225521 0.218244 0.208594 0.199705 0.196679 0.197145 0.198337 0.20271 0.216636 0.249069 0.308021 0.382892 0.475174 0.527767 0.560023 0.665213 0.845326 0.96057
0.960314 0.849709 0.66076 0.501814 0.41441 0.381348 0.368195 0.356426 0.321866 0.27536 0.247647 0.235809 0.233842 0.240173 0.24743 0.251039 0.253271 0.262147 0.27048 0.267012 0.250054 0.231851 0.217637 0.203344 0.189656 0.180816 0.172872 0.160178 0.145688 0.134268 0.126591 0.119415 0.112442 0.107199 0.105774 0.106876 0.108533 0.114622 0.128742 0.147964 0.169728 0.187586 0.196543 0.196991 0.187602 0.173663 0.16044 0.150291 0.141595 0.136802 0.136963 0.137231 0.13883 0.138617 0.138023 0.137113 0.133413 0.130971 0.130331 0.131192 0.130355 0.13114 0.134959 0.135365 0.13237 0.130132 0.134861 0.134865 0.127122 0.112161 0.112161 0.127122 0.134865 0.134861 0.130132 0.13237 0.135365 0.134959 0.13114 0.130355 0.131192 0.130331 0.130971 0.133413 0.137113 0.138023 0.138617 0.13883 0.137231 0.136963 0.136802 0.141595 0.150291 0.16044 0.173663 0.187602 0.196991 0.196543 0.187586 0.169728 0.147964 0.128742 0.114622 0.108533 0.106876 0.105774 0.107199 0.112442 0.119415 0.126591 0.134268 0.145688 0.160178 0.172872 0.180816 0.189656 0.203344 0.217637 0.231851 0.250054 0.267012 0.27048 0.262147 0.253271 0.251039 0.24743 0.240173 0.233842 0.235809 0.247647 0.27536 0.321866 0.356426 0.368195 0.381348 0.41441 0.501814 0.66076 0.849709 0.960314
0.960542 0.837532 0.657463 0.52347 0.455898 0.384403 0.331702 0.322124 0.33105 0.345989 0.350375 0.337046 0.320053 0.303285 0.284204 0.261805 0.241361 0.219557 0.194139 0.173598 0.158927 0.147565 0.135734 0.123639 0.117995 0.115137 0.111796 0.109222 0.109952 0.110042 0.110545 0.111802 0.112568 0.117401 0.127465 0.142779 0.162161 0.177779 0.186928 0.185908 0.174079 0.156456 0.139307 0.123835 0.111788 0.106221 0.105277 0.106587 0.107803 0.108364 0.111217 0.115325 0.118477 0.121692 0.127456 0.133187 0.136442 0.138083 0.140449 0.141324 0.139571 0.137531 0.135762 0.133713 0.128654 0.125688 0.134181 0.139121 0.131843 0.115009 0.115009 0.131843 0.139121 0.134181 0.125688 0.128654 0.133713 0.135762 0.137531 0.139571 0.141324 0.140449 0.138083 0.136442 0.133187 0.127456 0.121692 0.118477 0.115325 0.111217 0.108364 0.107803 0.106587 0.105277 0.106221 0.111788 0.123835 0.139307 0.156456 0.174079 0.185908 0.186928 0.177779 0.162161 0.142779 0.127465 0.117401 0.112568 0.111802 0.110545 0.110042 0.109952 0.109222 0.111796 0.115137 0.117995 0.123639 0.135734 0.147565 0.158927 0.173598 0.194139 0.219557 0.241361 0.261805 0.284204 0.303285 0.320053 0.337046 0.350375 0.345989 0.33105 0.322124 0.331702 0.384403 0.455898 0.52347 0.657463 0.837532 0.960542
0.961243 0.824212 0.622056 0.480042 0.443078 0.423497 0.414284 0.401525 0.37701 0.35407 0.334105 0.328966 0.331102 0.310767 0.259154 0.205815 0.170298 0.147061 0.1311 0.122942 0.117584 0.114984 0.111154 0.108498 0.108732 0.107824 0.106158 0.106409 0.108359 0.112757 0.122524 0.140165 0.164155 0.187451 0.202515 0.206434 0.198311 0.180222 0.157907 0.138568 0.124149 0.11228 0.103777 0.0985946 0.0955274 0.0940639 0.0945565 0.0946093 0.093783 0.0926167 0.0925422 0.0937241 0.093342 0.0930096 0.0957936 0.101547 0.108608 0.116311 0.124016 0.129743 0.133564 0.135252 0.13972 0.14296 0.140785 0.137903 0.139586 0.142516 0.134603 0.113976 0.113976 0.134603 0.142516 0.139586 0.137903 0.140785 0.14296 0.13972 0.135252 0.133564 0.129743 0.124016 0.116311 0.108608 0.101547 0.0957936 0.0930096 0.093342 0.0937241 0.0925422 0.0926167 0.093783 0.0946093 0.0945565 0.0940639 0.0955274 0.0985946 0.103777 0.11228 0.124149 0.138568 0.157907 0.180222 0.198311 0.206434 0.202515 0.187451 0.164155 0.140165 0.122524 0.112757 0.108359 0.106409 0.106158 0.107824 0.108732 0.108498 0.111154 0.114984 0.117584 0.122942 0.1311 0.147061 0.170298 0.205815 0.259154 0.310767 0.331102 0.328966 0.334105 0.35407 0.37701 0.401525 0.414284 0.423497 0.443078 0.480042 0.622056 0.824212 0.961243
0.963144 0.850462 0.661019 0.523584 0.449068 0.401777 0.397273 0.393726 0.379757 0.356358 0.314495 0.262769 0.223206 0.208542 0.216296 0.228822 0.22325 0.195701 0.162077 0.133472 0.11956 0.114843 0.112267 0.110615 0.110181 0.111939 0.117427 0.127993 0.144548 0.164927 0.181724 0.188163 0.183013 0.169382 0.153051 0.137988 0.126575 0.118542 0.113585 0.111653 0.109093 0.106218 0.102573 0.0993166 0.0972527 0.0952691 0.0942164 0.0944731 0.0938271 0.0919248 0.0918572 0.0931148 0.093101 0.0921049 0.0917166 0.0924828 0.0921109 0.0929362 0.0983456 0.10436 0.109132 0.112219 0.117677 0.120895 0.120946 0.127077 0.135493 0.141739 0.137256 0.119053 0.119053 0.137256 0.141739 0.135493 0.127077 0.120946 0.120895 0.117677 0.112219 0.109132 0.10436 0.0983456 0.0929362 0.0921109 0.0924828 0.0917166 0.0921049 0.093101 0.0931148 0.0918572 0.0919248 0.0938271 0.0944731 0.0942164 0.0952691 0.0972527 0.0993166 0.102573 0.106218 0.109093 0.111653 0.113585 0.118542 0.126575 0.137988 0.153051 0.169382 0.183013 0.188163 0.181724 0.164927 0.144548 0.127993 0.117427 0.111939 0.110181 0.110615 0.112267 0.114843 0.11956 0.133472 0.162077 0.195701 0.22325 0.228822 0.216296 0.208542 0.223206 0.262769 0.314495 0.356358 0.379757 0.393726 0.397273 0.401777 0.449068 0.523584 0.661019 0.850462 0.963144
0.96621 0.857757 0.689105 0.559429 0.463173 0.39621 0.342157 0.29511 0.263646 0.244224 0.250929 0.264544 0.262728 0.238717 0.207126 0.184048 0.181802 0.196414 0.213018 0.207173 0.175984 0.141074 0.12343 0.122051 0.135122 0.155018 0.172472 0.183537 0.184315 0.174543 0.154935 0.131896 0.113838 0.102 0.0947446 0.091591 0.0914616 0.092117 0.0935278 0.0963781 0.10011 0.103299 0.104373 0.104539 0.103804 0.102135 0.101393 0.101709 0.101834 0.10179 0.1035 0.10553 0.105859 0.103933 0.102802 0.105007 0.107151 0.109029 0.113499 0.117043 0.116657 0.114493 0.116841 0.120353 0.119169 0.123312 0.133884 0.144045 0.141426 0.123979 0.123979 0.141426 0.144045 0.133884 0.123312 0.119169 0.120353 0.116841 0.114493 0.116657 0.117043 0.113499 0.109029 0.107151 0.105007 0.102802 0.103933 0.105859 0.10553 0.1035 0.10179 0.101834 0.101709 0.101393 0.102135 0.103804 0.104539 0.104373 0.103299 0.10011 0.0963781 0.0935278 0.092117 0.0914616 0.091591 0.0947446 0.102 0.113838 0.131896 0.154935 0.174543 0.184315 0.183537 0.172472 0.155018 0.135122 0.122051 0.12343 0.141074 0.175984 0.207173 0.213018 0.196414 0.181802 0.184048 0.207126 0.238717 0.262728 0.264544 0.250929 0.244224 0.263646 0.29511 0.342157 0.39621 0.463173 0.559429 0.689105 0.857757 0.96621
0.968559 0.852137 0.646022 0.461902 0.352009 0.29171 0.260079 0.247996 0.240885 0.228291 0.217889 0.220337 0.231686 0.241855 0.249494 0.251036 0.228012 0.192511 0.177363 0.189902 0.219775 0.243114 0.251224 0.241168 0.219415 0.194964 0.173824 0.151607 0.130943 0.114655 0.103309 0.0953439 0.0917067 0.0904724 0.0900076 0.0894663 0.0894195 0.0899116 0.0901187 0.0906238 0.0926732 0.095125 0.0970743 0.100096 0.104066 0.108125 0.111762 0.114969 0.117256 0.117686 0.117624 0.118219 0.118088 0.118172 0.120095 0.12396 0.125403 0.125112 0.126898 0.128867 0.130104 0.13002 0.133766 0.138535 0.136205 0.133011 0.135102 0.13748 0.128658 0.110325 0.110325 0.128658 0.13748 0.135102 0.133011 0.136205 0.138535 0.133766 0.13002 0.130104 0.128867 0.126898 0.125112 0.125403 0.12396 0.120095 0.118172 0.118088 0.118219 0.117624 0.117686 0.117256 0.114969 0.111762 0.108125 0.104066 0.100096 0.0970743 0.095125 0.0926732 0.0906238 0.0901187 0.0899116 0.0894195 0.0894663 0.0900076 0.0904724 0.0917067 0.0953439 0.103309 0.114655 0.130943 0.151607 0.173824 0.194964 0.219415 0.241168 0.251224 0.243114 0.219775 0.189902 0.177363 0.192511 0.228012 0.251036 0.249494 0.241855 0.231686 0.220337 0.217889 0.228291 0.240885 0.247996 0.260079 0.29171 0.352009 0.461902 0.646022 0.852137 0.968559
0.968695 0.844662 0.639088 0.50665 0.423463 0.349058 0.289365 0.251188 0.234086 0.22368 0.214382 0.216279 0.228469 0.238105 0.243189 0.256132 0.280813 0.3001 0.305871 0.299055 0.286178 0.273688 0.272561 0.27483 0.257653 0.212204 0.164414 0.1294 0.112838 0.104905 0.102066 0.100048 0.0979178 0.0969649 0.0965752 0.0950684 0.0939435 0.0947994 0.0952727 0.0954074 0.0964643 0.0974334 0.0977548 0.0995048 0.104089 0.109858 0.115297 0.120148 0.125653 0.130563 0.134491 0.138178 0.140024 0.139508 0.138955 0.139936 0.139406 0.137633 0.138133 0.139522 0.138049 0.134507 0.132377 0.129744 0.119725 0.110667 0.109342 0.111312 0.100944 0.0788231 0.0788231 0.100944 0.111312 0.109342 0.110667 0.119725 0.129744 0.132377 0.134507 0.138049 0.139522 0.138133 0.137633 0.139406 0.139936 0.138955 0.139508 0.140024 0.138178 0.134491 0.130563 0.125653 0.120148 0.115297 0.109858 0.104089 0.0995048 0.0977548 0.0974334 0.0964643 0.0954074 0.0952727 0.0947994 0.0939435 0.0950684 0.0965752 0.0969649 0.0979178 0.100048 0.102066 0.104905 0.112838 0.1294 0.164414 0.212204 0.257653 0.27483 0.272561 0.273688 0.286178 0.299055 0.305871 0.3001 0.280813 0.256132 0.243189 0.238105 0.228469 0.216279 0.214382 0.22368 0.234086 0.251188 0.289365 0.349058 0.423463 0.50665 0.639088 0.844662 0.968695
0.969246 0.823195 0.588325 0.434505 0.353614 0.326677 0.32686 0.312032 0.277019 0.240346 0.212497 0.200187 0.203577 0.212832 0.224622 0.251123 0.295323 0.339564 0.368991 0.377516 0.36242 0.320902 0.264706 0.221764 0.210376 0.214658 0.22295 0.218736 0.19004 0.153018 0.128326 0.117352 0.112554 0.10915 0.108206 0.107823 0.105992 0.104922 0.105693 0.106592 0.10767 0.11016 0.112353 0.113907 0.11624 0.118354 0.119753 0.123373 0.130518 0.138354 0.144425 0.14914 0.152018 0.152201 0.149698 0.145934 0.140906 0.133866 0.128513 0.124172 0.117741 0.110545 0.108264 0.107952 0.101509 0.0941917 0.0940078 0.0965373 0.0851411 0.063311 0.063311 0.0851411 0.0965373 0.0940078 0.0941917 0.101509 0.107952 0.108264 0.110545 0.117741 0.124172 0.128513 0.133866 0.140906 0.145934 0.149698 0.152201 0.152018 0.14914 0.144425 0.138354 0.130518 0.123373 0.119753 0.118354 0.11624 0.113907 0.112353 0.11016 0.10767 0.106592 0.105693 0.104922 0.105992 0.107823 0.108206 0.10915 0.112554 0.117352 0.128326 0.153018 0.19004 0.218736 0.22295 0.214658 0.210376 0.221764 0.264706 0.320902 0.36242 0.377516 0.368991 0.339564 0.295323 0.251123 0.224622 0.212832 0.203577 0.200187 0.212497 0.240346 0.277019 0.312032 0.32686 0.326677 0.353614 0.434505 0.588325 0.823195 0.969246
0.97139 0.822841 0.575959 0.40683 0.310468 0.268416 0.260825 0.264806 0.279168 0.289929 0.280281 0.262824 0.257288 0.260377 0.266762 0.26557 0.249585 0.228122 0.213022 0.211958 0.232136 0.268293 0.301538 0.310919 0.291111 0.255538 0.228874 0.229355 0.246583 0.249362 0.224492 0.188387 0.157004 0.137506 0.129108 0.125874 0.12432 0.124105 0.125719 0.127983 0.130178 0.131394 0.132016 0.132213 0.133664 0.137755 0.1409 0.141939 0.141399 0.137259 0.129001 0.122684 0.121548 0.122336 0.122038 0.11885 0.113398 0.108 0.105764 0.107094 0.10781 0.10687 0.108039 0.109272 0.103658 0.0972269 0.096878 0.101514 0.0921 0.0709569 0.0709569 0.0921 0.101514 0.096878 0.0972269 0.103658 0.109272 0.108039 0.10687 0.10781 0.107094 0.105764 0.108 0.113398 0.11885 0.122038 0.122336 0.121548 0.122684 0.129001 0.137259 0.141399 0.141939 0.1409 0.137755 0.133664 0.132213 0.132016 0.131394 0.130178 0.127983 0.125719 0.124105 0.12432 0.125874 0.129108 0.137506 0.157004 0.188387 0.224492 0.249362 0.246583 0.229355 0.228874 0.255538 0.291111 0.310919 0.301538 0.268293 0.232136 0.211958 0.213022 0.228122 0.249585 0.26557 0.266762 0.260377 0.257288 0.262824 0.280281 0.289929 0.279168 0.264806 0.260825 0.268416 0.310468 0.40683 0.575959 0.822841 0.97139
0.97442 0.82862 0.572427 0.396193 0.304124 0.26158 0.245044 0.239172 0.247761 0.271181 0.304991 0.342437 0.356228 0.326823 0.273271 0.221775 0.186539 0.168805 0.162255 0.159662 0.157908 0.16174 0.175919 0.203536 0.241272 0.275299 0.288199 0.277627 0.25963 0.252781 0.262455 0.274845 0.266624 0.231408 0.191051 0.165562 0.153998 0.148012 0.146759 0.1476 0.146642 0.148478 0.152245 0.153754 0.147097 0.134152 0.124032 0.120106 0.120625 0.123715 0.122444 0.112169 0.0999052 0.093786 0.0926871 0.0952473 0.101372 0.108244 0.114132 0.118846 0.120512 0.119137 0.118397 0.118854 0.115026 0.110378 0.111265 0.116419 0.109496 0.0894175 0.0894175 0.109496 0.116419 0.111265 0.110378 0.115026 0.118854 0.118397 0.119137 0.120512 0.118846 0.114132 0.108244 0.101372 0.0952473 0.0926871 0.093786 0.0999052 0.112169 0.122444 0.123715 0.120625 0.120106 0.124032 0.134152 0.147097 0.153754 0.152245 0.148478 0.146642 0.1476 0.146759 0.148012 0.153998 0.165562 0.191051 0.231408 0.266624 0.274845 0.262455 0.252781 0.25963 0.277627 0.288199 0.275299 0.241272 0.203536 0.175919 0.16174 0.157908 0.159662 0.162255 0.168805 0.186539 0.221775 0.273271 0.326823 0.356228 0.342437 0.304991 0.271181 0.247761 0.239172 0.245044 0.26158 0.304124 0.396193 0.572427 0.82862 0.97442
0.978073 0.829552 0.573567 0.40269 0.320624 0.28635 0.284157 0.294087 0.301203 0.294965 0.273689 0.250068 0.237646 0.243088 0.254404 0.248538 0.223335 0.195491 0.173828 0.160207 0.153975 0.150971 0.151319 0.155929 0.163203 0.177457 0.204192 0.237394 0.25835 0.25822 0.246503 0.246648 0.265247 0.289982 0.299336 0.277205 0.23561 0.195859 0.169777 0.154543 0.146189 0.140693 0.13912 0.138148 0.136317 0.138265 0.137183 0.123377 0.107501 0.104775 0.10877 0.109425 0.109317 0.111046 0.111303 0.110555 0.110809 0.110847 0.110398 0.112164 0.117283 0.122364 0.125314 0.127538 0.126595 0.124366 0.12727 0.132391 0.126536 0.108886 0.108886 0.126536 0.132391 0.12727 0.124366 0.126595 0.127538 0.125314 0.122364 0.117283 0.112164 0.110398 0.110847 0.110809 0.110555 0.111303 0.111046 0.109317 0.109425 0.10877 0.104775 0.107501 0.123377 0.137183 0.138265 0.136317 0.138148 0.13912 0.140693 0.146189 0.154543 0.169777 0.195859 0.23561 0.277205 0.299336 0.289982 0.265247 0.246648 0.246503 0.25822 0.25835 0.237394 0.204192 0.177457 0.163203 0.155929 0.151319 0.150971 0.153975 0.160207 0.173828 0.195491 0.223335 0.248538 0.254404 0.243088 0.237646 0.250068 0.273689 0.294965 0.301203 0.294087 0.284157 0.28635 0.320624 0.40269 0.573567 0.829552 0.978073
0.981657 0.827299 0.587934 0.436968 0.372313 0.352208 0.347344 0.316062 0.274091 0.237737 0.214717 0.202054 0.193503 0.191 0.197041 0.213516 0.240775 0.260029 0.250827 0.222847 0.195397 0.175669 0.167035 0.165044 0.162637 0.161695 0.164839 0.17719 0.196994 0.222211 0.245559 0.251441 0.236729 0.222315 0.234594 0.26994 0.300701 0.301626 0.272758 0.232839 0.196915 0.175157 0.160547 0.140986 0.124672 0.114759 0.110047 0.105361 0.104089 0.103289 0.102125 0.104048 0.105704 0.106252 0.107003 0.107846 0.107319 0.106 0.104451 0.102439 0.101601 0.102402 0.102258 0.105721 0.113386 0.117576 0.120853 0.126633 0.12366 0.109193 0.109193 0.12366 0.126633 0.120853 0.117576 0.113386 0.105721 0.102258 0.102402 0.101601 0.102439 0.104451 0.106 0.107319 0.107846 0.107003 0.106252 0.105704 0.104048 0.102125 0.103289 0.104089 0.105361 0.110047 0.114759 0.124672 0.140986 0.160547 0.175157 0.196915 0.232839 0.272758 0.301626 0.300701 0.26994 0.234594 0.222315 0.236729 0.251441 0.245559 0.222211 0.196994 0.17719 0.164839 0.161695 0.162637 0.165044 0.167035 0.175669 0.195397 0.222847 0.250827 0.260029 0.240775 0.213516 0.197041 0.191 0.193503 0.202054 0.214717 0.237737 0.274091 0.316062 0.347344 0.352208 0.372313 0.436968 0.587934 0.827299 0.981657
0.9802 0.838058 0.618214 0.473994 0.393094 0.331459 0.293595 0.268131 0.245723 0.230115 0.218328 0.207686 0.20139 0.196147 0.187441 0.1792 0.178019 0.184519 0.2044 0.229613 0.236409 0.217547 0.190056 0.168148 0.155487 0.15121 0.14815 0.146187 0.148118 0.155067 0.172184 0.200097 0.228588 0.242343 0.237785 0.227139 0.226368 0.248179 0.281022 0.298779 0.286728 0.256312 0.22965 0.211654 0.196191 0.186965 0.178755 0.166397 0.157503 0.153004 0.147186 0.141511 0.142692 0.139898 0.135355 0.135178 0.135356 0.134699 0.136783 0.14111 0.141004 0.14259 0.145275 0.145499 0.14772 0.146722 0.14255 0.149532 0.156113 0.146995 0.146995 0.156113 0.149532 0.14255 0.146722 0.14772 0.145499 0.145275 0.14259 0.141004 0.14111 0.136783 0.134699 0.135356 0.135178 0.135355 0.139898 0.142692 0.141511 0.147186 0.153004 0.157503 0.166397 0.178755 0.186965 0.196191 0.211654 0.22965 0.256312 0.286728 0.298779 0.281022 0.248179 0.226368 0.227139 0.237785 0.242343 0.228588 0.200097 0.172184 0.155067 0.148118 0.146187 0.14815 0.15121 0.155487 0.168148 0.190056 0.217547 0.236409 0.229613 0.2044 0.184519 0.178019 0.1792 0.187441 0.196147 0.20139 0.207686 0.218328 0.230115 0.245723 0.268131 0.293595 0.331459 0.393094 0.473994 0.618214 0.838058 0.9802
0.979469 0.852095 0.622242 0.470425 0.392812 0.347872 0.315831 0.286831 0.264034 0.250882 0.238053 0.222351 0.213285 0.206841 0.200985 0.195901 0.193711 0.191249 0.190072 0.194544 0.20972 0.239085 0.261763 0.257086 0.232938 0.207303 0.188767 0.179443 0.17402 0.167935 0.165168 0.168669 0.182486 0.207453 0.23523 0.252158 0.242853 0.213865 0.192794 0.200357 0.230692 0.26136 0.266364 0.250022 0.237164 0.233883 0.233849 0.229207 0.220492 0.210808 0.196818 0.18338 0.169115 0.159938 0.153133 0.150399 0.151191 0.146868 0.145915 0.147138 0.147192 0.146177 0.148541 0.153993 0.153251 0.155465 0.159375 0.159809 0.158234 0.149337 0.149337 0.158234 0.159809 0.159375 0.155465 0.153251 0.153993 0.148541 0.146177 0.147192 0.147138 0.145915 0.146868 0.151191 0.150399 0.153133 0.159938 0.169115 0.18338 0.196818 0.210808 0.220492 0.229207 0.233849 0.233883 0.237164 0.250022 0.266364 0.26136 0.230692 0.200357 0.192794 0.213865 0.242853 0.252158 0.23523 0.207453 0.182486 0.168669 0.165168 0.167935 0.17402 0.179443 0.188767 0.207303 0.232938 0.257086 0.261763 0.239085 0.20972 0.194544 0.190072 0.191249 0.193711 0.195901 0.200985 0.206841 0.213285 0.222351 0.238053 0.250882 0.264034 0.286831 0.315831 0.347872 0.392812 0.470425 0.622242 0.852095 0.979469
0.981566 0.833998 0.59556 0.460507 0.41523 0.371059 0.324952 0.284084 0.260053 0.243788 0.229017 0.218685 0.21237 0.205669 0.195465 0.185754 0.178409 0.173042 0.170659 0.174143 0.179637 0.186952 0.19994 0.226533 0.261833 0.278258 0.266084 0.242288 0.223541 0.21522 0.212696 0.209912 0.206977 0.204855 0.206978 0.221737 0.246625 0.266935 0.267257 0.243463 0.216377 0.210793 0.232222 0.258826 0.265669 0.251033 0.232515 0.22892 0.240317 0.251937 0.258109 0.257025 0.252095 0.240375 0.226145 0.211847 0.195871 0.186506 0.175252 0.170204 0.165415 0.156563 0.152466 0.146815 0.143399 0.142134 0.136528 0.135466 0.1313 0.115093 0.115093 0.1313 0.135466 0.136528 0.142134 0.143399 0.146815 0.152466 0.156563 0.165415 0.170204 0.175252 0.186506 0.195871 0.211847 0.226145 0.240375 0.252095 0.257025 0.258109 0.251937 0.240317 0.22892 0.232515 0.251033 0.265669 0.258826 0.232222 0.210793 0.216377 0.243463 0.267257 0.266935 0.246625 0.221737 0.206978 0.204855 0.206977 0.209912 0.212696 0.21522 0.223541 0.242288 0.266084 0.278258 0.261833 0.226533 0.19994 0.186952 0.179637 0.174143 0.170659 0.173042 0.178409 0.185754 0.195465 0.205669 0.21237 0.218685 0.229017 0.243788 0.260053 0.284084 0.324952 0.371059 0.41523 0.460507 0.59556 0.833998 0.981566
0.972449 0.811071 0.533412 0.381447 0.326518 0.308731 0.312855 0.304764 0.275323 0.245854 0.218844 0.199628 0.186969 0.177623 0.171644 0.170681 0.173021 0.173902 0.173154 0.171877 0.172006 0.172577 0.172743 0.174699 0.180704 0.198649 0.233505 0.260413 0.255966 0.230201 0.197753 0.170447 0.155816 0.149086 0.144934 0.143893 0.148015 0.162523 0.189867 0.221895 0.239764 0.233175 0.21824 0.219139 0.244629 0.280933 0.299015 0.283737 0.256903 0.24134 0.238886 0.247021 0.257933 0.268723 0.277061 0.276686 0.270768 0.260794 0.254499 0.246096 0.24139 0.234777 0.220578 0.208159 0.189696 0.189859 0.212552 0.220656 0.203285 0.171637 0.171637 0.203285 0.220656 0.212552 0.189859 0.189696 0.208159 0.220578 0.234777 0.24139 0.246096 0.254499 0.260794 0.270768 0.276686 0.277061 0.268723 0.257933 0.247021 0.238886 0.24134 0.256903 0.283737 0.299015 0.280933 0.244629 0.219139 0.21824 0.233175 0.239764 0.221895 0.189867 0.162523 0.148015 0.143893 0.144934 0.149086 0.155816 0.170447 0.197753 0.230201 0.255966 0.260413 0.233505 0.198649 0.180704 0.174699 0.172743 0.172577 0.172006 0.171877 0.173154 0.173902 0.173021 0.170681 0.171644 0.177623 0.186969 0.199628 0.218844 0.245854 0.275323 0.304764 0.312855 0.308731 0.326518 0.381447 0.533412 0.811071 0.972449
0.973364 0.811689 0.523695 0.356463 0.282311 0.251897 0.238746 0.243953 0.259194 0.272889 0.267453 0.249232 0.225976 0.203502 0.187747 0.17827 0.171655 0.166254 0.162199 0.160177 0.159632 0.159274 0.159482 0.159507 0.158187 0.156703 0.158728 0.170176 0.198182 0.229902 0.237959 0.219602 0.194393 0.176058 0.16681 0.163151 0.161805 0.164231 0.170177 0.182972 0.209192 0.240844 0.258325 0.248198 0.218867 0.200058 0.209678 0.237177 0.251202 0.234017 0.206146 0.191848 0.190033 0.19515 0.21073 0.229165 0.240107 0.252835 0.259962 0.261011 0.257388 0.248721 0.249303 0.24443 0.232743 0.225866 0.220544 0.219837 0.216653 0.200135 0.200135 0.216653 0.219837 0.220544 0.225866 0.232743 0.24443 0.249303 0.248721 0.257388 0.261011 0.259962 0.252835 0.240107 0.229165 0.21073 0.19515 0.190033 0.191848 0.206146 0.234017 0.251202 0.237177 0.209678 0.200058 0.218867 0.248198 0.258325 0.240844 0.209192 0.182972 0.170177 0.164231 0.161805 0.163151 0.16681 0.176058 0.194393 0.219602 0.237959 0.229902 0.198182 0.170176 0.158728 0.156703 0.158187 0.159507 0.159482 0.159274 0.159632 0.160177 0.162199 0.166254 0.171655 0.17827 0.187747 0.203502 0.225976 0.249232 0.267453 0.272889 0.259194 0.243953 0.238746 0.251897 0.282311 0.356463 0.523695 0.811689 0.973364
0.975348 0.810364 0.524776 0.366267 0.307802 0.280085 0.261818 0.245666 0.241015 0.250183 0.267883 0.28615 0.292302 0.274853 0.243142 0.211801 0.191284 0.181197 0.175033 0.170059 0.166263 0.165242 0.164263 0.162154 0.160473 0.158194 0.156254 0.153025 0.148863 0.151637 0.172404 0.207449 0.225995 0.215817 0.194879 0.175312 0.164245 0.160757 0.15975 0.160014 0.164416 0.175474 0.197933 0.229314 0.255715 0.256468 0.23252 0.212413 0.220188 0.250382 0.271513 0.261277 0.233248 0.214131 0.208715 0.204092 0.182112 0.160417 0.17677 0.20683 0.223079 0.234153 0.234025 0.224498 0.201571 0.173532 0.157553 0.14759 0.120288 0.0891266 0.0891266 0.120288 0.14759 0.157553 0.173532 0.201571 0.224498 0.234025 0.234153 0.223079 0.20683 0.17677 0.160417 0.182112 0.204092 0.208715 0.214131 0.233248 0.261277 0.271513 0.250382 0.220188 0.212413 0.23252 0.256468 0.255715 0.229314 0.197933 0.175474 0.164416 0.160014 0.15975 0.160757 0.164245 0.175312 0.194879 0.215817 0.225995 0.207449 0.172404 0.151637 0.148863 0.153025 0.156254 0.158194 0.160473 0.162154 0.164263 0.165242 0.166263 0.170059 0.175033 0.181197 0.191284 0.211801 0.243142 0.274853 0.292302 0.28615 0.267883 0.250183 0.241015 0.245666 0.261818 0.280085 0.307802 0.366267 0.524776 0.810364 0.975348
0.986571 0.826999 0.551528 0.412658 0.351654 0.3082 0.287118 0.271555 0.261474 0.254606 0.248685 0.25131 0.258911 0.272246 0.285203 0.279094 0.259686 0.236973 0.218804 0.210877 0.207378 0.204042 0.202253 0.200152 0.194925 0.188389 0.181443 0.17503 0.171713 0.171151 0.171292 0.174191 0.1913 0.229323 0.259616 0.257377 0.23681 0.216644 0.203079 0.19514 0.190243 0.1857 0.179874 0.17429 0.176941 0.189695 0.200914 0.195373 0.170674 0.14852 0.153145 0.180247 0.200589 0.190252 0.159406 0.134176 0.122706 0.118226 0.112848 0.116239 0.130065 0.14897 0.165273 0.188552 0.202827 0.216719 0.220114 0.219471 0.214882 0.188754 0.188754 0.214882 0.219471 0.220114 0.216719 0.202827 0.188552 0.165273 0.14897 0.130065 0.116239 0.112848 0.118226 0.122706 0.134176 0.159406 0.190252 0.200589 0.180247 0.153145 0.14852 0.170674 0.195373 0.200914 0.189695 0.176941 0.17429 0.179874 0.1857 0.190243 0.19514 0.203079 0.216644 0.23681 0.257377 0.259616 0.229323 0.1913 0.174191 0.171292 0.171151 0.171713 0.17503 0.181443 0.188389 0.194925 0.200152 0.202253 0.204042 0.207378 0.210877 0.218804 0.236973 0.259686 0.279094 0.285203 0.272246 0.258911 0.25131 0.248685 0.254606 0.261474 0.271555 0.287118 0.3082 0.351654 0.412658 0.551528 0.826999 0.986571
0.989616 0.826071 0.55455 0.431642 0.377109 0.338423 0.32302 0.309333 0.297083 0.281203 0.258231 0.243036 0.229518 0.22197 0.231825 0.255244 0.279838 0.288771 0.273771 0.242433 0.213465 0.19631 0.187306 0.181368 0.179461 0.183213 0.191253 0.195323 0.189828 0.176351 0.156765 0.136526 0.122846 0.11632 0.124964 0.160589 0.198451 0.202432 0.181811 0.160333 0.146043 0.137777 0.133127 0.130062 0.130165 0.135976 0.152363 0.181306 0.20955 0.215967 0.194933 0.169116 0.165955 0.190364 0.212193 0.20221 0.170065 0.141575 0.127593 0.124627 0.127578 0.132082 0.141203 0.147526 0.163059 0.183815 0.200711 0.231022 0.245516 0.24862 0.24862 0.245516 0.231022 0.200711 0.183815 0.163059 0.147526 0.141203 0.132082 0.127578 0.124627 0.127593 0.141575 0.170065 0.20221 0.212193 0.190364 0.165955 0.169116 0.194933 0.215967 0.20955 0.181306 0.152363 0.135976 0.130165 0.130062 0.133127 0.137777 0.146043 0.160333 0.181811 0.202432 0.198451 0.160589 0.124964 0.11632 0.122846 0.136526 0.156765 0.176351 0.189828 0.195323 0.191253 0.183213 0.179461 0.181368 0.187306 0.19631 0.213465 0.242433 0.273771 0.288771 0.279838 0.255244 0.231825 0.22197 0.229518 0.243036 0.258231 0.281203 0.297083 0.309333 0.32302 0.338423 0.377109 0.431642 0.55455 0.826071 0.989616
0.982971 0.824781 0.561049 0.422432 0.354491 0.312328 0.288296 0.272971 0.26814 0.266945 0.271161 0.286286 0.297849 0.301096 0.301662 0.296872 0.291818 0.291523 0.298269 0.303048 0.28943 0.252848 0.210673 0.180242 0.163237 0.153097 0.145765 0.140948 0.13883 0.137708 0.13694 0.136019 0.133949 0.131443 0.128876 0.126982 0.129518 0.156259 0.196294 0.205564 0.186222 0.163373 0.144233 0.132261 0.124523 0.118867 0.11673 0.122537 0.139763 0.171893 0.205515 0.215196 0.196659 0.170709 0.169352 0.194227 0.218447 0.210981 0.180995 0.155964 0.148777 0.151047 0.159502 0.174891 0.194341 0.207725 0.224482 0.231747 0.229234 0.193491 0.193491 0.229234 0.231747 0.224482 0.207725 0.194341 0.174891 0.159502 0.151047 0.148777 0.155964 0.180995 0.210981 0.218447 0.194227 0.169352 0.170709 0.196659 0.215196 0.205515 0.171893 0.139763 0.122537 0.11673 0.118867 0.124523 0.132261 0.144233 0.163373 0.186222 0.205564 0.196294 0.156259 0.129518 0.126982 0.128876 0.131443 0.133949 0.136019 0.13694 0.137708 0.13883 0.140948 0.145765 0.153097 0.163237 0.180242 0.210673 0.252848 0.28943 0.303048 0.298269 0.291523 0.291818 0.296872 0.301662 0.301096 0.297849 0.286286 0.271161 0.266945 0.26814 0.272971 0.288296 0.312328 0.354491 0.422432 0.561049 0.824781 0.982971
0.975651 0.825703 0.5704 0.41841 0.348446 0.315189 0.295023 0.281149 0.267582 0.256748 0.252156 0.249407 0.244484 0.23571 0.229079 0.225639 0.222255 0.221683 0.226278 0.238746 0.263278 0.28128 0.278693 0.260359 0.240821 0.229109 0.214654 0.194813 0.173845 0.149879 0.127739 0.112078 0.100731 0.093934 0.0919245 0.0915386 0.0913567 0.091885 0.0974616 0.121068 0.167587 0.189969 0.177661 0.160153 0.145769 0.137921 0.131668 0.129541 0.127155 0.13143 0.144484 0.174395 0.203961 0.217852 0.199515 0.17412 0.173117 0.206638 0.241578 0.245809 0.231911 0.219673 0.215348 0.213924 0.207551 0.188434 0.172036 0.164086 0.154058 0.123651 0.123651 0.154058 0.164086 0.172036 0.188434 0.207551 0.213924 0.215348 0.219673 0.231911 0.245809 0.241578 0.206638 0.173117 0.17412 0.199515 0.217852 0.203961 0.174395 0.144484 0.13143 0.127155 0.129541 0.131668 0.137921 0.145769 0.160153 0.177661 0.189969 0.167587 0.121068 0.0974616 0.091885 0.0913567 0.0915386 0.0919245 0.093934 0.100731 0.112078 0.127739 0.149879 0.173845 0.194813 0.214654 0.229109 0.240821 0.260359 0.278693 0.28128 0.263278 0.238746 0.226278 0.221683 0.222255 0.225639 0.229079 0.23571 0.244484 0.249407 0.252156 0.256748 0.267582 0.281149 0.295023 0.315189 0.348446 0.41841 0.5704 0.825703 0.975651
0.969845 0.806375 0.5494 0.407674 0.335864 0.306735 0.29253 0.283878 0.281555 0.272658 0.256462 0.237427 0.222896 0.216872 0.213265 0.206418 0.196718 0.189078 0.180926 0.177259 0.182566 0.195624 0.220236 0.242643 0.247788 0.234187 0.210313 0.186512 0.171007 0.165748 0.168296 0.173242 0.178741 0.182113 0.180208 0.174465 0.165026 0.152474 0.140196 0.128527 0.121151 0.126806 0.166991 0.188181 0.171892 0.15057 0.138976 0.130499 0.125933 0.121956 0.122418 0.127315 0.14144 0.173683 0.213354 0.236535 0.231303 0.221384 0.23193 0.264198 0.289056 0.269451 0.215079 0.170355 0.142899 0.122567 0.118332 0.123583 0.122846 0.0976612 0.0976612 0.122846 0.123583 0.118332 0.122567 0.142899 0.170355 0.215079 0.269451 0.289056 0.264198 0.23193 0.221384 0.231303 0.236535 0.213354 0.173683 0.14144 0.127315 0.122418 0.121956 0.125933 0.130499 0.138976 0.15057 0.171892 0.188181 0.166991 0.126806 0.121151 0.128527 0.140196 0.152474 0.165026 0.174465 0.180208 0.182113 0.178741 0.173242 0.168296 0.165748 0.171007 0.186512 0.210313 0.234187 0.247788 0.242643 0.220236 0.195624 0.182566 0.177259 0.180926 0.189078 0.196718 0.206418 0.213265 0.216872 0.222896 0.237427 0.256462 0.272658 0.281555 0.283878 0.29253 0.306735 0.335864 0.407674 0.5494 0.806375 0.969845
0.968407 0.783337 0.519675 0.381832 0.308481 0.279707 0.259643 0.241361 0.233193 0.22389 0.219524 0.215822 0.210572 0.20931 0.207354 0.20539 0.203947 0.205744 0.21172 0.213684 0.20336 0.182479 0.164532 0.17039 0.197565 0.228023 0.244125 0.2374 0.214423 0.18793 0.169723 0.161998 0.161224 0.162716 0.16412 0.164874 0.165184 0.165958 0.166341 0.1642 0.162512 0.161907 0.168687 0.17217 0.208549 0.229939 0.204816 0.177154 0.162752 0.150504 0.149734 0.151988 0.164467 0.180135 0.211585 0.250828 0.286973 0.29243 0.259046 0.203898 0.181177 0.192331 0.207327 0.192204 0.161911 0.129192 0.114854 0.118899 0.116857 0.0898523 0.0898523 0.116857 0.118899 0.114854 0.129192 0.161911 0.192204 0.207327 0.192331 0.181177 0.203898 0.259046 0.29243 0.286973 0.250828 0.211585 0.180135 0.164467 0.151988 0.149734 0.150504 0.162752 0.177154 0.204816 0.229939 0.208549 0.17217 0.168687 0.161907 0.162512 0.1642 0.166341 0.165958 0.165184 0.164874 0.16412 0.162716 0.161224 0.161998 0.169723 0.18793 0.214423 0.2374 0.244125 0.228023 0.197565 0.17039 0.164532 0.182479 0.20336 0.213684 0.21172 0.205744 0.203947 0.20539 0.207354 0.20931 0.210572 0.215822 0.219524 0.22389 0.233193 0.241361 0.259643 0.279707 0.308481 0.381832 0.519675 0.783337 0.968407
0.972579 0.78628 0.515532 0.376843 0.305434 0.265453 0.236699 0.213541 0.19594 0.186178 0.183113 0.175463 0.163231 0.152908 0.149501 0.15357 0.154344 0.152368 0.153629 0.158721 0.168534 0.177356 0.182884 0.18999 0.202282 0.2207 0.244339 0.266839 0.278158 0.267278 0.22509 0.171448 0.131871 0.110677 0.106816 0.110351 0.112918 0.118281 0.129452 0.143486 0.154717 0.161708 0.167471 0.170805 0.179324 0.18603 0.217399 0.258585 0.245532 0.25258 0.254812 0.266564 0.266782 0.258807 0.242203 0.220095 0.199872 0.208329 0.222526 0.220241 0.197023 0.165088 0.158016 0.186559 0.213241 0.191556 0.163892 0.150172 0.133328 0.0952699 0.0952699 0.133328 0.150172 0.163892 0.191556 0.213241 0.186559 0.158016 0.165088 0.197023 0.220241 0.222526 0.208329 0.199872 0.220095 0.242203 0.258807 0.266782 0.266564 0.254812 0.25258 0.245532 0.258585 0.217399 0.18603 0.179324 0.170805 0.167471 0.161708 0.154717 0.143486 0.129452 0.118281 0.112918 0.110351 0.106816 0.110677 0.131871 0.171448 0.22509 0.267278 0.278158 0.266839 0.244339 0.2207 0.202282 0.18999 0.182884 0.177356 0.168534 0.158721 0.153629 0.152368 0.154344 0.15357 0.149501 0.152908 0.163231 0.175463 0.183113 0.186178 0.19594 0.213541 0.236699 0.265453 0.305434 0.376843 0.515532 0.78628 0.972579
0.978669 0.798539 0.523722 0.371907 0.28752 0.248444 0.227128 0.217492 0.20507 0.195326 0.183969 0.17402 0.166431 0.159046 0.154752 0.151098 0.145196 0.140117 0.134194 0.128982 0.124943 0.121332 0.118569 0.115861 0.114807 0.11581 0.126437 0.143374 0.171441 0.205624 0.238576 0.253244 0.247234 0.227293 0.206117 0.197972 0.195729 0.185898 0.171078 0.151805 0.138239 0.126425 0.128817 0.136199 0.147224 0.165732 0.191274 0.21605 0.246049 0.265971 0.275688 0.272457 0.257017 0.239993 0.226803 0.212877 0.208261 0.205916 0.212662 0.233157 0.267186 0.270999 0.240216 0.210081 0.208377 0.231093 0.255807 0.248822 0.222434 0.144528 0.144528 0.222434 0.248822 0.255807 0.231093 0.208377 0.210081 0.240216 0.270999 0.267186 0.233157 0.212662 0.205916 0.208261 0.212877 0.226803 0.239993 0.257017 0.272457 0.275688 0.265971 0.246049 0.21605 0.191274 0.165732 0.147224 0.136199 0.128817 0.126425 0.138239 0.151805 0.171078 0.185898 0.195729 0.197972 0.206117 0.227293 0.247234 0.253244 0.238576 0.205624 0.171441 0.143374 0.126437 0.11581 0.114807 0.115861 0.118569 0.121332 0.124943 0.128982 0.134194 0.140117 0.145196 0.151098 0.154752 0.159046 0.166431 0.17402 0.183969 0.195326 0.20507 0.217492 0.227128 0.248444 0.28752 0.371907 0.523722 0.798539 0.978669
0.983571 0.81875 0.600937 0.522784 0.454808 0.388077 0.343681 0.306338 0.282587 0.261088 0.245153 0.236049 0.222875 0.208747 0.199774 0.193574 0.187878 0.185625 0.184312 0.181628 0.183178 0.180431 0.176527 0.176071 0.177227 0.176723 0.179946 0.185372 0.185744 0.195908 0.218835 0.244144 0.278571 0.292646 0.287553 0.263023 0.241121 0.230281 0.223549 0.234673 0.252026 0.27186 0.288361 0.299264 0.312118 0.31414 0.306112 0.282235 0.256817 0.237425 0.249606 0.284174 0.305544 0.287619 0.253212 0.230727 0.222492 0.227899 0.244979 0.262608 0.287474 0.334716 0.372765 0.384348 0.370777 0.332577 0.322108 0.356942 0.382988 0.298739 0.298739 0.382988 0.356942 0.322108 0.332577 0.370777 0.384348 0.372765 0.334716 0.287474 0.262608 0.244979 0.227899 0.222492 0.230727 0.253212 0.287619 0.305544 0.284174 0.249606 0.237425 0.256817 0.282235 0.306112 0.31414 0.312118 0.299264 0.288361 0.27186 0.252026 0.234673 0.223549 0.230281 0.241121 0.263023 0.287553 0.292646 0.278571 0.244144 0.218835 0.195908 0.185744 0.185372 0.179946 0.176723 0.177227 0.176071 0.176527 0.180431 0.183178 0.181628 0.184312 0.185625 0.187878 0.193574 0.199774 0.208747 0.222875 0.236049 0.245153 0.261088 0.282587 0.306338 0.343681 0.388077 0.454808 0.522784 0.600937 0.81875 0.983571
0.982211 0.867334 0.710033 0.629336 0.602614 0.601828 0.583745 0.543544 0.501683 0.466109 0.446396 0.432505 0.421666 0.413526 0.405571 0.397751 0.391876 0.383993 0.376295 0.367845 0.359925 0.354294 0.348174 0.344764 0.337941 0.333154 0.330503 0.326661 0.32445 0.321832 0.320886 0.328259 0.34056 0.361108 0.38185 0.391031 0.383708 0.367584 0.357431 0.358196 0.372096 0.39754 0.422641 0.441815 0.452041 0.454273 0.443745 0.434493 0.426876 0.421591 0.419376 0.400452 0.388068 0.432506 0.449041 0.438917 0.427213 0.415424 0.406325 0.396891 0.386823 0.388747 0.404866 0.439572 0.481677 0.501133 0.476349 0.457623 0.429545 0.408917 0.408917 0.429545 0.457623 0.476349 0.501133 0.481677 0.439572 0.404866 0.388747 0.386823 0.396891 0.406325 0.415424 0.427213 0.438917 0.449041 0.432506 0.388068 0.400452 0.419376 0.421591 0.426876 0.434493 0.443745 0.454273 0.452041 0.441815 0.422641 0.39754 0.372096 0.358196 0.357431 0.367584 0.383708 0.391031 0.38185 0.361108 0.34056 0.328259 0.320886 0.321832 0.32445 0.326661 0.330503 0.333154 0.337941 0.344764 0.348174 0.354294 0.359925 0.367845 0.376295 0.383993 0.391876 0.397751 0.405571 0.413526 0.421666 0.432505 0.446396 0.466109 0.501683 0.543544 0.583745 0.601828 0.602614 0.629336 0.710033 0.867334 0.982211
0.976553 0.836294 0.64267 0.552969 0.483258 0.447645 0.460563 0.490131 0.499946 0.490392 0.474001 0.456307 0.45452 0.445 0.441768 0.440478 0.434439 0.42832 0.424052 0.424178 0.41859 0.417822 0.419562 0.420134 0.422793 0.423617 0.427238 0.43183 0.431587 0.430248 0.434184 0.428765 0.431166 0.457902 0.485799 0.525198 0.558743 0.578573 0.577931 0.560299 0.537493 0.505718 0.477151 0.446545 0.416474 0.399114 0.38437 0.374217 0.369085 0.369709 0.379837 0.387657 0.399785 0.406168 0.410227 0.412276 0.404729 0.394572 0.38148 0.363324 0.345738 0.337256 0.336917 0.342984 0.366789 0.401648 0.424927 0.442585 0.454253 0.386373 0.386373 0.454253 0.442585 0.424927 0.401648 0.366789 0.342984 0.336917 0.337256 0.345738 0.363324 0.38148 0.394572 0.404729 0.412276 0.410227 0.406168 0.399785 0.387657 0.379837 0.369709 0.369085 0.374217 0.38437 0.399114 0.416474 0.446545 0.477151 0.505718 0.537493 0.560299 0.577931 0.578573 0.558743 0.525198 0.485799 0.457902 0.431166 0.428765 0.434184 0.430248 0.431587 0.43183 0.427238 0.423617 0.422793 0.420134 0.419562 0.417822 0.41859 0.424178 0.424052 0.42832 0.434439 0.440478 0.441768 0.445 0.45452 0.456307 0.474001 0.490392 0.499946 0.490131 0.460563 0.447645 0.483258 0.552969 0.64267 0.836294 0.976553
0.980814 0.826544 0.621969 0.512106 0.435016 0.408498 0.375103 0.362679 0.35391 0.370221 0.387868 0.37319 0.362789 0.35417 0.346789 0.341819 0.337296 0.336013 0.334851 0.335686 0.332358 0.335007 0.3339 0.331331 0.329222 0.324706 0.318871 0.312131 0.310364 0.316027 0.324706 0.338955 0.352946 0.368469 0.391057 0.413708 0.450191 0.488339 0.509706 0.510576 0.477083 0.429951 0.383514 0.359315 0.347734 0.343973 0.343205 0.338328 0.333394 0.330378 0.324449 0.317729 0.310387 0.301237 0.29056 0.297411 0.326312 0.366895 0.358835 0.338384 0.357305 0.385657 0.392599 0.39789 0.411627 0.439534 0.477876 0.503631 0.524315 0.405503 0.405503 0.524315 0.503631 0.477876 0.439534 0.411627 0.39789 0.392599 0.385657 0.357305 0.338384 0.358835 0.366895 0.326312 0.297411 0.29056 0.301237 0.310387 0.317729 0.324449 0.330378 0.333394 0.338328 0.343205 0.343973 0.347734 0.359315 0.383514 0.429951 0.477083 0.510576 0.509706 0.488339 0.450191 0.413708 0.391057 0.368469 0.352946 0.338955 0.324706 0.316027 0.310364 0.312131 0.318871 0.324706 0.329222 0.331331 0.3339 0.335007 0.332358 0.335686 0.334851 0.336013 0.337296 0.341819 0.346789 0.35417 0.362789 0.37319 0.387868 0.370221 0.35391 0.362679 0.375103 0.408498 0.435016 0.512106 0.621969 0.826544 0.980814
0.988211 0.857334 0.694601 0.599455 0.529628 0.49055 0.452594 0.425713 0.40431 0.388853 0.375941 0.361034 0.349542 0.328582 0.291584 0.263655 0.251477 0.242537 0.227342 0.216362 0.205084 0.195679 0.19204 0.184474 0.180534 0.182808 0.182619 0.186635 0.199493 0.207992 0.215936 0.22977 0.239908 0.246155 0.245736 0.252503 0.247694 0.236053 0.230117 0.239441 0.261128 0.273965 0.26094 0.231272 0.199791 0.187676 0.186453 0.193336 0.21028 0.237604 0.261745 0.288723 0.317102 0.338318 0.355233 0.373335 0.379893 0.394127 0.408659 0.421336 0.406343 0.426785 0.446432 0.482638 0.533761 0.551084 0.520719 0.505276 0.475667 0.433964 0.433964 0.475667 0.505276 0.520719 0.551084 0.533761 0.482638 0.446432 0.426785 0.406343 0.421336 0.408659 0.394127 0.379893 0.373335 0.355233 0.338318 0.317102 0.288723 0.261745 0.237604 0.21028 0.193336 0.186453 0.187676 0.199791 0.231272 0.26094 0.273965 0.261128 0.239441 0.230117 0.236053 0.247694 0.252503 0.245736 0.246155 0.239908 0.22977 0.215936 0.207992 0.199493 0.186635 0.182619 0.182808 0.180534 0.184474 0.19204 0.195679 0.205084 0.216362 0.227342 0.242537 0.251477 0.263655 0.291584 0.328582 0.349542 0.361034 0.375941 0.388853 0.40431 0.425713 0.452594 0.49055 0.529628 0.599455 0.694601 0.857334 0.988211
0.983673 0.815735 0.584546 0.47092 0.391066 0.347535 0.31283 0.291747 0.290938 0.295707 0.297177 0.293793 0.301087 0.311838 0.318379 0.311415 0.280384 0.246141 0.228642 0.220782 0.211264 0.200694 0.18677 0.172986 0.169186 0.177242 0.18354 0.19193 0.206939 0.225135 0.241516 0.253034 0.255233 0.246634 0.229475 0.205548 0.184414 0.157826 0.143888 0.155506 0.188604 0.230958 0.276706 0.306976 0.327103 0.326744 0.317952 0.31426 0.314634 0.320226 0.323249 0.325898 0.328941 0.332986 0.337011 0.34408 0.344102 0.347174 0.354772 0.363567 0.377425 0.398568 0.381814 0.385931 0.38418 0.355672 0.325639 0.349613 0.388364 0.319691 0.319691 0.388364 0.349613 0.325639 0.355672 0.38418 0.385931 0.381814 0.398568 0.377425 0.363567 0.354772 0.347174 0.344102 0.34408 0.337011 0.332986 0.328941 0.325898 0.323249 0.320226 0.314634 0.31426 0.317952 0.326744 0.327103 0.306976 0.276706 0.230958 0.188604 0.155506 0.143888 0.157826 0.184414 0.205548 0.229475 0.246634 0.255233 0.253034 0.241516 0.225135 0.206939 0.19193 0.18354 0.177242 0.169186 0.172986 0.18677 0.200694 0.211264 0.220782 0.228642 0.246141 0.280384 0.311415 0.318379 0.311838 0.301087 0.293793 0.297177 0.295707 0.290938 0.291747 0.31283 0.347535 0.391066 0.47092 0.584546 0.815735 0.983673
0.976788 0.785914 0.533041 0.39397 0.315614 0.278377 0.253068 0.233896 0.21621 0.204184 0.194775 0.182886 0.170864 0.162433 0.175478 0.213895 0.241053 0.239615 0.223106 0.211105 0.211918 0.210476 0.224781 0.239778 0.254005 0.263645 0.276942 0.287901 0.291661 0.291124 0.289006 0.290643 0.297198 0.295337 0.284018 0.279258 0.282421 0.296953 0.31177 0.324233 0.340918 0.358559 0.377714 0.399768 0.420349 0.423653 0.396879 0.34976 0.304015 0.272216 0.245765 0.221114 0.206644 0.19111 0.181157 0.189594 0.203541 0.217374 0.234866 0.253256 0.294892 0.340139 0.349992 0.299916 0.237299 0.219817 0.234639 0.240018 0.20885 0.144382 0.144382 0.20885 0.240018 0.234639 0.219817 0.237299 0.299916 0.349992 0.340139 0.294892 0.253256 0.234866 0.217374 0.203541 0.189594 0.181157 0.19111 0.206644 0.221114 0.245765 0.272216 0.304015 0.34976 0.396879 0.423653 0.420349 0.399768 0.377714 0.358559 0.340918 0.324233 0.31177 0.296953 0.282421 0.279258 0.284018 0.295337 0.297198 0.290643 0.289006 0.291124 0.291661 0.287901 0.276942 0.263645 0.254005 0.239778 0.224781 0.210476 0.211918 0.211105 0.223106 0.239615 0.241053 0.213895 0.175478 0.162433 0.170864 0.182886 0.194775 0.204184 0.21621 0.233896 0.253068 0.278377 0.315614 0.39397 0.533041 0.785914 0.976788
0.971774 0.771551 0.494472 0.358797 0.298228 0.261064 0.237103 0.217156 0.20483 0.198463 0.190374 0.186474 0.18903 0.183484 0.185705 0.19073 0.196434 0.196164 0.228393 0.262848 0.252464 0.262133 0.267499 0.286161 0.290457 0.300043 0.30978 0.310011 0.307087 0.301252 0.2964 0.301649 0.315287 0.327494 0.333682 0.339251 0.33775 0.332322 0.324636 0.313636 0.301725 0.287103 0.272177 0.267462 0.264154 0.279046 0.311006 0.313373 0.285817 0.249372 0.223027 0.211086 0.208578 0.207317 0.199793 0.186909 0.171885 0.16161 0.176033 0.204261 0.209261 0.187829 0.175074 0.211353 0.275168 0.278738 0.208394 0.166013 0.133637 0.0918175 0.0918175 0.133637 0.166013 0.208394 0.278738 0.275168 0.211353 0.175074 0.187829 0.209261 0.204261 0.176033 0.16161 0.171885 0.186909 0.199793 0.207317 0.208578 0.211086 0.223027 0.249372 0.285817 0.313373 0.311006 0.279046 0.264154 0.267462 0.272177 0.287103 0.301725 0.313636 0.324636 0.332322 0.33775 0.339251 0.333682 0.327494 0.315287 0.301649 0.2964 0.301252 0.307087 0.310011 0.30978 0.300043 0.290457 0.286161 0.267499 0.262133 0.252464 0.262848 0.228393 0.196164 0.196434 0.19073 0.185705 0.183484 0.18903 0.186474 0.190374 0.198463 0.20483 0.217156 0.237103 0.261064 0.298228 0.358797 0.494472 0.771551 0.971774
0.968082 0.759075 0.483012 0.357973 0.302482 0.270219 0.251378 0.24644 0.244096 0.246253 0.243356 0.25254 0.254097 0.258688 0.259949 0.266036 0.2726 0.285809 0.316388 0.351881 0.374771 0.386868 0.39216 0.391634 0.371494 0.345776 0.315824 0.297681 0.28442 0.281185 0.275581 0.269874 0.262043 0.252947 0.24248 0.227871 0.21971 0.20879 0.193422 0.184035 0.183157 0.191518 0.194303 0.187806 0.186244 0.198981 0.22564 0.256377 0.277572 0.297411 0.289459 0.251681 0.21463 0.191983 0.177223 0.174401 0.183794 0.210667 0.230923 0.207857 0.166118 0.162529 0.195547 0.217287 0.228852 0.223276 0.22027 0.196727 0.177486 0.115443 0.115443 0.177486 0.196727 0.22027 0.223276 0.228852 0.217287 0.195547 0.162529 0.166118 0.207857 0.230923 0.210667 0.183794 0.174401 0.177223 0.191983 0.21463 0.251681 0.289459 0.297411 0.277572 0.256377 0.22564 0.198981 0.186244 0.187806 0.194303 0.191518 0.183157 0.184035 0.193422 0.20879 0.21971 0.227871 0.24248 0.252947 0.262043 0.269874 0.275581 0.281185 0.28442 0.297681 0.315824 0.345776 0.371494 0.391634 0.39216 0.386868 0.374771 0.351881 0.316388 0.285809 0.2726 0.266036 0.259949 0.258688 0.254097 0.25254 0.243356 0.246253 0.244096 0.24644 0.251378 0.270219 0.302482 0.357973 0.483012 0.759075 0.968082
0.96583 0.764625 0.523975 0.42211 0.382912 0.35516 0.34071 0.327709 0.315714 0.313009 0.313115 0.32027 0.319106 0.309743 0.301074 0.299463 0.300459 0.304229 0.310723 0.317233 0.316088 0.302486 0.302105 0.296487 0.30284 0.25465 0.233678 0.229273 0.219593 0.202423 0.189879 0.171808 0.160172 0.143931 0.13562 0.127354 0.120076 0.115277 0.12096 0.131467 0.151614 0.172522 0.183753 0.182777 0.179812 0.179335 0.183577 0.190611 0.207754 0.23131 0.256945 0.258749 0.241033 0.21981 0.214366 0.241595 0.281929 0.288848 0.258361 0.24022 0.259133 0.287039 0.27858 0.237413 0.204473 0.1844 0.192051 0.231799 0.259137 0.20643 0.20643 0.259137 0.231799 0.192051 0.1844 0.204473 0.237413 0.27858 0.287039 0.259133 0.24022 0.258361 0.288848 0.281929 0.241595 0.214366 0.21981 0.241033 0.258749 0.256945 0.23131 0.207754 0.190611 0.183577 0.179335 0.179812 0.182777 0.183753 0.172522 0.151614 0.131467 0.12096 0.115277 0.120076 0.127354 0.13562 0.143931 0.160172 0.171808 0.189879 0.202423 0.219593 0.229273 0.233678 0.25465 0.30284 0.296487 0.302105 0.302486 0.316088 0.317233 0.310723 0.304229 0.300459 0.299463 0.301074 0.309743 0.319106 0.32027 0.313115 0.313009 0.315714 0.327709 0.34071 0.35516 0.382912 0.42211 0.523975 0.764625 0.96583
0.96524 0.823239 0.615833 0.517847 0.468633 0.431818 0.390254 0.360411 0.332788 0.303566 0.29317 0.27605 0.268663 0.259304 0.262 0.258063 0.256884 0.261694 0.25506 0.274258 0.273989 0.244234 0.228691 0.215118 0.21118 0.216536 0.224372 0.188847 0.134633 0.131234 0.12738 0.127564 0.127391 0.133131 0.145704 0.163472 0.177269 0.182455 0.181194 0.173038 0.162911 0.154493 0.147479 0.140138 0.135287 0.131208 0.126839 0.125929 0.129074 0.138959 0.161657 0.189085 0.220837 0.241503 0.254673 0.250913 0.214024 0.178172 0.188015 0.235656 0.260323 0.254383 0.230554 0.22604 0.237782 0.247673 0.259022 0.276634 0.291614 0.281778 0.281778 0.291614 0.276634 0.259022 0.247673 0.237782 0.22604 0.230554 0.254383 0.260323 0.235656 0.188015 0.178172 0.214024 0.250913 0.254673 0.241503 0.220837 0.189085 0.161657 0.138959 0.129074 0.125929 0.126839 0.131208 0.135287 0.140138 0.147479 0.154493 0.162911 0.173038 0.181194 0.182455 0.177269 0.163472 0.145704 0.133131 0.127391 0.127564 0.12738 0.131234 0.134633 0.188847 0.224372 0.216536 0.21118 0.215118 0.228691 0.244234 0.273989 0.274258 0.25506 0.261694 0.256884 0.258063 0.262 0.259304 0.268663 0.27605 0.29317 0.303566 0.332788 0.360411 0.390254 0.431818 0.468633 0.517847 0.615833 0.823239 0.96524
0.963508 0.797908 0.577462 0.498007 0.448346 0.427872 0.3952 0.373494 0.363039 0.341816 0.326462 0.298056 0.300391 0.310829 0.321257 0.319743 0.309044 0.307914 0.259556 0.232067 0.207175 0.187341 0.179441 0.164859 0.159491 0.158142 0.163681 0.175965 0.194809 0.183147 0.153869 0.15964 0.170671 0.173802 0.171757 0.164901 0.158611 0.151579 0.14389 0.1359 0.127902 0.120739 0.112869 0.106241 0.102137 0.0978241 0.0947394 0.0924707 0.0922479 0.0940824 0.105684 0.133676 0.192799 0.266166 0.288945 0.250544 0.217443 0.229835 0.246688 0.240609 0.217266 0.204912 0.201272 0.202498 0.209269 0.212777 0.207998 0.239588 0.289044 0.271131 0.271131 0.289044 0.239588 0.207998 0.212777 0.209269 0.202498 0.201272 0.204912 0.217266 0.240609 0.246688 0.229835 0.217443 0.250544 0.288945 0.266166 0.192799 0.133676 0.105684 0.0940824 0.0922479 0.0924707 0.0947394 0.0978241 0.102137 0.106241 0.112869 0.120739 0.127902 0.1359 0.14389 0.151579 0.158611 0.164901 0.171757 0.173802 0.170671 0.15964 0.153869 0.183147 0.194809 0.175965 0.163681 0.158142 0.159491 0.164859 0.179441 0.187341 0.207175 0.232067 0.259556 0.307914 0.309044 0.319743 0.321257 0.310829 0.300391 0.298056 0.326462 0.341816 0.363039 0.373494 0.3952 0.427872 0.448346 0.498007 0.577462 0.797908 0.963508
0.961038 0.757827 0.508992 0.398118 0.346474 0.32931 0.313206 0.302452 0.307728 0.308612 0.32435 0.35109 0.373969 0.382991 0.37831 0.353109 0.328625 0.298271 0.281167 0.262791 0.235542 0.220873 0.208424 0.201341 0.196671 0.210885 0.21959 0.229622 0.235221 0.243101 0.237737 0.199376 0.142772 0.117041 0.110595 0.104397 0.105202 0.103743 0.106999 0.108513 0.111948 0.114071 0.117519 0.120369 0.125235 0.130698 0.135403 0.143293 0.151728 0.167865 0.199379 0.247668 0.284828 0.275675 0.251778 0.271733 0.316801 0.316072 0.275053 0.247265 0.219454 0.189651 0.172405 0.160787 0.164844 0.173228 0.211126 0.247329 0.252083 0.17109 0.17109 0.252083 0.247329 0.211126 0.173228 0.164844 0.160787 0.172405 0.189651 0.219454 0.247265 0.275053 0.316072 0.316801 0.271733 0.251778 0.275675 0.284828 0.247668 0.199379 0.167865 0.151728 0.143293 0.135403 0.130698 0.125235 0.120369 0.117519 0.114071 0.111948 0.108513 0.106999 0.103743 0.105202 0.104397 0.110595 0.117041 0.142772 0.199376 0.237737 0.243101 0.235221 0.229622 0.21959 0.210885 0.196671 0.201341 0.208424 0.220873 0.235542 0.262791 0.281167 0.298271 0.328625 0.353109 0.37831 0.382991 0.373969 0.35109 0.32435 0.308612 0.307728 0.302452 0.313206 0.32931 0.346474 0.398118 0.508992 0.757827 0.961038
0.960766 0.748046 0.485444 0.379632 0.313691 0.284483 0.273934 0.267173 0.285054 0.302 0.326732 0.300938 0.289191 0.27523 0.269297 0.253431 0.261961 0.277201 0.316395 0.332805 0.341352 0.348519 0.347743 0.338594 0.324981 0.304559 0.275614 0.254156 0.234649 0.223855 0.219207 0.228218 0.223158 0.193032 0.1523 0.130131 0.125714 0.127169 0.129485 0.134095 0.140735 0.149158 0.161585 0.174148 0.185958 0.197116 0.205687 0.212764 0.223623 0.249992 0.283618 0.282282 0.237669 0.209523 0.224156 0.257027 0.267841 0.262871 0.253215 0.227392 0.177823 0.144169 0.132295 0.13943 0.16264 0.199828 0.186569 0.136923 0.119062 0.0886803 0.0886803 0.119062 0.136923 0.186569 0.199828 0.16264 0.13943 0.132295 0.144169 0.177823 0.227392 0.253215 0.262871 0.267841 0.257027 0.224156 0.209523 0.237669 0.282282 0.283618 0.249992 0.223623 0.212764 0.205687 0.197116 0.185958 0.174148 0.161585 0.149158 0.140735 0.134095 0.129485 0.127169 0.125714 0.130131 0.1523 0.193032 0.223158 0.228218 0.219207 0.223855 0.234649 0.254156 0.275614 0.304559 0.324981 0.338594 0.347743 0.348519 0.341352 0.332805 0.316395 0.277201 0.261961 0.253431 0.269297 0.27523 0.289191 0.300938 0.326732 0.302 0.285054 0.267173 0.273934 0.284483 0.313691 0.379632 0.485444 0.748046 0.960766
0.962482 0.755852 0.506507 0.396191 0.348025 0.333076 0.325004 0.302003 0.257972 0.238336 0.226112 0.224311 0.21782 0.21877 0.221334 0.225965 0.224912 0.248727 0.258866 0.259973 0.253881 0.241102 0.23866 0.244451 0.261394 0.282225 0.296388 0.302523 0.30386 0.302369 0.301487 0.302011 0.3057 0.31511 0.310021 0.273916 0.234173 0.217332 0.212078 0.213911 0.215157 0.215272 0.213326 0.20736 0.197448 0.188155 0.183808 0.190611 0.220642 0.240678 0.217041 0.177205 0.177398 0.210937 0.219444 0.187653 0.154085 0.146898 0.166673 0.196621 0.197852 0.176031 0.165388 0.180356 0.211423 0.157182 0.100615 0.0978369 0.0945177 0.0684948 0.0684948 0.0945177 0.0978369 0.100615 0.157182 0.211423 0.180356 0.165388 0.176031 0.197852 0.196621 0.166673 0.146898 0.154085 0.187653 0.219444 0.210937 0.177398 0.177205 0.217041 0.240678 0.220642 0.190611 0.183808 0.188155 0.197448 0.20736 0.213326 0.215272 0.215157 0.213911 0.212078 0.217332 0.234173 0.273916 0.310021 0.31511 0.3057 0.302011 0.301487 0.302369 0.30386 0.302523 0.296388 0.282225 0.261394 0.244451 0.23866 0.241102 0.253881 0.259973 0.258866 0.248727 0.224912 0.225965 0.221334 0.21877 0.21782 0.224311 0.226112 0.238336 0.257972 0.302003 0.325004 0.333076 0.348025 0.396191 0.506507 0.755852 0.962482
