0.98871 0.983122 0.974942 0.964839 0.953816 0.94152 0.92921 0.916658 0.902188 0.888989 0.875993 0.862726 0.849708 0.837303 0.824743 0.813196 0.802198 0.789365 0.777733 0.767591 0.756848 0.747399 0.736697 0.72929 0.719076 0.711054 0.702865 0.694053 0.686893 0.679287 0.672802 0.665205 0.658056 0.65138 0.644904 0.637548 0.632636 0.626439 0.620246 0.615171 0.608559 0.603832 0.59757 0.593914 0.586503 0.583375 0.577382 0.572992 0.567558 0.564539 0.557281 0.552632 0.548475 0.542623 0.537406 0.532108 0.52593 0.519897 0.51355 0.508622 0.501535 0.494138 0.488815 0.482311 0.474418 0.467125 0.460554 0.454305 0.449107 0.446155 0.446155 0.449107 0.454305 0.460554 0.467125 0.474418 0.482311 0.488815 0.494138 0.501535 0.508622 0.51355 0.519897 0.52593 0.532108 0.537406 0.542623 0.548475 0.552632 0.557281 0.564539 0.567558 0.572992 0.577382 0.583375 0.586503 0.593914 0.59757 0.603832 0.608559 0.615171 0.620246 0.626439 0.632636 0.637548 0.644904 0.65138 0.658056 0.665205 0.672802 0.679287 0.686893 0.694053 0.702865 0.711054 0.719076 0.72929 0.736697 0.747399 0.756848 0.767591 0.777733 0.789365 0.802198 0.813196 0.824743 0.837303 0.849708 0.862726 0.875993 0.888989 0.902188 0.916658 0.92921 0.94152 0.953816 0.964839 0.974942 0.983122 0.98871
0.980635 0.971008 0.955641 0.935811 0.913741 0.889604 0.864984 0.840013 0.812275 0.786464 0.762442 0.737593 0.713839 0.691776 0.670118 0.650215 0.631982 0.611159 0.592601 0.576495 0.560867 0.546243 0.531053 0.519831 0.50649 0.495328 0.484884 0.473376 0.464039 0.455141 0.447403 0.438073 0.43028 0.42339 0.41678 0.409491 0.405202 0.398479 0.393151 0.388758 0.382751 0.378585 0.373676 0.37164 0.365692 0.364138 0.360282 0.356748 0.353767 0.353011 0.347565 0.345194 0.344284 0.340727 0.338198 0.335201 0.331792 0.327406 0.32362 0.321956 0.316344 0.310601 0.30796 0.303143 0.295326 0.287567 0.280289 0.272755 0.266023 0.262057 0.262057 0.266023 0.272755 0.280289 0.287567 0.295326 0.303143 0.30796 0.310601 0.316344 0.321956 0.32362 0.327406 0.331792 0.335201 0.338198 0.340727 0.344284 0.345194 0.347565 0.353011 0.353767 0.356748 0.360282 0.364138 0.365692 0.37164 0.373676 0.378585 0.382751 0.388758 0.393151 0.398479 0.405202 0.409491 0.41678 0.42339 0.43028 0.438073 0.447403 0.455141 0.464039 0.473376 0.484884 0.495328 0.50649 0.519831 0.531053 0.546243 0.560867 0.576495 0.592601 0.611159 0.631982 0.650215 0.670118 0.691776 0.713839 0.737593 0.762442 0.786464 0.812275 0.840013 0.864984 0.889604 0.913741 0.935811 0.955641 0.971008 0.980635
0.975578 0.963083 0.941895 0.913896 0.882348 0.848592 0.814253 0.779624 0.742728 0.708395 0.677426 0.646068 0.616607 0.589993 0.56466 0.541863 0.521403 0.49873 0.478615 0.461722 0.44607 0.43109 0.416169 0.405035 0.392881 0.382538 0.373256 0.362776 0.354203 0.346863 0.34019 0.331897 0.325539 0.320473 0.31536 0.310013 0.306872 0.30105 0.297218 0.294141 0.289488 0.286032 0.282942 0.282011 0.278018 0.2772 0.27491 0.271756 0.270307 0.270391 0.266415 0.265206 0.265972 0.264031 0.262882 0.261444 0.259584 0.25625 0.254393 0.254527 0.250532 0.246739 0.246207 0.243267 0.236501 0.22911 0.221818 0.213876 0.206512 0.202084 0.202084 0.206512 0.213876 0.221818 0.22911 0.236501 0.243267 0.246207 0.246739 0.250532 0.254527 0.254393 0.25625 0.259584 0.261444 0.262882 0.264031 0.265972 0.265206 0.266415 0.270391 0.270307 0.271756 0.27491 0.2772 0.278018 0.282011 0.282942 0.286032 0.289488 0.294141 0.297218 0.30105 0.306872 0.310013 0.31536 0.320473 0.325539 0.331897 0.34019 0.346863 0.354203 0.362776 0.373256 0.382538 0.392881 0.405035 0.416169 0.43109 0.44607 0.461722 0.478615 0.49873 0.521403 0.541863 0.56466 0.589993 0.616607 0.646068 0.677426 0.708395 0.742728 0.779624 0.814253 0.848592 0.882348 0.913896 0.941895 0.963083 0.975578
0.971866 0.956919 0.930389 0.894922 0.854765 0.812579 0.770152 0.727806 0.684306 0.644206 0.608838 0.574121 0.541933 0.513571 0.487405 0.464344 0.44392 0.422049 0.40256 0.386845 0.372662 0.358847 0.345459 0.3355 0.325271 0.31652 0.308795 0.29991 0.292492 0.286676 0.28113 0.274041 0.268899 0.265304 0.26142 0.257568 0.255013 0.249974 0.246946 0.244669 0.240847 0.237739 0.235744 0.235279 0.232501 0.231834 0.230097 0.226981 0.226049 0.226186 0.222901 0.222039 0.22339 0.222378 0.221705 0.221024 0.21965 0.216821 0.215992 0.216844 0.214097 0.211844 0.212708 0.211237 0.205576 0.198676 0.191432 0.183235 0.17547 0.170738 0.170738 0.17547 0.183235 0.191432 0.198676 0.205576 0.211237 0.212708 0.211844 0.214097 0.216844 0.215992 0.216821 0.21965 0.221024 0.221705 0.222378 0.22339 0.222039 0.222901 0.226186 0.226049 0.226981 0.230097 0.231834 0.232501 0.235279 0.235744 0.237739 0.240847 0.244669 0.246946 0.249974 0.255013 0.257568 0.26142 0.265304 0.268899 0.274041 0.28113 0.286676 0.292492 0.29991 0.308795 0.31652 0.325271 0.3355 0.345459 0.358847 0.372662 0.386845 0.40256 0.422049 0.44392 0.464344 0.487405 0.513571 0.541933 0.574121 0.608838 0.644206 0.684306 0.727806 0.770152 0.812579 0.854765 0.894922 0.930389 0.956919 0.971866
0.968952 0.951759 0.920136 0.877679 0.829614 0.779897 0.730656 0.682203 0.63402 0.590248 0.552269 0.516146 0.483154 0.454705 0.429172 0.407194 0.387966 0.367702 0.349653 0.335465 0.322914 0.310597 0.298823 0.290078 0.2816 0.274346 0.267928 0.260268 0.253753 0.249034 0.244255 0.238076 0.233742 0.231101 0.228086 0.225185 0.222887 0.218442 0.215801 0.21399 0.210655 0.207732 0.206377 0.206141 0.204159 0.203497 0.201902 0.198829 0.197958 0.19791 0.195049 0.194372 0.195868 0.195386 0.194878 0.194538 0.193219 0.190646 0.190336 0.1914 0.189571 0.188546 0.190386 0.190018 0.185386 0.179034 0.171868 0.163484 0.15543 0.150475 0.150475 0.15543 0.163484 0.171868 0.179034 0.185386 0.190018 0.190386 0.188546 0.189571 0.1914 0.190336 0.190646 0.193219 0.194538 0.194878 0.195386 0.195868 0.194372 0.195049 0.19791 0.197958 0.198829 0.201902 0.203497 0.204159 0.206141 0.206377 0.207732 0.210655 0.21399 0.215801 0.218442 0.222887 0.225185 0.228086 0.231101 0.233742 0.238076 0.244255 0.249034 0.253753 0.260268 0.267928 0.274346 0.2816 0.290078 0.298823 0.310597 0.322914 0.335465 0.349653 0.367702 0.387966 0.407194 0.429172 0.454705 0.483154 0.516146 0.552269 0.590248 0.63402 0.682203 0.730656 0.779897 0.829614 0.877679 0.920136 0.951759 0.968952
0.966548 0.947244 0.910681 0.861596 0.806256 0.749799 0.694795 0.641597 0.59015 0.544155 0.504918 0.46869 0.436027 0.408357 0.384184 0.3637 0.345945 0.327603 0.311165 0.298519 0.287473 0.276465 0.26608 0.258357 0.251229 0.245114 0.239633 0.232965 0.227134 0.223072 0.218831 0.213335 0.209534 0.207469 0.20508 0.202787 0.200616 0.196622 0.194164 0.192574 0.189573 0.186833 0.185855 0.185771 0.184332 0.183644 0.182032 0.179034 0.178103 0.177836 0.175272 0.17466 0.176164 0.176088 0.175676 0.175394 0.173947 0.171506 0.171372 0.172433 0.171326 0.171265 0.173808 0.174281 0.170551 0.164714 0.1576 0.149026 0.140707 0.135548 0.135548 0.140707 0.149026 0.1576 0.164714 0.170551 0.174281 0.173808 0.171265 0.171326 0.172433 0.171372 0.171506 0.173947 0.175394 0.175676 0.176088 0.176164 0.17466 0.175272 0.177836 0.178103 0.179034 0.182032 0.183644 0.184332 0.185771 0.185855 0.186833 0.189573 0.192574 0.194164 0.196622 0.200616 0.202787 0.20508 0.207469 0.209534 0.213335 0.218831 0.223072 0.227134 0.232965 0.239633 0.245114 0.251229 0.258357 0.26608 0.276465 0.287473 0.298519 0.311165 0.327603 0.345945 0.3637 0.384184 0.408357 0.436027 0.46869 0.504918 0.544155 0.59015 0.641597 0.694795 0.749799 0.806256 0.861596 0.910681 0.947244 0.966548
0.964505 0.943179 0.901797 0.846398 0.784343 0.721854 0.662001 0.605194 0.551637 0.504548 0.464993 0.429433 0.397799 0.371381 0.348834 0.329988 0.313765 0.297227 0.28231 0.270938 0.261097 0.251187 0.241909 0.234977 0.228873 0.223632 0.218826 0.212874 0.207537 0.203882 0.200001 0.195022 0.191594 0.189885 0.187967 0.186078 0.183984 0.180342 0.177978 0.176483 0.173722 0.171151 0.170402 0.170431 0.169395 0.168681 0.167005 0.164106 0.163053 0.162566 0.160257 0.159716 0.161175 0.161383 0.161048 0.160693 0.159058 0.156672 0.156531 0.157474 0.156905 0.157605 0.160655 0.161755 0.158794 0.153423 0.146346 0.137589 0.129029 0.123685 0.123685 0.129029 0.137589 0.146346 0.153423 0.158794 0.161755 0.160655 0.157605 0.156905 0.157474 0.156531 0.156672 0.159058 0.160693 0.161048 0.161383 0.161175 0.159716 0.160257 0.162566 0.163053 0.164106 0.167005 0.168681 0.169395 0.170431 0.170402 0.171151 0.173722 0.176483 0.177978 0.180342 0.183984 0.186078 0.187967 0.189885 0.191594 0.195022 0.200001 0.203882 0.207537 0.212874 0.218826 0.223632 0.228873 0.234977 0.241909 0.251187 0.261097 0.270938 0.28231 0.297227 0.313765 0.329988 0.348834 0.371381 0.397799 0.429433 0.464993 0.504548 0.551637 0.605194 0.662001 0.721854 0.784343 0.846398 0.901797 0.943179 0.964505
0.962723 0.939436 0.893336 0.831901 0.76364 0.695769 0.631869 0.572404 0.517653 0.470314 0.431091 0.39664 0.366423 0.341468 0.320571 0.303324 0.288539 0.273575 0.259981 0.249606 0.240698 0.231702 0.223298 0.216972 0.211641 0.20707 0.202748 0.197314 0.192347 0.188951 0.185315 0.180741 0.177593 0.176111 0.174563 0.172956 0.170914 0.167543 0.165232 0.163754 0.16117 0.158757 0.158146 0.158261 0.157534 0.156797 0.155041 0.152239 0.151046 0.150354 0.148273 0.14782 0.14922 0.149621 0.149354 0.148866 0.147027 0.144657 0.144418 0.145183 0.145003 0.146296 0.149709 0.15128 0.14897 0.14401 0.136952 0.128021 0.119239 0.113723 0.113723 0.119239 0.128021 0.136952 0.14401 0.14897 0.15128 0.149709 0.146296 0.145003 0.145183 0.144418 0.144657 0.147027 0.148866 0.149354 0.149621 0.14922 0.14782 0.148273 0.150354 0.151046 0.152239 0.155041 0.156797 0.157534 0.158261 0.158146 0.158757 0.16117 0.163754 0.165232 0.167543 0.170914 0.172956 0.174563 0.176111 0.177593 0.180741 0.185315 0.188951 0.192347 0.197314 0.202748 0.20707 0.211641 0.216972 0.223298 0.231702 0.240698 0.249606 0.259981 0.273575 0.288539 0.303324 0.320571 0.341468 0.366423 0.39664 0.431091 0.470314 0.517653 0.572404 0.631869 0.695769 0.76364 0.831901 0.893336 0.939436 0.962723
0.96112 0.93593 0.885195 0.817964 0.74397 0.671322 0.604065 0.542721 0.487447 0.440388 0.401973 0.368952 0.340278 0.31679 0.297461 0.281588 0.268022 0.254484 0.242071 0.232527 0.224341 0.216012 0.208278 0.202436 0.197686 0.193635 0.18971 0.184743 0.180066 0.176797 0.173375 0.169168 0.166237 0.164895 0.163609 0.162205 0.16023 0.157083 0.154789 0.153267 0.150828 0.148569 0.148037 0.148215 0.147687 0.146915 0.145097 0.142378 0.141048 0.140172 0.138263 0.137857 0.139205 0.139801 0.139612 0.138952 0.136924 0.134513 0.134083 0.134677 0.134838 0.13661 0.140274 0.142181 0.140386 0.135758 0.128708 0.119617 0.110626 0.104946 0.104946 0.110626 0.119617 0.128708 0.135758 0.140386 0.142181 0.140274 0.13661 0.134838 0.134677 0.134083 0.134513 0.136924 0.138952 0.139612 0.139801 0.139205 0.137857 0.138263 0.140172 0.141048 0.142378 0.145097 0.146915 0.147687 0.148215 0.148037 0.148569 0.150828 0.153267 0.154789 0.157083 0.16023 0.162205 0.163609 0.164895 0.166237 0.169168 0.173375 0.176797 0.180066 0.184743 0.18971 0.193635 0.197686 0.202436 0.208278 0.216012 0.224341 0.232527 0.242071 0.254484 0.268022 0.281588 0.297461 0.31679 0.340278 0.368952 0.401973 0.440388 0.487447 0.542721 0.604065 0.671322 0.74397 0.817964 0.885195 0.93593 0.96112
0.959672 0.932607 0.87732 0.804529 0.72522 0.648346 0.578371 0.515807 0.460604 0.414326 0.376972 0.345414 0.318366 0.29635 0.278436 0.263846 0.251374 0.238953 0.227474 0.21854 0.210916 0.203214 0.196052 0.190589 0.186284 0.182632 0.178977 0.174328 0.169897 0.166734 0.163443 0.159513 0.156764 0.155527 0.154464 0.153211 0.151265 0.148274 0.145986 0.144403 0.142066 0.139939 0.139449 0.139671 0.139324 0.138528 0.136632 0.133968 0.132499 0.131463 0.129727 0.129415 0.13071 0.131404 0.131264 0.130445 0.128244 0.12581 0.125217 0.125619 0.125994 0.128118 0.131955 0.134133 0.13279 0.128452 0.121402 0.112167 0.102993 0.0971657 0.0971657 0.102993 0.112167 0.121402 0.128452 0.13279 0.134133 0.131955 0.128118 0.125994 0.125619 0.125217 0.12581 0.128244 0.130445 0.131264 0.131404 0.13071 0.129415 0.129727 0.131463 0.132499 0.133968 0.136632 0.138528 0.139324 0.139671 0.139449 0.139939 0.142066 0.144403 0.145986 0.148274 0.151265 0.153211 0.154464 0.155527 0.156764 0.159513 0.163443 0.166734 0.169897 0.174328 0.178977 0.182632 0.186284 0.190589 0.196052 0.203214 0.210916 0.21854 0.227474 0.238953 0.251374 0.263846 0.278436 0.29635 0.318366 0.345414 0.376972 0.414326 0.460604 0.515807 0.578371 0.648346 0.72522 0.804529 0.87732 0.932607 0.959672
0.958333 0.929427 0.86966 0.791518 0.70729 0.626698 0.554548 0.4913 0.436588 0.391372 0.355251 0.325194 0.299719 0.27907 0.262403 0.248899 0.237349 0.225898 0.215226 0.206785 0.199596 0.1924 0.18571 0.180566 0.176608 0.173271 0.169839 0.165465 0.161236 0.158132 0.154948 0.151262 0.148664 0.147497 0.146597 0.145456 0.14354 0.14067 0.138369 0.136705 0.134446 0.132439 0.13197 0.132216 0.131991 0.131168 0.129212 0.126588 0.12499 0.123816 0.122224 0.121992 0.123242 0.124019 0.123921 0.122951 0.1206 0.11812 0.117348 0.117577 0.118133 0.120534 0.124487 0.126866 0.12589 0.121791 0.11474 0.105388 0.0960523 0.090091 0.090091 0.0960523 0.105388 0.11474 0.121791 0.12589 0.126866 0.124487 0.120534 0.118133 0.117577 0.117348 0.11812 0.1206 0.122951 0.123921 0.124019 0.123242 0.121992 0.122224 0.123816 0.12499 0.126588 0.129212 0.131168 0.131991 0.132216 0.13197 0.132439 0.134446 0.136705 0.138369 0.14067 0.14354 0.145456 0.146597 0.147497 0.148664 0.151262 0.154948 0.158132 0.161236 0.165465 0.169839 0.173271 0.176608 0.180566 0.18571 0.1924 0.199596 0.206785 0.215226 0.225898 0.237349 0.248899 0.262403 0.27907 0.299719 0.325194 0.355251 0.391372 0.436588 0.4913 0.554548 0.626698 0.70729 0.791518 0.86966 0.929427 0.958333
0.95707 0.926361 0.862177 0.778874 0.6901 0.60626 0.532397 0.468887 0.414955 0.370943 0.336174 0.307653 0.28363 0.264195 0.248628 0.236004 0.225204 0.214628 0.204693 0.196679 0.189813 0.182959 0.176611 0.17173 0.16807 0.165028 0.161837 0.157738 0.153665 0.150574 0.147508 0.144061 0.14158 0.140441 0.139635 0.138576 0.136716 0.13396 0.131634 0.129878 0.127685 0.125785 0.125323 0.125573 0.125402 0.124541 0.122554 0.119963 0.118243 0.116939 0.115442 0.115254 0.11648 0.117368 0.117326 0.116219 0.113738 0.11117 0.110179 0.110267 0.11101 0.113655 0.117685 0.120195 0.119488 0.115575 0.108537 0.0991025 0.08963 0.0835436 0.0835436 0.08963 0.0991025 0.108537 0.115575 0.119488 0.120195 0.117685 0.113655 0.11101 0.110267 0.110179 0.11117 0.113738 0.116219 0.117326 0.117368 0.11648 0.115254 0.115442 0.116939 0.118243 0.119963 0.122554 0.124541 0.125402 0.125573 0.125323 0.125785 0.127685 0.129878 0.131634 0.13396 0.136716 0.138576 0.139635 0.140441 0.14158 0.144061 0.147508 0.150574 0.153665 0.157738 0.161837 0.165028 0.16807 0.17173 0.176611 0.182959 0.189813 0.196679 0.204693 0.214628 0.225204 0.236004 0.248628 0.264195 0.28363 0.307653 0.336174 0.370943 0.414955 0.468887 0.532397 0.60626 0.6901 0.778874 0.862177 0.926361 0.95707
0.955889 0.923391 0.854857 0.766583 0.673597 0.586938 0.511803 0.4484 0.395512 0.352874 0.319458 0.292346 0.269693 0.25139 0.236775 0.224935 0.214791 0.204913 0.19557 0.18789 0.181299 0.174794 0.16878 0.164128 0.160693 0.157863 0.154839 0.150948 0.147021 0.143948 0.140952 0.137686 0.135312 0.134198 0.13347 0.132468 0.130632 0.127947 0.125591 0.123744 0.121597 0.119789 0.119327 0.119574 0.119458 0.118569 0.116545 0.113966 0.112134 0.110727 0.109331 0.109211 0.110412 0.111356 0.111341 0.11012 0.107533 0.104905 0.103745 0.103705 0.104577 0.107395 0.111471 0.114096 0.11363 0.109876 0.10285 0.0933511 0.0837645 0.077569 0.077569 0.0837645 0.0933511 0.10285 0.109876 0.11363 0.114096 0.111471 0.107395 0.104577 0.103705 0.103745 0.104905 0.107533 0.11012 0.111341 0.111356 0.110412 0.109211 0.109331 0.110727 0.112134 0.113966 0.116545 0.118569 0.119458 0.119574 0.119327 0.119789 0.121597 0.123744 0.125591 0.127947 0.130632 0.132468 0.13347 0.134198 0.135312 0.137686 0.140952 0.143948 0.147021 0.150948 0.154839 0.157863 0.160693 0.164128 0.16878 0.174794 0.181299 0.18789 0.19557 0.204913 0.214791 0.224935 0.236775 0.25139 0.269693 0.292346 0.319458 0.352874 0.395512 0.4484 0.511803 0.586938 0.673597 0.766583 0.854857 0.923391 0.955889
0.954777 0.920503 0.84768 0.754614 0.65773 0.568647 0.492626 0.429629 0.377971 0.336796 0.304706 0.278874 0.257486 0.240228 0.226439 0.21528 0.205708 0.196399 0.187539 0.180136 0.173792 0.167641 0.161968 0.157527 0.154248 0.151546 0.148629 0.144904 0.141116 0.138058 0.135096 0.131976 0.129706 0.128619 0.127946 0.126975 0.125139 0.122491 0.120096 0.11816 0.116041 0.114312 0.113849 0.114092 0.114028 0.113125 0.11106 0.108473 0.106541 0.10506 0.103772 0.103731 0.104904 0.105862 0.105852 0.104534 0.101865 0.0992003 0.0979178 0.09778 0.0987484 0.101682 0.105775 0.108501 0.108248 0.104631 0.0976143 0.0880664 0.0783845 0.0720933 0.0720933 0.0783845 0.0880664 0.0976143 0.104631 0.108248 0.108501 0.105775 0.101682 0.0987484 0.09778 0.0979178 0.0992003 0.101865 0.104534 0.105852 0.105862 0.104904 0.103731 0.103772 0.10506 0.106541 0.108473 0.11106 0.113125 0.114028 0.114092 0.113849 0.114312 0.116041 0.11816 0.120096 0.122491 0.125139 0.126975 0.127946 0.128619 0.129706 0.131976 0.135096 0.138058 0.141116 0.144904 0.148629 0.151546 0.154248 0.157527 0.161968 0.167641 0.173792 0.180136 0.187539 0.196399 0.205708 0.21528 0.226439 0.240228 0.257486 0.278874 0.304706 0.336796 0.377971 0.429629 0.492626 0.568647 0.65773 0.754614 0.84768 0.920503 0.954777
0.9537 0.917687 0.84063 0.74293 0.642449 0.551296 0.474685 0.412307 0.361971 0.32223 0.291457 0.266891 0.246619 0.230234 0.217157 0.206543 0.197441 0.188692 0.180321 0.173174 0.166987 0.161024 0.155551 0.15128 0.14819 0.145681 0.142934 0.139386 0.135688 0.132618 0.129715 0.126732 0.124517 0.123417 0.122763 0.121826 0.120033 0.117444 0.115011 0.112991 0.110904 0.109249 0.108779 0.108995 0.108924 0.107993 0.105928 0.103357 0.101336 0.0997736 0.0985406 0.0985412 0.0997151 0.100741 0.100764 0.099371 0.0966253 0.0938682 0.0924052 0.092172 0.0932592 0.09633 0.100451 0.103237 0.103121 0.0996083 0.0926336 0.0830844 0.0733374 0.0669612 0.0669612 0.0733374 0.0830844 0.0926336 0.0996083 0.103121 0.103237 0.100451 0.09633 0.0932592 0.092172 0.0924052 0.0938682 0.0966253 0.099371 0.100764 0.100741 0.0997151 0.0985412 0.0985406 0.0997736 0.101336 0.103357 0.105928 0.107993 0.108924 0.108995 0.108779 0.109249 0.110904 0.112991 0.115011 0.117444 0.120033 0.121826 0.122763 0.123417 0.124517 0.126732 0.129715 0.132618 0.135688 0.139386 0.142934 0.145681 0.14819 0.15128 0.155551 0.161024 0.166987 0.173174 0.180321 0.188692 0.197441 0.206543 0.217157 0.230234 0.246619 0.266891 0.291457 0.32223 0.361971 0.412307 0.474685 0.551296 0.642449 0.74293 0.84063 0.917687 0.9537
0.952685 0.914939 0.833702 0.731532 0.627733 0.534847 0.457954 0.396387 0.347461 0.309187 0.279655 0.256192 0.236945 0.221396 0.208954 0.198834 0.190143 0.181824 0.173834 0.166903 0.160887 0.155171 0.149951 0.145844 0.142861 0.140442 0.137788 0.13438 0.130783 0.127711 0.124831 0.121958 0.119819 0.118721 0.11807 0.117135 0.115345 0.112779 0.110305 0.108209 0.10614 0.104548 0.104078 0.10428 0.104226 0.103281 0.101197 0.0986117 0.0965082 0.0948927 0.0937373 0.0938001 0.0949644 0.0960068 0.0960354 0.0945814 0.0917847 0.0889855 0.0874197 0.0871343 0.0883108 0.0914595 0.0955767 0.0984169 0.0984334 0.0950103 0.0880664 0.0785161 0.0687136 0.0622627 0.0622627 0.0687136 0.0785161 0.0880664 0.0950103 0.0984334 0.0984169 0.0955767 0.0914595 0.0883108 0.0871343 0.0874197 0.0889855 0.0917847 0.0945814 0.0960354 0.0960068 0.0949644 0.0938001 0.0937373 0.0948927 0.0965082 0.0986117 0.101197 0.103281 0.104226 0.10428 0.104078 0.104548 0.10614 0.108209 0.110305 0.112779 0.115345 0.117135 0.11807 0.118721 0.119819 0.121958 0.124831 0.127711 0.130783 0.13438 0.137788 0.140442 0.142861 0.145844 0.149951 0.155171 0.160887 0.166903 0.173834 0.181824 0.190143 0.198834 0.208954 0.221396 0.236945 0.256192 0.279655 0.309187 0.347461 0.396387 0.457954 0.534847 0.627733 0.731532 0.833702 0.914939 0.952685
0.95171 0.912251 0.826887 0.720397 0.613538 0.519218 0.442286 0.381674 0.334198 0.297356 0.268999 0.246554 0.228225 0.213407 0.201517 0.191816 0.183485 0.175561 0.167922 0.161188 0.155311 0.149793 0.144787 0.140828 0.137944 0.13561 0.133047 0.129762 0.126247 0.123166 0.120301 0.117519 0.115438 0.114331 0.113672 0.112736 0.110955 0.108411 0.105896 0.103728 0.101675 0.100141 0.0996726 0.0998542 0.0998003 0.0988453 0.0967565 0.0941654 0.0919928 0.0903349 0.0892461 0.0893643 0.0905265 0.0915869 0.0916213 0.0901209 0.0872842 0.0844355 0.0827667 0.0824391 0.083702 0.0869231 0.0910387 0.0939214 0.0940399 0.0906919 0.0837923 0.0742661 0.0644287 0.0579136 0.0579136 0.0644287 0.0742661 0.0837923 0.0906919 0.0940399 0.0939214 0.0910387 0.0869231 0.083702 0.0824391 0.0827667 0.0844355 0.0872842 0.0901209 0.0916213 0.0915869 0.0905265 0.0893643 0.0892461 0.0903349 0.0919928 0.0941654 0.0967565 0.0988453 0.0998003 0.0998542 0.0996726 0.100141 0.101675 0.103728 0.105896 0.108411 0.110955 0.112736 0.113672 0.114331 0.115438 0.117519 0.120301 0.123166 0.126247 0.129762 0.133047 0.13561 0.137944 0.140828 0.144787 0.149793 0.155311 0.161188 0.167922 0.175561 0.183485 0.191816 0.201517 0.213407 0.228225 0.246554 0.268999 0.297356 0.334198 0.381674 0.442286 0.519218 0.613538 0.720397 0.826887 0.912251 0.95171
0.950779 0.90962 0.820179 0.709513 0.599839 0.504361 0.42761 0.368066 0.322054 0.286602 0.259349 0.237822 0.220315 0.206159 0.194756 0.185423 0.177409 0.169829 0.162503 0.155948 0.1502 0.144871 0.140072 0.13625 0.133441 0.131158 0.128663 0.125486 0.122043 0.118949 0.11609 0.113387 0.111362 0.110248 0.10957 0.10862 0.106841 0.104309 0.101753 0.099519 0.0974781 0.0959982 0.0955339 0.0956977 0.0956428 0.0946827 0.0925937 0.0899941 0.0877622 0.0860756 0.0850544 0.0852283 0.0863888 0.0874558 0.0874895 0.0859547 0.0830914 0.0802044 0.0784564 0.0781089 0.0794545 0.0827317 0.0868377 0.0897526 0.0899541 0.0866697 0.0798194 0.0703306 0.0604718 0.0539012 0.0539012 0.0604718 0.0703306 0.0798194 0.0866697 0.0899541 0.0897526 0.0868377 0.0827317 0.0794545 0.0781089 0.0784564 0.0802044 0.0830914 0.0859547 0.0874895 0.0874558 0.0863888 0.0852283 0.0850544 0.0860756 0.0877622 0.0899941 0.0925937 0.0946827 0.0956428 0.0956977 0.0955339 0.0959982 0.0974781 0.099519 0.101753 0.104309 0.106841 0.10862 0.10957 0.110248 0.111362 0.113387 0.11609 0.118949 0.122043 0.125486 0.128663 0.131158 0.133441 0.13625 0.140072 0.144871 0.1502 0.155948 0.162503 0.169829 0.177409 0.185423 0.194756 0.206159 0.220315 0.237822 0.259349 0.286602 0.322054 0.368066 0.42761 0.504361 0.599839 0.709513 0.820179 0.90962 0.950779
0.949884 0.907044 0.813574 0.698869 0.58661 0.490224 0.413837 0.35544 0.310884 0.276765 0.250544 0.229859 0.213087 0.199518 0.188549 0.179537 0.171801 0.164534 0.157496 0.151107 0.145465 0.140286 0.135657 0.131959 0.129221 0.126991 0.124564 0.121485 0.118102 0.114992 0.112135 0.109494 0.10751 0.106382 0.105678 0.104714 0.102944 0.100427 0.0978352 0.0955441 0.0935164 0.0920867 0.0916282 0.0917717 0.0917074 0.090744 0.0886646 0.0860632 0.0837818 0.0820722 0.0811087 0.0813328 0.0824987 0.0835767 0.0836138 0.0820563 0.0791741 0.0762468 0.0744224 0.0740606 0.0754851 0.0788168 0.0829188 0.085858 0.0861202 0.0828888 0.0760987 0.0666674 0.0568035 0.0501858 0.0501858 0.0568035 0.0666674 0.0760987 0.0828888 0.0861202 0.085858 0.0829188 0.0788168 0.0754851 0.0740606 0.0744224 0.0762468 0.0791741 0.0820563 0.0836138 0.0835767 0.0824987 0.0813328 0.0811087 0.0820722 0.0837818 0.0860632 0.0886646 0.090744 0.0917074 0.0917717 0.0916282 0.0920867 0.0935164 0.0955441 0.0978352 0.100427 0.102944 0.104714 0.105678 0.106382 0.10751 0.109494 0.112135 0.114992 0.118102 0.121485 0.124564 0.126991 0.129221 0.131959 0.135657 0.140286 0.145465 0.151107 0.157496 0.164534 0.171801 0.179537 0.188549 0.199518 0.213087 0.229859 0.250544 0.276765 0.310884 0.35544 0.413837 0.490224 0.58661 0.698869 0.813574 0.907044 0.949884
0.949022 0.904522 0.80707 0.688456 0.573824 0.476758 0.400895 0.343703 0.30058 0.267727 0.242471 0.222558 0.206443 0.193396 0.182813 0.174084 0.166597 0.159615 0.152843 0.146607 0.141049 0.13598 0.131485 0.127895 0.125235 0.123067 0.120711 0.117719 0.114387 0.11126 0.108396 0.105794 0.103831 0.102681 0.101952 0.100983 0.0992307 0.0967345 0.0941149 0.0917781 0.0897655 0.0883813 0.0879271 0.0880476 0.0879678 0.0870038 0.084944 0.0823499 0.0800302 0.0783023 0.0773873 0.0776568 0.0788353 0.0799303 0.0799754 0.0784051 0.0755093 0.0725379 0.0706347 0.070254 0.0717477 0.0751352 0.0792456 0.0822079 0.0825142 0.079328 0.0726097 0.0632561 0.0534039 0.0467477 0.0467477 0.0534039 0.0632561 0.0726097 0.079328 0.0825142 0.0822079 0.0792456 0.0751352 0.0717477 0.070254 0.0706347 0.0725379 0.0755093 0.0784051 0.0799754 0.0799303 0.0788353 0.0776568 0.0773873 0.0783023 0.0800302 0.0823499 0.084944 0.0870038 0.0879678 0.0880476 0.0879271 0.0883813 0.0897655 0.0917781 0.0941149 0.0967345 0.0992307 0.100983 0.101952 0.102681 0.103831 0.105794 0.108396 0.11126 0.114387 0.117719 0.120711 0.123067 0.125235 0.127895 0.131485 0.13598 0.141049 0.146607 0.152843 0.159615 0.166597 0.174084 0.182813 0.193396 0.206443 0.222558 0.242471 0.267727 0.30058 0.343703 0.400895 0.476758 0.573824 0.688456 0.80707 0.904522 0.949022
0.948196 0.90205 0.800659 0.678256 0.561445 0.463906 0.388716 0.332782 0.291059 0.259407 0.235044 0.215833 0.200306 0.187713 0.177466 0.168993 0.161738 0.155021 0.148495 0.1424 0.136922 0.131955 0.127589 0.124106 0.121515 0.119397 0.117095 0.114178 0.110886 0.107738 0.104853 0.102268 0.100314 0.0991473 0.0984019 0.0974331 0.0957021 0.093225 0.0905793 0.0882002 0.0861964 0.0848472 0.0843943 0.0844938 0.0844034 0.0834484 0.0814184 0.0788414 0.0764992 0.0747673 0.0739041 0.0742197 0.0754105 0.0765146 0.0765616 0.0749832 0.0720801 0.0690682 0.0670895 0.0666858 0.0682355 0.0716755 0.0758054 0.0787976 0.079143 0.0759995 0.0693613 0.0600996 0.0502724 0.0435852 0.0435852 0.0502724 0.0600996 0.0693613 0.0759995 0.079143 0.0787976 0.0758054 0.0716755 0.0682355 0.0666858 0.0670895 0.0690682 0.0720801 0.0749832 0.0765616 0.0765146 0.0754105 0.0742197 0.0739041 0.0747673 0.0764992 0.0788414 0.0814184 0.0834484 0.0844034 0.0844938 0.0843943 0.0848472 0.0861964 0.0882002 0.0905793 0.093225 0.0957021 0.0974331 0.0984019 0.0991473 0.100314 0.102268 0.104853 0.107738 0.110886 0.114178 0.117095 0.119397 0.121515 0.124106 0.127589 0.131955 0.136922 0.1424 0.148495 0.155021 0.161738 0.168993 0.177466 0.187713 0.200306 0.215833 0.235044 0.259407 0.291059 0.332782 0.388716 0.463906 0.561445 0.678256 0.800659 0.90205 0.948196
0.94741 0.899631 0.794345 0.668277 0.549489 0.451672 0.377269 0.322608 0.282239 0.251729 0.228196 0.209612 0.194617 0.182457 0.17253 0.164291 0.157239 0.150747 0.144436 0.138478 0.13308 0.12822 0.123984 0.120598 0.118051 0.115951 0.113686 0.110834 0.107584 0.104418 0.101517 0.0989594 0.0970298 0.0958486 0.0950723 0.094086 0.0923637 0.0899009 0.087234 0.0848193 0.0828266 0.0815173 0.0810758 0.081162 0.0810638 0.0801175 0.0781103 0.0755411 0.0731761 0.0714445 0.0706344 0.0709967 0.0721975 0.0733035 0.0733515 0.071773 0.0688731 0.0658393 0.0638189 0.0634239 0.0650376 0.0685166 0.072648 0.0756535 0.0760243 0.0729148 0.0663534 0.0571844 0.0473853 0.0406701 0.0406701 0.0473853 0.0571844 0.0663534 0.0729148 0.0760243 0.0756535 0.072648 0.0685166 0.0650376 0.0634239 0.0638189 0.0658393 0.0688731 0.071773 0.0733515 0.0733035 0.0721975 0.0709967 0.0706344 0.0714445 0.0731761 0.0755411 0.0781103 0.0801175 0.0810638 0.081162 0.0810758 0.0815173 0.0828266 0.0848193 0.087234 0.0899009 0.0923637 0.094086 0.0950723 0.0958486 0.0970298 0.0989594 0.101517 0.104418 0.107584 0.110834 0.113686 0.115951 0.118051 0.120598 0.123984 0.12822 0.13308 0.138478 0.144436 0.150747 0.157239 0.164291 0.17253 0.182457 0.194617 0.209612 0.228196 0.251729 0.282239 0.322608 0.377269 0.451672 0.549489 0.668277 0.794345 0.899631 0.94741
0.946676 0.897266 0.788123 0.65852 0.537953 0.440039 0.366515 0.31312 0.274055 0.244639 0.221874 0.203836 0.189323 0.17759 0.167977 0.159952 0.153075 0.146774 0.140656 0.134837 0.129549 0.124838 0.120768 0.117475 0.114918 0.112769 0.110497 0.107694 0.104482 0.101305 0.0984113 0.0959311 0.0940814 0.0929031 0.0920653 0.0910136 0.089262 0.0867913 0.0840927 0.081638 0.0796595 0.0784079 0.0780011 0.0780864 0.0779829 0.0770411 0.0750418 0.0724619 0.0700677 0.0683451 0.0676009 0.068015 0.0692131 0.0702978 0.0703351 0.0687625 0.0658814 0.0628599 0.0608615 0.060547 0.0622601 0.0657584 0.0698428 0.0728221 0.0731994 0.070114 0.0636159 0.054524 0.0447439 0.0379989 0.0379989 0.0447439 0.054524 0.0636159 0.070114 0.0731994 0.0728221 0.0698428 0.0657584 0.0622601 0.060547 0.0608615 0.0628599 0.0658814 0.0687625 0.0703351 0.0702978 0.0692131 0.068015 0.0676009 0.0683451 0.0700677 0.0724619 0.0750418 0.0770411 0.0779829 0.0780864 0.0780011 0.0784079 0.0796595 0.081638 0.0840927 0.0867913 0.089262 0.0910136 0.0920653 0.0929031 0.0940814 0.0959311 0.0984113 0.101305 0.104482 0.107694 0.110497 0.112769 0.114918 0.117475 0.120768 0.124838 0.129549 0.134837 0.140656 0.146774 0.153075 0.159952 0.167977 0.17759 0.189323 0.203836 0.221874 0.244639 0.274055 0.31312 0.366515 0.440039 0.537953 0.65852 0.788123 0.897266 0.946676
0.945962 0.89495 0.781992 0.648953 0.52676 0.4289 0.356345 0.304225 0.266408 0.238006 0.215959 0.198445 0.184365 0.172993 0.163655 0.155829 0.149119 0.143003 0.137071 0.131374 0.126153 0.121513 0.117535 0.114319 0.111799 0.109667 0.107426 0.104675 0.101496 0.098306 0.0953988 0.0929361 0.0911025 0.0899091 0.0890398 0.0879705 0.0862305 0.0837788 0.0810706 0.078596 0.076635 0.0754245 0.075035 0.0751104 0.0749966 0.0740643 0.0720924 0.0695263 0.0671191 0.0654005 0.0647002 0.0651556 0.0663684 0.0674592 0.0675034 0.065943 0.063075 0.0600412 0.0580175 0.0577231 0.0594975 0.063034 0.0671228 0.0701041 0.0704838 0.0674208 0.0610064 0.052023 0.0422857 0.0355204 0.0355204 0.0422857 0.052023 0.0610064 0.0674208 0.0704838 0.0701041 0.0671228 0.063034 0.0594975 0.0577231 0.0580175 0.0600412 0.063075 0.065943 0.0675034 0.0674592 0.0663684 0.0651556 0.0647002 0.0654005 0.0671191 0.0695263 0.0720924 0.0740643 0.0749966 0.0751104 0.075035 0.0754245 0.076635 0.078596 0.0810706 0.0837788 0.0862305 0.0879705 0.0890398 0.0899091 0.0911025 0.0929361 0.0953988 0.098306 0.101496 0.104675 0.107426 0.109667 0.111799 0.114319 0.117535 0.121513 0.126153 0.131374 0.137071 0.143003 0.149119 0.155829 0.163655 0.172993 0.184365 0.198445 0.215959 0.238006 0.266408 0.304225 0.356345 0.4289 0.52676 0.648953 0.781992 0.89495 0.945962
0.945281 0.892686 0.775954 0.639584 0.515919 0.418255 0.346741 0.295891 0.259265 0.231809 0.21043 0.193401 0.179719 0.168677 0.159596 0.151957 0.145399 0.139451 0.133689 0.128103 0.122931 0.118337 0.114428 0.111279 0.108806 0.106702 0.104495 0.101796 0.0986481 0.0954461 0.0925154 0.0900482 0.0882113 0.086999 0.0861078 0.085035 0.083319 0.0808966 0.0781915 0.0757092 0.0737685 0.0725945 0.072219 0.0722841 0.0721606 0.0712399 0.0692995 0.0667535 0.0643411 0.0626288 0.0619675 0.062462 0.0636938 0.064796 0.0648513 0.0633068 0.060453 0.0574049 0.0553504 0.0550624 0.056884 0.0604596 0.0645663 0.067557 0.0679359 0.0648926 0.0585678 0.0497049 0.0400213 0.0332411 0.0332411 0.0400213 0.0497049 0.0585678 0.0648926 0.0679359 0.067557 0.0645663 0.0604596 0.056884 0.0550624 0.0553504 0.0574049 0.060453 0.0633068 0.0648513 0.064796 0.0636938 0.062462 0.0619675 0.0626288 0.0643411 0.0667535 0.0692995 0.0712399 0.0721606 0.0722841 0.072219 0.0725945 0.0737685 0.0757092 0.0781915 0.0808966 0.083319 0.085035 0.0861078 0.086999 0.0882113 0.0900482 0.0925154 0.0954461 0.0986481 0.101796 0.104495 0.106702 0.108806 0.111279 0.114428 0.118337 0.122931 0.128103 0.133689 0.139451 0.145399 0.151957 0.159596 0.168677 0.179719 0.193401 0.21043 0.231809 0.259265 0.295891 0.346741 0.418255 0.515919 0.639584 0.775954 0.892686 0.945281
0.944648 0.890472 0.769996 0.630393 0.505412 0.408079 0.337669 0.288075 0.252587 0.226029 0.205272 0.188675 0.175346 0.164604 0.155759 0.148294 0.141884 0.136097 0.130498 0.125035 0.11995 0.115452 0.111653 0.108577 0.10611 0.103979 0.101764 0.0990921 0.0959659 0.0927526 0.0898181 0.0873892 0.0855981 0.0843897 0.0834623 0.0823529 0.0806284 0.0782103 0.0754891 0.0729834 0.071055 0.0699232 0.0695757 0.0696418 0.0695161 0.0686112 0.0667009 0.0641724 0.0617602 0.0600689 0.0594623 0.0600005 0.0612376 0.0623269 0.0623769 0.0608465 0.058016 0.054977 0.0529335 0.0526995 0.0545946 0.0582 0.0622939 0.065268 0.0656361 0.0626092 0.0563652 0.0476096 0.0379701 0.0311715 0.0311715 0.0379701 0.0476096 0.0563652 0.0626092 0.0656361 0.065268 0.0622939 0.0582 0.0545946 0.0526995 0.0529335 0.054977 0.058016 0.0608465 0.0623769 0.0623269 0.0612376 0.0600005 0.0594623 0.0600689 0.0617602 0.0641724 0.0667009 0.0686112 0.0695161 0.0696418 0.0695757 0.0699232 0.071055 0.0729834 0.0754891 0.0782103 0.0806284 0.0823529 0.0834623 0.0843897 0.0855981 0.0873892 0.0898181 0.0927526 0.0959659 0.0990921 0.101764 0.103979 0.10611 0.108577 0.111653 0.115452 0.11995 0.125035 0.130498 0.136097 0.141884 0.148294 0.155759 0.164604 0.175346 0.188675 0.205272 0.226029 0.252587 0.288075 0.337669 0.408079 0.505412 0.630393 0.769996 0.890472 0.944648
0.944034 0.888313 0.764136 0.621388 0.495211 0.398321 0.329077 0.280728 0.246313 0.220576 0.200401 0.18423 0.171236 0.160765 0.152139 0.144843 0.138571 0.132926 0.127468 0.122094 0.117039 0.11256 0.108803 0.105789 0.103378 0.101286 0.0991079 0.096481 0.093383 0.0901529 0.0871721 0.0846981 0.082873 0.0816449 0.0807178 0.0796328 0.0779546 0.0755844 0.0728874 0.0703892 0.0684764 0.0673635 0.0670198 0.0670786 0.0669529 0.0660709 0.0642031 0.0617098 0.0593117 0.0576384 0.057069 0.0576442 0.0589042 0.0600081 0.0600708 0.058558 0.0557408 0.0526836 0.050597 0.0503402 0.0522518 0.055895 0.0600324 0.0630368 0.0634077 0.0604006 0.0542559 0.0456395 0.0360706 0.0292648 0.0292648 0.0360706 0.0456395 0.0542559 0.0604006 0.0634077 0.0630368 0.0600324 0.055895 0.0522518 0.0503402 0.050597 0.0526836 0.0557408 0.058558 0.0600708 0.0600081 0.0589042 0.0576442 0.057069 0.0576384 0.0593117 0.0617098 0.0642031 0.0660709 0.0669529 0.0670786 0.0670198 0.0673635 0.0684764 0.0703892 0.0728874 0.0755844 0.0779546 0.0796328 0.0807178 0.0816449 0.082873 0.0846981 0.0871721 0.0901529 0.093383 0.096481 0.0991079 0.101286 0.103378 0.105789 0.108803 0.11256 0.117039 0.122094 0.127468 0.132926 0.138571 0.144843 0.152139 0.160765 0.171236 0.18423 0.200401 0.220576 0.246313 0.280728 0.329077 0.398321 0.495211 0.621388 0.764136 0.888313 0.944034
0.943484 0.886208 0.758352 0.612566 0.485359 0.389029 0.320963 0.273811 0.240422 0.215483 0.195855 0.180045 0.167344 0.157139 0.148731 0.141596 0.13545 0.129939 0.124627 0.119379 0.114416 0.110026 0.106361 0.1034 0.10098 0.0988464 0.0966477 0.0940366 0.0909586 0.0877325 0.084773 0.082363 0.0806044 0.079388 0.0784163 0.0772776 0.0755748 0.0731995 0.0704867 0.0679729 0.0660831 0.0650266 0.064726 0.0647931 0.0646624 0.0637897 0.0619451 0.0594642 0.0570642 0.0554081 0.0548861 0.0555008 0.0567657 0.057857 0.0579181 0.0564276 0.0536447 0.0506166 0.0485735 0.0484028 0.0504045 0.0540755 0.058182 0.0611422 0.0614774 0.0584715 0.0523992 0.0438852 0.0343576 0.0275315 0.0275315 0.0343576 0.0438852 0.0523992 0.0584715 0.0614774 0.0611422 0.058182 0.0540755 0.0504045 0.0484028 0.0485735 0.0506166 0.0536447 0.0564276 0.0579181 0.057857 0.0567657 0.0555008 0.0548861 0.0554081 0.0570642 0.0594642 0.0619451 0.0637897 0.0646624 0.0647931 0.064726 0.0650266 0.0660831 0.0679729 0.0704867 0.0731995 0.0755748 0.0772776 0.0784163 0.079388 0.0806044 0.082363 0.084773 0.0877325 0.0909586 0.0940366 0.0966477 0.0988464 0.10098 0.1034 0.106361 0.110026 0.114416 0.119379 0.124627 0.129939 0.13545 0.141596 0.148731 0.157139 0.167344 0.180045 0.195855 0.215483 0.240422 0.273811 0.320963 0.389029 0.485359 0.612566 0.758352 0.886208 0.943484
0.942943 0.884153 0.752647 0.60386 0.475677 0.380002 0.313222 0.267298 0.234869 0.210638 0.191529 0.176101 0.16367 0.153658 0.145417 0.138441 0.132437 0.127057 0.121866 0.116701 0.11178 0.107425 0.103814 0.10092 0.0985554 0.0964532 0.0942775 0.0916968 0.0886344 0.0853772 0.0823473 0.0798637 0.0780579 0.0768328 0.0758862 0.0747954 0.0731552 0.0708394 0.0681584 0.0656446 0.0637399 0.0626659 0.0623528 0.0624237 0.0623198 0.0614977 0.0597191 0.0572979 0.0549404 0.0533232 0.0528444 0.0534942 0.0547785 0.0558784 0.0559459 0.0544676 0.0516932 0.0486425 0.0465437 0.0463203 0.0483062 0.0520093 0.0561824 0.0592012 0.0595567 0.056579 0.0506137 0.0422491 0.0327993 0.025967 0.025967 0.0327993 0.0422491 0.0506137 0.056579 0.0595567 0.0592012 0.0561824 0.0520093 0.0483062 0.0463203 0.0465437 0.0486425 0.0516932 0.0544676 0.0559459 0.0558784 0.0547785 0.0534942 0.0528444 0.0533232 0.0549404 0.0572979 0.0597191 0.0614977 0.0623198 0.0624237 0.0623528 0.0626659 0.0637399 0.0656446 0.0681584 0.0708394 0.0731552 0.0747954 0.0758862 0.0768328 0.0780579 0.0798637 0.0823473 0.0853772 0.0886344 0.0916968 0.0942775 0.0964532 0.0985554 0.10092 0.103814 0.107425 0.11178 0.116701 0.121866 0.127057 0.132437 0.138441 0.145417 0.153658 0.16367 0.176101 0.191529 0.210638 0.234869 0.267298 0.313222 0.380002 0.475677 0.60386 0.752647 0.884153 0.942943
0.94246 0.882155 0.747019 0.595322 0.466304 0.371382 0.30589 0.261146 0.229632 0.206088 0.18747 0.172377 0.160181 0.150355 0.142285 0.135462 0.129588 0.124332 0.11927 0.114216 0.109375 0.105086 0.101542 0.0986979 0.0963485 0.0942355 0.0920547 0.0894898 0.0864428 0.083178 0.0801332 0.0776538 0.0758657 0.0746489 0.0736952 0.0725997 0.0709743 0.0686823 0.066008 0.0634836 0.061576 0.0605158 0.0602201 0.0603049 0.0602207 0.0594356 0.0577065 0.0553264 0.0529934 0.051403 0.0509625 0.0516437 0.0529395 0.0540402 0.0541141 0.0526572 0.0499088 0.0468699 0.0447759 0.0445748 0.0465965 0.0503268 0.0545152 0.0575365 0.0578783 0.0549097 0.0490289 0.0407861 0.0313912 0.0245408 0.0245408 0.0313912 0.0407861 0.0490289 0.0549097 0.0578783 0.0575365 0.0545152 0.0503268 0.0465965 0.0445748 0.0447759 0.0468699 0.0499088 0.0526572 0.0541141 0.0540402 0.0529395 0.0516437 0.0509625 0.051403 0.0529934 0.0553264 0.0577065 0.0594356 0.0602207 0.0603049 0.0602201 0.0605158 0.061576 0.0634836 0.066008 0.0686823 0.0709743 0.0725997 0.0736952 0.0746489 0.0758657 0.0776538 0.0801332 0.083178 0.0864428 0.0894898 0.0920547 0.0942355 0.0963485 0.0986979 0.101542 0.105086 0.109375 0.114216 0.11927 0.124332 0.129588 0.135462 0.142285 0.150355 0.160181 0.172377 0.18747 0.206088 0.229632 0.261146 0.30589 0.371382 0.466304 0.595322 0.747019 0.882155 0.94246
0.942035 0.880237 0.74154 0.587095 0.45742 0.363306 0.29903 0.255362 0.224702 0.201806 0.18364 0.168866 0.156951 0.147401 0.13956 0.132886 0.127103 0.121932 0.116964 0.11198 0.107163 0.102881 0.0993599 0.096551 0.0942227 0.0921124 0.0899391 0.087402 0.0843858 0.0811331 0.0780918 0.0756273 0.073857 0.0726364 0.0716571 0.0705422 0.0689271 0.0666674 0.0640264 0.0615392 0.0596911 0.0587013 0.0584492 0.0585343 0.0584292 0.057634 0.0559128 0.0535398 0.0512069 0.0496316 0.0492313 0.0499532 0.0512673 0.0523707 0.052453 0.0510211 0.0483025 0.0452845 0.043219 0.0430763 0.0451621 0.0489188 0.0530923 0.056076 0.0563716 0.0533914 0.0475842 0.0394622 0.0301291 0.0232674 0.0232674 0.0301291 0.0394622 0.0475842 0.0533914 0.0563716 0.056076 0.0530923 0.0489188 0.0451621 0.0430763 0.043219 0.0452845 0.0483025 0.0510211 0.052453 0.0523707 0.0512673 0.0499532 0.0492313 0.0496316 0.0512069 0.0535398 0.0559128 0.057634 0.0584292 0.0585343 0.0584492 0.0587013 0.0596911 0.0615392 0.0640264 0.0666674 0.0689271 0.0705422 0.0716571 0.0726364 0.073857 0.0756273 0.0780918 0.0811331 0.0843858 0.087402 0.0899391 0.0921124 0.0942227 0.096551 0.0993599 0.102881 0.107163 0.11198 0.116964 0.121932 0.127103 0.132886 0.13956 0.147401 0.156951 0.168866 0.18364 0.201806 0.224702 0.255362 0.29903 0.363306 0.45742 0.587095 0.74154 0.880237 0.942035
0.941667 0.878373 0.736109 0.578954 0.448713 0.355495 0.292472 0.249875 0.220043 0.197775 0.180042 0.165549 0.153847 0.144502 0.13685 0.130322 0.124647 0.119581 0.114739 0.10988 0.105156 0.100938 0.0974634 0.0946781 0.0923374 0.0901908 0.0879897 0.0854528 0.0824583 0.0792392 0.0762542 0.0738738 0.072181 0.0709851 0.0699711 0.0688001 0.0671452 0.0648653 0.0622102 0.0597248 0.0579187 0.0570021 0.0568094 0.0569123 0.0567995 0.0560034 0.0542962 0.0519339 0.049601 0.048036 0.0476677 0.0484213 0.0497447 0.0508434 0.0509313 0.0495287 0.0468555 0.0438874 0.0418913 0.041851 0.0440331 0.0478216 0.0519581 0.0548706 0.0550939 0.0520849 0.0463318 0.0383047 0.0290079 0.0221187 0.0221187 0.0290079 0.0383047 0.0463318 0.0520849 0.0550939 0.0548706 0.0519581 0.0478216 0.0440331 0.041851 0.0418913 0.0438874 0.0468555 0.0495287 0.0509313 0.0508434 0.0497447 0.0484213 0.0476677 0.048036 0.049601 0.0519339 0.0542962 0.0560034 0.0567995 0.0569123 0.0568094 0.0570021 0.0579187 0.0597248 0.0622102 0.0648653 0.0671452 0.0688001 0.0699711 0.0709851 0.072181 0.0738738 0.0762542 0.0792392 0.0824583 0.0854528 0.0879897 0.0901908 0.0923374 0.0946781 0.0974634 0.100938 0.105156 0.10988 0.114739 0.119581 0.124647 0.130322 0.13685 0.144502 0.153847 0.165549 0.180042 0.197775 0.220043 0.249875 0.292472 0.355495 0.448713 0.578954 0.736109 0.878373 0.941667
0.941328 0.87658 0.730785 0.570975 0.440229 0.347968 0.286246 0.244712 0.215643 0.193934 0.176617 0.162426 0.150954 0.141805 0.134333 0.127955 0.122389 0.11741 0.112653 0.10786 0.103164 0.0989503 0.0954896 0.0927354 0.090427 0.0883004 0.0861168 0.0836103 0.0806473 0.0774352 0.07443 0.0720239 0.0703174 0.0691196 0.068111 0.0669567 0.0653385 0.0631094 0.0605002 0.0580485 0.0562724 0.055386 0.0552164 0.0553309 0.0552262 0.0544477 0.0527695 0.0504341 0.0481191 0.0465738 0.0462355 0.0470201 0.0483648 0.0494769 0.0495815 0.048206 0.0455602 0.0426044 0.040609 0.0405764 0.0427777 0.0465894 0.0507458 0.0536593 0.0538557 0.0508373 0.0451581 0.037257 0.0280229 0.0211162 0.0211162 0.0280229 0.037257 0.0451581 0.0508373 0.0538557 0.0536593 0.0507458 0.0465894 0.0427777 0.0405764 0.040609 0.0426044 0.0455602 0.048206 0.0495815 0.0494769 0.0483648 0.0470201 0.0462355 0.0465738 0.0481191 0.0504341 0.0527695 0.0544477 0.0552262 0.0553309 0.0552164 0.055386 0.0562724 0.0580485 0.0605002 0.0631094 0.0653385 0.0669567 0.068111 0.0691196 0.0703174 0.0720239 0.07443 0.0774352 0.0806473 0.0836103 0.0861168 0.0883004 0.090427 0.0927354 0.0954896 0.0989503 0.103164 0.10786 0.112653 0.11741 0.122389 0.127955 0.134333 0.141805 0.150954 0.162426 0.176617 0.193934 0.215643 0.244712 0.286246 0.347968 0.440229 0.570975 0.730785 0.87658 0.941328
0.941047 0.874859 0.725549 0.563139 0.431969 0.340727 0.280325 0.239833 0.211486 0.190304 0.173391 0.159497 0.14824 0.139268 0.131963 0.125734 0.120279 0.115385 0.110708 0.105985 0.101332 0.0971438 0.0937113 0.0909936 0.0887143 0.0865986 0.08442 0.0819295 0.0789858 0.0757749 0.0727518 0.0703293 0.0686213 0.0674322 0.0664335 0.0652946 0.0637082 0.0615241 0.0589543 0.0565273 0.0547707 0.053907 0.0537594 0.05389 0.0538003 0.0530467 0.0514048 0.0491056 0.0468195 0.0453038 0.0450016 0.0458189 0.0471819 0.0483009 0.0484142 0.0470579 0.0444344 0.0414897 0.0394974 0.0394746 0.0416951 0.045527 0.0496992 0.0526118 0.0527826 0.0497553 0.0441478 0.0363695 0.0271932 0.0202639 0.0202639 0.0271932 0.0363695 0.0441478 0.0497553 0.0527826 0.0526118 0.0496992 0.045527 0.0416951 0.0394746 0.0394974 0.0414897 0.0444344 0.0470579 0.0484142 0.0483009 0.0471819 0.0458189 0.0450016 0.0453038 0.0468195 0.0491056 0.0514048 0.0530467 0.0538003 0.05389 0.0537594 0.053907 0.0547707 0.0565273 0.0589543 0.0615241 0.0637082 0.0652946 0.0664335 0.0674322 0.0686213 0.0703293 0.0727518 0.0757749 0.0789858 0.0819295 0.08442 0.0865986 0.0887143 0.0909936 0.0937113 0.0971438 0.101332 0.105985 0.110708 0.115385 0.120279 0.125734 0.131963 0.139268 0.14824 0.159497 0.173391 0.190304 0.211486 0.239833 0.280325 0.340727 0.431969 0.563139 0.725549 0.874859 0.941047
0.940828 0.873215 0.720403 0.555441 0.423923 0.333759 0.274695 0.235225 0.207561 0.186878 0.170358 0.156758 0.145704 0.136892 0.129743 0.123662 0.118319 0.113507 0.108905 0.104253 0.0996546 0.0955028 0.0921057 0.089427 0.0871772 0.0850711 0.0828925 0.080409 0.0774757 0.074261 0.071219 0.0687817 0.0670767 0.0659026 0.0649198 0.0637998 0.0622465 0.0601071 0.0575744 0.0551659 0.0534188 0.0525684 0.0524397 0.0525902 0.0525228 0.0518019 0.0502044 0.0479504 0.0457021 0.0442218 0.043957 0.0448064 0.046187 0.0473114 0.0474303 0.0460883 0.0434819 0.0405456 0.038554 0.0385366 0.0407706 0.0446187 0.0488058 0.05172 0.0518685 0.0488328 0.0432946 0.0356366 0.0265138 0.0195561 0.0195561 0.0265138 0.0356366 0.0432946 0.0488328 0.0518685 0.05172 0.0488058 0.0446187 0.0407706 0.0385366 0.038554 0.0405456 0.0434819 0.0460883 0.0474303 0.0473114 0.046187 0.0448064 0.043957 0.0442218 0.0457021 0.0479504 0.0502044 0.0518019 0.0525228 0.0525902 0.0524397 0.0525684 0.0534188 0.0551659 0.0575744 0.0601071 0.0622465 0.0637998 0.0649198 0.0659026 0.0670767 0.0687817 0.071219 0.074261 0.0774757 0.080409 0.0828925 0.0850711 0.0871772 0.089427 0.0921057 0.0955028 0.0996546 0.104253 0.108905 0.113507 0.118319 0.123662 0.129743 0.136892 0.145704 0.156758 0.170358 0.186878 0.207561 0.235225 0.274695 0.333759 0.423923 0.555441 0.720403 0.873215 0.940828
0.940675 0.871647 0.715326 0.547829 0.41602 0.326997 0.269311 0.230861 0.203853 0.183649 0.167522 0.154206 0.143325 0.134629 0.127608 0.121667 0.116441 0.111718 0.107203 0.102647 0.0981369 0.0940519 0.0907054 0.0880676 0.0858438 0.0837413 0.0815517 0.0790594 0.0761218 0.0728969 0.0698397 0.0673979 0.0657086 0.0645615 0.0636028 0.0625047 0.060981 0.0588761 0.0563634 0.0539497 0.0521852 0.051327 0.0512096 0.0513868 0.0513586 0.0506922 0.0491622 0.0469748 0.0447796 0.0433394 0.0431081 0.043984 0.0453799 0.04651 0.0466335 0.0453017 0.0427074 0.0397762 0.0377824 0.0377643 0.0400035 0.0438617 0.0480636 0.0509858 0.0511205 0.0480793 0.0426076 0.0350641 0.0259846 0.0189875 0.0189875 0.0259846 0.0350641 0.0426076 0.0480793 0.0511205 0.0509858 0.0480636 0.0438617 0.0400035 0.0377643 0.0377824 0.0397762 0.0427074 0.0453017 0.0466335 0.04651 0.0453799 0.043984 0.0431081 0.0433394 0.0447796 0.0469748 0.0491622 0.0506922 0.0513586 0.0513868 0.0512096 0.051327 0.0521852 0.0539497 0.0563634 0.0588761 0.060981 0.0625047 0.0636028 0.0645615 0.0657086 0.0673979 0.0698397 0.0728969 0.0761218 0.0790594 0.0815517 0.0837413 0.0858438 0.0880676 0.0907054 0.0940519 0.0981369 0.102647 0.107203 0.111718 0.116441 0.121667 0.127608 0.134629 0.143325 0.154206 0.167522 0.183649 0.203853 0.230861 0.269311 0.326997 0.41602 0.547829 0.715326 0.871647 0.940675
0.940627 0.8702 0.710415 0.540528 0.408584 0.320719 0.264306 0.226799 0.200438 0.180697 0.16491 0.151841 0.141151 0.132636 0.125793 0.120007 0.114892 0.110253 0.105827 0.101363 0.0969091 0.0928287 0.0894607 0.0868102 0.0845869 0.0824822 0.080288 0.0778123 0.0749296 0.0717864 0.0688129 0.0664427 0.0648072 0.0636866 0.0627189 0.0615836 0.060018 0.0578911 0.0553895 0.0530237 0.0513405 0.0505779 0.0505363 0.050744 0.0507047 0.0500103 0.0484552 0.0462477 0.0440344 0.0425855 0.0423645 0.0432641 0.0446818 0.045828 0.0459737 0.044683 0.0421486 0.0392859 0.0373671 0.0374339 0.0397499 0.0436405 0.0478129 0.0506518 0.0506736 0.0475476 0.0420868 0.0346231 0.0255692 0.0185255 0.0185255 0.0255692 0.0346231 0.0420868 0.0475476 0.0506736 0.0506518 0.0478129 0.0436405 0.0397499 0.0374339 0.0373671 0.0392859 0.0421486 0.044683 0.0459737 0.045828 0.0446818 0.0432641 0.0423645 0.0425855 0.0440344 0.0462477 0.0484552 0.0500103 0.0507047 0.050744 0.0505363 0.0505779 0.0513405 0.0530237 0.0553895 0.0578911 0.060018 0.0615836 0.0627189 0.0636866 0.0648072 0.0664427 0.0688129 0.0717864 0.0749296 0.0778123 0.080288 0.0824822 0.0845869 0.0868102 0.0894607 0.0928287 0.0969091 0.101363 0.105827 0.110253 0.114892 0.120007 0.125793 0.132636 0.141151 0.151841 0.16491 0.180697 0.200438 0.226799 0.264306 0.320719 0.408584 0.540528 0.710415 0.8702 0.940627
0.940624 0.868831 0.705551 0.53319 0.401064 0.314439 0.259456 0.222949 0.197171 0.177855 0.162461 0.149703 0.139193 0.130778 0.124047 0.118399 0.1134 0.108831 0.104461 0.100067 0.0956919 0.0916835 0.0883783 0.0857869 0.0836141 0.0815366 0.0793438 0.0768535 0.0739414 0.070747 0.0677076 0.0652837 0.0636321 0.0625348 0.0616147 0.060542 0.0590545 0.0570064 0.0545513 0.0521776 0.0504458 0.0496336 0.0495752 0.0498072 0.0498257 0.0492153 0.0477613 0.0456545 0.0435244 0.0421344 0.0419529 0.0428802 0.0443159 0.0454705 0.0456171 0.0443209 0.0417713 0.0388795 0.0369163 0.0369316 0.0392063 0.0430841 0.0472818 0.0501678 0.0502188 0.0471116 0.0417289 0.0343922 0.025384 0.0182904 0.0182904 0.025384 0.0343922 0.0417289 0.0471116 0.0502188 0.0501678 0.0472818 0.0430841 0.0392063 0.0369316 0.0369163 0.0388795 0.0417713 0.0443209 0.0456171 0.0454705 0.0443159 0.0428802 0.0419529 0.0421344 0.0435244 0.0456545 0.0477613 0.0492153 0.0498257 0.0498072 0.0495752 0.0496336 0.0504458 0.0521776 0.0545513 0.0570064 0.0590545 0.060542 0.0616147 0.0625348 0.0636321 0.0652837 0.0677076 0.070747 0.0739414 0.0768535 0.0793438 0.0815366 0.0836141 0.0857869 0.0883783 0.0916835 0.0956919 0.100067 0.104461 0.108831 0.1134 0.118399 0.124047 0.130778 0.139193 0.149703 0.162461 0.177855 0.197171 0.222949 0.259456 0.314439 0.401064 0.53319 0.705551 0.868831 0.940624
0.940744 0.867606 0.700873 0.52616 0.393981 0.308608 0.254971 0.219407 0.194206 0.175297 0.160254 0.147786 0.137482 0.129222 0.122647 0.117155 0.112272 0.107768 0.103445 0.0991052 0.094778 0.0907917 0.0874941 0.0849218 0.0827819 0.0807291 0.0785428 0.0760566 0.0731609 0.0699876 0.0669593 0.0645393 0.0628997 0.0618263 0.0609297 0.0598739 0.0584069 0.0563934 0.0539822 0.0516486 0.0499494 0.0491701 0.049147 0.0494078 0.0494438 0.0488474 0.0474141 0.0453353 0.0432328 0.0418667 0.0417101 0.0426649 0.0441241 0.0452934 0.0454511 0.0441699 0.0416412 0.0387709 0.0368244 0.0368541 0.0391425 0.043025 0.0472132 0.0500723 0.050071 0.0469156 0.0415657 0.0343312 0.025357 0.0182068 0.0182068 0.025357 0.0343312 0.0415657 0.0469156 0.050071 0.0500723 0.0472132 0.043025 0.0391425 0.0368541 0.0368244 0.0387709 0.0416412 0.0441699 0.0454511 0.0452934 0.0441241 0.0426649 0.0417101 0.0418667 0.0432328 0.0453353 0.0474141 0.0488474 0.0494438 0.0494078 0.049147 0.0491701 0.0499494 0.0516486 0.0539822 0.0563934 0.0584069 0.0598739 0.0609297 0.0618263 0.0628997 0.0645393 0.0669593 0.0699876 0.0731609 0.0760566 0.0785428 0.0807291 0.0827819 0.0849218 0.0874941 0.0907917 0.094778 0.0991052 0.103445 0.107768 0.112272 0.117155 0.122647 0.129222 0.137482 0.147786 0.160254 0.175297 0.194206 0.219407 0.254971 0.308608 0.393981 0.52616 0.700873 0.867606 0.940744
0.940967 0.866477 0.696191 0.519038 0.386824 0.302807 0.250633 0.216079 0.191476 0.172988 0.158296 0.146068 0.135871 0.127659 0.121164 0.115796 0.111036 0.106643 0.102451 0.0982729 0.0940884 0.0901753 0.0868879 0.0843103 0.082176 0.0801266 0.0779307 0.0754412 0.0725708 0.0694464 0.0664681 0.0640889 0.0624893 0.0614588 0.0605956 0.0595522 0.0580807 0.0560555 0.0536278 0.0512736 0.0495585 0.048782 0.0487856 0.0490882 0.0491742 0.0486386 0.0472743 0.0452561 0.0431869 0.0418238 0.0416581 0.0426135 0.0440884 0.0452835 0.0454748 0.0442334 0.0417469 0.0389136 0.0369896 0.0370279 0.0393182 0.0431948 0.0473711 0.0502118 0.0501655 0.0469537 0.0416162 0.034461 0.0254913 0.0182566 0.0182566 0.0254913 0.034461 0.0416162 0.0469537 0.0501655 0.0502118 0.0473711 0.0431948 0.0393182 0.0370279 0.0369896 0.0389136 0.0417469 0.0442334 0.0454748 0.0452835 0.0440884 0.0426135 0.0416581 0.0418238 0.0431869 0.0452561 0.0472743 0.0486386 0.0491742 0.0490882 0.0487856 0.048782 0.0495585 0.0512736 0.0536278 0.0560555 0.0580807 0.0595522 0.0605956 0.0614588 0.0624893 0.0640889 0.0664681 0.0694464 0.0725708 0.0754412 0.0779307 0.0801266 0.082176 0.0843103 0.0868879 0.0901753 0.0940884 0.0982729 0.102451 0.106643 0.111036 0.115796 0.121164 0.127659 0.135871 0.146068 0.158296 0.172988 0.191476 0.216079 0.250633 0.302807 0.386824 0.519038 0.696191 0.866477 0.940967
0.941344 0.865582 0.691917 0.51255 0.380418 0.297686 0.246827 0.213173 0.189087 0.170942 0.156589 0.144712 0.134809 0.12682 0.120524 0.115345 0.11071 0.106338 0.102105 0.0978832 0.0936785 0.0897562 0.0864718 0.0839293 0.0818595 0.0798676 0.0776947 0.0752035 0.0723309 0.0692056 0.0662121 0.0638054 0.0621928 0.0611788 0.0603473 0.0593357 0.0579058 0.055951 0.0536194 0.0513577 0.0497082 0.0489769 0.049019 0.0493476 0.0494341 0.0488781 0.0474967 0.0454871 0.0434524 0.0421336 0.042013 0.0430118 0.044518 0.0457227 0.0459053 0.0446508 0.0421618 0.0393386 0.0374239 0.0374655 0.0397581 0.0436285 0.0477816 0.050584 0.0504768 0.0472075 0.0419043 0.0348741 0.0259567 0.0186624 0.0186624 0.0259567 0.0348741 0.0419043 0.0472075 0.0504768 0.050584 0.0477816 0.0436285 0.0397581 0.0374655 0.0374239 0.0393386 0.0421618 0.0446508 0.0459053 0.0457227 0.044518 0.0430118 0.042013 0.0421336 0.0434524 0.0454871 0.0474967 0.0488781 0.0494341 0.0493476 0.049019 0.0489769 0.0497082 0.0513577 0.0536194 0.055951 0.0579058 0.0593357 0.0603473 0.0611788 0.0621928 0.0638054 0.0662121 0.0692056 0.0723309 0.0752035 0.0776947 0.0798676 0.0818595 0.0839293 0.0864718 0.0897562 0.0936785 0.0978832 0.102105 0.106338 0.11071 0.115345 0.120524 0.12682 0.134809 0.144712 0.156589 0.170942 0.189087 0.213173 0.246827 0.297686 0.380418 0.51255 0.691917 0.865582 0.941344
0.941858 0.86481 0.687624 0.50591 0.373867 0.292548 0.243158 0.2105 0.186973 0.169201 0.155192 0.143605 0.133873 0.125971 0.119775 0.114737 0.110227 0.105934 0.101774 0.0976577 0.0935661 0.0897092 0.0864376 0.0839028 0.0818627 0.079897 0.0777196 0.0752103 0.0723413 0.0692471 0.0662868 0.063901 0.0623136 0.0613435 0.0605584 0.0595734 0.0581506 0.0562001 0.0538781 0.0516232 0.0499719 0.0492441 0.04931 0.0496772 0.0498051 0.0492945 0.0479681 0.0460195 0.0440347 0.0427389 0.0426232 0.0436313 0.0451559 0.0463791 0.0465774 0.0453384 0.042872 0.0400777 0.0381797 0.038217 0.0404954 0.0443423 0.0484643 0.0512386 0.051086 0.0477556 0.0424676 0.0355413 0.0266446 0.0192568 0.0192568 0.0266446 0.0355413 0.0424676 0.0477556 0.051086 0.0512386 0.0484643 0.0443423 0.0404954 0.038217 0.0381797 0.0400777 0.042872 0.0453384 0.0465774 0.0463791 0.0451559 0.0436313 0.0426232 0.0427389 0.0440347 0.0460195 0.0479681 0.0492945 0.0498051 0.0496772 0.04931 0.0492441 0.0499719 0.0516232 0.0538781 0.0562001 0.0581506 0.0595734 0.0605584 0.0613435 0.0623136 0.063901 0.0662868 0.0692471 0.0723413 0.0752103 0.0777196 0.079897 0.0818627 0.0839028 0.0864376 0.0897092 0.0935661 0.0976577 0.101774 0.105934 0.110227 0.114737 0.119775 0.125971 0.133873 0.143605 0.155192 0.169201 0.186973 0.2105 0.243158 0.292548 0.373867 0.50591 0.687624 0.86481 0.941858
0.942574 0.864314 0.683698 0.499773 0.367911 0.287994 0.240024 0.208343 0.185343 0.16787 0.154156 0.142894 0.133424 0.125701 0.119684 0.114858 0.110517 0.106279 0.102084 0.097921 0.0937974 0.0898964 0.086568 0.0840115 0.0820092 0.0801061 0.0779764 0.0755073 0.0727028 0.0696915 0.0667848 0.0644007 0.062799 0.0618366 0.0610718 0.0600946 0.0586787 0.0567765 0.0545625 0.0524372 0.0508882 0.0502332 0.0503644 0.0507802 0.0509081 0.0503402 0.0489329 0.0469291 0.0449289 0.0436333 0.0435215 0.0445477 0.0461027 0.0473552 0.0475785 0.0463693 0.0439541 0.0412297 0.0393836 0.0394383 0.0417206 0.0455576 0.0496373 0.0523374 0.052073 0.0486225 0.0433258 0.0365215 0.0276739 0.0202023 0.0202023 0.0276739 0.0365215 0.0433258 0.0486225 0.052073 0.0523374 0.0496373 0.0455576 0.0417206 0.0394383 0.0393836 0.0412297 0.0439541 0.0463693 0.0475785 0.0473552 0.0461027 0.0445477 0.0435215 0.0436333 0.0449289 0.0469291 0.0489329 0.0503402 0.0509081 0.0507802 0.0503644 0.0502332 0.0508882 0.0524372 0.0545625 0.0567765 0.0586787 0.0600946 0.0610718 0.0618366 0.062799 0.0644007 0.0667848 0.0696915 0.0727028 0.0755073 0.0779764 0.0801061 0.0820092 0.0840115 0.086568 0.0898964 0.0937974 0.097921 0.102084 0.106279 0.110517 0.114858 0.119684 0.125701 0.133424 0.142894 0.154156 0.16787 0.185343 0.208343 0.240024 0.287994 0.367911 0.499773 0.683698 0.864314 0.942574
0.943477 0.864009 0.679862 0.493624 0.361957 0.283552 0.237131 0.206489 0.184018 0.166865 0.153499 0.14259 0.133346 0.125727 0.119817 0.115153 0.110951 0.106764 0.102577 0.0984592 0.0944212 0.0905799 0.0872615 0.0847196 0.0827739 0.0809302 0.0788103 0.0763087 0.0734785 0.0704725 0.0675755 0.0651834 0.0635815 0.0626555 0.0619472 0.0610154 0.0596304 0.0577639 0.055599 0.0535128 0.0519688 0.0513042 0.0514468 0.0518952 0.0520584 0.0515262 0.0501677 0.0482345 0.046308 0.0450529 0.0449479 0.0459813 0.0475538 0.0488202 0.0490468 0.047833 0.0454231 0.0427248 0.040892 0.0409212 0.0431603 0.0469434 0.0509611 0.0536246 0.0533317 0.0498346 0.0445772 0.0379315 0.0291405 0.0215647 0.0215647 0.0291405 0.0379315 0.0445772 0.0498346 0.0533317 0.0536246 0.0509611 0.0469434 0.0431603 0.0409212 0.040892 0.0427248 0.0454231 0.047833 0.0490468 0.0488202 0.0475538 0.0459813 0.0449479 0.0450529 0.046308 0.0482345 0.0501677 0.0515262 0.0520584 0.0518952 0.0514468 0.0513042 0.0519688 0.0535128 0.055599 0.0577639 0.0596304 0.0610154 0.0619472 0.0626555 0.0635815 0.0651834 0.0675755 0.0704725 0.0734785 0.0763087 0.0788103 0.0809302 0.0827739 0.0847196 0.0872615 0.0905799 0.0944212 0.0984592 0.102577 0.106764 0.110951 0.115153 0.119817 0.125727 0.133346 0.14259 0.153499 0.166865 0.184018 0.206489 0.237131 0.283552 0.361957 0.493624 0.679862 0.864009 0.943477
0.944643 0.863992 0.676259 0.487709 0.356317 0.279514 0.23473 0.205218 0.18332 0.166448 0.153351 0.142721 0.133639 0.126064 0.120229 0.115739 0.111726 0.107647 0.103515 0.0994833 0.0955564 0.091763 0.0884006 0.0858003 0.0838459 0.0820189 0.0799005 0.0774105 0.0746648 0.0718167 0.0690645 0.0667405 0.0651673 0.0642853 0.0636174 0.0626708 0.0612168 0.0592935 0.0571422 0.0551159 0.0536169 0.0529835 0.0531826 0.0537047 0.053911 0.0533655 0.0519627 0.0500084 0.0480938 0.0468369 0.0467032 0.0477187 0.0492972 0.0505815 0.0508392 0.0496787 0.0473637 0.0447955 0.0430542 0.0430939 0.0453106 0.0490572 0.0530003 0.0555683 0.055153 0.0515094 0.0462303 0.0397404 0.0310159 0.0233253 0.0233253 0.0310159 0.0397404 0.0462303 0.0515094 0.055153 0.0555683 0.0530003 0.0490572 0.0453106 0.0430939 0.0430542 0.0447955 0.0473637 0.0496787 0.0508392 0.0505815 0.0492972 0.0477187 0.0467032 0.0468369 0.0480938 0.0500084 0.0519627 0.0533655 0.053911 0.0537047 0.0531826 0.0529835 0.0536169 0.0551159 0.0571422 0.0592935 0.0612168 0.0626708 0.0636174 0.0642853 0.0651673 0.0667405 0.0690645 0.0718167 0.0746648 0.0774105 0.0799005 0.0820189 0.0838459 0.0858003 0.0884006 0.091763 0.0955564 0.0994833 0.103515 0.107647 0.111726 0.115739 0.120229 0.126064 0.133639 0.142721 0.153351 0.166448 0.18332 0.205218 0.23473 0.279514 0.356317 0.487709 0.676259 0.863992 0.944643
0.946062 0.864303 0.672996 0.482153 0.351107 0.275991 0.232908 0.204498 0.183074 0.166444 0.153706 0.143513 0.134718 0.127251 0.121523 0.117228 0.113378 0.109314 0.105102 0.101032 0.0971437 0.0933814 0.0900013 0.0874098 0.0855466 0.0838325 0.0817573 0.0792283 0.0764252 0.0735505 0.0707756 0.0683987 0.06678 0.0659085 0.0652948 0.0644148 0.0630358 0.0612106 0.059181 0.0572525 0.0557763 0.0551187 0.0553091 0.0558436 0.0560636 0.0555374 0.0541769 0.052305 0.0504904 0.0492839 0.0491419 0.0501497 0.0517387 0.0530312 0.0532897 0.0521168 0.0497977 0.0472666 0.0455489 0.0455389 0.0476716 0.0513149 0.0551333 0.0576441 0.0572464 0.0536094 0.048433 0.0422162 0.0336318 0.0258326 0.0258326 0.0336318 0.0422162 0.048433 0.0536094 0.0572464 0.0576441 0.0551333 0.0513149 0.0476716 0.0455389 0.0455489 0.0472666 0.0497977 0.0521168 0.0532897 0.0530312 0.0517387 0.0501497 0.0491419 0.0492839 0.0504904 0.052305 0.0541769 0.0555374 0.0560636 0.0558436 0.0553091 0.0551187 0.0557763 0.0572525 0.059181 0.0612106 0.0630358 0.0644148 0.0652948 0.0659085 0.06678 0.0683987 0.0707756 0.0735505 0.0764252 0.0792283 0.0817573 0.0838325 0.0855466 0.0874098 0.0900013 0.0933814 0.0971437 0.101032 0.105102 0.109314 0.113378 0.117228 0.121523 0.127251 0.134718 0.143513 0.153706 0.166444 0.183074 0.204498 0.232908 0.275991 0.351107 0.482153 0.672996 0.864303 0.946062
0.947816 0.864966 0.669976 0.476816 0.346243 0.272987 0.231759 0.204568 0.183648 0.167209 0.154749 0.144905 0.136291 0.128819 0.12313 0.119028 0.11539 0.111409 0.107191 0.103168 0.0994033 0.0957089 0.092279 0.0896216 0.0877645 0.0860903 0.0840217 0.0814811 0.0787321 0.0760021 0.0733616 0.0710221 0.0693978 0.068555 0.0679832 0.0671026 0.0656789 0.0638284 0.0618521 0.0600091 0.0585574 0.0578837 0.0580981 0.0586927 0.0589552 0.0584279 0.0570421 0.055185 0.0534347 0.0522521 0.0520657 0.0530328 0.0546056 0.0558916 0.0561724 0.0550512 0.0528294 0.0504584 0.0488526 0.0488139 0.0508642 0.0544121 0.0580821 0.0604765 0.0600247 0.0563151 0.0512006 0.0452954 0.0368952 0.0289791 0.0289791 0.0368952 0.0452954 0.0512006 0.0563151 0.0600247 0.0604765 0.0580821 0.0544121 0.0508642 0.0488139 0.0488526 0.0504584 0.0528294 0.0550512 0.0561724 0.0558916 0.0546056 0.0530328 0.0520657 0.0522521 0.0534347 0.055185 0.0570421 0.0584279 0.0589552 0.0586927 0.0580981 0.0578837 0.0585574 0.0600091 0.0618521 0.0638284 0.0656789 0.0671026 0.0679832 0.068555 0.0693978 0.0710221 0.0733616 0.0760021 0.0787321 0.0814811 0.0840217 0.0860903 0.0877645 0.0896216 0.092279 0.0957089 0.0994033 0.103168 0.107191 0.111409 0.11539 0.119028 0.12313 0.128819 0.136291 0.144905 0.154749 0.167209 0.183648 0.204568 0.231759 0.272987 0.346243 0.476816 0.669976 0.864966 0.947816
0.949896 0.865954 0.667177 0.471727 0.341847 0.270648 0.231347 0.205306 0.184774 0.168516 0.156455 0.14712 0.138799 0.131359 0.125675 0.121661 0.118081 0.114064 0.109835 0.105965 0.102454 0.0989141 0.0954844 0.0928344 0.0910845 0.0895079 0.0874033 0.0847093 0.0818128 0.0790251 0.0763543 0.073939 0.072269 0.0714964 0.0710603 0.0702894 0.0689048 0.0670381 0.0650578 0.063229 0.0617395 0.0609854 0.061139 0.0616916 0.0619548 0.0615331 0.0603483 0.0587466 0.0572394 0.056163 0.0559422 0.0568659 0.058408 0.0596394 0.059879 0.0587244 0.0564826 0.0541778 0.0526303 0.0525009 0.0543957 0.0577648 0.0611973 0.0635001 0.0631878 0.0596218 0.054736 0.049313 0.0412087 0.0331763 0.0331763 0.0412087 0.049313 0.054736 0.0596218 0.0631878 0.0635001 0.0611973 0.0577648 0.0543957 0.0525009 0.0526303 0.0541778 0.0564826 0.0587244 0.059879 0.0596394 0.058408 0.0568659 0.0559422 0.056163 0.0572394 0.0587466 0.0603483 0.0615331 0.0619548 0.0616916 0.061139 0.0609854 0.0617395 0.063229 0.0650578 0.0670381 0.0689048 0.0702894 0.0710603 0.0714964 0.072269 0.073939 0.0763543 0.0790251 0.0818128 0.0847093 0.0874033 0.0895079 0.0910845 0.0928344 0.0954844 0.0989141 0.102454 0.105965 0.109835 0.114064 0.118081 0.121661 0.125675 0.131359 0.138799 0.14712 0.156455 0.168516 0.184774 0.205306 0.231347 0.270648 0.341847 0.471727 0.667177 0.865954 0.949896
0.952377 0.867371 0.664716 0.467093 0.338231 0.269373 0.232158 0.207303 0.187084 0.170886 0.159123 0.150201 0.142041 0.134516 0.128811 0.124946 0.121509 0.117507 0.113271 0.109539 0.106276 0.102858 0.0993552 0.0966172 0.094871 0.0933099 0.091164 0.0884147 0.085559 0.0829367 0.080397 0.0779601 0.0762416 0.0755165 0.0751592 0.074411 0.0729759 0.0710406 0.06908 0.0673296 0.0658333 0.0650138 0.0651567 0.065726 0.0660049 0.0656254 0.0644941 0.062995 0.0616525 0.0606419 0.0603431 0.0611924 0.0626686 0.0638139 0.0640559 0.0629834 0.0608633 0.0587883 0.0574139 0.0571943 0.0589156 0.0621194 0.0652703 0.0674015 0.0671831 0.0637009 0.0590123 0.0541787 0.0464902 0.0383436 0.0383436 0.0464902 0.0541787 0.0590123 0.0637009 0.0671831 0.0674015 0.0652703 0.0621194 0.0589156 0.0571943 0.0574139 0.0587883 0.0608633 0.0629834 0.0640559 0.0638139 0.0626686 0.0611924 0.0603431 0.0606419 0.0616525 0.062995 0.0644941 0.0656254 0.0660049 0.065726 0.0651567 0.0650138 0.0658333 0.0673296 0.06908 0.0710406 0.0729759 0.074411 0.0751592 0.0755165 0.0762416 0.0779601 0.080397 0.0829367 0.085559 0.0884147 0.091164 0.0933099 0.094871 0.0966172 0.0993552 0.102858 0.106276 0.109539 0.113271 0.117507 0.121509 0.124946 0.128811 0.134516 0.142041 0.150201 0.159123 0.170886 0.187084 0.207303 0.232158 0.269373 0.338231 0.467093 0.664716 0.867371 0.952377
0.955288 0.869308 0.662957 0.463558 0.336132 0.269798 0.234619 0.210721 0.190535 0.174291 0.162966 0.154672 0.146767 0.139162 0.133493 0.129894 0.126674 0.122605 0.118118 0.11425 0.11102 0.107554 0.10387 0.101065 0.0994608 0.0980901 0.096008 0.0931522 0.0901814 0.0875936 0.0851056 0.0825858 0.0807718 0.0800348 0.0796847 0.0789531 0.0775573 0.0757162 0.0739981 0.0725282 0.0711124 0.0702406 0.0703612 0.0708779 0.0710694 0.0706471 0.0695035 0.0681001 0.066972 0.0660167 0.0655695 0.066334 0.0677793 0.0688587 0.0691171 0.0680829 0.0659946 0.0641547 0.0630154 0.0626874 0.0642127 0.067245 0.070003 0.0718729 0.0718468 0.0685975 0.0642612 0.0602908 0.0532287 0.0449628 0.0449628 0.0532287 0.0602908 0.0642612 0.0685975 0.0718468 0.0718729 0.070003 0.067245 0.0642127 0.0626874 0.0630154 0.0641547 0.0659946 0.0680829 0.0691171 0.0688587 0.0677793 0.066334 0.0655695 0.0660167 0.066972 0.0681001 0.0695035 0.0706471 0.0710694 0.0708779 0.0703612 0.0702406 0.0711124 0.0725282 0.0739981 0.0757162 0.0775573 0.0789531 0.0796847 0.0800348 0.0807718 0.0825858 0.0851056 0.0875936 0.0901814 0.0931522 0.096008 0.0980901 0.0994608 0.101065 0.10387 0.107554 0.11102 0.11425 0.118118 0.122605 0.126674 0.129894 0.133493 0.139162 0.146767 0.154672 0.162966 0.174291 0.190535 0.210721 0.234619 0.269798 0.336132 0.463558 0.662957 0.869308 0.955288
0.958661 0.871581 0.66138 0.46059 0.335349 0.272023 0.238977 0.215968 0.195743 0.179383 0.168301 0.160215 0.152074 0.144116 0.138478 0.135253 0.132372 0.128312 0.123611 0.119715 0.116719 0.113401 0.109645 0.106693 0.1049 0.103336 0.101156 0.0983309 0.0956289 0.09355 0.0914518 0.0890039 0.0871614 0.0863717 0.0858697 0.0849802 0.083466 0.0815874 0.0800458 0.0787524 0.0772057 0.0761484 0.0763211 0.0769744 0.0772736 0.0768587 0.0755011 0.0739433 0.0729498 0.0720591 0.0714807 0.0721665 0.073458 0.0743047 0.0746256 0.0738515 0.0720524 0.0707422 0.0699931 0.0694478 0.070689 0.0735907 0.0759041 0.0774416 0.0776206 0.0744779 0.0703313 0.0673565 0.061091 0.052635 0.052635 0.061091 0.0673565 0.0703313 0.0744779 0.0776206 0.0774416 0.0759041 0.0735907 0.070689 0.0694478 0.0699931 0.0707422 0.0720524 0.0738515 0.0746256 0.0743047 0.073458 0.0721665 0.0714807 0.0720591 0.0729498 0.0739433 0.0755011 0.0768587 0.0772736 0.0769744 0.0763211 0.0761484 0.0772057 0.0787524 0.0800458 0.0815874 0.083466 0.0849802 0.0858697 0.0863717 0.0871614 0.0890039 0.0914518 0.09355 0.0956289 0.0983309 0.101156 0.103336 0.1049 0.106693 0.109645 0.113401 0.116719 0.119715 0.123611 0.128312 0.132372 0.135253 0.138478 0.144116 0.152074 0.160215 0.168301 0.179383 0.195743 0.215968 0.238977 0.272023 0.335349 0.46059 0.66138 0.871581 0.958661
0.962527 0.874218 0.660552 0.459589 0.33764 0.277382 0.245832 0.222958 0.202307 0.185986 0.175501 0.167865 0.159591 0.151387 0.145874 0.14295 0.140197 0.135956 0.130938 0.126909 0.123916 0.120409 0.116391 0.113458 0.111857 0.110433 0.108265 0.105255 0.10237 0.100355 0.0983395 0.0958107 0.0939296 0.0930899 0.0923877 0.091406 0.0899906 0.0882901 0.0871149 0.0861823 0.0846274 0.0834534 0.0836176 0.0840958 0.0841911 0.0838026 0.0824763 0.0810307 0.0803573 0.0794862 0.078618 0.0792434 0.0804695 0.0810814 0.0814791 0.0808666 0.0790426 0.0780873 0.0777604 0.0769593 0.0779086 0.0806663 0.0822333 0.0832787 0.0840402 0.0813802 0.077624 0.0760576 0.0708477 0.0620091 0.0620091 0.0708477 0.0760576 0.077624 0.0813802 0.0840402 0.0832787 0.0822333 0.0806663 0.0779086 0.0769593 0.0777604 0.0780873 0.0790426 0.0808666 0.0814791 0.0810814 0.0804695 0.0792434 0.078618 0.0794862 0.0803573 0.0810307 0.0824763 0.0838026 0.0841911 0.0840958 0.0836176 0.0834534 0.0846274 0.0861823 0.0871149 0.0882901 0.0899906 0.091406 0.0923877 0.0930899 0.0939296 0.0958107 0.0983395 0.100355 0.10237 0.105255 0.108265 0.110433 0.111857 0.113458 0.116391 0.120409 0.123916 0.126909 0.130938 0.135956 0.140197 0.14295 0.145874 0.151387 0.159591 0.167865 0.175501 0.185986 0.202307 0.222958 0.245832 0.277382 0.33764 0.459589 0.660552 0.874218 0.962527
0.967118 0.877247 0.660617 0.461143 0.343831 0.286521 0.255697 0.232465 0.211407 0.195277 0.185165 0.177481 0.168784 0.160466 0.155209 0.152395 0.14952 0.144999 0.139748 0.135822 0.133093 0.129635 0.125594 0.122709 0.1209 0.119111 0.116751 0.113673 0.110936 0.109317 0.107489 0.104867 0.103002 0.1021 0.101088 0.0999733 0.0985843 0.0968786 0.0959117 0.0951478 0.0933355 0.0919772 0.0922276 0.092591 0.0925981 0.0923524 0.090942 0.0894735 0.0891853 0.0884119 0.087336 0.0880022 0.0889864 0.0890482 0.0895252 0.0892351 0.0874951 0.0871273 0.0873201 0.0860168 0.0865901 0.089297 0.0899451 0.090431 0.0919899 0.0896509 0.0860008 0.0861423 0.0821443 0.0724655 0.0724655 0.0821443 0.0861423 0.0860008 0.0896509 0.0919899 0.090431 0.0899451 0.089297 0.0865901 0.0860168 0.0873201 0.0871273 0.0874951 0.0892351 0.0895252 0.0890482 0.0889864 0.0880022 0.087336 0.0884119 0.0891853 0.0894735 0.090942 0.0923524 0.0925981 0.092591 0.0922276 0.0919772 0.0933355 0.0951478 0.0959117 0.0968786 0.0985843 0.0999733 0.101088 0.1021 0.103002 0.104867 0.107489 0.109317 0.110936 0.113673 0.116751 0.119111 0.1209 0.122709 0.125594 0.129635 0.133093 0.135822 0.139748 0.144999 0.14952 0.152395 0.155209 0.160466 0.168784 0.177481 0.185165 0.195277 0.211407 0.232465 0.255697 0.286521 0.343831 0.461143 0.660617 0.877247 0.967118
0.972733 0.88091 0.662564 0.467376 0.356091 0.300561 0.26884 0.244412 0.22304 0.207373 0.197596 0.190152 0.18182 0.17405 0.168664 0.164538 0.160339 0.155564 0.151113 0.148246 0.146052 0.142435 0.138168 0.135333 0.133244 0.130913 0.128382 0.125427 0.122838 0.121208 0.118885 0.115586 0.113696 0.113223 0.112488 0.1116 0.110084 0.107652 0.106186 0.105506 0.103871 0.102768 0.10307 0.102684 0.102027 0.102076 0.101194 0.100268 0.100728 0.100112 0.0987167 0.099422 0.100081 0.0993421 0.0998439 0.0998816 0.0979773 0.098005 0.0986509 0.0966817 0.0969158 0.0996757 0.099093 0.0989108 0.101649 0.0996252 0.0959983 0.0984131 0.0956597 0.084225 0.084225 0.0956597 0.0984131 0.0959983 0.0996252 0.101649 0.0989108 0.099093 0.0996757 0.0969158 0.0966817 0.0986509 0.098005 0.0979773 0.0998816 0.0998439 0.0993421 0.100081 0.099422 0.0987167 0.100112 0.100728 0.100268 0.101194 0.102076 0.102027 0.102684 0.10307 0.102768 0.103871 0.105506 0.106186 0.107652 0.110084 0.1116 0.112488 0.113223 0.113696 0.115586 0.118885 0.121208 0.122838 0.125427 0.128382 0.130913 0.133244 0.135333 0.138168 0.142435 0.146052 0.148246 0.151113 0.155564 0.160339 0.164538 0.168664 0.17405 0.18182 0.190152 0.197596 0.207373 0.22304 0.244412 0.26884 0.300561 0.356091 0.467376 0.662564 0.88091 0.972733
0.979732 0.886577 0.6688 0.480375 0.374917 0.319239 0.285956 0.260864 0.240243 0.225635 0.215398 0.206516 0.1971 0.189623 0.184997 0.18144 0.177853 0.172846 0.167301 0.163238 0.160231 0.156537 0.152809 0.150226 0.147487 0.144629 0.142021 0.138782 0.136099 0.134834 0.133088 0.130522 0.128892 0.127232 0.124731 0.123284 0.122323 0.120941 0.120616 0.12008 0.117691 0.116242 0.116577 0.116046 0.115567 0.115753 0.11413 0.112607 0.113127 0.112363 0.110976 0.111982 0.112096 0.110619 0.111485 0.111855 0.109921 0.110804 0.112014 0.109463 0.109679 0.11227 0.110046 0.10936 0.113235 0.110888 0.107193 0.112262 0.109885 0.0949697 0.0949697 0.109885 0.112262 0.107193 0.110888 0.113235 0.10936 0.110046 0.11227 0.109679 0.109463 0.112014 0.110804 0.109921 0.111855 0.111485 0.110619 0.112096 0.111982 0.110976 0.112363 0.113127 0.112607 0.11413 0.115753 0.115567 0.116046 0.116577 0.116242 0.117691 0.12008 0.120616 0.120941 0.122323 0.123284 0.124731 0.127232 0.128892 0.130522 0.133088 0.134834 0.136099 0.138782 0.142021 0.144629 0.147487 0.150226 0.152809 0.156537 0.160231 0.163238 0.167301 0.172846 0.177853 0.18144 0.184997 0.189623 0.1971 0.206516 0.215398 0.225635 0.240243 0.260864 0.285956 0.319239 0.374917 0.480375 0.6688 0.886577 0.979732
0.984886 0.891224 0.675713 0.496123 0.395213 0.336938 0.301895 0.276693 0.257911 0.244725 0.233811 0.224532 0.215525 0.209106 0.204588 0.200427 0.197102 0.192807 0.188097 0.184003 0.180364 0.176649 0.173479 0.1715 0.168984 0.166556 0.1643 0.160699 0.157362 0.155546 0.154081 0.152508 0.151351 0.149061 0.145695 0.144072 0.142986 0.141032 0.139703 0.137787 0.134161 0.131396 0.129651 0.126826 0.125264 0.125692 0.124825 0.124636 0.127233 0.129515 0.132441 0.137883 0.141391 0.143087 0.147725 0.151546 0.152366 0.155875 0.159395 0.159274 0.16245 0.166581 0.163716 0.162203 0.164738 0.158862 0.151758 0.15471 0.147378 0.125728 0.125728 0.147378 0.15471 0.151758 0.158862 0.164738 0.162203 0.163716 0.166581 0.16245 0.159274 0.159395 0.155875 0.152366 0.151546 0.147725 0.143087 0.141391 0.137883 0.132441 0.129515 0.127233 0.124636 0.124825 0.125692 0.125264 0.126826 0.129651 0.131396 0.134161 0.137787 0.139703 0.141032 0.142986 0.144072 0.145695 0.149061 0.151351 0.152508 0.154081 0.155546 0.157362 0.160699 0.1643 0.166556 0.168984 0.1715 0.173479 0.176649 0.180364 0.184003 0.188097 0.192807 0.197102 0.200427 0.204588 0.209106 0.215525 0.224532 0.233811 0.244725 0.257911 0.276693 0.301895 0.336938 0.395213 0.496123 0.675713 0.891224 0.984886
0.979689 0.88496 0.667917 0.494995 0.397263 0.338917 0.306188 0.281221 0.263384 0.250002 0.237871 0.230247 0.224184 0.222318 0.222828 0.223514 0.224622 0.223439 0.220952 0.216934 0.213192 0.210418 0.207019 0.204212 0.201529 0.199649 0.198082 0.195734 0.193777 0.192276 0.19151 0.190551 0.188614 0.185681 0.182498 0.181006 0.180229 0.179442 0.178888 0.177317 0.174999 0.173321 0.172156 0.170494 0.169406 0.168746 0.166853 0.165977 0.167112 0.168064 0.169742 0.172573 0.173614 0.173728 0.175968 0.177354 0.176962 0.178591 0.179367 0.177361 0.17815 0.179551 0.176962 0.177176 0.180511 0.177629 0.176099 0.182946 0.177924 0.158531 0.158531 0.177924 0.182946 0.176099 0.177629 0.180511 0.177176 0.176962 0.179551 0.17815 0.177361 0.179367 0.178591 0.176962 0.177354 0.175968 0.173728 0.173614 0.172573 0.169742 0.168064 0.167112 0.165977 0.166853 0.168746 0.169406 0.170494 0.172156 0.173321 0.174999 0.177317 0.178888 0.179442 0.180229 0.181006 0.182498 0.185681 0.188614 0.190551 0.19151 0.192276 0.193777 0.195734 0.198082 0.199649 0.201529 0.204212 0.207019 0.210418 0.213192 0.216934 0.220952 0.223439 0.224622 0.223514 0.222828 0.222318 0.224184 0.230247 0.237871 0.250002 0.263384 0.281221 0.306188 0.338917 0.397263 0.494995 0.667917 0.88496 0.979689
0.97132 0.870462 0.637405 0.457294 0.351524 0.290453 0.261245 0.237553 0.225132 0.218564 0.213477 0.21209 0.207082 0.204151 0.201478 0.198585 0.197074 0.193932 0.192355 0.190861 0.190364 0.189712 0.187043 0.186009 0.184722 0.183843 0.184687 0.18603 0.186692 0.185001 0.183152 0.181549 0.181027 0.181971 0.181362 0.179524 0.177578 0.176176 0.175245 0.173752 0.171965 0.169669 0.167375 0.165041 0.163122 0.162141 0.160362 0.15792 0.155963 0.154 0.152602 0.152749 0.155065 0.161298 0.17336 0.186392 0.194751 0.201764 0.21011 0.215908 0.219752 0.224922 0.229517 0.230906 0.230891 0.229803 0.226608 0.223016 0.218972 0.214037 0.214037 0.218972 0.223016 0.226608 0.229803 0.230891 0.230906 0.229517 0.224922 0.219752 0.215908 0.21011 0.201764 0.194751 0.186392 0.17336 0.161298 0.155065 0.152749 0.152602 0.154 0.155963 0.15792 0.160362 0.162141 0.163122 0.165041 0.167375 0.169669 0.171965 0.173752 0.175245 0.176176 0.177578 0.179524 0.181362 0.181971 0.181027 0.181549 0.183152 0.185001 0.186692 0.18603 0.184687 0.183843 0.184722 0.186009 0.187043 0.189712 0.190364 0.190861 0.192355 0.193932 0.197074 0.198585 0.201478 0.204151 0.207082 0.21209 0.213477 0.218564 0.225132 0.237553 0.261245 0.290453 0.351524 0.457294 0.637405 0.870462 0.97132
0.986187 0.886643 0.670885 0.517618 0.422462 0.364758 0.333804 0.305483 0.29047 0.277673 0.266236 0.259125 0.250962 0.248592 0.244484 0.238688 0.234418 0.230183 0.227826 0.222848 0.218058 0.213563 0.208084 0.204197 0.199193 0.194374 0.190136 0.185472 0.180872 0.17654 0.174727 0.172971 0.169762 0.166463 0.164019 0.163598 0.164046 0.163796 0.162862 0.162235 0.163143 0.164701 0.16572 0.165663 0.165711 0.16499 0.162628 0.157661 0.147207 0.130749 0.112283 0.0965628 0.086382 0.0807234 0.0799793 0.081886 0.0826393 0.0822494 0.0834958 0.0863866 0.0908778 0.0959113 0.100238 0.102303 0.101759 0.0977189 0.0921072 0.0872481 0.0797638 0.0703995 0.0703995 0.0797638 0.0872481 0.0921072 0.0977189 0.101759 0.102303 0.100238 0.0959113 0.0908778 0.0863866 0.0834958 0.0822494 0.0826393 0.081886 0.0799793 0.0807234 0.086382 0.0965628 0.112283 0.130749 0.147207 0.157661 0.162628 0.16499 0.165711 0.165663 0.16572 0.164701 0.163143 0.162235 0.162862 0.163796 0.164046 0.163598 0.164019 0.166463 0.169762 0.172971 0.174727 0.17654 0.180872 0.185472 0.190136 0.194374 0.199193 0.204197 0.208084 0.213563 0.218058 0.222848 0.227826 0.230183 0.234418 0.238688 0.244484 0.248592 0.250962 0.259125 0.266236 0.277673 0.29047 0.305483 0.333804 0.364758 0.422462 0.517618 0.670885 0.886643 0.986187
0.980325 0.885641 0.692363 0.5433 0.449894 0.398069 0.368015 0.344348 0.329845 0.317958 0.309841 0.305071 0.301778 0.301437 0.299522 0.29482 0.288869 0.283047 0.271851 0.250107 0.221462 0.190781 0.168258 0.159131 0.156757 0.155036 0.152468 0.150456 0.148865 0.146319 0.143549 0.141868 0.141435 0.140508 0.13886 0.137179 0.136072 0.13436 0.132548 0.131814 0.1318 0.131732 0.130307 0.127286 0.12594 0.125297 0.124105 0.121527 0.119069 0.115452 0.110775 0.108532 0.110036 0.111819 0.115369 0.119217 0.122315 0.12343 0.124379 0.123825 0.124329 0.12465 0.124852 0.12481 0.125621 0.124334 0.12433 0.126636 0.122388 0.112183 0.112183 0.122388 0.126636 0.12433 0.124334 0.125621 0.12481 0.124852 0.12465 0.124329 0.123825 0.124379 0.12343 0.122315 0.119217 0.115369 0.111819 0.110036 0.108532 0.110775 0.115452 0.119069 0.121527 0.124105 0.125297 0.12594 0.127286 0.130307 0.131732 0.1318 0.131814 0.132548 0.13436 0.136072 0.137179 0.13886 0.140508 0.141435 0.141868 0.143549 0.146319 0.148865 0.150456 0.152468 0.155036 0.156757 0.159131 0.168258 0.190781 0.221462 0.250107 0.271851 0.283047 0.288869 0.29482 0.299522 0.301437 0.301778 0.305071 0.309841 0.317958 0.329845 0.344348 0.368015 0.398069 0.449894 0.5433 0.692363 0.885641 0.980325
0.95971 0.866713 0.677203 0.522096 0.432215 0.381099 0.344445 0.31728 0.29797 0.28269 0.26861 0.255683 0.247134 0.243265 0.240575 0.23204 0.220992 0.215558 0.213076 0.210074 0.202446 0.193599 0.190756 0.191033 0.190248 0.18624 0.182362 0.182628 0.183705 0.183713 0.182052 0.182388 0.184861 0.183714 0.1788 0.173177 0.167931 0.15992 0.148534 0.138498 0.131781 0.127215 0.122933 0.118013 0.114337 0.111683 0.109517 0.106079 0.105285 0.105361 0.104904 0.103446 0.10187 0.0995672 0.0985754 0.0957234 0.0950187 0.093862 0.0944113 0.0925509 0.0943046 0.0954416 0.0962244 0.0958758 0.0995617 0.0972699 0.0970351 0.100455 0.0967797 0.0861202 0.0861202 0.0967797 0.100455 0.0970351 0.0972699 0.0995617 0.0958758 0.0962244 0.0954416 0.0943046 0.0925509 0.0944113 0.093862 0.0950187 0.0957234 0.0985754 0.0995672 0.10187 0.103446 0.104904 0.105361 0.105285 0.106079 0.109517 0.111683 0.114337 0.118013 0.122933 0.127215 0.131781 0.138498 0.148534 0.15992 0.167931 0.173177 0.1788 0.183714 0.184861 0.182388 0.182052 0.183713 0.183705 0.182628 0.182362 0.18624 0.190248 0.191033 0.190756 0.193599 0.202446 0.210074 0.213076 0.215558 0.220992 0.23204 0.240575 0.243265 0.247134 0.255683 0.26861 0.28269 0.29797 0.31728 0.344445 0.381099 0.432215 0.522096 0.677203 0.866713 0.95971
0.956972 0.844536 0.619898 0.437113 0.333925 0.276842 0.238403 0.212839 0.195114 0.183406 0.174629 0.167733 0.167458 0.16975 0.171751 0.172565 0.173127 0.179921 0.187938 0.19138 0.193559 0.197141 0.203093 0.20867 0.211377 0.212841 0.213516 0.207826 0.191115 0.168586 0.150418 0.141594 0.141037 0.143648 0.146281 0.149249 0.153275 0.156589 0.160287 0.165705 0.170379 0.173746 0.175849 0.178695 0.181477 0.182861 0.181966 0.180016 0.178707 0.175218 0.169451 0.163731 0.157832 0.151069 0.144825 0.136914 0.131199 0.124638 0.120771 0.114058 0.112497 0.109713 0.108739 0.104039 0.106464 0.100795 0.102834 0.102706 0.0979607 0.0835653 0.0835653 0.0979607 0.102706 0.102834 0.100795 0.106464 0.104039 0.108739 0.109713 0.112497 0.114058 0.120771 0.124638 0.131199 0.136914 0.144825 0.151069 0.157832 0.163731 0.169451 0.175218 0.178707 0.180016 0.181966 0.182861 0.181477 0.178695 0.175849 0.173746 0.170379 0.165705 0.160287 0.156589 0.153275 0.149249 0.146281 0.143648 0.141037 0.141594 0.150418 0.168586 0.191115 0.207826 0.213516 0.212841 0.211377 0.20867 0.203093 0.197141 0.193559 0.19138 0.187938 0.179921 0.173127 0.172565 0.171751 0.16975 0.167458 0.167733 0.174629 0.183406 0.195114 0.212839 0.238403 0.276842 0.333925 0.437113 0.619898 0.844536 0.956972
0.970846 0.862393 0.632246 0.465098 0.364994 0.304725 0.272117 0.245764 0.226283 0.210767 0.196779 0.185636 0.175099 0.164502 0.154794 0.147226 0.140007 0.132052 0.125776 0.121043 0.116609 0.113185 0.111255 0.110073 0.108677 0.108254 0.108915 0.110483 0.115264 0.122053 0.12665 0.132054 0.138054 0.14697 0.158857 0.167111 0.174293 0.180458 0.186979 0.191837 0.193833 0.196433 0.196566 0.19326 0.188554 0.177536 0.165783 0.152273 0.145645 0.14297 0.142361 0.149387 0.156994 0.161528 0.171669 0.183832 0.192145 0.198119 0.205433 0.211945 0.217739 0.221097 0.222104 0.225358 0.228561 0.218693 0.216667 0.218027 0.208946 0.169919 0.169919 0.208946 0.218027 0.216667 0.218693 0.228561 0.225358 0.222104 0.221097 0.217739 0.211945 0.205433 0.198119 0.192145 0.183832 0.171669 0.161528 0.156994 0.149387 0.142361 0.14297 0.145645 0.152273 0.165783 0.177536 0.188554 0.19326 0.196566 0.196433 0.193833 0.191837 0.186979 0.180458 0.174293 0.167111 0.158857 0.14697 0.138054 0.132054 0.12665 0.122053 0.115264 0.110483 0.108915 0.108254 0.108677 0.110073 0.111255 0.113185 0.116609 0.121043 0.125776 0.132052 0.140007 0.147226 0.154794 0.164502 0.175099 0.185636 0.196779 0.210767 0.226283 0.245764 0.272117 0.304725 0.364994 0.465098 0.632246 0.862393 0.970846
0.980218 0.888835 0.688911 0.524536 0.438064 0.403562 0.38433 0.367105 0.353047 0.344207 0.339886 0.334531 0.328854 0.323791 0.318615 0.311909 0.304663 0.296689 0.287173 0.279792 0.273695 0.267574 0.262368 0.259518 0.257025 0.252284 0.249546 0.247515 0.246229 0.243803 0.240312 0.239509 0.239755 0.235997 0.232951 0.229832 0.228884 0.224377 0.221387 0.217562 0.213219 0.211356 0.210159 0.210408 0.211236 0.213524 0.217129 0.225014 0.237131 0.247426 0.260874 0.274051 0.283308 0.289174 0.292385 0.29247 0.290323 0.2858 0.281177 0.272814 0.264102 0.255988 0.24751 0.238367 0.228974 0.219127 0.208975 0.199762 0.190348 0.180626 0.180626 0.190348 0.199762 0.208975 0.219127 0.228974 0.238367 0.24751 0.255988 0.264102 0.272814 0.281177 0.2858 0.290323 0.29247 0.292385 0.289174 0.283308 0.274051 0.260874 0.247426 0.237131 0.225014 0.217129 0.213524 0.211236 0.210408 0.210159 0.211356 0.213219 0.217562 0.221387 0.224377 0.228884 0.229832 0.232951 0.235997 0.239755 0.239509 0.240312 0.243803 0.246229 0.247515 0.249546 0.252284 0.257025 0.259518 0.262368 0.267574 0.273695 0.279792 0.287173 0.296689 0.304663 0.311909 0.318615 0.323791 0.328854 0.334531 0.339886 0.344207 0.353047 0.367105 0.38433 0.403562 0.438064 0.524536 0.688911 0.888835 0.980218
0.987372 0.878617 0.687701 0.532524 0.439599 0.394158 0.360689 0.335116 0.315052 0.298912 0.293039 0.283796 0.27298 0.263216 0.255614 0.248225 0.237716 0.228929 0.2225 0.217845 0.213533 0.208528 0.205142 0.203764 0.200651 0.198394 0.197981 0.1958 0.194209 0.194777 0.195255 0.19288 0.19096 0.190841 0.192624 0.188195 0.185927 0.184074 0.183201 0.181726 0.178952 0.178215 0.180581 0.180885 0.177867 0.175049 0.172858 0.171244 0.174992 0.182685 0.19388 0.210008 0.22534 0.237092 0.247358 0.255858 0.265215 0.270063 0.272794 0.274301 0.281337 0.289544 0.290211 0.29047 0.297778 0.291788 0.288071 0.291078 0.280021 0.244341 0.244341 0.280021 0.291078 0.288071 0.291788 0.297778 0.29047 0.290211 0.289544 0.281337 0.274301 0.272794 0.270063 0.265215 0.255858 0.247358 0.237092 0.22534 0.210008 0.19388 0.182685 0.174992 0.171244 0.172858 0.175049 0.177867 0.180885 0.180581 0.178215 0.178952 0.181726 0.183201 0.184074 0.185927 0.188195 0.192624 0.190841 0.19096 0.19288 0.195255 0.194777 0.194209 0.1958 0.197981 0.198394 0.200651 0.203764 0.205142 0.208528 0.213533 0.217845 0.2225 0.228929 0.237716 0.248225 0.255614 0.263216 0.27298 0.283796 0.293039 0.298912 0.315052 0.335116 0.360689 0.394158 0.439599 0.532524 0.687701 0.878617 0.987372
0.979645 0.867246 0.664236 0.499122 0.403868 0.343828 0.305967 0.28085 0.261545 0.244492 0.233304 0.218271 0.20847 0.200022 0.195214 0.190776 0.186304 0.187107 0.18561 0.183375 0.184889 0.18706 0.185692 0.182532 0.181307 0.180824 0.176585 0.170098 0.164958 0.160607 0.154093 0.147207 0.142771 0.138952 0.137214 0.144274 0.160806 0.178881 0.195747 0.214026 0.231747 0.245535 0.253129 0.25523 0.256307 0.256703 0.253748 0.249441 0.244398 0.237693 0.232494 0.228695 0.221781 0.214778 0.209585 0.197605 0.180351 0.175559 0.185829 0.195654 0.213537 0.224901 0.22403 0.224565 0.229654 0.216846 0.208246 0.199754 0.195639 0.142473 0.142473 0.195639 0.199754 0.208246 0.216846 0.229654 0.224565 0.22403 0.224901 0.213537 0.195654 0.185829 0.175559 0.180351 0.197605 0.209585 0.214778 0.221781 0.228695 0.232494 0.237693 0.244398 0.249441 0.253748 0.256703 0.256307 0.25523 0.253129 0.245535 0.231747 0.214026 0.195747 0.178881 0.160806 0.144274 0.137214 0.138952 0.142771 0.147207 0.154093 0.160607 0.164958 0.170098 0.176585 0.180824 0.181307 0.182532 0.185692 0.18706 0.184889 0.183375 0.18561 0.187107 0.186304 0.190776 0.195214 0.200022 0.20847 0.218271 0.233304 0.244492 0.261545 0.28085 0.305967 0.343828 0.403868 0.499122 0.664236 0.867246 0.979645
0.968075 0.847731 0.642439 0.47863 0.388323 0.333506 0.29982 0.272638 0.259512 0.248156 0.23985 0.229765 0.223648 0.220091 0.217118 0.211052 0.204663 0.198617 0.192252 0.193477 0.208573 0.223407 0.225879 0.218339 0.213804 0.213255 0.215069 0.21836 0.22317 0.228868 0.231974 0.234992 0.23868 0.237156 0.230894 0.223399 0.21551 0.20516 0.192119 0.178338 0.1676 0.161739 0.157738 0.157037 0.162976 0.172998 0.18483 0.197764 0.207759 0.211235 0.210941 0.209983 0.204867 0.197067 0.1914 0.184549 0.175584 0.168388 0.160127 0.151952 0.146391 0.143635 0.136226 0.130013 0.132735 0.122757 0.119424 0.120611 0.11282 0.091158 0.091158 0.11282 0.120611 0.119424 0.122757 0.132735 0.130013 0.136226 0.143635 0.146391 0.151952 0.160127 0.168388 0.175584 0.184549 0.1914 0.197067 0.204867 0.209983 0.210941 0.211235 0.207759 0.197764 0.18483 0.172998 0.162976 0.157037 0.157738 0.161739 0.1676 0.178338 0.192119 0.20516 0.21551 0.223399 0.230894 0.237156 0.23868 0.234992 0.231974 0.228868 0.22317 0.21836 0.215069 0.213255 0.213804 0.218339 0.225879 0.223407 0.208573 0.193477 0.192252 0.198617 0.204663 0.211052 0.217118 0.220091 0.223648 0.229765 0.23985 0.248156 0.259512 0.272638 0.29982 0.333506 0.388323 0.47863 0.642439 0.847731 0.968075
0.960347 0.854519 0.655204 0.494253 0.405102 0.353922 0.318896 0.292172 0.271666 0.257926 0.24634 0.234337 0.220595 0.215836 0.214314 0.206864 0.199613 0.201548 0.205038 0.199954 0.198714 0.201565 0.202875 0.199123 0.196914 0.193851 0.189613 0.183532 0.177595 0.170006 0.163472 0.160008 0.158211 0.158751 0.163098 0.170431 0.178866 0.182667 0.185595 0.18694 0.184595 0.181369 0.177497 0.17057 0.162468 0.153602 0.143563 0.133785 0.125423 0.117046 0.109905 0.10665 0.103802 0.101145 0.0988597 0.0985484 0.0984059 0.0995486 0.101539 0.102996 0.105702 0.108679 0.109771 0.111356 0.114022 0.114547 0.116903 0.124236 0.124117 0.11303 0.11303 0.124117 0.124236 0.116903 0.114547 0.114022 0.111356 0.109771 0.108679 0.105702 0.102996 0.101539 0.0995486 0.0984059 0.0985484 0.0988597 0.101145 0.103802 0.10665 0.109905 0.117046 0.125423 0.133785 0.143563 0.153602 0.162468 0.17057 0.177497 0.181369 0.184595 0.18694 0.185595 0.182667 0.178866 0.170431 0.163098 0.158751 0.158211 0.160008 0.163472 0.170006 0.177595 0.183532 0.189613 0.193851 0.196914 0.199123 0.202875 0.201565 0.198714 0.199954 0.205038 0.201548 0.199613 0.206864 0.214314 0.215836 0.220595 0.234337 0.24634 0.257926 0.271666 0.292172 0.318896 0.353922 0.405102 0.494253 0.655204 0.854519 0.960347
0.953786 0.833631 0.619769 0.460166 0.380988 0.326394 0.296259 0.273055 0.259257 0.258097 0.258192 0.254004 0.250432 0.250889 0.247804 0.239224 0.232848 0.226657 0.213883 0.20143 0.193505 0.184597 0.175336 0.176561 0.180831 0.181799 0.182828 0.189657 0.19211 0.188283 0.184774 0.179962 0.171869 0.161928 0.152593 0.140932 0.130769 0.121869 0.113925 0.105852 0.101402 0.0991157 0.096797 0.0933672 0.0907677 0.0888947 0.0866133 0.0849655 0.0855325 0.0880722 0.0920166 0.0974316 0.102453 0.106066 0.109674 0.113515 0.116524 0.118505 0.119596 0.119071 0.117828 0.11673 0.114883 0.113466 0.113279 0.111797 0.113647 0.117692 0.116107 0.107966 0.107966 0.116107 0.117692 0.113647 0.111797 0.113279 0.113466 0.114883 0.11673 0.117828 0.119071 0.119596 0.118505 0.116524 0.113515 0.109674 0.106066 0.102453 0.0974316 0.0920166 0.0880722 0.0855325 0.0849655 0.0866133 0.0888947 0.0907677 0.0933672 0.096797 0.0991157 0.101402 0.105852 0.113925 0.121869 0.130769 0.140932 0.152593 0.161928 0.171869 0.179962 0.184774 0.188283 0.19211 0.189657 0.182828 0.181799 0.180831 0.176561 0.175336 0.184597 0.193505 0.20143 0.213883 0.226657 0.232848 0.239224 0.247804 0.250889 0.250432 0.254004 0.258192 0.258097 0.259257 0.273055 0.296259 0.326394 0.380988 0.460166 0.619769 0.833631 0.953786
0.95336 0.837064 0.622004 0.465964 0.377728 0.3365 0.310834 0.289502 0.272191 0.256063 0.242716 0.223712 0.210765 0.201817 0.199578 0.202726 0.206785 0.211742 0.217485 0.220316 0.222865 0.228833 0.241938 0.247182 0.237176 0.222759 0.206849 0.19039 0.1751 0.165397 0.155983 0.146968 0.144288 0.143152 0.137666 0.132978 0.133217 0.131779 0.129625 0.130563 0.1318 0.132137 0.134715 0.138538 0.140984 0.142171 0.145083 0.146943 0.147043 0.146507 0.14529 0.143007 0.139467 0.135807 0.132853 0.128477 0.124836 0.122275 0.119554 0.118245 0.12025 0.123345 0.125275 0.126485 0.128559 0.125965 0.12435 0.124218 0.122604 0.109369 0.109369 0.122604 0.124218 0.12435 0.125965 0.128559 0.126485 0.125275 0.123345 0.12025 0.118245 0.119554 0.122275 0.124836 0.128477 0.132853 0.135807 0.139467 0.143007 0.14529 0.146507 0.147043 0.146943 0.145083 0.142171 0.140984 0.138538 0.134715 0.132137 0.1318 0.130563 0.129625 0.131779 0.133217 0.132978 0.137666 0.143152 0.144288 0.146968 0.155983 0.165397 0.1751 0.19039 0.206849 0.222759 0.237176 0.247182 0.241938 0.228833 0.222865 0.220316 0.217485 0.211742 0.206785 0.202726 0.199578 0.201817 0.210765 0.223712 0.242716 0.256063 0.272191 0.289502 0.310834 0.3365 0.377728 0.465964 0.622004 0.837064 0.95336
0.958994 0.848836 0.649099 0.511053 0.439829 0.391293 0.330239 0.291214 0.275461 0.26926 0.265054 0.263327 0.261039 0.254086 0.241113 0.220561 0.196664 0.177749 0.165346 0.160162 0.158488 0.156148 0.154464 0.155826 0.15949 0.161216 0.160029 0.159813 0.160855 0.160541 0.160278 0.16281 0.168975 0.17776 0.190509 0.20643 0.222283 0.235173 0.240912 0.24033 0.23558 0.229855 0.223194 0.214876 0.207997 0.201732 0.194493 0.187786 0.18368 0.179727 0.174872 0.173834 0.173546 0.170451 0.169348 0.169674 0.168224 0.165436 0.163391 0.161805 0.161097 0.159159 0.157021 0.153391 0.15349 0.147416 0.144974 0.145358 0.139454 0.121629 0.121629 0.139454 0.145358 0.144974 0.147416 0.15349 0.153391 0.157021 0.159159 0.161097 0.161805 0.163391 0.165436 0.168224 0.169674 0.169348 0.170451 0.173546 0.173834 0.174872 0.179727 0.18368 0.187786 0.194493 0.201732 0.207997 0.214876 0.223194 0.229855 0.23558 0.24033 0.240912 0.235173 0.222283 0.20643 0.190509 0.17776 0.168975 0.16281 0.160278 0.160541 0.160855 0.159813 0.160029 0.161216 0.15949 0.155826 0.154464 0.156148 0.158488 0.160162 0.165346 0.177749 0.196664 0.220561 0.241113 0.254086 0.261039 0.263327 0.265054 0.26926 0.275461 0.291214 0.330239 0.391293 0.439829 0.511053 0.649099 0.848836 0.958994
0.967137 0.859059 0.686302 0.540926 0.443076 0.385187 0.349057 0.330808 0.314795 0.306051 0.30933 0.305839 0.294958 0.275655 0.249057 0.222195 0.199416 0.185883 0.181673 0.179389 0.176318 0.172791 0.170545 0.168866 0.166823 0.164585 0.163147 0.161415 0.160561 0.159352 0.157124 0.155068 0.155225 0.156877 0.155301 0.153378 0.152481 0.15067 0.147577 0.143133 0.140254 0.137217 0.135333 0.135282 0.139395 0.14555 0.154963 0.167203 0.180482 0.192674 0.200714 0.20492 0.204856 0.202404 0.197995 0.19338 0.188718 0.184055 0.179843 0.17592 0.174968 0.171714 0.172579 0.170463 0.171504 0.170188 0.16516 0.158814 0.146075 0.128465 0.128465 0.146075 0.158814 0.16516 0.170188 0.171504 0.170463 0.172579 0.171714 0.174968 0.17592 0.179843 0.184055 0.188718 0.19338 0.197995 0.202404 0.204856 0.20492 0.200714 0.192674 0.180482 0.167203 0.154963 0.14555 0.139395 0.135282 0.135333 0.137217 0.140254 0.143133 0.147577 0.15067 0.152481 0.153378 0.155301 0.156877 0.155225 0.155068 0.157124 0.159352 0.160561 0.161415 0.163147 0.164585 0.166823 0.168866 0.170545 0.172791 0.176318 0.179389 0.181673 0.185883 0.199416 0.222195 0.249057 0.275655 0.294958 0.305839 0.30933 0.306051 0.314795 0.330808 0.349057 0.385187 0.443076 0.540926 0.686302 0.859059 0.967137
0.972086 0.851611 0.662009 0.496777 0.41693 0.37906 0.359748 0.355977 0.327402 0.286398 0.26456 0.244676 0.232313 0.228207 0.229527 0.235098 0.239644 0.248328 0.25421 0.253048 0.243218 0.223505 0.199201 0.17695 0.159071 0.149267 0.143335 0.13843 0.133854 0.129858 0.126289 0.122806 0.121321 0.120175 0.116664 0.114164 0.113867 0.113014 0.111596 0.111005 0.111701 0.113921 0.116103 0.117587 0.120607 0.123319 0.124481 0.125269 0.126176 0.127263 0.129158 0.130247 0.131969 0.132922 0.130977 0.131392 0.133565 0.137034 0.149786 0.163542 0.188316 0.207379 0.228503 0.235994 0.241334 0.237615 0.231588 0.222813 0.210545 0.185473 0.185473 0.210545 0.222813 0.231588 0.237615 0.241334 0.235994 0.228503 0.207379 0.188316 0.163542 0.149786 0.137034 0.133565 0.131392 0.130977 0.132922 0.131969 0.130247 0.129158 0.127263 0.126176 0.125269 0.124481 0.123319 0.120607 0.117587 0.116103 0.113921 0.111701 0.111005 0.111596 0.113014 0.113867 0.114164 0.116664 0.120175 0.121321 0.122806 0.126289 0.129858 0.133854 0.13843 0.143335 0.149267 0.159071 0.17695 0.199201 0.223505 0.243218 0.253048 0.25421 0.248328 0.239644 0.235098 0.229527 0.228207 0.232313 0.244676 0.26456 0.286398 0.327402 0.355977 0.359748 0.37906 0.41693 0.496777 0.662009 0.851611 0.972086
0.974507 0.851421 0.631468 0.458549 0.358338 0.306795 0.272212 0.256761 0.243835 0.235717 0.23291 0.238597 0.248991 0.256929 0.262796 0.25836 0.239895 0.217932 0.193967 0.180875 0.177124 0.178183 0.185685 0.194858 0.202942 0.209448 0.210964 0.203963 0.186366 0.164828 0.145423 0.129141 0.120382 0.11757 0.116028 0.114433 0.113599 0.112482 0.111006 0.111052 0.112761 0.115185 0.119203 0.121985 0.121843 0.120813 0.119443 0.11579 0.112672 0.11288 0.114914 0.119669 0.129263 0.136378 0.142357 0.148098 0.152806 0.154265 0.156464 0.16187 0.169487 0.178037 0.187116 0.19684 0.205005 0.204736 0.197164 0.1864 0.169984 0.133267 0.133267 0.169984 0.1864 0.197164 0.204736 0.205005 0.19684 0.187116 0.178037 0.169487 0.16187 0.156464 0.154265 0.152806 0.148098 0.142357 0.136378 0.129263 0.119669 0.114914 0.11288 0.112672 0.11579 0.119443 0.120813 0.121843 0.121985 0.119203 0.115185 0.112761 0.111052 0.111006 0.112482 0.113599 0.114433 0.116028 0.11757 0.120382 0.129141 0.145423 0.164828 0.186366 0.203963 0.210964 0.209448 0.202942 0.194858 0.185685 0.178183 0.177124 0.180875 0.193967 0.217932 0.239895 0.25836 0.262796 0.256929 0.248991 0.238597 0.23291 0.235717 0.243835 0.256761 0.272212 0.306795 0.358338 0.458549 0.631468 0.851421 0.974507
0.982397 0.858802 0.639935 0.472731 0.374826 0.320046 0.284519 0.262236 0.244522 0.231282 0.219268 0.210899 0.203801 0.196668 0.192185 0.191814 0.192779 0.195092 0.200653 0.210234 0.21688 0.217848 0.211805 0.195257 0.172517 0.148872 0.133525 0.127842 0.129265 0.136633 0.14628 0.156831 0.168673 0.173899 0.169322 0.15672 0.140773 0.123669 0.111028 0.104348 0.100346 0.101075 0.105865 0.109898 0.113282 0.121715 0.129857 0.135715 0.143033 0.151284 0.160871 0.171038 0.180721 0.188582 0.193992 0.1932 0.18486 0.17032 0.151458 0.131861 0.119816 0.113493 0.108313 0.106592 0.108212 0.100599 0.089658 0.0872751 0.0784907 0.0587483 0.0587483 0.0784907 0.0872751 0.089658 0.100599 0.108212 0.106592 0.108313 0.113493 0.119816 0.131861 0.151458 0.17032 0.18486 0.1932 0.193992 0.188582 0.180721 0.171038 0.160871 0.151284 0.143033 0.135715 0.129857 0.121715 0.113282 0.109898 0.105865 0.101075 0.100346 0.104348 0.111028 0.123669 0.140773 0.15672 0.169322 0.173899 0.168673 0.156831 0.14628 0.136633 0.129265 0.127842 0.133525 0.148872 0.172517 0.195257 0.211805 0.217848 0.21688 0.210234 0.200653 0.195092 0.192779 0.191814 0.192185 0.196668 0.203801 0.210899 0.219268 0.231282 0.244522 0.262236 0.284519 0.320046 0.374826 0.472731 0.639935 0.858802 0.982397
0.982069 0.858956 0.63788 0.485831 0.406363 0.343823 0.27589 0.2198 0.188026 0.172127 0.160948 0.152132 0.144949 0.137625 0.132085 0.12851 0.124303 0.119323 0.117137 0.117962 0.116996 0.117149 0.121396 0.128037 0.138993 0.152611 0.168605 0.181853 0.192639 0.192214 0.178877 0.161463 0.145799 0.135005 0.133928 0.142991 0.158196 0.175478 0.194655 0.211682 0.219322 0.219617 0.215242 0.206818 0.196466 0.188264 0.177603 0.160117 0.139342 0.118611 0.103528 0.0940551 0.0875646 0.08336 0.0825189 0.0812056 0.0775889 0.0762451 0.0765913 0.0768769 0.0807541 0.0869482 0.0893319 0.0912485 0.0947408 0.0905197 0.0824734 0.0809909 0.074382 0.0585832 0.0585832 0.074382 0.0809909 0.0824734 0.0905197 0.0947408 0.0912485 0.0893319 0.0869482 0.0807541 0.0768769 0.0765913 0.0762451 0.0775889 0.0812056 0.0825189 0.08336 0.0875646 0.0940551 0.103528 0.118611 0.139342 0.160117 0.177603 0.188264 0.196466 0.206818 0.215242 0.219617 0.219322 0.211682 0.194655 0.175478 0.158196 0.142991 0.133928 0.135005 0.145799 0.161463 0.178877 0.192214 0.192639 0.181853 0.168605 0.152611 0.138993 0.128037 0.121396 0.117149 0.116996 0.117962 0.117137 0.119323 0.124303 0.12851 0.132085 0.137625 0.144949 0.152132 0.160948 0.172127 0.188026 0.2198 0.27589 0.343823 0.406363 0.485831 0.63788 0.858956 0.982069
0.972919 0.844613 0.604873 0.434067 0.347892 0.304781 0.277083 0.258751 0.24909 0.244218 0.239701 0.233518 0.223009 0.204968 0.182154 0.160222 0.142804 0.132323 0.128887 0.127348 0.125149 0.126634 0.129796 0.128895 0.128751 0.13242 0.132853 0.134015 0.141893 0.155973 0.169918 0.190411 0.218249 0.245305 0.266632 0.278393 0.273902 0.250096 0.214326 0.176886 0.151335 0.139951 0.137837 0.144123 0.154655 0.162458 0.161623 0.152134 0.137355 0.11888 0.101561 0.0911907 0.0844731 0.0798389 0.0782233 0.0753343 0.0702958 0.0682102 0.0692061 0.0706931 0.0744064 0.0788995 0.0797909 0.0805241 0.0808852 0.0756589 0.0666848 0.0647785 0.0559654 0.0407248 0.0407248 0.0559654 0.0647785 0.0666848 0.0756589 0.0808852 0.0805241 0.0797909 0.0788995 0.0744064 0.0706931 0.0692061 0.0682102 0.0702958 0.0753343 0.0782233 0.0798389 0.0844731 0.0911907 0.101561 0.11888 0.137355 0.152134 0.161623 0.162458 0.154655 0.144123 0.137837 0.139951 0.151335 0.176886 0.214326 0.250096 0.273902 0.278393 0.266632 0.245305 0.218249 0.190411 0.169918 0.155973 0.141893 0.134015 0.132853 0.13242 0.128751 0.128895 0.129796 0.126634 0.125149 0.127348 0.128887 0.132323 0.142804 0.160222 0.182154 0.204968 0.223009 0.233518 0.239701 0.244218 0.24909 0.258751 0.277083 0.304781 0.347892 0.434067 0.604873 0.844613 0.972919
0.964979 0.831925 0.582004 0.408967 0.323111 0.27976 0.248039 0.224709 0.211628 0.204938 0.199047 0.195118 0.196665 0.20037 0.206081 0.216402 0.224175 0.226862 0.229565 0.227523 0.213974 0.199184 0.191899 0.186674 0.184649 0.190859 0.199807 0.204393 0.201586 0.186787 0.164076 0.145389 0.13367 0.125856 0.122314 0.124746 0.130483 0.140788 0.155597 0.16997 0.181 0.185779 0.180149 0.163278 0.142281 0.123842 0.112264 0.10786 0.113923 0.12682 0.14155 0.154861 0.160068 0.154167 0.139529 0.120576 0.101517 0.0854789 0.0751 0.0690629 0.0677682 0.0688379 0.0689356 0.0693075 0.0698752 0.0656356 0.0604211 0.0596557 0.0547323 0.0411549 0.0411549 0.0547323 0.0596557 0.0604211 0.0656356 0.0698752 0.0693075 0.0689356 0.0688379 0.0677682 0.0690629 0.0751 0.0854789 0.101517 0.120576 0.139529 0.154167 0.160068 0.154861 0.14155 0.12682 0.113923 0.10786 0.112264 0.123842 0.142281 0.163278 0.180149 0.185779 0.181 0.16997 0.155597 0.140788 0.130483 0.124746 0.122314 0.125856 0.13367 0.145389 0.164076 0.186787 0.201586 0.204393 0.199807 0.190859 0.184649 0.186674 0.191899 0.199184 0.213974 0.227523 0.229565 0.226862 0.224175 0.216402 0.206081 0.20037 0.196665 0.195118 0.199047 0.204938 0.211628 0.224709 0.248039 0.27976 0.323111 0.408967 0.582004 0.831925 0.964979
0.96007 0.823663 0.568754 0.397836 0.315327 0.275821 0.244477 0.223959 0.21259 0.211014 0.20903 0.20283 0.202376 0.206337 0.206164 0.207539 0.21558 0.225792 0.239404 0.253524 0.251265 0.233856 0.22213 0.22061 0.218274 0.212186 0.201718 0.184574 0.165485 0.147961 0.130792 0.117477 0.111086 0.106289 0.0990155 0.0937814 0.0920174 0.0901327 0.0878294 0.0876836 0.0897325 0.0948587 0.103566 0.117301 0.134657 0.153816 0.169842 0.177739 0.175069 0.161002 0.142053 0.123103 0.11151 0.107832 0.113836 0.126216 0.140048 0.150155 0.152535 0.145504 0.132207 0.118775 0.10408 0.0931269 0.0869828 0.0756289 0.0737374 0.0730027 0.0674409 0.0528588 0.0528588 0.0674409 0.0730027 0.0737374 0.0756289 0.0869828 0.0931269 0.10408 0.118775 0.132207 0.145504 0.152535 0.150155 0.140048 0.126216 0.113836 0.107832 0.11151 0.123103 0.142053 0.161002 0.175069 0.177739 0.169842 0.153816 0.134657 0.117301 0.103566 0.0948587 0.0897325 0.0876836 0.0878294 0.0901327 0.0920174 0.0937814 0.0990155 0.106289 0.111086 0.117477 0.130792 0.147961 0.165485 0.184574 0.201718 0.212186 0.218274 0.22061 0.22213 0.233856 0.251265 0.253524 0.239404 0.225792 0.21558 0.207539 0.206164 0.206337 0.202376 0.20283 0.20903 0.211014 0.21259 0.223959 0.244477 0.275821 0.315327 0.397836 0.568754 0.823663 0.96007
0.957645 0.814431 0.58677 0.433445 0.366198 0.322147 0.286979 0.269256 0.250384 0.238761 0.238223 0.230283 0.212922 0.201289 0.201065 0.194981 0.19076 0.187716 0.179773 0.171911 0.167662 0.159377 0.151325 0.149824 0.15014 0.146862 0.146616 0.151572 0.156628 0.160487 0.163143 0.163055 0.158555 0.149623 0.137214 0.123988 0.114266 0.1076 0.10231 0.0994103 0.0973656 0.0961978 0.0954281 0.0938653 0.0926769 0.0921444 0.093294 0.0955769 0.102859 0.115111 0.133664 0.153569 0.171115 0.179718 0.177974 0.166337 0.148028 0.13269 0.120767 0.119245 0.128888 0.143977 0.164228 0.175861 0.180756 0.173581 0.171009 0.15445 0.152133 0.112537 0.112537 0.152133 0.15445 0.171009 0.173581 0.180756 0.175861 0.164228 0.143977 0.128888 0.119245 0.120767 0.13269 0.148028 0.166337 0.177974 0.179718 0.171115 0.153569 0.133664 0.115111 0.102859 0.0955769 0.093294 0.0921444 0.0926769 0.0938653 0.0954281 0.0961978 0.0973656 0.0994103 0.10231 0.1076 0.114266 0.123988 0.137214 0.149623 0.158555 0.163055 0.163143 0.160487 0.156628 0.151572 0.146616 0.146862 0.15014 0.149824 0.151325 0.159377 0.167662 0.171911 0.179773 0.187716 0.19076 0.194981 0.201065 0.201289 0.212922 0.230283 0.238223 0.238761 0.250384 0.269256 0.286979 0.322147 0.366198 0.433445 0.58677 0.814431 0.957645
0.958042 0.857797 0.684236 0.572536 0.518923 0.47689 0.452487 0.423694 0.407069 0.395773 0.376033 0.358299 0.344969 0.331294 0.312949 0.302691 0.291091 0.27424 0.266427 0.258491 0.249188 0.240181 0.235306 0.231579 0.226306 0.221944 0.217931 0.216013 0.216889 0.217244 0.220097 0.223159 0.230216 0.23802 0.243535 0.248108 0.252096 0.252324 0.246318 0.237992 0.226417 0.214752 0.206394 0.198185 0.192268 0.189146 0.188881 0.188008 0.188793 0.190516 0.192739 0.197533 0.202364 0.207566 0.216076 0.230733 0.250471 0.272886 0.293139 0.303507 0.303587 0.293522 0.277249 0.262658 0.249199 0.238822 0.232767 0.242837 0.251727 0.239901 0.239901 0.251727 0.242837 0.232767 0.238822 0.249199 0.262658 0.277249 0.293522 0.303587 0.303507 0.293139 0.272886 0.250471 0.230733 0.216076 0.207566 0.202364 0.197533 0.192739 0.190516 0.188793 0.188008 0.188881 0.189146 0.192268 0.198185 0.206394 0.214752 0.226417 0.237992 0.246318 0.252324 0.252096 0.248108 0.243535 0.23802 0.230216 0.223159 0.220097 0.217244 0.216889 0.216013 0.217931 0.221944 0.226306 0.231579 0.235306 0.240181 0.249188 0.258491 0.266427 0.27424 0.291091 0.302691 0.312949 0.331294 0.344969 0.358299 0.376033 0.395773 0.407069 0.423694 0.452487 0.47689 0.518923 0.572536 0.684236 0.857797 0.958042
0.95763 0.837953 0.671906 0.545354 0.470762 0.416671 0.38026 0.354326 0.338526 0.319989 0.309837 0.299795 0.291339 0.280421 0.283476 0.277154 0.268377 0.269299 0.269556 0.263954 0.262889 0.263333 0.261215 0.264687 0.266949 0.267282 0.267416 0.268448 0.267005 0.264346 0.263823 0.261362 0.262737 0.264364 0.2648 0.266658 0.26909 0.273395 0.277202 0.283169 0.289238 0.296392 0.301079 0.30182 0.295845 0.285151 0.268296 0.25132 0.234096 0.220734 0.208821 0.20266 0.194936 0.187515 0.178055 0.171789 0.161878 0.156058 0.150031 0.150329 0.152547 0.174375 0.201145 0.24881 0.296997 0.321052 0.328946 0.31983 0.304292 0.245848 0.245848 0.304292 0.31983 0.328946 0.321052 0.296997 0.24881 0.201145 0.174375 0.152547 0.150329 0.150031 0.156058 0.161878 0.171789 0.178055 0.187515 0.194936 0.20266 0.208821 0.220734 0.234096 0.25132 0.268296 0.285151 0.295845 0.30182 0.301079 0.296392 0.289238 0.283169 0.277202 0.273395 0.26909 0.266658 0.2648 0.264364 0.262737 0.261362 0.263823 0.264346 0.267005 0.268448 0.267416 0.267282 0.266949 0.264687 0.261215 0.263333 0.262889 0.263954 0.269556 0.269299 0.268377 0.277154 0.283476 0.280421 0.291339 0.299795 0.309837 0.319989 0.338526 0.354326 0.38026 0.416671 0.470762 0.545354 0.671906 0.837953 0.95763
0.958722 0.849048 0.674229 0.546173 0.472997 0.431683 0.400527 0.367918 0.35361 0.340724 0.328253 0.317138 0.310359 0.300855 0.270146 0.246099 0.226505 0.218262 0.208837 0.20218 0.186949 0.175901 0.170443 0.156661 0.145667 0.138048 0.131844 0.122939 0.119187 0.114831 0.107174 0.106678 0.104525 0.103731 0.102101 0.1028 0.103076 0.103683 0.105394 0.107147 0.110252 0.116517 0.125752 0.134025 0.144893 0.158375 0.17227 0.186606 0.197868 0.207919 0.211623 0.213736 0.210506 0.206559 0.20803 0.209895 0.218945 0.240859 0.270522 0.296725 0.31371 0.322368 0.318781 0.310932 0.313659 0.300684 0.30502 0.297213 0.296703 0.269388 0.269388 0.296703 0.297213 0.30502 0.300684 0.313659 0.310932 0.318781 0.322368 0.31371 0.296725 0.270522 0.240859 0.218945 0.209895 0.20803 0.206559 0.210506 0.213736 0.211623 0.207919 0.197868 0.186606 0.17227 0.158375 0.144893 0.134025 0.125752 0.116517 0.110252 0.107147 0.105394 0.103683 0.103076 0.1028 0.102101 0.103731 0.104525 0.106678 0.107174 0.114831 0.119187 0.122939 0.131844 0.138048 0.145667 0.156661 0.170443 0.175901 0.186949 0.20218 0.208837 0.218262 0.226505 0.246099 0.270146 0.300855 0.310359 0.317138 0.328253 0.340724 0.35361 0.367918 0.400527 0.431683 0.472997 0.546173 0.674229 0.849048 0.958722
0.95612 0.821992 0.609209 0.458575 0.363275 0.307587 0.266731 0.243081 0.225727 0.217811 0.212144 0.21053 0.20859 0.216464 0.222565 0.224175 0.229794 0.24106 0.25057 0.254381 0.248916 0.229611 0.205136 0.188265 0.179317 0.173943 0.17135 0.167132 0.16235 0.160753 0.157061 0.152866 0.153354 0.154024 0.151836 0.151994 0.15481 0.155516 0.157893 0.161831 0.164038 0.168338 0.172905 0.175503 0.17829 0.183649 0.186869 0.191364 0.198354 0.204456 0.212026 0.229377 0.253826 0.280619 0.303237 0.309496 0.296034 0.276961 0.244959 0.215069 0.196914 0.187269 0.182182 0.195594 0.223245 0.224246 0.220381 0.219108 0.202828 0.15748 0.15748 0.202828 0.219108 0.220381 0.224246 0.223245 0.195594 0.182182 0.187269 0.196914 0.215069 0.244959 0.276961 0.296034 0.309496 0.303237 0.280619 0.253826 0.229377 0.212026 0.204456 0.198354 0.191364 0.186869 0.183649 0.17829 0.175503 0.172905 0.168338 0.164038 0.161831 0.157893 0.155516 0.15481 0.151994 0.151836 0.154024 0.153354 0.152866 0.157061 0.160753 0.16235 0.167132 0.17135 0.173943 0.179317 0.188265 0.205136 0.229611 0.248916 0.254381 0.25057 0.24106 0.229794 0.224175 0.222565 0.216464 0.20859 0.21053 0.212144 0.217811 0.225727 0.243081 0.266731 0.307587 0.363275 0.458575 0.609209 0.821992 0.95612
0.954679 0.811585 0.586537 0.420664 0.331361 0.291351 0.26112 0.240145 0.22582 0.212499 0.199169 0.183257 0.169428 0.162308 0.160044 0.161126 0.164475 0.169244 0.177478 0.183673 0.196673 0.2153 0.238445 0.258338 0.278714 0.295192 0.298926 0.288776 0.270726 0.252537 0.23834 0.229142 0.225495 0.225394 0.224147 0.223028 0.22206 0.218431 0.21356 0.209826 0.204275 0.196449 0.190325 0.184578 0.175815 0.170893 0.170991 0.177086 0.191196 0.206883 0.214016 0.212173 0.201576 0.186292 0.175858 0.174672 0.18047 0.200768 0.233968 0.256279 0.264935 0.255354 0.235158 0.215921 0.197662 0.175855 0.152695 0.160272 0.135415 0.0893746 0.0893746 0.135415 0.160272 0.152695 0.175855 0.197662 0.215921 0.235158 0.255354 0.264935 0.256279 0.233968 0.200768 0.18047 0.174672 0.175858 0.186292 0.201576 0.212173 0.214016 0.206883 0.191196 0.177086 0.170991 0.170893 0.175815 0.184578 0.190325 0.196449 0.204275 0.209826 0.21356 0.218431 0.22206 0.223028 0.224147 0.225394 0.225495 0.229142 0.23834 0.252537 0.270726 0.288776 0.298926 0.295192 0.278714 0.258338 0.238445 0.2153 0.196673 0.183673 0.177478 0.169244 0.164475 0.161126 0.160044 0.162308 0.169428 0.183257 0.199169 0.212499 0.22582 0.240145 0.26112 0.291351 0.331361 0.420664 0.586537 0.811585 0.954679
0.956468 0.811888 0.603204 0.43813 0.348825 0.294 0.26149 0.254901 0.254663 0.253165 0.251882 0.248537 0.245359 0.239446 0.23265 0.22389 0.212202 0.201899 0.192331 0.183046 0.176871 0.17155 0.164722 0.158212 0.155921 0.154846 0.155909 0.160069 0.172466 0.187585 0.200605 0.20592 0.204843 0.19568 0.175249 0.152864 0.134629 0.122989 0.115095 0.11311 0.115715 0.123463 0.138976 0.160938 0.185154 0.205333 0.213266 0.20859 0.196496 0.184033 0.176474 0.178582 0.192233 0.213746 0.232048 0.237371 0.229982 0.213686 0.198052 0.184329 0.178501 0.180286 0.188565 0.193639 0.200431 0.200754 0.195824 0.195543 0.182412 0.146242 0.146242 0.182412 0.195543 0.195824 0.200754 0.200431 0.193639 0.188565 0.180286 0.178501 0.184329 0.198052 0.213686 0.229982 0.237371 0.232048 0.213746 0.192233 0.178582 0.176474 0.184033 0.196496 0.20859 0.213266 0.205333 0.185154 0.160938 0.138976 0.123463 0.115715 0.11311 0.115095 0.122989 0.134629 0.152864 0.175249 0.19568 0.204843 0.20592 0.200605 0.187585 0.172466 0.160069 0.155909 0.154846 0.155921 0.158212 0.164722 0.17155 0.176871 0.183046 0.192331 0.201899 0.212202 0.22389 0.23265 0.239446 0.245359 0.248537 0.251882 0.253165 0.254663 0.254901 0.26149 0.294 0.348825 0.43813 0.603204 0.811888 0.956468
0.960406 0.843611 0.638604 0.482824 0.399639 0.347312 0.311875 0.292412 0.268051 0.243143 0.230216 0.217992 0.197428 0.184291 0.17566 0.166894 0.157598 0.149658 0.14434 0.136889 0.1291 0.121288 0.113469 0.108723 0.105671 0.104024 0.102613 0.10232 0.101 0.0994412 0.0983507 0.101009 0.110629 0.125739 0.141389 0.157592 0.175159 0.189186 0.1984 0.205786 0.21027 0.204445 0.188626 0.166343 0.142694 0.126425 0.120768 0.127888 0.147288 0.168949 0.181604 0.182106 0.173361 0.156655 0.141848 0.133475 0.12383 0.120387 0.122611 0.124199 0.13552 0.14662 0.152819 0.169113 0.178725 0.183192 0.193233 0.196909 0.200228 0.191897 0.191897 0.200228 0.196909 0.193233 0.183192 0.178725 0.169113 0.152819 0.14662 0.13552 0.124199 0.122611 0.120387 0.12383 0.133475 0.141848 0.156655 0.173361 0.182106 0.181604 0.168949 0.147288 0.127888 0.120768 0.126425 0.142694 0.166343 0.188626 0.204445 0.21027 0.205786 0.1984 0.189186 0.175159 0.157592 0.141389 0.125739 0.110629 0.101009 0.0983507 0.0994412 0.101 0.10232 0.102613 0.104024 0.105671 0.108723 0.113469 0.121288 0.1291 0.136889 0.14434 0.149658 0.157598 0.166894 0.17566 0.184291 0.197428 0.217992 0.230216 0.243143 0.268051 0.292412 0.311875 0.347312 0.399639 0.482824 0.638604 0.843611 0.960406
0.964455 0.827051 0.608604 0.440715 0.342061 0.294059 0.266348 0.255745 0.252576 0.248963 0.251154 0.246925 0.23805 0.231331 0.22457 0.216865 0.206509 0.197387 0.186948 0.176749 0.167742 0.15923 0.150136 0.13943 0.130666 0.120822 0.109748 0.102931 0.0985745 0.0953461 0.093693 0.0938937 0.0967765 0.104204 0.118161 0.138879 0.160228 0.17421 0.179143 0.182896 0.189666 0.199842 0.21666 0.23733 0.251948 0.255529 0.242474 0.218414 0.193041 0.172358 0.157819 0.14876 0.144368 0.142865 0.143224 0.143655 0.14366 0.14228 0.141659 0.142801 0.147877 0.16282 0.18062 0.192686 0.199253 0.194257 0.186395 0.181934 0.169665 0.137185 0.137185 0.169665 0.181934 0.186395 0.194257 0.199253 0.192686 0.18062 0.16282 0.147877 0.142801 0.141659 0.14228 0.14366 0.143655 0.143224 0.142865 0.144368 0.14876 0.157819 0.172358 0.193041 0.218414 0.242474 0.255529 0.251948 0.23733 0.21666 0.199842 0.189666 0.182896 0.179143 0.17421 0.160228 0.138879 0.118161 0.104204 0.0967765 0.0938937 0.093693 0.0953461 0.0985745 0.102931 0.109748 0.120822 0.130666 0.13943 0.150136 0.15923 0.167742 0.176749 0.186948 0.197387 0.206509 0.216865 0.22457 0.231331 0.23805 0.246925 0.251154 0.248963 0.252576 0.255745 0.266348 0.294059 0.342061 0.440715 0.608604 0.827051 0.964455
0.968902 0.827487 0.583547 0.405227 0.306788 0.265669 0.234331 0.209621 0.193542 0.178584 0.166269 0.157623 0.151563 0.149494 0.149872 0.151657 0.152197 0.15798 0.164425 0.169762 0.174601 0.181163 0.186904 0.190369 0.194133 0.195673 0.195659 0.196008 0.194468 0.195287 0.203966 0.216142 0.224892 0.22572 0.214747 0.196695 0.180567 0.172984 0.176309 0.192218 0.21201 0.227075 0.231115 0.228457 0.22341 0.222425 0.226278 0.230173 0.227678 0.217234 0.199797 0.182037 0.162625 0.143027 0.130647 0.129479 0.13328 0.142665 0.155736 0.163783 0.167537 0.168264 0.163188 0.161684 0.161767 0.149625 0.138229 0.144345 0.128457 0.0887568 0.0887568 0.128457 0.144345 0.138229 0.149625 0.161767 0.161684 0.163188 0.168264 0.167537 0.163783 0.155736 0.142665 0.13328 0.129479 0.130647 0.143027 0.162625 0.182037 0.199797 0.217234 0.227678 0.230173 0.226278 0.222425 0.22341 0.228457 0.231115 0.227075 0.21201 0.192218 0.176309 0.172984 0.180567 0.196695 0.214747 0.22572 0.224892 0.216142 0.203966 0.195287 0.194468 0.196008 0.195659 0.195673 0.194133 0.190369 0.186904 0.181163 0.174601 0.169762 0.164425 0.15798 0.152197 0.151657 0.149872 0.149494 0.151563 0.157623 0.166269 0.178584 0.193542 0.209621 0.234331 0.265669 0.306788 0.405227 0.583547 0.827487 0.968902
0.971793 0.825761 0.569152 0.383702 0.286656 0.237203 0.209157 0.189692 0.176794 0.166439 0.159588 0.156154 0.152366 0.146295 0.140687 0.135215 0.129751 0.126466 0.124739 0.123431 0.122831 0.123669 0.125888 0.132166 0.144617 0.161238 0.188543 0.222953 0.252617 0.269853 0.275916 0.27426 0.269929 0.270236 0.279957 0.29636 0.31059 0.314427 0.300732 0.27572 0.243615 0.211396 0.183663 0.160164 0.138559 0.123914 0.112614 0.104899 0.105219 0.115757 0.138454 0.173743 0.208314 0.231484 0.242479 0.238274 0.218442 0.194607 0.167972 0.147689 0.135768 0.129832 0.119416 0.116757 0.119491 0.108555 0.0966577 0.100494 0.0928364 0.0632088 0.0632088 0.0928364 0.100494 0.0966577 0.108555 0.119491 0.116757 0.119416 0.129832 0.135768 0.147689 0.167972 0.194607 0.218442 0.238274 0.242479 0.231484 0.208314 0.173743 0.138454 0.115757 0.105219 0.104899 0.112614 0.123914 0.138559 0.160164 0.183663 0.211396 0.243615 0.27572 0.300732 0.314427 0.31059 0.29636 0.279957 0.270236 0.269929 0.27426 0.275916 0.269853 0.252617 0.222953 0.188543 0.161238 0.144617 0.132166 0.125888 0.123669 0.122831 0.123431 0.124739 0.126466 0.129751 0.135215 0.140687 0.146295 0.152366 0.156154 0.159588 0.166439 0.176794 0.189692 0.209157 0.237203 0.286656 0.383702 0.569152 0.825761 0.971793
0.973148 0.829757 0.574295 0.397384 0.309918 0.270468 0.248643 0.232476 0.219065 0.207381 0.197914 0.190571 0.184061 0.17939 0.177472 0.17527 0.173413 0.173308 0.172607 0.171534 0.173163 0.181669 0.197118 0.215315 0.229531 0.231099 0.21776 0.19654 0.176965 0.166315 0.168517 0.181283 0.197182 0.207031 0.200684 0.184998 0.169155 0.153754 0.14288 0.138016 0.139343 0.144752 0.154813 0.163772 0.171961 0.181634 0.190445 0.198146 0.208118 0.214797 0.213792 0.205317 0.190323 0.17664 0.168362 0.169485 0.176062 0.190447 0.198628 0.195609 0.188326 0.173358 0.152389 0.136628 0.124154 0.101622 0.082947 0.0847313 0.0782626 0.0506899 0.0506899 0.0782626 0.0847313 0.082947 0.101622 0.124154 0.136628 0.152389 0.173358 0.188326 0.195609 0.198628 0.190447 0.176062 0.169485 0.168362 0.17664 0.190323 0.205317 0.213792 0.214797 0.208118 0.198146 0.190445 0.181634 0.171961 0.163772 0.154813 0.144752 0.139343 0.138016 0.14288 0.153754 0.169155 0.184998 0.200684 0.207031 0.197182 0.181283 0.168517 0.166315 0.176965 0.19654 0.21776 0.231099 0.229531 0.215315 0.197118 0.181669 0.173163 0.171534 0.172607 0.173308 0.173413 0.17527 0.177472 0.17939 0.184061 0.190571 0.197914 0.207381 0.219065 0.232476 0.248643 0.270468 0.309918 0.397384 0.574295 0.829757 0.973148
0.976397 0.833438 0.580016 0.409781 0.328091 0.289885 0.267223 0.252488 0.24409 0.238618 0.234567 0.231432 0.228479 0.224124 0.21851 0.212602 0.206604 0.204376 0.209569 0.219739 0.22757 0.22487 0.209356 0.187034 0.164675 0.149656 0.148837 0.160135 0.173671 0.176625 0.165465 0.145393 0.124696 0.106905 0.0920825 0.0848898 0.0834385 0.083024 0.085001 0.0891321 0.0929762 0.100174 0.11194 0.124395 0.139298 0.157642 0.170204 0.176214 0.178374 0.176137 0.174612 0.176444 0.177975 0.178486 0.181411 0.183293 0.17849 0.172342 0.165259 0.153539 0.144704 0.152791 0.17198 0.187644 0.189821 0.182296 0.163462 0.164513 0.131083 0.0926321 0.0926321 0.131083 0.164513 0.163462 0.182296 0.189821 0.187644 0.17198 0.152791 0.144704 0.153539 0.165259 0.172342 0.17849 0.183293 0.181411 0.178486 0.177975 0.176444 0.174612 0.176137 0.178374 0.176214 0.170204 0.157642 0.139298 0.124395 0.11194 0.100174 0.0929762 0.0891321 0.085001 0.083024 0.0834385 0.0848898 0.0920825 0.106905 0.124696 0.145393 0.165465 0.176625 0.173671 0.160135 0.148837 0.149656 0.164675 0.187034 0.209356 0.22487 0.22757 0.219739 0.209569 0.204376 0.206604 0.212602 0.21851 0.224124 0.228479 0.231432 0.234567 0.238618 0.24409 0.252488 0.267223 0.289885 0.328091 0.409781 0.580016 0.833438 0.976397
0.980679 0.83763 0.588503 0.428313 0.349853 0.306634 0.278134 0.254393 0.233468 0.217849 0.205767 0.193196 0.182485 0.180174 0.188856 0.202547 0.214541 0.221268 0.216756 0.199829 0.178397 0.162825 0.161407 0.173982 0.188394 0.192987 0.183258 0.161441 0.135381 0.112462 0.095694 0.0858342 0.0820547 0.0805379 0.0788857 0.0802825 0.0848897 0.0900058 0.0990525 0.113006 0.128008 0.142447 0.152767 0.15471 0.149118 0.140404 0.128772 0.11683 0.108765 0.103178 0.100671 0.100538 0.100106 0.0984251 0.0991891 0.103057 0.104923 0.110011 0.117533 0.128607 0.1428 0.164129 0.175138 0.190341 0.209002 0.216302 0.217594 0.231619 0.23533 0.21361 0.21361 0.23533 0.231619 0.217594 0.216302 0.209002 0.190341 0.175138 0.164129 0.1428 0.128607 0.117533 0.110011 0.104923 0.103057 0.0991891 0.0984251 0.100106 0.100538 0.100671 0.103178 0.108765 0.11683 0.128772 0.140404 0.149118 0.15471 0.152767 0.142447 0.128008 0.113006 0.0990525 0.0900058 0.0848897 0.0802825 0.0788857 0.0805379 0.0820547 0.0858342 0.095694 0.112462 0.135381 0.161441 0.183258 0.192987 0.188394 0.173982 0.161407 0.162825 0.178397 0.199829 0.216756 0.221268 0.214541 0.202547 0.188856 0.180174 0.182485 0.193196 0.205767 0.217849 0.233468 0.254393 0.278134 0.306634 0.349853 0.428313 0.588503 0.83763 0.980679
0.977008 0.829209 0.564326 0.391301 0.303612 0.257637 0.230742 0.211798 0.197897 0.191366 0.193964 0.202739 0.214298 0.223681 0.223171 0.208366 0.185693 0.169287 0.167205 0.17814 0.194388 0.204626 0.201201 0.185011 0.162375 0.139487 0.12293 0.112964 0.106886 0.103036 0.100777 0.0986972 0.099793 0.10495 0.11141 0.121854 0.136212 0.146497 0.14974 0.147416 0.140444 0.130866 0.121858 0.113253 0.105827 0.101384 0.0976316 0.0927829 0.0894842 0.0866693 0.0846412 0.0857602 0.0868093 0.0898951 0.0983171 0.107934 0.114779 0.119328 0.131822 0.142147 0.15349 0.172593 0.183308 0.195457 0.206391 0.21018 0.209783 0.222561 0.223236 0.197718 0.197718 0.223236 0.222561 0.209783 0.21018 0.206391 0.195457 0.183308 0.172593 0.15349 0.142147 0.131822 0.119328 0.114779 0.107934 0.0983171 0.0898951 0.0868093 0.0857602 0.0846412 0.0866693 0.0894842 0.0927829 0.0976316 0.101384 0.105827 0.113253 0.121858 0.130866 0.140444 0.147416 0.14974 0.146497 0.136212 0.121854 0.11141 0.10495 0.099793 0.0986972 0.100777 0.103036 0.106886 0.112964 0.12293 0.139487 0.162375 0.185011 0.201201 0.204626 0.194388 0.17814 0.167205 0.169287 0.185693 0.208366 0.223171 0.223681 0.214298 0.202739 0.193964 0.191366 0.197897 0.211798 0.230742 0.257637 0.303612 0.391301 0.564326 0.829209 0.977008
0.967217 0.813954 0.546535 0.384342 0.310186 0.273922 0.254102 0.247188 0.249867 0.256574 0.257535 0.246408 0.225114 0.203113 0.19108 0.193667 0.206192 0.217942 0.21843 0.203288 0.178539 0.153268 0.133203 0.121499 0.11583 0.112633 0.113105 0.116676 0.12051 0.126528 0.137058 0.148354 0.160504 0.172562 0.177717 0.172042 0.160844 0.147126 0.131839 0.117583 0.105698 0.0968697 0.0915257 0.0884601 0.0879045 0.0907582 0.0939767 0.0969285 0.104668 0.117654 0.132502 0.145786 0.157033 0.165271 0.169768 0.171542 0.170051 0.165721 0.161233 0.151767 0.144347 0.156293 0.175515 0.183934 0.179656 0.168982 0.148638 0.145787 0.11747 0.0855193 0.0855193 0.11747 0.145787 0.148638 0.168982 0.179656 0.183934 0.175515 0.156293 0.144347 0.151767 0.161233 0.165721 0.170051 0.171542 0.169768 0.165271 0.157033 0.145786 0.132502 0.117654 0.104668 0.0969285 0.0939767 0.0907582 0.0879045 0.0884601 0.0915257 0.0968697 0.105698 0.117583 0.131839 0.147126 0.160844 0.172042 0.177717 0.172562 0.160504 0.148354 0.137058 0.126528 0.12051 0.116676 0.113105 0.112633 0.11583 0.121499 0.133203 0.153268 0.178539 0.203288 0.21843 0.217942 0.206192 0.193667 0.19108 0.203113 0.225114 0.246408 0.257535 0.256574 0.249867 0.247188 0.254102 0.273922 0.310186 0.384342 0.546535 0.813954 0.967217
0.960243 0.797938 0.533209 0.381809 0.323098 0.307085 0.301142 0.291273 0.272935 0.245421 0.224401 0.214403 0.221159 0.233264 0.239463 0.229297 0.205275 0.177612 0.155321 0.139576 0.130978 0.128059 0.12624 0.125331 0.128639 0.132312 0.13847 0.15154 0.166485 0.177527 0.18479 0.186148 0.179039 0.166521 0.152677 0.13999 0.130135 0.123473 0.120534 0.120935 0.123408 0.12779 0.134213 0.141307 0.152077 0.162754 0.168235 0.170106 0.170276 0.166577 0.160466 0.152606 0.14076 0.131069 0.128978 0.134319 0.146815 0.16267 0.172196 0.171686 0.164328 0.151317 0.13885 0.12626 0.115273 0.098092 0.0884191 0.0831659 0.0774033 0.0558635 0.0558635 0.0774033 0.0831659 0.0884191 0.098092 0.115273 0.12626 0.13885 0.151317 0.164328 0.171686 0.172196 0.16267 0.146815 0.134319 0.128978 0.131069 0.14076 0.152606 0.160466 0.166577 0.170276 0.170106 0.168235 0.162754 0.152077 0.141307 0.134213 0.12779 0.123408 0.120935 0.120534 0.123473 0.130135 0.13999 0.152677 0.166521 0.179039 0.186148 0.18479 0.177527 0.166485 0.15154 0.13847 0.132312 0.128639 0.125331 0.12624 0.128059 0.130978 0.139576 0.155321 0.177612 0.205275 0.229297 0.239463 0.233264 0.221159 0.214403 0.224401 0.245421 0.272935 0.291273 0.301142 0.307085 0.323098 0.381809 0.533209 0.797938 0.960243
0.957675 0.800989 0.571323 0.446053 0.382594 0.325481 0.271907 0.230267 0.224897 0.23699 0.251948 0.254011 0.239539 0.214186 0.188431 0.169974 0.157364 0.148173 0.143723 0.141064 0.138007 0.141189 0.150252 0.159152 0.171836 0.18723 0.195256 0.194209 0.187049 0.174331 0.158922 0.14663 0.140706 0.142135 0.148738 0.160421 0.174018 0.185249 0.194081 0.202917 0.206835 0.204471 0.198404 0.186902 0.170029 0.153913 0.138642 0.122493 0.10853 0.101202 0.105041 0.120784 0.144918 0.167202 0.178754 0.175969 0.164227 0.149478 0.134205 0.119293 0.109879 0.104083 0.0974072 0.0930891 0.0925698 0.0877654 0.0858 0.0870656 0.0818464 0.0644215 0.0644215 0.0818464 0.0870656 0.0858 0.0877654 0.0925698 0.0930891 0.0974072 0.104083 0.109879 0.119293 0.134205 0.149478 0.164227 0.175969 0.178754 0.167202 0.144918 0.120784 0.105041 0.101202 0.10853 0.122493 0.138642 0.153913 0.170029 0.186902 0.198404 0.204471 0.206835 0.202917 0.194081 0.185249 0.174018 0.160421 0.148738 0.142135 0.140706 0.14663 0.158922 0.174331 0.187049 0.194209 0.195256 0.18723 0.171836 0.159152 0.150252 0.141189 0.138007 0.141064 0.143723 0.148173 0.157364 0.169974 0.188431 0.214186 0.239539 0.254011 0.251948 0.23699 0.224897 0.230267 0.271907 0.325481 0.382594 0.446053 0.571323 0.800989 0.957675
0.957221 0.82066 0.571806 0.404113 0.329154 0.295543 0.290135 0.285245 0.273911 0.249317 0.215324 0.183858 0.164614 0.158703 0.156788 0.156895 0.161293 0.165096 0.170503 0.182757 0.194194 0.200824 0.208049 0.209856 0.19937 0.18357 0.170339 0.164086 0.165341 0.173365 0.187139 0.20017 0.206364 0.208012 0.206241 0.200164 0.19114 0.181451 0.169409 0.156602 0.145983 0.137924 0.133343 0.130575 0.130009 0.133469 0.142575 0.158748 0.179309 0.195609 0.200626 0.194379 0.178669 0.158348 0.140573 0.126892 0.114124 0.105722 0.102456 0.101348 0.105155 0.11013 0.112895 0.113632 0.112928 0.105753 0.101106 0.0984957 0.0939344 0.0785875 0.0785875 0.0939344 0.0984957 0.101106 0.105753 0.112928 0.113632 0.112895 0.11013 0.105155 0.101348 0.102456 0.105722 0.114124 0.126892 0.140573 0.158348 0.178669 0.194379 0.200626 0.195609 0.179309 0.158748 0.142575 0.133469 0.130009 0.130575 0.133343 0.137924 0.145983 0.156602 0.169409 0.181451 0.19114 0.200164 0.206241 0.208012 0.206364 0.20017 0.187139 0.173365 0.165341 0.164086 0.170339 0.18357 0.19937 0.209856 0.208049 0.200824 0.194194 0.182757 0.170503 0.165096 0.161293 0.156895 0.156788 0.158703 0.164614 0.183858 0.215324 0.249317 0.273911 0.285245 0.290135 0.295543 0.329154 0.404113 0.571806 0.82066 0.957221
0.956551 0.793943 0.614356 0.516997 0.479977 0.417288 0.326676 0.251786 0.204929 0.186538 0.177381 0.171034 0.164824 0.166151 0.174795 0.179053 0.18546 0.200877 0.212682 0.217443 0.217342 0.213451 0.213449 0.219335 0.222549 0.223489 0.221886 0.214388 0.202514 0.190125 0.17449 0.160734 0.151394 0.141695 0.130314 0.122903 0.120347 0.117963 0.11629 0.117786 0.121846 0.129158 0.142812 0.162978 0.187692 0.209871 0.220796 0.217158 0.204012 0.185458 0.165599 0.14883 0.136359 0.12718 0.120546 0.115632 0.111173 0.107772 0.104966 0.103133 0.102767 0.104529 0.105866 0.10782 0.113228 0.113489 0.114208 0.116062 0.112131 0.0915439 0.0915439 0.112131 0.116062 0.114208 0.113489 0.113228 0.10782 0.105866 0.104529 0.102767 0.103133 0.104966 0.107772 0.111173 0.115632 0.120546 0.12718 0.136359 0.14883 0.165599 0.185458 0.204012 0.217158 0.220796 0.209871 0.187692 0.162978 0.142812 0.129158 0.121846 0.117786 0.11629 0.117963 0.120347 0.122903 0.130314 0.141695 0.151394 0.160734 0.17449 0.190125 0.202514 0.214388 0.221886 0.223489 0.222549 0.219335 0.213449 0.213451 0.217342 0.217443 0.212682 0.200877 0.18546 0.179053 0.174795 0.166151 0.164824 0.171034 0.177381 0.186538 0.204929 0.251786 0.326676 0.417288 0.479977 0.516997 0.614356 0.793943 0.956551
0.956637 0.824017 0.591925 0.433486 0.370821 0.336206 0.328978 0.315658 0.279964 0.234421 0.20967 0.204926 0.208807 0.212701 0.220794 0.229079 0.231738 0.23978 0.248046 0.239466 0.224919 0.20974 0.192169 0.179976 0.17078 0.156812 0.142671 0.13509 0.125856 0.113393 0.104245 0.0990086 0.0954745 0.0924719 0.0890669 0.0879134 0.0895993 0.0941219 0.104181 0.124002 0.149654 0.173303 0.186371 0.184672 0.171043 0.154927 0.139317 0.128756 0.123321 0.121977 0.123182 0.126404 0.129504 0.130177 0.130138 0.128762 0.126157 0.12319 0.121744 0.119241 0.120053 0.122373 0.124661 0.127247 0.128518 0.124717 0.120302 0.123725 0.118282 0.105184 0.105184 0.118282 0.123725 0.120302 0.124717 0.128518 0.127247 0.124661 0.122373 0.120053 0.119241 0.121744 0.12319 0.126157 0.128762 0.130138 0.130177 0.129504 0.126404 0.123182 0.121977 0.123321 0.128756 0.139317 0.154927 0.171043 0.184672 0.186371 0.173303 0.149654 0.124002 0.104181 0.0941219 0.0895993 0.0879134 0.0890669 0.0924719 0.0954745 0.0990086 0.104245 0.113393 0.125856 0.13509 0.142671 0.156812 0.17078 0.179976 0.192169 0.20974 0.224919 0.239466 0.248046 0.23978 0.231738 0.229079 0.220794 0.212701 0.208807 0.204926 0.20967 0.234421 0.279964 0.315658 0.328978 0.336206 0.370821 0.433486 0.591925 0.824017 0.956637
0.957121 0.806569 0.584882 0.479766 0.396961 0.329212 0.29514 0.278023 0.287233 0.313296 0.326334 0.309236 0.288271 0.280112 0.266162 0.243722 0.218707 0.189375 0.167741 0.153134 0.134753 0.117353 0.109675 0.105066 0.0971768 0.0919434 0.0908026 0.0916374 0.0922927 0.0937566 0.0952091 0.0958806 0.0974347 0.100412 0.10731 0.121006 0.1424 0.162027 0.172081 0.169108 0.153643 0.135905 0.11876 0.105599 0.0959331 0.0923494 0.0914486 0.0908722 0.0929037 0.0965948 0.101517 0.10687 0.111617 0.11524 0.12015 0.125865 0.129856 0.13312 0.134815 0.134052 0.133039 0.132238 0.127809 0.124651 0.122872 0.120782 0.120252 0.128034 0.126612 0.109822 0.109822 0.126612 0.128034 0.120252 0.120782 0.122872 0.124651 0.127809 0.132238 0.133039 0.134052 0.134815 0.13312 0.129856 0.125865 0.12015 0.11524 0.111617 0.10687 0.101517 0.0965948 0.0929037 0.0908722 0.0914486 0.0923494 0.0959331 0.105599 0.11876 0.135905 0.153643 0.169108 0.172081 0.162027 0.1424 0.121006 0.10731 0.100412 0.0974347 0.0958806 0.0952091 0.0937566 0.0922927 0.0916374 0.0908026 0.0919434 0.0971768 0.105066 0.109675 0.117353 0.134753 0.153134 0.167741 0.189375 0.218707 0.243722 0.266162 0.280112 0.288271 0.309236 0.326334 0.313296 0.287233 0.278023 0.29514 0.329212 0.396961 0.479766 0.584882 0.806569 0.957121
0.958063 0.795161 0.561365 0.43352 0.3798 0.380126 0.383918 0.369413 0.341128 0.31667 0.302293 0.306049 0.297997 0.273777 0.229313 0.176705 0.133486 0.117972 0.112344 0.103532 0.098448 0.0952957 0.0933405 0.0924975 0.0917295 0.0907525 0.0903194 0.0913596 0.0924235 0.0965646 0.104668 0.120905 0.146782 0.175055 0.194336 0.197942 0.186401 0.16426 0.139228 0.119098 0.105099 0.0966261 0.0927151 0.0894509 0.0868752 0.0855316 0.0840977 0.0816416 0.0801232 0.0796115 0.0799145 0.0826253 0.0848621 0.0862964 0.0891815 0.0936972 0.098123 0.104913 0.113189 0.11904 0.124964 0.129125 0.132094 0.133803 0.136007 0.132108 0.129847 0.129807 0.128336 0.109972 0.109972 0.128336 0.129807 0.129847 0.132108 0.136007 0.133803 0.132094 0.129125 0.124964 0.11904 0.113189 0.104913 0.098123 0.0936972 0.0891815 0.0862964 0.0848621 0.0826253 0.0799145 0.0796115 0.0801232 0.0816416 0.0840977 0.0855316 0.0868752 0.0894509 0.0927151 0.0966261 0.105099 0.119098 0.139228 0.16426 0.186401 0.197942 0.194336 0.175055 0.146782 0.120905 0.104668 0.0965646 0.0924235 0.0913596 0.0903194 0.0907525 0.0917295 0.0924975 0.0933405 0.0952957 0.098448 0.103532 0.112344 0.117972 0.133486 0.176705 0.229313 0.273777 0.297997 0.306049 0.302293 0.31667 0.341128 0.369413 0.383918 0.380126 0.3798 0.43352 0.561365 0.795161 0.958063
0.960133 0.81238 0.596138 0.475291 0.395503 0.366386 0.360398 0.35129 0.347362 0.324064 0.277704 0.221686 0.181781 0.174519 0.189847 0.208959 0.204959 0.174903 0.137065 0.114181 0.105609 0.101861 0.098727 0.0975843 0.0969751 0.0965162 0.0999493 0.110711 0.128428 0.149619 0.16839 0.176075 0.170558 0.154684 0.135888 0.119425 0.109025 0.103725 0.101564 0.100164 0.0978188 0.0962537 0.0945002 0.0915293 0.0885243 0.0870912 0.085307 0.0825496 0.0811611 0.079712 0.0792416 0.0815474 0.0839422 0.0849697 0.0862915 0.0861944 0.0825834 0.080216 0.0813554 0.0849733 0.0944608 0.104101 0.108742 0.110984 0.116436 0.118564 0.125698 0.132943 0.132198 0.117013 0.117013 0.132198 0.132943 0.125698 0.118564 0.116436 0.110984 0.108742 0.104101 0.0944608 0.0849733 0.0813554 0.080216 0.0825834 0.0861944 0.0862915 0.0849697 0.0839422 0.0815474 0.0792416 0.079712 0.0811611 0.0825496 0.085307 0.0870912 0.0885243 0.0915293 0.0945002 0.0962537 0.0978188 0.100164 0.101564 0.103725 0.109025 0.119425 0.135888 0.154684 0.170558 0.176075 0.16839 0.149619 0.128428 0.110711 0.0999493 0.0965162 0.0969751 0.0975843 0.098727 0.101861 0.105609 0.114181 0.137065 0.174903 0.204959 0.208959 0.189847 0.174519 0.181781 0.221686 0.277704 0.324064 0.347362 0.35129 0.360398 0.366386 0.395503 0.475291 0.596138 0.81238 0.960133
0.963473 0.834804 0.641975 0.50759 0.427687 0.363706 0.303217 0.254421 0.227129 0.219563 0.232733 0.242623 0.240849 0.217565 0.178309 0.156054 0.159662 0.178945 0.196406 0.189012 0.154602 0.119327 0.103578 0.104251 0.116621 0.137063 0.158979 0.17316 0.17281 0.159268 0.136664 0.114032 0.0976369 0.0885022 0.0829613 0.0804994 0.0808574 0.0815436 0.0835387 0.0870524 0.0906671 0.0944668 0.0977793 0.0989983 0.0981328 0.0968251 0.094147 0.0914558 0.0906277 0.0907842 0.092377 0.0959295 0.0975758 0.0966199 0.0967107 0.0974644 0.0982398 0.100903 0.103721 0.103981 0.105407 0.107907 0.108366 0.109635 0.115633 0.117897 0.124405 0.135587 0.137553 0.122566 0.122566 0.137553 0.135587 0.124405 0.117897 0.115633 0.109635 0.108366 0.107907 0.105407 0.103981 0.103721 0.100903 0.0982398 0.0974644 0.0967107 0.0966199 0.0975758 0.0959295 0.092377 0.0907842 0.0906277 0.0914558 0.094147 0.0968251 0.0981328 0.0989983 0.0977793 0.0944668 0.0906671 0.0870524 0.0835387 0.0815436 0.0808574 0.0804994 0.0829613 0.0885022 0.0976369 0.114032 0.136664 0.159268 0.17281 0.17316 0.158979 0.137063 0.116621 0.104251 0.103578 0.119327 0.154602 0.189012 0.196406 0.178945 0.159662 0.156054 0.178309 0.217565 0.240849 0.242623 0.232733 0.219563 0.227129 0.254421 0.303217 0.363706 0.427687 0.50759 0.641975 0.834804 0.963473
0.96614 0.830981 0.592377 0.410231 0.311902 0.267328 0.242443 0.228527 0.223112 0.212156 0.204995 0.207175 0.207469 0.218758 0.239554 0.234767 0.199397 0.167017 0.149053 0.159176 0.194994 0.227978 0.232274 0.218292 0.200205 0.179487 0.157322 0.134074 0.112784 0.0970124 0.0877566 0.0838721 0.0827013 0.0828638 0.0823979 0.0819933 0.0823994 0.082211 0.0820309 0.0822875 0.0829939 0.08515 0.0897416 0.094966 0.0994758 0.104093 0.107449 0.109142 0.109945 0.108871 0.107525 0.107757 0.108796 0.109893 0.114151 0.117469 0.11732 0.118111 0.119166 0.118989 0.122474 0.126379 0.127487 0.129079 0.132875 0.129517 0.125309 0.127869 0.12383 0.106118 0.106118 0.12383 0.127869 0.125309 0.129517 0.132875 0.129079 0.127487 0.126379 0.122474 0.118989 0.119166 0.118111 0.11732 0.117469 0.114151 0.109893 0.108796 0.107757 0.107525 0.108871 0.109945 0.109142 0.107449 0.104093 0.0994758 0.094966 0.0897416 0.08515 0.0829939 0.0822875 0.0820309 0.082211 0.0823994 0.0819933 0.0823979 0.0828638 0.0827013 0.0838721 0.0877566 0.0970124 0.112784 0.134074 0.157322 0.179487 0.200205 0.218292 0.232274 0.227978 0.194994 0.159176 0.149053 0.167017 0.199397 0.234767 0.239554 0.218758 0.207469 0.207175 0.204995 0.212156 0.223112 0.228527 0.242443 0.267328 0.311902 0.410231 0.592377 0.830981 0.96614
0.966463 0.814287 0.591426 0.460991 0.387328 0.326133 0.266779 0.230818 0.215443 0.208841 0.203634 0.205298 0.21796 0.225532 0.228956 0.243823 0.262729 0.278102 0.288498 0.277385 0.255164 0.248871 0.253659 0.251912 0.23494 0.193202 0.142509 0.110596 0.0986107 0.0939453 0.0916142 0.0905657 0.0895876 0.0898315 0.0900317 0.0893211 0.0892196 0.0889423 0.0882979 0.0884078 0.0884208 0.0890366 0.0913593 0.0943189 0.0979198 0.103627 0.109862 0.114581 0.11906 0.123265 0.127549 0.131978 0.134422 0.134145 0.134019 0.133101 0.131433 0.132756 0.133812 0.131388 0.130518 0.129969 0.124573 0.119155 0.116203 0.106394 0.0978975 0.0979229 0.0916375 0.0714017 0.0714017 0.0916375 0.0979229 0.0978975 0.106394 0.116203 0.119155 0.124573 0.129969 0.130518 0.131388 0.133812 0.132756 0.131433 0.133101 0.134019 0.134145 0.134422 0.131978 0.127549 0.123265 0.11906 0.114581 0.109862 0.103627 0.0979198 0.0943189 0.0913593 0.0890366 0.0884208 0.0884078 0.0882979 0.0889423 0.0892196 0.0893211 0.0900317 0.0898315 0.0895876 0.0905657 0.0916142 0.0939453 0.0986107 0.110596 0.142509 0.193202 0.23494 0.251912 0.253659 0.248871 0.255164 0.277385 0.288498 0.278102 0.262729 0.243823 0.228956 0.225532 0.21796 0.205298 0.203634 0.208841 0.215443 0.230818 0.266779 0.326133 0.387328 0.460991 0.591426 0.814287 0.966463
0.967255 0.797436 0.547356 0.390337 0.316811 0.309604 0.312803 0.295998 0.253106 0.210341 0.196433 0.19193 0.186438 0.191446 0.207096 0.23487 0.280445 0.326256 0.354978 0.365142 0.346971 0.298544 0.241175 0.200159 0.184578 0.199293 0.21688 0.207282 0.171784 0.136825 0.114698 0.105462 0.1038 0.102724 0.10143 0.100713 0.09992 0.0995119 0.0992015 0.100025 0.100831 0.102806 0.106652 0.109699 0.111082 0.112361 0.114106 0.117407 0.124578 0.133048 0.13987 0.145246 0.148082 0.147212 0.144865 0.140173 0.13307 0.12651 0.118989 0.110194 0.105609 0.102848 0.0979003 0.0961684 0.0977637 0.0914636 0.0824881 0.0834875 0.0773166 0.0559089 0.0559089 0.0773166 0.0834875 0.0824881 0.0914636 0.0977637 0.0961684 0.0979003 0.102848 0.105609 0.110194 0.118989 0.12651 0.13307 0.140173 0.144865 0.147212 0.148082 0.145246 0.13987 0.133048 0.124578 0.117407 0.114106 0.112361 0.111082 0.109699 0.106652 0.102806 0.100831 0.100025 0.0992015 0.0995119 0.09992 0.100713 0.10143 0.102724 0.1038 0.105462 0.114698 0.136825 0.171784 0.207282 0.21688 0.199293 0.184578 0.200159 0.241175 0.298544 0.346971 0.365142 0.354978 0.326256 0.280445 0.23487 0.207096 0.191446 0.186438 0.19193 0.196433 0.210341 0.253106 0.295998 0.312803 0.309604 0.316811 0.390337 0.547356 0.797436 0.967255
0.969735 0.799358 0.53332 0.363656 0.282678 0.253907 0.238161 0.240033 0.256591 0.269012 0.266118 0.246521 0.233961 0.239526 0.250953 0.254782 0.236077 0.208401 0.19008 0.189078 0.210417 0.249702 0.287723 0.30114 0.27962 0.238944 0.214177 0.216507 0.230437 0.237387 0.215697 0.172285 0.140614 0.127673 0.122202 0.1199 0.11882 0.118812 0.119682 0.122144 0.12475 0.125075 0.126321 0.127208 0.127954 0.131631 0.135787 0.137678 0.136843 0.131428 0.121763 0.115258 0.114683 0.116157 0.117425 0.114795 0.107281 0.100864 0.0975109 0.0956462 0.0980776 0.101097 0.09925 0.0983202 0.10046 0.0939736 0.0872092 0.0906916 0.0869821 0.0651918 0.0651918 0.0869821 0.0906916 0.0872092 0.0939736 0.10046 0.0983202 0.09925 0.101097 0.0980776 0.0956462 0.0975109 0.100864 0.107281 0.114795 0.117425 0.116157 0.114683 0.115258 0.121763 0.131428 0.136843 0.137678 0.135787 0.131631 0.127954 0.127208 0.126321 0.125075 0.12475 0.122144 0.119682 0.118812 0.11882 0.1199 0.122202 0.127673 0.140614 0.172285 0.215697 0.237387 0.230437 0.216507 0.214177 0.238944 0.27962 0.30114 0.287723 0.249702 0.210417 0.189078 0.19008 0.208401 0.236077 0.254782 0.250953 0.239526 0.233961 0.246521 0.266118 0.269012 0.256591 0.240033 0.238161 0.253907 0.282678 0.363656 0.53332 0.799358 0.969735
0.973135 0.805665 0.532656 0.361471 0.281656 0.248681 0.228799 0.220173 0.225113 0.247288 0.291393 0.332652 0.340114 0.30088 0.241606 0.196957 0.165849 0.149407 0.144488 0.145013 0.146157 0.1478 0.158377 0.185942 0.227732 0.266263 0.279884 0.266211 0.24391 0.237393 0.251398 0.265584 0.254916 0.21873 0.177908 0.153971 0.144114 0.14159 0.140924 0.140061 0.140967 0.142817 0.147277 0.149979 0.141588 0.12781 0.118532 0.115326 0.116152 0.118041 0.116898 0.107877 0.0959043 0.0886847 0.088189 0.0923203 0.0971074 0.102896 0.109865 0.113837 0.115485 0.115595 0.112526 0.111488 0.112595 0.107457 0.103613 0.108684 0.10555 0.0846613 0.0846613 0.10555 0.108684 0.103613 0.107457 0.112595 0.111488 0.112526 0.115595 0.115485 0.113837 0.109865 0.102896 0.0971074 0.0923203 0.088189 0.0886847 0.0959043 0.107877 0.116898 0.118041 0.116152 0.115326 0.118532 0.12781 0.141588 0.149979 0.147277 0.142817 0.140967 0.140061 0.140924 0.14159 0.144114 0.153971 0.177908 0.21873 0.254916 0.265584 0.251398 0.237393 0.24391 0.266211 0.279884 0.266263 0.227732 0.185942 0.158377 0.1478 0.146157 0.145013 0.144488 0.149407 0.165849 0.196957 0.241606 0.30088 0.340114 0.332652 0.291393 0.247288 0.225113 0.220173 0.228799 0.248681 0.281656 0.361471 0.532656 0.805665 0.973135
0.977095 0.806094 0.52922 0.368245 0.299938 0.274817 0.270964 0.279757 0.289161 0.284778 0.264444 0.234654 0.219183 0.226286 0.241293 0.239588 0.211515 0.178189 0.155234 0.144332 0.142922 0.141122 0.138892 0.141689 0.149307 0.164282 0.191698 0.225978 0.247976 0.24734 0.23617 0.233903 0.252368 0.281477 0.293037 0.268169 0.222728 0.183695 0.159369 0.140656 0.132392 0.133899 0.134107 0.13188 0.13056 0.133598 0.133748 0.117767 0.101777 0.101789 0.104692 0.105211 0.107267 0.107993 0.107926 0.108934 0.108107 0.10639 0.107941 0.110201 0.113659 0.119645 0.123146 0.124382 0.125335 0.122411 0.120013 0.126218 0.124858 0.105651 0.105651 0.124858 0.126218 0.120013 0.122411 0.125335 0.124382 0.123146 0.119645 0.113659 0.110201 0.107941 0.10639 0.108107 0.108934 0.107926 0.107993 0.107267 0.105211 0.104692 0.101789 0.101777 0.117767 0.133748 0.133598 0.13056 0.13188 0.134107 0.133899 0.132392 0.140656 0.159369 0.183695 0.222728 0.268169 0.293037 0.281477 0.252368 0.233903 0.23617 0.24734 0.247976 0.225978 0.191698 0.164282 0.149307 0.141689 0.138892 0.141122 0.142922 0.144332 0.155234 0.178189 0.211515 0.239588 0.241293 0.226286 0.219183 0.234654 0.264444 0.284778 0.289161 0.279757 0.270964 0.274817 0.299938 0.368245 0.52922 0.806094 0.977095
0.9808 0.810259 0.551477 0.403024 0.355995 0.342459 0.332018 0.301921 0.254998 0.222525 0.204372 0.19151 0.183191 0.179353 0.185218 0.204125 0.231815 0.25093 0.240507 0.210596 0.182326 0.163979 0.154501 0.151379 0.151896 0.154415 0.155037 0.162616 0.181575 0.209779 0.23486 0.237955 0.221656 0.207831 0.217946 0.251978 0.286728 0.291266 0.261905 0.219908 0.18772 0.169902 0.151679 0.124944 0.111894 0.107951 0.100951 0.0954931 0.0972818 0.0971905 0.0974057 0.0995261 0.101166 0.102298 0.103939 0.103909 0.10337 0.102518 0.10158 0.100571 0.0980267 0.0986454 0.101311 0.104902 0.11231 0.116878 0.118957 0.123386 0.12194 0.106789 0.106789 0.12194 0.123386 0.118957 0.116878 0.11231 0.104902 0.101311 0.0986454 0.0980267 0.100571 0.10158 0.102518 0.10337 0.103909 0.103939 0.102298 0.101166 0.0995261 0.0974057 0.0971905 0.0972818 0.0954931 0.100951 0.107951 0.111894 0.124944 0.151679 0.169902 0.18772 0.219908 0.261905 0.291266 0.286728 0.251978 0.217946 0.207831 0.221656 0.237955 0.23486 0.209779 0.181575 0.162616 0.155037 0.154415 0.151896 0.151379 0.154501 0.163979 0.182326 0.210596 0.240507 0.25093 0.231815 0.204125 0.185218 0.179353 0.183191 0.19151 0.204372 0.222525 0.254998 0.301921 0.332018 0.342459 0.355995 0.403024 0.551477 0.810259 0.9808
0.978824 0.818999 0.593627 0.45665 0.372732 0.315419 0.284779 0.255102 0.23612 0.223249 0.20886 0.198784 0.190561 0.181571 0.175874 0.171139 0.168677 0.174099 0.192761 0.217822 0.223956 0.201878 0.171847 0.151089 0.14378 0.144432 0.14245 0.138732 0.136823 0.143275 0.159706 0.185998 0.217674 0.2337 0.226616 0.212991 0.213974 0.236603 0.271626 0.290904 0.27555 0.243436 0.220453 0.20359 0.191894 0.181765 0.166675 0.156531 0.150527 0.142589 0.140369 0.140238 0.134653 0.131554 0.130171 0.129712 0.128779 0.131211 0.131268 0.13204 0.136236 0.139063 0.141391 0.14226 0.143096 0.143353 0.140427 0.146805 0.153696 0.144633 0.144633 0.153696 0.146805 0.140427 0.143353 0.143096 0.14226 0.141391 0.139063 0.136236 0.13204 0.131268 0.131211 0.128779 0.129712 0.130171 0.131554 0.134653 0.140238 0.140369 0.142589 0.150527 0.156531 0.166675 0.181765 0.191894 0.20359 0.220453 0.243436 0.27555 0.290904 0.271626 0.236603 0.213974 0.212991 0.226616 0.2337 0.217674 0.185998 0.159706 0.143275 0.136823 0.138732 0.14245 0.144432 0.14378 0.151089 0.171847 0.201878 0.223956 0.217822 0.192761 0.174099 0.168677 0.171139 0.175874 0.181571 0.190561 0.198784 0.20886 0.223249 0.23612 0.255102 0.284779 0.315419 0.372732 0.45665 0.593627 0.818999 0.978824
0.978222 0.837059 0.595604 0.449184 0.379665 0.335152 0.301266 0.27355 0.255926 0.240243 0.222615 0.213386 0.206544 0.198493 0.194232 0.190791 0.187207 0.184639 0.181225 0.183332 0.20005 0.231304 0.257703 0.253807 0.226627 0.197118 0.178468 0.169379 0.163364 0.160661 0.15969 0.160957 0.172757 0.197295 0.22713 0.24469 0.233533 0.200497 0.175847 0.182402 0.215196 0.245655 0.249539 0.233621 0.222547 0.224747 0.227274 0.224466 0.215027 0.201418 0.186194 0.176068 0.162723 0.153876 0.148574 0.143866 0.139668 0.140176 0.142051 0.141291 0.144326 0.144697 0.14359 0.147567 0.15143 0.151535 0.156027 0.158042 0.157346 0.149242 0.149242 0.157346 0.158042 0.156027 0.151535 0.15143 0.147567 0.14359 0.144697 0.144326 0.141291 0.142051 0.140176 0.139668 0.143866 0.148574 0.153876 0.162723 0.176068 0.186194 0.201418 0.215027 0.224466 0.227274 0.224747 0.222547 0.233621 0.249539 0.245655 0.215196 0.182402 0.175847 0.200497 0.233533 0.24469 0.22713 0.197295 0.172757 0.160957 0.15969 0.160661 0.163364 0.169379 0.178468 0.197118 0.226627 0.253807 0.257703 0.231304 0.20005 0.183332 0.181225 0.184639 0.187207 0.190791 0.194232 0.198493 0.206544 0.213386 0.222615 0.240243 0.255926 0.27355 0.301266 0.335152 0.379665 0.449184 0.595604 0.837059 0.978222
0.980936 0.815812 0.566257 0.443726 0.401923 0.363145 0.311423 0.279295 0.254983 0.23294 0.220398 0.211976 0.201958 0.19387 0.18693 0.178433 0.171416 0.166938 0.16465 0.167302 0.17373 0.17905 0.190176 0.219808 0.258443 0.273221 0.25772 0.233085 0.214676 0.207522 0.205604 0.204266 0.203175 0.200258 0.201478 0.214415 0.238482 0.26275 0.263621 0.236828 0.206854 0.201639 0.224421 0.250691 0.253948 0.235341 0.218623 0.221117 0.235497 0.247757 0.25559 0.25533 0.247106 0.234146 0.222861 0.206357 0.194049 0.179898 0.172272 0.164532 0.160232 0.155748 0.149344 0.145729 0.141406 0.14014 0.135581 0.131583 0.129513 0.114546 0.114546 0.129513 0.131583 0.135581 0.14014 0.141406 0.145729 0.149344 0.155748 0.160232 0.164532 0.172272 0.179898 0.194049 0.206357 0.222861 0.234146 0.247106 0.25533 0.25559 0.247757 0.235497 0.221117 0.218623 0.235341 0.253948 0.250691 0.224421 0.201639 0.206854 0.236828 0.263621 0.26275 0.238482 0.214415 0.201478 0.200258 0.203175 0.204266 0.205604 0.207522 0.214676 0.233085 0.25772 0.273221 0.258443 0.219808 0.190176 0.17905 0.17373 0.167302 0.16465 0.166938 0.171416 0.178433 0.18693 0.19387 0.201958 0.211976 0.220398 0.23294 0.254983 0.279295 0.311423 0.363145 0.401923 0.443726 0.566257 0.815812 0.980936
0.972007 0.795543 0.507855 0.365217 0.309319 0.303455 0.301776 0.291358 0.264702 0.231181 0.20825 0.190369 0.178533 0.17138 0.167211 0.16471 0.161838 0.160719 0.160916 0.162456 0.165258 0.168418 0.169134 0.169608 0.175099 0.190891 0.225027 0.254246 0.250171 0.223634 0.190319 0.162819 0.148225 0.141671 0.138996 0.138732 0.142655 0.157088 0.183482 0.215504 0.231707 0.223576 0.206166 0.20364 0.231695 0.274477 0.29278 0.275291 0.250293 0.23677 0.23574 0.242384 0.254701 0.267186 0.27403 0.275044 0.269009 0.259616 0.249755 0.244763 0.234704 0.22947 0.214424 0.20353 0.184337 0.183293 0.203837 0.211992 0.200974 0.167432 0.167432 0.200974 0.211992 0.203837 0.183293 0.184337 0.20353 0.214424 0.22947 0.234704 0.244763 0.249755 0.259616 0.269009 0.275044 0.27403 0.267186 0.254701 0.242384 0.23574 0.23677 0.250293 0.275291 0.29278 0.274477 0.231695 0.20364 0.206166 0.223576 0.231707 0.215504 0.183482 0.157088 0.142655 0.138732 0.138996 0.141671 0.148225 0.162819 0.190319 0.223634 0.250171 0.254246 0.225027 0.190891 0.175099 0.169608 0.169134 0.168418 0.165258 0.162456 0.160916 0.160719 0.161838 0.16471 0.167211 0.17138 0.178533 0.190369 0.20825 0.231181 0.264702 0.291358 0.301776 0.303455 0.309319 0.365217 0.507855 0.795543 0.972007
0.972843 0.795368 0.498495 0.335605 0.271439 0.243141 0.233035 0.232975 0.250345 0.265943 0.263432 0.242861 0.215789 0.194642 0.181127 0.172017 0.164383 0.159574 0.157054 0.154364 0.152732 0.151272 0.150219 0.149734 0.149476 0.149687 0.152058 0.163844 0.192263 0.22494 0.230034 0.20774 0.182837 0.168711 0.162734 0.158758 0.157775 0.159921 0.164652 0.17759 0.202681 0.234782 0.25415 0.243244 0.212648 0.193641 0.203321 0.232598 0.246386 0.228218 0.196988 0.177572 0.179026 0.186992 0.195696 0.216417 0.233601 0.243703 0.255112 0.257821 0.25303 0.241409 0.242519 0.236211 0.228467 0.222952 0.219317 0.216106 0.213369 0.197646 0.197646 0.213369 0.216106 0.219317 0.222952 0.228467 0.236211 0.242519 0.241409 0.25303 0.257821 0.255112 0.243703 0.233601 0.216417 0.195696 0.186992 0.179026 0.177572 0.196988 0.228218 0.246386 0.232598 0.203321 0.193641 0.212648 0.243244 0.25415 0.234782 0.202681 0.17759 0.164652 0.159921 0.157775 0.158758 0.162734 0.168711 0.182837 0.20774 0.230034 0.22494 0.192263 0.163844 0.152058 0.149687 0.149476 0.149734 0.150219 0.151272 0.152732 0.154364 0.157054 0.159574 0.164383 0.172017 0.181127 0.194642 0.215789 0.242861 0.263432 0.265943 0.250345 0.232975 0.233035 0.243141 0.271439 0.335605 0.498495 0.795368 0.972843
0.973977 0.79626 0.501109 0.351104 0.294383 0.269289 0.257344 0.240022 0.237284 0.246095 0.26255 0.279842 0.283035 0.264932 0.232026 0.200548 0.180331 0.171921 0.169051 0.164509 0.159749 0.15751 0.156938 0.157446 0.158292 0.156465 0.152086 0.146476 0.141339 0.144237 0.167025 0.204429 0.224124 0.211809 0.187395 0.168974 0.160947 0.156503 0.154056 0.154747 0.158334 0.168698 0.191886 0.226223 0.252784 0.251976 0.227662 0.206493 0.213715 0.245094 0.267399 0.255925 0.225864 0.206736 0.204827 0.201788 0.177943 0.152915 0.16919 0.198275 0.214797 0.229894 0.225372 0.218293 0.198206 0.172596 0.142222 0.130122 0.116914 0.084028 0.084028 0.116914 0.130122 0.142222 0.172596 0.198206 0.218293 0.225372 0.229894 0.214797 0.198275 0.16919 0.152915 0.177943 0.201788 0.204827 0.206736 0.225864 0.255925 0.267399 0.245094 0.213715 0.206493 0.227662 0.251976 0.252784 0.226223 0.191886 0.168698 0.158334 0.154747 0.154056 0.156503 0.160947 0.168974 0.187395 0.211809 0.224124 0.204429 0.167025 0.144237 0.141339 0.146476 0.152086 0.156465 0.158292 0.157446 0.156938 0.15751 0.159749 0.164509 0.169051 0.171921 0.180331 0.200548 0.232026 0.264932 0.283035 0.279842 0.26255 0.246095 0.237284 0.240022 0.257344 0.269289 0.294383 0.351104 0.501109 0.79626 0.973977
0.986131 0.816565 0.536658 0.4061 0.340733 0.300565 0.280219 0.261409 0.254005 0.248802 0.245022 0.24868 0.253496 0.266409 0.278318 0.274266 0.252668 0.228372 0.211354 0.202393 0.201011 0.201726 0.200587 0.196114 0.18883 0.183498 0.177947 0.173733 0.170495 0.168189 0.168069 0.170985 0.187814 0.226169 0.257812 0.255752 0.234188 0.213236 0.199417 0.19098 0.184793 0.180844 0.174676 0.166658 0.168714 0.182251 0.197192 0.192173 0.165249 0.142399 0.145902 0.175227 0.198141 0.186967 0.155542 0.130847 0.118788 0.114134 0.110136 0.110885 0.120824 0.138259 0.16222 0.180467 0.202122 0.213974 0.218927 0.217593 0.210646 0.185075 0.185075 0.210646 0.217593 0.218927 0.213974 0.202122 0.180467 0.16222 0.138259 0.120824 0.110885 0.110136 0.114134 0.118788 0.130847 0.155542 0.186967 0.198141 0.175227 0.145902 0.142399 0.165249 0.192173 0.197192 0.182251 0.168714 0.166658 0.174676 0.180844 0.184793 0.19098 0.199417 0.213236 0.234188 0.255752 0.257812 0.226169 0.187814 0.170985 0.168069 0.168189 0.170495 0.173733 0.177947 0.183498 0.18883 0.196114 0.200587 0.201726 0.201011 0.202393 0.211354 0.228372 0.252668 0.274266 0.278318 0.266409 0.253496 0.24868 0.245022 0.248802 0.254005 0.261409 0.280219 0.300565 0.340733 0.4061 0.536658 0.816565 0.986131
0.989452 0.816673 0.54263 0.424729 0.367449 0.333293 0.318953 0.305645 0.295077 0.274878 0.250859 0.234054 0.223471 0.219826 0.228326 0.251279 0.274666 0.281623 0.26688 0.235207 0.206765 0.189676 0.180012 0.175482 0.175261 0.180061 0.187175 0.191647 0.188016 0.174541 0.153055 0.132888 0.118821 0.113292 0.122596 0.157421 0.196257 0.200818 0.179109 0.157387 0.144037 0.135865 0.1313 0.128593 0.128188 0.132957 0.149002 0.178199 0.207681 0.214489 0.191792 0.164421 0.161673 0.18775 0.211114 0.200328 0.166951 0.13838 0.125565 0.120751 0.124426 0.128638 0.135604 0.146395 0.158068 0.182126 0.197307 0.229063 0.243093 0.246942 0.246942 0.243093 0.229063 0.197307 0.182126 0.158068 0.146395 0.135604 0.128638 0.124426 0.120751 0.125565 0.13838 0.166951 0.200328 0.211114 0.18775 0.161673 0.164421 0.191792 0.214489 0.207681 0.178199 0.149002 0.132957 0.128188 0.128593 0.1313 0.135865 0.144037 0.157387 0.179109 0.200818 0.196257 0.157421 0.122596 0.113292 0.118821 0.132888 0.153055 0.174541 0.188016 0.191647 0.187175 0.180061 0.175261 0.175482 0.180012 0.189676 0.206765 0.235207 0.26688 0.281623 0.274666 0.251279 0.228326 0.219826 0.223471 0.234054 0.250859 0.274878 0.295077 0.305645 0.318953 0.333293 0.367449 0.424729 0.54263 0.816673 0.989452
0.982268 0.810888 0.541262 0.413047 0.347699 0.308338 0.284868 0.270271 0.26725 0.263946 0.266936 0.280883 0.293212 0.298921 0.299776 0.292015 0.281493 0.284374 0.294344 0.298061 0.281952 0.245741 0.20666 0.178042 0.160043 0.14998 0.144186 0.140178 0.136955 0.135647 0.135073 0.134333 0.132637 0.130266 0.127305 0.125213 0.128037 0.152132 0.192903 0.2033 0.183333 0.159283 0.142089 0.129365 0.120293 0.113798 0.113607 0.118298 0.136277 0.169343 0.203933 0.212769 0.193547 0.166659 0.163287 0.190872 0.216055 0.208167 0.177656 0.151577 0.144081 0.149395 0.158486 0.17302 0.193215 0.206523 0.221442 0.229921 0.225516 0.190442 0.190442 0.225516 0.229921 0.221442 0.206523 0.193215 0.17302 0.158486 0.149395 0.144081 0.151577 0.177656 0.208167 0.216055 0.190872 0.163287 0.166659 0.193547 0.212769 0.203933 0.169343 0.136277 0.118298 0.113607 0.113798 0.120293 0.129365 0.142089 0.159283 0.183333 0.2033 0.192903 0.152132 0.128037 0.125213 0.127305 0.130266 0.132637 0.134333 0.135073 0.135647 0.136955 0.140178 0.144186 0.14998 0.160043 0.178042 0.20666 0.245741 0.281952 0.298061 0.294344 0.284374 0.281493 0.292015 0.299776 0.298921 0.293212 0.280883 0.266936 0.263946 0.26725 0.270271 0.284868 0.308338 0.347699 0.413047 0.541262 0.810888 0.982268
0.975221 0.818492 0.55967 0.413797 0.3451 0.309789 0.288173 0.273182 0.261518 0.254251 0.251038 0.246866 0.239488 0.23033 0.225352 0.222021 0.21858 0.215434 0.215942 0.233803 0.260911 0.278166 0.274751 0.256155 0.239211 0.222526 0.20763 0.191892 0.167832 0.143037 0.120984 0.104159 0.0962056 0.0928865 0.0910251 0.0885523 0.0886427 0.0909476 0.0937815 0.116205 0.164646 0.188619 0.175749 0.157159 0.143377 0.13554 0.130378 0.126672 0.124691 0.128179 0.142042 0.170069 0.202758 0.213421 0.195659 0.169038 0.167251 0.200646 0.23951 0.243304 0.228411 0.216589 0.213646 0.211047 0.204746 0.18558 0.168082 0.161438 0.152035 0.120903 0.120903 0.152035 0.161438 0.168082 0.18558 0.204746 0.211047 0.213646 0.216589 0.228411 0.243304 0.23951 0.200646 0.167251 0.169038 0.195659 0.213421 0.202758 0.170069 0.142042 0.128179 0.124691 0.126672 0.130378 0.13554 0.143377 0.157159 0.175749 0.188619 0.164646 0.116205 0.0937815 0.0909476 0.0886427 0.0885523 0.0910251 0.0928865 0.0962056 0.104159 0.120984 0.143037 0.167832 0.191892 0.20763 0.222526 0.239211 0.256155 0.274751 0.278166 0.260911 0.233803 0.215942 0.215434 0.21858 0.222021 0.225352 0.23033 0.239488 0.246866 0.251038 0.254251 0.261518 0.273182 0.288173 0.309789 0.3451 0.413797 0.55967 0.818492 0.975221
0.969386 0.801248 0.539538 0.396703 0.330314 0.305487 0.290575 0.2823 0.279704 0.27119 0.255126 0.233895 0.219934 0.21573 0.212362 0.203896 0.193426 0.184683 0.17803 0.175123 0.178369 0.191389 0.215268 0.238074 0.24516 0.232661 0.206844 0.183766 0.168719 0.163924 0.166223 0.171947 0.177779 0.1794 0.177682 0.172258 0.163348 0.15032 0.136936 0.124855 0.117357 0.123917 0.166142 0.187083 0.168833 0.14717 0.137178 0.128741 0.123988 0.120296 0.118551 0.124309 0.138574 0.170333 0.210194 0.235378 0.229825 0.216712 0.228235 0.261386 0.288103 0.266463 0.213183 0.165289 0.138913 0.121473 0.116432 0.120873 0.121625 0.096749 0.096749 0.121625 0.120873 0.116432 0.121473 0.138913 0.165289 0.213183 0.266463 0.288103 0.261386 0.228235 0.216712 0.229825 0.235378 0.210194 0.170333 0.138574 0.124309 0.118551 0.120296 0.123988 0.128741 0.137178 0.14717 0.168833 0.187083 0.166142 0.123917 0.117357 0.124855 0.136936 0.15032 0.163348 0.172258 0.177682 0.1794 0.177779 0.171947 0.166223 0.163924 0.168719 0.183766 0.206844 0.232661 0.24516 0.238074 0.215268 0.191389 0.178369 0.175123 0.17803 0.184683 0.193426 0.203896 0.212362 0.21573 0.219934 0.233895 0.255126 0.27119 0.279704 0.2823 0.290575 0.305487 0.330314 0.396703 0.539538 0.801248 0.969386
0.967818 0.779987 0.515173 0.373387 0.30367 0.275936 0.254071 0.239707 0.231898 0.221136 0.218752 0.215297 0.210334 0.206813 0.204578 0.204979 0.203112 0.204499 0.21001 0.21253 0.202051 0.17784 0.161184 0.168918 0.197213 0.225099 0.240935 0.236488 0.213484 0.187041 0.168696 0.160728 0.160442 0.162249 0.162357 0.162483 0.164502 0.165169 0.165719 0.163645 0.161301 0.161576 0.16854 0.170893 0.206702 0.229069 0.203509 0.173772 0.162158 0.147859 0.148729 0.149862 0.163781 0.177542 0.208636 0.248403 0.286099 0.290943 0.256024 0.201408 0.179499 0.190137 0.206288 0.189335 0.158265 0.12799 0.112738 0.115781 0.113957 0.0890385 0.0890385 0.113957 0.115781 0.112738 0.12799 0.158265 0.189335 0.206288 0.190137 0.179499 0.201408 0.256024 0.290943 0.286099 0.248403 0.208636 0.177542 0.163781 0.149862 0.148729 0.147859 0.162158 0.173772 0.203509 0.229069 0.206702 0.170893 0.16854 0.161576 0.161301 0.163645 0.165719 0.165169 0.164502 0.162483 0.162357 0.162249 0.160442 0.160728 0.168696 0.187041 0.213484 0.236488 0.240935 0.225099 0.197213 0.168918 0.161184 0.17784 0.202051 0.21253 0.21001 0.204499 0.203112 0.204979 0.204578 0.206813 0.210334 0.215297 0.218752 0.221136 0.231898 0.239707 0.254071 0.275936 0.30367 0.373387 0.515173 0.779987 0.967818
0.972331 0.784347 0.512684 0.372631 0.304235 0.264269 0.235593 0.212589 0.195044 0.185658 0.180746 0.171893 0.16193 0.152444 0.148872 0.150484 0.149603 0.15038 0.152672 0.157742 0.167666 0.176564 0.182392 0.189728 0.202061 0.220237 0.242254 0.26478 0.277841 0.265976 0.223022 0.170072 0.131308 0.110333 0.105056 0.106616 0.111243 0.117947 0.128725 0.142846 0.154208 0.161551 0.166959 0.17055 0.17725 0.185328 0.216859 0.25805 0.245216 0.250674 0.253451 0.265302 0.265998 0.256295 0.240742 0.215549 0.197688 0.206128 0.220757 0.219736 0.19588 0.162083 0.155111 0.181492 0.210358 0.190865 0.161681 0.148252 0.130354 0.0939632 0.0939632 0.130354 0.148252 0.161681 0.190865 0.210358 0.181492 0.155111 0.162083 0.19588 0.219736 0.220757 0.206128 0.197688 0.215549 0.240742 0.256295 0.265998 0.265302 0.253451 0.250674 0.245216 0.25805 0.216859 0.185328 0.17725 0.17055 0.166959 0.161551 0.154208 0.142846 0.128725 0.117947 0.111243 0.106616 0.105056 0.110333 0.131308 0.170072 0.223022 0.265976 0.277841 0.26478 0.242254 0.220237 0.202061 0.189728 0.182392 0.176564 0.167666 0.157742 0.152672 0.15038 0.149603 0.150484 0.148872 0.152444 0.16193 0.171893 0.180746 0.185658 0.195044 0.212589 0.235593 0.264269 0.304235 0.372631 0.512684 0.784347 0.972331
0.97856 0.796099 0.521784 0.369892 0.28632 0.24746 0.224995 0.213789 0.20175 0.194055 0.183109 0.173216 0.16504 0.158072 0.1539 0.150869 0.144789 0.138732 0.134124 0.128328 0.123457 0.119774 0.116588 0.11474 0.114571 0.113463 0.124187 0.142758 0.170177 0.204636 0.237764 0.252944 0.245397 0.226416 0.204234 0.195453 0.193835 0.18483 0.170839 0.150592 0.137058 0.126198 0.12856 0.134234 0.146675 0.163879 0.190045 0.215305 0.244068 0.265417 0.275023 0.271639 0.256557 0.239396 0.226172 0.212607 0.207612 0.205369 0.210752 0.232711 0.266363 0.267768 0.238558 0.206264 0.207735 0.227934 0.252213 0.247219 0.221468 0.143706 0.143706 0.221468 0.247219 0.252213 0.227934 0.207735 0.206264 0.238558 0.267768 0.266363 0.232711 0.210752 0.205369 0.207612 0.212607 0.226172 0.239396 0.256557 0.271639 0.275023 0.265417 0.244068 0.215305 0.190045 0.163879 0.146675 0.134234 0.12856 0.126198 0.137058 0.150592 0.170839 0.18483 0.193835 0.195453 0.204234 0.226416 0.245397 0.252944 0.237764 0.204636 0.170177 0.142758 0.124187 0.113463 0.114571 0.11474 0.116588 0.119774 0.123457 0.128328 0.134124 0.138732 0.144789 0.150869 0.1539 0.158072 0.16504 0.173216 0.183109 0.194055 0.20175 0.213789 0.224995 0.24746 0.28632 0.369892 0.521784 0.796099 0.97856
0.983475 0.818388 0.600869 0.521734 0.45244 0.387365 0.343471 0.306166 0.280503 0.260933 0.244263 0.232077 0.222853 0.208709 0.197835 0.193115 0.185582 0.183879 0.183823 0.181458 0.180902 0.180326 0.175949 0.175675 0.176802 0.176674 0.177129 0.183367 0.185734 0.195479 0.218147 0.243734 0.276795 0.291506 0.287317 0.26239 0.240792 0.229906 0.222407 0.234124 0.251593 0.268744 0.288193 0.299154 0.311296 0.313094 0.305918 0.28073 0.256805 0.236504 0.248863 0.280957 0.304536 0.285392 0.248554 0.229739 0.221014 0.227847 0.244966 0.259736 0.286517 0.334276 0.371439 0.384148 0.369607 0.331193 0.321101 0.355535 0.381887 0.297825 0.297825 0.381887 0.355535 0.321101 0.331193 0.369607 0.384148 0.371439 0.334276 0.286517 0.259736 0.244966 0.227847 0.221014 0.229739 0.248554 0.285392 0.304536 0.280957 0.248863 0.236504 0.256805 0.28073 0.305918 0.313094 0.311296 0.299154 0.288193 0.268744 0.251593 0.234124 0.222407 0.229906 0.240792 0.26239 0.287317 0.291506 0.276795 0.243734 0.218147 0.195479 0.185734 0.183367 0.177129 0.176674 0.176802 0.175675 0.175949 0.180326 0.180902 0.181458 0.183823 0.183879 0.185582 0.193115 0.197835 0.208709 0.222853 0.232077 0.244263 0.260933 0.280503 0.306166 0.343471 0.387365 0.45244 0.521734 0.600869 0.818388 0.983475
0.982295 0.86792 0.710398 0.629552 0.602683 0.602563 0.584171 0.543904 0.504561 0.467537 0.446679 0.434152 0.422163 0.413895 0.406544 0.398081 0.392191 0.384276 0.376803 0.36798 0.360754 0.355121 0.350355 0.344862 0.338276 0.333336 0.33064 0.327404 0.324916 0.321934 0.324358 0.329954 0.342435 0.363074 0.383164 0.392498 0.384768 0.369612 0.358268 0.358212 0.373786 0.397916 0.424689 0.445463 0.45429 0.454283 0.444505 0.435133 0.428283 0.422995 0.419869 0.401576 0.390943 0.433833 0.450547 0.439319 0.428445 0.415611 0.406658 0.396894 0.387001 0.38985 0.406048 0.439933 0.482043 0.501618 0.476901 0.458024 0.429822 0.409521 0.409521 0.429822 0.458024 0.476901 0.501618 0.482043 0.439933 0.406048 0.38985 0.387001 0.396894 0.406658 0.415611 0.428445 0.439319 0.450547 0.433833 0.390943 0.401576 0.419869 0.422995 0.428283 0.435133 0.444505 0.454283 0.45429 0.445463 0.424689 0.397916 0.373786 0.358212 0.358268 0.369612 0.384768 0.392498 0.383164 0.363074 0.342435 0.329954 0.324358 0.321934 0.324916 0.327404 0.33064 0.333336 0.338276 0.344862 0.350355 0.355121 0.360754 0.36798 0.376803 0.384276 0.392191 0.398081 0.406544 0.413895 0.422163 0.434152 0.446679 0.467537 0.504561 0.543904 0.584171 0.602563 0.602683 0.629552 0.710398 0.86792 0.982295
0.976605 0.841564 0.647393 0.555272 0.485055 0.453185 0.462847 0.491618 0.504901 0.4918 0.47598 0.462563 0.455036 0.44591 0.446826 0.442923 0.436249 0.432281 0.427425 0.424392 0.420121 0.419603 0.421596 0.424195 0.425071 0.425331 0.428916 0.432659 0.433532 0.435174 0.438692 0.430425 0.433554 0.45928 0.487531 0.526416 0.561036 0.579188 0.579065 0.560541 0.538333 0.510683 0.481202 0.447385 0.424199 0.402382 0.385878 0.376473 0.370136 0.371536 0.380537 0.39081 0.400837 0.408263 0.412265 0.414492 0.407924 0.396386 0.384205 0.366815 0.346306 0.342354 0.338399 0.344781 0.368711 0.404439 0.425615 0.444015 0.457588 0.388177 0.388177 0.457588 0.444015 0.425615 0.404439 0.368711 0.344781 0.338399 0.342354 0.346306 0.366815 0.384205 0.396386 0.407924 0.414492 0.412265 0.408263 0.400837 0.39081 0.380537 0.371536 0.370136 0.376473 0.385878 0.402382 0.424199 0.447385 0.481202 0.510683 0.538333 0.560541 0.579065 0.579188 0.561036 0.526416 0.487531 0.45928 0.433554 0.430425 0.438692 0.435174 0.433532 0.432659 0.428916 0.425331 0.425071 0.424195 0.421596 0.419603 0.420121 0.424392 0.427425 0.432281 0.436249 0.442923 0.446826 0.44591 0.455036 0.462563 0.47598 0.4918 0.504901 0.491618 0.462847 0.453185 0.485055 0.555272 0.647393 0.841564 0.976605
0.980935 0.830922 0.626866 0.514245 0.442184 0.413406 0.379591 0.365431 0.356509 0.37776 0.392165 0.375778 0.365468 0.356971 0.350818 0.3438 0.338798 0.338255 0.337538 0.338301 0.337944 0.337652 0.338285 0.333582 0.332397 0.327894 0.320978 0.315174 0.316344 0.316937 0.327976 0.340417 0.354268 0.370033 0.39185 0.41727 0.452832 0.491237 0.513863 0.51632 0.481286 0.434923 0.390794 0.362097 0.349444 0.349377 0.345278 0.340929 0.334772 0.330926 0.326722 0.321319 0.313799 0.303562 0.292474 0.299367 0.328906 0.367195 0.362471 0.342532 0.361204 0.387442 0.396114 0.399867 0.417405 0.442899 0.479154 0.509388 0.528728 0.410955 0.410955 0.528728 0.509388 0.479154 0.442899 0.417405 0.399867 0.396114 0.387442 0.361204 0.342532 0.362471 0.367195 0.328906 0.299367 0.292474 0.303562 0.313799 0.321319 0.326722 0.330926 0.334772 0.340929 0.345278 0.349377 0.349444 0.362097 0.390794 0.434923 0.481286 0.51632 0.513863 0.491237 0.452832 0.41727 0.39185 0.370033 0.354268 0.340417 0.327976 0.316937 0.316344 0.315174 0.320978 0.327894 0.332397 0.333582 0.338285 0.337652 0.337944 0.338301 0.337538 0.338255 0.338798 0.3438 0.350818 0.356971 0.365468 0.375778 0.392165 0.37776 0.356509 0.365431 0.379591 0.413406 0.442184 0.514245 0.626866 0.830922 0.980935
0.988338 0.863422 0.70161 0.605691 0.53562 0.491758 0.45857 0.43178 0.410041 0.394195 0.379546 0.363223 0.351549 0.337967 0.296241 0.267117 0.258671 0.245087 0.231216 0.21975 0.207152 0.202721 0.19377 0.187301 0.187564 0.18506 0.18468 0.192044 0.202587 0.21201 0.218816 0.232033 0.245478 0.249525 0.250527 0.255171 0.253332 0.241024 0.241075 0.244412 0.26579 0.279301 0.264063 0.236961 0.210004 0.190506 0.190725 0.196684 0.215879 0.241712 0.267937 0.291976 0.324464 0.343999 0.360863 0.374151 0.38529 0.3983 0.411262 0.42349 0.419179 0.430564 0.450158 0.488351 0.535746 0.551682 0.525309 0.507822 0.478412 0.437608 0.437608 0.478412 0.507822 0.525309 0.551682 0.535746 0.488351 0.450158 0.430564 0.419179 0.42349 0.411262 0.3983 0.38529 0.374151 0.360863 0.343999 0.324464 0.291976 0.267937 0.241712 0.215879 0.196684 0.190725 0.190506 0.210004 0.236961 0.264063 0.279301 0.26579 0.244412 0.241075 0.241024 0.253332 0.255171 0.250527 0.249525 0.245478 0.232033 0.218816 0.21201 0.202587 0.192044 0.18468 0.18506 0.187564 0.187301 0.19377 0.202721 0.207152 0.21975 0.231216 0.245087 0.258671 0.267117 0.296241 0.337967 0.351549 0.363223 0.379546 0.394195 0.410041 0.43178 0.45857 0.491758 0.53562 0.605691 0.70161 0.863422 0.988338
0.983929 0.824335 0.592685 0.474628 0.393515 0.356776 0.317528 0.295542 0.29978 0.300301 0.300781 0.29816 0.305396 0.314638 0.320722 0.314341 0.282602 0.249895 0.231348 0.222004 0.215812 0.203843 0.187686 0.177853 0.176213 0.179576 0.185052 0.195523 0.211844 0.228205 0.245159 0.25503 0.258347 0.251147 0.233156 0.210486 0.188411 0.16103 0.147819 0.165441 0.19507 0.235968 0.285609 0.316984 0.328549 0.331466 0.322433 0.319246 0.318886 0.321421 0.327838 0.330359 0.33486 0.335462 0.340936 0.347309 0.346099 0.352674 0.357968 0.367583 0.386237 0.406745 0.388012 0.388809 0.393444 0.359423 0.329045 0.358674 0.390424 0.323506 0.323506 0.390424 0.358674 0.329045 0.359423 0.393444 0.388809 0.388012 0.406745 0.386237 0.367583 0.357968 0.352674 0.346099 0.347309 0.340936 0.335462 0.33486 0.330359 0.327838 0.321421 0.318886 0.319246 0.322433 0.331466 0.328549 0.316984 0.285609 0.235968 0.19507 0.165441 0.147819 0.16103 0.188411 0.210486 0.233156 0.251147 0.258347 0.25503 0.245159 0.228205 0.211844 0.195523 0.185052 0.179576 0.176213 0.177853 0.187686 0.203843 0.215812 0.222004 0.231348 0.249895 0.282602 0.314341 0.320722 0.314638 0.305396 0.29816 0.300781 0.300301 0.29978 0.295542 0.317528 0.356776 0.393515 0.474628 0.592685 0.824335 0.983929
0.977025 0.794814 0.540188 0.398414 0.326671 0.286731 0.259834 0.235736 0.218391 0.209187 0.198095 0.185679 0.176717 0.166451 0.179454 0.223782 0.248026 0.242071 0.229232 0.21738 0.216504 0.215037 0.229786 0.246043 0.254886 0.26725 0.278914 0.290149 0.292765 0.296667 0.291098 0.293954 0.300173 0.300982 0.290194 0.283908 0.286501 0.298838 0.313967 0.328646 0.343188 0.359594 0.380057 0.403593 0.421551 0.425261 0.398301 0.353297 0.309889 0.273938 0.249598 0.229244 0.209072 0.194617 0.188441 0.192232 0.205992 0.222878 0.241516 0.257606 0.303261 0.349896 0.354347 0.307376 0.246691 0.227005 0.238192 0.245686 0.216685 0.149149 0.149149 0.216685 0.245686 0.238192 0.227005 0.246691 0.307376 0.354347 0.349896 0.303261 0.257606 0.241516 0.222878 0.205992 0.192232 0.188441 0.194617 0.209072 0.229244 0.249598 0.273938 0.309889 0.353297 0.398301 0.425261 0.421551 0.403593 0.380057 0.359594 0.343188 0.328646 0.313967 0.298838 0.286501 0.283908 0.290194 0.300982 0.300173 0.293954 0.291098 0.296667 0.292765 0.290149 0.278914 0.26725 0.254886 0.246043 0.229786 0.215037 0.216504 0.21738 0.229232 0.242071 0.248026 0.223782 0.179454 0.166451 0.176717 0.185679 0.198095 0.209187 0.218391 0.235736 0.259834 0.286731 0.326671 0.398414 0.540188 0.794814 0.977025
0.972006 0.783123 0.508469 0.365914 0.307515 0.272206 0.243959 0.222099 0.208501 0.2026 0.195193 0.192839 0.191241 0.186878 0.193988 0.199098 0.202776 0.203702 0.237117 0.267458 0.25494 0.267314 0.277272 0.28868 0.295652 0.302509 0.313297 0.314789 0.312941 0.308217 0.305056 0.307536 0.317943 0.330702 0.337337 0.340181 0.339131 0.334693 0.326816 0.316119 0.305188 0.288859 0.277008 0.270573 0.268292 0.286282 0.314126 0.31633 0.293208 0.255251 0.228711 0.21659 0.214903 0.208318 0.202735 0.190005 0.175036 0.168281 0.182947 0.206961 0.219308 0.196371 0.182517 0.217897 0.280287 0.280777 0.212465 0.172207 0.137463 0.0972237 0.0972237 0.137463 0.172207 0.212465 0.280777 0.280287 0.217897 0.182517 0.196371 0.219308 0.206961 0.182947 0.168281 0.175036 0.190005 0.202735 0.208318 0.214903 0.21659 0.228711 0.255251 0.293208 0.31633 0.314126 0.286282 0.268292 0.270573 0.277008 0.288859 0.305188 0.316119 0.326816 0.334693 0.339131 0.340181 0.337337 0.330702 0.317943 0.307536 0.305056 0.308217 0.312941 0.314789 0.313297 0.302509 0.295652 0.28868 0.277272 0.267314 0.25494 0.267458 0.237117 0.203702 0.202776 0.199098 0.193988 0.186878 0.191241 0.192839 0.195193 0.2026 0.208501 0.222099 0.243959 0.272206 0.307515 0.365914 0.508469 0.783123 0.972006
0.968376 0.771725 0.503288 0.372066 0.311844 0.279196 0.261988 0.253495 0.252948 0.250439 0.251408 0.259881 0.26014 0.262347 0.267079 0.277668 0.276237 0.288316 0.318773 0.354907 0.377405 0.389289 0.394146 0.393034 0.375111 0.349003 0.320232 0.30198 0.295496 0.286931 0.285221 0.27189 0.268562 0.260305 0.246885 0.231767 0.225827 0.213763 0.201805 0.189383 0.187827 0.19638 0.198204 0.191434 0.191318 0.205159 0.231262 0.258474 0.280548 0.300237 0.291465 0.257262 0.219771 0.193875 0.180569 0.177227 0.187056 0.215575 0.234812 0.211726 0.174569 0.169328 0.197496 0.222152 0.232897 0.227209 0.223871 0.206595 0.183759 0.118349 0.118349 0.183759 0.206595 0.223871 0.227209 0.232897 0.222152 0.197496 0.169328 0.174569 0.211726 0.234812 0.215575 0.187056 0.177227 0.180569 0.193875 0.219771 0.257262 0.291465 0.300237 0.280548 0.258474 0.231262 0.205159 0.191318 0.191434 0.198204 0.19638 0.187827 0.189383 0.201805 0.213763 0.225827 0.231767 0.246885 0.260305 0.268562 0.27189 0.285221 0.286931 0.295496 0.30198 0.320232 0.349003 0.375111 0.393034 0.394146 0.389289 0.377405 0.354907 0.318773 0.288316 0.276237 0.277668 0.267079 0.262347 0.26014 0.259881 0.251408 0.250439 0.252948 0.253495 0.261988 0.279196 0.311844 0.372066 0.503288 0.771725 0.968376
0.966227 0.779987 0.540444 0.44252 0.390833 0.370208 0.348444 0.335504 0.324011 0.316119 0.319879 0.323383 0.324977 0.312641 0.309006 0.312391 0.310713 0.308815 0.313353 0.325561 0.320081 0.31096 0.308078 0.302793 0.307672 0.268553 0.246317 0.233881 0.222588 0.207935 0.195228 0.179152 0.161901 0.151702 0.140867 0.131344 0.123783 0.121403 0.122851 0.136879 0.155345 0.175715 0.18676 0.185803 0.181493 0.183829 0.190646 0.196548 0.215057 0.238457 0.260199 0.263863 0.248914 0.224802 0.222512 0.247325 0.284172 0.291866 0.264341 0.244245 0.262635 0.290092 0.27961 0.243937 0.212209 0.187279 0.198038 0.23626 0.261613 0.20872 0.20872 0.261613 0.23626 0.198038 0.187279 0.212209 0.243937 0.27961 0.290092 0.262635 0.244245 0.264341 0.291866 0.284172 0.247325 0.222512 0.224802 0.248914 0.263863 0.260199 0.238457 0.215057 0.196548 0.190646 0.183829 0.181493 0.185803 0.18676 0.175715 0.155345 0.136879 0.122851 0.121403 0.123783 0.131344 0.140867 0.151702 0.161901 0.179152 0.195228 0.207935 0.222588 0.233881 0.246317 0.268553 0.307672 0.302793 0.308078 0.31096 0.320081 0.325561 0.313353 0.308815 0.310713 0.312391 0.309006 0.312641 0.324977 0.323383 0.319879 0.316119 0.324011 0.335504 0.348444 0.370208 0.390833 0.44252 0.540444 0.779987 0.966227
0.965904 0.835662 0.63343 0.530213 0.478943 0.437986 0.405635 0.375398 0.340343 0.318294 0.298263 0.29307 0.289447 0.280587 0.26818 0.276754 0.277793 0.271152 0.261977 0.283247 0.2851 0.253405 0.238742 0.222054 0.220817 0.221181 0.230939 0.196068 0.140532 0.135393 0.133147 0.131527 0.133935 0.140294 0.153178 0.169114 0.181448 0.186337 0.183253 0.176508 0.167583 0.159674 0.154372 0.146296 0.140791 0.136974 0.133476 0.132028 0.137658 0.147136 0.170852 0.199822 0.230299 0.248222 0.264899 0.261028 0.228164 0.191292 0.206711 0.243588 0.270288 0.2618 0.245489 0.232353 0.244477 0.251155 0.261986 0.282027 0.29418 0.281991 0.281991 0.29418 0.282027 0.261986 0.251155 0.244477 0.232353 0.245489 0.2618 0.270288 0.243588 0.206711 0.191292 0.228164 0.261028 0.264899 0.248222 0.230299 0.199822 0.170852 0.147136 0.137658 0.132028 0.133476 0.136974 0.140791 0.146296 0.154372 0.159674 0.167583 0.176508 0.183253 0.186337 0.181448 0.169114 0.153178 0.140294 0.133935 0.131527 0.133147 0.135393 0.140532 0.196068 0.230939 0.221181 0.220817 0.222054 0.238742 0.253405 0.2851 0.283247 0.261977 0.271152 0.277793 0.276754 0.26818 0.280587 0.289447 0.29307 0.298263 0.318294 0.340343 0.375398 0.405635 0.437986 0.478943 0.530213 0.63343 0.835662 0.965904
0.964404 0.812692 0.601647 0.512723 0.463065 0.439174 0.411925 0.384359 0.371379 0.359259 0.343784 0.310715 0.317732 0.326524 0.332245 0.328833 0.323301 0.316117 0.279403 0.240086 0.219476 0.198639 0.184375 0.17874 0.17 0.166561 0.16932 0.185064 0.199735 0.193842 0.163048 0.164295 0.175805 0.179647 0.177879 0.171359 0.163422 0.155589 0.146757 0.139436 0.132525 0.126718 0.120897 0.113112 0.107078 0.103993 0.0998506 0.0964354 0.0967378 0.10009 0.111021 0.141546 0.20299 0.269241 0.29304 0.258724 0.225528 0.236073 0.257895 0.244438 0.223473 0.20978 0.205529 0.207567 0.213331 0.215345 0.213992 0.245961 0.292216 0.272991 0.272991 0.292216 0.245961 0.213992 0.215345 0.213331 0.207567 0.205529 0.20978 0.223473 0.244438 0.257895 0.236073 0.225528 0.258724 0.29304 0.269241 0.20299 0.141546 0.111021 0.10009 0.0967378 0.0964354 0.0998506 0.103993 0.107078 0.113112 0.120897 0.126718 0.132525 0.139436 0.146757 0.155589 0.163422 0.171359 0.177879 0.179647 0.175805 0.164295 0.163048 0.193842 0.199735 0.185064 0.16932 0.166561 0.17 0.17874 0.184375 0.198639 0.219476 0.240086 0.279403 0.316117 0.323301 0.328833 0.332245 0.326524 0.317732 0.310715 0.343784 0.359259 0.371379 0.384359 0.411925 0.439174 0.463065 0.512723 0.601647 0.812692 0.964404
0.962288 0.772536 0.544531 0.413054 0.372559 0.343444 0.328672 0.327776 0.319727 0.326081 0.338035 0.359282 0.378102 0.386448 0.38527 0.361715 0.338322 0.308419 0.287759 0.271186 0.256009 0.227822 0.221398 0.216122 0.217293 0.220533 0.232221 0.237836 0.244651 0.248615 0.247436 0.209559 0.158624 0.130392 0.121841 0.114673 0.112508 0.112522 0.112088 0.114371 0.116116 0.120549 0.124439 0.128432 0.131429 0.136357 0.140944 0.147224 0.158636 0.175666 0.207053 0.254834 0.290435 0.281238 0.259835 0.278571 0.318194 0.320406 0.283915 0.251656 0.230732 0.205301 0.181766 0.16894 0.17296 0.176856 0.222693 0.255242 0.260734 0.177219 0.177219 0.260734 0.255242 0.222693 0.176856 0.17296 0.16894 0.181766 0.205301 0.230732 0.251656 0.283915 0.320406 0.318194 0.278571 0.259835 0.281238 0.290435 0.254834 0.207053 0.175666 0.158636 0.147224 0.140944 0.136357 0.131429 0.128432 0.124439 0.120549 0.116116 0.114371 0.112088 0.112522 0.112508 0.114673 0.121841 0.130392 0.158624 0.209559 0.247436 0.248615 0.244651 0.237836 0.232221 0.220533 0.217293 0.216122 0.221398 0.227822 0.256009 0.271186 0.287759 0.308419 0.338322 0.361715 0.38527 0.386448 0.378102 0.359282 0.338035 0.326081 0.319727 0.327776 0.328672 0.343444 0.372559 0.413054 0.544531 0.772536 0.962288
0.962064 0.771416 0.520278 0.397579 0.32897 0.300715 0.288778 0.287973 0.295849 0.307651 0.339257 0.313614 0.300642 0.289294 0.284882 0.274129 0.275541 0.297338 0.327906 0.349681 0.354447 0.357132 0.357876 0.346899 0.33379 0.31559 0.290737 0.267423 0.251092 0.242187 0.238679 0.239446 0.238736 0.207908 0.163344 0.139276 0.133227 0.132222 0.132791 0.139307 0.145463 0.155699 0.167697 0.179736 0.189924 0.19954 0.207972 0.215602 0.228743 0.256152 0.287328 0.287835 0.246414 0.216055 0.233332 0.266758 0.279074 0.26965 0.259681 0.229548 0.188878 0.154275 0.14361 0.143862 0.168934 0.200535 0.19171 0.154148 0.135496 0.0953568 0.0953568 0.135496 0.154148 0.19171 0.200535 0.168934 0.143862 0.14361 0.154275 0.188878 0.229548 0.259681 0.26965 0.279074 0.266758 0.233332 0.216055 0.246414 0.287835 0.287328 0.256152 0.228743 0.215602 0.207972 0.19954 0.189924 0.179736 0.167697 0.155699 0.145463 0.139307 0.132791 0.132222 0.133227 0.139276 0.163344 0.207908 0.238736 0.239446 0.238679 0.242187 0.251092 0.267423 0.290737 0.31559 0.33379 0.346899 0.357876 0.357132 0.354447 0.349681 0.327906 0.297338 0.275541 0.274129 0.284882 0.289294 0.300642 0.313614 0.339257 0.307651 0.295849 0.287973 0.288778 0.300715 0.32897 0.397579 0.520278 0.771416 0.962064
0.963997 0.778829 0.533026 0.42061 0.367214 0.35507 0.339155 0.314887 0.273541 0.247528 0.243626 0.240208 0.236031 0.227741 0.242279 0.247857 0.248768 0.262867 0.279635 0.274768 0.271929 0.261815 0.260476 0.262755 0.287133 0.302841 0.308313 0.312393 0.312166 0.308951 0.306197 0.307798 0.313157 0.320724 0.316476 0.285083 0.247334 0.226084 0.221209 0.22078 0.220549 0.219894 0.218612 0.2129 0.205018 0.197318 0.196258 0.203852 0.231472 0.249457 0.227784 0.189553 0.18987 0.217709 0.224177 0.19793 0.166526 0.158184 0.18295 0.200514 0.205266 0.183695 0.17655 0.187161 0.225764 0.175937 0.111897 0.105211 0.101541 0.0733147 0.0733147 0.101541 0.105211 0.111897 0.175937 0.225764 0.187161 0.17655 0.183695 0.205266 0.200514 0.18295 0.158184 0.166526 0.19793 0.224177 0.217709 0.18987 0.189553 0.227784 0.249457 0.231472 0.203852 0.196258 0.197318 0.205018 0.2129 0.218612 0.219894 0.220549 0.22078 0.221209 0.226084 0.247334 0.285083 0.316476 0.320724 0.313157 0.307798 0.306197 0.308951 0.312166 0.312393 0.308313 0.302841 0.287133 0.262755 0.260476 0.261815 0.271929 0.274768 0.279635 0.262867 0.248768 0.247857 0.242279 0.227741 0.236031 0.240208 0.243626 0.247528 0.273541 0.314887 0.339155 0.35507 0.367214 0.42061 0.533026 0.778829 0.963997
