186.122 178.983 171.538 160.977 150.699 147.428 140.177 131.784 127.222 117.691 111.743 102.981 100.021 96.1521 94.0079 86.0404 82.3792 79.3861 80.3327 74.3763 72.9367 69.3032 66.8873 66.9206 64.4806 62.3022 58.403 57.4822 58.554 54.5141 55.5168 55.1617 51.5886 51.6891 49.6339 51.4031 46.6785 49.3964 44.8704 43.182 44.5283 42.8196 44.4387 43.4816 42.0819 41.4474 40.5335 44.6213 39.3446 39.9596 38.2636 40.3398 39.2433 40.0711 38.169 38.0711 35.5868 35.8045 35.5717 36.5981 36.4614 36.5132 33.4131 34.7646 34.14 33.5397 33.2028 33.3364 34.1409 32.3639 33.053 31.0657 33.4421 30.9404 31.1623 31.2179 32.4434 29.4304 29.999 29.2996 28.4736 29.7522 30.3922 29.3839 28.5594 29.632 30.2662 27.9686 31.1025 30.9736 29.1855 29.365 31.1836 32.2298 32.4814 32.4092 32.1094 35.5031 31.7054 31.5981 32.2801 33.0986 31.3205 32.9387 33.004 36.2655 33.9009 34.2423 36.569 34.2101 36.7165 35.171 38.856 36.1188 37.8027 36.0634 38.136 37.7169 37.0128 39.0025 40.4529 42.4652 39.8446 40.5721 41.1469 42.0429 43.817 45.903 44.7502 46.7063 47.3371 44.667 46.7939 52.2088 50.3291 49.346 51.2894 51.8758 54.159 55.5923 54.9752 57.7275 60.5932 61.6299 63.7791 63.1077 67.947 67.6818 69.7796 75.3673 73.9932 77.237 80.8462 81.1682 87.055 93.076 95.4766 104.548 103.933 111.335 119.89 124.998 131.876 137.737 145.932 155.284 164.086 172.481 179.49 184.144
185.567 179.184 169.365 160.069 154.601 145.194 139.02 129.309 123.23 115.409 112.471 105.254 99.4857 99.5435 94.4547 87.0415 82.3456 78.3609 78.5747 73.4752 71.334 68.7712 69.1543 66.7546 65.5695 63.0445 62.776 59.0505 56.2242 56.4792 53.8516 53.2804 51.2724 52.5727 48.6364 48.1855 46.6916 48.8124 46.507 43.7867 45.6307 45.8344 40.7646 42.1862 41.6491 40.4143 38.7621 41.5266 40.2225 39.437 37.6634 37.2565 38.214 37.466 36.2072 35.141 36.3762 33.6002 35.08 37.4282 34.4495 33.6739 32.807 32.0569 33.578 33.1449 34.7556 33.3523 33.8712 33.158 31.3057 30.95 32.4709 30.9396 30.6958 30.5679 29.5667 30.6533 30.9522 31.2407 30.8133 29.4288 30.161 29.5985 27.5106 30.1314 30.0339 29.7963 29.2169 29.7059 28.2558 31.6219 30.3123 29.2153 28.5034 31.9014 32.0287 31.3688 30.9635 30.06 34.429 31.9905 34.1955 33.1523 35.3423 32.908 33.4057 33.7096 34.6416 37.226 34.8906 36.8691 35.4866 37.4716 36.5881 37.3112 39.0225 40.3728 40.054 36.3069 39.0792 40.4331 40.5683 39.9029 41.343 43.8814 42.7137 41.5867 43.0312 46.0367 48.0056 46.4568 45.7067 49.9803 50.7304 50.6986 54.2876 51.3775 50.794 53.641 56.068 51.8501 61.4596 59.7063 60.1041 65.8346 63.8911 67.977 71.9316 71.5278 73.507 79.5204 80.2298 85.3854 89.3613 89.9411 96.2199 97.8692 105.621 113.522 117.501 127.594 133.28 140.571 147.084 155.387 163.184 171.845 177.344 186.16
181.265 179.599 169.819 163.713 153.332 143.662 137.303 131.147 122.568 114.918 111.154 107.409 99.406 94.3399 91.1417 83.5907 81.152 80.5431 80.227 74.6424 72.87 68.5808 68.0473 65.1887 61.4086 62.3089 58.5561 58.8497 55.0715 56.1294 55.0332 56.3912 52.9661 51.3916 50.9432 47.6893 49.8045 46.9279 47.9249 46.0573 42.7756 44.4227 43.0217 40.9495 43.537 42.4397 37.5856 39.507 37.5957 37.773 36.02 37.9594 39.5072 37.4661 35.9686 37.0114 33.9809 34.7584 35.1986 34.4356 29.8686 35.8497 33.3783 33.3899 33.4479 34.4795 31.4569 33.5781 31.0844 30.9716 31.4109 28.5648 33.0302 31.2278 30.8409 29.5489 29.9777 30.3047 29.4049 27.5612 30.6598 29.4464 27.3153 29.6486 30.0274 27.6702 26.9545 27.9921 28.8193 31.4928 28.1378 30.1659 28.3778 29.7333 31.6242 32.036 30.8063 32.8912 30.334 30.8603 33.6227 32.5903 31.4725 32.0458 32.7547 34.025 32.5216 35.0774 34.386 32.928 35.3749 35.6298 34.2185 36.8209 37.3467 34.071 37.8864 34.9991 37.6293 36.8497 39.0302 38.0547 40.4692 39.6505 41.473 42.1665 43.4029 42.7538 42.4208 44.4686 45.9357 45.2858 47.1783 48.4398 46.3671 48.4239 51.899 50.6505 51.8726 50.5058 54.5461 55.4052 61.5715 59.9517 60.0984 61.6755 65.2607 64.7317 70.8378 71.3315 73.8497 77.8042 80.2484 81.7601 88.3953 91.8662 94.7794 99.095 105.809 110.788 119.859 119.449 130.244 138.407 145.763 155.431 161.893 169.231 177.132 185.971
183.634 177.851 168.483 161.506 153.619 143.724 136.186 129.563 119.714 115.003 108.677 101.544 99.5762 93.47 88.3008 86.5725 83.9746 79.9705 76.3051 71.8817 72.1427 68.0156 67.3768 62.7602 65.4588 61.5072 59.4345 58.7576 56.5705 55.5143 54.7981 52.8218 52.5269 50.2303 46.7047 49.6807 46.2602 45.7244 45.458 44.5951 44.5387 42.7695 42.0989 41.2011 42.7117 40.4945 39.9617 40.6127 38.6916 41.1432 38.0203 36.2843 37.3238 36.8286 37.5709 37.0624 35.6945 36.3171 33.7246 32.5661 33.6713 32.4327 32.0497 34.6877 34.0929 30.4359 33.1006 32.4706 30.8862 30.7791 32.4108 30.6541 29.6722 29.0257 28.8763 30.3112 30.7958 31.7199 27.747 30.5 27.7094 29.5973 30.0806 26.9707 28.7398 27.6083 29.5236 27.0497 28.9372 28.8419 28.4856 31.3483 28.7977 29.4189 30.8941 29.9552 29.648 32.6746 31.2474 32.279 33.1344 32.621 31.2392 32.9462 33.4733 33.9892 35.7386 31.8962 33.1197 33.6048 35.1701 34.3233 34.898 36.5962 35.7862 36.0358 36.0991 34.9159 41.7459 37.5506 38.5202 39.8823 40.2913 39.5835 41.2183 41.694 40.7742 42.8902 45.9009 44.1616 45.0825 43.2785 47.1418 45.2092 49.4792 49.1774 52.474 53.0199 51.7804 53.372 54.7479 56.5811 58.9733 60.5963 56.7302 61.9657 63.4566 65.6766 67.9383 76.0246 71.6453 75.7675 78.4621 80.1809 85.4143 88.7258 95.1241 96.6721 103.004 111.135 113.65 119.956 127.446 134.55 145.247 152.322 161.513 171.743 178.87 184.169
184.098 175.93 169.03 160.631 152.179 143.32 132.66 128.204 122.385 114.033 108.518 103.644 96.0365 94.6382 88.1259 84.6316 82.4558 78.2499 78.7912 73.788 69.6779 68.8951 68.577 64.69 64.2092 58.262 59.8183 57.2303 56.8941 56.2269 53.3732 54.0605 49.6511 49.5216 50.8975 45.742 46.8014 46.7882 44.9432 45.8293 42.3675 44.371 43.1283 39.1625 40.4514 40.6675 38.4999 41.5843 38.3023 37.3451 37.717 38.8784 35.6482 35.887 36.6725 36.7965 34.7963 32.9547 33.5879 36.88 34.9013 32.0742 33.6047 33.3388 34.2155 31.9338 33.6765 32.9181 31.2594 32.7876 31.1748 31.4771 30.3188 30.8735 30.7051 29.6815 29.2473 30.2367 29.8865 27.3995 29.9994 29.9923 28.7708 29.9816 30.3015 28.664 28.6447 29.2724 26.707 28.1209 27.474 28.5755 29.1013 30.6357 30.3551 31.2747 28.0727 30.3056 29.8683 29.9849 31.6084 31.5091 31.3738 32.3339 33.1266 30.6007 33.4214 34.3864 33.1621 32.7514 34.3926 36.5411 32.6292 34.8718 35.9715 35.3734 37.0058 37.098 38.1152 36.7614 37.7967 38.2162 39.7561 40.6566 39.7254 40.5783 40.2539 43.0085 41.2673 44.8133 46.4005 44.4758 46.931 46.3692 48.3173 48.6283 49.0255 50.2327 53.4813 54.7122 54.0419 52.8403 60.2846 59.7308 58.4364 59.8845 64.6215 65.3466 64.6593 71.2592 73.2424 73.8301 79.6541 82.256 85.0664 92.9423 92.4501 98.5072 105.82 106.946 116.928 119.031 130.066 136.13 146.275 152.267 161.818 169.924 178.519 184.784
181.704 178.769 166.846 160.017 148.041 141.927 135.592 129.103 121.779 115.896 106.751 105.423 95.5767 91.8926 90.5131 83.5227 81.3741 77.3241 74.1038 74.0184 69.0198 72.0737 64.3904 63.2289 59.7657 59.2295 60.0316 58.8203 57.3002 57.0473 53.6532 51.5213 51.3687 51.4758 49.1518 48.8472 46.7553 48.4667 44.947 41.0286 42.0427 41.265 40.3777 42.0058 39.1399 39.237 39.8428 37.9417 38.7381 36.0647 37.988 40.0687 36.3206 36.7803 36.1485 34.3288 36.0062 37.3448 32.6234 33.1798 33.6221 34.6412 32.8351 33.6107 31.2527 31.2151 29.8567 31.4634 32.3336 31.6812 31.6379 30.3599 30.528 27.8551 29.345 32.9173 28.6103 27.7067 29.1421 28.0484 27.3349 29.3759 29.6527 26.211 27.3017 27.0675 28.1786 28.362 28.7058 29.9699 27.7771 28.8602 29.208 31.0554 30.5543 28.7161 28.3883 30.1511 32.1718 29.6068 32.6221 30.2769 30.7508 30.4597 32.6049 33.0618 33.6312 32.3949 34.5327 33.4584 31.9394 36.4739 37.2889 35.0854 36.7232 36.646 35.9357 36.8106 35.1278 40.5165 37.532 39.6094 41.1495 38.0433 40.9751 40.6446 41.8704 41.3835 43.2115 44.5219 43.9039 44.4524 44.9884 47.6952 47.2417 47.7692 48.269 52.7302 50.439 53.3958 55.8864 56.1681 57.7254 58.632 63.8416 62.4073 64.6982 65.4067 66.856 68.2332 74.825 73.9855 82.1192 79.5524 82.9539 88.4206 95.2117 96.349 104.166 110.096 117.11 119.019 127.258 135.887 144.885 152.858 158.694 168.913 175.345 184.546
182.446 176.119 169.743 161.593 154.11 143.303 135.063 127.843 121.139 115.578 103.968 101.522 93.939 91.0125 90.077 84.7674 84.1801 78.5364 74.4107 72.7 70.1367 67.9073 62.8943 64.0627 61.0753 59.4042 58.5043 55.2748 55.8517 54.0658 52.3031 53.7093 52.119 49.1021 48.2336 46.5453 46.3572 43.8407 44.1831 40.5327 44.1122 42.7125 40.811 41.5009 39.5794 38.9334 40.9077 38.9755 35.423 37.4077 38.0207 36.297 33.8585 35.6975 35.7275 34.9554 33.6638 34.7505 35.2699 32.916 33.0706 31.6463 32.6313 29.9609 34.5648 32.3367 32.0982 31.7672 32.5159 31.9645 29.4324 29.6983 31.0865 28.3731 29.6562 29.5839 30.7103 29.1352 28.1874 28.7564 27.1522 27.4528 27.9858 28.4565 26.2373 27.286 28.6181 27.6329 29.7397 28.912 27.8884 28.3329 29.6044 29.7433 27.8678 29.3367 28.8473 31.1175 29.5068 31.3944 28.9959 31.0404 31.469 31.9592 31.3942 31.4693 32.3242 31.5394 32.1619 30.8046 31.15 32.4572 35.4844 36.0435 35.4416 33.9228 35.6958 34.4449 35.7554 37.5537 36.8687 38.5636 39.7306 40.6423 40.0862 39.9172 40.1394 42.3307 39.9338 41.8943 44.9966 41.3032 47.423 48.0618 48.187 48.2445 49.0416 49.8906 51.5263 51.8953 55.0794 55.1657 58.8932 58.825 59.2868 59.316 64.2862 65.3387 65.3543 68.762 74.1231 75.6779 76.6226 82.5836 83.8775 88.0921 93.235 97.6807 99.7756 109.049 113.827 120.185 126.009 136.459 143.653 151.598 161.276 165.742 176.185 182.429
183.939 175.635 167.856 161.176 150.052 144.498 134.74 127.946 118.297 112.276 107.351 105.688 96.2475 90.232 84.9984 82.3417 81.8622 77.3616 74.6922 70.8712 69.9058 67.5913 66.593 63.5567 62.9721 57.6605 56.3074 55.0516 54.9266 51.1668 52.671 52.4986 49.5065 51.5441 46.7533 48.6386 46.6555 45.2049 45.5411 43.9585 44.1066 44.3041 42.3625 42.7611 39.8397 37.5148 38.1933 38.8315 37.7636 38.6058 38.8611 36.5087 37.9438 35.5988 35.2453 34.7617 33.2143 33.6333 34.4133 31.7855 32.7367 32.7963 33.9581 32.013 32.826 33.1282 29.5728 29.3511 30.6996 30.3437 29.9163 30.0243 28.7471 29.2223 28.1201 29.81 27.9246 28.9481 27.9233 28.4065 28.7914 26.1574 27.4934 27.4634 27.814 26.3534 28.2081 26.9091 28.912 28.5365 27.274 28.7229 29.9959 30.1993 29.3759 29.7761 30.9945 30.5821 28.4041 32.2963 32.7427 31.8877 31.339 29.6606 31.4773 32.8324 31.7813 31.3954 32.772 33.418 33.1233 32.3582 34.5162 34.5648 34.8853 38.0784 35.6249 35.5104 35.3134 37.4 37.2256 38.2281 37.6968 39.0011 40.0239 41.3186 40.016 38.6652 41.2366 45.0004 44.2926 43.5476 43.8426 45.7831 48.4177 48.1192 48.4671 48.5803 50.388 52.4772 53.5195 54.7566 58.9647 57.3146 60.0158 59.147 62.9337 66.6974 65.9854 68.2932 72.6811 74.2142 77.2628 80.411 83.1338 89.4812 93.5607 94.4987 104.722 105.515 111.107 120.749 124.878 131.562 142.209 153.838 160.11 169.063 177.171 184.36
181.039 175.836 168.755 160.414 148.349 140.74 132.345 125.556 118.157 113.022 106.456 102.563 96.19 90.3188 86.5589 84.1013 81.2428 77.1468 73.498 69.7899 67.1624 64.5985 65.6495 64.6751 59.9851 60.583 56.4076 56.0769 55.3212 55.2249 55.7866 51.7691 49.2992 49.0557 48.2478 45.718 45.3852 44.5903 44.0116 43.9706 43.2564 41.5342 42.1326 41.2124 39.4413 40.3729 40.3828 38.5334 37.3322 38.2878 37.8042 35.494 35.634 36.3353 36.1202 32.3911 33.0401 34.6255 32.4708 33.8807 34.1577 33.7876 33.2346 31.9491 33.1757 29.3816 29.3459 30.6857 30.8537 30.6467 30.1878 30.7047 29.294 29.1571 28.7475 27.1115 28.7605 28.2295 30.3782 28.4018 26.9522 28.9667 27.1096 26.8888 28.0886 26.2518 27.404 27.4917 25.9131 27.284 28.9019 26.6333 30.0851 29.5811 27.4659 29.3502 27.4379 30.7422 27.7851 29.9075 32.4547 30.4544 29.2801 29.7461 30.6924 31.7988 30.8865 32.0551 34.8815 36.4609 31.6578 33.2042 33.8868 34.3815 34.8755 34.0726 33.1275 37.2148 34.2497 36.0843 38.7731 36.7728 38.6732 40.8203 39.0462 39.6832 39.4013 41.0118 41.1375 38.6146 43.9442 45.29 44.937 47.1762 47.4903 49.5549 46.9349 49.3343 51.9724 52.3979 55.0652 55.6174 57.7947 57.6996 59.3135 60.4099 63.7926 66.2948 66.3409 67.3559 68.1953 75.3991 76.5124 80.9784 82.3545 89.1747 89.3163 96.1522 101.352 106.108 113.797 117.27 128.833 132.725 140.39 151.175 159.269 165.541 176.476 182.966
182.943 177.049 166.481 158.624 149.789 139.597 131.112 124.902 119.276 113.05 107.718 102.695 94.6517 90.5518 87.7946 86.065 78.0823 77.4245 73.1705 69.3944 70.4282 68.2565 63.3007 62.8311 59.7549 58.785 58.0902 53.4418 52.9254 54.4124 51.4348 50.7614 50.0802 47.5274 46.3357 46.7035 45.1506 43.8705 42.333 43.2965 41.9004 42.4397 41.3915 40.1844 40.349 38.2255 38.4991 39.3803 37.3574 36.463 34.9599 35.801 35.1072 34.5996 34.2168 33.0806 31.7203 33.8339 33.8978 33.9162 33.6456 30.9838 32.4278 31.0219 30.2782 30.7712 31.6453 31.5709 31.3025 28.1659 27.5504 31.6504 30.0599 28.6738 27.9927 28.482 26.3941 26.9455 29.8182 28.1403 27.5468 27.4071 25.7842 27.7716 26.7459 26.1762 25.5336 26.1464 25.9 28.5822 27.2563 26.9821 29.1478 26.958 27.2659 29.3189 28.84 28.104 29.4826 28.3023 29.458 28.2403 31.0239 33.6395 32.3671 31.5453 31.3883 30.5802 31.3624 33.0826 31.7436 34.6067 33.8474 34.4941 34.5799 34.9762 32.2185 35.7672 37.5832 36.4533 36.6237 37.2939 37.0591 38.4361 38.2717 37.3444 40.0643 41.5419 44.4927 42.3413 43.4528 44.8 42.7359 46.0025 48.9102 43.6523 48.1785 48.2429 51.2202 52.9027 52.083 54.4703 55.2796 58.9501 57.6406 60.9075 61.6399 64.7597 65.7901 69.1552 73.1444 73.5091 80.1675 79.9465 84.4749 86.3544 90.9069 97.6527 99.6221 106.921 113.816 116.919 124.642 134.533 144.942 150.9 156.333 165.746 175.428 181.689
182.822 174.482 167.674 156.125 146.703 141.994 130.409 122.73 115.242 109.823 105.656 98.3514 95.6583 87.9697 85.6038 81.4473 78.8726 76.0238 72.5038 68.954 70.438 65.06 63.1063 62.3433 58.5661 60.2713 55.539 52.9136 53.2049 52.3246 51.4963 48.0831 49.289 48.655 45.2227 47.3814 46.5586 44.963 44.4403 41.7814 43.2347 42.617 40.2438 39.259 37.5768 37.3997 37.8323 38.0918 38.8174 36.0667 34.0036 34.2839 35.084 34.1354 36.1805 33.116 32.6999 32.9404 32.5976 32.2026 30.8122 31.0441 32.0776 32.4364 32.3573 30.2867 30.3476 29.3237 27.7744 28.7761 28.3488 28.2503 28.1945 29.7329 28.2978 31.4677 27.3946 27.4134 27.1272 28.7583 25.7743 27.4232 25.365 25.4999 26.2382 26.821 26.3058 26.1534 26.8822 27.4192 27.1943 26.3167 30.7448 28.8505 28.0752 30.5933 28.7854 29.1205 28.7408 28.5209 28.5381 30.2907 30.0225 32.5092 31.3522 32.6592 31.7519 33.9732 32.0374 31.1054 32.0999 29.8717 35.5439 31.5204 32.8969 34.8087 32.9615 34.8841 39.0453 35.5925 34.4104 38.0734 37.4549 38.4958 38.4681 39.8041 41.1779 41.8452 40.967 45.9293 41.5675 42.6532 45.1833 47.3713 48.3284 47.2638 45.9967 50.9347 48.7924 50.7893 51.9514 52.0689 55.5817 57.0656 57.9821 59.8875 60.6213 64.5178 63.7844 66.8165 69.3527 73.2846 76.2902 80.4897 81.4472 87.3041 89.8345 92.8756 101.054 104.696 111.051 115.37 123.863 131.178 138.052 147.923 157.147 167.06 174.507 183.178
183.101 174.567 165.948 158.165 147.072 138.772 132.393 126.1 117.303 107.889 102.502 99.6788 95.6171 89.093 85.4647 80.8033 79.7586 76.6316 72.5857 68.772 63.1724 66.8019 63.7373 61.5531 60.7881 55.1837 56.9029 53.2047 55.0248 50.8467 53.0106 50.8557 49.2824 48.8075 47.3779 46.1303 42.9455 43.7472 42.9833 43.1958 41.3695 41.841 41.8355 39.187 42.1349 36.8496 38.5486 36.0418 36.9772 37.3738 36.527 37.2101 35.2238 33.8251 36.4065 36.0205 33.1348 35.7269 33.3969 31.7266 31.2301 31.7938 29.7297 32.3806 31.0584 29.5777 31.4815 28.4056 31.0135 29.2761 29.2808 27.6053 30.6778 30.7497 28.3668 27.766 30.2975 26.5944 29.3353 24.3576 25.4901 27.5273 27.7953 25.9248 26.6527 26.983 27.9839 26.3276 28.0587 25.3165 26.6052 28.5347 27.7806 29.4319 28.077 28.6075 30.3987 27.5715 29.9629 31.4357 29.0049 32.4365 29.9517 31.4881 32.8824 31.0004 30.5296 31.0021 33.0105 31.5492 31.8843 33.9118 31.6179 33.2014 36.987 35.0118 35.0317 33.8301 34.8203 36.8507 36.8832 35.6169 36.7845 40.1154 38.1314 38.6055 38.9239 38.9111 39.1394 41.5577 41.302 41.7563 45.2932 45.0353 46.1755 48.9183 50.0296 49.8798 50.4484 52.2481 51.997 52.5639 54.9264 57.6826 57.52 61.9233 61.6349 60.862 63.5456 67.6971 68.8499 72.9469 77.7181 79.924 81.2673 85.5514 89.8309 95.9972 100.913 108.698 111.427 115.214 123.362 131.213 140.629 148.195 155.31 168.139 175.134 181.511
184.567 175.389 165.837 157.154 149.276 138.467 132.049 125.35 115.796 108.293 105.089 96.7917 89.9075 87.0766 88.6073 79.5577 77.6419 75.9687 70.726 69.0207 67.7816 64.0447 65.4598 63.708 60.2027 59.3569 57.6326 55.1983 52.8988 52.6411 47.4041 51.8989 48.4464 48.799 47.6755 44.2073 45.91 45.1872 42.8253 42.1553 43.7917 40.9481 42.151 40.1197 39.5872 37.461 39.8074 38.4535 39.3374 37.1206 36.6015 34.4748 35.7658 34.6307 33.872 34.1379 32.1798 34.3636 31.9512 32.6927 31.5107 33.1264 31.1426 30.5298 30.9929 29.4128 30.9509 30.3952 27.9773 29.9756 29.0766 28.5807 28.7613 27.5797 27.9069 28.2857 27.4726 27.4795 27.5418 26.1976 26.0816 26.1665 26.6335 28.5376 27.5904 26.8459 26.6918 25.9976 27.1135 26.9378 27.3346 27.0043 28.3157 27.4439 25.1279 26.9785 27.1739 29.3624 31.5538 29.1651 30.2409 29.3258 30.7058 31.4784 30.9334 29.4444 30.9985 31.6833 30.1428 31.5188 31.8279 32.5061 33.8042 34.4234 33.9908 35.2109 37.2235 33.9385 35.1111 34.8056 36.8879 37.2867 38.2646 37.2427 35.3684 37.1641 40.4181 39.1454 40.0006 43.5458 43.0416 43.6595 45.9817 44.6473 46.4669 46.9827 48.8747 47.4054 50.2364 47.112 51.4096 54.5427 53.515 56.7402 60.0066 60.4689 61.2165 61.5866 62.6898 69.2908 69.8132 70.6039 77.3364 79.4326 79.2352 86.6871 90.6109 94.8182 97.82 103.422 106.682 113.5 125.053 128.681 138.218 145.502 156.711 166.247 175.197 180.466
182.462 175.519 163.358 155.762 145.263 140.661 130.127 120.311 119.135 108.085 102.018 98.7883 93.5308 90.309 84.1487 80.8055 76.5877 74.1349 71.7208 67.7383 69.6481 62.8862 64.1227 63.2996 58.0814 58.7228 52.8298 53.6626 54.578 52.6633 50.2901 51.2353 48.9437 47.1902 45.3924 44.5256 46.505 45.4277 42.4046 41.6291 39.172 41.026 41.6862 38.0004 39.5662 38.5831 38.8618 35.5844 36.7875 35.3245 36.5354 38.5968 34.214 34.1515 33.6696 33.8737 33.9054 32.4642 32.2771 33.4649 30.694 30.2232 31.9814 30.1124 28.2723 28.7447 28.7193 30.5511 29.1534 28.5092 27.8893 27.4442 28.8747 29.6121 27.1617 27.7269 27.8467 26.093 27.4989 27.2256 26.7623 25.6535 25.4135 26.5762 26.505 26.1186 25.5892 27.0331 25.3496 26.4219 24.6064 27.5319 27.0884 27.432 26.6394 29.3264 27.4855 28.2125 29.0044 28.6001 30.5035 27.4853 27.9521 28.0228 31.4274 29.417 30.3303 30.7716 32.4737 31.1356 31.3433 30.8677 32.1557 30.9207 33.2748 31.7057 33.3791 33.8737 34.6599 37.2698 36.1993 34.8014 37.7486 35.322 37.7283 38.8122 42.4144 39.6448 42.517 42.6503 40.2153 41.215 42.6774 44.586 45.4287 48.5668 45.6553 46.9611 50.926 47.9974 49.1046 53.4671 54.5196 56.3942 57.2833 58.6785 59.5911 59.577 64.0317 69.7648 68.8883 69.5077 74.0176 80.1012 80.6825 82.9348 90.4957 93.3047 94.9256 100.958 111.13 112.763 123.603 129.163 137.32 146.388 155.099 165.693 173.565 181.942
182.897 175.346 163.063 153.504 147.823 138.255 132.413 121.975 116.081 108.022 100.175 99.2294 89.4537 87.043 86.5308 82.1165 78.5085 75.4034 69.6236 71.6104 67.0103 63.3388 63.1878 59.7577 56.8033 55.8815 54.9109 49.8114 51.8802 51.9092 51.5302 48.9766 50.5771 47.2144 45.202 44.8683 42.6527 41.2567 44.4484 41.6544 42.919 40.8103 41.2646 39.5571 38.823 38.512 37.2626 36.3941 34.3538 36.2582 35.7949 35.2053 34.0512 33.237 33.7795 33.9756 31.2128 31.4004 31.0775 30.4188 31.8466 32.2659 31.4572 30.3819 29.3051 29.9808 29.6772 30.8061 29.9414 29.6313 27.6069 28.0747 27.9941 26.7116 28.9398 27.3533 29.0922 27.4509 28.0891 24.9486 24.9563 25.3254 25.948 25.329 26.4916 26.393 26.0894 25.9035 26.6914 24.6931 26.0122 26.9222 25.7974 28.4481 26.324 28.8293 27.4311 28.3583 27.0157 28.3417 30.3987 29.0358 26.85 30.2271 28.7718 29.065 31.2946 31.7336 31.0342 32.2568 31.1991 33.3618 32.7112 31.0352 34.2686 32.9418 34.8829 32.4928 34.2201 35.2614 36.7335 37.6931 35.7723 37.9688 36.7535 37.1787 39.9486 37.0902 39.0346 39.4938 43.2359 42.0587 44.5476 44.4473 45.7965 44.8102 44.7521 49.2614 51.1213 48.9681 49.0811 50.287 55.6451 53.8281 57.6552 61.0617 58.7511 60.9717 65.2446 63.6825 69.1435 72.3781 71.3633 76.485 81.482 83.9382 87.1416 90.9363 97.9065 104.822 109.952 113.685 123.053 133.964 140.565 146.204 155.048 166.315 172.435 181.144
181.916 172.583 164.698 154.719 146.558 135.92 128.354 121.295 117.815 108.729 101.662 96.8517 89.7789 86.3644 78.9546 79.3606 76.8958 73.8402 66.6354 68.4493 65.142 65.2663 61.3651 57.891 60.6366 57.7976 54.9934 53.8782 51.6576 52.5064 51.3395 51.0331 46.2468 45.1061 45.9587 42.1143 42.5799 43.5751 42.3571 40.7909 40.1941 40.4595 39.3017 39.2061 38.829 39.5931 38.0665 36.9483 38.8752 36.6244 35.1858 33.9141 35.0035 35.1436 33.1195 32.2624 32.4954 33.1111 31.1651 30.0931 32.5112 30.1767 28.9733 31.0357 29.6856 29.4884 27.6795 29.4676 28.9533 29.2736 29.6006 29.5542 28.259 28.2257 26.3583 27.3119 26.7365 26.4634 25.4582 26.3049 24.6406 25.3302 25.74 24.7217 24.0988 24.7179 24.9712 24.8714 24.8387 25.1714 27.2026 27.1223 25.4764 26.6256 26.5452 27.6297 28.3688 28.6249 28.1911 28.4869 28.3198 27.8153 27.8129 31.464 28.2432 29.7078 29.4807 31.2104 30.5279 28.3906 31.2661 31.6044 32.6081 32.1144 31.7729 31.0167 33.3303 32.8984 34.5187 34.2669 34.0683 36.762 36.045 36.7001 40.8234 35.569 41.2697 38.4369 37.729 41.4786 41.0659 43.6891 43.5686 45.5388 44.3702 46.5953 48.7099 49.1197 47.4035 49.6132 51.6544 52.8054 52.7228 53.2247 56.3755 57.1906 60.674 64.1431 64.3752 64.7741 68.4128 71.6437 73.4349 78.3654 83.4406 83.1988 84.0528 91.9459 95.2235 102.283 107.084 115.64 124.158 130.046 139.392 146.898 157.004 164.832 173.792 180.615
180.333 173.872 165.035 154.581 144.859 137.58 130.479 119.603 112.088 104.914 100.731 95.377 94.5849 88.2906 85.2959 80.4493 73.9231 71.0686 70.7937 70.4355 67.789 63.8761 62.4899 63.1197 57.9819 56.9138 53.1795 54.9897 51.0358 52.2353 49.0058 48.5543 48.4028 46.6635 45.7748 43.8485 45.8703 44.1893 41.4782 40.1868 39.6444 41.2188 39.1535 37.7777 38.3231 37.702 35.8023 35.2189 35.2587 35.2874 34.6755 35.2741 33.9631 35.3982 33.9062 34.4216 32.4027 33.2944 30.6354 30.7615 30.3453 30.4631 30.1286 30.4666 29.7353 29.9622 28.9276 29.8979 26.775 26.9736 28.6231 28.4934 26.5977 28.5852 27.4473 26.1234 27.9672 27.0507 26.0253 27.2061 25.9228 24.28 25.0383 25.5864 23.1817 25.4029 24.6711 26.8761 24.0008 25.3743 26.077 27.5043 25.34 26.0253 26.5446 28.4356 28.0042 29.2863 29.435 29.4904 29.8436 27.142 28.8139 28.5945 28.7456 29.5671 30.5929 30.1279 30.9513 32.5139 32.17 31.5064 31.2035 31.8425 31.0627 33.4712 32.0521 32.5953 33.7176 35.177 35.9271 36.5088 37.8051 35.8637 38.2599 39.6528 39.8809 40.7915 41.4263 40.4569 40.4686 42.2052 41.4812 45.1475 44.0037 48.7594 47.7064 46.8006 48.3617 50.7487 52.0087 50.4811 51.6558 55.2517 58.7258 59.4422 63.1149 60.2826 63.6636 62.8313 65.8207 68.2866 74.6221 74.8129 79.44 85.871 86.2712 87.1926 99.7915 100.888 108.443 111.411 122.882 128.423 136.259 144.376 153.545 165.571 174.376 180.966
180.073 172.047 161.984 155.135 146.816 135.772 127.186 121.092 111.339 109.046 97.8499 100.687 89.5146 86.4679 84.7461 79.9069 74.2891 70.1003 68.5613 67.7884 64.3342 65.602 59.2199 59.613 59.1834 57.416 57.086 53.0292 50.9985 49.5505 50.4898 46.4216 42.8981 45.9096 45.0936 41.7253 41.7002 44.8868 40.3511 41.7797 41.3448 37.5587 37.4528 38.0956 37.3703 35.4995 36.967 36.3992 36.2887 34.7019 32.9525 33.3596 34.5259 35.3254 34.0155 33.023 32.774 30.6387 29.6483 30.591 30.7719 30.1219 32.2525 30.6876 30.0538 27.776 27.1503 28.714 27.3185 30.4644 27.9813 28.0631 29.4525 26.9319 27.0455 27.4195 26.1258 26.1931 28.548 27.5122 26.1862 23.965 25.9505 26.312 27.2342 23.694 25.0078 25.7221 26.3639 24.5157 26.5473 26.3978 26.1196 24.7975 26.6417 26.013 26.3955 28.6418 28.3903 29.398 28.3581 30.3597 29.8495 28.406 28.5304 29.9049 29.6171 29.0693 31.2033 31.9233 31.2804 31.4075 32.2379 32.4727 34.7379 33.2928 32.5966 34.4396 34.0235 31.7659 34.5034 37.209 35.9739 36.0717 37.4233 37.1675 37.0863 38.0128 41.5613 38.857 39.8548 43.9793 41.2127 40.692 45.0356 44.6581 44.6095 44.3635 47.814 48.3587 51.4324 51.1657 52.7873 54.8255 58.1982 58.5642 58.8364 61.1313 63.0158 66.8801 66.2414 69.6839 73.4375 76.1594 78.8473 81.9101 84.6353 90.4789 96.8641 101.513 109.551 116.487 118.401 125.848 135.849 145.982 155.732 162.675 169.87 179.157
179.73 171.726 162.219 155.707 145.971 134.772 129.192 117.283 113.734 103.041 102.61 94.9516 93.6882 85.3328 82.9051 76 73.9017 71.3443 72.1403 67.4865 63.9783 63.6613 61.5386 61.3342 58.4385 55.5174 55.3411 53.1019 51.465 52.6254 47.9002 48.3635 44.2791 46.7012 46.86 44.0997 42.9455 43.4801 43.0295 41.4814 40.8337 37.6798 38.1663 36.1773 38.0556 38.7071 36.3201 36.3723 33.7414 35.9628 34.3101 33.5142 31.8189 32.7161 32.2999 31.4778 34.1054 31.0314 30.6927 30.4032 30.6232 30.4755 29.5954 29.9668 28.0297 28.256 29.64 29.4954 26.7857 27.3401 29.0082 26.6586 27.1152 26.2743 27.6033 26.788 27.1654 25.5884 24.7295 24.6434 25.0087 24.0781 24.7002 24.2168 23.6636 23.2992 23.6198 25.6147 24.982 25.8845 26.7151 25.233 27.6666 26.7481 27.0286 25.5706 26.7573 26.999 27.7568 28.4248 28.5521 30.705 27.0255 31.3656 30.0151 29.4636 28.6003 29.7678 29.423 31.8888 29.7082 33.9551 31.5911 32.2964 32.3049 31.5962 32.8868 33.6674 32.0906 33.8937 36.0273 33.3677 35.1683 35.1367 37.0457 35.7973 35.8382 37.5374 39.326 39.9159 43.0978 41.482 44.0565 44.7113 44.654 46.5385 47.1819 46.9112 48.258 48.4774 51.4326 50.8361 56.1202 52.797 56.608 58.6015 58.3412 61.4804 61.8638 66.5552 69.3018 70.5101 74.6901 74.2812 79.7795 79.0335 86.7942 86.4069 96.9442 103.346 105.897 112.879 119.61 129.471 137.725 146.456 152.15 164.949 172.519 180.184
181.97 172.32 161.786 153.138 143.303 135.587 128.705 118.964 108.056 105.323 100.065 93.9314 88.3345 86.2626 82.7378 81.2426 75.1778 68.3962 70.5104 63.3358 64.3001 63.2337 61.2002 58.7187 56.4148 54.2174 53.6339 51.6386 51.5079 49.4768 49.9462 45.346 45.7477 45.9945 46.6815 42.5432 41.9018 42.7222 41.069 39.5917 39.892 36.4722 38.0418 37.821 38.2981 37.5218 34.4618 34.5772 35.0262 36.7438 34.798 33.2843 34.4035 32.9203 33.3605 33.3015 29.7799 32.0106 30.8597 30.7946 30.5064 29.7086 30.1224 30.2495 28.9813 28.5436 28.734 28.4361 27.9795 27.739 28.5523 27.098 27.2964 27.0418 25.9534 26.903 25.3619 26.9843 26.3804 23.3976 25.4427 24.3667 25.7182 24.2609 23.4131 22.2986 24.9167 23.6851 22.4042 24.8819 24.7816 25.2052 24.9749 25.2225 25.4232 28.1354 26.6486 27.1155 24.9987 27.7335 27.4463 27.3669 27.8155 28.8035 27.1937 27.5335 27.9047 29.5679 30.4391 31.0202 29.9118 31.3926 31.6432 31.9503 33.2331 32.2076 30.8851 34.0745 33.0104 33.5901 33.4877 34.7288 37.1232 35.8997 35.8536 39.1979 38.2802 37.0798 37.6141 38.4042 38.3685 43.2436 41.5414 44.0589 41.2156 42.4006 43.9559 47.8973 48.7879 50.1875 51.7671 48.6514 52.8846 56.3725 55.5957 58.0183 57.3723 57.6018 62.8828 63.661 64.9379 67.4245 71.447 76.381 77.3027 81.4879 83.6881 92.3914 95.4225 96.2335 103.894 115.185 120.556 126.557 136.338 145.932 152.95 161.788 172.032 178.9
180.973 170.138 162.073 151.91 144.523 134.587 125.973 119.869 110.493 104.706 99.5807 95.9208 91.0875 86.8536 80.5595 74.9706 77.1182 71.4808 66.4627 64.7449 63.6708 61.6639 60.4486 56.5943 56.8668 56.2307 56.2555 52.1917 51.9481 50.3203 47.9029 47.1176 46.9625 43.8503 43.5067 43.0059 44.2415 42.414 42.9122 40.578 39.4263 38.9617 36.4852 38.3393 36.9497 36.893 36.4687 34.6347 37.5502 34.1158 34.0726 33.4285 34.158 31.5634 32.6872 32.7594 30.8113 28.2756 30.7544 30.3468 29.9223 31.2274 29.3497 27.9149 31.0049 28.4902 27.8951 28.1282 27.174 27.5662 26.8566 30.1663 27.1487 26.1361 28.1664 27.9205 25.6055 26.2692 24.7264 24.5229 24.9641 24.0634 24.5412 24.0978 24.1623 23.5056 23.7322 24.7983 23.631 25.5377 23.7177 24.9625 26.9679 25.217 29.1691 27.5451 26.7849 26.9522 27.902 27.7237 27.5507 28.6116 28.9661 28.6405 30.5521 29.5008 30.0962 28.8441 28.9348 30.9398 30.0269 28.9704 30.9271 30.3894 31.3221 32.4927 33.6811 33.4639 33.2232 34.3032 34.2872 34.6746 33.3727 36.0462 36.8648 36.8338 37.8051 36.4699 37.5325 40.0912 39.698 40.234 41.5794 42.7115 43.0211 44.2916 46.061 47.4625 46.3502 48.2885 50.0671 52.6484 52.1459 52.4215 54.9685 55.2084 57.5473 61.6534 61.0486 61.9217 67.9238 72.8194 72.2075 70.7447 78.4831 80.788 87.2476 89.3608 95.1155 97.3318 106.889 109.987 120.119 126.227 133.862 143.149 151.974 162.329 170.433 180.004
180.353 170.319 161.547 150.062 142.362 133.621 125.276 117.816 109.793 106.271 99.1347 95.6297 87.7125 85.6325 81.4333 73.6268 75.4051 72.0824 70.6495 67.3972 63.2469 65.2024 59.1138 58.1746 57.6916 55.7622 53.0429 51.1562 48.4404 48.5504 49.2692 48.2575 46.7627 44.7731 44.2712 40.747 41.8393 40.365 41.2407 36.9151 39.6828 37.2051 35.9811 36.2016 36.4096 36.7557 36.8169 33.7849 36.279 35.1092 33.6563 31.7974 33.9493 31.2255 32.1568 31.7083 30.1164 30.7852 30.077 30.8317 29.9408 29.112 30.2684 28.6422 28.1243 26.3934 27.9406 29.1024 27.4262 27.0022 26.0605 27.0114 26.7857 27.4269 25.5958 26.7701 26.2736 26.1538 23.6809 25.8292 24.8273 24.7936 24.645 23.4788 24.6592 26.503 26.4314 22.0405 23.788 23.8454 25.0011 24.149 24.8279 26.6221 25.3453 26.8295 28.6437 24.8953 25.458 26.1195 28.182 27.7043 28.4286 27.1383 28.0201 30.3804 28.3411 30.3251 29.4133 29.7589 30.4505 30.6724 29.7134 28.2982 32.5764 34.905 33.2317 32.7725 32.3763 35.6468 33.7946 33.7324 36.4877 34.4639 34.8624 37.0354 38.408 36.4472 37.6106 40.4544 38.5639 42.1425 42.1476 41.9012 42.6073 43.6493 44.0267 45.9644 43.7843 47.7326 50.7209 51.2122 51.38 52.691 58.4034 54.7929 59.7665 58.6672 62.9126 63.7847 68.0624 67.0197 72.108 77.7891 78.3283 78.4865 82.0882 87.8293 96.3068 99.5409 104.717 112.631 119.484 122.738 134.763 146.139 151.397 163.287 172.103 180.022
180.32 172.332 161.102 153.27 145.586 134.085 124.273 117.559 112.599 100.825 95.9187 91.7694 88.8328 83.7516 78.8237 76.2795 73.6135 70.0981 68.8526 64.6536 62.216 61.1828 58.5413 59.3415 56.0467 52.7672 52.9553 51.6424 53.1731 47.3621 47.4763 51.3181 47.0667 46.3446 44.0065 42.5029 42.6426 39.225 41.9023 39.8804 40.2704 37.2129 37.3246 37.9275 37.2114 34.9395 35.2505 34.7462 36.2989 33.5708 32.622 31.7125 31.071 33.3099 29.6341 31.7267 30.7586 30.3181 30.292 30.1779 30.0128 27.825 29.5847 28.1158 29.5832 30.8662 28.91 27.6778 26.9299 26.9208 25.6618 26.2185 24.7665 26.4166 26.7379 26.4483 25.4019 24.6876 25.1552 23.5516 23.4306 23.976 23.807 25.5788 24.1116 24.4524 24.3499 26.1724 22.2133 24.7613 25.0445 26.0845 24.5712 26.4566 26.2295 26.6947 26.8 26.64 28.1313 26.9078 27.2489 27.4993 29.2578 26.1397 27.6381 29.9607 29.2893 28.3329 29.1257 31.0472 31.3476 29.885 30.8053 31.2148 31.4192 31.7515 31.8132 32.1922 33.0812 32.6075 32.8296 33.7742 34.2942 34.5626 33.8714 35.3965 37.8529 38.3239 36.0968 42.0295 39.8762 41.1481 41.9252 40.4423 43.1028 43.3649 45.7507 45.3972 46.9028 46.8263 50.1564 50.328 50.2719 52.4697 54.8943 53.9048 55.4761 59.0918 63.4264 66.1349 67.2439 69.9883 69.1072 73.3801 78.5417 81.7295 83.4424 91.4123 94.2056 96.7388 101.462 109.622 114.85 123.243 132.578 142.395 153.123 161.079 171.273 179.865
181.835 170.914 162.895 151.099 139.463 133.294 125.099 117.549 106.248 101.423 96.9814 90.0856 86.5731 81.3412 81.3264 75.2767 72.927 70.9252 69.4113 66.318 58.649 64.2401 62.1485 56.7678 55.9786 54.0905 51.8656 51.7304 49.1852 51.3367 47.1358 45.9889 46.0038 44.6337 40.8822 42.437 42.116 39.9738 38.6913 40.7535 40.2062 38.1556 37.6922 36.6165 37.0716 34.5069 34.9856 35.5835 34.7824 35.1193 31.639 34.7967 32.5842 31.3279 31.4825 31.5805 30.4224 30.1695 27.8777 29.936 28.8184 29.3834 28.5683 27.7204 27.316 28.0763 28.659 27.2769 25.3995 26.3624 27.6588 24.912 27.5988 26.624 24.7021 26.105 25.703 25.5824 24.2835 24.3708 24.9386 23.4953 23.4406 23.5273 22.9942 22.9702 23.8131 22.9888 24.6894 24.5672 24.3216 23.1934 24.5135 26.5798 25.4317 25.5227 25.997 26.2755 26.0664 27.888 28.5752 26.3121 27.7304 27.1297 27.7746 26.4808 28.342 28.6053 30.3405 27.0611 30.5908 30.5616 31.114 31.4355 29.6266 31.6179 31.5318 33.5298 31.4995 34.6142 34.0408 33.6738 35.8502 35.0315 36.1814 36.4839 36.9073 38.2508 36.5461 38.5043 38.4558 40.463 39.5196 42.0093 42.7561 43.4267 44.666 45.7497 47.3762 45.5557 47.8678 49.7465 51.9958 53.9056 56.2048 57.2875 56.1904 56.1908 61.4311 62.4881 64.8078 68.1258 70.4466 72.8265 74.6554 82.3036 82.2418 89.776 93.6399 97.0584 102.471 107.48 116.024 123.092 134.65 142.795 149.675 162.563 167.905 179.213
179.195 170.86 160.022 151.243 138.709 132.218 122.433 119.522 109.645 99.8935 96.9128 90.3896 86.2292 83.2466 79.0136 75.5837 71.6691 67.3769 68.2973 67.133 60.8787 63.6279 58.7936 58.9132 54.8158 54.5285 52.4324 51.4968 49.1769 49.4873 49.6658 46.5148 45.2624 42.937 42.3395 42.3625 42.7275 42.0237 39.3579 40.8659 38.9376 38.1873 37.5472 38.1898 36.3993 36.1951 34.6749 32.1843 32.0587 32.7462 31.2532 31.9438 31.6473 30.9918 32.3729 30.6958 31.4734 30.5122 29.0099 30.3511 27.0052 31.3465 28.872 27.9832 31.158 26.4853 28.747 28.009 27.1334 26.8888 28.0112 27.5645 26.9626 26.352 25.4929 24.1385 24.422 24.8978 25.0839 23.27 23.1922 24.3288 24.1101 24.2465 23.1031 23.8197 23.2131 23.6697 25.0721 24.5097 23.7436 25.0847 26.0954 23.9701 25.2504 25.9142 26.9927 24.6963 25.5249 26.2273 27.4616 26.238 26.4866 26.5257 29.633 29.6824 28.3853 29.1451 29.1437 31.6876 27.6136 30.4087 27.0424 31.8144 32.3906 30.9011 32.337 32.1055 33.0553 32.8469 32.2197 35.904 33.8737 35.3037 35.5522 36.609 36.6517 38.4724 38.5074 39.3108 40.8584 40.7251 42.0595 43.34 41.3277 42.2628 44.8063 44.523 45.0069 44.9916 48.019 50.2439 49.6402 51.8945 55.4324 56.2247 56.9213 57.7497 59.3865 65.0571 65.4199 68.0871 70.6833 72.6218 77.6702 78.378 82.1804 86.524 92.8981 96.8191 101.624 109.168 113.269 123.761 129.069 142.079 150.321 162.397 171.688 179.88
176.172 169.289 160.192 149.777 139.231 133.465 121.266 114.941 107.183 103.151 96.9375 91.2771 84.0669 82.6476 80.3129 75.6571 72.7535 68.9437 65.9229 64.8449 59.9026 60.3521 57.3663 56.6234 57.037 53.7886 52.2424 48.4447 48.2961 45.9164 48.3805 44.5198 45.3799 43.5567 43.6236 42.5059 39.2958 39.8692 38.575 38.8298 37.9512 38.4067 36.9371 35.4772 37.2281 35.109 34.2254 32.9465 32.9103 32.154 32.5691 30.438 31.9664 30.879 30.8784 29.3828 29.9031 30.5577 30.181 28.9453 27.9015 28.2583 27.2733 28.7905 28.3281 27.4074 28.3169 26.1393 24.6745 26.2991 25.1819 26.6758 27.7692 26.0729 23.8336 25.2734 23.7557 24.7651 26.2338 26.3188 22.8174 23.2717 22.7329 21.1939 24.0451 24.1258 23.003 22.9298 23.245 25.2815 24.0738 24.4031 24.0294 25.6223 25.0772 25.2283 26.1072 26.2224 26.6385 25.988 26.3379 25.2783 25.8269 26.9115 27.4074 27.8594 27.3444 28.8097 27.7632 27.3024 29.1347 30.2232 29.3234 30.3561 31.0531 29.0591 33.0639 32.9369 31.1342 34.6576 34.0846 33.2809 35.1199 33.3239 32.9769 33.1 35.9545 37.6174 37.373 36.9317 39.9117 39.8136 41.4156 41.8869 41.3399 44.0424 44.0275 45.4417 46.5655 47.7036 48.0253 47.6547 50.8555 54.9947 52.2681 57.1228 55.186 55.1191 59.4586 61.8224 64.8904 62.7468 70.9523 73.3469 74.5073 80.5556 82.7606 88.9245 90.6774 94.0269 104.429 109.156 115.726 121.366 130.429 140.22 153.197 160.018 171.059 178.97
177.265 167.884 158.95 148.294 143.051 128.832 123.967 115.293 105.965 100.97 99.6822 89.4199 88.8887 82.1017 76.8751 72.7384 70.6926 66.8772 67.997 60.936 61.141 61.8331 59.8452 58.1573 53.2671 50.7314 53.4249 48.7752 47.6441 49.3979 47.1431 48.4513 44.3964 46.6927 42.5147 43.1364 38.149 43.4847 40.1695 36.3009 38.601 36.7815 36.4591 36.8698 33.7432 35.4169 33.1343 35.0001 33.0893 36.6372 35.8582 33.3084 31.6001 31.0889 31.0539 31.5757 29.6569 30.4148 29.6038 29.0769 30.1887 30.4304 27.049 27.2585 26.8295 28.3036 26.9702 26.0001 25.4853 26.7631 26.7805 25.9027 25.4886 25.3976 26.6289 24.329 25.5658 23.9402 23.0915 24.1897 21.6118 23.2294 20.9781 23.187 24.5034 24.4925 22.6363 23.5011 21.8919 23.0283 23.5446 24.5263 25.8688 23.5179 24.4668 25.7557 25.4402 25.479 25.017 26.956 27.3933 27.0576 27.2979 27.7944 26.4829 27.8658 28.2941 26.8637 27.4643 29.6343 28.8854 29.1564 31.2093 30.9269 29.6688 30.33 30.409 30.6433 32.904 32.4462 31.7385 33.7889 34.1258 33.7429 34.438 34.6386 37.6956 36.7683 37.7518 38.8017 38.6409 40.0989 39.4006 40.6444 43.4409 42.9618 46.284 46.2868 46.3673 48.6053 48.3987 50.2723 47.9038 50.0664 54.6676 55.1976 52.2199 58.4742 61.4438 66.3867 65.5296 66.6434 69.939 72.0048 77.3758 76.8656 81.3565 84.711 89.8563 95.986 100.443 110.198 114.72 122.944 131.791 138.767 148.177 158.916 167.306 179.038
177.727 171.082 157.946 150.309 139.879 129.816 120.149 116.18 108.99 100.416 92.0938 90.8374 87.3812 80.2625 80.3556 72.8209 70.8887 67.8519 66.9587 64.46 63.39 57.6638 55.7356 55.8055 56.7534 55.2033 53.4212 52.16 47.0747 48.3209 45.8124 46.7318 44.4545 43.351 42.17 41.4515 39.2099 39.0401 40.0246 39.0457 37.2933 37.2466 38.7938 36.8043 34.5548 33.5573 34.8724 34.3513 33.5103 33.0416 32.432 32.7613 29.9635 32.7898 30.3606 28.1028 30.9244 29.4381 28.0397 30.6493 28.8127 30.7739 28.3315 27.6808 28.3361 26.4906 27.3453 27.538 27.183 27.1531 25.417 26.6495 28.2673 24.692 24.8453 26.4483 26.0485 25.5467 25.6788 23.7057 23.9702 23.7779 22.3019 23.2948 23.4303 21.3775 22.8829 23.7666 22.0516 23.2528 24.7157 24.4036 25.6851 24.3977 24.6912 25.4239 25.5227 25.0931 25.7389 22.7983 27.8145 26.7746 25.2783 26.4127 26.2445 26.5404 27.8665 27.8601 26.9042 28.1321 28.1233 28.6583 28.4717 29.4472 30.0664 30.5126 30.6289 31.3822 30.9616 33.166 32.7751 32.4021 33.905 33.9653 34.7364 36.027 37.4208 36.8605 39.598 37.5019 37.931 38.1632 41.8689 40.4476 42.1021 44.5302 43.8918 46.0089 46.5484 46.8547 48.2386 48.4102 49.1662 52.2813 54.6371 54.7973 58.1183 57.7892 60.916 60.2002 62.1974 68.7876 71.2988 72.5831 74.8858 77.3822 80.8568 85.6599 90.6076 95.3576 100.277 106.774 114.298 122.346 128.78 138.381 151.016 160.754 169.308 178.478
176.214 168.003 158.848 148.892 138.066 128.093 122.766 116.423 105.679 100.32 96.4711 90.4654 87.9072 80.2549 78.7983 74.523 71.183 67.7696 66.9385 66.8383 64.1567 60.3439 57.2526 54.3269 53.2057 52.5093 49.592 49.7976 49.1778 45.8584 46.1676 44.1078 43.1792 41.7823 44.7232 43.2854 42.2944 39.1704 38.7223 37.1798 38.0174 36.2358 38.3195 36.8083 35.4479 34.9936 32.9261 33.2736 32.3508 32.1419 31.5907 31.4491 32.3324 30.553 29.3327 30.2362 30.4958 29.5329 27.9945 27.7397 29.874 28.5855 28.0052 27.9356 28.2258 26.6572 24.8921 25.9724 27.3141 25.393 27.121 25.855 25.6954 24.0053 24.4206 25.1794 26.4196 24.7515 23.7028 24.7654 22.4498 22.524 22.2753 22.9731 22.6487 22.0818 21.0437 22.8899 23.185 21.822 24.448 24.1721 23.2139 24.3259 23.0884 25.4097 26.9609 27.0149 27.0148 26.0661 26.39 26.3148 24.7712 27.5312 27.1051 28.1345 28.7459 28.726 27.6426 27.7601 28.6146 31.6669 28.8834 28.124 30.8538 31.0405 30.3976 31.3324 33.7407 31.3568 32.3652 34.8931 34.6728 34.7514 33.2618 33.7142 36.3346 37.8077 35.2381 38.6869 37.4104 40.8933 41.0182 41.6005 42.2579 41.5053 43.6258 44.5974 45.36 48.8022 45.7949 48.2336 49.7141 51.4642 52.8879 52.33 55.6125 57.3147 59.8516 61.1545 62.7306 66.3233 69.5138 71.0866 73.8332 76.1722 80.9378 85.4979 90.1993 96.9772 101.569 114.533 115.824 119.462 126.939 138.943 150.17 157.215 168.532 179.907
177.857 167.084 158.835 147.2 138.216 125.331 121.125 113.243 106.522 100.856 97.4341 87.3465 85.7195 80.7996 77.3063 72.8199 70.432 65.9552 66.2017 61.0377 58.5985 57.4396 57.3589 54.9672 54.4394 54.3016 53.3797 49.4662 46.2959 48.4568 44.8907 44.6088 46.7531 44.6257 40.1627 43.3552 42.0123 40.0776 39.9411 40.668 38.5439 35.6239 35.5653 36.2993 35.0302 36.8539 34.2862 34.2243 34.0135 32.8195 32.5853 30.9536 33.7904 32.9403 31.7838 31.3006 28.4324 29.7219 30.7665 28.4538 26.3131 29.231 28.3031 28.2619 26.8176 27.7587 26.7375 26.4013 27.6478 26.2692 24.9545 26.3149 24.788 25.5352 22.9656 25.2791 24.1343 23.125 22.8882 21.9726 24.03 23.6164 22.0224 21.4933 20.9215 21.9803 23.1308 22.0475 22.2651 23.8412 22.6666 23.7187 23.1237 24.0869 24.0413 24.1798 24.3804 24.6594 26.9376 26.2637 26.5673 27.0893 27.4257 24.84 26.9476 29.3012 26.4596 27.7291 27.7305 26.6314 28.518 29.5419 30.5135 29.5677 29.8922 32.1925 32.0755 28.8158 31.9818 32.4058 30.8152 30.7625 35.1425 35.0544 34.5895 34.6701 35.3765 35.7448 37.5082 34.7386 38.8834 36.9403 40.9024 42.2948 44.0176 42.9363 41.4712 42.5684 42.6238 46.197 47.1426 50.5091 48.8722 53.1184 52.6758 54.2017 55.6852 57.1759 58.0338 59.1713 63.0794 63.8712 69.344 72.2884 73.8006 79.5944 83.4527 86.6823 90.6128 93.7362 99.8065 104.55 115.243 120.976 128.796 137.513 149.293 158.749 167.685 176.436
177.489 167.745 155.442 150.862 137.524 126.061 120.594 111.044 104.823 99.2702 94.2798 87.511 84.6712 80.3214 78.4577 70.0518 67.3234 67.4691 68.9417 61.0054 61.1259 60.0688 58.0788 54.8497 52.147 52.1109 50.0498 49.9045 46.9016 44.9406 45.534 47.1752 43.6401 41.5438 41.8938 41.4912 40.4075 39.1907 40.2332 38.0853 38.3912 36.7984 38.3893 34.2804 35.2846 32.8726 34.8944 35.0865 32.5643 31.1111 31.6542 31.8368 30.8269 30.1624 30.4055 29.7269 29.2926 29.4012 29.7307 28.8633 27.727 27.8035 28.1423 28.426 26.5463 25.9291 25.6747 25.5548 28.1439 27.2149 26.4425 26.1223 25.6517 25.1623 25.1635 23.4653 21.9719 23.8634 23.4362 22.4213 22.507 22.8778 20.8676 24.1708 23.7386 21.1105 23.1286 23.3135 22.9099 23.1058 22.8692 22.9714 23.6719 23.6186 24.6115 26.2486 24.9368 24.795 26.9763 25.4746 26.8803 26.4712 28.8474 25.8198 26.3066 26.1511 26.7527 28.4465 28.0947 28.0152 28.5715 27.6694 29.449 29.3777 31.5708 29.6626 29.8802 29.4455 30.5662 31.5311 33.0128 33.3505 35.4779 34.8834 34.7414 37.0132 36.0272 37.4587 35.6277 35.7766 37.6075 38.5779 41.0429 41.994 42.3643 43.5881 42.414 43.1809 45.4537 45.6476 46.4327 46.3423 48.7923 49.5543 53.0366 52.8823 55.5006 55.7766 61.0438 60.818 64.0023 65.3473 66.5937 72.4229 72.0122 76.6716 79.2686 85.644 88.0147 98.6627 99.2347 107.121 112.468 122.35 128.996 136.66 146.768 159.435 169.431 177.566
177.338 167.885 157.978 148.451 136.471 127.039 120.9 111.978 105.811 99.1423 96.4658 90.1268 84.6966 82.534 76.8603 74.1922 71.8757 64.0349 67.27 62.3035 61.2204 57.2906 57.2589 56.9276 55.3165 53.1814 46.8864 49.0243 47.2698 46.267 47.7127 44.4503 44.4834 44.1476 42.9339 39.7558 41.3618 41.2711 38.9799 37.5427 38.8219 37.1561 37.4374 34.0895 33.1345 34.6784 33.4773 34.6115 31.2982 32.1774 29.6623 32.3294 30.0399 30.3688 31.289 30.968 30.4174 27.312 28.1078 28.8947 27.2419 27.5456 27.1553 27.9137 25.6658 27.13 25.9219 25.395 25.9002 25.1463 25.065 24.6667 25.0993 25.2879 24.2578 24.4605 22.8261 22.7444 22.8657 22.4069 21.0167 22.2665 21.2203 23.2008 24.7704 21.5462 20.9211 22.9983 22.4498 23.8194 22.8239 22.1797 24.4601 24.1435 23.947 23.7837 25.3887 25.4637 25.0719 25.7606 26.2561 25.7832 25.5386 26.7037 27.7645 25.8776 26.473 29.6264 26.4953 28.4071 29.0294 28.9768 29.6831 28.4113 29.1288 30.4389 29.2356 29.0877 31.6129 33.2743 32.5427 31.6888 32.4059 34.3386 33.6998 34.6563 35.193 34.7932 35.8288 37.3404 35.0814 39.9521 40.9082 38.4503 40.3393 42.8134 42.4713 47.3861 47.1737 44.9602 49.4321 46.7854 50.8793 52.921 51.2506 51.4715 58.9848 59.5697 59.886 60.1907 61.2866 62.8024 66.6723 69.4706 72.2981 77.8538 77.9275 83.156 88.0723 96.678 99.0653 106.599 111.465 122.058 129.237 139.457 149.862 157.722 168.723 177.251
177.504 166.092 156.663 148.236 137.011 127.571 122.531 112.729 102.539 97.0989 93.4869 86.458 84.3815 80.1989 75.6027 72.2674 68.3988 68.1175 66.2951 59.5073 60.505 59.835 57.4435 54.5293 52.433 50.9322 47.6636 52.5323 45.3403 48.1481 47.6987 43.2109 45.8592 45.9007 40.6761 38.49 41.1361 39.5292 40.2804 38.784 35.3566 36.8626 34.7155 34.7951 35.1589 32.7729 34.1243 32.0674 32.3824 31.3927 32.0073 30.7578 31.6626 31.7946 30.9455 28.7759 28.7938 28.6113 27.4632 27.8852 27.1208 27.7894 26.1952 26.7585 27.5343 26.2988 25.7091 25.5362 26.4604 25.9418 26.1558 24.8781 23.5291 24.8095 25.352 23.2831 22.368 23.345 23.3108 22.4139 22.3371 22.2462 21.2331 21.4597 19.9361 21.4632 20.4742 21.9163 20.2617 21.2584 22.7716 22.7837 24.7949 23.3043 23.7099 26.049 24.4861 23.5356 27.2845 24.7431 25.4247 26.6365 24.9136 24.7814 25.8444 27.0461 28.8496 26.7997 26.2877 28.9071 27.086 28.3902 29.8991 28.6482 29.0046 28.4239 30.2142 31.8457 29.2931 30.7968 31.2816 31.4375 35.801 32.2271 34.236 35.7685 35.8847 35.6348 34.328 38.7573 38.1469 37.6057 40.1407 39.6769 39.1942 38.0407 43.4399 42.5744 44.1624 43.9128 47.5047 48.3976 50.0074 50.9555 53.5633 55.0432 53.9636 56.6673 57.2026 59.1325 63.6461 61.6631 64.8271 69.25 73.8695 76.3664 80.1029 82.5553 89.6269 92.6525 98.9377 105.348 113.295 119.066 127.309 138.452 149.48 157.534 168.053 175.57
176.381 166.567 154.964 144.981 135.964 127.769 116.631 111.679 102.195 96.7887 92.3434 89.7007 84.0066 77.0937 75.2935 70.036 70.972 67.4102 61.9695 61.2465 58.5465 58.55 55.6577 53.2544 53.1776 55.4844 51.1139 48.5926 47.5588 45.3806 43.9929 46.858 43.1635 43.2054 42.7988 41.4177 39.081 38.032 38.6512 37.9966 37.9963 34.8424 36.3292 34.1028 35.1757 33.9773 34.2541 34.2909 32.5566 31.6669 33.5947 30.648 30.9562 30.6197 30.9802 27.6535 28.2771 31.2581 28.5381 30.2772 28.0841 27.867 26.8444 25.1321 26.3348 26.3783 25.8621 24.834 27.0776 25.6961 26.6382 25.8063 23.9289 23.7735 26.1129 24.4584 24.4825 25.9983 22.577 22.1673 22.1059 22.4494 22.7192 21.2999 22.7969 22.0366 22.3465 20.9869 21.8389 21.2091 19.5938 24.3435 22.9524 22.5772 24.2387 23.1182 22.6499 24.8316 25.6798 23.7439 25.3158 25.2854 25.6602 25.8162 26.3476 25.7735 27.9383 26.2276 27.203 27.92 27.517 28.8554 29.9704 26.4646 31.8558 29.8483 29.5979 31.4425 31.2696 33.6764 31.8245 32.4001 33.4223 35.2674 34.3911 32.9954 34.1693 35.4379 37.317 36.5088 38.326 36.9158 41.5002 39.2946 38.5478 42.7304 42.2443 41.2222 44.6908 45.7712 46.1543 47.9385 48.3752 52.2575 53.9031 52.4665 54.2713 56.6852 55.8006 61.5593 61.2427 65.1208 66.0713 68.3251 72.7049 75.6629 80.9279 84.6122 89.0181 92.8076 97.7594 101.42 111.027 121.081 129.716 135.19 145.728 157.765 167.204 175.769
177.67 165.089 154.54 148.059 134.859 128.386 118.683 109.263 101.884 96.4335 94.4798 85.4517 83.7805 80.1291 74.7419 71.5506 66.0977 64.5106 63.7755 61.6803 59.6456 57.95 56.1471 55.3502 53.0477 50.653 51.0619 48.7131 46.3143 45.162 46.8916 43.3336 41.9563 41.6078 43.4087 41.3851 39.7307 40.6981 38.0532 36.3628 36.3672 36.1101 37.7713 34.1996 35.1364 34.9265 34.1076 31.766 32.3729 31.6617 31.5309 30.9157 31.1204 29.687 31.4521 31.1254 27.4635 29.8436 27.4093 27.7971 27.9571 27.5843 27.3394 26.5216 25.4473 27.2814 27.1785 25.7773 23.9988 25.3559 25.9942 24.1051 25.3627 24.9225 24.7052 23.5671 24.5997 22.707 22.0125 20.9902 23.3663 21.5835 21.5892 21.1264 21.3341 20.4124 21.8741 22.0129 20.4874 21.565 23.6959 22.7756 23.1513 22.6935 24.4771 25.4182 25.5138 23.8759 24.3779 23.9024 26.4109 27.1387 25.0943 26.0704 26.7912 25.1413 26.0476 25.8867 28.4944 27.485 27.9296 28.8458 28.832 29.2295 30.3742 30.4368 30.8879 30.0447 30.0842 31.7045 30.6859 29.6623 33.583 31.8906 33.1822 33.8178 34.9369 35.299 37.0649 36.4142 37.3223 39.2424 38.4871 40.0994 41.6556 42.7711 42.5781 42.2885 43.0181 46.2381 46.5199 49.1725 48.3481 50.1076 49.2974 49.83 51.7991 57.8181 58.3736 61.3868 60.1892 63.2872 65.9482 68.4129 72.6191 75.1394 78.9208 82.7159 83.9182 93.9988 99.6328 103.563 110.781 118.677 126.153 136.184 147.376 156.051 165.798 177.238
176.391 165.386 155.058 145.824 134.668 126.645 120.266 109.149 102.374 96.3993 91.6742 89.613 79.9236 79.2376 74.65 71.8312 69.6007 64.4554 67.5807 63.1558 57.3204 58.8882 54.8753 54.269 54.6532 49.1264 50.7647 48.5226 46.4518 47.6637 47.8037 43.4563 44.2641 42.408 40.5062 41.8488 39.8491 39.5506 37.0278 37.6638 34.4367 35.4072 32.9995 32.9807 33.0234 32.768 30.6796 31.986 33.8945 31.6637 31.1477 31.2914 30.8993 31.2748 29.8855 29.3614 28.38 28.1708 29.0772 26.1324 27.5948 27.6219 26.7353 27.2884 26.9218 25.1785 26.0688 25.6473 24.8868 24.1319 25.1484 26.2114 26.2022 22.9234 23.7374 24.7433 24.123 23.6744 23.7547 22.0059 22.32 20.8253 23.0683 21.828 21.5891 19.9825 21.6604 21.5922 20.0572 22.425 21.375 22.7317 22.8139 23.4466 23.6714 23.6215 24.7967 23.2826 24.272 24.2344 26.8918 26.2626 26.7776 25.3925 25.8543 27.8128 26.9979 26.3562 26.1963 27.97 27.6592 29.0176 29.7359 29.7542 30.2199 29.7999 30.1645 29.9156 31.2728 31.3675 32.0569 31.2303 33.5814 30.0555 32.3666 34.2923 35.3755 35.8226 35.7269 38.1574 37.1814 37.9809 38.8372 38.8636 39.8695 43.074 44.0527 44.064 43.9767 45.6445 45.5497 46.7088 47.3134 50.3077 51.7787 52.6392 54.9335 57.9444 56.4141 57.4626 61.8786 63.9005 67.2344 67.4296 69.6673 72.692 76.779 80.615 86.0915 90.957 97.1981 106.079 109.847 116.929 124.466 135.902 146.01 155.869 167.095 176.245
175.561 165.308 156.822 146.783 136.98 125.403 118.257 108.795 104.669 95.3794 91.2949 88.4921 82.0523 77.2914 74.3987 73.3438 69.8167 67.407 64.06 60.364 59.0397 57.0678 54.3849 55.6169 51.9678 51.7526 47.3388 48.9403 47.7227 46.9965 44.766 44.9633 41.3968 40.8027 38.0038 38.9311 39.7888 39.5526 38.8295 36.6227 37.5739 35.2553 33.1386 32.2371 34.4004 34.5429 32.3009 31.9901 30.0347 33.2713 30.7109 29.2936 29.6836 28.6408 29.7188 27.9882 29.9428 28.325 27.2598 29.6722 28.2436 26.4041 27.6339 27.0965 25.42 24.7424 27.3504 24.4022 26.2694 23.4436 26.7676 25.1958 24.3935 23.9146 23.1848 24.0552 21.4507 21.9149 23.3227 22.1462 21.9424 22.224 20.3118 20.975 19.7312 23.2753 19.9532 21.1234 21.1463 21.956 22.46 21.3742 21.9202 24.1252 24.482 23.6248 23.742 24.6027 24.5164 24.5098 24.9336 25.7827 25.645 25.7842 26.6274 25.9655 26.3827 26.2247 25.9088 26.8934 28.1634 25.8618 29.5628 29.0367 27.9352 28.5381 29.7608 31.7239 29.9755 31.3084 32.4923 31.9141 32.9103 30.7687 33.9367 35.0684 35.8999 35.5549 35.3653 36.1113 39.1471 37.1573 38.6652 38.4615 40.063 42.4971 41.1959 41.5239 42.8519 46.2322 48.2523 46.8616 48.4038 51.8198 50.3865 52.5213 54.6563 55.7295 60.331 58.5099 62.2517 64.5922 66.0718 70.323 72.0483 74.8408 78.2775 83.929 87.0669 91.408 96.3973 101.704 110.311 116.982 127.137 133.611 145.509 156.014 167.238 175.576
175.904 167.299 153.23 144.216 134.948 123.899 114.966 109.006 102.192 96.286 90.0411 85.5835 81.5247 77.0271 75.5792 70.891 67.7588 63.3235 62.7072 61.6887 60.1624 58.063 55.2902 56.2631 50.3344 49.4266 50.1488 47.1762 47.0181 46.341 44.3043 44.9134 43.1169 41.1818 42.5162 41.2392 39.4046 40.1101 39.1092 36.0557 36.7589 34.8663 33.1241 35.0595 35.291 36.34 31.4772 31.7613 31.0021 30.5237 29.7725 28.8532 29.6872 29.9561 29.5151 29.2858 27.4897 29.6723 29.9927 27.7052 26.3386 25.2631 25.2707 27.0557 25.7821 25.4895 25.3667 26.0144 25.5859 26.0623 23.2466 23.4404 23.6272 24.3099 24.4974 22.3064 23.6503 23.5171 22.5165 23.7003 20.4605 21.5678 20.9553 20.722 21.1438 22.0946 21.4352 21.5041 20.4924 21.7232 22.2194 21.9167 23.62 21.7834 22.9083 23.2064 24.0823 23.8131 25.6134 24.4124 24.5177 25.0055 25.9458 25.4153 25.4604 26.3032 28.2775 28.3053 27.3113 26.5423 28.4211 26.0308 28.4262 29.0217 29.0747 28.6472 30.2173 28.3274 30.7148 30.5612 32.1317 32.5427 32.7872 32.9041 32.9809 32.902 34.8441 33.9883 35.506 35.8117 37.0058 37.9263 38.0232 39.3219 38.5303 39.7807 40.694 45.5386 43.355 45.1782 48.1788 45.2583 51.332 48.86 51.8861 52.0533 54.9548 55.3817 56.0943 56.1832 57.7144 62.1976 67.0807 68.7635 73.1088 73.77 79.1645 81.5037 84.1526 88.6434 96.9256 103.152 111.933 117.111 124.139 137.108 143.413 156.055 165.096 174.643
175.79 166.363 153.247 144.232 134.021 123.625 117.716 106.137 101.611 92.6843 88.8441 83.7123 80.1573 77.199 74.4633 73.7157 70.4363 65.494 63.5005 63.7523 58.2838 55.3432 54.4648 53.9334 52.374 53.5235 51.1309 48.9654 47.5572 46.8158 42.7506 43.3859 43.2289 45.3964 41.4723 39.9236 39.7635 38.4765 36.8641 37.6578 36.5825 34.2801 35.7318 35.6431 33.4496 32.4827 32.7894 32.6424 32.4962 30.8745 31.0804 29.3087 30.3174 29.1872 30.127 28.395 29.1927 27.0374 29.3369 27.012 26.5052 26.508 25.3848 27.1116 25.9255 25.0636 26.5135 25.6079 23.8902 24.5523 22.8498 23.5146 23.2472 23.2649 22.3844 23.8562 23.8216 21.9008 22.6401 22.5904 21.3349 21.4558 21.661 20.138 19.7607 19.491 21.4034 22.1364 20.7637 20.0183 21.3047 23.0815 21.969 23.2917 23.7382 22.8061 25.1918 24.8619 26.4054 24.0928 24.7293 25.8875 26.1365 25.2798 25.7101 24.109 25.9518 25.8477 23.8354 25.6908 26.5799 27.1568 27.2565 27.5438 29.9718 29.426 29.4731 29.7819 31.0076 30.2527 32.6126 31.8727 32.8032 32.443 33.8418 32.2696 34.3333 34.3649 35.1208 36.4691 37.997 37.004 38.7158 41.314 41.762 41.4579 39.4684 45.3659 42.5399 44.0629 42.9794 47.18 47.2401 50.2271 50.9612 51.1767 55.3161 54.7072 56.8947 58.3401 62.7576 63.7344 66.9552 71.7791 70.7982 75.3503 77.9848 80.4781 85.5685 86.3796 96.1849 102.151 108.684 119.701 126.939 135.134 146.792 154.176 164.256 177.436
175.184 166.152 155.514 145.276 131.998 125.489 118.759 107.48 100.782 96.4919 88.601 85.5029 80.7107 75.5694 73.8123 71.4265 65.3918 68.7019 64.3114 59.0542 59.3595 56.252 51.9891 51.3414 51.8489 50.7013 47.715 47.2684 47.25 44.3528 44.2779 44.7758 43.7608 40.3134 40.4017 40.0659 38.1122 39.0656 36.3795 38.0156 35.5064 35.9829 36.2378 33.7088 32.9781 32.5255 32.4915 31.8657 32.0798 30.5079 31.1905 28.691 31.0755 30.2154 29.5985 29.7048 28.1115 26.6271 26.8771 27.2709 26.6504 27.0947 26.4749 25.8421 25.5476 24.8415 27.4785 23.5498 23.5892 25.9858 24.8292 24.4893 23.6772 24.527 23.5892 22.1721 22.8235 22.4048 22.5862 20.0619 19.7916 20.2299 20.5207 20.1866 20.0386 20.8126 20.5025 20.6537 19.9557 21.7843 21.6675 21.6143 20.9565 22.373 22.2884 24.2074 22.9247 24.1781 24.2925 24.9664 24.2809 24.2074 25.8175 24.6639 26.6193 23.8859 26.1363 24.7549 27.3308 26.3317 26.4858 27.5553 27.2923 28.0226 27.7901 30.1493 29.2802 31.1182 30.869 30.2541 29.1998 32.9183 33.0685 34.8705 33.3325 33.5252 34.2655 36.2186 36.5632 36.4556 36.6064 36.4457 38.8565 39.3086 41.9935 40.3935 41.6897 43.4516 43.4362 44.3776 46.5121 45.3178 48.6755 47.0909 50.0619 53.9796 53.7296 54.3184 54.6109 57.3602 60.2675 62.2431 66.288 69.379 70.8106 73.3333 76.9724 80.1136 88.5867 88.0217 95.1141 99.4939 106.95 117.92 124.144 135.736 144.196 153.728 163.113 176.156
172.882 168.637 153.948 145.257 132.436 126.052 116.392 107.713 101.02 95.1664 89.6958 84.9477 80.211 75.1038 75.5272 65.5451 66.8286 65.1951 62.942 59.7478 58.0721 56.2911 56.4009 54.0583 51.5405 49.4007 47.8076 49.209 47.2471 46.9739 43.4504 42.1727 41.2045 40.83 40.2454 40.512 36.2051 36.9658 34.4914 35.75 35.6777 35.9766 35.0812 31.333 34.0061 33.274 31.3393 31.9844 30.7175 30.568 29.9848 29.4883 29.3049 29.8967 28.7494 26.9885 25.6732 26.5744 29.7811 25.084 26.2745 28.3138 25.0106 26.4481 25.5023 25.2717 24.0551 25.5177 25.3491 24.8411 24.0541 22.849 23.8074 23.9279 22.8061 22.4049 23.0805 21.0964 21.2644 20.8921 21.8363 20.5627 18.3862 19.9378 20.4745 20.3138 21.5204 20.8037 20.8191 20.1037 21.845 22.3011 23.2845 22.5347 22.8197 23.2173 23.4263 23.1381 24.367 23.6771 23.2308 25.125 25.5176 26.0313 25.0379 25.7773 26.9117 25.999 28.1143 26.3775 26.1005 27.6804 27.8651 26.9793 29.2374 28.0195 29.3342 29.8029 29.5233 29.8158 32.26 30.3861 30.4409 35.2114 32.0107 32.9761 31.4502 34.9171 35.6026 36.5737 36.992 37.3963 39.6469 39.796 39.454 38.6953 41.4547 42.6487 43.0023 45.6579 44.6837 47.3941 48.827 49.5004 48.1469 52.3494 54.6935 54.8475 55.5461 59.9002 62.0678 64.3817 63.0556 67.6067 70.2639 76.0426 76.4781 80.2903 84.4337 91.8571 94.8469 99.1039 109.112 113.165 126.376 132.791 141.255 152.963 164.366 174.434
176.514 164.793 155.786 145.054 134.49 125.005 114.655 111.05 99.6465 97.5004 86.4387 84.285 81.6893 75.5599 71.0523 68.0917 70.6341 64.9215 62.8138 62.6423 56.7471 57.0723 55.9896 50.0614 53.1049 50.7735 48.8317 46.8512 44.2325 45.4537 44.9234 43.2432 42.147 40.0383 41.2026 37.9775 40.5747 40.3686 34.6359 35.3959 36.4598 35.8657 34.7463 35.0923 32.7501 31.9167 31.3144 32.6837 31.7214 28.5868 30.3082 30.8838 28.9135 29.809 29.3345 26.5993 27.7749 28.9261 27.1071 27.28 27.1051 26.4407 27.6171 25.0714 25.3693 27.3368 24.5689 25.6691 25.3191 23.2043 24.6426 24.9485 25.6087 23.7807 22.6365 23.064 22.929 21.9991 23.0347 22.8317 20.9168 21.1914 19.6681 19.8602 19.7064 20.7922 19.9168 21.2435 19.8982 21.4173 20.4352 21.6253 22.9068 23.1038 21.109 22.5913 23.5291 24.3011 24.3333 23.6904 23.8268 23.0711 24.2358 24.8609 24.09 25.7561 23.8775 26.412 26.9412 25.3213 26.7123 26.2681 27.1852 26.6514 29.6783 26.1927 30.9863 28.7952 31.3564 30.6471 32.3752 30.4108 32.4919 32.5801 32.2915 33.4458 35.0588 34.7193 34.7249 34.7004 39.9552 37.9254 36.1606 38.442 41.2853 38.9063 42.4829 43.7108 42.7933 44.6611 46.3944 44.1688 46.5599 48.1082 51.8961 50.9208 54.6509 50.9955 54.7805 56.2628 60.7259 61.1261 64.7637 68.762 69.0974 71.1794 77.8945 79.8919 87.3176 90.2986 94.2075 102.529 107.494 114.429 122.854 134.291 143.932 155.123 164.788 174.074
175.066 165.133 154.053 142.651 129.592 122.653 114.976 108.813 100.112 94.6696 90.1369 85.8312 83.9325 74.6887 71.2841 69.3969 64.9343 65.1571 60.6996 59.6874 56.9789 55.8899 54.09 51.0474 51.4696 51.0664 47.6447 48.2134 47.5368 46.5739 43.5223 44.2066 42.2911 39.0403 38.8223 37.7328 37.9273 39.4971 38.5755 37.5455 36.9681 34.9219 34.1802 35.0736 33.4032 32.5193 34.0369 33.9327 31.9067 31.1675 30.6827 29.6805 28.9306 31.4255 28.4757 28.8421 29.8535 27.3869 26.6945 26.2588 26.515 25.409 27.5537 25.173 24.9026 25.3775 24.7557 23.6783 23.8407 24.5198 23.4049 23.7479 24.4403 23.3499 21.4892 22.1684 22.6248 22.5747 22.0689 20.5399 21.3526 20.8608 19.6705 20.3421 19.7335 20.192 18.915 20.139 20.277 21.7699 22.1669 22.8517 22.9877 21.7207 22.8406 23.2041 23.2186 23.7204 24.3755 23.829 25.0413 23.0774 24.3972 24.7968 25.0854 25.5204 26.1575 26.3589 25.6223 25.9775 28.7834 26.4877 27.3043 28.5432 28.8071 28.2414 28.1083 28.5317 30.2124 31.2942 30.837 31.7985 31.4816 32.1636 31.0306 33.4546 33.042 33.9641 34.1879 35.2067 38.3518 37.5494 36.6631 40.0977 38.2987 41.5772 40.5544 43.504 44.9382 44.3472 47.314 47.0879 46.0988 49.941 49.764 52.2646 55.1106 51.7648 56.3247 58.8015 58.9503 61.2953 62.06 67.7149 67.1828 74.1411 74.0647 80.6316 87.8389 90.6901 94.5272 99.6152 105.623 114.368 124.307 132.418 145.157 154.485 163.373 175.605
175.991 163.73 153.922 141.837 132.375 124.198 112.289 107.415 95.9892 92.9612 88.7524 85.2836 79.1731 74.7853 70.3626 69.4925 66.178 64.2953 59.666 60.5629 58.2813 54.0134 49.0806 52.8828 52.2969 50.9902 48.178 47.0397 45.5903 45.5141 43.5803 43.9168 41.8091 41.3769 39.7959 39.8881 38.851 38.752 36.4517 34.9223 35.6007 35.3318 33.9644 34.0682 33.3515 32.9932 33.7283 31.0513 30.2746 32.0031 29.7739 29.586 30.6655 29.0705 29.1356 28.3491 27.8344 28.5167 27.3731 24.6684 25.7373 27.8788 26.4539 25.8819 24.9945 24.764 23.2983 23.7843 23.1801 24.2469 23.973 23.6392 23.2924 24.8888 23.9214 23.4146 21.3148 22.9974 21.4478 19.9748 20.8922 21.0805 20.372 20.0423 19.2966 20.2214 18.3119 19.1092 21.4531 21.2961 21.2931 21.3255 23.1278 22.1968 22.5098 23.5872 24.2727 24.3388 22.9924 24.7275 24.3311 24.9715 25.2131 23.7125 24.4374 25.3525 25.1813 26.3265 26.7967 25.5617 27.1951 26.6705 26.9911 27.7697 28.8727 29.728 28.2126 29.6749 28.4427 31.1155 31.42 31.4931 31.5135 33.2008 32.4026 33.4097 36.8396 34.4089 35.4103 36.2898 35.0969 38.5134 39.5754 38.3822 38.7757 40.4354 40.9131 40.402 42.4841 45.3369 42.8693 47.2977 47.4854 49.5416 48.9513 50.3041 52.5822 53.3543 54.7289 59.3934 60.3076 63.1304 65.3575 67.5861 68.0078 70.7607 77.1677 79.2855 85.4343 89.9932 92.679 98.0288 107.148 112.574 122.52 130.501 144.527 152.825 165.507 173.857
173.663 162.516 151.366 141.499 128.575 125.487 113.479 108.716 100.416 93.8621 86.6593 81.2336 77.6629 76.1445 71.1713 68.9864 66.9269 64.322 62.1318 59.7164 59.1665 56.766 55.085 53.5899 50.9033 50.7233 47.3266 46.6818 44.8068 45.24 42.0366 44.2393 44.3467 41.1963 40.8086 38.3699 37.4491 37.2201 36.758 36.6821 35.0431 33.8984 32.521 32.6095 32.894 33.134 31.721 31.3729 31.4755 30.461 29.6202 29.7111 28.288 30.7201 29.5551 28.0504 28.7001 26.7834 26.4721 26.6616 26.4338 24.7434 26.0511 25.5989 25.0214 25.8444 24.0392 24.0406 23.2263 25.0251 23.6025 25.6039 23.6366 23.6486 23.7535 22.468 21.9975 21.6939 21.3109 20.6334 21.3472 20.5449 18.495 19.4589 19.0067 19.5809 19.1538 19.5055 18.6484 20.5265 20.4246 22.0266 22.6035 22.5776 22.8336 23.5852 22.6238 23.3991 23.2705 24.5049 24.4218 23.6279 23.9648 25.4456 25.683 25.3601 26.7698 23.6686 25.3367 26.4626 26.2365 26.305 27.022 28.6017 26.6409 28.2898 28.0962 29.0383 29.7927 30.84 29.379 27.9896 30.9398 32.8483 33.9467 32.0435 32.8904 33.4473 32.6425 35.9756 37.0309 36.6105 37.2259 38.2916 39.5043 39.6006 39.1041 44.5723 41.0243 44.615 44.8617 45.4108 47.5899 46.3797 47.6372 50.5981 52.2258 53.2405 55.3336 59.0287 60.8526 60.0023 64.6074 67.2354 69.4306 72.4893 74.3843 81.0095 83.6286 84.8531 94.6552 103.078 107.623 114.926 123.628 131.625 143.693 154.209 162.696 174.771
174.846 163.481 153.284 140.906 132.445 123.89 110.271 107.843 102.159 91.7254 90.9928 84.1328 77.5945 74.2314 73.9442 68.9083 66.2956 62.9551 62.4604 60.5486 55.6975 56.5664 54.6751 53.0261 51.1577 50.0882 48.7154 46.1399 47.9565 45.3896 43.5247 42.6187 41.1231 39.3272 39.5835 35.9232 34.7431 38.7154 36.7429 34.9465 33.6526 32.7053 34.0847 33.1884 35.8308 33.3517 32.9841 30.6296 31.3459 31.354 30.0441 29.368 27.6698 27.7476 28.7801 27.7275 27.2923 28.4185 27.8825 26.1742 25.7247 26.1437 25.9967 25.1344 25.3526 25.8369 24.7807 25.0258 23.0143 22.3491 23.438 23.8321 22.5711 24.4253 21.3244 22.0754 21.5734 21.5514 21.4162 20.3878 21.5415 19.3337 19.6823 19.8393 19.7522 19.0609 19.1878 18.9646 20.0752 21.5231 21.81 19.9548 22.2901 21.2722 21.3735 21.7074 23.299 23.6222 23.8942 24.5457 25.1288 24.3881 26.2196 25.3719 24.5779 25.2645 25.0059 27.087 26.3634 24.5092 27.7305 28.8204 27.4767 27.1269 28.7362 28.4419 27.9684 27.8464 32.0663 29.3246 29.3233 30.0089 29.9494 31.4659 30.3723 33.2691 33.2845 34.5897 34.5032 36.2526 36.821 36.3419 36.0637 38.0618 38.0131 39.7658 39.8843 42.1036 40.0711 43.7875 45.2414 46.3713 46.0166 48.0495 50.312 48.8807 52.3281 53.4355 57.7395 56.1303 58.597 60.6645 64.2525 66.5503 69.1455 70.1848 76.6441 76.8002 80.4754 88.8744 92.1456 99.6552 106.046 113.513 123.114 131.461 141.049 153.593 164.386 174.451
174.106 162.65 153.394 141.167 132.493 118.947 113.324 103.983 96.7648 94.9792 88.8303 81.5609 77.8204 74.0326 73.4527 67.774 65.5231 61.6802 61.9272 60.801 57.917 55.8221 53.7151 50.7756 48.232 52.0943 50.3451 47.3862 46.4908 46.4499 44.5357 43.8907 40.4125 40.8452 38.4469 37.9 38.8697 37.5136 35.2191 36.2384 35.9221 35.7631 34.8081 34.4329 33.3258 32.4948 32.0792 30.9235 31.0708 29.1355 29.49 29.5399 28.1191 28.3083 27.3545 28.7695 27.4699 27.6665 26.2269 26.9948 26.0898 26.1572 24.9318 25.1839 24.6001 25.0883 25.1124 25.1415 21.7359 25.8712 23.0354 24.6467 23.2016 22.141 21.6448 22.8251 22.4029 21.3256 21.2562 22.3652 20.1723 18.8127 19.5255 18.2401 18.8097 18.8143 18.8863 19.3766 19.885 21.2416 21.4746 22.574 21.6173 21.5442 22.9349 25.1343 23.8577 22.9571 22.6846 23.8901 24.1416 23.1248 24.3649 25.4181 25.7476 25.2673 24.491 25.2904 26.2653 24.6762 26.7064 27.2817 27.8365 25.7063 27.5854 29.6685 28.6377 29.4403 28.6822 29.2899 30.6579 30.271 31.9814 31.1791 32.2058 33.5639 32.3858 32.9507 33.9499 36.3116 37.414 34.1959 38.0384 38.0254 38.4187 40.3867 40.8509 41.425 42.253 44.3532 44.491 47.2732 48.6331 48.3984 50.4264 50.7242 53.8441 52.729 54.4754 57.6837 59.2643 61.8541 63.1915 66.3741 66.2303 72.6886 75.289 77.0785 83.7619 86.5376 91.782 100.469 104.072 115.278 122.362 130.502 138.757 151.437 163.733 173.214
173.231 163.005 149.367 139.837 129.968 120.045 113.498 107.305 99.9041 95.1198 88.5493 83.256 78.3894 74.7148 67.3233 69.1756 70.1778 62.6604 62.9531 59.3836 58.3033 54.9194 52.3965 53.3849 51.6881 47.5036 47.4574 46.2018 44.5199 43.9706 42.9781 42.0015 40.6443 40.5786 40.1178 37.8176 38.4287 36.3198 36.5451 34.6657 34.6966 35.4541 33.8404 31.3824 31.9453 32.3091 31.1673 30.5048 29.586 29.4631 28.7143 27.59 29.2731 29.1676 27.3546 27.1885 28.0516 26.946 24.1621 25.9202 26.5629 26.367 25.4435 25.8893 24.582 25.6829 24.2812 24.4819 22.8687 23.7751 23.3182 21.7421 23.8666 22.3095 23.3508 22.3258 22.8743 20.8628 20.362 20.142 19.0153 18.8518 19.5797 19.8115 18.5072 18.9429 18.161 19.1901 19.24 19.7601 21.4469 20.9793 22.3856 22.7914 23.6406 23.3292 20.6351 22.0191 23.7488 23.5091 23.4028 24.9109 25.5056 26.1113 25.2536 25.0016 25.1789 25.2321 25.5483 25.8934 25.7085 26.5096 25.9858 28.4248 28.2255 28.4092 26.7421 28.0516 28.6956 28.0712 30.2214 30.1959 30.8858 30.6128 31.9707 34.2305 32.8195 34.7837 35.8417 36.2949 34.4899 36.9989 38.2901 37.6693 38.8571 37.9417 40.4181 42.3266 42.2452 43.4697 46.5377 45.1837 46.477 46.6991 47.78 51.8734 52.7556 53.801 56.9468 56.4548 58.9174 58.1855 63.6219 62.6606 68.083 71.5347 72.7677 82.1155 80.0588 84.799 94.7273 97.7557 101.74 112.092 122.93 129.877 141.531 153.937 161.594 173.66
172.808 161.065 151.977 138.773 128.214 120.956 112.979 102.878 97.9797 92.116 86.1355 79.2148 77.5535 74.8058 73.5587 70.6989 65.6751 61.5135 59.4392 59.7277 56.1336 54.244 55.1254 50.4177 49.3566 48.9719 47.069 48.7222 46.1532 43.0858 41.6026 42.5582 43.1229 41.8252 39.468 39.5132 36.8835 36.8123 35.7792 35.3608 36.2271 34.7893 32.5857 32.9255 31.9636 32.8781 32.205 30.6448 31.796 32.5635 29.6797 29.1599 29.329 28.8712 27.8237 28.2088 27.2113 27.6148 27.8525 26.7003 25.439 26.2134 25.1868 25.0342 24.6523 25.834 23.8353 22.7528 23.2437 23.1812 23.547 24.3046 22.8081 22.7108 22.9996 21.9569 22.5693 21.6497 21.1973 20.9037 19.0938 20.0416 19.422 18.7463 19.0849 19.3101 18.6256 18.5313 19.3503 20.0019 20.0897 20.9818 22.219 22.0657 22.5976 22.8404 23.3813 21.729 24.5037 22.735 24.0615 23.3394 24.1425 25.3304 24.9735 25.5838 25.102 26.3242 24.9806 25.0028 26.558 26.8716 26.802 27.5892 28.2023 28.0302 27.6595 30.1214 29.3454 30.4956 29.1178 29.2078 31.9072 31.5851 31.0218 30.4327 32.9417 34.7675 34.7329 37.0042 33.4754 36.7742 36.9017 38.9447 40.4207 39.4086 39.427 41.9171 42.3916 43.4138 43.6228 43.9208 46.7512 48.1647 48.3046 47.7992 50.7714 52.5342 56.6471 55.7646 58.1876 57.6492 64.3289 64.9678 68.5547 70.7648 75.4971 78.9818 80.8869 84.925 95.3345 97.9236 102.145 112.875 119.359 130.685 138.86 152.044 163.107 169.783
173.466 163.565 151.924 139.84 129.197 119.933 115.759 102.595 97.2153 90.0557 86.3216 80.6928 80.3489 73.1827 70.1746 69.2454 63.7543 59.9201 61.6817 56.0822 57.8521 56.426 51.2388 51.985 48.3157 48.4003 48.1388 45.6019 42.751 42.3999 43.7769 41.3911 43.3015 41.5493 38.0924 39.7956 37.3307 35.8269 35.0585 35.9699 35.2827 33.609 33.3004 32.1157 32.5219 31.6013 32.0098 29.4259 30.0513 28.6981 29.5311 29.4009 28.4486 27.9792 29.4067 28.3775 26.9825 26.6707 26.3365 26.072 26.3929 26.4108 26.6053 25.8053 24.5289 25.6863 25.2649 24.3669 24.5747 23.3147 24.0765 22.6316 22.1003 23.0188 22.6489 22.4553 21.6038 20.489 19.8084 21.801 20.7082 19.7648 20.3186 18.8731 19.2659 18.6055 18.7357 20.0037 19.485 19.0156 21.939 19.1427 21.1391 21.481 21.7914 23.1882 21.5831 20.9278 22.5672 22.0845 23.5359 23.5825 23.6716 23.7762 25.368 26.0049 25.5932 25.3743 25.0748 27.0853 26.6955 28.0185 27.9103 27.7881 28.3671 29.3424 27.7109 29.6839 29.0784 29.2248 30.6573 30.5838 31.3268 30.7716 30.8422 33.7875 32.1438 35.2832 33.3936 34.533 34.8143 36.9549 35.1151 39.516 40.6791 39.4198 39.9352 39.7982 40.5157 41.8126 46.3269 48.7182 47.8707 46.717 47.9076 50.5455 54.357 51.3139 54.6544 56.3549 59.1271 58.5657 61.5609 63.6806 70.0319 70.7547 73.4752 75.6104 82.9837 88.8392 96.6263 96.8276 102.365 108.744 122.424 128.774 138.755 149.262 159.373 172.969
174.87 158.681 150.106 137.712 126.16 117.875 110.184 106.829 96.6291 89.887 87.1007 81.2109 75.2282 73.5267 70.1264 67.8979 66.2788 62.8968 60.5288 63.2994 56.1576 56.7225 51.251 50.9061 50.2572 49.6849 47.0169 44.9291 47.3102 45.9386 40.1125 42.0837 41.3068 38.2791 38.7502 37.9198 37.6434 37.1492 36.2315 34.9601 34.9373 35.6398 33.4374 33.4718 34.1893 32.778 33.089 30.5866 29.9857 29.4288 28.0007 31.524 30.6123 28.7034 27.8027 27.0061 27.7728 27.7189 26.9375 25.7171 24.8923 25.1092 25.1874 24.2866 25.3935 24.2198 24.323 24.5599 24.3516 24.0784 22.7755 23.4966 23.084 21.6018 22.4854 23.808 21.5431 20.834 21.7649 19.8239 20.5607 19.014 19.9275 18.9389 18.5805 18.7213 18.555 18.7002 19.4454 20.5727 18.7921 20.2777 21.0219 22.0707 21.3331 21.7922 22.3339 23.6331 23.9 23.5279 22.9327 22.6602 25.2375 24.6945 24.5752 25.406 25.0066 25.2523 25.5463 26.2555 24.5073 26.1226 26.8331 27.0574 27.3621 27.3198 27.7898 27.702 28.5131 29.5037 29.8951 30.8517 32.0224 31.1193 31.0868 32.2591 33.2383 31.2677 33.7648 33.5239 34.784 34.8972 36.7101 39.1756 38.5142 39.8276 39.1952 41.409 43.2488 43.213 42.4699 44.3948 46.8367 45.5379 49.8406 49.4845 50.7578 49.3929 53.053 56.6573 57.3342 56.828 63.3027 63.5261 68.3497 71.9357 75.1681 78.1154 79.1827 87.8288 88.416 96.3191 101.67 111.422 119.19 130.952 141.88 150.009 162.436 172.686
172.297 158.298 150.202 134.962 126.857 119.155 107.547 103.708 99.1089 93.023 84.7046 82.7763 78.9831 72.4248 69.4035 68.5252 67.665 62.133 58.023 57.3962 57.4131 52.7882 51.0529 54.7855 48.6756 49.294 45.5682 45.9165 43.6441 45.6377 40.4747 42.7133 39.2996 39.111 38.2509 38.302 36.6962 36.4402 38.6949 35.2785 32.7982 34.1453 33.9122 32.4695 32.4502 30.2768 31.1872 30.4504 30.5246 30.725 29.9839 28.451 29.2572 28.2344 28.3347 27.1141 27.2471 26.7399 26.0137 24.2266 26.9062 27.5201 25.1709 24.415 24.1552 23.9796 24.2134 23.1356 24.042 24.1545 23.5867 22.5999 22.2854 23.0646 21.2465 22.0673 21.4532 20.3038 20.6293 19.5913 20.2508 19.2269 19.4376 19.317 17.111 18.276 18.9255 20.202 18.6768 19.1054 20.6373 21.2538 21.958 21.4237 21.1376 22.7766 22.047 23.5488 23.409 23.69 24.1952 23.2737 24.3302 23.7361 24.6361 24.8485 26.9196 24.9206 26.9057 26.6419 26.7067 27.5364 26.6832 28.506 27.8767 27.628 28.6038 28.5002 30.459 29.9577 29.1316 30.5498 30.9551 30.3649 30.7041 32.7722 32.5527 33.6113 34.0349 33.0127 35.4944 35.4355 36.8178 36.0623 37.4785 39.7658 39.0091 41.4264 41.576 41.8116 42.6573 44.8442 45.8071 46.5867 46.4786 48.6608 52.7556 50.5004 52.43 55.4628 57.5726 63.2712 60.6414 65.0787 66.1606 71.2719 72.9724 77.5772 80.6605 84.7241 87.9633 98.6715 101.645 108.392 121.341 126.558 136.753 149.018 161.298 171.441
170.43 162.913 151.098 140.905 126.735 119.321 111.352 106.143 96.9385 90.0231 85.4352 78.4569 76.5862 75.4927 66.7463 63.6535 65.0217 62.1444 61.1213 58.0074 56.055 55.7002 50.1079 50.2993 51.0136 48.0593 45.3973 45.3582 44.2282 44.4006 42.7335 42.0685 40.4081 41.2135 37.3389 40.3259 37.4897 34.6186 32.7002 34.4056 34.6916 34.0219 33.1216 33.209 33.7583 30.1779 32.2361 29.5204 30.1575 28.7886 32.2766 28.6304 28.4063 26.9262 28.6014 27.4997 26.9201 26.1972 26.7648 26.8104 26.3046 26.6711 26.8262 23.0868 22.9923 24.3582 24.2909 22.5776 24.1502 23.089 23.9177 23.0382 24.1742 23.0303 22.0513 21.3773 21.3257 21.9844 21.6417 20.3217 20.2097 19.8627 18.9563 17.9033 18.3451 18.4627 18.1372 18.6062 19.2424 19.8148 19.6308 20.9509 20.5194 22.0135 21.5754 23.0118 24.1571 22.432 22.8149 22.2788 22.4151 23.3326 23.4358 24.26 25.7398 25.1005 24.4056 24.6825 25.4838 26.1392 26.0339 26.4782 27.4156 27.3055 27.6742 27.9505 27.5126 28.2716 28.4643 27.679 29.4999 30.2436 31.2469 31.0934 32.6737 32.0226 32.6735 31.758 34.5174 34.6326 34.8944 37.2434 36.4719 35.4951 35.1069 39.763 38.6328 41.2318 41.8712 40.7944 42.0375 43.9478 47.0271 47.1297 48.2536 50.1555 50.9393 52.537 53.1859 55.347 58.8691 59.5487 63.8059 61.9078 67.4222 71.6422 70.897 75.6565 79.0608 86.3478 91.1061 93.7424 101.551 113.107 122.144 127.972 139.208 148.901 162.224 171.145
171.17 161.138 148.204 141.455 125.864 117.514 113.819 101.091 93.7655 90.1912 85.7114 79.5687 73.7065 69.967 68.2909 65.321 65.3396 61.6019 60.0207 57.9504 58.829 52.8438 52.1576 49.4622 51.613 49.8285 47.9687 46.7032 46.5497 43.6253 43.4012 40.7042 40.6963 39.7728 39.7963 39.4303 37.1252 35.6986 34.5117 34.0231 35.6323 34.3987 34.7168 32.4071 34.4868 31.3209 31.145 30.1592 31.1638 30.7292 29.0945 28.4981 29.9176 26.6521 27.2766 27.3947 26.5978 26.8344 26.8056 25.3701 24.2316 26.5573 25.022 25.5219 24.8264 25.9015 23.9086 23.6389 23.7336 24.0038 23.5156 22.8219 23.3447 21.6964 22.1793 22.5718 21.3207 18.9236 20.7412 20.0638 20.7863 17.6933 19.6773 18.0026 17.4511 18.3545 18.8251 19.4122 19.843 20.2296 21.6083 20.1611 22.0999 21.8378 21.1307 22.6298 23.1492 23.4437 24.7037 23.5521 24.3895 23.3665 23.8829 23.8418 24.2407 24.7092 25.3166 25.4875 25.4838 27.1294 27.4311 26.9388 28.0238 27.7809 28.5968 29.0969 28.4897 29.9269 28.9665 29.0564 29.8916 30.5535 29.7808 31.098 30.075 33.6029 32.2476 32.3951 35.2138 34.3798 35.1027 36.1057 35.5429 36.7685 36.5268 38.4957 38.5611 40.1161 40.4658 42.4044 42.7049 46.3608 46.6238 49.2399 46.6979 50.1607 49.8286 54.016 54.6471 54.3282 56.3387 59.3707 62.9736 63.3677 65.5886 67.3272 72.1988 77.46 82.4241 81.5532 88.2873 95.8924 101.097 108.952 119.909 126.84 141.124 151.46 161.997 172.614
172.685 158.912 149.772 140.139 128.973 117.926 104.876 103.168 97.4145 90.1225 83.7292 78.8344 72.4601 73.7439 69.4525 68.1797 63.0765 63.8727 56.6852 56.8229 55.493 55.4721 50.6775 52.9479 48.1358 49.5522 46.8379 46.382 45.1357 44.5375 40.0818 41.9424 40.6185 40.983 38.8324 40.1763 37.3674 37.6636 39.0824 34.4294 33.9245 31.9221 35.1161 33.5286 31.906 31.343 32.4288 28.3923 30.6242 30.1602 29.774 28.5852 28.7292 27.9292 28.0344 27.129 26.4555 26.612 27.4546 26.0504 27.089 25.9187 25.7718 26.5695 25.8586 24.558 24.8257 23.7871 25.4797 24.0244 22.4808 23.7796 23.7056 22.2655 22.9395 23.2761 22.491 21.2623 20.1113 21.4977 19.5561 19.9557 19.7134 18.9261 18.6765 19.4399 17.9135 20.2714 18.7352 18.5 20.823 21.0653 21.3142 22.1112 22.9572 22.8655 22.1586 23.1998 24.3998 23.3004 22.7602 23.4443 24.0316 24.7034 24.3802 24.2092 26.7492 25.1281 25.411 25.575 26.1443 26.7808 26.067 28.2412 29.6671 28.7018 28.6397 28.4762 28.9487 30.2487 30.4849 28.4888 31.4798 31.4733 30.5392 33.4312 33.6993 32.7858 31.5511 34.4044 37.0355 35.597 36.8525 38.0901 38.3876 40.2362 40.287 38.1597 42.3562 41.5152 43.8797 42.1814 45.6166 49.6537 47.3328 48.0014 52.7369 51.7476 52.5479 55.4313 56.1109 57.8425 59.8275 65.7914 64.1994 69.5508 73.5955 73.4209 80.5942 84.1246 89.3159 95.4105 100.005 110.951 119.871 127.428 137.243 148.703 159.776 172.465
173.673 159.023 149.034 139.215 127.084 119.793 109.036 100.122 95.9048 89.3437 85.0069 79.3463 74.011 70.8753 68.7316 66.8746 61.3285 61.0912 56.3991 55.97 58.5775 52.4349 51.5228 50.4462 48.2366 51.2241 46.8551 48.82 44.8659 45.5173 42.4637 39.8172 43.0064 41.4535 40.2086 37.8947 38.238 36.9859 35.3936 35.0807 35.0031 33.6544 32.5665 33.1794 32.5406 30.5458 30.9773 30.4844 30.753 30.7649 30.2713 28.181 30.0248 28.5778 29.1195 27.1873 27.2432 26.5181 26.9736 26.9453 25.6878 26.2813 26.368 26.0787 26.1489 25.4724 26.1584 24.2409 24.4907 24.3677 24.1081 23.2255 21.5652 22.6619 22.1532 22.346 22.5429 23.0076 20.4309 20.0083 18.9241 19.8404 18.7487 18.389 17.7101 18.5027 18.4677 18.6976 19.2461 19.6663 19.2271 21.5098 21.0957 20.3014 22.3786 24.0986 22.9154 22.1247 24.6853 24.1126 23.4332 25.0942 24.4708 25.9379 26.1108 25.0571 24.4822 25.7002 26.1187 27.3057 26.5711 28.0623 26.9497 27.9159 27.4842 26.7862 28.233 29.9374 28.0608 28.7351 30.143 30.058 30.688 31.7875 32.6643 30.6055 30.9548 34.219 34.4157 33.8562 36.6014 35.0928 36.6049 37.3974 38.2287 39.7629 41.001 41.5608 41.3495 41.6292 43.0891 45.0768 45.2901 46.7434 47.5772 50.4494 51.5641 53.1596 52.5749 54.638 55.2517 59.6638 62.5861 65.0845 67.1729 67.903 74.3721 77.6727 80.1327 83.4552 87.8055 95.5667 99.8668 110.146 119.407 127.513 135.26 148.731 161.191 172.264
170.962 160.642 152.647 138.448 126.071 115.641 109.953 102.82 94.1691 87.6709 82.8854 77.8399 74.5621 71.0267 69.6897 66.291 61.8275 62.4799 56.4324 55.8391 52.2835 53.2148 52.7125 50.7351 48.0248 47.9077 47.4628 42.9579 42.0268 43.1632 42.1757 41.3874 41.5617 40.8682 36.2075 39.2001 38.0897 35.3887 35.5551 37.0753 34.0635 33.5539 33.8976 33.7856 31.379 31.8801 30.5728 29.8145 30.0538 31.2422 30.0865 28.7902 30.5591 29.0441 29.724 29.0137 27.2135 27.5302 27.188 26.4953 27.318 25.256 26.1141 26.709 25.1837 24.9812 24.9423 25.5562 22.5427 23.9469 23.7651 23.6994 23.5175 23.8706 23.0357 23.1229 22.6877 20.5818 23.0474 21.3537 19.3507 19.4963 19.0221 18.1337 18.6808 17.5172 18.8771 18.2596 19.6122 19.1885 20.6044 21.0472 21.1765 22.5957 22.1097 23.3091 23.4962 25.426 24.0364 23.7638 23.8399 25.4184 24.5372 25.3719 24.5417 26.3108 26.235 24.7731 26.5979 27.9015 26.589 27.3755 26.6805 28.0417 28.1591 27.1112 27.5346 27.8786 28.8939 28.3811 28.8337 32.4657 32.3673 31.0913 31.7908 30.6366 33.0849 33.7525 34.6816 33.2835 34.5661 36.3177 36.7403 38.2836 38.4947 40.5243 40.3281 42.0172 41.8374 43.5102 45.5037 46.2036 46.7616 46.7805 47.2151 49.3102 52.5646 51.4192 54.0149 53.5266 56.0184 59.9488 63.0536 61.0642 66.2459 69.7995 73.4559 73.147 80.2582 84.4327 88.9608 94.9918 102.274 108.139 115.486 123.804 137.483 151.527 159.669 169.839
168.947 159.994 147.84 137.043 126.663 116.404 110.445 101.028 94.8029 88.1241 83.3255 82.2781 74.6859 73.4374 67.8624 67.0797 63.6929 62.5088 58.5096 57.7916 55.1543 54.2709 52.0021 52.4971 47.0002 47.5824 45.8034 45.7906 43.1301 45.3211 43.4027 41.8969 40.1625 38.7853 38.7029 39.6765 36.5773 38.0267 37.4963 35.8583 35.5316 34.0706 34.6259 32.9883 33.5496 31.7123 31.3386 29.9054 29.7002 29.1948 29.9419 29.2352 28.9223 29.499 27.4648 29.6925 27.9042 28.2352 28.0277 26.4038 27.4712 26.0586 25.6894 24.5679 26.4248 24.2074 23.8331 23.9223 24.4876 24.0679 23.3823 24.1416 24.3305 22.9486 23.0617 21.7464 23.3983 21.2411 20.387 21.5388 21.5309 19.5739 19.6489 18.0243 20.0097 19.6178 18.2845 18.4445 18.6763 19.7818 20.7516 20.6287 20.6046 21.0407 22.6571 22.5283 22.4215 24.0606 26.0424 23.3542 25.0723 24.6013 25.3696 26.3066 24.3686 24.8253 25.8696 24.2621 27.3552 27.0568 26.7908 26.7587 27.2587 28.1684 29.7143 27.6951 28.7038 27.7999 29.2079 30.0286 31.1507 29.9722 32.0123 32.3181 32.3561 32.2397 32.7314 34.4976 34.8625 33.0493 35.5153 36.8184 35.3808 36.7048 37.8401 37.7872 38.9706 42.0247 40.892 42.5117 42.9409 43.2257 44.1297 48.0463 46.5872 51.1702 50.2749 51.6218 53.2252 52.5835 56.3283 59.7128 63.9412 64.9854 67.7042 68.0494 71.6244 77.0169 78.2941 79.5459 88.9025 96.5034 98.0486 108.2 114.779 128.098 136.973 147.554 160.36 169.8
172.5 155.088 146.598 137.239 122.354 114.245 109.191 98.8422 93.5416 88.4191 83.0373 82.1169 74.8926 71.7165 68.0009 66.5847 65.4155 61.4984 59.3586 57.422 55.2845 52.8514 52.6312 50.9816 50.4194 46.9634 46.7188 44.5371 44.297 41.3472 41.7059 40.9817 39.4964 39.7167 40.7579 37.7568 38.6419 37.2548 35.9266 35.9021 35.0228 34.1051 33.0633 33.2081 32.9559 32.3445 30.7358 30.8701 31.3949 30.458 30.8413 30.12 28.0358 29.8086 28.1778 29.9017 28.8834 27.3641 28.8804 26.504 27.3942 26.4554 26.5854 24.8943 25.3201 24.8274 24.9493 24.7335 25.6723 24.1552 24.0352 24.2613 23.7266 22.944 24.1459 22.4739 22.3778 22.8505 21.1582 19.6691 20.1799 18.8949 18.3356 17.8863 18.9963 18.1086 17.425 19.767 19.4871 20.6906 21.009 21.7351 21.1669 22.1861 23.0729 24.3478 23.3421 23.0626 25.0886 24.0819 23.7994 25.0037 25.3976 25.3541 25.2654 26.4051 27.1051 26.2151 27.3628 27.5348 26.7574 27.0938 28.8873 27.3989 29.168 28.1995 29.6442 29.8103 29.8323 30.1083 29.2852 30.4591 32.9497 29.7757 33.4263 33.9918 30.8808 34.0844 34.4465 34.7442 36.2028 34.8343 36.4408 37.1978 36.8258 38.9421 39.3598 40.6436 41.8444 41.8642 40.6764 44.4092 44.5849 46.3735 48.2729 47.2044 47.6875 53.3308 52.0091 57.8974 54.5408 57.9179 60.8953 62.1195 64.374 69.2519 70.4978 72.7877 78.0021 82.4182 86.8982 94.0608 97.612 108.701 119.175 124.077 132.884 147.408 158.385 171.249
172.057 158.264 146.544 135.919 125.184 114.782 105.087 100.574 90.6159 86.3213 81.8365 79.1157 77.1889 68.1663 67.9359 63.5278 62.6516 60.422 57.5965 55.1536 58.4345 53.1282 54.182 51.0155 49.6428 46.6198 48.7548 43.8739 43.2642 42.0988 43.0923 40.3287 39.9628 40.7545 37.541 37.7523 38.5494 36.2098 35.703 34.0027 34.3988 33.6173 34.6692 34.9389 33.9331 33.0599 30.7885 30.2994 31.8346 30.6154 29.1142 28.5957 28.9793 29.7833 29.505 29.902 27.7622 27.955 27.5445 26.6329 27.6437 27.6894 28.2139 27.088 26.1676 25.5942 25.9856 26.1557 25.372 24.971 24.6955 24.8191 25.3569 23.9701 22.7786 22.263 22.9021 21.4976 21.8874 20.1873 20.894 20.2049 19.3563 18.6059 18.8776 17.6421 18.8826 20.886 19.9461 20.6467 19.9817 22.5423 21.9217 22.0083 23.7745 23.214 24.0377 24.9116 25.0173 25.3049 26.101 25.317 25.821 26.4306 26.7192 25.0904 27.1022 26.154 27.0655 28.6193 27.475 28.2116 26.2982 28.3319 29.4544 28.3464 29.7785 30.6056 29.7649 30.4725 29.4804 30.4006 32.8777 33.0101 31.425 31.2748 33.6623 32.5885 35.1039 34.7881 36.4232 36.967 35.9746 36.2639 39.0363 40.5276 40.3234 40.9852 41.2042 40.8958 44.7203 42.9211 44.5313 48.3724 47.8046 49.868 49.4383 49.3059 53.2975 56.1302 55.4461 61.4311 60.9153 63.8749 64.5144 68.0903 72.7939 73.5061 79.8103 80.8853 88.8937 90.3718 98.9716 105.019 114.954 121.885 135.146 147.933 159.831 168.524
167.407 160.082 147.592 134.081 125.677 113.535 106.605 96.1937 92.828 85.9642 86.0415 78.4778 74.5942 69.1038 66.2962 67.0142 61.7445 57.9671 56.8077 56.0326 56.9318 53.2267 51.1457 51.1518 49.7716 49.0538 47.3654 44.6296 44.6676 44.9465 42.0069 40.8384 41.2444 40.0806 39.3979 38.8368 38.7256 36.2283 36.067 35.2021 36.0562 35.8907 34.1453 33.0258 34.6919 32.4626 32.8278 30.9038 31.7505 29.8089 30.34 29.7059 31.3753 30.4232 30.1386 29.3841 28.0502 28.3646 28.7817 28.929 28.5464 28.0212 27.6382 27.8457 27.0338 27.8618 26.0117 24.0551 24.6981 26.367 24.7774 24.4214 24.7677 25.7978 25.3048 23.6799 22.2019 22.9823 21.0959 23.0418 20.6788 19.6676 19.2719 19.5475 18.1619 18.5579 18.7596 19.8737 19.0903 20.4348 20.5587 22.8454 22.5794 23.2423 23.9201 24.4479 25.0114 25.4042 26.3907 24.8483 26.4802 25.4486 25.5379 25.8275 26.9124 27.6902 25.9533 27.2891 27.2493 28.0111 27.6583 27.7416 30.9554 28.999 29.7112 29.3966 30.951 30.3923 29.1415 31.0735 31.3469 31.0529 32.354 32.8071 33.3742 31.4456 33.3852 34.2909 34.6931 34.4148 35.7689 36.4652 36.7947 37.4326 40.5349 39.038 40.899 40.0767 42.1378 43.0954 45.0094 45.0833 46.9769 44.8143 47.1831 50.0525 51.1994 51.4966 54.0538 55.753 56.0387 58.7138 62.174 63.6593 65.5682 67.4912 72.086 75.1369 78.2794 84.1599 83.0529 93.5919 98.4974 108.494 115.532 123.624 136.712 148.676 160.443 170.721
170.329 157.699 147.049 133.273 124.379 113.74 106.216 99.9781 91.0815 90.164 82.559 79.2376 75.3994 72.198 68.5834 63.0372 65.9972 58.083 58.2658 58.1982 52.4817 52.7316 54.8576 49.4919 51.0261 46.9445 44.8178 44.7086 43.7259 42.8463 43.1209 42.2738 38.6993 41.7704 38.9846 38.8798 37.1502 38.3471 36.9821 36.949 36.0132 36.7531 37.6835 33.5585 33.9557 35.0982 31.9118 32.3083 32.4157 32.5061 30.8918 31.3959 30.1608 30.0364 31.4039 29.3506 30.7985 28.1048 28.9967 29.5789 28.9826 27.9975 28.4898 27.517 26.8562 27.1572 27.4633 26.8869 25.553 27.1919 26.3679 25.0147 24.1873 25.0463 22.7357 25.5529 23.8021 22.8628 22.3001 21.1458 22.6122 19.2817 18.9685 19.0841 18.5356 18.8458 19.256 19.4494 21.4803 20.2171 21.4431 21.8863 22.6997 23.0639 22.8398 25.1286 24.8823 27.1535 26.9826 25.2393 25.983 27.6315 26.9127 27.6774 27.3151 25.1202 28.247 28.4181 28.6217 27.87 27.9651 29.2843 30.5817 27.386 29.2823 29.8074 30.4439 31.1613 30.8792 30.7254 30.7728 33.3329 32.764 32.3418 33.4335 33.9498 34.0254 34.7894 35.7996 37.0457 35.2211 36.2264 36.4105 39.3126 36.7174 40.8591 41.6146 41.4846 42.2858 41.977 43.4778 45.4002 47.8018 45.103 47.7073 50.0133 50.1066 49.919 51.6519 55.5246 57.0451 59.5808 59.9398 64.0246 65.7717 67.4862 71.0553 74.357 79.879 83.747 87.3014 92.6143 100.854 105.968 114.182 124.487 132.196 146.313 156.677 167.491
168.806 158.332 143.99 136.532 120.708 115.797 106.357 97.4495 91.2491 84.7713 84.0182 78.443 72.3007 72.7148 65.1939 67.9672 65.0044 61.6328 58.4311 57.1644 54.2491 55.5676 50.3681 53.3752 47.8692 49.923 47.748 45.7453 44.1947 44.5811 43.0836 40.5297 42.3981 39.6098 39.3299 39.5587 38.9138 38.4244 39.3816 35.1662 36.7363 34.9213 35.4272 34.5123 34.763 34.5201 32.9328 31.634 31.8719 31.5386 30.8559 30.9801 32.1897 31.4686 31.7156 32.3241 29.299 29.827 29.356 28.8337 28.4468 28.5035 29.4284 27.3684 29.6878 29.6657 27.7524 27.5315 26.0882 26.6736 27.2888 27.3225 27.5495 26.2878 25.8077 25.39 25.9604 24.4691 23.707 21.7169 22.7706 21.3554 19.1428 20.2751 20.353 20.3549 19.2497 20.9001 21.5033 22.9989 22.5327 22.3119 24.9038 23.8552 24.6583 27.0577 25.744 28.526 25.1922 26.419 26.9774 26.1327 28.9567 28.4611 28.5159 28.0515 29.1206 28.7393 29.747 29.364 29.3736 28.5194 31.5178 30.9116 30.9685 30.8151 31.7627 31.1302 32.1289 31.7268 31.3714 32.8275 33.9744 32.1752 35.1357 33.6604 35.7351 33.3087 36.3298 36.3447 36.4965 36.0443 36.9201 40.331 39.749 41.7367 39.7017 40.7691 43.2881 42.048 45.8266 46.0257 48.2098 47.6787 48.6008 49.5287 53.3463 49.5307 53.2843 54.7528 54.6133 58.8182 63.9958 62.2059 63.4386 66.3564 69.7111 73.2142 78.0552 82.9427 86.935 94.4656 100.004 105.07 114.408 121.903 131.924 147.652 155.472 168.395
167.133 159.098 144.151 131.072 123.064 114.209 101.799 96.8531 91.3086 85.3531 81.8221 74.3471 73.496 70.8533 66.6527 67.4807 62.0738 60.3752 56.8766 57.4614 53.3681 54.962 51.088 51.362 48.1494 45.6678 46.4188 46.6185 45.7126 44.588 44.581 44.0964 41.3055 39.1449 41.7007 41.0219 39.1801 37.6781 35.9445 37.3114 38.091 32.5195 35.6625 35.6561 37.1047 33.9917 34.4851 34.8523 33.5085 33.884 32.0229 30.9801 32.9346 32.5684 31.7871 31.6309 31.0642 31.6709 30.3781 30.348 28.8669 30.8761 28.9889 30.1833 30.1381 29.6195 27.1826 28.1841 28.5911 27.7522 27.4743 27.2981 28.5289 26.7435 24.9205 25.87 23.2478 23.9705 23.3411 23.3342 23.0995 22.4768 20.3672 20.4609 21.2869 20.9299 20.4139 21.5606 21.6138 21.6789 23.2784 22.9334 24.7893 25.5802 26.3285 26.6206 25.9917 26.3241 28.7973 26.4123 29.3607 28.2615 28.7915 28.8373 29.3894 30.3466 30.0612 28.4637 29.1514 29.0061 31.2309 30.5287 31.559 30.9391 30.7146 31.8145 32.4212 32.1312 31.5546 32.8688 32.8317 33.1672 32.1077 34.6937 34.5314 34.7816 36.6193 35.9488 35.5618 35.6761 37.3848 37.7348 38.7798 37.5751 40.9643 39.8594 43.1075 41.498 41.9888 41.7643 45.4671 46.3888 44.4673 47.5922 47.0847 49.754 51.2582 53.5315 54.7789 53.9154 61.6641 58.002 59.3037 64.0946 66.5328 70.3214 74.5428 73.4224 76.883 81.6278 83.7424 92.947 99.8917 106.44 110.782 120.04 135.544 145.219 158.635 167.754
170.15 155.967 142.821 134.311 121.738 112.298 104.21 94.289 93.9737 86.4324 82.5177 78.6788 74.5633 69.949 68.1403 63.0382 62.2739 60.8121 59.5271 54.0896 57.2943 53.3471 52.5365 49.5886 49.8667 51.0824 51.6172 48.4372 46.954 44.2033 44.243 44.157 42.2298 41.25 41.2545 39.7276 39.1412 37.1578 39.0687 37.4183 38.1278 35.5908 37.9273 35.4466 34.2289 35.9001 34.5815 35.0417 34.0697 34.5983 34.7221 33.6659 31.7582 33.3141 32.2858 31.4159 33.3376 32.5787 30.8587 30.7575 30.9669 30.3731 30.1076 29.9775 30.6699 29.192 29.8101 31.5439 28.5349 28.5605 28.4203 28.2114 28.3678 27.5329 24.8794 25.8847 25.8295 24.9157 26.5569 23.8761 23.2621 20.3308 22.4056 20.8793 20.8149 20.25 21.7475 21.1258 22.5175 22.6206 23.8898 23.9822 24.6601 24.7739 26.3071 27.2787 26.0802 27.0858 28.3935 29.4319 29.1955 27.7658 28.8143 29.5561 29.1507 28.5315 28.3083 30.7575 30.6683 31.5431 33.4794 32.365 33.0311 32.156 32.9525 33.4663 31.7422 33.6513 32.9711 32.7392 35.7843 34.9769 35.2634 33.3899 35.0838 35.6288 34.6337 34.0428 36.4314 37.2063 40.3504 37.3808 38.8654 39.7606 40.9026 42.1355 40.2734 43.0059 43.7285 43.9824 44.6791 46.9342 46.4634 48.2953 47.7231 49.5388 52.2831 53.8515 51.9995 55.7859 60.0449 59.1222 59.7223 63.4519 66.2169 70.8059 68.2125 76.844 76.7235 80.9615 84.9153 90.0351 97.9335 104.136 113.939 120.422 132.543 143.569 155.706 167.683
167.08 156.071 146.634 131.222 121.629 111.369 107.733 96.3818 89.2454 84.9031 80.4036 77.7386 73.3009 72.1544 69.9915 66.154 61.4276 59.7635 59.4937 55.7482 53.814 52.4265 51.7852 53.1533 50.2376 49.0012 48.1592 46.9499 46.8501 44.2035 44.1162 43.9399 41.9598 44.0462 40.6838 41.6438 39.5021 40.0112 40.4379 39.0864 39.3493 38.3989 36.3811 35.9264 35.356 35.7679 35.8185 36.1798 35.1197 32.9313 34.8415 35.2784 31.8802 35.4292 33.1621 32.6764 30.9553 33.7682 31.3672 32.177 31.3379 31.0839 32.3605 32.2261 30.5 31.1198 29.8276 30.6226 29.1074 28.6154 27.0122 29.2891 27.7266 27.2812 27.2973 26.9675 26.7074 27.173 24.4494 24.1858 23.9547 21.5368 20.9349 21.8723 21.3043 20.9462 21.024 22.2339 22.1775 23.1179 23.4503 26.4724 24.8087 26.4843 26.9583 26.8472 29.0519 28.5859 30.3668 30.5015 30.6431 30.7358 30.5435 30.0368 31.253 31.2701 30.5792 30.8204 33.2127 31.5764 32.0469 33.8141 32.7262 31.4967 32.087 34.0922 33.4493 34.9613 34.8143 34.6937 34.4442 32.802 34.4797 36.616 35.8462 38.1629 37.7399 37.1256 38.2303 39.0117 36.8582 40.407 38.5136 40.0303 41.8882 43.8448 41.778 43.3327 42.9265 43.46 45.179 46.7263 46.7571 45.5379 48.4308 50.8156 51.584 53.354 55.4865 55.8395 55.3187 61.9897 60.3557 61.3113 64.639 67.562 71.5707 74.6533 78.5865 80.8425 82.9605 91.5882 97.6683 104.93 112.042 117.679 132.701 148.298 155.548 167.374
168.89 156.442 146.38 135.424 120.913 112.225 102.778 97.2271 93.56 85.9133 81.6145 77.4991 72.2424 69.3966 68.03 66.0912 59.4345 62.175 61.2804 59.0084 56.6841 52.352 52.6223 51.207 50.2723 49.9221 47.1431 49.984 47.9067 46.6686 43.8597 42.2962 43.8323 44.1873 41.7785 42.9273 41.2101 38.7008 41.2872 39.224 37.7814 39.1299 38.499 39.5228 37.663 38.4802 37.177 36.6899 36.0191 35.0624 36.4547 34.339 35.7763 34.8791 33.9058 34.2403 33.6047 33.0548 33.5779 31.9411 32.4994 33.4582 32.5731 29.8042 32.9217 32.9916 31.0211 30.7519 31.3678 31.4776 30.393 28.8881 28.4881 30.2646 28.6272 28.2833 27.8048 28.1422 25.9111 25.756 24.4083 22.4601 21.335 20.5095 21.5983 20.9789 22.4516 23.1362 23.5592 23.3159 24.7562 25.4525 25.796 28.2983 28.6992 28.0618 30.4694 28.1952 30.2802 30.0799 30.6871 31.5898 33.3738 29.9592 29.4893 31.4039 31.0104 32.6266 32.2503 32.8609 32.3742 33.5609 32.6546 34.0022 34.0347 34.2558 34.271 33.7551 35.538 34.4844 34.4976 34.3526 35.884 36.7704 35.1899 38.0233 36.453 40.66 36.2321 40.3703 40.3269 39.7902 40.6259 42.6444 43.9207 42.9853 44.2071 43.7847 45.5072 45.4602 46.6788 45.9404 48.876 48.8265 49.3789 50.5386 53.001 54.7884 56.1166 54.3612 55.4506 59.5771 61.7958 63.7691 67.3971 70.5308 69.7344 73.539 76.8603 81.779 85.8369 93.3735 96.1574 105.483 110.374 122.722 133.327 143.18 156.748 167.231
169.148 157.814 144.527 131.254 120.973 113.868 101.307 96.6071 92.5851 85.8544 79.7073 78.8979 73.961 71.5735 69.5032 65.4342 62.3594 60.57 61.4032 57.5728 54.8811 53.5083 53.8566 53.485 50.94 50.7355 50.2066 49.0029 51.0057 46.2672 43.8283 46.127 45.2128 42.9324 43.7968 42.3833 41.8425 41.9246 40.8327 38.4717 39.4477 40.3768 38.4887 38.5336 37.6487 35.5944 37.2947 36.7494 38.1181 37.3496 34.722 36.5744 35.4802 34.2857 35.7878 35.3578 34.466 34.4214 33.798 33.3387 34.1418 33.481 33.2414 33.3633 29.8055 33.3707 32.8579 31.4635 33.0549 31.8708 32.1874 30.9059 30.53 27.3448 28.1435 27.4938 27.6281 25.8026 25.5306 26.2224 24.6253 24.5816 22.9877 22.3971 23.1985 21.6733 23.5231 22.7478 22.8729 25.0477 26.6002 25.1686 28.0909 27.7665 29.14 30.1744 30.3854 31.0186 30.9885 30.8139 30.8861 30.7558 30.6874 32.2162 32.1773 32.0697 34.2894 34.3586 33.2474 33.4838 32.2803 32.1855 34.4383 33.9585 34.005 35.1415 36.088 35.95 35.5253 35.8177 35.5203 36.8578 37.3045 37.444 37.3331 38.9792 39.0116 37.8138 39.9996 39.2491 38.3414 39.9917 40.9837 41.9333 41.1713 43.3494 43.4853 43.5937 43.4601 47.4369 48.58 47.0417 49.2356 50.2491 48.1726 53.3591 51.9331 51.078 54.8251 57.563 57.6107 60.9452 61.8659 61.9292 67.8224 69.3123 71.5666 73.7978 78.9085 79.6148 87.6231 88.4181 99.1872 102.891 111.632 119.372 127.252 145.597 154.657 167.386
168.531 156.217 142.653 132.524 120.082 110.98 104.43 96.6484 89.5925 85.0496 82.4938 76.5482 73.5376 68.8649 70.9793 65.0585 63.7506 62.5551 61.6009 58.9353 57.4155 57.9911 53.253 51.0537 52.7698 51.9582 49.2317 47.7656 49.9013 48.1304 48.4754 45.2605 45.8064 42.6424 44.7515 43.8803 41.0181 39.5821 42.4552 42.4993 41.1594 40.3713 40.9579 38.8194 38.6654 39.3898 39.8555 37.6065 36.7306 37.3833 36.696 34.4197 35.2659 36.7744 35.5253 34.3128 34.1157 35.8509 34.7324 33.8689 34.2248 34.2358 34.7116 34.2209 34.475 34.086 32.7956 32.0192 31.9611 33.4856 32.0302 32.0938 30.6375 31.011 29.7939 30.1102 29.2452 27.9736 27.3739 26.0425 25.0696 25.6737 22.9364 21.7196 22.8048 20.987 23.3045 24.443 24.5707 25.325 26.8607 27.3431 29.5574 29.4893 29.7473 30.1108 31.7887 32.3361 30.9574 32.9156 32.2738 33.8887 32.8929 32.5048 33.0401 32.3181 33.7213 33.5849 32.6192 34.0089 35.2668 34.8043 36.0423 37.024 37.5437 34.3236 36.9387 36.69 35.7663 38.3032 35.7928 36.6794 38.388 38.1664 38.9814 37.839 40.5998 37.4448 40.7114 39.7231 40.6477 41.1885 41.1559 42.705 41.3776 44.3347 43.7329 45.0949 46.3984 44.036 47.9599 47.9348 47.9736 49.4956 50.2801 53.4796 51.8488 54.8192 55.7243 57.7913 59.1295 59.0631 63.9464 64.863 64.899 66.9494 70.9339 74.854 76.7275 79.4317 84.4042 90.9773 98.647 103.382 110.132 121.694 130.97 141.446 156.129 169.548
167.783 156.446 142.289 129.999 122.876 111.399 102.741 93.9909 90.682 85.49 79.8907 78.2293 74.6173 73.0717 68.5886 65.6419 63.1951 61.6681 61.1171 58.4544 56.3954 57.2709 56.3532 55.1362 54.1378 51.0536 51.4671 49.7569 46.2724 48.1974 49.0773 46.4068 48.6133 46.759 44.312 41.6012 42.1421 41.9171 42.6306 38.4408 41.5399 40.0965 40.6704 41.4733 42.0337 40.107 38.6144 37.0945 37.9837 36.8364 36.8525 37.413 36.934 37.6364 37.5091 36.393 36.0167 35.7871 36.7112 36.04 36.9392 35.5886 35.4262 35.1285 34.4658 36.3574 33.235 34.4959 33.9506 32.6384 31.4371 32.8691 32.0141 31.6789 30.6673 30.6228 30.2758 29.0785 29.0689 26.3232 26.0472 24.3911 23.745 23.566 23.0778 23.7174 23.1428 24.5058 26.296 25.9208 26.213 27.7993 29.6313 30.6587 30.5569 30.8673 30.9147 33.0367 32.4014 34.5996 31.9874 32.1785 33.9023 34.7003 34.9123 34.3035 33.4419 33.7447 34.9386 35.2735 35.8929 37.5556 35.7634 37.5672 36.5651 38.1372 37.3352 36.9575 36.0595 37.5429 36.7616 37.0632 39.0096 40.6669 39.5376 39.85 38.3327 41.0349 41.8621 42.0129 41.1787 42.6658 43.2438 44.2243 44.2569 44.2733 43.4022 46.5272 45.4333 48.2565 50.3397 51.3379 51.2018 50.3318 50.3547 54.2143 54.675 54.6716 59.2922 56.8555 59.435 62.2282 62.6568 63.1664 66.9602 68.2831 70.377 74.0989 78.5234 78.8865 82.8942 91.1176 95.9136 105.666 111.735 119.867 132.612 143.564 155.299 167.05
168.727 154.62 144.388 130.382 120.896 109.844 102.158 92.8472 91.4638 84.4785 83.233 77.7423 73.9888 72.1065 67.1266 65.7202 63.942 61.5363 60.3345 60.4276 58.5112 57.4248 53.2709 53.2739 53.3018 52.663 52.8274 54.1779 49.2192 47.5228 47.3338 46.3304 47.3658 46.7349 46.3125 44.1003 43.3815 44.6164 41.2776 40.4355 42.2335 41.2219 41.4922 40.0246 39.6144 38.5584 39.4748 40.1261 37.5744 36.3913 39.1992 36.9655 38.165 36.7104 37.9025 38.5179 36.7965 35.3679 37.9494 36.6518 34.6608 35.4625 35.6734 32.2641 35.0005 33.813 34.8056 34.1637 34.8462 32.7968 34.199 31.5161 32.4421 32.2344 30.9813 32.3938 28.9148 30.4538 27.4198 26.395 25.0056 26.1666 25.0187 25.0866 23.1855 22.9391 23.7632 26.2769 26.2609 26.6707 28.399 28.523 30.0286 31.6419 32.5775 33.1322 31.9431 30.7208 32.0971 35.5876 33.8326 31.6743 34.2682 34.4558 36.144 34.2938 35.6389 36.8001 35.3608 37.383 36.0427 35.732 37.1536 37.2326 36.222 36.887 38.5971 38.7493 39.9874 37.3255 40.5671 40.7392 38.6248 39.822 40.2838 40.4974 40.5253 40.9168 39.613 44.1041 42.3766 43.808 42.5829 44.3376 41.8297 44.1768 47.6038 44.9855 45.8649 49.353 48.7928 49.0121 52.403 51.8571 52.0447 55.9114 55.2035 55.3379 55.6881 57.2918 58.5613 61.6993 60.7548 61.538 68.8168 68.3939 70.0582 74.5969 78.3169 80.5131 85.3033 89.6421 96.1277 102.257 110.781 119.545 130.635 144.32 154.373 166.956
167.289 155.405 144.331 130.081 120.763 108.455 104.779 98.5529 92.9398 86.8063 85.093 73.3906 75.7282 71.8706 70.2467 66.6469 65.8011 63.5336 61.3174 58.9856 59.3038 56.838 56.6044 53.6141 53.7718 54.8149 51.7061 51.5195 48.5398 47.5514 49.0286 49.0868 46.6442 46.0697 44.205 44.4558 43.9777 45.1239 43.1095 41.4766 44.3369 42.1038 40.3546 42.2665 43.0921 44.084 39.645 41.1886 40.0141 40.475 39.2541 40.1141 39.1062 38.7816 39.0371 37.4807 37.8144 37.2309 37.0033 37.7583 35.5403 36.7498 36.4211 34.6789 36.5864 34.4998 35.9594 34.9682 34.443 35.3799 34.3973 34.6629 31.8941 34.1845 32.0564 31.7727 30.1864 31.3036 29.8597 26.517 28.501 27.6711 24.8293 23.357 23.1775 23.9618 24.8882 24.4096 24.7778 25.3729 28.1327 31.1261 29.8181 31.3385 30.4521 32.9193 34.543 33.9345 33.7838 36.0457 33.5178 33.7362 34.7898 36.6134 35.9725 35.6203 36.4724 37.1532 38.2015 36.1541 36.6454 35.7889 37.4161 40.192 37.5749 37.7694 37.3895 38.8861 39.7064 40.2407 38.2343 39.9727 40.5406 40.5864 41.4364 40.8168 42.0942 41.8309 42.074 43.2966 44.9776 42.2524 43.6745 45.104 45.6594 45.0627 46.084 46.7507 46.9907 48.0576 48.1222 50.7567 51.4451 53.3011 52.8785 52.4584 53.637 56.8182 59.2606 58.8366 59.6082 62.0556 60.8027 64.3777 67.5286 71.0107 68.4027 76.6093 78.5981 80.1068 85.7123 91.0108 95.1541 101.472 111.179 120.751 129.528 142.642 152.931 168.359
164.716 153.156 143.102 127.099 118.344 110.254 101.711 94.8869 91.5192 85.1305 81.6535 79.1532 73.8282 72.4032 65.8911 67.0668 64.1884 64.7974 59.7623 60.8462 59.039 55.6773 57.358 55.3276 56.3143 51.4268 53.4706 51.7987 46.6873 48.3432 48.2378 48.8754 48.5333 47.8408 47.3039 46.9633 47.7127 44.1464 46.0259 44.6967 43.0747 43.5667 42.9886 42.2132 41.797 40.4697 41.834 41.6042 40.1816 40.7459 40.726 39.267 39.1402 38.9856 39.7215 36.0433 38.2024 38.1991 38.8515 36.5091 37.2271 37.6968 37.5047 36.0565 35.0456 36.5906 35.3723 36.7414 35.9498 35.2887 35.1225 34.4124 34.2403 33.5598 35.0881 31.8219 31.2603 30.0266 30.9624 28.9775 26.6168 26.5141 24.6563 24.2825 25.5713 24.7924 23.7887 24.9006 25.8901 28.5709 28.2969 29.9997 29.3027 31.4347 30.9552 33.6248 32.2646 35.4208 35.5612 35.5719 36.3568 36.4818 35.0437 34.4112 36.8432 36.6489 38.2327 37.9599 38.6127 38.3006 37.9338 38.5888 38.5906 38.5932 38.0647 38.7515 39.9754 39.1789 39.2917 41.5985 40.5778 39.5034 39.8051 39.2943 41.7603 42.2736 41.2336 42.6552 41.8838 43.9963 43.3936 43.4743 45.1996 44.1273 45.1571 46.0892 47.7693 48.5609 47.3433 49.4214 48.633 48.3958 50.0114 52.912 53.0549 54.5601 55.9864 55.1146 57.2533 58.7593 60.9634 62.5086 63.9403 65.4737 66.9211 71.8028 71.4704 73.4357 76.0572 80.6385 84.7902 90.9057 93.1247 100.592 109.804 117.403 131.288 142.876 152.673 165
168.48 152.43 139.821 128.685 118.908 107.839 103.867 95.3776 90.2414 86.4982 82.0967 75.8422 75.3504 71.9958 69.3814 67.0591 64.006 64.0191 62.0812 59.4995 60.3672 58.3133 54.9427 54.9055 54.0055 53.3176 51.1093 50.5744 50.44 49.9397 50.0493 47.6533 48.7033 47.3866 46.5548 47.5671 46.8288 46.2873 45.6699 44.2574 42.3915 42.6747 43.9381 41.1757 43.9551 42.2128 41.5018 40.668 41.2918 40.7055 40.3405 40.5949 38.6592 39.6287 41.4457 38.2626 39.3339 39.9657 39.7456 38.1289 36.5572 40.744 37.3527 39.0892 36.99 35.5726 37.0197 37.3016 39.4218 35.7561 36.8976 34.1839 35.6579 33.502 34.9203 33.1843 32.6239 32.1878 30.4546 29.0211 28.2932 26.5555 27.5457 26.1949 23.9257 24.8696 24.724 25.6455 26.0458 27.5937 27.9762 28.6492 31.2331 33.1271 32.2115 34.2854 35.1879 34.9344 35.315 34.4153 35.1331 37.3693 36.4277 36.1182 36.9417 38.3347 36.9568 39.9381 38.6659 37.2359 38.8506 38.2596 40.7971 41.0065 38.731 39.7317 38.6297 41.7084 39.3687 40.3154 41.6126 40.7912 40.1821 38.3586 42.0819 40.2838 42.0638 43.6068 42.2581 44.687 43.0615 44.257 45.2609 47.218 46.0709 47.1832 46.343 47.9226 49.8845 50.9104 48.7842 50.194 50.1062 50.1061 54.0856 56.4108 55.0167 56.4392 56.4474 58.1332 64.0557 61.8087 65.9662 66.2905 66.8851 65.6261 73.3491 74.0163 77.07 80.4714 81.4242 88.7476 94.3109 99.875 106.773 118.772 130.382 140.871 152.75 165.555
167.343 151.983 138.597 131.526 119.834 110.581 99.2894 96.4395 89.9707 84.6695 82.5544 78.3141 75.3952 70.7213 73.5992 66.8099 64.7126 63.9035 61.6062 60.0421 57.6661 58.2345 57.2242 55.4193 55.6124 54.934 55.6965 52.5841 50.872 48.9063 52.1257 47.9951 48.8048 49.3383 44.9815 47.7274 46.7613 47.4065 46.0255 45.2237 43.5136 43.9099 42.9473 42.9316 41.6197 40.8474 40.917 41.2897 42.262 41.8083 40.7353 41.6058 40.6816 41.9951 41.5462 41.9136 39.6548 38.6967 39.7732 39.2459 38.3625 37.1603 36.7996 38.5021 39.6007 36.3986 38.519 35.4018 37.1327 36.9042 35.882 35.9087 33.0176 37.2652 34.4749 34.8071 33.3885 31.3091 31.0075 30.1923 28.3381 26.9302 26.7068 24.9019 25.4249 24.1896 24.7581 26.8838 27.4533 28.6894 28.2872 31.4945 32.2999 33.9456 33.0339 32.958 35.0805 34.4965 37.0741 38.2202 35.768 35.6879 36.3022 37.4673 36.8326 37.5398 37.5451 38.3905 39.0778 38.8126 40.2869 37.7226 39.5459 38.1685 39.4133 38.2712 39.5234 40.55 39.2954 41.0015 41.516 41.047 40.7616 42.7818 42.9937 41.8754 42.6764 44.358 43.1606 44.7898 43.9991 45.135 45.9207 49.2246 45.5574 48.7808 47.8684 50.1998 50.243 49.8268 50.0508 48.3948 52.5885 52.6215 54.2312 54.5721 55.117 57.9973 57.0409 60.7594 59.3269 60.6422 64.2604 62.0969 66.8579 67.9158 71.3281 73.2887 78.5779 78.9095 84.9879 89.5648 93.8458 101.601 110.711 118.045 129.446 141.886 155.798 169.189
164.962 153.853 140.526 124.258 122.118 107.499 101.744 95.7254 88.2709 85.2261 78.3713 76.832 76.1441 73.9805 69.1247 65.9461 65.3513 62.8036 61.2359 60.2582 60.0243 60.0955 58.6152 57.1651 55.4161 55.4639 53.8947 52.4375 51.5636 51.1721 51.1604 49.1411 47.8629 49.7582 48.6526 46.1811 47.0396 47.2404 42.1655 44.7899 43.0512 43.343 43.8611 43.7329 43.4849 44.384 42.6295 41.4091 41.1833 40.3646 40.4922 42.103 40.6458 40.2172 39.7111 40.7779 39.9591 41.43 38.851 38.6388 39.2431 38.6459 39.0409 36.5318 38.7903 37.6536 40.754 37.4247 37.0199 38.8884 36.1536 37.2698 35.8234 35.5742 35.9042 34.241 33.9194 33.007 30.9025 29.828 27.0669 26.7266 25.5403 25.3481 25.1656 24.7953 25.5325 24.4993 27.2909 27.8792 28.6172 30.2751 32.1974 32.7772 33.8603 33.1845 36.0011 35.8613 38.2024 35.933 38.3124 36.3652 37.0209 36.6669 38.22 39.01 38.4695 39.1258 38.899 38.3661 39.7055 40.8989 41.0661 40.9502 39.8244 40.0941 42.1248 41.259 40.9052 41.8446 40.9737 41.8742 41.6685 42.9293 41.3658 41.1756 44.0293 43.3874 43.0999 45.0982 47.0159 45.7796 45.5078 45.5743 47.6478 46.1143 47.1637 48.1956 48.4975 50.8217 49.7636 51.1645 50.9395 54.8458 53.9673 56.2877 54.8333 55.0407 59.5061 58.63 60.3315 63.1879 64.0072 67.0828 66.6426 68.9823 74.1983 73.3468 79.182 81.5583 84.3554 86.3309 91.935 102.112 109.328 118.938 126.298 139.378 156.163 164.692
165.068 152.235 140.657 127.916 119.189 107.332 102.323 92.5782 87.5794 84.5444 81.8715 76.9433 74.1038 73.1094 72.428 64.5567 66.8177 64.3773 63.6713 63.474 60.4706 59.5892 57.7746 54.7494 54.3709 54.7367 53.433 53.3659 50.3411 51.8723 52.9161 50.5467 47.5769 49.4769 47.5712 48.789 47.1253 47.4669 45.3697 46.7932 44.042 44.6435 44.5027 44.7366 43.2811 43.2961 42.7365 43.6162 43.1905 43.2184 41.8218 41.2743 41.3118 40.5646 40.6278 42.1159 42.0968 40.174 40.1466 39.2439 39.4764 38.6994 39.9781 38.8889 40.7416 38.6135 39.6268 37.7383 37.5417 36.4225 38.6333 36.5465 36.2603 37.1738 34.684 34.5589 33.0661 32.2417 32.2912 30.8613 29.336 26.5236 25.4415 24.4568 25.1749 25.6463 25.4814 26.546 27.6931 29.8831 28.3336 32.0808 32.7151 33.5871 34.2002 34.7845 34.2551 36.5733 36.0474 39.5557 38.0657 40.1283 38.2502 37.6792 39.3976 39.6578 39.4906 39.5696 40.0255 40.2567 38.8085 40.2652 42.1536 40.2033 41.5091 40.8177 40.7728 41.3709 42.2553 41.0664 43.8604 41.845 41.2742 43.8384 43.4361 42.5576 45.4504 44.0821 45.1432 45.1926 44.7763 45.8663 46.8318 46.8854 46.9039 45.8678 50.4518 48.9765 45.9304 50.2847 52.7505 50.8737 53.7959 53.4009 54.7229 53.3106 55.1995 57.9783 55.1216 60.6292 61.1644 63.6563 60.6576 64.0717 67.2259 69.6936 73.7342 73.6106 77.5915 79.8885 85.3825 89.8499 93.7533 99.4506 109.88 115.454 129.325 141.725 154.023 166.131
165.923 150.795 137.981 126.725 116.404 108.455 99.2138 96.2853 90.6701 85.125 80.579 73.1707 75.0834 71.7524 70.554 68.1385 65.2335 64.4521 65.3185 62.7808 60.4417 59.0258 57.1972 57.7783 56.396 53.7724 53.5899 51.3768 53.7115 50.1327 50.1442 48.303 49.6019 46.8686 47.8758 48.0343 46.6464 44.974 44.926 46.0186 45.3417 45.2342 46.0517 43.45 42.5434 44.9118 42.789 44.5007 43.1209 41.4751 40.4708 41.1946 40.986 40.1234 40.9708 40.7746 41.357 41.0974 42.0094 40.4393 39.8392 37.8786 40.9643 38.0474 39.5817 39.0272 37.038 38.5063 36.5725 35.7563 38.6908 35.4515 34.7048 35.7647 36.5416 37.7701 34.8264 31.8075 31.0602 28.5119 28.8465 26.212 27.1796 25.5739 24.6762 24.4843 25.5003 26.1465 27.9863 30.3512 31.269 32.2073 33.0124 35.4182 35.5831 36.4754 36.2995 37.1824 38.5236 38.8823 38.3911 36.3103 36.5945 37.8464 38.4174 40.4375 41.5128 39.591 39.8982 39.1728 41.6876 38.7135 41.3756 41.7381 41.9531 42.2666 41.2037 41.3153 41.8752 41.9566 42.3602 41.1934 42.2778 42.2131 42.6684 43.0496 43.7368 44.5439 45.7713 43.7238 45.266 46.9133 45.4305 45.1284 47.0742 46.2364 48.1043 48.9968 49.2513 48.8308 49.5999 49.4661 52.3465 55.8034 54.0504 55.3324 57.1928 59.5333 59.2808 58.8204 59.5149 61.594 63.4884 64.5726 66.9452 68.5325 73.9019 75.1368 76.8091 83.4348 85.3561 86.7618 94.9502 99.6477 107.945 117.925 127.074 138.743 150.501 164.924
164.282 150.421 136.288 126.539 116.615 108.428 106.012 95.6452 86.9253 85.8344 81.7513 77.3655 74.6953 72.1355 68.0575 70.8315 68.7631 65.4173 62.1996 60.7601 60.551 58.6555 59.9036 54.8008 54.7273 51.2246 51.7728 55.8662 50.3197 53.1143 50.3544 49.3848 50.0978 49.7994 46.9878 47.1283 46.7672 44.6946 46.908 46.4088 46.867 45.7508 45.2342 43.2426 43.8896 43.6288 42.8423 43.6875 43.1083 40.9736 41.1525 44.3039 43.2897 40.0502 40.0819 40.7876 39.8493 40.3046 41.6744 37.8142 41.0391 39.2982 40.1095 38.5642 39.9853 38.0483 38.2038 38.2908 37.4946 35.8528 37.1351 36.4102 35.4946 38.821 36.3535 34.926 34.8245 31.889 33.6675 30.8979 28.181 28.1839 25.8896 25.0885 25.6933 25.994 25.4958 26.8005 27.3293 32.2131 28.504 28.7229 33.3878 35.4452 35.3808 35.4713 34.9611 39.3351 36.161 37.9939 36.706 37.7878 39.2126 38.0176 37.9368 38.5893 39.3814 39.4835 40.9345 40.0114 41.1592 38.218 40.6627 39.5115 42.6928 40.3917 41.6849 40.8824 42.2268 42.8752 42.6874 41.9894 43.4665 43.4518 43.4562 45.3768 44.942 46.2876 44.6794 43.8781 45.0811 47.3849 47.7 46.3223 47.6776 50.6261 46.7414 47.4285 50.6941 50.8478 51.8205 51.4053 51.688 55.8829 54.8079 57.5686 55.8029 57.8946 57.2595 60.8321 60.1523 63.518 64.847 67.0901 67.0166 69.5191 72.1593 74.0816 77.5879 79.6812 83.9845 88.0007 93.4411 100.184 108.249 115.983 126.217 137.679 153.841 164.67
164.566 151.086 137.728 126.434 117.339 107.974 101.691 94.8892 90.3426 85.5863 81.8028 77.1795 75.2927 71.2717 68.4256 68.7354 66.723 66.0062 63.6647 60.6486 61.4337 60.9655 57.2304 56.0739 53.7124 55.0798 54.3695 54.8421 52.0029 51.5459 49.8843 48.213 50.1359 48.7702 46.909 48.6385 48.6429 46.1904 45.4948 45.6232 44.423 45.9303 44.9874 43.3297 45.1911 42.2937 41.2113 42.8743 43.6526 42.1189 42.4541 40.8381 42.8323 41.062 39.5007 42.4831 39.6979 42.6026 41.3047 39.6116 39.4723 38.9167 40.5851 38.3778 39.3655 39.0979 38.2205 37.4268 40.4983 37.3177 37.0979 36.9352 39.663 36.816 33.5206 35.5999 31.8407 33.1562 32.7034 31.5281 27.6792 26.049 25.8242 26.2558 25.4192 25.4776 24.7375 25.4774 28.2472 29.4819 29.7778 31.549 35.3214 34.6132 34.1085 35.4018 35.6785 36.796 38.5132 37.2211 38.919 38.5608 39.5869 39.6761 38.5481 38.4171 39.0441 38.8122 39.6917 40.4121 40.0034 40.7325 40.0385 40.4739 41.6509 42.7009 41.6425 42.6485 43.2418 42.5806 41.9433 42.4816 43.8905 43.1529 44.9423 45.6366 45.4695 43.537 45.3532 45.9864 44.9561 46.2919 48.1712 46.7222 47.4076 46.9851 48.0286 47.6086 50.0381 50.3325 50.961 52.2631 52.9111 52.0168 54.3439 57.89 57.5423 57.7206 59.0589 58.4947 61.0835 63.0164 61.5542 66.0908 68.2389 68.9963 68.5973 75.4378 75.3055 81.9624 83.6119 86.5806 95.2154 98.0931 106.742 116.745 127.968 136.879 150.398 163.538
163.75 152.125 137.336 126.425 116.061 109.759 103.277 93.3097 90.4995 83.0229 80.3013 78.9861 74.8703 71.7 71.5559 68.6427 63.0026 65.9405 60.9216 61.5268 61.0941 57.0794 57.7622 57.4843 56.4201 55.2088 53.4979 54.7388 53.3223 51.5713 49.7488 50.9159 49.7957 49.0899 49.3884 48.4543 46.9635 47.4737 45.8953 45.5984 45.799 45.5842 45.6017 44.5279 42.8151 42.6247 44.3649 41.8445 43.865 42.4329 41.8221 42.4891 41.4296 43.2684 41.5228 42.0644 39.3915 39.083 39.0957 40.3249 41.2613 39.7134 39.9686 39.4869 41.3608 37.7587 38.7722 38.3249 36.6872 35.8171 35.2378 38.1696 37.1419 36.0412 36.3224 34.5419 34.0925 32.6697 31.3899 32.3732 28.1174 27.1701 26.0132 25.7018 25.7053 24.4094 25.5923 27.0502 26.9208 29.1925 28.6686 30.0397 34.5411 34.7015 35.6615 35.487 35.3368 36.835 37.1617 38.9962 37.076 40.3722 39.9468 38.2698 39.6131 38.2851 39.306 39.4553 40.4394 40.7418 39.1444 40.0774 41.6455 39.9373 42.0789 41.5332 42.251 39.6749 40.8049 42.3861 41.4347 43.9632 42.941 42.0575 43.8168 42.7961 44.4577 44.3621 44.0114 44.896 47.9123 47.8911 47.4197 49.2275 48.1366 48.7917 48.602 48.9357 50.9254 49.1548 52.6578 53.3691 52.4319 56.3003 54.7824 56.4196 54.6175 59.3007 58.6885 60.1443 60.2045 63.6316 62.3072 64.3124 67.4589 72.2405 71.5499 74.6842 79.5383 82.8935 87.9376 87.0668 95.7219 99.376 109.147 118.398 125.512 137.755 150.745 163.614
163.958 152.72 138.949 129.308 115.423 108.11 98.5237 96.0126 93.2947 86.1537 81.5605 75.0105 74.7696 72.5556 65.8282 68.9384 66.8909 65.8912 65.6186 61.756 59.197 59.4583 59.4536 59.3052 57.7852 55.5974 53.3022 52.5581 52.1975 50.4933 51.5537 50.4528 50.7429 48.6168 50.81 48.0373 48.1914 46.586 47.7019 46.506 46.6797 45.6835 45.8758 43.8569 44.59 43.324 44.5348 44.532 44.0522 42.9348 40.6497 41.8181 42.1386 40.3872 42.249 40.6835 39.7103 40.4598 37.865 39.4131 39.3903 38.7278 37.5025 37.6332 39.1401 39.7109 36.4863 36.2626 40.1935 38.3736 37.109 36.9554 35.293 36.2032 33.9352 33.5843 33.9895 32.9384 31.3638 33.014 27.9215 27.3408 24.8906 25.5327 24.7072 24.7523 24.8097 25.3274 26.8314 27.1974 31.7307 33.3602 32.6384 34.0151 34.0253 36.3289 34.9334 35.7328 35.0149 35.8405 36.7325 38.208 37.9446 38.0208 37.3307 37.6121 38.8142 39.0153 38.9013 40.4102 40.7008 40.3705 40.5358 40.0068 41.3383 39.7199 40.5006 42.0881 41.6933 43.1075 41.6888 43.0903 43.9502 43.7976 43.0852 44.0928 43.981 45.1715 44.4358 44.9512 47.5825 46.5314 49.5393 46.3413 48.5629 50.0616 50.3434 49.5676 49.4145 52.2515 51.2943 52.2363 54.5375 53.7265 56.6921 54.791 56.0281 59.0844 58.1551 62.1374 62.2956 63.8709 62.3543 65.8603 70.9363 72.5602 72.4075 75.0635 78.2124 80.8561 82.8496 89.164 95.8356 101.287 107.215 115.205 128.17 140.663 154.329 164.903
164.148 149.752 135.868 126.879 112.784 108.58 99.4432 92.0398 91.2064 87.5814 83.0802 81.6726 76.135 73.356 70.388 68.0315 65.8868 64.5778 64.3862 60.039 62.721 60.4156 60.2371 57.598 57.1841 57.6459 56.3185 52.4525 52.7641 53.9711 51.2778 51.08 52.0385 49.3925 51.3018 47.9796 48.1138 48.5312 48.2655 48.0261 45.0978 44.4287 43.5016 44.5261 44.495 44.6757 41.6151 43.3013 43.6955 41.6525 41.5646 41.0101 42.9223 42.3038 40.2142 39.5065 41.4906 42.0541 39.7425 37.5371 40.5964 37.6866 39.451 37.6573 37.7514 37.5477 37.86 36.3822 37.0918 37.774 36.8811 37.0267 36.0525 36.4959 34.754 34.2142 32.8764 31.3823 32.137 31.349 28.529 27.1355 26.6578 25.6306 25.2089 24.6756 25.4647 26.7967 26.6778 26.7687 30.6667 32.8712 33.241 33.1498 35.7771 37.0601 36.1913 34.4718 38.0177 36.9451 37.0873 37.6731 36.7522 37.9441 39.4238 38.3747 38.5852 37.6329 39.8242 39.0968 40.8058 40.3326 40.2212 40.9949 40.8344 41.3548 40.3247 41.2036 42.8453 42.9325 40.8958 42.8666 43.0387 43.0486 45.0141 45.2001 44.6136 46.2556 43.6873 44.2266 47.3072 45.2337 47.9858 48.5171 48.4037 48.3015 49.497 49.4441 51.0887 51.8729 51.872 51.5988 54.139 52.3908 56.131 55.2895 58.1165 57.8364 58.8671 65.1029 60.291 64.7058 64.9693 66.0311 69.1393 71.1996 73.0003 77.3673 79.2435 85.1567 85.6917 90.9641 95.6462 97.586 109.94 113.514 126.167 138.16 148.451 163.093
162.914 148.898 135.557 127.008 118.618 106.811 100.26 95.2724 91.3481 82.1249 79.4482 80.9252 75.063 71.9596 71.8781 67.7518 67.8731 64.1406 63.1047 60.6379 61.2692 59.555 55.8498 57.313 57.5054 55.9395 55.3127 54.1374 53.8425 53.8752 53.6088 51.4719 50.1097 51.5355 48.3895 48.0633 49.3722 46.512 45.8867 45.4635 44.781 43.4006 44.7994 45.416 43.19 42.7859 42.8421 42.933 41.8973 41.4816 41.6227 41.5094 43.5918 41.5176 39.949 40.6994 40.1967 38.7498 40.9893 39.8009 38.0792 40.0257 38.6624 38.4855 38.9178 39.5645 37.9826 36.95 38.0903 36.0136 37.2261 35.8611 35.8568 35.9475 35.8412 34.2981 33.8922 35.558 30.2344 29.2752 27.7643 27.6146 26.7291 24.5356 23.7765 24.2033 25.2341 25.8172 28.1823 27.6833 31.7217 30.8822 34.165 33.519 35.2522 34.6864 33.2354 35.0601 37.3771 36.6829 38.1209 36.0352 38.0957 37.6929 39.509 39.1468 39.7276 38.7029 40.7759 40.5885 39.5589 40.9219 39.9283 41.2956 39.8517 40.9656 40.613 41.6842 42.8476 41.8168 41.2351 44.4339 45.5149 42.6882 43.7301 42.9497 42.7544 44.3635 45.3017 45.8711 46.3994 46.9914 47.6756 48.8139 49.6868 48.6898 50.7445 49.3407 51.5433 51.9242 51.549 53.5019 54.021 55.8044 56.7407 54.2802 58.9787 58.4834 60.6273 61.431 63.0234 63.8685 66.7831 69.6672 71.4974 69.3144 74.0189 74.0455 79.6058 79.3623 86.496 87.7715 93.1411 102.818 105.643 116.297 125.462 138.62 150.75 161.351
163.155 150.298 134.655 127.015 114.03 106.951 99.9223 93.4498 90.0958 84.323 83.0556 78.2807 77.3922 72.2944 71.623 68.078 68.3897 65.6697 65.7949 64.2333 63.0164 59.6654 61.0384 57.7127 56.3987 57.3565 52.1307 54.1017 55.4946 52.6708 51.3125 51.0113 51.022 49.5804 50.3667 47.84 48.3629 47.3223 47.1477 46.9068 44.1537 46.7232 43.2735 44.5465 44.1363 42.1329 43.7855 42.9739 41.1743 43.7586 43.3632 41.3552 42.1434 41.1813 40.9602 41.0735 40.2403 41.0104 39.7628 39.8481 41.03 37.5322 38.1031 37.6008 39.4182 38.3404 38.3472 38.0314 38.9441 36.1266 36.389 36.9611 36.169 36.4844 34.7968 33.2856 34.475 31.8606 31.4718 29.4746 28.8607 26.959 25.9609 25.4307 24.0809 24.2115 24.638 26.1671 27.6804 28.5239 31.3139 30.6915 32.192 35.7238 32.7555 36.026 36.7551 37.2362 35.2079 36.1447 36.5953 38.2458 38.3886 38.0949 39.1249 38.0431 38.1841 36.9675 37.493 41.2092 41.0874 40.5469 40.9281 40.5094 40.944 42.0662 42.7179 41.2763 41.5926 42.4221 43.8108 42.3469 44.8284 41.9535 44.2567 41.9715 43.1825 43.7822 45.9129 46.5922 46.8941 47.5924 46.5157 48.5206 47.5379 48.5725 49.9872 51.3687 49.7221 49.6294 53.0851 52.3041 53.4195 54.4678 57.4699 58.9065 56.8533 60.6841 60.331 62.5142 64.4668 64.0035 70.1511 69.8852 68.8471 72.271 71.6427 75.225 79.0365 80.9385 86.6768 89.7017 93.8892 100.497 107.163 117.916 124.182 137.639 150.389 163.241
163.184 146.594 136.062 125.611 114.757 110.214 99.8584 95.3468 90.3159 85.7226 81.7292 76.6375 77.8056 73.4505 73.0725 70.494 65.4853 64.3337 64.89 63.2737 60.2782 62.1811 59.5018 58.2682 60.4015 55.4677 56.5544 55.5663 53.9461 53.6535 51.3477 52.055 47.9951 48.7078 49.5284 50.7247 47.3848 49.0728 47.0248 45.1424 45.3392 44.4042 47.9142 46.0258 43.64 43.9309 41.6023 44.5291 42.5573 43.1327 41.0113 41.028 41.0882 41.4481 40.5022 39.9731 40.3853 41.7425 38.8992 38.4276 40.302 38.7422 40.4422 39.3771 37.8186 37.6865 37.2427 39.6286 36.6938 38.7 36.2349 36.4213 37.1452 36.8842 36.7014 31.9085 33.9707 34.181 34.2925 29.1924 28.4606 27.4515 26.093 25.0835 24.1799 24.6138 26.1917 26.1574 26.7361 31.3785 29.3941 30.3906 33.017 34.0529 34.1839 33.7372 34.356 37.7382 36.4249 37.6938 36.8938 36.0755 37.6325 37.8892 39.2333 37.8429 39.7876 39.4464 38.5307 38.6816 37.9488 39.7634 39.957 39.4369 40.8733 40.8679 43.4654 39.9538 41.4822 41.0308 43.1399 42.3821 43.7377 41.9255 44.5642 45.4137 44.5475 46.6789 44.783 46.1624 47.0921 46.7926 47.4666 47.359 47.9394 49.2148 52.7795 52.0319 51.6966 52.9502 51.7585 52.8791 53.8446 56.1354 56.7901 56.9192 61.6429 58.9351 60.3685 62.0103 64.0797 62.8186 68.2738 67.8944 71.2033 71.7548 73.4176 75.8832 78.8778 84.0305 85.9683 87.9029 93.7468 100.652 106.388 116.954 124.54 136.883 149.534 162.833
162.385 147.979 138.335 125.693 114.675 105.361 100.874 95.9158 90.1833 86.4414 82.9841 80.3663 77.0919 75.116 73.2425 70.6087 66.2207 67.1243 63.4395 64.8605 64.1022 59.5619 60.548 62.0467 56.3401 56.2691 57.4454 52.6429 53.706 52.2693 50.5635 50.811 50.4687 49.5308 48.6251 47.5467 48.427 49.0812 48.5023 45.353 46.3743 44.6496 44.9542 44.5921 45.4318 43.0571 44.3599 42.3387 43.0572 42.6172 41.5187 41.9547 41.1158 41.4296 42.3224 41.0352 38.3584 41.7802 40.6966 37.2364 39.4056 40.7429 39.2946 37.795 39.0268 36.5183 37.5614 36.3022 40.4604 38.3771 37.4626 38.1805 38.5233 38.4654 34.4864 33.8649 34.9344 35.2255 33.3812 31.2909 28.6508 29.1507 27.2474 25.3196 24.2917 25.6933 25.7022 27.1829 27.3838 29.1871 29.3664 33.727 34.5307 34.7433 33.8159 35.1127 38.1635 37.0023 37.7306 37.163 37.8683 38.5821 36.2251 39.6561 38.8059 37.549 38.7781 39.451 39.442 40.3493 40.2849 40.426 39.7082 42.1684 40.6967 40.2234 42.1071 40.8877 40.8279 41.8654 41.5675 44.3664 42.9642 42.6807 43.5002 43.4348 45.9029 45.6238 45.3023 45.7117 45.2348 48.7971 46.7114 46.4325 47.6678 48.2538 51.7852 49.961 51.1425 52.4424 52.1542 54.5377 53.6344 56.5588 56.9072 58.1745 59.6697 59.5306 62.6132 64.6839 62.5099 64.578 67.1615 66.9094 69.4581 71.85 73.6116 76.1117 78.6469 83.7468 84.635 87.0746 93.8783 103.29 108.723 114.51 125.004 138.543 145.819 162.37
160.391 153.201 137.053 128.016 114.118 111.171 101.768 93.2708 89.1438 88.6916 81.3645 81.1593 75.4412 73.3144 71.2468 72.3948 73.8844 66.3657 65.8356 66.5728 63.8699 59.361 59.2359 60.7585 58.0191 56.8247 57.4084 54.8516 53.6801 53.5698 54.3872 50.1702 50.1214 50.277 48.9949 46.784 49.1832 47.4589 45.7521 45.9849 46.4026 45.631 45.5543 44.839 46.3072 42.7734 42.9222 43.0148 44.1244 42.5932 41.7161 41.8487 41.0316 41.6609 41.821 39.0746 42.7777 40.0157 41.2919 40.7455 39.1709 37.8582 38.874 39.9922 38.1466 41.377 38.5385 39.2174 38.5823 38.7031 37.0342 38.8416 37.6866 36.9848 36.1956 34.6848 34.4184 33.0802 33.0068 32.933 28.8288 29.7834 26.8192 26.7337 26.051 25.2408 25.2419 27.4592 27.98 31.1031 31.4941 35.5286 32.2678 35.882 34.362 36.0365 37.7803 35.9175 37.273 38.0938 38.3597 37.1874 39.7432 39.0017 40.1294 40.9535 39.897 39.3712 41.2167 38.6757 40.2008 40.5464 40.0834 40.9891 40.1624 42.2413 42.4604 44.0712 42.0111 40.7324 41.7519 43.1986 44.5163 42.2594 43.7428 44.9364 45.5638 44.0006 45.2431 47.1541 46.85 44.7976 48.3715 50.4636 48.0372 49.8621 50.971 49.4041 53.0472 49.4648 52.5067 53.6907 54.8785 54.4485 56.2334 58.6831 58.8282 60.9703 61.8046 63.8089 64.8499 67.129 64.8797 67.9189 70.8087 72.3511 76.1767 77.1323 78.1744 82.5791 86.686 91.9319 97.5457 100.899 109.081 115.969 125.31 135.616 149.159 161.597
161.648 148.225 136.217 124.338 113.913 109.634 101.412 95.9156 92.7223 89.3084 81.4333 80.187 76.6338 73.1992 71.9293 71.4489 70.9847 67.1532 65.7292 65.8818 64.2944 62.4754 58.4831 64.0991 58.662 58.9977 57.2526 54.1141 52.6398 54.0649 51.7693 50.7598 51.3818 49.4423 49.6598 48.815 47.6082 49.4403 47.0218 46.4021 47.0578 45.5721 47.7702 45.9201 44.0054 43.3521 43.7806 43.4924 42.0268 40.1497 42.3518 40.9557 41.7129 40.4374 42.4621 42.2439 42.3263 40.5024 41.4211 39.9808 42.2429 39.467 38.9358 37.458 39.2722 38.7143 39.7069 39.6028 38.3438 37.4976 37.5923 37.5799 37.8494 38.3139 36.7556 35.7126 36.5519 33.9237 34.3633 32.2059 29.2513 28.4049 28.0801 26.6751 26.4493 25.2314 25.9485 26.8842 28.2225 31.6659 31.3348 33.5075 34.8778 35.8627 38.6584 36.72 36.1505 39.3155 37.9557 39.3356 37.9183 37.5882 36.9921 39.1467 39.1035 38.2961 39.2394 39.418 40.0806 39.5463 40.287 41.4576 40.7549 42.5291 40.0031 41.1399 40.771 41.2619 43.4686 42.0758 43.7232 43.7179 45.2247 42.9312 43.0634 43.1379 44.9344 44.9489 45.5918 45.3639 46.2405 45.9498 47.2774 49.4494 47.9184 48.3802 49.4769 51.3391 50.0066 53.9957 51.6392 55.0522 56.7558 54.9657 55.3405 57.5572 61.0836 61.0943 60.7897 65.3187 63.6836 67.2273 66.5529 69.6208 72.5139 73.7533 75.203 75.5881 80.0694 84.4814 86.0084 92.21 93.5691 100.044 107.732 115.521 125.482 138.017 145.789 161.674
163.004 150.252 137.485 125.518 115.884 107.344 102.106 93.2474 88.3724 85.7839 80.419 81.1094 78.3033 74.1575 74.0804 70.6113 69.1802 67.7248 65.1914 64.3013 62.8658 60.8742 59.1527 61.0522 59.472 60.7833 57.518 53.5096 55.4902 53.9181 52.2452 51.3243 51.7746 50.2608 50.3028 47.4675 47.3746 47.0154 48.8434 46.9388 44.4675 46.0216 44.7538 42.6342 42.6246 44.0442 44.8043 43.8973 43.1739 43.932 42.9269 42.9581 42.1998 42.6955 42.2051 40.6191 42.6846 41.7002 41.4016 40.0772 40.3376 40.6856 41.0092 41.2011 40.1181 40.0408 40.1235 40.4595 39.6216 39.2882 40.0853 35.6053 38.2966 37.2466 39.1941 37.8723 37.5304 37.0217 32.2973 32.0233 30.4906 28.8906 28.3573 26.627 25.0697 26.4628 27.142 28.5035 29.871 31.9082 33.2387 35.1752 34.9358 36.6673 35.9636 38.9413 38.0043 38.8404 36.5439 38.5709 38.2516 37.9335 39.141 40.6376 39.6899 39.3652 39.2255 39.679 40.4283 42.8933 39.9562 41.6364 40.4095 41.8397 39.6502 40.9578 43.3772 42.0429 42.3006 40.4005 43.4322 43.0688 44.5091 43.927 44.1679 44.852 45.0915 47.1443 42.915 46.2771 46.7502 48.0231 46.471 47.9802 49.2236 52.0457 50.6713 50.0526 51.6887 55.7893 51.4049 53.9632 53.8679 55.9789 56.1743 57.2132 59.745 61.5513 61.3274 64.7879 65.4053 63.7411 66.9977 65.2369 71.3967 70.8739 75.7348 76.2514 82.1229 84.434 85.1933 90.6969 94.9354 102.795 105.641 114.475 124.617 135.283 151.786 160.671
162.166 147.12 138.925 125.383 116.794 110.347 99.4174 93.4602 91.9641 87.2863 84.219 81.271 77.6473 74.065 70.1807 70.7148 67.588 65.6095 66.7354 63.5779 62.7816 61.4667 61.3807 59.1896 59.0033 55.723 55.6093 55.3021 51.2623 52.4691 50.4893 52.3696 51.9852 50.5458 51.5765 48.9054 47.6825 46.8384 47.7106 46.8149 44.906 46.7261 45.7341 44.3382 43.822 43.3971 44.8698 42.2339 44.4156 42.7668 40.8199 42.4154 44.5521 41.1672 42.0285 42.0549 41.9282 43.4432 42.8422 41.5056 40.9964 40.1681 40.5583 39.4741 37.0902 39.8293 37.7674 39.6858 40.3602 37.6534 38.2063 36.9557 38.9061 36.83 36.1901 36.7452 37.1225 35.3897 34.6857 34.1909 31.7327 29.7777 28.5757 27.221 24.474 26.9688 26.6345 30.1733 31.4165 32.621 32.5558 35.292 35.7339 35.1306 39.5428 35.862 38.0773 35.4646 38.4123 39.5587 40.7392 38.1883 40.7513 39.1776 39.0396 41.5969 40.7138 38.7379 39.2923 40.7356 40.219 40.8677 41.7712 39.6092 40.3687 43.5152 41.1515 40.2767 42.6749 43.0066 43.1603 44.2504 43.8356 43.9747 43.6024 44.8659 44.8423 44.9655 46.3146 45.5396 46.5203 48.5585 47.4057 48.3495 48.7864 49.165 50.6665 49.624 53.3713 54.0986 53.7057 52.7139 53.7742 57.4972 57.4406 57.7262 59.8085 58.4113 62.7699 59.5153 60.9892 66.4411 62.7991 68.8229 73.0767 72.6267 76.1876 79.6157 79.3537 83.1859 82.967 89.0328 95.0528 99.7559 107.707 115.825 125.342 137.907 147.247 161.445
160.778 150.302 136.266 123.664 115.026 106.062 101.54 95.8842 91.5111 90.6678 82.9133 81.6626 77.39 75.1699 71.3414 70.704 70.1656 67.7577 65.7036 64.7337 63.6119 60.3 60.401 61.051 58.6395 57.6719 56.047 55.3704 54.0076 54.6051 52.3521 51.364 50.8691 52.0844 47.986 47.3455 48.4452 50.596 48.2046 47.8789 47.432 46.4097 45.1038 46.1887 46.1332 45.9312 45.5446 43.9978 43.9485 43.9054 41.1465 42.2227 42.8496 44.7396 42.7205 43.1479 40.6492 41.4043 40.2893 40.681 40.3921 40.49 42.6803 38.9706 39.3524 42.6916 38.9287 41.4008 41.7339 39.902 40.5159 38.9126 38.7873 36.1067 39.3749 37.2883 38.5369 37.381 36.0415 32.8808 30.4446 30.6912 28.466 27.2921 27.9118 26.3969 28.4023 29.3524 32.1012 32.5339 32.932 35.9422 36.1476 37.1118 37.6978 37.4297 37.9832 38.6983 37.5186 39.9071 40.6364 40.165 41.1789 39.8621 39.871 37.3778 42.395 42.1024 40.2962 39.4938 40.6105 40.177 41.7032 43.0503 42.3864 42.9478 43.1208 40.8385 42.3634 42.8337 45.5316 44.1416 43.9912 42.9223 44.2418 44.3584 44.781 45.6161 44.4356 47.1238 49.1165 46.6917 48.9538 49.1065 48.8824 48.3705 51.4978 49.6464 51.9304 51.5332 57.0229 55.8192 57.0846 56.7708 57.985 58.6545 57.4185 59.2666 63.1386 62.7224 65.9741 64.2719 66.0792 67.631 70.095 72.4622 73.7035 77.0358 78.0499 81.8482 85.1098 88.9111 95.7209 101.312 109.803 115.68 122.282 135.959 149.268 160.07
163.489 148.077 134.506 127.041 113.793 107.57 101.475 95.6005 89.8154 84.7955 83.0408 80.395 76.8848 75.2888 73.6289 70.4607 68.2425 67.9958 67.3023 64.3664 62.0585 62.4142 61.5343 57.7346 58.7694 56.5339 56.8364 56.4177 53.6844 53.0608 52.5272 53.7301 49.3222 49.7654 49.0265 49.7692 49.8248 48.7461 46.8856 47.209 45.8258 49.2586 45.1186 47.2782 44.9733 43.5104 44.2409 41.5857 45.2755 43.0527 42.2499 44.2077 43.075 43.1083 42.1873 43.2676 42.3009 41.9008 41.1361 41.0031 42.5137 40.7994 40.6364 40.0309 40.1953 40.2358 41.764 40.266 37.8732 38.4021 39.7041 40.0663 40.2264 38.8544 38.2213 37.8941 36.3593 36.9606 34.2785 33.8221 31.5975 31.0285 28.49 27.3984 27.5122 27.1154 28.063 29.1485 30.8693 31.7482 33.9246 36.9783 37.7025 36.9543 38.6379 39.6108 39.3879 38.6855 39.3274 38.3178 40.2568 42.4779 41.3385 41.479 43.601 42.8203 41.5846 40.7849 41.3227 42.251 41.2153 43.4172 42.1858 43.7723 42.5264 42.2182 40.789 43.7459 46.2506 43.9139 44.9293 42.382 43.4011 44.2809 45.1727 44.883 45.3706 45.6613 44.6562 48.9936 47.7918 47.6098 48.195 49.7113 49.692 48.4036 51.3028 51.8703 50.239 53.2352 52.5308 55.5009 54.7526 56.6796 57.992 59.4357 59.7089 59.6834 62.3383 61.6334 64.9963 64.0543 67.3337 66.8436 68.6395 72.2717 73.313 76.0067 79.9019 82.2179 84.5556 90.0517 94.806 101.013 106.035 118.214 126.967 134.302 145.738 162.24
160.929 146.452 135.984 123.086 112.829 104.844 99.6691 92.971 89.4719 85.8366 79.6107 79.986 75.3497 74.9878 70.6885 69.6003 69.2407 66.526 64.9576 64.0785 61.7803 63.153 58.1054 60.8733 59.9651 57.3637 57.4131 53.6208 56.8527 53.245 53.1736 52.9878 52.7636 52.1517 50.2413 49.8981 48.2248 51.5996 47.1665 47.3375 48.7249 46.1555 47.3625 48.5535 45.7424 45.7848 46.5627 44.7713 45.3302 43.8312 43.2382 44.3228 45.1931 45.6939 41.1627 41.9379 43.1796 43.8237 42.5019 42.6888 43.0552 39.9424 42.5957 42.8189 42.6137 42.0644 40.4694 39.2377 41.2299 39.0382 41.4424 39.2927 38.015 36.5185 37.197 40.0935 36.6736 35.4745 35.2518 35.914 33.5532 30.917 27.5012 26.9832 26.8491 27.681 27.473 30.0761 31.8115 32.0067 34.5311 35.9982 34.5972 37.9891 38.5597 38.8469 38.4918 40.1077 39.6116 40.7459 39.4146 39.8372 40.8982 40.1458 42.5822 43.3047 41.2695 41.6783 41.6206 40.7471 40.3322 41.7526 43.3567 44.5412 42.3196 43.2337 43.5249 40.8114 42.4333 43.7862 45.6328 43.7488 45.2706 45.7447 47.5114 44.6747 47.2151 46.9792 47.5144 47.493 47.8817 47.7559 49.2019 50.9386 49.2688 52.9794 52.4364 52.1656 51.6962 54.2024 54.9381 54.1626 55.3209 57.5845 56.9623 61.8233 57.756 61.1427 62.3635 63.7542 64.7903 64.2524 65.3886 69.8598 70.4149 70.4484 77.0119 75.1684 80.1567 80.3704 84.2136 92.4628 91.1845 97.0831 106.79 115.46 124.377 137.586 149.556 160.995
162.067 145.751 136.181 121.549 112.412 105.788 100.667 94.5424 89.5906 81.2476 84.1828 79.8301 73.1677 76.7029 72.5973 70.9643 70.7644 65.6506 65.5684 63.4512 62.538 60.9733 60.3839 61.0131 58.0956 59.041 55.396 56.9758 56.1514 54.2516 55.0169 52.4814 52.409 51.7891 52.2232 51.022 50.3875 49.2365 49.0051 49.9322 52.1535 46.9381 49.2651 47.8441 46.0547 45.5418 46.0789 45.5589 44.3617 46.0969 45.8482 44.4531 44.9219 44.404 42.6262 41.5257 43.7202 42.2072 42.0014 43.4045 43.0498 43.7798 40.9278 41.0611 40.5397 42.9408 42.052 40.7694 40.226 39.3881 41.3855 38.0241 40.1174 37.9857 38.0454 38.7084 38.6474 36.4591 36.9024 35.7386 31.1393 31.2859 30.3783 27.782 26.7927 26.864 28.6899 30.2014 31.9174 32.3447 36.2478 33.3607 37.199 36.3402 36.9244 38.281 38.4069 38.657 39.8393 40.3983 40.9003 40.4136 41.3998 39.6446 42.4079 41.8578 42.8285 42.3775 42.1862 42.4924 40.3347 43.3807 43.6866 42.8535 44.1178 44.4526 41.3385 43.9584 46.2372 45.8218 44.9276 45.6285 46.7471 46.6359 45.4807 47.7252 47.4352 45.4598 47.5077 48.6631 49.0065 47.2648 48.6702 49.4982 50.4745 52.2561 51.682 53.2841 50.9023 51.4292 54.1154 57.1609 57.0617 57.436 58.9252 58.3244 61.0537 58.81 61.5191 63.1367 63.1543 66.1844 65.9975 70.6908 69.1845 71.5303 72.9468 78.4032 75.4211 80.524 86.9229 91.5559 93.457 99.9701 108.307 114.604 125.239 134.96 148.906 161.745
161.945 146.919 132.523 122.434 114.644 106.578 99.0694 93.3143 88.9537 84.8519 81.0238 78.5104 77.2355 75.9668 73.1364 71.4387 68.6343 66.232 65.0556 62.5814 62.5514 61.7855 60.6101 58.0905 58.7361 58.2784 56.5351 58.635 55.3248 56.8206 53.6158 54.0312 53.0354 51.4136 51.3032 49.3425 50.7113 51.4043 49.9928 48.669 49.6468 47.7193 48.9912 46.8324 48.3319 46.4682 47.7159 47.4334 43.9021 47.5479 45.0932 45.0552 45.6761 46.401 42.503 43.2193 44.1412 41.7937 43.5347 43.1526 42.8979 43.0093 42.4705 42.9061 42.8207 41.9312 42.9613 40.6214 39.5758 42.0769 40.9965 40.7077 39.5645 40.2824 37.2936 37.7285 37.8021 36.1427 36.5012 35.3868 34.0377 31.5286 29.6489 28.8066 27.7869 26.3756 26.8572 30.5477 31.874 32.6168 32.5398 35.0126 35.9219 38.9233 38.2815 38.619 41.6905 38.7536 40.139 42.0177 40.9467 38.1839 41.1466 40.4669 41.801 43.9097 41.1898 43.8558 43.839 42.4838 44.0672 42.0135 41.9051 42.6667 44.1261 43.4775 43.2855 44.8054 45.5223 45.0154 48.4933 46.6522 46.3915 48.4262 46.0281 47.3286 48.4075 47.2556 46.5486 47.5782 49.6402 51.2071 51.1848 51.5829 48.9016 49.405 52.4151 50.8893 53.9599 54.069 54.577 55.2831 54.6889 58.259 56.2893 57.8096 57.3203 60.0284 63.2113 63.6685 61.9455 65.8925 65.717 69.1741 70.1588 69.1203 71.4379 76.3957 80.7188 81.9076 85.7026 89.7142 92.8418 104.228 108.683 115.262 122.335 132.531 148.927 159.86
160.184 148.28 135.272 123.438 116.432 107.463 99.1325 93.569 88.497 84.1148 80.1358 79.7582 78.1234 73.7025 72.1515 69.5475 70.7546 66.7267 63.3973 63.9941 63.8734 61.1575 59.9394 58.1823 61.6427 58.5938 58.4828 56.2274 54.6304 55.6153 54.267 52.1538 54.145 53.2493 52.7693 49.7067 51.5195 50.3672 49.6132 51.6672 47.7372 49.7603 49.1838 47.8997 49.6301 46.9201 44.7203 46.5866 46.8818 45.1978 45.8401 44.8406 45.0639 45.383 45.6518 42.8805 44.1105 43.4865 44.1059 43.5028 43.5143 44.3637 43.3311 42.0366 40.8081 42.6171 40.7524 41.2446 41.5538 42.0763 39.5671 41.1446 39.8638 41.4724 40.4405 36.975 38.1098 39.1673 37.2656 34.906 34.4635 30.7508 29.4304 29.1939 26.9691 28.6879 28.4007 30.4885 32.5551 31.7244 35.7526 36.4478 38.0141 39.4178 37.5663 37.5211 38.495 39.463 40.3942 41.2424 39.3515 42.8092 41.9528 42.1356 42.382 42.1315 41.755 42.2266 42.2231 42.5959 43.5009 44.2457 44.6505 44.5977 45.9765 44.7805 46.9624 44.6003 44.4867 46.141 46.1495 47.2333 46.8645 49.1012 48.7799 48.3884 47.6379 48.3494 50.647 48.7182 49.6542 52.688 49.7817 49.8464 53.9447 53.1928 52.1463 54.7193 53.3677 56.1003 57.1353 53.9022 57.565 60.1067 58.5338 62.748 60.3521 59.4272 62.3364 60.8887 65.4017 65.5124 67.3996 67.232 69.2744 70.5622 74.4546 76.6785 79.0574 81.9077 85.7941 89.3161 92.1398 101.524 105.225 114.063 122.04 134.014 149.572 162.753
158.674 148.08 132.823 126.673 114.575 106.527 100.653 95.0257 89.8571 89.7616 81.1002 79.8408 75.0979 75.3569 71.8744 71.9276 68.3013 64.3799 65.3335 68.5702 62.5577 65.0837 59.6789 60.2169 60.1142 58.1076 57.8857 54.7727 56.5084 56.3412 53.7697 53.1188 53.9306 53.5179 51.4438 52.5569 52.1527 52.2192 50.9119 51.2146 48.2272 48.0622 49.0353 49.0409 48.3777 49.9137 46.9767 47.5466 46.4608 46.4582 45.6038 46.4228 44.3265 46.2457 47.1689 45.4779 45.6094 43.6079 43.54 44.938 42.8186 46.0174 42.6265 42.1481 43.9731 44.5729 42.3109 43.3042 40.4064 41.3746 40.6375 40.6274 42.0383 37.2799 40.254 38.4435 38.1642 37.1826 33.8713 32.0005 32.7333 30.5582 30.3766 28.5517 27.7485 26.964 28.467 28.8396 30.7059 32.0243 35.1816 35.7931 36.7165 37.5452 37.7968 38.5352 38.1968 39.6881 39.9837 39.665 42.3099 41.1246 40.7434 41.0068 42.5091 42.8004 42.609 43.7788 43.442 42.7948 44.7989 46.1898 46.0593 44.8502 45.9306 46.0846 46.4529 45.5398 46.9901 47.2342 46.6594 47.0185 48.2034 49.7391 48.5526 47.4483 48.5498 49.7942 50.7698 49.5574 49.6611 48.8038 51.3737 52.5442 52.3083 53.5722 54.3218 52.1437 54.0581 55.2133 55.9103 57.761 55.524 57.9091 58.2906 60.0291 58.3067 59.2199 63.0584 63.8114 68.279 67.748 66.1087 67.7586 69.2287 73.4621 73.1445 75.9037 82.5272 81.1356 85.1136 93.2954 95.1072 100.024 106.634 113.262 121.815 135.299 146.086 160.333
159.044 146.688 135.845 124.472 113.897 106.8 98.9944 93.7727 90.4228 85.4444 83.9502 79.4153 76.0163 72.0767 72.1976 70.783 68.4955 67.7822 67.862 64.1353 63.5161 62.3585 61.5609 61.6541 59.4927 59.5151 58.3032 57.2673 57.9186 55.4113 53.9696 54.5031 52.6713 53.314 53.5311 52.8474 50.2863 51.6905 51.7135 51.8322 50.7318 50.7679 48.8853 48.8021 48.2024 49.9295 45.2547 46.1221 47.6249 49.2395 46.7199 47.1411 47.1971 47.6889 45.0665 47.3109 46.2666 44.0175 44.7597 42.5777 46.4443 44.9899 44.2844 44.101 43.6333 41.013 43.9914 43.5059 43.2148 40.9803 42.931 39.8013 40.8859 38.8781 41.3611 39.5699 40.0424 35.4081 35.4301 35.1764 33.7929 32.1845 29.614 28.6114 28.4875 27.9404 28.3498 31.4196 31.4399 35.3577 35.3839 36.2571 40.6008 37.6419 41.7879 42.1089 39.7224 40.5501 43.5033 42.2891 41.989 40.9993 45.3393 43.4339 44.5323 45.412 42.2136 44.2939 43.2859 43.531 46.3038 43.6219 46.6388 44.0983 44.9442 46.3006 48.0881 46.9417 47.7745 46.7399 46.041 46.4313 47.3732 48.8085 48.2095 48.1963 49.3821 48.9043 48.385 49.7775 48.7148 51.6829 51.7021 52.2724 52.5413 53.305 52.5762 54.6059 54.6915 55.8664 57.6586 57.3238 56.3891 59.3494 56.4531 59.3735 61.6667 63.0707 64.0647 65.6216 64.5935 66.1105 66.8021 70.2693 71.0107 71.0809 75.589 77.9186 79.2045 81.4912 89.2618 91.1427 96.4068 100.173 107.555 113.714 123.899 132.484 146.583 160.625
159.701 146.763 134.291 125.164 114.182 107.549 100.129 93.2717 88.8441 86.6479 80.9347 81.7685 78.1715 77.4209 72.4992 73.5868 72.319 69.7655 67.5312 63.8345 65.564 61.0093 62.0802 60.3383 57.1041 60.1802 58.2508 57.1658 56.9472 53.3901 54.2682 53.8969 55.3559 52.9519 51.7216 52.4055 51.121 51.6305 49.9245 50.1268 49.3292 47.6576 49.531 49.4336 48.9789 47.5661 49.5474 48.7115 48.2563 48.0863 47.3422 46.6948 47.0015 46.2725 45.4665 44.9336 44.7686 46.8825 44.5877 46.3326 45.7846 44.4947 44.945 45.4343 44.0726 42.1965 43.7104 42.911 43.0319 42.5389 42.3931 42.1634 41.5699 41.7402 39.6242 40.9685 38.3352 38.4311 36.1053 35.3755 34.9458 31.7306 30.0821 29.2472 27.409 27.8818 29.1898 29.7559 33.1078 31.739 37.1555 37.0398 37.1437 38.0304 39.6371 39.8751 41.0656 40.195 41.7458 42.7503 41.2069 42.5623 44.4424 42.9939 42.0036 44.8559 45.0791 44.0519 45.211 44.2394 43.4056 44.8029 47.2696 45.5809 44.843 46.3996 46.3801 46.3245 45.9203 48.0712 46.9726 49.1086 47.8832 48.0318 46.2997 48.7753 48.7671 48.1594 52.1177 53.4103 51.5863 51.4355 52.7605 51.8996 52.6789 54.48 53.8622 52.5893 54.882 55.8502 55.3144 57.7581 56.8227 59.2766 58.7386 60.0489 61.9992 62.2419 64.6323 63.0141 67.5687 65.1792 68.1123 71.3316 72.0121 70.3962 73.4771 77.2222 82.2619 84.3318 85.6408 90.8596 95.9735 99.1409 107.995 114.94 122.307 136.614 146.433 161.018
160.795 147.539 135.167 127.692 115.257 109.355 102.771 97.7564 93.4599 87.1794 87.1016 80.3454 77.2855 75.995 73.7354 70.4356 71.6423 69.9076 67.4279 67.7397 64.6239 64.5836 63.336 60.2343 62.003 59.6917 58.5672 58.5567 58.986 55.9829 55.948 54.819 54.2478 56.0526 53.0073 51.5598 51.7196 51.24 50.2932 53.3485 51.3741 52.3276 50.239 47.2302 49.3756 47.5462 49.5122 49.0196 48.5021 48.5052 47.2378 48.0599 46.568 45.5311 46.4271 44.9633 45.0453 47.0826 47.1013 44.8655 45.4365 46.6455 42.3822 45.2588 44.1239 45.4255 43.7318 44.9045 45.3566 44.5379 43.0319 42.3645 41.6502 40.8812 40.0235 41.2219 38.41 38.7474 36.5963 35.1326 34.5718 33.8558 31.6874 29.9834 28.9831 29.3477 29.084 29.6854 32.2978 34.88 36.6831 36.6983 41.0721 41.5422 40.6838 40.9713 41.0737 43.692 41.5939 43.0447 44.3332 43.5474 43.321 44.8417 42.9185 44.3438 45.1844 45.2641 45.8864 44.5043 46.1026 45.2054 47.4372 46.8626 47.8615 45.8154 47.2728 46.9546 48.1638 47.7064 48.6539 47.7024 48.4183 48.5682 50.9038 49.367 49.5104 50.3876 50.0482 51.7034 51.7878 51.2959 52.2896 51.6947 51.6619 53.574 52.616 56.3547 53.9931 54.5299 56.4367 57.2789 58.3759 60.3733 61.3824 59.2237 61.9751 63.9635 64.6395 65.7127 65.6166 65.3933 68.8866 70.8073 72.4833 74.6324 77.3377 78.5429 83.9189 85.1745 88.3405 92.3092 93.718 100.282 107.886 116.596 121.53 135.438 147.417 156.944
158.843 144.244 134.484 121.679 112.586 107.572 100.587 93.6845 94.5233 87.1567 85.0284 83.5644 78.6118 75.6023 74.8629 69.6695 74.0031 68.5217 68.5572 67.0069 64.5833 64.8293 65.0016 62.4 62.1602 62.3069 60.6189 59.1591 59.1103 58.0969 56.7811 55.698 56.2828 54.9932 53.5189 52.3847 53.6107 52.1234 50.3577 50.5889 50.0575 49.6069 50.9559 50.3253 50.5601 48.7688 49.5865 46.3897 47.5281 48.1348 46.029 48.9085 49.0179 48.3017 46.0651 46.5504 46.7188 46.4001 47.4891 47.7859 44.342 46.8721 45.4458 45.0693 46.4114 46.1386 45.2359 45.4172 44.5276 43.4538 43.2135 44.7565 44.7202 44.034 42.4058 43.1112 41.9087 37.6235 38.8359 36.1611 37.5438 33.3929 30.6431 27.6571 29.1717 28.3479 29.7266 31.9867 33.4737 35.5157 36.5405 37.5473 42.187 40.5902 41.3014 42.0379 43.7458 43.1005 41.8287 45.7817 43.9803 45.0081 44.3821 45.1722 43.9255 44.3577 45.4045 46.1313 45.7356 45.585 46.2909 45.5577 45.2366 46.7222 45.9322 47.9779 47.0942 47.4465 46.275 48.4727 48.3746 48.545 48.9379 49.0441 49.594 48.864 49.3791 49.6753 50.1333 52.4493 51.2067 54.715 53.2148 52.2737 52.0003 54.7865 52.4232 55.0154 56.6246 56.7488 58.4479 62.2315 59.4394 60.9136 60.7008 62.6329 63.326 64.2342 63.8994 65.2878 67.4158 66.3394 69.8965 72.1117 75.7527 76.2897 76.2923 78.23 81.1137 85.8587 89.029 93.1985 95.1868 101.061 108.43 116.909 121.94 135.033 145.195 160.525
162.33 146.43 133.664 124.112 114.387 109.986 101.703 96.4201 93.9145 87.9094 85.2005 82.2796 77.9937 78.066 75.1996 73.202 72.1565 70.0443 69.025 67.3549 66.3325 63.0811 62.982 62.3041 62.0064 61.0427 58.8125 59.128 56.8297 56.1341 56.1146 55.9177 54.7034 54.9209 52.4779 54.3773 53.0197 52.6126 52.138 51.9638 52.229 53.1284 49.2274 50.8195 48.8219 50.8331 48.5997 49.875 48.6143 50.0376 46.0487 48.663 48.97 48 47.1681 46.6364 46.6131 46.0457 47.9573 45.542 47.2473 46.4098 47.0919 47.3166 46.9645 44.4047 45.4393 46.7815 46.4781 44.9015 45.2701 45.9723 43.1292 43.5943 41.3917 42.3366 44.4362 41.8015 40.3834 37.4922 37.8454 35.5095 31.0004 30.5701 29.2302 30.0751 29.8949 31.1287 34.9768 35.6966 38.0113 41.98 41.8211 41.1283 43.2001 42.447 43.8205 44.7455 44.2276 46.644 48.1373 45.6609 45.5311 44.0091 45.8933 46.5614 45.3214 45.0809 46.548 47.228 47.0336 46.9583 46.4494 47.7592 47.4019 46.6722 46.2113 46.1045 48.0575 47.57 46.7314 48.3186 49.0291 48.5807 49.6306 49.0386 49.6617 50.5961 50.8245 52.6069 52.7918 52.2914 54.3612 51.5706 53.9398 53.9517 54.6608 55.2518 56.0814 56.063 57.1388 59.3042 61.4864 62.1294 64.6437 62.0254 62.4106 63.3834 67.7981 65.5712 68.8551 70.1674 71.3943 72.5677 75.4905 76.4067 78.6657 78.9431 82.1432 86.6281 88.4067 92.1257 96.612 101.23 108.212 117.513 122.364 134.13 145.241 156.481
157.041 145.697 134.475 124.438 114.712 108.976 100.899 97.0889 89.9553 86.9694 85.4283 83.7773 80.4627 82.2258 75.734 74.4528 73.6597 71.1004 67.6608 68.8666 68.629 67.8895 63.6004 63.6722 64.801 61.2239 60.0385 61.7168 58.2744 61.0456 58.1756 54.6646 59.1419 52.6796 53.6419 54.6105 54.8591 52.9512 54.7671 52.5379 51.1448 50.1744 51.0874 49.6039 49.7505 50.4403 50.4579 51.5372 49.4788 49.9939 50.2733 50.1984 48.2635 48.3327 46.2493 48.4669 47.4022 47.6319 47.6889 47.3913 47.7045 45.9624 49.0497 46.458 48.1065 46.915 47.9482 47.3439 45.9282 46.0831 45.2078 45.7882 44.557 44.18 45.3009 44.5354 46.1618 43.4283 41.263 39.5131 38.8801 36.9692 33.1655 30.8136 31.188 29.1976 30.3481 32.1357 35.9193 39.0249 38.8733 41.9938 42.0153 43.6461 41.3083 45.2863 46.253 46.84 46.7808 44.1914 47.6056 48.4192 47.1678 47.7144 46.619 46.9607 46.6016 47.1131 49.438 45.7918 47.2472 45.5657 47.2744 48.8362 48.1748 48.5603 49.9831 48.6178 48.7905 48.0141 48.4617 49.7315 49.0371 50.9654 49.5028 50.208 51.0637 50.8233 51.1507 51.6271 51.6482 53.6902 52.425 54.1081 55.4202 57.2424 58.0616 58.6098 56.6046 55.4681 59.3436 60.6025 60.7089 61.4513 61.0501 63.5457 64.8785 65.7994 63.9411 65.69 69.7241 70.1072 71.088 70.9983 76.0802 77.3106 78.7568 80.677 82.3011 88.3769 90.1796 94.1445 100.269 101.354 108.609 111.507 123.78 135.155 144.421 159.894
158.845 145.388 133.563 124.071 115.372 106.614 101.6 97.0355 92.6514 86.0706 88.4825 86.7072 79.9351 74.7315 77.2167 73.7244 73.6316 72.8681 69.4239 66.5188 68.3969 65.7119 66.3684 64.5716 62.2826 63.9214 61.7061 62.5282 59.7671 60.3228 57.821 57.629 57.1061 56.0257 54.3846 54.1238 54.1683 53.7264 53.4133 50.0431 51.443 53.8779 51.2477 50.589 49.543 50.2152 50.3473 48.1431 48.917 48.7784 48.5482 50.1286 48.5684 48.7092 50.2865 49.0762 47.0284 46.7228 47.6496 49.2011 47.4674 47.1556 49.1705 48.7942 48.5897 45.8194 49.0906 47.7432 46.1242 46.1223 47.6682 47.5967 50.4219 45.4027 45.9341 44.5178 45.2248 43.5615 42.6318 39.9964 36.2552 36.6823 34.6315 31.8491 30.0173 29.9192 30.6617 33.3456 36.0176 37.6046 39.4327 42.942 44.2251 44.4945 44.2188 47.6124 45.9488 46.1648 45.9055 47.6027 47.3412 46.0857 49.1654 45.5377 46.8642 48.5835 48.2731 47.3377 49.3833 48.2182 49.3579 47.566 49.5666 47.9887 47.0375 50.7829 47.8988 49.1044 49.5233 50.9768 48.321 50.1238 49.4428 50.9401 50.0494 49.6462 51.9109 52.2524 53.5972 52.3055 55.2543 53.2862 52.7834 54.5279 56.9462 56.3865 54.7473 56.5362 57.9175 62.0665 59.3666 61.6812 60.361 62.1278 65.2882 63.6556 63.6393 65.9735 64.8141 67.7323 69.5149 72.2913 69.6558 74.2736 74.1488 77.2764 76.7671 82.8381 83.6276 84.1138 88.6423 92.3467 95.4569 100.548 109.38 116.489 125.041 132.684 144.282 157.713
157.411 145.408 129.565 120.418 111.804 107.501 105.579 96.9509 91.9368 90.5695 84.3196 85.0014 84.1713 79.6532 78.2817 73.9442 71.9059 73.9994 69.2265 69.7126 67.6577 68.2071 67.1955 64.0894 63.9187 62.9532 62.5876 62.3117 61.8706 60.2617 62.1638 58.1545 57.175 57.4352 57.1465 56.3755 54.1232 54.8498 55.8654 55.4743 52.3499 51.4123 48.7253 48.8691 51.0845 51.5591 51.6423 49.1349 50.8739 48.2974 48.9741 49.1912 49.4617 48.9584 49.2425 49.3799 49.1256 49.392 49.0337 47.3112 47.6161 50.9033 49.1012 48.397 49.5268 48.5378 50.5845 47.1832 50.2174 48.4795 49.0398 49.9147 47.393 45.7657 47.1207 47.3488 44.9192 45.6222 44.0822 41.7921 39.8479 37.1443 33.8101 32.2159 30.5123 30.2703 31.4872 33.7011 36.2259 39.3031 42.6507 41.7417 44.3473 45.5332 45.6638 48.0424 47.5956 48.6407 48.7431 46.1881 49.1745 47.4805 45.658 49.3906 47.2609 48.361 47.7565 47.0053 48.1896 49.0325 47.8055 47.5123 46.9706 48.1083 47.2841 49.1925 46.9294 52.1045 50.8912 50.3327 52.4768 48.8937 50.0221 51.6846 48.9339 50.9685 53.9792 50.5504 52.1069 52.7938 55.5207 54.6773 53.2948 56.154 56.7872 57.7409 56.9637 56.8498 59.5662 58.7401 59.9362 58.6181 63.5371 60.2901 61.9361 65.2172 63.8321 63.5729 68.1718 71.0268 67.905 69.8491 72.5724 74.9432 74.6126 78.3665 77.7769 79.0318 84.5732 86.9289 90.876 91.283 94.7332 101.876 106.385 112.556 122.645 133.672 146.532 159.715
159.77 143.918 132.583 120.888 115.572 107.538 100.458 98.5628 94.4057 88.0037 84.9233 83.7421 81.1581 79.5343 76.2376 73.9973 72.5915 75.0473 72.0452 69.3524 67.9564 68.9502 67.8689 64.3624 64.4516 63.9483 61.5471 62.6484 62.254 58.4624 58.6702 58.6314 56.9553 57.7091 56.5304 55.4321 56.8337 54.8393 54.7961 56.2765 52.6176 52.1063 53.5188 54.5956 53.6815 51.0249 51.1255 52.7801 50.3742 50.7626 47.9534 51.2308 49.8959 48.0404 49.6255 50.6033 49.5181 51.667 49.4173 49.0661 48.2104 48.557 49.2803 49.4573 48.7059 48.3804 48.3963 47.2385 52.2252 48.4999 49.0485 47.1276 48.4885 47.9431 48.2905 48.7901 48.1819 46.1243 44.2504 41.5933 39.7284 36.5027 33.1382 31.785 31.0534 31.9875 33.4105 31.7572 39.1306 41.2318 41.443 45.6472 45.3059 46.3773 48.7894 46.7557 47.4446 46.9543 48.6697 49.2976 46.2817 49.8325 48.7727 48.4854 49.6292 48.6012 48.2597 48.4732 48.5853 50.1962 49.067 48.9188 47.5589 49.4036 50.262 49.4896 49.6547 51.515 48.7968 49.6789 50.9814 50.9975 51.0478 49.4616 51.9481 53.4689 52.3599 52.198 53.103 53.3576 53.95 53.2864 56.4608 56.1374 57.0145 57.6576 56.8766 57.7903 60.3247 58.1604 59.5618 61.7483 61.8146 64.4933 64.6109 65.6038 64.1502 66.7714 67.0471 68.151 70.6456 69.7194 71.9204 72.8436 76.9144 77.3548 77.9036 80.914 81.8533 84.8313 89.2054 94.215 94.6945 102.234 105.399 112.237 122.367 131.765 145.895 158.636
157.944 145.379 135.309 121.01 114.738 107.555 97.0083 98.1192 90.776 88.7699 86.56 83.7305 80.9608 77.9644 74.9445 76.0327 70.3546 73.1889 72.373 71.974 69.5793 65.4688 68.1292 66.1899 64.8808 64.6739 63.4772 60.0124 63.0154 60.7832 60.6903 58.0142 58.3852 57.3049 56.4737 56.5721 55.8693 57.587 55.5987 55.5067 54.4475 52.7224 52.5891 52.9917 52.5197 50.9356 51.5559 50.7882 51.5688 52.5191 51.8006 51.2223 51.79 49.3497 51.6269 50.027 50.4184 48.9739 49.0877 49.7171 50.7221 50.246 47.5461 49.5391 51.1195 49.1223 48.2494 49.551 48.0015 49.3094 51.0943 49.7164 48.9944 49.6292 46.5212 47.0303 47.5464 47.5275 44.3171 40.8939 41.4245 39.7042 33.6761 31.9368 30.7124 31.72 30.6715 34.1251 37.9182 41.5418 43.1438 44.8372 47.2051 46.9781 49.3241 49.4068 47.4142 46.7162 48.3349 48.184 49.2518 48.8543 48.3168 49.659 51.1427 47.4696 48.5214 50.0907 48.149 49.2512 49.9977 49.3716 50.9383 47.3445 48.9762 51.7537 51.4143 49.855 50.0601 49.9734 52.7848 51.3218 51.5644 52.325 53.14 51.8283 53.6497 52.3597 52.7146 53.2844 56.5581 54.2593 57.4079 55.5134 58.1183 58.7934 59.3957 58.5516 58.4473 60.1973 63.4136 60.3107 62.4002 65.9134 63.4558 64.9423 67.7476 66.9924 65.3461 67.2554 68.9507 72.6469 73.6956 71.8706 73.4313 78.1869 79.1196 79.2763 85.593 85.1168 90.5182 93.6473 100.706 101.068 107.023 114.374 122.521 131.68 144.358 160.567
156.684 144.041 131.382 117.618 113.509 107.877 100.704 91.1934 91.0614 89.9921 86.5251 84.4127 80.4462 75.909 77.1446 73.3222 74.73 72.9218 70.8902 68.8488 65.8685 69.8959 66.0718 67.0687 65.2129 62.5642 59.9252 62.6018 60.219 59.0469 58.6151 59.5253 58.8936 57.729 58.6009 54.8437 57.5363 54.5554 56.2862 56.8301 54.1394 52.5579 53.8899 52.2114 53.1431 53.0488 52.9661 53.1202 49.6234 51.0547 52.1626 51.1794 51.0773 50.8749 50.8211 51.0099 50.3771 51.4285 50.2764 51.3669 50.7635 49.0176 48.5755 50.0452 49.6598 50.8186 49.9531 47.2001 47.1709 50.3352 49.509 48.1457 48.7967 47.8745 48.6392 49.8957 47.3549 46.5576 44.715 41.5199 41.1812 38.9127 32.8005 32.0353 30.9821 30.7429 30.602 33.2272 37.0398 39.2282 42.4991 47.4907 45.3211 47.8789 48.8314 49.5886 48.1101 47.8244 48.5811 49.8058 46.2787 47.5767 48.7877 49.6134 48.2381 48.7322 50.6479 49.3776 51.3284 51.2198 50.9704 48.4437 49.3414 50.5871 50.5491 50.9672 49.1381 49.3322 51.2078 51.5017 50.8843 50.2591 52.3681 52.908 51.9789 52.981 54.2596 51.7967 54.0838 56.4755 54.9734 55.3205 54.8929 56.0648 54.7026 58.0496 55.9805 58.6816 59.7096 57.7272 60.4588 63.0585 62.3139 63.2244 61.4763 66.7687 64.8529 66.9531 66.7895 67.9595 69.1027 69.6007 70.7398 76 75.583 74.2477 79.7081 81.2152 80.6502 83.2937 89.4078 92.0312 98.0613 100.073 106.85 115.742 122.218 133.531 145.051 156.626
157.943 142.439 132.497 124.226 112.173 105.62 100.623 94.1648 89.5297 90.3834 86.1462 82.2653 81.2498 77.6615 74.6783 73.7217 72.6707 71.6152 69.9065 69.5993 67.7626 66.3123 65.4978 66.06 63.7916 63.3337 64.1537 64.6829 59.5822 60.1261 61.2435 59.0066 57.0124 58.8533 58.4835 56.4791 55.6646 54.8436 56.4055 54.6635 54.6474 52.6421 54.1226 54.6522 51.8011 52.4534 53.1164 52.4165 52.5094 50.8134 53.1473 49.7235 50.9947 53.2387 50.2987 52.2224 50.1035 50.7406 50.0569 48.7894 49.3914 49.4367 49.1831 47.8295 48.804 51.1556 49.8621 49.0822 51.0487 49.4436 49.9247 48.9173 48.245 50.0905 45.9249 47.261 49.2163 45.5285 44.9017 44.7162 40.1062 37.5439 33.9825 32.6285 31.5037 30.3754 31.2637 34.01 37.29 38.8613 43.7801 45.3486 45.4098 46.9281 45.6126 49.3639 48.4107 48.6541 47.7445 49.5239 50.0813 50.0541 48.5666 51.46 48.292 48.9428 50.6672 49.8637 47.1332 51.2624 50.0557 50.7313 51.6699 51.5048 51.9666 51.8091 51.2746 51.1018 52.9929 50.696 51.694 51.1679 52.6282 50.5484 51.9935 53.6882 50.9738 56.2468 55.5412 54.0562 56.4117 55.3271 53.0269 57.0136 56.6512 55.5452 56.8081 58.4728 58.4671 59.6365 60.7571 59.1367 61.083 61.7811 62.7835 62.2755 63.6075 65.8219 66.318 68.0375 68.8458 72.6978 72.3731 74.22 73.3189 76.9025 80.0785 79.5959 84.6984 85.3487 86.7681 93.8118 93.467 100.724 106.642 114.664 118.936 132.735 144.686 156.585
158.207 147.446 129.811 122.092 114.277 106.823 99.5094 95.8905 94.11 87.5263 82.7839 82.1231 79.7984 78.2404 77.1391 75.949 72.5469 70.2418 69.0061 68.5213 68.8373 65.03 65.4372 61.9999 61.6769 61.6515 60.422 60.0058 62.5601 59.9923 59.3856 57.8987 56.5382 58.7783 56.8193 56.9619 56.078 53.1272 56.4378 53.6385 56.086 54.2986 52.6921 54.273 53.979 52.2942 54.1057 51.7616 52.9021 52.8415 52.6863 50.48 53.2634 52.2596 50.5959 52.7653 52.2077 49.9879 49.2472 52.4241 50.0356 49.7886 51.9883 50.3145 49.4167 49.8444 49.7701 49.8564 50.8292 49.2948 48.1427 50.1839 48.7949 48.3064 47.1484 48.1702 47.502 48.2218 44.023 42.5742 38.3145 36.9959 34.8601 30.71 31.0405 31.0574 31.6985 34.4359 36.4219 40.4429 40.4576 41.2424 46.06 43.7739 46.8561 49.0107 49.433 49.082 49.4288 48.7863 48.4079 47.9865 51.3559 50.0724 49.9411 49.0495 51.9966 50.408 49.475 51.6467 50.11 51.2735 49.7938 50.0839 50.357 51.8416 51.7922 51.7015 50.2639 52.6809 53.2341 51.3231 53.5943 54.0296 50.9083 54.1077 54.6901 54.4386 52.485 51.7471 54.3192 55.4827 53.9712 55.22 56.6916 56.669 60.467 57.2069 58.421 57.787 58.8704 61.9282 59.1443 62.0339 60.2402 63.8555 66.5155 65.3482 67.4723 67.7596 71.3808 67.816 71.2637 72.5091 75.2699 77.4336 77.1017 80.0746 81.9024 84.5269 88.706 90.1165 93.5357 95.6293 108.392 110.912 121.906 130.217 141.945 158.151
159.173 141.256 133.212 120.228 111.777 106.137 101.926 94.955 92.3916 88.6505 83.912 81.8191 79.9719 79.374 74.4122 74.1762 72.4681 72.095 69.962 67.8578 64.3585 66.2063 64.2103 63.2662 60.7931 62.4684 58.8972 60.0739 61.3125 60.1511 57.9546 56.8461 57.7044 56.3866 57.3554 56.6597 56.4527 54.8597 54.908 52.8325 52.9372 53.2518 52.1587 53.5938 50.9139 52.8386 53.8934 50.8753 51.2674 52.9637 50.2634 52.4285 51.2591 50.8996 52.0271 52.1838 51.5449 50.7328 51.6503 51.9901 51.9497 52.0141 52.5553 50.0478 50.491 49.5824 49.8779 48.2291 49.391 50.7179 49.0534 47.6328 48.1461 48.7732 46.793 46.011 45.3326 44.8109 43.4007 41.3783 41.2327 36.1838 34.6382 30.561 30.553 29.8264 31.6905 34.7576 37.9169 37.5934 42.7787 43.2126 46.9749 46.0404 47.4782 48.0019 48.7202 47.8087 48.6212 46.5858 48.4723 51.2474 49.1333 51.2092 50.1638 52.3431 49.4533 48.3464 51.0491 51.0108 52.1842 51.9937 51.821 49.2822 51.5265 49.5297 49.8975 52.4082 52.2007 51.6027 51.4345 52.37 51.8448 51.829 52.3956 53.0045 53.9114 54.056 54.5141 55.5705 55.0488 54.1991 55.4087 52.6104 55.7875 56.1133 57.8562 56.2495 57.2832 58.2495 58.2492 59.8998 60.0126 60.2755 63.0317 63.5965 62.3701 64.2648 66.6775 67.8646 69.1174 68.5532 69.4966 71.6007 74.0443 74.1799 78.4642 80.3211 83.8451 84.8834 87.7473 90.3219 95.8137 101.231 103.131 113.278 120.836 130.568 144.459 158.344
156.014 145.814 132.144 120.61 113.112 104.095 101.474 94.9009 89.6069 85.2256 85.0741 77.1737 80.5131 79.9278 73.6139 73.3006 71.0577 70.9404 69.5733 68.4441 66.8659 64.8687 64.4699 63.5994 62.2572 62.1889 60.3867 59.9761 56.9938 57.0055 57.8869 55.8179 59.2245 54.5561 53.8771 54.0188 55.4952 53.3385 52.4247 54.6351 53.4055 52.2475 51.8061 53.0354 52.9606 52.3233 55.2456 51.2884 52.2891 52.0844 50.5297 50.2143 52.27 50.6009 51.3767 52.9468 51.7097 50.6759 50.1725 51.0426 50.691 51.0483 50.0078 52.1958 51 50.2609 49.0037 51.9699 49.8431 49.014 50.2747 47.6847 47.5908 46.544 47.1456 46.2199 44.733 43.7524 43.2345 41.6826 37.2055 35.3949 32.465 31.7534 30.2095 29.2525 31.7158 33.7412 35.405 39.9133 40.5156 42.9412 44.3381 45.193 44.7724 47.5565 46.5403 47.0817 49.9716 47.674 50.5885 49.8918 51.061 49.7557 50.0713 50.9654 50.6633 49.6332 51.3842 50.2594 52.0529 53.3197 53.0673 52.72 53.0108 52.5237 50.6803 51.6169 51.9966 52.3057 50.8543 54.456 51.3258 51.7921 54.2969 53.7374 53.5012 53.1913 52.7012 55.1662 53.3891 52.6083 51.4838 54.8617 56.3741 55.242 55.9465 57.9456 55.8328 57.8802 59.2135 59.6835 61.9723 61.4576 63.2472 62.2158 62.1253 64.5727 62.4135 66.3017 65.3879 68.9727 72.365 70.7489 73.2059 75.9722 80.8196 77.955 82.4096 84.5435 84.6228 89.9146 93.5053 99.8581 105.061 115.252 120.5 131.529 142.497 156.698
156.301 141.157 130.892 120.86 111.324 109.487 97.285 95.0892 93.7415 86.3902 81.3187 79.0911 80.0404 75.8973 75.7948 72.8445 69.3565 66.6941 67.3183 67.9272 65.3885 64.2176 63.632 61.0259 62.9415 61.638 59.6564 61.3745 57.9547 58.8689 57.2729 57.1313 56.5033 57.2258 54.4145 52.9123 55.2382 54.5505 54.2589 53.7981 55.6289 55.8397 52.4289 53.1022 50.3708 52.8265 52.8064 53.1481 52.5414 51.4473 50.838 53.959 51.8415 51.903 51.1252 50.984 54.2784 51.7951 53.7208 50.1795 50.9365 51.6872 53.0301 52.2866 52.7274 48.5534 51.4176 50.8345 48.5864 50.7298 49.0784 47.9008 48.4631 46.1745 47.1711 43.5968 44.056 44.4947 43.8337 42.2389 39.1457 34.8101 31.9107 31.0333 29.6153 28.9997 30.3682 33.4472 35.7173 38.9939 40.1226 42.331 43.6502 43.8817 44.368 47.8707 48.9813 48.0959 49.112 49.688 49.1798 52.1019 49.08 49.6406 49.3064 48.9492 52.5083 49.2272 51.0812 54.0056 52.4321 51.5898 51.1507 52.8266 53.6378 50.4683 54.0781 51.2738 54.0127 52.2344 53.5313 50.3021 52.9548 51.7735 51.6732 52.9372 52.6778 53.0748 51.715 52.4395 52.9739 53.1108 53.6982 54.4601 56.1625 55.0226 55.7091 55.0377 56.9957 55.8786 58.0149 59.1787 59.8738 60.4515 62.113 62.0436 61.2277 62.7688 65.913 67.5681 67.6672 69.1058 70.0084 69.2955 74.6074 74.7311 76.9245 78.2374 80.7937 84.0564 90.4754 91.7702 93.7013 99.2092 104.962 112.396 120.325 130.992 143.945 157.074
157.467 145.384 126.188 121.015 109.18 104.497 99.4334 94.6298 89.3472 90.6042 83.5213 79.0893 79.9936 76.1447 72.5907 71.1523 70.153 71.6003 66.7778 68.379 63.3794 63.2399 62.034 61.0228 59.729 60.4326 57.6829 58.6499 58.5697 56.0855 56.895 55.3175 53.4808 53.4016 55.4704 53.7058 53.9675 52.0411 51.0137 51.3085 51.9992 53.326 52.79 51.8981 51.6147 51.4989 52.7662 52.4538 51.9845 51.9482 51.9066 51.5751 51.5558 53.3876 51.5799 50.5489 52.4671 52.5575 52.8165 52.8479 51.0463 52.3304 51.2198 50.7937 50.9477 50.2686 50.977 49.4488 50.2385 48.644 47.9219 48.722 48.223 44.7238 46.8079 45.1051 45.3325 45.0525 43.5565 41.5637 37.954 35.2687 33.2863 31.6646 28.7438 30.3105 30.5672 33.4712 35.7464 40.3741 39.1327 43.7519 43.1409 44.8373 45.4572 44.8255 47.6373 49.3884 46.3376 49.019 49.4232 48.1326 51.5542 50.2434 50.7702 50.8463 53.6054 52.0367 49.6841 52.7775 51.4863 52.631 51.9804 52.074 53.7729 50.8088 52.0312 50.7987 51.3959 52.378 51.275 50.8008 53.2942 52.458 53.4452 51.2703 52.4197 51.0546 51.9227 54.9065 53.7501 54.0727 54.4199 53.526 54.9722 54.2379 54.444 54.3406 55.2206 57.815 57.4461 57.6499 57.3277 59.6096 60.0013 61.5563 61.2482 59.4505 65.1135 63.4811 68.8202 67.7164 69.6496 71.6542 75.3858 75.5037 77.642 75.7944 81.2494 79.7479 85.0123 89.4054 91.8628 96.5046 103.976 111.433 119.198 132.832 140.855 157.017
159.017 144.821 130.63 119.977 111.866 105.983 97.2403 93.6342 91.416 87.1839 83.2726 79.7204 75.9973 75.6086 74.7029 72.2496 69.6838 68.7148 68.705 67.2167 64.7105 62.5702 62.6934 58.333 60.4291 59.982 59.5533 56.4583 59.1818 56.0801 57.5013 55.6469 56.431 57.5085 53.6804 54.3498 53.4748 53.3546 53.0822 52.4949 52.7874 52.1992 52.4495 52.7356 52.8022 51.5348 52.1726 51.3037 52.1281 53.1117 52.0715 54.419 51.7577 51.2212 51.3257 52.4946 52.1715 51.2533 50.9122 51.4858 50.3517 52.3116 50.9409 51.017 51.4571 52.3891 52.9693 51.5673 49.0208 49.0644 48.6475 48.1828 49.8159 47.7501 43.6213 45.7408 42.3057 43.4516 42.6734 40.9603 36.5973 35.4303 33.5341 30.8882 29.6992 29.0624 29.0068 33.7537 36.178 40.2221 40.5903 39.3079 44.077 44.6639 45.714 46.8057 45.3782 47.2308 50.5988 47.054 49.891 48.3885 47.6734 49.4113 51.6628 51.4747 51.2459 52.3622 53.7271 51.7944 52.6481 51.7496 53.5754 54.344 51.9957 52.7208 52.5025 52.6883 51.9199 52.2932 51.3662 53.5243 52.5306 51.1805 51.4789 52.111 52.3872 51.9486 53.0345 52.8219 51.7469 54.337 53.5186 52.9032 53.853 55.2752 55.0065 54.6153 54.6877 56.1224 55.9875 54.7577 56.8368 56.9478 57.9707 59.0507 62.9168 61.1701 64.3931 66.3527 64.6497 67.7683 67.9444 69.0319 71.302 73.4097 74.4463 76.5044 81.7579 83.4076 85.6715 87.8752 92.1028 96.5088 106.236 110.278 121.147 127.773 144.365 155.791
157.675 139.413 132.469 118.938 111.543 104.382 98.522 90.7193 88.6526 82.2381 82.6912 81.5296 74.7218 75.0293 70.7065 71.1011 69.5491 68.3001 67.0427 63.0024 65.627 62.5924 60.3079 62.3495 59.3384 61.3171 55.5063 58.2333 54.8095 58.6692 55.2003 53.7565 53.9252 54.2121 55.2002 54.9121 52.9391 53.6451 51.7932 50.5726 51.157 51.1574 52.4581 53.0423 54.6237 54.096 52.1078 51.4519 53.208 51.8134 53.2936 53.3483 53.1088 52.782 52.2392 52.185 52.6766 51.5312 53.2959 53.6782 53.4314 50.8695 51.0126 51.5923 50.9223 51.5512 50.1976 50.6995 49.3289 48.569 49.0059 47.0232 48.4856 46.7468 46.3416 43.6594 43.9022 44.3487 41.2465 39.9343 38.5731 35.0302 32.3565 31.604 29.7096 28.3524 29.648 32.9112 35.3285 37.9602 41.3953 42.3819 45.2987 43.5906 44.0599 46.3267 44.9826 47.4646 47.5753 50.5057 47.8867 49.4098 48.7977 51.0917 51.9455 51.6922 52.4547 51.3719 51.2696 53.2878 51.8744 49.87 51.5231 49.6713 51.8209 51.175 54.6249 51.9361 52.5138 53.5233 53.3666 50.598 52.8074 53.2408 51.5862 51.686 52.5047 49.8808 51.3108 52.1723 51.7474 53.2073 52.1365 54.5986 52.2057 51.6255 54.4932 54.6953 55.2363 55.9319 55.3616 58.2439 56.8348 57.0214 57.0292 58.6339 60.9895 60.78 63.3314 63.2238 65.9993 66.8278 66.179 66.6932 70.0026 72.7886 76.3139 75.997 76.3042 82.2848 86.2302 84.2864 94.1964 94.8556 105.417 110.336 116.272 130.551 142.263 156.682
156.448 145.202 128.632 118.932 108.979 100.737 95.1361 90.1349 91.1558 81.6131 81.9647 77.6729 76.3688 72.1297 74.0656 70.4314 67.6217 68.0884 64.9709 63.6602 64.8426 62.7723 62.3843 60.1581 59.1911 58.6399 60.6749 56.318 58.2216 55.7573 57.1726 55.4614 53.7661 53.0654 53.8747 54.2255 52.6737 53.4895 51.9768 51.9546 53.3517 51.6589 52.5713 51.2727 53.1747 52.6227 52.5106 52.5406 52.433 52.1331 52.5831 52.9941 52.5288 52.6554 53.188 50.3882 52.7332 52.1098 50.4874 50.4488 52.6136 51.6011 52.7816 51.0579 48.9894 49.6347 51.8285 50.5786 49.2053 49.4324 49.8781 48.6556 47.02 48.6429 43.9085 46.3278 43.7506 44.0824 42.1079 42.2594 37.7466 36.5911 34.944 31.7267 30.7266 30.3825 31.6231 33.7678 36.7387 39.8023 41.5855 42.5143 44.7442 46.0215 48.1288 45.6909 46.84 45.9614 47.6665 51.0803 50.0247 48.8034 51.7116 46.8815 49.3607 51.8149 50.6602 50.3929 52.4623 50.5054 52.3656 51.8621 52.4172 50.0426 52.7906 52.7676 50.9932 54.1635 50.848 52.2247 51.2212 53.0062 52.6562 52.6598 54.9538 52.3602 52.0679 51.8721 52.5039 52.6214 50.5067 53.4099 53.4756 54.3055 54.176 55.1688 54.9151 52.2191 54.703 54.2039 56.0965 56.0144 55.9523 59.1226 62.1577 62.8619 59.869 62.0239 60.2605 63.4087 64.7066 65.0093 66.7833 67.3583 69.1997 69.1749 73.0045 77.6354 76.3228 79.7699 82.6853 86.5112 90.9227 97.7128 105.657 113.263 118.269 130.733 140.849 159.051
155.046 143.685 131.389 122.043 110.386 100.712 95.8646 93.5 83.7705 83.8166 80.2571 78.1694 76.3294 71.4099 71.292 68.2777 68.2202 67.6853 66.051 63.8613 61.1322 60.1351 59.6926 57.8638 59.5271 57.3413 56.4108 55.5568 55.0255 54.8933 55.9385 55.0759 54.7995 52.477 54.044 52.3822 52.0119 55.0867 54.1978 53.5241 54.3965 54.0294 54.1996 52.3604 51.2598 52.474 50.617 50.4183 51.6419 54.1382 50.7106 51.5584 49.436 50.7304 51.869 49.6848 50.2395 50.1793 48.5542 52.1753 49.4116 52.271 49.4721 49.5007 51.9704 50.5649 49.3632 49.8523 49.1551 49.2411 48.5457 48.8923 48.4703 49.1984 48.4203 45.114 45.2278 44.412 45.0974 41.9623 38.9941 37.8643 33.9724 30.6982 30.1566 31.4839 32.081 33.1324 38.9607 40.2579 43.0482 45.1484 44.3407 43.9894 46.1139 47.6849 48.9331 48.6547 48.808 49.2358 50.5093 49.1005 47.5711 48.6205 49.3696 52.3199 51.5878 50.5163 50.6383 51.5817 51.126 50.8077 51.7409 54.2008 51.6577 50.908 50.3784 50.0768 51.3328 51.9247 50.566 51.7921 52.5976 51.532 51.1638 50.7395 52.9883 51.4295 51.6148 51.9887 54.5958 52.1765 53.0318 52.7642 50.5487 54.0569 53.45 53.9848 54.9526 56.8745 54.6342 54.3272 56.9479 56.3979 57.2565 59.7107 61.9816 59.2826 61.524 63.2969 63.7615 64.3356 66.78 67.8896 67.5485 70.2075 72.3733 74.5339 76.8524 81.8549 79.377 85.3244 89.8754 95.3567 104.615 109.006 118.677 129.002 142.505 158.282
156.098 144.708 129.986 119.13 110.188 102.212 97.1182 92.15 88.5557 82.8997 80.0262 75.1839 72.4512 68.9113 69.088 67.2464 65.1158 64.4742 63.7839 59.0999 62.8697 62.5642 60.2133 57.6853 57.3398 56.8507 54.5363 57.0997 54.7046 56.0338 54.6005 54.8143 53.6462 52.4291 51.3777 52.7077 53.6932 52.7252 55.0974 51.7908 52.6928 51.4098 50.9412 51.4105 51.1822 51.7619 51.2841 51.1416 51.5599 50.7419 50.9009 51.3087 50.224 52.7547 50.1202 51.3631 49.7853 51.6921 51.6438 49.9714 50.7042 50.2019 50.3096 49.7123 48.2775 51.2623 50.1208 51.2393 50.3882 47.5035 50.7103 50.078 51.0661 49.6973 48.1053 45.3421 43.9122 43.1157 44.9293 42.9547 43.7895 36.453 36.1153 32.2657 29.5382 30.4625 32.5647 35.0907 36.5898 40.889 41.7939 45.802 45.4915 48.4375 47.6702 47.0348 48.7923 50.0442 48.2046 50.3447 48.5849 50.1935 50.8505 52.5173 48.2872 49.1938 49.9967 51.422 50.057 48.4507 50.3598 51.1673 50.3576 50.0738 50.3892 52.0353 50.9229 52.5122 53.3683 52.5384 50.6495 51.7614 50.2129 50.4599 50.9468 49.6053 52.2451 51.1248 51.1464 53.0016 52.4762 51.4697 52.7069 53.5141 54.5954 53.2609 53.1355 52.2035 55.3713 54.8267 53.858 55.7264 54.4014 55.4643 58.6478 57.7287 56.9025 60.9225 60.8806 62.036 64.4178 62.2558 66.5208 66.4293 66.9755 72.777 72.8882 76.0018 77.249 79.0399 83.4044 84.2287 89.3035 94.967 100.379 111.321 119.682 133.533 143.823 155.739
155.425 145.244 130.678 119.131 110.059 101.379 96.6429 93.9813 87.8658 83.4449 77.9303 74.079 74.1921 70.1456 69.7586 68.3004 65.1135 63.6299 65.3857 59.1984 61.7309 58.97 58.0391 58.9626 60.7595 58.3605 57.2427 56.2759 55.6804 54.8731 56.746 53.8734 53.6254 53.9078 52.8844 52.3849 52.4152 51.045 52.1418 50.1403 52.0565 52.8987 52.4768 51.6843 50.1682 50.5547 51.6252 50.3063 50.5113 51.2102 50.9048 49.8231 50.734 50.7189 50.1037 49.9724 49.7014 48.0619 48.744 49.7971 49.6795 49.7508 49.0819 51.3809 48.2379 49.9906 47.0525 52.8787 49.6499 51.1519 49.4767 49.1507 51.4994 47.8059 48.5219 45.6008 47.1302 47.449 44.0681 42.5347 41.0447 37.9989 35.4771 31.9275 31.6504 31.2047 32.1702 35.6955 38.4244 40.3133 43.8227 45.7149 47.8539 46.005 46.2511 46.1244 46.9633 50.7648 48.9202 48.7684 50.3321 50.9446 49.3477 50.5499 50.8761 47.9112 48.7957 49.3826 49.2503 48.9893 49.5278 51.3316 48.5343 51.7937 49.432 50.0876 49.0093 50.8337 49.8072 49.3949 49.8476 50.7061 51.1817 50.7454 50.5834 51.1135 50.6286 49.9312 51.6184 51.8779 51.8449 50.8542 51.1801 53.4326 54.7845 54.0804 53.3639 54.4237 53.5181 55.611 54.6696 55.152 55.5814 57.2099 58.039 56.3778 59.6343 59.0226 61.5725 60.5367 61.2137 65.2942 63.1164 65.9263 66.7791 67.323 70.2476 71.4569 77.158 79.9961 83.5232 84.6435 90.4536 94.9831 102.012 110.777 119.43 130.662 143.622 156.228
157.45 141.15 132.024 119.48 108.164 103.679 97.0866 90.1266 82.9112 83.446 78.0776 76.1101 73.3059 72.1904 68.7654 69.5413 68.575 64.9131 64.5577 62.5773 60.5882 58.8453 60.3071 58.541 57.7294 55.2853 54.7788 58.9737 55.0804 54.0819 55.899 54.407 53.4891 53.6149 51.532 51.6575 51.9057 53.3562 52.7466 53.0722 51.3767 50.209 48.9702 51.7045 49.2639 50.5856 51.0737 51.3627 49.3395 49.8492 47.7427 48.9482 49.1654 47.9256 52.0273 48.2846 49.3662 49.0718 49.865 50.2254 48.8439 49.7891 49.7987 48.5398 47.4405 48.5857 49.4051 48.379 49.5939 51.2469 50.6958 47.551 49.8749 48.3153 50.202 48.6671 45.7442 46.4474 44.5603 43.8629 43.1213 38.5999 36.15 33.1025 29.0239 31.22 33.3167 34.7156 39.595 42.0631 42.9169 45.9567 47.6827 47.8912 47.7589 45.8516 49.9079 47.7864 50.6978 49.0134 51.2389 52.7077 49.4731 51.5235 49.8698 49.3482 49.7782 50.3143 48.9933 48.9185 46.8512 47.3235 48.3566 48.9324 48.414 48.5973 48.2452 48.4442 49.3152 48.7002 48.4216 49.6064 48.8294 49.4618 49.833 48.6228 51.9345 51.2547 49.3768 52.2304 50.349 51.554 51.1663 52.3966 53.5641 52.0367 55.5295 53.3172 52.9851 54.0139 55.2355 54.204 55.2284 54.8113 57.4308 57.2841 58.6883 59.3761 59.9343 61.778 62.1923 63.6727 63.5507 64.7609 68.4553 68.1998 69.7773 72.6348 74.1928 78.6844 83.9522 87.6969 92.1045 93.6318 101.884 107.823 118.783 131.654 145.29 157.186
154.815 142.14 131.206 120.171 107.787 101.791 93.9289 93.5033 83.3654 82.763 78.997 75.0733 70.0437 72.3219 70.7307 66.6336 62.9707 63.2635 63.9093 61.1656 61.0931 59.6392 60.7382 57.5365 57.2034 56.1174 58.314 56.4752 56.6267 56.5008 55.1152 53.7433 52.5588 51.6786 53.8706 53.2142 51.9966 51.2059 51.6785 52.627 50.0142 51.2467 49.0018 48.7504 48.8424 49.8347 46.9036 48.9156 47.922 46.1152 48.4835 49.303 47.5242 49.8536 49.6452 48.1469 47.6282 47.0058 45.8803 47.4291 47.8555 48.9101 50.0726 48.5426 49.1409 50.5839 49.5741 47.4629 49.5151 49.1357 48.9184 50.3852 48.2071 48.3719 48.6951 47.5484 48.9501 46.9325 49.3163 44.6695 40.9372 39.6831 37.2229 33.1139 31.1995 31.8093 33.7253 35.4623 38.3668 41.8982 45.1069 46.8826 47.7999 46.9439 47.684 46.2864 48.6681 48.2619 47.8357 47.9433 50.3811 49.7138 50.0196 50.19 49.8241 47.5737 48.5989 48.4357 48.7423 48.6595 48.5193 48.0448 48.4086 47.7088 46.5226 47.9956 47.5316 47.7531 46.6147 48.4307 47.609 49.9472 49.0145 47.519 47.3514 50.3573 48.5848 50.6821 49.9373 51.1145 50.3273 52.311 51.4882 53.8046 51.3763 52.19 53.3726 51.7446 54.9673 55.7442 56.8706 56.343 57.3378 59.7205 58.3483 56.7664 60.5921 58.3492 58.8799 61.6277 59.9565 63.0373 63.963 65.1382 64.2109 69.1422 71.7284 73.0852 74.8624 78.5109 80.9631 87.2572 89.6466 94.5484 99.2918 109.851 122.066 131.393 143.739 157.092
154.442 143.681 128.327 117.884 109.248 102.329 95.8124 90.303 86.5542 82.6999 79.3037 77.6853 72.8885 74.2587 68.9917 66.3381 66.0501 63.2815 62.4733 64.6515 61.1322 62.3519 58.9245 59.1555 56.9666 58.7546 56.1388 56.1778 55.225 57.6988 56.4744 53.6949 53.7936 51.999 54.201 51.5611 53.8923 54.3078 50.907 50.7064 49.5568 49.6764 47.6885 49.8031 49.2254 48.8668 48.1269 46.8738 48.0039 48.5759 45.9193 46.0236 46.3862 47.3281 48.0596 46.5694 46.0554 48.0331 46.6519 50.0745 48.0406 45.3718 50.4325 49.5899 49.1239 49.0769 48.7529 48.8167 47.5327 47.46 49.2354 49.4032 49.9584 47.5912 47.9198 46.3609 46.591 45.9596 47.6238 44.0984 41.3382 38.0902 37.1384 34.1482 30.4203 32.3752 32.3608 36.5749 38.9127 43.9904 43.8307 43.7215 46.1582 47.1009 49.2533 46.8478 47.8657 47.4774 48.2519 48.7541 49.8785 48.4628 49.9562 50.9277 48.1643 49.5415 46.8341 46.8341 48.0464 47.4031 49.1018 49.6083 47.8286 47.5525 47.245 47.3622 47.5348 49.5231 47.1665 48.4643 46.1152 49.6195 47.3989 47.6309 48.892 48.1534 48.3297 48.098 48.7112 50.3206 50.3498 51.8655 52.5079 50.7254 52.1472 52.7471 51.7209 53.613 55.4984 55.6442 56.3542 56.4706 56.7865 55.4216 57.2483 58.9578 58.159 58.7797 60.5054 61.2857 62.6587 60.4033 64.0048 67.2205 69.7308 68.6632 73.197 71.2692 75.9108 82.4575 81.4204 85.1447 90.3751 97.5777 102.957 111.485 120.637 130.353 142.219 156.714
155.979 141.324 129.788 119.495 114.433 99.3849 92.9587 89.8459 83.6873 81.6762 80.0103 77.8908 75.0845 71.732 70.4625 67.6324 65.4384 64.4788 63.2069 62.5113 62.6912 61.4603 60.8744 60.8332 61.8519 57.0334 54.2705 56.3484 53.9364 56.3624 53.3257 54.4623 53.5448 53.4848 52.1451 52.8729 48.4 51.7557 52.0116 50.3442 48.6872 47.9453 49.247 49.3071 48.5902 46.6204 47.3624 47.4725 46.0907 46.7213 46.5096 46.1033 46.1894 46.3049 46.1373 47.636 46.1494 47.1811 48.2465 46.5988 45.7075 47.9768 48.1393 45.5169 47.9664 48.3082 49.0597 49.892 46.9693 47.5115 49.4653 49.8264 47.0535 46.6939 49.4584 47.0008 46.4371 48.88 44.5951 44.0806 40.5724 37.7279 35.7302 31.791 30.2516 31.5934 33.7324 36.2345 36.0895 42.6423 45.0226 45.2995 42.8498 47.5048 48.4834 46.2806 49.4742 48.7927 47.7075 47.4774 49.1781 50.3005 49.9314 48.4606 48.5787 48.5281 48.2557 48.5261 48.5138 47.3454 48.0793 47.9573 47.2107 48.0996 47.0818 47.9716 46.9678 47.5509 46.0281 47.3568 45.969 45.7523 48.005 47.8824 46.1322 48.796 46.7815 48.421 50.0436 49.7533 48.5914 50.6632 49.9668 52.469 51.8117 51.4957 53.8078 53.9158 52.767 54.2539 56.718 55.5979 54.5228 55.0085 58.6446 60.2946 57.6387 58.3991 59.7888 60.8895 60.5052 65.3225 65.0901 66.4212 67.7948 69.6339 72.2725 75.1905 75.2347 80.1179 80.2709 85.6897 90.0846 98.9208 102.005 111.332 118.647 127.263 143.504 157.089
154.571 142.767 129.211 119.583 109.541 101.992 96.1705 89.8839 87.1655 83.838 79.5176 78.7985 74.2336 70.8481 68.5171 69.8017 69.1331 64.6192 61.8996 62.5541 61.1194 61.0187 60.3119 59.1051 56.5637 58.3403 57.1705 56.6484 54.8497 53.7056 52.9243 53.9623 50.4615 53.0441 51.6825 52.9877 52.8933 49.7254 50.3037 49.8058 48.9541 47.3948 48.7051 47.9615 49.6752 47.1969 46.9632 48.4738 43.9959 48.2845 47.6083 44.5919 47.4245 46.1836 46.0382 47.8788 47.4309 47.3539 46.3791 49.0945 46.961 46.8257 48.5791 48.9822 45.623 48.6943 47.0327 47.767 47.9398 47.5889 49.8159 46.5133 46.6251 44.4471 45.341 46.1283 44.8752 42.8707 43.1778 43.1039 39.9823 37.94 33.0228 32.3228 29.5937 30.5192 30.3534 33.9755 35.5312 41.1106 43.6727 42.7219 45.1666 45.7102 46.1277 44.3459 46.832 47.2748 47.1119 46.2782 47.0638 49.1883 45.3396 47.5237 50.1157 46.1973 47.8536 46.1203 48.7958 45.9507 45.5548 46.4122 46.1294 47.4054 47.4429 45.3268 45.2644 44.9116 46.014 47.6574 47.9809 46.6641 46.8847 46.3334 48.3872 49.2498 47.8041 49.4596 49.8644 49.6593 48.6567 51.8434 48.7812 49.4789 50.7341 54.6572 53.104 53.9176 53.7108 52.5398 56.9348 54.8549 57.317 56.5331 58.5471 58.6497 61.0286 60.388 61.8052 61.7023 63.0351 65.8945 67.7704 65.994 69.9703 69.3991 68.2777 72.5775 78.3908 79.5896 83.9115 84.8763 91.3867 95.8971 101.667 109.311 116.65 130.92 143.09 155.622
155.583 141.698 128.58 119.469 106.534 102.438 94.8368 91.5967 89.3402 83.6724 81.7004 75.046 74.952 73.4591 70.0224 70.8942 66.6704 65.892 66.255 64.1925 61.2247 61.3999 60.5004 59.9441 58.4533 58.2278 56.8261 58.7059 55.0704 54.9855 54.622 52.1913 51.4133 52.7097 50.8788 51.0134 48.8616 49.0904 49.8966 47.5202 50.4165 50.4842 47.235 47.578 45.8702 46.6238 47.2196 48.7336 44.9397 46.359 47.8532 45.0062 46.7926 46.1451 46.2106 47.6452 45.7358 49.3842 48.5411 46.6951 45.8371 49.158 45.8992 46.3158 45.4116 45.2075 47.4837 45.7509 46.505 45.8852 45.5327 45.5706 46.7622 47.9443 43.598 45.1354 44.7503 41.8613 44.5135 41.0408 40.1956 35.0919 34.6805 31.1235 29.9292 30.1235 29.9028 32.6569 35.3109 38.0694 39.7883 41.5905 42.8212 43.0111 42.4228 46.5563 44.7591 46.3256 47.1481 47.1646 49.1832 48.3972 47.9093 47.2006 45.7476 47.3635 48.3286 45.8979 46.8648 44.2158 49.1735 47.3155 45.8014 45.8935 47.8538 49.1017 46.2979 47.308 44.1799 44.8703 45.4401 45.8267 47.1579 45.9162 48.3508 46.4931 47.8418 48.3648 48.3992 47.8628 48.8227 49.0684 48.4251 49.9324 51.9961 51.6526 51.4546 53.2216 52.8816 53.46 52.9956 57.3557 56.1256 59.0878 57.2514 58.2483 58.9817 61.1409 63.0999 63.8843 66.8355 65.8053 67.3673 69.3228 71.0956 69.9726 72.0295 73.321 77.5601 81.4609 82.3413 85.9801 90.0085 96.6803 100.719 108.087 119.139 129.713 140.207 159.158
156.555 140.917 129.852 116.737 111.033 102.037 97.0648 91.7926 87.3336 83.9524 80.0129 76.0127 75.6006 76.1254 73.3301 70.8823 68.0563 67.6372 66.8047 67.3313 63.5136 62.0004 62.2639 59.4759 61.1936 61.0149 57.8109 58.0824 53.8744 54.5312 55.4855 54.1047 53.5575 51.817 50.4651 50.2803 50.7581 49.6659 50.6172 48.5661 48.484 47.1801 46.7788 48.2026 46.7924 46.5518 47.121 46.7442 47.0954 46.779 44.5807 45.6385 46.4439 47.0424 45.9887 47.5828 44.8984 47.5112 48.1057 45.9561 48.4183 47.5566 46.8674 47.2766 46.0481 46.4625 48.3893 45.346 45.4393 47.5774 46.5182 44.0018 44.3998 45.1203 45.8351 43.2167 43.4874 42.3073 39.1751 39.3511 37.6375 35.3924 33.0369 28.797 28.0198 27.8629 28.7629 30.5771 34.395 36.5808 39.8365 41.252 39.8955 43.1254 45.0062 43.8078 42.9344 44.8952 45.2064 45.5663 44.0163 45.7918 46.0252 44.5997 48.3687 48.4771 46.3943 47.4002 46.6679 44.5604 48.6517 47.5335 46.7849 47.0823 46.0273 43.4661 46.6053 48.6454 47.4941 44.5082 46.2938 45.4857 46.1884 45.8801 48.3402 45.4023 46.6335 48.835 48.9916 49.6148 48.012 48.1251 50.3244 50.1438 49.1895 49.9472 52.0071 53.944 55.0437 52.7393 55.7405 56.365 56.9102 58.3418 59.6517 60.8232 60.4888 60.6039 63.9593 63.3984 65.2101 66.6881 69.2631 69.2485 69.5261 74.0423 75.3981 77.018 79.0875 82.1042 86.3102 85.9756 93.2707 98.853 101.183 109.099 117.249 126.405 140.277 157.307
158.594 144.379 128.488 117.059 111.756 103.106 98.0303 93.6791 89.3466 86.6754 80.6869 79.5044 77.9865 74.0069 74.7821 73.6894 68.9144 68.8923 64.9728 67.0607 66.1756 65.38 60.5122 61.8261 59.2787 59.0009 57.4073 54.7891 56.5952 54.8014 53.9027 54.6168 52.2341 50.1785 51.6187 49.5684 49.4946 46.3616 48.1515 48.3238 48.2623 47.7364 46.2146 47.3091 46.3401 45.9533 47.6831 45.9865 45.7903 45.5722 46.1523 45.2621 46.9164 46.3618 46.7549 46.4339 46.067 46.8553 46.7685 43.827 44.519 46.8833 43.9957 45.7443 44.0556 45.1941 46.993 43.8452 45.4033 45.0612 42.8029 42.8463 43.4757 41.4829 42.5394 42.0383 42.5984 40.3597 37.7517 38.8696 35.1411 33.2306 29.8993 28.5154 27.38 26.7853 28.0671 30.0273 32.5255 35.394 38.9702 38.0279 39.5285 41.5957 41.5761 41.103 43.7095 42.9794 42.0361 46.7129 47.3018 43.6751 44.8376 45.8126 44.2457 46.2927 46.4688 46.1083 45.7031 45.697 45.8521 44.9106 46.3331 44.7337 46.4653 45.9963 46.4072 45.3352 46.1493 46.8007 46.2219 46.3632 46.2708 47.4665 44.9894 48.2611 47.4432 47.2322 47.5408 50.2798 49.8375 50.4558 49.6092 50.6145 49.2943 49.8911 50.448 53.0991 52.7313 53.2611 54.0581 55.9008 56.6594 57.2385 58.5317 58.4966 63.072 60.8152 64.1012 65.6092 65.1541 69.3894 68.9622 69.1552 71.4982 73.7956 74.6504 75.098 82.9308 82.2985 86.1855 85.824 94.4609 98.4803 108.218 112.998 117.443 129.417 141.989 156.198
156.692 141.66 129.111 116.576 111.138 104.285 98.1828 91.0274 91.9037 86.7671 85.071 81.7034 78.5953 75.8979 74.3518 72.5913 70.6688 67.1604 67.7366 66.4408 64.2793 62.8034 62.1624 59.984 60.0698 60.6917 57.5564 55.0623 56.2796 53.5141 55.9609 52.2194 52.397 51.0402 51.0397 52.3938 50.3247 52.0949 48.117 46.9326 47.6416 47.1198 47.4037 47.6857 46.5935 47.3399 45.6912 45.4082 46.875 46.9223 47.9727 45.1635 46.0289 46.8743 44.8593 46.9997 45.8109 43.8747 45.6124 45.3968 45.9586 45.9919 47.2794 44.3919 42.5281 44.3126 46.3095 42.9375 43.333 43.471 43.1983 39.6245 41.4048 40.7849 38.7309 38.8381 37.9499 38.0623 38.1468 36.6206 35.3065 30.6065 28.3426 27.378 26.1182 25.6525 27.0653 28.8336 30.1181 33.8123 37.1966 35.6589 39.4994 38.3044 40.9899 41.1184 38.947 41.786 44.2155 43.3306 42.8105 43.1325 43.9732 44.4484 46.4866 44.2131 44.5118 44.5918 45.201 46.6458 44.8504 45.6267 46.1118 47.9755 45.6639 45.3063 46.7269 44.2577 45.6752 46.8875 47.9205 43.4714 46.0755 45.874 46.2265 46.7902 49.4445 47.2924 46.8263 47.2422 47.1305 49.2197 50.8274 48.9887 49.9705 53.2157 52.0842 51.7167 53.0602 54.5563 55.7236 56.1069 56.985 57.8749 58.499 59.8671 60.2826 61.261 64.9508 63.4654 66.4646 66.5669 67.6072 71.7892 73.4813 75.8827 77.755 80.0256 78.5561 83.5089 85.6679 89.892 91.734 101.178 108.34 114.048 121.072 130.19 141.164 156.029
156.093 140.634 129.967 118.916 114.214 107.171 102.542 96.767 90.485 87.7969 83.9789 82.4331 81.7724 77.0544 74.0858 75.4219 72.7492 69.6274 69.491 67.3691 63.2671 62.5213 63.0894 62.7003 58.6717 59.0513 57.3819 54.8177 55.7067 53.3333 52.3204 52.6495 49.086 53.6069 49.6969 52.5726 49.9612 47.607 47.1121 47.8557 47.3793 45.8198 46.2771 47.3859 45.4576 46.968 46.2781 45.2608 45.3328 44.0773 45.2364 46.6987 44.9202 47.9306 46.3675 44.17 43.6165 44.6525 44.0965 43.986 43.3641 44.3325 43.9876 43.3895 43.6967 43.5862 41.7857 40.3764 42.3962 43.7664 43.6654 40.3809 37.8687 40.247 39.1558 36.7826 37.8323 35.4479 35.4756 33.6408 32.3717 31.1626 28.808 26.764 25.7096 24.8916 26.6691 29.1867 30.6036 30.2995 34.0093 35.1937 34.9921 37.1446 37.801 37.7142 40.8004 39.4448 42.0491 41.6255 41.7363 42.7004 44.3256 43.3284 43.7701 42.8973 47.0377 44.0144 46.099 45.3619 45.3339 46.3992 45.188 45.8644 43.4783 46.2353 46.0851 44.9927 45.0016 43.5882 44.6417 44.32 47.3693 46.3759 46.7869 44.6805 49.2516 46.9002 48.1988 48.0667 48.8959 49.2688 50.1529 48.789 50.8507 49.6226 51.2736 53.4524 50.9619 53.801 54.9871 54.5751 58.0951 56.9864 60.211 60.9388 59.1411 63.7241 63.3698 63.5138 65.3493 69.64 69.6784 73.3949 73.5686 76.229 82.0877 77.1968 83.9541 85.6126 87.4029 91.5529 95.8936 105.603 105.198 113.476 121.937 128.754 144.677 153.496
152.61 144.15 129.729 121.746 111.875 108.699 102.8 96.3503 92.6149 85.8923 86.0953 85.9569 82.5829 80.7022 75.6184 76.4574 70.5662 70.6779 69.0132 68.0133 64.9364 61.4167 61.4215 60.5052 61.2678 58.5437 56.8549 55.5483 55.1193 55.9496 51.9307 51.8673 51.5661 51.2467 51.5115 49.7437 46.9709 50.1979 50.543 47.5309 47.1759 47.1343 45.3336 46.2257 45.4837 45.3138 48.7213 46.3538 47.1996 46.056 45.7414 44.3683 45.4296 43.6996 44.2679 45.4499 45.4171 44.7497 44.1139 44.4573 44.8435 41.8921 41.7385 43.2958 41.8477 42.6276 41.7255 38.9003 39.9885 41.0728 38.9008 38.4684 40.4901 37.7594 36.4663 35.914 36.5572 36.6952 34.5801 33.1186 30.0217 28.2967 27.2242 24.0543 24.6951 24.7706 24.467 25.6982 29.5826 32.2606 32.1308 33.3182 33.9654 34.1965 35.8469 38.1875 38.3797 39.8673 38.6243 40.3229 41.1044 38.5276 40.8779 40.8025 42.7426 42.454 42.7517 42.5862 44.1563 42.9356 43.6751 45.8849 42.5702 44.5957 44.2234 43.7794 45.5776 46.2392 45.4781 44.9081 46.0257 46.0725 44.8963 45.8662 46.9806 46.6034 46.2072 49.6241 46.2836 45.6862 49.0257 48.6238 50.8951 47.7273 49.472 50.4607 50.604 52.9848 51.5338 53.8757 54.0818 53.674 56.5453 55.5994 57.5953 60.7151 60.8372 62.7029 61.8932 63.8406 69.5794 68.5053 70.0321 72.7787 74.9241 75.9264 79.2509 80.7113 87.0998 84.6394 90.4959 95.0849 98.7601 101.047 104.704 113.955 120.662 130.563 142.227 157.541
154.53 144.958 133.609 123.025 116.16 108.378 104.729 96.8877 93.8287 90.4979 88.3729 83.9632 82.6917 76.4366 77.595 75.4181 72.1379 71.3656 68.2284 65.29 64.5648 63.5974 61.7904 60.9087 61.6162 60.6605 57.3074 54.9431 57.4757 53.5496 53.3175 53.1539 50.5552 52.9707 50.7859 48.5637 51.1676 47.8967 47.1504 48.8646 48.5939 47.7457 45.8116 46.0418 46.4008 45.5586 46.6993 45.5946 44.531 44.1581 43.6666 43.6392 43.0906 44.4419 44.4497 44.6913 44.0653 43.7553 45.3669 41.4841 43.2868 43.7782 40.2334 43.1556 39.5189 39.8462 39.4639 40.6515 37.5042 38.896 38.6704 37.3446 36.7967 36.822 34.9429 36.3731 35.6477 34.37 34.2644 31.3472 29.7786 28.3382 26.1512 24.6763 24.2443 23.4697 24.4546 26.9889 28.3442 28.8369 31.8073 34.5675 32.6258 36.0828 35.6273 35.4314 38.1957 36.4651 36.7778 37.2039 39.5227 38.6531 38.6862 42.9224 38.1979 39.976 42.8567 42.8152 41.7054 40.9322 44.1342 45.8288 42.4512 43.6127 45.9353 44.3923 41.9219 43.8539 43.086 44.907 44.8909 47.6714 45.9658 44.8265 47.1236 48.1191 47.6783 48.0965 45.3998 48.9696 48.7692 46.4724 47.3123 49.9236 48.2865 50.5509 51.2791 50.682 50.9495 53.7895 53.4208 56.1431 56.5025 55.5108 58.3856 57.0476 64.051 60.6316 64.9748 66.8229 67.7218 65.7734 71.7377 73.256 76.7084 78.555 77.3225 82.5963 84.9592 88.3053 89.5755 96.7892 100.223 100.84 108.37 118.365 122.419 134.956 144.003 155.45
156.234 139.833 132.266 123.702 117.208 111.652 105.671 98.8478 95.765 91.3318 90.0673 86.6413 84.0665 79.6331 76.7537 75.1414 75.1219 69.26 69.7195 65.4441 65.4851 65.0383 60.5936 62.8304 59.8017 57.855 57.7875 55.4376 55.3622 53.0783 53.8194 52.9927 51.7501 50.7804 47.5746 50.7989 49.4192 47.4377 47.5184 47.3908 47.2962 45.1508 44.7716 45.9529 45.0185 45.8041 46.7176 46.1952 47.4248 44.4563 43.3089 42.9268 42.8984 44.2255 42.9453 41.9824 41.7941 42.1007 42.4374 40.1564 40.2639 39.1095 39.9861 41.418 40.4433 38.2447 39.0321 37.894 36.9465 35.8124 36.9401 35.2041 35.6072 35.0948 34.2903 32.4419 34.9775 32.1198 31.8548 31.9472 28.0754 27.5452 25.1135 23.7735 22.1445 22.7408 24.9977 25.105 27.3504 28.4467 28.1413 32.0826 31.9794 34.2014 33.558 34.6438 34.5159 36.2801 36.2008 36.5086 37.4342 37.82 37.9482 37.749 38.709 38.6031 40.2653 39.9301 40.7145 43.1055 41.8859 41.5395 41.6981 44.0615 42.5579 43.0172 45.2416 44.4338 44.0712 45.6726 45.1033 45.4116 47.3375 43.049 45.0556 46.0294 47.854 47.9228 48.2739 47.3219 48.815 49.7524 48.3606 47.828 49.2615 48.7059 49.541 53.4854 51.1018 52.7292 52.9011 54.7643 55.1958 55.4805 57.7356 58.7786 60.2993 61.8725 64.0447 64.0955 66.3179 68.8769 73.0412 72.6636 74.7828 77.025 80.0253 84.4509 86.089 88.5485 90.6778 95.9661 100.979 103.162 110.786 119.42 124.396 132.694 144.109 156.216
157.26 145.534 134.571 123.357 117.358 112.856 107.476 98.6152 96.7754 92.3007 90.4171 85.1772 84.5711 79.6859 78.9089 74.0283 72.56 72.0698 68.9282 67.0075 66.0113 64.2076 59.7966 60.2617 57.8142 57.6108 55.2345 53.9887 55.181 54.3341 53.7978 51.5088 51.6878 52.7806 49.8006 50.854 49.2157 47.6391 47.6765 48.4924 48.0606 46.569 45.7748 45.7849 44.1215 46.8236 45.7433 46.3646 44.3571 43.7273 44.9708 42.823 44.4137 43.4065 42.8294 42.7793 41.9328 40.9265 40.4947 40.2779 40.6518 39.5693 38.5647 39.0968 37.7146 37.5299 38.1775 37.0528 36.5503 36.8566 34.9731 34.3119 35.831 33.8564 34.6581 30.643 32.2442 31.2944 30.1553 31.3572 29.6151 26.4491 25.159 23.8084 22.2265 22.539 22.2294 22.9976 25.5334 28.0655 29.8167 30.9489 32.284 32.1442 34.4243 35.8748 34.2446 33.7825 34.0847 36.5585 36.5447 35.2874 35.7165 37.6054 37.444 38.6212 39.562 39.3027 41.0908 41.3013 41.3596 41.5944 41.9021 40.7978 42.9821 42.1194 42.784 43.8573 42.9161 45.6899 42.9555 45.2315 46.2225 44.5292 46.0047 43.3016 48.3967 46.8637 47.6645 46.7346 45.3207 46.5517 46.8162 49.5191 50.377 52.7188 50.9138 50.5036 50.9243 51.6749 52.5667 54.7684 55.0147 59.0756 57.6371 60.5257 60.9914 61.1349 64.1853 65.0168 67.5082 68.2243 71.8573 74.799 77.5432 78.1716 77.7624 84.8342 86.4628 91.227 94.1723 98.3178 103.426 106.004 110.573 117.798 124.101 134.935 144.867 154.96
156.71 145.627 135.24 127.919 120 113.774 106.708 103.905 98.0299 92.6851 91.6052 85.5877 84.0315 79.1695 77.3981 76.7608 73.9174 70.522 68.2258 66.809 63.7166 65.5029 60.9967 60.7879 56.7823 57.9001 56.5054 57.0117 53.9782 52.7224 52.8897 51.8875 52.1389 49.6408 49.2258 48.5735 48.7421 46.5117 46.1368 47.6842 48.8983 46.4441 46.1579 47.0288 45.7706 46.5904 46.4759 44.0761 45.8936 43.4739 43.5274 43.8946 43.0145 40.9857 42.8092 40.3477 40.5125 40.3708 39.0706 38.4424 37.7889 39.3554 36.7819 37.1116 38.4174 36.8723 35.1817 35.6484 34.4659 34.758 33.6432 35.7739 33.7262 31.7716 33.4128 31.8856 30.4705 30.291 27.612 29.8411 26.9499 26.669 24.7288 22.9856 22.2108 23.2752 23.0343 23.6257 24.5104 28.835 28.7106 30.9169 29.7214 32.0473 32.0157 33.0493 33.0101 34.0062 33.9323 35.0504 34.9606 35.1519 36.2619 33.9764 35.6014 39.3793 38.9264 37.8111 38.6034 37.3208 38.6776 40.3627 39.6455 40.2463 40.9984 42.7193 43.2509 41.7382 42.681 44.6443 44.2019 44.2919 43.8148 44.3873 47.2653 45.4468 47.8501 47.8872 46.4999 46.8636 46.207 47.5786 47.7471 49.1198 47.3501 51.0354 50.7847 50.6713 52.7127 52.3611 52.9772 53.3966 54.823 57.248 56.9769 58.4483 59.143 62.4514 62.9492 64.0233 65.9808 69.1965 69.4781 71.9593 72.8094 76.6705 80.484 84.2839 86.8172 89.8387 94.0208 99.5435 103.813 105.891 110.525 119.779 123.517 133.419 144.208 157.015
155.137 148.576 134.798 126.734 120.221 113.671 106.898 101.296 98.3847 91.4206 89.5592 84.8837 84.0824 80.8622 78.0156 76.0594 72.4861 68.8958 70.1804 66.4677 63.5225 62.5149 60.8493 59.9746 60.8887 57.246 55.2848 55.7151 54.1184 53.9994 52.3906 52.0598 51.4506 52.6585 50.3825 48.9884 49.1906 47.8168 48.7185 47.0436 47.5238 47.2544 46.4248 44.6746 46.1791 46.3113 44.5897 44.9149 43.4629 41.1915 42.8011 43.1073 40.4048 40.8723 38.4004 39.8156 40.5946 39.6498 38.1015 37.6379 36.5322 37.0372 37.3939 35.1376 34.5391 35.2912 34.4911 33.1659 32.1196 33.2775 32.1614 32.7707 32.6944 32.3867 33.1343 31.7223 32.6043 31.2081 27.476 29.2692 27.6143 25.6251 24.0772 20.9592 21.6474 22.1826 22.4918 23.3902 24.5848 26.0896 28.2111 30.0961 30.0601 31.8883 32.2905 33.7197 31.9981 34.4977 34.7651 34.2215 33.4758 33.4838 34.2259 36.2497 34.8218 34.8831 36.8154 36.622 37.6071 36.559 38.8704 37.7053 39.8996 39.9203 39.8861 38.3642 40.6819 41.7089 42.2481 43.808 40.9127 44.7151 45.0245 44.4005 43.7487 46.9498 45.8065 45.3578 46.4998 48.2572 48.644 46.3144 49.0311 50.8811 49.0361 46.8784 49.3025 51.5907 52.5834 52.6409 54.9817 54.6407 53.5844 56.5671 58.1998 61.2577 58.6063 63.7431 60.3766 64.6664 66.5242 69.6987 69.269 74.5567 73.6919 76.5226 80.4359 80.1246 87.362 90.2332 92.4337 97.4409 103.431 107.832 113.08 117.063 126.813 135.201 145.098 159.171
157.335 145.186 135.067 128.738 121.804 112.584 109.433 101.711 96.1115 95.6927 89.392 84.1163 83.4272 79.943 77.4454 74.2568 71.0534 69.8787 69.2454 67.1785 66.2357 64.6802 62.0762 60.0303 59.0104 59.2586 56.536 53.2601 54.7859 53.6585 51.4406 53.183 50.9533 53.1913 50.5963 50.315 48.2539 48.4304 47.9766 48.4835 47.7959 46.86 45.1494 43.9676 46.0352 43.0884 44.59 43.7691 43.1331 41.082 41.3426 41.0863 40.0489 39.9292 37.9131 38.019 38.6498 37.2101 36.6091 36.1478 35.037 34.954 36.0921 34.6335 34.098 33.8808 33.7768 33.5096 33.0163 34.4211 33.5034 33.0819 31.6377 31.7151 31.5337 29.1766 31.1709 30.8592 27.3235 26.7229 26.3074 24.9847 24.4969 22.0162 20.393 21.1688 21.9855 22.8872 24.0753 26.8133 28.5944 27.4545 28.4859 30.6129 31.2568 32.3823 31.7418 34.0157 32.179 33.1713 31.5481 33.5295 34.3924 32.0042 32.8692 35.7631 35.6376 35.1955 37.8739 35.8677 37.6632 36.6211 38.8053 37.7422 40.6972 41.2868 38.7838 39.3377 41.639 42.4453 42.0863 42.8895 42.724 44.9691 44.5151 46.579 43.797 46.3037 46.9643 47.2132 46.9296 47.3393 48.6482 49.523 49.5249 50.3891 50.4962 54.3821 52.0656 53.4261 53.31 57.1618 56.0545 58.3459 56.6242 58.8827 59.2244 61.8666 62.9828 63.4003 64.9715 67.114 70.6455 72.774 74.8155 77.8475 78.4872 83.9851 88.7338 91.1281 94.5206 97.9605 103.415 104.619 116.26 120.623 126.524 137.565 144.725 157.561
157.919 144.917 135.223 126.505 119.342 113.331 107.354 103.396 98.5439 94.8894 91.0755 88.8872 81.4622 82.8866 79.4595 77 74.8682 70.2921 68.7099 66.4836 65.6986 64.0775 63.9544 61.0988 59.3694 56.2036 56.7282 54.6624 56.6811 55.391 52.4874 52.3733 51.9347 51.3014 50.4082 52.9606 48.635 51.3434 47.4425 48.2358 47.5251 46.7116 44.921 45.276 44.0905 42.3792 44.3058 40.87 41.3182 41.3194 42.3171 38.7548 38.6697 38.5519 38.7765 36.5243 35.8661 37.3182 36.931 35.8725 36.5005 35.1655 34.6753 33.5852 34.4921 33.9817 33.647 33.0009 32.6385 34.2979 32.1775 31.4574 31.7928 31.8876 30.5584 31.6436 30.6875 30.1007 28.8108 27.7644 26.0516 24.8732 22.5299 21.6273 20.6105 20.6178 22.4316 24.2606 24.335 26.5134 26.6175 27.3539 29.4417 27.9086 30.2514 28.7631 31.6366 31.5908 29.7543 33.1273 33.5098 33.0608 33.0409 31.8718 36.3642 34.3855 34.9855 35.7554 34.8031 33.8216 35.8715 37.2265 38.2993 37.2253 36.5853 37.154 40.0463 39.9934 39.7368 41.2232 40.352 41.838 44.0487 44.019 43.9204 44.7016 46.9311 45.9429 47.3536 47.8652 49.701 50.0461 50.9728 50.3927 50.4599 50.4534 50.8739 52.5767 53.4386 53.8152 53.4688 56.4776 53.9384 57.0759 57.3545 57.8537 58.8898 62.0521 62.1886 62.2575 66.2451 68.8028 71.9241 73.9591 75.3098 77.4195 80.1343 84.8214 87.5748 91.9699 94.3752 98.243 103.491 107.217 115.801 118.005 126.76 136.091 146.88 156.303
156.156 144.155 135.826 125.959 120.906 114.742 109.94 101.223 98.8319 93.4482 92.5469 87.9509 87.6919 79.6489 79.2016 73.8523 74.8481 72.966 70.2173 67.9498 66.7876 63.1743 59.9857 61.2611 57.9631 58.7869 58.4366 59.0694 57.0037 52.3201 55.5337 52.7618 51.9107 53.639 51.9268 49.4321 48.8682 49.3339 48.11 48.4954 46.741 46.0291 45.1872 45.8079 43.7115 43.2706 43.9023 40.623 40.5928 40.0853 41.1186 37.8577 40.4124 38.3172 37.6705 37.0798 38.1959 35.6588 36.5716 35.3731 34.3867 34.8993 33.8688 33.107 32.7335 33.4753 32.6561 33.6145 29.6598 31.933 32.4648 30.5078 31.6684 30.8539 31.2331 29.8481 30.9612 28.2684 28.2792 26.564 26.4641 24.1569 22.4208 21.2809 20.6011 21.1717 20.9124 22.7622 24.9272 26.976 27.0648 28.1303 28.7575 29.117 30.0555 30.2969 30.3968 29.7576 32.7799 31.3382 31.7914 33.5826 32.1218 32.2091 34.2581 33.954 33.2967 34.675 34.8569 34.9727 33.8951 35.2814 35.9516 37.0731 36.3194 38.0001 38.7355 39.0002 38.3414 38.8307 41.0501 40.7278 42.435 43.0529 42.1888 43.6931 45.2768 44.677 47.8093 47.3948 48.2799 46.8018 48.0315 51.3329 51.2371 50.0094 53.4101 54.3616 53.5853 53.5379 55.1053 56.512 57.4915 58.2388 57.4799 58.7488 60.7064 61.8424 65.784 65.2165 67.4974 68.37 70.3172 73.2137 76.5411 81.0088 81.9396 84.5054 87.4835 91.0386 93.1819 99.3022 103.265 108.642 115.351 117.79 123.005 132.971 145.166 155.968
151.973 144.444 135.424 123.661 117.802 114.45 107.778 105.249 100.571 96.8952 91.5104 87.1476 86.2399 82.4599 78.1744 75.2585 74.0835 71.3342 72.7551 68.2274 66.173 64.6572 63.0159 63.3999 61.9376 61.3684 57.4478 57.1647 56.9616 56.3482 55.2153 55.0614 54.9461 53.0169 52.3149 50.0647 48.511 49.9625 49.2064 47.2921 45.7888 44.9664 42.1884 45.3486 44.9292 43.8185 40.721 40.8357 40.6117 39.4676 39.0958 38.8988 37.0847 37.2536 38.006 37.3657 35.2568 33.5115 34.5931 34.6379 33.5839 33.2253 32.6023 31.7914 33.9893 31.2387 32.2483 30.9811 31.843 32.707 29.8544 31.2874 32.1409 28.6992 31.0882 31.1214 29.1748 29.4182 27.5998 27.3464 25.7188 24.7085 22.8345 20.8968 19.374 19.4886 21.9022 22.844 25.7873 26.2455 27.0013 29.0942 28.7917 29.4653 29.9797 28.3166 30.1208 29.0401 30.9716 32.4562 32.0297 30.7726 31.2274 32.0557 33.6266 31.6303 33.7338 32.979 33.128 33.888 34.3173 33.8434 35.8417 36.8078 36.9416 37.0277 36.876 37.9008 37.606 38.4968 39.2044 38.7486 39.8363 41.4212 42.9054 44.6494 43.65 44.2267 44.807 48.0169 46.9428 48.6686 50.1719 51.1753 52.3072 51.8213 51.9943 55.4534 52.1365 56.9116 57.4873 55.9793 59.4672 56.6054 59.719 61.4301 61.5269 62.0521 65.3868 69.4295 69.2189 70.2413 72.026 74.9863 78.6019 77.5386 81.656 84.005 88.3375 90.4033 96.017 98.9881 103.101 107.834 112.323 122.412 126.187 132.178 145.158 153.721
154.207 140.748 131.992 121.208 118.518 114.049 108.369 103.322 98.1697 93.5318 89.0561 86.4496 84.9227 83.8773 80.9399 79.4933 76.6042 74.2787 70.2345 69.3438 67.5281 65.9276 64.3265 62.9355 62.1597 60.8315 60.8639 58.087 59.7864 58.3245 55.6317 57.2959 53.4394 53.0912 54.8444 50.5642 48.1667 48.5453 46.6254 47.2155 46.1423 45.3457 44.1924 42.3641 44.486 40.249 40.4258 40.1128 39.9549 38.2077 37.8131 37.3203 37.0784 34.9801 35.3551 35.8477 33.2709 31.8785 35.0746 34.2821 33.1601 33.0137 32.106 34.2778 32.8189 32.2917 31.6555 32.1497 30.9207 31.9146 28.6323 30.4092 30.1991 28.7395 29.0901 29.0887 27.8518 28.4835 27.9937 27.8443 25.3294 23.9015 22.2451 19.9735 20.2964 21.2825 21.1903 22.9425 23.9934 26.5846 25.9551 27.672 27.6006 27.6559 30.0032 27.1717 31.4199 30.305 30.415 31.5808 31.3395 31.9493 33.0582 32.8243 30.7536 31.9343 31.9778 33.7776 34.7416 33.6785 34.2303 33.6804 34.5972 36.009 34.9946 35.9435 37.045 37.0587 38.4026 38.0024 38.8029 38.8681 39.477 41.1636 40.2823 42.184 42.251 43.0724 45.2535 44.8504 47.7957 47.3232 49.3851 48.0042 50.9941 51.7633 53.5952 53.4734 55.5915 55.0866 57.9797 58.3513 61.1885 61.4632 63.6432 63.5534 62.8325 63.8742 67.8991 67.4764 68.9076 72.6217 72.6522 74.9977 78.0456 79.8178 82.2091 84.2419 87.7307 90.0376 95.1598 96.1953 103.476 106.939 110.264 115.916 120.335 133.791 141.943 157.39
154.067 140.802 131.14 121.852 116.951 112.461 105.967 99.8779 98.1331 92.0919 93.1285 88.6962 86.6839 83.5425 81.3845 79.562 76.8976 74.8902 73.0324 73.0467 70.4533 67.4182 64.6148 65.0213 65.2695 62.6384 61.3849 60.4746 57.2536 60.4443 56.9686 55.9997 53.9446 54.5569 50.4719 50.1361 49.061 48.3557 48.9177 46.7878 44.5635 43.301 43.6347 43.0091 41.6876 40.7758 41.1007 39.881 38.3937 38.0389 36.9833 35.8215 38.9313 35.8833 35.2226 34.2209 34.1793 33.2346 32.0672 33.0086 33.3474 32.008 31.6173 34.0992 33.1127 31.4609 31.6283 31.2928 31.5234 29.9651 30.6595 29.3755 30.0648 30.1322 29.1727 31.0666 29.5906 29.0328 27.704 27.9829 25.6269 24.4466 22.7353 22.6992 20.3575 20.7742 20.939 23.2222 24.3528 24.3896 26.4807 29.3232 28.3606 28.5355 29.0073 28.6794 29.7202 30.2888 29.0515 31.6774 31.4597 30.1127 31.1348 33.4722 32.1162 32.2359 32.9512 33.0953 32.088 33.274 34.55 34.1507 34.9029 34.2061 34.9445 34.7289 36.3865 36.067 36.1332 39.151 37.4543 38.9173 38.551 39.2156 41.9636 41.1631 42.7681 44.5096 45.2909 43.1786 49.3887 47.5812 49.4709 50.5917 51.0303 51.8991 52.9838 55.4815 56.7269 57.3252 57.2629 59.326 60.9363 64.4071 64.4027 65.9075 64.2817 67.1283 68.3785 69.9737 71.6314 74.5974 75.5719 77.8707 79.475 80.6554 84.5203 87.7121 88.4153 91.3977 94.1096 99.6926 100.155 107.305 109.868 114.083 122.18 130.376 140.7 154.991
152.903 142.611 129.28 123.838 112.26 109.149 104.571 99.8555 96.7093 91.7328 89.5287 90.7251 84.9364 84.9982 80.0235 80.9795 78.0118 75.9875 74.8115 73.9841 71.9982 71.1766 68.6765 68.0978 67.2832 64.6423 61.3054 60.8329 59.5669 57.5673 58.1514 56.3627 56.0872 53.7343 52.3376 52.1595 49.9617 45.8057 46.7493 46.0419 43.8588 45.6491 42.9895 41.3708 41.2082 40.8521 39.4317 39.5448 39.6714 38.1873 35.9946 37.6484 35.8471 35.7157 34.4236 34.6767 34.2644 34.4464 34.7483 33.2859 31.6733 31.3522 34.1239 32.2683 29.6503 30.5296 30.555 31.1165 30.515 30.1318 31.2622 30.1783 27.869 28.761 30.2399 28.9434 27.3476 28.8619 27.2642 26.8059 26.1729 23.9845 21.1331 20.7931 20.5789 20.3107 20.723 21.0774 24.1524 25.7571 26.9677 27.3562 26.6027 28.1432 28.6532 30.7338 27.9661 28.5397 30.7578 32.7486 30.7221 32.7426 32.2769 32.683 32.5945 31.6015 33.2052 31.5061 33.226 32.7899 32.553 33.5008 33.4272 33.6211 36.8032 36.479 35.0432 35.6735 37.2784 36.0834 39.7467 39.7859 40.077 39.1719 41.3421 41.9729 41.6514 43.4227 44.6006 44.5401 46.7464 48.0051 47.134 50.2004 51.949 51.5993 54.3021 52.8109 56.2534 57.2176 59.2585 60.4811 63.5204 63.682 63.817 64.5292 69.6652 68.9549 70.6942 74.052 73.418 74.2938 75.1046 78.4019 78.6145 79.2298 85.3284 84.0735 89.2638 91.6825 92.669 97.2649 99.2569 103.65 110.137 117.083 121.1 130.641 140.541 152.76
155.752 141.928 128.444 118.398 112.782 109.996 102.811 98.2824 95.5717 91.5539 90.0422 87.0689 86.2411 84.12 83.7796 80.6208 77.3035 80.4209 76.8863 74.6737 76.2265 71.4128 69.6611 69.4228 69.9192 66.8012 62.3423 61.0206 62.1733 59.1675 58.0867 56.9424 54.4968 53.2592 52.3855 49.4204 50.3919 49.3388 47.7535 47.121 45.1574 43.505 42.9347 41.8789 42.0224 39.4534 41.6587 37.1844 37.4568 38.5138 38.1941 35.8473 37.0052 35.24 35.7436 35.324 35.1956 33.3374 34.629 32.7825 33.3776 32.3885 33.1509 31.1064 33.1303 31.076 32.2878 31.0379 30.8531 30.614 29.4452 28.5248 29.4135 29.5469 27.99 28.5416 27.3719 27.9614 27.5716 25.6603 27.255 23.3827 22.9329 21.0308 19.7609 19.1836 20.999 21.9668 22.6811 24.1484 26.8952 26.7803 27.1591 26.994 27.8241 28.8225 29.3983 28.8757 30.3724 30.4394 28.6582 31.037 30.6912 31.9323 31.9639 31.5253 32.4924 31.6428 33.1627 33.1907 32.7415 34.8289 32.977 33.8956 35.3166 35.636 34.0078 37.3356 36.9178 36.7205 37.3364 38.009 37.7491 38.3452 39.5216 40.5992 41.3053 44.9007 44.4241 44.1784 45.7445 48.9863 48.3612 51.3464 50.8537 53.4322 54.1514 55.9778 57.3662 57.9579 60.5351 60.7991 62.6672 66.1837 64.7605 66.2542 67.7156 71.9877 72.9207 72.6703 74.7127 78.4908 79.2273 80.2419 79.3932 81.8222 82.3361 85.5097 87.1371 89.5082 90.9057 96.5132 97.7419 102.291 106.052 112.42 119.017 128.604 140.503 152.283
155.637 140.404 126.074 120.292 114.097 103.092 101.09 97.3518 94.8493 88.7395 88.3075 87.2198 85.7674 82.8544 82.4988 80.8474 82.2138 80.1987 81.3514 77.7505 73.3238 73.3759 73.3116 70.6428 67.9218 68.7123 69.3041 63.6534 62.1826 59.8962 59.957 58.3205 54.1499 55.3069 52.3759 50.5781 52.3978 48.1309 47.8203 46.9528 45.3477 44.2002 43.7466 42.7404 41.9411 39.1899 39.9678 39.3879 38.4057 38.5841 36.6667 37.3455 34.1302 35.1577 34.0006 34.6049 34.2365 34.9316 34.6225 32.6227 33.1797 33.4945 32.3908 32.1708 30.8224 31.6414 31.4919 29.4306 30.681 30.399 29.3282 29.4776 28.7546 29.1133 30.1622 29.1072 27.9684 27.5806 26.3811 25.7753 24.5967 22.9693 21.981 20.1074 20.3484 20.7583 20.2974 21.8577 23.9567 25.6361 25.3818 24.7386 27.6556 27.5606 27.7095 29.3759 28.8965 30.7953 28.6476 30.5959 30.9887 30.393 29.6219 29.4781 30.8491 30.1299 31.9062 30.9912 33.1383 33.6158 33.7083 33.7009 34.5624 32.6468 33.5207 34.1392 34.9599 35.5448 36.1632 37.3829 38.2246 38.9402 39.1757 40.4477 40.8471 43.2863 41.0962 43.6622 44.4286 44.1143 45.7767 47.9189 50.7808 47.7774 51.8944 52.3207 54.9401 55.4456 56.8602 59.0044 61.3145 60.4149 62.4605 64.0294 67.002 69.9181 70.7225 73.1547 75.2436 76.6811 74.5025 79.6109 80.1977 80.8405 82.774 83.7548 86.5198 84.6255 88.3786 90.1267 93.13 91.766 99.6548 100.082 106.515 111.616 119.799 128.654 138.471 153.228
154.619 139.645 128.632 118.736 109.949 104.928 99.1287 96.1281 95.2068 93.0273 90.7687 90.1781 83.8233 83.6947 82.4753 83.0644 79.3887 79.9236 81.0777 79.3091 78.1356 74.5733 74.3458 72.3941 70.4859 68.5628 65.4688 65.812 64.4232 61.5457 58.0505 56.672 54.8202 52.2445 52.3713 50.8045 50.529 47.2831 47.3162 46.8811 46.1961 45.4264 44.2275 41.1815 40.3351 41.4291 38.6776 39.3076 39.2783 36.0865 37.5507 37.4157 35.2476 35.8102 34.3564 35.0353 35.1794 34.1177 33.3244 33.647 34.7728 32.3342 33.1659 32.0895 32.0071 33.7026 31.9263 30.3546 30.5829 31.0888 29.7595 30.4988 27.9397 29.5024 29.707 30.9172 28.2369 28.0179 27.1667 25.2924 24.3635 24.7118 21.6257 20.1777 19.2134 19.4132 19.7453 21.9496 23.634 25.1444 26.6848 27.7678 27.058 27.9722 28.9824 29.0303 28.6935 28.3321 28.6779 29.898 29.8502 29.311 29.5785 29.8079 30.7807 31.458 31.7793 32.2726 31.5247 34.41 33.9206 34.8841 33.4979 33.5149 35.7757 35.8298 35.8626 34.7672 38.0886 37.5466 38.4479 38.2049 39.7601 40.0306 40.5038 42.1639 43.8007 44.7282 45.0121 45.8428 48.832 48.4548 51.1548 49.9602 50.4467 50.613 55.8739 55.578 55.4554 60.0686 60.5595 64.6934 63.4861 66.4824 67.4337 69.0096 72.9279 72.6563 74.5103 75.4831 78.1526 79.6985 78.7711 81.6343 80.1001 82.0607 84.0812 87.0423 87.0988 88.1592 90.2037 92.7969 98.2061 100.65 103.422 112.085 116.046 127.542 139.991 152.999
153.328 138.21 128.597 116.123 110.259 103.677 100.206 96.1725 93.8182 88.5628 88.3484 86.8175 86.211 84.8866 82.6531 83.3708 82.0443 79.6632 80.315 77.7276 78.4652 75.6925 76.2976 71.6549 70.5971 68.2745 67.7049 65.331 61.0983 62.9373 59.3072 58.4827 55.164 55.9233 52.9811 52.7113 48.181 48.6317 49.326 49.1874 45.5003 45.3284 44.3566 45.1322 42.8056 40.2221 40.3712 39.9955 37.4048 37.7664 37.0477 37.2003 38.1477 35.7931 36.213 33.7274 35.3495 33.4262 34.663 33.8907 33.2069 33.0158 34.3793 32.04 30.9531 30.5194 30.2635 31.8829 29.8893 29.2441 30.7932 29.1266 30.7382 29.6287 28.5667 27.7011 30.2177 27.3108 26.57 26.2129 24.1701 23.0634 23.166 19.8703 20.328 19.9022 20.6693 22.8968 22.771 25.0561 26.0234 27.2967 28.9761 28.3287 27.265 28.2296 29.1094 29.6158 29.572 30.9662 31.4318 30.4617 30.6272 30.9319 30.8193 33.2748 31.8468 33.2184 32.4232 32.934 32.8124 32.4703 35.0234 35.0611 34.6678 34.0011 36.3714 38.3384 36.5721 38.2038 37.9693 37.9584 40.2368 41.9696 40.8495 42.8732 42.9852 46.9371 46.3357 45.4417 48.1754 48.4575 48.5162 51.3705 51.3205 53.5445 54.5258 54.824 59.5887 59.6287 61.246 61.8536 63.9234 66.4835 69.5183 71.3624 71.8896 75.0278 72.5488 76.7554 80.7685 81.2179 80.4982 84.1032 77.6363 85.0864 79.6551 84.9281 87.067 87.0813 89.0241 90.9946 94.0712 96.8243 103.469 110.344 119.802 129.499 139.004 153.79
153.497 142.749 127.54 119.52 110.928 103.654 98.7157 97.1958 92.2546 91.918 85.8452 87.0081 85.1128 83.2958 83.2644 80.8829 78.5982 77.8909 76.8451 78.8065 76.0977 74.4883 73.401 72.6367 68.9389 71.0752 67.2068 63.1765 64.1789 62.2492 60.8971 60.0225 56.9017 56.9474 53.8385 53.897 51.5226 50.8018 50.2004 50.668 48.5854 47.5554 45.0592 44.7887 44.54 42.2219 43.1186 39.3726 40.4884 39.6747 40.0176 38.3343 36.9423 36.2721 35.2346 35.5903 33.3396 34.484 32.1611 34.9292 35.1544 31.7325 32.5778 33.4777 32.1783 31.8295 31.6244 32.4192 31.6405 30.6514 30.6346 28.6981 30.4749 30.3422 30.5208 27.9166 27.4468 28.4951 24.0525 27.3227 25.5271 24.0921 22.6012 20.5558 18.751 19.5992 21.1293 21.034 23.7431 25.4974 26.5056 28.42 27.4305 27.9084 29.6107 29.52 30.1372 29.1449 29.9693 29.2408 30.2586 32.4383 31.1148 30.624 32.5579 32.0481 33.1228 33.2731 32.8281 33.6458 33.7742 34.5285 33.9212 35.4732 35.1577 33.6743 36.9478 37.7989 37.5207 38.8099 38.9883 38.1304 40.6309 41.7716 44.2989 43.4088 43.2898 45.014 47.1293 47.7688 47.4079 50.7561 51.9082 52.5673 52.2718 55.4927 55.8823 57.6545 58.868 60.6763 62.5019 65.6887 63.4353 67.3548 68.0551 68.8711 69.732 72.1373 74.8665 77.7142 76.2112 79.7262 79.2169 79.0277 81.9285 82.6132 82.5163 84.9634 88.3212 88.2174 90.2159 90.2775 94.238 100.478 104.091 110.061 118.81 130.067 139.368 152.736
154.607 139.991 129.876 118.129 112.784 102.667 102.355 97.369 91.0956 91.4961 87.0108 85.3782 83.5076 84.8214 81.2481 82.1318 81.8714 78.2196 75.0536 75.8734 74.7801 71.8689 73.4068 70.5342 69.4784 69.2359 65.7896 64.5339 63.116 62.8175 61.0537 58.6244 60.5202 56.7752 57.4033 55.9526 54.7961 51.2538 51.0087 50.0068 47.6118 45.8347 44.4481 45.0072 45.824 42.3106 42.625 40.5708 42.3043 38.1006 41.7464 38.4596 37.6157 37.6989 34.2026 35.6458 36.7694 33.7518 34.8956 35.6124 33.8329 33.7799 34.1962 32.7991 31.4083 32.7653 31.1325 32.8313 32.6606 30.2787 31.1672 30.9951 29.3631 29.4019 29.961 28.6696 28.2051 28.5097 26.2607 24.9043 25.0286 23.0371 21.272 21.032 19.4913 21.0652 20.709 22.2928 23.4977 24.4981 24.5455 26.1875 27.967 28.3979 27.4219 28.9981 29.2369 30.985 28.9167 31.9272 29.581 30.703 32.4299 32.5828 32.6657 31.4172 32.3757 33.0362 33.8412 31.6046 33.8736 34.1859 36.0732 35.9315 35.2727 36.3917 36.7185 38.1714 38.5759 40.6113 40.5072 41.944 39.9968 42.0813 43.1871 45.8409 46.7032 47.0505 47.243 49.0421 50.372 49.4447 51.8658 54.3974 56.3337 54.6075 58.1068 57.3402 60.3587 63.5272 60.6768 65.1722 64.5961 65.7724 70.1069 68.1724 72.5308 71.818 73.624 75.1084 74.2098 76.6818 75.9718 76.7987 79.7542 83.1611 79.7801 84.7905 85.4945 88.964 90.7933 91.8159 96.3741 99.8509 104.519 109.103 116.737 126.953 140.539 156.757
156.327 139.978 130.619 120.61 111.921 104.834 102.073 95.7114 93.853 89.6655 89.201 84.7017 82.4923 79.9061 80.3509 78.4436 77.0852 76.5665 75.1144 73.0581 72.5714 70.2221 71.9965 67.3171 69.6833 65.1989 66.3918 65.6143 65.494 63.4997 59.7944 61.8626 57.6417 58.8553 54.8827 55.1747 51.405 52.6996 53.3388 49.331 49.4072 49.2861 47.0597 45.3364 46.9403 43.3639 43.1779 41.9786 41.5755 41.463 41.4975 40.4555 38.3826 37.5268 39.9999 38.475 35.4354 36.1327 35.5035 35.5894 34.0252 35.0598 33.8756 34.3919 32.8441 33.3068 32.808 32.3358 30.5002 31.9363 31.2259 29.6612 31.6683 29.9394 29.4721 29.158 30.6681 28.0521 27.046 26.3932 25.0653 24.317 22.235 20.5048 19.9795 19.8275 20.2321 21.8279 24.0516 25.9574 25.6299 27.1253 26.6256 28.4129 29.5285 28.9171 30.3934 28.3086 31.1534 30.9865 33.0509 33.1474 31.8514 31.0598 32.4736 33.1427 34.155 34.0225 34.3557 35.0396 34.9842 33.8125 35.5086 35.4972 36.2578 38.8555 38.4106 38.6198 40.3674 41.6078 42.3257 43.1491 44.3205 43.4763 43.7056 44.888 47.9215 45.081 49.2842 50.5113 50.7188 51.9044 50.4487 53.0454 56.2066 55.63 58.2835 59.2152 59.1835 63.0708 63.1437 63.5279 63.6969 66.008 67.9739 67.6278 72.1092 70.1231 72.3632 72.1696 73.5458 76.3346 75.01 76.8083 78.1206 79.5229 82.4623 84.1209 85.7388 88.6916 90.3922 95.5232 97.6756 100.22 105.53 108.868 119.866 128.427 139.578 155.097
154.743 140.729 130.18 118.39 113.705 105.363 100.414 96.7757 93.2778 88.9905 86.8772 87.8603 81.9704 80.7239 76.3548 78.8161 75.5135 75.8413 71.6319 71.0394 71.2529 69.5547 69.267 68.5608 65.2155 65.3108 65.0526 65.1033 63.5492 63.2182 63.4825 57.1052 57.9248 57.4759 58.5474 54.7294 54.3113 53.9993 52.6636 52.6234 52.6541 48.375 47.5027 48.149 46.8591 46.0288 46.8987 44.7363 43.0262 43.0202 42.4583 42.6172 39.7683 40.624 40.2601 40.0021 38.7348 36.2992 38.404 36.5883 36.0101 36.1386 33.5534 34.2821 32.6531 33.8973 30.7016 31.1525 33.014 31.6187 32.4304 29.7807 29.7952 29.1579 29.1692 29.9905 29.256 27.7417 28.0002 26.6064 25.3125 23.9234 22.0839 21.112 19.0787 19.9663 20.9868 22.7603 24.9618 25.0521 26.5058 26.6405 28.2995 27.8626 27.9216 29.3442 30.3476 32.1937 31.7217 31.0789 32.591 31.832 33.5911 32.0715 33.1591 33.411 34.1896 34.0131 34.5119 34.7117 36.2973 36.8753 38.5517 37.4162 38.1986 38.4765 40.2024 40.371 41.1041 40.6552 42.9409 46.0872 45.6144 43.9061 46.7816 47.654 46.8667 49.0969 49.6323 52.1188 52.6808 51.8428 52.1628 52.7208 56.3801 58.1244 55.6485 60.9782 60.3487 59.204 59.869 60.9359 65.2226 66.2102 64.493 64.9375 68.9391 68.7413 66.8524 69.2709 71.6841 73.297 71.9696 76.793 76.8301 76.562 82.705 84.24 82.497 88.4776 88.9586 95.1138 95.0413 101.653 106.963 112.565 123.613 131.019 142.091 154.68
154.472 145.605 132.223 121.731 113.253 105.995 99.7855 98.1267 91.9389 91.0083 87.0725 87.0039 81.091 79.8386 80.0556 76.1135 72.0108 70.4823 69.515 68.8753 68.0063 68.0612 68.1134 66.1002 63.3048 66.3917 62.8695 64.3619 62.3639 60.4853 62.4969 59.4252 58.2619 59.3895 58.5469 58.0082 54.8262 51.4453 53.8611 53.655 50.6462 49.2195 49.7595 49.7675 45.5154 47.6254 46.5335 46.9788 44.0019 42.9286 44.2407 40.4271 42.1741 40.6097 39.5329 39.228 39.3051 38.4055 38.2689 38.3698 36.5593 35.9692 35.0221 35.4549 34.5033 34.7008 34.5074 33.3334 32.9995 31.9415 31.2644 30.528 32.3311 32.471 29.9139 29.3945 28.2865 29.2779 28.3292 27.3232 27.6099 24.7367 22.3086 20.9211 20.7088 19.6646 20.737 23.2222 23.8703 24.6141 27.4501 27.8473 27.8088 30.3537 29.3027 31.4269 31.9855 31.8247 31.679 32.2869 33.265 33.6153 34.8192 34.8953 35.0374 34.0091 34.7248 35.8052 36.4882 37.7092 37.8822 39.4448 40.28 38.6736 39.1877 40.5359 41.1748 40.2601 42.4938 45.4219 44.1763 44.421 46.1355 46.1392 45.585 48.5012 49.6121 50.8714 51.3661 50.0511 51.9869 51.6609 56.455 55.1866 57.3735 57.614 59.1282 59.3267 60.701 60.5497 62.6875 64.0292 65.4868 65.2939 65.4823 65.4032 64.2568 68.8944 65.4972 69.9126 69.8649 70.4753 73.2605 74.6976 76.4574 77.4556 78.4816 83.0644 85.2336 89.1824 89.7436 96.8492 98.1411 103.585 104.734 113.14 122.809 131.266 140.827 154.895
158.175 141.527 131.199 124.171 117.015 107.614 104.654 98.9503 92.9396 91.5449 88.5638 84.9996 81.4692 82.357 77.2387 75.6763 72.3055 71.2508 66.5786 68.2906 68.5631 65.8677 64.6039 63.5341 61.895 62.7797 60.6146 61.901 61.5743 61.6156 59.9955 61.3588 59.2875 57.3341 56.0004 55.242 54.6978 54.1231 54.5655 53.7648 52.193 52.5048 50.0096 50.4242 49.4641 47.2323 48.7977 47.4213 46.4706 45.8897 43.6692 44.7154 44.4315 43.4148 41.1106 41.6521 39.9846 39.1645 38.7101 38.7389 39.9834 35.782 36.9528 37.685 36.6706 34.7772 35.3824 33.5948 33.4462 34.6799 34.2253 33.3833 32.9373 31.6559 31.3131 30.4617 29.5893 29.282 28.1431 26.5507 25.2504 23.6497 24.2268 21.207 21.3944 20.9678 21.2908 22.8893 24.1956 25.4207 27.7908 28.682 30.1427 30.8916 29.6989 32.3455 31.3163 31.8974 32.3396 33.5897 33.0023 35.0547 35.4221 32.6486 36.5872 34.5474 37.0912 36.2859 37.2627 38.9671 38.9772 40.1666 40.9053 41.9683 40.4528 43.1582 41.1391 44.1047 43.5258 45.3172 45.8093 46.2762 46.2617 46.7485 48.6645 50.8655 49.5904 50.0728 52.694 50.3708 52.052 53.4574 54.7394 55.9798 55.897 57.6756 56.3875 58.7285 60.3845 60.4754 62.7796 60.1398 61.8655 60.9072 61.3151 65.2936 64.5624 66.9853 65.8167 65.5259 66.6954 69.5543 71.6386 71.4009 75.8706 76.0981 80.0126 82.7524 81.2244 88.1248 90.3523 91.4598 98.3479 102.001 108.735 115.495 125.005 132.26 141.915 157.238
157.477 144.72 131.778 124.722 115.328 109.31 104.203 97.836 93.0614 90.5176 87.8198 84.5545 81.2505 76.7975 75.2334 71.9661 72.3623 69.7281 67.0981 63.6441 63.9442 64.9554 61.6955 64.4946 61.5266 62.3402 59.8346 59.298 58.363 57.6894 58.7272 59.5567 58.893 55.5043 56.3868 55.6854 54.8397 56.0596 53.3675 54.1976 53.3104 51.8187 53.6281 49.278 49.8909 49.1044 47.8304 49.3779 47.3742 48.6453 46.8959 45.3089 43.9056 46.048 43.7487 41.0095 42.3584 41.6667 41.2104 40.107 37.8672 37.9547 38.1895 35.4982 38.3002 37.4882 36.3359 34.5401 34.2576 34.0157 35.3287 34.3747 31.9654 32.1825 32.6524 32.2996 31.9118 29.949 29.5466 27.0496 27.1045 24.1312 23.4218 21.3979 21.0417 20.7583 21.535 22.0154 25.634 27.5858 27.4655 27.6947 29.9663 31.0086 30.8842 34.1966 34.7232 32.5012 34.3354 35.2282 34.1123 37.0399 36.8138 37.2546 36.8074 37.5525 37.4247 37.6438 40.1229 39.7312 39.4399 42.2318 41.0217 41.4678 44.1409 43.9881 42.8523 47.4646 45.542 47.5509 46.8822 45.6752 49.5561 47.4859 48.8228 49.2365 50.3854 52.0172 52.3564 52.3911 55.1097 54.0414 56.6462 56.6595 55.9588 55.9027 56.5322 59.0105 57.7495 59.4288 58.7297 58.6062 58.2204 61.3602 60.9562 60.0351 64.1181 62.1269 64.5096 67.3405 68.4689 67.6348 70.5012 71.6862 73.9341 77.7813 79.6574 80.7469 80.9983 87.0208 92.6892 94.586 95.719 101.808 104.765 115.831 122.166 131.061 144.824 157.264
156.265 143.872 133.72 124.982 115.046 108.376 103.549 99.8327 93.135 91.019 84.9368 82.1286 77.0977 77.6361 73.495 74.5556 71.9889 67.8883 69.16 66.684 66.6696 64.4471 62.3247 62.6872 60.7323 61.5548 59.3505 59.8105 57.096 56.947 59.6861 57.7796 57.7256 56.7479 55.4077 55.226 55.6324 56.028 55.5969 52.9909 52.2092 52.8399 53.2309 50.9412 50.5154 50.7143 49.0935 48.7561 48.7912 48.8185 48.4736 45.5388 48.1279 45.0634 45.6282 43.5827 44.1198 44.7147 43.1225 41.0594 42.038 40.885 41.7427 38.6331 40.2963 38.2115 38.2376 36.0834 36.742 37.273 33.9062 34.1388 33.5414 34.2993 33.5854 31.6613 32.8552 31.368 29.474 28.4206 28.9518 24.8455 24.2291 22.6844 22.1285 22.3847 23.0239 24.45 25.2555 26.7618 29.0759 30.4903 32.4737 31.0646 31.832 33.0468 32.4946 35.0276 34.944 35.5657 36.0591 35.3438 39.0139 36.9564 37.353 38.218 40.1393 39.7485 41.0163 44.8467 41.9207 41.1796 42.371 41.5523 44.8533 45.0112 45.183 45.9043 44.6282 47.7644 48.7845 48.3983 47.7731 49.3519 50.3979 50.6629 51.5443 51.4971 53.0198 53.3172 52.6406 54.0158 56.558 56.2381 56.8131 56.1462 54.7575 56.7777 57.0042 58.1708 58.776 59.4185 59.7233 57.0012 62.5067 58.8365 59.7715 63.518 61.7069 65.6178 64.4053 67.8673 68.5471 68.8553 73.1406 75.2516 78.4852 78.0032 83.5757 87.159 88.6514 95.1347 99.2656 102.551 110.969 117.717 124.903 133.26 142.793 158.876
154.847 143.272 135.038 122.62 117.047 108.912 106.814 98.0748 96.1971 90.4497 84.2501 82.9536 82.0565 76.8947 76.2999 70.9744 69.4382 67.3986 67.4778 64.5608 62.5343 60.1654 63.5444 59.2529 59.1557 58.6455 57.9116 58.2321 56.513 57.6555 56.9507 57.2525 55.9373 57.5018 56.2279 55.0855 55.814 54.9315 55.188 54.843 51.6235 55.4175 51.1017 49.5604 49.5343 49.234 48.7967 47.4836 49.9165 48.6478 49.0696 48.1384 47.8687 46.5483 45.9507 45.5297 47.4116 46.7012 43.9043 43.9478 43.2708 41.0723 42.2275 40.4096 41.5642 41.2041 39.4924 38.5533 37.0024 38.1961 35.5277 37.3905 34.3972 35.9289 34.212 32.2537 33.1122 32.7448 31.2865 31.2929 30.0108 27.2871 24.7677 22.7304 22.5961 23.1204 23.8006 24.8182 27.2037 28.2371 28.6839 32.4769 32.6705 32.5345 32.6365 35.8206 34.8386 36.2299 36.8912 36.6179 37.9903 39.5272 39.8097 38.839 41.1621 42.8796 39.6125 42.0261 43.077 42.7565 43.6538 43.3612 45.8225 44.106 43.7093 45.3102 47.8799 47.1413 48.2244 48.6432 48.492 46.6622 48.807 50.9591 50.7342 51.1705 53.3075 54.5884 53.3343 53.67 56.0076 52.9081 54.5258 55.8661 56.516 57.163 56.0329 58.2041 57.2342 59.6206 55.9258 56.029 58.0615 58.266 58.1045 59.9562 61.8879 62.9729 62.6819 63.9696 66.3539 65.0242 68.8449 71.6172 74.7605 74.519 76.3502 81.9685 83.2958 87.8537 89.1527 93.2503 97.4302 102.513 109.257 117.62 124.019 133.598 141.788 157.339
157.327 143.862 135.679 124.503 114.931 110.658 103.384 99.5601 94.6126 89.9293 86.2574 82.0269 80.8639 76.5859 73.1876 70.3057 70.2604 67.9214 65.1545 66.1247 64.197 62.2278 61.9317 60.9101 57.8012 57.3446 56.3839 57.2415 54.5745 56.7594 55.4464 56.4503 54.4739 57.8274 56.2274 52.8571 56.0071 54.5054 54.6593 58.1298 52.2829 54.5054 53.9209 53.5521 52.0775 53.9642 51.9434 48.8784 49.7464 49.5908 49.6822 46.6664 48.1265 47.3484 47.9448 47.2658 46.6552 45.2455 46.4165 45.0059 46.1402 44.5676 43.6792 44.2777 42.4606 41.9548 42.1706 40.5097 39.9199 40.6936 38.5799 36.9595 37.7954 35.101 36.0188 35.776 34.7915 33.1501 32.9563 31.295 31.8628 28.8519 26.9581 24.5943 23.9284 23.4605 24.2092 26.8969 27.7395 30.7928 32.1407 34.1861 33.8605 33.9635 34.6243 35.8938 35.9427 37.3343 38.0321 38.5517 40.5357 41.1435 40.1765 40.2524 42.732 42.1393 43.0355 42.5142 45.4339 45.605 45.2926 45.2379 45.0116 46.9307 44.3713 46.9155 47.8948 47.817 47.8982 49.0354 47.8133 49.467 51.535 51.3779 50.9233 51.6422 50.8785 53.807 51.7065 54.7485 52.8677 52.9897 56.2698 56.2858 55.9428 55.0341 54.3957 53.5212 54.3911 56.2933 55.7648 55.2737 55.607 56.0172 56.2095 58.988 60.3323 60.2668 61.1365 62.6503 65.2823 66.6182 68.7669 71.0137 70.1472 75.3547 76.2332 79.0602 85.3979 86.3454 91.3892 94.164 99.4999 103.161 110.261 115.262 123.382 132.579 147.113 158.57
157.08 144.059 134.137 122.417 115.673 109.47 102.665 95.7128 92.7647 87.7591 85.1745 82.7919 78.6114 80.581 76.2994 72.7818 71.0815 69.6492 63.0965 65.1961 63.5734 60.6568 61.2915 60.0493 57.5868 56.8211 57.1848 54.8254 55.2755 54.5814 51.6326 54.4439 54.9684 51.9962 53.2285 54.5194 54.6455 52.9464 53.2662 54.1917 54.0521 55.3551 54.4926 50.9349 54.3706 51.1699 50.37 49.4877 49.1827 49.5983 49.7647 48.0458 46.5254 47.1886 46.6341 48.9221 45.5355 47.8839 48.7341 44.4531 46.8796 44.7311 44.7312 44.8995 44.9222 45.9334 43.0001 42.1862 43.6917 42.6584 39.4984 40.3886 40.038 39.0204 36.8802 36.1701 35.6506 33.774 35.4996 33.416 31.4256 31.1113 27.5425 24.9065 25.768 25.2979 24.7051 28.4069 29.6304 31.7239 33.1777 34.0601 33.4681 35.2888 38.1162 37.7339 37.9856 38.0892 39.5859 40.8048 39.9367 43.7773 41.6655 42.5026 42.498 44.9778 43.5796 45.5351 46.1759 45.4891 45.8193 46.5558 49.0547 46.9667 45.5036 48.2616 47.72 47.9648 48.7293 48.4109 51.1834 51.0224 49.9588 50.965 52.423 51.863 52.1779 53.2059 56.1622 53.796 51.9774 52.9459 54.659 54.9402 53.1796 53.0718 54.0899 52.6825 54.7956 56.4126 52.0712 53.6375 56.2059 55.7902 56.3298 56.133 60.692 61.5722 61.8076 62.4343 63.0058 65.5884 67.545 70.2999 72.4328 75.8976 77.2955 78.9143 83.5855 81.5855 88.4747 94.4665 101.153 105.516 109.131 113.423 125.162 131.558 144.283 156.654
154.468 142.551 130.366 121.46 116.693 108.48 101.989 96.8755 96.171 88.223 85.8762 84.3179 77.1969 75.0052 72.009 72.1364 71.3855 68.1815 66.8111 66.1326 60.1909 61.419 61.7772 58.303 56.8626 56.4671 53.9618 54.0952 56.1322 53.8894 52.3265 51.8513 52.0206 52.6268 52.7517 52.4064 56.1225 53.56 52.6072 52.9546 54.9893 53.1625 55.3712 50.5445 52.2358 54.6015 51.917 51.7342 49.1222 49.4668 49.848 48.6146 48.7555 49.4544 48.9902 47.493 47.5854 48.6098 46.9826 46.8632 46.3805 44.3709 47.0579 43.8282 45.2759 45.206 45.7009 43.8405 46.0466 43.6164 43.386 42.2106 41.0297 41.2248 41.3213 39.4916 36.5353 37.2763 35.0632 34.2651 33.1525 32.0242 29.645 26.6853 25.8984 25.8199 28.3987 29.9275 31.2007 34.3245 35.2281 35.7015 39.9264 37.2158 37.8736 40.202 40.9631 42.8193 42.7268 41.9021 41.333 41.9113 45.9606 45.9498 44.672 45.6194 46.9666 45.3567 46.6549 46.2601 46.0435 47.6601 44.8808 49.9048 48.4694 47.7674 46.9749 48.3758 49.6032 49.9345 51.0021 49.4974 51.0088 51.431 49.9905 53.4598 54.0974 53.9151 53.8556 53.7993 54.9394 54.4646 52.8696 53.3403 54.3973 53.1707 52.0256 52.4228 53.5257 52.7647 53.8311 53.4046 55.412 55.1872 57.0183 57.2517 60.5842 60.3696 60.2841 63.7025 64.1304 67.3361 68.4619 72.3979 74.5524 73.846 78.2505 81.3602 82.5076 87.2777 90.2882 92.6128 97.3543 102.622 109.726 114.406 119.888 131.739 140.38 155.369
155.639 142.579 131.487 121.184 114.495 108.17 99.5989 94.7324 94.6365 89.4302 89.0075 83.5824 79.4481 77.8496 75.0734 69.4829 70.2285 66.4043 66.5175 64.2032 63.9342 63.2547 58.9285 57.8514 55.9187 57.3948 54.7897 54.1832 54.1189 54.0202 52.4821 53.3655 52.1354 52.3173 50.7484 54.0129 54.3734 53.1516 54.2054 52.7976 51.3195 52.2984 55.2842 51.7171 54.5591 52.2877 53.5147 51.9502 51.3521 51.6217 50.1647 50.1655 49.7902 48.6492 48.1506 48.1596 49.4703 49.9335 44.9847 46.5701 47.5073 47.6892 45.6476 46.6319 43.7338 45.5232 46.1941 46.8491 46.4872 45.8412 44.3333 44.3437 41.9257 43.7179 41.5103 40.9246 40.7839 40.3216 38.4888 38.4952 36.1621 35.32 30.8625 30.0084 27.8896 28.7652 28.3815 31.6219 33.4009 34.4727 35.3126 38.0968 40.2096 39.7146 41.4131 42.8825 43.5252 42.6807 43.7219 44.4034 44.823 47.2809 44.9655 47.1414 44.4443 45.2127 46.6971 46.1378 47.6893 48.7247 46.2816 44.9277 47.7872 48.7023 46.7843 48.7878 47.4264 48.2282 48.1158 48.7773 51.4241 52.751 51.5895 52.166 51.6531 52.0204 54.7975 52.1572 54.8804 52.2776 52.0693 52.4227 53.1331 51.0092 52.311 49.5718 52.9222 53.9359 50.1273 52.514 54.1734 52.3579 56.1387 57.2737 55.2597 57.1619 57.5171 61.0725 61.9505 61.6932 64.8535 66.058 70.069 72.5362 70.1857 73.9486 77.6397 81.3173 82.0426 88.0656 89.0316 94.7503 98.6436 101.331 107.487 114.315 120.914 131.494 142.56 154.71
152.446 139.881 131.142 122.181 108.392 105.67 100.507 95.1344 95.4156 88.2631 87.5064 82.2744 80.0418 77.5101 75.2609 73.2445 67.3813 73.5494 67.6642 65.2266 60.6382 62.2013 57.454 59.2478 56.6244 58.1975 57.5145 55.0922 51.9661 52.9292 51.7938 51.5968 51.8166 50.3156 50.7204 51.2119 50.9193 50.0247 52.8458 53.0139 52.0456 49.9001 54.0755 51.8349 55.5076 51.356 55.0582 50.8859 50.72 52.1526 49.4365 51.9019 51.4517 48.4068 48.9395 48.2584 48.8044 49.2923 48.2256 47.4664 46.9513 47.6313 46.6733 47.6399 47.6341 44.9258 46.4293 47.1848 45.1189 44.897 45.9637 45.3108 45.084 46.2316 42.189 46.4778 43.173 40.4348 43.0041 41.1945 38.4833 34.412 34.2 30.8387 30.455 31.3391 31.64 34.5777 35.269 36.7814 41.7456 42.6818 41.6785 42.5654 43.2426 42.1905 44.7607 45.47 46.3833 45.4107 46.7369 45.2083 45.9906 46.451 45.1051 47.5591 48.4711 49.0071 45.7549 47.1703 47.6225 48.5726 47.8254 48.6276 48.7577 49.1911 50.8981 50.4526 51.6188 52.2858 53.4249 50.9813 53.6436 51.6366 54.6157 54.1748 53.7649 52.2232 52.4101 52.6722 54.0204 51.5633 49.7855 51.2615 51.833 51.7034 49.5724 51.4472 52.7544 51.9196 54.5564 52.2631 55.1306 56.8481 58.1457 56.2611 59.1808 60.6108 62.0786 63.1403 64.0166 66.5298 68.923 69.9506 71.6805 78.3037 78.598 80.474 84.2059 88.0034 92.0596 92.3237 97.6747 99.7066 105.089 114.094 121.214 130.017 140.813 154.615
154.104 139.852 127.375 119.808 109.575 104.966 100.697 94.9947 93.9062 87.7694 85.5614 85.9279 79.4824 78.3477 77.4412 73.0072 70.6258 69.2879 68.7831 66.7182 64.9057 63.131 60.678 58.6592 58.5595 56.3923 55.3347 55.6328 53.7 52.2504 52.6362 52.3592 50.0903 51.1519 50.9189 52.3945 52.2793 47.588 51.8655 51.4854 51.1887 50.9036 52.9796 53.3534 52.2971 53.8054 54.0749 52.562 53.399 50.5587 53.2129 51.1168 52.2854 52.287 50.0042 49.7044 50.5205 50.8578 47.2233 49.4999 49.343 47.6746 50.2224 48.0826 46.8724 48.573 46.2234 47.0453 49.2726 47.2279 47.325 49.3353 46.8918 46.9867 46.7584 45.7396 46.3965 43.5315 45.2991 40.7091 40.9556 38.2238 36.4737 32.2113 32.3967 32.0277 33.0642 36.6927 37.9759 42.1655 41.8889 45.0608 44.9027 44.4786 47.2268 48.6614 46.318 47.5537 47.1191 46.6997 47.3031 47.0827 46.9082 47.4777 48.478 46.3464 48.4866 47.7939 49.4638 49.4225 47.8602 48.091 48.357 48.4198 50.6074 49.0069 50.9222 53.7613 53.125 55.5501 52.7459 52.3187 52.6063 51.2891 53.6997 53.3611 51.6373 53.9106 51.9806 53.1729 51.3018 51.8404 52.1438 52.623 53.4587 51.1334 50.2026 52.1276 52.4475 51.815 51.8469 54.7791 52.6613 54.7489 55.3645 60.857 61.2316 61.9486 61.0116 64.2434 68.5348 66.4403 68.3618 69.021 75.049 73.0073 77.1166 80.8951 84.7635 86.5636 87.6454 93.6782 96.5256 101.372 103.466 111.337 119.32 126.348 139.256 152.284
156.685 139.642 127.755 119.186 111.439 102.096 97.5045 93.6155 92.5458 88.4482 84.0074 85.1979 81.5386 79.3099 76.3113 75.9355 73.5268 73.1453 67.2933 68.0135 65.9016 62.5532 62.9022 61.6307 58.8499 56.8543 53.58 54.6023 54.7726 54.7707 54.5171 51.6226 50.2534 52.0325 50.0725 50.8249 50.3095 51.784 49.7194 51.2375 50.7214 53.8792 51.365 51.7925 51.7795 52.1955 52.9775 55.1211 54.3784 54.7912 52.7389 53.2099 50.7148 53.0293 51.7625 51.9506 52.0804 51.8734 56.8385 48.8227 50.8402 48.8693 48.7806 49.8001 47.5606 47.4012 48.8573 48.369 47.4123 48.227 47.9864 50.775 51.1286 47.6167 50.1329 48.1478 48.3512 47.537 45.0656 44.9029 42.9939 42.1727 37.2488 33.8985 34.1508 35.7853 35.6936 38.7214 40.2221 44.8978 44.3829 43.7249 46.9071 45.4599 49.2853 47.5126 50.6431 49.4807 48.8764 48.2535 49.3305 48.7712 47.2379 49.9296 46.7253 47.4502 48.5487 48.9444 49.5499 49.1485 51.2743 49.8594 50.2844 49.74 49.306 51.0758 51.5677 54.7269 52.8906 51.3837 50.5977 51.3627 53.8336 55.7103 52.1816 51.963 52.7736 50.8205 52.0644 52.0739 50.7533 53.1643 51.7286 51.956 49.0984 51.3742 51.3997 51.6674 51.6334 53.3932 54.3144 55.109 56.5023 56.4881 58.0969 58.2958 60.6467 63.2753 62.3853 66.128 64.5766 71.3956 71.9422 74.7255 75.3051 76.4655 75.9305 80.2068 82.0302 86.4105 87.5625 87.8446 92.8366 99.3891 102.409 106.726 117.891 126.987 139.575 154.083
151.856 142.869 128.6 117.964 106.016 101 96.2032 92.7312 89.9995 89.5424 83.3352 79.8399 80.8332 75.1712 77.8729 76.7113 71.8479 70.3808 67.1723 67.3016 64.0577 65.0598 61.514 60.0007 59.4917 59.2168 56.8225 56.2798 54.9295 55.2843 53.4478 51.7449 53.901 52.1842 52.4788 51.8419 50.3057 50.3265 51.939 51.2208 52.1527 50.1955 50.4751 53.0877 53.7998 53.1197 53.6968 53.5607 54.3836 53.8318 53.8527 55.7062 52.2769 50.7162 52.3305 53.9045 52.692 49.5727 50.2738 50.7774 50.6259 50.9118 48.5942 47.1818 49.9678 49.8145 49.4328 50.9498 48.8806 50.0217 50.9808 49.4818 48.6465 48.3806 48.7382 51.0707 48.8757 48.2545 48.2331 45.8393 45.1179 42.7053 40.1441 37.8136 38.0602 36.1713 37.9762 41.1196 44.7601 45.7417 46.5491 47.0694 48.4363 49.4876 50.9404 49.1144 50.5833 47.7114 51.4831 48.5026 48.2652 50.2165 48.0243 48.4848 47.4979 50.2599 48.9518 49.7712 49.4023 49.5554 50.8073 51.2033 50.7582 52.1106 51.1 52.4526 53.9507 55.2684 54.4409 52.8325 53.6419 52.1277 53.3457 54.0127 52.7897 53.6209 50.7413 53.3443 50.4485 48.8987 51.4879 48.3486 51.1533 50.8621 52.4915 50.5309 51.7154 51.2241 56.3172 53.2812 55.7086 55.7943 55.844 56.3018 60.9541 62.9136 61.2297 62.1968 64.2794 65.655 67.6592 69.578 70.8679 73.9847 74.0733 77.2716 78.0244 78.5256 83.9246 81.6411 87.5315 86.3754 90.2393 98.2748 102.709 107.595 116.079 127.489 138.594 151.314
152.035 138.732 126.916 116.719 109.4 102.246 96.8171 89.4153 86.826 87.1039 80.3816 81.749 79.3206 79.0234 74.978 76.4996 73.3947 70.3591 70.5322 69.3906 67.4348 64.9643 64.7952 62.3145 62.2765 59.9069 59.2989 57.9334 56.2235 56.4524 55.8046 54.9282 52.7162 50.573 50.328 51.6945 51.8024 53.3576 48.86 50.225 50.9633 51.9197 53.6072 49.9443 49.186 51.8834 54.4674 55.0547 53.0919 55.5673 57.5478 53.5118 53.4313 54.0865 56.1274 55.2 53.495 52.6646 52.5553 52.3748 51.3331 49.4409 52.5863 52.9746 52.3311 51.2748 52.0238 53.0774 50.9916 51.1389 48.9849 49.546 50.3271 51.5787 49.8683 50.8831 51.068 49.7564 50.629 48.1899 49.0322 43.7653 42.2469 39.0529 38.0393 37.4013 39.4297 45.7628 44.1677 46.8224 49.9305 51.3652 49.3811 49.219 50.9187 51.2839 51.0215 48.3213 51.9925 51.3581 50.2083 51.3031 52.3235 50.5067 49.4488 53.0522 50.724 50.7356 51.7995 50.7531 53.038 52.7578 51.5591 53.3586 53.1527 53.1968 54.8863 55.3303 57.396 54.8166 54.1656 55.7628 53.3471 55.0898 51.1946 51.1934 51.6706 51.2148 50.8655 51.9326 51.4475 51.4033 51.7449 49.6465 51.5888 50.8305 53.2983 54.2584 54.5072 53.7697 56.023 55.6128 55.8122 57.7979 59.2902 62.6609 62.2115 66.0258 65.7579 66.7153 66.701 69.3194 72.3551 73.955 73.7334 75.5414 77.7855 78.9126 80.2212 83.888 83.7689 89.8412 92.4769 93.2331 101.086 106.324 114.865 129.643 139.546 152.275
154.981 138.963 123.635 118.047 106.063 98.2659 96.1991 91.8421 85.7173 84.1134 81.4538 81.0211 78.7429 76.0805 73.688 74.2708 73.7539 68.9586 72.5498 68.3261 68.6581 67.6474 64.5257 64.2617 61.7899 61.5074 60.4476 56.9789 57.4501 58.9912 53.5951 53.8956 56.802 53.4566 52.2979 52.0357 50.3516 49.7583 52.9436 50.2147 50.5739 49.8999 51.826 51.1229 51.1992 51.9376 51.594 52.8329 52.809 55.9674 56.7237 54.8014 55.7019 57.4658 57.1396 53.9408 56.0077 55.3739 54.7855 53.1326 53.7423 53.774 53.2414 50.9151 51.5508 51.8326 49.8569 52.6452 53.6224 51.7515 51.5085 49.9481 51.036 54.2687 53.2397 53.2837 52.7576 54.2817 52.5179 48.6923 50.5449 44.1965 43.6727 38.5099 38.404 38.4993 41.3637 41.6922 46.762 49.2296 51.2892 48.7735 48.9699 51.7325 52.5376 53.8187 52.5655 50.7741 53.1555 52.1396 50.1532 50.6713 50.9453 52.5636 51.1178 51.0093 52.0018 53.5957 52.2249 52.5756 55.1278 58.1238 56.0604 56.9389 58.6018 54.329 55.9199 53.5474 57.8563 54.5884 55.7379 53.4865 56.7767 53.009 54.1934 52.7212 50.6592 50.8654 49.8226 51.4662 52.153 49.0939 52.4428 52.7022 50.7131 51.771 53.7404 55.8465 55.3256 57.3628 57.0348 56.9182 59.4981 60.7884 60.4439 61.6374 62.4069 66.0471 66.4279 69.27 70.5334 68.7689 71.4897 73.4912 72.4775 78.8942 77.9364 78.8482 79.4619 81.933 83.9859 86.151 88.8768 94.663 99.6753 107.015 112.207 127.078 136.594 151.206
153.27 135.9 127.771 118.073 106.475 101.723 94.6633 89.2692 84.5847 82.3157 78.6822 77.9186 76.0058 78.204 75.4598 75.2436 74.9311 70.2941 70.662 68.9097 66.7585 67.0561 65.9354 66.5574 62.9433 61.7544 60.3663 59.9589 57.835 57.7006 56.5406 54.2693 53.9716 54.4309 52.7797 53.6035 52.7829 53.4277 49.8373 52.7188 51.6724 51.489 52.347 51.4741 50.3782 53.237 52.2405 54.5104 54.7766 54.4427 56.7328 56.4529 55.7949 55.6103 56.5081 57.1029 56.7022 55.1565 55.0812 56.2994 53.6736 54.86 55.108 55.9823 54.254 53.9914 53.3785 51.7823 52.9809 52.603 53.7516 53.3879 53.5699 50.8588 54.9667 53.2892 55.394 50.4684 51.1365 51.4546 49.1585 46.5368 45.0389 41.5764 42.8432 41.5957 39.9725 44.7709 48.9527 49.4287 50.7556 48.5885 55.1141 54.445 53.0399 52.3341 52.3527 53.3041 50.8668 53.0193 50.9282 54.4742 54.0745 52.9115 54.034 55.7052 52.3999 53.2704 54.1088 54.9672 56.797 55.4536 57.3749 57.9224 57.5516 58.2657 56.8609 55.8895 56.3687 57.1932 54.3562 55.7731 53.5083 52.1988 50.4179 52.565 52.1833 52.5968 51.4799 53.0222 50.5068 53.0218 52.807 52.3274 53.7638 55.0538 52.9624 56.333 55.8973 57.429 59.7354 58.2447 57.1488 61.0556 64.7241 64.0623 63.1001 66.6277 68.6168 72.811 72.2804 70.2642 70.213 73.903 73.0292 76.5883 75.2893 76.1528 79.8456 81.7148 85.8255 88.8115 88.3435 93.7605 97.9464 109.364 117.423 124.72 137.589 150.511
152.615 139.353 124.957 114.778 106.395 97.4207 92.1874 89.9646 84.0991 79.6336 80.6232 75.9119 76.1529 72.1579 75.8135 73.5112 71.7753 70.6873 69.2775 69.6168 69.3979 66.7203 65.8034 65.9634 64.3362 63.1822 61.0171 62.2577 59.4795 59.649 59.0379 57.2292 56.8574 53.2945 55.5539 54.1785 52.4168 51.9845 51.8617 52.2252 51.4129 53.7602 54.5482 51.6777 51.8237 52.6949 52.2036 52.2295 54.6709 56.4213 55.59 56.3577 58.5936 61.0628 58.3311 57.9471 59.4467 60.5402 59.7361 57.8575 56.6645 57.78 57.045 58.1629 56.1029 56.6041 57.1638 56.6445 55.8781 56.3292 55.3429 55.7273 57.5039 54.2136 54.8338 56.6464 53.9591 55.7964 52.9223 51.6667 49.265 47.9421 43.7413 44.0546 39.5138 41.4971 42.4648 45.4794 48.8483 52.2606 53.531 50 53.7882 53.8766 56.4244 57.9899 54.5564 53.5774 54.7386 56.7166 53.7541 53.7275 56.4767 57.6617 58.6637 55.7075 56.4958 55.9442 59.2729 56.7324 59.3562 56.981 56.4022 59.166 58.4225 57.3593 54.6628 55.6672 55.5786 54.8863 54.8595 56.7738 50.93 53.991 53.725 52.5719 51.1706 50.9715 53.2746 51.2875 51.7707 50.4861 53.4855 52.6611 55.5789 54.6701 54.0795 57.226 57.137 58.7136 59.2681 60.8128 62.3633 64.9307 64.2036 65.3944 65.2297 65.0748 69.3314 70.0365 69.5625 70.1867 70.3727 71.1585 72.0949 73.4861 74.2728 79.3323 76.866 80.9889 81.8411 86.2219 88.388 92.1811 100.633 107.344 114.344 124.85 136.656 151.412
151.783 135.983 126.852 115.211 102.925 99.8626 93.702 89.7233 85.5291 81.8551 79.0614 77.0272 75.8388 76.1135 72.0878 72.6626 72.6458 72.5043 70.0198 70.7459 67.3044 68.6214 68.0916 68.2534 66.9356 64.4296 63.0319 63.0745 61.9837 60.2678 58.6896 58.911 57.211 56.1302 55.2334 54.3021 52.9339 53.9407 54.8283 55.7048 52.4144 53.3551 54.0987 51.9264 53.2598 53.6438 51.3707 54.2552 56.5326 53.993 54.7884 57.3912 56.8312 58.9703 57.8623 59.5328 61.7499 59.5499 57.2706 61.5824 61.0842 60.9877 58.6894 60.9918 60.1721 57.4009 60.1312 57.4082 56.3713 58.5369 58.0916 54.7242 57.6456 56.5342 55.0501 55.1528 56.2611 56.9367 53.7343 52.397 50.4496 48.4127 45.7553 43.2763 44.1434 41.3919 41.2903 45.6626 49.0976 52.1491 52.7409 51.963 53.9637 55.9576 55.5088 55.8684 57.1948 55.2002 57.7851 58.6564 57.347 59.6447 58.7847 58.2175 57.6723 57.3324 58.8785 60.4754 59.6852 60.7712 59.5949 59.0874 59.7849 57.1342 58.709 58.0652 60.2603 58.4129 55.4545 55.9439 56.8464 53.4397 54.6746 55.4561 53.3224 51.8008 52.9414 53.6447 52.607 54.1311 52.909 54.4563 55.3598 52.7778 57.0604 56.3335 57.9357 55.6996 58.1307 57.7464 59.9957 62.0866 63.1177 64.712 63.6781 65.0513 67.8144 68.5785 66.4712 70.4458 69.0796 71.8425 68.2972 70.7654 70.2117 71.6281 73.2303 74.3849 79.2593 78.9614 81.2583 85.8297 88.8764 95.028 99.2734 105.01 114.889 124.937 139.116 152.087
