199.087 198.461 198.216 198.569 197.797 197.242 197.003 196.799 196.704 195.823 195.118 195.386 193.539 193.183 191.651 191.2 190.984 187.71 192.293 187.931 188.839 186.532 188.181 186.748 187.191 189.248 187.2 188.427 185.762 185.064 185.301 184.315 184.174 187.752 183.158 182.347 180.748 180.439 180.731 178.622 182.38 178.729 183.782 180.963 180.29 180.862 178.838 174.236 183.636 174.863 179.296 177.167 173.851 176.18 168.281 170.239 172.445 170.66 174.426 172.588 171.437 173.321 169.73 172.078 164.96 169.014 165.674 169.43 169.282 171.839 167.43 169.899 167.314 169.99 165.305 167.96 166.444 168.945 167.503 170.511 167.996 172.756 167.681 172.284 174.703 172.536 175.988 178.28 175.912 175.074 180.532 177.233 178.971 183.817 181.408 176.576 180.063 181.864 181.294 181.233 181.324 182.553 185.438 182.989 183.82 182.37 181.38 183.871 185.268 184.091 188.523 186.45 185.233 188.604 187.813 183.082 188.284 187.279 189.518 186.003 188.656 189.042 190.019 190.248 190.555 193.239 192.023 192.051 196.459 192.65 195.349 195.516 196.331 196.391 198.704 197.243 198.044 199.374 198.789 199.938
199.278 197.784 198.44 196.762 196.299 195.132 193.27 193.367 191.365 190.985 186.162 184.886 181.711 183.151 183.257 179.849 181.781 176.6 179.021 179.309 175.299 175.067 177.553 166.395 171.55 167.244 169.527 169.35 172.303 168.161 166.809 168.901 167.865 163.552 162.261 168.16 162.936 157.006 158.682 160.24 161.588 158.922 155.32 154.746 159.142 149.937 156.476 153.319 152.173 157.657 149.983 148.873 148.459 148.251 152.785 145.045 152.338 144.096 148.642 139.424 142.652 142.505 142.862 144.891 139.8 137.431 135.463 138.746 137.148 137.085 129.876 139.56 134.193 136.776 137.009 143.297 135.425 140.439 141.648 144.818 140.704 141.507 144.362 149.524 139.988 149.407 149.568 149.325 153.087 150.668 149.801 153.163 156.141 158.217 154.853 159.975 156.58 159.018 155.374 160.82 155.624 162.681 161.041 158.978 163.465 167.008 165.74 165.405 164.326 162.148 166.633 169.011 169.435 169.827 173.774 169.642 177.597 175.897 177.025 175.343 171.736 175.701 177.561 181.267 183.38 183.16 184.662 184.593 187.563 186.802 192.325 191.212 191.093 191.814 195.846 195.994 195.967 197.081 198.248 198.608
198.552 197.022 196.353 195.122 193.026 192.184 190.611 188.016 183.466 184.616 180.37 180.709 181.858 176.004 171.93 170.279 171.934 167.82 170.64 161.654 170.203 161.445 163.139 159.651 159.299 156.878 156.235 153.197 159.8 156.211 157.883 146.427 149.787 151.563 144.425 145.608 138.429 144.703 143.468 145.539 142.799 140.049 138.907 142.465 140.451 140.179 139.686 134.592 135.717 133.6 132.909 132.351 131.35 129.466 128.083 135.262 126.582 124.016 128.121 125.41 123.9 130.081 120.499 120.912 116.087 122.834 117.477 119.442 112.23 120.483 113.092 116.312 119.433 120.193 115.233 123.652 120.54 116.82 122.884 125.308 123.176 130.494 126.528 121.762 131.811 132.266 128.111 138.706 129.901 139.908 133.283 136.595 137.983 134.831 132.621 135.843 145.418 141.181 141.036 138.712 142.828 144.011 145.992 144.906 148.697 148.017 145.23 145.506 148.117 152.517 155.99 154.967 156.734 153.396 156.188 157.765 160.522 163.177 168.897 165.403 164.94 168.715 169.714 174.024 170.256 179.797 175.361 178.89 175.712 184.415 186.657 184.02 187.004 189.731 191.676 192.756 195.47 195.946 197.5 197.922
198.309 196.888 196.595 192.185 190.251 188.436 186.895 185.544 179.251 183.193 176.575 179.188 172.962 172.091 165.342 162.231 162.494 156.276 165.143 155.688 158.41 160.201 154.477 154.496 146.465 148.275 142.682 143.966 145.203 144.023 143.057 140.388 136.925 138.714 131.431 136.052 135.509 130.543 129.746 132.934 130.793 133.242 129.614 122.434 126.959 127.904 124.714 121.859 123.083 120.292 121.603 126.075 118.751 116.456 122.298 114.976 115.244 115.204 114.649 109.332 111.885 108.33 104.955 108.622 111.582 105.546 100.356 101.809 106.102 100.475 105.69 107.86 108.026 99.4105 103.245 114.554 106.591 110.547 109.372 113.3 118.063 120.246 117.165 116.557 118.502 121.003 117.008 119.839 117.139 124.129 120.807 123.401 120.409 122.755 126.57 131.173 126.655 127.921 132.331 130.585 130.766 130.238 133.86 136.313 130.042 134.864 135.117 137.475 141.953 136.995 140.127 140.652 138.451 148.798 144.401 148.818 143.083 154.278 155.998 157.258 161.738 162.004 158.372 164.351 165.961 166.165 170.856 169.839 172.99 181.422 177.173 181.42 183.243 190.402 189.433 191.017 192.881 194.411 197.786 198.123
197.458 195.528 196.222 192.701 192.697 187.78 180.173 182.567 178.64 171.385 173.829 171.613 166.411 163.285 162.674 156.669 158.806 155.694 148.92 150.404 149.511 149.304 144.257 141.663 136.794 141.318 134.049 131.963 129.424 126.679 133.472 130.003 126.271 122.284 127.679 127.369 128.872 126.611 123.135 123.23 119.491 118.257 116.392 110.523 119.237 116.623 116.759 116.38 112.386 116.342 110.013 107.942 111.344 110.756 112.297 106.829 108.361 108.368 101.808 96.8012 104.969 99.4954 104.982 98.1308 98.3521 101.796 93.3601 93.1222 90.2423 87.4597 89.1192 93.6502 92.6419 90.0997 91.6793 94.5547 101.962 101.343 100.962 102.738 106.516 110.233 106.752 104.739 102.937 106.155 104.856 108.821 113.107 114.3 113.422 115.654 112.026 114.96 107.66 120.499 122.201 119.9 119.985 121.765 122.627 121.856 122.442 129.561 121.51 121.63 118.314 127.531 132.71 128.685 132.556 135.218 127.543 136.442 140.032 141.928 143.705 141.413 148.107 149.201 145.223 155.758 152.848 151.681 153.584 160.498 167.444 163.738 174.008 175.323 177.366 177.938 182.179 186.089 187.952 189.919 194.274 195.765 195.946 196.529
197.523 195.345 195.517 191.947 188.481 189.073 182.842 177.96 176.251 171.147 167.108 167.993 165.42 155.748 157.21 147.694 145.19 147.609 144.721 140.911 140.652 133.36 130.264 130.352 129.092 130.717 129.135 129.073 121.869 123.908 121.594 122.814 119.92 114.354 115.551 113.161 111.511 109.988 114.655 111.511 104.499 113.574 103.044 109.816 110.725 103.386 103.98 105.723 105.325 104.695 102.49 101.519 100.011 100.981 99.1856 96.7234 98.2028 100.446 103.403 96.8735 94.2286 93.3867 94.1954 91.281 91.9345 84.2497 84.0764 86.1905 83.7134 86.3939 85.7193 82.5916 89.5213 88.3693 90.5294 90.8968 97.425 90.5373 97.1903 96.6823 95.9625 101.425 95.7686 94.7467 101.189 100.095 100.13 99.9603 98.537 102.457 98.5528 103.635 108.222 102.678 106.081 109.63 105.496 112.33 109.732 115.145 113.578 110.71 110.293 114.74 115.472 111.969 118.505 119.929 121.005 120.216 124.504 126.156 129.646 133.654 131.871 133.334 132.792 138.971 141.854 138.127 143.979 146.649 148.518 151.136 152.591 157.21 160.839 162.54 161.079 169.293 174.358 175.798 181.477 182.327 186.278 189.664 191.567 193.439 195.168 196.889
195.871 194.538 193.908 191.615 184.168 184.324 183.437 173.963 172.238 166.205 163.382 165.813 154.484 155.219 153.884 150.142 144.282 140.092 140.346 135.998 134.706 128.338 134.908 128.907 124.507 125.469 124.329 117.98 118.31 115.915 114.709 116.102 114.938 110.903 112.267 105.805 104.392 104.896 107.206 104.467 104.213 106.136 104.632 100.042 98.1193 101.931 103.663 96.2052 99.7957 101.764 93.0936 95.8123 98.1667 92.2986 89.3928 87.067 89.6259 90.1719 87.9623 87.004 87.0554 85.9341 86.2886 87.3575 82.8813 79.2138 84.4253 84.7142 74.7218 78.3257 82.5616 78.9251 73.2108 80.643 79.0466 80.9777 82.6559 86.4155 86.9388 89.2429 89.5373 88.4872 91.6493 90.379 91.3268 94.5366 93.0824 97.6092 97.3864 99.0576 97.7095 94.6305 97.885 96.0064 99.7122 105.911 105.04 98.9025 105.838 105.058 102.743 104.527 113.433 110.271 107.821 106.27 113.293 108.649 115.459 119.068 111.332 123.188 121.351 121.205 124.851 127.674 126.898 129.04 134.84 130.249 137.337 138.808 144.211 143.225 147.978 149.767 151.962 154.395 161.179 162.194 170.386 175.58 175.25 180.748 185.237 186.108 189.581 192.961 194.408 197.505
197.15 196.054 191.168 190.095 186.066 180.986 176.563 171.94 167.615 161.585 163.179 152.211 153.255 150.136 149.294 142.99 141.616 138.274 137.532 132.995 132.538 125.808 127.779 120.377 117.459 119.87 114.043 111.446 117.859 110.333 110.896 107.057 109.939 109.481 101.95 111.056 100.074 104.018 95.6813 107.863 101.331 100.504 99.1626 90.1499 95.2676 95.7654 94.56 94.9612 88.5496 87.6175 85.0429 88.1352 89.0511 84.8871 94.495 87.5617 87.4816 88.2693 85.2736 83.2232 82.3584 85.1902 80.5347 78.653 74.3226 79.6662 82.0513 77.0934 71.4588 74.7612 75.9769 75.4637 77.6415 69.8463 77.3906 81.948 86.0683 82.9819 79.8576 81.167 80.4282 86.6179 87.7792 82.9282 87.7619 88.8409 88.9501 91.7047 88.8946 87.3071 94.4197 95.1596 93.6853 98.357 96.3804 96.1773 99.2141 95.4914 97.8334 94.0622 95.8426 100.049 100.775 104.105 108.926 107.741 104.435 100.711 104.496 110.977 109.614 118.435 112.29 120.453 121.752 120.468 119.746 126.522 127.842 129.254 135.305 135.837 131.638 137.005 141.694 147.179 147.729 155.038 158.336 160.734 158.661 168.522 175.449 182.097 185.16 185.567 190.195 192.14 196.349 195.477
197.779 194.788 192.92 189.66 189.08 183.102 174.841 170.521 168.445 163.807 157.79 152.834 147.295 146.375 143.113 137.391 136.514 129.732 132.231 125.725 127.327 117.413 118.853 117.583 114.381 116.22 108.539 110.593 110.253 107.754 108.311 98.0003 104.867 97.5167 99.6782 102.48 94.9945 95.8082 94.5313 93.3848 99.3034 91.9281 93.5396 94.3835 88.6575 85.8821 89.347 87.0705 89.9863 89.7467 96.5773 89.2171 80.5866 82.4093 85.8717 83.7489 87.2511 76.5816 80.0145 81.6497 76.2275 76.0204 77.7124 75.6866 75.7443 71.5982 73.8145 76.2503 72.8672 73.0706 70.4172 74.9087 70.9747 77.1984 70.6373 76.2815 73.8834 72.2848 79.797 76.3076 81.2383 83.2316 83.0722 87.7135 83.9228 83.7393 87.0444 85.7256 86.7903 89.1216 86.748 86.3993 85.8153 84.4014 88.315 90.4391 89.643 95.7529 93.1789 91.2117 90.4055 101.622 93.9427 95.2851 98.3955 99.5724 98.8272 104.952 99.6226 100.664 107.75 109.196 108.896 110.566 111.73 111.887 114.759 116.727 118.149 118.517 119.775 126.362 134.571 140.938 140.877 142.105 149.619 151.252 150.064 156.364 161.691 167.143 174.114 177.249 180.555 185.444 189.49 193.815 194.406 195.163
195.415 194.325 192.495 188.139 184.888 178.874 175.146 170.33 161.834 161.254 153.519 153.555 147.651 142.797 139.796 135.623 127.895 125.828 123.907 120.118 115.213 119.929 113.573 117.429 107.432 108.587 105.664 107.557 105.051 99.8435 96.917 103.422 93.4435 94.7607 96.4255 89.1549 92.3262 94.3117 91.1224 91.8856 91.5486 87.5202 88.625 84.9603 85.7101 87.1124 84.7812 80.3037 81.5099 87.7095 78.5288 80.7323 81.8991 83.8657 83.9638 76.6353 81.3465 78.5237 77.4041 75.2709 81.321 70.7204 73.1928 72.892 74.286 72.6309 67.4875 64.0242 68.9195 62.3779 68.5465 65.8542 70.7366 72.0774 72.6078 72.2505 66.3073 81.6344 77.5069 78.2849 79.161 77.1259 73.8709 81.4789 72.0279 79.666 77.3338 80.2362 80.5731 80.9707 85.8438 78.6588 83.5042 80.0348 79.0874 90.9784 83.5644 85.6096 90.4952 86.8449 91.5102 88.051 95.1726 93.4699 89.4678 89.6136 94.8273 103.099 95.3601 96.5148 103.394 102.423 104.172 111.263 108.94 112.141 112.219 117.475 113.258 121.175 120.253 124.255 122.947 129.041 129.534 137.294 142.453 143.987 152.935 152.79 159.225 166.274 169.342 170.752 183.175 184.215 190.699 192.732 195.146 196.752
194.135 195.527 191.838 187.368 183.661 177.929 172.059 165.831 163.084 156.665 152.798 147.382 141.589 142.145 130.907 128.748 128.54 126.783 121.837 118.107 106.078 115.539 106.385 112.252 102.962 101.977 99.9017 102.049 97.814 100.889 98.6937 98.9577 96.1272 90.8675 91.1963 85.498 88.7625 90.0419 87.4799 88.839 86.1397 93.5514 84.7745 84.3064 81.3186 75.7122 78.6479 82.6409 79.283 81.1226 72.677 77.6636 76.087 72.4993 78.3957 75.7618 73.9835 77.2577 73.6363 71.9883 70.3423 69.7664 67.9488 69.6566 74.6911 66.8925 70.7216 67.211 62.9709 66.4391 62.3057 65.4553 65.1408 68.3149 69.3845 69.142 68.0591 74.3996 71.4961 69.3702 71.2781 71.5773 75.1767 78.9451 77.9469 78.2272 77.9352 77.175 82.6496 77.5998 80.7029 83.9781 79.7875 79.1227 82.2253 79.4071 83.2725 83.3904 80.9515 86.587 80.9903 87.5494 90.4988 87.0547 96.1833 89.757 87.3334 92.03 95.3818 94.5164 101.092 99.4779 101.636 95.1592 98.1632 101.468 102.855 104.331 112.255 120.691 119.622 120.161 128.18 126.691 120.688 138.475 133.528 147.568 145.89 151.51 164.3 160.079 166.507 170.198 179.051 185.441 186.767 190.608 195.532 194.332
197.051 196.681 191.534 185.854 184.537 171.416 167.566 160.511 154.502 153.836 152.898 142.049 136.205 137.346 134.398 122.226 126.096 121.228 117.443 111.667 100.359 114.578 110.117 101.834 97.4064 97.45 97.3422 98.9445 99.5926 95.2627 93.6571 90.2795 92.6282 86.2499 89.7084 86.2588 83.0688 84.2675 90.1807 78.994 88.5031 80.8274 83.6305 84.2809 88.7158 78.2822 77.485 78.6267 77.7329 79.8242 81.1367 72.1004 71.9564 77.3761 73.6993 70.4803 69.9126 75.8386 67.4177 76.6978 73.1003 68.92 70.2202 68.5487 70.4022 60.9255 63.6806 65.4676 57.8036 63.5097 59.1273 65.9862 64.8502 68.7893 60.8568 66.3056 64.106 65.2393 66.3899 68.48 72.5521 77.4286 75.1899 74.1795 75.0331 74.8148 65.5017 78.5184 71.6633 74.467 81.0233 77.4364 75.0381 80.4304 73.4788 80.4824 79.1576 75.7181 79.6846 85.8005 80.512 89.2718 86.4079 88.4835 87.1978 89.1295 88.8085 90.6 93.7246 95.5546 96.9838 94.677 100.898 100.759 100.541 94.9651 107.638 103.962 113.597 109.856 115.354 114.734 117.644 123.558 126.347 131.686 137.92 139.468 145.159 157.434 153.607 156.621 165.905 168.483 179.473 180.188 185.358 191.513 195.876 195.038
198.157 195.972 191.324 186.562 185.922 174.923 171.493 163.408 156.076 152.096 146.433 142.251 133.102 133.341 130.161 121.475 119.431 119.13 112.182 114.885 109.403 106.064 101.678 100.186 97.398 99.1899 96.9138 87.9202 89.0074 87.2112 90.1751 91.3926 83.9625 87.6505 83.5164 79.855 87.7717 81.8154 80.4422 79.0654 80.5858 76.5929 78.5909 79.3817 77.2286 76.6596 75.3925 71.851 72.963 78.5764 73.1242 74.515 71.8547 65.5257 71.805 70.0173 71.4947 68.6126 71.2275 62.7169 67.6848 68.089 68.512 70.3148 60.3086 63.4077 60.8153 61.7267 54.5438 62.666 62.1242 55.2601 61.8842 61.9194 62.2757 58.8149 65.5117 65.7941 61.7491 63.9973 71.8116 67.114 66.405 73.5824 72.6752 71.5729 74.3283 66.8098 72.9552 72.7758 74.5526 76.27 72.6261 71.4729 76.3051 74.4144 75.7549 78.2479 77.9231 77.8334 81.6457 78.5552 78.6388 81.2833 82.9565 82.9238 87.8275 87.2082 87.1082 83.6995 87.2603 92.1088 95.4049 91.3526 97.1289 98.0712 104.095 99.1954 104.065 108.642 108.783 113.356 110.509 117.123 127.406 133.077 127.64 141.618 143.071 142.2 156.653 151.099 161.853 167.686 176.345 181.227 185.713 189.856 195.71 196.187
196.887 194.04 190.672 186.588 179.21 175.687 169.075 159.185 149.733 147.32 143.841 137.524 131.815 123.917 126.603 122.399 114.908 111.433 111.095 108.444 103.577 96.1284 105.396 99.5068 98.4328 91.4269 90.7608 90.1064 85.5513 88.4937 87.5471 80.1071 87.1941 83.7 80.3412 76.3881 74.1132 78.5984 78.0656 81.4191 72.828 77.9211 76.243 79.3397 69.3443 74.0583 73.4621 76.1626 73.4732 70.9597 70.4197 70.4962 68.3174 73.3869 68.622 67.9304 69.8549 70.2452 60.1315 69.2777 70.0255 65.8287 61.8861 60.1943 64.5977 57.3356 59.6902 55.2692 55.8667 57.9664 59.2634 61.3383 55.5241 59.3117 58.2959 64.7154 65.1063 61.0421 61.6749 63.0772 65.9542 69.5535 67.8709 73.5118 63.3524 66.5268 71.0806 68.469 71.3094 66.2111 70.017 77.1837 72.3076 72.8097 74.9983 76.3365 76.3947 79.3907 76.0024 78.3493 79.6116 78.901 73.9073 81.3047 80.2575 79.6018 82.2206 86.2318 87.9844 84.4354 92.4173 92.229 83.0672 86.494 93.7214 94.487 96.1775 94.8936 100.412 111.291 111.96 110.472 114.355 115.724 120.658 123.765 128.512 132.949 136.82 140.471 141.211 156.389 165.186 166.682 177.463 182.116 187.521 193.108 192.675 196.485
194.523 193.457 191.066 185.769 182.823 174.601 164.359 156.568 155.801 153.971 140.415 134.408 131.805 127.209 121.768 118.363 118.256 113.194 105.416 105.219 103.657 99.3827 100.56 96.5481 97.4151 96.6365 89.8368 87.1376 86.3324 85.377 84.6342 78.7358 80.9524 80.3077 84.0415 77.2284 77.5223 74.133 73.3453 75.787 75.2462 74.053 74.8063 71.9297 71.3504 72.7624 67.8986 67.9547 71.727 72.3731 71.3132 66.4775 70.6931 66.9411 69.5996 69.1731 64.5674 68.6421 59.7801 64.9273 63.6794 67.1221 64.2132 60.7979 56.698 54.3426 60.9347 55.1604 56.8874 57.0438 52.845 51.0374 58.4285 59.6981 58.9244 64.1803 61.2174 58.8121 60.3693 60.5159 61.7385 64.6271 64.9525 65.076 65.076 64.9217 62.4638 71.8519 70.7696 70.3389 65.8777 72.3941 68.8504 72.2159 63.4767 76.891 73.4308 72.3766 70.8594 72.9595 74.3069 76.4709 73.2183 83.5631 81.247 76.6427 81.0709 80.9545 82.1504 85.6632 81.7134 88.7348 87.1201 89.141 92.6937 93.264 94.3092 93.0957 102.118 98.8853 105.341 108.496 111.431 113.508 126.556 118.347 122.1 132.922 141.017 139.013 149.997 151.292 160.471 169.537 169.129 181.29 185.19 190.02 194.971 195.809
193.74 192.844 187.538 186.809 177.23 170.403 162.868 159.352 153.996 140.595 138.789 129.556 126.268 119.495 115.951 111.904 109.893 107.784 104.034 94.9404 99.8908 94.6362 95.548 87.95 90.0161 91.1466 91.9939 85.6351 83.0212 81.1791 77.4475 83.8438 80.6187 79.1788 79.3279 80.3849 75.666 69.2921 72.9255 70.4466 71.6842 67.5061 71.6685 70.7447 63.7034 66.6566 68.8142 71.3223 64.2398 66.5547 67.4694 69.6869 67.6957 66.6318 67.4192 62.0784 64.0442 56.5489 63.848 60.5404 64.3342 64.2225 62.8928 63.7888 61.6836 57.0366 53.2271 55.0386 48.4265 49.091 52.7769 51.304 56.874 54.2752 60.3838 61.2791 54.2355 62.8388 57.6187 60.6183 61.596 62.6171 63.6067 61.7376 61.5406 68.038 64.5814 61.6994 63.6929 61.8305 60.5547 66.4948 66.8446 73.8058 74.3654 71.7149 68.4044 65.7868 73.829 76.5223 76.5725 71.1942 66.0535 78.2753 74.0448 77.613 79.1713 76.6489 82.1942 82.7815 87.8736 83.4453 89.927 87.7739 86.5887 91.1316 90.2267 92.4876 99.2091 102.798 103.724 103.267 107.365 112.134 114.968 123.589 120.147 127.183 134.167 139.47 145.07 147.133 155.728 163.908 168.957 183.587 186.223 188.487 193.273 195.069
196.176 195.159 186.696 182.286 176.795 170.402 166.022 154.79 149.028 136.35 139.133 125.718 131.739 121.007 117.657 112.507 102.984 106.542 105.283 97.1734 96.5622 93.8688 97.2356 90.3266 82.1905 84.7182 81.6581 81.9602 82.1347 82.1666 77.614 72.7012 77.8698 74.0957 75.856 81.0557 69.3073 72.1083 70.8158 72.639 73.7865 66.9851 71.1728 69.5639 72.5338 66.574 66.6082 63.0079 68.7056 66.1046 63.5099 65.7723 65.3675 67.3947 60.485 65.5141 62.2692 64.4941 63.0589 56.7763 60.928 56.7197 62.9362 57.4146 54.4566 54.4613 56.542 53.0461 47.7197 57.0161 55.2941 55.6901 52.6636 56.5388 55.7196 52.4827 58.492 60.0363 56.4105 59.496 60.8093 65.138 61.5743 61.8684 61.6038 69.1025 66.3237 60.1718 63.7713 67.1844 64.4319 60.422 70.662 69.2084 63.7339 70.4739 66.0528 68.8267 67.645 74.0957 71.1552 71.5887 77.8626 79.2197 73.4295 74.5667 78.0435 70.8285 74.1706 81.5585 78.4045 81.286 79.8994 88.6819 88.1735 86.1996 90.0135 92.5029 93.5899 100.726 98.6031 105.479 98.8134 108.216 115.488 110.822 117.378 128.812 135.833 138.565 143.998 152.342 150.745 161.869 173.86 177.613 184.342 188.139 194.664 196.207
196.202 195.648 190.571 185.548 174.288 167.552 162.603 155.672 146.147 139.592 133.797 133.034 128.816 117.628 114.885 108.792 109.522 101.728 100.804 96.8508 93.4149 93.0002 90.4571 92.0661 87.0888 85.4055 84.9756 82.1716 77.6445 78.5896 76.8227 75.8835 72.761 72.3074 68.842 71.4577 78.0499 66.4256 66.793 69.7516 65.309 66.7077 66.2845 66.782 65.559 62.4196 67.6021 65.0624 69.282 68.4923 63.3909 65.9729 60.7532 65.1764 58.7667 62.6375 64.858 61.6544 60.2237 54.4643 56.2017 63.0987 61.7228 57.8436 52.0707 50.9516 52.8444 52.0285 53.7506 49.5766 51.0901 50.1214 51.4372 55.4753 52.8604 56.2473 56.8782 51.2557 57.879 55.5699 60.6139 60.9036 61.8538 61.9728 62.8234 60.0286 68.032 56.9728 63.3563 63.2516 71.3758 62.3377 68.2153 70.3783 65.8023 70.7457 64.9129 62.5742 72.7052 65.092 70.0608 71.6241 67.1832 76.1901 77.3649 67.0379 75.136 77.8683 77.0034 77.8497 79.3801 82.0499 82.7374 78.5288 82.9173 86.1944 87.2248 89.7603 87.7257 88.9706 96.7545 101.103 103.092 106.45 114.53 113.155 119.352 122.227 130.678 140.219 146.437 150.444 155.046 164.838 172.787 174.701 183.033 189.311 190.686 194.81
195.369 192.569 186.646 185.124 178.859 168.573 159.088 149.839 149.348 144.668 134.815 124.919 120.109 107.587 108.833 112.133 100.264 100.786 93.8558 101.842 92.0854 87.6104 90.1499 90.5702 82.4402 78.6193 78.3971 77.6699 81.696 79.4001 69.8174 68.7109 77.4102 77.3085 75.3328 69.2695 68.6966 69.008 71.5396 67.9408 66.978 67.0253 68.1809 63.1356 65.6529 61.7963 65.8697 64.4197 55.6267 61.5286 60.0402 63.6229 63.7255 55.4732 56.2085 63.7308 60.6871 60.5131 58.8748 59.6788 52.3644 57.7165 56.2897 51.8325 50.5092 50.7171 50.4619 47.7618 48.671 50.2567 47.3879 48.8781 51.4551 49.0806 50.1639 53.4209 54.2276 58.0066 51.8281 57.6309 60.6157 56.7457 58.7311 58.807 59.7002 58.9248 59.2942 55.1261 59.9536 61.1065 59.6002 64.9756 60.1704 64.5036 65.6565 57.5425 66.1008 65.3879 65.7073 66.1321 61.9158 64.3724 65.0559 70.8792 71.5699 69.7621 70.7927 79.9819 73.3519 78.8442 75.0652 79.5089 81.7986 80.0461 80.2032 88.243 80.9483 90.1883 85.9783 91.0199 99.4926 97.575 100.582 105.825 103.372 111.223 116.549 127.964 127.518 133.85 138.362 144.647 155.561 160.935 167.999 177.583 183.031 188.432 190.68 193.996
196.464 192.423 189.146 178.786 175.017 166.963 154.895 149.093 141.582 133.084 130.104 124.71 118.064 115.313 114.945 105.704 96.699 97.687 95.4261 89.4371 92.8485 90.6676 84.7829 86.1291 83.2394 81.0801 79.8721 86.1714 80.3976 71.5264 74.1181 75.7791 67.5058 71.3919 66.8816 66.3862 68.3302 63.488 64.4036 59.098 65.3691 64.2438 64.1564 62.3609 66.875 66.546 62.7698 62.6627 60.1584 58.8226 61.0354 62.72 58.9523 59.2324 59.7071 56.7554 56.7996 62.2547 56.4602 60.5381 54.4523 54.3094 57.8477 55.633 51.8521 52.3842 50.7917 47.8954 46.8783 46.9432 51.6707 45.9683 48.8242 51.7741 51.1038 57.1634 56.197 56.0231 54.2831 59.6733 57.1183 50.8256 58.1833 54.9298 57.4689 61.967 56.2496 60.9687 60.2035 58.9485 62.9231 61.5619 65.2807 61.1294 65.4668 63.6892 67.2717 59.709 67.3281 66.0901 70.6916 65.2544 78.1791 64.8295 71.3449 72.1976 67.7088 71.0347 74.5157 74.0918 75.3627 76.5274 74.2497 81.8876 88.5422 81.8105 83.4847 87.2656 88.2931 92.5966 92.2478 93.4304 97.8421 106.486 105.947 105.786 111.496 119.422 122.918 126.913 131.318 146.16 148.735 159.697 165.159 179.889 183.421 185.931 192.643 196.495
196.66 195.025 187.532 183.384 173.438 167.589 156.573 146.649 147.358 137.534 123.941 122.225 122.459 112.998 109.819 107.771 99.5494 96.2651 95.9045 91.184 92.5195 84.1412 85.5043 84.1432 83.1603 83.4794 78.1277 76.4889 76.5729 77.8165 72.5379 70.4635 72.281 68.0741 69.4382 67.0538 72.0845 62.7649 69.1449 68.1581 61.1232 57.5267 61.056 62.3026 63.0424 60.9681 62.5673 59.2277 59.9576 61.4827 54.674 60.817 56.4866 58.8395 59.1951 56.8274 56.5311 55.9018 56.3049 50.6242 60.0564 54.3639 54.1169 53.3761 50.6597 50.965 52.7499 44.4052 51.2307 43.0193 45.9165 44.4279 44.7045 54.1337 43.8985 53.6389 59.4242 60.8041 51.8717 54.9368 57.3045 53.144 59.9349 54.6335 61.8601 60.6738 59.7838 57.9238 59.9379 59.8727 60.4821 61.0284 63.4435 56.8244 56.7839 57.0842 59.6208 69.8976 66.9016 62.2226 60.1512 67.7699 68.8446 70.4527 70.0576 69.5676 70.6947 74.5381 72.6831 72.6485 74.8828 70.4132 75.8904 78.6186 80.0587 83.4705 86.7874 80.039 85.6545 89.8821 90.7622 94.6155 94.977 92.0246 99.6274 110.564 121.093 117.662 123.968 126.43 136.834 139.766 152.713 158.915 169.751 173.649 186.184 188.842 192.739 195.024
192.735 193.033 189.439 182.077 173.398 164.121 160.82 152.283 143.532 126.424 130.538 124.349 117.74 108.651 109.87 102.599 100.472 95.872 91.4588 92.1194 88.7437 84.3335 84.581 79.5454 81.838 76.41 76.004 74.5388 73.2165 71.5059 67.5959 67.5845 64.2989 71.0264 72.0671 67.5441 67.3422 64.6613 63.3089 62.4329 57.9182 60.0854 62.0042 58.4069 62.7943 60.0047 58.877 55.5189 59.1028 51.0363 61.0588 63.5222 59.3088 53.5639 53.0803 57.0193 57.0711 57.7577 57.2513 54.3778 57.0556 50.4554 57.2306 51.1057 50.4284 53.3216 44.8565 49.0254 45.2396 42.8901 47.3831 49.8134 49.3671 47.2226 49.8206 56.191 51.0487 50.0878 55.9569 53.9802 59.5149 57.827 58.1004 56.047 58.5187 57.9751 57.2927 56.629 55.5396 62.727 59.2249 53.8073 60.1724 60.6456 60.013 62.144 65.2122 64.1663 63.3182 62.9983 63.2437 59.3958 69.0994 64.2854 60.3629 61.4699 66.9694 70.1753 66.7043 66.3471 71.7979 71.5059 73.3304 79.1364 72.7785 82.7472 81.1246 78.8506 87.4649 90.8188 91.8067 93.2471 97.6303 92.7977 107.293 105.505 113.33 111.206 120.361 127.62 130.003 141.584 140.577 157.531 167.375 178.659 183.814 187.926 191.761 195.132
192.726 192.177 189.456 180.568 174.01 164.282 156.541 150.951 135.335 130.276 124.67 119.188 116.248 107.276 106.759 99.1974 97.005 94.6274 94.2212 86.6029 84.1938 75.5855 83.0175 84.7701 77.8343 73.5058 74.7016 73.7289 72.1962 73.2079 65.1488 70.1467 70.6255 66.2342 72.5081 66.1475 64.1533 68.1265 63.0333 64.3494 60.0263 56.9034 61.481 60.7412 63.6572 65.3784 57.2446 56.2264 53.3808 56.1614 55.5494 50.702 55.6718 51.5815 55.258 59.6092 54.2582 51.0399 47.0342 59.1532 57.198 55.8407 51.5306 50.6901 51.5805 47.8618 47.5672 46.745 42.6299 44.5591 46.0831 45.8199 47.8542 47.9159 49.7867 51.3259 50.9511 50.0152 49.5852 54.6535 55.0955 55.2959 57.4872 57.5132 55.3121 59.4543 61.0152 52.9951 60.1476 58.1588 56.5578 58.9333 64.8834 58.2151 59.4121 60.3621 61.8916 58.9084 59.8746 63.9898 59.2182 65.0166 63.0701 58.0093 65.1564 65.4304 64.5064 65.4521 67.5752 71.4195 67.95 70.6298 75.0938 72.7096 76.9168 80.5737 79.2306 81.1544 82.0404 80.8034 86.8293 88.9156 89.6088 98.3482 101.144 102.835 108.111 115.078 118.43 128.101 138.309 138.37 142.952 158.485 163.562 174.396 180.032 187.603 193.398 194.152
195.443 190.946 184.83 180.751 174.266 161.34 158.403 141.127 136.123 132.223 122.795 117.284 114.117 108.915 101.245 103.605 91.755 89.1437 91.1681 87.4631 80.8788 82.504 80.2285 75.3587 73.012 74.9731 69.876 71.6459 69.3693 69.4632 67.7792 63.3165 66.7093 65.0356 68.0099 62.0838 63.9894 63.0802 62.431 63.1695 57.0048 60.1816 59.3673 55.9858 62.8438 60.2755 60.8715 60.6566 59.3006 52.4426 54.7893 54.2182 57.4888 53.1732 55.7755 51.7539 49.4829 53.4537 53.9931 46.5742 54.0983 52.3962 50.7111 53.2162 46.7619 48.0161 47.7684 48.2174 47.6373 39.5635 47.3986 43.2096 52.2684 44.9728 42.7403 50.6998 53.9603 51.0176 55.4758 49.7306 48.2061 53.2998 58.1244 52.835 50.5121 58.2307 50.2441 48.9424 53.3869 60.7799 55.2733 57.1529 57.5273 55.0177 53.1562 57.87 54.7248 60.7278 57.9152 61.5512 63.7237 65.8114 59.0156 68.0461 62.1924 65.9392 66.2558 62.2286 67.285 70.2186 66.8394 71.4095 67.8041 74.0672 76.2884 77.7292 74.6349 76.2262 82.8003 80.6696 81.537 87.3704 87.6158 91.5741 97.5443 98.483 104.111 111.999 120.822 123.97 128.17 137.156 142.601 155.594 162.511 174.545 177.625 186.533 191.841 195.135
196.565 194.239 185.613 179.113 172.706 164.157 152.449 143.076 138.933 132.891 118.357 112.357 108.48 105.037 103.388 99.91 91.8386 93.2801 87.7899 81.7234 82.9881 79.887 80.375 77.1985 75.0321 77.0476 71.7614 65.9765 69.8602 68.4034 70.4896 72.2894 63.4259 69.5844 61.3173 62.252 61.7546 58.6806 59.033 59.277 56.4907 63.7441 59.9394 57.8414 56.3822 53.7456 55.3556 52.0412 59.5623 51.6028 55.7316 53.1975 55.3438 53.1268 51.9741 49.0545 63.2185 60.3567 50.8048 52.0636 48.9909 53.3802 51.9269 46.6524 51.0512 46.8893 46.2281 43.3722 44.3529 42.2549 43.6091 44.4177 44.7076 41.9272 46.1727 47.4268 48.5088 51.4319 49.5154 47.6755 49.8761 52.4526 53.1492 48.2012 50.0022 55.1329 49.7169 57.278 55.4664 51.0264 49.9645 57.878 53.7963 53.6808 52.9205 55.8 62.3757 60.4616 59.844 64.3122 61.441 56.0734 64.4454 63.2067 59.4173 60.1811 61.777 65.4838 63.6192 65.8763 68.9066 67.5512 74.708 71.0742 75.8489 75.4435 81.6173 76.4159 74.4758 81.3933 83.575 87.1912 89.6652 92.8994 94.6745 103.778 108.19 111.764 112.702 125.752 132.255 135.972 149.753 153.939 162.79 175.164 179.577 185.305 190.853 194.91
191.687 190.967 185.809 178.714 169.495 158.383 150.504 139.96 132.722 128.256 119.642 116.537 103.949 99.9425 96.1027 98.7456 93.3115 84.6815 80.1843 80.6344 81.943 78.633 77.8861 76.3764 77.5501 69.2021 70.5573 68.687 66.8364 67.1197 65.6591 69.0488 61.8169 67.419 58.4112 66.8205 62.159 55.6359 61.3913 61.4453 54.7983 58.1046 53.7988 52.6914 56.2393 54.8927 55.7634 54.6131 56.243 55.127 54.9136 48.8847 59.1532 50.0203 49.3201 52.0021 50.7218 57.3393 52.3419 53.6798 46.4871 47.4609 50.5035 45.3858 49.2207 46.4368 46.752 46.3682 40.6569 42.6804 43.0618 40.1271 47.2487 45.2571 42.5762 48.4849 49.3164 48.2899 49.0184 52.2499 54.9283 54.5407 49.0846 49.9112 56.7053 54.4733 54.3899 53.0507 50.9389 54.2342 54.1164 53.9962 58.2738 53.2714 57.7158 58.9717 55.1196 56.2589 58.6933 58.1868 60.9167 57.9562 63.6981 59.9405 63.7533 60.978 63.4614 61.7788 64.0832 66.3471 69.6448 67.4091 67.7967 67.8359 70.0949 67.1847 73.6649 75.6958 83.0381 82.523 84.1553 85.5878 88.2662 89.5637 89.6851 94.0301 100.009 110.846 114.231 120.866 127.223 132.839 146.787 151.507 159.65 167.534 180.546 186.858 191.725 192.734
193.623 192.686 185.566 178.426 170.74 165.354 151.384 143.324 136.356 127.424 119.102 113.563 108.176 100.66 94.7268 98.6651 87.8875 85.3329 82.3617 83.0968 79.2656 76.5798 77.6705 67.5872 71.356 66.573 70.8489 69.8258 64.7906 62.8858 62.9062 68.5135 62.1226 61.0192 59.0329 57.8926 59.7528 58.9157 60.5185 62.961 50.9462 56.6516 56.7446 52.7274 53.7059 55.4616 60.4217 55.6769 54.7124 58.9157 50.3384 53.0956 53.6498 48.9917 52.6484 52.6471 52.5516 48.7828 52.2585 51.6342 50.5691 49.7447 48.9115 50.9729 45.6969 47.0436 46.5607 48.742 47.408 44.9579 42.6709 43.5717 40.7878 43.9552 49.5511 48.0247 47.9355 49.1051 47.6616 50.6328 48.8834 53.5313 50.2824 50.3219 50.885 51.136 53.79 53.1096 57.4772 53.6091 58.4328 51.1641 52.2649 55.0641 56.207 59.3017 55.6807 56.6236 66.1411 57.2606 58.9667 62.0321 56.0846 60.3694 62.3175 61.0129 65.8392 63.9662 63.1801 65.6187 62.6641 65.6965 70.2386 70.259 69.6525 77.7724 76.102 74.4776 75.9835 84.6385 78.0221 87.0924 85.1647 88.0314 87.4428 94.4924 95.7359 105.222 109.919 118.382 125.072 133.997 136.954 153.839 159.595 167.972 174.831 185.806 191.462 195.45
197.035 189.752 188.34 180.996 166 156.6 155.222 138.263 134.448 119.835 120.881 113.985 103.006 97.6999 96.7971 97.5888 88.1709 87.6619 86.9363 85.091 82.6126 82.2478 75.6439 78.6392 68.7863 67.3151 70.6805 67.6073 67.1195 59.8534 58.447 65.7488 60.4483 61.2149 59.367 58.7233 60.9611 54.5278 57.6989 56.8793 62.2869 58.369 57.0565 61.1977 58.5871 51.2761 54.4406 57.3301 54.4631 50.454 52.3362 51.6238 54.3441 50.1076 50.0138 49.0978 47.3583 49.805 51.0528 50.2729 45.6346 48.569 49.2815 45.3068 50.3165 47.2578 45.1574 46.4713 39.5053 47.5684 45.9373 40.2006 39.5225 41.8661 38.0315 45.0081 41.8132 46.2585 49.9768 47.308 50.331 49.5327 50.2253 50.7831 53.8973 53.9568 54.7287 50.5161 52.0692 51.0065 50.0376 51.2986 52.4922 56.4868 56.878 52.5543 55.3764 58.4034 61.0206 58.8502 58.1377 58.9202 54.9561 56.9256 61.2704 62.2142 59.8548 63.2492 60.6849 62.6531 61.6617 73.2329 66.5696 71.0942 71.2846 69.9839 77.164 75.4523 76.5957 81.0502 84.6667 77.4852 81.8843 84.3072 94.9267 101.716 102.109 106.98 108.658 114.651 127.237 128.43 138.982 146.817 159.568 169.956 176.443 186.866 192.759 194.856
193.867 194.179 185.464 178.201 170.288 160.353 147.944 144.116 133.796 124.363 113.361 110.392 101.967 100.33 98.3141 90.7022 88.2356 81.6399 85.7225 83.5285 77.1629 75.603 81.681 75.3797 70.9301 70.4343 65.6162 62.5512 62.1568 62.6128 65.3752 62.0691 64.3973 60.0888 60.1572 63.9139 60.186 58.3987 56.9854 53.8601 53.289 58.5946 51.0758 53.8217 49.6802 55.876 52.6562 54.3394 51.8003 54.7051 50.1486 52.5741 57.7331 45.6565 55.0434 48.2915 45.0224 51.803 47.6382 51.4565 49.1927 49.4337 48.7298 50.6882 46.1851 40.533 46.0674 40.8069 37.4516 42.9653 39.6552 42.1422 40.1235 48.1491 43.8241 47.3506 44.4623 47.389 50.6636 44.7321 47.1014 45.9592 46.4317 50.2951 49.0667 45.9551 48.5668 53.9135 45.5579 54.9927 52.4152 50.8142 52.155 49.7994 49.5255 54.9215 57.4702 50.48 56.1883 55.2282 60.5393 60.6462 56.0993 58.0454 61.8199 56.2061 56.8676 60.2928 56.7224 66.8721 62.9922 63.0757 67.3446 68.1417 69.3181 67.2624 72.1298 71.6915 77.1122 76.6178 81.6851 76.3261 82.1768 87.5454 89.3573 96.3557 93.1496 101.608 108.354 111.671 118.997 133.639 139.406 147.709 162.779 170.366 174.379 183.82 192.554 195.868
194.861 195.89 187.878 177.596 170.408 160.45 150.708 136.471 131.169 121.444 115.579 110.09 105.66 93.3851 90.2402 86.6191 84.3203 86.6729 80.9698 75.7628 75.0102 71.9971 67.2762 72.5045 67.8048 68.7799 57.884 63.1066 57.9393 60.8106 60.2806 57.5155 59.7364 60.761 60.9793 63.9641 57.9364 59.5705 59.1723 60.5513 50.5879 55.5908 54.5307 54.3096 54.3876 55.4732 56.9259 51.7132 51.1123 47.9886 48.7129 50.4164 49.756 48.6987 48.3968 47.8143 49.413 49.0658 47.8512 46.8605 50.5511 45.3908 48.0822 45.7479 44.8111 44.2357 44.1875 42.6427 40.2844 40.9363 41.7101 42.1892 42.6073 44.6099 40.7662 49.6227 42.4542 45.3398 45.721 45.4021 46.7868 49.6468 51.3008 47.5819 49.4328 46.8378 48.9963 50.938 52.3949 52.6288 50.055 55.1912 53.2665 55.1005 54.6087 51.9541 50.9125 55.3513 51.9357 54.8 52.9278 57.9492 55.3187 54.1155 58.0413 61.8438 60.0028 62.6701 64.9306 62.2633 65.0284 63.6877 62.5057 67.554 65.4295 66.7362 73.6893 79.9423 71.2006 73.3875 83.7959 85.6766 83.8696 84.2295 96.0325 101.561 95.3593 103.408 109.983 106.013 119.471 130.234 136.827 144.3 157.603 165.323 180.839 182.876 193.441 193.027
194.647 194.143 184.734 179.889 168.088 158.715 149.47 137.116 135.484 121.619 107.3 107.984 104.632 99.2647 91.3596 84.3291 80.2183 84.1416 78.0516 76.4826 72.867 73.9101 70.419 65.9435 65.0528 66.1999 65.0381 61.1281 65.0572 63.9541 60.2154 62.7308 58.5424 58.8207 61.1017 57.117 52.8568 53.9189 56.3683 56.1017 57.3763 60.775 54.5488 55.6388 49.7276 52.5052 53.724 54.9722 51.9353 51.8181 45.6197 52.618 52.8157 52.5052 47.8436 48.9672 53.8544 51.1545 51.6599 47.3279 50.6095 39.8814 51.7756 47.741 41.1793 43.2904 44.9825 40.7164 39.3481 41.4181 39.4814 39.5693 43.3636 43.349 41.7126 48.7665 46.6877 48.5746 44.6807 45.4806 49.4551 52.9974 49.4756 48.097 48.2948 53.9687 49.1723 52.4261 52.8846 51.3273 52.0452 57.092 54.5723 54.7261 53.1293 53.8002 51.9587 56.8254 53.204 53.9203 59.48 55.3546 54.8594 55.7794 61.7844 55.8395 62.4495 61.0768 57.5594 61.8957 63.6669 63.8471 62.8729 66.7492 71.5383 71.6731 69.2602 70.9875 73.9467 75.3136 74.5254 78.4399 78.8134 82.8436 85.3824 90.0294 92.3104 101.064 107.001 113.822 119.014 130.384 134.917 146.257 158.664 169.843 176.913 187.325 191.131 194.833
194.226 193.235 186.561 178.391 168.455 158.364 145.084 129.408 126.658 128.892 108.525 102.288 99.5953 92.5945 91.4115 86.4544 83.2732 82.5682 78.4446 74.504 75.3193 70.0808 72.775 69.2201 72.4074 66.4458 63.2343 65.8165 61.1573 61.4508 60.1348 55.3894 59.1938 58.2272 59.9457 53.078 53.0628 56.6994 56.828 52.1582 54.1792 55.1912 51.8179 52.9781 47.8924 51.7922 50.8694 56.3121 56.6812 49.9119 47.2192 48.1042 50.9813 46.4886 48.2948 50.7665 51.1402 45.0788 47.7109 45.7701 45.4161 51.8209 43.9624 44.9305 45.5991 44.457 42.8082 38.5499 39.2624 37.3337 41.5042 37.3654 40.822 36.7452 38.6089 40.9339 43.8656 45.6657 49.0481 43.8414 53.8873 48.6548 46.3025 48.8076 48.6835 48.2857 46.7155 46.1861 51.709 44.2347 48.4506 51.9722 51.9767 49.8967 52.4925 51.7559 54.7208 49.8937 52.5894 55.9355 51.7422 54.7994 50.1131 54.3471 61.1891 56.0005 61.1891 61.6732 57.2893 60.2134 62.2299 62.4144 63.1889 69.2503 70.2578 62.186 66.715 70.4756 73.3664 74.5191 76.0348 83.6771 82.4215 81.5381 91.1075 88.4784 97.9298 96.936 101.132 112.667 122.458 127.093 136.649 144.818 148.743 166.56 177.454 185.581 193.43 194.462
194.864 190.59 184.988 176.16 168.147 156.405 141.483 138.955 123.4 115.118 108.654 103.419 101.528 92.958 92.1154 87.6058 81.6106 81.5903 73.2435 80.9396 71.1292 72.9471 65.9204 68.7667 68.3656 65.6832 65.7862 61.4841 64.0417 65.198 57.6704 55.5732 60.203 56.3956 53.5462 53.4541 54.5699 56.8044 54.1782 56.3987 58.3055 56.4658 50.3426 52.3166 54.6572 54.7587 51.3008 53.721 45.9859 48.6901 50.2256 50.1023 46.3932 44.9248 49.7668 48.3812 46.1669 43.1725 47.2202 49.0194 43.0102 47.3778 43.5548 42.7309 38.3226 42.734 46.4977 36.6779 37.2335 36.2457 37.1274 38.9843 37.4223 35.5139 47.331 39.5835 45.4226 47.2187 43.4299 49.9681 48.0566 45.8034 42.6091 46.8644 50.0664 45.7628 42.6528 50.8654 49.0381 49.3362 52.8128 53.1155 49.7668 51.6456 51.0854 52.1559 53.5353 49.2675 56.188 50.0368 54.3842 53.5072 55.7121 55.7386 58.3024 54.793 56.316 54.6869 58.5521 58.2135 60.0517 61.7416 66.852 65.5022 63.6063 66.2481 68.8041 73.6976 67.7181 67.0752 72.7364 72.3557 81.1705 81.2985 88.8947 86.49 90.1758 99.6367 101.066 118.733 121.692 125.08 136.38 142.308 152.758 164.721 180.835 185.18 188.951 194.667
195.357 190.631 186.888 179.414 166.306 155.718 138.417 134.094 122.98 117.054 107.212 108.291 97.9317 84.1659 88.9341 84.0871 88.0673 81.8663 78.7706 73.409 75.6733 75.0895 72.3524 66.0951 69.7118 60.986 61.4829 58.9774 56.9511 63.8807 52.659 56.4028 57.6684 54.9908 59.8346 57.8967 55.6132 52.4821 50.9367 51.8871 51.6121 49.1355 49.6115 54.8991 45.7986 48.8075 48.8235 48.867 52.429 46.4965 46.3229 48.317 52.9919 49.0503 45.1875 49.4893 45.083 46.3341 50.2484 44.816 43.2625 49.8061 43.0792 45.5509 36.994 40.0607 40.0848 43.9412 39.9176 40.3228 38.1148 36.8846 42.3941 44.2049 39.5365 43.8415 48.6917 46.474 39.7085 44.9752 45.9851 45.0846 46.7683 45.514 51.1714 50.3931 44.8257 54.4762 43.5279 56.377 48.9747 54.682 45.8002 51.7214 53.9214 52.5239 48.4038 55.5102 49.4379 53.7429 51.8742 52.8005 50.8755 49.306 50.808 58.2345 52.9919 58.2859 59.8442 63.4497 58.6847 60.6467 61.8673 63.781 67.1806 67.5955 71.4583 66.5036 68.3835 71.1833 77.8684 70.5626 84.3509 78.7915 83.55 92.784 89.5098 97.3512 105.344 106.14 116.105 127.538 133.038 140.781 153.836 164.347 175.52 185.195 191.743 194.445
194.367 192.095 183.436 178.709 163.466 154.395 145.151 131.349 124.005 117.244 107.74 107.12 96.2213 102.34 84.4662 91.2603 85.0756 78.9207 74.7081 72.062 75.2049 71.8451 65.2299 67.5647 68.8281 63.0806 60.1083 67.9936 58.5186 64.1718 57.3247 57.3396 53.7977 56.9406 54.5727 54.2862 54.7879 55.8378 55.1903 52.6701 54.4386 52.0425 47.4276 52.8224 47.3547 49.1116 50.2293 49.0089 43.9254 47.7902 48.6115 48.4029 51.4977 44.1771 48.6297 47.7041 52.0591 48.1611 46.2618 40.6219 44.553 43.9701 44.4834 45.0729 43.2614 44.9454 36.7008 36.2322 37.5354 39.9563 38.3136 40.7643 39.1283 41.8224 38.6084 41.324 42.7365 44.2251 48.2886 45.2071 43.6158 48.6314 46.9971 45.8512 45.0382 48.5917 48.7986 51.7064 49.7673 44.4586 49.2722 53.2828 51.3123 50.3171 46.2552 50.4264 51.9763 56.0232 51.3239 51.0755 55.5844 55.1903 55.654 54.5114 51.7527 57.7271 57.6096 58.8664 57.7073 56.4521 57.8033 57.9043 62.6186 63.6767 66.8245 60.5951 70.7042 69.3083 73.4911 72.0273 71.9312 78.4736 80.6891 84.7096 82.7391 88.4684 97.8275 98.4915 106.097 105.633 114.005 116.844 134.219 142.488 152.9 163.271 178.626 183.809 193.201 193.436
194.713 194.253 186.331 175.764 165.332 150.201 139.77 130.697 130.846 113.671 107.221 100.919 94.9585 89.3673 90.9159 85.8306 82.9243 81.3008 74.8084 72.0128 69.1405 69.3108 66.7691 67.3977 66.1336 67.2733 62.2937 62.4181 57.7792 57.9087 55.7877 54.7178 58.8695 54.5747 53.0619 50.5951 54.5986 59.7179 48.2799 53.0398 52.9444 54.2868 50.0926 49.3702 54.1965 51.4793 50.5168 49.7314 47.0176 47.2271 48.3259 52.5577 51.5543 46.6292 46.7978 49.1113 44.2288 48.9188 45.9886 40.5507 45.9665 41.1146 45.7876 47.021 41.0022 40.0277 41.3667 39.1861 44.8506 41.256 39.9851 38.1895 39.3906 40.6802 42.9409 44.3293 42.2509 45.9937 47.3907 48.7791 50.7808 46.222 45.2578 47.2595 45.5337 45.6854 45.8779 45.8336 51.1761 49.8984 44.6121 54.0006 53.9989 48.1811 46.5712 52.6514 49.1488 47.5423 46.9341 51.9699 48.3328 49.2902 53.5662 55.1846 51.7842 54.6565 54.2562 55.7247 59.2273 55.8235 58.752 60.8763 61.3636 61.8627 63.6106 64.2665 64.1047 62.2443 70.086 71.2734 74.1031 80.8544 78.7794 76.5034 85.1952 87.938 88.4474 90.1935 101.769 107.434 114.294 123.38 131.117 139.056 149.581 164.038 173.622 185.138 191.546 194.069
193.971 191.097 183.978 175.36 162.445 153.305 137.373 131.848 116.696 111.044 107.478 99.8655 91.4819 88.0931 85.1176 85.368 77.6973 77.5046 77.2805 72.4398 72.967 70.1824 70.2296 63.6657 63.9932 62.6412 69.1666 65.2331 59.142 56.6201 56.5746 56.4065 59.0159 52.0369 59.2419 54.1263 56.0965 55.1017 52.5553 51.1735 53.1841 53.3452 49.3294 48.0492 52.1963 42.5641 49.6481 47.5325 48.804 47.4257 52.2926 45.177 49.9371 49.4275 47.8776 47.0299 45.3854 46.1823 49.8793 43.0089 45.5763 41.4327 37.6989 41.7199 43.6429 40.4012 37.571 45.2821 37.7497 33.1595 39.7777 39.0264 33.3276 35.825 41.191 41.7725 43.0527 44.1105 39.6551 46.5518 50.2576 43.9196 38.7444 46.2191 43.5063 47.0684 50.7357 53.0194 43.4362 44.9546 45.7515 45.9003 52.2138 50.6814 48.6937 47.3644 51.3942 45.9546 51.5378 50.5273 51.8338 49.2243 50.8898 55.748 55.396 53.5711 53.5221 54.1123 54.8531 55.5623 62.7042 56.382 56.9722 61.3119 64.2314 58.1 64.361 66.4836 67.6289 73.4275 69.8531 75.671 77.0913 77.4661 81.4398 89.0195 93.1036 89.3278 98.6535 110.193 112.641 117.974 128.132 141.004 155.873 166.303 175.424 186.146 192.237 195.188
194.797 192.289 185.639 175.437 167.825 149.633 144.819 125.798 117.517 114.946 113.073 99.5733 91.242 89.8927 90.1463 82.3151 80.1311 76.7759 75.9087 71.1719 72.4258 70.4954 66.7102 68.5704 65.1649 63.033 58.9905 57.366 62.5976 61.2268 55.4572 53.3955 58.2314 60.2373 55.3187 52.4366 49.9378 51.064 54.1151 56.7885 51.1971 54.5667 49.2991 49.4071 50.9974 53.7427 47.8005 45.2693 49.8622 46.1346 47.4497 46.0321 47.0377 57.0494 46.588 44.5083 44.4291 48.8979 41.5381 46.9927 45.5679 42.4502 40.8112 39.2821 36.8785 39.1363 43.6375 37.9544 32.4691 40.7519 36.1517 40.151 45.0318 36.6662 43.6537 38.3879 43.7311 45.9133 39.3216 43.6609 46.3559 42.1569 42.8621 43.5242 45.0804 48.7126 46.5502 48.8026 45.9493 46.973 48.7324 46.7589 40.4388 48.9699 53.7158 50.6412 48.2467 51.5893 48.0956 50.5782 54.2807 47.3615 51.2349 54.6549 52.917 57.76 55.7343 60.2427 58.7045 62.3871 58.2134 62.2774 61.1782 59.3216 61.7665 61.0486 63.0762 64.3319 65.4869 71.69 71.3877 75.9969 73.9478 78.0316 83.8173 79.6849 90.2003 90.3226 94.7411 105.692 106.169 115.991 129.544 141.439 149.786 162.63 174.494 183.337 191.963 195.232
195.059 190.976 186.089 175.845 168.722 145.615 138.332 128.954 121.266 112.475 105.47 98.1166 95.3594 86.953 76.2381 78.4265 83.1542 74.358 76.0183 70.7975 64.4908 65.9867 68.249 67.0319 62.0642 63.6819 59.0595 58.0216 55.8332 55.9588 58.3503 53.6521 52.2763 56.6439 52.2541 55.0852 54.5035 51.6632 50.8358 51.9845 49.9383 51.0574 47.9457 56.5903 49.5154 49.412 48.6456 50.2467 49.4009 47.0426 48.1894 42.3703 45.0481 44.4497 41.3084 45.4064 45.7517 44.6917 43.1478 44.5439 46.3297 43.1274 43.8329 44.8579 45.2568 39.2769 36.0045 36.7653 34.3812 34.7431 37.4283 38.0581 37.9971 37.0257 37.5354 43.2198 42.2816 44.5458 48.616 44.555 41.4635 40.9501 46.5384 49.7518 49.0075 42.9021 42.7599 48.7675 48.0306 51.7869 51.1369 50.858 48.2411 47.7407 51.0279 49.6705 47.423 47.6963 54.6512 56.1785 55.3696 53.7556 51.2994 51.3363 53.6466 57.7206 54.5663 57.6412 54.0344 56.8083 64.1085 59.6061 55.9938 56.7473 60.4612 61.041 61.9497 62.886 67.1243 71.7135 68.731 75.8761 73.9001 76.2417 86.5264 82.9492 85.0305 89.0047 101.6 106.846 105.967 124.259 125.209 137.563 153.174 164.559 172.174 186.279 192.268 194.8
193.698 191.593 186.527 173.243 161.725 154.671 139.301 126.427 115.893 106.277 104.284 93.7448 100.05 86.936 82.3438 80.2977 77.5962 74.3794 72.1135 67.6501 68.0025 68.8153 60.6709 65.6155 63.9578 59.6611 65.1949 54.1728 51.4315 56.8004 60.0665 58.4581 59.3694 56.6678 57.0732 48.8853 53.2691 51.4371 47.7543 55.0139 56.4878 49.4782 47.9058 48.8379 51.8596 51.7838 53.0721 50.3308 44.4863 49.2774 44.85 49.8988 45.9659 44.8671 43.9539 42.336 43.6849 41.9193 41.0364 45.7139 47.1727 45.6665 45.8768 45.2308 39.4526 43.0882 37.1224 37.4464 37.6112 34.6653 36.4669 39.1514 37.4104 39.5171 44.2798 43.3818 41.9344 41.9041 45.6571 42.9859 46.3751 42.211 45.659 46.1099 48.6541 44.2722 49.1581 50.7987 45.9223 45.784 44.5848 46.3524 43.6319 49.2945 48.0176 50.5505 47.5137 47.4815 48.5083 55.2166 48.783 53.5135 50.8574 51.1037 56.844 56.4575 54.061 58.0735 55.0802 59.1193 57.3309 62.4346 60.9285 61.3737 63.2587 68.7963 64.7402 68.1351 67.1746 65.6988 71.9184 76.8971 76.1867 75.6638 83.327 83.6112 83.1868 91.712 89.8819 100.614 113.129 124.839 131.443 135.897 150.951 167.069 173.194 185.264 188.732 194.783
195.827 191.876 185.803 177.02 159.139 157.981 138.289 125.189 117.55 110.721 99.239 98.4776 89.695 85.4512 84.5598 81.5416 76.1714 73.0541 72.8424 73.3183 69.8806 72.621 68.3055 66.4584 59.4801 65.095 61.4689 54.6848 56.5881 59.7345 54.9703 58.81 56.5435 52.7445 53.5855 53.7816 51.1791 51.1402 51.0276 50.1419 44.5348 45.8555 51.7074 49.1436 47.6365 52.4726 50.1788 47.6248 45.9274 51.8122 42.3401 48.3163 45.8147 47.2772 44.8378 44.8145 46.8149 41.1418 39.2656 42.4372 47.7161 48.9553 43.686 45.2049 42.107 39.553 39.3549 34.5635 39.2015 37.0728 35.4919 38.0167 38.7451 43.4336 43.4646 39.25 47.114 39.0442 46.4692 45.8516 43.8259 44.2027 46.8926 45.9448 40.6271 48.3978 44.5018 47.3277 39.3044 43.3986 50.3342 51.1674 51.1752 52.762 50.5789 42.9752 52.8727 52.1657 50.7887 57.8777 49.2349 51.5539 51.9093 52.5464 49.0621 54.6343 51.282 54.1487 53.6748 56.8484 55.9122 61.3232 58.373 57.7457 62.205 65.6505 64.2365 60.6551 62.8498 72.7143 64.4094 73.1435 76.7424 77.9388 83.8664 78.3039 82.8603 94.3349 95.3759 101.507 113.067 118.459 128.087 140.769 153.479 165.124 175.216 184.012 189.691 193.108
193.373 190.77 185.137 176.216 161.276 152.094 131.508 126.49 118.293 106.033 99.2755 96.0638 89.4791 83.5889 80.6856 80.6896 71.4285 70.937 73.094 76.3436 66.8138 69.1202 66.5651 59.9207 63.6299 61.1664 58.5954 57.6741 59.1725 59.9924 53.8753 51.9491 55.2762 53.1749 55.1628 55.6623 52.3968 51.3382 55.1051 57.2661 49.6388 49.9333 51.6864 52.2376 48.7333 47.6966 49.4557 45.9932 51.955 44.9982 42.8849 47.5434 46.5086 47.215 51.3003 47.4936 42.8272 41.7268 43.7645 41.5437 40.1826 41.3427 43.7764 39.6016 44.451 38.9349 37.9997 35.2854 37.2395 35.7192 37.0545 36.9152 41.3268 42.2342 39.6433 41.5477 42.4531 39.8224 45.5475 44.6838 42.7496 44.3535 44.9385 42.5248 46.8927 46.5006 46.1663 44.7356 44.7097 49.8875 44.8888 45.0878 49.0637 51.2068 48.2956 51.4158 47.3961 43.9695 47.8996 50.3989 49.0597 54.3867 50.9899 59.2143 46.7613 57.684 54.8961 52.3092 54.138 57.9029 55.8613 59.0611 57.889 57.8313 59.3635 59.473 66.5213 66.3163 67.1919 65.4109 71.2116 75.6232 76.2142 81.3284 79.4041 84.1262 84.6197 88.4384 96.0976 107.914 107.508 117.26 127.389 138.766 145.058 162.774 174.071 184.208 194.203 192.9
192.929 192.88 185.369 178.832 161.873 143.911 135.28 124.606 117.705 104.713 96.7823 97.4221 88.5155 86.0989 79.2524 78.8611 76.4506 77.178 68.2348 72.1654 66.2868 61.592 63.3668 63.0612 56.2045 62.5253 57.3884 58.1729 56.7363 58.4663 55.1408 51.2123 56.3023 52.3921 49.5271 55.4465 54.391 53.0645 52.3819 47.9805 48.981 54.7089 46.6337 48.0743 46.0611 49.8287 52.5938 49.8613 49.7594 43.7137 54.7354 50.6091 45.3357 45.9388 48.1537 47.1838 48.3045 48.1395 44.5369 44.2965 42.3709 42.0082 42.1019 42.1406 38.5605 38.2467 42.5522 38.8396 37.5315 35.0659 34.1694 38.536 36.262 38.8559 42.4076 43.4447 37.668 43.1676 46.2669 42.8355 48.9505 41.9348 41.3928 40.7306 54.3115 45.5191 46.5909 48.2903 48.2312 47.1207 47.3265 49.3845 44.7346 51.255 50.4339 44.9689 47.5608 48.2006 53.1154 50.0508 47.9744 54.6559 47.8888 48.278 55.6034 54.1444 48.0763 52.604 55.5545 55.6503 54.6926 58.1403 55.1021 57.5534 62.9654 62.8798 64.1636 62.9389 68.465 67.1732 68.6362 73.9463 73.8668 78.9712 78.4658 82.4983 85.7545 94.9932 99.908 102.785 105.634 115.584 127.752 135.245 148.005 164.489 169.999 183.816 193.373 196.692
193.074 191.883 182.749 171.739 162.538 148.314 136.285 128.528 107.682 112.854 100.89 94.3944 88.4656 83.4858 82.8289 80.7081 71.4949 77.0733 72.5146 67.5181 63.5621 63.4224 67.4326 66.3628 64.8613 59.4644 61.9481 53.6337 54.4511 61.1431 56.4635 50.3826 59.0598 50.564 53.4189 51.004 49.8195 54.2718 49.7632 49.9947 51.9612 58.209 47.2045 52.4075 46.6623 51.7464 51.1458 47.974 49.1731 46.5434 47.707 42.8231 46.7082 49.4129 49.6298 43.6051 43.0316 47.4193 42.4373 46.1701 45.3506 41.6282 43.3382 48.5224 39.9891 39.7096 39.914 37.618 37.9767 36.8464 39.8577 35.3325 31.2264 35.4889 41.9514 43.6739 39.3447 43.4925 43.2214 42.2288 45.9658 46.5935 42.8377 43.7865 46.241 44.0973 48.5412 49.3357 49.2627 48.5287 48.5766 46.7937 45.3589 47.119 47.5027 57.6001 47.2775 54.5408 51.9675 47.878 46.8062 50.0948 51.6171 47.0022 58.4425 55.6044 49.6756 54.789 57.2289 52.4763 56.3572 56.5073 61.4351 63.3265 58.3153 59.2016 64.0126 63.9875 62.5841 70.4397 66.2001 69.2677 69.7953 77.5675 82.6057 81.9509 81.5422 87.7941 91.773 97.1783 110.425 115.325 126.015 137.107 151.896 159.495 178.702 184.405 192.757 194.941
193.593 191.718 184.909 169.246 159.112 150.2 143.48 126.081 115.193 104.549 102.171 98.822 92.1176 88.7175 79.2508 74.334 77.0281 74.4684 66.207 69.6391 73.468 63.4041 62.8729 60.2727 63.6899 68.163 59.8503 61.8896 54.3107 57.937 47.0048 52.2864 54.7416 55.71 56.8875 55.326 58.4916 54.0398 51.5953 47.4869 44.9955 49.6883 53.3273 47.6277 47.0603 49.9101 54.283 46.559 44.1913 50.1832 46.1367 51.0407 50.9276 45.8082 44.844 40.2621 43.3594 41.2455 45.4626 46.0898 39.923 46.2092 45.6909 43.3957 41.3841 37.5275 41.3777 36.9964 33.8821 33.2272 37.7131 33.9951 34.7694 35.4435 43.2591 42.8283 42.7856 46.7339 43.2762 43.3487 49.3491 46.5825 43.001 45.2088 45.5181 46.0834 46.3052 46.9281 47.4592 48.449 46.9473 50.1896 44.0825 44.9741 51.2369 48.5151 57.9903 48.466 48.2484 52.3013 50.2983 53.6324 50.0786 49.8547 53.8329 54.0974 51.6529 59.9229 55.7292 54.4472 58.8457 57.8943 57.5679 61.8298 63.0969 61.9322 59.4131 64.477 72.8217 65.6801 60.3175 78.9693 76.3967 76.2304 71.5162 78.741 79.671 86.7892 96.1023 99.8757 108.963 115.735 127.559 135.159 146.17 162.881 175.984 183.009 190.118 196.533
193.092 191.21 184.464 172.779 157.906 145.129 133.259 125.635 117.96 105.719 100.808 87.8672 90.5758 84.692 78.9019 78.0732 76.7233 66.4756 73.4717 66.3993 69.6814 62.886 67.505 63.8979 57.061 59.6824 58.7141 53.068 54.5575 54.6294 57.796 55.6413 55.4298 52.6383 51.7289 58.7054 52.3439 47.5243 47.3237 52.1128 53.6197 48.811 48.196 50.885 49.2297 46.1897 47.2626 46.4993 48.6714 49.1098 52.128 47.3215 44.7307 51.0747 41.6819 44.6238 44.9815 49.5307 43.3721 46.2507 42.5761 45.1887 44.5977 44.0852 39.2241 44.2509 39.403 39.017 37.4402 39.0017 35.8526 38.5873 39.2656 40.332 38.1512 40.3385 42.3536 45.7862 41.4769 44.5104 48.2222 42.9512 47.4785 44.7678 48.5035 47.8754 48.5428 48.763 43.987 47.8209 49.3191 50.307 51.0856 50.4662 54.0144 50.475 47.557 49.5176 50.5317 48.1873 51.5261 53.3079 53.201 52.514 51.6701 56.4024 53.177 60.6616 53.5128 61.0323 54.2892 54.2216 56.6794 56.8255 56.5158 60.7619 61.6015 65.8388 63.7867 70.4273 68.0153 67.9629 73.7421 75.2185 79.5191 77.0547 87.7189 89.6184 92.7457 102.25 105.815 115.579 129.407 132.969 149.15 159.716 172.956 185.446 192.448 195.159
196.526 194.315 184.507 173.786 159.129 145.655 138.515 121.805 115.498 106.642 95.1452 91.0469 91.9026 83.3584 85.7407 85.0967 71.6742 72.1221 77.0762 68.922 61.0641 70.1789 61.1109 60.6764 61.9333 59.366 60.6496 60.585 57.4963 55.4683 58.8378 53.4448 59.0206 56.0031 54.1847 54.6549 56.8166 53.115 57.0974 49.507 53.8504 49.1281 52.9634 53.6498 48.5598 49.1214 47.3609 45.9123 50.6145 51.3098 45.636 47.0578 47.9603 47.4879 39.142 45.3641 43.7551 47.4545 49.2083 45.8722 49.3487 40.4457 47.8311 43.3673 42.6876 42.1617 42.4826 39.6256 34.0454 40.702 36.9781 33.9183 36.7954 40.1961 41.9901 46.8951 39.7103 43.1757 44.183 46.5296 50.1399 45.5335 46.9129 47.4946 54.958 48.3125 52.7406 51.2586 49.3666 48.6178 46.3669 50.7014 48.9721 52.9322 49.8145 52.3038 54.7953 52.5779 51.8246 48.0071 51.7622 49.2016 51.2942 54.0955 52.3372 55.1986 57.7102 59.2434 52.7562 54.7596 57.2377 58.8557 61.6993 59.9075 61.2803 59.1008 62.6509 66.2254 67.5024 66.1519 69.0445 72.5322 74.7964 74.9056 82.8882 79.98 85.7742 85.9703 95.2677 99.8474 104.772 110.279 119.563 137.514 149.02 158.959 177.064 186.052 191.906 194.625
196.045 193.88 185.674 177.218 162.989 150.174 136.004 126.207 117.516 101.731 97.6014 98.4801 87.809 79.1956 80.1403 74.527 72.9063 68.0237 71.6862 68.4403 63.4894 61.1563 66.5874 67.0085 60.7784 67.7073 54.5733 57.9968 59.1668 60.6077 57.4118 55.1082 55.395 56.1667 55.5407 51.9465 57.6349 49.3516 51.9579 51.2044 52.2879 54.9557 50.9267 53.1529 50.1414 50.5079 46.9569 47.2096 48.6755 50.8129 50.2894 50.7219 44.9265 49.1376 47.0617 47.5283 50.2803 47.6671 48.1292 49.3675 53.5604 46.6701 47.5101 49.4495 45.6663 44.0069 37.9088 41.6373 37.6516 39.0356 39.4612 42.6867 40.3763 42.1427 40.7496 42.0858 42.2496 44.8969 52.5019 48.5367 44.3802 50.8266 49.0534 43.9181 45.5092 48.9896 51.3638 47.4236 43.2444 48.523 47.7673 48.63 48.1474 44.7831 48.7643 51.8873 52.4405 51.6187 50.1687 47.8675 51.2227 47.0708 52.6248 60.1365 51.8372 56.8883 53.9405 57.1546 55.9436 58.6706 57.628 61.5956 58.8732 59.4582 64.8825 60.7625 67.0973 61.0606 67.4683 66.6466 71.7841 69.9745 77.6113 75.9383 75.0824 80.3155 85.2573 91.5898 99.6569 95.2045 103.986 117.68 119.046 131.349 144.977 163.693 168.88 185.772 191.096 196.368
195.749 192.804 188.391 175.544 160.043 145.091 132.929 123.294 110.529 105.548 95.8898 95.4319 88.0905 80.2052 82.6082 81.7042 71.8435 72.4036 69.4754 67.4791 70.8326 69.0106 62.3663 62.7916 60.0796 66.0104 60.1934 59.473 63.7282 60.1121 58.8664 54.6647 57.4116 54.7483 53.1099 56.6122 52.6753 56.4402 54.5764 48.5387 56.9096 54.6089 52.5429 54.6414 51.9456 50.4374 48.211 59.3963 47.1373 48.9593 46.7167 45.6964 52.0804 52.4546 50.7836 48.9895 49.1011 47.2024 48.5247 51.1834 46.6725 46.5052 45.6546 46.7074 47.8438 41.332 42.1245 44.9714 42.7241 42.3034 37.4719 36.5307 39.1451 41.8874 41.5923 42.5869 45.7824 42.2918 44.4299 47.8717 45.4385 44.553 44.9202 46.9932 53.3516 48.3783 47.0629 48.7571 42.408 44.7761 53.4725 50.9393 51.5529 50.3723 43.5956 50.9393 56.0033 50.7557 50.1631 53.6328 55.6129 53.9047 52.8427 55.5129 60.2399 55.3154 57.393 53.5701 62.6197 55.5106 58.3575 61.9318 56.0684 64.7903 58.8618 61.6436 67.9207 63.777 66.2776 67.6348 67.9718 64.3208 71.3555 74.2721 80.5166 81 80.9675 89.1177 93.5728 97.4073 107.647 110.652 122.978 130.647 146.246 161.131 174.819 181.87 191.768 197.148
195.948 193.396 186.537 174.173 159.423 147.752 131.449 123.381 110.054 107.092 99.1135 94.3819 81.717 87.6818 81.385 73.926 78.7714 68.4829 72.8967 70.6886 70.589 73.5821 71.7986 66.1847 67.2591 65.5728 61.752 66.5571 60.1013 56.9588 58.7186 56.1311 59.6222 60.1084 57.0916 51.1244 54.2242 55.8892 57.343 56.2141 55.5263 50.2089 57.547 58.7471 48.9472 52.3245 50.6928 57.9573 50.4532 52.8842 53.5459 49.0444 50.1473 53.3823 50.5908 48.1598 47.7305 49.2105 51.3165 44.7967 53.0076 50.9797 50.6833 47.9369 50.1852 44.358 43.0037 39.9537 39.8802 35.4238 37.3259 41.2487 46.2079 43.2029 41.8558 44.3248 40.6225 50.2421 45.8426 50.8683 43.2836 50.8564 52.0944 51.2644 46.4806 49.1749 53.0882 51.1054 52.0114 53.1878 54.2148 48.257 56.1406 51.3687 49.7915 49.2057 49.2887 55.9888 51.2383 49.0136 53.2661 52.5356 56.9019 54.6606 57.3454 53.0076 60.6302 56.6671 58.5953 60.4855 60.4523 61.0168 66.3436 61.3465 62.4303 61.7829 62.9806 66.9247 69.6759 69.868 70.4609 76.625 69.9154 74.6636 80.664 84.2785 86.7996 93.3455 90.6607 92.9873 103.809 112.082 121.566 130.263 144.226 162.329 174.567 186.987 195.326 195.547
196.363 191.909 184.45 172.261 162.365 147.65 134.636 123.971 108.756 105.139 103.196 93.6753 89.9736 86.3251 84.0024 81.0604 74.0489 74.2521 75.2393 72.2174 64.1099 66.5463 67.5019 69.2028 65.3003 62.1695 60.2292 60.7808 55.7508 57.5073 57.5267 59.3775 63.1204 63.0115 57.5291 57.8218 60.955 54.8096 54.1612 55.8669 50.5466 51.7563 51.7394 53.733 53.4717 52.0902 54.5266 53.5999 53.1644 55.1217 51.3426 50.8031 56.3363 45.1247 56.8129 50.4232 53.9072 47.728 49.7361 48.1006 51.4902 55.9444 50.924 54.1951 49.8813 45.3497 43.5666 39.71 45.1658 37.0825 45.1223 45.1223 43.4988 45.5094 43.0101 51.5676 43.7698 53.6241 46.7796 51.9983 46.8255 55.6661 52.2596 49.9829 49.8063 48.8361 46.8812 55.2064 51.6789 50.0724 53.1257 50.8152 54.2459 49.2934 53.5685 50.0119 52.3104 55.6806 52.3322 56.0895 54.3717 52.487 57.5726 58.3928 53.4935 60.8897 61.8115 55.4774 62.6486 58.3251 63.6865 63.8849 59.6461 61.1485 63.8994 65.9777 63.926 68.252 71.1214 64.6059 73.086 78.9482 79.587 75.6506 82.8048 83.4218 88.3913 88.9985 91.2704 101.519 103.721 113.742 119.403 137.368 144.638 161.226 173.978 184.125 192.393 194.093
196.308 191.722 184.72 175.328 163.017 144.933 136.034 126.804 109.934 104.054 103.164 95.6266 84.3591 88.3312 80.767 79.8837 81.253 73.1805 76.4741 71.0045 68.6039 67.6047 70.7652 67.9995 63.8966 68.3301 65.1721 64.8884 60.7707 60.191 58.6243 63.2009 58.0149 60.6474 62.214 63.2083 52.0716 56.1819 59.0215 63.154 58.3529 58.2247 58.2592 54.181 56.6531 55.005 52.4293 52.9721 56.8085 53.5346 59.1227 51.9532 56.2805 55.042 49.8734 48.8865 51.4449 48.6003 52.0469 51.3734 52.3676 50.5272 46.8462 51.7903 47.3125 47.1299 42.7729 43.4588 46.4588 35.1198 39.4373 42.087 46.9942 43.6241 48.3536 45.9432 49.898 51.9655 46.4292 51.7607 52.602 55.084 51.9556 49.3479 52.5132 55.2271 55.871 47.4161 56.209 50.3643 55.2172 54.1415 54.1613 53.7196 55.5922 48.9432 51.5683 58.9599 54.2599 58.2765 57.561 61.0027 58.3998 58.8982 58.5404 62.0808 56.3422 62.9936 61.6293 64.1754 60.4278 59.8554 64.4345 69.7142 62.2634 64.3062 69.7339 70.775 67.2815 69.4156 74.6608 72.4527 75.8524 80.5449 83.878 86.4389 84.8304 84.8131 93.4802 101.054 105.535 113.518 125.968 140.761 150.202 163.192 174.299 184.74 192.778 196.824
198.151 193.237 183.035 170.065 160.947 147.731 133.954 121.347 114.447 108.426 99.2845 95.56 93.1407 86.5718 80.9687 83.4358 82.7568 76.2785 79.7389 74.0805 73.8743 72.2119 65.1477 66.3523 70.449 66.5887 63.3998 61.476 64.109 67.0992 60.05 66.7371 65.4494 55.4277 59.4716 59.6552 59.6678 54.2759 57.0548 59.0441 49.0424 59.0315 59.6074 55.8326 56.9416 54.2306 56.1696 54.12 54.6581 54.5827 52.6261 56.074 52.8449 56.6977 50.8607 57.2962 53.3932 51.2983 51.4794 50.6142 49.3719 51.4441 53.8257 55.8703 52.513 50.0258 45.0513 46.8394 47.6668 39.7022 45.7379 42.8559 48.3509 49.2436 41.5054 52.5658 49.0123 49.8648 51.2756 56.235 50.3401 57.168 51.1524 54.8191 53.1794 54.8266 55.39 50.7375 53.9037 53.8207 57.0523 49.6334 54.0093 58.7926 53.881 58.8856 57.007 57.4849 57.6282 56.6298 57.2082 59.7181 55.0203 62.1147 65.208 55.8527 62.8088 62.8164 62.5448 63.1609 64.5164 61.5363 63.1081 61.5916 69.1111 69.3978 68.583 73.0544 64.1794 70.2252 72.8633 78.5997 74.9858 78.9794 86.0638 84.824 83.6319 88.5686 94.6345 96.9859 115.614 113.863 126.739 135.556 149.114 161.563 172.173 185.298 193.761 195.32
198.047 196.95 185.406 173.157 163.109 146.903 136.545 123.46 117.784 108.244 100.707 98.9211 95.9869 84.1606 86.7847 82.4565 85.0165 81.9516 79.0251 76.296 73.2901 71.6065 72.7058 73.5233 64.2723 66.2942 72.5469 63.5907 62.8783 67.291 65.0001 66.8785 69.1874 64.5952 71.6449 63.5753 65.1846 61.7635 60.7206 56.1925 63.114 60.7206 58.6936 57.0356 62.2632 59.0831 55.2366 54.3653 58.5014 55.7773 54.9855 58.6013 50.8751 55.0393 54.9855 53.1327 52.8688 57.9197 54.5089 52.651 51.1262 55.3443 53.5863 52.241 51.3594 53.1225 46.5366 46.634 46.3649 46.0497 45.5295 49.4964 48.8455 54.5268 48.6585 47.1952 52.2435 47.7718 54.678 51.9924 52.7227 56.195 50.0833 52.9534 56.8946 53.6427 55.2084 54.4166 56.4718 59.0472 56.8024 50.0858 53.1276 55.8311 58.1119 57.2406 56.6717 59.0472 53.5197 55.8388 60.923 62.6733 62.3581 57.0074 62.7604 60.1568 65.1743 66.3634 65.6433 63.1986 66.43 64.3236 67.8523 66.7939 69.9638 71.9037 71.8012 72.693 73.718 74.4458 75.9577 80.1988 80.2193 82.641 85.5008 82.5487 88.7861 93.1604 102.939 100.51 112.444 113.523 127.322 135.761 144.01 161.74 176.096 186.413 195.274 198.78
198.621 195.364 181.975 178.645 165.88 149.955 138.143 123.439 117.448 107.73 109.706 96.083 92.8775 89.86 85.117 84.0494 81.8829 81.7289 78.0744 74.313 69.8337 73.8092 70.8439 70.5802 76.0775 71.3372 69.5622 67.5731 66.2732 73.676 60.4914 63.9318 62.6188 66.0774 61.2588 60.541 63.3758 62.684 58.8286 62.5222 62.4073 62.2977 70.1965 57.4477 50.1154 59.3976 63.2296 59.3533 63.6029 57.8863 60.9664 53.5949 57.8341 56.4193 57.4686 57.6435 57.6331 57.7949 58.4162 59.8518 58.3457 55.276 60.4418 55.3778 56.0982 56.0617 54.4407 53.4174 47.2362 48.6118 49.7369 45.6726 50.272 49.4863 51.4623 53.7124 55.135 61.8305 58.7764 54.7904 53.9812 56.1321 53.3522 57.2389 55.4352 53.5975 56.2522 53.005 49.2983 59.7866 57.5182 56.5681 55.7067 60.4574 59.4003 58.8338 56.3201 59.4968 52.9215 62.8067 59.549 63.629 56.7769 72.7964 61.4963 62.0523 66.9702 71.1571 67.641 62.5848 65.2108 65.7694 71.901 67.6384 71.7053 68.2127 70.3192 72.2064 77.6046 79.4031 74.1276 77.1321 79.3587 80.0269 81.5253 91.2461 94.3314 101.841 99.3667 106.984 102.959 112.447 126.044 134.342 150.278 159.895 174.794 188.572 197.36 198.848
198.832 194.773 188.441 175.685 159.477 146.851 133.726 123.351 119.766 109.253 101.726 97.5365 96.2155 90.2057 88.4434 85.9183 85.1076 92.0105 81.4023 79.2121 77.1042 80.0839 82.7951 76.857 78.7921 74.5153 70.6186 68.5401 73.6833 66.1505 70.6558 67.6602 68.0377 68.4072 63.6121 64.7045 62.3681 66.4588 70.5974 64.7072 68.0882 61.2145 67.0037 64.2872 67.7559 57.1982 57.2886 62.61 62.796 57.5358 57.7989 58.9764 66.0867 58.8994 59.5718 58.2508 61.669 62.3894 61.6052 62.5329 56.8447 59.3778 61.6239 61.8312 58.2508 58.7479 60.2683 59.7659 51.922 58.6681 49.9896 55.428 58.2774 58.6442 54.6784 58.9924 60.0742 61.0098 63.8061 58.9711 63.3489 52.9985 60.4676 60.2975 58.5485 62.1927 62.4478 61.77 57.0573 60.8158 59.8855 56.8128 67.7107 61.0178 63.5084 63.3516 65.6614 62.9768 59.4522 64.0719 65.4541 65.4993 68.0271 72.2852 67.8702 64.5158 71.0838 69.3428 67.6682 63.3542 69.4969 77.7103 68.9919 70.5043 72.5138 72.8408 74.5392 71.3496 74.5419 79.6001 80.0174 82.1784 84.8816 88.7305 89.6342 87.6859 97.2442 95.4739 103.227 109.822 111.635 116.246 123.947 141.484 151.083 164.447 173.928 187.657 196.15 198.837
199.222 196.846 188.648 173.309 159.894 148.021 136.254 120.766 114.537 106.455 111.163 101.85 99.1768 89.7039 95.9001 89.2277 88.5404 88.4701 81.3567 78.5697 88.4511 81.4649 79.5871 75.5203 83.643 76.1264 77.6687 74.687 73.1663 66.2721 74.5544 67.0703 69.9546 75.5528 71.7323 69.7517 65.5577 68.8615 69.9438 66.4777 64.7325 67.33 69.3106 62.9765 64.8597 67.8171 67.0513 64.9787 61.2718 71.0531 67.2461 67.5627 68.3366 61.4098 65.5469 61.9862 69.3052 61.2394 58.9719 70.3199 64.5214 65.1573 69.7084 59.7323 58.3875 60.4439 59.4373 61.7562 58.5065 52.4998 57.9492 58.9016 56.8587 61.5938 60.1327 58.3442 61.7913 59.2073 66.9512 66.337 63.5717 66.1016 63.6989 58.6067 60.3979 69.1889 62.2188 70.9341 67.3327 67.2651 62.392 65.3873 63.9911 62.3866 64.3916 63.201 65.2276 68.4231 69.473 61.3476 64.4186 68.5882 61.8076 66.3911 71.0802 66.2721 75.1794 77.9988 71.946 65.6876 78.8809 77.7796 74.6843 75.9911 77.7526 81.0888 76.5621 81.4892 77.4685 76.8651 78.8971 87.174 86.0214 89.2385 89.4198 95.9055 91.3815 98.9846 103.379 102.288 110.379 120.168 125.853 132.182 150.202 159.521 178.691 185.314 195.553 200.369
198.168 195.984 186.686 171.856 161.117 148.454 137.321 130.699 119.259 108.005 107.432 102.606 97.9852 92.5306 94.2047 90.1158 87.7313 91.7238 80.776 82.8301 81.9572 83.3478 72.857 79.1928 75.9271 76.6403 72.9699 76.7256 81.5663 72.7992 72.5486 72.1053 72.678 74.4237 72.1797 71.8052 66.7498 70.9984 67.7879 70.5799 68.6882 64.748 71.6372 68.1431 68.2807 71.1856 61.6834 70.1669 67.5593 60.4801 65.8411 65.2767 64.0486 63.2666 65.7861 63.9468 71.0728 66.4882 62.2148 67.0692 71.293 69.2857 66.7002 70.7396 67.7273 66.4662 62.1019 61.3062 61.0831 61.353 65.5933 63.3768 64.6186 61.788 63.6108 68.9774 67.6584 65.7916 70.3761 67.8071 69.6547 67.2344 69.0462 75.8721 67.1435 70.3155 73.4545 65.4749 68.2449 66.5102 71.7832 66.1936 72.7716 65.8274 64.7398 64.346 67.485 64.7728 63.3713 69.3381 71.3564 71.5684 70.1201 71.8713 72.6009 65.2519 72.1714 71.1801 69.071 76.7311 81.5635 73.3306 77.2874 76.2961 75.7729 80.6191 73.6968 82.8136 77.0561 86.1728 86.1866 87.0209 85.1788 84.5235 92.0157 89.7221 93.4448 95.1712 94.5241 106.835 112.347 117.452 122.687 136.818 145.108 161.172 176.784 185.695 198.407 198.622
199.118 194.927 186.907 178.299 160.573 153.066 137.741 129.92 120.788 114.126 111 103.577 97.9467 94.6805 100.283 93.2127 93.0222 86.05 81.8118 84.4477 83.8847 80.1563 85.2797 78.1507 76.7585 77.6632 75.5371 78.4308 73.3522 73.0889 72.96 77.4167 71.9376 66.7722 73.9152 74.0553 66.7694 65.8982 66.4024 64.069 63.2427 66.845 69.3381 66.7162 69.128 67.4305 59.1193 59.391 60.9597 63.3743 55.7355 62.0662 56.9764 63.4612 63.2483 63.069 56.0912 55.9259 58.3434 52.6457 46.9033 54.0743 54.2928 53.7466 55.9035 53.2256 51.7522 48.528 53.5645 50.6569 47.0601 51.7213 52.7354 54.6906 58.4218 57.6235 51.1051 60.9429 60.0969 55.8307 54.8391 56.2705 60.7804 55.7663 63.4752 60.6656 60.3182 60.8252 63.0718 58.2313 62.1474 57.0856 65.1475 67.4613 66.6545 69.4361 64.7133 62.8141 63.971 66.0803 68.1532 67.5313 71.002 68.1336 65.9682 73.8844 70.0776 69.0972 72.8928 71.2289 79.0778 78.4644 72.4054 75.2206 74.6464 76.103 77.5092 78.6913 83.4365 83.6074 87.0445 88.291 82.8118 88.8064 90.4255 97.0111 90.2378 102.216 102.249 101.415 115.648 116.575 133.881 140.85 152.957 158.03 174.212 188.266 194.504 199.314
200.832 197.752 192.516 180.354 163.303 152.58 135.318 127.301 127.848 115.094 117.82 115.849 107.236 102.068 99.5584 92.06 99.0513 94.04 94.7238 95.8861 88.2396 81.274 83.0888 76.1915 82.7327 81.6073 72.5791 77.9151 76.0548 74.1745 71.4196 70.2373 71.4538 68.1804 67.9809 66.6477 69.5792 64.5594 68.3314 63.7617 62.0694 59.2148 69.2031 69.3114 60.0666 64.8186 59.1294 62.5965 62.7247 62.229 56.4001 60.6849 58.0468 57.6451 57.6793 58.3231 58.7248 58.1237 61.1834 52.5284 56.873 57.7106 56.7676 53.7762 55.6451 56.4001 54.289 58.2633 49.1781 51.6025 49.0812 48.8049 50.0641 55.0867 57.91 52.3404 57.7419 54.8075 60.6621 57.3288 57.9129 58.6479 60.5709 62.4284 59.8701 57.2206 55.9215 57.0639 61.1635 57.9499 60.7475 60.4854 66.0494 62.1378 59.1351 55.9898 59.5168 61.1663 65.1605 62.2717 62.8671 64.3856 67.8243 65.8158 69.3228 65.3058 68.4311 73.4737 71.3113 72.901 75.7386 71.2059 75.4052 81.6814 79.8097 76.7955 83.556 85.8522 86.4106 87.7781 93.852 87.949 92.2452 90.1114 96.4673 106.686 100.239 105.786 114.307 108.259 119.672 126.113 133.711 143.987 152.064 170.468 180.624 188.117 196.319 199.501
198.461 196.172 184.626 175.03 159.562 151.312 149.933 129.859 124.622 113.227 113.195 100.768 104.016 102.188 94.9838 93.3182 94.8535 90.7953 87.3541 86.6154 81.3609 87.0644 82.2212 84.9064 79.2319 86.0448 79.2261 78.2499 82.7745 79.5476 83.7912 75.0375 76.6452 77.9631 74.8956 73.1518 81.9402 80.4919 72.3523 77.4707 68.6331 72.7724 69.8583 66.7329 69.3253 67.6482 67.3904 64.1548 64.0882 69.0096 55.2274 64.3692 61.9824 67.6772 67.9321 61.9215 63.254 60.592 56.528 60.1835 66.4026 54.9088 53.7414 55.2766 58.9032 58.0111 54.1875 52.044 51.3198 49.828 45.6916 50.4132 53.8051 47.4557 54.7002 55.21 58.1095 59.0539 60.8874 63.0338 59.4565 58.9351 55.8994 66.8053 61.041 61.7593 61.3393 67.3904 61.5768 60.7107 67.26 64.9485 65.6148 74.7421 68.7489 75.6632 73.482 79.5882 70.0814 75.1795 73.8412 71.6108 77.294 80.1153 79.8807 76.202 78.6352 81.5202 81.0452 79.9705 81.6129 83.516 85.8681 89.2195 79.2811 75.5908 82.592 85.2916 82.618 87.5423 90.9807 86.375 95.3951 99.3722 96.1048 99.042 104.699 110.591 103.083 109.548 116.546 122.418 124.312 140.641 146.136 165.004 174.482 186.335 196.007 199.263
198.553 195.541 186.187 172.393 161.322 139.887 133.592 124.152 111.026 111.603 108.255 97.2906 98.8541 92.6533 98.8776 84.5033 83.7053 83.1547 89.2496 79.6068 84.3649 82.9545 81.6207 78.379 73.7769 75.1225 83.0576 84.8625 75.6996 78.1788 75.8527 74.3364 75.3316 70.5205 74.2009 74.1214 75.0195 73.1586 64.6082 71.6305 72.4903 72.9319 73.9507 70.6441 73.5797 71.233 76.9186 69.7314 72.4402 69.381 72.9967 68.1179 73.5767 71.8278 70.7737 74.5719 72.1045 71.551 70.7119 66.0922 73.3942 67.5997 62.2645 70.8502 56.311 65.0233 60.2005 61.652 57.8185 56.0578 59.4026 56.0636 62.5589 62.3675 67.3347 69.013 71.9691 77.4073 77.5133 70.1465 70.8679 69.6166 71.8837 70.8885 69.2632 75.5406 72.502 78.27 69.7461 72.5285 72.9142 72.9937 74.622 73.562 76.9981 73.2352 72.0604 71.3979 68.1385 68.7156 68.6243 74.0213 75.9381 76.0853 70.8709 74.036 74.6956 70.2643 75.5171 72.9937 73.2381 80.0838 81.1614 81.1879 81.7149 83.0782 80.1044 80.1456 83.0782 82.3627 86.3994 82.1684 87.9099 89.6824 93.0714 92.6003 92.8388 94.6172 101.849 103.421 109.548 114.347 117.086 131.681 145.513 157.22 173.529 184.444 193.28 196.742
197.986 196.987 187.783 174.457 157.465 149.55 132.113 124.576 114.486 112.93 106.635 98.1614 93.4339 89.4125 90.3221 87.731 86.1661 76.2683 82.5576 82.6833 78.8834 81.1214 80.0233 76.9056 77.9588 73.0667 74.3922 71.6455 78.8086 71.9806 77.8391 79.4728 82.5756 80.6337 80.152 85.1458 78.9372 78.1832 80.3704 82.9676 79.1915 80.3166 76.9116 78.0007 86.6418 81.1065 84.1644 87.0727 80.2537 78.4256 73.4677 80.5978 79.6942 71.6096 71.3822 77.1779 75.9122 74.4252 78.1982 79.8229 75.4634 78.5692 76.8577 79.2723 83.8353 76.6453 77.9708 75.0086 70.0537 69.2309 66.3435 76.9624 71.5557 75.5262 80.0563 77.142 78.5961 79.3501 80.7055 83.1501 75.607 83.2099 75.4036 75.9481 77.0313 79.793 73.7489 72.7765 77.0582 80.9718 74.497 72.6688 74.7274 68.8509 78.5153 83.2638 80.93 76.2473 81.3548 78.7996 80.918 79.4638 81.7468 73.0009 78.2281 77.8212 80.4392 75.0445 79.9964 77.7015 73.5844 71.7293 78.8684 78.653 74.9248 73.5904 80.6427 78.647 77.3275 78.8385 75.4425 86.1362 80.8342 87.1146 83.6168 87.6711 87.5514 99.2804 99.5407 110.486 113.053 124.68 128.483 134.102 146.816 162.566 172.35 188.606 197.406 198.456
198.658 196.682 189.985 178.415 165.402 156.541 141.15 133.062 126.1 119.34 117.966 114.932 116.023 107.333 109.454 101.068 104.533 100.736 97.821 101.372 87.3732 98.733 103.667 91.9907 93.0607 91.2733 94.2857 88.9205 89.2366 88.0541 87.2273 85.3153 88.4402 84.4307 92.7202 78.5304 93.7355 84.303 89.1606 82.0596 88.5283 82.6463 87.3884 85.2575 85.6132 79.6308 89.802 83.4002 77.6671 88.7898 86.1725 87.0844 85.7773 78.2507 86.3913 87.4522 86.5646 88.8597 86.6801 84.4246 84.9596 87.8809 85.2788 77.6367 78.2781 82.8226 76.7521 78.1474 72.3018 70.5144 70.7059 79.4606 75.6547 76.2414 79.3633 84.2027 77.3145 89.8902 85.4064 84.4033 86.8716 83.5795 82.8257 80.33 85.37 81.6401 83.3941 90.1121 85.1511 81.327 85.2605 81.2024 81.2389 77.9376 81.6584 81.7283 82.9168 84.2878 82.2299 83.4944 87.3975 86.674 86.3366 85.1541 84.5675 89.7412 87.0844 89.4646 90.1121 86.0418 95.3101 86.4005 88.8536 87.7745 97.362 95.3436 98.4776 96.0184 100.919 93.9088 95.8755 107.311 101.788 102.043 106.272 98.7026 109.46 106.503 113.978 116.944 125.684 129.87 134.779 140.974 156.486 165.615 176.154 186.766 196.138 198.357
198.386 196.194 185.452 175.171 164.21 150.471 143.437 133.375 127.28 121.494 112.08 117.098 106.628 106.239 106.106 100.484 100.502 96.9762 99.6871 90.8043 92.5024 89.9243 91.996 92.5919 93.898 91.4434 91.5947 87.9051 98.5663 91.4341 88.5874 95.2503 90.1435 91.326 90.3813 90.6962 84.8453 82.1684 86.846 88.5751 82.5451 82.6223 85.3579 79.8312 93.0149 91.1902 75.2832 79.0315 76.7189 81.7084 88.924 86.704 80.8593 87.056 91.2921 88.4917 85.293 88.5998 87.6303 86.5682 87.3246 81.588 90.6962 86.7936 92.6815 81.1773 80.2542 84.1908 82.6871 87.5006 82.2209 84.4069 87.2567 85.256 89.5507 93.935 88.9456 89.4334 84.1784 90.0849 91.9436 88.5936 85.0182 83.4374 90.8506 85.8951 84.5705 82.3382 87.3493 90.2145 84.4439 79.9269 84.3884 79.1118 83.5269 81.378 81.3255 78.0034 82.9588 81.1249 81.5046 88.68 88.9456 85.4227 86.3181 88.7263 85.6172 91.8478 93.1755 88.4083 96.1117 93.6386 92.6568 91.4743 92.7 95.4325 91.8015 90.0478 91.678 94.4537 94.8551 93.8825 96.6767 93.5398 100.573 105.347 106.199 111.043 119.213 117.169 120.29 126.129 132.22 137.688 153.077 161.404 175.665 188.843 197.157 198.784
199.628 195.9 189.542 173.781 164.519 155.941 132.759 130.593 122.965 117.6 111.988 100.836 101.864 101.3 104.09 98.4908 91.7845 91.8754 88.3326 95.1267 83.1312 80.275 89.8814 90.9819 95.3555 89.2575 85.3666 80.6732 77.1303 81.3347 74.5437 78.839 74.4058 76.7384 80.3126 83.0497 83.1814 75.0548 83.8398 85.9059 84.586 92.1106 83.1343 88.3577 87.7651 89.5271 94.4087 91.2452 91.5055 90.7436 82.9995 85.7774 89.3014 82.5794 88.226 92.2799 86.0689 92.1545 89.9661 94.3241 91.3863 86.5643 80.6418 87.6742 84.8619 81.0274 81.4413 78.7168 83.382 79.1463 76.7792 75.3119 81.6075 81.7924 86.21 81.5667 86.928 79.7263 89.176 83.1876 86.765 88.1351 92.4743 86.0752 87.3011 86.7838 91.3299 88.3294 87.74 95.76 86.1975 80.7327 87.7839 83.5764 88.7997 90.7436 88.759 84.169 89.0067 88.8907 84.2379 83.3381 87.8905 88.4172 80.623 85.699 75.0203 80.2248 75.2649 79.4191 87.5206 82.0276 83.2127 78.3813 82.1938 87.0597 86.2602 87.3889 92.4053 84.1502 89.0474 94.1892 97.4029 94.694 94.1673 98.2055 105.614 105.178 107.574 112.233 118.5 123.219 133.427 137.155 151.166 160.857 178.396 188.786 197.602 200.02
197.227 196.972 189.339 174.545 161.039 149.428 138.596 133.131 124.648 117.566 112.779 105.401 103.176 104.226 94.9704 93.7768 84.527 91.1635 81.8152 87.0034 82.073 85.8066 86.5196 94.9004 82.2703 92.4017 81.5382 83.6963 83.639 79.8704 76.1144 83.3684 85.0459 89.1392 86.7424 83.8459 82.3594 77.5945 80.6375 81.6592 80.0327 74.0391 79.377 75.5224 78.2025 80.612 78.7086 79.5743 77.7791 77.0248 73.3453 80.8157 78.1675 87.6655 83.8172 86.1758 78.82 85.6029 79.9372 84.5621 81.9902 77.254 80.9398 80.7934 82.1844 71.8079 72.68 66.8074 65.8143 64.4902 61.0399 71.305 68.122 74.558 73.9309 73.6222 72.454 78.2725 78.0179 86.1886 76.6301 77.9096 88.0538 79.2529 77.9765 82.5536 80.7075 84.1801 86.8984 89.4638 84.7785 77.254 78.5176 79.2051 79.5934 78.1866 81.6274 73.4853 75.3092 87.258 81.6656 81.1499 77.9924 81.7674 86.8729 81.1276 78.7149 85.8703 89.4384 87.4649 86.736 87.4522 87.901 80.09 84.0401 84.3361 89.4925 88.9641 91.2718 86.9047 89.3874 87.5286 93.4967 92.0962 91.5455 91.2559 100.948 104.691 105.016 110.529 113.333 121.991 132.415 137.562 147.579 155.367 178.065 184.221 195.097 197.593
199.915 195.554 191.477 177.255 159.735 153.981 142.655 132.656 125.664 121.555 113.498 108.894 104.345 101.699 98.8787 96.11 95.9484 94.7208 88.857 98.7494 93.7677 90.0233 85.2871 88.4371 77.9599 85.7265 86.0593 82.247 79.543 88.3918 80.8158 80.6963 79.5623 84.1693 86.0722 76.6418 80.0696 83.0579 80.4379 82.9061 78.1376 81.6946 79.2877 80.6511 74.5418 71.9056 77.0165 70.1966 73.1429 71.9444 74.6258 75.973 74.3738 74.1186 70.2612 68.859 68.3615 70.3452 68.0514 68.704 66.5394 62.2846 63.1698 65.6122 59.0894 64.3167 58.3851 57.7584 54.0818 52.166 53.3485 53.3259 56.1139 63.6027 67.3148 67.7961 62.7013 60.0457 61.6546 71.6633 66.4554 62.6916 74.6388 70.3032 65.1147 70.0835 68.4617 71.2594 76.6773 80.5703 71.7247 76.0796 75.8858 74.7421 76.2606 78.6804 80.6672 80.3377 78.8548 80.3991 82.5572 76.2056 76.645 81.8432 75.7986 80.6995 82.4053 79.7206 75.6467 77.5496 82.0274 74.6904 81.3877 78.2474 79.9274 92.7145 83.8398 92.8276 88.4694 92.0716 92.7856 99.3342 96.4524 96.1487 100.84 99.612 109.194 106.716 110.7 111.853 114.722 121.099 128.546 145.155 156.259 165.599 173.763 189.18 195.392 197.841
196.882 194.289 188.312 175.238 161.76 151.787 136.281 134.615 126.35 122.57 112.509 106.732 106.676 99.9262 102.824 98.5558 95.2938 94.2709 94.2479 92.5694 91.3269 93.6906 89.9729 93.3136 95.5921 89.7434 89.4549 84.6192 86.5961 90.7138 88.6615 88.7697 84.9635 85.606 86.76 86.2683 78.1935 79.9213 80.2458 79.2754 72.8333 80.7212 73.1251 68.0337 74.2103 71.1121 69.7746 70.1745 65.152 67.8272 62.2604 66.0601 69.073 65.6962 60.9359 62.9325 63.2276 66.0175 64.6996 56.9953 63.3816 60.4212 55.2249 54.7725 56.7789 53.6611 57.3953 52.0678 52.8546 42.7637 48.6747 46.924 52.1596 55.4511 58.2247 58.3034 56.9428 58.3493 59.064 65.2077 63.8767 60.6606 69.3844 66.9486 61.6506 66.1126 63.7423 69.9024 64.4143 67.1748 71.1449 69.6762 68.1353 72.9448 73.1776 71.5285 65.647 74.7905 77.1084 79.0066 71.6957 71.8727 76.4953 81.2359 84.8192 79.1017 88.5894 94.602 90.6187 81.6818 89.586 88.2452 88.3632 88.5042 93.9135 96.5494 89.668 86.9895 95.4151 97.0707 94.0021 94.366 92.7595 95.2938 94.4873 101.87 102.569 106.994 108.004 113.368 118.98 124.406 131.058 138.274 147.45 162.737 175.763 184.227 194.692 197.312
196.748 195.165 185.289 170.511 162.173 149.636 142.113 127.647 123.935 118.63 109.45 110.328 108.808 103.273 104.624 104.73 105.854 95.0278 94.0499 97.2962 95.6298 91.991 94.3725 88.6715 96.7341 91.216 89.2836 88.4221 90.9499 88.2059 78.926 80.2265 80.0036 78.7264 74.6984 74.9213 74.1363 72.0408 78.5202 71.7847 73.0786 69.6693 64.3342 68.4952 71.5053 73.9002 66.3132 61.7331 65.4817 68.8112 65.7378 62.7809 65.5682 61.9161 66.3864 63.027 62.1489 58.6997 57.7917 58.9558 63.2499 57.4258 61.9793 56.2317 56.408 49.3865 51.2292 57.0134 57.0366 54.1828 52.9887 53.1617 57.2229 53.6373 58.6199 61.0613 55.194 61.3839 59.019 65.7677 60.4858 65.5416 60.1432 59.9603 62.4982 59.4547 62.4183 62.435 64.3807 66.6292 66.9618 67.494 65.5549 60.5923 66.1236 65.5881 67.7069 73.1584 70.7669 68.3522 68.5584 72.8358 78.3971 75.2472 74.6818 79.5346 80.9649 81.1312 76.458 85.7811 84.5372 94.9945 92.1573 91.6052 87.6238 93.9102 90.5408 95.2473 95.3271 92.9556 99.721 95.3039 98.2741 102.911 102.987 103.054 111.313 105.582 106.842 115.161 115.607 125.189 127.694 138.028 144.478 159.601 174.772 186.563 194.423 197.855
197.455 194.581 185.093 177.3 165.191 148.409 139.344 131.564 121.469 119.276 116.101 112.117 108.287 98.6551 106.105 95.2373 94.6166 91.3473 89.7447 82.2311 85.7703 83.3546 83.2534 76.202 76.0907 81.057 78.7088 71.2526 76.9848 73.1487 75.7027 68.8504 75.3754 75.949 76.0873 77.1771 75.6183 79.4882 77.5954 75.48 73.8471 73.5907 79.5523 76.0637 74.0832 73.0879 69.3328 68.4624 65.3551 68.4826 72.9361 64.7613 70.2843 70.2269 71.509 64.7073 64.1877 62.4502 67.1061 62.7403 64.1101 56.2827 62.6593 62.0892 63.1384 61.4279 59.2551 58.6377 59.0189 57.9629 55.6316 59.3091 60.2335 56.5729 62.295 59.7814 63.1992 59.5217 63.0743 62.6357 57.7436 69.4779 68.3612 68.1419 66.3638 60.635 72.6763 61.2491 69.3733 69.6129 67.6189 70.4361 69.7512 73.9888 73.9044 73.2769 73.3882 73.3882 65.7667 75.2202 77.474 79.7378 73.8842 70.7566 71.2829 76.6541 78.1993 75.5846 75.0549 72.7404 69.4678 75.1966 77.0792 82.5145 76.7857 79.0462 78.945 77.9868 83.5874 83.6718 86.4687 91.2933 93.7056 91.9883 96.0302 99.4918 104.107 102.582 111.361 112.515 125.869 125.538 136.783 145.528 153.831 165.872 175.768 187.55 192.894 197.094
198.869 196.409 189.022 177.094 164.287 157.509 144.114 135.638 125.904 120.262 124.943 116.471 115.951 108.676 109.836 104.061 97.2756 98.3123 96.8684 89.6831 85.4814 86.0596 85.5875 86.3402 78.1387 76.0549 80.4004 75.0353 76.7256 79.6852 76.5545 82.5149 69.222 71.0389 74.091 69.53 69.1707 69.1605 75.0935 70.7104 76.7769 71.0629 68.6883 72.8352 67.9184 71.3845 71.5111 74.5529 74.4707 73.3895 76.883 80.0206 72.3973 74.5563 70.9705 69.9372 76.7632 69.3897 69.879 73.4203 64.1068 75.7402 69.9406 74.4947 65.2085 71.5829 64.7911 67.6892 60.1548 57.5784 59.2242 63.8228 55.6623 64.9759 64.579 67.3641 66.2761 64.3737 69.1194 62.307 68.3461 71.8053 71.0936 75.6751 69.1433 75.2132 66.7209 74.676 69.0475 76.8761 66.5258 70.4162 75.6204 75.593 75.0935 77.0335 75.179 77.2696 74.4605 69.2289 75.8873 74.2894 74.4126 79.2678 70.4025 70.9876 75.2201 78.2824 73.7214 75.7299 78.0531 79.8632 70.0809 80.6467 80.2806 83.3053 84.3454 85.1803 89.0091 90.8636 98.918 94.8121 102.401 107.954 105.741 110.846 113.514 115.817 115.201 119.335 125.404 135.885 131.365 142.841 150.94 161.807 177.029 186.22 195.934 197.514
199.28 196.182 189.278 180.723 161.621 156.008 150.714 135.025 126.855 116.544 123.702 114.626 107.937 106.966 105.522 103.972 102.109 103.645 96.5022 96.3426 102.889 100.575 97.6991 93.3729 90.875 89.6607 81.9727 75.9778 79.8669 75.2041 79.513 72.4287 77.6847 70.5206 76.9422 74.9855 72.6785 65.5664 75.1972 70.4616 63.4709 71.9603 67.027 70.5483 63.1622 67.3878 64.9489 70.8987 69.1259 67.3774 64.5915 67.4363 65.6982 67.7347 64.8829 68.8483 73.7158 75.3429 75.5545 74.6768 81.1644 75.5198 71.4954 73.407 78.9371 73.074 67.5786 73.2717 74.1807 62.0312 66.3366 67.6861 73.1433 74.6386 68.9351 68.7096 73.5284 70.7495 69.0149 72.6299 73.2752 72.8276 70.184 60.6712 69.4173 64.7233 67.4398 69.511 69.289 70.3748 66.9194 67.7347 61.7675 69.504 69.622 61.2506 62.9401 68.5049 71.3254 70.753 71.5648 70.8259 69.8614 66.9645 70.2846 70.4061 74.479 75.2804 75.8217 80.7723 78.0385 80.2762 82.9268 84.5747 85.5045 91.9088 84.6233 97.7858 100.534 102.705 99.5413 100.204 100.95 103.174 106.216 107.42 113.745 115.393 116.461 120.721 127.046 132.295 133.756 144.059 151.89 165.992 174.794 187.36 194.878 199.343
198.856 193.999 187.085 172.848 156.026 145.823 141.036 126.701 119.962 122.505 116.217 106.204 103.552 107.906 103.274 105.437 105.532 104.234 102.588 98.5647 94.9281 94.6959 93.9855 90.1449 91.1578 88.9808 86.6947 85.5657 90.4298 81.4508 80.867 79.2421 78.8025 80.561 76.432 74.4906 70.337 74.0264 65.5433 66.092 70.0556 71.5222 68.9232 66.507 60.8762 63.9571 69.9783 62.3358 76.9983 65.9759 67.1471 64.0556 63.6511 66.1377 65.3428 56.8703 61.0345 65.2268 71.2725 67.9314 60.3346 73.0064 68.5187 72.3312 71.1881 63.2924 72.813 70.6993 67.4988 66.5984 68.7332 65.7789 75.9502 72.4085 67.2983 70.2421 69.4226 67.0205 73.5164 70.3054 71.772 65.6488 67.9841 67.956 60.9325 69.0322 62.9513 65.6805 65.793 62.8774 65.3217 66.3276 66.092 68.4378 62.7613 65.3323 67.4636 61.1892 63.0638 65.4272 72.8552 65.7016 70.0345 73.8013 73.5234 78.3593 80.8881 82.7838 82.7732 84.1871 84.7674 85.5693 91.3548 85.5552 92.7792 96.1379 93.8518 98.839 94.2985 96.0183 98.322 95.9445 107.551 95.5506 103.306 104.625 104.976 106.313 110.797 112.492 117.11 119.498 131.111 139.443 141.465 160.964 171.831 183.508 196.405 197.692
198.428 195.334 185.695 173.051 158.446 146.518 131.297 129.661 118.385 112.632 108.842 101.071 101.827 98.8612 94.0523 98.8826 89.8816 95.7598 92.5052 88.0885 93.2253 91.1577 92.851 91.6532 92.1345 87.6572 85.5468 91.0009 82.9731 89.7069 82.2352 80.2924 81.2442 82.2993 83.1335 75.6725 79.968 77.4655 75.0665 76.2607 75.9113 72.8777 75.5513 72.4464 69.345 72.2681 72.2254 68.2328 65.9478 68.4111 67.6375 70.5606 67.5199 65.3597 71.3164 71.0062 71.5659 67.7267 70.1863 67.5948 65.93 62.1157 68.5216 64.9461 56.6474 57.4352 60.1159 52.5408 57.8024 58.166 52.0525 54.3695 57.5885 53.6245 64.1762 63.342 56.3836 67.773 63.1353 68.8139 68.461 70.7745 71.5017 73.5194 75.9184 71.8439 68.8389 67.5056 67.0101 68.2614 68.9101 71.7085 69.976 67.0244 73.555 69.3023 68.1045 77.355 72.2503 76.8168 75.7402 81.1052 82.7521 79.2265 87.9067 80.7665 86.4273 88.7408 90.1596 86.1564 85.4684 84.7234 86.2455 90.3129 87.9602 89.0046 88.06 92.99 85.9603 94.3411 91.1114 91.4964 95.3499 97.4317 99.239 89.9029 100.44 102.287 109.591 109.762 110.849 118.824 130.748 134.081 145.246 156.421 174.412 186.165 193.626 198.164
200.622 195.507 185.121 170.144 157.197 144.9 126.874 120.826 121.321 111.195 98.671 91.363 89.7301 87.5301 86.2586 82.1584 83.3866 81.1903 86.3742 82.9026 83.4264 83.4625 76.6711 88.0756 83.7732 89.8855 83.6684 90.0625 93.1548 93.8231 87.3893 87.3748 81.5407 90.6694 87.1436 85.388 85.0773 81.4467 79.9692 84.2211 83.383 84.5137 80.4642 84.5824 81.7213 76.8372 78.9614 80.0379 75.5295 74.8468 74.7239 73.6438 61.6396 66.2057 65.3135 65.5844 60.9821 62.9726 54.747 58.8363 59.2012 63.8215 54.5555 56.5641 59.6708 50.5096 55.2238 54.8337 50.1411 54.5483 49.9352 51.6944 49.0718 55.502 58.7099 58.5112 60.5233 63.0521 61.0833 59.2517 58.9555 60.5016 62.3079 65.411 65.7831 67.5532 68.2251 65.9998 72.9285 74.3916 74.323 74.6987 80.3883 83.1771 80.9807 78.7482 87.7541 84.7413 89.9794 87.2881 84.9653 86.2838 87.1689 86.3272 89.5062 84.5246 82.6353 90.1058 90.1492 88.2346 90.3696 85.872 88.5091 89.8277 86.2441 83.5673 80.4353 78.3111 81.7032 76.3676 79.3732 81.1903 82.2848 79.4491 86.6884 92.183 90.6152 97.9955 98.6963 101.836 103.183 110.888 127.513 135.403 144.109 159.78 168.171 186.024 194.123 200.333
199.371 195.575 184.448 171.802 162.073 141.353 130.753 124.362 116.976 106.211 109.608 104.949 104.078 92.72 99.3486 89.671 88.163 85.7766 85.3044 89.6747 86.3512 79.0711 76.6371 87.2517 76.3919 73.5259 74.7192 74.3312 79.8288 81.9993 79.32 81.4905 76.3772 85.1946 85.3154 90.4763 90.6337 87.8446 95.509 88.5217 88.0569 88.551 86.0182 81.1611 72.7939 81.1318 80.0411 77.2923 83.2437 76.2711 78.2695 67.2963 71.9118 69.7523 68.2516 62.4905 65.4552 64.1632 57.659 63.8777 62.9846 51.7405 60.0601 55.8509 56.9562 53.0911 56.6085 52.8129 50.8218 48.3621 49.6578 50.5399 49.4638 51.6197 56.744 61.2497 58.6363 61.224 60.6933 60.47 59.8844 59.2951 64.6902 66.9925 64.639 69.4448 66.9888 71.6043 69.551 75.3634 73.5955 77.5814 77.7571 73.3173 76.9116 82.5154 84.964 85.9742 84.3857 89.7113 88.9793 83.8074 82.4897 84.6968 88.8146 90.663 86.7136 81.7614 79.9459 82.5995 79.697 79.5653 78.5514 76.0954 79.4554 75.5793 83.3133 82.4495 80.1545 81.4063 81.8529 88.3973 85.0848 87.3139 94.9856 96.8011 95.2785 100.37 106.142 111.68 109.473 120.501 122.199 132.063 145.738 156.162 169.957 184.862 194.854 200.004
196.134 193.401 181.755 168.187 152.785 140.756 135.102 122.962 110.585 109.873 108.316 105.835 99.005 96.7617 98.7714 91.0144 87.6699 88.1556 95.8941 90.5992 87.8368 88.4819 89.8427 89.7945 83.0795 79.4458 81.3553 83.2093 83.8656 78.3964 75.9158 80.2393 78.1814 77.6363 74.0693 75.2002 73.4946 86.7207 78.4298 78.9489 79.1714 79.3271 83.1611 82.0005 79.0564 79.5088 75.8639 81.8707 77.9107 76.2792 78.0219 71.8631 76.5425 73.4871 73.6392 74.3511 75.6526 66.761 72.8494 67.8585 68.1959 65.8711 63.4609 62.2114 62.6044 59.9755 56.5012 51.2063 50.7354 47.6578 47.7802 50.0123 49.649 49.1224 57.1056 58.7259 60.7727 62.6304 65.593 68.4666 65.4818 71.4478 74.377 77.7105 72.0262 79.1232 75.0408 81.5815 75.838 76.6277 78.4409 76.5017 80.9957 81.1922 85.0336 76.6537 83.0202 81.4925 81.0995 82.4862 79.0082 77.2544 76.3459 73.387 74.466 71.4292 69.2267 76.7612 76.5165 77.3174 77.6474 79.3419 85.6565 79.8388 79.1565 84.318 90.1987 85.8122 85.6454 90.8179 87.2398 91.274 92.3604 93.8992 94.8002 93.4135 95.3156 98.4859 98.7306 103.239 104.7 116.058 121.371 124.864 138.301 157.134 173.282 182.344 195.003 198.422
197.31 193.543 183.681 172.162 152.775 143.063 132.544 121.104 119.865 113.923 110.941 98.3225 101.781 99.7384 95.5809 90.2404 97.6315 95.1565 95.8363 91.1455 93.305 84.2652 89.3503 82.5451 83.1648 84.8999 85.4745 86.7214 81.133 83.2662 70.9177 74.8498 77.3248 71.1017 73.4114 77.7116 74.632 74.4104 71.4134 77.0394 72.0744 76.8365 72.2021 69.9788 77.336 79.4167 76.8703 80.0025 78.1848 83.4239 82.7442 83.3188 83.4953 80.2842 76.5962 77.1821 82.4287 78.9097 82.9432 78.5792 78.4778 72.6227 74.1813 70.3806 68.6192 74.0424 66.5236 63.9209 59.9362 51.3771 58.6705 56.7063 56.65 63.8345 69.9262 66.3771 73.7719 73.4377 76.0629 72.3749 76.1718 77.5727 79.334 78.8984 87.7692 84.4417 79.4392 83.5291 78.8195 81.1781 85.6923 79.7246 84.1826 77.7942 78.4853 78.7782 71.3496 75.7775 77.8055 80.0326 69.9975 72.4349 72.6265 74.9249 73.0321 76.108 72.1683 81.0316 81.0616 81.2832 80.8889 83.2549 82.271 85.1215 86.8641 83.2361 91.7276 99.8436 90.323 83.6643 89.5832 91.814 97.8268 90.0414 93.3275 95.2129 103.107 102.401 105.702 112.17 107.081 117.3 125.645 132.056 140.468 155.72 171.264 182.111 193.137 196.867
197.136 194.66 184.128 177.031 162.97 153.051 143.942 135.989 127.199 123.149 119.54 115.284 109.339 107.536 110.997 107.479 103.645 105.577 100.298 102.588 96.5254 96.8487 97.7767 101.869 93.2926 91.9348 87.4544 93.8631 85.9254 87.2756 90.0179 92.6498 92.8666 87.1882 83.2517 93.4371 83.8868 80.6388 83.7918 85.3397 87.7358 72.7963 84.5524 80.4524 80.886 82.0917 82.974 76.824 79.3076 85.2637 80.6768 86.2944 85.5869 90.7405 85.5831 83.13 88.7285 88.0629 88.2683 82.5633 86.9409 88.6943 89.995 82.1829 88.101 89.6109 79.9466 83.3468 72.1497 73.8232 67.7986 66.7147 71.6286 75.7629 83.4875 86.7774 86.2487 81.7646 87.6484 86.5492 86.8002 86.7013 91.4707 88.1124 81.3804 83.3087 88.5992 89.7516 78.8778 83.149 87.5647 81.0724 82.6926 80.4106 88.2607 83.4761 76.9571 79.6765 83.8792 77.5619 82.6888 87.869 79.2011 88.1162 87.3289 87.8728 82.7611 90.3259 85.412 96.7612 84.9442 97.0198 89.9532 92.8057 91.4289 91.988 90.2727 94.5591 95.2361 103.676 101.778 101.846 106.623 106.114 105.996 102.303 110.332 113.142 114.918 120.623 118.851 128.96 136.309 143.546 153.701 163.023 177.48 188.506 196.044 198.596
198.65 195.192 187.609 180.955 173.372 162.72 151.367 148.27 138.473 138.423 133.706 129.373 130.274 126.269 128.06 119.869 116.437 118.205 113.287 118.317 115.752 113.391 109.205 108.966 107.807 110.249 107.784 106.536 107.264 102.612 106.417 103.124 114.242 104.418 110.788 99.9625 109.224 106.059 100.159 105.242 109.228 102.4 102.924 101.823 102.654 93.5928 103.721 92.7224 91.7134 94.336 89.9997 95.2526 94.4593 98.4143 95.7725 103.613 100.667 101.476 97.594 97.9753 101.106 106.417 102.227 106.79 103.032 103.494 98.811 91.8367 91.8405 85.906 81.4734 90.069 97.3707 96.354 95.422 90.5273 97.5902 108.154 100.24 102.674 102.485 103.609 94.2128 99.0575 93.0998 92.3797 95.241 101.426 93.1653 92.2218 99.7314 90.2346 90.5273 94.5016 94.7597 106.309 97.2744 99.9085 97.6749 102.523 103.513 103.71 108.493 103.371 107.915 102.015 104.588 109.975 108.647 108.589 98.345 105.82 106.918 102.843 109.625 108.134 108.065 110.699 107.387 114.593 116.434 116.707 113.68 118.559 116.711 113.53 124.19 131.476 129.042 128.337 139.521 143.337 147.08 154.659 162.319 170.379 180.616 187.856 194.445 198.866
197.435 194.57 189.314 179.922 170.713 160.943 152.864 146.139 139.885 138.497 130.407 131.565 132.707 130.805 122.379 123.3 122.512 116.964 116.395 116.212 118.988 109.303 113.829 116.753 116.145 110.016 114.555 114.137 107.736 113.057 109.95 100.593 102.936 110.621 106.519 109.018 106.172 109.697 111.26 104.149 108.89 103.903 107.763 110.933 107.806 107.786 106.87 106.41 107.79 101.15 101.139 102.422 102.62 100.554 100.398 100.371 100.534 99.2284 99.3025 101.31 101.037 105.79 105.837 99.244 109.459 108.313 109.178 97.8755 100.172 94.2106 93.9806 91.3996 101.86 100.753 104.858 108.313 97.3102 105.038 96.6162 99.3804 101.353 98.1913 97.934 95.8559 98.3317 103.478 107.17 106.246 104.788 104.519 107.166 105.689 109.003 110.648 112.133 109.958 113.447 108.192 107.65 103.794 105.673 104.476 107.79 109.369 110.406 115.174 108.059 114.543 104.585 107.693 109.237 112.644 108.001 114.952 112.679 111.319 107.728 114.699 113.744 119.744 114.43 117.334 117.755 121.444 117.128 125.569 128.575 127.662 132.068 132.45 137.951 140.197 149.347 149.004 157.492 169.114 177.458 190.047 195.977 199.482
199.094 194.114 188.253 172.38 168.576 158.181 151.42 146.625 136.431 134.868 128.586 128.345 120.077 124.529 116.122 122.279 120.582 114.023 108.628 116.229 114.508 107.164 110.846 108.478 105.905 106.6 105.498 101.359 102.736 102.795 105.423 103.099 101.69 99.4524 98.9709 103.561 103.928 100.928 100.384 98.7025 101.643 100.254 103.983 97.6725 103.352 100.396 102.807 112.579 107.014 97.9882 101.426 102.369 103.636 104.078 102.854 109.035 102.815 104.378 108.573 104.279 111.841 116.943 108.829 110.633 111.454 108.087 109.058 103.529 101.528 95.4703 95.8808 95.3322 108.151 102.72 109.413 104.22 109.24 109.342 107.606 116.478 104.165 110.826 110.878 97.7712 101.138 102.716 111.13 99.3142 104.259 107.476 107.413 102.677 99.4405 105.802 105.794 100.19 98.2368 97.266 101.22 101.098 100.257 95.719 94.1482 96.6464 96.1925 94.539 99.8786 92.6052 97.491 100.897 101.69 102.554 99.4445 109.267 104.658 104.382 100.684 108.446 109.354 104.026 118.246 114.848 120.953 113.648 121.288 116.935 119.205 124.229 129.576 130.827 137.367 130.673 145.358 151.957 158.137 171.188 179.681 188.277 195.68 198.459
198.662 192.027 185.321 173.27 157.166 145.902 135.625 133.388 122.827 119.995 109.31 118.621 116.025 111.975 112.889 104.098 106.682 106.007 96.7845 103.299 105.46 103.491 94.356 99.5845 96.0456 101.03 103.743 99.3329 100.088 103.695 101.761 95.4225 103.667 101.586 101.038 103.183 96.7486 104.014 94.3001 101.558 102.94 99.956 96.8005 97.0921 94.0605 97.6793 100.383 103.127 94.0844 97.2319 99.7323 104.278 105.057 111.707 110.565 116.021 109.287 109.342 115.905 111.611 111.523 108.336 107.206 103.403 103.762 104.857 101.102 92.0793 93.0979 83.0403 90.3498 91.8317 96.8325 101.158 107.241 109.982 107.809 112.023 108.807 113.936 105.816 104.174 113.844 115.09 109.346 109.682 108.396 104.609 108.647 96.3292 105.244 99.2969 98.1146 94.1124 93.697 93.6251 90.2779 97.136 97.0961 99.0772 102.269 99.94 100.172 94.6676 103.595 98.0667 96.465 104.178 101.59 97.0442 104.126 94.356 96.481 100.387 101.49 98.2664 108.132 103.115 100.228 101.154 106.846 104.078 105.244 105.224 108.743 109.051 114.739 105.196 113.157 117.255 121.241 123.562 128.455 137.833 145.862 157.565 172.479 185.74 193.078 198.893
197.98 195.417 187.163 169.403 156.97 146.174 135.984 128.001 118.539 112.395 108.907 103.963 104.889 98.0177 101.465 94.8892 102.407 97.0799 98.4098 98.822 102.71 99.4283 99.6062 93.0137 103.458 97.3629 98.9231 101.55 94.4648 99.2788 97.3346 97.9571 91.2919 95.7259 98.8301 95.063 90.0833 89.6306 94.5093 90.9968 89.5498 83.3898 89.6064 96.4737 94.8528 95.7986 98.1713 105.103 95.4793 96.4413 100.516 101.704 96.7768 99.6466 99.3313 102.031 97.4154 104.125 107.484 105.952 112.225 114.186 105.843 102.14 102.205 103.102 101.154 89.7761 89.473 75.4797 79.3963 83.887 89.1941 88.6727 97.5205 106.34 113.106 101.74 110.968 107.589 101.251 103.204 107.423 107.229 97.8843 102.407 98.4785 103.276 99.2747 98.9352 93.6119 101.429 92.7227 95.7582 89.8004 95.3096 93.1754 91.8173 97.5124 88.7414 90.1722 89.8125 89.7519 98.6846 94.9822 94.7639 92.3468 92.2862 94.0404 94.7397 98.7452 97.8641 98.2602 96.215 98.0217 102.266 100.984 100.823 106.191 92.3104 99.0767 103.175 100.657 98.4502 100.883 103.038 98.6321 105.091 106.009 107.989 113.785 114.941 127.12 134.739 142.439 160.272 169.435 181.739 192.111 197.87
197.201 193.614 181.496 169.632 157.833 148.284 138.788 134.915 123.832 118.756 115.092 110.532 106.491 104.941 95.3511 101.649 97.6249 91.1755 91.7194 90.5457 84.6934 86.9836 85.3682 88.5418 85.9121 87.6461 85.405 80.8654 88.4804 84.8815 90.1367 92.4474 91.1551 88.3823 91.654 85.4908 78.9882 81.5647 89.4456 85.6299 81.6793 82.4031 90.1285 93.1467 93.8297 85.2536 88.9385 97.8253 92.9791 98.6964 97.764 93.3103 97.5881 99.0891 98.4388 99.8416 95.4779 99.8865 94.1078 104.917 99.3303 96.3653 96.6271 95.5515 96.6639 96.7743 93.1222 83.9858 83.3887 82.1209 82.3295 82.1986 92.1407 93.024 93.3635 93.1058 98.8069 95.0362 97.9112 101.809 99.6166 97.8744 98.8028 92.3533 101.604 98.3611 101.592 95.482 95.3797 97.9399 92.9709 93.6252 89.9609 94.6027 91.4618 87.2249 92.4229 82.9552 84.3335 76.2481 77.9372 83.8468 84.7588 88.8567 84.1617 92.0057 89.8832 88.1123 84.5502 87.5602 87.5152 87.0613 84.9142 80.6895 84.0022 82.534 87.7729 84.9142 84.8897 84.7179 92.1448 88.096 89.6419 84.8201 94.4841 99.9111 106.123 109.788 113.051 112.127 120.27 123.958 132.031 139.332 148.034 155.51 168.802 183.271 194.931 197.565
197.247 193.432 183.854 174.669 157.739 150.151 142.29 137.656 130.56 114.461 115.003 111.553 109.923 101.681 99.3516 94.4529 90.15 92.0905 86.0747 87.018 80.5347 74.4196 84.0101 80.5388 75.2264 74.0141 73.6624 79.0452 70.6628 71.42 72.0116 79.3059 78.3625 73.2735 84.8045 87.2414 85.5575 90.299 91.172 90.2783 85.9092 88.6854 93.1538 96.0831 90.3652 94.8708 86.5339 89.2812 93.2076 98.0566 93.6586 96.443 99.5378 94.1219 90.2659 95.9176 91.9084 93.824 90.3197 85.6237 90.0797 90.4852 95.0694 83.4598 85.1107 88.2427 85.2058 77.3323 77.9447 77.5185 74.5934 84.9286 85.7602 83.3647 87.0552 91.1885 86.3022 87.2911 85.7354 92.3429 90.8244 93.431 87.8579 95.4335 97.4774 88.9295 91.7388 92.6738 95.7066 93.9895 93.7951 96.2568 85.2927 90.208 88.7226 92.9138 90.8203 88.8592 90.5348 92.438 90.7665 94.3785 87.4524 88.7516 82.4131 78.4618 81.6642 79.5376 75.4498 79.8313 76.5545 76.4387 76.7862 74.0224 77.833 76.8152 74.6554 78.2219 80.092 86.9063 89.4384 86.1864 93.3731 98.5738 93.0214 98.2676 100.523 109.588 113.129 114.656 123.464 125.004 129.05 142.269 149.534 163.796 171.98 185.675 195.36 197.805
197.195 195.885 183.397 169.544 157.683 148.472 134.129 127.207 117.565 118.485 110.508 112.76 109.299 99.083 100.175 101.347 91.4744 89.7711 89.5911 88.2602 88.5909 85.4813 81.1539 81.5054 81.8863 76.8265 84.2258 76.1401 76.228 76.0899 78.1364 80.5973 83.0874 80.2122 81.8151 86.8959 82.3174 89.5074 90.7253 88.2184 91.5288 104.536 99.7652 102.18 108.274 105.754 100.527 101.958 107.365 101.506 98.5515 92.7634 91.6544 85.9919 89.2772 84.0877 85.1842 80.162 91.7632 78.1908 85.3097 81.924 85.3307 84.7489 84.0458 80.8567 82.0788 82.355 72.3902 70.9003 69.6448 74.2233 80.9321 83.8993 84.2969 79.5342 90.6709 85.4729 83.9621 85.8747 85.2972 82.92 83.4139 74.9097 83.5059 85.1758 92.1692 90.3737 91.713 99.0244 102.745 103.419 103.021 107.616 102.854 102.862 106.143 104.063 99.5015 101.176 97.3127 96.7979 88.0175 85.3725 83.3678 88.2184 79.551 84.841 80.1997 85.3558 77.7849 77.1613 82.4052 76.726 79.0069 79.6389 79.212 79.7184 83.1586 87.5781 86.8247 94.2115 90.2314 94.2617 97.6182 94.8895 106.964 101.565 113.405 111.559 113.806 121.783 127.998 129.408 145.693 158.608 171.176 182.053 192.993 195.479
197.306 194.974 181.992 169.479 153.25 140.408 131.815 123.993 113.881 111.591 101.944 103.608 98.8668 93.8762 96.1747 88.2508 91.4042 89.4317 89.3852 94.4138 85.2158 86.1851 87.8275 84.7756 86.71 81.5502 87.1841 86.7269 94.4223 91.7175 100.793 95.3323 91.8021 100.259 96.4286 89.5291 95.6625 92.1365 97.8128 100.708 95.0022 103.311 99.3832 100.306 93.9524 99.3916 93.8212 98.1175 97.5249 97.2117 97.3726 103.476 95.5143 93.2667 94.6551 92.1662 89.9947 83.7851 81.5502 86.6973 86.5068 84.6147 75.6665 78.8327 74.9384 76.0009 72.5511 68.132 66.0283 68.0728 70.4262 69.9521 76.0221 75.9967 77.7829 81.7999 80.2337 79.0231 77.9311 82.8581 87.091 81.038 84.9661 84.0475 93.9567 86.8793 95.4212 91.5566 97.2921 96.89 95.8784 99.1588 102.376 99.1885 100.187 95.7345 99.2689 100.835 99.1927 95.8149 98.1472 99.7895 97.0593 94.0921 98.9811 98.562 91.8487 93.8 92.073 98.6424 98.2742 100.788 91.8191 87.4338 85.8931 92.5683 94.8244 90.3968 91.3027 88.7121 91.836 95.3704 96.1577 91.8826 94.5069 91.4127 93.0974 96.2974 102.537 104.128 108.336 120.251 126.41 130.148 145.229 158.266 164.857 184.307 192.654 197.865
196.038 191.513 183.341 171.043 155.607 141.161 127.745 121.136 114.844 108.119 98.9969 100.29 91.7798 93.6462 85.2091 89.6438 87.5806 88.7363 79.1692 82.3925 90.0205 90.5513 93.9329 90.2645 97.4773 94.3011 98.8513 99.5662 103.65 103.676 101.702 105.281 113.564 105.199 110.995 107.002 113.906 108.388 101.261 100.953 95.4269 97.1947 99.4934 97.0235 92.6745 88.2141 86.7245 86.7587 85.9411 86.8144 89.5496 91.6642 90.2474 97.9396 96.2573 95.5253 99.335 87.0797 94.3482 85.71 85.9625 81.3095 78.8482 75.8047 75.9246 72.5729 68.6562 59.4486 57.2399 60.3433 59.2688 60.6686 63.4082 68.9429 71.1218 75.1155 80.8344 85.817 82.2983 89.3056 82.5851 87.2338 87.4136 97.9267 99.2837 95.1058 95.5938 98.6116 91.3218 86.6688 90.6069 85.299 85.7356 90.9408 83.8179 89.4897 92.0795 99.7374 100.945 97.122 103.175 109.227 105.311 111.637 108.097 110.4 108.859 101.364 107.802 103.491 105.598 106.381 95.2685 97.1391 98.7572 94.7334 91.8954 90.9109 92.1094 88.9247 86.8144 82.9147 83.8779 85.787 86.6003 84.2546 92.3577 99.3051 93.9073 103.932 105.931 107.888 125.087 125.703 139.089 153.733 167.366 180.311 193.247 197.476
200.097 195.444 183.788 168.085 149.335 144.124 131.649 115.925 117.518 101.806 106.844 99.9793 95.5082 90.2277 93.8894 92.6862 88.2323 90.8769 85.2501 83.8002 86.7867 95.7982 95.3697 96.3782 100.988 92.6645 99.4816 102.014 101.048 96.6682 105.043 103.13 104.784 93.1839 106.286 98.3303 105.108 96.2743 97.1746 98.7804 91.0933 93.0368 92.9156 95.0667 92.4697 91.4656 96.2224 93.9154 86.8256 86.2543 89.1456 90.522 91.8681 90.0589 85.406 88.9855 83.956 92.3139 88.9508 81.1945 87.9077 82.9432 78.9438 82.467 83.9603 74.3645 72.5639 70.1487 62.8425 60.9121 63.4485 62.8339 70.0448 73.4296 76.0958 78.7664 81.1253 85.3713 85.2804 87.1503 90.8899 82.6748 86.4621 88.6132 82.242 85.5575 89.6174 89.0071 92.9632 92.9848 90.8856 89.7429 97.8455 96.3522 89.7732 95.5515 98.5337 91.6301 97.6594 97.2915 90.8942 94.846 99.105 100.559 104.351 103.031 112.016 105.061 98.9882 104.658 96.2354 98.8367 98.577 91.9287 96.3522 100.875 88.847 91.7339 96.8283 86.5789 90.6129 90.3359 89.388 91.3574 93.6384 91.9114 92.8593 97.2006 99.962 104.022 113.652 113.371 121.885 127.546 140.198 149.642 168.102 182.139 196.271 198.007
200.076 197.954 184.699 166.586 152.054 138.58 123.815 124.139 112.477 103.869 104.88 103.782 99.2394 100.872 100.22 97.3796 94.8984 91.5201 103.357 100.106 101.27 95.0909 97.2527 97.8128 95.5373 94.2288 97.7034 93.5812 91.4938 93.2792 97.6246 94.2463 97.3358 93.218 85.4199 90.3254 89.0476 85.0873 86.4089 86.247 84.5534 93.9794 87.6954 85.84 92.2071 87.6123 87.6167 96.7232 96.2724 86.1594 87.1528 88.1024 87.7654 87.2141 90.5748 80.1774 82.7461 82.8993 83.1181 77.0136 73.9503 85.3455 81.0307 90.4961 75.1406 80.8207 72.3662 78.5452 79.4904 71.9899 68.8129 77.368 78.9128 88.3868 78.2082 74.2742 83.9583 83.827 83.9233 82.5448 78.0288 76.2696 80.0155 80.6019 82.1729 87.1353 84.4222 86.8071 89.4415 94.6227 86.6758 83.9233 94.3382 90.6055 87.2841 86.3389 94.4958 86.5795 82.0022 82.768 82.558 82.7549 87.1616 82.3217 90.5223 92.5353 89.1001 95.7998 93.9488 90.8112 98.1979 92.7191 99.8914 98.8018 102.128 98.9593 98.0797 93.5505 96.2768 101.764 94.592 98.0666 92.2246 98.0578 94.8415 100.732 100.937 99.6682 99.6901 101.025 110.775 113.225 121.802 125.636 136.545 153.143 167.89 182.069 196.12 198.693
199.962 194.892 186.332 166.992 154.318 137.163 125.006 121.741 110.341 108.687 106.152 98.0743 99.9323 97.2161 102.144 100.317 103.648 97.8841 102.034 100.49 98.2292 105.515 91.1291 101.388 100.344 92.7703 100.379 89.2888 90.1735 82.5293 83.7945 84.1307 84.7191 81.0297 83.6308 77.8711 76.168 82.4585 82.3037 78.9549 82.8567 81.357 82.7107 82.5382 83.7105 82.7638 85.7277 81.1403 78.893 78.9549 75.9999 81.2995 70.0898 76.3538 75.9645 77.5438 81.3968 79.8043 79.8928 78.7028 85.533 85.7011 89.0145 86.3337 83.9184 81.1314 84.4359 80.5563 72.6821 83.0646 76.575 71.032 75.2257 87.9174 78.6364 83.3919 79.2956 85.9444 86.2054 84.2855 81.5782 77.8932 80.0034 77.0483 79.6627 78.1011 77.995 82.0206 75.9999 83.0911 78.0613 80.2732 80.3617 80.835 85.1437 80.8085 81.9852 79.0346 83.883 80.6094 78.5656 79.0478 83.6839 84.3121 84.5023 76.9156 78.2825 86.2364 89.2534 86.6478 90.7796 91.598 97.8797 94.5 97.4904 101.206 98.5654 98.2601 97.2294 98.3884 101.547 103.799 101.131 101.047 105.595 103.75 91.4033 99.2201 103.808 108.337 118.092 114.15 121.564 131.987 141.812 149.496 167.098 180.758 196.25 199.409
200.062 194.37 183.258 166.593 150.827 137.091 124.866 121.069 110.637 108.232 108.16 103.854 104.342 104.301 100.711 100.402 101.346 102.124 99.9819 105.969 103.479 96.6551 98.0234 95.5328 92.3849 96.6507 88.8167 90.0418 78.1478 89.152 88.9106 76.5693 80.1689 77.5441 72.7328 79.042 78.6664 79.5607 75.3173 76.2563 72.7954 76.3279 76.9136 70.8637 73.0413 73.3946 72.5942 70.0499 69.9382 71.4048 74.4051 72.5316 75.1876 78.3579 79.7441 77.8169 80.2002 80.4371 74.66 78.112 79.6368 81.0631 80.2091 79.4132 85.2708 81.251 83.6924 84.0635 66.5264 71.6105 72.1784 76.0283 78.4116 83.2005 73.9356 76.0954 76.936 80.5221 82.3062 82.333 82.1587 76.9494 77.477 82.6371 78.3177 71.682 72.4153 77.3518 76.1535 70.4255 77.3921 68.3687 69.7414 73.9714 76.3368 71.9995 73.8686 76.1356 78.3043 82.1408 82.2123 78.9079 80.5579 77.0209 76.6543 81.1392 79.4355 80.768 81.1571 85.4318 80.6339 85.083 89.313 90.1089 94.5714 90.7081 97.3035 107.391 101.972 103.219 98.6673 100.988 101.896 107.525 104.713 105.531 105.603 100.107 102.857 110.673 111.509 112.086 116.115 125.411 138.298 149.629 165.203 181.063 194.978 200.541
198.284 192.816 180.347 168.412 151.795 139.864 123.329 121.435 117.178 116.943 109.188 113.892 101.935 111.384 102.771 99.9327 102.549 101.261 108.176 98.6267 97.8178 96.4439 93.3844 93.1449 90.6232 92.2185 85.8916 83.4422 91.753 78.078 84.4093 81.2188 79.9489 82.9632 81.4357 74.544 78.2949 78.5841 75.0411 72.9532 74.3677 71.6065 71.5206 67.6025 70.0609 73.735 78.7784 76.1031 76.3968 75.3167 73.7667 79.8992 82.5158 75.2354 77.4182 76.1709 77.8339 72.2708 79.0134 79.7862 78.6745 82.8818 80.3285 76.1031 76.7086 77.0476 72.9984 74.3858 67.2003 63.124 66.4636 63.6527 77.0431 78.557 76.7719 73.152 78.0011 70.2869 76.3878 77.1063 74.1869 76.79 70.7343 76.0443 77.2961 78.2135 76.0082 76.2386 73.8435 76.2884 73.1385 78.9004 79.9715 75.2535 74.3451 71.9499 69.496 68.7684 77.1244 74.8151 73.9655 78.2723 72.3612 79.6235 80.6855 83.2072 80.3737 85.4352 82.805 86.8135 85.4759 86.0769 83.5507 86.7729 87.7038 86.1944 88.7523 88.9195 98.7577 97.6596 97.8178 107.701 107.136 111.999 104.289 110.413 108.854 108.659 113.368 110.788 110.34 119.234 119.428 123.5 135.711 151.592 167.223 177.577 193.977 198.523
197.368 193.619 184.663 163.23 151.79 142.748 128.357 123.95 127.499 118.753 114.944 114.666 118.319 108.56 108.765 100.888 106.468 100.819 99.7001 98.0423 88.2463 86.1684 91.909 86.1045 84.3599 79.9163 86.173 84.5152 81.195 84.8166 87.881 79.7473 81.3092 78.4777 78.6832 76.8291 76.8884 71.6776 79.6377 73.0111 78.4503 74.9703 72.454 78.4001 71.7461 80.4187 78.4869 72.7234 80.542 77.2538 72.9335 73.7144 75.5047 76.4774 67.6816 76.4865 77.473 72.1389 79.0029 74.8105 80.373 75.934 75.1393 75.4316 68.8552 74.6781 66.3891 63.786 57.5522 52.9441 55.4879 61.0732 61.7035 70.1797 72.317 70.9012 64.745 75.5184 73.5135 73.9154 77.7607 76.3084 71.1387 73.7281 72.0932 71.9516 75.8655 75.0571 72.8193 71.1341 75.6736 80.2908 75.0525 76.3039 75.1165 78.601 77.0072 72.4494 75.4362 79.1399 70.8784 73.0796 72.8787 75.3311 81.7157 81.5604 84.9034 85.4514 85.6067 82.9442 81.8938 85.0267 77.0528 84.433 84.0904 90.8038 91.6167 83.6429 89.8082 98.9649 96.8732 99.4581 95.3113 97.2979 103.724 102.646 111.693 110.857 111.533 118.173 122.859 122.343 130.362 132.577 140.889 150.429 170.017 179.89 192.828 196.245
198.826 198.092 186.306 169.011 160.884 147.11 140.017 133.7 126.427 122.491 118.965 116.584 109.334 107.982 102.311 103.382 95.269 88.2594 92.3526 84.2954 93.6123 86.5243 87.8394 81.3974 89.3761 87.2949 84.5584 84.5169 88.0102 82.5465 78.7117 78.0887 77.5857 81.5728 80.4514 81.8589 81.9189 77.9272 74.7985 86.6212 76.7782 75.9383 80.7237 71.7252 78.4441 77.4519 73.1142 66.6352 71.4991 73.0726 71.3329 71.056 75.9983 73.931 77.0366 77.6873 77.1197 73.9679 70.3685 71.559 74.9554 67.6458 69.5655 71.4114 61.656 64.2356 61.1023 56.3123 54.7203 48.1952 49.7595 52.8283 56.7046 60.0871 63.7188 65.1032 70.4192 67.8258 66.4783 68.5134 75.8091 72.1128 73.4787 70.7238 75.0662 77.5027 69.9947 70.4931 67.512 71.9559 69.164 69.4825 80.1422 71.8498 70.5115 72.039 81.8266 74.2217 73.1603 78.2272 81.5543 80.7791 79.3808 89.4177 79.4824 81.6328 77.678 79.9854 72.5835 81.7574 79.7592 84.4938 84.2585 86.9304 85.5644 85.6983 89.0808 84.923 90.0314 83.6263 95.3336 91.7388 95.1444 99.3852 102.099 106.376 107.198 112.782 113.635 116.898 117.438 128.508 139.048 135.749 150.229 158.776 171.17 184.442 192.951 198.743
198.402 196.658 185.063 168.465 158.343 143.572 140.076 127.991 124.247 119.412 111.011 111.36 107.826 101.257 98.4222 98.1052 95.7833 85.6707 87.7874 92.6362 83.153 85.6007 86.6778 80.2577 83.3908 76.0103 81.9175 84.8175 76.5278 84.645 79.4604 82.3651 80.8964 78.7471 78.4207 72.1545 77.1013 80.4209 70.602 75.6933 69.7394 69.0028 73.8283 78.4067 71.0682 71.3013 72.024 65.7485 69.2079 78.9522 76.7143 75.8611 75.1244 75.8704 73.2968 70.7791 71.8748 74.6769 70.3595 66.1121 62.8811 69.3058 56.3119 63.3707 55.1276 62.5687 63.2355 57.1604 46.9592 48.7076 52.2416 53.1368 54.018 55.3934 64.6108 60.2189 64.8393 55.2255 63.6271 65.0631 63.4639 70.0798 58.8249 70.4901 70.5647 73.6698 71.7722 81.6704 76.4346 80.5048 79.1341 75.2084 72.8865 72.052 67.357 72.2012 65.7671 75.213 74.9333 70.6859 73.1476 72.4622 81.9501 79.1201 82.5189 79.964 78.9382 85.7173 82.4024 86.2069 74.1034 80.3416 83.3069 81.1296 85.7593 84.5657 80.0572 87.3445 87.8573 86.3747 89.2933 89.4705 93.7459 93.1444 94.1562 97.3172 106.577 110.418 115.901 112.88 121.832 130.658 140.188 144.328 150.333 158.403 170.768 188.368 195.082 197.469
196.363 194.809 188.69 179.312 167.504 159.525 152.743 139.126 129.508 123.117 120.192 116.169 104.234 102.703 99.8771 97.0228 99.1847 91.3283 89.628 89.953 91.5261 87.0468 91.8181 87.2682 78.6723 81.8422 89.157 81.3571 78.6488 81.6726 79.7509 73.5572 73.7597 73.9858 77.0803 73.3028 72.8837 75.1869 67.3823 64.3019 72.6623 73.5054 70.7406 76.6093 75.2293 74.5416 81.2535 78.9267 80.5187 77.768 74.3344 72.3985 72.1442 73.5572 72.2572 71.7862 65.1874 61.6831 66.1106 65.6584 64.4903 64.5939 61.8197 63.7791 55.8002 60.2183 50.426 50.2612 45.6736 45.0471 45.1084 51.6742 54.9006 57.3451 52.6115 61.9092 59.0926 55.5977 62.1494 61.1697 64.8718 68.7576 67.0761 69.4218 64.0711 68.7623 76.9861 71.838 70.1707 74.9843 80.5234 79.9912 74.1742 77.5042 78.7383 79.7509 76.9061 74.0423 75.201 71.0656 73.1945 70.5427 72.7989 72.9779 69.2145 81.3053 79.6426 72.7942 75.4412 75.4648 79.652 80.839 89.6091 83.5378 86.345 86.2414 83.1233 85.907 82.61 94.9221 95.4779 92.1007 93.787 95.9866 97.0605 101.648 110.531 104.507 114.822 118.802 130.168 130.502 139.461 150.487 163.637 166.473 178.752 187.484 195.807 197.781
202.035 195.174 182.276 173.231 157.864 161.979 151.812 141.744 140.469 132.785 122.604 120.72 118.127 109.624 107.859 104.148 102.155 96.9543 102.764 99.1952 88.4141 96.3358 88.7519 88.8946 83.623 82.9379 83.2709 78.751 81.9387 77.7233 75.6156 68.8025 69.7445 75.3111 70.7769 73.584 77.4379 72.9322 77.7994 77.2285 76.924 74.5118 74.0979 74.35 83.3232 80.0451 78.3942 75.8725 79.9357 80.2497 74.8924 63.3453 69.3115 63.5879 66.7947 64.7203 67.1515 60.3716 66.0953 58.2877 59.1536 58.2497 59.4486 54.8907 60.0529 54.6195 51.1082 49.129 46.7596 52.6402 53.1255 54.334 55.6186 52.7544 61.8941 53.5965 61.2185 58.7778 58.5256 62.1273 65.2579 58.2592 68.3362 62.5127 64.2921 72.052 74.6355 75.1398 74.8353 72.328 76.1913 76.1723 79.8263 71.8427 76.0914 79.1887 80.302 83.5136 75.6584 79.8643 70.9673 69.6351 75.8725 72.4422 71.8094 71.738 66.6186 73.3033 72.7467 75.5966 77.3046 77.0001 80.8968 81.4915 81.4011 85.8877 95.4271 93.3146 96.2121 101.712 96.469 102.25 104.624 99.2095 104.914 108.882 111.218 116.095 117.751 126.419 138.832 140.888 137.348 148.334 155.975 166.494 177.061 184.498 196.283 197.529
198.78 195.171 185.411 174.402 166.242 158.693 155.093 147.832 141.907 135.962 135.112 124.751 123.901 119.215 118.072 111.459 111.488 97.9893 102.406 85.7064 87.6094 87.3883 89.4162 85.7929 84.726 77.4697 81.391 79.3295 69.3388 73.9329 71.2994 73.5004 70.6411 73.3129 78.0608 74.2885 71.583 80.6221 77.018 74.0866 74.894 80.156 72.669 73.8944 72.9669 69.7328 71.0015 73.9953 73.4523 72.0587 70.6555 65.331 63.3944 63.0051 64.6054 64.2978 59.3241 58.757 57.3298 58.0218 64.2978 65.2781 56.2486 59.944 56.4744 55.9266 49.5064 52.9952 54.9799 44.9123 45.0902 50.4387 55.5902 51.1019 57.3442 60.1458 53.5382 59.9632 62.5294 53.519 61.0589 60.833 59.5355 62.9571 66.8495 64.5861 66.1527 66.7438 66.6237 68.0845 64.788 70.2951 73.7791 76.4365 79.2141 77.4649 78.45 77.3304 76.2251 74.548 76.4846 81.5015 73.5628 78.724 74.9708 69.3724 74.4519 77.513 69.4253 75.2352 75.4802 69.6608 77.3111 71.1457 76.7489 81.4247 86.4801 81.5063 83.1402 89.051 99.6183 101.814 105.947 112.19 116.366 117.687 127.337 126.745 133.291 132.411 135.977 141.984 146.549 148.985 157.126 165.06 173.455 187.848 194.527 197.877
197.425 193.348 185.699 176.231 164.025 162.317 152.096 149.358 139.608 138.706 136.769 134.1 131.353 130.969 123.753 117.647 113.716 107.339 96.6085 89.251 90.5274 83.3689 87.3486 82.0052 80.4715 69.4741 75.429 77.6324 76.3463 69.5081 80.6123 76.72 68.1103 81.6363 77.2296 78.9719 74.0022 77.4916 72.6044 73.1771 75.2058 72.3327 72.949 70.6486 69.9837 71.5464 64.2326 65.6594 59.7045 65.1304 62.0341 62.699 58.2437 58.3408 55.8025 66.1059 54.8707 59.6706 59.4619 59.69 63.6551 61.7672 63.4609 57.2828 61.8497 57.54 50.1582 53.1527 50.0029 49.8088 46.7949 47.8966 51.7598 60.3743 58.3311 62.2428 57.341 56.2539 61.243 60.8693 54.4145 61.2187 58.0253 56.1325 58.6708 58.1127 64.7131 62.5873 57.6516 58.763 56.7829 63.3493 65.1062 66.0526 68.683 68.6005 72.9005 72.6821 62.9513 73.313 79.2437 76.9432 71.1679 71.4202 82.3158 82.8059 78.1274 79.6271 77.016 79.729 71.6338 75.8173 74.4341 74.5409 77.1422 75.6474 77.8605 81.316 84.3347 91.1438 91.5806 92.1824 105.009 110.688 115.274 123.35 129.965 132.11 131.96 137.259 141.681 142.006 152.115 152.722 162.229 165.403 178.356 182.904 192.805 198.924
198.881 195.445 183.869 173.714 169.632 157.997 154.312 146.009 141.824 137.844 139.77 130.464 133.086 121.926 117.981 113.05 103.557 104.768 102.945 95.6128 93.2162 80.7188 83.8456 73.8133 83.1938 74.7984 76.7147 84.0318 80.7139 81.5814 84.7033 82.8213 80.0817 77.6508 78.1164 78.9054 78.925 69.5691 73.7643 66.3492 63.9575 62.7568 62.4725 61.8501 59.037 64.0751 69.177 62.8254 64.08 59.5221 58.1842 56.0768 63.438 61.3551 56.4198 55.5622 54.484 58.6449 54.6702 56.4787 57.7039 55.2779 59.0321 57.6108 63.487 53.8909 55.0868 55.4347 48.0441 52.0531 51.5581 46.2504 56.4541 51.9796 58.488 53.7782 60.1593 54.0184 57.3412 57.7872 61.8305 58.0764 60.62 56.067 51.5434 57.0374 60.718 55.8905 58.0568 58.6057 58.2773 60.865 56.8364 61.2179 64.8642 64.678 60.2181 63.4576 64.8593 67.1284 69.4074 67.5499 73.9555 73.9114 76.651 77.0872 73.9996 78.0184 82.9634 84.3259 83.826 86.0608 80.0621 80.9099 78.4055 74.2593 80.2973 83.7917 87.3743 89.565 92.4958 100.886 105.969 112.551 111.021 120.211 116.628 134.384 131.096 136.644 141.373 146.284 147.612 149.999 159.703 168.515 175.621 184.987 193.916 199.778
197.497 197.16 185.66 178.039 163.133 158.595 146.545 134.886 135.431 121.47 121.04 116.254 122.861 117.739 114.587 112.86 113.27 106.174 101.888 101.997 100.676 93.2579 88.9723 91.0656 90.7489 85.9289 85.1619 90.6598 81.5642 80.5398 81.8017 81.3266 80.0449 81.6136 80.9258 74.9824 62.3484 69.5537 65.6393 66.3173 63.9518 63.7786 62.5018 56.1576 57.4789 61.23 57.7264 60.7451 60.562 59.7504 59.4386 60.0869 61.1855 57.5284 61.0766 55.7815 53.3121 58.7013 54.7077 54.1485 59.8098 52.4758 59.8592 58.9734 53.9357 54.2623 55.2322 50.2093 50.2687 54.9749 50.0955 50.2984 49.7639 52.9113 56.9742 57.187 57.0286 53.2478 53.3418 56.0092 60.2502 57.662 57.8253 53.5596 57.5037 53.9406 56.8158 60.3541 55.1679 59.0526 61.4131 62.5909 55.1728 55.2174 59.4683 62.4623 61.527 62.388 61.9921 64.2933 63.8776 68.6085 67.5099 70.3752 71.7509 72.6466 76.9619 81.4998 82.0244 82.4302 83.8554 87.3888 84.6967 87.3244 92.1939 89.1307 88.3488 88.1904 100.978 102.126 101.557 100.562 103.398 104.546 107.381 113.627 113.053 119.491 116.225 121.015 127.389 125.449 133.535 142.735 155.933 171.635 177.267 185.298 195.176 198.378
198.792 194.09 184.237 169.093 159.245 140.274 136.587 124.585 121.163 110.62 110.665 107.308 110.381 107.388 107.558 106.308 110.7 100.488 107.513 112.824 105.559 107.777 103.675 104.135 101.152 99.4334 91.9738 95.0116 86.7276 87.5919 83.8696 80.3921 74.1466 69.7098 70.804 66.1973 64.9333 62.0603 63.5792 65.1431 63.9939 65.7976 60.7912 62.4301 62.7698 56.6592 57.5186 61.8954 57.5985 58.4529 63.4793 59.8519 56.1296 51.8177 60.1017 56.889 60.7613 56.6992 54.6257 56.3794 56.2845 56.5793 63.0746 57.3687 57.3187 59.9019 55.8798 54.216 46.4416 51.4629 47.7356 52.4572 51.4729 56.2795 60.4165 65.278 61.176 54.221 53.8262 61.8155 51.5329 54.6806 56.0746 57.9383 55.3102 54.9255 57.1439 59.4422 54.9554 68.3208 57.0389 63.9789 58.9725 60.2716 62.7998 62.4301 57.4137 55.7848 61.161 67.8811 66.657 60.8662 67.5314 64.7634 70.9889 73.3622 71.4785 78.1787 70.5792 77.6441 89.5705 85.0388 89.4506 93.3378 101.337 99.8881 108.697 101.637 105.644 107.178 107.558 110.835 109.986 107.892 109.906 107.643 106.773 104.02 111.07 110.346 113.953 116.396 128.343 133.919 147.109 158.986 168.319 181.839 193.116 197.493
200.469 196.035 182.143 173.664 158.532 148.711 139.455 126.29 120.771 110.275 112 97.972 108.323 97.1044 108.857 107.203 111.667 107.959 113.76 117.992 114.623 118.527 119.753 114.093 113.851 106.502 103.203 96.5042 95.8787 80.6051 80.2419 81.0742 73.7804 70.3403 70.3807 68.5194 63.8889 68.6001 64.3227 64.1714 64.2621 61.4526 63.1323 62.2495 55.1424 60.3076 57.6493 58.9103 61.7804 60.0049 59.1071 57.957 58.3807 58.2849 61.7502 62.9355 58.7439 58.9507 61.1197 57.6846 58.9103 65.0339 59.9494 59.0263 55.1827 57.5484 56.8977 47.8334 50.0175 48.5749 46.4362 53.0844 57.271 53.0188 59.5308 59.5408 57.7552 66.9355 61.6695 58.1688 61.5181 60.1764 62.5825 56.363 59.1525 57.1096 51.6115 53.4324 61.4727 61.0087 60.1714 56.9431 63.9545 58.0629 62.0276 60.2773 54.8347 59.0314 58.4715 64.02 57.6089 66.3101 67.1222 65.8914 68.3176 69.5534 74.5471 72.2218 77.0288 81.3365 89.5332 96.5546 97.0086 97.6997 100.772 107.823 116.202 114.017 115.647 119.667 116.751 116.171 116.993 110.063 107.969 106.86 107.838 104.867 108.489 108.928 118.391 120 125.301 137.664 150.845 159.969 170.027 184.07 195.172 199.677
198.989 192.507 181.086 166.59 151.544 142.928 133.753 132.688 119.068 119.419 113.238 105.075 105.254 105.33 111.068 110.116 107.423 113.258 111.089 116.496 116.72 119.277 119.587 116.766 103.115 107.331 101.643 97.5089 94.4334 90.0748 84.6978 86.5257 79.7434 75.9653 75.3797 68.1493 70.8021 65.5524 67.3804 67.5332 65.0993 58.9636 59.9158 68.7247 63.1083 62.4108 64.9312 58.9025 55.3687 60.8527 61.6572 65.0891 59.432 61.5146 63.0065 63.923 61.1429 62.9352 63.7957 55.9899 54.9512 59.1978 60.0889 54.3911 57.4411 57.0745 45.185 50.3482 46.1576 42.2318 47.8939 47.1454 54.7781 51.9928 52.8788 57.4513 58.2609 57.7263 60.4911 61.0156 60.817 63.1236 55.6233 58.9381 62.4617 58.3067 59.7019 57.5073 57.4208 61.3975 62.5228 62.5635 58.8261 60.6897 60.0838 59.7121 60.7559 58.7192 66.5046 65.583 69.0098 65.1858 69.0302 69.9772 69.7787 71.6117 76.892 80.4919 82.3606 82.9869 93.97 102.535 105.401 99.3216 100.722 109.515 112.876 111.822 119.786 120.758 122.393 109.653 104.979 109.286 109.266 110.391 110.814 111.328 110.911 112.902 117.428 126.064 130.153 139.578 142.215 150.714 162.766 182.268 193.363 199.351
197.801 193.13 182.825 166.985 149.541 137.304 129.08 123.072 117.48 119.14 111.637 120.117 117.177 109.308 109.355 109.853 108.923 107.885 101.537 108.779 110.269 111.081 106.122 103.65 104.77 103.583 107.587 98.7619 104.446 97.3845 98.4895 90.8213 86.9101 83.0606 77.2066 76.744 74.4518 74.2462 68.0582 80.9276 64.8665 65.6683 66.2799 65.8738 65.7813 64.3268 63.1293 59.3929 66.1822 60.9142 63.2629 57.7893 60.1741 60.6212 51.8891 60.7086 60.9758 56.5918 58.7093 56.2423 55.2709 57.8972 58.8224 53.837 53.1637 53.1072 52.2334 52.1461 44.817 47.7106 52.3928 47.171 49.2936 52.7423 56.0573 49.6945 49.6482 53.1226 54.3509 53.6263 54.5925 59.4597 60.7754 57.3936 56.7049 58.7555 59.2078 64.553 63.7975 63.669 66.8247 66.0743 71.9797 65.0207 65.3291 65.4113 67.8012 67.7498 67.0457 67.4568 67.4466 68.8805 72.8688 72.4422 76.4357 84.4894 81.8271 85.1678 90.6928 95.6525 97.1944 100.669 104.128 100.628 99.4815 103.028 103.67 108.938 105.567 107.957 109 104.415 110.896 106.435 111.277 112.49 116.036 114.648 118.513 115.034 116.74 118.554 124.033 131.614 132.621 147.732 164.523 179.232 190.534 196.912
200.001 195.073 182.292 168.416 148.803 137.909 127.343 123.976 121.305 116.74 118.166 123.354 120.397 116.553 108.767 111.9 107.304 101.194 104.415 99.4404 93.3453 97.7234 93.807 95.9493 93.8381 100.758 104.166 104.908 109.384 105.183 99.4559 99.5752 101.085 91.0421 89.9269 91.094 87.1983 81.5131 80.3096 69.074 72.2901 71.6572 70.1322 68.2803 73.6491 64.3535 60.7535 67.0405 67.5126 60.074 66.3869 61.7391 61.7547 63.5287 54.6066 56.3184 58.4452 58.8809 54.2227 51.2608 58.108 58.0198 60.6913 54.1709 56.0539 51.5565 53.6885 47.1992 47.6297 44.1387 48.0032 47.8528 50.5605 50.7058 58.6423 54.0723 54.5962 53.8959 48.8746 59.0469 55.5248 52.402 57.8694 52.5109 59.2129 57.2054 60.7795 58.5023 60.5046 58.8342 63.8711 69.8935 71.3252 65.1161 65.4117 71.7973 72.5806 65.3702 74.3287 76.58 72.1967 77.4826 82.95 81.2433 85.86 93.9263 97.796 100.343 101.412 103.938 106.132 106.962 106.977 106.148 101.728 99.0357 95.3372 94.2271 92.9251 96.2554 99.2588 106.775 101.24 106.433 116.621 113.737 117.938 118.888 117.736 113.462 114.011 119.328 124.635 121.471 135.684 150.452 163.223 182.53 191.561 199.15
198.072 194.926 182.655 167.489 151.999 135.461 128.279 117.568 118.144 111.061 113.249 113.16 106.145 109.778 106.862 107.632 96.7483 96.0363 98.0622 90.9479 93.9528 94.2669 91.5289 90.8955 90.3301 96.743 99.2244 96.3138 102.072 96.3923 102.376 101.324 105.91 102.266 100.926 96.4656 98.4235 89.7281 82.6556 88.613 77.5986 74.9287 74.2848 71.081 69.6204 68.4844 66.9401 65.8303 64.7623 65.7675 60.2812 62.7992 66.4637 61.5323 58.2657 60.3597 61.6109 57.6322 57.4961 59.4488 58.5745 58.6164 59.6896 60.5586 56.9151 57.9097 52.1826 50.9471 41.2048 45.7802 41.3723 51.01 53.6432 57.0198 51.0204 58.6845 56.5591 57.8992 63.2704 56.8784 60.4592 55.4807 59.0876 61.0769 58.496 65.757 61.9093 63.1342 59.899 66.2334 61.4643 64.1184 67.1076 69.233 68.6101 68.453 73.7561 71.1333 78.1797 79.478 85.9641 90.8798 94.7642 91.8849 95.1359 96.2562 98.4339 105.784 106.197 102.365 104.067 97.2037 96.2666 97.2037 98.2298 91.0892 90.8903 88.4665 92.2147 96.1305 91.7855 95.1568 98.5962 102.905 106.318 105.674 109.841 115.987 112.778 114.95 117.123 120.735 128.012 129.792 143.015 150.292 169.002 180.022 194.585 199.82
201.267 194.959 183.078 170.817 154.726 142.375 130.774 123.505 119.268 118.006 105.517 104.614 103.156 100.874 102.654 100.335 98.8664 102.527 101.254 91.0109 93.9429 91.6237 97.4823 84.7403 95.2688 94.9307 92.9074 97.9155 93.6682 95.2371 96.0718 99.0935 106.003 103.082 102.02 108.571 109.511 103.42 100.092 99.812 92.395 87.5983 81.8243 80.9685 77.7196 75.0201 70.4611 75.1733 67.0537 67.3179 67.6454 69.8272 59.3621 59.4308 61.7023 63.5883 62.8962 59.5206 60.5137 57.5078 57.4233 55.1306 59.6051 60.6247 56.3985 54.5072 54.634 54.4439 47.6133 43.9471 44.6391 52.2938 49.1453 56.1502 50.8516 55.2099 54.877 53.4401 60.8148 58.1154 60.4345 61.6654 66.4621 59.473 59.0398 65.395 68.3216 66.1187 63.8577 72.5636 69.0084 68.5223 72.2942 79.6002 78.3694 78.3324 84.5502 83.5517 88.4488 91.2487 97.2446 100.911 107.483 106.891 106.516 105.528 101.08 107.71 99.6799 100.171 93.1874 95.9661 94.73 90.5513 90.6676 92.8969 89.0616 91.3121 93.3723 95.01 97.7464 98.7977 103.679 99.2679 95.5858 99.9071 99.6059 98.3328 101.608 108.687 108.539 117.662 121.181 131.001 141.958 153.347 166.628 185.392 194.415 202.382
199.791 194.967 185.596 172.579 154.413 141.039 132.297 115.916 113.981 112.27 103.848 103.677 101.055 96.7798 94.1305 96.945 88.8534 93.7254 93.4216 93.3256 94.0452 94.8341 91.8118 92.2808 97.4407 86.8065 87.137 93.4535 89.0986 88.1657 90.6657 95.4951 96.929 101.556 98.2136 101.476 98.9759 102.11 106.689 104.008 101.908 99.0559 96.0282 92.7339 93.3523 81.9238 77.8993 75.8524 77.249 77.201 75.41 70.4206 72.1051 71.2948 66.0657 69.8076 67.4889 70.1008 68.6669 63.1286 60.7192 59.5625 66.3748 63.6083 66.5401 58.086 55.9431 53.5018 54.7225 50.8472 56.4975 50.5327 51.7747 55.1063 61.3482 63.3844 66.9825 59.5252 62.1425 64.9463 67.1318 61.652 68.6296 68.8642 67.8194 73.5763 71.716 73.0432 71.2202 72.2597 74.9995 76.4121 79.5571 86.1455 87.7446 85.5751 85.9909 91.4226 98.5122 93.9706 99.3277 103.699 111.428 108.544 103.048 100.985 104.658 94.5889 95.3032 98.5015 90.234 89.3811 85.2287 91.1348 92.4834 92.2009 91.8757 96.8224 99.2211 98.1124 98.7467 92.686 89.5836 97.5687 102.729 102.19 99.0559 99.2584 99.413 106.865 108.805 114.53 117.958 128.437 143.709 156.849 172.883 185.82 194.183 199.929
198.32 193.109 181.825 170.053 154.892 143.14 126.226 121.622 116.416 114.614 105.95 103.347 104.772 94.5161 94.7904 91.343 92.5746 93.505 95.07 94.7635 91.1009 99.5286 92.9188 92.9887 93.2307 92.467 93.6502 91.5312 85.513 83.9103 90.1759 87.5137 87.1372 94.3709 90.5362 89.5144 93.0102 101.76 99.4049 97.3827 109.408 98.5067 100.846 97.2966 95.6778 98.3077 91.0149 81.2858 86.7124 83.1305 78.8441 80.6296 73.482 73.8639 77.0263 74.8481 81.0975 79.9197 66.4528 74.036 67.0228 68.206 69.3032 66.2107 66.1301 66.4528 56.3472 59.4073 53.0073 50.4581 49.2856 54.3841 54.8036 64.4736 62.5106 67.4316 64.1401 65.1512 68.4696 68.7331 66.8561 72.3257 70.836 72.6054 73.6595 73.7563 82.9584 75.8162 80.791 87.5567 83.1144 88.5409 84.3567 85.8142 90.5524 96.1995 101.373 98.8348 100.351 97.8398 104.186 98.6304 92.51 102.503 93.0048 88.5302 91.2354 95.2852 88.2021 92.0475 89.4122 83.5285 89.1487 89.267 93.8815 93.6825 99.819 94.8818 92.6391 90.3641 88.5087 90.6438 89.466 89.751 94.4462 97.7322 100.109 98.7702 106.655 107.311 111.619 110.495 120.579 132.292 137.396 156.763 167.138 183.622 194.007 198.304
199.733 197.009 187.014 171.399 152.951 140.2 130.569 120.292 116.706 109.364 106.19 104.27 98.301 94.2045 90.3141 89.1692 91.8225 89.2777 89.5924 94.4106 85.1866 86.5377 92.5062 89.3917 96.0601 92.4031 87.4112 89.294 91.4807 88.8925 94.0851 89.6955 85.0076 85.1052 93.8464 94.3727 95.4958 95.5284 103.537 100.77 109.495 103.814 108.041 98.9304 100.347 97.829 99.5544 97.9266 94.3889 89.0119 91.7737 99.7714 85.5013 76.5703 82.8101 79.6576 77.1454 79.6848 77.3245 79.4949 69.4081 68.4152 71.101 71.9854 65.0782 64.0419 60.6399 62.0886 52.3437 59.1369 51.9367 58.4803 59.3973 62.8645 62.3544 64.8558 68.3283 66.8145 70.8514 73.3365 74.8666 77.395 79.153 81.0901 82.2295 86.7004 88.9413 85.0293 89.0336 87.0694 89.7389 89.4514 98.3119 100.352 98.8707 105.436 103.993 94.1828 104.503 101.801 94.3781 99.7714 99.3699 96.5322 92.3868 86.4346 90.7156 86.7764 91.5729 82.1752 85.3874 91.4427 96.5593 93.1356 95.0563 92.3108 102.083 90.3195 92.7666 85.4037 86.8361 84.9207 87.4221 89.1855 93.8355 91.5892 92.772 98.8979 101.345 109.05 116.478 115.398 120.943 134.036 142.62 160.829 171.203 187.53 193.574 200.254
197.609 192.578 180.296 169.25 153.07 142.938 135.111 125.756 118.471 117.907 110.77 106.128 101.678 91.8309 93.0844 94.9728 88.7657 85.8811 83.2538 85.0601 84.666 81.2887 84.6112 90.364 88.4428 93.993 88.6125 88.7931 85.9796 92.7669 88.2129 82.6845 79.0993 83.2319 82.9746 82.7721 85.5636 88.2731 95.9197 94.929 96.27 108.115 101.443 100.742 99.7786 97.8246 97.5947 101.744 100.233 98.9466 89.428 95.7227 93.2541 90.1286 85.1148 94.1408 85.2954 79.6193 85.5199 80.4841 77.3751 80.9658 78.7271 70.763 76.1216 76.3023 75.848 76.4336 70.7575 62.5854 64.2329 65.7875 70.0842 76.045 75.744 68.579 78.6888 71.7373 76.7128 77.6816 80.5443 88.1581 84.6605 86.8828 82.3452 92.4823 88.7931 92.2031 92.7888 92.6137 93.0132 97.7534 103.391 98.9959 109.045 104.628 100.961 99.2094 101.454 98.4595 94.6827 88.2567 87.7695 83.9051 85.186 82.066 84.7864 84.4853 90.5009 87.1729 88.908 93.7358 88.5303 96.2974 86.9868 87.6108 78.4863 81.2285 79.7069 85.8702 83.1169 88.5194 88.9135 88.18 87.3864 91.2562 94.5896 99.6473 104.645 111.301 114.278 117.283 122.839 131.98 141.088 151.099 169.009 180.816 193.482 196.788
200.248 194.302 183.679 166.253 152.29 141.302 122.314 120.194 115.153 111.631 110.924 111.537 101.493 94.2107 104.447 95.0057 94.8125 85.6581 87.32 84.2336 89.8764 79.7337 81.0864 83.7036 79.6399 89.5451 80.8822 83.0465 86.7458 91.1187 93.2389 86.1937 91.1574 85.1888 90.6715 89.1034 77.9393 85.5532 85.117 87.6955 95.5303 92.3776 91.8089 98.4014 99.202 99.086 102.564 103.763 100.853 95.9389 97.0818 97.529 91.8089 87.4691 91.831 89.8378 89.2856 83.03 92.1788 94.5916 86.3152 85.4483 83.5987 86.7569 80.1202 77.6135 76.454 79.2202 78.9828 71.6615 67.2389 73.4559 84.2226 81.9478 86.5691 81.622 87.8335 82.3619 93.007 86.674 87.5464 86.0004 89.7329 89.0372 91.0138 88.4353 89.8433 94.564 96.9051 93.4598 97.4627 92.2672 98.3296 96.0382 95.8892 102.758 94.807 92.7972 92.4162 88.866 87.4746 88.1041 82.7097 92.7972 80.8545 90.0145 85.4207 87.0661 89.0206 91.9193 90.5942 90.4506 85.7244 85.2606 83.1846 83.6428 78.1712 78.1601 83.052 85.36 83.0023 84.1894 91.2402 90.6052 91.0911 99.3621 105.198 103.884 106.109 111.272 114.745 120.525 127.67 132.573 138.326 152.908 168.108 182.05 196.245 200.579
198.593 194.555 180.644 161.497 146.556 137.149 127.96 118.242 114.506 112.451 103.395 104.197 107.617 102.12 99.4078 105.768 97.8262 92.4743 86.5154 86.5099 83.8868 87.8242 81.1357 81.1803 75.1323 74.8092 78.2287 83.8478 80.8851 79.3536 81.5645 80.3672 81.8263 82.4444 83.3021 78.6965 79.8771 83.6696 86.2147 82.2941 79.4594 85.8304 87.9077 96.8627 89.4782 99.9703 97.3862 96.8516 101.056 101.285 94.1005 97.5422 92.0121 99.547 90.5808 91.0041 81.3251 90.0908 88.3421 93.3152 80.0609 86.6045 86.6658 85.0006 80.2279 88.7709 78.9359 72.4647 73.8458 63.6099 69.1956 68.015 75.3773 78.134 78.8468 82.0268 80.0386 86.7382 83.2241 82.4611 88.5927 91.5387 84.6052 89.5506 89.2888 87.2784 88.6762 89.5506 91.6334 98.3942 101.641 95.1642 104.247 96.6734 94.9414 94.6574 90.269 83.0459 83.8089 87.8464 80.5454 89.8067 80.5175 82.45 75.795 87.0222 84.3658 88.3978 83.018 86.8663 81.52 76.441 77.8444 82.6282 73.0439 79.9773 76.1068 84.0762 84.3602 80.9018 81.7483 93.9 96.4005 96.7068 98.7729 105.534 100.616 109.059 108.552 106.146 114.957 114.65 125.911 125.989 134.994 151.228 166.727 180.672 193.447 197.769
201.373 193.341 183.439 166.364 153.687 138.611 132.023 122.182 114.667 109.977 112.521 105.568 104.332 102.883 107.005 101.574 103.781 95.6763 94.6485 100.681 87.3691 92.2557 85.1898 81.3985 78.8204 81.567 78.0228 79.2753 80.848 78.3598 75.3829 85.8245 83.3868 81.9714 88.6217 83.3475 85.2741 88.1274 81.0671 86.5603 82.6285 81.6119 89.4866 83.9934 89.9753 90.3292 86.7344 87.7904 89.0373 91.7839 91.2952 95.8785 95.3225 92.5871 90.4583 93.9183 87.3916 87.4927 81.8647 82.2972 83.9541 83.8305 80.0336 86.8973 81.64 76.7702 80.9323 82.915 70.5637 69.6762 68.6989 72.6419 81.5614 79.1293 83.2352 77.7532 84.0327 82.4376 84.5102 83.707 86.1896 87.8465 76.2142 81.567 81.9882 89.3238 91.6435 94.1654 89.7338 90.3348 96.3223 87.4365 96.5189 88.5767 88.5149 82.0669 83.6115 84.7742 80.5447 84.8472 83.8474 76.5287 78.2025 79.2753 82.9038 83.4149 82.5106 87.9813 77.1859 75.6413 74.8156 73.4339 75.9277 82.387 76.3153 81.5557 84.4877 91.9973 91.02 92.604 84.7348 88.1948 102.349 99.1082 106.14 100.428 101.08 107.988 105.068 109.022 109.134 115.397 119.823 126.496 135.072 153.726 168.807 187.427 195.049 200.901
199.045 194.938 183.105 164.361 150.172 141.749 132.317 128.109 115.664 108.101 106.918 103.683 103.281 104.386 101.293 101.338 100.46 109.393 103.961 97.8714 98.5115 94.3764 88.457 89.6295 85.8003 83.7328 85.8683 80.8552 72.738 68.5236 77.026 78.5837 64.9549 79.5863 76.958 77.972 80.2094 79.2578 78.2552 76.3293 75.0207 71.3501 75.3719 74.4883 76.0574 78.0003 81.3253 86.2875 81.314 88.2644 85.0469 89.6692 90.1337 91.006 92.677 93.5267 88.8421 83.8687 80.7249 80.8042 84.2142 83.7498 85.9419 84.9393 78.4818 81.4273 87.545 79.2238 73.5536 70.88 75.9157 76.2669 80.1698 82.6905 83.4212 90.5245 80.4304 81.1384 81.7898 80.555 79.0595 83.5628 87.5846 83.4156 87.8848 90.8191 83.0417 87.5733 85.5058 82.7641 82.0901 82.5149 79.6883 78.2155 77.87 77.3319 72.9815 73.0155 74.1767 76.5955 74.4713 74.7149 74.4033 78.6914 78.6574 76.4595 74.409 74.1937 71.8656 75.9781 70.1266 70.1436 79.6996 80.419 78.5271 87.562 84.5201 95.6056 91.7424 98.4548 98.2396 97.7807 96.7158 96.0417 100.109 101.961 99.4121 109.603 104.165 105.66 109.925 117.918 124.829 131.19 137.659 152.772 164.741 182.222 196.088 200.201
201.076 194.821 185.579 170.442 155.475 147.13 133.86 117.872 114.81 116.695 103.917 110.023 102.146 108.887 101.775 98.1761 100.067 107.264 100.809 103.951 103.711 101.032 96.0397 98.753 87.3686 87.6485 84.4667 87.2715 78.5832 80.7881 78.5146 76.5953 78.8573 70.4832 75.9098 77.0408 84.4039 80.7252 80.4967 79.3829 83.8555 79.2458 77.138 74.933 72.6367 73.7677 81.0508 72.8195 84.1583 77.692 89.1565 95.0686 87.9284 90.3789 98.6616 95.6284 96.7595 92.0526 90.9787 92.3268 89.8591 83.867 84.9409 88.8423 86.4146 85.0837 89.8762 84.1354 78.4689 73.168 77.5549 77.9262 77.6635 87.6999 83.9812 87.3343 90.2989 88.6709 91.607 86.1861 93.2236 93.275 91.5785 89.5563 97.1593 99.7013 92.9951 91.7041 90.0076 91.6356 87.2372 85.0037 74.9787 74.4304 76.6353 75.0644 79.2115 75.7385 78.3775 84.0612 79.6799 82.8102 82.1476 75.4528 75.1787 76.5496 73.9905 76.1954 73.7392 78.9202 76.1726 80.3939 83.5585 84.0726 88.2025 94.0404 98.5817 97.9419 105.276 104.3 96.6052 110.257 109.652 102.266 104.008 102.643 104.957 110.892 108.612 112.108 114.525 119.42 122.242 129.559 138.881 147.793 164.575 180.107 195.787 201.168
198.88 195.787 181.415 167.16 154.787 138.59 133.596 121.875 117.227 106.53 106.029 104.952 102.487 102.199 105.332 95.2408 102.66 98.4952 99.7278 99.8718 101.295 102.585 103.817 98.4145 99.6645 97.6657 95.7707 92.1189 99.0481 84.4927 85.8694 79.9942 81.6185 80.5241 80.9273 81.6531 77.817 80.3341 84.9132 77.7536 80.2937 85.3798 79.2569 75.9622 76.0832 76.5094 76.855 78.8019 77.143 81.7337 79.7984 84.4409 95.4424 90.2008 96.9976 93.7951 98.8753 106.899 104.146 96.8075 96.4792 98.6334 91.7733 97.3144 95.7131 92.4357 83.3292 82.3846 79.7811 72.4026 77.5578 78.9862 86.9407 91.0533 93.9275 90.748 95.8629 96.2085 100.949 97.1301 96.2603 101.871 99.4456 100.229 97.1243 84.2681 91.733 91.301 87.367 83.3235 82.2233 88.1791 81.5206 71.2564 77.961 79.0496 78.3757 83.5193 82.3155 85.6908 80.2937 82.4537 76.2675 81.5033 81.4227 78.2201 82.4768 87.4015 81.1462 87.2057 88.6572 93.8815 93.5531 92.5855 96.2949 100.511 101.836 103.783 97.5909 96.3122 98.3281 99.3592 94.8894 93.7144 100.166 99.9985 93.5877 108.84 107.256 112.814 114.375 118.286 125.866 128.925 137.934 150.525 164.297 182.262 195.262 198.741
199.97 193.953 184.94 166.808 152.353 140.017 128.837 120.823 111.478 111.774 105.967 101.64 104.492 94.7696 93.6139 92.3943 90.3964 89.9144 92.6092 94.4909 90.5474 98.6201 98.7072 94.2992 101.634 102.232 99.5319 97.4295 93.9507 87.7656 88.2941 91.2618 92.2084 88.4334 81.9695 89.2872 82.6548 85.7329 82.7303 84.7572 84.6759 83.7292 85.6167 83.4098 89.0026 80.9125 82.0102 82.771 84.1648 86.3775 86.2033 87.963 90.3326 93.8927 100.728 104.683 103.435 105.874 109.027 107.018 113.912 106.623 101.971 105.45 104.898 94.8742 95.484 81.7837 79.931 73.8039 70.8652 77.3756 85.4599 90.0073 97.0578 98.0452 103.522 104.23 106.431 109.719 110.003 104.312 103.301 104.393 102.796 101.878 89.8854 88.085 88.1837 81.7546 80.7615 81.7024 82.1379 82.5212 83.1659 84.461 90.1583 88.2825 87.632 86.2846 88.1837 82.7826 84.3913 91.9122 90.53 88.869 87.5216 86.7434 95.995 91.8658 91.4418 94.6767 100.182 92.8589 97.6386 92.2375 94.6825 97.8535 100.728 96.1577 98.08 92.2084 97.9929 90.9946 92.3072 89.3162 98.0684 103.499 104.364 105.299 115.433 119.412 121.874 134.93 139.657 153.015 166.523 184.568 196.555 198.861
199.095 191.6 181.476 166.592 152.123 135.283 125.341 114.268 111.493 111.036 103.6 107.646 100.133 97.9081 94.7403 97.1761 97.4514 94.5002 88.4106 91.309 99.3309 92.1639 96.1983 98.722 99.8931 96.6667 99.0792 96.2451 96.9009 94.9745 95.5659 93.9674 86.9643 94.6115 87.0463 88.6741 84.6632 81.4251 81.2143 84.1889 89.2655 84.7451 86.3437 88.0944 92.3689 86.3437 92.6968 93.9323 89.8335 97.1527 94.5471 89.0196 94.9511 98.3589 110.146 102.92 108.717 110.052 114.198 116.95 119.936 120.738 109.004 110.257 109.221 98.3179 93.2355 91.2154 83.5565 77.5957 74.1527 86.1973 89.9974 100.426 98.517 109.982 109.853 112.816 115.433 113.905 120.088 111.955 112.951 106.697 103.084 106.047 101.866 92.2342 90.3136 90.6122 83.6326 88.0183 89.8803 86.5837 96.1456 90.7294 87.1049 85.7113 85.6293 86.7945 85.5298 89.4587 87.4269 89.043 90.2961 89.1835 92.3162 90.7411 93.3643 96.7136 101.773 97.8027 100.49 94.0377 91.3734 105.058 96.7721 99.2548 94.2309 92.7963 92.7846 96.4267 90.5713 88.3872 96.6492 99.2548 99.0557 101.989 98.6459 111.253 111.153 113.056 121.365 126.91 133.421 152.469 163.852 184.111 191.577 198.211
199.012 194.673 184.779 165.523 154.307 146.811 132.743 115.731 114.526 105.843 103.806 98.2987 102.012 96.0791 97.2066 95.4239 88.8065 98.6293 93.4759 96.1677 93.2161 96.2385 96.9646 100.973 97.6848 98.1039 105.341 101.929 111.581 103.027 108.127 105.861 105.353 105.223 96.3212 103.564 88.411 91.516 94.2669 93.5939 89.4558 98.0095 93.3165 93.7356 90.3708 89.1312 97.9268 97.307 99.2137 97.5726 101.652 102.171 109.633 109.993 108.659 120.37 113.151 112.466 124.467 121.427 112.053 121.533 121.598 113.34 116.805 116.711 109.137 103.859 99.072 92.1359 92.0827 91.4157 106.203 111.811 112.018 117.584 118.251 116.144 114.804 123.352 125.17 116.02 120.955 116.469 115.117 112.578 114.562 110.512 105.554 101.15 104.521 99.7686 99.987 99.0366 94.5975 94.2846 91.398 90.0934 90.8254 94.4204 91.9411 91.2622 93.0745 93.3578 92.9741 96.1264 100.772 103.464 104.916 108.452 111.002 103.889 107.49 103.186 99.5797 104.344 99.1015 95.0933 92.0709 94.6742 99.3436 95.1878 91.8348 90.3531 94.3436 96.3153 99.3081 96.6045 101.858 105.855 108.381 116.775 122.98 127.271 136.037 155.866 166.202 183.676 196.025 199.726
202.233 196.181 185.184 164.57 157.084 140.975 134.227 127.77 122.087 116.755 111.299 109.269 109.347 112.358 109.852 101.896 102.503 104.431 97.6176 98.6411 98.4507 104.068 102.604 100.301 104.919 107.21 106.609 111.989 112.322 117.666 115.44 119.648 115.738 114.738 111.126 119.267 115.875 114.143 108.139 105.621 108.525 102.825 102.343 103.182 104.283 108.192 105.657 107.062 112.709 106.234 118.41 117.862 116.714 116.131 112.733 122.284 119.439 121.558 124.706 130.353 124.23 131.633 129.389 127.277 127.943 127.574 123.016 114.042 103.842 107.115 107.913 116.529 118.124 124.878 120.51 127.628 130.71 125.2 129.728 128.389 120.998 121.058 122.825 119.201 122.058 119.326 121.326 117.91 118.755 117.19 111.691 113.054 109.597 104.812 107.044 102.414 105.217 106.568 102.087 111.055 104.503 105.99 108.686 116.916 116.565 113.929 117.69 123.849 118.094 117.874 112.447 114.792 112.971 103.527 99.26 102.128 101.146 99.3195 100.051 97.4569 98.8315 96.5226 102.944 101.515 106.49 106.175 109.906 112.06 110.775 115.244 115.19 120.725 124.938 135.048 144.701 156.924 166.909 186.065 195.652 200.775
200.37 196.879 189.663 175.908 168.698 157.186 153.029 145.207 139.077 133.684 129.743 125.718 127.122 124.356 118.915 117.572 114.561 121.339 120.517 111.849 115.196 114.752 113.631 114.8 111.789 113.109 117.302 115.454 116.654 117.878 121.675 125.688 129.623 126.258 130.379 124.818 125.754 129.479 127.523 130.265 130.439 128.243 128.435 128.831 132.964 134.668 127.787 129.677 129.767 134.812 134.2 132.616 135.579 128.087 126.744 126.774 126.072 125.208 125.334 127.098 132.712 135.208 133.168 129.083 139.551 140.222 136.557 129.689 129.113 122.089 121.813 131.201 130.433 132.664 136.791 134.584 139.958 136.359 125.676 127.199 122.575 128.525 127.643 127.757 119.179 124.968 128.807 127.211 130.049 129.833 131.5 129.503 128.507 132.646 130.721 133.546 128.513 130.049 127.943 129.179 129.617 126.99 125.496 129.779 130.265 128.549 128.915 130.367 130.679 118.388 120.421 118.214 116.096 118.052 114.944 115.04 115.424 114.728 115.226 112.419 115.166 111.801 112.743 118.778 120.007 112.245 123.204 124.59 123.726 127.493 130.751 134.902 142.094 150.084 157.408 170.959 178.379 188.037 196.795 200.352
201.281 199.352 189.255 180.814 176.183 165.354 159.761 159.858 153.848 153.013 148.11 149.754 140.776 144.192 141.32 138.756 140.256 138.436 134.487 133.677 133.218 135.757 134.197 131.851 131.325 135.654 136.332 133.847 130.086 132.244 136.495 139.796 141.175 143.829 145.552 142.729 144.288 152.022 152.638 147.656 144.053 143.001 147.179 145.558 149.76 149.246 152.832 147.064 146.181 145.371 145.377 145.238 138.931 149.5 147.481 146.006 137.19 135.721 138.883 137.571 141.864 134.07 142.45 142.396 140.776 143.587 138.575 137.063 134.687 132.214 128.774 131.9 134.125 145.183 145.183 136.235 139.131 136.634 136.809 141.882 139.923 142.402 144.385 150.256 145.05 144.379 137.039 137.003 141.513 148.454 145.365 147.584 148.092 152.33 155.039 147.39 150.945 147.953 146.483 148.751 151.744 150.425 143.865 146.647 145.74 142.922 147.487 138.617 136.223 133.907 135.818 138.248 130.225 134.826 133.441 132.414 133.284 129.953 136.501 137.317 139.899 134.288 137.384 137.214 139.742 135.902 141.423 139.899 148.557 145.951 150.214 157.947 161.127 160.239 166.992 175.808 181.788 191.709 199.382 202.901
199.944 195.91 185.66 178.012 165.812 165.659 162.527 162.448 158.889 155.324 151.607 156.567 150.242 150.162 153.075 146.189 144.97 149.425 142.667 150.833 143.02 139.571 146.079 144.891 147.694 144.867 143.617 140.26 139.577 141.509 141.448 141.369 147.987 144.611 153.733 163.063 159.681 159.62 161.345 167.287 161.723 163.313 157.579 154.928 160.937 151.424 154.708 136.359 145.488 143.782 143.173 140.18 143.142 139.364 143.953 139.12 144.909 133.623 141.424 136.177 136.104 140.199 139.193 142.051 150.504 151.028 151.18 143.715 144.647 140.028 138.529 146.61 147.451 142.216 146.378 147.944 141.509 139.796 136.737 138.62 139.364 134.513 135.512 137.749 141.064 143.965 136.798 143.38 143.276 144.105 140.93 144.446 151.332 149.218 153.313 154.434 155.281 158.115 155.549 160.62 161.503 159.785 161.564 155.068 162.289 156.652 156.159 147.67 147.067 145.897 138.962 144.068 148.188 144.836 143.38 142.74 142.929 151.278 140.375 146.933 144.55 151.137 141.545 145.86 144.385 148.109 147.932 147.493 155.525 152.63 159.346 157.158 162.807 165.33 162.259 169.614 178.439 186.269 195.953 199.042
202.087 197.604 186.973 179.259 170.9 164.156 164.254 158.242 154.219 150.534 152.413 148.169 141.862 141.598 139.565 135.198 135.597 142.592 137.384 142.764 139.503 142.832 142.771 139.233 140.566 143.323 140.117 138.121 132.446 131.752 139.687 142.144 139.485 149.072 142.734 151.823 156.553 160.686 160.262 166.957 163.18 160.238 153.181 152.462 147.444 144.466 142.728 141.395 136.727 139.724 141.37 134.565 134.977 137.372 135.069 135.026 137.507 142.777 138.508 136.789 140.762 141.604 142.193 146.965 150.22 151.443 155.244 153.279 148.077 147.156 144.607 153.414 155.601 154.968 153.42 149.649 145.51 140.781 146.566 138.809 144.281 140.277 138.293 134.921 140.418 138.834 134.799 136.303 136.088 135.37 140.081 140.062 145.332 141.419 144.939 152.235 150.878 156.295 161.564 165.298 158.776 160.87 156.921 155.373 146.394 156.442 145.983 139.988 137.126 135.953 140.529 137.937 140.486 140.59 139.614 145.166 140.105 136.174 140.498 142.519 143.735 138.57 142.943 140.922 141.806 142.918 146.032 143.489 147.143 147.88 155.588 150.411 154.354 161.269 165.028 168.474 180.045 191.364 198.224 201.528
199.653 195.952 190.74 180.206 172.574 164.745 159.038 158.803 148.039 146.498 143.496 142.747 141.404 131.959 130.288 133.005 128.908 125.726 120.416 126.964 121.214 119.791 122.081 121.517 119.011 122 123.244 116.485 124.984 123.021 124.854 122.235 128.474 132.169 134.93 134.268 139.046 139.795 141.627 145.149 143.372 142.549 139.659 143.255 137.047 135.209 138.718 140.661 132.931 137.059 135.004 141.813 140.197 142.073 139.696 140.76 145.013 136.805 139.182 140.123 136.62 138.947 144.592 148.918 142.295 152.966 145.966 142.5 144.121 140.253 138.303 139.182 139.974 151.289 150.348 146.727 144.233 139.622 142.221 139.133 147.439 140.018 135.01 141.528 137.981 135.178 141.534 136.812 137.777 138.062 134.967 133.773 134.187 134.057 134.113 142.116 139.745 146.238 142.456 140.6 136.855 143.527 140.835 140.767 134.528 133.865 131.841 129.161 124.018 122.842 123.739 120.255 123.993 121.103 119.71 118.596 117.909 118.503 121.418 121.808 123.69 119.017 125.448 127.472 126.537 138.47 131.482 139.052 138.062 139.826 146.337 148.411 152.694 159.849 160.536 168.44 182.552 188.927 197.555 199.932
200.937 196.059 186.959 177.685 163.757 157.944 150.74 143.698 142.457 141.995 135.222 130.363 128.648 126.427 126.346 126.964 126.321 125.904 117.951 116.566 116.641 113.916 109.263 115.238 116.46 108.196 105.464 112.494 110.036 111.059 116.704 119.592 124.157 126.041 118.993 124.257 127.319 121.431 124.313 129.24 130.949 134.486 134.349 138.864 135.253 135.534 135.652 136.463 142.6 138.141 134.542 130.519 134.848 126.696 127.089 129.764 130.251 133.089 132.471 125.835 135.977 134.586 140.686 138.808 140.555 140.099 139.376 123.353 127.694 123.471 121.363 129.459 131.947 136.251 134.261 142.85 146.418 140.586 139.544 135.54 128.798 135.216 124.974 126.951 128.573 128.766 129.527 131.124 132.758 133.925 132.315 132.721 141.471 134.349 144.022 134.941 136.401 137.523 131.018 129.265 126.552 125.224 125.012 122.317 123.764 120.003 122.467 119.485 121.176 115.625 118.126 108.015 114.365 111.595 112.419 107.292 110.934 105.234 119.61 113.878 117.976 122.641 116.623 131.448 128.274 130.675 133.301 134.23 132.652 135.927 137.692 139.245 143.96 146.031 150.522 160.464 173.25 186.579 196.97 201.074
202.43 195.284 186.63 175.612 157.374 147.538 146.036 136.451 127.778 130.248 120.928 116.635 120.186 111.217 123.636 118.879 117.377 113.832 116.314 112.254 115.799 113.053 111.268 106.397 103.072 110.407 114.291 108.791 115.139 114.548 113.147 114.278 116.974 113.505 116.214 114.737 115.818 122.015 120.632 123.297 129.387 135.069 133.051 133.592 128.501 132.504 137.055 127.508 119.08 124.692 128.369 126.911 114.919 118.552 117.999 118.803 115.812 115.416 120.852 127.275 131.329 136.275 122.901 132.869 135.835 124.906 124.441 119.507 106.629 105.36 103.242 108.201 117.433 125.88 130.085 128.294 129.953 136.401 128.432 126.603 125.39 121.632 123.718 115.956 112.946 117.062 116.855 115.944 120.324 128.909 126.785 127.269 130.292 132.278 133.171 131.75 131.681 127.646 129.488 125.352 121.952 121.324 121.537 118.64 126.339 116.509 114.002 109.2 111.312 113.901 111.129 107.648 109.967 112.676 112.5 107.302 112.06 108.735 109.942 109.552 114.479 120.934 114.58 124.001 118.389 120.802 125.289 121.179 123.68 122.279 118.835 129.45 135.012 143.993 151.749 157.726 167.499 185.411 198.056 201.6
198.863 194.639 185.628 166.199 158.182 144.89 137.285 132.086 127.368 120.655 123.853 119.059 118.141 116.514 115.691 119.541 116.837 114.601 111.828 116.032 108.326 109.801 109.592 114.392 114.044 111.03 112.512 109.13 111.302 114.975 110.042 113.702 115.773 115.824 109.719 116.324 114.196 119.731 117.818 121.713 120.864 113.29 111.631 117.983 122.27 117.818 119.458 120.649 111.422 116.298 116.051 115.482 109.079 115.596 112.512 114.614 109.472 110.061 108.041 114.912 119.338 119.395 122.77 118.103 124.164 116.621 112.784 102.139 97.4083 90.4361 89.9801 91.6646 108.408 116.013 115.14 120.864 125.924 123.207 116.406 123.613 116.153 118.794 109.586 107.173 110.137 105.077 110.27 115.228 115.691 114.874 122.872 121.523 120.117 122.2 118.945 115.399 118.464 111.41 114.202 114.031 114.215 112.822 112.645 111.492 108.212 115.336 115.285 114.069 111.764 116.609 113.347 112.018 113.803 110.909 113.119 104.317 106.318 107.996 113.398 110.719 114.354 116.995 114.012 113.392 114.791 115.057 113.943 111.042 122.891 120.776 123.1 125.975 131.49 132.877 144.13 154.383 167.301 181.429 194.253 199.522
201.389 196.234 181.635 172.435 154.072 150.065 136.705 138.09 129.597 127.9 123.274 123.485 122.668 116.92 114.604 122.605 118.63 120.646 120.008 116.709 115.006 114.253 114.903 111.037 108.912 119.65 115.778 114.763 117.443 116.345 108.644 108.153 106.201 111.235 107.955 100.803 104.382 102.073 98.1806 104.267 99.865 101.218 102.915 106.552 106.488 101.058 112.964 108.166 113.64 113.493 115.573 115.299 110.635 106.845 110.029 109.378 115.593 111.898 107.936 117.392 109.927 115.191 118.604 116.186 112.67 122.203 107.311 103.444 96.2793 87.1618 84.0673 95.0287 99.3482 109.927 118.221 116.849 119.753 117.06 116.818 120.04 113.857 112.134 106.481 112.632 111.26 110.393 107.336 114.878 108.989 111.63 112.53 114.597 106.162 112.53 108.153 99.8523 102.136 99.597 102.124 101.345 100.65 101.645 103.674 104.72 100.777 109.723 102.487 110.763 109.57 115.912 110.546 119.893 114.54 110.003 117.258 119.644 113.468 110.169 111.05 116.211 114.661 114.706 117.315 118.234 124.493 119.663 117.889 121.265 126.35 124.57 129.215 130.204 134.198 139.538 150.397 152.969 166.954 186.695 196.744 200.872
197.991 193.8 183.92 175.081 162.109 152.795 144.856 140.678 135.677 129.827 131.229 130.779 130.02 124.473 116.007 118.45 121.105 124.865 114.773 109.052 115.763 113.957 114.863 117.807 115.364 114.304 107.946 109.232 106.41 98.2143 98.9149 99.4613 99.3521 95.7395 100.644 94.0039 98.0407 98.7992 91.1499 97.2565 94.0746 86.6052 90.1407 94.4217 97.9572 92.7697 101.48 93.5797 102.283 108.602 109.746 108.101 109.721 110.19 109.547 115.634 121.22 117.486 116.881 118.038 114.599 116.849 116.232 116.997 115.319 109.296 110.087 99.3392 93.9911 89.0286 91.7991 97.3658 97.8222 107.451 109.065 107.586 121.227 115.3 117.254 123.406 116.187 123.284 120.957 111.996 104.45 114.979 108.981 105.607 108.486 104.797 105.844 105.272 98.5228 99.1721 97.88 100.13 93.9525 94.4539 90.0442 93.4832 93.6632 91.8569 93.2968 93.464 97.0894 94.0296 99.2299 96.6651 97.8929 100.708 105.105 106.584 103.543 110.653 117.28 122.474 120.847 115.551 112.131 119.967 119.427 118.463 122.538 118.701 118.662 128.651 124.929 127.636 132.585 132.283 136.429 133.999 138.595 144.123 153.039 159.943 175.139 184.125 194.995 198.569
199.422 194.565 188.018 177.145 168.752 162.121 153.865 150.206 136.309 137.371 135.052 130.506 130.435 124.536 127.884 125.889 120.806 123.661 114.045 114.511 115.949 106.468 115.165 106.773 110.393 108.631 105.089 103.094 102.55 103.425 90.4213 98.4383 97.9721 89.0614 94.9608 93.5621 95.1681 93.2318 90.5443 93.0699 92.5 90.9458 88.6275 90.8617 92.513 89.0938 86.8013 95.9192 99.8565 94.9414 96.4373 100.252 109.758 110.561 116.37 117.898 121.654 115.677 124.115 119.465 121.505 114.783 117.238 108.256 109.272 107.44 100.038 98.0433 98.5549 89.2427 91.9496 97.3439 102.045 103.736 111.358 111.202 112.037 112.264 116.441 116.24 118.041 120.624 119.601 119.472 119.692 116.299 107.893 107.796 103.671 100.4 100.245 94.3133 87.3518 89.0549 87.5137 91.3862 95.4077 92.4677 92.3446 87.831 97.3051 93.1476 87.5914 95.3235 88.4138 92.8562 93.2901 96.3207 90.8034 100.29 95.848 99.6946 100.09 112.581 108.035 109 112.692 107.323 111.176 117.302 119.29 119.42 118.319 118.293 123.83 121.356 124.853 131.18 124.154 132.864 141.068 140.116 145.75 149.435 165.106 168.752 181.153 189.481 196.138 199.195
201.517 196.586 189.716 177.511 168.195 162.246 158.188 150.752 147.744 145.331 139.329 135.754 135.663 137.085 131.09 122.27 121.637 124.932 122.009 114.494 116.171 115.388 105.85 102.125 105.1 107.657 109.027 106.522 104.585 105.315 106.64 102.947 102.165 98.1461 96.9784 93.958 93.5405 87.8716 95.5432 90.5136 85.1578 85.4057 88.7849 91.0159 88.0607 88.1716 80.3761 89.9069 87.9433 93.821 99.1637 99.9205 108.597 111.395 122.603 117.325 117.841 117.645 122.674 122.381 114.416 113.75 106.157 105.903 98.3418 100.821 103 100.56 93.8014 93.684 93.0708 87.3171 107.012 102.784 110.743 106.079 108.734 113.333 114.174 117.351 116.236 120.528 120.333 114.742 119.445 114.951 112.452 98.8767 97.3633 96.5282 91.59 94.6821 88.7718 86.7887 84.8381 87.578 84.5902 89.5677 84.0684 85.9471 94.0363 89.4894 86.4103 100.821 92.7772 96.8936 98.2113 101.923 105.152 106.503 114.429 103.867 105.028 106.94 106.614 113.659 108.042 112.974 115.172 116.379 109.888 119.113 119.948 125.643 120.88 127.6 127.065 134.28 134.599 139.525 147.509 141.469 146.159 154.529 159.571 168.835 179.083 188.973 199.508 201.674
198.786 194.37 185.138 173.888 160.312 156.034 151.789 140.282 139.632 133.015 140.289 131.043 132.857 127.85 133.974 127.048 125.228 121.515 114.858 118.814 113.827 119.268 113.676 115.226 113.656 109.825 110.686 103.122 123.578 110.981 111.639 103.635 109.95 103.589 101.828 97.2935 92.7397 98.7589 96.2421 94.1328 91.1231 87.3316 84.6899 86.1159 86.1027 89.1386 86.957 87.8244 98.6603 95.0067 102.202 104.259 105.251 111.067 118.052 110.101 114.78 114.372 115.772 115.844 113.794 102.314 101.519 96.5641 107.814 103.635 102.551 100.415 96.6561 88.8561 93.2259 90.1638 98.8443 99.0283 96.9847 99.1203 102.301 110.607 104.088 108.044 107.906 118.413 117.546 115.844 116.961 110.843 112.946 109.996 106.618 101.486 94.7702 90.42 90.9326 89.5329 86.3722 85.8859 90.7552 83.724 89.7103 88.4881 88.3435 95.723 91.386 90.6632 96.9518 102.143 105.744 109.759 107.433 117.336 111.382 107.807 111.481 123.171 113.393 114.904 113.761 118.532 115.345 115.43 119.938 112.782 122.711 123.651 124.866 132.837 131.004 139.665 137.207 135.584 141.952 143.838 144.33 149.14 156.862 160.68 174.453 181.918 195.842 198.609
199.872 196.305 184.166 170.875 157.147 152.699 144.306 144.75 144.075 139.832 136.681 133.862 130.347 126.885 128.149 121.55 126.925 121.08 122.51 124.291 128.672 127.739 119.862 121.226 122.02 118.459 121.451 122.411 113.455 117.969 117.374 116.44 107.578 104.976 106.34 105.81 100.39 96.2461 99.0988 90.9244 90.8119 95.9681 86.1853 90.1831 101.806 98.3509 90.0772 97.9273 92.2615 101.687 108.544 109.358 107.922 110.517 110.311 115.044 112.972 109.848 99.1319 105.671 102.938 93.6647 97.1595 95.5048 91.904 97.411 97.7949 92.8373 81.1946 84.332 76.4621 87.9856 85.4307 94.7965 94.267 95.4386 104.096 93.0094 105.453 96.2461 110.49 110.404 108.703 106.658 114.62 113.535 111.125 111.384 105.142 98.7547 100.145 97.881 91.5466 88.0584 95.5312 89.8985 93.7176 92.3806 97.0933 92.4865 97.689 98.9929 103.534 102.891 103.858 104.732 112.588 111.503 116.11 116.11 114.078 119.604 123.318 117.473 114.892 121.299 116.116 122.828 126.329 124.238 126.865 120.061 122.199 121.1 129.857 129.493 125.628 130.201 130.234 132.491 131.717 141.884 142.632 144.306 153.924 158.822 172.377 184.861 193.267 198.032
198.773 193.38 183.46 172.473 159.007 147.193 138.413 137.653 127.067 129.753 126.567 123.327 125.447 125.453 124.427 127.313 118.02 127.533 118.86 121.327 121.973 114.18 121.047 120.593 112.893 115.393 117.82 114.533 113.953 118.147 111.153 108.08 107.407 110.467 111.747 108.32 105.107 106.4 102.153 100.36 98.3067 96.3867 94.5533 92.34 96 93.16 91.5933 102 103.473 101.42 102.74 102.867 109.447 98.8533 104.7 106.9 102.087 96.7533 102.073 96.94 107.107 99.5 102.293 93.5867 94.6333 91.46 83.7667 84.1267 71.1267 67.1667 67.9933 69.6667 80.84 83.56 86.2733 94.42 94.9067 101.507 95.76 98.64 98.9 102.44 101.027 103.247 99.9733 106.327 100.067 102.18 104.48 100.827 97.9467 100.36 97.8667 95.3667 92.9867 99.4933 93.14 91.06 97.0867 93.1267 100.807 100.067 103.5 111.587 108.42 105.893 110.873 117.14 111.507 116.16 111.96 115.473 115.08 117.853 116.253 117.793 119.907 115.393 120.36 121.673 119.4 121.827 128.06 128.18 121.053 122.68 125.007 124.7 123.247 128.507 134.153 130.733 133.1 142.887 154.3 162.113 172.24 181.267 193.467 196.727
