165.192 166.855 172.509 167.952 165.547 169.307 170.038 171.694 171.391 170.741 175.78 173.521 174.132 168.634 171.697 170.832 172.53 173.218 179.538 175.539 178.186 173.958 178.367 176.72 175.9 179.859 181.247 179.956 178.322 181.212 177.301 181.406 180.436 181.663 180.185 183.727 181.972 182.25 180.2 182.628 186.596 184.187 187.986 184.432 186.846 187.623 187.064 183.503 189.892 187.878 188.279 188.328 189.79 189.346 189.723 190.144 192.853 193.596 192.267 194.205 195.067 196.309 196.844 196.638 196.514 197.027 199.157 199.216 200 199.71 200 200 199.518 199.157 199.025 198.371 196.513 194.965 194.276 194.547 195.306 192.138 189.816 192.304 191.207 191.008 191.277 189.707 191.68 186.936 189.566 185.949 186.792 188.173 188.444 183.559 183.8 186.625 181.644 183.233 182.526 182.716 184.303 182.642 182.896 181.37 181.38 181.256 184.261 181.757 182.946 178.948 177.349 181.933 176.358 173.239 178.982 177.068 179.585 174.344 177.237 173.816 174.032 171.915 171.233 171.26 172.959 170.114 175.832 170.768 172.6 171.952 171.494 172.982 172.547 167.651 167.4 166.704 167.092 165.603
138.971 139.167 135.219 135.802 144.239 139.853 141.28 143.467 145.015 144.823 142.449 143.84 151.551 143.222 150.626 150.701 147.831 147.709 148.411 145.878 150.654 150.886 153.032 150.867 151.934 155.9 151.069 156.634 157.527 154.771 160.336 159.244 160.297 157.805 155.916 165.589 159.961 162.369 161.776 165.359 164.846 167.325 163.22 167.918 166.604 164.781 169.364 171.41 171.815 176.775 168.567 173.482 177.304 177.934 179.135 183.099 179.351 186.818 184.349 188.205 186.371 190.917 192.056 192.873 194.576 195.847 198.396 198.397 199.395 200.028 200.028 198.816 199.124 196.766 195.69 195.235 192.132 193.192 191.243 190.646 183.707 186.235 182.711 181.398 182.336 181.027 176.919 177.347 178.053 177.573 170.675 171.633 166.486 169.898 170.516 169.546 170.961 167.676 163.382 165.878 162.561 163.81 164.803 162.164 161.545 160.472 161.301 156.159 153.266 153.116 154.917 155.865 156.098 155.18 155.211 150.709 156.816 153.453 149.232 151.199 145.06 155.626 146.3 148.257 144.123 149.004 147.162 142.662 142.456 147.344 146.68 142.017 143.192 139.738 141.54 137.149 132.705 140.427 142.988 134.233
121.181 118.986 115.385 122.175 119.816 120.853 124.298 117.992 122.72 129.768 122.365 121.439 122.412 132.023 128.209 131.083 128.485 126.62 133.417 133.779 132.735 137.79 135.454 136.801 134.224 141.84 137.266 132.775 144.989 146.496 143.017 137.06 138.018 144.99 137.783 141.986 141.535 149.618 144.884 148.315 148.205 154.378 151.161 155.162 154.408 154.688 156.271 159.266 158.928 166.595 163.208 168.469 161.516 165.076 172.116 172.477 169.465 175.529 180.557 178.859 182.836 183.225 185.799 190.475 192.48 193.493 196.015 198.071 199.883 200.042 200.042 199.145 198.011 195.77 194.924 191.155 190.383 187.716 185.311 181.495 183.279 178.793 177.732 172.589 174.039 172.143 169.916 163.619 162.378 164.278 163.964 159.034 154.03 156.415 155.456 150.946 156.364 152.366 151.812 146.822 149.025 146.05 145.638 143.998 145.295 142.043 141.206 137.438 139.745 140.211 141.281 132.96 146.221 129.996 132.49 135.701 136.303 133.671 135.847 137.486 133.96 129.962 131.298 125.947 130.084 132.651 130.088 127.956 127.646 128.411 122.059 116.859 125.237 126.625 122.597 113.898 119.617 110.342 113.664 114.157
102.916 108.868 104.244 111.755 104.198 106.278 108.795 108.238 105.812 114.595 110.997 114.459 116.42 114.029 111.471 115.094 115.846 116.889 114.823 120.741 126.673 122.769 115.583 127.526 127.209 121.904 121.88 123.029 125.153 124.705 126.182 128.004 131.264 137.408 131.784 134.449 134.992 130.833 136.465 137.995 141.325 143.371 142.539 133.704 146.704 144.075 146.043 150.401 148.202 153.288 152.818 155.649 159.83 159.272 164.712 161.39 166.494 172.22 169.08 172.205 176.19 179.264 185.631 187.113 191.946 193.919 194.309 196.444 198.112 200.044 200.044 198.338 197.761 197.161 192.364 189.183 188.642 183.391 180.791 173.028 172.995 170.871 166.5 170.445 164.18 163.181 158.512 162.093 158.677 155.091 148.335 149.964 145.205 140.996 139.98 137.944 145.545 136.017 143.99 134.38 133.269 133.177 133.658 132.934 127.614 130.635 132.593 130.199 132.041 119.632 129.962 128.241 124.965 119.029 127.872 124.457 127.693 124.422 121.637 122.594 116.343 119.031 115.493 119.851 113.898 116.585 118.513 119.029 107.433 112.198 114.552 112.887 111.656 106.871 107.766 107.303 107.523 106.812 103.45 103.743
94.8794 97.0871 90.9134 100.278 95.9606 94.5653 100.483 101.328 108.776 98.4068 105.381 101.059 102.419 109.21 102.697 111.138 98.5501 106.362 113.097 111.081 111.587 112.695 112.884 112.363 114.697 115.424 116.867 112.118 117.647 115.985 118.584 115.912 116.201 116.42 122.653 127.521 124.439 117.145 128.052 128.256 124.227 129.679 128.723 136.991 132.807 135.936 141.977 138.755 140.606 140.131 140.635 146.518 148.913 147.458 155.296 156.872 161.082 167.716 165.556 169.095 172.976 178.265 179.636 185.605 187.157 190.567 193.447 196.691 199.054 200.05 199.634 198.791 197.652 194.804 192.265 186.399 184.879 181.762 178.182 173.865 169.737 163.607 164.768 160.87 155.883 156.848 147.308 146.506 147.713 142.043 140.248 135.073 139.917 132.662 133.563 132.954 133.944 130.216 128.853 129.563 125.105 129.207 127.609 129.285 120.745 124.092 113.091 121.63 119.067 116.157 113.22 114.19 117.09 114.918 114.406 112.907 109.243 109.735 113.751 108.718 112.749 106.28 111.553 107.278 102.051 110.671 108.083 105.713 103.281 105.429 103.468 104.208 105.183 98.1241 101.266 98.0591 97.2718 96.3687 97.5745 84.4045
88.8121 88.8363 94.2971 83.616 91.1198 89.6548 86.7075 86.1144 92.48 95.866 97.0225 98.9362 102.451 99.7289 99.6084 100.623 101.773 104.84 107.712 105.56 103.018 111.045 106.953 109.282 108.577 100.807 107.667 104.299 105.111 106.476 109.612 109.796 111.286 112.85 110.409 109.494 118.638 113.671 115.83 120.612 122.811 124.381 120.71 123.131 127.74 128.362 134.61 130.371 126.53 134.61 140.587 143.145 141.888 145.643 147.439 150.871 151.39 157.479 159.41 161.02 169.554 174.104 174.678 181.184 183.616 188.277 194.588 197.491 198.893 200.041 200.041 198.33 195.909 193.983 190.878 187.027 180.91 178.804 174.744 167.836 164.974 163.854 157.548 152.163 150.267 144.872 148.51 143.346 139.356 135.985 132.286 129.024 133.112 127.797 126.86 132.448 121.562 118.737 122.171 121.367 111.109 115.187 115.17 116.182 109.497 112.591 110.657 108.8 112.757 105.111 109.315 107.187 97.8677 101.409 102.963 101.875 101.569 103.13 99.8926 104.92 102.444 101.805 101.969 93.6434 101.844 96.3865 98.6074 97.6605 92.4188 90.6207 87.2122 96.0329 99.2778 90.7518 92.6962 92.2804 88.5097 91.1747 83.9562 84.743
79.0149 83.2399 84.5029 82.8873 84.9242 90.8572 79.5325 83.2089 88.616 90.7987 84.1708 92.3114 89.2413 91.2721 91.3498 91.8789 93.5271 96.2557 99.9408 96.0073 97.893 99.5988 96.164 96.2468 98.042 95.7295 102.945 100.372 100.278 104.406 101.636 106.332 104.452 106.342 104.362 103.051 104.949 110.245 109.215 114.166 109.656 107.274 114.997 114.91 119.958 123.68 120.394 116.492 121.987 133.546 132.266 135.745 137.647 139.535 146.16 144.815 152.603 154.905 156.096 162.028 162.654 168.608 174.49 180.982 182.702 183.023 194.054 196.267 199.009 200.046 199.791 199.011 198.053 191.98 189.173 184.559 176.968 170.869 168.46 162.505 160.016 157.29 149.701 148.875 147.967 146.59 140.446 138.579 133.64 127.16 130.732 124.117 126.44 114.252 120.41 118.472 117.076 111.742 114.474 108.197 115.956 110.203 111.088 104.665 113.318 99.1787 104 97.0629 101.299 101.659 106.035 98.2427 96.9353 96.927 105.587 101.089 99.0828 95.2216 96.9369 95.7548 97.076 100.613 91.3533 97.208 98.3118 89.1374 97.6165 93.1981 94.2904 90.0315 89.3343 81.4457 87.6535 88.5032 84.8808 83.8137 82.8976 80.8332 79.84 81.2916
76.1962 71.1869 78.0758 80.0461 79.7999 77.1283 89.8421 85.4738 80.1861 92.956 81.0873 84.7879 87.7943 88.8692 87.1223 84.9474 89.701 89.6654 89.194 93.3793 89.1382 91.7437 91.5871 91.452 92.657 90.5735 96.4859 101.07 97.4635 95.2709 97.217 97.5006 96.4925 93.341 99.8761 104.585 100.435 96.2085 102.054 100.616 106.164 106.166 109.46 110.071 115.128 118.335 115.364 118.902 120.027 121.285 122.192 127.818 127.767 131.585 138.692 134.393 137.672 150.946 151.488 156.697 162.516 170.964 176.279 177.598 184.171 187.884 192.538 195.81 198.203 199.906 199.936 198.527 193.754 189.107 186.137 186.937 178.624 173.264 169.467 159.897 153.394 150.98 147.974 143.168 140.43 137.643 130.73 125.182 133.034 129.518 126.005 120.024 118.505 113.732 114.539 111.894 106.112 105.531 112.464 102.046 106.767 102.859 103.283 105.629 100.854 103.67 99.5403 97.6211 94.855 92.4652 91.2356 90.9266 95.977 99.677 91.3682 97.1887 97.7721 88.1462 92.8473 89.385 82.4139 90.3865 84.9948 91.2146 88.874 87.7031 87.9952 83.541 86.349 85.8816 86.4684 84.853 81.4572 80.804 82.4139 76.535 74.1257 72.7035 77.9784 78.4149
68.8818 71.2898 79.2707 67.9752 80.1221 79.5965 80.6878 77.2034 80.7377 83.0909 83.2088 91.7841 75.7053 82.9411 82.7613 86.3358 87.1706 83.3632 83.0345 85.8709 87.4832 82.3354 97.1224 83.0581 87.2781 90.6027 90.0452 87.0593 90.0265 93.6367 95.2017 94.0817 92.1627 99.9775 89.9111 95.0456 92.2428 104.208 99.3959 106.771 100.38 101.56 105.384 107.698 104.19 111.701 104.853 111.74 114.892 114.855 121.914 122.591 126.826 127.627 132.105 138.39 136.056 138.292 148.499 148.877 156.562 162.467 167.587 168.301 178.427 188.114 191.581 195.63 198.949 199.842 199.95 199.1 192.991 188.505 186.782 183.366 173.649 170.12 161.663 156.407 151.912 148.807 141.713 137.545 130.382 132.459 124.005 125.651 122.888 118.147 117.281 112.33 114.906 110.66 109.224 110.315 101.594 101.497 98.442 99.9256 99.8907 97.1747 99.7737 93.2963 95.2847 98.1025 97.9924 86.8393 92.2411 89.3495 88.4084 87.401 88.3354 90.9813 88.9593 92.1145 85.8136 92.0161 88.9854 87.4674 83.8933 87.0759 79.9581 82.6214 84.5824 80.9826 85.6994 80.4155 86.0427 78.7414 78.9863 76.4214 83.0071 79.7833 76.0565 74.9469 84.027 79.0129 70.2068 71.6385
67.6051 73.3326 69.3347 71.3364 75.8703 75.4695 73.6177 83.8064 78.1752 79.1592 74.0778 81.103 78.2904 78.2511 85.0912 80.5185 84.6724 77.1764 76.3479 84.3248 84.5419 83.7782 84.6039 84.3711 84.6863 82.3184 86.153 83.9166 88.8767 87.8238 85.7225 89.2479 88.8152 90.5341 87.429 91.4241 92.8432 92.3281 97.3187 94.981 98.5323 97.4659 101.25 102.08 97.9514 101.821 108.779 104.006 109.03 113.326 117.366 119.06 123.352 123.353 130.584 136.322 132.73 135.896 142.752 149.343 150.571 160.302 165.577 175.202 176.37 187.211 189.906 194.871 198.326 199.48 199.906 198.198 194.851 191.698 183.81 181.406 170.144 161.082 158.296 161.288 143.471 145.634 136.068 140.506 129.56 128.934 126.165 123.186 117.439 112.505 110.607 110.585 113.903 113.819 108.896 103.465 101.47 101.768 98.3731 93.922 96.6162 93.2551 92.2114 91.5834 97.0994 93.0135 87.6322 89.2595 89.4854 87.5012 86.1298 93.3565 85.2824 86.8449 87.1337 84.6872 84.87 79.7942 83.5232 84.3188 85.8285 81.1868 78.2224 81.7158 81.129 78.9564 83.5685 74.1143 80.6495 75.2774 84.0337 76.5965 71.2179 71.2212 74.2907 70.1858 66.0824 69.6647 69.193 70.7454
63.242 70.9238 68.5518 69.6459 74.5221 71.636 70.1952 69.025 73.6777 72.4248 75.3482 71.5359 73.449 80.6733 76.0666 80.5436 77.855 73.9074 80.0004 74.2046 75.9001 85.0293 77.4685 79.0722 80.3991 80.2143 82.5695 81.0434 84.5029 87.1711 79.5781 80.9556 92.4726 80.1009 85.7482 85.4377 89.1775 91.2356 95.6013 91.1738 94.7073 90.6408 98.1015 100.834 95.5232 107.173 103.84 104.117 101.562 105.887 107.659 119.313 117.251 118.77 117.187 126.374 131.584 138.525 136.334 142.846 151.309 156.873 165.742 165.849 175.283 184.685 193.122 194.787 198.085 199.974 199.819 197.646 194.924 187.582 182.311 177.352 169.966 161.826 156.295 151.566 149.671 140.045 141.714 130.153 125.593 126.79 121.768 116.427 114.583 116.988 108.137 105.56 106.505 102.709 96.0802 97.2131 96.506 97.8646 94.7885 91.0237 97.0237 95.1224 97.596 88.4862 91.4051 83.8709 84.8777 86.9153 80.853 82.9983 84.4733 81.6791 83.6554 85.0206 76.5587 82.0441 78.7066 76.742 78.0118 82.3458 79.8549 78.6326 76.1457 74.272 73.0696 71.9949 74.7264 77.6008 78.6796 74.5303 74.9117 72.9578 73.3142 72.1843 75.2614 76.1095 70.5256 70.9498 67.6363 66.6867
59.6978 65.0991 63.9954 65.3275 69.2248 64.8356 66.9001 69.2499 66.4753 82.3476 69.6881 75.7739 76.4606 74.5273 67.2814 71.3965 73.2192 73.4141 80.7621 75.7242 78.2108 75.0794 74.2386 84.3629 77.6301 77.2405 75.1626 76.2886 82.8668 82.9349 81.6614 81.2372 82.9181 77.648 84.2005 90.3236 83.6132 93.7045 89.9177 92.3099 90.5458 87.6863 92.4735 95.5144 95.2063 99.2951 98.1433 100.176 98.8987 106.06 114.293 106.789 114.44 120.16 116.691 125.078 127.45 127.652 136.057 143.389 146.978 153.119 163.732 164.872 169.616 184.734 191.45 194.76 197.812 200.001 199.884 197.139 194.893 188.951 182.62 175.547 169.632 165.596 152.335 153.151 141.602 138.467 133.134 125.734 123.725 119.127 113.627 121.701 109.75 104.515 112.159 109.9 100.154 98.7692 100.781 94.025 94.3052 91.324 92.1335 89.6001 87.0499 85.4845 86.2873 88.5645 86.2041 85.1177 82.3872 87.6098 79.0671 79.7611 78.1493 78.9332 77.6787 79.2095 76.6738 76.4567 80.1385 73.8696 78.812 77.2382 79.2296 71.0704 74.1638 79.8108 74.3084 71.2798 74.9605 68.8061 70.4965 75.0844 67.5729 67.2999 69.9271 70.4932 67.474 68.6414 68.5387 66.3608 67.2569 62.5663
62.6981 60.9395 65.2651 69.3786 66.6267 65.965 69.0041 66.9207 70.7457 68.8889 76.9281 69.7525 61.5352 75.1501 74.4708 73.7036 70.0191 75.9282 74.7083 71.6135 68.6144 73.9193 71.6747 70.4888 75.4464 77.6298 70.5712 76.6663 80.2671 81.3852 76.6214 73.1848 77.4953 79.9805 77.2995 80.3138 85.5041 80.6943 83.2583 87.1894 84.3503 85.7968 89.2698 97.3368 91.1908 98.1985 101.698 100.624 95.0522 105.398 104.337 107.482 109.398 114.903 116.753 120.131 126.989 122.632 133.074 142.005 147.671 152.582 161.415 169.436 176.848 181.868 186.571 194.105 197.449 199.969 199.953 197.879 195.034 188.963 183.85 176.289 168.224 156.064 148.964 148.926 135.805 136.877 126.7 126.349 124.654 119.188 117.76 111.997 104.735 97.95 101.345 97.4398 104.58 95.3836 88.5759 92.2016 96.1302 89.2122 86.1968 90.0576 89.5734 82.0614 81.2028 79.8799 81.0391 80.6598 86.1113 73.8163 75.6397 81.2246 78.1207 75.9997 73.7575 75.6537 77.3965 78.0788 72.045 75.6985 73.523 73.017 73.7757 71.5953 77.2723 73.6302 71.1214 75.0846 66.6146 68.8083 66.6667 68.2217 74.9961 71.2965 66.045 65.0372 68.5574 67.9848 60.0056 65.2463 63.6343 58.4979
57.3447 59.4163 65.5306 59.7608 64.2002 62.2149 59.315 63.1523 64.8422 71.0414 62.2012 63.3569 66.8491 72.4371 71.5892 69.7876 76.9235 65.9777 73.0823 71.4003 71.9304 67.4695 73.8622 75.9704 75.0801 72.745 74.3165 73.2555 77.6204 71.1218 71.0551 76.1691 78.4611 75.1435 76.3084 78.0362 77.6073 78.4219 85.5238 86.6528 82.5632 88.0472 88.7656 87.8543 94.368 86.239 92.0675 94.7654 95.7977 99.8167 101.299 103.574 104.01 110.754 112.53 119.862 126.862 125.219 128.614 139.083 143.221 151.487 158.93 161.245 173.917 180.278 186.157 192.597 197.685 199.56 199.446 197.906 191.465 189.624 177.58 170.363 166.24 158.351 146.283 144.954 140.869 132.123 124.77 110.514 117.754 113.444 110.208 109.978 101.929 102.766 94.9393 95.778 95.6931 85.6716 94.5229 87.3 87.785 87.0679 85.7043 85.363 83.9719 83.8549 76.8353 78.261 79.5547 82.6952 73.5843 79.4743 82.335 72.5992 74.7218 75.9881 73.7282 67.5518 75.5344 67.7761 73.9308 68.2879 68.9253 70.1432 70.6969 69.4156 71.4009 73.0097 75.284 67.8748 71.2329 61.9351 66.9635 68.2618 66.1529 68.2069 73.2215 70.2863 62.4476 62.4483 63.2674 62.732 61.7475 57.2055
56.1853 58.916 55.4095 60.0951 55.6985 61.5646 65.4933 65.231 63.2053 68.9683 69.2418 66.596 70.9253 68.9746 65.9745 64.3767 68.0059 68.0136 73.8482 71.8217 63.953 67.0197 70.5956 61.404 69.0012 71.2571 67.7218 70.4385 74.5496 66.657 71.7418 81.8039 78.9315 74.7432 79.1995 79.9409 75.9588 78.1305 77.7187 76.4709 80.3709 82.2142 85.6576 81.2428 82.1567 84.9583 94.8899 87.4442 95.9421 93.3966 90.5487 101.25 105.649 103.803 116.201 116.949 117.626 120.174 123.673 137.722 143.39 150.875 156.408 160.15 172.446 177.25 187.708 194.772 198.809 199.998 199.762 198.376 190.54 186.933 176.389 169.099 159.777 158.884 147.571 140.962 130.524 132.178 125.025 113.01 116.153 113.59 106.65 104.678 98.8524 102.322 100.93 91.2305 83.4874 88.0572 92.014 84.9737 82.3117 83.3351 82.4752 78.524 75.5962 80.2418 76.8707 80.0461 76.0254 75.5197 75.8739 70.8713 70.0808 73.3852 79.1104 73.872 68.0424 68.0676 71.0579 68.9991 69.4368 69.7553 74.9368 67.5991 69.568 62.6911 66.6774 74.0684 65.1005 66.521 68.1756 66.462 64.7617 66.2544 66.7138 65.5151 64.2974 61.1465 67.1333 65.4218 63.8351 60.6534 54.6007 59.0913
62.0575 60.2722 60.6371 56.2118 62.5115 65.1455 63.8382 59.9269 63.2254 61.1495 62.3856 63.1767 63.2943 67.4604 62.7265 60.8566 64.6353 66.1584 71.4265 71.2257 70.7785 67.7968 68.9775 70.5927 70.3642 62.7767 71.8138 68.7168 66.4918 71.4939 67.9684 71.6744 74.1572 69.8959 71.9883 75.5401 75.2247 75.4749 78.757 74.8569 74.7265 82.6212 84.1667 82.8961 82.4421 88.2376 89.482 88.2631 93.3949 95.8581 97.283 92.6697 101.303 112.457 113.284 111.793 108.929 117.846 122.052 135.095 134.405 150.877 149.523 163.148 165.923 177.208 185.701 191.364 196.826 199.453 199.654 196.162 193.839 185.15 174.707 167.918 161.479 149.219 143.771 140.304 131.938 122.105 118.434 110.271 107.836 111.73 104.301 101.893 98.1138 97.6763 95.7944 85.4425 89.7764 87.251 84.8335 87.039 86.3258 79.002 81.6106 74.2486 74.9303 78.0026 77.3606 74.7108 73.0581 77.0587 74.1212 65.1807 73.7841 67.9781 74.3752 72.0655 68.4478 64.9822 70.2188 66.5944 69.7866 67.7826 66.2138 63.4981 68.4478 69.6277 65.341 62.3811 69.4697 65.6107 60.6948 63.7393 65.3013 61.5076 64.3162 61.1465 66.1112 62.3384 62.1009 62.7557 59.2421 57.7206 58.7597 59.162
55.6981 55.3706 61.0229 60.1869 58.9135 53.9035 62.9402 58.3302 64.9388 60.8531 56.1954 68.8937 64.5778 63.6956 63.8494 65.5037 61.2675 63.9913 64.8352 65.1459 64.624 65.9596 68.6674 62.6676 68.0187 64.1729 62.3943 63.2286 71.6389 70.7687 63.1075 70.658 73.5363 72.176 72.5418 73.73 77.3295 73.8256 75.503 76.8338 73.0558 78.889 83.5093 79.8891 83.4551 82.3825 85.6298 88.3073 84.8226 96.3925 91.3889 97.0332 93.4831 104.325 105.872 106.224 115.869 118.123 126.33 129.781 131.053 146.184 149.235 159.572 174.12 176.419 183.911 191.724 196.406 200.288 200.101 199.146 191.773 184.462 176.403 163.578 158.353 146.706 144.421 133.154 127.904 121.849 119.155 110.825 106.993 109.169 99.4015 103.569 94.3907 93.1476 91.5722 91.2072 86.3661 87.5543 81.7753 78.3861 78.1208 78.6133 78.5216 74.0423 71.2301 73.7969 73.7794 75.9174 74.8894 70.5066 71.9896 70.4062 73.0749 69.2172 71.1114 70.2245 67.4665 67.9924 64.8065 64.9754 64.8431 70.2978 70.1615 64.1522 66.1428 61.9273 64.5849 63.7323 64.8192 64.3634 66.6863 61.2141 60.0778 56.7866 65.5484 65.3372 56.6193 60.7424 62.0524 59.0474 59.7463 54.6167 61.2627 50.2426
50.1568 51.857 57.542 58.5936 62.7887 55.2692 62.0717 58.2456 60.8259 67.7888 62.8386 64.9366 62.7085 64.0506 59.5412 60.2262 61.0953 60.9492 67.9898 64.173 67.8589 61.7271 70.2136 62.8158 65.1165 71.6596 63.4796 65.4078 66.0582 64.7119 65.8648 68.1325 69.2347 69.391 70.353 75.5093 70.7736 72.4206 75.0262 74.0625 74.7804 77.06 75.283 75.9857 80.533 80.8878 80.5508 82.055 89.0804 84.8363 89.4267 94.2232 93.6979 98.7013 103.787 105.889 109.065 115.61 126.668 123.884 134.072 139.898 151.481 159.126 168.162 175.369 186.696 191.68 196.279 198.615 199.552 197.002 193.025 186.757 176.06 169.423 156.32 151.212 138.797 134.151 127.403 125.463 109.728 108.887 107.753 104.358 101.853 93.4242 94.947 93.9301 92.1987 82.4452 85.9275 79.1622 81.1994 76.8826 78.2948 80.9207 75.3243 72.136 71.5304 77.9485 71.4915 74.3505 68.576 69.565 73.2137 69.168 69.3429 73.228 66.8293 63.8707 63.2313 65.6705 61.76 65.7237 66.391 61.657 61.336 60.4433 65.4627 60.1941 64.4197 61.173 66.1038 61.5328 61.3656 63.4653 59.0362 63.3022 59.1307 62.7017 56.4061 64.2963 61.5345 56.091 55.6552 56.8427 55.1814 52.3427
51.3819 50.6065 49.2029 50.7546 52.127 60.2374 60.1017 60.5586 66.7085 63.1294 59.7332 58.0458 60.6648 66.406 61.6981 63.7067 58.1208 60.2293 60.4274 61.6339 64.7998 62.7466 65.8376 60.7924 61.6892 62.8028 68.635 68.3798 66.9486 66.4622 67.2421 68.8082 68.9964 68.3816 68.3781 70.7927 66.6443 63.0839 67.5625 75.7594 66.895 73.0913 74.2674 76.0369 80.8144 77.263 78.2668 86.1443 88.1092 87.4613 91.6633 90.2276 92.1532 100.513 99.2731 105.159 111.659 116.901 119.987 128.343 128.718 136.607 145.604 154.106 164.071 176.681 183.479 192.297 196.242 200.12 199.713 196.173 191.896 183.679 178.106 163.85 157.895 145.882 140.068 129.726 127.792 116.494 116.802 112.023 102.836 104.317 101.018 95.7707 91.2055 91.1565 84.895 88.5089 85.2983 81.232 82.1859 76.5384 78.6987 71.4084 73.0815 73.1279 72.7148 67.8971 76.4027 66.9869 70.3983 62.9349 63.8825 71.2281 63.3105 68.0354 59.8581 63.8254 69.3498 65.1157 67.3956 58.4429 59.6966 65.1229 63.3739 59.4361 56.4236 62.1389 60.4453 61.9917 57.4774 63.622 62.6395 66.0152 62.5449 64.865 55.8819 58.8962 59.8215 53.2861 56.9117 55.3911 54.3525 52.0164 55.6339 56.0434
56.3888 55.5493 54.3376 58.9636 53.4821 57.1107 53.9644 54.6892 58.2877 61.0477 59.8209 58.5452 58.7126 59.0773 55.256 57.7133 60.164 50.0237 60.3567 60.0982 61.3654 58.5988 60.0333 60.3624 58.8771 68.4834 63.159 64.1047 66.5404 67.7305 64.8313 66.4341 71.454 65.5157 69.3915 67.8489 69.9969 67.8611 68.4722 73.9085 66.8543 72.6375 71.4831 76.3056 72.2182 78.3699 76.1232 78.7488 83.9764 81.9045 87.7939 89.1786 94.8903 101.591 89.314 104.556 107.435 114.33 115.43 119.105 133.538 131.217 144.162 153.869 158.547 175.453 183.183 191.763 196.556 199.675 199.197 196.396 191.525 182.49 173.815 164.196 151.416 147.717 143.092 132.664 121.586 116.289 109.031 104.631 107.261 95.162 97.0082 93.0638 88.2949 87.3953 84.5338 80.4418 79.3701 79.717 72.4448 78.5081 74.3146 69.9621 71.3271 72.7936 72.5181 66.8995 67.1965 68.7053 66.2649 70.8862 66.9436 66.2941 71.9296 62.8666 60.509 63.7851 63.6112 63.9665 59.2757 61.5139 63.6619 64.0896 63.9251 57.4736 62.8488 63.896 61.7771 63.3198 59.7776 54.5999 58.5575 63.6506 59.0877 58.3807 59.0219 54.3075 56.9801 58.7427 55.2711 54.5397 57.1878 47.5533 52.4904 50.6037
50.0315 55.4485 53.4107 50.7249 59.8598 52.2718 53.2171 51.5369 53.6902 56.1774 54.7708 55.7665 55.0988 56.5775 54.195 52.4121 57.9495 57.9959 57.985 60.3468 59.042 57.3252 56.2406 57.0733 62.3707 64.6564 65.8319 60.0011 60.5868 60.4969 61.9677 63.3931 61.2704 62.9249 64.0648 61.6734 67.8163 69.3246 67.8193 72.0944 72.767 73.2046 75.8805 74.7584 70.3164 74.6576 79.4473 76.5897 80.9023 82.6823 86.7578 87.0867 89.2954 96.5476 92.7397 101.578 103.696 113.732 117.151 124.063 128.463 135.12 140.96 157.621 164 176.189 180.688 191.181 195.155 200.32 200.146 196.752 191.098 182.486 178.095 165.977 152.669 142.258 131.224 128.575 118.378 113.766 111.537 108.09 102.308 94.3211 96.1821 94.7676 88.9477 85.4984 85.4105 78.0575 84.1382 80.4983 72.1141 71.5412 73.9978 69.5716 74.9125 70.3213 66.6972 72.7453 68.1146 63.2459 67.0429 64.8896 64.4332 61.3306 66.0709 58.633 63.9245 59.9023 61.9411 63.4652 54.3906 59.607 62.1801 60.3636 56.7602 59.3699 58.0078 59.4242 57.6541 56.9143 58.1589 54.2542 65.5494 60.4604 56.9153 54.3056 60.1611 55.3181 57.8675 56.6427 55.5038 56.8916 55.5838 44.9643 54.2533 52.8951
52.9354 42.247 52.3482 56.3318 57.1591 55.2901 55.9476 52.1774 56.309 56.0025 55.8503 58.6005 57.5951 55.6805 57.7577 57.5495 54.4379 56.31 61.9048 60.3909 57.7773 58.1211 56.6952 60.0357 62.7083 63.1608 61.9172 63.427 63.866 56.6352 58.7952 64.4096 61.62 69.5478 63.8453 68.0919 65.0154 64.0079 67.0615 69.2754 68.8882 70.2736 70.6785 78.6404 70.7489 72.0464 74.3711 77.6329 78.5286 84.1472 85.5575 81.3834 82.7037 90.8219 93.6675 103.74 104.651 105.385 111.514 116.407 127.405 132.522 144.722 152.443 160.129 171.759 182.656 191.468 196.637 199.536 198.872 195.631 191.486 183.679 173.462 164.627 153.989 138.08 129.917 126.245 120.53 115.905 112.106 100.757 96.2396 100.082 93.6654 91.4981 89.2904 82.6902 82.4355 83.0961 83.5983 74.516 75.1653 70.6619 69.671 70.9881 70.3088 71.6571 69.5509 67.0823 62.9921 67.7388 63.107 63.3607 60.7357 65.5 70.2612 60.3516 60.0378 62.2796 56.6756 54.0993 57.7452 63.0148 56.2106 57.5568 61.9876 57.2886 54.3126 55.4371 55.4371 55.0063 51.1409 58.0434 50.4243 60.3153 59.9467 57.915 53.2564 62.7529 53.8321 52.953 50.7608 50.9162 49.4975 50.3363 50.5082 49.9966
47.006 49.3111 52.4676 49.4519 51.9076 55.9675 53.735 56.43 55.87 54.0545 59.3482 59.7013 50.6521 59.8226 53.4328 57.8014 58.8705 53.1912 59.7479 51.5339 60.2213 62.2599 51.7657 61.0142 56.7041 55.5028 61.7453 52.7937 60.5051 62.6108 61.2763 60.0577 61.2958 59.5746 62.4624 60.8408 62.7863 61.8894 63.4243 65.8724 66.7465 78.4312 69.8781 68.9292 67.9619 73.7777 73.2046 74.8511 78.9641 79.7169 82.7553 79.5826 86.6896 91.4752 93.4456 100.79 98.7685 99.075 114.346 117.793 124.88 123.479 139.989 145.701 161.484 170.151 179.446 188.743 197.214 199.687 199.631 197.02 191.342 182.208 173.757 159.9 149.023 142.028 131.296 127.128 118.192 112.726 107.755 97.9106 95.4365 89.9479 95.3163 89.2351 83.4843 80.551 75.3321 82.53 79.0692 76.4218 79.2587 66.6014 71.0101 70.6916 67.8633 65.1986 66.5949 68.2424 60.2277 60.6535 64.2757 62.3508 61.4594 59.2518 62.8795 57.8772 59.2009 58.1393 59.9938 55.4887 62.6986 55.0706 61.2026 59.4608 59.2648 61.0748 48.789 56.2415 60.4086 55.1442 55.3338 59.9309 54.1249 53.1533 54.9449 53.1435 59.2691 55.0695 57.5381 58.5206 50.9923 54.7575 51.2674 50.6261 49.9892 50.676
45.6208 48.5363 44.3813 49.3009 50.8367 50.4748 49.9907 52.1576 56.5649 53.9264 54.4353 52.0728 57.9367 51.1839 60.4621 57.931 52.6937 52.7219 60.4236 57.8213 60.6566 51.4485 62.1811 57.0003 59.0145 52.99 62.5995 58.1832 60.9088 63.64 58.8086 59.7258 61.2684 63.7158 62.3258 62.8099 64.7166 61.1576 70.343 66.3124 66.3452 66.8247 70.1949 68.8366 69.6588 76.1968 69.8782 72.2068 81.2192 77.8954 80.0951 89.3767 83.5162 90.1412 89.4445 93.3587 97.1044 108.309 107.114 109.926 120.964 132.591 142.081 147.69 159.66 170.104 181.054 190.12 196.267 199.956 199.741 194.687 190.867 183.873 168.952 155.428 149.48 137.516 128.276 123.814 110.57 106.401 105.273 99.5755 90.2792 92.2334 89.2172 89.2184 82.1229 81.8684 77.6545 77.7552 75.9242 73.9179 69.3003 67.5711 66.9276 71.1788 67.5236 65.7537 63.3573 65.8057 66.9785 61.9413 60.332 64.7166 59.209 61.5082 60.2755 58.5395 55.1399 58.2963 58.4614 58.6514 51.9699 51.6577 52.455 57.0602 59.9939 58.9749 55.7902 56.0062 55.2586 55.0969 53.3157 51.8296 56.2946 51.0753 57.9389 52.1814 53.4944 52.7525 52.6835 51.073 55.5448 48.8304 53.2908 50.8231 49.5531 49.1437
50.278 47.0803 48.2413 49.0722 51.6193 47.9737 46.722 49.4046 51.9033 52.4797 54.4422 52.7331 53.0266 52.7202 57.9404 50.9239 61.1369 56.229 50.0411 50.8355 53.9035 52.6082 55.358 52.3182 57.0482 59.8852 51.6723 56.1795 56.9586 59.5175 55.5312 59.9005 62.3616 61.6355 64.7554 58.9446 60.3461 59.1026 58.4885 66.8275 67.7386 70.9445 72.8681 65.5027 69.8849 69.6527 72.6607 80.4186 78.5646 72.135 82.077 78.6105 81.2366 83.3817 86.458 85.9748 100.127 103.366 112.691 115.01 117.973 128.14 133.939 151.587 159.015 172.963 184.679 188.549 195.505 199.55 199.613 195.404 189.02 181.156 172.676 159.1 146.376 140.301 132.974 121.834 112.453 108.007 99.8429 98.0702 97.2852 91.9058 85.7167 83.245 77.7265 77.0759 76.3758 75.2089 72.1692 68.7652 71.5963 63.763 65.5227 70.0712 66.1109 61.3951 65.8799 64.6682 60.7775 63.7123 58.8539 58.195 59.7544 59.8758 59.6648 60.9578 61.4104 57.4124 60.8494 54.9773 59.6 58.7466 55.635 56.1111 52.653 53.4568 52.3159 55.1871 56.6333 52.4561 57.2061 51.1973 59.9571 54.23 52.0306 55.3686 51.8432 53.6961 55.998 49.1252 50.6669 54.4481 50.6575 45.3818 46.1362 44.6169
50.6078 47.8754 43.1219 47.7172 49.2219 50.6237 53.0016 48.9485 51.1314 59.1936 52.8962 57.2756 52.6754 52.4302 56.0774 55.685 53.5682 54.8056 50.5808 60.2679 49.2612 54.7615 53.318 53.2531 54.5677 52.1187 54.0355 55.0399 58.1684 63.3216 60.149 58.643 56.3264 59.8755 58.15 55.1306 63.5387 64.3542 59.7602 64.0108 65.5757 58.5289 67.3208 62.3552 68.1781 66.1349 70.8172 71.5347 74.1003 79.1861 89.2203 83.7801 80.6994 82.371 89.2313 90.6944 94.9904 105.199 110.198 111.096 120.059 125.439 137.838 143.909 159.231 164.514 175.239 185.654 196.165 199.444 199.182 197.142 188.095 181.919 171.084 159.713 144.566 134.763 132.622 119.632 112.08 107.19 98.829 98.4083 93.1508 85.7153 83.3079 84.4068 78.9616 79.8029 77.0105 79.0978 70.3721 68.053 70.0017 68.8673 68.3731 70.0164 65.0153 66.3005 60.4593 61.9505 62.2694 64.3076 58.3352 56.1363 58.9815 57.2044 56.2834 55.555 61.2233 57.966 57.8409 54.8559 50.8052 56.655 56.4318 56.1669 55.1245 55.4875 50.3662 50.5538 53.6516 55.2766 53.2886 54.9062 53.9901 51.817 51.8427 54.1226 56.1915 53.8932 53.7105 52.7809 48.5695 50.0007 52.1358 50.4324 48.025 46.3498
37.6344 50.9041 44.5298 53.1606 51.2188 51.3743 42.7856 48.4681 53.4422 47.766 51.4163 51.2252 52.8599 50.9475 50.6965 54.2461 53.6078 54.9023 52.9924 51.3348 57.9996 52.3885 51.5017 59.1476 54.7188 58.996 57.3587 59.912 53.9913 58.6787 61.627 57.1434 56.3331 57.8009 58.5551 57.5435 63.1457 58.8265 60.2344 63.3279 63.2107 70.045 66.7336 66.1475 69.0473 73.5653 71.0693 70.9725 76.5441 73.2633 76.6295 81.596 78.6821 84.3264 92.264 94.0401 96.0201 100.302 109.095 111.957 114.32 129.213 131.26 138.473 156.112 169.175 179.313 190.01 196.803 199.58 200.105 197.269 188.197 182.356 169.309 155.421 139.867 135.127 128.787 117.857 108.694 111.95 100.409 90.1095 96.731 87.3065 83.3351 76.4792 80.8927 83.9658 77.594 72.3676 73.7169 68.9314 72.1523 65.5308 61.7264 66.9158 69.0359 63.4387 65.1015 66.0621 59.2049 59.4432 59.9006 59.5158 58.4672 61.8155 57.6645 59.8432 60.0879 57.8365 59.5069 53.511 51.9718 48.8771 53.0816 50.8532 59.3744 55.1991 54.8258 56.4694 53.8575 49.8696 58.657 51.5336 49.4682 48.807 52.4038 54.7112 51.5132 44.1476 48.1279 52.7185 43.9692 49.1255 49.4899 45.4242 45.3605 38.2676
49.1414 45.5328 43.369 45.0437 51.4757 48.6827 49.8684 52.7196 44.6194 50.109 48.9418 53.3236 51.3065 52.0124 46.6286 54.245 55.7492 54.8133 49.7085 54.3401 51.9542 51.1413 51.7467 54.2714 55.6263 52.8266 54.7816 54.4736 51.9344 57.149 54.3613 57.9315 61.4423 57.8139 58.9255 55.5655 58.1152 59.8495 64.916 64.0159 57.5323 62.3966 69.8385 62.5315 63.4713 68.1347 64.5049 66.7838 76.6102 81.5763 82.7633 77.2671 81.3159 79.5935 85.892 93.0827 94.4561 96.8922 100.95 107.862 117.908 128.256 134.296 143.99 156.845 166.792 179.882 188.82 197.416 199.688 200.544 195.607 188.517 179.601 165.212 155.937 146.394 131.302 124.237 116.972 107.951 102.521 97.035 91.8508 91.449 83.4691 81.6833 79.7442 82.9734 74.4953 75.135 71.812 66.7666 70.0381 59.445 62.9743 63.3179 61.7688 61.7489 62.5275 61.6406 57.2164 65.224 61.5586 59.3155 56.7154 56.7141 62.9505 52.1485 55.4121 54.4221 50.5121 56.3519 52.7249 48.195 55.3645 53.477 52.2437 51.3052 49.2762 56.3268 48.8189 50.5267 52.1538 53.1307 52.0468 49.4811 46.9644 54.8794 52.0203 49.5736 54.8279 51.7771 52.0164 51.0832 51.2722 48.5704 49.6133 45.4297 45.0014
41.8355 42.4792 47.3287 53.3355 49.924 49.1132 49.0448 49.8103 53.8368 49.7747 52.3823 48.9735 54.1847 48.5312 49.2105 50.995 50.6937 53.556 48.8571 47.0192 44.6198 53.0027 49.5145 51.1867 52.0413 52.0413 54.0929 56.4773 56.68 54.1764 49.431 52.0934 60.4736 56.3184 57.5318 56.6827 60.3545 55.3871 58.0742 62.5074 58.4494 64.9123 65.96 67.3323 66.3914 69.3893 69.3099 69.1319 72.3544 76.4521 73.1063 76.3151 80.2841 84.2544 83.6586 95.6435 90.7939 99.685 104.835 110.058 119.183 121.195 128.556 146.489 155.097 165.03 182.363 189.033 197.005 199.717 200.193 196.661 187.378 176.107 165.493 154.575 142.624 135.957 122.813 113.594 106.915 103.539 95.3203 93.6399 91.5184 87.6591 84.9816 73.9842 74.0239 69.6112 73.7431 76.0741 67.5377 68.8511 66.1449 66.868 64.0755 64.5576 62.4827 58.6795 59.6779 59.5574 58.7576 57.7783 61.7678 58.4727 52.2974 56.0527 58.1919 50.3225 52.3604 60.1381 60.3873 58.5795 54.4257 50.8977 54.7612 55.1967 53.0972 48.8407 55.9897 44.8074 54.0532 48.3572 53.9929 49.6295 51.0128 54.2833 52.7453 51.5154 48.4819 51.3086 46.8165 48.6353 44.8266 49.0283 47.4438 43.2105 42.7777 48.7147
43.8757 47.7775 46.3205 47.246 51.2271 45.3724 50.843 46.5714 54.1807 52.5749 51.3957 54.4499 51.6976 49.1678 49.661 49.6227 51.4113 53.2637 54.1566 49.9785 49.5136 51.4184 48.3217 52.1696 53.0837 52.5281 55.1146 49.7914 55.9537 54.2926 56.8083 58.7117 57.5623 59.1694 56.0798 57.9137 56.077 59.0816 58.3092 63.7784 61.4753 58.4495 59.3806 60.7426 63.1265 62.877 65.9851 66.3578 68.4157 72.7384 70.7924 75.9626 82.8534 83.0093 88.8895 87.75 90.1296 95.3848 99.0301 110.734 111.438 124.338 132.33 143.06 152.314 165.537 175.836 188.452 196.712 200.58 200.506 195.712 188.326 174.876 170.487 157.491 139.903 130.88 125.194 112.185 104.708 100.875 95.2587 89.2396 94.4282 88.3283 77.095 80.1946 76.0675 72.153 72.4861 71.6471 72.4832 65.6605 64.9391 67.1217 61.6426 65.1475 62.3044 60.1133 60.9538 59.7945 57.3185 58.6847 57.9308 56.6609 53.9185 55.7808 54.3054 53.0865 48.5853 55.8885 51.6764 53.0412 49.6171 50.8189 47.0178 56.7091 51.5871 49.7234 52.3892 54.5888 55.1217 45.8727 50.4603 52.0052 52.4105 51.0485 48.6746 48.8064 45.7338 50.6148 54.3819 45.9407 51.4142 48.1998 47.708 47.8044 41.078 43.4123
43.3944 42.6048 47.7132 43.6933 43.8764 42.2004 47.5652 47.3762 49.7744 49.6397 50.6183 47.8348 48.4677 46.8445 47.9681 45.8453 47.2766 52.8817 48.4017 49.4477 51.1032 54.669 48.0941 49.7569 51.402 54.1518 52.0349 54.477 52.2048 52.511 53.3637 54.9678 57.8348 50.8409 53.954 58.0047 52.0129 59.354 61.1838 62.1404 58.6098 59.8916 63.6698 67.9286 63.1996 65.7106 63.5981 66.6877 70.8058 72.7938 72.848 71.5324 84.2353 80.6534 81.131 84.6748 91.2424 95.7077 102.447 104.017 113.372 122.072 125.955 144.291 152.344 161.91 173.276 188.094 197.51 200.046 200.154 195.185 184.82 178.365 163.689 150.459 139.348 129.098 117.382 117.3 110.447 101.301 96.1325 88.5131 88.5878 83.6684 75.5333 79.7378 77.5697 72.4788 77.5462 69.8682 71.4226 64.1064 60.5172 62.6883 64.8858 61.5031 61.594 55.8116 55.5641 53.664 59.6074 55.8556 54.124 59.4243 56.1999 52.3997 51.9543 60.3443 51.5617 51.8459 48.6508 57.7689 53.0238 52.6092 50.8688 47.3909 47.4173 51.2277 51.446 51.6599 49.4243 47.284 49.2104 49.1753 53.6259 49.8242 48.4149 47.6326 51.0768 49.7612 45.734 48.9247 48.201 47.5008 45.5055 42.8289 38.2245 46.1662
42.194 44.0244 44.1651 47.4643 45.5553 47.0211 50.0253 47.7653 46.1361 50.6228 49.9467 52.4699 47.0528 43.8519 52.4714 55.6133 50.8165 52.491 54.6648 49.6532 49.3385 51.5002 52.5485 48.8106 53.2519 47.3009 49.9436 48.8091 57.064 58.3119 52.4623 51.3913 55.3485 55.4817 55.5951 54.4651 51.3747 57.843 55.8886 59.1243 56.3636 59.1016 60.7277 62.2117 63.7169 61.5703 64.6154 60.2149 69.1475 74.3754 75.1514 73.7537 76.0439 78.2918 84.6149 83.1552 89.805 99.5151 103.403 103.037 110.951 118.385 129.234 136.498 154.898 165.176 176.976 187.677 194.745 200.295 200.168 196.044 188.603 180.852 162.234 148.442 139.428 131.341 122.032 111.99 109.03 100.816 93.6398 93.009 84.8403 91.9062 77.1573 79.1329 75.224 67.0509 72.9928 68.4834 67.2581 65.4474 69.7783 70.9915 61.829 57.8112 58.5313 63.1481 56.6389 59.4041 58.1017 55.1912 58.6069 54.0249 55.4983 56.7538 56.9702 52.432 52.2082 50.8603 49.0436 52.7164 50.3869 58.02 56.536 48.4294 49.9966 50.3702 54.9008 51.6802 51.9041 49.8045 49.3416 47.0876 51.3958 46.7639 45.1816 49.4686 49.4036 47.3024 47.5293 47.8031 51.3762 45.1983 43.0336 39.9628 44.8851 39.9839
42.606 45.5615 44.0323 53.6461 45.6504 42.8869 50.0243 42.7309 49.7996 46.6163 49.6155 45.1651 50.3005 45.8143 49.241 48.403 54.4934 48.0582 49.5952 49.3237 53.2248 45.7706 48.9866 54.1751 46.3495 46.2106 53.7366 53.4619 49.887 48.2642 54.2952 56.6811 52.1481 50.4893 56.8091 58.4288 56.0445 59.4712 57.452 60.5323 60.9848 59.7411 59.0311 65.4882 68.1425 62.2441 66.3449 67.4325 68.7526 68.982 73.1936 72.7005 75.2097 78.5318 79.0218 85.5725 84.7985 88.1816 101.083 109.862 109.208 119.474 128.194 141.832 151.939 164.978 174.798 185.542 195.558 198.939 199.578 195.241 185.788 177.934 165.215 151.491 133.036 129.399 115.72 108.448 101.851 98.9095 92.17 89.3644 82.4298 79.4728 82.3752 75.7402 78.1964 70.5612 70.6017 70.8311 67.9256 68.3906 64.8749 60.3934 63.767 64.8172 51.8547 58.1573 62.631 62.4157 56.4377 52.1949 58.2681 59.3963 57.5487 55.6434 54.5683 50.1648 51.4615 56.1396 51.914 52.947 52.4945 44.0151 56.7638 53.4276 48.1705 46.88 46.3011 50.4566 50.7686 51.6721 48.868 52.7738 48.0363 50.7203 49.2956 49.0974 50.8295 45.7955 45.8689 47.9162 48.5638 48.3734 47.1453 41.1657 44.31 40.4043
44.8128 43.3623 42.4955 38.5876 43.5424 43.745 47.4614 44.2017 51.0444 46.4756 46.9565 48.9281 51.5124 52.6043 48.6032 50.6038 49.7064 46.4065 47.2556 49.1227 46.8182 49.0422 49.2899 49.2111 51.1923 51.6475 56.6488 49.269 52.0801 50.2403 55.4363 50.3063 53.9262 54.1144 54.1723 55.6904 54.7335 58.9597 56.7759 57.0814 63.6555 57.7874 62.6617 61.1629 63.6491 65.238 66.5132 68.5122 67.8673 63.1956 68.9222 66.8622 73.6116 75.6684 82.0818 81.096 87.3774 95.2316 91.8272 99.691 108.824 119.997 127.552 142.548 148.235 162.864 173.518 186.715 196.262 200.049 200.275 197.015 187.224 177.186 163.416 150.551 136.19 126.962 113.949 110.789 97.2145 101.246 92.62 86.8596 85.7998 78.8156 76.0029 72.777 74.8322 66.8735 73.0279 68.6392 64.8826 60.2559 63.2648 59.0321 62.0812 55.023 59.1141 57.0862 58.6429 59.8973 53.7059 57.5333 48.7045 54.4151 51.8356 54.6386 51.1071 53.0144 51.3258 52.2457 56.7228 49.0808 51.5301 49.1001 53.2717 48.2864 49.2947 53.6544 43.1757 50.4011 51.4207 48.8332 47.9841 49.7916 49.2835 48.9811 48.4263 48.0388 51.6491 51.3483 49.4169 50.4269 43.3317 44.6954 42.92 41.9905 46.8986 42.5485
39.3833 41.7628 41.5741 47.3762 50.6251 49.8717 48.2489 50.7493 51.8156 48.5006 46.1724 43.8211 48.595 44.3725 47.5567 48.2837 47.4094 47.5385 45.9737 49.2242 48.1992 47.6428 42.5461 45.3892 46.2354 54.4617 51.7676 56.308 55.2135 49.1729 50.6632 52.9102 52.6585 56.4107 48.6165 56.6624 54.8277 61.4893 56.7849 57.1409 59.7059 56.8578 60.047 63.6634 63.0955 68.0416 64.9318 61.4893 62.4017 70.3151 66.3244 75.7331 73.7709 81.5055 81.4724 80.1907 90.2949 86.2943 99.4237 101.351 109.498 120.306 125.701 136.54 144.732 161.536 176.096 186.42 196.107 199.672 200.267 195.105 184.079 174.46 159.466 148.078 136.878 119.452 117.14 110.53 99.3873 99.3376 87.3954 84.0141 84.9795 85.7495 77.1224 68.8629 72.6052 69.5103 68.0018 67.0431 63.9632 67.0795 61.4694 63.0176 65.109 63.6353 58.661 55.9835 56.9588 59.8284 50.8983 53.3043 58.2106 51.7295 57.4771 50.5671 52.9466 48.0171 53.2679 49.2755 50.4827 55.3079 50.284 51.4928 50.5257 50.0521 50.0588 47.3282 47.1345 44.0678 48.1462 46.2801 46.593 44.2649 53.2397 47.3862 51.1069 46.9259 50.1035 45.6608 51.7577 48.1065 46.0217 45.9754 43.831 42.9749 41.1833 37.7175
38.0788 39.8522 39.0209 37.8079 39.8744 43.7092 51.5372 46.4878 42.7824 43.6189 45.6462 48.0227 46.8353 46.8472 48.1624 43.9698 46.6172 50.7468 45.0891 47.8046 42.6121 47.4929 48.3498 50.573 52.0517 51.4691 56.7894 48.7978 54.2323 49.0534 53.556 52.3584 50.9478 50.2885 51.9665 52.9461 57.5424 54.2902 58.5816 54.8405 59.9564 67.1473 58.5049 62.5101 59.1404 59.4351 63.6975 64.2903 67.3977 76.408 66.5067 73.914 76.2939 75.4728 78.2513 83.9635 87.8307 90.3383 97.5735 100.955 106.138 117.298 124.369 137.446 145.194 161.956 173.895 186.849 193.989 199.854 199.564 195.926 187.343 172.632 162.85 147.888 137.027 128.835 113.94 107.287 109.449 96.3486 91.2668 86.8988 79.1133 82.5699 78.3075 68.0366 68.379 71.7129 64.413 71.7095 69.2069 63.7213 64.626 65.6072 61.2596 57.7162 64.5135 55.1676 57.6293 60.9172 57.0126 53.2647 55.8235 55.1063 54.234 55.2817 51.4997 55.0807 49.1709 50.6735 48.2135 45.6053 49.5065 51.1795 51.8677 46.3736 52.8388 50.4265 48.0159 48.0142 48.7092 47.2799 44.0857 45.9631 46.3276 50.0806 44.5865 51.4554 45.9682 48.1181 45.7211 41.8557 44.624 43.6802 42.5899 42.21 42.4264 39.8386
40.2803 40.3451 39.5605 41.2961 48.2506 47.156 47.0895 47.8635 48.4642 42.2033 49.0737 43.5798 49.0264 47.3417 46.2593 44.7672 45.7234 52.4397 46.804 48.1087 49.7199 48.3539 48.3224 50.8128 49.3749 53.6744 52.3136 52.8653 47.0089 52.6026 49.128 52.6341 54.3382 52.3119 50.5886 49.3679 56.0247 59.8478 53.9511 56.2839 52.5028 57.7112 60.403 62.417 62.9196 63.5063 60.6622 64.8864 58.1666 68.9197 70.4871 75.0913 75.0983 80.4188 82.8374 83.2402 83.1123 85.3978 93.9705 97.0791 102.349 115.105 124.599 138.151 149.246 162.986 172.992 187.566 196.628 200.265 200.064 195.523 184.055 178.484 162.89 149.212 136.198 119.745 110.881 105.766 100 93.7464 89.643 89.4153 79.5519 75.6009 79.3593 74.629 70.0055 69.2051 68.347 68.769 61.9336 62.4415 63.3627 60.4573 58.5116 58.72 57.1298 52.8916 59.6342 58.4993 53.741 54.0422 55.1263 54.2681 54.5571 52.8793 53.3732 49.6692 49.417 49.1595 54.2734 55.3715 54.3855 48.3276 52.5623 47.3382 46.2576 49.4327 47.3329 47.3031 46.0965 46.3119 46.6201 48.1473 48.8741 46.4485 44.6464 50.6867 44.1157 44.1297 45.2261 41.0912 43.9266 47.0212 37.9213 42.0614 43.3189 39.1034
40.5432 39.9621 45.5949 41.9608 45.2585 49.2577 50.5584 45.2153 49.1048 47.0107 49.6805 42.5131 41.7989 49.0562 50.3354 48.5669 45.2063 43.8804 49.7903 42.2613 52.0894 49.0526 50.3587 49.7795 47.0161 49.5528 44.8951 53.3416 51.9365 50.7114 55.5418 50.0025 48.9915 53.0969 52.2226 49.5438 58.2385 52.1524 53.3937 53.293 51.5155 61.3941 54.1889 58.1558 55.5022 63.9523 63.2615 65.2512 67.572 68.986 75.6389 67.5702 76.9953 77.1609 85.3699 81.8402 82.5202 88.824 88.8043 101.086 111.677 115.126 127.613 136.148 145.841 161.108 172.685 188.637 194.359 199.512 200.052 193.643 184.907 173.05 162.16 146.393 131.636 128.374 113.1 104.116 100.475 96.0544 87.0106 85.2601 85.0389 82.0129 76.9756 75.4967 69.0868 64.7925 65.6596 60.7176 64.5676 68.0901 67.07 63.1787 59.0607 52.523 56.0293 51.0514 59.219 55.5904 54.1673 54.9625 57.6413 54.8582 52.2244 52.9656 47.6098 51.3086 46.874 47.4749 49.1336 47.2302 51.2709 54.6423 49.6805 51.3824 49.3225 40.822 47.9642 47.205 51.449 40.7717 45.737 49.6967 49.2092 43.6573 43.2849 46.4566 49.5204 44.994 53.561 46.1886 44.0819 44.7026 42.2433 42.8532 43.0367 42.7938
38.0452 44.8874 43.7166 44.0674 43.4636 42.0231 48.3686 45.5504 48.5385 45.0425 42.097 43.9345 47.676 48.2319 49.7185 48.6585 47.737 48.845 47.0038 51.907 51.5044 47.4563 49.2605 51.521 49.1774 48.2725 49.7813 46.3113 48.7675 53.0944 52.0085 47.9013 50.0048 53.5487 51.5819 56.3632 51.46 53.9015 56.2579 54.1545 60.1195 56.631 59.5895 62.9598 61.0743 65.4917 66.4096 65.501 68.1788 68.0957 69.4106 73.6803 73.7209 78.8789 75.9075 78.7256 82.6556 82.4579 92.7167 99.9486 103.864 114.034 122.429 132.59 143.782 157.305 174.672 182.475 193.722 199.838 199.722 194.558 185.529 174.467 156.096 145.59 133.309 123.434 109.212 103.683 97.5959 90.7278 87.4461 78.2436 81.6417 77.3849 72.6147 73.5492 73.9351 63.8297 63.9349 66.5241 62.5055 63.1445 60.6071 56.5682 54.4666 61.5157 52.3059 57.1093 55.7076 56.2598 56.2081 54.5349 47.1238 51.3215 54.3558 46.8431 51.5893 51.0999 49.5339 50.4462 47.7259 48.1045 48.0177 48.5846 53.3123 45.4747 46.8154 44.7064 52.8562 46.5236 46.4387 47.5966 47.303 41.8366 44.9133 51.6706 42.4922 44.025 48.5052 44.1506 47.809 45.8403 43.362 45.5504 43.157 43.41 39.1384 44.1653
40.0987 39.0737 44.9561 47.5118 45.9507 43.361 47.2371 51.2913 47.5231 44.725 43.4519 45.856 47.525 45.0338 48.4135 44.653 48.8171 42.122 44.3594 48.944 50.4122 48.478 48.8114 51.0753 50.5789 49.2206 54.0155 48.5935 50.8518 45.7253 46.7123 49.9727 49.1126 47.8528 53.7238 50.0428 56.6129 53.9417 54.8283 52.9395 60.4322 51.9524 56.9008 57.1793 60.129 59.2254 60.328 62.3986 62.9101 71.1682 69.3817 72.5474 74.2013 72.3428 77.2116 82.7738 82.3494 84.4485 94.4116 97.4125 101.133 113.966 119.603 129.994 147.355 160.516 174.321 186.669 194.403 199.093 199.771 193.83 185.15 170.308 157.559 144.612 133.137 117.335 120.36 103.429 104.659 93.9096 92.9017 80.5194 80.3205 76.5277 74.7961 72.3295 71.6096 69.6962 70.9124 66.2293 64.2874 59.7066 58.513 59.9756 58.657 58.4145 55.785 52.7728 53.5722 51.9543 52.0434 50.9048 48.4628 49.0482 49.7473 52.8807 50.2171 49.2111 56.7872 56.1525 47.6614 52.7538 47.0325 53.5211 50.0864 48.1786 46.1459 46.4206 53.54 46.341 45.5548 46.1743 42.9574 44.4635 48.5026 47.9646 45.3918 47.0571 44.3745 42.1996 47.9134 42.0973 44.2949 44.8614 42.6638 43.4841 41.1918 40.47
38.6052 36.026 38.2343 44.8339 40.6931 36.797 45.6593 46.0458 42.4877 45.1757 42.9053 44.2027 47.3549 49.0562 42.14 42.2624 50.3867 50.0584 48.0444 45.9351 47.9434 48.6581 48.629 51.853 52.0065 48.594 49.0621 47.8307 46.5275 48.0638 50.1944 46.0303 48.2094 52.9407 50.8683 55.4422 56.9008 56.6483 51.5636 52.0939 53.9778 60.4764 60.0433 60.6434 57.9787 63.1081 60.3696 63.4674 67.6334 65.9068 64.7959 64.8852 68.4783 72.6812 77.4202 81.0094 77.2707 87.1682 89.8775 95.374 103.914 115.394 123.388 128.052 142.62 155.295 174.577 181.423 195.363 199.719 199.721 195.149 184.595 172.447 156.113 146.277 130.149 120.502 112.388 104.341 93.1929 91.2759 86.4554 84.1034 77.3251 78.6419 74.1942 75.5149 70.5196 65.5864 66.5613 62.1856 63.4732 57.1339 61.7427 58.5362 56.8056 58.4973 54.9839 56.7085 55.4558 50.9072 54.947 52.2997 52.4842 54.6362 52.7581 49.5884 49.6544 46.3061 49.9225 46.2362 49.7263 45.8477 52.1385 48.3163 53.399 51.721 45.3641 50.6566 47.7511 48.5513 44.1638 44.3328 47.1762 43.2898 46.6537 47.1082 47.2092 43.8026 46.7994 44.2532 48.8057 48.3066 45.7933 44.7271 44.5057 44.1561 38.4693 37.8944
36.1749 39.4006 38.925 37.2674 44.9883 42.7198 46.5822 46.425 46.1305 47.605 45.8261 43.1655 45.4002 42.9526 45.5893 50.7591 46.029 49.5472 52.152 44.8191 46.0947 49.7482 48.2418 45.7325 48.4886 49.7442 47.0399 48.5125 50.4586 48.996 48.2816 52.2396 51.6565 51.5909 51.2665 51.0616 55.9807 50.8725 54.9698 54.8444 55.1588 56.4125 54.5181 56.4503 59.4013 58.7088 63.6876 64.798 67.4586 60.8102 66.0835 70.1171 70.3639 75.6193 73.2731 79.0778 85.7798 86.2077 88.6931 92.472 101.753 114.351 128.143 133.323 144.487 163.956 172.702 185.398 194.052 199.068 199.699 194.09 186.498 175.356 154.389 144.797 129.14 119.941 110.101 102.169 97.5244 90.9636 85.8853 80.7115 81.0577 85.1311 73.7547 69.9201 71.0185 67.8327 65.7532 71.8424 67.5501 63.8488 60.5814 62.432 62.9832 60.4898 53.7062 52.5938 52.5102 61.843 55.9309 52.355 54.1718 51.9889 51.5431 54.9996 47.8956 46.1783 48.807 50.0566 47.2588 50.0984 52.1063 46.4927 50.9004 48.5901 46.7215 48.5304 49.2627 49.5273 44.1983 50.0885 44.1446 48.5184 47.2926 48.5403 48.1702 43.665 43.9774 46.9504 44.5406 42.8949 45.1037 41.8601 42.7576 39.52 35.3192 36.6823
43.4875 41.1035 42.6174 40.7102 46.9454 44.7855 41.7576 49.2602 47.7055 44.8527 49.5332 53.7389 45.3438 53.2703 51.8174 44.4574 42.0388 49.034 47.9255 45.3968 43.8869 46.3708 49.0625 47.084 52.5795 50.44 52.7038 48.3799 50.2444 52.1985 54.2626 49.6799 52.39 49.4925 52.1679 51.1348 54.0262 54.067 53.0584 52.1312 55.7909 62.617 57.2845 61.6695 64.6404 59.5605 63.6562 62.7229 61.6695 66.7717 66.5802 68.9907 72.2551 72.4731 79.5172 81.5325 85.9684 88.76 85.3592 96.173 104.11 108.464 124.388 131.473 143.391 153.437 167.411 183.776 193.371 200.305 199.508 192.32 181.815 174.647 158.276 141.78 131.117 115.928 108.199 104.183 101.204 91.8267 83.0322 84.0592 82.1316 80.3751 71.8353 69.2536 67.4625 64.51 65.0581 61.3007 63.1101 61.7082 63.8987 62.077 58.8331 55.1877 55.7521 54.9636 48.1436 55.9172 51.0676 53.902 56.8464 56.0109 55.7399 50.2994 48.5185 50.1241 48.873 49.3172 48.7406 51.8419 53.4455 54.8372 51.6605 46.546 47.0025 48.8873 51.9336 51.2143 49.0299 48.8547 46.817 48.1171 44.3352 45.4926 38.6624 47.249 49.2133 47.9622 45.4498 45.7106 45.9877 41.6557 39.239 43.1982 39.9379 44.3474
44.9627 39.1257 42.1308 43.2298 47.388 41.5281 42.5374 51.7652 45.8657 42.5458 42.7418 53.9548 49.2002 49.6027 57.0537 46.4058 45.1921 49.8592 44.8251 48.7164 49.05 54.2447 48.5537 50.0489 52.176 48.7059 51.3731 53.6566 46.8896 52.4408 49.8946 52.4054 55.2769 56.9911 53.5523 53.9944 56.2717 51.9737 59.1974 59.3976 62.1045 56.3384 59.2996 53.6358 62.338 62.7217 61.7458 63.827 64.6006 67.0343 66.6047 64.5694 72.4458 72.5501 75.4592 73.7825 81.9968 89.0725 92.163 91.942 101.756 115.359 121.936 130.14 142.154 154.839 169.887 182.779 194.576 199.476 199.42 194.01 181.352 168.621 155.045 136.711 129.783 114.835 109.755 106.598 93.408 86.8328 81.978 83.9091 76.6833 78.5601 73.8138 74.258 69.6055 62.8781 63.3724 67.7266 62.4652 60.2923 64.4004 56.2508 59.0494 62.4548 61.4059 55.0246 56.6199 56.3905 51.7047 54.2885 52.8892 49.9905 51.5671 52.8517 50.2366 46.2139 49.6214 48.3556 52.4346 50.5119 52.2115 52.1197 51.0124 46.7686 45.8302 50.6662 49.9947 45.4653 46.4412 43.6197 45.3506 52.128 44.9377 45.4778 46.4475 44.5206 41.5719 48.6872 51.1271 46.875 43.7031 42.4623 43.7448 43.7177 41.6365 40.7148
41.6828 38.0715 45.2216 42.167 47.1734 45.7762 45.6973 45.3709 45.2152 41.8193 46.6614 41.6785 45.1981 45.6823 49.0739 50.2429 52.8261 51.6017 48.1695 49.635 50.8977 49.2915 47.1392 49.5966 44.0143 51.1473 51.3884 47.9349 49.1059 50.5053 48.097 53.2228 47.3461 52.2011 53.4575 52.5424 53.1034 52.3333 55.149 57.0922 60.07 63.7603 59.6648 56.271 59.2979 58.2079 64.4664 68.1801 69.2253 67.7726 67.0581 69.9505 69.2189 72.9774 76.1856 83.9991 85.4261 83.7751 85.8933 94.2123 98.9222 112 118.178 132 144.654 156.665 171.112 185.15 193.668 199.736 200.376 194.858 181.723 170.573 151.098 141.038 125.206 119.048 108.124 103.924 95.1722 95.4645 88.389 83.2994 80.9168 74.0567 72.683 71.1344 69.4002 67.3588 68.9736 62.9391 62.233 60.5329 59.7607 55.6097 60.1618 58.6366 54.5155 54.6307 54.8504 55.117 57.6362 52.3482 55.1831 54.0739 53.5918 46.4225 46.6038 47.4976 47.5211 48.9908 51.8192 50.9916 49.3896 53.193 49.7395 46.9515 47.6021 42.1585 43.8607 44.7032 51.2817 44.9336 48.6175 48.4212 51.3009 47.1563 44.4729 43.4746 47.2992 47.2459 46.3948 45.9319 41.7638 44.1145 42.5915 42.4806 38.641 35.8658
37.8023 37.7935 44.5759 43.3502 42.1508 40.2906 49.764 40.9862 43.5814 44.1048 48.4577 47.0903 50.3572 47.0075 49.5721 46.7371 46.1875 44.7351 48.9484 49.6921 49.293 51.7486 47.3302 52.5969 51.947 50.3376 47.93 54.5814 49.9516 50.1631 49.402 54.8693 51.4214 52.5969 59.63 56.433 50.499 57.615 56.3697 52.0975 56.5747 47.858 59.5951 57.2551 56.6947 60.2734 68.748 60.0182 62.5 64.7179 67.3109 71.4588 70.0347 75.3886 75.9011 77.2794 80.3849 90.3795 89.5486 93.3324 99.3187 108.04 117.254 124.45 141.105 152.465 172.407 184.724 195.115 199.257 199.18 192.64 183.793 170.865 151.386 144.634 133.204 119.223 108.753 104.433 93.4043 85.9874 87.7342 85.1499 72.7149 80.7294 75.7637 69.4895 73.2536 64.707 66.7787 70.7609 62.995 66.613 54.6447 60.3606 64.8771 57.2508 59.7827 59.9986 57.9094 52.6165 50.1042 49.7248 55.8921 52.2589 52.6689 54.6076 52.4922 51.4084 51.332 52.2218 54.0493 53.1508 47.3651 48.6823 44.9139 46.5124 45.1298 49.5743 50.1042 52.6362 47.7533 50.5055 45.1123 46.1657 50.4139 46.6367 47.5134 51.657 45.2628 50.3092 43.3219 44.155 43.1213 42.2337 42.5499 44.1811 42.2315 45.3326
37.0606 38.342 42.0168 45.9168 42.6609 45.2237 47.3208 44.9741 48.0517 50.0775 44.1807 50.9555 49.3198 45.6939 46.7859 42.7924 46.572 49.6518 47.4768 45.2772 50.4073 49.478 47.1425 46.0193 51.6285 52.0943 50.9733 48.1676 52.4665 55.2811 52.5868 57.0929 49.1192 54.9513 52.1255 51.2474 61.4987 56.5647 54.1468 55.8739 61.8998 55.8828 54.6861 59.2925 63.3529 63.598 62.457 63.9858 59.5398 67.8768 68.376 70.2725 71.2798 73.7222 77.5888 80.2585 85.4867 89.8078 91.3544 98.4635 100.83 109.847 115.202 137.719 142.294 154.687 173.398 183.683 193.994 200.178 199.815 194.569 181.289 171.424 154.843 139.448 127.394 121.388 110.556 101.525 93.1907 94.4721 83.3094 82.4982 79.7148 73.3077 72.8487 69.1292 67.4422 65.9446 64.1016 65.8154 64.1886 60.6875 62.5974 57.133 59.6201 62.7913 55.6265 53.7479 54.802 62.0269 54.588 54.6393 55.6421 52.1255 50.1376 52.8743 52.2637 48.7626 51.1494 47.2851 55.7914 51.1806 52.0742 47.0979 47.811 48.7181 49.2016 50.6948 51.2051 49.8702 47.8578 47.4834 48.7493 49.2663 45.9569 50.1131 44.9563 51.2987 44.4682 44.856 46.3647 49.5315 41.531 48.4818 38.4512 44.0248 44.2966 40.6418
37.6584 42.8278 38.3208 37.251 42.4454 50.2871 41.915 47.8606 47.2847 43.8908 47.633 46.1011 45.5206 47.3029 46.4539 49.7545 51.0292 52.5452 53.4284 49.1217 49.2309 49.5564 49.9024 51.0861 47.2802 53.7265 50.2302 49.042 51.5778 53.0209 49.1649 55.3495 53.7379 54.48 54.1909 56.0734 53.7721 59.3466 55.6864 60.8672 56.3624 58.1106 63.6943 60.594 59.811 60.2162 68.067 67.0495 67.6345 64.6389 66.5692 71.8774 68.5473 79.7852 73.2341 83.3907 80.4339 82.9332 87.1489 92.4298 105.338 114.594 117.091 127.816 136.733 158.296 168.175 185.017 194.493 199.68 199.958 195.073 180.981 172.031 151.201 139.594 127.327 121.525 110.476 104.71 98.8033 94.31 81.8133 86.1974 81.8452 79.3071 73.6711 72.7697 73.6051 61.8573 67.3773 67.6094 63.6078 59.5856 65.9774 58.732 57.4573 55.7524 56.6515 55.8799 63.1002 56.7699 55.5544 58.8436 49.8592 52.8661 48.589 53.4557 54.1317 57.3071 48.844 53.1438 53.7971 54.2046 52.5998 53.8859 48.4911 48.3933 49.0192 50.1847 53.2371 53.1871 49.9912 52.0262 50.8698 46.8135 44.3962 48.5981 48.9009 46.8545 48.0837 47.5488 45.8211 48.721 47.3325 44.8104 48.3546 41.1661 40.176 42.1768
40.593 37.5044 41.6039 41.6527 47.9344 47.5626 49.5101 43.3585 45.6778 49.6519 47.4348 46.9537 51.2484 50.9742 46.0404 45.0713 51.1183 44.4717 48.5201 51.7039 50.442 51.5529 48.2877 54.9064 52.1827 52.4499 56.8841 53.3981 52.5638 51.3112 50.693 55.8406 54.0907 51.195 58.5016 58.397 57.2885 54.5252 59.8216 57.2466 62.6266 63.4656 58.9106 63.7003 58.6178 61.7784 61.1416 63.0914 62.6057 67.8928 73.8305 67.8626 71.811 75.3086 75.7502 84.142 85.5829 89.3152 92.8244 98.0813 106.441 110.701 114.719 130.373 144.975 154.087 171.419 182.142 194.217 200.246 199.774 194.791 180.913 170.197 155.3 144.41 129.827 115.778 102.237 102.869 100.422 95.1298 94.507 80.849 81.2975 79.013 70.7861 74.6974 71.8203 73.626 68.0299 62.773 58.1367 63.2657 59.4358 63.8769 56.3682 53.8211 60.9813 59.7565 55.8499 55.9847 50.8417 61.8876 56.5053 56.8167 54.9436 56.6098 55.0226 56.8585 55.8848 56.984 53.089 55.6965 48.0948 49.2637 52.6265 49.3195 49.029 48.2203 51.274 49.8517 52.9356 46.3262 49.8842 46.6005 46.4122 51.5436 45.6825 46.7678 51.2043 48.2505 47.6393 50.1306 46.2402 50.1678 41.4761 38.857 44.7575 41.2576
39.8493 47.2372 44.5003 39.2493 43.9927 46.2008 49.6777 47.4625 50.6169 50.6311 50.4224 49.737 48.6697 50.9228 45.105 50.4177 48.5393 50.9631 54.6251 51.9403 48.2025 52.6921 52.0423 48.9851 54.2646 51.7031 50.8042 53.2186 50.9703 55.652 60.3195 51.1932 53.6479 57.63 49.654 56.8616 60.2318 53.9207 59.5202 57.3928 59.3661 58.2822 60.699 59.774 62.2477 64.3111 64.2044 66.1515 69.0094 72.7449 67.8947 74.4074 73.9331 73.3995 78.8425 85.7963 85.0991 84.2049 94.5147 95.8097 100.335 106.634 122.885 126.009 140.846 155.396 168.996 180.781 194.537 199.114 199.266 194.439 183.937 170.682 160.73 140.426 132.218 122.823 112.45 98.9332 91.5643 90.8623 85.9339 82.623 86.9537 77.0708 77.4835 71.9527 77.3222 73.3496 66.014 72.0571 67.1785 59.4657 65.0321 65.0107 60.1938 62.5608 54.6227 56.3161 59.672 55.2725 56.9351 52.7822 60.4025 60.3409 54.5041 53.8875 52.1775 56.826 54.9429 50.522 55.5785 53.24 54.516 49.4927 48.9448 52.2937 49.7963 50.9726 53.8305 52.1585 49.9647 55.4409 48.5132 52.2035 50.1283 49.1369 49.5093 48.3661 51.7814 53.3088 45.9897 48.6389 47.6997 48.4918 46.9218 42.3017 44.8133 40.3498
45.7658 41.4278 44.5997 42.5915 44.6263 50.3724 52.5426 46.5836 49.8619 50.6531 50.6797 49.4724 42.1778 48.6256 49.2208 50.6724 48.5651 53.5056 49.0006 51.2482 54.3137 53.2031 54.2241 52.1967 55.2597 54.4927 55.1121 46.8691 60.2558 54.8677 50.2684 57.5146 59.1743 56.7524 57.9525 57.0621 59.1598 58.6589 54.6427 61.2018 61.255 58.3178 61.5889 58.4436 65.6148 66.3382 71.7746 64.7341 72.9698 64.0954 67.952 70.0593 77.4264 73.9473 74.24 86.0493 83.2597 88.2243 91.0962 95.7052 99.5883 104.739 115.876 128.217 140.031 150.263 170.301 182.507 194.357 200.067 199.332 194.991 182.282 168.639 153.099 134.728 128.075 116.118 107.514 101.234 97.2076 91.6696 84.9291 89.2768 80.8475 80.095 74.3683 75.382 69.6383 77.3079 70.6424 69.1109 66.8511 64.7753 70.3496 59.4864 63.0357 61.3058 58.1267 59.9049 60.2146 58.8307 59.4235 58.2162 62.0873 57.1105 57.1613 57.4105 59.6533 53.2902 52.6709 56.8226 58.9638 54.5508 50.0434 55.4774 51.4079 52.0781 53.6749 49.1071 54.9596 52.816 49.8547 48.0643 51.3499 50.4837 51.8846 51.0813 52.6878 44.6408 47.0602 52.2838 45.7102 44.6723 43.4867 51.2241 40.3318 46.6247 43.719 42.1077
50.3298 46.6587 42.9876 41.8946 50.2286 44.3001 55.3603 49.491 51.9211 54.2994 56.2559 51.9926 50.7665 51.0082 54.6818 54.4968 54.2402 56.4384 48.7483 48.7631 53.8159 53.9121 52.5181 55.1753 58.0174 57.2304 48.2253 55.8957 58.5972 56.6506 53.2139 59.2066 58.7156 58.3011 57.3488 55.7624 60.5586 61.0002 58.0544 69.3243 60.3735 66.196 63.8966 64.96 66.2281 64.2494 64.3259 64.9156 64.3876 71.7199 79.8443 75.1271 73.4988 78.1247 84.216 80.4709 84.6552 89.7696 92.6093 95.7746 101.681 109.119 113.953 131.566 138.607 157.508 167.009 181.784 195.585 199.834 200.917 194.917 186.334 170.016 153.353 139.253 130.226 118.623 109.087 106.943 98.3306 89.7227 91.7038 85.8147 84.2925 82.6445 76.262 76.7702 75.808 74.4165 72.7685 69.3663 66.4674 67.0916 69.4255 67.8194 61.6885 60.9879 60.3661 60.8744 66.9361 63.872 61.8366 62.14 54.7805 59.5717 52.7994 61.0643 54.9828 57.9138 53.1497 55.6119 59.1523 57.1959 55.3776 54.4672 52.0247 51.4893 56.1572 53.5075 54.7262 53.389 48.3363 52.7254 54.5363 51.2254 54.4006 54.5338 50.3273 49.6538 55.5133 53.7122 48.2426 50.4112 47.3322 50.2484 42.5731 42.5558 45.6792 44.2285
45.4839 47.6266 47.9912 48.0717 47.2468 47.4103 54.462 52.6915 47.9007 51.6152 49.8497 53.3655 55.2718 54.9147 58.0029 53.3655 58.4204 52.684 57.9602 56.2274 53.9565 56.4764 57.4622 60.9478 51.3989 63.7997 59.3333 57.6357 58.4078 61.3351 61.4458 59.2427 57.2032 58.277 60.3895 54.2859 59.1975 61.6294 67.5318 61.5011 62.4316 62.0393 65.1049 71.3669 62.668 65.6481 63.7745 70.4088 70.4767 69.7876 71.8397 73.3486 74.9632 78.142 82.3997 84.4115 85.6992 83.0912 92.1649 99.9107 108.773 112.842 115.41 125.296 142.435 157.106 169.6 182.149 194.052 200.458 200.236 192.174 179.733 169.158 153.799 140.81 126.505 121.093 112.274 102.798 96.3873 90.8722 93.6386 84.1928 87.9927 88.3448 76.1527 74.0905 73.7686 75.4963 66.9911 65.6205 68.0574 66.6792 63.684 66.4755 61.5715 58.7247 64.8635 60.2814 64.6723 60.9151 65.0018 61.3175 59.278 65.7185 63.8424 59.8564 61.2345 55.0329 52.9933 60.4851 55.3623 54.7135 56.7681 57.9652 54.4796 57.9476 55.5132 56.5896 51.2932 54.5324 54.4041 57.9577 56.7329 55.6767 53.4359 53.7126 55.2667 57.7087 52.0075 54.5928 49.4524 51.8239 53.5516 52.6764 51.4743 48.6124 44.4981 40.6881
45.8857 50.87 46.265 52.3588 54.1629 48.7994 57.748 53.758 52.7817 53.881 58.0042 53.3659 56.7101 56.0362 58.2272 52.6202 54.1552 57.871 63.3703 58.7038 57.1355 59.0164 56.1771 55.9362 59.6238 57.0509 59.8826 59.2266 60.6027 60.2004 58.1759 63.8802 56.8639 57.1458 68.8055 62.5477 60.6053 60.941 66.1123 66.0328 70.8812 68.7825 63.9187 65.5305 70.4072 63.4856 68.0419 78.7766 70.0715 71.627 74.2664 74.7969 76.2012 83.7198 80.6242 88.1147 85.5623 93.9881 90.8566 100.705 100.154 111.232 118.089 130.098 138.38 154.419 166.968 182.861 196.54 201.045 200.231 194.698 181.116 175.281 154.668 138.769 128.063 118.389 110.835 109.059 101.33 103.016 92.3967 85.9928 85.3214 83.789 80.9727 73.8462 71.937 72.6751 72.0037 73.5258 65.2512 62.1454 72.9441 68.0034 63.5266 64.1775 61.5098 67.7728 64.8053 61.4996 59.6468 62.3401 61.5585 57.8069 62.0634 66.758 57.894 64.2159 58.6654 59.775 60.4694 63.7367 57.9248 58.6551 52.4921 56.7588 58.2374 52.0488 56.6512 57.4994 53.4787 53.8349 56.5128 55.8542 54.5499 56.705 58.3835 52.387 57.7095 60.4002 53.2942 58.8345 59.8467 49.8424 52.5869 47.0722 44.6685 48.0306
47.492 51.3735 49.0295 52.9397 49.1783 52.6082 52.7518 53.8011 56.0173 54.9888 56.2574 59.2828 59.0374 58.6589 61.3188 60.0398 54.0726 55.0515 52.6161 55.9233 56.448 61.8017 62.3682 64.9654 59.3585 54.5816 59.2776 64.0936 66.0644 62.5561 61.7208 63.3236 61.5094 64.0884 62.2037 60.7889 60.4339 70.0347 61.8513 67.2312 70.2304 75.083 69.0454 68.9723 70.079 71.0553 68.3249 75.592 79.0533 78.1971 76.6153 79.8573 76.6649 82.0656 91.6193 83.2742 87.9806 96.3101 95.8533 102.708 105.086 112.11 118.151 131.192 132.69 155.102 169.302 180.106 193.44 199.872 199.652 194.118 185.165 171.923 155.35 142.988 128.065 123.773 116.002 107.895 99.3902 96.652 92.7835 93.0707 90.8467 86.4013 81.46 80.2671 78.2206 73.1723 77.6281 75.284 73.5012 70.1756 74.4487 68.4215 70.883 68.1056 65.1873 64.8428 61.0761 66.6543 67.0198 63.1173 67.1294 66.5003 60.6845 62.6684 59.4211 60.8516 62.1098 54.6495 57.4242 62.3812 58.8051 64.2032 60.5958 62.7884 55.3699 59.6639 57.9829 53.1955 54.211 61.157 57.8628 58.6354 58.6041 51.0734 54.2762 57.62 55.7563 57.1162 56.2992 58.6615 59.1966 54.1144 52.2532 50.5435 50.2224 48.5074
53.0995 53.9793 57.791 62.4399 55.0133 62.0491 59.2768 59.6835 63.2718 55.8958 60.7361 65.1325 59.6037 60.2417 56.252 63.0937 56.5071 59.7207 62.2006 63.2293 61.5468 62.1661 58.4847 63.3542 62.796 63.0379 62.0704 57.9186 59.1094 66.6954 59.9094 62.5728 65.9378 63.3463 65.7039 63.527 69.7415 67.4901 69.5182 65.6827 64.4174 64.8348 68.4656 72.559 71.9104 63.8725 73.6515 73.8136 80.2354 78.5768 79.4752 79.4752 83.0423 88.5816 86.1628 83.6855 90.6283 101.346 102.138 101.696 110.885 113.692 124.577 127.431 142.364 156.566 170.407 184.151 194.539 200.373 200.487 192.816 182.724 167.943 151.269 140.36 132.009 118.118 118.527 107.507 100.482 101.247 93.4671 97.0847 82.8695 92.1328 86.5589 81.171 77.1574 78.8107 76.4238 81.2614 71.0864 74.4249 73.8721 75.0389 70.1907 65.6508 70.2385 71.6154 65.2308 75.225 66.9665 71.3788 65.7199 61.4777 65.9937 67.0941 60.3693 64.1596 65.7784 67.1366 56.6799 58.4661 60.8557 61.3687 62.7668 60.1593 61.6983 58.7532 61.5308 60.9753 53.1208 59.6941 67.0409 64.553 59.12 61.9853 63.5616 60.9115 59.726 53.6179 62.0731 58.8675 60.1194 57.1424 55.3217 52.3473 56.3317 52.6663
57.0806 55.4734 56.9453 60.038 63.1361 66.8565 67.0324 65.1465 60.9742 60.7686 62.4678 70.0439 63.1686 68.0065 66.7645 71.1289 62.1079 67.56 67.6547 65.7553 64.4646 62.5733 60.8984 65.6362 66.1287 66.8403 67.6087 67.4031 68.5774 63.7232 64.7785 64.4024 64.8028 68.1093 69.6488 72.6955 69.0644 69.1131 67.0594 65.1086 68.9291 71.137 74.503 69.1943 72.8525 74.3866 79.1704 78.7104 76.3591 79.303 81.2132 82.052 81.9979 87.818 86.1458 96.6604 95.5023 98.0701 102.256 104.396 107.635 113.796 120.931 135.661 142.455 158.511 169.635 182.206 192.661 200.954 200.824 192.401 180.842 169.05 152.126 137.531 129.2 130.29 119.697 110.536 105.357 95.5213 94.0494 93.7842 91.2083 86.1945 87.7341 82.0737 84.2518 81.5461 79.9091 84.6198 83.2723 77.5091 75.2525 72.3411 71.2344 72.6739 68.6477 73.3395 70.9963 70.6879 75.6232 78.8132 71.7837 73.7318 65.0518 72.4033 65.2466 65.0464 66.6563 62.7032 64.0777 72.2031 58.0412 68.5963 65.9284 61.1636 71.6105 67.7683 62.7708 62.9007 63.9181 63.9776 68.4421 68.8452 66.3749 67.3381 71.5131 65.1844 61.8076 67.2759 58.5742 56.7857 62.0565 60.13 59.7268 60.82 55.1649 49.9239
65.4281 64.1395 63.776 66.5515 62.4131 67.6226 70.1035 69.5088 70.5634 69.517 69.8089 73.1324 67.2096 68.1045 65.2739 67.0472 67.0444 62.2892 71.3756 69.473 65.6759 65.1913 64.0541 69.6933 69.9521 73.1654 67.2509 64.9215 74.5201 70.9846 71.1113 71.3949 75.2966 71.7061 77.761 70.043 77.9096 75.1451 79.9197 74.2613 74.2365 70.8332 75.8968 72.1714 77.9096 77.9399 78.2428 78.3529 78.7825 81.9132 77.0506 80.1317 81.4203 84.6391 84.2426 87.4752 97.1675 99.34 98.8195 100.549 109.06 117.634 127.693 137.283 145.249 154.2 167.885 183.373 192.79 200.952 200.032 193.437 186.675 171.203 159.977 143.905 135.314 125.468 117.001 108.47 103.927 100.138 95.0803 91.4485 87.1063 84.2922 81.9572 83.557 81.9077 81.0872 84.9696 78.9973 79.5865 79.5122 83.312 75.9547 80.3355 71.2187 77.3424 75.035 74.6881 64.7673 76.0318 67.8292 69.3876 69.7621 67.8594 72.8295 74.8533 72.5404 71.8768 77.0753 69.4262 64.8829 66.5405 72.9286 69.6822 71.5959 73.237 66.1165 66.323 70.0099 63.8173 68.0604 71.7088 65.4281 72.5762 63.1014 72.3807 76.1309 68.3248 65.6677 67.1463 70.1311 72.4633 69.5804 65.4887 67.6474 63.3493 68.3909
49.7941 48.1358 54.6906 53.7018 57.4386 52.5253 55.7439 58.3658 63.1334 61.3014 58.7103 60.6768 54.5534 63.9318 61.0381 65.0046 57.3574 63.2175 61.237 73.355 64.0942 63.9038 67.6714 72.2457 73.5315 74.1029 73.3438 70.7163 70.5006 74.1505 67.719 68.5313 70.198 66.4472 71.8872 72.1225 75.243 71.4894 73.1253 76.2514 78.582 72.6799 68.3268 80.5093 82.3889 79.6325 78.0414 80.3916 82.6466 88.319 83.5542 88.9101 93.4956 90.5796 93.4592 96.8795 100.364 101.499 104.07 105.387 113.998 114.393 122.093 130.592 143.917 159.385 170.848 182.366 192.54 199.098 199.042 194.577 183.515 168.548 158.509 142.102 137.194 124.412 117.925 115.533 110.014 101.011 105.272 98.2268 93.1259 99.112 94.2463 81.2824 80.5653 85.8539 79.6773 86.529 86.6019 80.837 82.8287 81.8146 78.4056 77.5876 78.145 72.0861 75.3691 75.1926 76.8229 72.2457 74.2766 74.9685 70.4978 69.17 74.8789 70.2261 73.341 71.0244 69.2765 64.6629 66.9318 67.0551 63.9094 69.7835 64.5816 63.7945 64.5508 63.5284 65.6909 65.971 67.0047 64.5452 61.0801 62.6516 62.111 58.4806 59.1669 61.5956 58.1193 59.5115 59.0801 57.8448 51.8334 50.5028 52.4244 52.2228
53.2235 53.2292 55.477 55.7619 55.7448 52.5398 65.1776 55.7477 62.511 58.0468 56.6764 55.7477 58.9157 56.3089 59.5766 61.7333 60.6136 53.7848 61.2888 59.8045 62.7674 58.0183 60.8387 63.1862 63.7104 64.3258 59.3829 64.1349 61.625 63.5794 64.8044 67.6248 67.8983 67.0636 70.0464 65.1149 72.7985 71.7814 74.6189 70.1689 74.0292 72.317 72.1404 78.5419 78.351 77.5647 81.935 84.4534 87.5616 89.3194 96.7778 91.7609 93.1312 89.6043 98.3561 98.5157 101.823 103.057 104.37 113.829 120.344 123.256 127.566 136.116 145.455 157.958 175.234 182.847 194.017 200.937 200.857 195.245 184.67 169.118 160.05 148.232 138.423 132.187 125.466 116.404 109.065 107.544 101.373 101.325 99.0969 93.154 91.3108 98.8405 89.0231 96.4588 81.0546 82.8865 88.1485 75.2144 80.331 83.1486 78.6359 75.9893 78.6416 72.5877 74.807 72.4338 74.1261 69.4254 64.7075 59.2689 63.6506 67.6191 62.9498 69.1633 68.7502 54.0155 61.3373 60.8729 60.4256 63.1207 65.9924 60.7646 69.2687 69.8869 59.4142 64.7902 61.0324 61.9412 61.0011 59.0467 57.3174 56.1152 59.4798 60.0837 58.269 61.3344 58.2148 63.3059 53.648 54.2691 51.8333 56.3004 51.9786 47.9502
51.5023 50.1988 49.8223 54.6423 54.425 58.6541 62.4719 58.9641 58.2602 58.7352 56.7481 54.7639 63.5465 57.2232 65.4149 58.3558 63.7609 63.2685 63.1149 61.3248 61.8057 59.9257 64.5256 63.1874 65.5365 72.9027 66.7184 74.7102 73.0215 72.8998 68.2912 71.2111 68.6331 74.9854 69.8873 76.9783 79.4462 77.5286 76.4627 80.1849 73.1634 76.4424 78.3368 76.2338 83.2785 85.0396 83.6464 81.022 84.8137 86.7573 85.3872 85.5147 89.8191 94.587 100.059 99.9255 95.8065 109.67 108.268 112.109 113.832 117.824 127.2 133.246 142.138 157.792 171.481 183.546 195.08 199.605 201.36 194.463 181.147 175.8 156.601 147.219 133.871 134.459 124.428 123.8 103.312 102.645 96.9275 101.287 99.1086 94.3581 89.0167 86.8964 86.3605 87.9739 86.3518 79.0204 76.9928 83.8115 74.6783 85.2801 77.5779 82.6441 72.8766 77.6126 73.6906 79.2869 72.4595 74.2931 77.4157 75.333 75.6487 73.398 71.8889 79.5244 78.9741 67.9871 68.2275 73.0273 72.8274 65.3106 69.1718 63.0049 63.1816 62.8427 65.5655 68.9198 65.1426 60.2589 59.1118 68.2797 68.7084 66.1999 56.6757 67.2716 54.1383 56.5975 56.5598 57.8083 49.1415 54.1238 53.6111 53.2837 50.9172 52.4727
64.0723 57.4092 56.3581 56.7997 61.5726 58.5722 64.5611 69.2043 66.3336 63.9987 67.794 71.286 67.5938 69.6666 73.2499 71.1093 64.2284 70.1112 72.0604 68.0737 71.8072 75.679 69.8433 72.2576 68.8981 71.4656 66.843 74.7103 69.3398 62.7385 67.844 69.6107 68.9364 73.1675 67.7734 70.7855 70.3909 74.6603 67.2905 72.4402 73.6592 73.6974 75.7291 72.5433 80.2074 78.6528 82.8691 79.1857 81.3822 87.5713 84.9773 87.6478 85.1628 85.3718 89.3997 90.6864 96.2896 97.909 100.179 108.253 108.52 110.534 120.109 126.767 142.607 152.974 167.331 180.398 192.832 200.555 200.585 191.955 184.379 164.346 151.037 140.211 130.326 122.806 111.93 111.029 97.1228 101.198 96.6782 91.2753 87.1885 89.4527 81.9741 88.9257 87.0737 85.1069 84.4679 81.5618 84.8625 75.9882 85.7163 79.8953 79.2005 77.2984 76.6271 74.1685 73.9242 72.0633 68.162 66.6722 69.4458 71.1565 71.395 70.5558 70.5175 71.6688 65.5474 71.7689 66.2099 65.6269 67.0962 74.6868 66.9696 64.299 69.7432 70.5116 73.6916 66.0951 71.3302 74.3746 72.5197 69.2573 75.0342 70.7678 69.9375 69.0983 68.0914 69.9139 65.1529 70.8532 63.716 67.0726 60.3448 56.8763 62.8975 60.8953
72.3666 67.8994 76.7321 75.1343 73.1655 77.9498 78.8534 80.17 81.5224 74.5748 78.7128 73.0069 74.8261 72.1212 76.7919 70.7868 77.2796 79.1766 77.5908 73.5275 80.5889 70.1884 81.8904 84.3499 77.7972 77.2856 82.6564 77.7703 78.0815 80.8611 87.6083 84.0417 80.2837 81.5373 79.6553 86.6209 82.7671 77.2168 78.2939 81.66 74.3893 78.1144 81.8725 81.5912 82.1208 78.1473 77.1749 72.2379 78.6201 78.1473 87.1086 82.8658 86.8932 85.4839 91.7553 90.0349 92.7337 99.7322 101.854 103.649 113.553 119.175 121.727 131.751 147.462 154.407 165.905 184.184 191.88 200.539 199.668 192.984 182.757 164.921 154.846 146.516 133.333 122.337 119.758 108.505 102.449 101.779 96.6803 92.261 84.0327 88.7572 86.3157 86.6269 85.9716 81.2621 81.1573 72.0375 78.65 77.6626 82.7043 81.3877 80.4901 71.6545 75.2659 82.0819 73.4288 78.4136 78.659 82.2525 81.0526 90.4029 77.4083 72.7855 84.9992 84.2721 80.3824 80.906 85.1308 78.4316 83.2668 81.8695 93.5805 81.298 79.6613 81.2561 73.7041 72.7855 71.2775 80.4692 80.149 70.1973 76.0259 72.7586 78.9911 80.4692 81.5134 80.6517 74.7692 80.6786 74.9757 71.6455 72.7406 71.9148 71.6006 70.6162
79.108 78.5304 73.6211 77.5607 76.8372 77.7279 82.7375 84.224 80.0868 85.8016 82.4062 86.1056 81.2905 80.1445 78.8496 84.3729 80.9805 87.6012 83.3272 78.5486 87.13 83.1661 76.3296 85.9263 79.3238 82.7801 88.6682 91.7779 83.4427 87.0479 82.1934 85.8047 83.0141 84.458 80.2479 88.194 84.7468 83.2664 90.3188 87.89 83.4093 84.8441 91.6077 87.2911 86.744 93.9362 94.8876 92.018 97.5049 92.2855 90.0604 97.0824 94.7417 101.593 96.1735 102.387 102.478 107.263 106.825 111.409 120.279 121.811 135.551 143.625 148.562 158.718 171.64 181.136 194.533 199.269 199.053 193.949 185.936 171.463 159.246 151.653 142.296 126.526 129.14 115.485 113.883 106.56 107.545 103.271 104.475 100.171 103.074 93.5319 97.0216 92.2795 92.1883 92.9969 95.0183 93.7446 99.8212 92.5591 87.7927 89.5375 87.2151 87.7805 90.8264 86.7865 90.337 85.069 86.9416 87.4279 85.1906 86.9841 81.2115 85.9871 85.4946 82.2268 80.0655 82.3241 82.6311 82.0262 81.5368 73.5634 79.339 85.598 82.6828 87.0692 82.2815 89.7108 79.4788 85.3943 85.6527 81.9897 87.8687 83.3515 81.6796 79.6612 81.8468 78.3632 81.4061 74.0376 78.7098 75.6517 73.9069 75.1775
84.3421 84.8947 82.4895 84.4409 89.1339 90.2084 84.8268 92.3418 92.558 89.8903 81.9647 84.1074 84.552 86.281 87.1394 87.7692 87.6642 83.7276 86.4478 84.2247 78.0435 78.6826 80.5475 82.6594 76.8579 80.7636 80.532 76.5615 76.2898 80.6679 78.1022 85.2992 83.6443 78.3028 83.9345 78.1886 80.6278 73.9124 88.8746 85.0028 92.2801 93.2805 91.3137 86.8399 84.2216 87.1579 93.6417 91.7151 96.1673 84.0148 94.8304 90.8197 93.3391 95.0033 104.572 98.2792 104.905 105.025 107.017 114.986 121.667 123.412 132.322 135.861 147.003 161.607 170.672 184.576 194.048 198.865 199.578 193.113 179.608 170.756 157.146 141.579 138.485 126.938 127.926 118.178 116.347 105.087 108.44 104.17 105.025 95.1978 91.1254 96.3865 96.5501 89.1277 93.5522 84.6909 82.1129 88.9703 83.9314 88.8004 86.1143 84.9194 92.3388 94.2716 83.5702 79.8929 80.1646 84.1445 81.517 83.493 75.8019 81.94 80.9859 81.0538 80.4919 77.6329 75.5395 78.4881 76.1786 73.3875 79.0099 81.4768 79.4885 86.6824 83.5763 79.402 84.6107 83.6566 86.5527 85.997 83.74 84.8824 90.3288 92.419 87.1208 96.4174 90.2176 92.4931 89.1277 81.5911 84.0364 81.3842 86.0186 85.6357
80.5164 75.384 75.9295 85.1064 95.1768 85.282 84.0937 84.5327 85.9153 90.4457 87.3011 91.0508 90.7749 90.2294 86.4169 88.2542 88.8185 90.3893 97.1082 91.5086 95.0389 99.9424 93.7378 92.9602 92.2799 95.0201 97.1019 98.0707 87.994 90.615 86.5235 85.8965 91.5243 81.9931 87.53 75.4342 82.4634 78.0834 82.4571 84.2285 79.2121 80.808 88.4266 80.6355 93.7189 85.1127 86.9938 81.6733 87.3513 97.0266 97.0831 84.8681 93.5026 95.6503 98.9391 98.8764 103.51 100.698 109.075 112.082 112.389 121.748 130.392 135.49 150.671 157.941 169.658 186.209 194.207 199.725 200.86 193.188 181.098 169.219 160.735 150.009 131.866 127.232 121.551 115.973 114.775 107.718 104.548 104.457 97.7979 93.1515 96.9984 94.2958 95.3273 88.9471 85.3165 90.3015 90.3391 91.0132 85.376 87.4014 78.513 77.3404 81.9712 83.5889 73.1987 82.2439 85.4826 79.8768 82.1969 84.0091 83.7238 88.8123 91.7155 95.4245 89.8814 84.749 88.6963 93.9572 94.0795 95.1674 89.9911 94.0387 83.5827 87.6522 93.6751 90.9787 91.5682 86.8339 95.0075 91.0164 88.7558 87.9093 87.5174 88.4893 89.5459 87.2729 94.4934 90.4363 85.5516 79.3846 79.2247 78.9112 74.4466 82.5794
65.3942 69.2424 66.2409 70.783 73.7622 83.2952 75.2741 90.5238 80.456 78.4126 74.3511 85.3705 78.2661 80.7107 82.2035 94.0951 88.1334 87.188 85.0873 83.8332 84.3424 86.6851 87.57 81.5255 84.4507 87.7323 76.9929 79.9372 82.7732 81.7579 81.5796 89.6039 81.3536 84.6321 83.6263 92.7423 89.6803 91.3991 85.0682 92.5768 87.4427 88.5662 87.6814 83.4353 96.0303 87.2835 83.4512 88.3212 89.2729 84.7658 82.856 89.1455 86.4336 88.0824 93.538 99.0223 97.8573 98.86 102.387 105.882 118.085 122.844 126.845 135.254 142.852 155.237 173.953 181.541 194.461 199.092 199.35 191.475 182.782 169.277 160.568 141.859 136.725 124.862 121.997 110.917 107.276 103.058 106.133 98.2679 95.3874 92.7964 91.8893 91.9211 87.309 86.3891 93.5858 84.7944 91.6378 86.6915 86.4146 85.8734 88.057 88.7286 93.3821 84.5875 89.1933 93.3025 91.2813 89.6898 86.5196 85.0713 83.0533 91.7142 85.8225 82.9769 80.2523 81.274 84.527 85.4406 80.1123 85.7939 79.1224 84.3902 84.9281 80.9748 85.8575 85.9276 82.264 84.1483 81.777 83.0852 84.4666 85.2559 85.0045 79.9722 78.2216 83.2698 81.1085 84.021 79.1987 69.3634 72.2758 69.7294 62.9847 63.4398
56.2335 54.1949 57.9878 53.8395 65.26 63.1278 64.8271 71.4953 66.5329 69.4018 65.1017 67.5861 68.733 74.1057 72.471 74.7421 75.6661 75.3398 74.8197 75.2494 69.3727 75.4723 82.0597 75.146 80.7222 76.5739 85.4648 81.8691 81.2132 80.7706 84.6378 85.8783 85.0901 89.3998 82.9223 78.8516 84.3632 88.4274 86.3823 82.554 84.8801 84.3535 85.5294 87.5551 84.4762 85.7685 93.6772 91.0927 94.4268 96.2618 91.3899 101.121 95.1504 103.886 93.5222 95.4057 98.2551 111.446 105.443 112.26 113.378 118.024 126.068 134.462 149.019 158.834 172.193 185.633 194.588 200.316 201.143 194.995 182.001 172.089 157.461 146.008 137.02 126.43 118.072 114.59 107.204 107.627 109.104 101.644 96.6753 99.7251 98.1001 93.2314 94.0585 89.781 94.6529 84.4698 95.522 91.7518 81.3328 82.6089 83.1064 84.8348 85.9914 85.4616 81.9207 87.1803 87.8265 86.0367 84.7767 80.1051 86.1756 79.5268 84.6184 78.5544 85.1159 85.6522 80.6802 82.2567 77.0262 77.2039 75.5983 79.3717 73.1236 82.9223 79.8273 77.3784 71.1948 74.1477 74.2382 72.8586 67.9254 76.7387 66.1969 74.1186 68.0966 77.233 65.777 72.626 65.2342 62.6787 64.0292 57.9102 59.0927 50.0273
45.8847 47.2485 59.0541 58.228 55.5725 56.4543 59.8836 63.4538 65.5257 63.0079 61.49 64.5914 62.9325 68.4206 62.8407 67.6436 63.2735 63.6931 64.2471 64.7586 65.2208 64.457 62.4407 65.2143 65.3257 70.7515 70.1352 74.7151 74.3119 80.672 77.8263 77.2625 79.777 82.2325 83.7537 74.8397 79.8098 81.3638 91.2941 81.7309 92.1137 94.4446 87.5698 90.6581 94.7725 96.1429 95.2282 92.4383 93.1595 100.936 94.3528 98.7033 96.5723 98.664 104.267 99.4344 97.2542 105.995 109.591 115.826 121.354 126.042 128.812 136.818 144.037 159.757 173.514 182.47 195.544 199.774 199.344 193.24 184.798 170.291 160.242 147.07 135.081 125.786 119.806 113.784 115.282 111.902 108.525 99.7917 100.313 99.3098 101.765 98.6279 96.4969 93.6152 94.7823 91.8809 91.9235 95.4446 87.2813 91.0154 87.0289 92.0514 89.2877 86.7109 87.2092 83.7111 86.2847 88.4583 84.2947 84.3996 78.2427 77.8132 77.5215 81.0162 71.3482 74.9413 79.377 68.3812 66.8764 69.3811 66.5551 65.388 71.3711 64.4897 67.1354 62.2178 65.7355 64.2996 60.4802 62.7128 64.8963 60.4343 66.1847 64.0373 60.5294 59.1787 59.0967 58.6706 63.0472 55.5102 58.9132 50.4417 48.5829 52.0744
49.8555 49.646 51.4753 49.3399 61.793 61.3407 60.4925 58.0711 60.6887 66.6625 61.6999 59.2219 61.2342 63.1135 67.0084 65.7578 61.1211 64.2909 67.1082 66.6026 60.2763 65.2688 70.3745 60.6887 72.5631 71.339 71.0164 74.8448 63.1601 65.7478 68.8677 67.8699 71.5486 75.7994 71.4455 70.7935 70.7802 76.2251 81.6767 70.6538 81.9594 86.7224 85.6048 92.0442 87.5839 90.175 96.9004 96.0855 89.0274 97.6222 96.0323 96.2119 92.6097 101.8 93.3947 102.342 97.6056 107.551 111.346 114.007 116.515 120.157 125.605 135.813 151.835 156.808 172.547 183.586 195.906 200.945 201.072 194.037 182.891 169.347 155.71 140.267 133.461 127.029 124.847 120.716 113.811 109.969 109.167 105.089 97.5523 101.051 100.014 96.8439 97.1798 100.523 100.992 97.3195 90.93 88.9676 91.8779 91.9378 88.615 87.1415 81.2409 88.5884 83.5194 76.0256 74.0266 77.4026 75.5167 66.7124 74.4856 73.0487 71.5918 64.7167 66.3698 65.9607 66.5427 61.9327 63.6357 72.2604 68.7945 72.2637 64.9861 68.0262 69.2602 63.9417 69.4332 61.813 63.0603 61.3007 62.395 65.026 58.1708 61.5302 63.2698 63.3363 62.0558 60.7519 57.2196 59.3217 51.625 48.6049 49.4065 50.0917
55.9116 56.5155 53.9278 64.6128 59.1607 66.2086 65.4023 66.6 61.33 65.5305 62.2848 66.9239 69.0967 65.3652 62.9934 66.907 64.9603 70.5474 67.3153 69.7714 68.1081 67.0892 69.3834 72.6359 69.1304 66.9543 74.036 76.1143 74.1811 73.2634 72.5785 80.0111 76.7722 75.949 74.2789 75.949 74.2519 76.3538 77.474 65.8848 75.4362 75.7668 74.6332 75.9287 81.8971 78.4254 80.0921 77.5043 81.4754 85.244 87.2649 88.0409 92.8284 86.9579 102.724 94.6166 101.212 106.989 110.825 108.959 116.513 119.472 127.249 138.703 144.718 161.237 170.404 183.39 193.666 200.313 199.287 194.058 183.686 170.525 156.837 149.209 137.373 129.607 120.663 116.695 112.66 113.18 109.37 102.714 96.182 99.5694 90.1462 91.8635 85.6185 86.5395 81.3235 76.8734 81.5462 76.2358 73.4894 76.121 74.2351 73.1453 75.2472 78.0374 69.4509 68.9988 76.9072 71.0569 72.8855 74.4948 79.7614 71.9003 73.4928 71.2053 75.2438 75.0144 72.7539 71.6203 71.7553 71.0603 70.426 65.4225 66.3132 66.1749 70.4091 70.4833 70.4327 61.3874 72.7742 67.3423 71.3808 68.7627 67.5042 63.8098 66.8497 62.8652 67.2141 64.6533 58.3779 62.2511 62.4603 59.4845 58.7558 56.5425
65.7457 62.4713 57.7563 64.7945 72.4486 65.4412 65.3728 69.8311 74.5802 66.868 65.7354 71.8498 68.9004 74.0191 73.3587 73.2356 75.6888 73.1705 75.7744 75.6033 73.4272 69.0852 70.5428 70.6146 72.4897 70.9397 69.1536 63.0837 73.2664 69.1502 69.8071 69.2289 70.9499 72.7497 78.5459 75.6888 72.8147 75.5759 72.8558 80.8212 81.4645 78.7204 80.2601 83.4353 80.6775 83.9554 77.8958 80.9136 86.3163 83.4113 91.8592 93.8643 95.9959 105.381 96.1123 107.14 110.493 111.338 108.895 112.642 120.973 127.536 135.532 139.481 149.263 163.422 172.099 182.702 195.054 200.053 199.844 194.113 189.292 177.97 154.221 151.997 142.639 133.363 130.058 118.363 118.791 112.05 118.329 107.523 103.458 94.6341 97.936 98.6374 91.0962 87.7533 88.4753 79.9008 79.5381 78.6588 75.2817 77.0164 79.5313 78.3406 76.0549 77.2114 75.5349 75.0045 79.2883 69.5163 75.6478 73.3758 72.5923 74.7855 72.8181 71.5864 70.9157 63.8467 70.5291 72.452 73.1808 72.168 71.4255 71.9833 77.7555 76.3731 73.8001 71.6856 77.4373 73.9028 72.1372 71.0423 69.5847 62.8784 72.2672 71.4221 73.1911 69.5095 67.1246 70.2759 70.1322 64.0794 61.284 64.9382 59.2823 63.9425
65.2854 68.9073 71.7626 67.5543 67.8735 71.1797 71.6099 73.9968 70.08 71.0132 72.6472 70.864 73.1364 65.3062 76.5537 72.7236 67.9325 70.6281 67.0027 65.275 66.0937 67.5959 69.1085 62.9228 66.3643 67.1449 65.6184 67.4676 69.2438 69.2612 70.3089 69.3514 69.733 72.8276 75.0237 70.0695 71.9881 76.3559 77.0637 79.9362 79.9501 78.604 88.0752 86.7465 86.6806 97.0677 100.246 95.7806 93.0988 93.5949 99.0833 104.867 98.0356 97.7615 105.845 106.001 112.215 107.354 111.129 117.842 118.452 122.734 124.184 139.133 149.229 157.725 173.156 184.293 193.781 201.261 200.866 193.771 187.332 171.45 159.071 144.667 139.778 137.541 121.946 123.632 117.516 114.501 103.264 108.936 103.09 99.9298 101.175 101.914 101.946 95.732 102.688 100.683 99.9784 87.9052 88.5679 84.8696 87.6173 82.4654 79.9952 77.6639 75.2457 77.7298 72.8103 78.1079 67.8527 72.6507 69.0149 70.4269 67.0894 71.2318 71.6169 63.8144 62.8326 69.1259 67.8769 69.23 62.3018 65.9549 63.7866 66.1145 62.5793 67.0582 70.6905 66.8049 67.53 71.1242 69.6463 72.9283 68.8414 76.9631 74.5484 75.7106 77.7783 76.9353 72.1442 81.1678 62.9054 69.0183 68.1927 62.2775
68.9021 65.6664 69.4085 74.4062 67.6676 70.0943 72.1131 73.4285 74.6981 65.0896 66.5703 72.5949 69.725 62.5468 65.1881 67.4179 67.3616 63.6195 63.5738 67.6219 62.9618 64.7309 65.7367 69.6195 64.7309 66.514 67.4882 68.1107 68.6594 66.3382 68.2514 59.909 71.779 65.1353 73.0768 77.7052 77.1003 83.1144 82.6958 72.1799 82.6255 86.9585 88.404 89.2727 83.0862 87.581 92.6455 89.0406 90.7076 98.1004 98.7651 101.786 99.4299 104.459 105.796 109.358 108.673 107.691 116.382 110.53 115.278 118.362 129.817 132.307 144.353 155.653 169.602 181.004 193.996 199.873 199.711 191.864 182.84 167.108 159.269 142.971 139.605 132.581 122.786 116.656 110.484 113.389 108.117 104.062 106.281 102.342 109.33 104.178 102.286 96.4896 97.8437 84.3488 90.982 91.207 83.7721 85.622 82.5059 84.7216 82.0979 82.1331 77.3113 77.5293 80.0862 74.6594 70.9771 74.9549 68.575 68.2831 66.7707 69.099 67.1893 64.4671 67.2737 67.5726 63.7742 65.1846 63.4331 62.2514 60.215 64.7942 65.7614 66.7215 66.2678 61.7168 61.3018 68.0123 66.1588 68.8528 68.466 73.534 71.262 64.351 72.8763 69.8165 70.4074 70.1682 71.6102 68.466 68.5996 74.561
55.5459 57.6848 56.708 64.0977 57.6384 65.3632 72.261 69.3807 62.7075 68.0439 69.5768 68.9458 68.3291 72.1968 77.052 71.2878 62.1692 76.3605 64.9212 66.7214 68.1651 72.3038 73.9899 66.0298 71.0062 67.9512 71.9544 71.4019 71.9045 69.8905 75.9398 77.3942 76.1109 71.7477 81.508 80.4991 79.8397 75.316 80.8449 86.9941 80.3102 89.1936 84.8553 89.6641 94.1985 91.639 91.8529 87.8033 94.7225 94.2412 91.1292 91.721 91.7459 91.2219 90.8547 94.8722 96.7401 100.462 105.923 108.45 112.268 125.29 124.363 126.67 135.411 151.046 164.31 180.497 191.013 199.961 200.246 192.582 178.58 161.654 149.227 137.824 127.158 119.423 118.022 109.263 107.762 106.062 104.108 100.647 94.366 88.9904 91.0401 94.2199 97.9735 93.3002 96.6546 94.0523 89.0046 90.4448 92.5658 94.1949 88.2382 92.0168 91.0936 87.4825 78.7916 81.1301 80.2282 79.4832 81.8252 77.7507 84.8624 77.683 74.325 70.8743 73.3197 72.8813 67.3381 71.5481 67.9049 72.6282 65.431 69.5803 67.1313 70.058 69.5233 67.6839 74.9595 72.7387 70.5214 68.9886 76.7597 70.0687 68.2257 72.9561 69.0349 63.8696 64.8927 63.0354 61.0142 64.0799 56.0735 54.9862 52.7797 56.5369
58.3089 52.4278 51.1237 50.6974 61.2603 62.3115 58.5473 64.833 56.7736 62.9184 60.498 61.6215 63.6228 57.413 61.3072 64.6054 65.4363 67.7302 72.9502 68.7417 74.8721 78.611 77.2743 77.744 71.964 80.2113 86.8221 80.5183 78.8783 83.5203 78.5351 80.5978 83.9394 81.7972 80.876 85.63 82.9748 86.0635 84.7124 82.1006 86.6632 84.539 84.4957 82.4041 84.3223 83.9899 85.4458 74.8648 83.1157 78.8024 81.519 81.1722 80.1174 85.0773 86.5909 83.2819 88.8487 84.2825 95.2428 98.2845 108.28 112.785 117.561 125.197 137.209 151.894 162.106 181.108 191.522 200.261 200.828 189.861 181.306 165.816 153.476 134.788 128.347 118.991 110.914 110.422 96.63 87.317 88.6139 91.2727 91.3377 78.9252 81.1216 77.3285 83.961 74.8179 82.9893 78.2461 83.8527 86.6884 81.3203 82.7256 87.1364 84.698 85.9912 85.1026 81.6274 90.1167 81.8441 85.1279 84.3765 85.4421 82.7472 85.7709 76.588 87.0352 76.9998 79.9403 85.2615 76.718 84.5643 79.2287 80.5798 72.9574 69.1535 70.2373 77.9824 64.9378 65.4616 68.879 59.7033 58.2439 58.8218 63.6517 59.743 65.3676 59.147 64.2803 59.9598 56.4954 59.8333 58.3125 51.1743 49.8304 52.6698 51.8751
45.8329 51.0304 50.3606 56.2571 52.8019 59.8478 61.1581 57.1429 60.9129 60.3346 62.6991 64.1083 59.932 64.4194 68.8226 61.8499 65.9274 71.2273 74.9168 65.4845 77.8559 70.1878 80.2277 74.4593 80.1436 80.4327 88.0386 82.6508 83.5988 87.0357 90.4726 89.898 94.2499 84.3601 91.1717 91.0107 86.0548 82.347 79.5872 80.1106 90.1176 77.0251 80.1545 74.7704 80.1619 78.5916 79.6128 81.7943 79.4957 83.7013 84.8323 85.3301 81.6955 87.1235 88.4559 92.4345 93.1958 99.5426 100.392 105.864 111.621 111.724 114.531 133.114 134.223 153.117 160.792 179.54 193.961 200.626 201.084 192.457 174.8 163.047 144.237 133.249 126.306 117.313 107.331 109.249 98.0419 99.3962 96.7791 92.2808 90.7801 88.4193 87.6762 80.3888 89.133 78.6209 80.3485 77.7901 73.8773 79.6677 77.2557 78.6392 77.9694 87.2956 70.7112 83.5109 79.8544 84.7225 84.7005 83.9245 85.8315 87.3358 87.1528 92.8188 89.7991 88.4302 86.1536 82.4239 84.7957 81.8931 84.1185 74.7521 79.9313 76.2272 77.6546 74.4959 70.6527 68.8995 64.7927 70.9089 67.0694 63.1932 63.5299 66.9962 63.0797 62.205 59.738 57.3552 60.6494 57.1832 53.351 58.7607 57.864 52.7031 57.8347 55.774
49.6378 47.7765 53.5794 53.5126 60.921 59.4749 70.2538 63.0012 67.4099 67.0205 69.668 70.0833 63.8206 64.8699 74.2732 71.915 73.3685 79.049 74.6032 73.3611 68.8856 77.1543 76.8206 73.0941 87.4141 77.6215 82.2156 80.1466 79.9908 77.1876 76.0271 77.9033 79.5347 81.2886 75.6933 76.6945 76.2013 78.6374 79.709 78.9823 84.9891 82.5864 78.5077 79.7721 82.4047 87.7441 87.021 83.5504 87.4029 88.723 90.8698 90.6474 84.4737 90.5473 88.3336 96.276 92.9129 97.2215 106.198 104.997 104.074 109.287 118.479 124.79 137.197 147.078 163.968 178.892 191.999 199.797 200.023 189.511 178.228 159.681 148.98 136.603 126.381 117.886 109.283 110.563 105.779 101.478 97.2734 94.1365 94.6816 93.4431 96.276 88.9491 88.1556 89.5795 86.8282 88.0518 84.8148 84.8222 83.2315 78.0961 81.1625 74.2621 81.2701 81.1477 77.8625 73.5279 75.6414 77.4101 72.7901 77.0282 79.1528 82.0673 78.4298 79.976 72.46 77.8736 77.3471 82.0821 80.8807 79.7424 80.458 79.0231 82.5011 72.0411 80.636 78.9155 77.881 77.6326 74.796 77.7179 70.3206 66.3457 69.3639 69.3046 68.0513 66.9019 62.864 63.8021 58.1512 52.4077 54.1504 53.5274 51.4658 53.7277
61.6337 56.6913 59.2376 68.6793 67.1545 72.987 70.9402 74.0236 73.479 78.151 75.8638 82.3348 77.1821 77.7079 84.3366 80.5847 84.0924 79.3904 81.0316 80.3068 82.1357 86.1205 75.2592 75.6723 84.0173 76.4497 72.9194 75.3005 73.3175 74.97 74.14 70.2078 73.5691 71.3195 75.4958 71.7627 80.2504 71.4359 78.4552 85.6247 86.7214 82.6878 79.612 89.6658 89.7484 84.0999 81.1931 87.3824 86.6801 85.437 88.7795 94.0111 95.4683 91.1868 97.2334 91.6187 98.0747 102.371 104.35 110.491 110.829 119.042 120.86 132.788 137.223 155.619 164.016 184.488 191.703 200.273 200.22 192.585 174.543 164.91 151.243 138.756 130.918 122.565 115.523 116.864 103.975 98.8896 100.576 97.0757 95.7236 98.9723 91.9455 92.7154 93.6317 91.307 91.0216 86.0379 90.2592 82.6841 82.793 83.0747 86.5186 75.9953 80.0101 84.0962 82.0156 76.2056 77.5914 72.6753 74.9587 74.0048 75.8976 69.2539 77.6327 76.3971 79.3528 77.0093 75.6873 76.7013 79.0599 77.5839 78.3426 76.4234 90.492 86.5636 78.5566 83.3526 75.139 81.2494 78.6393 79.4843 77.0919 77.0619 75.7249 75.1465 73.8508 77.5802 68.2962 71.3083 72.003 71.973 66.9217 59.4893 56.143 59.2564
69.3846 74.5154 78.448 83.0539 82.5861 87.0703 83.9135 89.6299 94.4526 88.7323 89.938 89.5653 91.2311 83.7005 86.9942 85.3359 89.2382 86.1498 85.4805 85.1572 85.9293 83.5255 82.8485 78.0601 83.9857 80.6844 83.6168 84.5486 78.9729 83.8146 81.5288 87.4278 82.7496 88.4052 89.8581 90.5846 86.8192 87.23 87.017 90.596 94.6618 91.0219 87.888 96.5292 93.7566 95.2475 96.7232 92.8323 97.2062 100.135 98.8569 101.496 104.151 105.893 105.973 107.194 108.171 112.541 121.289 119.346 117.041 131.798 130.653 141.048 146.003 156.953 171.185 180.587 194.728 199.95 199.646 195.154 184.668 170.147 160.414 150.86 144.649 134.414 128.679 123.24 120.833 116.314 106.977 109.879 113.568 106.977 101.268 105.178 96.1489 96.7992 96.4836 93.9353 92.0565 100.329 93.1632 93.981 99.0737 87.1539 87.9793 89.2115 90.0825 83.2289 87.9717 89.5539 85.6934 81.8368 84.8909 83.8868 83.7804 81.4413 82.5747 77.9878 83.5674 79.262 80.1443 77.9574 81.6581 82.6698 83.8108 79.2049 87.5267 87.637 88.5384 81.8444 87.4278 87.5457 85.9711 85.218 84.9822 87.6674 89.6223 88.4166 84.7198 90.0293 81.8406 80.5855 74.3899 75.9264 76.0786 73.4847
80.0562 85.4439 91.5402 91.8713 97.517 96.7738 95.8187 102.462 95.3296 99.5042 102.47 102.654 96.6428 104.58 101.507 90.6929 91.7751 96.1345 94.8867 90.4965 96.2385 91.5402 93.7083 92.4413 91.8521 95.6878 94.155 101.599 99.458 98.5183 105.458 97.2552 101.291 102.762 100.894 99.9702 103.128 105.477 103.105 103.043 99.458 106.186 101.487 104.803 109.894 109.486 113.41 110.514 117.242 106.344 111.165 108.084 115.059 118.975 115.475 116.676 128.214 130.382 125.495 134.114 138.647 137.838 149.722 155.768 159.585 170.437 175.317 188.402 196.159 200.764 199.848 196.736 184.678 182.834 165.439 161.48 156.026 146.865 142.105 136.324 135.531 135.519 123.092 121.606 128.468 122.919 120.57 114.238 113.145 116.472 116.638 111.481 108.489 113.507 107.9 108.982 107.476 109.864 101.237 110.603 105.034 101.653 104.156 106.128 105.843 109.201 96.173 100.124 97.8752 97.4015 111.3 93.2654 102.258 97.2629 96.6852 96.6274 100.378 91.6788 92.3181 94.3784 94.9792 90.0305 90.5158 92.553 99.3617 93.2924 99.1845 98.8534 96.9663 108.219 106.652 101.414 104.249 105.766 102.527 96.2308 91.933 85.8174 92.0716 85.1281
90.8226 102.043 97.8677 105.431 108.687 107.022 100.722 104.402 101.638 96.9905 102.02 102.893 97.6338 102.102 97.123 95.6688 100.106 102.219 97.2634 98.9477 106.285 106.484 104.351 104.593 104.71 106.367 99.1777 99.127 104.129 103.657 99.205 103.638 105.038 102.199 106.854 104.542 108.975 102.129 107.307 107.014 108.34 111.174 108.878 114.231 116.336 113.67 111.814 108.289 114.543 114.289 115.213 113.939 119.077 115.128 121.171 117.537 125.226 126.017 125.947 131.893 130.824 141.468 145.523 150.735 157.823 166.428 176.857 186.585 195.404 200.196 200.582 196.328 184.585 178.288 165.847 154.42 150.026 144.423 137.62 139.842 129.885 124.957 126.212 124.391 118.356 117.412 125.175 122.797 114.114 120.259 114.734 104.433 112.671 106.656 113.673 116.188 110.917 108.999 98.1835 107.127 107.899 108.855 99.5442 106.235 108.11 105.42 104.928 106.429 105.833 110.742 100.628 104.11 105.747 100.92 109.338 109.124 107.681 94.928 104.137 105.248 98.3784 95.8598 94.3666 99.5364 96.5499 102.476 99.7664 96.4914 97.856 94.7097 101.022 109.12 103.903 112.859 106.562 107.997 102.866 105.244 94.4212 104.336
96.7214 101.276 94.9178 99.2629 105.289 112.634 106.209 113.66 106.126 110.96 109.634 112.914 111.083 108.869 108.34 99.5313 102.614 105.416 99.3853 101.319 98.4342 100.155 107.184 105.076 100.999 99.2866 99.2037 97.9645 98.1027 103.794 105.502 99.0498 97.5423 100.017 100.009 98.5881 96.9424 101.599 97.195 92.9998 104.61 99.2393 102.988 107.677 107.192 107.073 106.138 107.953 109.595 115.388 113.466 116.099 111.852 111.908 111.505 117.764 122.058 121.782 121.88 130.571 126.072 136.467 145.481 149.411 152.754 164.732 172.941 183.77 194.118 200.172 200.408 194.915 186.406 174.14 166.18 154.597 149.297 145.445 139.817 131.553 128.826 125.164 119.56 121.648 123.206 114.623 108.983 113.522 112.385 115.85 110.562 117.093 106.469 109.248 107.298 107.756 101.441 99.2393 108.316 105.806 101.141 101.011 99.2314 93.5523 104.342 100.948 101.674 103.742 98.7933 96.4846 96.1452 103.221 100.242 97.195 104.468 103.174 95.6558 101.244 100.392 101.761 102.475 104.713 97.0963 106.331 107.424 105.001 105.451 115.625 109.796 115.254 110.297 106.963 103.695 112.358 102.779 102.452 100.952 103.955 102.736 93.8246
89.9025 89.0038 92.0673 98.3743 98.7857 103.902 103.786 108.312 106.199 101.598 109.65 105.696 110.149 111.979 110.908 112.094 107.709 110.237 109.486 111.839 102.333 100.295 104.35 100.567 99.8202 101.658 99.5486 104.17 103.81 104.214 104.434 105.648 102.269 107.545 100.291 105.919 100.431 109.155 102.161 104.15 104.945 112.09 105.871 104.374 101.046 106.143 96.6128 101.713 97.0801 107.078 98.9974 104.921 104.118 101.789 105.224 102.816 111.08 113.153 116.58 115.174 119.951 121.773 132.206 138.684 143.557 154.429 168.062 183.571 192.351 200.579 200.359 192.119 181.798 165.693 151.394 146.733 131.946 125.887 125.383 122.096 117.599 113.121 113.904 109.598 109.338 106.982 105.484 99.4327 108.064 104.773 108.168 109.091 103.327 99.8242 100.951 101.222 106.107 103.938 101.865 103.551 104.434 104.19 100.487 99.7682 104.949 104.418 102.065 98.9614 99.908 101.422 103.774 96.8844 101.638 99.249 102.329 99.3888 103.239 98.0867 98.7058 103.203 105.452 102.269 110.681 107.948 108.268 112.941 118.298 110.369 105.109 104.39 105.616 105.736 105.8 104.685 107.996 98.0907 98.4102 97.6952 85.2651 89.3832
81.4092 78.8871 89.2709 96.2594 97.6054 105.798 103.482 106.166 106.344 106.316 110.127 105.285 103.381 105.435 109.38 105.77 106.599 101.364 110.722 102.925 99.105 103.187 101.106 98.9958 99.877 101.546 91.9224 100.698 94.6669 92.0396 97.5892 95.9442 94.7558 95.5844 98.818 93.8262 99.9821 100.56 99.6466 100.136 103.567 99.3839 101.243 106.009 106.199 96.5545 106.332 102.945 106.296 97.7226 101.987 98.814 96.3079 97.2133 102.989 100.98 98.4098 97.1082 107.864 107.698 108.531 112.007 126.425 131.315 139.343 153.938 163.033 179.496 194.467 200.292 200.409 193.719 180.858 165.89 151.489 142.225 127.819 120.612 119.121 115.665 108.862 102.872 101.017 96.3564 99.8447 97.3306 102.755 96.4858 101.045 102.096 105.665 99.8406 101.255 101.457 103.988 104.566 98.2279 96.1422 96.2594 106.267 95.7421 95.253 99.7476 92.0275 96.0816 104.048 101.409 103.345 96.0331 101.975 97.0517 96.4534 94.5133 96.8051 97.3023 103.6 100.746 105.77 106.445 105.063 97.2416 101.025 94.8488 100.625 106.376 102.181 106.781 108.341 110.762 102.326 103.175 110.228 105.172 99.7113 96.5909 96.6555 90.4633 90.8311 88.1917 78.9639
80.1783 83.4092 81.2376 88.7258 94.1364 101.105 98.4102 98.4879 100.729 97.0769 96.3203 108.921 99.3263 94.574 102.672 102.823 101.833 100.974 101.935 97.0851 101.052 95.7764 101.801 97.2323 94.2632 91.7358 89.237 94.6272 86.865 86.7586 88.0305 89.556 85.7403 83.7364 93.1345 88.2064 91.8544 87.0695 85.1964 93.6743 89.8096 88.3291 91.0814 86.1575 86.7914 91.016 84.7138 82.1782 86.2147 91.106 93.1795 88.6195 95.6251 96.4676 96.5453 105.064 101.187 102.226 105.882 115.607 116.164 121.742 120.204 138.575 141.393 149.674 168.655 182.138 192.534 200.464 200.395 193.786 179.554 163.485 155.625 141.278 135.986 130.8 119.685 115.399 117.178 111.321 103.71 100.381 101.747 96.9052 102.451 99.5226 93.7357 93.1835 93.7234 99.4858 90.2226 81.1762 86.6196 87.7811 84.3866 86.5051 85.4663 92.4147 92.7705 91.9157 90.0304 101.142 85.2127 87.2985 86.1943 85.7812 80.1906 85.7444 87.5275 96.7784 96.0954 91.6663 96.4512 95.7273 100.508 101.719 96.6189 106.009 94.5781 100.565 98.2588 108.442 101.49 108.041 97.0156 101.596 99.3344 104.017 99.453 101.318 96.7089 101.935 93.3962 95.3347 93.1508 80.301 88.0714 77.9208
80.0713 75.9049 86.807 86.8732 96.7409 89.1612 83.3523 91.0851 91.1471 93.7703 90.8575 94.8336 100.134 91.5278 97.2622 93.2076 97.8373 99.7654 94.937 98.8965 93.9647 95.3921 94.0516 97.2829 95.7686 91.9457 92.0243 90.6341 90.179 92.8104 97.8332 95.1977 90.5679 88.5116 86.4388 74.6637 72.4543 78.5901 82.3841 76.9145 72.8267 79.0866 78.106 81.8876 72.7233 76.2359 82.3634 79.8106 82.5496 85.1893 90.2328 90.1087 93.1869 93.22 99.4054 93.7868 102.463 109.803 106.261 112.364 115.769 118.603 127.043 132.496 144.813 153.883 170.374 182.187 193.78 200.077 199.978 195.145 183.643 169.597 157.246 140.734 133.618 132.629 124.937 119.625 111.785 108.59 110.063 98.4373 100.506 101.35 94.2254 100.287 88.6854 92.4546 84.0846 83.3523 78.5156 81.3787 74.672 77.1172 79.1611 76.9186 73.3356 83.3399 78.3832 78.557 74.2044 82.802 85.814 84.4197 91.7264 89.7115 92.9676 88.0855 95.8141 100.134 96.8485 95.5493 91.805 96.141 95.1439 90.15 93.1662 97.4691 92.045 95.2473 97.3491 96.2858 93.3193 91.7512 89.5584 93.0586 87.1297 91.8629 98.2304 92.0698 87.5435 86.836 92.3222 81.2629 79.9885 83.1454 83.7577 75.6236
72.6413 74.3028 72.0973 87.7455 84.4769 88.9633 91.8595 89.8506 83.4306 81.5557 83.4683 84.9958 83.5143 90.2189 84.1672 89.6372 86.9001 87.8752 90.4826 94.4752 93.6214 96.4715 104.164 103.95 103.419 102.289 103.364 101.284 92.9518 94.0064 88.6411 93.0146 88.5239 92.0018 90.1436 82.9702 81.4887 80.66 75.1231 78.7558 79.4757 75.7509 82.083 82.355 79.4087 84.1421 89.34 83.3302 84.2551 90.8969 86.5611 96.3543 88.9759 97.3336 92.9309 96.1241 103.779 103.348 105.018 109.186 119.301 112.48 125.223 127.337 141.102 152.77 158.018 180.053 193.474 200.112 200.623 192.445 179.956 163.27 149.928 141.403 130.099 125.998 122.566 117.569 108.253 104.134 102.737 98.2543 102.393 93.7972 95.7014 89.7418 86.5276 95.9274 82.15 90.6039 87.9171 79.325 88.1347 81.924 79.6179 83.3678 77.5882 76.3828 78.8897 82.3676 81.2878 85.0377 86.1175 84.9247 81.1706 87.5488 88.4653 91.8343 96.7686 100.732 107.905 103.369 103.519 107.269 103.105 98.9198 97.3252 95.8312 86.4941 90.29 90.65 81.5808 87.3772 80.0155 84.7991 82.3843 80.3713 85.7115 91.6418 77.4459 82.4178 83.6817 79.0069 86.3016 83.418 79.8272 72.8464 72.725
63.4293 64.9955 65.5881 72.1321 73.4146 77.3173 79.2094 78.9046 88.9577 80.2888 76.2464 84.7417 82.583 85.4021 87.5439 86.456 85.3767 92.8476 85.656 91.8826 93.5926 89.8381 97.3556 91.709 93.6307 96.3524 94.545 93.6223 92.8349 97.762 91.8953 92.3947 95.0233 96.6784 97.5503 97.944 97.9736 97.8763 94.2868 96.3567 94.3926 92.9958 84.9407 89.6222 81.0591 88.928 86.4264 97.2583 92.3778 92.1577 88.6825 91.1206 91.5143 94.8202 94.6085 91.7302 94.7905 97.5165 95.1715 97.9017 99.1885 107.079 118.719 130.969 141.889 144.137 164.218 177.556 192.599 199.532 199.219 191.13 172.967 162.842 146.901 135.176 130.355 118.414 109.72 103.73 99.7006 99.0022 95.4932 93.9863 93.9482 85.8634 93.5545 89.5164 92.8646 90.9132 94.1683 86.5703 90.0878 86.4857 87.4889 94.5154 86.2529 89.4402 88.7545 98.3842 94.6297 93.563 97.8424 93.9143 93.2582 93.8678 91.6921 100.323 95.3958 92.2677 92.9746 91.0783 98.3461 94.9725 94.8159 94.7143 89.7492 93.6773 88.0603 86.8455 91.6497 93.9016 90.8582 93.1905 89.8212 86.9132 88.9957 88.0688 88.5259 81.1734 79.1671 77.8549 84.6147 82.6803 76.3903 71.0992 73.9522 70.6082 69.258 69.258
60.9682 58.9863 64.7266 65.4714 71.9907 75.3167 75.4665 79.1436 82.2855 81.3138 88.6293 89.7465 93.2267 91.279 97.3959 87.6705 95.5767 92.5931 92.6659 88.3211 89.006 89.2457 83.1416 81.5022 83.8736 88.2655 91.1249 85.0636 98.1322 105.443 96.6682 101.368 102.079 103.915 109.031 107.288 110.773 107.323 109.253 108.05 110.871 98.389 100.028 98.8299 96.2915 94.7548 92.8714 91.035 83.6382 81.1212 84.8624 92.6274 85.222 83.4883 83.3428 81.9217 88.4067 94.2925 95.0973 93.141 110.905 110.982 113.101 121.877 133.353 141.88 163.518 178.089 192.194 199.488 197.848 189.236 177.777 157.769 141.636 131.101 122.262 113.987 104.313 104.883 95.2856 95.1358 88.7877 87.0797 85.3204 87.4693 87.572 82.6408 83.8222 86.8186 87.4436 88.5865 84.8153 93.8516 90.8723 94.9731 94.3011 100.932 103.954 98.3805 100.148 103.928 107.841 106.616 102.982 104.643 105.178 102.884 103.911 98.7015 97.6742 95.5596 93.7746 90.44 89.4469 87.6277 88.3297 82.3454 90.1018 88.7535 84.5671 93.6761 93.98 99.044 90.1874 91.6728 93.0897 93.0041 84.3359 89.9349 88.1028 83.6853 80.0596 74.101 77.5726 71.995 68.9858 61.9785 57.4325 60.3561
64.4094 68.0841 65.5131 69.8847 74.0485 79.0261 83.363 81.9347 91.8768 85.1636 90.2104 84.536 78.9438 89.1153 89.1023 89.5265 93.1017 90.4744 91.7209 83.6097 94.4305 93.8721 86.198 85.7782 89.5178 88.531 87.7476 85.8907 92.6515 85.9903 93.6167 95.8285 100.412 98.7717 101.628 97.5771 102.879 106.095 100.438 98.5294 102.814 97.6853 101.866 103.524 95.1966 88.0765 97.9061 85.921 91.3098 86.1115 85.8734 88.0116 81.5927 84.1681 88.4574 88.1285 87.5355 89.8987 90.1974 93.712 103.55 108.004 112.094 119.604 129.97 144.565 163.359 178.317 193.514 200.824 201.863 192.432 178.261 159.251 142.765 129.057 112.328 113.536 105.204 98.8929 91.9503 99.2305 92.4524 89.9247 91.6863 85.4536 79.1083 84.484 87.4446 78.0349 85.6397 87.6956 89.9117 98.0879 95.1576 97.3391 94.1145 98.5813 99.0834 100.949 100.568 106.74 98.4515 101.957 108.078 99.4167 97.4862 94.556 94.9499 96.6682 96.7158 85.6743 97.2265 88.4574 92.0586 95.0537 84.1897 95.8328 92.6862 86.8516 92.8896 84.3369 86.791 89.4746 89.4702 87.7952 87.7259 87.2282 86.1807 89.9204 75.4639 86.1418 84.51 81.7702 80.3981 75.096 76.533 67.4738 65.7858 66.5735
72.5938 74.808 73.9591 84.1246 87.9274 82.5536 92.4303 83.4025 82.5055 79.1403 72.4931 77.8931 82.0022 78.9346 82.6543 79.451 87.586 86.2207 80.3393 79.8361 91.4676 87.4285 84.746 93.1611 88.2862 91.1218 91.6951 88.1855 84.0546 88.0105 85.7175 85.9581 89.2139 84.9998 85.0217 83.8183 84.0108 87.6735 96.7275 93.6949 92.4303 94.6358 96.5831 96.0055 100.64 97.7865 96.815 101.007 89.3977 90.3735 88.6494 97.8347 91.4632 91.1262 90.9381 92.2159 96.7363 90.4436 92.6885 96.7188 102.521 101.357 111.882 123.251 130.029 142.496 161.309 173.868 191.617 200.023 200.658 190.755 173.492 158.849 141.048 134.182 118.183 111.965 105.182 100.22 103.961 96.2724 94.1938 96.5787 93.6687 88.5181 96.4868 92.5659 95.1347 92.4434 99.3094 100.355 99.3619 97.5152 104.981 92.9291 90.041 88.8288 90.0716 93.4105 97.3052 90.4479 92.6535 87.0215 91.8526 83.9189 82.7899 83.8402 89.4896 78.4051 86.1419 84.6016 90.006 89.6034 89.2227 90.5923 90.4348 95.3184 82.8074 88.9295 85.5556 87.2534 85.8838 85.2667 77.5912 83.0087 79.6786 85.8619 83.4944 81.5821 85.9975 79.2497 81.9628 79.0265 84.6716 86.9077 77.6743 75.2194 74.9743 69.2549
75.9158 86.9442 80.6227 84.8031 83.3079 88.4837 87.4662 84.9403 86.2541 87.4972 82.2595 80.8439 74.9116 79.6052 80.0211 79.7556 75.9689 82.1046 76.5573 76.9023 74.3454 78.663 77.7782 85.4623 88.6562 84.4581 83.4406 88.1298 79.446 87.4529 86.7274 82.1312 77.4597 87.6343 77.703 80.7642 79.6981 82.432 83.9803 80.2113 87.8334 85.3074 90.8504 92.235 88.665 100.72 95.5218 100.512 101.29 94.1239 100.096 95.0264 95.1281 97.2383 94.3407 98.3707 95.6678 97.8222 101.481 110.806 107.886 110.412 119.428 122.67 132.726 142.798 160.626 178.091 193.53 200.404 200.28 192.769 173.751 161.068 150.77 129.43 124.17 116.455 107.873 107.17 100.432 103.516 99.574 96.9773 100.198 94.5177 98.8972 101.029 101.578 101.932 92.5845 96.9507 93.0888 109.244 90.0054 91.5537 91.1423 94.553 87.7361 78.517 80.9235 84.8916 87.0194 75.2036 79.8176 83.998 78.5966 79.2159 78.6984 79.9458 85.2411 87.913 84.4182 87.3777 79.5566 81.7286 80.3351 81.2199 75.3629 80.6448 80.1626 76.0795 69.1475 68.9573 80.3794 77.9596 78.3533 76.69 78.7647 82.2993 85.5109 91.598 85.9577 80.3351 88.842 92.0536 88.9924 82.3568 79.4814 78.8001
70.0634 70.3764 72.7686 81.6042 81.5282 86.1606 84.2424 79.1807 80.0034 76.2742 93.0959 84.1708 80.7054 81.6266 76.3234 82.892 81.2107 72.4556 76.6096 78.1478 74.4677 72.4422 66.7411 69.7772 72.4958 77.0209 71.7491 77.2937 75.9433 81.2823 82.3599 75.2905 87.3679 82.0022 81.2331 73.6539 77.3205 76.2653 78.34 80.0526 86.3931 82.4985 83.7505 88.5663 87.0326 94.7995 92.6085 98.9356 92.8723 101.681 99.1279 106.255 105.155 102.692 107.199 104.883 104.221 107.409 102.455 109.327 105.553 110.526 115.087 122.125 130.741 141.164 160.678 176.475 190.596 200.031 200.415 190.864 172.5 156.971 140.793 132.986 122.33 118.378 114.872 106.452 108.469 105.719 100.022 105.459 103.479 105.2 106.179 99.812 97.2007 97.8624 99.8791 102.768 91.352 89.9122 89.1431 84.3363 88.7451 86.8135 82.1095 82.6416 79.0331 75.3531 78.4742 79.6949 78.3624 82.5074 78.1433 78.4205 78.7067 80.2583 74.5303 78.5278 76.4888 80.303 69.0975 74.1637 72.1336 77.2937 73.2604 71.0158 79.8648 74.8523 79.6233 79.7262 77.875 83.2273 80.1376 74.2039 84.5062 86.5675 86.8045 87.4395 80.7099 84.0859 85.472 81.2688 87.2382 76.5827 83.1692 74.6377
68.3888 67.4308 73.9836 76.0624 77.3684 80.4641 80.0845 74.91 77.1515 81.5396 81.621 87.0666 81.4221 79.3659 77.4046 78.9863 80.4596 86.1266 76.7493 80.1025 76.8668 71.5387 81.7385 71.3398 78.9728 74.7021 69.0938 72.0539 74.309 76.7312 72.3115 73.369 77.7435 80.3014 81.2369 84.3325 85.2137 83.3428 88.2371 83.1485 83.9619 81.1329 87.5321 85.3493 83.9439 84.92 89.7465 90.0312 94.4826 95.2463 100.913 104.931 102.247 105.866 107.566 106.223 113.594 113.16 108.221 112.528 114.209 114.385 119.749 125.444 135.115 145.802 159.233 175.516 192.314 199.527 199.567 189.892 177.26 158.293 141.572 135.268 128.019 118.104 116.545 118.746 118.846 115.705 105.311 111.145 110.426 104.434 98.577 102.079 99.1193 102.432 96.697 99.2503 96.0327 98.6945 86.4294 91.8886 83.8625 84.7302 86.0634 87.6631 82.2808 85.2228 81.0787 78.096 86.5831 77.6622 81.395 82.8547 76.216 79.0134 75.5743 74.0288 73.0571 77.4679 77.5808 74.3767 83.266 75.5562 81.9961 73.7847 75.5065 81.3001 80.907 77.9153 75.3845 82.2401 81.6843 77.7661 81.0922 79.5422 82.1723 81.1826 77.1651 83.3473 73.9384 73.0662 78.078 70.8789 72.9894 69.1797
58.4199 56.8169 64.1285 76.5733 69.2617 77.5187 77.5369 73.6368 73.7555 80.035 74.8516 79.1262 79.1902 73.4222 72.8056 80.3228 76.1943 72.422 73.7281 74.8653 82.4509 77.8749 76.4409 78.1169 74.9749 73.9017 80.5694 79.8067 78.4001 77.6191 77.5872 80.204 78.5143 77.4182 77.5689 87.1092 84.9947 84.8942 83.8484 93.6581 79.8661 79.9437 86.3785 86.1136 84.6065 83.41 87.817 91.4706 92.046 99.2115 96.243 98.8233 101.02 103.23 106.286 108.373 103.025 110.049 115.15 114.241 127.467 126.202 129.965 130.344 138.281 148.922 162.258 177.223 188.632 198.939 198.281 191.116 176.018 164.856 153.809 146.2 133.87 127.526 127.193 121.142 114.191 112.684 114.689 111.871 109.693 109.067 107.263 102.143 102.997 97.6176 93.1421 90.2695 90.9728 90.9499 88.2418 86.6433 84.3416 83.8804 90.4065 86.278 89.6529 92.0962 86.7712 84.3279 80.2953 71.7096 74.4817 73.1299 79.0669 73.0614 79.8158 76.925 72.6869 79.7519 72.8833 81.0352 77.9525 71.8237 80.3045 73.2349 77.4684 76.345 76.8839 75.7056 76.1212 72.5088 75.1347 76.5459 79.4642 78.6924 82.5742 79.0349 74.1346 77.61 69.6042 76.7377 70.7505 70.3441 61.3975 62.1739
55.3571 56.2939 53.2297 57.2445 65.68 67.8304 69.4825 67.452 70.3362 73.0265 71.2222 70.5946 69.2933 76.086 73.1372 72.3066 72.8511 69.5286 73.3726 70.8668 74.7754 72.2928 68.0658 72.3112 81.1159 80.2022 75.5092 76.6813 83.2433 75.8737 72.8881 85.9336 80.8206 82.6803 81.6282 84.66 83.2664 85.0476 92.6479 86.2105 88.8731 84.9553 88.0656 90.5805 92.5648 85.989 88.1855 87.581 87.7795 91.6465 93.9815 91.6419 95.066 98.3331 94.6368 98.8038 110.779 115.684 111.471 117.327 119.574 126.819 129.366 135.638 146.048 157.045 166.537 180.681 195.716 201.429 200.889 194.673 180.021 168.369 153.986 142.998 139.482 133.792 129.634 122.361 115.07 112.537 105.546 105.444 103.649 100.793 96.3857 91.3743 89.3761 91.7573 91.5173 92.9432 86.935 90.2483 93.1094 95.6382 91.0005 90.5159 89.5238 85.2829 81.0836 78.3933 86.3628 84.6184 80.2991 82.9433 75.7814 79.1501 85.4075 79.2793 81.0421 78.0657 78.6471 73.6264 67.0875 70.6315 70.733 72.1497 72.8511 75.1031 69.9439 74.8585 83.354 79.0809 78.9701 74.9046 76.589 73.008 72.8511 70.7838 73.3449 70.7099 66.1461 67.6366 67.5582 69.2425 64.5356 54.7295 57.0783 53.2805
50.3301 49.4955 55.7244 60.4194 58.1255 59.762 63.5059 63.1562 63.9674 65.3288 68.5272 68.9189 65.7438 68.8396 74.1314 74.3179 72.9891 76.3553 78.0198 75.7632 74.1314 77.3344 77.2365 75.6513 71.1708 68.751 74.8307 77.7121 71.1661 71.9028 73.777 77.2738 78.4487 79.9919 82.5656 74.22 79.5677 80.957 89.298 87.6429 78.6352 83.7731 86.785 83.512 89.601 90.044 93.0698 89.7456 91.9322 90.1838 91.1583 86.6498 91.6898 93.0792 90.6687 99.6531 98.4875 103.369 111.845 119.934 116.61 125.235 135.539 129.184 147.349 158.016 165.588 180.228 190.844 200.029 199.959 190.378 178.106 167.243 151.601 142.887 140.285 132.01 124.643 119.799 113.673 108.74 104.922 98.1798 96.9209 91.4147 92.543 89.1581 87.3025 91.5219 93.4195 88.4028 91.5033 87.6755 87.5916 83.5167 80.6866 80.4722 86.8596 86.9575 78.472 87.7641 87.517 83.6379 79.162 79.936 78.6865 77.6794 75.3249 71.5065 72.2012 79.7728 70.7605 72.0986 76.9661 75.9543 76.6024 75.5441 79.3998 82.4443 73.6045 75.586 84.6217 79.6003 72.4063 70.6066 64.2565 71.9494 70.6533 67.1239 63.7623 67.0353 65.0305 66.7509 58.0136 58.0882 51.8313 57.594 54.8712 49.4629
48.3253 59.1114 54.5709 59.248 62.3001 64.5186 61.5606 57.0343 62.1258 62.8135 58.81 63.3363 63.2468 68.5268 67.0526 71.4 65.9881 72.8931 77.2687 74.909 80.0241 73.0532 79.0397 81.2016 76.0159 82.6665 80.0477 78.3662 76.3361 75.6673 71.0891 68.687 72.1348 75.38 70.6935 71.725 73.6749 78.5734 79.1716 75.5825 83.2788 82.2755 85.7233 81.9976 90.2921 87.5555 90.0472 89.7269 93.542 95.0634 87.8099 94.7808 93.0098 100.64 99.7264 91.8841 98.5535 100.574 105.661 110.56 119.9 127.648 137.176 148.066 160.19 163.689 177.881 183.599 193.603 200.004 199.933 193.287 184.06 172.144 165.187 155.475 144.199 139.889 131.354 125.222 112.359 110.159 104.436 104.422 101.521 98.53 94.9079 93.0239 89.4301 92.3315 90.4334 88.116 86.0954 90.5135 91.7428 82.3603 84.8896 90.9845 81.9034 81.3618 76.9249 77.9847 82.3839 78.8466 74.876 77.5984 73.7126 66.2566 73.1333 72.8224 73.4536 74.8525 77.3629 78.7901 77.8952 83.081 82.511 78.597 77.9752 72.3891 74.1695 69.4312 71.6873 71.9463 67.9805 68.7953 64.7211 63.8497 68.7105 64.6269 62.3755 65.6725 58.8947 61.0378 61.5889 57.5382 56.1488 54.4343 53.9963 53.8691
51.5888 50.8465 59.2155 53.7821 53.3158 64.235 59.2536 60.7713 59.4391 53.4824 60.7094 60.1813 67.2038 59.2155 61.3042 69.5209 68.988 71.0957 69.5019 70.3012 72.975 77.1857 75.1303 79.1364 78.5274 84.5317 84.7363 82.8379 83.0996 82.9046 81.9102 78.9936 68.36 75.3301 70.5819 73.6316 74.7402 75.6965 74.2834 77.5282 74.5784 76.5767 81.8911 80.402 81.1442 84.3557 87.7718 88.8328 92.5391 99.2476 99.495 100.061 102.226 104.605 107.816 109.03 111.218 110.842 116.109 120.981 131.62 137.767 135.906 143.081 154.405 156.384 170.8 180.887 193.566 202.42 202.268 196.016 186.453 170.705 163.207 152.145 153.306 141.958 132.7 128.351 121.238 119.73 119.521 106.575 106.898 108.254 102.569 101.127 103.958 97.9772 92.5343 89.2277 90.6645 87.3816 85.45 85.3739 82.9902 81.3916 79.7692 74.4071 73.8981 68.4551 77.9898 71.1052 72.5564 74.7449 74.5499 73.2367 71.5334 80.5637 82.2813 82.5382 82.6191 86.6775 83.2471 85.8687 83.9227 78.4132 73.8647 76.2865 72.0663 71.6333 71.6571 65.3435 66.4616 66.9659 69.1831 61.0425 64.392 63.6402 61.0282 59.5819 64.5442 56.5749 57.0507 56.0087 57.3647 50.2185 48.1536 50.3422
54.0621 51.049 57.5941 54.3456 53.6728 56.7964 62.4381 64.5957 61.6932 62.4525 58.8387 57.6085 62.5101 68.272 64.4948 62.7456 68.8967 66.6958 63.7307 67.2147 75.8358 66.2681 70.5546 71.1649 74.9997 81.7707 71.1216 77.6379 78.9162 81.4487 76.3308 79.6995 76.9171 76.8786 78.4981 74.5432 67.7962 76.2828 67.4694 75.0237 74.423 69.8145 68.9015 74.6681 75.9944 79.0123 81.218 81.1027 87.3114 90.5792 87.8592 94.4092 99.5847 109.316 115.654 116.865 117.077 129.071 126.885 140.134 135.621 139.158 144.694 148.068 150.557 163.695 172.729 182.379 194.494 200.712 200.145 193.211 183.398 170.288 163.69 153.032 145.602 142.772 137.755 134.9 135.818 135.525 126.572 123.055 122.651 113.098 108.023 100.19 98.3929 94.5437 87.5853 85.3604 81.069 82.3713 78.6375 78.7768 69.7857 77.0324 73.2601 72.1981 72.5008 72.5008 75.3168 76.3741 76.3644 78.6807 77.2198 84.5627 77.8205 79.3631 76.2924 76.7825 71.6791 78.4212 73.5244 73.4523 70.3287 73.8608 68.7429 68.0894 68.4738 65.85 68.123 68.1182 71.285 68.6804 67.998 68.2431 61.1165 64.687 58.8531 64.0047 60.5351 57.5509 55.2202 52.9039 57.9353 50.8327 54.0909 49.2902
50.7309 50.9202 55.356 52.1772 57.5012 58.1709 60.5296 62.8737 60.3452 62.2816 61.9807 59.6997 57.1566 63.2328 60.6121 56.7149 59.2338 65.8876 59.258 64.3782 62.9028 65.5333 65.0479 63.3687 61.4323 71.066 65.9652 65.6837 68.2462 68.2317 66.8922 74.7593 70.3089 69.6973 78.7001 78.802 77.7246 79.0981 82.3983 73.3858 71.3669 77.3558 68.7267 73.2208 79.8503 75.7251 73.5168 78.0789 81.7673 87.8824 89.251 95.4049 100.331 106.912 112.517 120.229 126.611 122.855 132.721 140.72 143.889 145.709 150.018 153.091 155.687 163.239 169.626 183.981 192.3 199.589 199.987 192.97 186.287 170.193 166 153.785 155.697 158.381 145.228 142.996 138.613 136.104 131.028 124.563 115.546 108.154 104.48 98.3411 97.1424 88.4939 83.9901 85.0093 79.2485 80.2774 73.6285 71.8231 76.2589 75.4339 73.2936 74.0895 73.0315 78.7147 74.5312 73.6576 77.7877 84.2279 73.4635 75.3417 83.1942 73.182 72.8665 71.1727 65.708 67.5571 67.6202 70.6874 63.7473 59.8987 63.3542 59.8064 55.9336 54.1767 54.3902 62.6796 63.5143 64.1841 57.011 63.4512 53.57 60.2481 59.2143 59.952 53.5797 51.3909 60.3063 53.8224 57.108 55.3269 52.4926 58.5737
54.8123 49.4507 55.1358 59.5565 59.7476 61.5757 61.7815 58.4635 58.591 67.447 54.5918 58.0862 53.2489 57.9146 57.3804 56.5767 60.8209 58.6302 59.3408 59.429 64.2663 59.2428 58.9977 61.8599 58.7625 58.7772 66.212 66.2708 63.5752 71.8236 63.1783 72.049 72.9263 75.1905 76.6314 77.4254 83.2477 80.2826 75.1023 82.1499 80.8952 80.0915 75.4601 76.4893 75.5042 78.4055 79.2926 81.1501 84.767 84.9385 89.9424 93.4809 104.003 104.028 112.095 116.432 121.549 130.209 132.032 132.444 145.563 145.951 151.773 151.214 154.689 165.339 174.499 184.105 195.847 201.439 202.111 196.117 185.099 174.322 163.104 161.942 149.548 150.602 142.412 135.208 136.727 128.89 126.459 119.745 115.854 115.653 100.994 102.528 98.8769 95.5687 87.4233 85.1983 84.8013 80.856 79.3955 74.4162 76.6363 83.7378 71.358 79.9641 76.6265 76.2393 83.9877 73.681 76.8323 72.642 73.6761 72.74 65.1239 68.1184 70.7355 65.5209 65.3053 60.3357 65.0798 63.0508 61.9677 60.7376 61.9824 61.855 58.6057 59.1546 58.9781 60.1593 61.5953 58.0176 55.866 59.4192 64.0996 60.2083 63.5752 62.35 59.2379 58.5469 57.0913 57.8264 52.2393 55.523 52.8666 54.136
48.982 51.3376 58.8893 51.3129 60.1364 62.0614 50.8576 54.5097 59.2605 65.9263 60.9678 60.656 54.3068 61.3537 55.9894 64.5011 56.3754 61.9228 52.7579 60.9925 52.0403 54.8363 57.3503 59.1021 56.4298 64.0458 58.8349 58.6072 62.6454 68.5887 65.2533 67.599 68.5194 69.8853 70.395 70.6375 74.2698 78.9364 76.4967 84.6472 79.1542 86.8494 80.812 83.6822 94.5643 92.3176 94.2427 90.2738 96.623 98.8598 102.344 97.5682 101.29 111.083 107.842 105.927 113.676 114.78 120.827 121.851 125.365 132.565 131.991 141.824 148.931 161.777 166.543 179.266 195.968 201.213 200.892 193.983 180.172 173.055 154.884 147.703 138.598 133.149 130.853 121.238 121.579 121.104 114.552 111.791 109.791 107.104 108.94 107.154 99.5229 92.1444 95.3561 92.1543 94.3516 89.8087 93.0253 86.0328 88.9525 84.6323 84.6224 86.7207 82.7568 79.1443 77.0262 73.7502 74.156 72.2161 68.8609 69.6972 66.535 70.0684 60.9133 57.469 61.2993 59.9038 60.9133 59.211 61.3043 57.766 57.2117 53.3913 59.211 53.8169 55.7568 58.8398 60.458 56.2715 56.3506 58.2707 57.2364 60.4828 58.0431 55.351 61.4478 59.3891 55.2718 55.6826 56.2813 57.4245 47.1758 52.0898
53.5464 50.7635 53.7513 57.9233 55.3751 55.6 54.0511 66.722 56.7192 55.7149 60.4065 51.7378 57.0239 59.2423 56.939 60.6363 55.625 56.5293 55.57 58.6728 53.2367 56.7342 59.2673 56.6492 60.1967 54.6956 58.7527 63.919 61.6406 59.6271 59.747 65.8976 65.1681 66.4921 71.0289 70.6991 71.5385 73.2972 81.2415 74.1716 80.9867 89.0609 87.7468 93.4477 92.6283 102.901 107.697 108.427 105.214 100.073 108.792 104.62 111.824 106.383 106.278 108.157 103.116 103.331 106.293 115.852 107.313 120.428 119.579 131.226 139.085 146.19 163.882 178.417 191.712 199.836 200.406 192.911 178.442 164.956 150.277 138.83 130.921 116.946 118.425 112.329 106.603 110.465 104.884 111.909 104.984 109.051 108.057 106.328 110.096 110.955 106.313 107.393 105.554 105.759 99.5333 100.643 96.2857 87.1722 83.9146 84.6241 77.1644 76.0103 68.8105 74.5813 72.4029 72.8476 71.7134 68.8554 64.7884 63.3794 64.9432 61.056 58.323 64.3687 59.0575 58.8426 54.4358 54.7656 57.1988 60.1917 58.8127 55.8648 56.0746 57.6885 54.4808 62.9147 56.3195 60.8762 58.5379 55.7349 56.6492 60.2166 58.0882 61.9904 59.1824 58.1631 60.9411 54.126 41.9898 54.3359
46.1638 46.3303 52.1663 55.4652 57.2155 55.0516 58.4513 57.7149 65.1852 64.1714 68.2621 56.5497 63.9645 62.4059 56.363 60.5749 57.957 55.8586 62.305 53.1298 57.0289 54.2798 60.2319 59.6216 60.933 59.9746 57.6039 68.0452 58.9507 64.1915 60.817 63.6064 63.8334 67.3038 71.5005 68.1613 75.7224 76.8825 79.2836 76.8119 85.0641 88.1663 93.3365 100.398 102.35 104.005 120.706 107.304 114.703 109.866 118.431 111.727 113.457 108.832 112.151 106.371 105.599 108.005 109.977 105.992 108.176 113.987 122.855 135.959 137.412 151.42 164.171 179.954 191.944 200.953 202.411 193.916 176.943 165.2 150.502 143.445 134.971 126.421 119.243 108.126 108.06 103.571 100.096 107.258 99.9645 104.615 111.758 111.798 115.798 112.888 118.149 115.258 110.663 102.623 107.848 106.91 97.3365 92.1965 91.6568 84.9178 79.102 73.5131 74.3403 73.967 73.7401 63.8031 67.218 71.8838 61.7653 65.5585 64.242 61.7401 60.7615 62.3857 57.0944 56.3832 57.9116 58.7035 57.2609 56.3328 55.1676 57.5989 63.0768 60.1461 57.4425 57.16 59.0415 63.8788 63.672 57.4828 60.2369 60.5093 62.0629 57.7351 57.7098 53.9419 55.4551 54.6985 54.5623 51.3643
49.4826 50.1649 54.106 52.0794 54.6406 55.1294 58.3373 50.3533 62.3598 57.9656 56.55 66.6268 61.3771 63.0676 65.028 61.7845 56.9065 64.4882 54.7526 57.3749 62.9199 54.6253 58.2864 57.2273 58.8872 62.9199 61.2804 66.9425 58.3831 58.8057 65.7306 62.7927 64.6461 66.4893 68.5974 68.6024 74.7992 74.1475 75.5579 83.5267 83.6641 96.9691 101.521 93.6594 102.107 109.317 117.642 109.505 118.492 117.041 120.677 118.385 118.431 114.724 106.608 107.469 106.598 103.013 110.58 109.332 115.773 119.058 125.305 133.788 139.583 149.614 158.199 176.875 189.9 199.702 200.232 189.676 176.784 160.24 147.205 140.764 132.775 125.025 119.114 119.108 111.44 110.422 114.449 104.174 111.236 109.958 111.236 112.428 120.646 119.801 117.927 117.53 111.522 110.875 108.935 105.254 98.1912 104.587 96.5465 87.7427 86.1795 81.3932 76.3828 74.3817 70.4559 73.0578 70.3388 66.9781 65.3793 66.5097 69.4528 60.9952 60.8068 60.7661 62.0543 57.0694 69.9467 69.0302 61.5401 58.9992 57.6906 60.7203 61.5146 57.8536 62.4617 66.912 64.03 64.1216 58.7294 62.1562 52.3187 59.3811 59.488 54.8748 54.0907 55.0683 57.4819 51.7586 46.6006 44.4976
47.7055 46.6724 47.5821 51.7606 54.978 51.7452 57.2188 55.3532 55.5947 63.1139 59.1102 58.0617 58.1851 56.2217 58.3444 55.9545 60.945 62.6873 64.738 62.2761 62.8312 66.1565 59.8092 63.5148 63.1807 65.7608 67.2872 61.7468 68.0273 66.2542 63.7409 69.0295 69.4304 69.415 78.0803 82.1046 80.8968 87.681 88.7809 91.2376 96.4851 100.278 100.694 105.962 107.453 106.451 108.481 107.438 108.347 103.1 108.167 104.662 106.543 105.706 114.489 110.999 112.063 108.404 108.44 112.814 117.11 115.142 118.333 124.465 131.27 137.895 159.753 172.206 190.791 199.955 199.133 187.949 175.563 162.004 141.744 131.871 124.799 121.037 118.457 119.279 114.653 120.035 116.483 106.528 109.452 111.647 112.423 105.639 102.879 108.825 106.631 109.041 114.217 113.199 105.366 103.172 102.591 99.5534 95.375 99.538 95.1385 91.3455 80.316 81.6729 76.2763 79.6993 73.8453 66.7681 62.6051 69.6771 72.324 65.6785 61.5206 68.0427 67.2204 67.1228 60.3591 63.2527 62.9957 66.0589 58.6785 64.0904 65.7865 65.1903 60.6315 64.774 55.6153 55.9699 59.7886 59.9017 56.2372 55.9699 55.6769 56.3143 53.3127 53.2768 53.359 53.7239 53.1688 42.4734
48.8591 50.0003 53.2112 56.7697 50.1818 59.2492 61.4331 64.2757 54.7363 56.8112 61.5368 56.2406 59.7939 59.327 56.4377 57.7086 62.678 63.3472 67.9068 67.4244 66.6774 64.1305 66.0135 66.0809 62.9374 67.7771 66.5581 74.1368 70.4486 72.8244 75.9575 75.8641 74.5621 74.9512 81.622 80.2526 91.2185 101.536 99.2225 104.368 108.16 105.323 106.428 107.055 103.943 101.889 96.8104 89.8231 95.2438 96.5614 93.6825 94.7251 97.2721 100.908 110.852 114.94 109.218 113.27 119.126 112.907 116.263 117.067 113.119 130.346 128.749 139.268 153.845 171.456 190.394 200.774 201.516 191.385 174.853 157.045 140.467 133.874 122.508 120.387 114.681 115.941 114.732 113.928 114.847 113.036 109.779 103.87 101.671 97.1268 98.7453 98.6623 95.332 103.409 95.8767 99.264 89.1176 98.7089 106.454 111.729 109.659 101.961 97.7026 98.8801 94.5747 90.0202 84.3765 85.0041 79.8116 77.7471 73.618 75.501 74.9045 62.5639 68.3114 65.1264 65.9305 67.7356 62.0763 66.3506 68.0832 67.2532 67.912 66.7189 61.485 61.7495 57.6308 60.6913 53.9789 59.0884 57.304 60.4164 54.2487 53.9167 56.9513 61.874 58.3415 50.6746 55.0475 48.3663 51.0326 47.3911
51.879 49.4499 48.6961 51.4497 52.3449 55.1613 62.1239 58.6112 56.9046 58.072 58.1034 57.983 58.5536 58.5798 64.9299 64.4796 58.2395 64.9665 63.5216 64.3174 61.5585 73.4891 67.3432 66.7412 73.0494 68.0813 73.9655 80.2318 80.1533 79.9386 88.812 85.1946 87.6812 91.3248 97.3765 93.3874 98.4549 101.842 98.7585 105.255 109.134 97.722 97.8947 99.3448 93.3664 94.3506 90.885 91.0526 88.9114 92.6231 97.9314 93.7748 97.6487 96.6488 99.1197 103.894 108.726 109.647 108.407 108.522 111.998 115.401 121.766 127.907 133.111 143.732 157.961 174.975 188.01 199.569 199.679 191.439 179.1 158.909 143.052 131.514 128.179 120.185 111.113 115.196 107.286 106.203 105.737 101.078 96.3766 98.7376 97.7691 98.235 91.6075 94.4972 93.9214 90.817 90.6704 91.4033 89.3459 93.1099 93.3821 101.245 101.004 103.528 104.365 108.38 103.821 105.234 100.994 92.0001 93.3769 92.2147 82.085 84.4722 83.6974 76.1851 74.0492 72.9813 69.7408 64.7309 73.2797 69.4791 63.6368 64.8042 63.5583 63.6996 61.569 56.8365 64.108 57.8155 59.0719 55.1142 59.8885 55.6639 61.7522 57.9202 55.9937 53.2244 52.5543 53.1197 48.8898 53.0883 46.644 46.3037
46.7363 47.9778 50.0592 56.5781 59.0662 56.2611 57.0747 61.9295 56.5992 61.2797 60.7462 57.3018 55.5638 60.1598 63.7256 62.8962 64.0003 68.3057 64.5656 66.6206 67.3179 68.6227 70.646 70.2604 72.9493 76.214 86.024 78.5807 88.2322 87.0013 90.0231 98.9456 101.36 105.898 102.401 98.9826 101.476 107.292 107.092 100.441 96.0718 97.9525 91.6713 89.7167 90.0442 84.2121 91.0743 83.4619 90.9687 91.5551 95.9873 90.5778 93.5678 95.6809 97.6619 99.4527 95.8077 100.752 99.9546 103.446 109.263 119.807 123.737 130.209 139.475 150.648 160.659 178.704 194.621 201.24 202.382 192.043 176.586 158.699 151.213 135.925 122.179 122.026 116.88 113.003 106.606 98.9615 99.9969 96.5367 93.8319 95.216 96.0612 102.158 95.2213 85.4482 89.928 89.368 87.07 92.5852 93.4621 92.2154 86.6527 91.7769 90.8894 94.8885 96.7902 102.506 103.679 97.9736 100.192 103.557 100.752 100.066 99.8331 95.4643 89.8276 81.3699 76.7211 73.4723 76.1506 71.6708 74.4126 70.4083 73.6994 66.4409 66.5889 68.6333 66.0923 63.2872 69.357 59.8745 58.3267 58.8972 63.8154 58.2474 50.5241 61.9823 57.9516 57.418 58.6859 53.8469 56.2558 49.4253 47.925 47.4654
50.3995 56.4602 56.6148 53.07 63.1712 63.603 55.8632 66.1776 64.2693 64.845 67.9367 60.3408 67.6968 65.8151 64.4879 67.6435 71.8119 72.0518 69.7597 83.5869 72.846 73.9867 76.3534 79.0187 80.5379 85.5858 89.525 90.106 87.3982 94.7915 106.06 98.5868 104.194 99.8821 101.449 94.445 94.4663 89.1732 87.6487 88.299 89.5143 87.1529 84.5037 92.9418 80.1594 88.1657 92.5794 94.3331 92.9418 87.6114 92.4461 95.9855 96.3107 96.1294 97.1902 93.6241 95.7137 92.9312 96.865 99.6742 108.843 113.752 115.17 127.702 138.666 144.711 164.173 179.237 193.885 200.681 200.585 191.193 174.354 161.081 151.262 134.439 124.738 118.288 113.054 105.959 103.896 92.5634 97.9471 94.0559 95.1966 88.6242 92.6113 90.3299 88.9227 87.2329 90.3139 93.0964 90.4258 87.3982 86.4067 83.0165 90.847 87.4408 88.2617 87.3395 87.9632 96.7158 94.5036 102.345 95.4152 100.975 103.752 104.621 97.3235 107.505 98.4642 94.2105 93.2137 89.0186 82.83 88.0112 78.7362 76.7266 77.4195 75.5326 71.9825 72.8887 68.3631 66.3588 67.2863 65.0902 66.087 67.377 65.6499 66.8919 64.3812 62.0572 64.0028 65.8951 56.6468 68.6296 56.5295 56.5082 52.4357 53.5018
53.0503 53.6419 55.7556 59.2299 64.3338 63.9304 62.9785 63.9358 70.1261 68.5395 70.3304 74.676 74.1167 72.6377 70.5456 67.8296 70.5563 72.8528 81.2804 80.9254 80.7587 83.0391 85.3893 85.5668 93.548 91.031 94.0267 99.1843 97.6946 108.107 103.417 109.268 102.148 94.1934 93.6448 95.4788 91.4989 97.4364 91.2354 85.0236 86.395 94.7205 89.111 85.4485 93.2199 91.1547 87.745 92.424 90.2189 93.2307 90.9557 88.5194 91.3107 89.8209 95.3712 88.8475 91.2892 95.2529 95.4035 101.949 103.562 111.624 119.116 128.194 137.714 147.072 162.152 178.663 189.839 198.917 198.078 189.151 177.754 159.877 144.625 138.983 124.467 120.788 110.172 107.988 105.047 97.587 91.2784 88.5732 87.1856 87.8794 90.5201 96.3285 89.4337 90.4878 94.6721 93.4942 87.5675 85.2118 91.5742 80.9685 92.2142 90.1867 92.069 85.5883 91.0257 87.6213 87.4653 96.6781 96.5168 95.5003 93.2415 102.734 101.68 93.946 99.3618 100.4 101.513 91.9023 95.0109 90.1705 91.9991 86.7392 86.5456 77.9836 78.9194 72.2182 75.2138 71.7341 77.478 71.3792 76.4723 70.7822 66.641 71.0887 68.6255 64.0648 64.8339 66.4205 61.08 62.4998 55.6319 55.8255 48.0433 50.6678
59.9833 57.6122 55.9736 58.9361 62.6963 65.6317 71.8226 71.5405 78.1981 76.8362 70.0701 77.2431 72.1645 80.5366 78.0678 77.981 82.4628 82.6581 87.8236 89.4677 88.6592 95.957 91.7357 101.991 96.4942 95.0943 102.864 104.275 96.9283 102.815 98.5506 94.8773 88.708 95.8105 90.4931 86.7656 89.1475 88.2957 84.9642 92.1263 88.5995 84.8611 92.3488 87.5143 90.4552 92.4682 89.0173 95.2137 86.6787 85.1866 86.8198 86.223 90.9815 85.5067 88.8003 88.6049 95.778 92.9022 98.3227 101.909 110.564 115.235 116.825 123.38 137.08 149.668 164.833 180.362 194.144 201.274 201.692 191.203 178.48 160.514 149.332 136.049 130.33 118.312 109.261 104.405 103.184 99.9288 98.4746 91.8768 90.6722 89.3103 87.1833 83.7759 82.7287 83.1736 89.663 80.7862 88.8762 85.9191 87.4926 88.0515 87.4601 80.1188 89.8149 86.8686 87.8073 83.472 82.8372 86.988 87.3353 91.014 99.2397 91.8333 97.9592 92.1101 95.7943 94.351 94.1556 95.9516 95.6206 99.9234 91.6923 89.4351 94.6548 93.2983 88.5778 89.1095 81.6869 82.5768 81.79 83.9441 79.7499 74.0093 80.9327 71.8443 73.7217 74.21 70.8243 72.2296 59.457 62.5172 64.9155 54.921 56.0061 52.5281
63.0178 66.0502 66.9588 65.7656 74.3591 80.4458 76.2038 77.3258 81.3763 82.4108 81.7376 73.4505 87.3097 87.3699 86.5927 89.7072 87.868 87.4192 87.2933 99.9374 96.3795 98.3172 99.3572 97.622 97.0254 101.328 94.0259 99.7294 98.9029 96.6149 91.7872 91.508 89.4116 88.6891 84.978 80.8344 81.9784 83.0184 82.9473 83.1224 90.5556 81.8142 88.1034 84.2226 88.4866 84.447 83.9544 87.2386 79.8218 82.9089 79.2526 83.8395 85.5801 94.9564 89.5211 88.8697 91.7379 100.151 97.9559 105.471 112.434 114.349 121.624 126.041 134.219 150.021 161.269 176.617 191.785 199.092 199.185 190.893 176.678 160.837 146.901 135.029 129.621 120.682 105.991 107.453 103.172 95.9581 99.6856 96.7955 91.7379 88.2676 87.6436 83.4782 84.5674 81.6993 79.165 78.8475 82.1809 87.1838 90.063 88.9463 87.2112 86.4066 81.7431 89.6579 79.9915 88.5851 80.3144 80.2871 83.2264 85.7497 86.7678 90.4571 94.4802 96.2263 99.7294 98.662 98.7879 103.276 107.261 98.8426 99.505 97.6275 95.1917 92.6356 95.1151 97.7698 94.9235 92.132 94.108 89.5539 83.1005 82.0769 78.7709 86.018 83.0129 89.0558 81.2121 66.8001 72.7718 69.2358 68.6775 67.5007 68.7542 61.6275
72.2799 66.2727 73.2903 77.597 83.7036 86.0501 87.7231 87.5188 91.8696 91.3341 84.1453 90.1138 87.3035 91.4279 89.0703 88.739 90.9586 93.399 94.5696 92.6426 98.683 95.5137 101.996 100.781 96.9934 94.1113 100.908 95.0941 97.4572 92.0021 88.6728 88.6672 89.9868 90.0586 85.1667 89.3629 90.6384 88.1041 90.7874 91.5825 87.309 87.3808 83.8582 85.7851 84.7857 86.1274 79.7944 83.2619 79.6951 83.4054 85.3103 83.3171 81.8097 87.3587 97.2861 89.1145 97.4186 100.107 109.483 112.641 113.287 121.823 120.172 126.047 131.905 143.428 164.597 174.944 190.895 200.243 200.789 190.497 176.893 156.21 148.635 131.298 125.809 120.917 110.261 112.426 106.12 106.987 102.509 103.906 95.9609 92.9629 95.072 89.4347 86.652 87.3311 85.2219 84.9845 82.003 87.7783 87.3863 81.6331 83.2563 88.7059 87.3366 89.2415 85.1391 91.4942 85.9894 83.3447 87.9163 86.7679 88.7335 94.6634 92.604 92.4825 91.5715 96.756 94.7518 101.836 100.074 100.119 102.785 101.339 96.6235 93.3383 91.7482 94.8015 93.1837 92.5653 89.3408 89.8543 97.4848 93.8849 88.9654 85.8072 87.7231 87.8943 86.4918 83.2011 81.2686 77.6025 83.3005 72.6333 66.996 76.7577
66.0992 65.7707 72.0637 76.9533 86.404 84.143 84.5997 88.0191 84.3769 86.2871 91.6557 84.1653 86.599 91.1489 87.4733 88.6539 85.6578 102.989 97.8819 102.933 93.8499 94.3789 102.493 103.607 99.6807 101.585 93.2429 97.1523 91.7448 82.9178 95.1809 81.6759 77.5047 86.3038 84.104 81.0744 89.144 89.5004 86.2258 87.2672 83.3076 87.5123 78.4904 78.1952 77.4768 80.7681 90.5251 81.7427 87.774 85.7358 87.5234 88.3142 94.5126 96.7848 98.0434 103.128 98.6838 107.411 110.774 109.204 113.392 116.973 120.531 123.221 126.735 141.883 158.067 174 191.203 199.45 199.718 190.028 174.657 157.872 139.728 131.252 121.985 116.405 115.447 111.454 103.93 106.492 109.026 103.807 100.733 97.5255 104.754 87.9021 88.6539 87.0946 87.5513 83.1461 82.8287 82.2272 87.9578 86.1534 78.9359 81.5645 84.1152 85.6299 77.2429 83.4858 83.5972 87.412 81.0243 85.0285 82.0379 85.7246 83.8144 82.2217 95.7935 95.8993 90.191 93.2317 96.8906 98.94 96.2613 100.193 96.6455 100.115 95.4426 97.5422 92.8642 96.7235 101.001 88.3699 93.1259 93.1816 84.583 84.8781 88.4256 84.2934 87.9077 86.2815 76.7584 85.9307 72.5204 73.8514 65.0244 74.3582
72.288 74.1809 79.1181 76.8489 77.1915 84.6787 85.128 91.5536 83.1621 87.2624 85.465 84.0496 82.4657 86.3132 83.4205 81.7411 87.7117 88.0038 92.559 97.0468 89.4698 95.9235 89.3631 93.879 97.7096 85.5549 93.4184 83.1172 82.1062 86.1896 80.8424 81.8703 80.7076 85.3695 83.7126 87.4534 82.6173 85.2909 81.8422 73.0463 82.9712 79.3933 80.8199 83.8418 78.9833 76.4669 83.6059 89.2283 88.9924 93.0982 89.3181 99.6249 101.158 94.8338 103.444 103.821 104.955 100.743 107.23 112.386 108.595 115.464 124.636 126.288 132.157 141.189 157.146 174.098 195.172 201.132 200.587 192.201 179.074 160.168 142.47 130.074 125.867 120.43 116.835 110.1 110.814 107.073 106.129 100.737 103.972 106.725 106.326 97.7321 95.8673 92.6882 93.4409 87.8634 84.3473 79.1798 82.4825 77.7026 76.2984 75.4334 84.0664 79.5786 78.0396 81.9601 78.9271 82.8645 86.3525 85.7852 87.386 84.2012 75.7873 82.3533 86.8131 89.3181 85.8076 86.2514 86.5996 86.5378 100.035 89.7338 90.0371 91.4918 96.0976 94.1879 97.1311 89.5653 85.5942 83.9429 79.4382 81.2693 81.4153 84.1114 77.8093 85.7627 83.7014 82.3758 81.4827 79.3034 78.972 79.7528 77.9104 74.8044
78.0966 77.2469 79.3711 78.3515 79.711 84.6278 81.6765 77.6434 88.5023 78.5158 81.2914 82.3789 80.5663 94.0422 87.3297 86.1062 91.006 90.4792 82.2657 94.4783 87.7546 82.9114 82.3053 71.0726 80.9741 76.3632 82.5262 71.4068 73.4573 77.955 79.1162 81.0478 75.3606 76.5332 77.3828 74.5053 77.7907 69.7981 71.9166 69.968 77.6094 80.453 78.7027 78.8273 86.4631 84.9506 88.8761 85.9476 93.1868 96.7385 99.0836 99.8993 103.61 102.992 100.296 107.156 101.746 106.323 102.913 101.684 110.209 112.752 121.985 122.506 135.54 141.188 158.329 175.86 190.327 198.62 199.107 189.625 173.657 159.394 143.879 135.172 128.397 115.193 117.646 114.321 106.804 102.012 99.2535 106.204 104.182 101.14 98.3699 104.261 99.3102 93.4417 90.3886 91.4592 90.3206 85.0129 86.0665 88.0604 78.3118 79.8526 73.8822 71.6164 73.9162 72.9475 74.426 76.046 78.9802 82.4526 77.3149 81.5236 76.6805 75.168 70.9989 78.3458 74.341 75.7798 75.9441 80.2661 80.5097 86.0609 86.6556 84.5598 89.6182 90.6038 92.5297 94.6653 95.1411 83.2853 89.6239 90.179 81.8748 76.2046 81.6142 84.0047 81.7955 82.8378 79.1728 81.5179 82.0391 81.3933 78.0059 63.5784
78.2461 83.0273 78.8002 90.4989 86.2718 88.3796 83.7013 83.5814 88.9109 90.9101 90.8302 89.682 98.3246 96.7138 103.991 91.0301 94.566 89.4878 94.5203 85.5406 82.9987 86.6945 82.199 84.0041 85.9291 73.8877 70.5803 76.7838 80.5139 73.9962 72.2711 74.5218 81.0794 79.3714 72.0541 73.922 71.6599 71.4771 73.9905 76.264 73.1394 78.3261 78.8231 79.8798 82.3989 89.2365 98.0904 92.5324 102.026 102.952 99.3642 102.42 95.8455 104.494 100.712 100.564 102.592 102.952 110.56 108.492 109.361 119.34 122.259 127.069 133.432 146.907 156.298 175.588 189.777 201.196 200.951 190.594 176.211 162.09 147.707 134.369 127.137 119.78 116.25 111.114 110.84 106.876 108.212 103.666 105.539 101.678 101.072 99.4271 103.666 100.221 101.718 92.0469 97.7877 95.2457 86.2375 89.6192 83.6156 82.0505 77.6578 80.4225 75.6528 76.3725 76.938 74.3789 72.751 77.475 77.515 78.4061 83.7127 79.3372 75.6071 75.7842 77.7949 75.3957 78.309 76.4868 75.0758 80.8052 82.7931 91.23 84.8952 91.4528 89.3736 99.1872 87.1858 101.603 93.4464 91.5156 85.5007 86.6488 88.9394 83.1015 91.3728 87.4714 86.0376 89.0251 84.4382 82.9073 76.1212 73.4821
73.7619 79.0496 78.727 80.9388 89.7343 101.225 97.1243 97.5045 100.217 97.1704 99.5723 97.8443 101.928 98.1496 100.632 94.7627 93.7144 89.7285 90.126 85.2185 79.7926 75.5533 80.0115 75.0464 81.7568 76.1235 75.9046 83.2947 73.5431 79.856 78.7443 77.7709 79.1993 77.4944 79.2281 73.9347 79.447 82.8224 87.2172 83.9283 87.8105 87.1308 90.2296 92.4703 96.6174 96.2834 105.303 102.308 102.349 100.183 97.8155 97.2395 101.888 89.6191 95.7131 98.8581 101.767 101.513 100.615 107.654 112.342 117.768 121.863 130.641 139.915 145.842 161.388 176.75 188.852 198.972 198.206 191.23 176.992 160.818 146.476 141.343 130.647 121.8 117.394 110.919 102.176 99.3131 101.185 103.76 106.398 94.5266 98.6968 96.9573 102.804 101.421 103.708 98.9041 105.217 103.956 96.2315 96.5656 92.7237 91.5084 86.0134 87.2172 81.7683 80.6451 76.0602 74.0845 78.7097 78.5657 73.2781 74.3207 80.0691 84.4524 80.2304 85.4374 85.1206 80.9158 82.1888 80.0633 77.1488 73.3299 81.895 81.6416 85.374 86.4281 95.4021 88.7436 93.5531 97.3835 96.076 103.207 107.227 100.384 97.2395 99.4629 101.963 94.3019 92.7813 84.4697 86.4857 85.1148 74.9946 76.3597
77.1491 77.9854 82.3586 88.9155 88.0327 109.451 101.774 116.002 108.505 111.687 109.388 110.747 112.071 100.722 100.659 99.3925 93.3467 96.5119 87.33 82.4051 85.7155 87.6959 81.4294 80.6396 85.3554 85.0592 87.8062 84.5888 89.2872 88.6716 82.2309 87.4113 79.9136 82.527 83.3634 87.8759 86.6331 92.2317 88.9678 86.6389 92.5917 90.8901 96.2912 99.6539 101.518 99.8455 107.25 102.012 101.867 100.06 91.0585 92.8124 87.5449 99.108 91.8484 98.3588 100.914 101.727 109.318 100.409 107.117 116.67 122.193 138.74 136.55 149.658 162.336 175.363 192.577 200.696 201.05 191.967 176.745 159.572 146.197 139.431 127.589 121.787 119.168 109.422 107.471 98.9686 102.256 100.287 93.0099 91.86 95.4491 91.9064 97.1392 92.1504 97.5573 98.8756 105.351 100.589 101.994 99.0266 103.766 90.7449 91.2502 91.0062 94.1134 85.5587 94.4618 81.4004 89.2407 84.0893 80.3956 84.9198 82.771 86.4414 84.0777 90.1061 87.2719 86.0116 80.9532 81.412 79.1702 76.5858 85.489 87.2777 90.4661 84.461 95.1471 91.8658 102.767 96.0008 106.937 105.723 107.326 105.781 108.418 108.609 102.674 105.967 95.8034 88.0327 86.7318 81.8534 79.9775 76.1096
75.6576 73.2803 82.3679 93.376 99.4305 101.029 111.112 107.441 112.558 112.119 115.252 117.688 106.41 106.082 102.546 103.951 95.8177 93.7273 88.5453 87.3801 90.0618 91.2271 84.628 91.6311 86.49 90.5127 86.0041 81.431 85.1433 80.0023 85.4654 82.3679 81.5715 84.3294 85.6293 87.0463 83.4101 90.0033 93.458 93.944 96.9419 97.5509 104.115 93.7273 96.5848 98.8859 90.1614 94.5061 93.7215 99.6413 91.4671 89.002 97.2991 101.076 96.1397 98.7044 99.4422 100.25 106.633 101.702 107.564 116.171 120.153 128.983 136.999 147.158 162.622 176.042 190.903 199.499 198.457 188.52 178.449 161.199 144.839 134.984 129.761 121.218 120.059 111.721 105.76 103.594 99.4773 97.1996 90.6708 95.8001 98.2945 95.402 95.724 98.277 95.5308 93.2062 91.8536 98.7454 101.374 100.168 94.9921 101.497 97.3342 98.9152 93.3467 90.3429 91.0338 92.1112 83.0529 83.7614 83.9664 89.4353 84.4348 87.1283 89.2304 87.0639 85.9865 88.1178 96.4969 87.8778 85.0789 88.1823 94.6817 91.7833 88.2467 91.918 91.0748 103.359 99.3485 106.164 104.314 108.266 109.004 114.256 117.061 114.028 108.805 109.115 106.832 99.4305 90.6357 88.8791 80.5878 80.5527
87.8738 89.0839 96.9351 101.622 110.949 104.06 113.794 116.173 113.505 115.064 117.879 121.817 114.597 116.64 113.564 106.227 109.987 104.875 100.719 101.923 101.091 97.4841 96.7639 96.5219 92.9623 89.568 86.4925 87.803 87.1064 85.3237 86.6637 90.117 96.2503 93.1512 95.8371 93.7002 94.9162 102.153 101.274 104.633 110.554 107.508 101.38 103.24 101.923 104.001 100.501 95.9965 96.1323 95.9729 97.2066 96.3743 99.2314 96.5632 91.6754 97.6907 98.2692 103.907 108.062 107.531 112.667 112.59 118.924 127.448 134.072 145.53 159.231 179.62 190.594 200.747 200.458 192.076 179.195 162.041 145.736 131.699 131.244 124.662 114.556 111.988 110.53 101.174 100.04 100.955 98.3105 95.6836 95.6246 96.5101 98.9894 93.5408 93.4995 99.5974 98.7237 100.595 101.38 97.7674 106.132 105.707 104.993 105.884 99.013 107.921 102 93.1807 92.9977 93.0272 91.4039 85.849 84.3496 92.3897 88.3756 83.4819 87.5137 89.1194 87.9269 92.0001 101.728 93.6234 98.9362 101.622 109.202 107.218 101.593 109.745 113.818 109.538 115.654 114.503 116.451 120.878 118.954 117.95 119.03 112.643 116.179 112.124 103.895 98.9717 87.3012 88.2221
102.152 108.258 114.988 118.725 122.403 130.555 133.126 126.342 125.587 121.73 122.403 117.827 117.755 116.422 120.493 115.899 113.649 110.495 118.029 117.077 109.103 105.8 109.323 100.611 112.019 105.193 101.242 106.996 103.771 103.396 107.526 102.753 112.667 116.5 112.667 120.04 117.404 121.623 119.868 117.987 114.268 109.144 114.815 110.507 104.413 105.062 101.605 100.7 106.829 105.871 99.7896 100.873 103.08 100.896 103.634 106.871 104.711 109.073 112.786 115.863 118.565 119.296 130.103 136.304 142.903 154.406 166.469 182.732 193.682 202.459 202.418 190.094 183.328 166.856 154.032 142.856 132.811 125.491 116.845 116.839 116.25 112.733 106.907 113.125 103.318 108.74 99.4266 102.325 102.723 102.961 101.855 104.407 104.729 103.598 105.401 109.454 107.621 108.549 110.001 120.635 120.356 121.076 119.255 120.034 116.494 115.333 110.549 108.508 109.656 104.848 106.371 99.4564 105.33 102.944 102.527 102.164 108.591 113.721 110.055 108.43 117.023 113.375 118.374 113.822 117.059 118.82 117.547 121.534 120.022 117.577 125.509 126.116 126.586 127.407 127.521 123.23 121.79 115.256 107.645 104.937
124.038 128.303 127.104 136.683 134.254 139.107 133.696 132.304 131.728 123.144 126.336 124.698 118.046 124.752 126.336 120.001 122.575 131.057 133.324 122.917 123.42 132.478 129.701 128.609 134.566 133.084 126.402 131.063 128.177 126.906 121.117 126.864 126.942 126.312 131.842 124.98 126.384 125.466 125.244 126.186 124.836 125.034 120.445 121.783 111.933 119.089 115.496 114.656 115.232 117.764 117.602 119.389 118.718 113.961 124.878 113.853 123.774 122.257 128.909 132.802 129.587 135.262 140.51 144.415 157.468 168.764 171.931 181.229 192.128 200.892 200.322 192.86 182.458 170.785 158.164 157.924 149.082 133.882 136.497 132.028 127.835 132.268 124.32 118.682 119.311 122.059 118.202 119.539 119.827 120.403 119.107 122.233 119.287 114.141 116.87 119.053 121.135 121.813 124.302 128.735 123.99 127.181 129.035 130.115 125.922 131.878 126.522 122.731 118.472 125.244 130.727 125.022 126.834 127.152 134.89 128.615 130.319 134.638 132.514 132.346 127.517 129.323 127.631 127.211 122.239 124.14 123.558 122.317 127.403 121.309 134.182 134.08 134.35 134.554 133.576 133.888 127.835 121.921 121.291 122.581
136.386 130.563 137.184 140.655 140.945 142.142 134.905 138.829 135.056 141.441 136.398 134.548 133.175 143.073 144.536 142.384 140.836 137.722 143.926 150.933 147.027 143.817 145.74 149.712 152.282 152.445 150.655 150.71 148.654 150.649 146.858 147.173 149.138 143.738 145.504 143.823 141.9 145.933 142.287 139.355 135.261 139.343 137.879 132.831 139.04 139.766 135.576 133.544 137.257 138.399 133.012 139.669 139.216 137.644 138.623 139.844 140.933 137.517 147.862 146.187 149.367 150.069 154.289 156.206 165.686 175.542 180.566 188.463 197.212 202.242 202.708 197.707 191.564 176.412 170.318 164.35 160.124 155.752 151.085 154.724 151.937 153.92 143.902 135.437 139.814 138.52 139.82 137.892 140.008 134.221 134.022 135.425 133.478 135.727 130.261 134.361 134.76 144.53 142.082 137.009 138.097 138.877 139.137 144.929 137.517 144.264 144.621 145.026 146.163 146.755 147.862 144.609 148.176 147.717 149.706 154.077 146.647 143.611 142.227 141.773 144.016 142.807 146.356 138.986 144.899 142.638 141.737 142.868 137.426 138.369 138.95 139.724 136.211 143.95 141.344 142.789 142.275 133.091 132.873 137.003
137.578 143.672 142.179 146.348 141.734 140.351 141.125 135.549 139.419 135.458 138.596 135.701 136.823 136.049 132.63 131.557 135.037 143.94 142.722 139.187 139.821 138.565 143.666 145.391 148.596 151.942 152.941 150.181 158.804 164.684 161.058 158.487 157.201 156.074 154.27 155.58 151.527 152.149 140.906 147.188 137.292 135.823 140.321 139.656 143.544 139.48 138.047 134.604 140.808 141.759 142.356 140.564 140.583 141.619 141.747 146.622 144.989 145.531 151.783 149.352 149.681 149.9 152.929 160.827 162.137 166.634 175.861 184.856 194.563 200.31 200.158 193.29 184.819 176.97 167.677 164.148 154.136 156.348 154.05 155.415 152.21 151.18 146.853 141.942 145.848 147.969 143.215 145.781 143.008 143.13 141.753 142.77 144.867 141.588 143.014 139.888 143.532 143.24 140.96 141.393 143.368 144.769 145.19 149.711 150.022 155.641 157.883 161.205 161.022 160.004 161.29 153.417 154.702 152.271 151.436 143.173 144.763 146.354 138.492 140.211 140.113 143.428 141.296 140.119 137.523 141.009 138.712 138.047 135.659 142.039 139.967 142.685 144.702 146.658 142.752 148.602 145.616 151.119 139.175 140.26
146.474 142.752 153.426 157.842 155.515 148.421 147.064 148.697 142.408 142.5 143.483 140.375 138.41 144.429 136.893 130.641 134.08 134.105 134.897 133.638 131.9 130.002 131.703 138.023 148.206 143.44 149.158 149.084 155.367 158.794 164.003 158.254 154.698 152.665 146.824 148.918 144.668 138.14 142.384 138.895 137.532 134.897 130.985 134.842 134.012 135.542 132.569 134.086 135.873 136.457 136.402 135.499 133.005 135.787 135.72 132.698 132.035 141.29 137.452 145.762 147.033 148.839 153.66 156.614 160.692 164.561 171.127 182.723 192.531 201.829 201.928 193.692 186.352 175.131 165.575 160.569 158.929 153.973 147.113 144.478 142.206 145.866 142.777 136.064 135.83 139.626 142.617 132.354 133.349 131.93 133.024 136.107 133.533 131.918 137.802 135.007 132.821 137.243 133.945 137.231 138.527 141.874 140.824 142.562 145.135 145.774 151.455 158.223 161.03 152.769 158.764 150.607 150.976 152.665 141.978 139.172 141.567 138.373 137.888 134.313 133.386 133.018 128.626 134.749 133.183 139.208 142.427 144.312 142.163 140.633 149.041 138.091 147.678 144.109 145.995 153.353 158.285 141.045 150.669 146.05
141.218 136.83 150.057 147.111 149.401 146.999 145.774 144.202 147.922 140.748 139.188 133.098 135.679 135.796 140.389 134.33 136.075 134.54 138.996 136.836 133.909 130.09 135.871 134.274 137.164 132.355 137.121 140.63 140.389 140.055 141.287 138.254 138.984 141.379 137.09 136.384 127.924 129.941 131.049 125.819 117.364 118.41 123.603 122.186 117.389 118.745 122.805 118.918 123.814 114.598 119.883 117.463 119.89 123.956 124.464 130.634 131.736 138.087 136.972 140.439 152.007 144.994 147.872 158.239 162.572 166.577 171.522 186.395 194.386 199.084 199.455 195.382 184.13 176.901 170.334 159.966 154.371 151.146 145.421 145.483 137.202 136.391 141.373 132.454 127.045 130.789 121.901 124.043 122.403 119.017 119.073 119.716 115.798 121.462 117.265 116.64 115.223 119.258 123.696 123.244 124.959 129.007 127.527 131.6 137.981 133.494 143.032 142.172 140.544 139.572 143.967 137.226 136.211 136.094 132.918 132.795 138.415 133.005 131.681 136.564 137.752 130.597 138.718 135.704 140.117 139.492 128.753 137.988 140.655 140.284 143.936 141.027 138.699 146.826 146.523 147.334 151.431 150.397 138.464 137.294
120.795 124.675 132.34 141.241 139.076 136.02 142.956 143.43 149.193 137.174 134.922 130.425 127.263 130.413 127.825 133.213 134.442 132.615 134.342 135.378 137.692 145.276 139.182 142.357 144.883 141.696 141.871 137.124 134.186 132.715 125.224 128.642 127.245 118.438 122.186 122.623 123.639 116.616 120.702 120.752 115.93 111.402 108.951 111.421 105.258 103.431 112.063 113.872 112.986 117.801 114.028 120.271 120.621 126.378 123.421 130.469 130.544 134.118 135.559 132.34 133.613 139.02 141.621 143.81 148.688 161.125 176.761 182.836 194.157 201.411 200.799 194.806 183.273 165.578 162.634 149.449 147.328 143.118 138.328 137.879 136.482 131.841 125.442 129.253 125.635 129.041 120.527 123.933 117.327 115.263 116.828 117.789 108.458 111.022 110.947 104.809 109.387 109.138 113.872 117.814 124.07 117.446 122.236 119.298 121.893 126.87 118.063 125.617 126.01 119.236 133.806 138.958 140.249 140.866 138.852 143.48 140.193 141.659 142.189 133.232 128.33 133.9 131.037 130.207 129.128 128.536 129.24 132.359 136.232 130.026 145.669 141.253 137.093 148.838 144.802 139.819 135.159 129.06 129.103 121.176
100.86 108.923 115.925 120.701 120.997 131.53 130.688 129.557 129.77 134.019 125.698 126.961 123.41 117.999 123.498 116.949 124.145 119.828 124.617 121.726 135.201 134.34 139.512 133.353 142.309 136.615 133.805 136.112 134.93 130.613 127.156 127.992 122.581 126.534 119.991 114.134 118.596 114.523 110.589 122.342 117.804 119.872 110.991 112.305 111.557 112.022 114.699 109.03 112.864 112.236 114.24 114.724 117.634 118.495 120.343 120.632 115.089 123.743 124.039 119.47 128.884 127.715 132.919 136.2 146.3 156.085 164.507 178.679 192.487 201.896 202.128 193.229 178.981 162.779 151.812 146.595 137.803 132.222 132.479 124.667 124.384 120.337 121.707 120.456 119.979 119.564 118.791 115.849 115.56 121.462 109.866 112.104 112.248 112.676 110.872 113.386 112.481 110.652 115.227 115.774 113.694 117.025 114.976 115.9 114.109 118.131 114.9 124.73 123.825 128.966 130.688 139.009 131.574 136.068 141.957 134.264 137.023 132.178 127.081 129.243 125.384 120.915 122.398 121.305 123.611 118.049 119.658 123.875 119.363 128.689 129.456 140.656 134.867 128.023 130.506 127.602 123.467 115.673 114.662 104.826
81.0891 92.6018 104.089 106.724 116.001 121.688 121.346 120.383 121.13 122.169 117.141 120.041 120.003 118.103 105.267 112.784 116.115 115.494 114.639 120.13 117.419 120.079 126.101 123.581 122.834 119.021 115.494 120.079 121.656 115.95 115.38 110.707 117.362 122.694 116.875 115.994 118.312 121.764 116.083 118.737 116.203 121.833 116.039 117.584 117.628 114.424 108.034 114.817 113.1 110.453 109.041 111.251 119.541 112.974 118.699 112.923 113.67 114.601 115.672 122.802 120.871 123.898 130.749 130.123 139.951 150.919 160.589 177.396 190.308 199.857 200.497 190.802 179.327 161.304 153.313 141.319 130.711 127.4 121.89 125.335 118.705 115.767 114.633 116.982 111.999 112.493 113.398 108.902 109.884 114.373 114.297 111.796 114.354 115.615 116.298 109.073 112.702 116.64 116.488 117.172 111.074 114.817 113.214 115.431 122.865 117.755 114.918 119.389 116.856 117.413 114.348 114.38 125.253 121.839 121.751 126.013 121.042 126.564 124.487 122.067 119.357 117.711 111.878 111.03 111.587 113.265 116.78 112.309 119.496 123.562 122.726 118.515 122.973 126.032 119.636 118.705 107.895 105.508 90.4107 87.9473
91.3281 94.0908 102.455 108.179 109.161 112.849 119.114 120.665 118.738 121.048 118.476 115.829 113.072 113.985 115.299 111.311 113.462 110.616 116.569 108.708 116.09 116.849 118.234 112.804 110.782 108.931 111.273 106.724 109.723 105.901 102.966 106.501 105.856 104.995 104.038 111.471 112.205 113.94 112.058 118.668 117.998 118.808 120.741 126.146 123.542 116.901 119.312 115.522 117.239 118.113 117.034 111.299 113.391 116.314 120.072 124.41 118.559 126.248 127.434 126.107 127.913 133.017 131.735 141.65 144.1 148.336 164.415 178.522 193.484 201.644 201.944 192.374 176.461 163.56 157.575 144.687 138.734 130.944 133.151 123.951 123.919 124.385 117.998 118.489 119.599 124.653 110.775 120.403 118.725 110.182 116.128 120.722 118.413 121.099 114.795 122.63 122.515 115.452 116.62 113.181 113.946 112.562 109.793 111.426 107.113 109.467 104.695 105.078 101.052 106.239 110.15 110.661 105.614 107.891 110.667 111.011 116.435 111.286 116.192 114.974 118.547 113.608 112.383 116.798 109.384 112.581 119.121 115.886 110.756 111.311 120.722 118.151 119.797 116.39 116.014 110.673 110.156 98.691 91.8194 90.2243
91.6384 90.4942 94.1389 106.23 115.204 110.839 110.807 117.261 118.418 121.805 118.675 114.027 124.454 119.247 117.473 124.556 115.724 116.984 111.887 108.184 112.999 106.558 105.324 103.614 102.849 98.9085 99.3456 94.2418 95.1802 96.4659 99.757 97.5458 97.083 97.7515 91.4006 99.0885 96.8837 104.842 101.036 105.979 106.346 103.556 109.393 110.762 115.737 116.984 120.667 118.81 114.786 125.212 115.037 119.118 121.728 121.915 125.617 124.794 124.724 126.048 127.918 128.208 140.98 136.384 136.892 142.748 148.867 162.289 167.554 182.088 190.508 198.801 199.09 192.777 182.801 165.895 158.407 147.203 141.295 134.616 137.85 135.452 129.005 128.741 123.438 124.563 121.072 124.685 121.927 128.715 119.51 117.164 113.217 116.933 115.094 116.811 113.147 113.205 110.884 110.363 116.001 111.173 105.092 103.202 102.997 99.8663 96.453 98.9278 98.5678 88.148 97.6679 99.4421 92.2491 99.487 99.2428 94.441 97.8286 98.4393 105.465 102.585 106.866 105.6 119.003 111.893 111 115.114 118.855 121.921 120.16 119.298 122.197 118.328 118.212 117.627 113.622 121.754 103.967 111.803 106.789 101.332 94.9167 88.6108
91.1466 96.9424 97.4993 107.699 105.445 113.08 105.439 112.16 112.828 117.697 125.416 123.765 120.734 122.327 124.264 111.746 114.375 109.544 113.715 108.366 99.5716 93.9636 97.5965 85.7458 91.5869 97.8685 91.043 89.7154 89.1521 97.6677 100.264 94.9608 97.7066 95.8674 98.2376 94.6176 95.2393 92.8173 97.7584 97.577 99.591 101.352 101.424 104.156 106.371 108.936 113.093 114.162 120.877 118.215 119.264 115.515 123.629 125.093 122.684 131.381 129.716 130.357 129.749 132.08 136.516 140.265 149.739 153.806 156.157 169.465 171.543 186.509 194.979 200.788 201.662 193.069 185.602 173.538 162.607 157.232 153.172 146.443 137.818 137.287 136.866 128.492 129.71 132.838 125.481 126.517 121.641 112.62 122.664 115.69 115.774 123.137 115.599 112.167 110.846 108.314 103.056 100.219 97.1496 98.9758 95.1033 95.6602 94.8119 93.8858 100.18 96.3661 94.6629 94.4946 97.6159 94.8313 87.9281 89.8968 87.9735 90.9717 88.5563 89.1456 88.3102 92.1244 96.5085 99.8241 103.088 116.953 113.449 114.459 122.049 115.275 126.148 124.957 120.029 118.649 121.9 127.935 114.777 110.477 112.866 106.598 105.477 97.3439 88.8283 91.3862
88.8697 93.2469 100.729 100.377 104.356 108.297 111.115 118.93 111.304 116.079 116.816 118.375 121.468 118.878 126.452 121.676 116.784 112.035 109.223 97.7938 98.3614 90.618 87.9825 89.2611 91.4269 80.363 89.2219 89.1371 85.0991 92.6729 89.9526 94.5908 92.986 91.4269 94.5451 100.651 99.7965 96.4304 104.174 102.236 99.5812 108.408 110.136 107.683 103.241 108.408 115.107 109.667 111.428 119.524 115.91 119.608 119.98 121.187 124.553 130.294 126.432 136.987 135.532 138.116 140.947 146.133 147.666 146.851 160.85 166.01 173.095 185.02 195.751 202.842 202.985 195.092 183.317 175.182 164.444 156.27 152.043 146.824 145.415 142.349 132.734 140.745 127.561 134.286 131.22 130.046 123.862 121.833 128.944 120.88 115.205 115.923 113.6 105.779 106.392 104.924 106.842 106.777 106 107.97 106.757 96.2673 100.423 101.193 95.9542 94.0754 100.051 91.1333 90.9572 91.603 91.2181 90.0047 92.4576 89.3981 90.1026 84.675 85.8362 95.5302 90.0961 96.6326 104.246 108.453 106.092 117.58 120.535 124.403 114.514 125.799 124.521 117.364 117.247 105.218 112.889 103.913 110.528 104.167 105.002 99.0528 99.6269 94.095
91.6488 95.2039 91.8131 103.405 105.764 104.272 106.671 104.252 105.054 107.347 112.112 117.211 113.669 122.665 115.739 120.451 106.572 107.886 105.83 100.198 98.3252 92.0957 93.3639 95.0527 84.6768 87.6404 86.8124 89.3029 88.5932 91.4189 91.4451 87.2527 86.9241 90.4989 95.7164 97.6418 105.856 106.027 108.99 106.066 111.29 113.13 113.446 107.466 110.594 108.373 113.347 111.435 115.759 122.75 113.104 112.696 125.34 125.924 125.044 124.111 130.629 132.128 133.698 134.48 138.416 134.605 142.53 145.927 152.945 156.316 168.02 179.716 189.836 199.975 200.265 190.539 182.095 167.671 157.072 154.365 145.093 145.684 138.541 137.477 133.429 138.173 131.852 132.285 128.941 127.114 122.356 118.683 121.581 119.905 111.639 113.971 119.169 115.509 113.255 115.568 109.785 111.389 115.89 112.611 103.135 105.646 102.189 103.306 101.427 97.0701 92.5097 89.1715 87.8113 84.5388 86.9636 84.5651 90.5383 86.7401 88.6195 83.3954 89.5986 90.8209 91.6357 95.7953 97.5629 105.126 110.712 111.231 116.107 120.148 120.234 113.012 113.853 114.648 109.733 109.825 102.643 101.92 104.804 107.623 103.871 92.628 93.8174 89.5526
84.5239 83.7958 91.9636 93.6845 98.9797 100.383 98.1854 95.3591 95.9681 101.415 106.042 107.962 110.695 105.46 112.059 110.119 114.382 109.623 106.73 109.557 105.625 98.887 92.8506 95.6967 93.9692 92.3608 88.4556 88.1445 85.1527 93.3205 94.3067 98.3443 95.9416 94.5649 103.037 106.247 106.863 111.112 110.139 110.563 116.871 111.576 112.615 115.633 119.77 117.87 123.371 122.589 125.429 123.39 125.72 122.583 119.896 123.04 126.448 126.27 131.34 126.462 126.237 134.331 134.007 136.456 138.435 143.241 147.199 158.57 165.222 177.149 192.062 201.156 201.706 193.584 178.877 162.151 157.332 143.399 143.207 138.17 141.07 135.364 135.225 133.299 131.075 120.154 118.929 121.378 124.787 119.154 125.482 118.678 130.823 122.457 131.406 122.053 120.69 116.288 114.567 111.053 109.583 111.125 107.783 113.488 104.91 101.415 103.527 97.3183 98.2119 95.0944 94.9355 90.2228 92.8373 94.3531 90.064 90.8847 93.1484 91.1495 89.7132 95.1804 99.1055 107.955 106.035 103.984 110.378 110.834 113.985 109.034 111.47 106.591 111.734 104.394 102.686 97.0337 100.826 96.3255 94.5384 96.7491 96.5042 87.4164 83.6568 84.279
71.9467 73.7667 76.2867 88.6067 95.22 92.9267 95.4333 101.007 95.1667 99.2333 96.3667 93.6 105.153 93.3667 104.447 101.513 105.747 104.793 106.527 101.513 100.213 104.953 101.96 100.113 94.3467 93.0733 97.6733 90.28 91.4933 94.0067 96.68 99.78 99.14 103.067 101.527 103.713 104.987 105.067 109.04 102.007 112.047 113.507 109.593 111.9 116.64 117.42 110.22 121.6 124.873 121.647 115.253 115.88 117.067 125.92 122.147 118.54 116.5 122.44 122.253 124.76 126.907 123.64 135.34 140.573 145.507 149.693 164.107 178.027 191.693 199.12 198.887 188.287 181.613 167.18 149.227 141.847 146.32 135.44 131.933 122.333 124.88 122.193 120.413 125.173 118.94 119.033 127.347 124.14 118.573 115.76 116.013 121.82 118.647 111.753 120.053 114.46 112.087 114.873 110.687 109.273 114.047 112.107 107.4 104.54 106.267 105.06 103.233 95.5733 94.7933 94.74 95.68 93.5133 95.5 91.38 96.6467 97.7067 99.7867 103.88 102.653 107.2 101.813 103.74 103.287 106.207 103.727 103.647 98.0733 100.993 100.407 99.8733 98.4533 99.28 100.86 96.6333 97.4467 95.7733 86.1 79.1467 70.2333 73.66
