152.266 151.898 160.989 161.243 159.147 157.414 157.312 151.258 159.392 152.289 160.304 158.784 138.667 154.402 152.543 151.419 148.232 155.223 161.721 152.456 155.318 146.927 148.756 163.057 157.25 152.904 152.188 157.022 158.826 157.226 156.096 142.625 152.474 161.279 151.932 148.771 155.921 145.744 154.638 152.783 147.966 164.321 154.701 149.661 155.236 153.834 146.874 146.081 147.597 156.473 155.12 157.235 150.683 161.391 159.01 156.232 153.777 156.629 150.239 160.027 164.079 160.806 157.53 152.492 159.101 152.174 143.22 155.655 155.091 165.031 164.285 153.374 162.792 155.536 149.698 155.91 158.707 151.841 152.051 156.293 160.227 153.185 153.35 159.5 159.117 153.373 160.156 155.61 163.175 156.047 153.505 159.472 160.399 158.715 156.184 160.277 159.631 164.533 155.929 155.329 158.617 159.361 157.136 156.843 158.624 159.214 159.584 145.323 155.989 154.748 159.323 151.977 155.694 154.777 155.774 158.686 154.241 159.296 158.343 151.208 150.015 154.158 149.071 160.715 151.711 156.923 162.588 161.507 159.522 153.816 155.659 160.07 157.737 166.997 161.05 148.169 155.887 163.661 164.611 151.014 154.839 161.607 153.438 156.856 148.077 157.391 162.082 148.625 151.795 157.066
133.796 133.469 145.302 137.491 131.099 145.591 137.925 150.275 145.422 132.561 128.306 135.573 141.861 135.281 148.068 134.332 134.33 138.788 129.069 134.536 134.152 115.81 126.386 131.683 132.006 136.995 126.955 126.192 130.12 135.403 134.493 137.333 133.997 131.619 132.042 131.101 130.572 123.688 132.369 143.895 120.353 126.192 121.381 121.529 125.58 140.173 118.627 118.914 131.346 131.386 135.304 144.193 122.652 127.908 124.159 130.568 131.517 130.294 136.082 133.618 138.804 140.395 136.704 138.647 137.577 136.942 136.587 134.68 142.445 141.013 143.481 133.404 138.372 149.518 138.179 143.332 141.057 142.099 145.394 131.416 138.11 140.162 136.853 133.915 153.953 147.731 147.541 141.036 151.263 136.236 143.586 128.804 146.042 129.391 144.246 133.238 130.853 139.548 134.64 141.497 133.712 132.463 145.324 140.515 138.244 132.819 132.335 130.195 135.119 133.56 135.964 124.143 135.158 135.946 138.674 135.467 137.922 134.041 134.074 131.828 141.091 133.153 140.074 120.628 117.013 131.024 135.155 130.831 142.928 131.461 150.016 141.691 144.93 141.995 136.478 147.682 140.713 135.247 133.088 144.214 144.914 146.231 134.044 150.064 147.026 141.551 140.894 139.446 134.75 138.024
134.296 117.222 129.33 135.37 133.557 133.646 130.497 120.696 129.218 122.44 122.911 116.194 118.097 128.008 129.407 129.815 117.488 119.952 134.243 111.844 105.902 110.713 103.028 114.501 111.487 114.592 121.411 120.828 105.124 109.853 110.41 133.459 101.765 106.587 96.5268 105.332 109.501 109.992 116.981 113.201 113.863 114.044 112.159 97.9086 119.659 108.357 96.3711 109.658 110.492 113.594 120.278 116.312 118.437 117.326 116.581 125.853 121.585 112.75 118.088 116.712 127.138 120.251 141.449 127.725 125.743 137.285 123.032 121.567 138.785 134.632 141.842 129.851 141.977 134.722 132.751 136.274 140.907 124.541 125.875 115.705 135.123 119.946 130.462 134.218 139.065 133.74 125.009 134.668 125.1 123.81 127.538 130.207 136.125 139.083 132.149 122.685 110.695 124.245 127.115 105.856 117.337 108.972 116.123 128.543 120.027 116.262 111.957 116.132 113.99 112.321 117.112 122.501 117.37 111.277 117.491 114.151 110.339 106.487 118.769 107.123 121.363 110.506 118.346 112.716 128.978 115.808 113.034 115.726 123.627 116.822 127.738 125.886 113.971 130.637 129.616 114.944 130.241 127.044 133.798 121.851 132.527 122.595 129.87 122.355 136.739 131.226 131.272 134.728 137.625 127.626
137.928 117.996 128.962 113.057 125.862 124.867 112.261 104.594 100.195 127.192 125.01 110.111 116.513 108.976 100.697 103.13 117.763 101.817 101.891 96.8038 106.54 108.577 110.609 111.393 106.496 109.138 101.048 107.984 84.7035 94.1943 94.9833 95.9216 87.6555 102.548 100.076 98.3138 107.685 87.2169 114.78 97.9022 105.824 101.051 102.116 93.3451 97.9713 94.705 97.2864 104.185 97.4667 115.647 103.499 111.274 117.994 93.1729 95.3118 105.204 111.263 125.715 116.509 123.285 119.092 116.222 118.076 112.278 115.985 121.28 135.208 130.522 130.317 120.603 113.285 123.44 127.791 131.728 126.842 122.83 126.97 125.038 128.52 125.765 128.624 120.968 114.069 124.494 117.291 115.081 110.576 125.179 113.529 119.408 119.92 119.655 129.592 119.796 114.517 117.907 110.557 118.373 118.158 115.663 109.329 105.432 104.117 99.8508 100.073 106.782 112.786 96.8588 93.6175 106.874 98.442 95.454 108.694 98.8475 102.873 104.658 105.42 126.729 104.314 111.694 112.89 101.927 118.669 109.132 115.833 105.849 99.4723 116.137 104.001 112.889 111.474 103.651 111.171 116.126 109.024 112.538 114.023 112.784 120.526 116.143 138.767 129.102 124.395 133.239 129.659 128.199 126.013 126.581 123.305 125.459
121.041 115.847 126.907 125.51 125.837 120.464 121.693 109.525 110.734 124.24 113.816 119.41 93.1719 114.873 103.431 111.714 115.15 108.652 97.3946 102.036 95.1507 84.2877 105.262 100.127 101.438 90.0262 89.4389 93.6184 79.394 78.5999 94.6687 106.412 95.5883 83.2133 90.4042 84.8826 90.5069 81.303 81.8497 75.633 76.7733 89.6773 92.9309 98.4449 102.348 105.934 96.9621 93.9647 85.7109 98.7354 81.9486 86.1244 96.4966 96.1693 93.4484 98.9193 110.616 109.428 105.014 105.201 110.855 106.752 113.304 124.351 103.51 110.442 115.405 108.615 111.558 113.222 123.404 132.891 110.946 121.952 119.369 133.33 115.981 109.744 124.046 132.561 118.262 124.854 126.635 123.21 116.92 121.154 129.884 112.792 115.592 124.072 109.842 113.751 111.473 110.457 104.933 98.4145 105.577 103.793 104.651 105.338 108.925 91.4506 97.5126 112.734 96.5194 95.7723 95.5059 96.116 93.8861 97.8183 100.502 84.7316 96.7591 96.3393 96.4255 92.4971 99.8732 84.7938 93.0032 88.7298 88.3835 110.826 99.6613 103.8 96.6196 109.81 91.5217 93.4928 103.517 92.8827 97.8779 98.0885 101.494 105.15 109.492 102.531 107.519 109.734 108.267 107.805 109.54 123.052 125.42 124.542 112.215 127.343 121.332 125.089 109.837 116.898
114.408 103.504 116.794 111.618 103.685 112.078 115.932 117.824 105.595 123.159 109.422 91.9546 105.718 100.847 92.859 101.959 81.7369 91.6321 86.3728 98.0262 99.4927 95.8426 94.4161 80.8278 85.9459 74.8882 80.3457 70.0189 92.515 72.7323 82.8932 93.3197 79.5426 81.6586 76.1428 96.377 92.9066 75.7912 78.8961 70.4243 79.0358 81.6186 79.1326 85.5221 88.0435 79.194 86.8396 96.8177 98.665 81.4436 77.9578 87.3678 82.0609 87.0837 96.4615 109.577 94.9428 100.31 96.8607 91.9515 117 108.216 95.015 105.24 111.111 119.262 99.9257 99.2961 121.957 112.055 136.89 107.989 109.769 122.707 114.888 108.166 113.434 112.582 118.228 111.909 119.89 124.086 116.522 114.191 114.712 124.036 102.892 116.505 107.183 117.358 98.9537 110.302 93.6544 99.9226 100.821 89.0232 106.982 107.716 115.352 92.8083 99.2531 87.9559 93.1247 97.6592 97.4826 100.712 84.6606 96.3709 99.4482 101.05 90.8735 82.1638 85.2979 88.1878 92.8406 88.8481 80.0002 91.907 85.1996 94.0475 91.9162 76.7893 87.0991 91.8793 87.5229 91.6336 98.6481 96.9682 100.967 94.3639 114.498 100.494 86.9594 115.679 106.609 105.607 102.006 109.328 96.3663 111.381 113.205 105.073 118.672 119.053 100.284 109.145 134.17 130.447 117.075 115.701
112.451 118.38 110.018 93.1123 133.327 120.32 98.0787 106.948 107.278 108.134 102.243 94.7257 92.283 104.424 80.425 83.5238 84.8055 85.294 77.0233 78.7359 80.8991 80.2537 79.6102 78.862 83.8771 72.138 70.1587 67.4997 80.8252 75.0313 67.0418 77.6993 76.6556 70.8383 79.9833 66.5191 88.9949 83.3111 79.5687 81.9428 76.1256 79.4984 52.943 76.6357 74.8907 77.3244 73.4684 81.0595 70.2074 89.579 78.049 86.381 81.3227 94.6283 99.5857 96.0741 97.7127 98.9349 113.82 98.4049 78.3879 102.793 108.601 110.77 113.618 110.476 108.426 111.602 105.745 102.127 117.825 114.004 102.694 118.719 123.772 117.595 129.692 113.118 120.239 125.35 118.782 112.742 114.579 114.269 120.892 112.43 112.471 104.289 102.075 104.859 112.74 87.0336 102.504 93.6459 99.6344 91.7963 95.0556 107.992 93.3899 96.0578 93.864 84.1024 79.6354 80.845 89.99 80.681 96.0056 77.492 80.1131 82.3881 80.6377 83.3597 91.443 89.0184 75.5974 89.8981 78.0815 75.5054 86.8335 84.8307 85.9826 94.1975 92.7752 82.6621 85.0993 69.3691 79.0694 97.4982 87.8034 84.207 101.587 94.138 94.8645 90.3397 102.338 86.6298 101.114 106.288 102.079 104.763 115.404 110.476 103.269 107.332 110.854 115.698 120.284 116.837 122.402 128.786
114.739 113.688 98.7025 100.427 104.028 105.075 107.907 108.029 93.0706 84.2781 95.8669 95.2687 88.9889 88.5356 84.6962 76.4935 90.831 79.1118 72.6023 83.564 85.8035 99.5635 70.636 60.5561 58.1137 66.6765 53.2414 76.2245 69.6591 73.2129 66.2191 68.3944 62.5679 61.2019 81.6556 69.597 62.272 63.5283 68.144 81.0968 69.7791 70.3732 76.0092 70.2428 63.0668 68.8374 74.3099 75.6491 76.7295 72.8755 91.4106 89.8562 81.0492 81.6598 75.2227 76.3052 84.1477 89.9928 91.4582 111.846 93.7888 93.025 115.71 80.718 119.036 112.357 100.42 102.066 104.047 107.868 110.788 114.777 103.246 117.149 131.869 121.557 111.359 114.007 107.292 117.463 101.944 98.3899 114.938 116.521 101.389 109.008 100.114 106.812 102.755 108.524 103.126 96.761 92.6628 96.3202 88.695 89.2166 102.708 90.6551 90.0155 97.8518 97.9387 85.5344 81.2148 75.4856 90.3157 88.8047 71.6295 84.0856 61.0694 73.691 75.5787 77.9134 70.516 83.5122 71.0293 69.4935 70.0151 84.7893 93.3831 67.0015 74.3617 86.9812 73.4261 83.5412 86.9978 77.9507 89.2187 97.531 90.5806 99.8781 91.7211 93.3935 94.5153 95.0307 92.5904 100.95 93.7495 101.538 111.243 108.606 110.473 110.022 110.492 113.158 121.568 100.323 104.161 114.677 119.117 126.005
123.363 102.411 100.254 102.555 102.873 110.293 105.121 87.8913 98.3326 108.55 96.3906 80.0556 79.4317 85.8512 92.8035 86.5242 80.1958 77.27 75.2065 65.6439 86.0241 77.1345 84.0611 80.5674 69.0044 72.5798 74.3349 67.7214 74.9939 51.7392 66.574 62.44 71.1076 60.6966 77.0831 80.5183 63.2485 69.668 65.0106 60.6055 63.1153 71.0421 75.2416 75.2953 64.9779 59.7946 71.4394 62.3862 86.1994 95.4769 77.1602 75.702 81.3923 70.9837 76.3353 83.1661 79.226 79.0391 93.0956 96.5215 72.3088 89.9968 96.0144 89.4009 103.724 90.4596 105.481 108.057 98.7462 91.3102 115.663 114.118 120.914 117.381 109.503 117.956 125.385 112.057 110.445 109.075 111.817 115.74 113.055 112.188 103.457 106.414 97.0964 104.705 110.856 96.435 105.734 88.3143 100.09 93.7897 86.6364 85.6455 97.3955 91.4901 76.403 93.7476 75.6692 79.5649 64.9989 82.6239 71.8904 86.9448 56.6842 80.1608 79.6607 74.0965 69.0347 80.2286 67.4246 77.4079 68.4295 79.2073 72.47 79.0765 73.1337 97.3301 60.9887 83.8391 85.94 87.3164 81.4251 81.4437 77.6299 77.7444 83.3016 77.6042 76.8377 92.8105 84.671 90.3614 83.6077 96.0658 81.5162 103.528 113.992 95.089 104.546 106.671 105.012 104.247 108.01 114.651 107.091 129.287 123.109 130.362
109.478 108.736 105.265 99.1561 101.143 96.2605 91.7919 108.976 108.291 87.5734 85.4017 90.3024 79.5374 70.6186 81.4826 72.4935 70.6525 70.478 80.428 65.4418 77.0453 66.3532 68.025 78.8499 62.5722 64.309 67.4703 64.684 66.2126 75.8241 61.3066 64.6762 68.7385 59.9473 58.1792 55.1923 58.4786 63.9888 73.345 59.1322 59.0385 63.6867 63.2362 58.1349 69.1291 71.2774 74.2747 62.179 68.2828 81.6414 65.3142 82.3185 75.6965 83.3783 77.2511 78.8603 70.5613 75.9699 80.3316 89.8077 81.5139 91.9977 93.5549 95.5235 87.6984 104.125 99.8566 108.257 105.76 104.984 100.25 110.71 108.354 110.13 108.398 118.986 118.184 124.439 107.762 107.137 123.329 118.202 117.332 104.656 117.939 109.169 91.6956 109.486 86.8443 92.8153 91.1514 95.1225 87.0708 89.3259 92.5471 87.5135 77.9255 88.1099 76.2902 86.9797 77.587 77.6859 74.2668 69.9051 68.9078 77.574 69.8686 75.9178 68.8244 65.2205 64.9314 72.0612 71.6159 63.4341 68.2333 73.2877 82.6023 69.814 60.4603 76.7355 84.2663 68.5692 68.8817 66.6553 79.0036 72.1602 75.4465 74.2981 93.2372 75.5454 78.0922 85.886 100.081 91.9091 89.5915 86.8964 93.6226 99.4842 91.2399 101.182 93.9767 89.3832 101.096 92.2971 118.408 105.151 103.789 97.3594 104.382 119.327
99.4161 100.447 111.389 100.789 92.9905 104.311 101.015 89.393 92.1837 81.1873 85.9189 89.9586 78.4826 79.522 79.545 73.2399 73.0303 66.8631 76.4039 70.5009 75.8067 72.8265 61.5027 68.5399 65.9846 68.4308 68.5083 60.7878 54.4282 61.2931 51.4767 56.105 65.5252 54.9307 62.6684 55.68 59.7915 60.0729 69.2117 57.8248 66.5157 57.8133 53.7535 66.1425 70.5296 65.6285 48.8381 51.7609 68.3303 67.0354 69.1285 79.9842 71.3421 80.9604 75.8125 79.9498 77.2882 82.7951 74.3137 87.6157 96.4445 97.1537 90.6907 89.7433 98.0179 101.038 101.983 101.277 113.651 101.759 107.025 127.108 104.297 107.366 107.946 108.463 123.574 127.723 120.775 109.979 104.171 102.85 103.651 100.079 102.994 100.43 107.386 99.9674 99.9789 95.7037 97.6934 89.0972 84.9886 95.988 93.3178 83.7081 78.7755 74.084 80.4149 76.7772 74.977 63.0129 67.222 72.9815 68.9217 73.7826 78.8415 68.0776 69.4213 62.9928 59.869 74.71 70.3142 69.1859 73.1107 70.8339 68.9131 76.2632 74.8449 75.6086 71.1354 76.3207 79.0999 65.284 81.1786 77.5639 71.79 73.5558 77.5696 69.852 71.8015 71.945 85.9103 78.0692 91.0697 85.3274 79.4502 96.0655 96.0712 104.57 101.294 100.51 92.6287 100.346 103.818 120.43 117.794 107.039 106.422 127.763
109.246 88.323 101.064 105.084 106.986 93.429 99.6522 90.3755 80.0318 84.5885 75.2585 68.9129 81.4911 86.029 76.7554 78.1865 73.1151 75.1643 72.2144 71.571 65.1062 73.3881 74.7909 71.3702 57.3861 62.7839 62.5988 59.6865 54.5648 59.3632 69.3146 59.7806 57.5901 57.383 64.1208 60.2545 58.5441 58.1299 61.0516 51.8754 58.927 71.3294 49.7445 70.708 59.3005 69.4653 58.0797 59.1122 59.7806 67.3375 62.1155 71.0721 63.5591 79.4449 69.2927 71.2447 79.6207 73.4226 69.2362 83.5592 91.8065 81.1145 91.4739 86.7225 93.6644 102.998 93.407 103.016 94.0629 83.851 103.318 112.867 114.214 103.622 118.72 121.723 102.737 113.131 118.513 115.689 107.41 115.645 115.475 108.364 106.566 93.52 102.342 91.7406 82.5738 95.5599 83.76 89.026 90.3253 69.8607 80.151 87.708 71.0846 82.3949 69.8732 61.7138 64.5947 78.3465 79.8843 73.4979 68.4673 75.0357 66.8825 64.2244 70.3283 61.4784 65.5425 60.9167 59.404 67.212 72.3305 67.4034 67.2528 61.6667 72.0481 71.3043 76.5546 73.4634 60.5652 57.088 69.1985 69.5375 84.2653 72.0073 71.3263 71.1537 78.4062 78.9491 65.9504 77.8444 92.8296 85.4892 79.2409 97.3644 93.4855 96.5233 93.3317 96.9972 108.078 116.329 98.1395 103.958 108.781 98.5318 113.137 107.099
98.7966 101.998 101.395 98.8579 90.5896 84.8243 89.5272 92.7248 98.6774 84.0105 85.9379 72.313 68.6693 65.7134 79.3281 69.2959 75.5243 70.641 68.6625 68.1925 67.6817 64.92 60.9936 59.3147 59.1921 57.5167 55.3304 49.6196 58.5758 57.4213 51.9353 65.8122 59.0695 58.0547 59.8698 51.7923 56.7777 59.0321 56.335 56.4917 52.6811 65.9109 64.3819 72.8272 66.4081 50.2326 46.4697 56.3316 75.9704 70.246 62.4817 63.4012 53.0795 51.6016 71.1892 77.4177 69.8101 70.3617 77.3598 69.415 76.522 80.4212 78.1839 96.2153 81.5416 100.186 101.126 104.494 112.534 92.374 113.344 112.82 100.83 103.333 117.625 94.4445 112.289 106.619 131.42 96.5252 106.482 93.8247 104.872 108.359 101.095 85.8562 107.644 76.4778 87.0174 97.5059 82.9071 78.0953 87.9981 80.6766 74.0974 88.274 87.7325 70.8725 66.97 64.0959 74.993 72.5378 71.1586 61.4329 65.0153 72.296 62.8222 59.2773 60.5407 59.9481 64.7531 72.6467 62.4306 61.4431 65.5942 64.6748 63.0538 61.7496 66.3162 70.2255 61.3511 73.2086 58.1705 64.6101 62.9108 80.8196 75.245 60.4794 88.2127 74.1587 75.2382 81.0444 80.7175 66.1425 77.8263 73.4402 90.8825 89.2786 74.4039 101.582 91.9484 112.217 91.1379 99.2086 106.789 112.612 104.899 113.171 106.803 114.856
109.782 108.041 102.455 101.805 84.8123 80.2327 95.0806 77.9154 72.594 77.6914 61.7418 92.598 79.2338 78.503 66.3434 69.9057 76.7586 65.7154 66.6739 58.2346 69.5532 56.9712 65.7558 47.8525 61.4774 59.6044 46.4275 65.4473 46.7911 59.8505 44.8373 51.9106 54.6392 43.6144 53.1004 58.8773 47.3163 55.3149 49.3986 54.0626 60.0157 49.0166 56.5195 65.0213 51.4699 67.6471 62.2559 57.3275 44.3746 49.259 70.5778 62.2523 59.0462 63.4789 63.1483 55.2121 75.0509 74.2282 59.9643 73.7435 86.4613 78.9951 71.7934 81.0076 66.0019 96.9462 101.735 86.9754 100.762 89.267 106.583 103.678 114.967 102.055 96.2484 111.871 87.7099 119.459 126.521 118.72 111.438 117.89 105.202 99.572 90.8719 92.5649 88.5289 94.2359 107.097 94.8419 85.6166 87.732 86.3988 81.9331 77.5922 82.4546 75.1574 84.5846 69.9902 68.007 67.7904 75.8625 66.2846 68.4367 71.0405 59.6301 64.7496 59.9606 55.4472 65.3004 70.912 71.5179 63.1116 71.6942 62.6709 55.1901 65.3151 55.965 48.3556 65.2821 70.2069 71.7824 51.9546 56.5489 59.9019 62.5975 73.1191 59.6117 79.6011 61.2901 77.1442 79.0098 73.9051 70.4088 81.9 74.8709 77.3462 69.8543 87.0819 87.2619 94.7537 84.166 96.2815 87.9376 104.68 95.1136 102.789 112.33 118.658 111.603
112.243 97.6075 99.4236 99.266 93.0769 100.101 82.7749 70.2706 86.6554 87.8491 78.1143 79.3868 63.4827 69.7112 72.4216 62.0329 57.8451 59.0743 61.8714 55.7532 61.5404 44.8799 59.4209 67.6232 45.7427 61.3474 59.2437 53.1609 45.522 55.0874 37.3789 58.113 53.5667 53.7991 50.0447 65.4722 47.6888 52.3691 48.2522 51.5811 57.1596 68.7775 51.9436 52.83 43.8674 50.9666 62.1196 53.614 70.7788 63.0375 58.0184 58.7867 53.6967 62.4426 60.9259 60.0828 67.308 76.574 66.0158 63.7427 84.595 75.5063 80.3244 75.4118 70.9167 84.918 87.853 102.103 102.272 109.836 98.3087 99.3488 124.022 117.632 102.13 93.7309 113.681 113.665 113.102 109.934 107.504 101.768 100.944 104.458 92.2142 89.614 97.7532 87.526 74.3481 79.1229 74.419 74.8445 79.2411 85.3435 76.7315 72.0355 71.3028 75.2266 76.2115 66.6974 72.5556 67.6626 59.3067 57.3921 69.4236 64.1563 61.5523 66.4216 64.2903 67.1504 64.9443 66.268 51.7348 64.5661 65.2949 59.4406 50.2456 60.5516 62.1393 72.3349 55.5995 48.5831 65.7873 67.2529 71.6495 66.3389 68.6869 61.0204 51.459 87.786 62.3284 72.1655 76.3297 70.4321 75.2148 80.482 74.1432 75.8924 87.2227 81.463 89.9016 80.4545 94.1564 104.73 104.34 104.797 112.527 105.148 119.472 112.401
109.614 102.968 109.551 96.7502 93.8896 93.9317 66.8194 81.9383 73.2851 84.3109 76.7136 68.3675 66.8236 74.9299 59.4871 69.6842 71.1734 54.9691 54.2876 60.0003 52.4156 58.4775 43.7035 49.412 48.4529 64.9727 40.4307 55.0659 47.1699 48.7558 51.4144 59.525 54.4138 56.656 47.233 50.1777 58.1283 53.9889 47.6116 44.7342 40.2877 45.9962 48.1626 38.117 62.3435 52.1212 52.6091 51.7383 51.5869 46.1645 55.802 63.8158 61.9901 69.7851 64.5183 48.7263 64.064 70.6559 68.5315 78.2322 73.8446 83.2256 68.1277 65.3555 99.1858 89.7334 84.2057 99.8042 98.8114 93.0398 90.8313 100.612 119.694 86.0609 101.256 116.244 108.369 127.737 96.5777 109.046 93.246 107.229 98.6726 94.1504 89.91 98.4286 84.1216 81.0928 90.3013 77.1847 86.9317 88.2316 76.2088 75.1613 68.683 65.4017 74.0549 80.6679 55.3309 62.903 78.0261 53.3748 57.3417 54.3086 69.2845 66.4156 59.9625 65.6626 75.3296 71.9979 55.6001 48.3898 58.6458 58.448 60.0214 68.5904 49.4541 57.8465 65.4396 54.6704 56.1806 50.8339 62.3897 66.5502 62.4318 81.6607 58.1494 66.7479 74.1854 72.2671 65.5069 72.591 68.683 73.5039 67.5808 76.2593 94.6889 84.5255 89.1276 83.5958 83.7977 90.541 90.3097 91.0248 100.002 108.104 110.064 126.58 96.7459 128.132
102.612 97.941 90.9171 85.1056 101.413 101.967 81.3968 81.5086 71.0712 78.632 72.5699 75.5629 60.8082 61.8148 57.9316 58.3655 55.0817 55.4441 51.9366 61.6001 56.1599 55.0907 55.0728 56.7997 59.5779 42.9711 44.9888 46.1699 53.3638 49.57 45.6912 47.0825 48.6931 50.2903 49.7534 42.1255 45.6688 50.93 42.8995 46.6441 52.0037 54.2586 47.4628 45.8701 49.901 45.3646 49.2971 36.6362 55.9765 55.4844 51.4356 59.6764 57.9271 56.1376 60.1193 70.6104 48.1205 65.2015 67.1655 66.3737 77.6343 71.3038 68.5524 70.5701 76.9811 90.9171 101.489 93.2748 102.124 88.461 94.2903 99.5337 96.7241 93.9638 99.2116 111 119.321 111.116 104.804 104.692 99.5829 121.348 97.9276 92.8229 85.2353 103.806 97.9365 90.3444 73.2857 87.9196 90.3981 72.3104 76.9856 65.9755 66.9508 71.617 72.1449 68.6151 70.0556 61.9625 68.454 50.7556 62.2846 46.9752 60.759 68.7135 50.7377 55.7976 56.7281 59.6719 55.1444 68.9417 55.8512 55.3591 54.5807 56.925 58.9561 54.6567 59.4303 69.1698 59.7614 68.3153 45.6375 55.9183 64.5126 68.9685 65.9755 53.6009 72.9815 58.6429 70.9191 64.526 78.9854 63.6402 73.3305 85.6424 70.0154 84.0229 87.092 83.5845 100.768 96.6838 82.2021 91.9282 98.2094 98.6165 96.317 103.672 119.872 119.943
96.4592 109.255 106.875 96.957 81.9471 55.8625 73.0437 80.1266 82.2932 76.8649 62.5188 67.9377 50.0596 58.5838 60.0772 61.1771 51.9323 49.8842 46.5134 67.2076 55.4216 56.4504 44.1524 48.2817 54.445 52.8188 56.5831 51.8611 43.1663 48.0068 46.2194 66.9041 40.2411 47.6464 41.6729 49.4385 50.2208 46.044 46.4612 35.9079 38.0603 40.3075 45.6458 48.5709 56.7443 55.4074 55.5022 50.2587 54.7579 47.7413 60.7788 56.1138 47.4663 50.1402 52.0555 54.3169 64.6522 55.5828 65.8754 57.5408 73.7548 80.577 62.3291 80.1645 68.829 98.7633 97.3931 96.7152 97.725 76.3434 85.1283 111.597 111.128 90.3102 108.207 114.418 112.322 115.281 105.6 103.428 101.902 90.1774 90.5282 100.124 86.5553 83.4168 82.7152 95.7338 87.7832 88.3142 73.5652 81.7148 69.1276 73.5936 81.4873 67.2976 60.9495 73.8686 66.9847 70.1659 60.2099 64.2445 63.1872 59.5509 54.407 55.9431 58.4747 55.0565 55.6207 55.4974 49.7656 60.7883 63.8699 58.8066 51.8517 57.1568 42.5689 57.3891 47.4995 57.4697 54.9854 48.8886 54.5635 64.7849 63.7372 59.513 60.0061 69.9194 58.086 60.191 58.6834 72.8588 69.6207 63.8036 74.4612 70.8154 73.1717 95.9139 75.8266 80.1408 81.9756 80.7904 102.803 95.9092 75.5326 86.9536 112.465 118.158 105.002 101.352
96.9259 108.755 93.4954 90.5206 90.3253 95.6238 75.9672 74.6551 76.7885 69.4567 73.7486 62.776 58.0734 70.5284 60.1067 64.3385 54.7881 54.3073 52.5395 63.1315 49.5297 39.2932 61.9296 45.1326 57.0417 48.4379 44.2061 44.9673 36.674 49.0188 46.9355 47.2911 45.6284 47.0256 43.6352 50.0305 33.3036 58.439 45.2428 48.7985 47.3061 49.2192 46.5048 56.1904 45.8187 49.134 47.2911 48.1224 51.1523 56.3306 49.4145 44.782 44.4815 59.7561 56.8664 58.1235 59.4606 52.9702 74.8003 81.5361 64.3785 70.253 67.3132 74.4447 72.6418 99.3197 86.5041 83.4692 97.8574 101.668 103.341 105.43 110.678 107.518 102.545 115.371 100.432 112.611 97.3415 103.812 93.4353 106.641 92.4988 104.638 88.0266 97.5819 85.6227 78.0054 79.0571 71.7203 73.3229 78.3861 78.7366 71.0543 65.6456 73.2228 64.6039 57.2821 53.7164 73.6635 65.3251 59.3555 57.8681 61.9146 55.2488 66.4018 55.5043 68.1195 62.5055 50.5012 54.6579 49.6599 49.2091 59.4206 67.5086 50.2057 58.6293 49.0339 58.0484 55.6395 60.9981 63.9929 64.3084 50.5212 64.2533 62.8861 64.2934 62.16 67.3433 62.5406 65.1698 56.581 56.7412 77.5247 67.6187 71.0042 76.0373 71.1594 73.1727 77.2242 87.8613 101.814 83.4592 87.656 91.5122 104.854 85.2571 99.5952 113.743 107.338
102.766 105.677 97.6012 96.0186 78.4154 89.6673 81.8759 76.8117 72.8712 78.294 63.9825 55.8535 66.6781 61.1075 60.1369 52.5459 56.7081 53.0735 47.429 49.038 55.1519 51.0372 50.2249 43.5834 49.7554 51.3485 52.72 40.5133 52.029 48.521 45.1871 40.0385 50.9634 39.3369 37.3746 42.6814 52.8836 51.7177 43.3883 48.0251 57.858 43.4832 58.4225 46.9121 39.395 46.7327 50.151 55.5317 50.7102 52.8783 55.6952 50.4623 49.0538 53.4005 43.958 49.6446 70.0859 52.2664 70.3655 68.2976 63.0066 57.0404 61.3186 77.7876 77.9353 84.619 77.0333 88.4857 81.3431 84.7614 105.904 92.1888 116.449 109.423 100.946 118.338 90.5957 115.711 105.888 101.32 104.359 117.008 97.2635 91.9937 97.7383 85.0041 90.7856 85.1359 85.1412 82.8834 66.6992 72.6021 59.2612 68.3134 62.2048 59.9787 64.7369 60.4956 60.9757 58.9975 64.9795 63.0066 56.8347 62.9539 66.119 53.7276 48.4471 47.4501 45.5933 54.7826 57.5837 47.5715 51.5595 51.9921 44.9233 56.1911 47.0228 60.5853 53.6801 57.2303 48.6054 65.1641 54.8354 68.0655 66.0715 68.0391 58.8709 62.822 55.5106 57.5152 63.6238 66.9261 66.2719 62.3208 63.7504 79.1644 67.3639 86.9559 70.4973 78.7266 93.2017 98.6615 82.9731 103.805 97.6592 98.2975 100.334 96.3509 101.288 111.148
97.4777 91.7746 94.5014 88.3384 79.6093 82.846 86.1603 91.7802 56.7142 69.3173 59.4964 76.6996 56.0269 50.0246 63.642 57.8337 60.5162 37.9258 45.6573 40.2037 42.0659 38.0201 38.9345 61.2755 44.9867 41.7556 44.898 60.0007 48.5116 53.9874 47.3366 53.156 45.7959 47.3643 35.4761 36.7453 46.339 48.5726 31.4912 36.7952 40.0319 42.5647 43.8394 42.4871 45.286 57.8947 41.1071 54.852 53.3833 36.0969 42.005 47.7246 50.4348 39.123 57.5677 59.053 50.2408 54.7744 65.9421 57.5233 58.4101 80.9672 67.577 68.4694 73.2911 76.622 85.9109 86.3765 89.6298 95.488 94.7176 91.9409 109.322 112.12 113.844 109.139 112.58 106.988 109.172 100.393 93.3043 112.253 83.5776 84.6861 89.4469 80.7566 83.9212 85.4398 78.7337 86.4651 75.4637 71.767 73.2634 70.0711 60.8155 58.1441 67.5382 57.6952 59.4465 50.5345 73.2967 52.563 61.3032 60.7379 47.0983 50.1299 51.0832 56.7973 49.0381 47.4641 44.039 62.0514 52.5464 44.4657 43.4792 50.1577 55.4727 46.6826 55.905 53.5384 52.8179 46.2836 64.5787 58.8701 64.1852 55.1014 68.1756 69.927 55.5669 75.4249 62.65 63.8637 60.3887 62.9492 72.3434 60.555 70.2817 68.8573 70.3149 81.6212 83.6386 73.3355 94.7509 96.2473 93.781 90.1896 119.209 107.576 109.538 122.933
87.0945 102.635 85.433 89.5925 81.7789 88.3435 63.3166 89.3834 69.9974 65.4254 77.5671 54.7768 64.8677 52.4472 52.2032 50.2978 45.2842 43.7099 51.297 58.2218 51.6804 49.6122 57.8325 49.1417 50.2048 44.7033 42.5887 46.7947 36.1286 56.8682 42.182 40.5554 52.6331 38.3304 48.3458 35.0539 49.4089 43.9365 40.0384 34.1825 38.3769 36.1577 44.5697 46.4635 36.2274 52.2381 57.1877 54.7768 48.4794 58.2857 51.5874 49.984 48.6246 45.534 53.7253 60.3712 59.0641 62.2128 46.5739 58.396 74.5578 61.5506 76.0682 71.2522 81.7266 75.2898 85.8745 94.9952 78.7347 93.8566 91.039 107.514 102.321 102.333 93.0142 108.101 102.699 103.535 116.595 102.048 97.2435 115.049 97.6559 79.2344 96.2965 94.7396 75.528 88.4422 77.4567 79.1646 85.5898 77.9853 79.5132 64.6644 65.0594 63.6594 64.4436 65.3325 51.2853 52.3717 68.3011 59.6509 44.0701 58.1114 58.5471 55.7934 68.5276 53.7485 44.9008 57.3329 57.5944 49.4147 52.1161 61.8759 57.1993 55.503 50.3849 46.481 56.5254 53.1211 57.5595 59.1513 49.2288 60.2086 68.4173 74.4416 63.3457 56.537 57.3562 64.5714 54.1552 62.178 73.2216 59.0177 66.1284 58.6633 60.3015 75.9869 74.1511 73.181 80.1697 78.3746 90.127 97.0285 90.2083 103.163 113.8 101.542 107.555 98.5796
108.022 100.402 84.8828 85.618 89.112 75.209 80.4712 68.6463 62.3815 66.1307 54.4759 64.3199 66.6958 45.6893 62.029 48.4419 59.0454 48.922 56.0072 57.6479 58.0611 40.9314 46.066 61.8042 43.7266 42.6146 38.0815 47.6763 39.394 33.2567 49.4385 37.4252 48.0773 29.9572 43.2404 37.0424 40.7369 49.0314 41.8672 43.5807 42.1406 45.1242 46.6554 47.2449 45.2639 38.9079 45.4462 43.1189 42.0069 45.8047 52.3188 43.9453 40.3723 51.547 50.3014 43.3984 55.0836 57.0888 64.0221 58.1583 68.9502 54.6035 53.613 77.9859 71.1559 79.578 71.4901 92.527 90.4853 88.9723 92.5027 104.249 103.258 102.742 93.5053 94.0644 115.812 88.875 104.68 106.855 96.6165 81.091 111.334 79.4321 97.5219 94.1008 87.046 90.0174 78.703 76.7463 68.2331 74.7532 68.8226 57.344 63.4023 66.1732 69.8009 58.8328 47.3603 52.7806 57.6722 61.2695 58.5533 50.4168 54.166 53.8804 57.4473 49.5236 61.7738 44.8507 55.2355 52.3127 56.1226 53.4915 52.8231 62.6427 47.6459 45.1424 51.5592 58.8085 48.3569 48.2536 48.8855 48.8369 45.7865 54.7129 56.5662 56.2259 66.234 61.6644 60.9352 60.5463 70.688 63.3355 84.6762 69.2358 69.1811 69.4241 70.9189 70.2748 78.8792 94.5323 89.6528 91.5244 98.0809 100.366 100.536 99.989 115.35 107.797
104.835 84.9982 101.029 100.109 84.662 73.6178 83.7676 71.1628 47.8944 65.0602 69.3992 60.1756 56.3441 61.0447 57.8285 47.85 51.599 60.9622 39.2988 47.2283 38.2076 38.0047 40.8022 39.8316 35.8669 47.85 41.6142 44.786 37.0531 29.3837 44.3102 38.4106 52.1129 38.7469 47.0253 37.7953 40.5865 37.2688 53.7876 41.4112 43.0922 34.3698 39.3939 29.6691 38.2521 47.685 46.7208 50.2796 40.7007 43.7203 48.0656 50.1717 54.3522 38.7215 52.411 49.4359 59.4461 52.5379 57.6255 57.7333 64.4512 68.4414 54.5425 69.025 73.2181 70.3318 71.3911 86.2162 82.41 92.6803 89.2802 105.761 101.333 108.641 100.458 115.479 93.2766 105.564 111.527 105.203 97.9202 99.7154 91.8811 88.3159 82.2831 96.5309 84.0023 82.8033 77.4176 65.1744 65.9039 78.1534 57.93 69.3802 69.672 70.8202 61.1145 52.1002 61.6854 58.2535 46.6764 53.1279 48.8776 51.0725 51.5419 52.8931 57.968 45.9849 49.5564 53.3689 48.313 59.8711 51.6308 47.279 54.3268 53.3182 56.0459 54.6123 55.5638 56.1538 54.6503 54.9104 49.2202 59.2494 54.5679 51.7386 56.9784 64.4195 61.2858 57.1497 63.9628 60.2771 61.5902 77.1575 56.7818 59.6872 65.9356 73.3006 70.2239 82.2768 75.8951 83.9769 84.218 91.9889 82.4417 88.0114 101.936 102.538 103.281 97.6284
100.351 82.7929 102.81 84.1613 84.7959 84.8885 73.0487 67.0197 67.1651 64.9769 72.1562 56.0855 49.4814 57.4936 52.4694 53.3487 51.1076 55.4575 42.2096 47.8022 50.6449 38.2233 59.0207 42.6393 37.1193 44.9134 32.657 40.6494 35.8368 37.7209 35.9161 43.3797 40.2726 34.8716 26.5818 38.4877 33.5892 54.0891 37.2846 38.9703 40.7221 51.5836 41.1122 36.4119 40.9271 36.1012 48.3443 48.5823 50.9423 37.0532 51.0217 47.2536 42.9301 47.0486 40.623 53.4148 52.3504 49.3293 56.7069 55.9335 54.2808 69.9086 56.4557 61.6914 66.709 70.5961 74.3245 86.4288 81.2195 88.0352 93.7865 101.23 110.895 110.095 87.0634 109.791 112.27 103.306 107.715 100.867 92.6429 104.265 81.6757 106.836 79.5668 79.6991 77.2531 73.3792 69.3797 69.9482 74.1527 67.8526 74.2254 62.0219 50.9027 74.1064 65.4331 55.7814 52.1191 54.2477 57.0507 46.3809 49.521 60.9312 54.684 61.7179 49.2037 47.8089 56.6739 47.637 44.2391 46.9693 45.4158 48.3047 49.7458 52.7471 54.8361 44.2391 46.9098 54.7039 48.7278 39.9553 63.0268 59.0207 54.2411 48.417 47.3593 52.324 50.2747 53.4809 54.3932 61.4204 48.6683 66.8742 67.1254 70.8341 69.5582 76.3342 68.4806 80.1949 80.4262 77.9803 80.2081 82.6078 88.3459 101.871 92.5107 95.4657 98.7975 108.647
95.2239 97.92 108.285 79.3773 80.072 77.2452 55.8 73.6618 48.2275 61.5705 62.9323 53.6679 49.8232 60.1124 37.278 54.5689 57.0036 43.3511 43.3236 49.6306 51.9759 47.808 44.0458 43.4611 41.4941 35.7442 40.2905 36.7415 35.476 41.3221 38.5504 43.4336 38.7842 43.3786 49.1216 47.6085 47.0583 39.6164 38.6123 35.6273 43.9426 41.0264 48.4957 38.8324 45.7171 44.4653 31.5487 51.1437 39.1556 35.9093 48.5783 34.7538 54.2319 34.5681 50.5797 53.3171 60.1331 53.3928 61.8044 66.2819 63.1318 62.5266 68.8954 78.552 78.2631 66.4194 83.6347 99.3781 76.6193 78.8958 88.8137 100.637 105.823 102.232 110.176 107.872 110.011 114.399 104.426 86.8191 95.6847 100.279 90.5469 87.053 82.8506 79.1434 66.1993 71.5709 87.3006 69.8377 67.0109 59.8579 70.3742 58.8331 56.8454 55.236 58.2073 59.7685 52.7256 54.5345 47.9593 57.2444 61.2885 47.9661 48.6952 52.7325 60.9515 49.7888 44.7611 45.9922 41.8724 50.0089 54.4932 55.3667 50.2152 52.4918 47.1821 49.3211 38.5779 54.0324 65.4772 48.2825 46.6869 48.2481 44.5135 54.9265 47.1752 56.4947 51.3294 49.8576 64.8513 55.2635 58.4342 68.1595 75.959 68.5309 69.3769 59.1908 78.4419 65.8279 75.9865 78.6482 79.9894 93.5457 93.3806 96.6682 118.292 109.612 109.516 86.1657
90.7053 86.1326 78.6161 84.7965 83.4318 72.2499 55.545 75.7509 64.6334 59.9534 58.0171 65.0906 61.311 64.2332 57.3384 42.2911 46.7995 41.8338 51.9796 50.2505 42.5554 51.2366 42.8198 36.0749 38.247 39.0115 42.0124 47.6141 32.9669 47.564 44.6489 45.642 43.7558 48.25 49.2145 42.0981 53.1371 52.394 38.347 36.1607 44.1916 44.0058 31.2521 37.5397 46.6924 27.944 40.0904 36.9895 54.6018 49.5289 41.7052 43.077 45.5277 34.6531 45.2276 54.1874 41.698 50.272 52.7942 52.0225 65.4407 61.2109 71.1281 63.9546 66.4053 78.266 60.8537 82.9245 75.9224 76.1868 97.5216 93.1704 89.6765 95.0995 97.3073 99.1293 92.6702 81.5026 97.393 111.469 100.53 106.038 85.7896 94.0278 88.6547 87.0971 70.4065 88.0903 72.2713 84.5178 66.5768 68.5345 60.4536 63.5116 65.1335 71.8998 57.3812 60.032 50.6721 52.3083 59.1246 46.5709 48.4929 47.0853 58.8602 50.6935 48.0785 56.8239 51.2366 50.7578 49.0216 50.7864 45.7206 51.4723 41.5551 50.915 54.4446 46.5066 45.9493 58.1815 48.2714 55.3878 58.0386 41.4265 53.6801 48.5358 54.6447 54.4947 60.5179 50.3291 61.5753 62.0112 55.8093 63.4187 74.7864 64.7763 62.0826 74.3577 71.7569 66.0123 67.9486 72.993 80.0379 96.75 91.0983 103.616 95.9998 95.2853 101.409 92.0343
97.7653 88.3298 88.6485 86.6324 73.2165 74.3876 52.6702 62.973 78.2197 60.9421 52.3663 54.3306 41.2038 47.8376 59.4671 55.6351 61.2905 47.9191 34.4365 49.5498 45.525 49.7202 48.4231 40.4477 35.9634 49.0828 40.8183 38.7726 49.3052 40.974 28.4698 35.9486 53.7376 43.8425 41.1296 35.6669 41.6411 44.8431 39.6472 33.4137 33.9325 38.5502 42.8048 41.4113 34.9924 41.4409 35.2963 48.942 42.3082 34.7997 38.0759 40.6108 42.9382 52.9 53.6561 32.0869 53.5523 57.6586 57.9921 50.7283 43.8647 58.1033 77.9454 73.728 56.4652 72.0158 65.634 86.4545 81.3995 91.3687 97.4096 102.353 104.043 110.551 105.296 117.763 95.8604 101.56 92.0358 94.5263 96.1124 91.806 83.334 87.4033 95.8753 77.3302 86.4174 81.3179 76.8707 69.5624 74.1653 66.0268 69.9552 63.0397 53.7079 67.5759 61.7204 60.9273 51.6251 54.4343 59.7117 54.7382 50.795 56.0131 47.2594 49.1643 49.068 44.554 48.9346 54.5677 65.9823 57.2583 49.068 42.4119 45.6881 53.5523 44.2649 41.7374 46.0513 42.701 46.3922 50.2836 51.1137 48.9568 38.0759 45.9623 54.59 49.4089 47.7116 51.5881 55.8056 58.5999 55.813 54.1452 64.4851 56.9989 66.4567 61.7649 63.6772 60.8532 63.7142 81.5032 72.29 90.1013 101.835 90.5756 84.5718 98.9513 107.623 93.9259
96.9422 82.0906 93.8398 82.8585 75.2177 67.3465 71.9233 72.2766 62.3858 54.3687 63.8679 55.6281 54.6375 47.803 56.2117 45.6758 35.9924 50.3448 39.7629 50.1605 54.5684 45.7219 34.733 38.3038 44.355 39.3175 39.041 43.303 39.4173 45.3303 37.0521 46.1904 48.7552 33.1204 31.8533 30.7705 25.1263 42.2509 38.7646 39.3789 37.9352 44.4472 34.5564 38.3729 46.9813 40.9915 42.5658 40.838 43.7791 38.5726 42.32 47.0274 32.7287 43.6255 37.4975 44.9694 45.8141 46.1289 51.4967 55.2825 48.21 62.4472 64.6127 62.1631 66.832 76.0394 71.8926 70.6563 80.0018 78.2971 85.3542 97.0497 112.669 99.2229 101.918 100.475 93.1256 94.3235 89.8773 100.275 97.7485 90.3534 91.9968 85.4464 84.3406 89.3781 79.1955 73.367 59.6366 71.6238 69.3662 62.9156 62.4472 56.8414 66.4097 66.6861 45.5376 55.2518 56.0735 45.9753 44.2398 52.1341 52.0957 42.9574 52.1801 48.6477 55.2979 38.7108 46.9813 49.1084 41.4907 58.8687 58.646 43.8482 50.9822 50.1221 50.4216 43.9864 46.9122 47.2347 53.2475 49.1315 47.7262 51.0897 48.8781 49.9378 62.309 59.8824 52.1648 58.6383 60.3585 58.7305 60.9421 61.733 59.8747 59.2527 62.4319 73.0522 77.5215 66.7706 89.8389 77.2527 77.8363 87.274 93.4712 88.5488 104.69 82.2211 99.1154 110.673
96.8655 75.6965 85.0732 75.029 67.0589 67.8217 62.8156 63.9996 56.689 60.686 54.2971 52.2629 46.4382 51.1504 45.4132 37.5463 48.2341 38.1105 50.2763 33.7877 32.2461 39.7077 46.2952 38.0946 40.6692 27.7565 46.2714 46.5336 36.1239 38.635 37.6576 27.0492 47.0978 43.506 41.1857 47.4315 27.526 34.3439 33.8115 45.7707 40.844 46.1522 37.7609 34.7572 33.5732 43.069 37.4907 32.8898 33.3109 39.4534 50.324 46.3508 55.1633 49.0128 49.3307 43.0531 48.3851 36.41 54.4799 48.2261 44.6026 62.0845 57.7617 58.8901 71.0956 87.2425 69.3951 76.4991 71.6439 81.3464 92.2964 110.088 93.1943 100.362 103.858 90.2462 94.1638 103.946 108.499 93.9969 101.538 101.212 91.7799 92.7652 79.9478 76.5547 59.8516 82.8482 66.1133 61.4329 67.9012 65.1836 67.0748 56.6174 63.9996 58.5405 57.4995 53.7886 45.1748 46.8355 48.981 47.0819 39.4852 51.3332 42.5922 53.2085 37.1252 60.3045 48.0831 51.9927 46.9865 52.986 48.0116 48.3692 60.3443 41.0506 41.4797 55.1633 49.9902 48.0195 45.6754 42.5048 49.8154 59.4304 53.6455 57.3644 51.8497 52.978 51.9689 55.6083 65.6524 53.6058 60.0741 59.4146 59.1603 61.425 54.3289 62.156 62.1322 77.5401 81.8629 76.1256 81.1636 78.3665 87.9021 80.2339 95.3319 98.3515 97.4297 87.9259
90.2409 84.1629 76.6969 69.2309 81.5264 70.4876 70.2576 62.9641 62.8163 52.0402 57.9786 67.0544 50.5618 40.7714 52.3852 58.7506 46.5947 38.8906 44.2868 50.4386 47.104 50.9314 39.2766 32.9523 45.0424 49.2313 31.9174 40.6236 31.1207 39.5066 45.9623 41.4039 44.3114 26.5129 31.4081 38.1513 39.2766 36.7304 42.5455 31.4328 35.4081 33.9132 46.6769 36.1308 42.5784 37.3218 46.7508 37.215 37.445 50.7836 46.5701 53.1573 55.1367 40.8782 44.5003 36.3198 41.3299 56.2373 46.4305 44.41 56.8944 61.65 56.6069 55.2188 80.6887 72.081 74.5286 73.1077 69.2966 72.5902 92.7788 95.6782 103.703 103.645 104.015 118.183 114.199 113.444 103.875 100.762 96.0396 93.8466 91.8425 91.4482 85.551 72.6149 62.192 74.8818 81.3047 67.1201 64.4097 59.5884 58.3728 54.57 60.845 53.9458 53.1737 54.2743 56.7301 49.1409 53.6337 52.0731 47.5886 50.8247 56.8287 52.5577 49.2723 46.6851 54.4796 49.7405 43.449 52.0977 49.4859 50.3976 43.9418 46.7179 38.5702 43.0548 50.1183 39.1452 51.2764 50.4222 53.108 51.0464 51.0875 50.4551 45.5599 54.1757 57.2147 61.9456 57.8718 54.2414 56.0073 58.5289 72.6559 68.3357 60.5494 64.8039 67.4979 68.1057 74.8325 69.8634 76.7462 91.6782 97.6576 95.6535 91.5797 87.0787 99.1524 101.616
92.8534 93.3962 96.5933 86.8407 67.2252 57.3624 69.9729 60.8054 52.1468 51.7228 42.5384 55.8698 49.3143 45.2267 50.12 47.7878 40.3589 55.0472 44.1412 35.7963 46.8041 42.1059 45.1673 31.3101 31.2423 46.0748 35.949 39.9348 46.0832 33.5066 41.3935 37.6281 42.7165 29.7921 42.7843 39.3327 43.4288 47.8642 42.0889 29.1306 26.4338 39.5278 36.9327 41.173 37.7808 40.4522 35.1773 40.9864 42.691 43.4458 34.3801 39.6974 47.1179 45.0571 39.9857 49.2126 39.1462 50.9595 59.7369 46.3885 59.0161 51.2733 57.7779 73.5687 64.9355 66.25 65.3849 73.9333 85.1955 75.7142 92.3106 108.186 93.8626 93.464 103.208 104.862 92.6923 103.556 85.7806 111.46 89.758 85.7128 82.6259 87.9008 84.5594 88.8251 76.2315 65.8344 77.3934 63.1037 64.1722 75.6294 53.1221 63.6549 59.3722 47.3384 54.1313 49.8062 57.5998 53.1475 41.1136 51.4853 47.5589 47.0076 37.4585 53.9277 40.1469 50.8832 54.3433 41.1136 40.6811 46.2698 42.038 43.556 45.2437 53.5885 55.7341 60.5002 41.8769 48.144 52.0705 46.8889 45.1758 42.9115 51.9518 45.3285 53.8344 54.674 51.7822 61.9673 56.9722 53.6648 57.0316 57.727 64.1129 60.9835 49.0684 59.9065 69.9899 68.4634 65.5121 69.1333 79.7594 79.5983 80.2852 90.8181 88.4605 86.5948 98.7983 100.35
87.459 83.715 88.4213 80.5659 67.6631 67.6806 51.4624 63.0793 68.3629 57.2971 51.0688 37.5974 50.9901 47.456 47.3948 49.4592 49.9841 38.8221 38.7783 43.887 33.4073 40.0817 39.207 39.3557 34.4308 33.3111 43.0297 33.1798 35.1043 30.8267 37.9648 42.2512 24.6246 41.5951 37.23 36.3465 29.1384 43.0909 25.9018 34.597 34.7194 38.5509 24.2835 34.1071 39.172 42.951 39.0058 39.2507 48.3045 43.6683 39.5394 41.7175 41.3939 44.648 38.7084 43.712 43.3271 47.2636 55.2852 54.5591 54.0867 65.03 64.8201 68.2142 71.7395 67.4969 70.0862 67.2607 61.0149 107.045 89.7334 97.1864 103.012 101.525 101.77 104.552 120.158 99.4695 96.8277 95.6293 97.8337 96.6878 98.831 80.9158 86.4968 78.8601 72.7805 76.3495 66.4821 68.5029 58.2594 76.3495 65.0475 62.6332 54.5241 66.4647 43.4408 59.484 46.9836 54.2792 53.903 46.7999 44.6218 48.4795 56.0724 48.8031 38.6909 35.4455 35.5155 52.0398 50.8413 43.6158 54.804 40.4229 36.2065 42.8897 45.1904 35.8041 43.0297 49.7654 47.2548 40.8165 44.683 50.3515 43.5458 63.3942 45.5053 49.7741 54.2529 55.3464 65.1787 59.4928 48.9868 59.0117 57.5071 64.3827 63.7091 71.2759 79.6911 69.5788 73.1566 67.6893 83.785 90.7044 67.3744 87.8439 92.4189 93.1275 90.8531 101.193
91.3556 87.4793 73.5605 84.0086 93.429 63.1845 66.9977 63.7073 60.3719 48.1929 63.4369 53.3945 46.5162 53.1961 43.9109 40.2329 41.0082 36.4557 34.9412 40.3771 47.8053 37.9882 48.0848 28.8833 40.5845 33.7423 57.7125 43.6675 31.0829 32.2638 39.3765 32.7416 35.9329 41.3868 28.9554 35.8517 24.9619 33.8414 32.6515 41.2606 30.542 36.05 32.5794 32.7957 36.1853 37.9161 38.0062 43.2258 36.5639 42.0268 49.2837 48.22 40.4402 41.8195 42.3243 34.2832 45.804 47.4267 46.4351 45.6418 49.2386 60.3358 50.0139 75.6158 46.9399 56.9102 74.2997 74.3267 81.0788 83.3325 79.2488 87.7768 102.128 86.9564 99.8746 105.455 96.3228 90.0034 114.118 99.4869 102.985 99.0993 79.1947 82.6113 83.8734 95.6016 80.7633 62.2199 72.4877 64.5277 64.726 55.8915 67.9172 56.6037 51.6997 47.2644 48.8059 48.3642 49.7615 52.0152 55.1073 46.0384 50.5278 45.6868 53.2592 42.4866 55.2335 50.7441 61.1832 49.6623 44.7763 41.495 45.4705 46.2548 43.6315 45.0828 47.3906 42.3333 47.5529 43.1266 40.7107 41.3237 45.3533 41.1794 45.0558 51.7628 42.2161 49.0313 52.3848 55.8915 58.0461 52.7724 43.0365 53.3223 61.7782 63.7164 63.2566 58.019 65.7627 74.2456 69.0531 69.3776 75.0659 76.6976 73.4794 82.5392 78.4285 91.8064 101.362 104.202
93.747 80.9101 78.9331 76.724 75.7309 64.1935 70.0225 56.2482 49.361 49.1847 56.0626 54.6053 65.2702 58.8286 56.0069 51.403 47.5789 52.8139 34.9556 39.5222 44.85 41.0909 44.6366 36.4592 30.853 37.9165 32.4123 31.1407 41.6756 27.2423 38.2506 41.5828 37.0254 32.6072 44.0425 41.6107 34.5007 37.7587 30.1383 31.1407 35.7445 43.7919 33.6097 37.3039 30.2496 35.3176 47.2726 36.3942 37.7865 40.3576 35.2897 41.3601 43.8569 48.5814 45.9731 40.9331 39.3737 58.6243 55.9326 43.2164 44.488 49.426 61.9751 51.3102 71.8974 59.2555 67.6463 75.5359 71.3962 74.5892 90.3591 83.4812 96.8935 99.5667 109.053 120.256 113.824 105.804 102.008 110.733 105.117 93.6542 98.1187 79.6385 78.5433 75.6288 77.8935 64.6112 81.7548 62.6991 72.8442 67.767 59.7382 54.3732 64.7968 51.1153 51.1153 52.6375 56.406 54.4753 45.8803 44.2189 39.086 41.193 47.3933 43.3185 57.5291 35.8095 52.322 50.6419 40.4226 49.3889 44.4509 53.8813 43.532 54.1134 53.3801 44.0425 46.7714 49.3796 45.1099 54.3454 47.5047 45.5926 48.5257 51.1617 41.5735 49.7787 55.3571 57.3713 55.5335 49.2404 51.3752 57.362 70.7279 58.7914 52.5169 70.6908 68.5745 65.8549 72.0924 69.4377 78.5804 77.4573 90.7211 94.3967 95.1578 89.3845 102.593 94.8144
88.5096 76.6307 90.429 85.1388 61.1899 57.4754 78.0248 62.1258 56.5969 60.1587 49.5688 51.3927 51.8892 48.9099 43.6198 47.6877 37.0214 49.9603 43.0182 43.954 40.3445 29.1244 40.4304 54.372 45.0999 38.7307 29.7642 39.8289 40.545 34.6342 36.2002 32.9249 34.4241 31.0438 23.6529 37.7854 41.118 34.8634 39.4278 45.6251 33.6507 34.7774 33.9658 42.493 25.4481 38.5588 37.9 49.8839 36.1525 42.7031 41.0893 46.284 41.4808 48.0314 53.3693 43.0373 44.8421 52.8632 51.0585 50.2659 56.6542 56.8452 50.5906 65.7735 62.7082 69.6599 61.8584 79.1134 77.4901 75.1028 80.4503 87.6025 81.1187 110.596 106.462 93.3128 92.0332 96.7409 106.137 96.1297 92.2146 100.131 73.7755 96.3207 85.5685 76.6307 76.2105 78.9702 81.4529 58.4589 56.9979 50.9916 61.9348 50.2086 57.781 55.1741 43.2569 48.2511 55.556 48.6044 49.206 49.206 47.258 50.476 59.3852 37.7472 44.7275 39.3991 34.8729 39.5997 45.1381 53.5317 35.761 48.0792 35.9806 52.2139 39.8289 40.1822 47.659 45.1476 46.5895 39.571 48.4898 41.519 43.5912 43.9827 54.5725 55.5751 51.8797 51.4022 39.3323 40.7742 53.1401 49.8075 58.0961 59.4807 62.8992 61.7151 59.0701 61.9443 63.0711 71.0636 84.6614 87.4497 84.6136 106.643 79.1325 105.01 80.2784 96.082
79.1865 89.2088 85.4296 59.4463 72.6588 58.5334 60.2316 57.9445 46.3615 56.6684 58.9065 43.6719 53.5076 42.4547 43.3577 55.834 44.2608 41.2277 34.8275 49.8658 39.7945 39.4117 32.2165 28.2017 34.641 32.7073 33.895 37.3012 39.0387 28.0544 26.7194 42.1013 31.922 33.3846 24.2556 34.4447 32.3637 37.1834 32.7269 32.3637 32.7171 37.7135 43.4952 36.3392 35.4852 31.176 38.2436 48.9726 36.6632 36.0938 44.0547 28.5649 58.1703 33.4729 51.7309 39.9319 39.2546 47.9026 55.5297 46.9603 53.7432 59.0733 61.1642 54.6855 72.5508 63.7851 78.5583 79.4908 58.239 82.6909 75.1718 84.1142 97.1696 95.7365 115.28 109.567 103.403 91.9278 83.1424 103.403 111.393 86.1462 82.1019 80.7964 81.3363 86.2149 79.4712 58.9752 74.7497 64.4526 60.3102 52.3002 55.1763 59.5543 67.417 43.2007 53.7923 56.1678 49.9149 49.7971 44.7516 45.3897 44.5946 55.8144 44.0547 42.8375 38.5086 40.5503 40.9822 49.9149 49.5713 35.3085 46.8523 42.0522 51.7702 44.3001 42.5626 47.1369 46.1161 50.0818 46.2928 43.8878 41.1 51.3775 43.2694 44.1921 47.7455 46.4007 43.2007 50.0621 51.1321 56.1187 49.8167 59.4856 51.1321 61.2918 65.7581 73.395 79.3829 67.26 79.6872 75.6822 74.838 76.5656 88.7474 105.798 93.1647 100.095 99.1231 91.8101
82.5917 87.3711 73.4865 66.8417 66.5593 78.639 57.676 63.6352 68.5457 59.8439 53.7032 39.0221 57.8172 33.4864 53.5923 36.6828 46.4131 42.1378 41.311 40.7765 40.5547 38.7297 48.0264 32.0142 36.9752 28.9489 39.8186 31.4697 33.2746 36.0374 33.2444 37.4592 31.7117 38.5582 30.653 33.083 31.7621 40.8875 26.1155 37.7617 31.1067 35.6744 42.8839 33.4561 24.6938 32.0949 34.1216 34.6459 43.4889 42.4907 51.7673 42.7831 45.2737 32.4781 41.3311 42.6117 47.5525 58.1802 49.6195 40.9782 50.2649 50.8497 48.6919 49.6397 58.402 52.5134 59.8943 76.9955 75.2511 78.3668 97.0913 87.7442 111.016 107.124 97.8778 110.875 111.662 99.0273 100.368 96.2847 99.1282 84.4974 69.6146 81.1901 64.5528 73.5168 79.7482 68.7272 66.5291 67.6887 64.946 67.0433 53.5722 53.0781 46.5038 52.4933 50.7186 60.4489 49.3271 47.9356 51.011 43.8519 47.6432 53.2092 43.1159 46.0299 43.499 45.2737 43.378 48.7625 50.6682 43.3881 44.6082 42.1075 38.7801 55.7804 42.5512 36.592 41.0992 51.4849 35.3921 49.1355 47.5323 53.9352 47.7743 50.0733 47.5323 51.5152 46.3526 51.9185 48.7423 46.2013 47.7541 50.527 51.979 56.4257 67.124 55.3972 53.552 63.968 67.6887 69.7154 88.5105 87.7744 74.0108 98.5332 97.2123 92.0195 102.284 97.4039
89.3648 101.485 84.2414 74.3775 67.5463 65.0519 56.0885 46.68 57.2788 48.3878 53.5733 50.9237 46.1418 44.1028 45.7899 43.223 35.7087 51.11 35.1083 41.1426 40.7493 35.7915 37.0128 35.0566 42.7883 37.2405 40.594 43.3679 55.0534 39.4865 31.7238 38.731 27.2317 41.629 37.3337 35.8018 39.2795 29.5916 32.4897 31.7445 37.2716 36.6505 27.3973 25.1513 33.8456 37.6959 31.5271 29.7676 34.5494 41.598 35.5224 57.817 33.8145 42.6641 38.9483 35.5948 49.2469 49.2055 40.594 43.5335 55.8194 46.9388 63.7374 48.7915 62.6506 53.2318 72.2971 57.6307 63.903 77.9277 76.6028 71.8313 92.7804 89.5201 116.597 101.288 98.1419 99.8497 108.016 106.081 93.6602 92.149 90.6586 83.3616 85.2764 79.3043 62.8162 59.1522 66.9563 63.1784 57.3202 58.7382 51.9173 53.3042 57.8894 46.7111 48.1498 52.6004 55.2708 46.7835 49.1123 38.6999 44.8894 50.9237 39.9419 40.594 46.5455 51.7103 45.4897 52.7143 42.9228 45.438 41.5462 38.1513 53.4698 39.2381 45.645 50.0646 41.2254 43.8544 52.4659 49.8576 40.2111 39.8384 49.0088 50.4786 39.9212 47.1561 63.52 36.8058 59.3281 50.6028 47.2493 68.1777 56.8854 55.0741 68.778 54.7119 55.4674 65.7557 74.1912 77.2446 73.6633 75.4953 88.0814 75.692 83.7446 93.4532 95.8959 86.4771
72.9313 83.2302 87.2648 72.4641 71.2962 70.829 58.7039 55.6885 58.7039 59.8824 56.9732 50.9213 44.3809 53.0448 42.3849 44.296 43.9881 33.8378 39.2846 37.2566 35.9507 33.5618 34.4536 30.8649 44.6039 35.4729 44.2323 37.7557 30.0899 37.1505 31.8099 25.1209 37.4902 38.3078 43.6483 29.0069 28.2849 36.2374 33.6573 32.5956 36.5983 33.6679 30.5146 28.7733 42.3849 40.187 48.681 42.3636 40.3888 34.8677 35.3986 42.7777 44.4765 44.4871 38.2441 34.5067 51.4415 43.3404 49.18 45.3577 51.7388 56.8564 47.7467 52.4183 51.0593 55.2001 61.2839 77.019 76.0209 78.5267 84.1964 93.4866 86.8507 98.1796 90.8217 104.837 117.599 104.847 87.3285 93.6141 90.3651 91.257 83.3894 82.3808 78.463 68.7055 80.3953 78.1338 68.6737 62.2713 62.2395 54.6692 57.5466 60.7424 61.1247 43.8607 51.5477 51.8981 56.0814 46.8017 43.213 51.7813 45.9629 39.7199 52.3228 51.9087 46.101 50.9744 43.7333 51.346 50.0294 45.8355 33.3813 43.9456 45.2728 48.0121 38.7962 41.4824 53.066 43.3935 47.6723 45.9311 39.688 47.2052 41.3974 36.9381 45.5276 43.0431 47.1946 45.5064 52.1848 57.1643 64.6815 60.116 53.7349 70.4149 57.5678 54.6055 55.2107 66.7731 77.6136 72.5384 88.2522 75.5113 89.6537 88.6557 87.7001 94.3679 95.4827 96.7993
86.8697 78.1621 78.6519 72.2408 65.1985 74.4831 62.6407 54.1616 60.7032 62.5536 37.3885 51.5166 46.6186 50.7003 40.7409 33.8619 47.4785 46.9125 40.7518 39.13 54.8473 35.6469 42.8416 40.0552 37.1708 34.0578 37.4211 37.3776 29.9543 39.696 40.0225 27.157 25.5352 30.9557 24.9583 34.2646 38.3681 40.077 36.1694 30.6183 35.8646 30.0632 36.2129 32.4578 40.9042 47.9138 41.8403 41.5573 39.3586 42.145 33.8292 39.9899 43.6689 38.1504 37.5844 43.9519 31.5979 54.1834 46.0308 48.9152 54.4228 53.5738 50.9071 48.5887 55.3045 62.9672 68.4313 63.174 77.8029 76.3226 93.4549 75.343 95.9583 110.598 85.6397 101.063 102.75 96.4046 115.202 110.054 89.5473 109.368 84.5404 79.5444 78.8804 75.5606 71.5007 69.6503 74.2436 60.9427 57.5685 61.7264 56.0228 47.8594 62.8366 42.3736 46.6295 52.6486 49.1003 52.0935 43.0811 52.9207 43.6689 43.6471 40.7083 36.7245 55.6201 46.1941 43.0049 44.3002 46.1614 47.9247 37.8783 41.7858 47.8812 40.5777 49.035 46.2376 39.1735 36.7354 45.9329 44.4743 42.0688 43.843 45.4539 51.0813 52.0826 45.8349 33.3176 45.8893 50.1887 46.1614 49.2418 40.5015 65.4053 59.8869 55.4786 63.8597 66.7006 72.4803 67.2231 55.0868 78.7172 80.6764 73.2858 84.0397 95.0767 98.4509 109.629 101.869
98.7258 88.8008 63.6761 67.49 77.6491 52.9928 53.5504 52.4352 50.952 71.8726 48.1529 50.7847 42.2314 43.0455 41.2835 44.4952 28.4256 40.3356 42.7109 27.5 35.1835 30.8121 36.1649 28.9051 27.5335 33.1316 31.7265 31.5035 37.7484 31.3697 30.1987 32.1614 33.5108 35.072 33.2432 33.7896 36.8898 32.0722 32.1168 31.392 33.4104 30.5667 37.8822 37.1574 40.7817 33.8342 42.3429 39.187 34.1464 35.8749 34.0907 35.5962 45.655 38.6406 40.804 41.7519 38.1276 46.3687 36.5887 43.7592 59.0035 45.1308 63.6649 67.6907 52.9147 58.8697 74.3371 63.1966 93.2392 89.3695 74.4598 82.3328 90.9865 115.866 90.7077 98.7147 105.283 95.7706 100.097 99.9525 83.303 95.1684 85.0762 79.701 81.5522 78.0171 69.9656 67.5457 66.2744 60.3752 65.2039 51.1862 56.7397 49.7142 45.2758 47.0601 45.1197 45.8334 48.5767 41.7073 46.7701 35.3062 47.3166 42.9897 41.1497 43.9153 46.1791 37.202 50.5394 32.4402 39.8115 40.514 42.4433 44.1495 40.0903 37.3693 49.1677 37.4808 35.6185 38.3729 40.1906 46.6586 48.0303 44.2387 38.2168 41.1943 44.7071 53.6173 50.361 47.1604 50.7736 59.7284 52.1229 51.1193 49.0785 55.0447 41.5958 56.394 57.6653 60.4198 62.7393 71.683 79.6007 83.5261 83.3811 81.1062 85.8122 99.5845 102.484 85.3438
85.9835 67.211 74.6561 71.0135 73.2972 57.0026 46.0748 55.1413 41.9298 58.0303 31.7671 38.31 44.8416 48.1873 45.915 39.5775 41.5416 36.483 35.1356 31.6529 36.8827 34.7131 29.4376 40.0457 30.1114 41.1419 35.0785 42.1125 38.6983 39.9087 37.5678 25.1784 29.529 40.08 37.2481 32.6806 30.2484 42.0782 31.9155 40.925 30.3626 38.31 32.8176 35.1585 29.4491 33.7197 33.2858 32.829 44.0765 46.6001 33.4 37.054 32.064 47.4565 42.2153 37.9218 48.9752 40.8108 48.1188 47.8904 46.0748 50.5282 48.4499 62.2438 66.8456 45.344 58.3158 85.8122 75.2955 68.5698 101.353 85.8922 97.1739 105.076 80.5938 99.5719 96.5116 105.27 104.676 102.929 101.022 85.8465 95.8379 92.8348 81.8271 78.2987 73.5599 60.4968 53.3372 67.919 65.601 59.0694 57.6763 50.9849 53.9995 67.702 55.8607 56.8199 47.9247 45.6409 45.4468 45.3669 50.8707 43.8367 38.527 39.8287 48.8724 45.7894 41.8156 45.4354 45.1042 37.899 44.5105 38.8125 41.1876 46.1548 43.9852 43.1402 44.008 44.9558 44.8416 35.1128 44.5675 43.3572 47.5022 39.6575 51.042 49.2492 43.1288 51.6244 42.0668 62.6663 46.5087 54.3991 54.4791 46.9997 51.4988 51.0991 65.7951 63.6027 74.0166 77.2481 72.6578 61.9926 87.605 94.1137 84.8987 98.8411 112.315 98.2016
79.8732 88.8479 78.4592 70.6062 70.875 69.0403 54.0239 49.63 55.5197 51.827 39.8606 59.4579 36.8573 42.0693 42.3264 41.4265 38.3882 47.2812 38.7271 29.4835 35.4083 29.951 31.2949 37.5819 31.961 28.7707 36.647 37.1378 32.9659 33.223 34.0761 34.5903 25.931 26.9243 23.2316 30.2314 31.7039 26.6906 37.465 30.7222 33.9476 39.8022 35.9926 32.2414 37.7805 37.1962 37.3598 28.1864 27.4385 18.1365 35.0577 46.2996 33.9943 30.956 36.8573 43.0158 47.3279 41.8005 35.1395 36.4016 47.9473 52.4113 53.3345 53.5682 58.7334 54.4096 62.9169 69.6597 80.8782 90.075 82.6427 89.0583 94.7844 100.581 110.151 92.2953 110.771 97.7877 95.357 100.265 87.0249 96.4438 81.6845 80.4808 83.8697 71.249 72.7214 66.9602 60.8018 53.2644 49.6184 48.6601 56.5364 48.2978 54.3862 49.6184 44.126 44.8154 42.5718 38.5167 48.5316 50.0274 43.3313 44.5467 48.2277 57.6466 45.727 52.5398 44.9089 40.1294 37.9441 44.0792 45.2712 38.0727 43.8689 49.4314 39.475 40.8072 44.4766 37.465 36.1211 41.7304 43.3664 51.231 42.8639 52.8203 46.2879 38.6453 47.9239 52.0023 45.7503 52.9138 50.635 48.5549 57.4245 54.5264 58.9905 56.8519 57.705 72.9551 60.2525 60.4278 69.0403 66.9953 72.0086 97.1917 92.1784 87.9131 101.34 94.574
96.6521 83.8982 94.7396 77.8978 73.2362 60.1715 54.9241 63.0641 57.8765 43.6524 48.7922 53.0834 49.9397 54.948 38.8354 32.0102 37.1261 26.2847 35.0702 44.513 29.512 47.1069 31.9504 36.0623 28.8068 27.9701 35.6559 45.4812 32.9306 39.1581 30.2411 24.5993 32.1656 31.4006 35.2136 25.5675 28.6753 28.4721 38.9908 27.1094 32.1656 31.1257 31.9026 24.5276 27.1094 31.9863 35.1777 30.7073 25.0535 34.9267 42.756 32.811 32.7871 46.6885 42.3974 50.2266 45.5051 35.2375 47.5013 32.5959 44.4652 55.8445 49.4855 49.7963 72.8656 65.3233 54.4699 75.3638 71.9452 79.8223 86.0259 81.4001 85.0696 99.7599 89.7791 108.163 102.306 100.704 85.7749 104.517 92.1339 94.6201 86.0976 95.4688 67.7617 69.2678 72.1484 66.1839 69.961 66.3751 69.0885 57.6136 47.4535 59.7651 51.8044 49.2464 51.5653 55.2349 44.8955 40.712 46.7124 43.4851 49.4736 43.1265 42.9592 43.3775 43.9273 43.8078 42.0627 47.9436 47.3459 44.6206 41.8953 38.8473 46.2821 44.8716 42.2539 40.4729 43.5807 35.8591 32.811 42.0866 54.2548 45.1585 56.8725 43.8556 44.2023 55.0915 52.3662 45.4932 58.1634 48.9715 53.7049 49.1628 57.6853 54.948 51.8163 60.6138 61.9884 76.571 68.694 70.3555 67.2238 74.8259 78.9377 88.1416 99.9033 94.9309 101.135 105.724
82.5592 80.7751 79.1254 64.1068 63.6791 62.2249 66.9419 45.1778 49.8093 53.1331 47.8907 40.9374 37.4058 43.8336 32.4689 41.4996 37.4058 46.632 38.4323 41.6829 36.1716 33.3365 36.807 30.3548 41.0108 37.2225 34.2653 31.8946 25.9311 33.3976 28.9862 26.8843 21.4463 37.247 25.0024 37.0881 25.8211 35.7317 34.1431 25.9067 38.0413 34.3997 38.4079 32.6889 27.7275 41.4874 32.3711 31.5402 31.5524 36.0983 32.9088 36.9415 42.2328 35.8783 41.9517 43.1004 36.9415 38.97 48.6361 48.5628 50.4692 46.6809 43.8703 58.4245 54.4774 49.5526 64.8645 66.1598 72.6976 76.8158 81.4961 84.0012 83.5857 98.311 95.4026 104.226 105.533 82.8158 107.171 107.476 91.4555 92.1032 87.2395 83.8912 86.1031 69.3126 70.3635 77.0846 65.9643 59.842 49.015 50.6891 49.9559 58.5955 59.6587 52.1678 51.569 53.4753 53.7808 56.9825 49.3693 39.6543 49.6137 41.414 41.8295 42.7216 35.9394 41.9273 41.2552 45.1534 39.7032 44.7135 37.0759 34.082 40.8275 42.0617 45.2023 38.4934 39.6177 46.4976 38.3101 48.2818 43.4059 38.3346 45.1412 58.0579 47.8907 55.6749 48.905 45.4956 42.9171 48.5628 56.176 44.8968 52.1678 55.345 60.3186 52.2533 65.891 69.2148 64.9622 59.4876 76.7424 70.7546 71.2923 68.2983 89.8302 98.2254 82.5837 102.808
94.1164 92.4806 80.6676 55.7556 60.2759 61.5746 54.0573 52.6213 54.4194 59.0522 49.8616 47.2517 42.3193 52.6837 43.9426 40.2714 31.9798 31.0808 32.854 43.9301 34.1776 36.7375 31.5428 37.1371 47.2018 38.6106 25.1993 37.2495 37.237 34.0652 28.5708 36.8374 31.1557 36.3129 35.0018 32.8789 34.0527 25.3491 28.5458 23.2138 31.293 25.1618 32.2795 32.5917 38.0112 30.5188 42.8313 35.701 32.8789 37.2869 29.1203 38.673 32.8165 36.9373 34.6646 42.1944 30.394 36.4503 51.3975 40.7834 50.1238 56.2426 49.0249 44.1674 52.8211 54.9814 62.8608 65.5955 70.8277 77.2711 75.4854 90.57 91.6939 99.5608 107.365 100.085 90.3952 101.896 103.894 107.228 92.3932 107.39 91.1569 75.7476 78.6447 93.0924 64.5965 67.1564 55.1812 70.3906 55.356 55.3809 46.8147 58.6151 46.6024 56.9294 52.1592 41.4327 46.1529 40.1215 40.0466 50.2737 41.1705 43.9301 43.2309 42.2568 36.6251 37.6491 45.7658 35.776 40.9207 47.8636 42.2069 44.6544 36.675 38.9852 51.3226 36.7749 44.3672 41.083 49.1373 46.515 40.621 36.4378 34.3274 40.7209 42.8188 42.0945 50.0489 54.6067 39.8468 42.0196 49.5994 66.8567 64.1969 58.2405 58.4528 66.8692 68.2553 66.607 69.067 67.094 69.4166 73.3251 69.017 86.212 79.9309 98.8865 86.137 108.477
79.3959 72.5596 78.4648 61.0679 61.3485 47.3059 61.2847 47.0508 62.1775 47.9181 43.2118 38.9518 40.7502 41.2349 45.0739 39.0028 44.4745 37.906 30.9548 35.9545 42.0639 34.9597 38.5564 30.1641 34.2455 42.8929 22.1161 35.8525 41.2093 30.7508 35.3678 31.8094 37.8167 30.1003 24.3353 21.5294 26.1209 38.0208 28.5698 37.9952 32.2048 33.0976 27.5112 34.2455 35.5719 30.6742 44.9209 35.1893 23.0471 30.0365 30.2278 39.3345 37.8422 45.2397 34.7811 40.8395 37.4978 41.0563 39.3727 47.9181 34.5771 43.9643 46.681 53.0964 53.7979 48.9895 63.7463 74.9957 58.7211 81.2963 77.4445 90.7218 84.0257 96.0659 97.7622 112.761 98.6677 105.389 106.55 108.603 108.565 81.2198 94.0124 72.33 77.1766 64.8814 71.8326 65.5447 53.7596 63.1979 57.8793 63.0193 49.1936 53.224 51.4639 52.3567 43.7857 54.0785 43.6199 44.8954 53.7214 32.1665 43.8495 38.8115 46.4131 44.3852 34.271 43.4541 38.8115 48.5176 30.7125 46.6937 48.3008 40.4186 36.8601 39.6278 45.5586 47.0253 38.008 42.5358 41.7195 51.3236 40.5971 48.186 44.9591 44.2321 53.5683 49.8823 53.6321 51.7062 49.5507 50.0609 56.0809 47.7778 52.2164 53.4153 58.6318 44.9209 56.7186 53.0199 64.7156 61.4378 72.0877 87.6352 73.6309 85.0588 86.0537 101.512 92.89 94.0252
76.8658 70.8238 63.9615 75.0428 64.6516 62.8547 58.7399 55.9012 50.4452 47.0857 58.7269 49.9764 45.5101 38.7128 37.2284 37.5279 35.5356 30.9651 37.2805 30.5744 33.335 32.2021 39.5723 38.0618 32.6839 29.077 26.3685 39.3639 33.0746 39.416 37.2024 36.6164 33.1136 36.4471 36.7466 26.6159 29.3504 30.5874 34.8064 31.7333 32.2802 29.9754 39.4421 29.0509 36.2257 27.4493 31.9677 38.4394 34.7283 25.483 34.9887 38.5305 30.1577 44.1168 34.8064 39.5072 36.7075 47.0466 48.6743 39.2988 45.2496 42.2938 60.4457 61.7739 50.927 48.7915 53.0755 60.6931 83.3635 68.2586 75.9152 92.7129 102.206 84.4964 97.7652 92.7129 116.829 95.0307 100.812 96.0204 87.1267 89.5747 79.3399 80.7462 74.8084 73.1937 78.3763 71.0322 59.6904 55.172 45.8747 60.641 56.5002 48.8175 51.2786 51.9166 49.9764 53.375 40.3796 47.6716 43.1402 42.8016 44.872 52.2812 36.2388 43.2313 47.893 41.9422 51.4479 39.0905 49.8592 33.9209 39.8197 39.6113 43.9214 43.9605 38.7519 45.0283 34.0251 39.6504 38.9733 42.2417 43.1532 31.0562 32.3844 37.0721 42.3328 37.2805 42.4761 43.023 55.2501 47.6586 58.1018 43.7912 39.3509 56.1616 47.5284 61.0186 62.9328 63.4406 68.2195 58.0758 68.3367 75.4334 76.1236 79.5612 88.3247 99.0283 92.9733 89.0539
70.8813 103.837 66.124 88.3027 58.2838 55.7456 61.3401 56.5031 51.5066 46.7227 44.3839 45.7792 39.8658 34.949 39.8126 40.2777 30.1252 38.2579 31.2149 35.9456 41.075 29.9525 29.514 45.3805 37.3542 25.4742 25.2085 35.2015 28.9824 29.6336 33.7264 30.8561 26.3247 34.8693 25.235 39.414 27.4808 27.2416 30.2581 39.2146 18.8432 32.7962 34.4573 35.5736 25.5008 43.467 27.3479 38.1648 37.1017 32.5305 31.9591 32.5703 41.8989 43.3872 29.0621 38.6565 37.8592 28.8894 44.6762 45.035 37.5934 41.1813 48.2243 56.0114 50.0183 52.7291 47.0549 58.0711 68.3034 78.5887 81.0205 78.2432 83.3195 77.6054 102.561 98.3754 106.03 111.97 100.183 92.2893 98.8937 103.173 72.5424 87.3459 77.3795 63.1872 77.725 64.9148 59.998 74.6686 55.4001 64.9945 55.7722 51.9451 49.4203 51.985 52.9019 46.3905 40.7694 44.2377 42.8026 39.7196 59.214 47.5466 39.8126 42.4703 41.9122 47.8389 45.8456 48.6761 41.673 42.5501 47.2941 41.0352 43.7062 36.2911 34.5105 40.7162 48.1313 50.005 47.0682 39.4272 39.786 50.8156 45.447 38.5502 41.0617 49.3538 42.962 42.7095 40.3176 43.4936 50.4701 51.7856 55.945 48.5034 49.7791 60.3036 59.0279 55.945 66.9612 68.0642 62.3235 75.9576 76.9409 85.2995 77.911 100.475 97.8173 87.4522
82.3645 74.1226 70.8286 65.7587 59.5367 63.1425 66.8838 45.6285 46.1707 39.0811 49.7088 38.7015 35.6244 38.1729 53.0164 34.2824 34.2959 35.6651 38.9591 26.8403 26.5827 28.7923 41.982 30.1072 38.7964 28.2772 28.589 32.3439 38.688 29.3888 39.7589 35.9768 29.0499 27.6536 28.4534 32.1948 30.1072 24.7256 35.5837 34.7975 30.5546 33.7537 27.6943 34.7162 34.8517 31.9237 28.0061 33.2657 28.6568 22.2178 28.3043 34.4993 30.3377 29.5785 29.0363 33.591 34.3502 30.1479 35.3126 40.9925 44.5712 51.0101 51.4303 34.4993 61.5022 53.301 53.7348 64.254 79.7075 68.6325 76.0339 97.9535 101.898 81.3342 98.9973 100.976 102.766 109.828 107.727 95.8117 91.6637 87.7732 77.3489 83.1236 67.1143 58.8995 69.6221 62.0851 56.7984 63.9423 56.6357 58.2082 56.3375 49.5054 53.1248 59.7807 49.5868 44.0018 42.7818 50.4814 41.1009 36.8308 41.8058 46.8485 44.5712 40.3689 41.6702 41.8058 50.2781 40.9382 34.7162 39.8809 39.4471 38.6744 42.0091 41.3856 45.7505 45.6692 48.2312 40.9382 44.4492 46.7536 32.0999 45.3438 43.8391 44.9372 43.446 49.2885 49.5325 48.0821 38.81 45.2896 48.8276 57.3271 57.4762 62.7765 58.6149 57.4491 51.5252 56.0528 67.9276 60.1196 66.3416 77.0913 74.4344 78.718 83.964 94.5917 90.1725 93.9004
76.8549 64.677 76.7858 68.9344 62.258 45.9194 56.5906 62.2718 54.7798 49.1678 49.306 41.8831 43.2516 29.0832 48.9466 37.7916 31.2534 31.8754 25.0746 33.1195 25.5169 31.3778 37.8607 38.3169 36.5475 27.1204 35.3864 44.3436 22.1442 28.4059 32.691 26.6919 24.107 37.8331 31.4607 24.6046 38.4413 24.342 25.2681 31.0322 27.9912 42.8922 20.361 28.5303 21.8953 34.9303 31.1013 34.2529 30.9493 31.1705 46.0162 34.0594 42.7125 42.9613 38.4551 38.4413 41.192 48.1311 53.7984 34.405 35.5246 35.967 48.6287 40.2659 52.8308 52.2641 50.2459 51.2135 58.1526 78.3477 79.0389 91.742 89.3369 105.123 101.142 99.1511 104.086 106.104 103.339 107.68 101.169 89.6824 81.6929 77.8501 73.9383 64.9811 69.0312 71.9754 57.5306 66.778 56.3695 57.5306 60.9448 57.3785 54.0058 50.5915 46.7211 45.0624 52.0429 51.0615 44.2607 46.0853 31.4746 41.3993 40.0724 43.998 38.0266 47.0943 40.57 42.5052 46.0576 35.262 48.8913 36.6443 38.2616 54.2684 42.6158 38.4689 38.2892 36.7134 40.2382 38.9251 38.3998 40.5147 45.173 37.5151 42.2564 45.1315 55.153 44.1639 46.5967 59.4934 54.3928 48.1172 50.8403 51.9323 50.7159 51.1859 58.6088 52.4438 64.1932 56.8947 72.791 61.0139 96.58 77.6013 106.45 88.4107 83.6004 94.9489
77.4524 71.8727 72.0559 66.7158 70.027 56.3175 59.1918 43.5943 50.4138 37.8033 45.6514 60.2204 33.4495 33.9145 35.1403 43.2984 40.7904 46.1023 38.1978 40.0013 30.8429 34.3653 32.3787 32.9 38.536 39.325 39.7477 35.2389 34.3231 34.943 20.7404 30.4061 34.5485 29.5889 27.4472 26.3623 42.3402 32.6182 38.226 32.5618 29.0253 28.5744 25.3901 30.5047 32.9423 30.9415 33.6186 28.7576 30.7442 35.3235 37.6906 40.5367 37.1552 39.0291 43.1434 45.1301 33.844 44.7355 40.114 43.3688 49.7516 55.613 30.8851 51.4987 45.8768 65.5041 66.4622 69.4634 73.6622 93.8249 82.6093 80.9044 79.1291 93.5572 95.6988 108.577 113.959 109.873 81.2989 94.8816 97.7841 72.9718 77.5369 78.1991 73.4508 64.5883 75.4657 55.0353 62.6157 69.4352 45.8064 65.4196 55.7961 46.8349 53.7108 45.8486 44.7919 48.1876 49.2443 49.5402 45.2991 46.9899 49.0471 39.635 42.0162 33.055 40.8326 40.3958 36.1407 38.6769 33.4495 44.5242 40.9735 38.5641 36.3661 34.9008 42.6361 47.8212 42.2275 46.9617 39.17 42.622 45.7923 49.3852 43.3125 42.5657 44.3269 39.5082 42.4107 46.0177 45.3414 49.4557 40.6213 46.2432 53.2177 49.3852 52.5836 64.0106 53.4431 53.1895 57.5856 67.1244 71.9009 72.1123 81.4116 66.6595 82.1161 96.8965 98.5027 101.842
92.6173 77.2696 64.4201 66.186 49.1298 48.6847 66.186 55.4613 42.0374 41.3483 32.4756 45.6267 43.4731 36.4956 43.789 35.3327 32.2316 39.2091 30.2647 37.0555 35.5193 39.6254 31.7434 33.7965 34.1698 31.7434 32.0306 41.7359 28.7285 24.0193 27.867 29.3314 33.6242 40.171 22.5549 29.4463 28.0106 36.7971 22.8133 26.8764 25.7853 26.1011 24.3496 38.9363 28.7572 31.1835 29.5037 24.3926 37.156 40.774 46.7609 31.0399 31.0399 45.6411 36.151 35.548 41.4201 46.5886 47.4931 31.6573 47.6654 48.7278 51.8864 50.2927 41.4919 49.8333 62.4962 61.1179 67.8801 84.8358 79.4375 80.9737 80.2272 85.1804 99.4656 102.481 108.353 86.9463 90.4925 98.7334 87.2047 78.0306 71.0817 81.2035 55.7915 79.2796 73.6947 70.0193 64.2047 67.636 56.2509 53.078 59.0362 49.6323 53.3651 45.196 52.676 45.3108 54.2553 37.0125 43.7746 52.2022 56.6816 42.0231 46.4881 39.9413 39.97 36.4238 38.362 51.1111 41.1617 36.6248 39.0655 38.4625 37.6011 44.2771 48.2971 39.0081 39.4675 40.0274 36.51 48.7565 42.8271 44.7366 39.4675 36.352 41.7934 50.6947 52.0156 45.7416 47.3926 51.0967 50.8096 45.8421 48.9145 50.2353 48.3689 56.7103 63.8314 49.417 62.1086 63.5012 70.7085 80.744 70.45 80.5143 95.4313 90.392 83.2565 100.155
81.3396 68.7043 74.4809 68.0901 70.9711 60.193 58.3358 50.5119 50.4241 44.1357 40.3627 38.8856 49.4443 35.3027 37.7596 44.9547 29.6724 34.2937 38.8856 30.5645 42.4101 33.4455 41.8251 35.4782 27.8883 38.4469 35.2296 30.0088 34.7178 33.1968 28.3709 36.1217 24.671 28.0638 34.2059 32.9336 40.5674 38.2861 28.1808 30.6669 24.7441 33.4601 35.0395 29.3068 32.2755 34.396 34.6008 39.105 34.513 34.045 32.5095 31.4566 27.5519 33.1676 37.4232 46.0807 35.7999 32.9044 50.5557 51.6818 38.5639 36.0486 45.9345 48.5668 41.5911 67.7976 52.647 50.7605 77.5373 68.0316 94.6622 76.0749 80.0965 97.1337 95.6566 91.752 102.837 100.848 98.2597 96.344 80.7985 92.1468 90.699 76.5282 74.7733 59.7397 63.0301 70.1375 59.2425 45.7882 49.7368 62.2697 51.6087 47.0167 41.3718 55.7766 46.6072 44.0772 36.1948 38.0667 49.0056 41.8397 49.5174 38.4323 47.7918 43.58 40.7283 33.6502 42.6294 46.3147 40.041 42.6733 33.7526 39.339 42.3516 44.1503 38.3007 32.685 38.7979 39.3244 35.6245 46.4463 44.8377 43.4484 42.2784 54.0509 44.6183 45.7444 40.2164 50.7458 48.1281 44.9254 46.6949 51.0822 45.1155 43.4191 56.7564 58.95 57.3121 58.4674 52.5592 60.1638 67.4028 68.1632 67.549 76.2504 83.7087 87.1746 86.8821 104.811
92.5642 77.4942 66.698 55.7827 59.029 58.9248 47.9499 51.226 43.7952 43.1251 40.9212 50.541 41.5169 43.3038 42.2912 32.7459 35.4561 26.5809 48.8732 29.0231 25.5088 26.5958 32.2843 31.5993 27.251 29.4698 33.5947 40.2213 30.0506 28.5466 33.1033 34.4733 32.5374 21.1605 34.6073 27.0426 31.8375 28.7104 28.4721 29.7826 32.2396 32.18 33.0735 31.3908 32.0758 32.0609 28.9635 38.1217 34.384 32.6119 39.4023 25.2705 31.7631 32.7459 32.0162 31.9418 45.3588 37.0346 46.4161 47.3245 48.7689 48.1882 59.7587 50.6303 57.942 43.6017 59.0737 58.8801 59.4609 56.6762 68.1127 88.4542 77.2708 94.0235 101.082 97.0018 107.768 103.524 102.258 102.378 92.5493 78.0005 97.4932 65.194 67.6511 75.186 59.1333 55.2168 63.1092 48.9774 48.1733 51.7919 61.0542 47.8159 47.8159 51.8812 51.4642 48.2775 53.2214 39.8491 38.4642 40.5936 42.7677 38.9109 42.6337 40.9659 36.0816 43.2889 41.368 40.1767 40.132 37.6154 34.101 38.9705 42.7082 43.2889 39.9831 40.6234 39.2385 47.7861 43.14 41.6807 37.0793 43.1996 41.77 44.1526 54.6808 41.219 46.6544 38.8662 48.7689 51.8812 44.1675 52.2833 57.3463 40.2362 48.8583 53.3554 54.4276 55.4849 65.6258 57.3612 71.5079 67.7404 77.8963 81.2468 79.9066 102.124 106.249 77.3155
93.2999 76.5499 66.0754 69.0919 65.0446 64.1655 50.9625 50.8412 48.7645 41.4279 51.9781 46.1725 37.1381 40.9125 35.8799 38.6842 37.1381 39.6695 42.0797 32.9847 35.8496 29.7256 47.2032 41.7765 33.8184 29.4376 36.7288 35.3948 41.731 30.3168 30.438 28.422 24.3747 29.7408 27.5125 28.0127 31.1202 28.3462 30.8473 27.9218 36.0315 33.0453 33.8335 29.6953 29.5892 31.2566 34.0912 28.5887 36.1679 28.6645 31.3172 27.7399 39.5482 28.1491 47.1123 34.1519 27.4064 42.0342 43.9593 44.0351 42.7921 41.7007 43.3075 48.5826 49.7953 47.5822 64.2413 60.103 63.9381 76.3983 73.3514 91.3899 80.1424 92.3601 92.9816 107.064 101.425 87.858 91.496 91.8295 99.3936 90.2379 87.6458 75.9587 65.8177 70.7897 57.0562 67.0304 58.2082 60.3001 55.601 52.0539 50.7503 48.5978 45.7025 44.6718 46.9001 47.8399 32.6815 44.2777 41.5491 39.5179 44.1867 43.262 44.4747 51.3111 38.0627 46.3998 42.8073 43.2469 48.1127 43.065 38.2749 43.065 44.8385 40.1697 34.1064 34.743 35.4252 36.2286 35.7132 42.398 38.3659 39.048 38.5326 40.867 39.8817 39.4118 49.6286 43.1256 50.6593 37.5019 43.5046 54.5702 48.9919 48.4614 60.4365 56.2831 46.2634 59.3754 64.2413 60.6639 65.2417 82.7042 78.096 79.3845 81.6128 95.0128 95.9071 90.4046
76.5105 77.0041 81.1536 58.6632 51.2127 58.077 50.3797 53.1563 45.2276 48.4515 38.6872 36.2962 31.9308 50.3643 50.1946 29.0462 39.3505 41.7568 34.1829 34.6148 26.2234 29.6632 33.7356 36.0803 30.4037 33.4579 33.7664 29.8175 30.0026 34.7228 29.4164 36.759 29.9255 42.1733 30.8356 29.1234 31.4989 22.8606 37.0212 28.3984 37.6074 36.3579 42.1888 32.7329 26.4856 26.2388 31.6069 27.5654 33.859 30.0026 41.0781 41.7106 30.2648 42.7595 40.5382 33.6276 37.2834 50.9813 45.3047 35.5558 34.584 46.8473 38.7026 50.4877 48.3435 52.0148 49.0222 68.8132 63.5685 81.7397 63.9079 68.3658 94.7743 90.8871 85.7195 97.6589 96.6562 105.649 90.7482 85.5807 90.6248 86.9536 70.1243 75.0605 63.2754 65.1265 67.8259 65.9595 53.2797 63.6148 62.9206 58.185 51.6754 44.3175 45.135 39.6281 52.9558 42.8366 43.5925 45.3047 52.4776 45.135 45.9371 45.4898 45.5978 38.209 47.1712 36.4967 47.8653 41.4946 43.8856 44.9653 41.0318 41.4792 42.4201 40.5536 44.8111 37.2989 44.302 44.626 37.8542 50.5957 43.901 44.7031 44.5643 38.8723 37.9159 49.6701 57.6451 49.485 41.001 42.0036 39.9675 48.5595 54.1127 49.8398 58.9871 51.1355 56.4882 49.1148 51.7063 62.1956 73.8727 57.7994 71.852 76.8961 87.0924 79.8578 93.386 91.7972
84.034 71.3073 78.9182 68.718 61.6406 64.9517 55.5989 55.5833 58.5805 47.5016 56.9014 47.6114 34.1942 41.4128 35.7164 36.7207 51.3149 41.1931 43.7039 36.7207 44.5356 50.9069 42.8879 35.2142 40.5183 44.0335 39.514 48.2548 34.2727 36.9875 35.4967 34.5708 31.9972 44.4572 40.2673 36.1558 40.6282 33.5351 40.5026 37.4583 53.7158 36.8777 41.6796 33.8961 33.3468 38.5411 37.5995 45.6655 33.8333 37.1758 38.1488 37.0973 32.5622 47.9566 46.7169 36.6893 42.7781 36.0302 35.5752 48.6 55.4891 45.7911 46.8268 50.5616 56.7445 50.9853 57.5134 55.7088 74.3987 68.7494 89.4322 81.0367 88.9928 91.7077 103.901 95.8819 100.637 79.1536 103.257 97.2942 92.0372 90.0756 83.7358 69.3928 79.9382 73.771 74.2575 72.5627 64.4653 60.0713 52.633 54.1081 51.6915 59.4279 66.8035 51.5502 59.271 52.0053 58.3295 52.0838 52.9783 52.0681 48.8197 48.7727 44.3787 55.5519 47.2348 46.968 40.4713 42.9036 37.3798 46.5914 50.4675 42.6682 57.074 50.0908 43.1861 43.7981 38.086 42.4485 53.5746 47.9409 49.6671 49.4004 43.4842 49.7142 49.6201 44.7553 42.4015 53.1195 58.5178 50.8598 51.4247 62.7391 64.0416 52.8214 55.9913 61.468 59.8516 60.2753 55.9599 63.869 73.159 81.3191 79.3576 80.2991 88.2082 99.6324 104.56 87.0783
96.317 93.6836 88.1775 66.6957 62.6419 59.7692 58.9872 56.3059 48.1505 41.9262 61.5088 55.5079 54.1833 47.8632 67.0947 51.7414 52.1564 55.109 42.421 54.295 44.6234 52.5235 53.7524 41.9262 51.9968 42.3412 45.8683 46.9854 48.9485 47.975 47.6398 28.2966 39.1492 38.1438 56.8007 46.3311 42.1656 43.0913 54.311 38.5428 49.8263 41.3676 50.8477 48.0707 52.9703 55.0451 47.4802 50.6881 47.4962 59.7852 47.0014 50.5764 42.9476 48.6931 40.0908 51.8053 47.4962 48.8687 64.8125 41.5432 50.9115 52.6192 51.119 64.6369 63.5517 78.2346 57.1837 80.469 67.2224 86.1826 84.6983 96.7 101.919 106.85 109.564 115.197 106.164 110.569 109.276 98.7429 108.75 97.5459 86.6933 76.1598 75.9204 81.0116 83.2779 69.1535 74.899 72.4572 67.6693 72.2976 64.7646 59.8171 65.4668 68.0842 61.5567 48.4378 54.7259 64.4933 49.6028 54.5504 59.2744 60.6949 54.2471 45.9161 51.9649 57.5827 59.5777 58.2211 48.5495 50.9275 49.8901 57.088 56.5613 49.2517 55.9708 54.1514 52.2202 41.208 54.7578 51.8372 56.1463 48.4218 56.8486 53.8481 50.5126 63.2803 60.4555 45.9161 57.072 51.2946 64.4773 67.765 62.211 62.3706 70.8133 61.3013 73.2871 65.4509 68.3236 67.7012 80.1019 85.0015 96.8277 97.3544 91.6887 102.366 101.983 108.654
83.195 81.6697 74.2865 67.8769 56.3234 63.1224 61.1103 58.4491 59.3578 62.3273 56.9562 52.6886 51.4391 49.2647 49.2809 60.299 41.4434 55.0415 50.0111 45.1755 54.9603 49.427 53.4999 45.1918 33.6058 44.9159 54.1165 35.9911 48.4209 42.1573 43.1147 46.4737 45.5163 47.5122 51.0983 41.9626 41.0539 41.5245 46.6684 43.277 33.1352 43.2121 53.1429 50.0598 37.7436 47.642 49.427 52.4452 45.4676 44.8185 47.7718 44.2182 54.2301 44.8835 44.6563 43.0174 46.5224 48.4371 54.4735 65.5727 76.6718 59.6499 51.65 67.4712 60.2503 78.3919 65.8485 70.2785 66.2867 77.6941 96.1441 80.258 98.2698 108.801 108.996 114.318 106.789 109.856 108.152 102.375 99.8113 87.268 97.0852 85.1909 90.8054 73.8971 76.7043 78.8949 70.749 73.8321 67.6173 72.2257 62.4571 62.0515 69.1588 59.731 54.1977 60.3639 53.2241 52.1693 50.433 56.4045 64.1772 61.3375 56.5181 65.4104 63.1549 44.6725 59.6337 60.6722 59.228 55.6581 52.1855 61.4835 62.9602 57.8812 58.1732 57.8 58.4004 59.6986 61.2077 52.6074 66.741 52.9807 49.0213 52.6886 54.8143 58.0921 56.94 72.1446 69.1913 65.7512 68.7045 57.9785 57.9947 67.4388 72.5502 66.8708 72.7612 80.1606 86.1321 68.7369 89.2963 86.8299 88.842 90.3998 81.0693 109.32 105.264 104.517
98.7328 87.8138 74.5197 76.2351 60.8132 67.5428 65.7614 68.9777 65.7284 60.7802 71.6168 60.4339 69.522 54.3971 58.5206 55.2053 84.548 63.8151 53.3085 64.0625 56.5908 54.2651 50.7849 66.4047 65.0522 54.7435 55.7331 55.6506 44.1873 54.4301 56.1784 60.5328 48.2283 48.6572 58.603 55.9475 56.3764 56.5248 52.6157 61.3245 50.9004 47.4036 56.6568 47.4036 57.5639 64.6233 60.1205 53.7703 65.6954 62.5616 54.8589 44.2863 68.4169 65.3656 63.1224 58.4051 48.2778 49.218 66.0253 59.0814 72.9363 59.7741 59.0979 70.0663 62.3966 58.9989 74.0744 70.4127 67.0315 77.5051 101.867 94.296 87.2201 87.6819 112.027 118.691 114.65 109.058 107.92 103.417 94.7413 113.198 99.5246 82.7172 89.4467 80.4245 81.0018 74.0249 74.3548 70.924 68.8128 64.4254 63.6832 72.1941 57.4814 60.0875 71.9961 69.9674 62.9904 63.6007 58.3721 53.0446 62.4791 47.2717 58.9659 63.9306 57.2175 51.0158 49.9602 61.6379 68.1036 72.1446 70.6766 50.9333 56.8877 71.1714 56.8877 57.3495 58.735 59.2958 62.2647 48.5912 63.4028 67.5922 66.5036 53.6219 60.7802 61.3245 58.4876 49.4489 56.7227 61.3575 64.9532 63.2213 62.0008 59.1473 70.2478 77.901 70.6436 79.2205 74.8496 76.8289 68.9448 86.8242 79.7318 95.0877 94.6094 114.435 106.864 117.767
85.9843 84.8948 76.8328 72.6928 94.2978 67.5974 62.854 50.8866 58.4123 74.6706 57.8425 69.9775 41.2658 62.6194 51.4733 53.1996 54.9093 63.1054 49.0597 67.0275 61.2282 39.0198 51.6241 50.9704 55.0936 52.1772 55.8311 58.228 59.8706 64.2452 46.4282 57.4402 50.6687 49.0932 44.2995 54.0545 59.066 56.6692 54.1215 57.7587 64.9492 62.1668 60.8427 50.5011 62.1836 53.0991 49.6463 66.0219 41.2825 52.6465 58.6805 57.3061 59.4515 53.8198 60.0382 51.842 55.7138 51.8085 63.5915 54.6579 70.0445 55.7976 66.1392 58.1777 65.5693 79.5145 64.8989 54.3729 75.626 91.3479 90.6774 94.5995 112.048 81.2912 99.7116 99.1585 118.853 101.438 117.512 108.981 106.014 89.303 97.4321 98.7562 86.8056 74.0839 87.9454 92.739 76.1623 64.3458 68.0164 80.252 64.6475 71.8715 71.7542 61.4293 75.693 76.4975 73.5979 79.0452 66.9102 62.6026 65.5023 71.1172 57.0715 62.3344 60.189 42.4055 53.1829 47.6517 55.4121 59.6191 64.4966 62.7702 66.1895 63.977 50.0318 71.4692 57.6246 73.5308 52.0096 68.5528 63.6586 55.4456 71.6201 73.0448 74.3521 75.8271 69.1562 69.6758 80.2353 75.7601 71.3016 77.8217 85.9508 68.9886 75.7936 79.833 88.0962 80.8889 91.4819 68.4355 85.096 86.8391 92.5882 102.963 82.7829 99.9463 110.338 103.349
82.757 74.0386 76.7631 90.4026 79.6068 73.5447 59.786 65.0988 56.9593 64.7412 67.2954 55.0862 64.3495 56.9933 56.8571 55.4608 45.908 64.5368 53.4685 57.5723 60.2968 56.9252 43.8987 54.371 51.357 53.3663 49.0752 57.4361 54.2518 45.4993 41.1231 40.5101 56.9423 58.2875 49.1434 50.5907 56.176 65.4564 57.7937 57.2999 45.7888 47.0319 44.6309 40.7825 53.9964 50.7099 46.0272 56.9423 62.3572 52.583 44.4947 50.4034 53.6558 61.1312 58.6621 58.5089 59.4965 50.6418 61.2163 53.3834 57.5893 53.0428 54.4391 65.9502 63.0554 62.3743 93.5529 77.9721 79.4365 87.9165 90.0621 92.429 103.123 104.877 100.62 121.598 104.826 115.179 105.319 97.7759 106.017 91.3051 87.7633 101.982 94.6427 78.6702 79.6919 85.6007 82.9273 74.277 78.4999 81.9226 58.0491 64.4176 84.4598 63.1575 67.0059 65.865 57.8277 78.2956 66.0183 80.0495 68.4022 64.7412 63.3619 67.057 68.0446 59.4454 68.2149 83.3019 90.4026 62.6297 70.7691 76.5247 64.4857 66.4099 74.0896 69.0323 74.4983 65.218 62.7148 69.6964 75.6052 78.3467 70.8543 76.6098 59.6838 60.8758 75.0262 63.7876 73.9534 80.5944 66.7164 76.0649 76.9844 76.4225 75.4178 88.2401 73.8513 77.0526 79.0108 81.2585 81.531 85.788 80.1857 99.6319 98.2016 116.49 105.813 115.928
82.9483 71.8793 76.4452 79.6795 61.4156 70.4957 67.8149 64.1656 48.0291 56.8842 45.0024 63.3354 59.4785 60.0147 59.5996 62.7128 56.5729 48.3577 61.1216 41.526 63.0587 55.3796 50.5369 44.1895 36.8217 53.2003 48.4096 38.2053 51.4708 44.57 42.5119 43.2383 44.2933 52.2145 44.1722 43.1864 43.048 56.3308 44.1203 46.3168 52.9928 38.4648 48.6171 34.3312 38.0151 44.2933 49.4819 53.9786 44.3279 46.2822 52.6815 51.7302 43.7571 56.4865 44.103 54.9818 47.7869 67.9359 61.0697 47.3891 63.0241 60.3952 56.7286 63.9061 69.5963 63.6813 71.4988 70.9799 80.8555 90.0912 94.2421 113.699 108.528 98.2546 107.577 111.226 117.798 108.995 113.976 100.468 106.02 96.3867 96.5078 90.956 76.0993 82.0835 83.2942 78.7282 68.7834 69.7865 73.3667 54.3418 67.9878 62.0382 66.5004 56.7805 46.386 61.9518 68.351 61.5713 60.8968 69.0601 71.0318 55.5006 57.5934 51.713 66.1891 63.2662 51.0384 64.0445 53.944 66.708 51.7302 55.0682 71.7755 59.5823 59.3402 49.5683 64.4942 52.9928 49.4992 57.3685 57.5588 58.3543 62.4879 55.5352 59.3056 61.7096 55.7946 64.3385 61.4848 72.2771 58.043 54.117 57.5242 50.018 56.7286 64.0964 64.3558 71.4642 73.5915 76.5836 74.5082 84.3319 78.2439 85.4388 76.3761 107.681 98.8081 110.102
90.2708 74.131 75.0266 78.9957 85.0021 63.734 69.8984 51.4228 53.4424 54.0571 54.2679 53.1263 48.4196 58.6058 40.5692 40.376 48.1913 51.8969 47.1726 54.4611 43.3089 39.2344 43.5724 49.9826 49.1045 60.8011 67.1236 53.8815 54.5313 42.9577 56.0944 63.734 57.6047 67.6856 52.055 65.8239 58.0965 62.1885 54.6016 52.1955 60.4498 58.9219 42.8347 50.0178 49.1396 52.2658 49.2275 50.2988 42.7294 54.0922 48.7357 70.2497 45.2232 56.9198 47.1726 46.9795 50.8256 52.0726 53.5829 54.7596 49.6314 68.4934 46.558 52.055 57.271 59.361 58.6233 71.0575 76.2911 69.8809 73.0772 92.5891 89.6913 99.7018 97.77 102.055 109.8 110.222 100.299 107.359 104.988 90.5694 95.2761 97.208 67.7207 66.8601 72.4274 71.2858 62.3993 85.2655 60.3093 62.4168 68.4759 65.42 65.9644 60.3445 56.147 62.9788 60.8713 73.9729 70.8819 43.6075 67.0357 60.766 61.047 62.048 69.5823 60.081 60.3269 60.4323 56.4983 58.9043 62.6276 52.9156 56.9198 62.0129 65.3849 54.3206 63.9272 70.9873 59.923 52.6872 60.1688 57.956 45.9257 66.6845 69.2486 55.5324 63.8043 60.9416 49.1572 74.8335 71.8303 56.7266 71.0927 69.512 83.7903 64.4892 67.0182 68.4934 67.3167 80.6993 75.2901 81.5423 70.6712 88.339 87.373 109.449 105.181 94.2399
100.487 84.405 78.1468 79.6267 57.9103 65.06 65.2917 59.3723 65.6483 51.1708 58.4987 42.5769 47.4266 57.4646 59.2832 59.9785 54.9506 61.5119 66.8607 49.6909 49.78 59.9607 66.8964 54.7367 48.4607 62.7599 65.8088 45.4831 61.8685 61.6545 61.2623 49.5661 57.4289 56.1987 50.4754 65.9871 63.7584 62.3499 60.6204 57.7677 58.677 51.4204 61.815 72.2096 57.7142 64.222 56.0026 49.3165 53.5599 59.408 64.0437 55.3785 62.6351 51.0459 58.3026 56.9119 56.3235 57.9816 53.0607 62.7956 60.4599 55.6995 74.4561 63.3127 56.27 67.7879 58.57 71.2111 77.1305 77.4515 74.3848 97.0996 101.789 88.2918 114.644 107.173 119.44 109.384 108.35 91.6794 101.236 89.3794 94.336 82.9073 72.4949 73.1724 74.9553 87.8996 76.9523 69.4282 66.9499 70.6406 64.2398 65.47 72.8515 65.8266 64.6855 60.7452 65.7375 56.4305 64.953 62.1181 53.0785 66.9321 65.1134 61.3692 54.1305 68.5902 73.2794 67.2886 67.9127 76.7383 59.1762 77.0414 70.1057 76.8631 53.1142 64.3289 69.1073 67.1817 66.1119 74.0639 64.6677 59.301 56.9832 60.6204 64.7569 79.0026 66.0762 69.4282 55.2181 56.0739 61.4584 49.6909 65.6483 69.2856 64.7212 67.6274 73.529 78.0577 76.7383 75.5081 67.6274 89.8073 84.8329 91.2694 95.6198 92.8027 103.5 98.1694
124.125 88.6917 87.1172 80.9463 82.2492 74.1239 65.1479 68.2605 70.9027 75.7164 75.083 57.9455 58.0178 57.7102 71.2827 72.278 72.5856 70.0883 67.7357 72.6218 67.3738 59.8818 56.6606 60.0809 71.2284 76.5488 52.2812 76.1326 70.3236 75.4087 48.9514 57.0225 60.1894 59.9723 39.8126 54.8147 46.3817 67.1386 57.9636 47.4494 53.7108 51.3583 57.0949 64.605 58.6512 62.1439 59.6827 66.3423 73.3819 63.1211 60.0085 77.6889 82.3035 65.0574 78.7023 70.0883 75.5897 67.2109 79.4805 74.7753 55.2129 58.8322 73.8705 83.1903 90.067 69.9254 73.9067 102.536 90.1394 86.4115 96.4551 107.711 90.6099 111.62 109.666 113.448 123.492 119.42 111.258 116.597 111.439 119.076 118.624 100.418 92.9987 97.6676 97.2695 84.638 84.3304 97.1428 90.0127 86.1762 87.7868 80.9282 94.374 93.2701 80.3491 81.5797 80.9825 82.0864 71.6446 67.7357 69.0025 65.2927 74.6668 64.225 65.6365 59.4656 66.3061 73.4905 64.2431 74.721 60.2075 61.3476 64.1526 65.1298 74.9925 70.0159 68.5139 64.7498 66.2518 82.8645 66.6137 85.3076 66.0889 88.1307 77.7794 66.7042 76.2231 73.5448 89.7775 74.4134 80.6025 82.5388 90.9356 86.1038 90.5918 93.7949 88.8002 91.931 97.0523 95.1522 85.0723 93.632 87.1534 109.105 101.215 112.543 111.692 120.849
111.358 109.43 94.9223 93.4715 95.3997 89.2111 94.0041 72.0227 83.6653 88.146 73.5285 75.1078 59.6455 78.45 72.0594 75.5301 75.1078 79.7538 66.0177 68.3499 61.2248 69.1212 66.0361 79.4049 68.5335 68.7906 60.5453 67.7255 73.8774 73.4918 73.9325 61.6104 69.1763 60.2148 67.1379 63.961 68.3315 56.744 68.6254 77.5502 58.7273 66.587 61.188 76.1545 74.9609 69.617 65.375 76.1545 62.6939 60.9677 59.5169 59.572 69.3048 65.2097 64.6955 75.7689 65.4117 74.2447 67.9643 71.2697 69.9292 79.5334 77.7338 74.612 92.4248 89.5784 85.2813 71.6187 97.2361 105.169 102.543 91.2128 107.428 118.556 128.161 116.316 123.588 127.812 115.233 116.536 120.099 111.45 116.077 106.032 99.1459 86.7137 91.8188 98.1727 87.7788 76.7789 86.126 88.3113 70.9943 90.2946 68.9192 71.4167 74.4467 88.8071 88.0175 81.8289 80.0844 70.1496 77.4767 68.607 66.6054 70.3148 72.849 81.3882 68.0561 68.7172 58.0478 68.7355 74.9609 74.6487 65.779 73.4734 70.4617 83.4266 77.5502 84.9875 64.1262 68.0377 67.7806 73.7489 73.455 74.263 68.6621 73.5836 67.2481 70.4066 78.9274 73.2163 74.7221 77.9725 71.3983 80.6169 84.6202 79.8456 83.9958 88.146 99.4214 81.2229 105.059 96.7036 104.343 111.174 104.086 107.373 115.067 133.119
109.14 92.4464 90.5274 110.854 83.6712 83.9693 82.9074 82.572 77.2063 66.3818 71.5984 78.7527 81.1002 68.2263 76.7965 69.4373 69.046 78.5664 81.4914 90.9746 79.9823 87.3043 66.6985 81.5101 73.7037 61.0906 65.2453 65.562 62.283 69.2137 59.1717 61.072 63.1959 49.9866 59.2462 64.202 59.2834 61.3515 63.9784 54.6257 51.533 68.8597 59.861 76.7592 66.2328 81.8082 55.52 55.4455 52.4459 70.3502 74.0763 74.5421 77.5603 77.374 72.8653 76.3121 64.3697 64.2392 74.6539 84.845 84.5469 73.1075 84.9568 73.7037 68.0772 89.8381 95.0174 84.3792 91.2913 96.7501 86.5963 117.449 96.8992 123.784 117.225 124.268 124.268 119.871 113.425 123.374 98.8368 102.749 105.451 101.65 94.0114 99.8428 78.5478 89.4468 92.4837 83.8203 91.8502 69.9217 79.8333 81.1933 78.6223 69.7167 70.5551 79.3303 71.2631 66.6613 64.2206 66.6985 59.1903 63.0841 58.0165 68.2263 54.458 71.6357 57.3458 53.247 52.1106 64.8913 68.2635 65.3385 58.2587 54.5326 53.1539 53.7873 61.0347 57.3272 66.0837 57.4949 54.4953 66.5867 51.1604 60.1591 53.1911 69.6049 68.338 57.4203 76.7965 75.4364 72.7908 69.2696 61.78 80.0196 78.6223 80.6344 81.0629 79.8147 84.8636 91.3658 83.7644 87.3602 109.587 99.5634 98.017 104.575 109.475 115.232
87.1953 88.4615 72.247 85.6646 66.143 70.3383 62.4767 74.7226 72.0202 65.9918 78.9558 68.6753 65.0658 79.2393 59.0373 67.0312 57.431 62.9303 55.7869 51.2891 65.0091 47.9064 50.9679 66.5776 58.1113 62.0043 74.8927 81.5259 68.1272 73.3053 67.3146 77.1038 83.6425 77.2739 75.0439 85.4945 69.6013 78.6723 84.7953 72.2281 73.4187 81.4881 81.1102 78.6156 60.7192 68.8454 66.5398 74.3825 62.4389 58.6027 55.5223 56.6373 63.1382 74.3069 69.3934 63.913 76.2345 46.7914 68.732 61.9098 69.0721 77.614 80.8645 66.8611 62.2122 67.2012 79.6739 77.9353 85.3055 90.0678 95.586 99.8192 122.44 105.148 119.851 112.235 119.851 114.956 110.553 123.29 102.389 105.923 89.8221 91.0505 74.2691 85.1732 88.1591 78.918 90.4647 76.5557 77.992 73.8533 75.5353 62.9681 70.7919 74.0423 71.3777 59.0184 71.132 64.7067 57.4688 55.9191 58.9995 67.9572 71.0753 68.732 66.1807 73.362 58.9239 61.5129 73.91 60.8704 74.4014 57.8089 60.8326 71.9824 63.7807 63.0437 64.4988 63.0248 73.6832 57.8845 57.2231 75.7053 57.5255 69.8092 64.2343 76.8392 63.8374 63.3649 65.3681 65.2358 69.0154 67.0123 68.5052 74.9872 79.0314 70.4139 77.9731 84.1716 74.099 86.137 74.7793 90.1056 97.7026 96.7199 103.826 113.898 110.44 123.65
92.9699 94.7714 83.1765 83.9623 67.2887 57.3611 55.2913 58.1469 58.1086 51.1325 62.1141 67.0204 59.201 47.1461 59.1052 70.9684 58.3194 75.6447 58.9327 46.9928 51.8608 61.405 62.7657 68.7835 59.5843 70.2976 67.3653 53.279 58.5302 69.0902 58.5302 55.1955 52.7424 79.5927 52.2632 50.6534 53.3173 58.3194 65.5638 62.2674 62.1333 49.561 54.2947 56.8245 50.9025 54.7164 60.3317 60.3509 53.7389 52.934 72.6549 69.3585 58.4344 67.6911 61.06 64.3564 56.3071 68.2469 63.3982 66.982 62.804 71.2558 54.2756 63.5706 58.4152 61.8074 73.5748 66.4262 76.6604 67.1353 82.3141 96.6688 95.3272 123.27 113.496 114.991 105.006 107.67 123.845 103.223 114.799 88.3511 88.9644 78.6152 93.1424 90.2868 74.4564 69.8185 70.6042 76.3346 72.6549 64.7397 77.9828 65.2763 70.1251 66.7712 65.2763 69.761 65.4488 75.8938 70.0484 86.2238 60.8684 60.9834 71.3133 57.6295 61.1367 73.2682 66.1196 66.2154 51.0367 59.3352 63.0915 64.4331 62.689 66.2921 65.5638 70.3168 65.0464 64.7972 60.6575 54.8888 64.8164 72.5399 60.5042 70.8917 65.1613 65.9088 62.3057 67.557 71.3708 57.4186 76.3154 61.4433 67.1162 58.0894 69.5693 70.7959 67.5186 66.1004 88.7919 75.223 83.3107 90.9192 91.6858 103.607 96.9371 99.2561 103.837 131.128
85.4823 97.3165 66.1473 77.1848 66.2056 66.7108 59.3266 56.7809 58.5881 52.5836 60.8423 51.1067 51.6897 54.9349 51.884 42.1096 59.8318 48.0559 45.1022 44.014 49.7853 51.1262 42.9646 51.8646 39.7777 49.6882 44.8496 56.4506 51.2039 46.1126 50.5043 44.6747 41.9542 47.026 49.5133 48.3862 54.0993 42.1679 54.9349 47.745 41.6432 49.1246 47.9976 56.0619 50.2323 47.7644 52.9528 55.8482 43.4504 46.1321 45.8989 45.141 52.9722 43.9168 49.2024 50.7569 54.1576 49.5716 52.5253 58.5298 52.4864 55.887 54.8766 58.763 58.2772 64.9425 71.2191 63.213 70.7916 77.2431 77.69 81.7125 90.7096 97.025 106.1 107.849 122.578 104.604 116.36 96.1895 104.817 92.3807 92.5362 96.5198 73.6092 68.1293 77.9426 67.7601 65.2728 71.0442 73.5121 63.9709 60.1233 59.4043 78.2341 56.1591 69.8005 67.2355 69.6839 63.3879 63.0381 65.4283 62.2608 63.5433 64.2818 71.4717 65.5449 60.3565 73.4149 61.6001 64.4955 69.6256 72.4433 71.6854 63.077 55.7122 59.346 68.7706 57.3056 63.4462 65.8946 59.0156 57.5388 75.2998 53.186 62.494 68.5569 61.3864 63.8543 61.6584 56.334 60.2982 71.5883 57.4611 63.077 49.4356 78.1369 63.6599 67.5269 69.7811 70.947 73.1429 74.406 70.2669 84.6856 100.212 102.583 108.335 97.1222 121.16
85.4557 92.3505 83.3479 62.4863 69.6568 61.0876 79.4868 54.2717 61.2846 61.6195 55.8082 54.8626 58.2903 60.2405 61.8756 47.5542 37.8227 48.3619 53.8777 51.2183 58.0342 48.7755 39.0047 53.4837 43.4764 39.832 52.1244 44.4614 43.3779 46.3722 44.3629 50.647 52.1835 41.1519 38.0985 45.8994 40.3442 47.4951 37.3302 58.2115 37.9212 44.1462 47.3769 46.057 51.2774 38.6304 41.8611 42.1566 43.1218 48.1058 48.8346 47.9285 53.7201 50.9228 50.0954 48.0073 50.2727 49.5438 48.8346 46.7071 59.6693 53.4246 59.0783 64.7517 74.8771 58.1327 62.4863 62.4666 74.2862 76.985 74.9559 84.3328 103.146 88.8243 101.609 104.702 99.3043 125.8 106.081 101.038 108.977 89.9077 92.0747 95.3842 76.1576 83.8009 79.8217 69.5583 61.6392 66.7807 78.3048 69.3219 70.4645 68.1794 55.6703 69.381 61.9938 66.8792 68.5931 63.3136 64.2789 58.6843 60.7527 57.6796 56.8326 60.6148 57.8372 65.0866 60.0436 73.3012 70.9964 68.6325 66.8595 58.0933 58.8025 59.492 74.2862 58.6646 69.6174 62.506 61.2846 61.9347 73.1239 65.2836 66.3473 68.1794 70.0311 55.3748 66.3473 60.2996 62.4075 64.0819 74.2665 72.5526 69.1249 71.8238 73.6164 65.1851 53.5034 63.353 82.5008 79.5459 87.6029 79.7035 77.3987 93.3551 93.5127 92.252 104.8 103.205
94.7008 65.8294 79.4465 71.4399 75.3933 50.9943 49.4569 56.2654 55.1074 55.4069 48.0792 56.505 61.9559 61.6364 55.7064 65.1904 59.8794 53.9094 62.1955 61.0374 63.3535 65.0307 61.4966 56.1257 46.9012 46.1824 51.7331 53.1307 55.5466 60.099 41.4503 39.5735 50.1158 44.9045 40.1525 35.2807 42.8081 39.7332 54.5084 48.0992 46.9611 42.7482 47.6399 62.9342 58.5616 57.7629 58.1423 55.2471 61.5366 59.4002 41.6101 57.124 56.5649 54.8878 53.1906 52.372 50.1757 50.4752 50.5351 61.5565 73.1171 59.7995 58.322 68.3851 62.7146 51.773 54.1091 74.0356 77.5097 84.1186 93.7025 96.2782 99.1534 104.804 103.326 98.3946 90.6077 111.672 125.609 99.932 90.1485 75.2535 89.0304 79.5463 78.1087 73.4565 79.2069 80.4448 81.6827 67.0074 63.094 71.5797 81.6827 87.2933 74.4349 71.7993 65.7695 64.4517 86.275 65.6097 85.8757 69.623 59.5599 74.6346 63.653 72.9773 68.0856 67.5864 68.3651 58.0225 66.5881 65.9092 56.1456 68.4649 70.821 66.049 68.8044 62.495 65.47 58.6215 64.3918 55.7862 60.0191 82.1819 71.0606 67.4067 71.1205 70.9408 61.0174 74.5148 69.6629 67.3268 70.781 73.796 69.2836 68.8643 73.6762 68.9441 67.4866 77.6295 69.3235 78.9473 99.7523 83.0005 84.6577 101.749 81.503 94.581 87.1535 119.359
91.8603 83.5241 82.2089 65.2937 62.8252 63.7762 65.0307 65.6174 59.5474 75.714 58.2726 47.2858 63.8976 51.7372 69.4618 42.4298 47.7714 61.6719 44.615 45.9302 48.0749 52.3037 52.3847 46.4765 47.3263 51.7574 51.3325 57.5645 49.2687 66.447 65.9816 58.2524 47.6298 61.4088 65.496 74.6618 59.689 72.8206 54.5294 60.3567 57.787 65.5972 65.1521 54.408 62.724 53.6796 54.0641 51.8384 49.0664 42.1667 41.1348 49.3901 41.0741 40.1231 48.0749 60.3365 58.475 49.1878 57.787 49.1675 59.8509 48.4594 56.5528 53.5785 68.1466 69.0369 57.8073 68.8346 82.3708 84.1109 74.7428 88.0767 94.5514 106.651 95.7857 94.5312 106.085 102.928 91.1724 102.442 96.9794 93.823 80.6105 87.6315 78.2634 76.2603 77.0696 77.1101 94.9358 75.9365 78.9716 78.8906 78.8704 76.4828 72.4361 75.8354 73.1241 86.6806 71.3031 83.4432 62.3801 76.1996 72.7801 75.5319 75.6735 64.8283 78.2634 75.37 64.2011 72.6182 68.1871 64.3427 65.6377 72.8408 71.1614 71.728 71.1817 65.3544 66.2244 58.2524 73.7715 76.3817 68.0252 72.1933 65.84 70.3925 79.8618 73.1645 80.2058 65.2532 79.2346 72.861 74.2369 77.9194 86.2961 77.0089 77.6969 81.7233 75.8556 78.6074 88.7241 72.6587 77.6159 77.3124 94.8751 87.1459 84.7179 104.688 95.381 104.83
82.2077 71.7113 72.8594 75.627 73.6179 69.6203 74.0689 68.0212 75.1145 63.9621 63.9416 79.7271 49.3656 48.8941 53.4658 56.0488 63.3676 46.4545 53.4863 49.6526 52.6047 49.2631 49.3246 50.2881 48.1561 46.3725 36.9217 63.0601 56.8074 48.6891 53.0352 56.4998 55.9873 55.4748 32.8831 47.7871 51.3952 42.6619 60.2925 49.5296 51.7642 53.8348 55.2698 48.6481 51.2722 66.1557 47.8486 49.1401 48.9146 57.8529 59.821 55.8028 65.1921 65.4176 53.0967 52.4202 57.9349 62.117 57.9964 66.4427 60.887 70.4813 60.682 58.9394 68.6772 67.5907 72.8799 74.0279 86.6153 77.062 77.6975 84.7293 103.979 95.5331 109.494 110.888 105.824 106.009 108.08 96.8452 107.608 96.3327 90.9 83.2122 91.4125 78.6406 88.8704 68.4722 86.0823 70.2148 81.4902 80.3626 81.3262 66.9757 69.5588 62.9576 64.5976 60.641 54.8803 57.1969 63.7571 46.803 62.0145 55.4953 57.0534 54.6958 56.1923 51.5592 56.7459 70.4198 56.1308 49.7551 62.6911 62.8141 62.9986 59.1854 53.8758 54.5318 58.4474 50.5547 53.4042 67.2217 51.9282 53.0147 62.1785 64.7616 47.1105 59.5134 62.0145 71.1373 58.8984 70.9118 79.5426 78.8251 73.4744 69.4768 62.609 77.3695 90.941 90.5925 75.5655 88.1734 69.7638 94.9591 91.187 90.982 87.9684 86.5128 104.205 101.745
100.558 88.4708 94.618 78.9799 74.3487 76.7577 57.6721 83.3619 66.0623 76.3839 70.9428 70.2159 68.6168 55.9899 77.0069 59.9774 69.6344 52.9994 53.0202 64.9824 56.6545 59.1259 57.0283 48.6797 47.6413 42.1586 42.4494 40.5179 43.1762 38.2335 41.2656 45.7514 35.056 38.3789 37.1328 40.601 40.7256 38.8773 42.9062 34.703 39.6665 46.9144 57.5683 46.0006 48.7628 44.9415 48.3474 38.5865 46.6237 62.9056 60.9119 49.6765 51.9402 65.8962 57.2776 54.0585 73.331 58.9182 50.2373 80.8698 63.8194 61.2027 72.5211 65.2524 61.7219 67.8899 81.7628 79.2914 82.4066 89.0938 93.7873 98.6054 94.7426 122.779 107.536 120.931 111.502 114.95 110.713 110.464 107.66 113.351 103.735 85.8956 85.231 78.6476 78.5645 81.9289 70.0082 72.7288 70.0082 56.2184 74.681 70.6312 67.2876 60.4966 65.107 67.5368 63.0095 61.0988 69.2813 55.5538 60.9534 59.2297 51.961 58.7936 47.8697 57.1529 52.3764 56.3638 49.0327 50.0919 50.3411 52.6879 54.3285 51.7949 55.6161 56.7999 53.1032 54.1208 59.2297 42.4701 60.102 49.8427 53.7678 58.7521 51.3795 57.8383 59.4997 57.1529 63.9855 72.6042 62.8433 66.3738 58.7105 74.5356 73.3726 73.2272 71.4204 82.1366 94.2857 84.2757 82.4896 80.9736 89.5092 94.3688 88.2423 105.23 97.6501 117.442
83.0458 87.8417 82.0361 91.2915 79.9957 78.355 73.8535 70.5721 61.4219 60.7278 62.5157 71.6869 51.0938 65.9444 71.9394 59.5498 58.3298 49.3479 54.9221 47.8123 45.7509 49.9789 46.1295 58.456 52.1245 53.5759 51.7459 38.557 51.4093 44.4467 46.8868 46.0033 42.0067 42.8691 44.6992 41.1863 43.0374 43.9629 46.9499 51.3672 38.5149 42.1539 44.4257 51.4514 48.6537 44.8254 49.8527 46.8868 44.2574 60.0336 56.7522 58.4981 54.7959 49.3899 55.4901 54.8801 52.9448 63.3361 61.5271 68.4896 77.135 54.838 62.663 70.0252 67.3748 75.915 77.745 70.1724 90.4921 92.2801 81.7206 92.5746 98.4223 96.9709 103.239 134.097 108.309 112.726 110.307 101.451 89.798 89.3983 89.9873 96.2347 73.2014 75.8308 74.0639 77.8291 77.2822 78.5443 76.5881 69.4783 79.7433 72.6966 65.0609 76.5881 64.2616 59.4867 70.4459 65.9234 81.0264 62.2423 71.6238 63.7778 59.5708 62.7261 68.1531 60.5174 69.6676 52.5452 64.0723 58.8346 57.3411 55.0063 62.1371 55.7846 60.3071 62.2843 67.4379 64.8716 49.7265 67.6482 64.7034 56.4156 66.5544 65.7341 71.2242 67.7324 66.8068 69.899 65.124 66.6596 81.2368 67.8165 74.127 61.0643 64.5771 68.1951 67.5431 77.5767 81.2789 73.559 81.8889 72.1707 90.0714 91.6911 93.3739 102.251 102.124 127.03
89.4472 88.0625 78.9453 69.1037 60.9664 67.9534 66.2067 75.6861 59.6882 48.3769 54.0219 58.8362 60.2421 68.0599 60.306 50.3154 63.48 59.9013 59.5604 46.1828 55.2148 52.616 46.4384 47.5674 51.4444 53.3402 56.3438 50.8266 43.1153 55.4917 47.2692 41.1981 42.1141 51.8491 37.662 40.7294 45.7993 39.8135 49.9106 41.262 47.9721 47.1201 46.268 50.6349 53.8515 49.8041 44.2869 43.0088 52.2112 50.6136 50.7201 61.3711 51.1461 53.8941 63.1179 49.5911 62.2019 51.7 67.57 58.474 41.7732 58.9214 70.9144 59.9652 64.2043 76.5381 75.5369 64.609 81.395 73.6411 73.5346 94.5809 82.9074 104.912 105.488 115.35 118.439 108.47 114.584 96.6259 104.635 89.7667 94.9218 91.9821 88.7655 74.7062 88.6164 76.0056 79.3287 69.9558 87.9347 65.4824 84.5264 66.6114 60.4551 66.5475 60.1356 71.7239 66.654 73.4067 69.1037 69.0824 66.8244 67.3783 68.6564 67.996 71.5535 73.3641 71.3404 71.6174 70.7227 64.6942 65.3333 70.1262 78.8814 71.66 66.8244 64.2682 70.041 64.8433 72.3629 71.9795 56.8125 60.4977 74.9405 65.9723 67.8256 64.2469 68.0812 68.0599 62.8835 68.3369 67.1226 69.6789 70.9357 85.9749 84.4199 68.7629 69.2528 68.7629 75.7287 82.0554 83.9299 86.0814 89.9584 79.9678 94.2614 103.933 123.679 117.331
93.2865 75.1253 70.833 63.5426 68.4173 51.7012 71.3075 61.2348 55.4542 51.8953 59.9406 43.3971 64.7505 57.8053 48.0344 41.4343 51.4208 64.4701 46.7403 45.5109 49.3717 50.9031 59.8112 50.0835 47.2148 47.4736 56.0366 48.3364 59.8112 57.4817 63.6289 47.4089 62.2916 60.8896 62.3348 60.7818 53.3189 45.5971 55.1523 56.0582 47.6893 51.5934 52.111 57.4602 67.9859 59.6386 52.0463 65.6349 56.8562 52.5424 55.5836 55.9719 44.7775 48.4874 63.9309 67.1663 51.3561 52.1757 51.9169 57.6111 56.5974 56.2523 56.4895 58.6033 65.9153 61.6877 55.6268 80.9274 62.2269 86.2118 89.6629 86.6863 104.653 97.9454 116.538 120.183 104.546 108.04 105.948 103.791 99.369 97.4062 100.814 97.7513 90.0511 85.8883 67.1231 77.9724 81.2078 81.9627 74.1115 77.9077 79.6332 75.4488 72.9252 80.7548 65.5701 60.7171 75.4919 78.9861 78.6195 87.4844 75.4919 75.039 72.4507 60.3936 77.0449 90.2452 67.4251 85.6726 69.0859 59.919 77.8861 66.7996 87.7863 69.6251 72.0625 69.0859 68.8055 76.2253 80.9921 70.2506 78.4253 73.7448 76.0527 75.5998 74.8449 68.7624 66.0015 74.09 83.5804 66.7564 73.0546 78.5763 79.4822 84.249 76.7861 73.5292 74.7586 72.4507 82.3509 73.9821 81.8117 75.0821 86.4922 86.0392 101.763 98.7435 95.8748 102.647
77.4313 73.9812 74.2214 78.3266 64.3077 56.7742 54.3067 54.9181 64.5916 59.3509 61.7966 56.4248 42.6025 53.9574 50.0268 56.3375 43.8908 45.9653 38.6283 45.0482 50.267 55.333 45.7906 60.2462 46.9916 64.9847 54.132 60.7703 63.5653 70.9241 61.3162 78.2829 70.4 73.6536 66.2075 70.9241 75.0293 62.6482 70.138 55.9881 62.4953 72.8457 65.0283 69.8978 56.4904 56.3375 52.1449 45.7251 51.0968 55.8134 43.738 55.1583 45.4194 50.9876 52.8437 45.4194 46.3802 55.1583 44.3931 44.6333 51.3807 59.4601 55.2675 47.7122 63.3033 64.0894 54.4596 57.342 85.0958 69.3301 70.6184 88.2403 85.2924 112.478 103.635 106.867 86.144 115.623 110.033 120.012 101.255 85.7072 99.202 89.6159 96.276 81.8422 71.8194 79.9862 68.806 81.5147 62.5608 69.5921 63.3251 70.0288 69.4829 81.0125 67.1683 66.7752 65.9891 67.867 72.4963 72.3435 65.6616 73.3698 82.3008 70.1598 75.3569 79.3966 76.4705 75.6407 76.5579 72.9767 84.943 71.4482 72.0814 89.4412 66.8189 86.4934 80.1608 76.6234 74.2432 79.4402 72.0596 75.2914 70.6839 71.9723 63.2596 79.9425 70.7931 60.6392 77.4095 74.5053 76.5142 61.5782 76.2522 71.8194 85.5762 64.6353 65.5087 69.8323 70.9678 72.3653 83.1961 76.143 75.4005 90.009 99.8353 103.766 105.469 105.469
92.4804 83.1749 70.9076 65.3817 62.022 61.4473 63.7682 54.4627 54.3522 51.1693 57.093 43.8089 59.2591 56.8056 57.3361 50.7493 49.9094 39.344 62.3757 42.6374 54.0427 55.3468 53.2912 58.5518 63.2598 52.4734 59.1265 63.2377 64.4092 79.9478 69.6477 68.1225 67.0837 70.2666 75.5272 70.9297 70.7528 70.9518 51.545 63.5029 73.4052 63.1051 60.4085 56.4078 71.3717 65.6249 52.7386 53.3575 58.8391 47.9422 54.2637 59.7454 47.5885 53.7112 59.1486 40.2723 61.0053 49.3126 51.1251 57.1593 54.1753 63.525 55.2584 53.7996 63.8787 58.9718 56.2088 52.4292 82.335 67.8794 89.1649 95.6412 103.223 88.5681 108.704 106.118 100.349 102.736 102.781 87.9935 86.6673 87.7282 86.9988 88.0819 77.8259 73.361 63.6798 77.2954 74.5767 65.1828 64.1218 77.0523 67.791 75.3724 71.4159 76.1461 56.4741 61.6684 70.5097 68.7635 70.4876 73.3831 60.298 59.2591 75.1956 68.9846 70.2224 83.7054 68.7414 81.4509 63.1051 70.7528 79.7268 102.361 76.4555 75.1514 70.5539 66.7742 77.406 71.1507 81.4288 73.4716 67.5258 66.8405 64.7186 66.1332 63.2819 61.9999 68.5646 59.5464 62.5525 66.929 66.3101 72.919 60.5853 64.4534 74.0683 67.9015 77.5386 67.3268 68.653 69.2056 71.0181 88.104 69.493 79.2626 93.4972 91.9721 99.9735 114.164
84.4933 77.7598 71.6302 68.5879 65.0533 66.3732 77.8045 74.3147 60.3779 62.0333 66.7535 54.4945 61.1161 49.8861 59.8186 57.8053 59.4383 61.6306 71.071 61.6083 63.4427 71.0934 60.8029 44.4278 61.2951 58.6106 45.9937 60.8924 54.6063 62.1675 50.1322 56.1946 51.989 57.8724 60.5121 51.0047 55.2103 56.396 47.9623 48.1189 55.7248 55.8814 56.2841 65.1428 59.4383 62.5255 52.5706 63.2189 48.9242 70.5341 67.6036 62.7268 66.485 73.8897 65.1652 57.8724 67.6707 56.9552 57.8724 60.3555 63.8901 59.5502 60.4226 52.0113 65.2994 56.6197 70.3104 60.8253 72.1448 83.151 79.8849 95.0521 94.56 102.278 108.005 106.193 109.861 114.246 105.745 112.322 89.2358 101.562 98.9893 94.5823 95.164 86.1487 75.3437 79.9073 77.894 70.8249 71.1828 72.6145 66.3956 67.1785 59.6173 73.5765 62.5926 75.9701 70.5565 74.0463 68.1405 68.297 74.1134 58.9014 69.3708 64.673 70.0419 59.1475 57.5368 62.5478 51.8995 53.0404 66.8206 54.5839 48.9018 61.0938 57.1789 59.0133 61.8767 60.3332 64.5388 71.6079 56.9552 68.6326 69.2142 87.8041 80.6232 75.9254 68.0733 60.1989 78.2743 69.0576 63.5098 62.8163 67.7602 66.06 72.0105 78.8112 64.3375 76.7755 78.0058 81.3838 77.7598 82.7484 87.4685 88.6989 96.0364 100.868 114.537 89.6161
90.4145 86.2266 75.4284 79.3674 76.4698 86.9962 83.1252 68.8635 66.7356 79.2768 71.5574 70.8783 59.3557 70.7424 67.1883 64.8793 60.5555 78.3034 55.6658 54.9414 61.3931 64.5398 74.6361 49.5763 52.1796 61.1441 55.9375 57.092 64.3134 57.0241 47.5389 40.1138 43.849 44.2565 56.6845 49.1236 52.0664 45.2525 55.9375 46.7466 51.0478 49.1915 52.7229 48.5576 59.401 67.9354 71.5121 60.2839 74.9078 57.0467 68.9767 54.9641 75.6548 63.6342 58.6766 63.4758 74.6135 77.2847 65.898 76.4471 67.46 65.3773 74.8172 73.5948 78.643 72.0554 74.0702 86.4529 91.9991 86.6114 85.7059 80.6351 95.0552 103.544 112.826 114.795 125.027 119.753 122.99 100.013 106.465 102.503 91.2068 106.578 81.45 86.0002 78.1449 86.5888 91.1163 70.6745 76.7867 74.4777 68.5919 79.9107 78.5751 58.654 65.2642 73.459 73.3005 67.0978 66.5771 60.4197 55.1225 66.5319 51.7722 65.1736 65.6943 58.4502 49.5537 49.3499 60.6461 60.4197 49.6895 61.6421 64.2228 61.9138 58.1333 56.0507 58.6766 57.7258 61.6648 57.7711 46.4523 54.0586 59.7859 60.6914 65.6943 60.9177 71.7838 73.4816 65.2415 59.401 60.5329 72.0554 86.0681 79.7296 81.6538 71.2631 85.0268 72.0554 76.764 73.5721 77.3753 87.6754 79.2542 95.9607 102.594 102.933 117.806 122.718
94.7338 99.6583 77.7156 85.7781 82.8921 79.3648 83.3731 76.2268 71.3023 88.9848 80.762 66.9733 82.915 74.028 75.2877 77.7844 69.8135 70.5236 71.623 75.2648 65.2555 56.5517 59.9416 57.5366 63.8125 60.6974 51.5127 53.8489 54.8338 61.0181 62.8734 65.6449 60.2623 52.2914 49.4283 77.7614 66.6756 64.3164 64.4538 57.7656 70.8442 64.1102 54.4216 68.8973 57.9718 68.4392 69.8822 74.3486 60.1706 68.0957 75.4939 65.622 68.1644 73.5241 73.8906 66.4465 72.9057 85.2055 78.4028 75.1274 83.7854 77.2117 76.9827 69.699 85.9155 82.5256 89.6261 99.7042 93.5428 94.8484 94.1841 102.911 107.446 105.934 123.067 115.371 138.367 130.374 126.136 107.812 113.103 116.31 112.027 104.308 85.2971 89.397 90.5423 92.1685 88.5954 76.4788 87.3127 91.7104 76.6391 71.3023 66.0342 74.1654 72.4018 63.446 58.3841 75.7 70.6839 66.2404 53.9635 58.7276 64.3164 64.0644 73.1347 63.7209 74.8067 55.5439 73.3867 72.333 79.3877 73.2492 69.3783 58.3154 74.5777 64.3622 63.7667 67.1795 68.8286 77.6698 66.1717 66.6298 61.5907 60.0332 60.0332 67.4314 61.8427 66.6985 63.927 67.1795 71.2336 85.0451 86.7401 80.8307 84.2893 89.8551 84.4267 82.9608 91.7104 86.053 101.17 97.2992 104.812 100.781 110.126 107.973 104.514 122.655
115.048 97.6228 99.662 102.697 93.6605 90.5091 103.022 96.1167 96.6033 86.2687 100.01 95.5837 81.8428 80.3598 75.4706 74.0571 78.9 83.6734 82.1904 72.8058 78.5293 79.6415 71.6472 70.535 78.3671 76.2353 68.8898 90.7176 70.8594 73.7327 73.362 67.5227 84.9942 73.5242 82.0282 84.2064 88.4236 88.7249 75.3084 90.3469 74.5901 69.6313 75.3084 71.6472 69.0057 76.6755 70.6277 67.6153 74.6132 69.8862 60.6406 76.1426 71.3924 84.7625 79.6879 71.8326 76.7219 84.0673 82.8856 82.005 80.7538 88.0992 90.8335 100.01 102.837 100.195 85.1564 104.574 100.844 108.073 98.1326 112.754 114.168 109.371 118.779 132.867 127.514 131.593 138.961 135.833 117.018 112.963 122.625 110.205 105.154 99.2449 102.35 101.91 98.1326 89.1883 94.1007 89.6054 99.3376 90.5786 79.2708 84.0673 88.1456 86.3613 71.6241 79.8269 73.4315 69.0288 79.8269 72.9217 81.1709 84.7625 70.8826 74.5205 80.2672 73.9181 74.8681 73.5705 72.2729 92.5714 81.7502 89.2346 74.0571 83.2795 89.8835 87.0565 78.8073 93.869 77.5097 74.0571 79.9891 86.176 83.3258 89.6749 69.3069 82.7697 77.8805 79.6415 85.9906 94.6337 79.8501 89.1188 87.1724 89.8371 80.4294 82.2368 106.335 100.728 111.781 113.936 107.425 113.426 124.433 129.415 131.106 131.384
110.913 106.436 115.132 105.897 110.35 104.467 95.5136 100.881 89.6305 93.3807 84.3801 88.8101 77.2547 87.7788 96.4043 82.6457 78.661 88.9976 80.6299 67.0119 80.6065 79.622 78.497 78.5673 78.0516 74.067 78.6376 70.1058 80.7002 85.8099 80.419 77.2078 83.1613 88.3413 74.6764 72.6372 87.896 75.5437 86.4662 74.3248 86.8412 86.2552 84.5208 82.9269 72.2388 70.5512 83.7473 93.9901 83.9817 75.4265 73.0123 75.4968 81.2159 93.2869 77.2078 92.2791 81.8019 81.4268 85.4349 88.3179 83.7473 99.5686 96.3809 85.7865 91.154 95.1152 96.6856 99.217 105.124 111.499 112.624 106.6 110.327 118.906 143.938 134.258 130.391 117.874 118.413 129.359 106.553 116.749 114.78 103.413 106.014 101.772 88.4116 92.2791 93.4979 91.5993 98.631 101.045 85.2005 87.7788 85.8568 95.9355 81.2628 88.8101 91.6228 77.6297 71.6997 81.4503 80.4658 90.9196 80.7002 79.8095 82.3175 70.5043 78.8485 79.2236 75.9656 76.95 76.1531 68.7932 80.6533 69.5199 70.3168 80.0674 87.2866 74.7702 72.1216 74.5358 70.7621 74.5123 77.2078 79.6455 77.3953 77.4188 80.4658 82.6925 86.935 84.9427 96.2168 70.8793 87.3803 77.8407 88.1772 89.5133 79.6455 105.616 103.553 86.2084 104.374 98.2091 94.5292 111.194 106.975 125.89 131.938 121.859
102.173 107.341 103.69 114.145 78.2773 88.8028 106.488 99.5417 87.3331 94.8242 95.7724 101.343 87.0723 78.3485 95.322 85.3655 92.7617 81.6436 79.2019 80.7191 77.7321 83.7771 83.6112 83.0423 87.1671 77.1157 69.1979 92.1928 85.0573 71.0707 76.452 83.1134 68.3208 64.1485 69.6958 72.4457 73.5124 74.1051 75.0533 74.3896 71.3315 74.9822 77.1869 82.8763 82.8763 78.2536 78.2536 96.4125 75.5274 82.26 73.6073 74.2947 82.6867 74.7689 81.1458 82.1414 87.1908 79.4152 87.4516 83.6112 94.516 94.9901 80.1501 97.4555 99.0675 92.8566 91.0075 95.3694 100.49 104.733 110.565 106.298 111.727 114.808 128.676 129.791 134.555 128.582 134.982 120.379 125.998 122.347 103.856 112.011 99.6839 106.085 103.524 102.647 92.2165 87.096 79.7945 85.5788 94.113 82.8763 85.5788 78.3485 78.6566 78.4907 68.2971 84.8913 75.1956 68.3682 88.5895 68.8186 68.2497 67.8941 65.8791 62.6788 65.3813 68.2971 62.5128 59.2651 67.3014 66.0687 62.418 51.9636 58.6013 60.2608 63.7455 60.9245 59.8103 66.6851 65.9028 64.6938 60.7112 76.2149 69.9091 62.0861 77.2106 77.6136 70.3595 86.1715 84.3224 82.1177 87.0249 89.4192 84.2039 93.7337 94.6819 104.141 90.6045 110.541 108.645 104.401 116.634 100.016 121.422 127.87 122.205 119.953
93.6152 92.9439 91.1939 80.4299 90.6665 78.608 82.2759 75.875 80.406 77.9607 76.9538 73.0941 64.7275 83.5225 87.3821 86.591 91.4576 84.7451 87.4301 81.9882 83.8341 79.519 60.6281 68.5872 72.8304 58.974 70.3133 76.81 67.6043 72.4469 76.4504 76.3545 79.471 70.8167 75.0599 87.4301 69.7619 71.6558 70.9605 84.2656 67.1968 79.0635 72.8065 77.673 83.978 71.0804 72.1832 72.8784 85.2485 73.7174 79.3032 76.5703 69.9776 89.1801 82.8752 79.0874 81.1012 78.4162 83.93 85.8718 79.471 80.0224 89.4678 86.0157 85.3684 80.1902 82.6355 88.0774 91.937 73.1661 96.7317 101.622 98.266 103.732 125.691 133.051 117.588 122.023 125.212 118.212 113.177 104.139 103.492 102.845 94.5981 96.8755 97.7386 87.4301 86.5191 85.2725 86.7109 86.0397 85.8239 88.7486 78.4881 84.793 85.2965 77.1696 79.6388 65.3748 67.2926 56.3849 65.4947 80.4539 72.0873 75.2997 76.7381 72.1832 61.635 74.8682 74.101 62.5939 71.1523 64.7275 63.7926 60.3884 61.0596 75.3716 61.3952 72.8784 67.2207 75.0599 79.495 82.3957 75.1079 62.1144 86.4472 89.276 83.1868 81.4128 78.7998 75.899 73.1661 77.0737 86.615 74.2928 78.4402 85.0807 81.7724 97.8824 99.2489 81.4608 86.8308 90.2829 100.304 108.359 115.527 118.331 117.636 117.924
98.5609 78.8294 99.0457 73.1571 63.6065 87.8952 73.6419 65.1578 74.8297 70.4665 63.3398 76.1144 64.9639 76.5508 64.9397 76.0417 69.5696 72.5996 73.2541 72.1633 92.9614 76.5023 81.3988 70.2968 86.0772 80.1626 75.7266 63.3883 68.6727 67.7516 77.1083 66.0063 76.8417 71.2906 69.7393 69.3756 71.9936 67.6788 69.1817 70.1998 70.6846 82.4412 65.3275 75.4842 75.8963 73.4723 79.3626 77.0356 82.9987 73.2783 75.266 70.9997 81.0595 78.2961 70.1998 73.3268 64.2125 76.3084 76.5265 75.7751 67.6061 62.5641 68.9878 75.0479 78.2476 65.2306 77.7385 67.994 80.8413 80.8413 86.0287 86.2469 111.069 111.214 104.718 112.426 112.378 113.032 135.261 113.299 117.759 107.36 101.979 100.718 98.6579 86.1984 91.6525 84.1865 72.939 91.7009 86.5862 66.8062 78.0052 69.2302 82.9502 71.8482 69.8362 69.8362 69.7877 74.1025 67.8485 74.8539 69.6908 73.0602 95.0946 70.0544 77.0113 74.7085 79.8474 81.5443 78.3203 68.7696 64.6488 78.9263 65.0609 72.6723 81.8351 76.8901 75.7024 74.5388 74.2964 72.8178 84.2834 72.2602 88.1861 67.1455 76.8417 66.6365 67.6788 84.5743 69.1332 86.053 72.4784 76.0902 75.5084 63.0732 69.1817 67.0971 82.6593 81.3261 81.4958 70.2241 100.597 98.9003 97.1065 102.924 103.651 110.633 109.299 117.202
93.4221 80.5558 72.0762 73.6202 77.0512 73.7182 79.8451 69.9441 53.9162 80.4332 69.5029 76.5611 70.6303 54.4064 67.3218 84.1093 58.8912 75.0661 66.9052 45.6818 74.9436 72.3458 69.3314 68.008 63.4496 58.4011 68.057 64.1113 72.6154 67.7139 64.1358 62.9105 63.3761 74.1593 57.1022 71.9292 54.8475 68.7677 67.1992 50.5832 71.6106 59.5284 57.1022 58.0335 60.3862 74.0858 66.3415 61.4645 70.5568 72.5419 72.0272 64.773 67.1012 79.796 69.3804 73.1545 78.5952 77.3208 72.7624 82.3448 67.7629 52.9605 63.6212 77.7374 85.5308 78.7177 65.7043 81.3155 79.3794 89.0598 77.9825 95.5543 109.744 113.2 120.895 111.509 123.762 113.886 105.063 105.137 106.803 105.651 98.5932 102.294 92.0252 87.1728 92.6379 79.0853 87.7364 82.7614 72.0762 76.5611 65.2877 75.8749 66.1944 70.6793 68.3511 74.2819 66.5375 63.5967 67.2483 63.2781 58.8177 72.3948 70.5813 61.1949 65.5818 72.9585 68.1305 77.9825 80.3597 75.5808 87.3198 75.1396 71.1449 81.9282 80.8253 85.3592 73.2036 72.3458 64.1113 60.5822 64.8465 65.5082 62.6654 66.1209 69.8215 70.6548 73.1545 82.3448 71.1939 67.3463 73.5221 72.6644 80.6538 74.6005 80.2372 75.9974 76.6101 86.7071 92.4664 88.1285 91.5351 90.9714 95.0151 95.4808 84.1584 108.96 106.092 123.566
86.8098 79.2288 72.4654 86.6364 64.9835 64.0916 70.31 69.1208 60.5241 53.2404 60.2268 72.1433 62.0849 58.0962 62.184 59.3845 53.067 69.4925 47.3936 51.8282 53.2652 57.8732 53.1413 54.5534 48.7067 53.9341 58.8394 55.7426 57.3034 64.4385 55.371 61.961 69.5172 54.6278 59.9543 57.9723 69.1704 73.1839 62.6299 53.2156 60.1525 65.9993 61.3169 53.9836 51.4814 62.9768 61.1682 55.3462 59.1367 52.5467 60.2268 55.7178 49.7967 55.9904 51.9769 60.7223 56.6593 61.5646 65.2065 60.9948 48.5332 49.0287 77.0239 43.6774 60.9205 68.7988 72.8866 83.6139 80.7896 65.1322 92.5327 91.4427 90.4269 99.5687 102.814 127.688 109.107 116.985 116.118 116.192 90.8233 95.035 94.2422 91.6409 98.7264 87.0824 83.5396 87.2558 81.186 67.783 73.5059 83.8617 76.2807 69.5668 74.596 86.0418 83.1184 62.1097 65.5038 64.8349 63.8191 56.7831 66.5938 64.5623 71.7965 67.8326 58.1953 64.1659 68.3281 68.6006 55.5444 74.2492 70.6816 58.2201 68.229 70.3596 62.1592 66.5443 70.2605 67.1389 62.6547 62.4565 58.2448 61.9115 70.1118 71.9699 59.3597 51.531 64.3641 61.6885 72.3911 65.0826 73.828 72.069 78.7334 66.4947 76.5036 72.5397 79.105 76.4293 93.2017 78.9068 93.6971 91.7152 86.1162 87.1071 87.8999 100.56 102.517 115.424
88.5221 89.9995 87.27 78.5555 72.9713 67.6123 82.5121 62.4037 61.1516 75.0497 65.7092 57.8962 66.6357 60.5256 56.2685 55.943 62.1282 58.8979 53.8144 48.3554 46.5524 56.7944 61.1015 66.6357 53.589 59.7994 62.2785 60.0748 60.0999 64.8828 64.5322 65.7342 65.3085 61.6274 62.3035 60.4755 58.1466 56.1934 66.4604 55.1166 66.8861 64.7075 57.1199 57.195 67.0865 67.6123 50.6341 60.9513 64.0815 75.3752 59.1984 63.806 57.3703 59.599 54.2401 58.6224 52.2618 62.5539 53.2385 58.8227 66.6858 63.1049 67.7125 72.7459 68.4137 74.8243 59.0231 69.5155 77.2033 76.7776 98.5387 92.7291 94.1815 104.874 97.6122 87.6456 122.403 112.312 106.502 111.035 82.8877 109.657 83.8644 103.121 78.9562 81.7358 83.7391 76.0013 77.5539 69.8411 78.255 75.4003 74.7742 82.437 72.6207 74.5739 78.856 61.377 74.023 79.0814 75.7008 79.6824 70.7426 57.2952 86.6189 71.1182 71.4938 74.624 71.644 67.1115 71.5188 58.0965 49.8078 66.1099 66.0848 51.1099 63.7059 67.1366 59.5239 56.4438 66.21 71.619 72.3452 69.8911 73.8477 78.1549 83.0881 75.4253 81.9111 66.0848 81.861 77.5288 76.9779 78.7559 77.654 77.1031 76.5272 71.4688 87.1698 83.5639 83.2634 80.9595 81.0847 86.6189 85.6173 90.4753 94.1565 108.305 112.963 112.512
81.4688 72.6613 64.6385 80.2033 72.9904 56.9952 64.2335 55.3502 58.9946 57.3496 65.5496 54.7175 69.7002 56.9193 54.7175 57.4761 56.8434 59.7033 65.828 66.7391 63.9298 71.7502 71.9274 66.157 73.3953 75.0404 71.0669 64.0817 62.8922 72.1805 64.0058 77.9509 73.9774 67.1947 62.5632 67.7515 61.1206 75.7237 67.0681 54.7428 68.4348 62.6391 59.2224 69.7255 83.2657 61.2724 73.7749 68.4601 59.1971 69.3459 64.5626 66.3089 80.0009 65.0687 56.236 60.5385 65.4231 57.7545 54.8693 64.4613 58.3113 72.5601 66.486 67.3718 61.4749 56.8434 63.9045 64.3095 76.3817 73.1928 82.633 90.0484 91.2886 106.347 95.7176 119.204 115.18 115.737 103.285 97.1349 92.9843 89.3398 82.633 93.6929 76.9638 81.5953 65.9292 70.3836 76.7867 88.3781 74.6101 79.4947 74.9138 81.899 75.2428 85.2904 82.9114 92.9589 72.3323 79.6972 70.3329 76.5842 85.5435 75.9009 79.925 75.4706 66.4101 62.8416 70.3583 72.636 72.0033 65.5749 78.8367 63.6261 71.9021 79.191 72.6107 71.8768 72.1299 61.1965 71.5225 74.8885 70.1305 70.5607 69.0169 88.783 71.3959 72.4842 75.9009 87.9225 84.0756 74.6101 85.7966 77.5712 86.733 84.354 79.6212 73.0157 73.0916 70.8644 81.975 79.5453 74.2811 74.5848 81.2663 85.2904 87.1632 104.677 94.7559 87.0114
69.1315 78.8247 69.1315 78.2365 69.8476 57.9037 76.4973 61.5866 65.5253 66.4972 67.5714 55.474 58.4664 62.3027 58.4152 57.6224 61.2286 54.1696 79.1316 73.9398 48.6964 56.2157 57.162 58.006 69.0548 67.8015 68.3386 71.2287 56.0622 76.0625 77.239 82.61 74.0676 87.6228 79.2084 78.5946 79.1316 79.592 77.8273 92.4055 73.1981 69.1826 79.8989 70.7683 69.0548 67.4691 70.9474 67.1622 64.8603 63.5815 61.8168 55.7298 59.3871 63.2746 59.2336 52.456 65.0905 65.2951 61.4587 52.6095 63.5304 55.4484 57.4433 45.525 63.7094 54.3998 70.5382 80.2826 67.9294 74.2978 79.7966 87.6228 90.4362 108.8 98.7995 103.429 97.2393 106.881 104.426 106.805 101.996 91.3313 96.7022 82.0729 83.9911 95.1421 86.2929 86.6765 86.0883 81.5869 82.8146 66.2158 78.7992 73.6073 63.9396 66.932 81.5102 62.1237 56.5482 64.5023 76.5996 68.1085 79.771 66.3693 74.3745 81.945 75.0907 76.7531 77.1367 83.8888 86.1906 76.395 88.4668 81.3312 82.3542 81.3056 78.0319 86.1394 88.7482 80.8964 73.1725 76.1137 75.7812 65.3974 67.2389 69.9499 56.5226 67.4435 65.7555 75.0139 71.3822 68.5944 68.6711 72.6354 87.5461 74.9628 76.3183 74.9116 78.0319 72.9934 93.1984 94.2981 83.4795 88.5436 88.2622 97.8787 99.311 99.6435 101.178 112.355
91.0964 85.1008 69.5951 57.9141 74.9704 68.6389 73.0322 65.1501 58.6893 70.6546 52.1252 65.0209 59.5422 53.2882 64.0905 55.4331 57.3972 70.9389 65.0984 63.3152 68.4321 56.0534 59.3354 79.9064 64.5815 66.5714 60.886 74.1176 59.077 73.2131 64.5299 83.3435 75.8491 70.4996 69.1041 79.9581 74.1693 80.8626 80.63 78.8985 82.2064 69.8018 81.0952 65.2018 66.6231 58.25 74.1951 68.122 64.9175 60.6276 63.6512 59.9298 67.0366 49.7994 55.3039 64.995 51.1949 67.3726 58.3017 53.7275 61.377 60.8602 61.0669 63.2635 57.268 51.2466 60.9118 65.8995 72.5153 75.7974 87.8919 76.0817 98.8235 96.4717 111.331 105.258 102.416 123.891 113.192 112.934 111.512 109.755 97.1437 98.2291 92.7762 104.328 88.693 80.2682 85.1525 92.7245 80.7592 64.4006 73.5232 73.6266 64.1164 66.5198 63.4703 62.3332 57.9916 65.1242 67.8119 67.3209 79.3379 69.6468 81.0435 81.9222 69.5175 79.8289 92.802 84.4548 71.9209 86.3671 93.3189 94.1459 93.965 81.0177 79.4154 80.9401 79.648 84.093 77.994 74.712 74.4277 74.712 71.7917 73.6524 71.3782 66.9591 69.1816 64.013 67.7602 68.6389 63.7546 68.0187 82.5941 76.9862 72.6962 76.0558 82.775 89.6492 77.9423 88.0986 90.7605 92.0784 100.684 92.7504 101.098 101.046 106.111 96.601
97.4167 76.9464 68.2517 69.2961 79.6096 64.753 65.0402 66.2151 66.5546 62.6903 55.0139 54.6745 51.7502 51.3846 47.5464 69.6355 65.7713 68.1212 71.0455 61.5153 78.2519 66.2935 55.7189 62.0114 56.7633 56.7633 57.4944 64.1524 55.4056 62.4031 60.3404 58.2254 71.0977 73.9437 67.7817 65.9018 52.899 69.5833 62.2986 55.3533 63.6041 60.7059 64.6224 83.5261 68.2517 68.2778 74.1265 72.6382 65.3796 62.8469 64.7791 61.2803 65.3796 59.9226 67.9906 51.7502 63.7608 67.6251 58.9826 62.5858 55.745 67.9906 53.3429 63.1864 72.0116 71.9332 73.6304 81.8028 78.4085 85.3277 85.2233 92.1163 93.0824 95.0929 120.315 111.908 114.284 107.808 115.145 105.485 107.495 98.1216 97.26 89.7403 83.7872 91.6463 76.0847 80.0274 79.714 72.5077 76.5025 75.1709 78.278 81.4634 67.5467 70.0794 80.9151 70.0272 65.9018 70.445 68.565 64.7007 59.4265 60.1576 69.7661 72.4032 65.954 67.2073 66.3979 73.1865 70.7583 72.1421 73.1082 65.3013 67.0245 69.7661 71.6199 69.9489 68.1473 67.6512 60.2881 63.4475 70.1316 61.5675 70.3927 74.0743 61.8809 59.4787 70.8105 68.7478 64.6746 71.5416 74.9881 66.189 70.7061 80.3146 62.8992 69.27 75.0926 65.7451 79.4268 76.6853 83.9439 81.3329 91.5419 91.9074 92.038 103.553 94.1268 104.179
89.5242 83.009 87.3612 75.6761 81.3472 61.8809 85.3829 68.6334 69.2137 63.358 62.1446 61.9864 68.7653 63.6745 70.0314 66.2067 52.9918 45.4215 55.6559 64.8879 58.4255 59.8498 53.915 60.8258 59.2959 54.3106 55.5767 53.4929 57.4231 49.6682 47.0833 53.1764 49.6155 50.3277 46.0546 50.7497 50.8552 55.735 56.5263 51.8048 51.4619 56.2625 53.8358 69.8204 68.3433 56.5263 55.0492 61.9864 57.977 44.3137 59.6916 57.133 67.763 70.3479 64.6241 55.2074 59.1113 59.375 60.9313 56.4735 55.9988 58.953 59.7971 69.3456 70.1105 82.1122 68.3169 82.798 84.4597 77.628 96.8306 98.5451 102.449 111.971 115.427 129.512 125.661 122.654 100.128 119.278 97.5692 103.135 106.643 81.4 87.8096 66.8134 72.8802 67.1299 69.8732 68.3697 72.9857 70.4798 59.8498 63.4371 53.9941 69.2929 61.6171 62.5403 72.379 69.6621 68.9236 70.8491 61.8809 70.6117 62.3029 67.2091 73.6451 68.8708 60.9577 59.0321 54.7063 56.157 60.5356 59.1904 66.0221 53.4138 66.4441 57.3704 57.8979 51.6201 60.7994 67.2354 67.6575 58.7684 73.5132 62.0919 77.8127 63.6481 63.6481 74.4364 71.9042 65.0989 72.6164 64.6505 68.5015 78.6568 66.998 72.4845 66.9453 73.7242 75.0958 80.213 80.7933 88.3108 92.03 105.984 90.21 100.893 98.7034 120.728
98.2375 99.25 79.5865 80.4125 83.8762 70.7939 70.1811 74.0179 80.3326 63.1736 82.544 69.515 54.8606 74.1511 67.1703 67.6232 57.6583 63.8397 72.286 54.1945 56.1928 61.6283 50.4377 44.9223 60.4826 51.157 47.8798 50.9439 42.0447 45.1354 54.1412 41.8315 43.7766 40.446 48.2262 45.3752 44.2562 42.6309 55.5267 43.3769 37.6217 50.0113 42.7641 34.158 45.4019 46.2811 51.4501 53.3685 52.3028 60.4293 53.7682 64.6657 54.5942 65.4917 52.6491 72.7922 66.3976 65.7048 63.1203 70.1278 68.316 69.8613 68.1028 77.9079 96.2658 70.5274 87.713 71.4866 83.6897 97.6513 87.0469 103.407 104.019 113.665 124.402 115.317 128.665 117.635 113.292 107.377 121.631 96.106 93.708 80.2526 86.7005 78.4142 69.888 72.4192 69.2219 71.46 65.2252 75.7497 66.9038 66.3443 69.4084 55.5001 67.943 64.3993 62.5874 60.5358 63.8397 70.7672 66.4509 60.6957 58.5642 72.2593 64.4526 56.8589 71.9662 57.4984 54.9405 57.8448 58.9372 47.9064 54.5409 57.525 56.8856 59.5234 51.6899 60.8556 51.983 51.7166 64.8256 67.0104 74.9504 63.5999 68.1828 65.6249 71.833 72.5258 69.888 68.8222 77.1619 70.5008 60.9888 71.7531 65.7315 60.5092 63.7065 66.1311 84.2493 69.0087 75.3234 81.5582 89.8446 90.5107 92.1626 110.707 87.713 116.755
95.3471 87.2199 92.8175 76.3746 90.1801 78.8504 84.7171 74.0064 63.807 78.4737 83.3446 61.4118 62.4883 73.0107 61.7886 67.3323 62.2999 54.8455 65.2871 46.9066 63.7262 43.2466 46.2069 40.5286 51.6968 53.9305 44.646 44.4576 34.5542 38.4295 38.6448 47.0411 49.5439 49.8668 37.5145 54.6302 46.2876 39.9365 38.6717 48.8442 48.0907 44.2693 32.3206 45.561 42.6815 41.7665 49.3555 32.2668 49.3017 47.4986 53.5537 50.8357 63.3225 65.2063 57.1329 79.7385 69.4314 61.2773 64.6412 69.5929 68.3281 67.144 68.4626 70.5348 85.6321 77.0474 72.7685 97.1502 88.4309 96.7734 98.6841 103.959 105.627 112.786 122.501 111.252 122.528 123.147 113.647 104.847 100.433 102.344 83.9905 88.3232 89.1575 89.2651 86.3049 86.1703 86.0896 76.2669 77.6125 66.6865 60.9543 71.9073 73.4412 68.8663 76.0247 61.7617 72.311 67.3054 56.8369 65.4485 66.1482 62.1115 66.0406 52.6925 66.2559 63.5647 60.9005 56.9445 52.0467 65.0449 53.473 57.7519 54.8455 54.4956 56.0026 55.0069 64.5605 48.0907 52.8809 56.2718 58.2632 64.7758 65.8791 62.8381 59.232 61.0351 70.1042 66.5788 75.2981 76.9397 67.9244 74.41 78.4198 73.8449 66.9556 72.1226 80.9764 68.8394 76.9397 79.3079 84.6364 79.0388 86.7893 86.7624 99.4377 107.323 101.779 130.682
102.354 87.1343 78.7634 87.1887 77.3501 82.9217 72.1046 65.2285 80.693 66.533 79.9864 61.967 57.6456 81.1822 65.772 75.6922 65.1469 57.0477 67.2125 60.1189 58.923 48.6767 49.1388 58.7328 43.0236 55.8247 60.1189 44.6543 51.0413 46.2307 37.914 50.7151 40.3329 36.8269 41.6919 49.7367 48.4865 57.8359 53.7863 38.7566 48.5952 50.5792 49.2475 44.0836 53.5689 39.6263 65.609 50.1172 52.9438 58.1077 41.8006 66.2884 54.4114 66.1797 53.0797 66.9951 62.1029 64.9295 67.9735 76.5075 72.9743 59.684 84.6339 85.857 71.9959 72.8928 82.4053 78.5188 80.4484 82.5412 89.4989 93.63 107.464 105.181 118.661 122.331 101.213 121.189 111.948 100.099 99.5278 93.0321 88.8738 89.3086 97.9786 93.2767 77.4588 84.9872 85.6939 90.9937 87.8138 81.6986 62.3747 65.6905 76.8337 78.9536 78.9264 78.5459 69.4139 70.4739 56.8846 59.8743 52.9166 60.8799 60.4722 54.7919 61.1789 51.4489 63.6521 69.3868 56.5042 60.3363 78.4916 54.4386 60.3635 60.8255 60.2004 55.1724 53.3514 62.3475 55.6616 56.3954 50.6336 63.5977 64.8751 62.5921 64.6305 59.684 63.5706 66.6146 64.6577 71.099 74.0343 73.2189 76.8337 83.574 82.2966 80.9648 90.7763 83.9273 81.2366 69.0606 92.0537 91.646 86.2375 83.9545 98.3047 99.9083 112.356 116.623
86.838 81.047 75.6127 71.935 80.7176 69.8491 59.4473 70.0413 70.0413 69.7668 66.7478 73.8288 63.8934 49.7589 54.3424 50.9391 57.8005 49.8138 56.7027 53.2445 57.6633 50.4451 66.2812 52.1193 56.2087 57.6084 55.4676 58.7337 60.4627 50.253 41.9095 62.3016 49.21 48.5239 48.9905 38.6983 61.1214 40.0157 50.4176 49.5394 49.6217 64.8266 48.0848 52.3937 49.1002 61.3959 51.8174 57.828 64.9089 57.5809 56.0989 61.8076 52.1467 52.6133 62.9603 47.7829 59.1453 62.7956 73.0054 74.7345 63.866 60.1883 67.7633 78.3024 71.0842 66.2538 68.3122 74.213 72.1271 69.0532 72.9505 97.9809 104.76 91.5038 99.0513 107.614 124.74 86.2067 103.909 105.775 108.575 93.672 91.0921 89.6375 89.7198 82.3369 87.8809 77.0125 87.3046 74.3502 83.325 83.7366 81.9801 72.5114 73.2799 77.1222 58.9258 65.4853 68.3945 59.7492 62.8231 74.1307 57.5261 69.5472 67.5986 53.6837 59.1728 62.082 62.4114 68.0926 63.4543 60.9568 57.6633 62.9877 56.1812 69.7394 66.8576 57.4437 56.2636 57.8005 59.063 70.9195 59.8315 60.1334 63.8386 57.6358 62.9054 72.8133 62.7682 66.1165 63.866 76.7929 78.2475 74.1307 75.1187 71.2763 74.1307 75.9146 92.8486 73.1975 86.1244 90.6255 97.5144 82.6663 95.1815 101.439 100.424 96.1695 108.355 110.331
79.4525 78.7319 73.6882 65.5684 75.157 77.9837 72.164 71.0555 67.3143 64.2936 54.8712 60.2752 64.4876 55.7858 53.0422 55.0652 45.92 67.2311 55.5364 55.7026 47.8876 53.7073 56.0075 43.8139 52.6819 57.9197 51.2963 54.4278 50.6589 52.1554 46.89 49.107 58.4462 54.8712 54.317 60.0258 67.5637 59.1113 59.6101 60.5246 45.7538 65.3467 43.315 56.9774 53.0422 45.0055 46.7514 59.4716 52.3217 46.7791 56.728 50.9083 60.2475 54.2893 52.9591 55.3424 52.9314 61.4392 67.8408 58.8896 56.0906 59.2499 55.3978 70.3073 62.9634 55.6472 63.3514 69.9193 72.1917 70.8338 81.1706 96.7729 94.2788 95.8861 89.7616 105.004 120.079 130.832 107.858 97.7983 110.02 91.6461 93.5582 80.0067 92.7546 87.988 78.7319 87.6554 89.429 71.3326 83.3877 92.616 84.8564 69.3373 72.5797 83.7202 68.0625 70.9446 57.0883 61.8549 68.3674 63.2128 59.0282 67.2588 65.5129 69.9193 54.9544 67.6468 85.1613 70.9446 61.2729 69.6699 68.1179 73.7991 71.3603 73.7991 62.9634 81.808 65.8178 55.2315 62.7694 76.4041 63.3236 63.2128 74.381 65.6515 68.1179 64.2936 63.3791 63.0742 73.2448 67.0649 70.8615 70.335 67.4251 71.5543 88.7085 76.9029 88.9025 83.5817 89.429 80.5887 90.2604 85.1059 96.8561 96.0247 95.6367 95.3873 92.616 97.8814
82.009 81.5053 60.4085 71.9083 63.962 58.394 63.5703 57.4147 59.6811 60.1567 51.0633 60.4645 58.5059 51.6788 59.3453 47.202 62.2832 41.8019 60.6883 66.3403 56.0437 52.6021 58.9256 50.9234 57.6105 50.084 51.9586 51.399 52.3223 40.0112 64.6335 57.6105 47.3699 60.4925 64.4656 47.0342 46.1388 49.1047 58.5339 50.8394 63.2345 46.0269 49.9161 47.9575 52.9939 38.1086 54.5328 57.0789 56.4074 65.6967 66.3123 64.9413 61.4158 55.2323 50.5316 67.6273 65.1931 51.1192 42.0258 56.6312 54.0011 51.7068 57.5546 64.7454 57.4427 55.0644 66.9278 57.4427 71.3766 78.1198 77.8959 92.7812 85.3666 104.729 103.637 118.187 118.355 123.923 95.4953 90.319 86.0101 101.371 85.5344 81.8131 80.638 80.7219 83.1002 81.7851 69.8657 80.5261 82.2048 75.7415 79.8825 70.4533 76.7208 67.6833 72.216 76.7768 72.6357 73.1673 70.5932 63.906 62.8148 58.4499 69.8098 68.5507 53.2177 52.1824 82.9603 67.9351 69.7258 71.1528 62.7588 66.8719 69.3061 72.9155 73.8389 63.7941 69.8657 63.3184 68.4947 58.4499 73.7829 54.0571 65.1091 62.7868 59.4292 59.4292 63.878 66.3682 65.5848 86.0381 85.3106 77.5882 65.8646 72.8596 63.0666 98.9928 80.2183 81.0577 86.7096 82.3168 78.2597 82.9323 87.1293 86.7376 95.8031 105.876 91.1304 92.6413
78.7808 85.6166 63.245 74.1766 73.2444 70.6174 64.9398 60.844 67.934 55.2228 48.7825 49.2345 48.9803 50.3361 54.0365 42.9354 52.2852 55.2793 59.6859 46.325 50.9576 57.7933 44.9127 60.6745 63.245 46.7205 56.494 55.4771 56.3245 57.4826 40.5627 41.4101 54.7709 36.8906 40.5344 51.1553 44.4325 36.2126 48.1329 49.404 47.4267 45.4211 47.0312 54.5732 47.4267 50.9858 58.1323 53.2456 52.5676 56.4657 57.7651 57.2566 50.7316 57.0871 59.0644 50.1101 50.4491 48.1611 53.3303 52.0874 49.1497 46.9465 40.3649 60.7028 68.5272 67.2843 59.9401 72.3405 59.6011 71.8886 77.9617 89.5994 94.6556 92.2546 97.6216 98.1018 108.638 106.039 109.401 101.096 96.0397 94.3449 87.7351 95.9832 83.2438 98.4972 83.6676 78.0182 66.0414 68.047 66.3239 72.7642 77.086 74.459 66.2957 76.4081 76.1256 71.9451 70.6457 69.0074 73.7246 60.618 63.9794 64.0359 75.5607 67.5668 56.0985 58.443 55.5336 62.1434 50.7598 60.4203 59.6011 58.9797 59.3187 48.726 52.3981 69.6571 65.7872 64.3749 68.16 64.9681 69.883 76.5211 61.6632 68.9226 79.487 65.7872 70.3632 75.4477 79.0068 67.9622 73.0184 67.9905 80.8994 68.4424 71.3519 69.0356 75.5042 75.1652 67.6798 69.5158 84.9387 88.865 96.0115 92.3111 101.011 97.1414 95.9832 85.6448
90.7889 84.3732 74.6214 77.5583 56.7716 51.2113 58.5394 55.4314 60.621 43.1418 43.1418 47.8466 47.0483 51.0117 34.2454 53.578 56.7716 50.9262 58.2258 51.9527 49.9567 45.6511 48.588 40.6611 37.3249 62.617 51.8386 45.7081 47.2193 42.2579 49.5575 39.3209 42.9422 38.6936 45.537 50.9262 38.1519 51.9242 51.7531 49.3294 54.2338 55.0892 46.0503 35.9563 49.6716 38.7221 56.2583 43.5695 45.9647 53.2928 53.8916 50.2418 39.9482 64.5559 41.6876 38.5796 47.1338 52.1808 55.7451 60.2503 64.2423 62.731 58.8246 56.7145 61.3338 63.9286 61.4194 65.2688 66.4093 70.6579 80.8945 88.6788 94.2391 77.5298 114.598 118.305 103.364 123.181 92.4997 100.199 97.9744 94.1821 94.7238 83.0616 86.5118 77.6154 83.8885 77.8435 79.7254 74.3648 69.2607 65.1262 74.0796 64.67 63.2728 65.4398 58.0547 67.3503 70.1162 69.0041 67.5214 79.868 65.2117 71.0571 74.7354 71.7415 61.9896 60.3073 50.7551 51.8101 57.3418 46.6776 56.8286 48.7591 49.586 48.8732 39.6631 49.8997 50.3844 59.3663 63.3013 63.4153 58.9957 61.8756 71.3708 64.1282 59.3949 64.2993 62.3603 66.6374 66.9511 60.2503 59.5089 62.3033 69.4888 60.2503 61.9611 73.88 71.7985 74.1081 81.1511 85.7134 85.8559 80.6379 91.1025 90.6178 86.3977 100.74 101.567 95.2086
77.1049 83.4367 72.9891 69.9096 70.7442 70.9745 84.4441 63.9518 59.462 66.6861 57.5912 67.9524 46.7407 54.9721 47.8056 44.0065 57.4185 34.854 45.7333 45.1289 39.6317 43.2869 42.4235 29.2417 39.862 34.4511 42.4811 41.3298 42.8264 36.1492 58.1093 50.1656 64.7289 44.1216 45.1289 54.3677 53.7057 45.388 42.0206 48.41 36.4082 37.9912 52.2667 49.9642 48.7266 38.8834 37.6746 37.6746 40.4664 48.3236 43.3445 39.9195 50.5974 44.6972 42.7401 38.279 43.4308 52.8999 62.0523 58.9439 58.0805 71.9242 51.3169 58.541 65.506 59.3181 72.3272 74.7736 86.1134 77.7093 86.3148 101.281 83.005 87.7251 103.008 102.979 111.239 129.314 106.692 107.901 101.367 91.4667 95.9278 70.514 73.8526 77.9683 72.9891 79.6952 73.277 69.593 75.5219 65.8802 57.6775 69.3051 80.1557 60.6708 63.405 59.9513 65.8226 63.405 67.2905 56.5839 55.0297 57.9366 54.1087 54.9145 56.4112 47.6617 54.857 51.2306 42.9991 53.0438 45.2441 51.0579 43.1142 57.9366 61.304 51.7486 43.9489 58.2819 53.7057 61.2464 66.0241 67.6358 59.3469 54.6843 59.9225 50.6549 52.2667 59.0015 63.405 63.1172 72.7589 66.2543 78.9469 72.4423 81.6235 69.3051 64.2972 80.6449 76.1551 69.1612 73.7375 86.8617 100.907 84.0987 97.6834 102.001 109.973 105.051
90.5436 75.9323 71.7203 79.0405 78.9243 80.1153 65.5911 76.1066 61.4662 69.4836 43.5434 47.6683 54.9594 55.1628 42.7882 40.9 39.9124 42.6139 38.0533 38.4309 33.638 30.4717 28.6126 33.6961 41.8586 36.1071 34.858 39.8252 34.5094 43.4563 42.672 47.1745 28.5255 41.8877 60.3334 49.2079 54.5237 37.7628 38.8086 40.5515 44.9959 48.3364 42.9044 45.3735 45.9544 34.4804 35.0323 33.8122 33.6961 34.1318 36.2233 34.4804 35.3809 31.3722 41.5681 47.2907 33.9284 51.8222 47.9588 45.3444 49.0626 50.4569 54.2623 72.8241 76.949 60.6238 81.1901 73.0856 67.0435 80.551 96.8181 79.4762 95.4818 94.407 98.9386 96.4695 108.786 101.466 108.263 89.3526 105.939 83.2234 93.6518 84.182 85.983 88.5393 78.4886 72.0979 83.5139 93.5937 87.2031 87.8712 79.8248 66.3754 60.4786 66.9273 69.7741 55.5113 57.8643 53.3037 61.2339 55.7437 56.2956 57.9514 49.9341 49.876 58.7938 61.321 54.9013 58.2128 50.4279 60.3624 55.2499 55.0175 61.6696 63.9644 54.727 67.7988 56.8476 60.2753 55.0466 50.9798 52.3741 48.6559 56.5861 51.3574 52.0836 54.1751 52.7518 57.2252 58.6195 63.3253 64.1387 63.6449 71.2846 77.2395 74.9447 83.0201 81.5967 79.6215 82.352 77.3557 85.954 82.7587 93.9132 85.5183 90.0208 90.9503 96.6438 103.412
91.171 81.7314 92.3143 74.813 85.3666 66.3701 75.4286 60.683 70.0639 60.2725 53.1196 48.3998 64.406 62.2953 49.631 40.6312 44.6181 37.3479 27.791 30.6933 36.615 32.804 38.6377 28.4653 40.5139 42.9178 34.0059 37.1427 34.5922 37.3479 39.4293 39.6345 47.3151 38.7843 56.2563 46.9047 41.8918 33.2144 42.654 48.1946 38.5205 38.755 35.2958 41.5693 47.9307 31.2503 36.058 37.641 39.3999 26.2373 34.0939 42.6246 32.6867 28.0549 28.2601 40.6898 45.6734 42.566 46.7581 46.8754 50.0121 47.579 60.2432 74.1681 62.1194 62.178 78.5067 58.5722 78.3308 76.6306 74.7837 71.7642 94.425 98.2653 91.1124 118.493 101.168 104.334 112.894 107.734 99.2034 102.252 90.6433 86.0701 89.3828 86.5685 86.6564 74.9596 83.549 77.6859 82.1419 71.6176 68.1291 73.23 63.4679 55.2889 63.4972 55.1423 53.7352 55.2596 53.9111 55.2596 52.6212 54.9371 53.7352 62.7643 65.3148 61.1227 63.7904 54.9664 57.0772 67.3669 66.2236 76.953 64.0835 71.2072 69.3603 68.862 65.2855 67.5721 64.7578 65.1682 56.2856 56.9892 55.9045 55.201 54.1456 60.4484 65.9011 61.1227 64.6699 69.5362 65.8718 73.699 70.8261 71.5003 76.953 73.3472 80.8227 93.311 64.8164 91.6107 81.2331 94.6009 97.9722 106.415 83.2265 89.031 110.167 104.451
87.6531 82.9791 73.0689 70.4065 68.0694 72.3293 61.7388 56.7097 53.3965 60.9105 56.621 56.0589 57.2422 38.1615 46.1192 43.1609 33.31 40.9127 44.5513 34.4045 30.3813 32.3041 38.4573 28.3401 41.5635 39.3448 48.2491 45.1726 30.9729 30.7363 37.5698 43.6934 40.3506 38.4277 27.8668 43.5751 34.8482 35.9724 34.6412 35.2328 46.6221 40.2027 32.6887 37.7769 27.2455 37.1853 35.6766 31.1504 40.1139 35.1441 44.4626 39.8477 32.6591 39.7885 42.303 47.3321 53.8107 54.4319 41.4452 42.4214 55.9406 59.8751 55.6152 59.0172 64.5195 66.9749 65.9691 66.3241 76.7371 80.3462 72.1223 94.6642 95.0192 96.7054 111.585 118.922 113.508 96.4391 101.113 76.885 88.3631 86.884 94.8417 89.428 86.8248 82.5353 81.5591 83.127 73.8676 74.4001 71.7673 69.3119 76.0567 73.7493 65.762 60.8513 67.8624 58.1297 71.9152 65.1999 56.0589 61.6796 61.3542 63.5137 63.5433 55.349 65.3183 78.66 72.566 54.8165 70.1994 67.2411 68.4836 67.9807 68.6315 61.2063 60.9105 61.8571 74.9918 65.1408 71.1756 66.7087 60.7034 65.2887 73.3351 58.7509 60.2005 59.0172 59.8159 65.8212 59.0468 62.4783 61.7979 73.7197 63.6616 75.1693 66.0874 77.4471 69.5782 71.9448 85.5527 79.725 64.4604 83.4524 90.3155 92.3863 90.1084 94.1317 84.4878 111.704
78.3554 72.5048 79.7882 72.475 65.4305 62.147 55.4308 48.8341 60.8336 59.5501 57.2517 66.7737 47.6699 44.6849 44.5058 43.4313 51.0131 39.6404 42.8343 45.6103 49.6997 38.3867 48.8938 37.8792 37.3121 41.1627 38.2374 38.924 23.5514 36.9837 30.5661 29.4616 36.3569 28.8646 32.8645 25.1633 29.0437 21.7903 30.8347 32.1182 34.8943 35.7599 41.3119 31.3421 45.6998 36.7748 40.2672 40.894 45.1924 40.2373 53.5204 51.2817 35.1928 42.5656 49.5206 49.1027 39.9389 53.7294 47.849 42.3567 47.3416 56.8636 57.789 67.2811 51.0131 65.8185 75.46 54.804 76.0271 66.117 77.9375 90.6236 93.131 83.2507 90.146 111.429 104.593 118.324 122.025 100.146 99.5188 82.4149 84.6536 81.6985 81.1015 91.1012 69.7885 66.9528 72.2959 65.132 74.8928 62.7738 73.9675 69.8184 68.2363 70.684 70.893 64.8036 60.7441 66.117 75.1913 74.4152 69.3408 64.0275 68.4154 71.4899 73.6093 65.9976 56.8338 58.9829 63.4007 62.2067 60.4456 67.311 58.2068 63.4604 56.8039 67.9677 59.9083 66.4155 61.9381 71.9974 64.1768 77.9375 65.7588 63.9977 75.848 70.8333 62.8634 69.6691 66.5349 75.9674 70.3258 73.6093 77.4002 60.2068 75.9375 73.4003 75.6092 83.4 86.1461 80.7732 85.8178 88.5043 82.9224 84.2059 92.5638 89.6087 95.4891 118.503
85.8931 84.086 82.791 63.1549 61.4683 65.8353 61.7996 66.9496 53.2163 53.0356 44.6632 56.2883 68.1242 49.4216 53.6681 44.1512 57.9748 55.8967 56.0172 38.3085 52.6742 38.0676 48.0363 44.6029 42.7357 49 24.6958 36.3208 33.9115 39.0313 31.5022 23.973 29.906 23.7923 19.9373 23.8224 31.8033 28.37 23.3706 33.2489 22.3768 34.3934 32.6466 40.6878 39.1819 36.7726 43.5489 52.3128 48.9096 53.126 62.402 46.8316 54.662 48.217 63.3657 56.1979 52.5839 49.3915 60.6251 43.8199 52.3128 62.7935 52.8549 58.035 55.8967 49.8132 59.1192 59.1192 66.287 60.0529 79.3577 76.4966 96.0123 96.193 121.491 119.383 92.6994 108.42 105.65 84.0559 97.9398 79.1469 94.2956 82.279 76.4364 80.984 70.3829 71.1057 71.2864 65.1426 81.9779 70.1721 68.0639 71.708 66.1666 77.3098 82.7007 81.0443 77.1592 70.3829 72.5814 86.2846 76.6171 82.0381 78.5747 65.0522 72.461 61.9502 56.8605 60.0529 62.8838 58.3663 63.3356 52.3731 60.9262 56.1979 55.9269 56.4087 60.6853 64.9318 62.3116 64.9318 67.9133 81.3454 77.1291 81.4358 72.6718 73.5151 73.6656 66.0461 77.3399 78.8457 77.6109 67.4315 73.0031 65.8955 68.7867 61.0768 71.8285 57.7941 61.4985 79.177 73.3042 62.673 90.2901 76.4364 100.47 102.608 90.9828 97.4278
61.102 73.7417 43.692 72.496 55.086 40.7144 57.7294 47.247 51.5918 53.111 59.8867 50.5284 56.7875 50.9234 58.8232 56.8179 79.7273 52.4122 68.1511 49.4954 53.0807 57.1521 52.3514 48.0977 48.1585 44.9985 36.1872 33.483 38.3445 23.3956 33.635 28.5305 28.1051 25.9175 28.2266 26.6163 28.1051 25.0363 27.3151 27.619 33.8477 23.7906 30.3839 37.7368 38.4964 40.0764 34.0603 40.289 55.4202 49.2219 48.6142 47.5204 75.5647 66.9357 71.1591 61.5578 71.9491 55.8152 61.6793 53.8099 44.2693 52.8376 50.6499 51.6222 53.4453 53.8706 53.3237 51.2576 72.3744 76.5066 69.8526 77.1447 86.8372 98.4742 109.078 105.128 105.007 103.822 127.764 92.4886 91.8505 81.3377 89.7236 71.0072 77.2359 71.1895 68.303 76.537 67.6345 67.3611 69.2145 70.1868 71.2806 82.5834 74.0152 64.8392 87.2322 85.0445 76.8105 74.4709 82.7353 85.8953 71.0983 71.9794 73.9848 64.6569 69.2449 62.1047 55.2987 59.4309 61.9224 58.7624 56.8786 56.0279 61.9528 53.9922 63.3504 54.1745 61.9224 65.2646 72.2225 72.3137 74.4405 72.496 73.8025 77.4485 70.4299 78.8766 66.4496 79.3323 83.0392 84.0722 70.2476 70.0349 86.4118 69.0322 65.6596 60.5247 54.7822 62.3174 78.755 65.5684 70.0045 79.0893 80.5477 86.5637 82.1884 99.5984 96.8942 103.001
71.9379 73.2253 61.7924 56.0913 53.2101 52.0454 43.6164 58.9725 48.5205 54.4975 50.3903 60.9955 54.7427 62.5894 58.6967 49.4401 61.4859 71.5701 71.846 60.4438 62.62 55.5703 54.9879 50.1144 56.827 34.1759 39.9383 38.6816 36.1069 33.0724 36.4134 30.8656 28.5054 40.5513 29.9154 24.4902 33.9307 27.1261 25.9001 29.425 27.5553 34.8808 46.1604 34.5743 41.8693 42.0532 53.4554 46.4056 56.122 59.1564 47.8769 63.4169 50.6355 51.463 65.3479 63.1411 66.0223 58.6967 58.1143 57.9917 48.5205 46.2217 59.984 43.5244 55.6316 49.8079 51.6163 55.2025 64.7656 66.9724 66.3594 87.5699 79.2942 81.5623 90.4205 97.9913 97.4396 96.4894 109.516 84.2596 85.7309 79.0489 78.865 73.6544 72.1525 71.9686 64.1832 64.3978 78.3133 64.4591 73.5011 67.0031 71.6927 73.8996 74.3593 66.8498 78.0375 72.0912 69.1487 68.4743 83.7999 70.9264 77.8536 70.1295 83.9531 64.3671 66.5127 80.9493 62.9265 70.7425 64.4897 56.5205 59.8308 57.8691 57.2254 64.4591 60.2599 68.8728 71.5088 63.6928 64.3365 72.9187 79.6926 64.9495 73.3785 63.4782 78.0681 70.4973 84.1064 69.9456 79.4781 74.6046 72.3364 69.3632 75.0643 67.9226 66.574 70.8651 65.4706 67.0644 73.164 71.2942 74.8804 63.325 83.4933 77.547 84.1677 100.658 95.4779 83.7692
86.3234 71.73 62.5164 63.073 58.0951 50.7676 48.6033 59.1154 55.0343 51.4478 59.6411 52.499 45.3569 57.013 48.0777 62.9184 37.9056 59.8266 48.6651 60.7541 51.5096 54.7869 62.1454 58.9609 57.1367 57.8169 51.5405 65.701 49.2526 46.5936 60.4449 43.9965 41.0283 37.9056 36.2979 42.6361 35.9578 34.7829 37.7819 40.039 47.4593 52.9937 57.5386 44.1202 42.3887 48.8506 53.6429 68.4836 50.4893 42.1414 40.5955 55.3125 42.7907 56.3947 60.8159 55.5599 52.6226 67.216 43.7491 67.8034 56.271 51.9734 60.5686 48.7579 53.7357 41.925 60.3522 54.9106 52.5917 56.271 75.3784 75.4093 87.3437 74.7909 113.191 101.937 106.822 97.5158 90.9302 92.6307 87.22 79.3359 93.0017 76.6769 65.4537 81.2837 71.1426 81.7166 76.7388 71.4209 85.8596 74.8528 76.9243 53.983 72.874 66.2266 76.9861 65.7319 63.2585 71.1426 67.7107 64.4952 70.246 69.6276 74.9146 67.8344 70.7097 83.7881 73.7706 72.7813 76.8315 65.1445 66.2885 58.8681 70.8334 64.7425 66.6286 70.4624 67.8034 68.9783 68.36 56.6111 73.4615 66.1339 82.6441 66.8759 65.9174 71.8537 62.9184 61.3106 62.4237 66.845 73.7088 65.33 71.4209 82.5205 73.647 76.8006 77.7591 71.6373 70.7097 81.0364 77.048 71.2972 76.3987 79.9233 89.3225 99.68 92.8471 91.6413
74.6886 70.7281 55.5721 57.6303 62.3705 74.9381 58.8154 69.2624 68.5763 55.7904 60.8424 49.9899 50.3018 61.2166 51.9546 55.728 49.3662 47.8382 41.7882 44.4078 58.4411 55.385 57.1625 57.5056 55.0108 56.8507 66.0815 62.1834 61.4661 63.4931 65.4266 44.0647 51.7363 65.0836 50.3642 54.886 53.2644 49.6469 57.0066 61.6532 60.1875 47.1521 54.5118 53.8569 57.5991 62.7135 64.1168 62.2769 63.5243 55.9775 48.8049 44.7196 47.6199 44.2207 48.1188 46.466 39.2622 38.9504 54.4806 62.3705 55.1355 47.9629 68.5763 50.9879 57.5991 61.8715 59.8133 65.8944 62.5264 73.0046 76.9652 72.0379 94.4289 89.7823 103.098 99.5433 110.084 112.204 114.45 97.5474 89.4704 87.1004 83.7947 84.5432 71.8508 66.2998 93.9923 75.7801 69.2312 63.0254 65.8944 78.7427 73.067 67.0171 60.5617 73.3477 73.7843 60.2499 66.1751 57.6927 55.1979 59.9068 67.8279 68.9194 58.3476 66.2063 78.0878 68.015 77.6512 68.7946 76.7469 68.6387 81.4558 76.2479 79.5223 79.5847 68.9506 74.3144 76.092 66.2998 70.2291 67.0794 77.277 63.3684 59.1272 68.8882 59.6574 57.6927 67.1418 61.2166 58.753 63.6802 59.7509 66.5493 58.4723 70.6969 78.5868 79.7095 69.2312 80.1772 67.672 78.7115 75.0005 81.9548 68.5763 69.9173 75.8737 85.697 95.458 112.61
80.0462 83.0027 67.5596 63.9426 63.5652 69.7613 62.1498 57.9667 59.5393 64.2571 54.8529 51.2044 58.1239 56.0481 58.9732 56.7086 56.1424 40.0074 43.4042 51.8964 56.3626 47.6503 45.543 48.7511 47.3672 54.5698 54.8214 54.6013 68.9435 53.5004 61.8353 53.4061 57.3062 69.0694 79.6373 60.6087 60.6087 67.9371 72.5291 63.4079 75.7373 62.2442 73.1267 56.8344 59.3506 61.2692 59.5078 38.0888 55.9852 45.0083 47.1471 34.975 49.0657 50.4496 60.5143 50.2923 49.1286 49.8205 46.2664 54.2868 67.8427 60.8288 63.5966 75.4856 68.1258 54.6956 71.3968 56.9288 71.1452 74.3848 77.3728 81.7761 78.1276 99.7354 104.956 109.643 104.579 107.85 110.272 120.494 93.7909 98.2257 89.9223 78.3163 81.9334 88.8529 72.5291 70.1702 73.8501 69.0694 67.4967 65.9241 64.7289 79.3543 68.283 69.9186 62.9047 66.8048 57.0231 59.2562 57.9981 63.8483 66.0499 55.2618 65.0749 73.7243 55.9537 62.4015 79.0712 80.9583 69.1008 83.7262 83.4745 90.8029 87.1545 87.6891 85.4246 79.6059 82.6882 74.888 62.8732 66.5846 66.6161 64.383 62.6531 64.9491 64.6975 70.6105 67.8113 49.4431 61.8353 61.1748 67.0564 82.0592 70.0444 74.1017 81.2414 63.345 67.8742 69.9815 80.6753 81.1156 73.8501 76.1147 85.6447 85.4875 90.8029 78.7881 100.018 97.8797
64.2954 62.297 72.7962 65.1835 65.4055 62.2653 58.7762 61.2186 47.2303 54.2086 43.2653 50.6243 46.7545 56.0483 54.3672 50.1485 47.1986 58.0466 45.7077 56.1434 46.7228 48.1819 51.5124 40.474 54.0182 53.7011 55.7311 75.1117 54.2086 57.666 58.9665 68.0382 76.6025 65.3421 57.6025 79.8379 87.8312 71.686 71.7811 73.716 78.0933 67.7528 69.1801 65.3738 51.1318 50.085 48.9114 49.7678 58.0466 47.7378 56.5241 52.3688 55.858 58.3638 55.1284 57.6025 59.3788 55.5408 47.4206 44.0266 49.7361 55.8263 52.9081 48.2136 65.7862 56.4924 65.0566 62.2653 79.1083 79.2352 82.5658 85.2302 86.4673 94.9681 89.322 103.881 120.566 115.966 108.956 101.026 106.704 101.502 95.5707 81.4556 79.3621 81.2018 68.8947 85.706 82.0583 71.2419 67.9114 73.2402 59.7277 60.8696 65.7227 65.0566 63.312 68.4506 73.2402 77.2052 68.6092 65.7227 78.7594 74.6676 80.6626 74.7628 77.2686 87.1968 92.9697 87.6092 77.9982 80.282 80.8529 82.1217 95.0632 93.8579 84.0883 87.4188 77.7761 79.7427 81.3604 91.8596 75.8095 64.7711 81.0115 69.1167 77.5541 79.2352 80.8529 78.2202 60.267 68.7995 71.3688 70.1 73.6843 70.9882 72.3521 64.3588 69.9414 60.9331 73.272 73.5892 83.2319 93.2235 83.0098 77.4589 97.8545 90.4639 104.135 112.509
71.0422 82.7493 77.2796 72.3856 79.0708 46.9883 45.8688 57.7038 65.3166 57.128 64.0371 56.3284 53.8974 55.0489 62.5338 68.4833 57.3199 67.1398 60.9024 57.128 71.1381 54.825 56.1364 62.054 52.9058 52.8098 69.219 64.8688 66.628 77.8233 85.724 83.1331 88.5388 74.4967 79.1028 96.9193 80.8941 85.9799 69.7307 66.2762 73.6651 72.9934 68.5472 66.9799 63.9732 63.2375 60.5506 69.6988 61.4782 58.8233 60.8385 55.0169 62.9176 55.7846 62.5018 68.9311 41.5186 43.3418 63.3014 53.0977 43.7896 59.4311 54.9529 54.1533 56.8401 60.9664 61.8301 64.1011 64.6129 84.7964 85.9479 82.0456 94.2325 97.3991 95.0001 109.746 123.852 126.731 102.037 109.746 108.882 98.4867 89.7863 88.0271 77.2156 76.6079 80.5102 72.1297 62.7897 61.8301 61.7341 61.2543 65.9563 66.756 84.7964 71.426 67.4597 67.9075 70.5944 71.2021 61.4462 65.1247 64.0051 71.458 78.559 86.6516 75.1685 77.5035 76.5759 74.2728 71.8419 74.0169 75.8402 85.5321 76.6718 70.4984 85.82 84.6365 77.6314 75.4563 77.3435 71.6179 78.0792 69.6348 66.756 86.5237 61.99 68.0035 66.628 66.692 78.0153 70.9782 66.8839 68.9311 61.3183 63.3014 60.9984 72.2577 67.1078 71.0742 72.7375 71.49 76.5439 71.7779 87.0035 95.9277 94.9042 102.421 102.581 107.539
84.1499 79.0861 87.2785 76.4735 73.3449 60.3144 70.055 64.2494 61.3465 49.9287 73.4739 58.7017 58.8952 57.6051 52.638 51.4446 58.6695 55.2506 55.7021 60.2176 52.6703 66.7974 58.2179 65.2815 65.1847 48.7998 64.3139 71.7967 54.541 80.5697 75.2801 65.733 69.8292 89.633 75.3124 65.4427 75.7317 71.1839 84.1821 65.6685 64.7332 74.506 76.4412 63.8623 60.1531 66.4426 67.378 54.928 70.2163 58.3147 73.0224 64.7332 58.6372 67.3457 54.283 51.4769 69.2487 61.0562 48.6386 62.3464 64.3139 57.3471 54.283 52.4445 57.8954 66.5394 68.9584 74.4415 67.0554 90.3426 79.1506 90.4394 92.6971 103.631 105.986 126.176 119.984 101.986 115.533 99.7607 102.922 96.4063 92.2778 79.5053 80.473 77.5056 86.0528 80.8923 76.9573 71.9902 71.4742 62.4431 81.0213 70.2485 70.1195 66.6039 76.8928 66.7006 69.668 77.2476 84.5047 78.9248 76.1187 80.731 77.4411 76.1187 69.539 70.3453 77.9572 54.9603 81.1825 77.4734 77.8927 79.7311 74.3125 76.538 86.2464 76.022 61.5078 77.5701 74.7641 84.3434 71.2807 77.6024 83.9564 92.8584 76.7638 77.2798 67.8295 68.152 70.5711 68.2811 77.4411 62.7012 62.1851 60.0241 69.0229 71.6032 62.3141 62.9915 73.2159 78.441 80.0214 70.7646 88.4074 91.923 84.9562 94.6323 88.9557 101.244
98.0827 79.5134 83.9687 76.5215 62.9928 64.5863 64.5863 64.066 52.4561 60.196 68.5864 63.383 63.9034 65.1392 59.4155 63.4156 66.7977 59.3179 54.2447 66.9603 55.8707 71.4482 71.6433 68.1636 74.6027 72.0011 69.9848 87.2208 68.7815 71.871 77.7247 69.2693 62.7326 75.1556 74.993 64.9115 74.7653 64.5863 62.57 69.0742 61.1066 54.4398 58.7326 62.2448 69.2693 81.3996 65.9522 72.3263 72.1637 59.8383 66.8628 61.4318 80.4565 53.4317 63.318 65.2693 62.6676 61.6269 55.2528 57.5943 53.3016 66.7652 62.1473 77.6272 57.9846 78.2776 58.7651 65.692 69.1392 67.9034 87.1558 103.449 95.1559 110.376 126.116 113.107 126.929 123.351 117.53 111.091 107.384 103.936 112.132 83.1882 94.4079 72.8466 84.9118 85.237 76.6841 75.6434 67.9685 70.4401 80.5215 72.4238 77.2694 74.3751 70.9604 70.2775 75.9686 76.1312 65.5294 76.5865 74.2775 77.1719 80.8467 77.3345 78.7329 73.432 71.7734 82.6679 81.1394 77.0743 79.4483 79.3833 82.1801 82.2451 78.9605 67.0904 84.8468 74.0174 68.0986 74.4726 76.9442 86.5704 79.4808 92.2615 75.7735 73.0742 78.7979 66.3424 79.8386 80.6191 60.8789 68.3587 75.9686 75.7735 79.4158 77.4971 80.3589 68.9441 75.3832 73.7247 84.0988 98.4405 75.7735 94.1152 104.197 100.522 112.197 121.01
90.4291 69.7071 68.33 68.8218 59.3461 53.8706 61.7069 73.6417 59.7724 63.6086 65.5103 65.1824 65.5758 62.9528 55.7723 62.9528 67.8054 68.2972 78.4287 64.8873 58.2641 80.232 72.8548 73.904 79.5763 88.2651 93.1177 76.1663 75.5762 83.9043 86.1339 79.4123 77.1172 84.4617 87.5765 79.2156 72.2646 82.396 73.5433 76.6582 83.1502 70.2317 86.7568 87.9044 84.9535 65.5758 81.7403 81.9042 79.2484 71.8055 82.2649 73.4449 54.9526 75.3466 58.6576 72.2974 65.0512 67.2152 65.8709 58.7887 60.3626 59.6412 61.2806 62.1003 68.3956 62.7233 79.8714 68.1661 75.904 80.8222 82.5928 79.1828 97.5113 107.446 97.5441 89.3471 117.61 113.184 114.463 110.594 105.151 94.2325 102.167 87.9372 98.4621 76.6909 86.0683 84.265 76.1335 81.1173 75.7729 86.8552 88.0684 77.0844 75.3794 82.0354 71.8711 70.9203 75.0515 82.5928 77.7074 81.7075 77.3139 78.3631 91.7078 77.1172 63.543 78.9533 69.4448 71.2154 85.9699 61.4773 65.1168 62.6905 59.0838 61.5429 70.1661 77.7729 68.4612 67.248 67.6087 70.7235 78.1992 71.4121 78.4615 71.6088 66.8218 72.6908 83.8387 70.4285 63.1167 81.1173 77.3795 75.7401 77.2811 77.4123 75.3466 73.8056 89.7077 74.1335 82.9862 88.8225 87.9372 92.1341 90.5602 103.97 109.249 103.348 116.725 99.249
100.851 86.3728 77.7454 80.3898 79.8279 71.6964 79.299 62.3418 71.2997 67.6637 73.1508 63.5979 76.9852 77.3488 57.1522 75.2994 60.9865 65.7134 68.49 63.4987 74.6713 73.8449 72.0269 79.3982 79.9932 84.5548 74.9358 75.6299 79.894 77.3157 70.9361 63.8623 67.3331 65.8787 76.9852 78.1421 58.3091 76.4893 67.4323 73.9772 68.7875 76.5555 75.9935 78.4726 87.0008 72.8863 86.6703 80.0262 70.1428 66.4737 74.4069 82.2079 69.2503 79.2329 69.8122 66.7051 61.4163 66.9695 61.9451 65.8787 82.1418 65.8456 77.6132 71.1344 69.68 76.5224 69.1181 80.0923 65.3167 83.9928 79.6957 104.355 95.529 120.122 108.321 107.826 120.32 119.725 109.214 113.28 107.859 95.0332 103.628 96.4546 83.9267 84.7862 83.1334 85.5134 104.784 84.8853 79.6296 89.3808 83.0342 74.7374 70.8369 87.4636 78.3074 69.5147 74.473 64.854 71.1344 64.5565 73.0516 71.8947 83.7284 65.0854 72.9855 80.489 74.2086 55.9291 64.5565 69.9445 64.854 69.4156 73.1177 77.481 54.078 66.7051 67.6306 72.2914 65.0193 73.8119 69.2172 71.5641 91.4633 62.5732 73.9772 70.4072 84.2573 79.1007 81.9434 71.6633 78.9024 73.3491 75.3655 71.8616 83.2656 81.5468 84.6539 77.3488 81.1832 87.2653 91.893 89.9758 86.2075 93.8432 87.3645 91.6947 105.578 125.113
85.338 90.403 67.8106 77.6073 72.509 80.0065 64.8782 66.2444 66.5443 74.1751 73.6086 75.8745 64.9449 68.6103 64.445 61.9792 59.4134 77.8405 68.8436 64.0452 71.376 72.8422 69.0768 95.1014 54.715 76.2411 82.5723 81.7392 60.6796 78.7402 68.5437 74.8749 52.9156 60.8796 66.8776 60.8796 72.3424 64.5783 67.4107 70.8429 81.0395 66.511 66.411 72.4757 73.4087 61.8459 74.2751 66.2111 79.5733 73.0421 78.307 64.1451 71.2761 69.5433 75.5413 75.8412 67.444 62.2791 60.0465 67.2108 87.4373 78.1738 76.541 66.8442 68.9102 69.2101 84.4383 72.1424 68.0438 75.0415 76.8409 98.9668 101.599 109.297 112.396 117.261 116.361 125.591 129.923 119.993 116.994 93.0688 98.2337 102.399 89.7699 75.5413 79.1401 98.9001 88.9035 87.7705 82.2724 81.6059 81.5726 73.9752 83.1388 85.5713 76.9408 73.7086 83.372 77.374 69.1435 82.8055 78.6736 69.9432 63.3787 60.9462 65.3781 59.5467 66.4777 66.2778 69.6766 63.2121 59.8466 65.5113 54.7816 63.8786 56.8143 57.1475 57.1142 76.0411 71.1761 55.3814 66.1445 70.8429 75.7412 75.9745 76.0411 77.4073 75.7746 72.609 71.1095 78.0071 82.0724 81.6393 79.4067 85.4047 74.3084 84.1384 90.5696 89.2367 90.6362 81.6726 87.9038 92.2357 94.9015 101.299 98.367 105.964 107.697 110.196
85.8877 91.1277 89.5154 78.5989 75.4079 73.6613 70.1008 79.8753 72.3849 74.1315 79.1363 68.2198 64.9952 75.2735 75.8446 61.4683 73.7956 61.9722 61.3004 63.954 77.4904 67.8167 82.428 72.4184 68.4549 66.2044 60.4271 65.9693 69.5298 68.69 83.8724 62.8791 53.8436 69.6641 70.168 58.2438 79.5394 72.6872 60.192 67.8503 70.4703 57.7399 70.9069 67.4136 68.8916 68.8916 71.1085 72.5528 86.7275 63.5509 75.3743 72.6536 59.7553 62.7112 77.7591 78.095 72.2169 69.597 76.5835 72.0826 59.1843 64.4914 69.0259 55.1536 69.0931 80.4127 69.3282 72.0826 86.7947 79.5058 83.4693 94.0835 84.6114 101.003 94.7217 120.989 123.205 112.121 121.257 104.899 109.87 102.884 106.243 98.7524 91.833 91.3964 89.2131 89.8513 84.0739 90.0192 92.5048 85.619 93.5461 97.3081 81.5211 83.5701 77.9607 91.1277 80.6814 85.4847 73.2246 80.4799 76.0797 75.9789 75.9789 72.5528 65.0288 64.6929 77.0202 65.2639 65.1968 75.5758 78.1958 70.3359 72.0826 70.4031 68.7236 59.6881 59.1843 69.7985 69.9328 69.5634 62.2745 70.6046 82.3273 88.6757 68.8244 79.6737 77.3225 72.3849 81.5211 78.1622 98.9876 92.8743 81.9242 79.0691 81.1852 83.738 100.096 91.9338 92.2361 85.4511 79.8753 101.372 99.6929 88.5749 107.284 112.155 105.873 119.679
104.582 88.7714 78.6822 104.278 79.8333 74.484 72.3172 70.8275 79.5963 64.1578 78.5468 73.7053 73.8069 76.6847 73.5022 77.0233 82.9481 79.8672 70.8953 70.6244 70.4213 79.7995 68.9316 61.8895 65.072 65.1397 60.1628 66.7648 72.3172 61.0769 56.6079 78.0389 65.6475 61.2462 77.8358 65.9861 55.5583 57.0141 61.3478 67.2726 66.4262 61.6863 61.517 61.6525 77.5311 60.1628 67.171 69.6087 65.3767 81.2553 72.4865 68.9993 91.1414 70.5228 71.6401 70.6244 63.887 94.3239 64.9027 76.38 77.1925 62.4312 61.8895 80.612 86.3338 74.6872 86.1645 79.4948 96.9308 91.8185 94.7979 93.6467 109.796 108.442 123 131.972 132.548 128.891 122.899 104.379 100.926 93.3082 103.973 100.96 92.9019 102.619 82.8804 94.053 83.4221 75.7367 94.4931 95.9151 91.1414 91.9878 83.6591 95.0348 94.6624 99.0299 87.3833 83.2528 82.0001 90.2611 80.612 70.726 83.3544 81.1537 79.7656 74.9242 79.5625 74.2132 88.5683 81.5939 89.4824 85.9952 88.0943 74.9919 73.8746 89.0761 79.901 83.4221 75.9399 79.6979 71.5385 93.0035 80.8152 76.3123 79.4271 80.5782 93.9514 78.2082 91.3106 80.0703 84.7087 86.6046 108.002 99.1653 99.0976 93.3759 93.4775 91.3445 88.6698 88.9407 102.382 85.9952 88.7714 97.9465 110.304 106.817 121.511 125.607
101.176 92.2017 97.6956 71.284 74.4233 70.6015 71.4887 68.9294 85.5135 72.3759 76.5731 71.9323 65.6536 64.6299 77.4262 80.975 81.248 71.284 75.0376 85.6841 70.3626 67.3256 69.4072 64.0157 57.6687 46.7833 51.7312 54.6317 65.6536 55.5872 61.8659 59.409 44.5653 58.5559 63.4356 64.2545 70.1238 66.3702 59.3066 64.664 51.936 55.7919 52.7549 57.1227 56.645 42.7567 61.2858 55.4165 70.8062 55.8943 67.428 76.0613 72.7172 82.2717 81.7258 84.5921 73.0243 64.9711 95.9894 69.7143 77.3238 66.882 79.4395 73.5361 74.2186 70.465 63.5379 81.6916 89.0282 107.455 97.7297 94.8974 110.935 114.928 119.535 107.66 126.632 120.354 132.058 112.3 123.186 104.657 100.221 93.7031 100.152 87.2538 112.983 91.7239 86.9808 109.229 103.77 100.63 88.5505 84.3191 85.0357 90.632 78.3817 94.9998 90.7344 83.4661 82.2376 69.2024 70.3626 82.4082 69.8508 64.7664 71.0792 74.4233 72.41 61.1152 61.5247 75.3447 65.1759 64.391 72.7172 70.8745 70.0214 78.1087 80.9068 75.4129 80.1902 77.8698 63.0602 73.6726 84.2509 68.2129 73.3655 85.7182 85.0699 69.2366 92.4747 97.6273 95.887 84.7627 84.7969 92.3382 93.942 96.5354 77.2897 99.3335 85.4452 87.1855 99.6065 78.9276 85.0357 103.497 91.0415 100.357 110.287 119.023
103.963 86.0109 84.3945 82.847 88.1775 85.667 85.8046 74.7308 67.0961 74.0774 78.6169 93.68 60.1836 80.9555 74.8683 73.2864 73.5271 60.7338 82.2279 74.834 78.0667 68.1966 55.4033 64.0353 64.0353 49.3161 56.1255 61.628 45.1205 66.4083 60.046 56.4694 63.7946 50.0727 52.033 52.4113 53.6493 54.6467 58.6704 50.5198 63.829 48.0781 56.263 52.3081 61.2497 50.1415 50.1759 55.6096 53.7869 71.0854 69.6754 62.2814 64.1041 85.4263 79.1672 86.458 84.876 78.8233 76.3815 83.0189 75.3154 67.8527 91.2383 78.2042 90.4473 71.3949 80.0613 84.085 99.9047 95.09 84.8416 97.0847 119.851 114.452 132.026 127.245 131.957 132.679 131.544 119.611 106.542 109.431 107.918 103.894 98.0476 94.7117 90.1378 87.7992 75.1091 96.0186 87.4209 73.6647 83.466 88.0056 84.6009 80.1989 75.453 65.5141 75.6249 85.0824 69.7098 73.8366 79.5455 72.6673 73.4239 69.8129 64.6887 63.8977 70.8446 67.5088 60.8026 57.0884 61.7311 63.2443 59.4957 55.0594 55.9535 57.845 63.7258 69.9161 76.3128 59.4957 65.0326 72.289 63.3819 70.4663 76.1752 74.0086 72.5642 73.7335 70.1568 81.1962 81.8496 69.0907 81.5745 85.0136 77.3101 89.897 82.7438 75.9345 95.881 99.1137 90.9288 94.8149 105.889 106.129 102.278 119.748 114.108 123.841
96.6257 81.8615 81.515 76.143 100.785 87.1642 79.7821 79.8167 83.5598 80.3712 77.5986 86.6443 80.6832 90.6992 69.9046 78.1532 69.6967 73.5783 62.1413 62.7998 71.7415 65.711 74.5141 53.2689 67.6519 57.9824 66.9587 53.061 63.4236 65.2951 56.4228 61.0322 59.0914 58.0863 50.8082 53.4075 55.4523 54.5166 53.6848 51.8826 78.4651 46.2681 54.8632 60.5817 56.5267 62.7305 50.1844 68.3797 56.9426 66.8547 70.5285 59.542 62.9731 61.1709 77.4947 71.8454 75.9351 83.0052 91.8776 82.8319 81.0991 73.4744 85.5352 93.8184 70.3205 84.5648 87.2681 73.1624 86.5403 83.0746 90.0408 84.2183 105.359 102.448 123.208 132.115 142.963 127.748 130.452 115.168 133.709 117.698 105.637 107.786 109.38 93.6452 96.799 91.2884 90.4566 91.2884 76.7322 76.9401 72.6426 67.2013 77.6333 74.9646 70.5631 60.6163 67.9291 57.8784 59.542 70.3205 59.6806 71.5335 58.3636 60.5817 72.6426 72.1574 68.7956 76.5936 70.0086 78.7423 60.7203 73.3011 75.8657 68.7609 63.7009 58.2943 79.7474 74.2368 64.8446 68.5876 66.1616 76.4203 67.5826 69.1421 72.8505 67.132 71.1523 66.4735 74.6874 58.6409 64.6713 73.1971 73.3357 79.6434 73.8903 84.6341 83.4904 81.8615 95.8632 97.4922 82.3467 92.7094 104.424 112.603 99.2944 122.272 115.237 114.509
83.3656 95.5194 77.8475 73.3771 87.3121 79.5588 90.0013 82.0384 74.8788 80.5367 72.6437 94.332 74.4947 73.9009 73.7263 64.8554 64.2617 69.9195 66.1826 66.3223 53.1207 59.0579 75.7869 62.7948 73.6914 72.958 72.6786 72.2595 63.5632 56.8576 65.6936 69.7449 77.6379 65.2396 68.6622 61.9916 64.4712 57.591 65.4841 72.504 52.7016 62.0964 64.1569 64.9602 67.4399 68.278 66.7414 70.7926 68.1733 67.824 68.5225 71.5959 69.9195 66.6366 73.412 63.4584 78.0919 75.9615 87.3819 78.9301 88.2551 85.5658 97.1609 87.0676 82.6671 74.7391 79.6985 84.3784 73.9359 86.7184 90.9093 95.8337 113.785 100.863 127.196 126.533 123.704 131.562 131.632 119.652 112.213 118.884 116.474 104.46 115.182 105.089 96.4275 100.479 92.481 87.9757 99.2913 95.0654 88.1154 70.5831 73.0627 73.2723 79.2095 62.1313 75.717 76.4505 69.0464 72.923 64.2268 85.5658 69.71 81.1304 64.8903 63.3187 77.3934 70.3037 78.5809 75.2979 68.0685 69.4306 68.8019 71.4911 57.5561 69.3607 65.2047 67.6843 66.6366 77.8125 81.8987 71.1768 76.5902 81.0605 73.7962 73.3421 64.6109 65.5888 77.2887 67.37 82.8766 74.9487 73.4818 77.9872 77.9522 92.2714 94.0526 94.1224 98.9071 92.8302 97.9642 106.346 113.191 111.305 113.576 120.421 120.91 123.215
93.8569 80.9767 83.1938 96.6371 78.0205 79.9913 81.0119 80.2376 92.0269 83.1234 87.3464 72.1787 84.3903 74.6421 85.0941 74.2198 70.9822 71.4748 73.0937 74.1142 67.9205 65.7386 70.7358 72.4602 76.6481 78.1613 63.9438 73.9735 85.9035 73.0937 76.0146 75.17 70.595 66.2312 65.7386 71.0525 64.8236 71.3693 69.6097 61.5859 74.0087 72.1787 77.9502 71.862 63.9086 76.1906 74.9588 82.138 66.2664 77.3871 77 85.7628 70.8766 65.3866 79.9209 77.4927 82.2436 74.3606 75.17 88.2262 84.1088 84.3199 83.5105 77.3167 89.8098 79.4282 80.9063 101.67 86.6426 87.1353 94.3848 92.0269 100.332 110.503 125.917 108.989 126.409 117.787 124.157 135.559 115.183 109.236 120.427 109.377 99.9099 105.893 93.9273 99.3469 93.2235 92.766 91.9214 84.707 83.8976 88.367 77.5279 80.7303 72.425 75.9442 83.9328 90.936 86.2907 88.9652 92.3789 91.9566 87.0297 89.1412 69.5393 79.1467 81.399 73.4104 64.2605 71.6508 63.5215 67.2166 68.5187 67.5333 64.6828 76.2961 73.9031 75.5571 77.8094 79.2171 79.1467 79.2523 84.3551 90.1618 90.4785 84.1439 81.1174 79.7098 84.0736 80.6599 77.4575 83.8976 94.9127 82.7011 87.6631 92.3789 91.0768 94.3496 99.4524 103.359 110.573 101.634 110.08 122.116 125.424 122.925 107.863 134.644
91.1652 99.8527 93.5055 105.455 81.4495 84.1798 91.3071 79.1446 83.5415 81.1658 69.9253 88.0094 84.9244 77.088 71.4145 77.549 73.4712 82.1586 78.4354 84.3216 84.7472 75.4569 81.2012 79.3928 83.5061 88.6122 76.4497 90.2078 84.6053 71.2018 71.3791 71.6628 73.7903 78.5773 72.1237 78.5773 75.5633 73.7903 74.5704 71.911 76.2724 87.3357 93.08 74.5704 82.265 90.527 79.2155 84.1444 79.0382 86.4492 80.4211 67.8686 88.6122 80.3148 87.3002 84.2507 78.2936 72.7975 84.5699 87.0165 80.102 75.4214 83.6834 79.8183 79.3574 92.4063 94.0374 99.2499 86.6619 101.413 92.7254 80.1375 98.5053 96.9096 117.972 129.106 125.702 129.745 133.291 120.951 118.291 125.135 110.916 102.264 110.774 103.044 104.498 104.746 97.4415 100.172 98.1507 87.7966 86.9811 95.4912 102.087 84.9599 83.2933 89.8533 91.8035 91.6971 79.6056 77.7263 83.3288 68.826 76.8398 82.7969 88.8249 89.215 92.7254 84.1444 91.5908 88.4349 91.3071 89.8533 91.9453 79.641 82.8324 86.0237 86.9811 79.7829 90.2433 77.7972 84.1444 83.6479 75.1377 78.861 78.2227 76.3079 66.5567 75.2441 82.1941 79.5347 84.1444 89.3568 92.229 91.8744 83.0097 94.6757 96.3423 98.7889 98.328 106.094 98.3989 119.923 110.1 115.526 122.688 115.029 129.78 131.518
98.8901 102.141 107.464 83.9208 93.5669 100.248 83.242 93.4239 90.2086 82.5632 85.3498 95.8176 81.7058 81.2413 88.3866 82.0987 85.5285 94.7101 91.2804 76.3111 93.9598 82.849 89.3869 79.7408 78.7405 83.5278 84.3852 81.5271 80.8483 83.3492 93.5669 77.5973 86.6717 80.4553 83.2063 92.2807 97.854 88.6724 82.7775 89.244 74.5605 91.6734 86.4216 83.242 81.1699 80.8483 74.1318 95.9605 86.1001 95.1388 87.1361 89.244 89.1368 83.6707 85.064 88.2437 93.4239 87.7435 86.9575 86.2073 98.3542 100.033 96.4249 93.7098 94.3171 97.7468 94.7101 87.8149 94.46 105.821 111.966 113.431 112.537 111.573 111.287 133.83 131.544 146.263 126.828 120.147 114.574 126.792 118.254 125.899 111.751 107.143 104.07 100.569 109.251 95.246 108.107 111.466 96.2106 97.6396 94.4243 100.605 99.5331 98.247 80.5268 87.7435 93.8169 89.1011 88.8153 85.5642 87.1719 82.8847 84.8497 90.5301 92.8881 91.4947 94.3886 99.6046 91.9949 102.677 86.9218 101.391 104.106 100.926 94.0313 93.7455 108.393 95.2103 88.4223 80.3839 90.7088 89.2797 85.5642 82.2774 84.3495 98.1041 86.4216 91.8877 99.3188 100.462 104.142 93.7812 104.928 98.8186 102.034 100.176 104.856 114.359 114.038 118.218 117.36 120.754 131.079 133.795 136.617 135.331
110.571 112.515 121.657 121.009 112.731 107.8 111.399 109.924 109.852 108.988 95.4542 88.8674 104.237 109.06 97.8298 97.7938 109.204 82.4966 106.36 105.856 93.8705 104.668 108.484 108.592 107.44 108.124 96.8579 99.0175 104.525 109.528 103.445 109.132 101.069 97.9017 88.9394 96.0661 96.498 94.1224 105.136 102.689 102.437 100.601 104.489 106.864 92.7907 98.1537 110.211 104.345 103.625 107.44 97.7218 105.352 99.1255 105.928 83.2885 96.642 110.895 112.731 95.4902 109.06 98.0097 106.288 113.199 118.346 102.977 107.08 113.703 112.479 112.731 117.77 120.182 121.729 122.269 124.897 128.496 124.933 151.46 148.076 155.455 136.127 134.867 133.463 136.559 126.444 126.336 116.654 116.006 119.858 110.247 108.7 117.482 122.449 116.042 113.199 114.207 110.715 98.0457 114.675 117.878 111.327 105.316 112.839 108.412 109.564 115.251 103.697 106.684 113.523 103.157 92.2148 102.689 104.237 100.421 106.864 112.731 96.8219 110.067 99.1255 103.517 95.0223 99.0175 108.16 106.9 101.681 109.348 106.108 111.147 111.939 110.247 110.571 103.193 102.257 103.769 108.952 110.499 124.465 130.44 127.956 107.548 112.767 124.357 119.93 123.205 127.236 117.302 133.463 134.687 133.787 124.249 134.291
121.073 125.534 123.612 118.426 115.091 110.34 109.615 125.642 121.871 114.692 109.289 101.312 103.451 105.083 94.5309 107.548 124.083 115.816 107.512 101.819 108.346 115.562 108.564 109.724 116.323 110.34 102.436 111.646 115.163 123.503 109.144 104.357 109.942 110.522 110.268 113.713 110.957 112.081 110.159 115.417 109.071 99.426 122.016 114.003 103.378 117.23 110.485 110.776 115.018 112.008 112.516 114.257 126.077 113.06 107.258 109.651 98.2294 94.0595 99.1359 111.283 106.352 108.491 102.218 113.894 119.152 109.978 112.589 125.497 127.818 121.835 122.379 146.891 128.869 130.102 129.196 145.984 152.946 141.162 157.406 139.24 141.488 133.112 145.223 142.395 140.473 135.759 118.281 141.089 136.194 128.978 140.835 125.534 123.575 121.364 121.255 140.545 121.907 114.111 125.824 126.73 128.906 120.493 126.404 108.02 128.688 112.734 112.516 110.449 120.675 131.118 111.029 132.604 114.184 115.489 119.514 107.875 110.594 112.117 121.4 109.905 114.692 114.583 121.182 120.53 125.679 129.305 126.803 124.192 131.081 133.62 134.925 125.679 120.385 115.453 135.07 122.125 133.221 131.952 135.686 125.497 137.463 134.562 134.635 137.463 139.82 141.959 145.368 142.612 157.733 152.693
127.627 131.609 138.257 128.248 125.618 130.622 130.878 117.071 108.998 125.874 130.148 114.002 104.615 117.107 122.477 111.847 111.519 109.838 107.902 102.788 110.13 96.177 111.372 107.208 115.573 111.92 120.541 119.299 117.29 121.527 123.28 133.362 118.532 116.632 119.372 133.435 119.518 125.509 117.472 130.513 127.481 136.467 127.043 120.65 116.45 121.965 123.244 121.783 114.587 116.961 108.998 113.491 112.907 117.911 115.719 118.97 125.582 109.911 111.044 125.253 115.427 111.774 123.098 116.961 117.363 123.719 132.01 126.677 138.074 147.9 135.481 140.85 140.887 136.869 130.513 149.726 155.498 150.639 152.247 154.073 135.408 150.311 130.659 131.974 130.695 130.549 133.362 121.162 128.723 128.467 127.737 135.225 139.535 126.239 135.992 136.978 132.157 124.851 129.344 121.564 130.732 133.289 122.477 129.454 133.8 132.96 130.586 124.486 136.102 137.49 130.403 128.358 120.87 122.44 137.27 133.581 120.979 117.509 134.604 140.594 128.942 123.682 136.028 136.138 129.636 129.015 120.723 127.846 119.993 117.728 127.518 111.884 136.613 119.737 132.741 135.444 129.198 134.056 143.115 128.139 136.759 131.682 132.01 125.509 139.279 132.887 130.951 149.653 140.266 143.48
120.318 132.461 135.478 138.9 141.181 134.153 122.453 125.286 130.621 127.089 128.855 128.229 119.472 117.559 117.117 121.054 120.502 123.556 114.726 110.531 108.618 115.866 102.841 121.422 123.998 115.351 110.715 117.522 128.266 124.734 124.771 119.84 129.37 145.449 138.863 122.085 136.582 139.599 137.833 132.571 128.045 134.19 128.119 125.249 129.701 122.968 120.282 103.319 113.585 111.193 108.397 112.96 118.111 110.605 114.873 112.297 118.258 114.321 124.071 112.776 113.953 133.381 130.29 135.699 121.974 118.773 134.19 129.002 135.883 117.044 141.954 133.233 123.483 140.114 141.475 156.23 152.661 156.267 146.038 152.477 142.91 138.973 144.125 129.296 135.11 109.979 129.775 111.966 112.739 114.321 108.507 130.032 110.531 106.042 112.481 104.865 116.749 107.992 116.234 118.074 121.385 114.983 118.258 119.031 122.968 121.827 127.015 128.266 130.106 136.582 131.43 121.864 120.245 128.708 120.76 127.677 126.537 129.738 125.47 126.684 123.924 121.422 125.359 119.325 121.091 117.559 117.301 105.932 125.764 110.641 106.373 114.91 112.334 100.56 112.26 106.815 116.786 110.421 108.618 128.487 124.219 124.991 121.496 124.66 127.641 139.084 134.632 127.935 139.599 152.33
122.526 132.57 134.794 131.903 131.162 116.04 123.934 126.677 126.418 116.448 122.711 122.044 121.414 119.784 117.041 126.566 120.747 102.476 115.818 103.254 106.812 118.264 102.809 102.809 107.738 116.448 111.111 118.894 117.263 121.451 114.521 124.935 120.673 131.717 120.339 114.78 127.974 124.194 114.595 105.848 107.961 110.148 109.888 108.887 103.217 111.593 109.48 102.958 113.78 109.999 110.407 108.257 108.517 106.553 125.973 123.379 116.633 126.862 122.563 111.778 117.56 119.635 129.086 124.639 130.828 119.895 109.888 123.453 129.642 132.125 124.194 131.643 148.988 139.871 139.723 153.732 151.286 151.916 148.395 148.173 142.762 140.501 129.012 131.273 119.858 133.274 118.264 115.225 118.005 107.479 112.964 113.705 106.59 118.079 86.9098 102.772 101.623 113.668 85.4644 102.513 93.5068 96.7312 103.736 100.993 119.005 108.146 105.848 106.33 114.373 119.524 103.217 110.222 102.661 102.105 107.887 113.335 108.554 103.069 109.777 106.59 115.151 101.846 112.408 106.627 87.651 99.8443 93.5438 101.957 94.841 101.29 98.5472 110.666 105.033 105.737 96.7312 107.034 109.48 107.034 120.784 123.008 117.856 116.522 124.046 125.973 120.117 129.938 134.682 151.62 147.098 144.837
120.759 117.362 114.674 122.924 112.808 116.466 115.421 107.47 116.951 113.816 115.682 105.379 111.763 108.552 107.731 110.717 106.051 123.185 109.933 105.23 113.554 107.955 97.5403 116.279 112.248 110.045 114.712 116.055 106.238 107.992 109.56 110.381 101.012 111.128 105.865 102.43 116.391 116.765 110.456 109.784 108.179 110.381 118.818 116.13 112.547 114.002 103.662 108.216 121.58 121.692 105.715 104.707 111.091 106.089 106.761 108.963 111.539 107.096 99.2201 118.594 128.747 115.906 125.014 122.401 133.376 117.549 128.038 122.289 128.897 124.79 126.06 125.724 130.091 135.392 141.887 143.604 146.74 145.359 152.078 146.142 135.69 136.474 120.311 127.142 125.052 127.702 105.267 111.091 109.523 116.615 99.6307 115.16 95.6739 115.384 110.307 102.654 104.521 103.438 95.1513 99.4814 90.1119 84.5499 95.1886 93.9194 91.381 78.9879 101.049 100.9 90.1119 97.1297 99.8174 91.1571 88.1334 84.4752 104.595 87.3869 93.6581 93.0608 103.625 90.4105 100.601 100.527 86.1177 108.739 105.454 98.0629 93.9194 91.3437 96.2711 88.3201 105.865 94.2927 91.6423 102.617 103.737 102.393 95.2632 107.694 106.835 107.134 124.454 108.59 107.096 126.172 125.014 119.303 125.462 142.671 132.107 149.129
120.382 115.006 111.434 125.608 103.427 106.171 91.3958 108.427 98.539 102.411 100.607 106.885 98.5766 88.3129 98.3887 105.682 86.4707 89.6288 92.1853 98.6142 93.3884 96.4713 95.6442 103.727 104.93 110.683 103.915 109.066 120.683 118.954 98.1631 110.269 110.119 102.75 112.863 103.727 100.532 104.254 87.937 110.495 103.84 101.208 118.051 113.352 102.223 114.329 114.48 96.8472 108.84 106.547 91.4334 94.8922 100.268 93.5012 88.9521 89.8168 95.4938 85.7564 93.2004 93.6892 107.299 101.396 113.126 100.494 115.044 102.975 106.735 109.855 108.916 123.127 101.81 93.1628 125.683 124.443 138.203 130.232 132.263 140.421 137.188 137.188 137.037 137.263 130.27 116.172 109.818 108.728 101.998 88.4633 91.0199 90.3807 101.622 91.0199 90.6063 87.6362 90.5311 97.148 96.8472 96.9224 94.0651 109.818 88.3881 109.254 100.118 99.3662 91.1326 91.9973 88.2377 94.1403 101.998 84.7789 93.5012 84.9293 94.7419 86.6211 72.7858 89.704 76.2446 98.8022 82.0344 77.6733 95.6442 93.3508 109.442 114.329 102.787 102.487 98.1255 97.4864 95.8321 96.8472 101.246 94.6291 94.6667 97.7495 99.8173 95.7945 99.2534 105.87 103.088 98.8022 94.2531 105.382 105.419 116.961 123.164 126.097 130.496 123.089 138.767 136.586
113.741 90.2656 96.9674 88.2967 102.382 108.402 91.4015 100.413 105.222 79.1339 83.8667 89.8112 90.7578 79.2096 84.5861 85.1162 72.8486 92.1588 82.5794 84.8512 81.7843 85.7978 86.1007 97.2703 112.681 90.0384 93.1811 102.344 95.4528 107.493 95.3393 101.662 101.927 110.598 115.331 101.208 105.676 103.177 107.342 106.395 98.8227 102.495 101.132 104.123 109.614 117.413 104.161 88.1074 106.622 98.2547 98.444 87.123 83.0716 89.5841 90.6442 80.0426 80.762 80.0804 80.6105 96.3237 91.0607 102.23 88.0695 93.5218 93.2946 98.5198 86.5929 100.337 95.2635 96.6645 101.284 95.8315 95.7179 116.315 122.336 133.051 121.806 117.413 138.806 135.815 121.692 122.752 113.4 109.803 97.4596 100.186 94.1276 96.3616 96.1722 95.2635 81.7843 79.0581 87.8802 89.8491 80.0047 88.5618 84.5483 91.2879 91.6287 96.6266 95.3014 89.6219 109.917 102.23 98.8605 97.3839 96.8916 93.8626 104.426 89.319 96.4373 82.8066 99.7314 84.1696 85.722 90.8335 90.4928 95.2635 89.8112 86.7822 90.5685 90.4171 97.2703 112.567 101.094 88.1831 97.1945 97.6489 103.972 99.7692 101.057 89.2812 105.07 82.7687 101.17 84.359 90.0006 90.7957 98.179 90.1899 91.1743 87.1608 100.526 109.462 104.313 101.322 118.057 124.835 128.053 130.59
95.173 106.078 92.3895 91.8175 92.3513 86.4793 90.9405 94.4104 80.0353 85.4117 85.526 84.9922 87.3944 81.0648 83.162 82.5138 83.2764 78.5863 83.0094 103.447 93.419 101.731 93.8766 100.473 102.265 92.4657 94.2579 103.447 90.1779 90.8261 92.847 83.3908 90.9024 95.2874 99.6723 90.8643 101.274 83.2764 92.9233 101.274 76.3748 89.6441 77.5187 92.542 96.4313 89.0722 101.77 99.3673 101.388 106.269 99.9774 103.6 93.4571 94.0291 80.4547 86.4793 88.0426 97.9946 82.8188 88.5383 82.7425 78.8533 88.9196 101.922 88.157 86.7081 90.1398 86.5937 96.8126 94.9442 102.38 93.5715 103.714 105.011 125.486 130.825 127.012 130.596 139.557 131.587 125.486 115.992 112.217 114.047 103.867 93.4571 98.3378 98.3378 95.0586 89.7204 93.4953 89.4535 84.9922 86.4412 81.2173 82.3994 89.4153 85.7167 86.9369 92.0082 76.6798 83.6577 88.9196 87.9664 79.6159 89.606 71.5704 95.2492 100.359 96.355 97.7277 91.7794 86.7081 92.5801 97.5371 99.7867 104.782 97.4227 82.8951 98.1853 96.6219 84.1152 87.7757 92.0844 87.6995 90.5592 87.852 91.8938 88.8815 74.964 85.1447 92.5801 78.472 102.952 90.1398 98.4903 90.5974 100.816 86.8606 99.4436 96.7363 100.969 89.911 94.1816 103.562 111.76 124.419 109.472 118.547 125.258
109.125 93.3055 102.022 88.6978 92.0384 91.8464 93.6511 88.8898 97.606 94.1118 83.3606 94.7262 107.32 89.5809 85.2804 105.746 98.7195 102.29 95.3021 101.599 104.095 98.0283 92.7295 110.93 86.8163 85.3188 86.7779 82.823 75.7195 73.1469 74.9516 73.9148 64.8531 69.6911 80.404 78.9833 76.1803 63.0484 77.0634 74.6828 73.1085 85.4724 83.8981 77.2554 82.247 85.8564 91.616 87.3539 84.9349 97.7212 91.616 97.6828 111.621 97.222 78.5993 96.4157 90.0801 95.6861 88.3138 83.2838 96.646 92.9215 97.03 93.2671 99.7178 97.1068 85.3572 86.3172 91.232 84.1669 87.5459 101.753 105.669 107.167 116.497 135.965 127.901 131.703 124.638 127.978 115.077 114.693 116.075 100.102 124.407 102.598 104.441 99.3339 92.0384 101.906 97.9899 89.197 85.3188 95.7245 80.596 89.005 97.4908 95.2637 94.1502 96.3773 101.561 96.4157 79.828 98.9883 89.197 85.8948 81.3255 81.1335 78.4457 74.2988 72.3789 84.0133 83.591 74.6444 83.1302 88.2754 89.9649 71.4958 86.5475 75.4123 78.1001 79.636 76.7178 82.3238 82.3238 87.7379 92.8447 75.7963 88.5442 92 99.9482 94.8414 90.0417 95.6477 76.641 90.5409 92.5759 97.8748 88.8898 102.175 99.7946 102.482 106.86 89.6961 107.551 114.27 114.04 122.103 113.656 129.591
95.3465 100.412 94.4959 97.7437 88.7349 79.958 99.4836 99.0969 104.858 90.8614 90.7068 93.4906 90.7841 98.2077 95.3078 93.2973 91.1707 98.285 89.1215 82.0459 86.8403 87.227 82.5099 79.7647 84.7138 69.5573 79.1461 69.364 71.0652 66.1162 68.32 68.0107 57.4167 61.1285 51.2304 65.2656 57.4167 68.784 59.3112 55.0195 72.8824 67.0441 69.364 80.4993 67.3148 72.4571 85.5644 78.2181 81.1953 76.8649 87.0723 93.1426 92.7946 103.195 86.2217 92.2533 99.2903 95.2692 90.5134 93.0266 103.427 96.3904 91.6734 94.8052 98.1303 110.039 90.1654 94.9598 107.178 92.408 84.9458 101.803 107.1 111.431 133.315 132.464 126.278 128.675 129.642 125.427 130.995 120.71 116.921 116.109 120.053 112.05 99.8316 96.0811 105.747 102.151 100.798 100.644 102.422 98.0917 96.9317 101.378 94.9598 91.6347 87.4589 95.5011 83.7472 88.9282 74.9317 81.5046 77.7928 77.1742 74.429 80.4993 76.9036 82.9352 73.6557 70.6012 65.8455 70.9879 60.3165 81.7753 71.9545 60.7418 84.2498 87.2656 85.1777 78.3728 84.2885 86.3763 81.4273 86.3763 89.9721 92.2147 89.8561 84.1338 94.3025 99.7929 101.494 108.647 99.0969 98.4783 88.6189 101.919 99.5609 101.185 102.886 105.438 105.399 113.944 117.076 114.021 113.673 117.811 114.021 126.626
124.581 96.9395 104.687 104.453 86.3112 93.1243 82.6906 101.884 95.6548 97.9518 101.572 103.441 98.6915 97.0953 91.567 88.8418 87.0509 92.7739 93.4357 76.7341 79.8097 79.031 73.4638 61.979 64.1203 66.6508 59.9156 68.0134 57.1126 71.9066 57.2683 64.0035 64.1203 63.0302 72.6852 69.5707 58.2027 58.9034 52.4408 67.0012 59.2927 63.4584 62.8355 58.0859 53.2973 54.621 68.5584 71.4394 66.3783 72.9577 76.7341 69.1814 84.7929 89.854 90.3212 104.765 98.1854 88.1799 90.1265 91.4502 86.5838 100.794 83.7418 100.599 79.9265 86.0387 83.6639 98.6136 94.2922 109.359 111.578 108.814 119.247 112.785 116.483 126.995 130.304 124.153 132.562 128.202 125.515 116.911 113.992 111.461 116.678 123.296 101.105 120.143 108.658 104.025 97.0953 93.28 102.117 97.835 79.9654 82.6127 83.9753 87.4013 81.328 86.2334 81.6394 77.941 82.9631 68.792 70.4272 69.8043 78.0188 78.4471 66.6508 81.4059 66.9623 79.7318 83.0799 72.3737 69.5317 66.6508 75.4493 67.5462 73.6585 75.4883 80.4715 77.7074 83.8585 79.3036 70.6608 66.9623 71.8287 84.715 83.5082 95.9663 89.8151 91.567 96.706 99.3533 98.5747 98.8861 95.538 108.58 105.543 120.026 118.819 112.24 113.875 107.996 104.142 121.778 119.247 128.513 125.71 131.355
101.525 97.3303 98.5846 95.2527 101.642 90.4313 103.68 86.9818 90.4705 98.1142 86.3938 89.7649 89.0202 105.327 87.7658 91.7641 82.9444 82.3956 79.2989 87.3346 77.2606 63.2666 72.7135 71.3416 77.4565 65.7361 64.521 59.0724 60.7579 55.1917 62.0515 65.305 56.9948 64.3642 59.6604 53.1926 57.2692 63.0706 68.872 54.3293 64.9522 68.676 54.8389 66.2849 68.3625 71.028 57.7004 73.4975 61.4243 85.6491 64.7954 76.0062 84.6691 77.7309 89.5297 92.1952 84.5123 87.8834 77.6917 92.2344 100.153 90.9801 78.7893 89.8825 90.7057 72.3215 95.1743 90.1961 98.4278 100.427 96.3111 104.543 105.17 130.1 120.34 131.12 131.511 137.783 124.73 117.518 115.283 109.639 108.071 110.462 108.423 113.519 102.661 107.404 109.09 107.718 100.192 98.0358 93.92 90.7449 109.521 89.2161 94.7432 78.3973 66.9121 70.4008 74.595 71.7727 75.575 70.9888 70.244 70.3224 64.4034 75.379 75.183 63.8938 85.0219 75.771 81.102 75.2614 87.413 91.7249 84.1203 88.0794 73.9287 69.5776 66.9905 73.7327 72.9487 70.44 69.656 71.6551 75.6142 77.143 66.7945 73.3799 82.474 80.3572 90.8233 94.4296 96.0759 104.072 94.4296 103.994 109.678 112.383 104.974 108.659 113.402 107.992 109.795 122.809 116.459 121.908 128.807 126.847
99.5721 98.5855 103.4 98.4276 96.9279 82.2861 83.2333 80.4312 100.401 91.9552 89.5478 92.4288 82.0493 84.7725 73.0906 84.9698 87.7719 86.9826 81.4968 76.09 76.7215 79.3657 72.4197 72.1434 76.0111 64.7633 61.2509 66.8945 60.3432 50.0031 72.3802 69.1046 66.8156 50.7924 57.4622 45.1883 67.447 55.8441 50.3978 62.8295 67.447 63.8162 70.92 71.6304 69.1046 65.3948 61.4877 83.2333 75.5375 65.2764 73.6431 80.0366 81.6152 91.5606 83.9437 81.852 95.073 89.0348 92.3104 76.4452 86.5484 90.4161 88.8375 95.0336 102.177 85.2461 93.2971 103.992 83.2333 94.3627 104.426 100.006 103.795 109.675 118.674 125.777 134.736 129.527 121.831 121.673 115.122 116.779 106.479 105.689 109.044 92.6656 100.44 111.649 112.675 100.796 97.2831 101.743 106.794 93.376 84.0621 86.5879 77.9449 91.2054 74.9455 78.5764 70.3675 70.8805 71.3936 76.6425 82.3651 80.4312 73.2879 98.1908 81.2206 87.5351 83.9042 76.0111 85.0487 86.4695 83.4701 82.4045 80.6286 72.4197 71.1173 75.1034 92.3104 76.09 85.917 75.4191 75.8927 67.6838 77.1161 75.1034 64.8028 78.4185 76.1295 81.8915 89.311 99.0986 100.085 92.863 106.242 103.282 105.255 111.767 111.57 90.5739 100.046 97.954 104.15 128.935 94.6784 120.292 118.989 127.593
93.6107 93.6107 107.358 97.2264 103.107 93.8093 87.4123 90.0347 87.7699 85.1078 91.3062 91.028 74.4197 89.9155 94.4451 83.002 98.1402 91.2267 93.5312 100.405 75.0952 94.1272 91.9816 83.598 77.1613 72.9496 68.579 78.1943 77.0818 77.3997 78.5519 68.7379 54.7519 67.4664 64.2481 55.3876 60.1159 56.2618 57.4538 52.2487 58.3279 65.2414 64.0891 61.5065 78.7108 80.181 62.3012 79.7439 80.4591 86.1409 100.484 82.8033 86.9356 92.1803 86.8958 101.676 77.9559 87.3726 83.3199 75.5322 79.3068 83.5185 80.3399 90.1142 87.3329 95.0013 82.0484 105.133 82.1279 102.868 83.3199 100.365 101.08 110.02 121.106 132.231 127.821 136.403 126.43 134.377 107.12 117.291 105.809 113.08 103.345 115.623 109.742 95.6768 99.0938 95.1603 86.6177 86.2998 93.1736 89.399 87.7699 78.5519 101.16 90.9486 92.0214 85.6641 93.7299 95.6768 75.1349 83.5185 88.6838 84.8297 92.6571 89.0811 85.5449 79.6644 91.8227 84.7105 90.7102 82.6841 88.9619 72.8304 72.4331 80.8564 84.79 70.208 81.4524 90.3526 74.2608 86.8164 82.4457 85.386 80.3399 81.5319 92.9352 93.0147 81.8895 83.1212 91.187 95.9549 101.518 95.6768 91.0678 96.1139 99.4514 80.1015 96.988 110.537 110.298 110.179 110.378 108.471 105.769 109.385 113.636 133.542
93.04 92.44 87.8 88.04 92.92 85 103.72 84.32 85.36 78.8 83.4 86.4 82.72 74.12 85.84 83.68 86.64 78.32 81.32 88.76 85.72 87.28 95 95.96 89.84 68.32 69.12 81.64 79.28 62.28 63.68 83.84 87.92 69.8 70.92 73.88 75.84 72.28 59.92 77.12 72.24 79.52 77.96 73.8 78.56 88.24 77.52 73.28 86.32 85.76 86.84 81.92 77.92 72.4 77.72 87 86.92 94.08 90.92 82.48 90.36 88.88 85.12 85.68 85.44 73.56 90.68 94 92.84 107.48 103.16 88.8 109.32 105.48 104 128.8 120.76 134.48 118.68 121.28 116.56 118.48 100.68 110.64 102.76 104.24 104.68 84.16 81.52 83.48 90.12 92.2 89.44 88.6 96.72 89.6 95.16 98.84 91.32 86.16 89.08 90.12 79.12 69.4 87.36 90.64 83.48 81.64 74.6 80.32 85.56 83.72 97.28 90.68 77.96 98.12 82.04 90.48 87.4 92.6 84.36 78.36 88.16 89.8 78.28 85.44 88.84 87.68 78.64 86.56 94.64 94.32 103.12 90.72 92.24 92.28 94.72 97.36 96.48 89.8 89.44 94.04 87.32 96.64 108.36 111.92 115.08 115.64 124.48 125.4
