150.976 150.496 150.133 149.513 150.151 152.003 150.469 147.327 150.55 151.049 150.151 152.621 150.032 150.406 152.147 148.948 150.19 151.734 150.522 146.614 152.157 150.763 150.544 149.95 148.027 148.501 148.773 147.257 149.074 147.271 149.36 147.292 147.947 152.912 153.407 151.518 147.16 148.864 150.891 150.111 151.514 147.092 152.257 149.519 154.241 153.308 147.155 147.723 152.249 145.204 148.209 152.295 151.53 149.429 146.659 152.063 150.692 149.712 149.503 150.488 149.352 150.129 153.636 150.145 148.321 154.131 150.765 152.61 150.696 154.85 150.204 152.46 152.36 148.908 148.651 149.519 148.419 153.408 144.9 148.003 147.329 150.214 144.69 148.574 151.638 152.889 152.484 151.553 149.895 149.604 149.475 150.343 151.277 152.215 151.525 147.845 151.144 150.334 151.176 155.301 152.444 154.001 153.097 151.403 150.485 150.883 150.372 148.265 154.341 149.829 152.354 150.866 152.243 154.785 151.616 149.773 151.865 155.534 150.967 145.231 150.4 150.6 149.474 151.125 151.499 152.131 152.595 148.683 151.879 152.092 149.551 152.533 152.315 150.462 148.561 150.777 147.958 147.121 151.317 142.888 151.582 149.856 148.946 146.573 151.803 151.616 150.08 147.259 147.438 151.583
121.547 126.181 127.339 122.824 126.397 124.846 122.8 119.53 128.476 122.831 122.357 126.26 124.144 120.647 122.045 117.721 119.93 124.697 119.907 125.732 125.671 123.817 129.52 121.367 121.547 118.98 126.986 128.917 121.06 127.069 117.832 123.419 122.718 125.721 121.855 121.401 120.776 128.468 123.87 122.982 128.561 122.576 125.024 126.569 121.154 122.126 126.779 124.998 124.797 120.277 126.018 126.082 121.624 125.509 129.86 125.039 116.671 120.29 128.918 124.709 125.76 127.654 125.701 123.953 121.724 124.87 124.922 124.632 128.324 122.934 123.195 121.642 121.569 125.841 119.326 123.601 122.573 123.991 124.809 125.469 125.946 122.61 125.833 123.995 120.88 127.843 122.693 121.655 128.678 123.902 127.663 126.388 124.769 122.843 127.251 126.81 123.822 128.856 121.523 127.922 120.724 123.435 128.54 124.724 122.246 124.919 124.807 121.36 125.975 125.971 124.253 123.646 126.386 129.157 120.878 123.191 124.297 120.997 120.802 123.084 131.675 125.1 122.871 120.262 128.057 120.125 122.436 124.186 119.707 120.411 134.012 125.094 125.206 128.05 123.446 123.853 127.739 121.066 127.139 120.577 126.838 124.571 123.483 125.069 124.232 124.78 125.268 117.245 120.872 127.858
102.839 107.674 104.417 103.71 109.475 106.426 101.872 109.555 110.138 110.391 105.017 106.792 110.162 112.564 108.383 107.249 104.862 110.5 108.979 105.679 100.136 110.025 103.681 105.945 107.422 112.791 108.01 103.683 103.066 111.284 108.8 103.012 105.857 105.482 101.998 102.591 105.772 105.502 107.382 105.914 108.596 108.297 108.427 106.559 109.636 105.717 104.813 110.021 108.506 108.175 100.503 106.787 107.394 105.069 107.674 104.688 110.308 105.426 114.874 102.475 107.816 108.195 107.59 106.232 106.831 105.057 104.928 104.142 105.97 108.34 110.955 104.127 108.352 102.126 108.725 100.235 104.506 104.715 106.486 105.177 110.438 103.366 108.071 106.064 106.465 104.61 100.402 106.565 108.378 102.834 106.347 105.358 106.882 112.179 105.48 105.416 101.353 105.207 105.188 105.758 106.175 108.39 107.317 105.225 105.131 106.83 104.129 109.435 103.584 101.703 105.56 106.035 102.398 108.354 101.198 109.529 107.37 106.878 109.6 104.483 104.009 110.09 110.244 108.094 102.14 112.398 106.756 112.078 102.458 110.244 106.93 106.473 112.217 103.12 108.021 103.55 110.16 102.876 105.397 107.266 111.211 110.918 106.97 108.735 102.541 102.447 106.985 104.377 109.539 103.23
92.1487 94.5105 93.088 92.4129 93.0491 97.8173 94.5594 94.7056 96.1645 98.0206 96.0121 92.7135 94.2465 101.665 102.135 93.1098 91.1642 88.2902 97.412 91.1814 91.307 90.6393 96.3277 97.9839 97.1072 101.513 94.7668 93.4909 94.1566 95.1489 88.179 92.8645 90.1723 96.0191 94.6309 92.9452 97.5762 99.5182 91.3845 98.9248 97.9894 95.7754 94.5752 93.429 95.5331 87.0535 95.0811 89.6786 94.478 88.4195 92.9893 91.1284 95.6594 93.0369 95.8267 94.165 95.5545 95.9052 93.264 86.9968 89.7912 96.1333 94.0487 94.1164 92.7565 91.3645 88.2749 96.7731 102.653 96.6221 98.6839 97.2365 87.2698 89.4844 97.0871 90.1809 95.509 97.4709 89.8202 95.1576 94.0979 94.775 96.3277 96.9824 92.8374 95.2911 92.4607 97.4697 91.2966 94.1855 89.7503 99.1507 92.8352 91.3382 97.29 95.1121 93.4991 94.7354 96.6862 101.627 92.4898 95.3126 96.353 92.3634 92.4601 86.066 96.1563 92.1812 93.8921 87.3481 93.132 95.4259 98.6791 98.9919 96.062 89.375 93.8947 93.3501 92.3302 95.1011 91.2509 91.7836 96.5228 89.9111 93.3662 97.5323 96.21 94.5015 90.406 84.3875 95.3506 98.0566 94.5868 90.9019 93.3818 94.6431 100.935 96.5817 90.9037 94.6947 91.1982 87.6909 94.6685 92.5032 94.2331 100.308 93.874 98.8087 89.0792 94.0008
91.598 84.5528 82.493 84.1763 84.3503 86.1655 86.6817 88.1387 82.9205 88.7755 87.2939 85.4354 87.6552 84.8059 82.2376 87.5009 84.8037 90.6086 86.0277 88.3789 86.7261 83.1146 89.2357 84.6657 86.924 82.9048 84.1925 84.0477 84.2197 87.4999 88.7501 81.7764 89.1022 79.9305 84.0083 90.1297 88.6522 74.896 80.2258 81.1013 88.8414 80.3684 85.7535 85.9016 85.9087 79.2841 82.9015 83.4193 79.2968 85.2004 88.7673 85.5371 86.7269 83.8171 82.4317 82.148 84.4866 84.4186 86.284 90.4232 87.0384 88.2754 88.5162 86.4981 81.305 81.0544 84.3808 79.6816 86.6962 89.2496 84.1933 89.413 83.1346 87.8804 93.8932 85.8976 85.5102 77.1158 85.2512 85.068 86.4156 89.2103 84.4297 88.2328 90.052 91.3324 86.9271 86.1122 79.3435 88.8325 82.0209 85.1538 83.0633 82.7604 85.5863 89.9067 86.3403 83.899 83.5185 85.5802 83.2698 83.4654 94.4193 83.1757 89.9051 91.2994 87.5311 84.4203 79.5479 85.4146 85.7718 83.8325 82.6382 85.6167 88.2376 83.6478 91.5866 82.1919 84.9221 85.7058 83.7062 81.389 84.296 83.333 88.8478 85.2443 86.0924 87.0113 90.4135 87.3845 82.199 88.1603 83.2374 85.4323 87.0922 84.1413 86.3141 89.6974 86.2774 87.3847 85.1378 81.7381 85.7832 86.7611 86.8885 85.8179 88.16 79.6273 82.369 85.482
78.4634 82.7298 77.9376 77.4972 79.182 71.326 77.0915 82.0646 76.5175 75.5851 82.3744 74.1502 79.3589 84.5003 75.2178 77.1867 77.8058 80.4749 79.7124 81.536 72.4562 80.5616 75.9607 75.6741 81.8849 76.339 75.137 81.4712 81.5907 79.7913 73.1444 75.8102 73.9558 80.7022 73.6914 74.8999 78.8601 79.4172 79.1341 76.1265 78.3669 77.0043 82.5292 82.1714 79.8104 79.4716 81.0898 75.5716 77.6612 79.8798 77.101 73.9432 75.301 75.1327 81.7062 77.3593 74.0771 80.1675 79.689 78.8875 77.374 79.643 75.4828 83.9481 81.3444 79.3881 79.6371 77.98 77.3215 77.7389 82.6447 83.0013 77.9238 79.1086 80.2326 71.521 76.9063 77.4477 81.7264 86.5503 78.5905 76.9754 80.9332 74.227 75.7024 73.6484 84.9389 80.2683 81.0284 80.3054 77.5712 81.7396 81.4015 79.2923 76.2328 78.2032 78.2422 79.1802 76.8961 82.7464 79.7136 78.7828 79.4661 80.0877 81.618 72.1082 79.502 80.2001 77.8626 72.6438 79.3245 74.173 81.6294 76.6084 80.6205 78.6863 73.2958 81.7983 78.237 83.8455 79.627 78.9271 79.8291 78.417 75.8474 77.0979 77.663 77.581 82.1739 79.9753 77.9916 78.6402 78.921 78.0401 78.3844 74.6327 79.8936 77.6345 73.3398 82.9269 76.0648 73.345 81.6159 79.4685 80.4762 77.2552 74.1945 79.5075 80.9261 81.0732
72.0605 70.1356 72.9835 73.2445 73.4817 72.4261 76.657 67.6703 73.2488 79.5903 71.5284 71.952 66.4131 70.2182 73.8985 75.6576 69.9957 72.4052 69.0626 74.0424 75.5851 70.7824 74.6308 72.681 79.0178 70.2193 74.2464 74.333 74.4264 73.1713 72.0162 75.2412 74.7353 69.9319 72.7452 74.2183 69.6766 70.1904 74.2912 70.1241 73.5311 71.0337 70.9374 77.0305 70.455 75.0692 73.887 77.1639 69.1741 74.9913 68.9736 70.1432 72.9345 76.9955 72.9525 72.8815 79.1818 71.2251 74.536 69.1218 75.0313 76.145 69.7895 77.3557 69.9236 73.2705 73.4331 68.1494 68.3982 68.6062 73.2402 73.936 75.2441 78.1705 75.2614 74.1898 75.4784 73.7878 74.2641 75.5858 72.8739 72.7463 76.3264 68.683 64.4164 75.5307 75.0757 76.7972 80.3781 73.861 71.1559 73.8899 71.4873 71.1094 75.6861 74.2176 76.1984 74.4285 70.0101 71.113 65.4227 75.2325 74.4256 71.9935 68.095 67.8368 74.8904 76.1414 73.7749 73.0408 71.8244 78.8887 70.7968 73.3404 75.8588 73.1133 72.5891 72.2361 71.3445 73.3437 71.5201 71.0827 73.4497 76.0585 72.6943 71.2922 72.6341 71.8709 75.5444 76.8863 70.3483 72.8144 72.2783 72.2109 75.9413 70.2856 73.1771 70.3444 67.8808 70.3678 70.37 70.9154 71.643 78.5664 72.4146 73.415 72.2455 67.4006 71.1065 77.8695
70.8418 67.0085 68.3667 66.4099 70.547 65.6515 71.3207 67.6224 73.4232 69.8603 66.1917 65.2906 66.0328 69.1735 68.4934 66.9762 70.2651 71.4552 66.4153 72.3308 66.0849 72.8871 66.8243 69.0617 68.0612 64.7181 71.1845 65.784 71.627 65.8477 61.2801 65.4574 69.5659 65.6192 71.0864 73.4725 68.0438 65.6834 69.3726 72.1445 64.5988 67.9685 70.1215 66.7709 69.8896 70.3636 65.7501 69.8234 65.2218 70.8637 71.1874 71.3203 69.0932 69.2998 72.5804 66.4472 66.2182 68.3683 65.89 68.1125 69.4285 71.9147 68.5252 69.5216 67.7996 66.6314 66.0518 67.3268 68.0645 71.2648 73.5664 67.1099 68.7744 67.7474 66.8491 68.9019 65.1299 65.5886 70.2043 74.0098 69.8901 69.6645 63.9903 62.3841 67.4543 65.892 65.0037 70.3487 66.5589 70.1463 70.9974 62.7555 68.0392 67.8687 70.7056 69.2021 76.3561 67.35 69.0642 63.6649 70.5147 69.7737 66.1454 68.6631 60.2961 66.5088 70.8223 69.8085 70.5656 65.1531 67.0623 68.7753 63.4497 67.8112 70.0697 64.478 70.4208 58.9723 70.1235 67.9871 71.1758 71.9814 63.299 64.9163 66.4025 66.2071 65.6238 67.7337 67.824 65.6731 73.4588 69.7572 71.9992 72.1577 66.847 64.6427 72.7145 68.2338 67.3504 68.5012 67.1314 74.0984 69.7005 66.5159 70.7354 72.2658 70.5404 68.6217 71.062 63.7444
67.2082 64.782 59.5829 63.5379 60.9864 67.6943 66.8007 69.3105 63.3981 70.1466 69.4568 57.1193 68.4323 66.4263 62.1446 64.2642 67.8177 60.6499 62.9064 65.6616 61.9184 66.1659 65.3606 65.957 61.5692 60.1175 66.2786 64.7414 64.6002 67.4022 64.5853 66.345 63.6383 63.1607 60.6382 62.2325 68.1514 65.8187 67.0872 64.0104 65.5574 59.1655 63.9744 67.927 66.3964 55.0081 66.2403 65.1115 68.4388 63.4827 64.3693 64.7587 65.083 67.182 63.0878 58.1831 64.3539 59.5637 65.9678 65.4434 66.5964 66.6572 68.2799 62.8461 65.2148 62.9195 61.9787 61.4505 73.5403 62.683 60.3447 64.8909 65.865 66.5936 66.8614 66.0823 61.6407 62.3371 66.7399 66 61.824 61.2112 62.5961 63.2532 63.5556 72.7995 67.1437 71.503 65.0227 67.1021 66.8932 64.295 67.7906 64.3969 63.3673 65.1938 67.9551 66.7974 67.2853 66.552 60.7205 69.3867 64.3343 69.8597 64.1436 66.8731 65.8173 64.7124 63.1574 67.7677 63.3518 64.3731 64.6946 66.5712 69.4077 67.4157 63.6505 65.8589 68.4187 65.6158 67.799 62.3703 65.3452 59.4268 66.7058 67.7621 61.9226 65.4392 63.6552 65.6397 68.9375 65.85 57.7675 64.4091 61.0757 60.6658 65.1414 62.2988 66.6015 71.5717 69.8307 67.4671 67.7177 60.01 64.6156 67.1358 68.8927 69.3376 62.9195 65.7317
67.9792 60.0843 61.8264 64.0919 59.853 59.0395 62.5446 60.9644 59.1541 62.656 65.2658 63.6976 57.2443 61.5915 63.4315 61.0394 56.6694 64.8299 61.7321 64.1367 62.1571 62.1347 61.1118 63.3768 59.0088 56.4912 63.3596 62.743 66.1017 65.3527 67.5328 60.2103 62.3154 60.9139 62.5274 62.2784 65.8985 70.379 62.4628 58.8875 62.6977 65.5809 61.3483 60.0119 64.5918 63.6143 62.0008 63.2299 58.5422 63.2575 62.6352 63.9867 62.8695 61.4451 62.8878 62.782 62.757 55.8053 66.1907 60.3889 63.0169 66.3699 58.838 59.5249 59.6338 65.3168 63.47 55.3595 56.6912 62.0264 60.8118 60.0421 66.6261 64.7934 66.7152 64.5658 60.5546 61.5238 64.2231 64.6111 62.8169 62.5138 60.1348 63.3549 56.9735 64.9184 61.9212 67.112 65.5585 65.3132 59.401 63.7471 58.3505 61.4087 64.3174 58.2016 62.0206 60.4556 62.7737 60.8702 56.3579 58.9067 62.731 60.1436 59.1234 61.5988 62.4362 58.6625 60.4264 60.1853 58.1823 61.7269 66.123 62.5394 61.0269 57.5162 61.9014 61.0248 61.7967 65.1533 53.8836 61.1035 62.1868 63.606 65.3262 61.7232 64.8007 60.7519 62.7117 67.862 63.3659 62.9753 64.445 65.9204 59.8405 59.1812 60.0754 61.7962 63.1643 60.2775 60.653 56.3355 59.6609 65.3595 60.8426 61.0603 52.7248 63.3643 58.3578 64.119
55.3665 58.5931 56.0498 62.5742 59.1937 57.8047 55.8603 58.8693 58.391 55.8804 64.3761 57.3642 63.1157 56.7826 55.8758 60.8423 60.3606 60.3278 57.4728 57.157 59.0599 62.1952 58.8113 61.3953 52.6435 61.6589 63.7342 55.463 63.6337 59.9977 60.3313 57.111 61.1082 58.8297 58.7671 60.7241 58.1676 58.7786 59.3275 60.1573 60.1521 58.2354 58.5512 60.4065 56.6792 59.9902 62.0184 61.2719 56.4219 61.6595 59.1685 56.9008 59.1392 60.778 59.0766 57.0863 59.6491 55.4182 59.7668 61.478 61.5383 59.5383 60.8435 63.1042 58.9009 61.5929 61.7324 57.5417 59.9833 67.4018 58.2549 54.4713 58.9204 59.7031 53.974 60.5076 58.7723 59.2632 60.0252 57.1512 59.3402 61.0456 64.1832 62.8843 61.8541 60.894 61.8886 60.2136 58.6362 51.9619 61.4074 61.7002 56.3783 57.2488 56.0952 62.6529 53.7845 62.3916 60.6798 64.3951 59.2569 57.2081 58.9164 58.7189 56.3657 54.9749 58.5563 57.4142 59.3763 62.2618 62.754 55.4791 63.7388 57.3447 57.6313 60.8676 59.8449 56.8331 60.1843 57.4469 60.1613 57.8254 62.901 57.6152 58.0011 58.8331 56.3289 53.1121 62.3135 59.8013 56.5018 57.73 62.5375 53.9585 56.3444 51.951 61.4855 61.9558 53.3108 52.063 57.2339 55.3803 58.8865 58.6511 59.0444 53.7569 57.4136 65.8548 63.7204 59.7151
55.8509 55.9337 53.8525 58.3075 55.0299 57.7728 50.9144 56.2011 53.1683 53.0867 54.6094 52.9712 55.1316 54.969 62.3151 57.5782 58.2316 52.2814 57.1457 51.0418 55.704 55.8817 58.4751 54.1518 61.1878 57.865 55.0268 52.6624 53.9228 57.2637 60.5966 55.7097 58.1858 52.6681 57.5769 58.2121 55.2534 57.2606 54.917 58.804 55.2076 54.2542 54.6157 58.0678 52.9932 53.8129 53.9422 58.2228 55.7247 59.5032 60.2281 57.3403 60.2376 59.0362 54.578 56.2564 54.1713 61.1527 57.6366 54.7939 57.5154 55.3977 57.3146 52.3737 57.6303 57.5292 53.3974 60.2507 57.169 61.737 60.1126 55.3651 52.9373 57.951 55.9294 57.078 57.3359 53.8041 57.8826 58.7463 57.9592 56.3536 64.328 58.4682 56.8777 58.15 58.5554 56.5438 51.9469 57.1012 56.2664 56.8413 61.1677 59.3136 57.1916 57.8726 56.9694 58.8184 59.8848 54.2956 55.0048 56.3204 54.1588 56.7591 54.8467 57.0817 54.568 65.4408 56.621 52.4101 57.3679 54.6351 54.6138 59.7517 58.0866 54.8297 50.3094 53.6416 56.7145 60.2595 55.2119 50.6433 59.1297 55.1969 57.7677 57.7816 59.689 57.0943 57.7244 56.471 58.6414 57.3403 56.0455 60.3148 59.5842 56.8269 61.1106 54.8812 55.9187 59.4831 56.3103 54.1349 54.5636 50.6389 60.8577 55.045 60.3298 52.8137 59.5647 56.8909
52.6034 51.8931 54.5581 56.2996 52.9835 50.5221 51.3707 58.1766 53.3117 57.3675 51.2644 55.0519 56.7852 53.2504 53.6645 58.0166 55.0594 54.9143 59.0341 50.8095 54.4001 52.9474 53.3274 54.2741 56.2206 50.6303 55.9114 53.719 53.153 52.5803 58.7985 55.4844 55.4864 56.4358 55.9393 59.8752 54.5744 57.2436 54.8298 52.0463 53.6019 53.2736 52.3759 52.1594 51.8134 52.6811 54.4355 54.8394 57.704 58.1494 54.3626 57.2715 56.4631 51.6853 54.1324 52.9909 50.6297 53.0522 57.183 56.7736 53.0087 58.4177 56.2356 57.2742 52.0293 54.1992 51.8733 51.9326 52.6552 54.4634 54.6037 54.9647 58.3551 50.4287 54.0739 53.1898 60.3799 59.3869 53.4561 50.6664 54.1243 50.9184 50.6474 57.234 52.882 49.4895 53.3506 54.6487 47.2883 54.1311 53.8661 53.4125 60.8744 53.8546 50.5003 51.4102 56.8642 51.274 56.3262 57.2184 55.4367 51.671 55.7234 55.3352 53.354 54.5377 57.5541 49.7981 49.4882 57.7605 58.8005 51.0077 50.6521 52.3262 54.0023 54.3776 57.9607 55.5123 55.9904 58.509 57.3839 53.0754 56.0449 57.0413 56.286 54.7427 50.9409 50.4165 52.694 52.2622 49.9472 51.8134 52.0994 49.6578 56.7689 55.9536 57.9281 55.9843 51.4987 54.7454 53.5358 51.4939 57.5351 60.3179 49.1851 55.1956 56.711 53.7429 51.4524 54.3333
51.2576 51.3171 49.605 49.1746 57.929 50.8727 49.8841 53.7255 57.3238 50.6009 50.6751 54.3226 50.7214 52.9535 49.6872 58.2764 54.6164 49.0387 47.6813 55.4347 54.1574 55.3744 52.1808 56.0796 50.9043 52.0611 49.9744 55.7028 52.5598 50.0567 52.2176 49.049 51.32 54.4761 52.1595 57.3598 52.8096 51.9774 50.8095 52.4849 49.2531 49.9494 51.9678 48.9351 51.1254 52.8088 53.2495 58.4072 51.6065 54.709 51.2774 55.5155 54.2301 56.6833 48.4929 52.5885 48.7236 53.7703 54.5628 54.0949 50.9675 51.1944 50.23 51.641 55.4567 56.2235 48.9248 55.1761 55.5661 57.0182 50.786 52.4842 50.4761 53.3928 52.3983 51.7137 48.0236 56.0281 60.6026 58.8787 54.7501 54.2918 54.6664 53.2385 56.3469 51.5697 52.9873 60.4175 49.8371 49.9113 58.8604 55.5037 53.5367 55.0836 49.3685 51.3949 59.4377 50.3901 53.749 52.7449 56.0017 50.0611 52.2962 56.1985 49.8988 53.8731 53.8459 51.7166 53.3245 53.475 52.9697 52.2712 49.9472 48.2542 50.194 51.7916 50.3769 56.3939 51.2187 55.8026 55.9356 54.9991 50.551 55.5588 56.0193 51.0615 54.3006 49.4257 50.0839 52.2323 51.2084 53.89 49.7232 52.2668 51.6645 59.329 48.8279 56.6378 54.4622 47.934 55.8137 50.4827 49.9223 53.5845 53.2987 49.8297 49.7768 56.2162 50.5627 54.1052
50.6475 51.8687 54.5768 50.4395 52.2225 58.2919 47.5698 45.1565 56.9815 48.0064 54.2183 48.5571 52.5408 46.9892 46.8087 48.5997 51.797 51.2597 55.4609 49.1977 50.5718 48.6422 47.1475 49.5806 50.8673 50.7452 51.9727 50.3859 58.3297 51.6938 48.082 55.3159 51.3416 51.5441 47.8567 48.0111 50.0754 49.7043 52.332 54.8384 52.8852 53.5139 50.2968 49.204 51.2014 50.0715 55.973 50.7562 46.3895 47.6234 52.0279 51.381 48.9889 56.3772 48.9156 54.7344 49.0669 47.5872 47.885 49.8658 51.7049 55.2844 51.0131 51.4677 52.7465 54.2861 49.8658 51.8435 50.8964 47.5147 51.1659 49.8982 53.198 54.3034 55.0961 48.0237 46.9687 47.8086 48.9865 49.1741 48.6335 54.0048 49.1063 51.0769 54.2199 50.0841 51.6647 53.6274 51.9192 50.7664 52.8915 49.1299 46.6976 52.3864 50.0841 47.8535 53.0995 46.2737 49.7492 51.2282 51.1155 53.053 49.2844 49.4687 55.1031 50.14 51.1108 54.9495 54.6509 54.1364 54.4334 47.8677 53.2358 51.4244 48.7966 49.1827 49.323 47.1483 53.9488 51.9499 52.8442 53.5896 44.9453 50.1432 51.5622 54.0395 50.8452 48.9345 50.5348 51.1431 51.9066 52.4486 53.365 49.475 51.3771 51.1147 52.6622 52.9411 49.7674 49.1544 47.4548 52.0704 50.6546 56.7326 51.7206 49.2292 46.6622 45.7411 55.5885 55.0787
50.0102 50.441 46.0374 50.9046 47.0445 44.4767 51.5154 46.0963 50.3451 46.0475 43.6581 49.248 45.7892 50.9938 48.0028 53.0525 51.1679 51.3606 48.4916 54.4761 50.4435 49.412 48.9442 53.8291 52.0724 46.5254 51.7156 48.1475 46.2965 48.1912 47.7092 51.4035 45.4863 46.1998 49.0856 49.3994 50.7414 45.1927 44.9681 51.6593 47.8286 46.9343 44.9639 49.3085 47.4281 50.1987 49.5559 49.9749 49.3262 51.1923 48.739 46.9074 50.1003 49.9454 48.3107 49.8234 51.4817 51.4035 43.9349 48.3149 50.971 49.7368 45.8952 46.7559 54.0007 45.0312 48.9989 44.8107 48.7322 49.6215 50.897 47.2195 49.9227 50.3678 43.2652 52.7379 52.0572 53.0407 53.8922 50.4906 51.369 53.2149 49.0486 52.1893 52.3912 48.3974 49.1765 41.4353 55.5421 44.7047 46.0542 54.7302 49.3641 48.3805 47.5703 50.1726 47.1337 48.0314 51.7139 50.8726 46.2873 48.3006 47.2338 51.0484 50.9508 51.1275 45.9844 46.2368 48.4882 52.6655 48.0364 52.8489 50.8499 52.3138 48.1467 45.3988 51.1208 48.3595 49.3304 44.8713 46.2755 47.0159 47.8581 46.994 48.484 43.7809 47.3322 47.832 50.3064 47.1 49.2009 47.5165 48.8879 47.901 53.3049 44.4927 46.2074 50.0464 52.4005 48.5833 47.2355 47.2422 51.8763 50.3249 47.3937 53.6086 47.8303 55.9131 56.2816 48.7911
51.7818 44.8268 46.449 49.8635 48.1733 45.8209 47.3358 48.5831 50.8343 45.1883 47.232 45.6348 47.9505 46.2352 50.9363 48.2654 46.194 48.1509 48.4318 45.6393 46.1198 49.7704 46.4643 47.8923 52.8591 46.0473 47.8207 43.5446 44.0278 48.4408 47.3885 43.8524 48.3871 50.0755 46.7694 45.0666 45.2026 52.2883 44.8385 48.0167 45.3986 47.9057 52.3903 49.7373 50.4764 50.4531 46.9286 51.3729 45.6464 48.4864 48.5822 47.461 49.5396 47.3787 49.9064 46.3175 52.8815 54.9976 48.9284 43.3084 49.4053 50.3287 45.1463 48.4193 45.3709 52.1514 48.5687 49.23 47.6087 54.1199 50.6294 45.1337 47.5147 43.5115 49.2559 49.4519 49.9995 49.2049 51.4114 48.3021 49.3937 49.2201 51.5072 48.3468 42.156 51.0481 50.0782 45.8129 44.6837 48.788 42.4638 48.9785 46.0097 47.9916 45.8352 51.1671 46.9018 43.8149 50.0612 47.8825 49.1217 49.6228 44.8904 47.8798 51.1761 51.0705 50.4612 43.703 48.0632 52.0673 47.8386 48.5535 48.8685 47.6507 43.9544 45.4102 45.8442 50.998 46.9716 45.999 46.1511 48.1339 46.05 44.2094 46.5072 45.1203 49.0403 48.6162 44.4627 49.3347 47.0065 46.254 48.8846 45.6115 46.8195 50.9148 48.2484 49.8876 46.2334 50.3368 45.8836 48.6725 47.9344 45.4272 50.6849 49.2506 47.4449 47.4655 48.2404 48.1903
48.112 45.2712 48.4097 48.8061 47.8456 46.208 45.6941 45.056 49.6282 43.592 47.4464 44.3733 48.4486 48.5709 50.7328 50.6712 45.1413 44.6653 45.9378 42.2617 49.2385 43.4564 49.1389 41.4377 50.8864 40.7304 45.9283 44.6303 47.8437 46.1711 50.5868 47.8778 47.1505 45.1091 45.1878 51.4354 48.5842 46.6983 42.1839 44.3183 46.3958 49.3001 47.6957 45.5092 46.5503 40.7825 50.2236 45.9388 52.8909 48.2021 45.5073 47.727 41.5335 41.9365 46.191 45.1783 44.2861 49.9041 46.062 48.9407 46.3664 46.557 47.1998 47.1401 43.1805 46.4062 45.129 48.5491 48.8762 48.5814 47.7024 49.4992 43.5 50.0131 50.729 50.1127 48.2305 44.4605 56.5831 49.3285 48.771 46.923 51.6781 44.8531 46.6309 48.9948 43.8802 47.4815 49.3029 41.0897 47.0614 48.3566 47.27 44.5478 50.4929 45.1849 49.1635 49.6139 46.3427 46.8784 45.239 49.6756 46.5001 47.9451 47.3241 45.9805 44.3505 50.9736 50.5062 49.4271 41.7582 45.6164 46.9581 49.2678 46.3019 50.565 45.586 47.8949 44.0832 42.3831 42.6173 45.4647 44.1979 52.1911 40.7427 45.4874 47.3506 48.8848 50.9869 42.5101 41.4273 46.7874 51.9749 44.0936 49.467 44.1438 46.7675 45.4097 45.1413 50.9471 48.4941 47.0235 46.4091 48.4894 46.2886 42.5186 49.3958 50.6484 49.1929 46.1786
42.5184 44.747 46.5128 44.9162 51.2114 41.4166 47.912 44.5607 41.1392 44.4405 47.3772 45.2638 47.9411 50.2478 40.1015 40.3599 44.763 43.5881 47.0437 44.3643 43.9747 47.6516 42.8569 41.4507 43.6452 43.1875 43.3407 49.4796 47.7678 44.0929 46.026 47.892 45.3499 44.3433 45.6063 43.2816 47.1809 48.1264 46.1482 44.156 43.4759 45.6484 46.3315 45.0775 49.5206 45.1446 47.1849 46.031 45.8768 46.658 44.5426 50.8017 44.5286 45.5693 48.9908 44.784 42.1518 45.1346 46.9315 52.4123 46.9195 43.3467 45.6775 46.8223 43.7383 46.4797 45.3449 45.7376 48.8616 45.7776 46.2924 46.9695 46.044 44.9142 47.7027 48.3488 46.7682 46.4777 41.5588 43.9787 44.7059 44.1891 44.9783 46.8774 43.7233 47.4774 43.4409 46.8664 41.0971 42.8479 44.5296 42.4172 45.4271 50.1076 46.2023 46.1142 47.3582 45.4561 45.6955 48.0743 40.0063 43.533 45.5062 43.4729 46.9585 44.3213 45.1416 43.9637 40.5883 47.0597 45.1596 46.8554 44.3894 47.0487 47.908 46.2884 46.5098 45.6785 50.3349 45.3179 49.6088 39.2601 47.0126 45.0084 42.9811 44.8101 41.1392 46.2754 48.0192 44.5016 44.6017 41.5919 45.3179 48.0763 44.6418 43.5911 46.2053 47.3922 47.3652 44.0959 46.1953 45.3599 47.7808 47.3491 44.8411 44.5086 46.1362 49.8672 43.9857 40.9729
46.796 41.5462 46.624 44.3304 42.4176 41.9418 38.1595 46.4974 44.6311 42.0368 45.1196 43.4241 48.5073 38.5256 42.9293 43.6868 44.8189 43.0907 45.4941 47.7972 45.2335 46.9068 43.0981 44.7419 42.3406 43.901 48.2847 48.8006 42.9726 46.5871 40.9026 44.2397 42.0494 46.1619 40.2411 44.265 45.6471 45.1259 42.3976 46.3423 47.5345 45.7874 43.9822 43.153 39.012 43.1889 43.8409 40.6979 42.3522 43.4906 46.1071 49.6467 43.7512 49.9601 45.8328 43.1614 48.463 44.8442 44.2154 45.4962 42.4514 41.9682 46.5491 50.4253 45.1449 47.1663 43.1414 41.4407 45.0067 45.7146 48.1623 46.0828 45.3854 46.6262 44.7482 49.7111 45.3759 48.2963 45.0921 41.3563 44.0181 43.5729 45.4909 41.9998 42.3248 44.4391 45.1101 43.6995 42.9631 48.924 40.4669 44.5214 43.7132 44.4412 47.9724 43.8335 44.1943 42.1032 45.3401 48.1865 48.5632 46.2284 45.7737 51.6861 40.9332 43.5222 46.6346 42.7426 39.7874 43.076 42.4957 45.0531 46.5966 44.7039 46.4542 44.9518 43.7744 44.1447 44.2692 41.064 46.2358 47.4913 41.6316 42.9905 47.352 44.0761 45.2325 47.8605 44.4285 42.1971 49.1245 43.8388 42.7869 44.0266 45.7336 42.9715 42.9314 43.3745 46.0881 44.8727 44.4475 44.0645 46.9005 40.1957 43.9632 43.134 40.4342 49.7385 44.9096 45.8918
47.3909 41.7788 43.5734 46.4066 44.7938 44.315 38.3814 42.9416 44.1332 42.3696 40.7258 45.143 44.438 42.6479 42.8418 38.9101 42.097 43.0037 43.5313 43.4925 43.8572 42.077 45.7593 42.1391 44.6863 44.9435 44.4513 37.7119 43.222 39.5918 42.9627 44.0988 45.6485 44.0877 43.3085 44.2274 42.3608 44.5666 45.6097 39.6584 42.9305 48.2267 43.9115 44.4447 42.005 44.4203 43.3229 44.3937 41.4341 42.8984 46.8024 45.715 41.9329 44.7606 41.6979 43.8184 44.816 41.1248 41.6381 46.3047 44.7306 45.542 37.6809 36.2332 43.7463 46.7314 45.889 35.1192 42.9083 43.8993 48.5692 43.4803 41.0339 41.8719 47.3311 45.5642 38.7672 46.0586 41.198 41.8609 44.8892 43.6189 45.0987 45.4456 44.9734 47.4597 41.6303 43.5213 44.3604 44.2496 42.3962 44.3028 45.3414 43.3406 37.8028 48.5182 44.3438 43.7497 44.7528 44.939 41.7943 45.0621 40.0552 44.7894 43.2952 41.5826 40.7857 45.7371 43.6654 47.8942 38.5421 49.3518 45.6141 46.3047 40.4564 43.0912 44.6542 41.9839 45.0111 41.6913 39.6273 42.5802 42.3242 42.516 38.8824 38.0311 40.6803 44.4613 41.8331 46.9786 42.1513 44.5212 42.3009 41.2235 44.2407 43.2121 42.2832 41.668 40.135 46.1639 44.9069 39.9188 44.9568 47.2258 41.3354 42.4184 41.586 40.1372 45.4534 43.7729
45.3946 43.3067 40.9469 37.9412 42.835 44.3524 46.0546 41.7324 40.847 40.4566 43.9527 42.2831 37.6112 40.1174 40.7332 40.7471 40.818 41.0748 45.0821 40.6669 42.7107 41.737 44.6673 46.6634 39.7363 42.6805 39.2285 43.3393 40.4218 41.5232 41.7173 42.9698 39.4865 39.3459 43.1557 42.9349 41.7893 44.9426 40.538 42.6805 38.6302 45.792 44.8404 40.0174 40.1301 44.2025 43.6042 43.1836 43.0836 39.2006 45.6212 41.9589 49.704 42.6642 44.6661 40.3869 43.244 42.3726 44.8741 45.7153 46.7877 40.7285 42.5945 42.6712 48.4318 40.2463 41.2072 44.7149 40.8923 46.1487 45.0379 47.3187 42.0914 43.1266 40.8482 42.5898 43.3567 44.5337 36.5922 44.6255 44.5883 45.3667 44.5151 43.208 41.2723 43.5786 48.0193 46.1975 44.2513 41.8428 47.7207 45.7083 42.885 46.1847 42.9128 43.1766 43.0255 43.6855 44.1398 41.1294 46.2556 38.1515 47.1049 44.6266 44.9601 46.8818 44.5964 43.2568 38.6244 45.7931 39.5376 43.6692 39.024 40.2428 40.9063 43.1092 37.9481 42.6816 40.66 38.7766 42.8733 42.1135 37.667 43.5368 43.4217 41.9729 41.3815 39.2529 41.1433 38.349 40.3021 42.9953 42.9407 39.4748 45.8129 38.8288 39.5794 41.1956 40.4102 40.5763 40.0569 45.024 42.3644 43.6704 37.6193 40.323 43.919 42.7258 43.4845 39.2645
41.9048 39.755 39.9603 40.8548 39.4098 45.0573 44.4363 41.2085 39.5155 42.9804 45.1728 39.202 42.8042 41.4965 41.2522 38.4874 39.9871 38.903 41.7991 40.7308 37.2855 46.8098 40.3808 42.1965 40.5874 41.0699 39.3089 40.5242 37.1749 42.5587 39.1959 39.6893 38.0146 43.9927 40.1524 38.0061 38.124 41.7626 41.3531 45.8157 35.4406 43.2477 44.1106 42.4104 43.7108 40.0491 37.5808 37.2283 39.8303 44.6733 44.1616 43.1323 41.3142 43.2368 43.3036 41.4953 44.886 42.7118 42.3205 43.4094 38.2784 41.5986 44.2528 43.334 45.9554 39.3794 38.8313 40.3772 42.7677 41.979 44.3877 43.8724 42.8613 43.3267 39.93 43.1772 40.0381 41.6265 39.2421 40.5072 40.6324 37.0825 38.2298 46.0721 41.1902 40.19 44.4594 42.4238 38.2054 43.9198 36.6158 40.6543 41.4211 44.7778 40.2544 43.8627 40.5036 42.4541 41.8635 36.7495 40.8098 40.5534 43.3243 48.8187 44.3026 37.4823 41.9814 37.8554 41.3737 40.1183 42.7616 45.1886 42.1916 41.6922 43.1736 42.8066 41.6715 39.2834 38.6515 43.2477 39.0331 45.044 38.5688 46.9617 40.8293 43.0083 39.8753 43.1104 44.8325 35.9972 44.3452 41.7626 38.4497 40.4234 39.7853 41.5208 41.0772 38.4692 35.9839 36.9853 41.5463 36.8516 35.1295 43.6524 44.4302 43.6075 37.3183 40.2593 41.9389 40.3845
40.1044 34.7351 40.0232 41.4366 39.2797 41.0255 34.9661 39.9179 37.506 43.3434 43.0313 35.6677 38.5604 38.9321 36.9605 42.0379 38.3256 39.0704 42.8867 39.4383 39.8215 44.0095 42.2054 41.7639 40.5459 42.8689 43.4602 41.1524 39.0996 37.2561 37.2929 42.3056 41.0623 37.4845 40.1653 44.0514 38.4893 43.7634 43.4754 42.4008 41.2501 41.2691 40.5878 43.9182 39.281 43.0605 40.4292 38.7684 41.5913 41.5571 41.481 39.9826 44.2874 39.2556 41.1105 37.284 39.4053 39.1173 44.4041 44.2722 43.0859 39.5271 37.723 41.3515 40.9291 38.0376 34.5093 45.8022 43.1493 43.0618 40.5193 40.4355 40.792 42.4224 41.4429 46.3897 41.1752 42.2739 41.3224 38.7469 37.4718 39.3191 42.808 42.3919 41.0915 40.7806 43.0542 41.0306 40.6284 38.5819 37.1698 41.4074 40.7235 40.7032 44.6972 43.7862 42.8296 39.4903 40.9189 41.6598 41.434 43.3409 41.0712 44.2658 40.3049 39.1084 37.945 39.5284 41.5469 43.502 37.1495 37.7712 40.7058 44.3178 43.379 36.7727 40.452 42.1991 38.8179 42.5683 37.9361 36.9643 34.2936 39.0425 37.5162 41.9973 37.6799 40.1983 46.4404 41.8261 42.5302 37.1546 39.5576 39.7022 43.2762 40.6398 39.5791 42.6888 40.1818 38.5959 38.1429 40.669 43.0085 39.4218 38.5286 42.4287 38.3104 38.2724 41.5964 41.8083
32.9545 38.4705 40.4696 41.2021 39.9804 38.7059 41.6807 36.8297 37.6151 41.296 39.24 40.9443 41.4758 39.5177 43.5793 38.4441 42.4978 40.2039 40.467 36.2969 40.0439 40.5516 37.1523 37.7962 38.0474 35.9241 38.6041 37.3612 36.5309 38.3608 41.2193 38.9994 39.24 38.4771 37.2674 38.6345 37.3626 41.7534 41.3964 36.7623 42.3048 33.7439 38.657 41.1637 42.6472 37.7222 42.4687 41.4718 41.1122 35.2194 42.8416 42.2783 38.5353 40.4551 44.362 43.1496 36.8284 44.641 42.7345 37.389 44.3713 39.7239 35.6425 42.2862 43.143 42.3775 42.9923 38.5684 44.4731 38.9624 43.3175 45.035 43.6798 39.4899 37.7169 39.5626 41.4229 38.1889 35.8209 37.1444 40.2515 41.3912 34.3785 39.8403 44.5551 37.4022 41.1466 39.8654 37.701 38.6318 37.623 37.9337 44.9332 43.5172 39.8442 38.7191 40.2872 38.6305 37.3864 40.3361 40.184 37.434 39.8667 40.7446 38.1863 36.1845 44.6516 38.3767 36.6671 37.7552 40.2025 36.2969 43.3955 39.2413 38.378 37.4472 37.6852 40.9905 38.6609 39.9513 35.6596 39.7014 38.2577 38.653 44.3739 39.8006 36.01 38.5419 37.6415 37.6482 49.9838 42.8019 35.3013 37.3864 36.9236 41.4163 38.9108 38.021 39.1951 39.7358 39.4939 41.2087 37.8504 39.523 41.9531 40.775 40.1087 37.311 41.8116 35.6319
34.8102 38.7319 34.8982 38.9273 42.4102 38.4486 39.9768 38.0015 36.9024 39.1006 36.0537 38.952 40.1708 37.8186 36.7855 36.8502 38.278 39.1185 38.6233 40.6454 37.3577 41.556 37.1074 37.7622 41.285 40.3744 37.4196 35.575 36.3811 36.6892 38.8406 38.6439 40.7664 34.9519 38.3935 43.8573 39.2079 37.8089 38.1638 37.7842 39.2285 38.5971 39.6137 38.9837 39.3344 40.8077 37.9231 36.0028 37.4747 43.8339 42.6262 37.0551 39.9259 38.7512 41.6564 41.7211 43.1475 43.0072 43.7321 42.6619 43.1283 37.4417 36.183 39.6976 38.1047 39.2148 37.1033 43.479 38.6549 44.7583 41.7664 42.9783 41.783 36.1486 43.7858 43.9055 41.3469 36.3371 35.912 44.4543 43.7569 40.069 38.6632 39.8613 40.362 43.0485 36.6576 42.7926 41.7266 36.7332 41.2369 40.4445 39.3867 41.6468 39.3647 42.5863 40.1144 41.3331 43.098 40.1942 36.7938 38.6026 42.1544 41.8132 40.1942 35.956 45.6387 38.8337 40.9837 36.3494 36.4402 37.0675 38.0689 40.0717 38.8571 38.2752 36.7525 33.8363 43.8697 42.1832 34.8666 44.3044 33.8088 38.8929 40.0772 40.4817 40.6454 37.4458 35.4361 42.6138 36.41 37.615 38.3537 38.2863 37.6411 37.3027 35.9712 38.996 41.0016 37.4554 40.611 36.4347 38.6948 37.908 37.6851 38.5655 38.1473 34.066 43.5341 39.9149
33.8057 38.187 36.0578 36.8666 34.1958 38.317 39.9232 35.5434 38.6343 38.5414 39.2044 34.0158 38.5085 36.4436 35.169 40.3591 37.4625 35.0161 41.1979 35.702 36.9766 42.3354 34.6488 40.3491 36.0206 38.127 39.5017 34.443 36.6908 35.6162 38.3099 38.0512 38.4428 36.2821 36.3164 35.3962 38.2599 45.2334 39.0844 43.5786 40.3333 36.6337 37.9383 40.6691 40.6463 38.0169 38.76 41.9967 39.9961 39.5274 34.6845 39.0644 40.159 36.4293 33.8157 39.6246 41.498 36.3836 40.039 36.0564 34.8131 37.2967 38.4313 39.8032 36.6723 41.3236 40.9564 36.6122 40.7635 36.435 36.8637 41.7881 46.5094 35.7548 40.2747 34.976 39.6703 38.4799 38.3013 41.1307 38.1913 41.0736 36.8209 37.2896 34.4487 40.149 40.1861 40.9364 36.8152 37.0881 44.7089 38.3528 34.876 35.1004 34.6088 40.9021 36.628 34.9818 42.4397 37.2153 35.3762 36.0206 38.4971 43.2156 46.3122 33.4556 39.6617 41.6237 37.774 39.3445 38.64 36.1507 36.0964 39.0487 39.7332 39.4845 39.3845 39.7174 35.2947 39.0944 43.3957 38.5114 40.752 38.0627 39.353 42.7026 36.7537 39.6017 38.2927 37.0424 36.0721 41.2693 33.9543 35.7191 34.0058 35.7434 36.9466 43.0013 30.7348 33.9486 36.7166 36.9266 34.2015 39.9904 40.2047 36.3236 35.8706 37.6597 34.8889 37.7769
35.996 41.521 34.8931 35.0799 37.5155 32.8088 35.7381 35.2578 31.4035 36.039 39.0528 35.9857 34.3802 36.3992 39.1758 37.3495 36.8632 33.2536 38.147 37.2665 41.5284 35.9871 35.2341 38.8067 32.7392 42.8433 39.2381 39.3685 43.0775 41.2883 35.2326 35.0843 38.6703 38.5977 35.8611 37.7245 36.672 35.7544 40.5886 36.2895 33.0416 32.1536 38.1411 38.7148 38.0877 33.5263 36.6839 36.8291 40.8124 43.9522 37.7898 39.6517 39.7628 36.887 39.3226 38.0195 38.5532 41.2631 37.056 36.5697 40.8732 40.6434 39.5968 38.6451 38.8704 36.4689 42.1421 38.1722 37.7349 35.618 42.824 41.3891 38.6288 38.8156 36.0405 41.3446 42.3334 40.848 39.4901 39.9437 38.1841 40.5396 40.6078 38.8141 38.5977 37.514 43.0775 39.0009 39.8014 39.7866 39.5939 41.7122 40.3632 38.3694 38.7415 40.2194 40.1927 39.4249 42.4801 38.3412 38.9238 37.4547 35.7381 36.2881 33.8124 35.6373 32.4946 37.1301 37.007 35.5128 35.4905 37.5036 33.9029 37.64 38.0432 36.1309 37.9988 40.2402 33.931 36.6483 36.4422 38.7622 36.1813 34.9109 36.4452 39.7124 42.5424 34.7315 36.4541 33.9962 40.845 35.9753 35.7959 35.7915 37.557 37.6371 43.2228 39.3048 37.6712 32.4086 36.5845 40.4863 43.0434 35.3408 37.007 38.2923 39.3507 34.6426 34.5981 35.2207
35.6453 34.839 35.4994 36.6912 36.811 35.4287 35.9555 35.8941 35.6207 34.8144 33.8207 34.1862 37.8723 35.9924 37.5129 37.4606 38.4559 37.797 34.1417 32.6504 41.4907 32.87 37.6234 38.4282 40.9946 36.5576 36.1199 41.0668 35.2137 37.4837 35.891 37.9275 35.1999 35.9832 36.341 35.269 37.1489 37.37 37.1704 43.1555 38.2025 40.9055 38.5665 36.5868 37.9337 38.2639 37.3485 37.5497 37.7279 32.6089 36.1798 35.9002 35.5608 36.2043 39.8258 38.2316 35.9647 34.7606 39.0456 41.1927 39.5294 42.2648 33.4475 39.2622 40.7443 40.0593 34.2769 40.1484 38.4559 35.3704 38.2716 38.7047 39.2499 38.8752 35.9202 36.834 38.8291 37.4345 38.0519 36.5284 36.3318 37.8262 34.6854 43.4443 39.4618 37.6496 37.9782 35.8818 34.028 39.3497 38.9811 40.7827 37.0613 39.3482 37.2917 38.0519 40.881 41.2127 35.5301 38.5895 31.8472 36.6728 42.8729 39.7782 36.8064 41.7932 39.0333 36.6897 33.6441 34.5594 37.9598 38.032 39.7199 36.3426 39.5033 37.7463 39.5678 37.5374 34.8635 34.1048 37.8139 35.3658 32.4815 41.2434 38.0965 36.2243 37.7494 40.2605 39.4557 37.5528 32.3048 34.2861 34.5963 38.2946 34.9296 37.4944 33.3369 35.4533 37.6895 33.8914 33.6164 35.1707 37.3716 37.4038 35.8065 33.7255 38.2255 35.8542 32.1574 34.8774
36.3623 36.3337 41.0713 34.077 35.7457 38.5714 37.3683 34.9002 34.5108 35.0798 32.502 31.5262 37.0139 38.3966 34.7874 34.4361 36.5244 36.0556 35.3356 36.2463 34.5076 30.3072 38.9019 31.8154 35.6932 37.47 34.6125 35.7059 34.5108 37.0981 36.6102 35.8633 37.2475 38.2567 36.1223 38.5698 38.6429 32.1285 33.7559 36.2129 32.9772 39.1928 36.3226 36.8407 35.9316 35.7059 38.5507 33.2791 37.8944 39.126 38.1169 37.1792 40.7439 33.0296 36.5387 36.1271 41.0665 37.7164 33.8878 35.938 34.9097 36.8311 36.4211 37.3445 35.6726 41.5957 38.1439 34.5013 40.2624 36.6547 35.3388 41.8294 34.4472 37.8991 37.2602 40.2242 37.6814 36.383 37.8101 38.6318 38.9623 38.592 32.1158 40.3164 37.3922 35.6249 38.9719 42.3491 35.0226 37.8085 36.3734 36.6436 34.6523 36.3718 37.3 37.4923 35.4405 35.644 35.5709 34.2629 38.983 31.701 39.2293 40.3212 36.2097 38.1264 34.2963 38.4887 36.2924 36.2034 39.2071 35.8982 32.9883 37.2602 36.7803 32.3319 34.7397 41.9327 38.1153 40.0192 35.0146 33.8656 38.4331 36.5498 34.2534 34.6173 33.7686 33.2394 36.197 37.2014 33.1393 38.7033 38.9496 37.6162 35.787 36.1192 37.3651 39.0927 35.4151 33.0169 32.2906 37.5177 35.8188 36.2145 34.9812 34.5839 29.9798 31.5437 33.7464 36.6357
33.1444 35.9534 35.4918 32.8438 32.0077 29.9544 35.4261 35.9288 35.0368 37.8458 32.2771 32.2081 37.8113 36.8783 34.8216 32.0373 32.236 33.5042 34.5752 35.5723 32.0866 34.4635 34.3091 33.1165 33.6143 32.7798 34.8068 34.3025 35.2553 35.7432 33.7177 35.2339 37.923 35.7678 35.2964 39.4113 34.1695 38.516 42.0724 36.0274 38.5965 34.227 37.2413 35.2487 35.0976 39.638 34.0578 37.0688 38.5784 33.6044 32.8488 36.1456 36.6746 36.5842 36.4594 40.5973 35.2454 38.1399 35.5493 36.6729 35.615 37.8934 39.2125 37.4072 32.287 37.5912 40.2146 38.6951 36.8635 34.4208 31.2176 36.2524 37.8146 36.4446 36.2655 37.3431 40.87 34.5966 35.5346 35.7317 42.9365 38.3074 39.2142 35.2372 35.0483 40.3361 34.976 32.2426 37.7193 35.96 37.0475 39.16 34.3239 37.1115 37.4762 36.0849 31.7317 36.7321 39.5345 31.9404 39.8482 30.9153 38.5489 36.1111 37.9526 37.831 36.1193 35.2931 33.3186 34.9218 37.4811 37.1247 37.8902 39.0466 37.7472 37.1969 36.1818 32.9638 35.4721 32.3264 40.1291 35.9485 34.8381 33.905 36.5974 36.5875 41.3382 37.146 34.4487 36.0027 33.1642 31.1174 34.0364 38.9448 33.7243 36.1834 37.2479 33.059 34.2779 33.3136 34.4882 32.8816 37.3218 40.3969 36.2442 33.1954 36.5267 34.2943 33.4779 31.6808
34.4785 36.0983 35.8862 37.4365 30.8251 36.736 29.7175 33.5863 35.7506 34.0968 31.9106 33.3845 32.4381 34.9296 39.6126 33.4625 33.7831 33.549 38.5949 35.491 33.3183 34.9262 31.8122 31.4458 40.1808 33.6711 31.9852 43.1286 37.8724 31.1745 35.6149 36.0779 32.2057 32.7773 37.4382 37.2279 35.564 35.3469 35.4469 38.9036 32.5602 35.9507 35.1433 33.7067 33.0741 41.9515 35.7132 35.1857 32.5636 38.4168 40.1333 35.6997 34.9008 37.4093 36.0677 40.9356 34.0816 36.0389 33.3573 38.0539 31.6256 34.5735 40.0332 37.7808 38.1862 33.2047 37.6773 34.2529 36.295 35.3774 31.4645 37.5518 31.2711 33.4981 39.5753 31.3712 31.322 37.8978 37.3144 34.8092 38.7628 35.5385 33.7865 36.1305 32.5178 38.6068 36.775 34.5192 36.3137 38.6848 40.3741 33.4761 32.6925 38.6356 38.6865 37.0379 36.0575 34.7889 34.1206 31.841 37.6909 39.4362 35.2689 39.7839 35.9727 34.5701 36.4985 37.4229 35.4113 35.4978 36.4544 34.9788 29.8498 33.7288 33.3353 37.5501 33.4862 36.3103 32.7688 36.6766 37.5518 38.1404 35.1705 33.588 36.8564 37.3669 35.8167 35.0908 37.0922 35.6471 36.3442 37.3602 32.9757 34.8397 33.5422 33.8492 34.2105 35.1908 37.3127 33.9205 32.2515 32.3651 31.858 33.3404 29.134 30.4757 32.338 32.9571 37.4161 30.5876
35.3685 31.3411 35.6432 33.6785 34.1876 31.6997 31.1941 37.1303 34.3153 36.5442 33.3111 34.2943 30.8092 34.1543 31.3621 33.6732 35.3633 31.1626 36.5494 36.0001 33.7519 29.5706 36.42 36.238 33.5332 31.2501 30.8985 35.26 37.9036 33.5787 35.9406 34.7474 34.1613 32.6497 34.7439 34.9084 33.64 36.3307 38.3322 34.7352 35.309 29.777 33.0154 36.6282 40.1745 31.572 34.6914 42.4628 36.7279 36.399 34.604 32.0356 35.5767 39.249 34.4343 40.0502 37.7374 34.4745 33.2096 36.5127 33.0591 32.9524 33.0609 37.3787 34.3065 33.0049 33.4073 34.0826 39.6881 33.9461 39.7126 35.0046 32.2648 36.9431 37.8108 32.8369 36.8014 37.9963 40.003 35.5959 42.6868 36.9046 36.8434 37.083 37.8371 39.7388 35.442 34.1893 34.1858 38.0715 36.6876 33.2078 32.613 35.5977 35.3283 36.7804 38.8851 37.9351 33.7222 35.449 31.1241 33.2533 36.3955 33.8132 37.5379 36.1908 37.3647 38.1398 35.6432 35.3108 35.8531 38.0103 35.9301 36.2398 34.303 33.1851 34.4692 34.0966 33.1274 32.8264 30.1077 35.7429 33.5123 35.316 31.0927 30.4208 30.1881 30.2616 32.4083 38.6944 33.1221 33.1676 32.6445 36.7104 34.5427 33.5542 30.3631 31.775 33.3723 27.772 33.5455 31.9657 32.8999 33.3163 29.8242 33.5945 34.1211 30.9492 30.2336 32.2858
33.315 32.6966 33.5097 29.9489 31.2037 31.1442 31.9339 32.5992 31.7049 29.9218 31.9826 32.6353 31.2181 33.7495 37.2887 30.771 32.6966 35.9833 37.0741 29.3719 35.7147 31.3678 31.9087 32.9562 31.0991 34.2381 34.7826 32.8949 32.7831 35.4695 33.0085 31.5751 34.3733 32.3017 34.7537 32.1503 37.8422 34.7105 36.2664 36.5026 36.663 31.5949 30.9459 34.2038 36.288 38.7671 35.4244 31.7734 37.0525 37.8963 37.7629 36.1799 39.2142 35.4605 38.9979 34.1948 33.5061 34.4148 32.5758 35.7994 31.7284 38.9131 36.5801 32.619 33.4015 33.5295 34.6365 31.2019 34.4959 32.9562 34.0019 34.5175 36.1041 30.8035 33.4376 31.5535 36.1222 34.7014 38.0081 37.0182 36.7352 38.0712 34.559 34.0974 36.0969 32.134 34.6365 33.4538 34.0776 37.7809 37.02 32.3828 34.0632 39.3855 36.0717 34.1317 31.9555 33.2735 33.8216 39.9643 32.4423 34.413 31.4976 33.2104 35.7886 36.6522 34.8385 37.3482 32.0331 36.9569 36.2898 35.0638 32.7669 33.7333 36.7568 31.2921 37.1859 28.3857 31.9808 35.1269 32.5127 35.6227 34.8871 35.1287 29.9633 31.4399 33.8288 36.2808 34.0001 31.8906 32.7777 37.213 33.9748 31.6923 35.922 36.9786 29.6604 36.407 33.488 31.0505 34.5879 32.8444 35.264 32.7795 30.9116 35.4479 34.2255 33.7477 34.5915 31.5769
28.2169 34.9054 34.5601 34.536 31.2187 34.3819 36.2754 35.4271 33.6134 34.9277 30.6246 34.5175 35.3714 33.0416 32.4272 31.6753 31.3895 33.5391 36.0917 33.3814 28.4267 34.2501 36.0545 30.9903 34.4822 34.1146 33.1883 33.5503 31.5138 37.458 37.7271 32.1339 33.3405 29.9062 37.5842 34.4989 36.268 34.8219 35.9487 36.1121 36.1288 35.9469 33.0955 35.1356 37.5508 37.0625 33.2514 33.4537 35.182 35.3584 33.6041 35.2749 35.8596 34.8108 37.7123 32.6648 31.9594 32.494 38.3917 33.851 33.0286 36.2272 35.505 35.3027 38.5532 37.8793 36.0545 33.9178 35.1263 36.7562 32.7093 34.3615 34.7087 35.6109 33.5187 34.0274 34.588 33.1642 39.7023 35.4364 36.281 31.8109 34.7346 35.8225 40.6194 32.5553 35.1059 34.8813 36.1381 37.0198 34.4506 38.9579 32.9804 36.2346 34.3262 33.8287 36.5595 34.3801 33.127 36.4852 32.2694 34.2112 28.3153 34.1573 35.9561 33.0082 34.666 35.4976 31.8443 37.2426 35.6127 35.984 34.1406 35.8949 34.1109 38.0149 36.5409 31.5083 34.3337 38.982 36.1752 38.8057 35.5589 34.5954 31.6196 35.6517 33.7526 35.0781 33.8027 33.4278 32.2174 33.6877 29.4236 32.4884 31.2094 30.2459 30.9941 33.3943 36.4295 36.4685 29.6296 31.2261 33.1382 36.1084 30.8455 35.8745 31.1593 32.0448 29.2453 31.2001
30.7344 34.4241 31.3341 28.9812 33.9944 30.7134 33.876 37.3347 33.7729 31.2768 35.8049 33.1713 31.103 29.2715 30.7153 37.5505 29.3421 30.933 33.242 34.7201 33.2343 27.9423 28.1523 34.109 30.9636 31.6339 29.3402 29.7776 33.834 30.001 28.6222 33.1828 30.8127 34.0116 31.2959 31.2844 33.9448 33.7079 31.3875 34.5082 35.7056 38.385 31.9299 31.4907 35.2167 39.38 32.4513 33.8053 37.5104 36.544 35.3867 32.3386 37.3003 31.527 37.5696 35.8947 39.3419 30.8108 33.473 37.0826 32.522 35.6464 34.0097 37.7758 36.0417 35.0009 35.0429 34.8137 34.6762 30.4899 33.0051 33.729 27.9384 35.7553 34.0918 39.3132 31.8096 31.5995 36.9412 35.209 37.2831 35.3313 35.3427 36.206 34.9952 34.9188 36.5402 35.6254 36.5707 33.0815 37.0062 34.701 33.8569 32.755 34.722 33.4253 35.3542 31.5098 37.6593 32.1706 35.125 31.8955 32.7072 35.7228 33.0529 31.7695 30.1767 35.6808 30.1901 34.957 32.5201 32.5162 35.1116 30.8929 33.1751 31.8172 29.4434 32.1706 34.0135 31.4639 34.8443 35.188 31.5823 33.198 34.426 35.3924 31.6664 34.6342 32.86 35.3542 32.6346 32.7702 34.0517 30.5186 33.1808 26.6016 36.0742 34.9283 35.95 34.4891 33.2095 31.1794 30.9082 32.3023 35.2129 36.9852 29.9915 30.7287 30.7439 28.8571
26.1953 28.0014 29.3698 31.8474 30.3357 29.8272 29.4307 29.6427 27.0512 26.6193 29.1578 31.3232 32.4972 33.0646 29.7624 32.5777 33.9441 29.7212 30.4633 31.28 31.3428 30.3632 30.9443 38.7442 32.8683 33.7576 37.9962 31.2741 33.1097 34.696 36.7927 34.965 35.4715 32.9487 35.0945 32.0221 33.0351 33.1353 32.5895 34.0796 31.5392 36.0074 32.884 30.3259 31.496 33.9696 31.0641 34.4133 32.6111 31.8317 37.7724 30.8108 34.9453 34.9336 30.4653 36.0114 37.2266 33.3159 33.0587 33.7144 36.7849 28.9732 35.6266 31.2093 35.3655 37.8686 34.5017 36.6848 37.0224 31.9475 34.7137 33.948 34.272 31.5843 35.2555 35.0572 37.6585 31.6 35.1279 33.0606 33.0803 33.3276 34.4251 35.6619 34.3642 32.1105 35.7031 33.8263 36.8791 34.749 39.9339 33.1137 36.1684 33.3669 34.4055 34.4859 35.1927 34.4467 31.5745 32.3578 36.296 32.1929 35.3419 34.1424 32.4874 31.3546 31.4606 32.2597 29.1637 30.1531 32.2655 34.5861 33.8459 29.8645 33.3728 36.2175 35.389 33.1254 33.4769 32.7819 33.522 30.7303 29.4817 29.9627 31.0896 30.1708 38.328 33.0489 31.9063 33.3394 31.0503 33.8813 34.5017 30.3769 32.1262 26.6566 29.6073 30.3534 30.6714 29.6584 30.0078 32.6602 29.574 29.5779 32.5365 27.4851 29.3737 32.6562 29.7271 30.9561
27.3578 34.1176 29.439 31.6593 30.9736 32.8189 32.8834 32.5688 29.1748 30.042 30.4715 32.5567 33.6275 34.7528 33.1839 33.8353 29.5963 29.566 29.5781 30.3081 34.3576 37.0982 30.9918 32.6696 30.1387 30.4594 32.9762 30.6409 28.8199 32.0747 30.1065 32.1473 31.6391 37.1284 29.4632 32.345 29.318 32.4115 30.7155 31.8448 30.9999 30.0057 31.2056 37.5862 33.9421 34.892 32.1534 32.0969 31.2701 33.2464 37.4874 36.2976 32.5628 35.4909 34.7952 36.8239 31.1793 32.0707 29.195 32.1836 33.8534 36.5698 31.6734 30.0782 38.0218 33.6739 32.7201 34.3596 33.9845 34.3051 32.9318 32.9923 34.654 34.4322 37.7092 31.0321 35.9386 36.6666 32.1312 31.742 33.8937 38.5966 31.3608 33.1556 33.5126 33.5368 31.1451 35.9669 32.4337 34.9565 32.7402 34.7226 35.2429 33.92 37.4551 29.0336 30.8466 36.7029 32.7281 27.5453 35.3941 33.0649 34.5633 32.6797 35.3074 32.7927 31.5827 32.8935 31.0583 33.3634 32.5184 30.1206 33.0709 31.7964 32.2865 33.3815 32.716 32.0162 31.5202 35.7047 29.4349 31.7158 27.3417 28.6626 25.2524 34.1418 31.4536 32.1009 30.8184 32.956 32.1151 32.4155 31.7722 33.5106 34.0994 32.8955 28.7392 32.6616 32.835 32.1655 30.4675 31.7198 29.6104 35.4889 34.406 34.0168 28.2431 30.1549 28.6323 28.473
31.08 32.8126 29.308 31.4174 34.3196 32.5352 30.136 33.1314 30.666 33.268 28.302 26.1139 27.565 32.618 31.8231 30.9206 30.993 30.1112 32.1544 36.2427 29.4881 31.879 27.7389 36.0813 27.0309 29.2024 33.119 33.1107 33.1004 27.7513 29.8317 31.1669 31.8666 30.3844 30.4817 30.2375 32.5601 31.4153 32.8064 31.0075 34.3114 34.212 33.2039 30.1692 29.9518 34.1437 35.5472 31.4961 30.8709 31.9929 36.6692 32.2102 34.8123 34.7233 36.133 31.7507 35.3733 37.284 35.5845 34.2327 38.615 29.1051 34.6736 31.2518 32.5394 32.113 34.5763 31.9618 35.7045 35.2346 31.9805 36.4601 32.4669 35.1477 30.2458 35.2325 32.086 31.612 31.3781 31.8231 32.5104 34.5391 31.8438 32.1626 31.7238 38.4929 33.5558 32.587 35.4913 37.9091 30.6494 35.8846 31.1235 37.2798 37.9878 36.8617 34.448 33.8684 31.3781 32.6346 31.1276 34.1892 34.7005 35.1539 31.345 30.3265 32.5725 34.8724 31.761 31.5851 31.0924 36.0005 29.2894 28.8505 29.4012 32.529 32.1564 33.9574 28.2895 28.3889 31.6555 28.1881 32.0032 33.5579 27.5754 27.7989 29.6102 33.3302 30.252 31.641 30.7053 31.3698 26.7018 27.2628 28.6891 28.2233 31.8604 30.6059 31.848 31.8459 30.6722 32.9907 30.5708 31.3822 35.2491 28.1529 28.5504 30.1774 28.0163 34.7875
32.1645 31.1728 31.9245 27.6606 29.8138 29.2341 30.1982 29.4974 33.8909 29.8117 27.6415 28.8625 33.6085 28.5185 27.2677 31.4128 32.844 30.5846 30.4572 30.5719 28.2148 29.2277 30.2088 32.7081 31.7568 27.9218 28.699 27.5374 27.7816 30.1705 30.3595 29.387 30.6611 31.4277 33.0903 33.4343 34.8274 33.0585 33.2093 31.9309 37.2524 32.5191 27.5905 33.7486 32.5913 35.6513 32.277 31.6612 29.0005 32.6104 30.9732 30.831 34.0629 33.4662 29.6567 32.895 33.7911 32.035 29.576 32.6359 32.1008 37.246 34.4005 32.9672 26.5755 32.3301 33.2029 39.0531 32.4788 36.7088 33.0479 31.95 34.1032 35.3646 32.8037 31.9161 34.8953 33.8973 33.5809 35.0057 33.4067 37.28 36.8468 34.0799 31.7313 35.6024 28.8646 31.8523 36.8765 31.4977 29.5654 34.1967 31.5763 30.5613 30.8416 29.1534 38.8577 32.7612 34.1542 30.6972 33.5044 30.695 30.9562 33.5087 32.6954 28.8412 32.3875 30.2109 34.3644 33.4747 34.4281 26.3525 37.3883 32.483 30.3256 30.9414 32.6041 36.885 33.9249 29.7182 33.3706 37.6877 34.736 30.5655 27.187 30.3213 31.8184 30.8586 33.8336 27.2741 26.5309 28.4696 29.9858 29.8733 29.2086 33.2687 34.1351 30.5995 33.0181 28.5801 31.2323 26.4247 30.3341 30.0814 30.1132 33.0712 27.4843 30.8543 27.6054 29.937
32.9476 28.9856 26.9915 33.9794 28.4283 32.1465 33.174 27.0373 28.8702 31.9854 34.1601 29.754 30.9056 31.5326 27.699 28.7788 32.1008 26.6498 32.2858 27.5488 33.6638 32.4273 27.8906 32.0768 30.1394 30.0523 34.3103 27.8231 32.4861 31.0384 24.819 24.7036 30.2634 30.8926 28.5654 34.4975 31.6218 34.7522 29.0988 31.3301 33.7813 31.8221 27.046 29.1924 31.415 34.5759 29.0792 30.357 30.8773 31.968 32.3968 29.1576 34.1188 33.6289 35.4902 33.531 38.1395 32.7016 30.3309 36.6266 33.507 34.232 29.7301 30.7162 30.196 35.131 34.4779 29.3796 36.017 34.6586 33.3242 31.9157 32.0703 32.1682 30.0871 34.1884 34.5824 29.9717 31.8395 32.7321 31.5739 30.5181 33.1348 31.6523 31.0776 36.337 34.0774 32.7974 33.6224 31.9244 28.6721 30.9905 36.8965 31.0362 29.138 33.5963 32.5405 27.9341 32.0746 32.1835 33.3155 32.1595 36.3523 27.0764 31.9375 29.6408 33.5854 34.4213 29.2468 32.8583 35.8538 31.6022 32.2248 30.9122 27.8079 34.6347 35.1898 31.8656 31.1473 29.0074 30.6226 29.212 28.892 25.8617 29.4536 32.1291 30.5051 28.0974 33.4308 30.9035 31.6088 30.2983 34.9003 29.1162 29.5385 32.2771 27.8884 27.4073 27.932 30.1589 32.904 29.8498 29.3687 30.3853 31.3367 25.5178 29.4906 30.3897 30.7445 28.2868
24.2817 29.1616 26.9179 26.6949 28.7602 29.03 27.2837 25.3388 28.6665 30.1497 31.5972 31.1801 25.7492 26.5678 30.0895 32.0298 32.3198 29.7058 29.0635 30.5846 26.5968 29.4047 30.5221 30.1987 30.2679 29.6858 30.5623 30.3906 30.1876 26.5968 33.2922 26.4919 29.4739 29.7036 30.0895 33.6335 34.3226 28.5528 30.7206 28.6085 31.9852 27.9907 32.496 29.0055 32.8885 29.5899 32.6633 26.5566 33.3324 32.2819 31.4544 30.8121 33.8989 30.2567 31.1355 31.4767 33.0781 30.9883 31.5838 36.0801 32.8328 39.2584 35.4646 32.7436 34.2245 35.9173 35.1233 28.0309 34.2357 31.4433 31.3095 33.7606 33.7472 31.3474 35.4601 32.2908 30.3415 35.2348 29.7817 34.2178 27.1276 31.044 39.778 36.0333 33.1428 36.892 39.8137 32.7213 33.9613 33.0179 33.6825 35.5025 36.234 29.8307 34.7464 34.7843 30.0114 34.191 31.6752 31.5615 31.5949 31.6351 33.9189 31.1556 34.0951 28.8472 31.6262 30.7296 31.6217 27.6472 27.9863 30.056 33.087 31.0195 28.8561 30.8678 28.2338 31.9763 27.2547 30.5422 34.4252 31.4678 33.2521 29.8196 32.7123 30.937 29.3133 30.6649 25.9856 34.1821 29.3891 26.967 24.0988 32.3376 29.0256 27.0294 27.6562 25.4883 31.0507 28.8137 27.306 30.4775 30.8879 27.9684 30.2054 27.587 28.8338 30.1073 29.7527 30.656
28.6155 23.3446 30.4539 29.5952 28.499 29.4376 28.1131 28.2181 27.8687 29.0403 27.4965 26.2861 30.141 31.9064 29.9926 30.6183 29.3646 29.6295 30.8924 32.708 30.5818 32.555 29.5495 25.3177 31.6803 29.3075 31.0294 25.6352 31.8607 30.5064 30.4516 36.9603 30.4151 32.1713 35.6243 32.7948 27.7865 35.5216 29.1042 34.4848 29.7528 33.9618 30.237 31.7237 31.1984 28.2684 30.9883 29.7277 34.1901 30.4242 30.1844 32.3768 34.5738 29.4833 28.3392 32.0411 31.3309 32.153 33.8156 33.9778 31.6871 30.9541 30.6366 32.0297 33.3109 30.4768 32.7993 31.9041 29.6363 34.2906 35.1516 38.9883 29.3052 29.1111 34.5441 34.2427 30.7166 27.1288 30.6983 28.901 31.2784 32.3814 28.531 32.3609 31.8607 31.8196 30.5179 31.2098 38.9358 28.9078 31.4633 29.1956 32.1941 32.6166 34.398 29.0677 30.3374 31.1802 33.6717 30.2621 29.8145 30.6777 31.6871 29.9264 31.5867 33.3611 30.2484 29.9332 32.1462 28.6817 26.0531 29.6592 28.2341 30.0063 26.318 27.5787 31.7283 32.4385 32.6372 28.5881 28.7274 31.5889 33.8773 27.0009 28.668 30.0223 27.6495 31.3012 26.3774 30.7622 27.0306 27.0032 28.3414 32.9866 24.5413 26.9392 24.3494 25.9572 29.4354 30.4242 27.38 26.2335 27.9349 31.3012 27.4005 26.9232 31.0317 29.9287 29.2778 28.4488
22.9909 22.7454 28.4505 27.2772 28.773 28.2495 23.6756 29.4415 29.2732 29.6635 28.2402 28.1724 30.2969 31.0448 27.9293 25.7487 27.768 31.5356 30.0304 27.6372 28.1654 29.0652 28.0205 29.0769 26.2699 26.8355 29.9743 27.3918 28.1513 29.951 29.0044 27.2071 30.7339 28.0812 29.1727 32.5312 27.123 27.4338 28.8198 28.4482 31.365 32.8958 29.0535 31.594 33.1202 25.4963 32.9543 30.4278 32.1409 32.5382 32.1035 32.4214 33.6694 31.5449 33.1459 32.4284 34.6627 36.3899 30.6849 29.1657 31.9142 32.8023 35.3966 32.1246 34.4056 31.8324 31.4187 33.3563 31.1944 34.3682 30.5797 30.4044 34.1275 34.5295 31.0635 33.3259 31.4655 36.1866 36.7709 35.5906 36.8129 31.1313 35.0227 34.0551 30.7152 30.8064 32.5616 34.3496 34.0387 33.8985 34.242 32.8631 35.3616 39.1782 32.6761 31.171 32.8982 31.5566 31.8394 31.1757 27.9504 30.949 32.2858 33.7092 30.6685 30.9583 31.7202 31.2458 30.7526 29.8925 32.3209 29.1283 30.4955 28.932 33.8891 29.1774 28.2542 29.4835 30.2642 29.2872 30.4839 28.2916 29.0558 27.4081 29.8528 29.5607 29.8668 26.9454 29.1984 28.8315 32.9379 24.0473 28.5697 26.9921 30.5236 27.7353 28.3827 25.2719 31.6571 28.6749 26.1601 28.4271 26.7584 32.8514 28.2004 26.5878 27.8101 27.0622 24.6689 26.1367
25.8663 26.3301 28.0035 27.0282 28.2832 27.1501 29.2299 25.8759 27.3796 24.8527 26.923 27.8768 27.1788 28.2091 26.5118 29.6793 26.617 24.3029 29.6483 24.7738 25.9381 29.9901 29.61 27.9414 26.8489 29.8395 29.5622 27.3294 32.3497 25.5603 26.7676 27.4561 30.2316 30.7575 32.2492 29.9017 31.7903 28.6251 31.8333 30.791 31.7161 27.9246 27.5421 28.7877 32.6557 29.2419 30.6308 30.5065 30.7766 31.0635 34.7833 30.2268 32.56 32.0413 29.0363 31.3097 34.0661 29.4259 33.4637 33.2174 33.3155 33.3872 31.8165 30.7838 32.1249 30.9679 29.4044 31.7759 32.5624 34.4964 36.0766 33.5067 34.8717 31.795 33.2174 30.4396 33.5019 29.5526 32.2708 33.5187 33.0884 26.1938 34.2024 31.1304 32.572 32.4979 33.2796 31.8644 32.9258 28.2832 29.8108 32.4333 28.2067 32.9162 33.7673 27.8721 28.4649 25.4528 30.9081 31.1639 32.4979 33.8127 33.4493 33.2653 34.9554 30.0379 26.5524 36.526 28.5151 26.0337 30.2125 29.5861 30.9583 28.8426 30.0953 29.7678 30.9105 32.6461 30.0403 31.2428 30.7073 32.1488 27.4465 28.4912 31.8883 28.3095 28.7709 27.0401 34.8431 27.7023 27.9103 30.0308 29.3375 26.2154 31.4197 29.163 24.7284 28.3334 28.9813 23.9921 34.1832 29.3016 21.6206 25.8257 26.299 30.5017 27.3605 24.3029 27.5852 26.5357
24.6944 29.3063 28.1552 27.8106 22.138 29.3577 27.879 28.6244 26.2635 26.7034 27.3731 24.1372 25.6989 25.1539 25.6794 25.5205 24.4989 26.8525 28.1625 25.1979 27.703 28.0428 25.8138 24.9413 26.6961 27.7079 30.9732 28.534 25.6941 25.9262 33.8815 29.0888 23.7682 28.2554 30.3377 25.2908 29.5141 30.8021 32.1634 26.8476 29.0082 30.4721 35.4604 30.543 28.8297 30.1031 28.2432 29.497 28.4363 30.086 31.831 34.6514 36.2742 30.8705 31.5011 33.8693 31.4253 28.0721 30.8974 30.8241 32.3834 32.8233 32.4469 33.9646 30.3353 33.0921 31.2664 32.7622 29.1206 33.1703 33.0481 30.978 31.4962 31.9337 33.5883 34.9838 31.1247 31.0147 31.264 37.1077 29.3772 34.9887 35.6608 30.1935 27.9817 30.7483 34.2921 33.8693 32.7475 30.1129 30.4648 32.9553 30.7165 33.5223 33.752 30.0786 33.2656 27.9352 25.7772 27.1825 31.0391 25.3372 29.497 28.8346 30.4012 30.8485 32.5984 28.534 31.677 27.9694 33.972 29.5385 27.7226 29.2794 31.8139 30.6676 28.077 30.5674 31 29.9076 27.1947 30.0151 24.2814 30.2008 30.6652 31.7186 27.1091 24.9731 26.8501 26.3833 26.1926 31.1662 30.8387 26.1658 27.576 26.635 25.4472 26.6521 27.8497 28.7418 27.2973 30.3035 25.9605 32.0583 23.7388 29.3014 24.428 25.7723 27.0603 25.6867
26.5454 28.1188 27.1273 28.903 28.3735 24.3551 29.3725 28.5833 25.2817 25.5789 28.5708 23.6633 25.8911 29.1178 25.8461 27.7567 25.3691 25.1668 24.9595 28.431 29.3251 27.1023 30.5113 28.6008 30.2216 27.7367 28.8955 27.6018 25.8686 30.871 28.401 26.9275 30.0094 27.2197 31.0083 29.0329 27.7941 28.9804 26.8076 30.1242 29.3525 29.4549 29.2751 32.7341 28.431 30.3066 31.6077 28.7057 30.339 28.0963 29.1477 28.8955 30.9459 29.7971 31.6527 33.8779 29.7721 30.9009 35.8359 32.759 33.0862 31.293 30.5338 28.1787 35.6786 31.8924 31.4804 36.6151 28.6333 27.6318 31.1906 29.7471 30.4739 35.8234 32.7915 27.0798 30.0318 29.6247 34.6097 30.8885 32.1896 27.2147 27.6193 31.8999 29.5523 26.3781 31.1906 30.0568 33.3435 30.0993 27.7442 30.871 34.1726 33.0887 30.0643 29.2576 28.7706 30.5014 29.6173 32.2396 34.265 28.4734 28.351 33.6706 30.7536 29.2401 27.3795 30.309 29.832 28.5833 29.5423 29.9469 28.5558 32.6392 31.9574 30.6412 27.7766 27.0449 27.1123 22.517 28.401 27.5469 31.4229 24.8072 25.8012 28.5783 29.0978 33.6631 28.3685 30.0193 27.8391 26.1308 29.5448 27.0349 32.7491 25.1543 29.0029 25.9035 29.6472 28.8231 31.9224 26.8776 26.6078 26.6278 27.1698 24.3227 25.9935 24.0579 27.1298 26.0209
26.9729 27.6362 23.7282 28.3402 28.9626 28.4091 23.5599 25.223 23.6083 27.376 23.7537 28.8402 26.3327 25.3506 23.0752 33.1129 25.7 26.1362 26.7536 27.2076 28.5417 30.4523 25.5801 29.3861 24.6593 26.7689 25.2664 25.1184 30.4396 31.891 28.0851 29.3121 27.8836 27.9448 28.9703 25.6159 25.774 29.8069 28.1591 26.5342 28.955 30.335 30.0722 30.6436 30.3273 26.3607 30.7406 27.0469 27.2867 28.6131 25.9781 28.909 28.3198 29.9855 31.3502 34.35 31.891 33.998 30.562 29.7738 32.2736 34.4878 31.6767 27.8351 31.4803 26.2816 32.0134 35.4061 29.7789 32.8935 34.072 29.2687 32.5236 32.4981 36.9545 34.4878 38.3447 32.1078 29.2891 33.4598 29.8605 31.113 27.302 30.4778 34.6919 32.4701 28.2382 33.396 34.7403 30.0748 27.2204 30.1105 28.58 32.2915 28.4626 30.1411 33.0619 30.9191 34.1664 32.8399 30.738 30.71 30.5901 23.5497 30.7074 27.5392 29.483 29.2355 27.154 31.2252 27.5749 32.2787 28.7942 24.5266 25.8556 26.8403 33.8322 24.644 25.6745 27.9805 25.3251 26.9984 28.6642 28.784 28.0392 24.4629 24.1338 27.2331 28.4167 22.8278 27.4959 25.7358 28.6591 27.2127 26.501 27.9831 27.6515 26.4883 25.3429 26.2969 26.2434 25.4654 26.0393 25.8709 22.5982 27.4754 27.3785 28.1718 27.9525 27.9448
24.009 24.6288 23.6913 20.3916 26.1002 26.4023 27.7149 25.1132 30.6786 23.7043 30.4416 26.5768 26.1367 26.0482 25.2539 25.931 25.7747 28.2566 26.3451 28.004 27.6628 28.0457 28.2201 24.7955 25.3945 25.3632 25.207 24.8736 29.3634 29.3035 27.7331 27.6576 26.3685 28.4389 24.147 27.5274 33.4678 25.0533 26.6862 27.0795 28.9598 27.2175 26.4232 32.8193 27.6029 30.215 28.6655 28.4519 28.3894 30.6213 29.689 30.1786 29.6056 32.7308 30.7593 30.4364 29.1577 27.7279 29.0092 29.1004 30.9625 34.0876 29.2462 31.9365 30.1473 28.7176 28.2514 29.9572 28.2957 36.4315 30.1109 29.5926 34.223 30.413 34.1631 31.413 31.3609 28.2879 33.3011 31.4234 30.7489 27.3373 29.2723 29.9702 31.301 30.2281 31.9365 33.0537 32.5329 32.1162 33.6267 27.0248 29.2749 30.7151 34.5277 26.655 30.5015 34.9392 28.1707 30.051 28.9025 29.0691 35.5304 31.0172 29.5718 30.8739 29.6291 27.6498 27.2748 25.8737 32.2646 26.4154 23.2511 26.9935 32.7438 25.9909 25.009 26.8607 27.4649 27.7722 28.5665 26.9753 27.0091 25.97 24.6653 27.6186 26.543 26.3737 31.0432 29.3218 24.8997 26.931 26.707 25.7096 26.3034 25.7304 24.5611 26.5768 23.0793 25.7877 27.168 30.5614 22.2381 29.0509 25.5638 24.7695 22.4178 25.595 23.8684 26.7253
25.2696 25.7533 26.9386 23.3348 27.4595 24.3527 26.2609 25.0703 24.4829 24.6743 24.6078 27.3506 24.1294 25.9446 25.7373 25.2085 28.0389 26.5347 27.4728 26.8934 24.7035 24.1374 26.5612 24.8337 26.447 30.3644 27.3001 27.5366 26.229 26.5825 30.104 29.7824 25.0756 25.6496 24.3181 28.8097 29.8728 31.6614 28.0974 27.0077 28.8097 29.7452 28.6715 26.5666 30.1385 30.391 32.8972 26.2742 30.8348 27.9353 29.5459 28.7299 28.201 29.4263 27.7067 28.7725 32.1292 28.9824 32.977 26.0802 32.953 32.4321 30.6143 28.318 32.9265 33.5032 28.5864 31.292 29.3013 32.6501 28.0788 29.793 35.6559 34.2155 33.179 32.3072 31.9777 30.7339 32.1159 30.4973 31.2096 36.6871 25.4556 29.6867 27.6615 31.8448 28.9558 30.0375 29.708 28.4509 28.2037 31.4435 27.0423 27.2815 32.3604 31.6268 31.0714 32.5836 26.0722 32.8494 29.0648 27.8316 28.6927 35.1457 24.6849 28.1718 31.1352 26.4709 30.5531 24.3341 29.3837 26.0855 29.0196 25.2031 25.631 26.8057 25.6045 29.7771 27.3399 26.5878 23.8185 24.9985 28.9186 28.1319 26.0403 26.128 25.7001 27.0423 24.3899 24.855 27.4516 27.0237 24.2597 26.1918 28.023 23.5607 29.9419 26.7552 24.4537 24.2969 28.3871 27.0609 21.9634 26.7845 23.9274 23.9514 24.0656 23.9354 26.6489 21.8491
27.0979 23.8092 25.9266 21.8789 22.3018 28.5131 25.8914 26.5719 25.5362 24.2295 24.5819 24.7581 24.0343 25.3112 27.5343 22.7383 23.9584 23.6357 28.3504 27.2687 25.4115 25.4712 24.6578 25.8426 28.2718 26.6071 27.979 25.3654 27.5642 27.5479 24.2701 28.6757 20.9327 28.1498 28.0007 29.4376 29.1448 27.8461 28.1281 29.0634 29.828 30.1316 29.8117 22.6353 26.2222 28.8709 26.6397 28.8059 30.316 30.0205 28.6351 30.7172 30.6738 28.41 30.1452 28.4724 32.0213 28.1254 29.2939 31.1863 30.0476 29.8497 33.1627 34.8544 32.1867 29.9852 31.9915 36.1531 29.5867 28.9008 34.5833 28.2528 32.4334 32.7696 31.2107 29.5921 35.4699 31.0561 32.8455 31.3028 30.7579 30.56 32.6421 31.1808 29.546 31.7854 30.6467 35.0144 32.9702 28.9523 28.2121 31.8857 27.0735 30.6332 26.7562 27.6835 26.7427 30.4732 32.2788 30.1425 27.6699 27.3364 29.7412 32.8916 26.4146 30.5112 28.8059 25.238 31.3191 28.0061 27.8353 25.2434 32.1162 23.0935 25.6664 28.7001 27.5886 30.1723 25.5525 25.4685 27.7079 25.1025 23.6276 26.7725 24.3677 24.6605 25.4115 23.8824 25.219 23.6276 25.7694 23.4243 28.9794 22.1283 24.4165 22.7031 27.1412 24.7934 26.5665 27.7079 25.745 24.3406 24.2593 24.2268 24.2295 29.3617 25.1106 25.1458 26.5638 22.2314
30.3328 25.9648 24.8037 22.9514 23.5762 24.8092 22.6307 27.1314 24.9198 23.261 27.6125 28.8455 23.1062 26.092 24.4636 27.9359 26.5315 24.1098 25.2902 24.7677 22.2354 28.2566 26.0671 25.1796 24.4609 27.3471 23.778 28.5137 23.9771 27.2531 24.8894 23.3357 27.0817 27.3305 27.2503 27.6843 27.5378 28.2428 25.2598 26.4292 27.0623 29.2159 27.9608 33.3323 27.8613 29.8186 26.3269 27.8972 30.0425 30.0563 31.8644 27.007 29.6002 29.8241 30.2582 30.3853 31.2202 28.8759 30.424 31.0101 29.3984 33.3351 28.4418 30.6784 30.8111 31.61 28.956 30.7171 31.1953 30.4461 28.088 31.14 32.503 31.4801 31.5133 28.6519 30.8691 30.894 32.2735 29.3845 30.4019 27.0319 30.048 29.7965 27.77 30.659 34.2198 30.1061 28.2953 27.0126 30.5816 29.6859 27.3084 27.3222 29.4398 30.2443 31.5824 28.7681 29.5781 28.3312 28.2455 28.6962 26.3795 25.821 31.6515 30.4572 28.3644 29.8407 26.3463 27.0457 28.757 25.1105 27.4659 28.7072 29.039 29.2049 28.8482 25.8625 26.8688 30.8857 28.0023 25.633 25.9565 24.9861 22.4344 24.3447 26.6117 24.588 26.5315 27.4466 27.9055 26.2412 26.7472 21.9423 21.8262 23.8195 24.5134 25.5142 22.7275 24.682 23.1809 22.1939 24.2259 26.6255 23.0758 26.3795 22.7772 22.2216 25.6662 25.8542
24.5165 22.7327 24.4714 27.9939 24.5306 21.1039 22.4058 22.3579 18.951 29.5804 22.93 23.7584 22.3156 25.1477 27.4246 25.0012 23.4485 22.868 23.4992 25.5225 22.7242 24.2009 24.5193 26.3848 26.8667 26.8751 21.3913 28.766 23.7472 22.3945 25.3365 29.6368 27.1062 26.4017 28.6646 24.4658 29.5889 28.4673 26.7709 24.2065 31.0993 30.6146 27.078 27.3063 27.6444 28.425 31.7193 25.6324 27.1569 31.2289 31.4487 30.8767 29.4705 27.9488 29.2732 30.7837 30.2511 33.751 28.2644 29.3972 31.2825 30.6456 27.4754 32.4857 30.6907 28.859 28.6899 33.8299 32.6633 30.5977 28.0474 33.1592 29.9017 28.4194 26.2805 33.0324 29.7805 31.8827 30.7921 32.3336 34.3597 31.0232 33.5059 32.2969 33.2663 31.1669 27.8558 33.968 30.2116 29.4761 29.7044 28.6138 28.208 30.0369 26.4327 29.5804 25.097 29.7269 30.1271 25.4295 32.3139 28.9351 30.0736 28.1799 32.3984 26.9371 31.181 29.5973 25.9311 27.9657 28.766 25.3252 28.8167 26.661 29.1436 26.0382 24.2657 27.9206 27.3598 29.5353 25.7057 27.0442 27.4866 24.184 28.8787 25.8381 27.5148 23.0258 24.1022 27.5684 25.1759 25.0068 21.9155 25.4239 26.2355 22.9638 23.6964 23.812 21.1405 23.7077 25.5479 26.4947 23.254 25.9706 22.944 19.4667 23.6824 24.0684 24.9871 22.713
25.7336 22.7128 21.504 23.4077 22.7186 24.8836 23.7207 28.8404 23.7868 28.0939 20.5593 20.5363 24.0509 24.8635 20.3037 22.4027 23.4709 24.206 21.8514 25.1966 26.862 24.809 21.4896 25.8456 27.6086 23.5341 25.8513 26.2045 25.7451 24.295 29.4061 27.1147 27.3186 26.684 24.9411 25.1765 27.1262 27.465 24.9726 27.3961 27.7493 28.3207 25.1823 29.2912 28.2547 29.4779 26.9309 28.3466 31.9473 26.3538 28.5992 25.4924 31.485 27.6976 31.5999 30.0321 31.3816 32.8949 28.9783 27.1176 30.5489 28.872 29.1477 28.157 30.2876 31.7894 29.9258 36.8402 33.0298 28.4585 28.9151 33.5381 29.1477 23.8384 31.218 35.3557 31.752 29.5612 30.055 31.0744 28.8146 32.1397 33.9142 32.8489 31.574 32.4642 29.5296 25.2225 29.8569 32.1167 29.4233 28.9208 28.0881 29.363 26.5318 28.0163 31.0457 33.8281 25.8025 31.3328 25.4522 29.2683 29.7622 26.3538 26.7472 28.671 28.0939 28.3954 25.7853 24.4529 28.6768 26.819 25.7623 25.0617 30.2044 30.5317 26.8448 25.903 26.8764 22.331 28.7256 22.0553 26.7386 28.0393 23.6231 24.3668 24.3352 23.7293 25.2942 24.6769 26.0006 23.3675 24.1486 21.1479 24.2203 24.7659 25.6388 23.2039 22.0496 22.3625 24.3352 24.1198 24.3955 23.8126 26.6352 26.3366 19.9534 23.1751 23.626 20.0941
24.6768 26.5867 25.9901 22.1673 23.4191 23.2904 23.5361 23.2817 24.5101 21.8251 22.255 19.8889 24.4253 23.6122 26.6832 24.1328 20.0994 23.7935 22.4598 22.8605 23.8637 23.5274 27.2068 25.1828 25.8789 24.1591 24.864 23.9456 24.3375 29.4823 23.2115 28.0725 27.5812 23.4425 25.9169 21.5326 25.3144 24.7295 30.0965 26.341 25.5016 28.4732 27.8561 24.5744 27.2009 27.1688 28.9851 28.4089 28.9705 25.7678 26.4522 26.7768 28.1457 28.4206 34.1825 25.5543 29.146 28.2334 30.1287 31.4595 32.9863 29.4882 27.0956 29.0582 31.7403 27.6806 27.6572 27.9936 32.5826 34.282 29.9883 25.9403 31.8368 30.6961 31.8251 26.8646 30.702 29.143 28.9968 28.7277 28.9529 29.535 32.6031 32.5066 32.7698 32.5358 27.5753 31.1699 30.3919 29.1577 30.544 29.3653 30.427 28.5434 27.4905 30.3539 28.599 24.7646 31.1378 28.6546 24.7646 31.9479 28.0901 27.4086 27.0225 26.7651 27.783 23.9339 28.795 27.6046 24.6563 28.8067 28.5698 26.2299 26.0749 25.7619 29.26 23.9017 29.3214 23.7145 22.3603 22.8985 24.4048 23.7262 28.0462 26.9991 26.5195 25.06 26.1363 27.8883 23.969 21.711 23.3255 23.1179 21.4302 25.7297 23.5244 25.4841 23.2904 26.3937 23.3255 21.7754 23.5829 24.9488 21.325 21.6116 20.9242 22.3486 24.9868 20.2925
23.3674 22.2714 20.3564 22.6854 21.8276 20.1836 22.1195 21.3303 21.1486 23.2155 22.867 24.4634 22.8194 24.5021 23.153 23.5818 25.6487 24.6957 21.9617 22.3458 21.5149 23.3763 23.0934 23.4299 26.3576 23.5371 25.6487 25.5892 23.287 24.1566 24.4753 25.2496 26.3039 24.788 25.6547 27.7633 27.5191 25.753 28.4394 25.8334 25.5028 26.4469 27.0187 28.1415 28.0581 31.8137 27.0902 25.4254 26.298 27.9807 30.274 27.0872 24.0941 26.7239 29.1214 32.5762 27.7008 31.4712 33.0586 28.8355 28.6449 30.0029 28.073 31.9597 33.3475 33.4696 27.8914 30.8726 28.5734 30.5569 30.7952 28.0403 27.8258 28.3887 28.9069 31.5874 32.9455 30.3425 30.4139 30.4824 28.49 28.8295 27.942 31.1377 32.865 26.1074 30.7088 28.7312 31.3849 28.4483 28.7789 30.0208 31.8078 25.1186 29.1601 31.3074 28.6836 26.298 32.3647 29.4281 31.2151 28.0552 26.024 28.2547 26.9502 27.4774 25.8304 27.2302 28.6032 26.2086 26.2146 24.8446 26.9115 25.0799 24.7195 25.8781 28.5466 26.0597 21.1277 24.2966 23.9571 27.3463 25.7113 23.3972 24.7999 21.5209 26.986 22.8373 24.2668 28.9635 24.0196 22.0153 24.1775 22.2863 22.2833 24.386 24.5021 22.0391 21.8187 20.6482 19.7965 24.5825 21.78 23.7784 20.8627 23.701 21.369 25.5475 24.5527 22.5454
23.9806 18.6388 22.392 21.8736 22.7285 23.8654 21.916 25.9663 19.7635 21.5583 23.8351 24.3019 24.3322 22.586 22.8437 22.5708 22.8437 21.913 21.6856 23.2439 22.8831 22.0403 26.227 24.2413 25.9633 24.3201 25.6904 20.8458 26.8122 23.8745 25.6359 26.7121 22.7952 23.6683 25.4661 22.5072 26.4453 23.6501 23.9866 29.5801 26.7091 27.9399 24.1231 28.5281 26.8607 27.0729 24.2292 25.6722 23.9927 31.6871 25.3721 26.5454 29.2587 26.9395 26.9637 28.1613 25.9057 27.2154 31.9266 31.3597 33.5819 29.8317 32.1328 28.0521 30.5927 29.2314 32.2934 30.7321 28.5736 36.1649 28.425 26.2665 32.06 30.0864 30.8867 31.3597 33.588 32.7876 29.3679 30.4866 31.7599 34.1124 34.3489 33.2302 30.6806 26.991 31.3597 29.0041 28.5584 28.6675 29.092 31.39 27.9975 29.1708 32.3904 28.0733 29.0344 26.3544 26.412 29.4618 28.5614 29.0192 25.8905 24.8082 29.4588 24.9204 29.3285 28.9252 26.3271 29.1617 26.7394 25.4024 29.38 27.1487 25.1599 24.6506 24.8628 23.5198 25.7359 23.4258 24.8931 25.1356 23.8472 22.8285 24.9295 28.3947 20.3729 22.8346 24.8749 24.1503 24.3474 25.5965 23.4046 20.7518 20.0455 21.2066 20.2607 23.156 22.9771 21.6098 24.8355 22.4556 20.5214 20.3426 27.5913 21.8705 21.8827 21.8463 22.1767 20.9822
21.1854 21.8888 25.014 22.6693 23.3511 21.9597 22.1233 22.1603 20.6424 20.1272 22.4503 20.2105 23.2308 21.8333 23.9373 24.107 20.6609 22.5799 23.203 23.0025 24.9307 25.3534 21.3489 24.4618 25.0664 22.8112 22.7434 25.1868 24.3445 26.4301 22.6323 26.5103 22.8236 25.7914 26.3067 26.7262 24.4371 21.7006 22.2158 27.2168 24.4988 28.3459 29.8021 26.1863 26.39 26.4609 27.3062 26.2881 29.5892 26.9484 27.081 30.0859 24.9245 30.9004 25.8254 27.914 26.9268 27.7412 28.8827 28.2626 28.9228 35.0313 30.5703 29.3424 29.6663 30.2494 28.3552 32.2054 28.7038 28.6544 29.2961 30.8263 31.2336 33.1833 28.9166 32.6805 27.9448 28.1053 32.5694 29.4535 33.3253 29.4349 31.3014 30.4993 27.7659 29.5152 30.9158 31.7426 28.602 30.5826 28.6266 26.393 30.1507 28.3829 30.9806 26.7046 29.0277 25.1096 28.022 26.5164 29.0061 25.9179 24.7857 27.3155 26.0475 25.7822 25.23 25.2701 23.5825 25.5014 23.8293 25.6156 26.8188 25.6742 25.2947 24.0885 26.6645 26.1524 24.0268 25.1467 22.404 23.7676 22.8822 22.5243 25.267 26.9021 27.1797 22.9192 26.9792 27.2044 23.8293 20.0316 21.426 24.3785 25.3935 21.9628 23.5054 22.1664 26.3653 22.441 21.0774 21.8055 21.7037 21.6697 22.478 22.802 22.6385 19.4762 22.9717 22.2189
23.6896 22.7104 22.453 22.3714 18.5769 23.5421 22.7072 25.6668 21.4361 23.2376 25.2086 20.8775 24.3047 20.6013 24.4334 22.8233 23.7241 19.9359 21.003 26.3762 24.9387 23.1058 23.0148 23.3977 25.2431 25.9054 23.6268 26.9913 24.3706 25.3938 28.8744 27.0917 23.3851 25.2494 26.5268 26.4923 27.4715 25.8112 27.6033 24.5025 24.3549 28.1463 25.8614 27.732 23.6519 24.0505 22.4342 26.2443 26.2161 26.9505 24.2796 24.6908 37.7156 34.0749 25.6982 30.7293 27.9768 28.275 28.6014 29.8756 28.7865 27.8293 27.4997 28.5543 29.8128 30.905 32.1981 29.408 30.1487 29.9572 30.7199 29.4142 36.3472 30.428 26.5394 30.9427 29.9792 32.7536 28.843 27.9925 32.8038 31.743 26.1282 27.6849 31.5673 31.6897 28.0521 26.3259 33.2621 27.7571 27.8983 30.9772 27.8418 28.4633 26.191 28.1526 24.719 27.9517 28.8556 28.9466 25.1804 22.544 28.5166 28.8713 28.3032 27.5719 27.2518 25.8238 25.7641 24.5495 25.1647 26.3856 27.1137 28.2718 26.8344 25.4471 22.045 25.2808 24.7975 26.9348 25.1835 27.2424 22.0575 22.3777 20.4914 24.3549 22.3243 20.3314 22.4279 23.1686 26.1 23.1435 23.0462 23.8653 22.6005 23.4887 21.6998 23.3569 24.1886 24.9199 25.783 20.1964 26.599 21.3922 27.4181 21.3639 24.4177 23.5703 24.1039 20.5228
41.6166 40.4164 39.312 36.8829 33.9942 34.6582 39.5769 43.3626 35.022 38.4087 34.7348 36.0754 37.1702 36.3467 41.4506 37.8214 34.4028 41.9677 38.7279 35.769 37.6171 34.6582 34.2113 38.0895 34.9167 38.1118 34.6773 40.7356 37.665 33.9559 37.1415 38.4661 40.276 41.2559 37.4 39.0886 35.4657 36.6148 37.1989 36.9404 36.5701 31.8844 37.7703 41.0963 34.5432 34.1123 37.2021 35.9445 32.6632 34.4028 36.8255 34.8178 33.3335 40.1898 33.0845 38.0193 30.8374 34.2113 34.8784 35.8424 31.9354 33.991 37.116 34.3709 35.3189 33.6846 36.717 31.6418 32.877 34.6007 36.0881 36.4297 34.1123 32.344 32.2291 32.9951 33.2473 36.0403 34.6933 31.2747 37.4958 29.4936 31.5524 34.9454 33.3399 32.1333 32.1301 30.2469 36.0658 33.9847 39.6504 31.5013 35.9732 33.0877 31.7982 30.6012 38.0831 39.7653 36.2701 35.4051 36.4871 36.3882 32.1748 38.7726 35.6572 34.2145 32.4302 32.3951 30.8278 35.1784 32.2163 36.8702 40.1355 35.6157 38.1661 37.9395 33.0526 40.8856 34.5688 34.7028 37.7799 38.6194 40.327 36.9947 33.7708 40.011 35.82 40.0781 41.4538 38.9066 37.1638 29.9532 38.2619 30.7736 34.4124 38.1086 35.5902 37.0202 35.7753 33.3463 37.8373 37.8501 35.8328 40.5856 39.3375 42.322 41.0325 42.2869 38.2299 39.0279
20.6048 20.5821 24.9147 24.2721 23.847 25.9013 23.0162 24.3889 22.7565 23.0746 22.8571 23.3374 22.9805 22.0685 24.7849 26.083 23.8567 25.3431 25.21 22.961 22.7143 25.8266 25.8396 24.1001 24.8563 26.3102 22.3054 27.1702 22.1367 25.911 24.3435 26.5926 24.6843 28.4684 28.238 31.7657 27.3779 27.7512 27.9426 23.4673 28.7864 24.3922 25.077 30.1982 26.969 25.3463 29.3154 27.3585 29.3446 29.6854 30.5616 26.771 27.6441 31.6066 30.1592 29.9061 26.3719 31.2269 30.7596 31.532 30.7661 29.9515 26.6283 33.463 30.9738 29.8282 27.5694 32.0285 30.5941 31.7494 31.2821 31.7981 29.9775 29.8509 29.9093 24.1066 28.6501 30.5259 30.6103 31.8598 29.6627 29.5815 29.7763 30.341 34.2192 32.0448 27.7414 29.6627 29.9288 30.0976 26.8424 32.5218 31.4833 25.8916 31.1555 30.143 30.9706 27.7219 27.6733 26.9788 27.0502 27.1248 30.7174 25.7293 31.8176 26.6834 28.5073 28.6988 24.0806 25.6839 26.0246 27.9978 29.3446 23.6003 27.1443 27.8972 23.5484 27.2027 27.6668 25.593 26.5536 27.154 23.5484 24.4603 22.4093 24.6324 23.6458 26.0506 21.6466 27.6603 22.9902 25.1419 23.1297 24.4311 23.8859 26.0506 25.6319 23.8924 23.0648 23.993 24.892 22.1367 23.795 24.5285 27.4266 25.9889 20.9813 20.2446 23.7561 24.3565
21.7192 22.191 22.9101 19.9709 21.5147 24.8201 21.5312 24.3616 20.027 23.4049 22.5703 24.2032 23.2466 23.4313 20.37 21.8083 24.3088 24.4144 23.9228 20.8781 24.4506 21.5807 23.5567 24.2626 22.2701 22.7122 24.4737 26.2551 25.5063 24.0185 22.9101 23.6655 26.2023 27.6637 23.5864 24.2692 26.3112 35.2344 28.6071 20.8253 27.6538 22.2734 24.5397 26.1297 24.83 24.5859 29.0986 29.2471 24.708 27.5614 25.47 24.9389 30.5369 25.7042 26.7565 28.5247 31.7641 30.24 28.2014 33.2287 28.9205 27.6307 27.2612 30.1872 29.5671 29.7617 30.2103 29.7716 30.2631 30.88 28.5313 29.1283 29.5671 30.4083 29.6594 27.1161 31.2132 28.109 28.4059 30.9526 29.0953 31.6948 31.8993 27.4921 27.8583 29.6265 31.1538 27.4328 28.0628 28.551 29.0854 29.9233 28.4851 30.1477 26.6377 26.6377 26.6674 26.3145 28.4257 29.3988 28.1486 26.0835 26.1363 27.9968 26.6048 24.4111 26.6476 21.5114 28.495 25.8394 27.3338 25.1236 24.9323 20.1919 27.2579 27.667 24.4803 24.0152 24.4506 29.6297 22.4714 26.4035 26.199 25.4667 23.5072 24.4737 29.7122 23.6589 24.0218 25.4931 25.2259 20.8088 22.8573 21.7324 24.2824 21.297 23.2037 24.6717 24.9092 20.4954 22.9827 22.9596 22.9299 19.6839 26.2683 22.8408 21.5708 23.3291 24.0053 23.075
21.7492 23.2409 25.7484 23.3918 20.948 20.0865 22.5973 20.7334 20.4083 22.8386 22.3995 22.8789 25.2355 21.0854 20.4887 22.1079 24.1125 19.949 22.5973 20.3815 20.1099 25.1282 23.4052 21.6486 21.6218 23.3415 22.4397 23.8879 25.9528 22.8085 21.357 21.3368 20.5055 24.8567 24.5248 22.547 22.7783 20.4887 23.4186 22.3123 25.44 21.3067 25.3427 25.7215 22.3794 26.5093 25.6042 21.5816 25.336 23.013 27.6893 24.0488 23.9013 26.2646 27.1161 28.1687 29.5598 24.9036 27.629 27.5854 29.3822 27.9374 29.1073 25.4265 26.2881 30.5521 31.4471 28.6112 28.5709 27.0926 26.6233 27.5451 28.7989 27.6524 28.8391 27.0859 31.5544 33.0327 32.3221 27.8938 30.7867 30.4616 28.3966 28.5508 29.0201 26.2076 26.3015 31.95 23.9415 24.3974 23.2308 26.0802 28.9028 29.7107 25.7718 27.7329 22.4699 25.5673 25.3025 22.1917 25.6478 22.0106 26.6166 23.8778 24.2265 22.785 23.8912 23.5426 25.202 24.2432 25.098 20.9078 19.2451 21.7659 23.023 20.3245 22.7817 22.3392 22.4934 22.2453 20.9681 24.9975 20.3781 19.9289 21.1692 23.1403 22.2151 21.9872 26.1506 24.2399 21.7224 25.5808 21.7726 22.6476 25.3964 19.9289 27.0591 19.5937 22.3157 25.2388 20.8709 24.9941 23.9549 23.4052 23.3817 21.4944 23.9851 22.4096 23.3247 24.1628
22.8961 26.8807 27.0237 23.3831 25.2835 28.4098 26.7853 30.5792 27.0033 26.9522 28.6891 25.7296 26.2949 24.8237 24.9667 27.6299 28.1169 23.71 24.1153 28.655 24.507 22.8586 24.6125 25.5831 25.3413 24.3231 26.8841 27.7253 26.3869 26.9556 31.1105 29.2646 26.9624 25.464 25.7636 25.4946 26.8466 24.7658 22.2627 30.1433 25.6819 25.6989 27.2996 24.2073 23.2707 30.2353 26.0259 24.0745 27.0203 26.3733 27.4665 29.9424 27.0067 25.5355 28.8594 23.2707 27.9194 27.0578 27.773 27.8411 29.3498 26.1451 26.2064 25.9441 28.73 27.9501 24.9497 28.6414 26.7002 27.1497 25.0961 31.0833 26.1723 26.7547 26.111 26.4618 29.7312 27.6776 22.9438 23.3865 28.5426 30.0343 24.2345 28.4541 27.7117 26.6661 28.4643 24.6125 24.3026 24.0813 27.8241 27.6299 25.0553 25.5355 27.5925 27.4324 29.5609 25.985 23.9757 25.2596 27.7662 29.6325 24.4865 28.7129 26.5504 27.7083 26.3222 28.0216 26.3426 28.0318 24.8714 26.472 25.0757 28.1782 25.0757 26.6423 23.2809 29.1454 24.5649 26.22 26.7785 26.833 29.6188 27.7355 25.7841 20.0149 27.7832 27.7662 30.2863 26.8194 31.6179 27.9194 25.3958 28.8866 27.5346 26.7547 28.008 30.6541 25.1472 26.4993 21.9664 23.1175 24.1971 26.942 25.0382 24.7794 22.7973 23.6419 24.8237 24.3197
30.4155 28.2225 32.2281 28.7932 30.8652 32.0828 28.8935 28.9004 25.8219 28.9869 30.1976 29.914 30.8929 25.6835 29.3121 27.586 24.9052 33.7812 28.8451 25.7769 28.3608 28.9973 26.6278 27.1052 27.4234 27.6759 27.9803 26.8354 27.7417 28.8797 28.2363 30.0281 28.385 28.6652 28.3608 28.347 29.2671 30.4466 26.1955 28.603 29.146 28.8935 30.9517 37.3267 27.2228 31.4359 32.7954 27.963 29.5369 29.357 32.3561 30.5919 34.1686 31.6539 31.6296 32.5982 31.2837 29.8759 27.6794 30.8237 34.3588 31.7265 30.1803 26.8804 31.9721 30.0073 28.9662 31.1765 32.1658 27.7313 30.5781 29.485 29.8379 29.0561 31.6642 27.9285 26.7143 23.7776 29.3328 32.6432 28.2017 27.42 32.7365 30.4051 27.1363 34.4038 31.3287 30.2218 28.7655 34.0302 29.5369 27.8524 32.74 34.6771 33.207 31.0381 29.8136 29.8552 30.4155 33.1586 32.906 32.2903 32.5498 31.0935 30.5781 33.2865 31.3944 32.145 30.2945 29.7583 30.0869 30.374 28.52 27.7624 29.5092 30.4812 31.2284 31.3045 29.2014 26.7212 29.6545 27.458 30.0108 34.4315 26.9392 28.2674 27.5445 30.4397 29.4816 27.1294 29.8967 27.6759 28.9212 30.1146 28.5718 28.0011 32.5671 28.5234 24.6147 28.5372 31.5812 28.4058 29.4574 35.3654 27.1986 28.5788 26.7731 27.9285 28.6618 32.1693
51.5668 47.7311 52.1217 50.1477 50.5762 55.1776 53.6391 46.9233 47.8997 44.8825 38.2264 47.4501 42.6661 49.4768 38.7146 42.2692 40.9485 37.004 39.7964 39.5787 38.6198 39.7929 41.795 36.1364 35.1775 36.0205 35.6939 36.3507 32.7504 33.5969 36.6738 34.3451 34.9 32.5115 32.1181 37.2323 35.6096 31.7318 33.776 33.7163 34.8649 34.3029 39.3152 36.8108 34.3029 29.4346 34.6612 29.1396 30.9977 34.3696 29.2836 35.8976 30.5059 30.5094 32.6872 33.5934 31.5913 32.2165 30.0388 32.487 31.5561 32.782 30.4216 33.049 32.4343 28.5038 30.0212 30.808 29.5084 27.5133 28.272 25.4901 22.1638 29.136 27.5203 26.0732 32.4589 26.5719 30.095 30.7869 30.8326 32.1849 35.0651 31.7388 30.3795 32.4343 31.7212 29.3363 28.8129 32.206 30.2425 33.4283 26.161 31.0995 30.534 33.2281 32.9892 27.7592 32.9366 34.9949 35.044 31.8161 33.8428 30.6218 31.6264 32.8277 31.4543 34.3907 32.8066 36.7581 30.1266 37.1164 35.5147 38.3282 32.7188 37.8294 35.1459 29.5646 34.0114 36.3437 36.8249 33.3264 34.9422 38.3774 37.4536 31.9706 36.284 37.7732 32.7328 37.9945 33.7093 36.1224 42.7469 38.6795 41.1312 40.7272 43.2597 41.8477 43.3476 41.925 48.4547 45.4656 49.67 51.1523 51.7951 57.6188 52.4414 53.9447 56.1611 58.1035
49.9191 46.9202 46.7633 48.047 47.1555 42.6411 45.1087 45.936 44.3706 45.0873 41.4537 45.8611 47.0521 41.4037 45.3476 42.2596 42.5555 42.9763 40.8189 43.5397 41.2254 47.5549 45.558 42.9228 41.0614 42.7445 43.0868 42.8016 39.2749 36.8857 38.4797 36.8786 34.7676 37.7772 35.5699 43.0334 35.9586 39.0966 38.1053 35.6662 36.2724 30.6739 34.468 32.5995 36.1904 31.2552 33.3127 37.007 32.735 33.3305 29.622 34.7997 31.3942 33.4197 32.2394 34.9673 32.4783 29.6683 30.1426 30.435 30.5349 32.0111 34.3468 32.2215 30.5277 27.3576 29.1192 29.4936 32.6566 29.975 29.49 28.7448 28.7091 31.1446 29.2333 29.729 31.7722 31.3693 30.2032 30.8344 26.2522 25.7351 30.2175 28.1849 30.4314 30.7025 27.3434 31.8507 31.5725 32.407 32.6459 28.3133 34.3183 28.2634 29.5471 29.5935 31.6973 32.2572 32.7279 30.6383 33.9225 33.2164 34.9887 36.6575 36.276 37.6845 36.2118 36.7181 34.9031 33.4197 38.5296 33.7477 35.3845 33.5587 37.3564 38.576 38.2479 36.0014 40.851 41.4608 41.0792 40.1129 40.8082 45.6436 41.2326 39.2464 46.1286 42.6126 39.3319 39.7599 46.3639 38.6402 46.5707 43.0726 44.6808 45.7969 40.9402 42.0634 45.2549 47.7154 46.6421 48.4999 54.6653 49.7836 45.8861 48.0399 46.8703 44.0282 46.1927 44.2921
41.3291 42.6104 41.1409 42.462 46.2116 37.7315 39.7113 42.6357 41.9154 36.5263 37.0511 41.8467 36.5407 38.9114 38.2056 39.8054 36.2946 37.5903 38.6942 39.0164 35.8314 33.7901 37.2284 35.882 33.8624 35.7662 35.8784 37.7098 37.8365 35.1654 37.8835 35.4115 33.5114 36.3091 31.756 35.2161 33.1965 33.3014 30.4856 34.4126 31.9152 31.3398 28.8569 32.7006 31.0176 30.634 34.6623 34.4813 29.4831 31.9225 29.2587 26.3017 27.753 30.0658 29.8812 33.2363 28.7483 29.8703 29.8848 30.605 28.8714 30.6159 31.6836 31.3217 30.3372 31.4375 35.6287 30.9163 29.7907 30.9851 32.4183 34.3909 29.9934 29.9246 29.2731 26.5369 32.2446 29.7798 26.146 27.6155 30.9091 26.1931 33.0372 30.7136 30.6774 36.2693 29.1175 29.1899 27.1305 32.5052 32.2518 31.0864 31.2384 30.0549 33.9783 29.4577 35.5165 34.5574 30.5978 30.0513 33.4716 34.7926 30.3264 33.6887 33.1386 30.3408 32.3097 34.8143 34.8252 32.2337 33.4679 29.7147 35.4007 29.6351 33.4824 37.4058 31.1118 30.7462 36.2331 34.2135 38.4481 33.9674 37.4601 33.3775 33.6091 34.3149 37.9993 39.9284 34.4126 36.8484 37.641 41.2965 38.3649 41.0504 39.3276 46.483 37.9414 36.9678 42.6067 40.6704 42.176 41.1228 40.5908 45.8967 37.3479 42.6067 45.4552 41.1337 46.2442 43.5803
51.8813 53.534 52.4653 48.7999 50.2028 53.894 54.8195 49.8135 46.7211 52.3 42.4093 49.6887 45.1014 41.9428 44.0216 40.8667 46.4273 40.4811 45.869 44.3228 44.9582 38.9091 40.0036 41.9942 40.2313 38.3215 39.3719 34.994 37.7045 35.218 37.003 35.9562 35.3172 34.836 34.377 31.9162 34.9903 34.7846 30.3663 32.5332 32.9299 35.4457 30.2304 29.4555 31.9089 30.3737 34.8177 30.2378 28.6952 30.9429 26.2455 32.7022 30.9099 23.748 27.6411 28.6107 35.2841 29.8742 30.2965 30.4728 31.7509 30.1496 29.4885 33.3596 29.1653 25.566 28.1259 33.4514 27.9937 27.8909 32.5259 31.2772 29.1763 32.6471 30.8695 33.0952 30.179 29.2645 32.0778 29.4702 29.4922 31.6812 26.3263 26.5577 30.8878 28.5703 29.7493 29.5216 28.0011 27.575 32.5369 32.2394 28.2067 29.6134 28.8384 29.6832 29.4298 25.6982 30.8401 31.0274 28.6438 27.3804 28.3573 30.8805 32.4451 33.7306 32.3643 35.3392 34.7552 31.773 33.2604 33.6057 32.5957 27.9864 31.167 31.817 32.7793 37.2674 38.5749 36.8304 36.8157 39.5482 35.8203 36.026 41.3772 39.3609 44.0547 38.1121 43.265 39.1332 45.8506 43.8269 41.6747 35.8644 46.4677 44.5835 49.6079 51.099 41.234 53.5781 58.4959 51.7344 46.9267 49.1304 52.087 50.5664 51.4295 58.8154 53.8132 51.7931
54.1711 56.9732 58.3519 56.3621 54.078 56.4814 48.8315 53.6867 53.0943 54.1078 54.499 48.7794 55.6057 51.3355 51.0672 50.1469 49.4203 56.582 50.4412 46.715 48.4291 50.2326 45.7649 44.9079 44.3787 41.4537 42.8361 40.9581 39.013 36.4681 39.7434 38.8118 37.8989 36.3824 38.1113 35.8793 35.3651 36.8593 38.4914 31.3334 35.8868 33.3679 35.9017 33.8374 33.9529 30.7037 30.4019 33.7591 31.3334 32.4214 33.8001 26.903 29.7759 27.529 31.5421 30.4428 26.7837 25.3231 35.7452 29.6007 29.7237 31.285 31.9855 27.6967 29.4964 34.3404 28.971 30.1149 31.8141 27.8643 27.5178 29.2616 29.6939 30.0032 27.1862 29.9733 30.4615 29.4554 31.9557 27.0595 27.7302 30.3348 31.1098 27.0073 31.5048 29.2393 29.6454 30.8043 29.1946 30.8974 31.5607 29.1051 31.4899 31.3185 34.9627 30.0292 29.5784 28.6841 29.9696 29.9547 33.0884 35.0521 29.3548 35.2981 30.5956 31.0763 33.5803 36.9487 35.0596 31.0688 37.6493 35.5179 37.2431 34.1727 34.1243 37.9176 42.5715 39.5422 40.6339 37.3847 44.4942 40.1607 44.0285 47.2628 44.2222 39.3633 48.6154 40.8836 44.5315 45.7425 46.4766 48.172 47.546 48.9992 50.2102 49.0439 47.233 54.6555 56.9956 50.4934 55.2368 55.9858 57.752 51.7752 56.3137 56.9024 57.3309 59.8722 57.1931 54.6704
55.3749 52.1169 54.5698 47.3508 50.8129 42.1576 48.0689 47.0257 50.0305 45.5177 43.7942 50.8167 43.1819 48.8967 50.6164 53.7459 46.6176 51.3043 45.2758 40.1166 52.4533 43.8547 46.9124 41.6625 45.238 46.9161 47.0787 43.4843 38.8996 43.866 39.5535 37.6297 41.7759 44.7731 39.0773 38.9828 39.6782 39.2133 36.5676 40.5248 41.3186 38.6766 34.1751 35.9969 35.7059 37.3764 35.1654 33.2983 35.7852 36.133 36.4996 34.6513 33.4457 38.2042 34.2583 32.2248 32.5234 29.1747 29.7719 33.937 27.8178 34.8328 27.7763 31.4803 25.259 29.4355 33.8009 30.9738 28.9101 28.9706 27.2736 31.0985 28.3016 28.9442 34.5947 27.8783 30.0062 27.7763 29.7681 29.9533 34.4586 30.7243 28.003 29.4657 28.6191 30.044 32.0623 30.4862 30.7017 33.9483 28.7816 28.2563 33.2567 31.1174 34.5191 32.7238 31.8507 34.795 32.463 35.1238 32.9392 39.1037 34.2961 36.3068 33.2642 35.7285 36.0422 34.64 39.7084 37.6637 38.5406 37.452 36.9493 39.1793 44.2818 39.1604 45.272 44.3158 42.3542 43.9454 42.426 45.5064 40.4039 38.4612 41.2694 46.8972 49.2141 49.1574 44.9696 41.9649 43.8055 45.6273 37.6523 44.8298 49.5165 49.1877 42.6943 45.8654 44.021 50.1666 44.4065 51.9354 47.6229 45.8427 45.8049 45.1813 48.719 52.3058 47.8308 48.8967
41.6419 37.3566 42.4085 45.4366 41.0286 35.6854 38.3992 41.8182 34.202 38.8362 37.1305 41.6113 42.9337 37.9316 37.2991 37.8511 37.1075 35.0606 38.9971 35.3289 34.0142 39.7484 36.9925 40.7872 43.0257 38.9128 41.4809 34.1829 37.0768 37.2148 43.8229 33.3473 35.1641 39.4954 37.2263 37.7093 38.3609 38.9358 36.958 39.6909 34.0066 34.7042 40.9558 34.1867 32.4235 35.9154 38.1079 38.4337 38.978 36.0841 36.3984 30.3307 35.6011 29.3533 31.7297 31.5611 36.7433 32.2894 35.1373 34.2595 31.7412 28.8435 31.9674 32.5922 32.4197 30.5032 31.0935 34.0449 31.0743 32.7953 29.6982 29.0121 31.7067 31.6224 31.2621 30.6565 31.9061 28.0615 31.8831 27.4023 31.6301 28.717 28.4142 30.5492 32.6727 30.1122 36.2029 31.6377 36.2642 34.1369 34.6658 34.4742 31.3273 31.9904 32.7915 34.5623 31.3924 35.076 35.0223 31.4039 36.314 35.4593 42.2092 34.1905 34.7233 38.7557 32.8183 34.455 35.8502 39.4303 34.8077 36.6513 40.699 31.9022 34.2557 33.8072 32.4772 35.0645 33.2016 38.196 42.6922 41.0785 39.7714 37.9047 38.7442 34.3592 37.4218 35.0108 36.5172 39.6718 39.9861 38.7557 34.1369 43.3131 38.4989 39.4073 34.3477 36.383 39.6488 35.4401 38.4759 43.6888 37.3413 40.308 39.5491 35.3903 36.4865 45.7241 40.8753 41.5959
30.3959 36.793 34.3911 31.725 37.9433 30.5436 34.7293 32.7394 34.6165 36.1245 33.8237 36.2372 37.7374 33.3923 38.2581 35.1373 36.0934 33.3379 33.8937 29.7857 31.8844 36.1867 34.978 36.1517 29.2533 32.0865 33.1902 33.8509 32.9609 32.4518 34.9624 27.8153 32.2031 31.0138 31.8222 39.1132 32.7122 32.6889 30.2404 33.4934 33.1125 32.308 30.1316 31.2315 36.1595 33.4662 33.7732 32.5179 31.5229 32.0787 30.7612 32.0282 28.1106 33.5711 27.7026 31.9971 32.0087 35.3278 29.9217 30.6174 32.6189 31.5424 32.5956 34.0103 26.0353 30.7884 34.123 28.8568 30.6679 27.5627 28.9968 32.9143 28.6975 29.1988 31.6318 28.7053 29.7002 28.6703 30.8078 34.1424 27.1079 27.0535 27.4927 28.6742 28.3399 32.1409 31.2664 30.1938 33.4778 31.5424 33.5517 29.4126 32.444 33.6877 32.0593 34.1463 34.088 32.4052 32.1953 33.9248 35.5687 32.137 30.1316 34.3134 33.505 32.343 34.8031 32.3857 34.9586 35.4249 33.404 30.8156 34.3056 37.1427 28.1767 34.2668 33.1863 33.5983 34.3017 38.3009 33.0814 27.3334 30.9439 29.3077 32.0904 31.9038 34.6787 32.3119 32.6966 35.8019 32.9648 38.9538 29.3504 34.6438 28.8646 32.7744 33.6955 32.7705 34.1346 35.0751 35.4133 32.5878 33.5633 37.4187 32.9609 31.9621 32.0942 35.079 35.079 29.6808
31.6805 31.8499 31.2234 28.5246 29.7302 34.2414 36.3295 30.8137 31.8972 29.0762 34.3281 29.1195 27.0432 34.2493 27.8549 33.0634 27.8824 30.3409 32.5827 30.5615 29.4663 32.4527 29.9666 26.2513 30.924 28.3592 28.828 26.6768 32.3069 31.5307 27.646 32.4724 32.7521 27.6776 31.0383 29.7972 27.8194 30.4433 27.8864 28.371 27.9494 30.3527 25.0575 31.8144 31.9878 32.1375 32.7285 30.9043 25.9913 28.6704 31.5465 30.1754 32.7954 32.9491 28.6271 31.2077 36.8693 34.8324 27.4175 29.2338 31.5032 26.2237 30.0691 28.4025 29.2574 28.8241 28.3828 29.6475 31.8578 33.4534 31.4795 31.6253 28.0834 29.8681 27.8588 29.5845 31.6371 29.1589 34.2571 30.6206 28.5837 32.2911 29.6278 27.4372 27.0984 32.1769 28.8674 28.2449 29.2062 33.6189 33.5243 37.4957 27.8076 29.9942 31.7002 30.924 31.385 27.8942 25.8573 30.1873 37.5587 30.597 26.795 30.5576 31.2904 30.8216 30.4749 30.27 33.9183 36.4398 27.6973 34.6196 26.2119 31.8184 31.7317 26.7162 27.0078 32.4251 30.073 31.712 27.0275 31.3968 26.5705 29.2299 32.0823 32.9018 31.8656 30.8294 32.3818 27.8903 32.5827 31.9247 32.2951 28.3631 30.5261 27.9021 28.4734 33.1461 31.9681 33.1225 29.6751 31.0619 30.2385 29.1865 32.9294 31.4322 32.5984 26.862 34.399 26.795
28.4682 26.2758 29.4625 25.7887 26.0243 29.5863 30.349 24.9301 27.0266 31.523 28.8954 27.8572 27.2302 29.6382 27.7254 31.0358 25.0659 28.0888 29.5344 30.3969 28.8555 26.2119 27.8292 24.962 26.6392 29.5903 32.2498 26.196 30.7962 27.7893 30.0615 27.2901 28.5201 28.4801 27.8652 29.0432 26.4236 26.9467 26.1241 29.5663 28.6159 26.1121 29.5144 26.8229 30.2691 27.4618 28.6159 30.4848 29.0552 34.1586 28.8755 28.544 29.7141 30.3969 27.8372 31.4272 27.0665 31.7826 33.0325 35.1809 30.5806 29.8139 31.4671 27.6296 25.6209 27.3141 31.8225 28.4642 29.2189 28.8156 27.5537 30.1453 29.135 28.556 25.7487 29.6582 29.3307 30.4408 33.5356 28.8355 27.5577 26.775 29.3866 27.7573 27.949 29.167 29.4265 27.3061 32.0861 31.9503 28.9953 28.2405 27.4499 29.4345 28.9513 32.2618 32.5253 26.2159 28.4003 29.73 31.8345 27.1863 28.8435 29.6342 29.9816 29.9856 29.6701 31.4711 30.0974 26.7391 31.3513 27.378 27.1943 29.0192 30.2651 31.1317 30.5566 28.8795 27.2183 27.5856 28.2885 29.3028 28.9114 28.0249 28.1128 26.0442 27.1344 27.2143 28.2206 29.0152 24.6106 25.5491 29.143 24.5428 27.6415 28.4682 27.5178 27.2222 28.6199 31.3793 26.4396 32.3856 27.0386 29.1111 31.2834 31.2874 23.7641 26.767 24.2313 31.3912
34.0531 26.8944 28.8935 26.1418 26.1377 25.8666 30.4636 26.4695 28.7155 24.9723 32.3089 27.724 27.8009 26.9511 29.2861 27.206 28.4322 33.8103 27.1494 27.9021 26.7407 30.0833 23.908 28.5293 29.6017 26.3603 27.805 26.0284 30.7874 27.7523 27.8899 29.4115 24.4017 31.0261 25.9111 28.3027 30.0266 28.1004 28.068 29.4843 28.0113 31.2608 28.9178 23.8513 28.3148 33.9438 34.6115 31.4915 30.9371 27.7645 29.5167 29.974 26.6031 29.2739 27.8414 31.6655 26.4938 28.6224 27.6593 27.2546 25.1665 31.536 27.7321 29.4236 25.9758 30.7226 29.0311 30.1197 25.8747 27.5419 29.7595 29.5289 29.5936 30.2168 29.0473 27.2951 28.4241 29.715 28.938 31.8962 26.9673 27.2425 29.6705 26.6719 28.9299 29.197 26.6638 29.2213 28.3351 30.6538 30.4394 29.5976 30.9088 29.6057 33.1021 28.242 33.0738 27.2667 27.6836 29.6017 30.3584 28.2703 28.9178 31.6008 27.8859 26.077 25.7937 28.3836 29.7717 27.6309 27.0361 30.8117 29.9052 27.3639 32.6408 26.9794 30.7105 26.7245 30.411 27.7928 29.7352 27.0158 29.2011 29.3994 27.6714 28.0356 30.67 31.3175 30.5082 32.7096 28.6305 29.2577 25.5428 27.5581 22.8518 26.9106 31.0099 27.1656 27.2748 31.5927 31.5441 28.3067 27.6795 26.68 25.6764 25.7128 25.6278 26.9632 26.9875 31.1071
25.9579 25.3347 24.773 26.9297 26.8887 26.6837 28.9428 27.5324 27.106 30.2959 27.475 30.6977 26.7862 27.7497 30.2262 27.8891 27.3438 26.3024 23.5061 24.8714 27.7292 27.6964 31.9154 26.7165 29.1028 27.7784 26.3926 32.7314 26.9871 29.4513 29.2422 29.4431 28.1597 28.1843 32.4075 29.6686 27.8604 28.7378 25.5028 28.0121 28.6271 31.5341 32.1246 30.5911 33.6375 29.7875 33.6293 28.1351 31.899 33.1004 27.7866 31.7104 32.3173 30.1319 29.5415 28.0613 27.5652 31.5095 30.4312 26.0072 28.2827 27.7989 26.5812 28.09 26.5771 31.7391 30.6239 28.3196 32.5346 30.382 27.5078 29.7137 26.2327 23.4118 30.7838 26.8723 30.9109 25.4618 25.2896 27.5406 27.2659 25.4208 25.9169 29.9679 30.259 30.8986 32.0959 25.2568 29.1356 32.8462 25.0764 27.6185 26.5033 26.9256 29.3734 30.6321 29.152 28.377 29.7834 33.8425 28.131 32.5551 29.931 29.1438 26.1179 30.1196 29.8326 29.2504 35.0356 30.3205 30.6526 30.0704 27.9916 27.0691 30.054 26.2368 31.079 28.3811 29.1479 26.3024 27.4217 27.9219 31.1692 27.7251 28.3483 28.2909 27.4094 27.4258 29.2955 28.9059 32.063 29.2709 30.8043 28.3114 25.1748 29.4718 26.2122 27.27 22.9033 27.8686 27.3151 27.9219 26.6304 25.3429 25.8964 26.0892 23.5184 26.696 26.1056 27.721
27.7375 29.1497 29.6647 27.2141 28.6886 27.2889 26.184 28.4311 32.0032 27.779 28.1694 29.158 31.7789 29.6356 30.4705 30.6283 31.3261 25.5984 30.5868 29.9679 30.8609 28.8215 29.565 35.4298 28.6471 31.9658 30.0967 30.1174 30.1382 31.7041 32.4434 28.4685 30.0593 31.2846 29.7395 28.186 28.8091 29.7021 31.5504 30.9606 27.9285 31.675 29.8101 30.0385 33.1828 28.0157 30.8443 28.8091 35.6417 33.5732 28.3563 29.9596 32.4642 30.3542 28.2774 26.8112 27.4384 29.1912 32.1236 27.1933 32.9502 31.6169 35.1516 28.5516 26.6243 29.9928 30.3957 25.5153 29.6564 27.9451 26.7988 28.6471 27.4716 26.8611 23.642 29.5692 25.9556 26.724 31.7623 28.5308 25.5527 26.0677 29.3698 29.1206 29.2992 30.2296 27.2806 27.8579 30.267 30.2587 25.4447 23.8331 27.0812 26.8943 31.783 26.5994 31.351 26.915 28.0448 30.7239 30.4746 32.4393 30.2753 30.159 30.429 30.6159 30.9398 32.3604 31.567 32.1319 27.6668 32.7259 33.0332 31.8661 31.16 27.8911 30.4082 31.4798 34.6282 25.9431 31.7373 26.0179 30.4497 29.1538 27.4426 34.4621 30.5203 30.4954 31.106 31.1475 28.2774 29.4612 32.3936 24.4852 28.9337 27.4218 25.5568 27.3802 32.9876 32.946 30.2296 26.7572 28.0282 27.7416 26.724 26.915 27.5962 27.3719 26.5786 26.2297
29.5246 28.0732 32.9491 30.4585 31.6491 33.2604 32.4064 28.944 27.3664 28.8725 28.9819 30.7656 29.777 30.8287 30.0925 33.3487 31.5145 29.6844 29.0744 29.0282 30.7152 27.7787 31.2789 29.8233 30.3071 31.9899 33.1468 34.3121 27.6441 31.7795 27.9386 31.2705 28.4392 30.5301 32.4737 29.8906 30.9508 32.6377 27.9848 31.8426 26.4114 32.9659 28.4097 31.6028 30.0883 28.069 30.9802 26.8952 30.5132 26.8489 26.9836 29.8359 30.2818 25.8224 27.968 29.0997 29.1964 28.0185 29.2301 26.7816 30.3365 27.4211 28.5317 27.013 27.9343 29.1417 26.1464 24.3752 31.5776 29.0282 27.7955 25.4648 29.5456 30.3155 26.4703 26.9331 28.902 25.9949 35.4438 27.5599 28.3971 28.4686 26.7185 28.6453 31.5986 26.2978 25.5616 27.1687 30.732 29.0576 28.5402 31.5902 26.4914 30.6941 30.2314 27.2402 28.2919 33.1889 29.1165 31.0601 30.1346 31.5229 28.7589 29.066 30.1598 30.8666 25.8561 31.4977 31.7964 32.5789 30.6478 28.6958 34.8548 30.7362 32.3601 30.6857 30.387 32.8818 31.5145 29.6929 27.9512 28.1573 30.6731 32.095 30.9129 31.6701 29.6718 33.0416 29.0534 30.3155 30.1683 26.3062 29.3689 30.7236 26.8405 28.9945 29.7349 27.7871 30.1009 29.9958 28.1195 31.687 31.9352 30.3954 29.6424 29.9242 27.5094 30.1009 29.6466 25.4186
38.3777 39.1701 33.065 34.8075 34.931 32.5836 35.4977 32.2811 35.4593 29.7887 35.83 35.127 32.2172 35.1611 30.8496 31.4375 31.3608 32.2981 32.5665 28.2039 33.3462 33.0863 31.0711 29.6439 32.9883 31.4333 29.9932 30.4491 31.5525 30.628 29.8825 30.5343 32.5367 28.1868 31.5525 30.6664 31.2245 30.2403 25.5411 30.6366 31.7485 25.5241 31.8763 29.0261 29.482 33.2567 29.1795 26.6531 31.6676 30.807 30.7985 32.3578 27.3347 31.5483 28.1655 22.1924 31.4631 30.496 28.3232 28.2039 26.8278 27.8716 27.0195 26.7425 31.5355 26.7425 26.8874 27.9568 31.3267 27.1473 28.992 28.4339 29.3755 29.712 30.5428 32.247 29.5672 28.6043 28.5703 29.171 26.8278 26.1504 29.0432 29.4777 26.0396 28.4851 27.4668 28.6938 27.5733 29.5203 30.9092 29.6354 29.0772 30.6664 28.6342 31.7741 30.7132 28.8727 27.4924 31.2245 30.7345 25.9757 28.5234 32.362 29.6609 27.454 31.4588 31.9956 33.0905 27.9397 28.6086 27.2453 30.4917 30.7005 30.9816 33.1246 33.5762 32.4217 34.0832 34.2962 30.2105 29.9421 31.2202 27.6415 31.3225 29.7334 32.4004 32.5793 29.3329 31.4162 34.8373 33.0522 26.5721 30.9987 31.1819 30.7729 31.1947 29.678 34.4496 29.286 29.3073 32.46 31.02 32.9031 30.4619 32.967 34.8799 33.0181 34.7564 30.8837
45.1356 39.3076 41.0374 41.0029 35.4942 34.9506 40.468 38.8978 36.275 35.5891 33.1474 36.8616 32.8498 34.8083 33.4796 31.7972 32.1811 28.2858 29.1226 32.811 29.8344 31.9051 34.3639 31.2321 30.7403 33.6867 32.6384 31.038 29.6791 28.6869 30.4858 29.7093 32.276 34.2863 31.0509 29.4548 30.2701 31.3011 31.396 32.7764 30.5721 30.6195 27.781 30.1191 29.554 30.6584 29.9509 30.9776 31.1199 30.0932 30.6497 33.4969 28.9501 28.4454 29.3513 31.4737 29.6403 30.6109 27.8716 29.2175 28.083 28.4842 28.6007 29.7999 26.6336 28.592 29.2391 27.3367 28.5791 24.9425 26.021 26.2151 27.6818 25.7104 28.5101 24.839 28.7258 28.9415 29.0234 28.2728 29.9121 28.9415 24.9253 27.9838 29.6317 28.6913 31.4003 27.3885 30.0501 27.1038 29.6576 29.1399 30.6756 32.5262 31.1501 32.3407 29.5411 27.8803 33.2423 29.5885 29.0407 31.2062 30.063 29.5626 30.1234 29.2089 25.5724 29.1313 29.5454 27.3712 29.705 32.289 30.9172 32.3796 28.976 30.516 29.8128 31.465 30.805 27.2073 30.2701 31.3399 32.0302 29.8517 28.3807 30.5376 32.4227 31.4909 33.389 27.8155 32.207 32.2113 32.1553 36.0204 28.7215 34.3035 32.7333 37.7028 37.1765 36.866 34.6832 33.4623 37.7028 35.451 38.1601 38.6432 39.9978 42.8363 37.4613 39.7088
56.7611 55.5252 45.3277 49.363 43.2751 47.4283 41.1264 37.5976 41.895 36.1958 40.9648 40.3708 40.991 34.8288 34.8987 37.9863 36.4534 34.6279 40.4844 32.6321 35.4009 30.7454 36.1958 33.9554 32.702 29.6056 30.776 33.9816 36.9906 33.3439 33.0688 29.492 31.7368 28.8064 32.0469 30.7018 30.1777 34.9205 30.8983 32.6495 30.5096 30.8895 28.8762 29.0378 29.6929 33.8025 31.4005 28.1862 28.7103 29.0509 32.0687 26.5529 31.287 30.6013 27.767 29.7803 29.1383 33.4051 30.824 30.6799 25.9153 27.4918 30.6319 25.3344 27.6665 28.9156 27.7408 27.2516 29.5706 27.0158 25.4349 29.5444 29.5008 28.2692 21.5786 26.6227 25.7318 26.7669 29.1121 28.4395 30.1646 30.4004 32.9989 25.7668 29.3566 25.627 30.942 30.9594 31.4704 31.3612 28.802 32.6452 27.4263 29.9288 28.2343 30.9332 30.5795 32.0905 26.9983 27.6228 29.7017 28.754 28.7758 30.4528 28.3041 28.4963 30.6144 31.4092 31.1035 30.1558 29.5444 33.3177 30.6625 31.1297 33.226 30.003 31.6538 31.6451 31.0031 31.1953 30.6319 30.003 29.8851 35.9468 34.2218 32.2696 34.2654 33.6802 38.3925 34.938 30.0467 35.5494 31.9683 36.3355 40.0302 35.283 37.2177 40.3708 38.7331 40.1612 39.0563 44.0088 50.35 47.3541 41.2967 47.3759 49.3324 48.079 55.6431 47.5288
65.6204 70.9208 61.076 60.8771 58.2247 56.337 55.5369 52.0048 50.8377 44.4056 45.3296 42.2881 40.8337 43.2828 39.0124 39.9452 44.304 36.6518 36.7977 38.5261 34.689 34.3088 37.1115 34.3088 37.0452 33.7386 35.2062 37.0496 30.3081 32.1073 33.4159 31.1923 28.5001 31.6918 32.5096 33.9552 34.3 28.9421 30.6927 28.2039 28.3586 29.3533 28.8537 32.2621 31.8465 28.8316 28.7388 28.6681 28.6681 33.628 28.5001 29.6671 29.0748 28.0094 28.8581 28.4117 29.9987 28.3807 27.585 30.6529 29.8174 27.7662 27.6292 27.6469 26.3251 24.8707 26.7495 25.2199 29.7202 28.9245 29.0394 29.4682 25.9051 27.2092 26.8909 25.8919 27.4568 29.2604 27.5143 29.0173 26.0554 26.6876 28.1243 25.9361 26.3118 28.2746 31.2453 33.6059 29.0305 30.401 29.004 30.7104 30.8121 30.1976 30.1136 30.1534 30.9314 28.9863 28.8449 28.4559 30.3302 31.4487 29.1632 30.1755 28.8139 32.9959 30.2197 29.256 26.2632 27.9784 26.4931 30.6971 31.8951 28.5841 31.6387 31.2188 33.9375 32.7174 32.0897 28.9289 36.1567 36.665 34.552 34.7995 38.9903 36.7048 35.1974 34.1983 35.6925 36.0594 34.0303 39.985 43.0706 36.7667 40.6879 41.7886 38.9771 41.6825 46.6911 42.6374 47.8759 50.21 50.8289 52.0446 55.7049 56.9603 53.8791 59.4846 63.9715 63.6444
76.677 68.8832 71.3171 61.5277 58.0424 57.7561 57.1029 54.7853 54.669 50.4946 52.4632 49.7967 43.3763 43.5464 47.6759 41.8015 45.3584 38.8754 38.8038 37.0723 38.3654 36.2625 38.2759 37.824 33.3141 37.1216 32.7548 33.0815 34.3968 31.7303 31.4126 35.8106 29.7706 34.6921 34.1597 34.8756 26.5314 31.1889 30.0301 28.7908 31.0099 30.0838 29.8109 30.2493 27.9541 31.3187 27.453 29.0637 28.9563 27.8826 27.726 29.9854 26.9072 28.8266 26.0079 29.9943 26.1466 23.149 30.907 27.4441 29.4574 25.6768 29.3277 27.5515 26.3479 29.6409 28.3031 27.2875 31.8019 29.0727 28.0928 25.0907 23.2921 27.0146 28.8758 25.6097 25.9766 27.3054 26.2674 25.2742 30.2091 31.3187 29.1487 25.2563 28.5671 32.1061 27.2204 26.5359 32.6609 28.8311 26.1734 27.3501 28.0794 30.1285 30.4238 29.3143 27.4262 25.8916 29.5961 28.2181 29.2516 27.7618 32.4282 33.3186 30.4328 31.9763 31.0681 32.1822 31.0278 30.2493 32.8622 26.1913 32.0345 29.6946 31.6945 29.368 30.5804 33.7705 31.0636 32.4909 29.6409 32.813 34.7682 40.0118 37.815 32.7638 37.1529 35.0501 33.9494 39.8329 36.522 44.8931 41.9715 42.0252 39.6002 49.1166 44.1504 47.1614 53.7383 47.9623 54.3647 54.9642 55.5727 59.4741 56.5749 65.4694 64.4225 62.427 66.6908 71.9255
66.8126 69.0627 62.6699 63.5663 64.6665 56.757 58.9981 61.2845 53.7597 48.9153 48.6889 55.8152 48.4806 44.9039 48.2995 45.1212 41.4313 42.6311 46.484 37.592 34.2371 39.9418 34.966 38.6922 33.9654 34.2552 34.7215 34.5948 30.1533 34.6627 34.9117 33.8839 31.928 33.6123 32.8652 30.4204 35.0611 34.4544 32.6796 26.4588 30.6105 32.2269 31.7515 28.0389 31.6881 29.7594 31.1674 29.8816 27.2828 28.22 29.2795 24.8878 30.1397 32.1544 31.267 31.0361 26.6807 26.1328 26.1645 24.3762 27.4368 26.6218 26.7486 25.5216 25.6891 26.6761 29.6824 27.894 26.5629 26.3411 30.3887 24.9421 27.3462 29.4153 27.233 23.2669 27.2466 29.4017 28.5505 27.3462 26.486 25.7118 24.924 29.0848 24.4803 26.074 26.9568 28.6184 26.8029 29.1482 28.2834 29.0485 25.8883 30.194 27.0157 30.0989 29.3247 30.5426 32.1408 30.194 27.1425 26.6173 27.1425 28.7452 29.3836 27.0972 31.6881 26.984 30.8731 28.1974 28.3604 31.2263 29.13 31.2489 33.4448 30.2031 31.4029 28.3106 34.1194 34.1646 32.494 35.3554 37.9496 34.9479 37.2524 36.8042 40.3492 38.2983 35.8987 37.0124 42.1919 41.7709 41.875 43.6226 42.6718 45.3431 47.4755 47.3624 48.8157 54.0042 53.8729 56.843 49.0511 56.3359 57.0693 64.6031 66.1425 62.2805 65.9931 67.3694
77.2896 72.2781 78.9479 65.851 63.6201 59.511 58.833 59.992 57.1152 45.4475 54.7147 50.4499 48.3564 49.1764 46.492 40.1015 40.9673 41.2468 43.2212 38.2508 41.8286 41.5583 35.6809 36.3635 32.7262 37.0919 36.8445 36.5101 38.9975 33.6378 34.0455 32.9095 28.5209 31.5214 27.8521 32.2727 33.221 28.5347 30.3075 34.1601 29.318 29.0019 29.089 34.2471 28.6904 29.5471 30.5182 30.6419 25.6212 27.9254 28.1636 27.8292 27.2062 28.6171 27.3161 27.2199 29.231 27.5452 30.193 28.5209 28.1865 27.4215 28.9836 29.1439 27.2658 28.4568 26.1343 30.1517 27.9895 26.1755 27.3711 28.2232 26.9909 27.8155 27.2291 28.9515 26.2854 25.0577 27.2978 27.3207 26.7573 26.9909 29.6478 27.1604 27.4444 25.58 31.7322 28.1819 28.2232 26.5374 23.7201 30.761 26.4412 25.3876 28.3377 25.9877 27.843 32.1261 32.63 26.0197 30.0601 26.0747 25.8869 29.0706 27.6047 29.9044 29.8723 31.2145 26.7848 27.5681 32.3048 27.8888 29.0523 27.023 28.8279 36.4872 34.38 33.8898 29.3913 32.7949 33.9264 33.2988 34.9984 34.5815 36.8033 38.6311 36.5925 35.1816 38.0493 37.8248 38.3608 39.845 43.3586 40.917 41.1139 47.7013 47.8296 46.5698 49.2955 50.8668 51.4119 55.2186 59.7263 62.9055 64.5683 61.4945 66.9962 74.8755 68.4942 78.0088
82.209 86.8897 79.4422 75.072 65.7014 67.9305 64.8486 62.4619 60.0057 50.6304 49.7684 46.6124 49.1938 44.6938 45.7273 48.0352 40.977 43.4471 38.3262 38.3586 35.2814 40.9075 42.2839 36.0322 37.3761 39.4199 32.1671 36.491 37.5059 38.2242 33.2284 33.3072 31.5322 31.1244 33.1542 34.8365 34.7994 33.4508 30.1836 28.8026 31.4673 29.9797 31.4349 32.4683 31.6156 32.1439 29.0018 26.5271 26.3556 25.2897 26.3649 31.4395 26.1934 29.4189 27.6393 29.4514 27.8201 29.5858 28.3716 26.833 27.1944 29.785 28.4364 23.816 27.1481 26.212 23.8345 27.1666 26.1563 28.8721 28.5152 26.3232 24.8124 28.2094 29.5719 26.7356 30.5914 28.0935 25.8273 26.921 25.6558 27.4818 30.4756 24.4787 29.9751 27.0137 24.7012 24.7938 26.2722 26.0544 27.7042 28.024 31.1475 29.507 27.2408 30.4061 30.6702 29.1223 29.6228 29.507 29.8731 27.0461 31.8056 29.1733 30.99 30.749 29.1779 28.6774 31.5415 35.2443 31.9308 31.3561 33.3906 30.749 31.8844 29.0853 37.784 32.9874 37.4874 33.6362 35.1099 32.1578 36.1758 37.2047 35.2814 34.9894 37.4039 35.2212 37.6635 40.1058 37.4642 44.1284 41.0605 41.7 45.5187 49.444 49.8148 44.2257 50.978 55.9831 54.6391 65.5948 53.0542 58.6849 69.1725 67.2075 74.8867 75.8784 75.846 85.6616
84.0332 80.808 80.644 75.8765 74.278 69.9699 70.223 64.9258 62.8304 57.5379 54.1205 51.5844 48.5655 49.2264 44.3558 40.854 39.3961 41.3135 40.3243 37.2913 35.3271 39.6774 35.5615 37.2398 36.1475 32.8989 31.9191 36.2178 35.3131 33.5411 37.7835 30.8409 36.7569 34.2536 36.321 32.0691 35.224 29.8659 33.9349 27.7751 36.3256 34.1177 30.1987 30.7237 31.1972 29.8237 27.9955 27.3439 31.2394 29.1627 27.2313 26.5422 30.8784 28.5861 25.6 25.5484 29.7768 28.6611 29.2612 22.8858 30.6534 25.2062 25.8906 30.194 25.3656 29.7299 28.5299 27.6486 29.5846 30.855 24.5218 26.0688 26.8001 25.5016 29.5565 26.4907 29.5659 24.1608 30.3581 31.0894 28.1408 27.5876 25.9328 27.6251 26.1157 23.3499 27.7517 26.0313 22.3889 26.5985 27.9861 25.3047 32.1488 28.6283 29.9456 24.7468 26.2797 26.3266 30.1237 29.2752 24.9906 29.1158 27.0766 26.1297 36.8929 30.4706 29.8846 32.7301 27.4001 33.138 31.3285 33.5411 33.7849 30.63 35.4725 33.0817 30.6675 31.8066 35.6647 32.2988 32.2004 35.8944 37.6289 34.2724 36.3163 36.2647 40.2118 35.149 39.6821 40.029 42.0166 37.371 39.818 41.7916 47.3279 45.2934 46.2075 44.8059 50.5296 51.6922 59.9193 56.4737 61.2459 66.2572 68.737 70.598 71.7466 81.5581 86.5318 83.9723
69.7811 78.2394 66.3864 69.6483 64.9403 64.0679 64.964 60.4646 53.5282 52.5089 52.4899 51.7455 46.497 48.6827 42.9411 43.6191 38.674 41.3718 41.8554 40.9498 39.9731 39.627 35.1655 36.8771 39.3852 36.3461 36.0521 32.885 33.1695 34.516 35.872 29.3149 31.1687 33.3591 31.823 29.3007 32.1596 29.4334 34.9332 37.7637 31.126 31.7329 33.0652 30.8131 32.61 32.6148 30.3153 28.4994 28.1011 28.9546 29.8506 31.6902 28.836 33.8048 28.0537 27.8309 27.1387 27.2951 31.2777 26.0672 28.2766 27.2951 27.6697 26.9111 26.6835 29.9739 26.6124 27.793 26.6977 27.5512 29.1158 28.0585 26.5602 27.755 27.1956 26.4796 26.6598 27.5559 25.4034 25.631 28.6369 26.4986 25.6452 28.7697 28.0869 27.6318 26.9917 29.3481 28.5563 23.578 27.4231 28.3809 26.6693 29.9644 29.3576 24.2987 29.8269 29.3813 30.9174 26.6361 31.2967 28.6416 31.5717 31.3868 30.3911 29.4097 30.2394 32.0411 30.3532 32.482 31.5954 35.6966 33.1079 31.3915 31.2493 31.8562 34.0277 31.9036 31.5575 31.9083 38.8684 29.7321 38.0719 37.6452 38.2284 34.2505 36.1138 34.9996 39.3947 38.8447 38.4559 43.1829 38.4133 42.6329 46.3026 43.9747 51.224 47.7961 51.5085 52.1628 54.998 54.2299 60.4362 64.2908 65.5756 65.4192 69.2122 76.9451 73.1758 73.4555
63.9796 54.515 60.1774 55.167 54.3855 57.0082 54.256 51.9402 53.2588 51.2402 46.297 46.2682 47.1264 46.1819 46.6853 43.0366 47.721 41.7804 36.3002 38.1653 37.9543 32.2295 37.5755 37.82 35.6289 42.8065 32.7138 33.4617 32.7234 36.3049 33.6727 33.8597 33.3706 37.7098 33.8693 34.4015 33.1453 31.1651 32.6994 34.1426 35.5234 31.7932 30.9877 29.1801 30.6808 31.5966 29.7411 29.1657 31.4959 32.1864 31.8363 28.3123 30.6856 31.6685 32.5412 30.2781 30.3069 28.2835 30.8487 31.6733 29.2568 26.5047 30.139 26.941 25.7568 25.7088 29.511 24.5006 26.7876 26.1355 27.8568 25.5698 26.8403 26.4855 24.9992 24.0307 29.511 26.8883 30.35 24.9896 27.2719 25.8958 25.728 25.143 27.6986 25.5506 27.9335 26.965 26.7732 25.2293 29.3671 26.4184 28.7774 24.9273 32.0569 29.6212 31.937 32.0809 31.6542 28.4322 27.7849 29.0123 31.1939 32.4692 36.1611 35.1638 33.3419 31.1843 28.5089 28.0726 30.9733 33.8693 32.685 32.2535 31.5535 34.6939 33.9316 28.6575 35.2405 32.6706 33.5289 33.7734 41.1379 37.1728 35.5905 35.4899 36.6933 40.7927 36.6837 35.7488 39.0954 44.1058 37.2543 43.5784 43.0366 45.6257 44.1538 48.1573 44.3455 46.225 50.6888 52.2663 50.8998 54.2704 59.9329 54.4334 64.1665 54.2129 56.0876 63.3802
47.4624 45.6929 47.7339 45.1063 49.3193 46.7983 48.529 45.2517 40.5734 43.6858 42.1587 44.1173 40.9515 41.0436 42.7744 41.7466 42.4883 36.1277 38.1396 35.6526 40.1807 42.0375 37.8148 38.959 40.7382 34.906 30.4749 38.2608 41.6157 33.7473 34.1982 35.2066 34.1012 36.2974 33.3885 32.8262 31.4348 33.6406 36.4283 30.1355 34.1836 34.5957 30.5621 29.4665 33.5728 35.5702 30.7851 32.7001 28.2011 32.2153 29.6701 30.1161 33.1801 27.7648 29.7961 30.9403 33.5873 30.7561 29.9658 32.3414 31.556 29.8592 25.7819 26.4655 29.9804 26.5528 25.6171 28.8556 28.1187 23.4597 28.143 22.7228 26.417 30.0773 27.983 26.9891 24.4536 24.056 24.5505 26.7758 25.8789 28.4387 28.492 25.8498 26.068 29.3113 34.2176 29.5586 29.8349 31.7887 29.738 28.4969 30.5961 33.4273 26.4267 32.448 30.0822 29.1126 29.2725 34.6539 36.5252 28.9089 32.1523 32.991 33.471 33.4079 32.4092 32.4189 33.4176 31.8953 35.1532 33.6164 32.8892 36.6464 33.9267 30.1985 33.8734 28.8702 34.0091 37.2621 35.0223 34.7363 37.4367 37.5967 35.8514 36.884 40.1661 37.2379 36.9373 41.0873 42.8326 37.6112 38.6051 40.137 39.5892 41.4799 44.3791 39.5213 42.9974 41.0727 44.8978 42.7017 43.3319 47.8309 48.5533 49.7944 48.3545 46.0226 43.2786 48.8199
43.7947 40.1578 35.8592 39.7853 36.8787 40.1235 41.888 37.4865 41.0303 38.0894 40.8636 39.4373 44.7015 39.0648 38.6677 41.0352 34.6828 38.5795 41.2067 39.648 36.3493 35.9817 37.6482 35.0063 34.8201 38.2021 34.4868 37.0356 33.6682 33.232 33.0507 37.3394 35.4769 33.5261 37.7757 33.3447 35.3445 39.3294 35.8592 31.8939 31.7077 34.2515 35.3102 34.9867 33.6829 31.1685 29.4383 34.7956 33.5457 31.1832 30.6979 28.3403 29.9382 30.6734 30.6538 31.3106 32.3546 29.2765 27.1787 29.649 27.1983 27.0463 30.5999 27.3698 27.7375 27.6198 25.3602 25.4485 28.0512 24.5809 23.483 25.4583 28.4237 25.3161 23.6153 23.5712 26.8699 22.5027 26.9091 24.6397 27.4238 25.522 25.6641 29.0314 27.4385 26.9532 28.9677 28.5805 29.2079 27.8159 26.3209 29.3745 32.5997 35.2269 31.8498 33.1291 32.8399 28.6834 30.9185 33.4428 33.1928 29.8206 36.4915 29.7324 30.1539 31.0803 35.0554 31.6047 37.4081 33.7761 36.6679 35.6043 34.1339 37.3296 30.6244 35.4328 34.6387 34.8446 38.0649 33.433 36.8395 34.5015 33.9721 38.5158 39.9764 38.1531 37.8982 35.918 40.5352 39.4667 38.4178 38.7707 36.565 41.8096 39.4569 35.0701 38.7903 39.7755 36.2709 40.893 39.9176 42.6919 39.9617 39.6333 40.295 38.7119 38.1678 40.4862 37.7463 40.9959
36.1014 36.691 39.446 38.1973 36.0469 39.8671 41.0464 34.8974 33.5397 35.6257 38.1428 38.5739 33.1631 36.2748 37.3599 37.5532 36.2897 35.0212 37.4244 34.0798 34.8082 32.6924 37.1568 38.5194 33.4109 34.2829 36.3591 37.8554 35.0014 34.6149 38.9009 34.5604 35.0906 39.3469 38.7324 34.9816 33.3019 37.4392 33.3366 28.7979 37.4293 34.6843 33.2474 33.3068 32.1375 32.6231 34.6199 31.5627 32.9798 32.5983 32.8857 27.8564 28.4015 29.5015 32.6677 30.8988 29.888 30.8988 29.6204 29.1943 30.4231 25.8943 25.0421 27.4055 25.6961 24.1502 28.8821 23.8331 22.5299 24.5614 25.3691 24.9033 25.3245 25.9538 23.729 25.6664 26.1569 25.7556 20.8502 24.2443 25.483 25.7754 23.729 25.0421 24.1006 24.4921 26.3204 23.3425 29.5609 27.8416 30.101 29.4618 29.8235 30.1753 33.4357 31.5627 28.9465 32.192 27.0835 34.714 30.6213 33.9113 36.364 32.9947 30.3042 31.6519 34.823 38.0536 32.4001 32.7271 32.1375 31.2902 35.4473 35.4573 33.4307 33.7082 31.1019 38.4698 35.9924 34.1789 34.2086 33.5298 34.9023 40.3527 35.1897 35.4275 32.3208 38.7275 35.2392 39.1536 33.6239 37.4095 39.0446 34.9618 35.0361 37.8852 36.8397 36.0122 41.4676 39.1734 33.6735 35.4077 37.4244 34.5555 36.2699 40.3676 32.3258 35.9527 39.8077 38.7275
37.4422 36.9414 37.6375 36.8262 36.115 36.1901 35.5691 38.3237 34.7077 37.5624 38.3938 37.7277 35.9097 36.5257 38.9597 35.3187 37.8479 34.3671 38.2686 37.2018 35.6593 38.5841 36.3003 36.12 36.2903 34.6726 36.2552 35.0683 37.2619 38.6041 39.5958 35.5391 33.711 39.5708 37.4522 34.9781 35.1684 33.075 36.1851 33.3755 34.6726 34.918 32.6493 30.2603 38.0883 36.2402 35.6843 32.2185 31.1167 33.5007 31.9831 31.3872 31.1417 29.484 32.3237 30.6259 29.5491 28.1818 26.4389 29.2486 24.676 27.5007 25.6626 23.7845 26.9698 21.3555 23.6493 25.858 24.075 26.8396 22.7177 22.7728 22.1919 23.4089 23.0583 23.9548 24.8263 24.1802 25.247 25.3471 22.893 29.474 23.8947 24.5608 23.5141 27.4456 25.8229 31.1317 24.2052 24.6109 23.6393 28.9581 25.6576 26.5441 31.2169 30.2953 31.8429 31.0616 31.9982 32.1184 29.504 30.0599 33.2402 31.0466 31.3821 36.8663 35.6292 34.8729 36.3304 32.3788 38.1985 37.6526 39.711 36.6008 34.2118 39.0299 39.9314 38.2285 40.1617 38.2986 34.7578 39.5457 35.2486 39.4606 34.5274 39.1851 38.2836 36.6659 35.8045 38.7895 36.7911 33.6609 34.2619 34.2269 38.0983 33.2202 39.8362 37.4172 32.8496 33.2853 39.5056 35.2235 35.2936 36.706 39.8913 33.8863 36.3905 31.0716 36.9815 33.7611
35.9536 36.156 37.5733 31.9649 30.7957 34.4806 33.5999 40.8078 35.4879 34.8754 38.3225 32.2889 34.3794 32.5217 35.7764 35.3158 34.2832 37.7404 40.8331 40.6661 41.4304 37.5379 36.6977 41.157 33.7973 33.8074 36.4851 34.7539 38.9805 37.3354 37.3557 34.2984 37.1836 39.3298 38.12 36.2016 40.8989 38.1453 34.5515 40.3168 34.3946 35.0981 31.9244 32.4154 31.0285 30.8918 31.56 32.2889 34.2022 35.8169 30.6033 30.0364 29.1405 31.4992 30.411 29.5555 28.2395 26.4932 25.1417 27.87 26.2806 26.7513 25.3188 23.6383 26.0022 22.6311 25.7896 22.9297 23.3802 25.5416 23.2688 23.2435 24.3925 22.626 22.5045 23.6687 25.1265 24.595 23.1069 24.2711 23.7851 26.7614 22.8183 25.2632 27.9105 24.5343 28.2192 26.4071 22.9601 26.9386 29.3682 25.5112 32.461 28.3255 25.4555 31.0994 29.8643 31.0842 30.492 31.1196 32.3446 31.0994 34.3288 31.6612 34.0959 37.5227 36.5762 36.0649 33.9592 37.1481 36.642 35.6904 33.615 37.8619 35.6954 37.629 34.9109 38.8489 35.1032 36.4749 39.9777 41.2178 38.0086 33.9036 41.8708 36.0497 35.6448 39.9422 37.0418 34.9412 36.3636 36.647 38.4642 38.3883 32.0206 37.6695 36.723 35.2551 34.8957 37.7606 34.9665 38.5098 36.4243 36.4446 34.7438 34.5009 37.0722 32.2787 31.5397 36.6825
31.4634 37.4635 39.1413 34.9775 35.6885 31.09 39.1566 36.8446 36.2103 39.2743 41.1157 38.865 37.9136 37.2538 34.512 36.507 39.975 40.86 36.6911 38.0262 38.5991 37.1361 38.2921 37.264 39.6988 37.7192 38.9162 35.4686 42.5122 33.3918 39.7602 40.8088 39.8676 33.2537 41.3817 35.8727 36.8394 34.4967 33.5913 30.691 35.7653 33.2486 31.3509 31.6936 29.315 33.888 29.3508 31.1718 30.9468 30.9314 31.3764 29.7294 28.1283 31.9749 24.8853 29.0132 23.76 23.4224 25.1052 26.8904 23.2229 23.7753 29.4889 21.7957 23.8674 24.1487 24.5272 23.7497 24.5375 20.0515 21.8213 24.3175 21.9799 25.5605 24.0413 21.8622 23.1666 26.65 24.9569 24.6346 22.9262 21.9543 26.2664 23.1922 23.5042 24.1794 25.939 24.0259 23.1206 27.6884 27.8265 26.4198 31.2895 28.072 27.136 25.2229 29.0081 27.3048 28.0874 26.1027 29.8572 30.4608 29.2383 32.1386 32.425 29.9493 36.1949 28.6449 36.0261 37.8727 37.5658 40.3638 35.6374 36.8343 34.4251 36.4865 35.1105 33.9443 41.6579 41.4124 36.6962 35.6016 38.062 39.6426 38.2615 34.7524 42.4764 36.8497 41.8779 39.172 40.1131 40.9265 40.9213 34.9571 38.3586 34.7883 34.3944 35.2384 37.3356 39.9955 35.7806 34.8701 33.7908 39.3101 35.4993 36.9417 35.9801 36.067 35.755 41.1413
36.8779 40.8629 34.6554 41.9328 35.7873 35.4617 41.6692 36.0716 40.4029 41.0851 39.1417 43.0027 37.7927 44.269 40.4391 43.2663 39.6844 36.9244 36.8107 41.1471 38.1649 40.5476 40.7388 38.6404 40.2065 41.3901 34.4228 36.9658 37.7721 40.806 40.8887 34.9707 37.2449 35.7718 35.5134 36.3559 36.4179 37.9426 39.4622 33.4459 34.4848 32.8309 31.4612 31.5336 36.666 29.2594 26.1479 28.9234 33.2857 30.0709 28.6805 27.7502 27.3212 28.112 29.8176 25.8068 25.8791 25.6 24.7834 25.4656 22.6591 24.1115 23.4654 25.3933 23.6205 25.047 23.2845 22.0957 23.9409 25.3674 28.9596 25.6517 21.2584 22.2611 20.3281 20.7932 25.3364 20.5865 22.1216 26.3857 23.0312 23.8996 24.4371 24.3337 22.7521 23.7393 23.5998 23.9823 25.2124 25.3261 22.6694 26.6958 27.6623 28.7684 27.3574 27.6365 29.4506 29.5437 26.5407 28.603 30.5412 28.9028 29.461 29.6677 28.7012 29.2439 31.3733 31.0632 35.6581 33.4821 37.9891 33.8749 35.8235 41.8087 36.3869 37.0691 35.5392 36.7952 34.1282 36.2318 42.5272 40.191 36.1233 40.6716 42.951 41.2298 36.5419 39.5294 40.0411 39.8447 40.253 45.2252 36.5264 40.8525 40.9559 40.8009 41.757 36.6867 36.9503 39.4053 42.186 38.8006 40.0411 40.6665 35.8597 37.6067 35.6736 36.9089 39.0022 40.9094
39.092 43.0555 40.0946 40.3139 41.4523 42.1834 37.0554 41.7604 39.4366 42.079 40.0267 41.8858 42.2931 41.8753 45.9694 41.1077 44.2566 39.1912 42.4654 48.1783 42.079 42.1051 42.9667 40.8466 38.4758 42.1208 36.6638 42.7265 38.6533 36.6794 40.4549 33.9588 38.6742 34.528 32.272 35.259 33.6611 28.2354 33.9065 30.0736 29.7394 31.0344 28.6375 30.4548 26.956 30.0736 27.4782 24.721 29.2903 28.4704 28.0944 27.191 27.3895 26.1518 25.99 23.379 26.7419 27.0135 22.5591 23.0291 21.3267 24.8672 21.7131 21.6609 22.5904 24.2563 22.6531 23.3163 24.815 24.7001 21.2797 21.4155 20.2823 26.8359 22.8411 23.8646 23.5565 24.0317 23.5983 22.2614 21.3319 22.4181 23.0447 24.2928 26.3085 24.5069 25.8542 25.4573 24.6061 24.4704 25.4051 23.9847 23.8803 27.9587 28.648 25.9743 29.2172 24.9664 27.1701 26.1205 29.3686 24.3607 27.6245 25.3581 31.6611 31.5618 30.6376 30.4809 32.0005 29.4992 29.9221 28.8464 33.3112 31.4731 33.2642 33.6402 37.7029 33.9379 37.2016 35.1911 39.8649 39.2434 37.5619 45.1025 44.7683 41.8649 38.9823 41.6038 47.301 39.7552 39.4105 40.6743 40.2617 43.421 38.6325 37.4105 41.0659 40.5803 40.1834 42.3453 42.9406 41.9589 38.5646 39.4993 39.2121 38.9823 38.3191 43.233 45.4837 41.2905
45.3318 42.2193 40.1777 44.0552 41.2486 40.0089 37.3343 37.3184 42.3829 41.3911 51.0346 48.7028 44.1818 44.1871 48.1911 44.5247 46.2867 43.4221 43.5593 38.9591 41.0376 36.2581 44.588 35.4615 44.071 37.2446 32.3173 38.1203 39.6396 35.9257 34.9181 34.7598 29.1151 34.6702 34.0107 32.4756 33.594 38.4157 34.4222 31.9797 34.0582 29.6585 30.8191 30.4604 29.6268 26.641 26.0659 25.7336 28.1867 26.2347 27.4323 25.1691 23.6234 25.3379 22.0249 25.76 24.056 21.9405 22.9218 24.2828 25.1533 25.5015 22.3309 25.2113 23.3966 25.6175 24.1984 22.8321 23.5865 25.2166 24.4991 22.7266 25.1058 24.7207 23.444 20.3368 22.9376 21.4446 23.3069 23.961 21.9616 23.2752 25.1216 22.9904 22.8163 22.8268 23.9927 24.2565 24.5466 23.2699 29.131 24.1404 25.4487 23.692 23.961 24.6627 25.148 23.2911 24.515 26.2084 28.5085 27.3426 24.42 24.842 25.7705 27.2371 28.0917 30.9193 29.5688 30.9615 29.3578 30.3918 29.4 31.9744 34.5383 34.5436 30.434 35.4404 37.3606 32.8501 32.4176 41.1959 35.989 42.5622 44.5352 34.2165 38.7903 38.1098 39.8032 40.4362 42.9579 46.3553 43.8705 44.3506 43.976 42.8418 41.5177 47.4473 43.0845 42.8049 44.4456 41.7551 48.3652 47.653 47.806 46.8089 46.5241 48.4549 39.724 48.5657
53.6137 46.9366 47.4588 53.5124 53.1021 46.2811 46.2279 51.0078 50.1286 41.5544 48.1516 42.2579 45.4712 39.0286 43.0146 44.0857 43.1744 43.2277 43.5261 38.6396 39.8812 40.3714 40.7924 37.675 36.3961 35.2238 36.8704 33.5771 32.8684 32.9697 30.2359 31.4403 31.0726 31.1951 30.4811 27.9392 26.7669 33.737 27.774 34.3925 29.5059 28.9943 26.9161 25.797 25.9942 26.4898 26.9161 26.4578 26.3512 23.3244 30.5077 24.1824 25.6158 25.2908 24.8005 22.3759 25.9515 23.3351 23.5482 22.2427 21.7044 20.2283 21.1929 24.955 23.0047 21.3581 27.6568 21.3261 20.7293 24.3156 23.2498 20.191 24.662 22.2054 21.4007 23.8147 21.9709 24.0811 22.0402 21.6352 24.987 23.8466 23.0313 20.223 22.685 22.0135 23.6282 25.0829 23.3511 21.9869 24.4062 23.9852 24.8964 23.852 24.8591 20.8678 24.5021 24.3902 27.4969 27.3743 25.1842 29.831 29.1489 23.1326 29.8949 24.0172 30.2146 28.0405 25.8663 27.5236 27.9126 27.7634 27.6674 33.7477 29.9269 30.6516 31.1259 31.2111 28.8558 33.5185 36.4974 35.9112 34.3925 35.0692 35.6554 39.7586 37.675 37.5098 38.6342 41.1654 41.6184 40.9256 42.4977 39.0872 43.7393 40.9789 46.4037 41.4745 44.7624 45.7003 45.9561 45.2367 54.5942 54.008 49.7609 47.9384 44.0004 51.3276 44.5173 48.5352
48.306 56.0834 44.097 55.8681 48.8065 48.6989 47.7032 40.0711 47.8593 45.3188 45.3511 43.1767 49.0864 41.1045 37.1593 41.3198 41.7988 43.1928 38.225 38.6771 38.6448 38.1335 35.4854 34.1883 36.4811 38.6125 33.1279 29.0589 27.342 31.3249 29.6241 32.2076 31.4487 32.9557 34.2313 27.7349 28.37 25.5712 26.4808 28.6553 25.948 27.2882 26.0718 24.414 27.0567 25.8403 26.2871 25.9103 28.553 25.469 23.8112 22.9339 22.5625 25.991 24.8661 25.4044 22.6863 23.1115 25.0276 24.7854 23.3591 21.8897 24.5001 21.9167 25.6358 25.0491 27.7941 21.1039 24.5755 20.8994 23.8166 23.1438 22.6271 19.6507 24.048 20.8294 22.0082 26.1256 24.7639 22.8693 22.3149 18.8165 23.456 25.2806 21.7659 24.6401 23.5744 22.5302 21.8036 23.2515 29.8286 24.963 27.3528 24.5863 25.1676 21.3354 24.6993 23.5313 27.1159 27.2774 29.3496 28.3377 26.2171 19.6938 24.2257 26.5616 27.5411 23.7951 25.948 24.9307 24.3817 31.9062 28.8114 27.5788 30.2323 29.4142 28.2301 29.9309 28.8759 31.9761 31.7824 34.1721 32.0192 34.2905 38.2626 38.8224 31.8362 28.3754 36.0398 35.7437 38.8978 39.3122 34.3928 40.7331 44.3177 40.8515 44.7806 46.4922 44.5222 44.3392 48.0961 48.306 50.6742 52.0467 48.5213 47.9669 45.0605 48.898 49.6785 52.0144
58.4012 53.1449 55.0854 50.8293 50.6336 49.4703 50.5792 48.1332 49.4812 44.7956 48.3615 42.4529 39.8546 41.7843 43.8172 38.887 34.6798 36.4138 34.8809 41.3168 32.2555 33.7883 34.6526 31.8152 31.5108 29.9018 30.1084 28.9451 32.0652 29.3854 32.2337 32.0326 26.6784 26.9448 30.0268 28.195 29.4017 27.1242 27.3362 26.124 28.4396 26.586 26.8035 25.2325 25.7707 24.0747 24.5422 23.0093 23.7486 25.9664 23.1724 23.2376 25.1021 23.2594 25.2597 19.4326 22.281 22.2157 23.6671 22.232 23.2322 24.4335 26.5969 25.3467 22.0853 24.3302 22.9822 23.2376 23.4061 22.6288 22.6397 22.5799 22.868 25.0042 23.1398 23.5801 21.7048 21.8026 23.1126 24.0476 19.9056 20.7426 21.3569 24.9173 24.5422 21.6993 23.8247 22.4332 24.1563 22.4386 24.64 22.1559 23.3898 20.286 25.488 23.6344 24.1726 23.6453 23.1615 26.7872 23.3518 23.7105 25.3467 24.091 24.901 23.8084 24.8412 24.178 28.494 27.4014 29.2658 26.7165 26.5371 30.7009 31.489 27.559 28.619 30.902 28.5483 29.7822 28.1896 31.6032 32.3479 28.2494 27.5971 34.0166 41.681 34.7505 34.7124 37.3107 36.5877 37.153 35.8485 40.9254 46.0404 44.8011 40.3873 43.3824 42.7844 44.3173 45.9154 46.3666 47.4646 50.09 47.3993 54.656 48.4213 54.993 55.1344 56.8303
53.1622 53.1842 51.3563 55.0011 47.5194 51.0105 51.1642 47.223 51.1806 44.1161 39.5053 38.7203 44.8846 39.5821 39.3625 39.884 36.7662 36.8924 33.1488 34.9712 33.8844 37.8585 31.2441 31.9357 32.7536 30.6842 26.9955 33.4837 30.9477 30.6897 26.3698 26.8528 22.1212 26.0679 27.4621 29.0869 28.7191 25.0688 23.8503 26.4521 24.4102 24.9042 24.4266 23.7185 24.6791 22.2529 22.5823 24.8109 23.9326 22.5438 23.0818 26.1502 23.4111 24.7066 24.0369 20.8532 25.1512 26.1118 23.8832 21.7479 19.8926 24.1028 23.2739 22.198 20.4196 22.961 23.1586 22.7634 24.4321 22.456 23.7185 22.95 24.3168 23.1477 18.9265 22.6207 22.0279 23.477 23.3727 24.24 22.8897 21.0124 21.2155 25.2116 25.6781 21.6436 25.3543 23.7954 24.9481 21.7369 21.3856 22.0718 25.2939 20.8477 21.5558 20.9685 26.765 23.9436 21.0124 23.5319 23.4331 22.8512 25.2171 22.4615 25.1128 25.2994 26.1776 24.5748 23.7624 22.9116 25.8648 24.6572 26.9132 29.762 29.3998 25.2994 29.3833 27.6762 25.7495 30.794 30.2176 29.7072 30.2286 27.9781 30.1737 36.7717 36.1404 32.1004 30.6678 33.3629 31.9248 38.4129 34.8285 39.8072 41.1465 39.39 41.1739 38.2757 40.1859 49.6821 45.8232 48.3098 45.8781 47.986 47.706 52.3553 48.0024 57.4657 61.7197 53.3982
53.9179 49.2622 58.3963 47.8045 60.6688 49.8774 46.2249 46.5242 46.3025 45.2882 40.6214 44.9723 40.4274 37.5785 37.1295 35.6774 40.6712 32.8452 36.0986 31.914 31.9362 35.234 33.6433 29.7746 31.9417 32.0193 31.7976 30.4896 28.6384 31.0272 29.3755 26.1331 28.5829 26.837 25.1909 28.3446 24.7807 29.309 27.8513 26.2994 24.3429 21.7268 26.5266 22.3808 26.1719 23.8662 22.2256 23.4284 26.4712 23.4727 22.9462 24.1212 22.8242 20.0807 24.9248 24.2819 21.9374 25.1798 24.8805 22.863 22.1536 22.1868 25.0357 22.7743 22.7134 22.6524 23.4838 22.4252 19.1384 22.7078 22.9018 21.4608 22.7743 24.2043 23.3729 20.391 22.7245 22.475 22.0926 20.3245 23.833 22.4806 21.954 22.9628 20.7513 22.6081 24.6976 20.6737 23.2565 24.7419 22.1979 22.6469 22.2644 24.62 21.8321 26.3936 23.3175 26.1553 23.0182 22.3365 23.6833 24.8029 23.3508 19.798 24.6089 22.1591 23.7997 26.6929 24.293 24.3651 24.1544 24.0048 23.6501 25.8006 25.5179 27.5908 26.8093 27.94 28.4444 27.3414 27.1419 28.0453 28.6716 33.4437 29.2259 32.6955 29.2591 32.9615 32.9227 35.3005 35.3615 34.8626 34.4968 36.664 37.8445 35.9434 39.2246 40.2445 38.4265 41.5636 43.5146 42.2509 45.1108 46.2803 52.8815 57.2268 53.6796 48.6913 56.1017 52.172
57.5602 53.8612 56.8607 53.3128 49.9441 46.9614 48.4723 45.0364 42.2272 44.779 42.7085 40.2574 41.5725 39.793 35.6184 36.4018 36.6033 34.6615 31.9754 34.6559 33.7437 32.9211 28.2932 29.5803 29.7762 28.0078 28.9256 32.009 30.8338 31.6452 27.8288 26.2787 23.6262 26.1052 25.6407 26.7711 23.4415 26.4354 24.667 22.8204 23.7773 26.3458 25.1091 23.3632 23.4471 24.958 24.4824 23.9731 23.1002 25.7639 23.8892 22.1601 20.3637 25.9485 23.2904 20.5428 23.4975 23.587 24.4096 23.6374 23.9564 23.2848 21.6508 23.0722 21.9586 22.9659 23.3464 23.559 23.6318 23.9452 24.2697 21.6172 24.695 21.1752 23.8948 24.0403 23.296 24.7678 22.8763 24.169 20.4477 25.2378 24.6615 22.7197 23.8556 20.3749 23.906 24.404 24.6894 21.8914 25.4897 23.1058 26.122 23.559 23.324 22.2608 24.5216 24.5607 23.4695 22.0537 22.8148 26.357 24.6335 23.9284 25.1707 22.6245 22.4846 23.1953 26.1724 25.9485 25.1763 27.4147 26.8383 27.2692 25.9765 25.6352 21.9194 26.9278 23.3968 24.3481 26.2115 31.981 26.9054 27.9687 32.1936 27.9967 28.5395 32.188 32.2552 31.5613 36.5361 34.253 38.7297 38.0302 41.1752 37.6609 39.3677 39.6307 41.3542 43.7661 42.9771 46.5921 47.2524 44.4488 48.3884 48.601 47.577 50.028 55.1707 44.6391
53.3359 46.568 47.9238 49.0368 54.206 47.534 53.2456 47.2741 40.5118 44.8732 43.2744 42.3366 40.235 41.105 37.1165 37.6758 38.1617 38.2182 34.5856 36.3652 32.9529 34.2014 32.1055 31.0943 34.3201 30.0774 30.3373 26.5974 28.3204 25.9872 29.4108 26.9307 26.0042 27.4109 26.829 23.2077 23.767 25.9816 26.8403 27.6764 24.0269 24.9195 23.01 22.801 22.7162 20.8406 26.6595 23.3716 24.0495 25.4562 22.9704 21.1909 20.1401 21.6146 21.3152 25.4053 24.3658 24.315 21.818 22.1626 23.3264 24.6879 25.5353 22.7219 21.5016 20.4508 22.784 21.9762 22.7614 22.5128 23.5636 24.9816 21.1118 20.1118 23.88 23.2868 24.2246 22.2756 19.0498 22.4394 23.5128 23.2642 25.5522 21.9874 23.6088 22.3321 20.9084 21.6824 22.1852 22.9309 24.3545 21.7784 26.281 21.5242 22.4846 24.5466 24.9138 23.6484 23.428 22.7219 23.2868 24.0382 24.5579 21.8575 26.6934 23.5241 24.5918 26.6595 25.5635 26.4109 24.4675 24.5127 24.8686 26.5296 26.2753 27.3035 30.2751 25.9703 26.8233 24.1681 28.5182 25.089 31.5914 29.0266 31.7496 32.1168 31.9982 31.1903 33.4331 28.8345 37.3086 33.1507 34.4613 35.9584 39.461 40.1729 40.4497 40.4666 43.2122 39.4158 43.4947 46.9521 41.3592 47.7939 48.1611 51.9914 46.8843 48.3645 56.9346 52.0422
46.7403 50.8292 51.8728 49.221 52.0667 47.59 46.2156 47.2821 44.3508 47.2479 49.4777 42.6685 45.9647 42.9422 43.8775 41.0147 44.2368 41.7731 37.8895 40.6155 34.9355 35.8194 37.2736 32.4719 36.3555 30.4245 30.1793 27.2652 27.7385 25.56 25.4631 27.2823 29.7288 25.3604 23.8777 26.4953 26.0448 25.1437 26.1759 23.3644 29.4551 21.5852 21.9216 24.4765 27.0428 25.6912 22.3151 24.391 23.661 25.4346 24.1742 26.4725 24.4366 22.9995 23.5298 23.5127 20.9465 24.5906 23.0109 24.3967 23.3302 23.9689 21.4654 23.028 22.3037 22.7485 22.2296 24.9327 23.7636 24.3054 25.5714 23.1591 23.4101 22.8113 24.4081 20.5187 25.5828 23.5298 24.3396 27.345 22.8227 24.1571 20.5301 22.4121 24.5392 23.9861 24.1286 22.0357 23.7123 23.6097 23.6325 24.6932 20.6271 25.1665 21.5624 23.8891 20.7297 22.72 23.0622 27.2823 25.1437 23.9975 24.0203 25.7197 24.659 23.5241 23.4899 23.7009 26.1816 23.9119 25.4346 26.3926 28.4514 25.4517 25.4175 26.2729 25.2293 28.3601 25.4745 29.2269 31.1773 28.7023 29.5634 32.6714 28.0408 31.9928 34.0287 31.0005 31.3826 38.7278 34.8271 33.9261 37.1596 39.2468 37.5759 42.7084 40.0281 48.1603 36.4695 43.062 46.957 44.5732 46.2898 50.6524 40.6041 45.423 44.847 50.6068 50.2589 49.9567
50.0275 50.8909 49.2907 46.3723 42.2911 48.646 46.9824 45.67 46.7061 41.8249 48.6287 38.8431 45.0483 44.1331 44.4267 42.6307 39.6663 39.5742 38.4344 38.0142 39.3957 39.2403 39.6432 35.0785 34.7216 32.0392 33.9849 31.9529 29.9958 31.9932 26.8874 28.148 27.6184 25.3965 27.8199 28.7064 24.8267 26.8068 26.732 24.6367 23.9747 24.89 23.4682 23.1689 24.4928 23.5373 24.0899 21.5053 21.8507 24.4007 22.8983 26.07 26.8183 23.9345 23.3128 22.0925 25.1663 21.5399 20.8952 21.6492 22.15 22.5702 22.789 24.3777 23.5258 24.9648 22.789 27.4285 22.9616 21.3557 20.993 27.7336 20.8203 26.496 22.34 23.9345 21.5744 22.1155 29.5986 26.024 25.3908 21.9198 21.6435 22.6163 23.0537 25.9376 22.3169 22.9559 22.6451 20.8606 20.9642 22.8005 21.5571 25.9261 23.2264 19.8705 26.5823 23.0307 24.0496 26.519 20.4231 24.0611 22.4839 22.3572 25.2469 21.7701 25.3102 23.1861 27.2213 26.0009 26.1391 27.2673 24.89 28.5452 30.2375 26.3348 26.5363 31.4751 30.3872 26.7895 30.8074 31.2909 29.4489 34.123 35.4584 31.7342 34.7562 39.0791 37.7091 33.91 37.6919 38.0603 44.2194 45.2498 41.4565 40.8578 43.4654 39.7353 41.8364 38.8661 49.0662 46.4126 42.7286 42.5501 48.0473 47.4545 46.0039 47.7883 45.152 46.1881
48.685 41.4694 48.6734 45.112 48.8186 47.9181 41.4926 48.4352 43.4853 46.7504 52.3741 49.7075 41.2893 36.9204 44.1709 41.574 41.0918 44.3277 41.3241 40.6037 39.0351 41.8005 38.3147 35.1427 31.5813 39.8369 33.1732 35.2705 31.5755 32.3715 29.7978 27.6714 29.9546 24.9583 29.3679 26.7361 28.3105 26.6199 28.7753 24.5458 25.4928 24.4587 25.4754 24.6214 24.3832 21.7165 25.3301 22.3382 23.5233 23.4769 21.4319 21.9663 27.1834 22.0942 22.0535 26.5966 21.7921 21.9663 22.8668 26.7186 23.5059 25.58 23.901 22.7565 22.3207 28.9205 24.3715 23.2328 24.7085 24.8712 23.0353 22.8436 23.2561 22.0709 24.6562 19.2184 22.2743 25.0106 23.593 21.304 21.6875 22.9772 22.0593 22.617 21.5945 23.9184 24.0811 23.8138 23.076 24.6795 23.3955 24.7317 23.6453 25.8646 24.2495 22.9133 24.3599 23.3723 22.7565 24.1682 23.2212 23.7092 22.2336 24.9641 25.3476 23.8661 22.8378 25.9808 29.5073 23.8022 27.5262 27.7005 26.6431 26.19 25.6032 28.5371 28.0316 29.2575 29.3737 29.8268 31.6569 34.6198 33.4637 31.7498 37.1238 35.5493 35.1775 37.2748 40.017 37.7163 42.0794 38.6226 39.9647 39.9182 42.3234 37.9197 42.3466 43.8049 43.1716 44.4788 48.7315 40.2377 44.4381 42.6894 49.173 44.4033 46.8259 41.3532 44.6473 42.5442
50.7509 46.8812 50.0004 40.9713 46.7698 40.2032 42.2611 44.4715 40.9713 41.241 46.3887 43.639 42.4018 46.2129 40.7602 43.5334 40.168 41.3817 39.7048 39.312 36.8847 37.9635 41.9093 44.2956 37.4241 39.3061 32.7043 35.5303 32.1532 35.2782 31.4731 31.2561 30.7226 30.4411 29.5441 29.0047 32.7688 30.5819 31.004 27.2047 29.204 25.7507 22.2211 24.6543 24.5781 25.2347 24.3553 26.0673 27.2985 24.5663 23.1064 25.0354 23.8921 23.851 23.0771 24.2263 21.2596 21.0016 23.4523 24.5781 24.1794 21.2126 22.8778 25.9618 22.6667 25.1409 23.5462 21.8693 21.8048 24.1618 24.8595 21.3416 24.4549 27.7207 22.9657 22.9481 22.3325 25.3989 21.3416 24.1852 23.81 26.1083 25.8855 24.8126 22.5318 24.8947 22.7488 24.0035 20.5149 20.7846 23.2882 22.8719 22.3618 23.4641 22.397 22.9188 22.4556 22.784 20.5149 23.5051 24.5429 22.9364 25.3109 26.2725 23.3527 25.7741 23.2002 24.0738 26.1611 27.6327 27.023 25.4927 30.4411 32.6164 27.0171 28.477 28.1135 28.6881 30.8516 32.8685 33.5603 32.9623 35.6358 33.4489 33.9531 39.4293 38.6729 39.8514 41.8566 38.0866 41.1354 38.3387 43.1465 40.8481 42.8357 41.2937 44.3425 41.0827 43.3458 42.5836 41.1941 43.85 43.4689 39.6755 49.719 42.9706 48.3705 44.8116 51.5189 45.2044
50.3199 49.1011 37.8065 44.6578 48.7935 42.4095 36.7889 42.8592 46.5866 41.7291 40.8003 37.3923 44.7998 42.593 45.6636 41.1138 43.1491 39.9779 40.4689 37.4693 35.8245 35.3985 34.866 35.7712 32.0675 37.4515 40.7529 34.6471 34.8009 36.3155 35.6706 34.724 37.0729 31.8427 30.5055 32.9964 29.973 29.5589 31.6947 25.2339 27.5828 25.2162 30.7895 25.3345 26.7663 27.636 26.1628 25.3877 25.2102 24.9026 24.0388 23.3939 23.2756 22.7608 21.4118 23.9086 25.5357 22.4354 24.5239 19.844 23.4826 23.7962 21.5183 22.1573 22.7135 23.2341 25.6717 23.879 24.3524 22.678 22.607 21.2403 26.4172 22.0804 24.6186 20.5007 23.7903 25.2576 23.6956 22.8022 27.2574 24.0329 25.7013 22.9028 24.3287 23.2401 24.5121 24.5299 19.844 23.7725 22.2047 23.1868 24.9026 22.7431 25.2694 24.3701 23.9678 23.9323 24.4884 23.7134 23.0744 24.5831 23.0744 24.3169 24.3819 28.4939 26.4468 24.6127 30.0145 28.0857 28.4998 23.4767 28.5117 29.2216 30.2689 34.0199 33.0792 31.2096 40.889 35.6233 32.0024 33.7064 38.7413 38.8182 34.4814 41.7587 41.8889 34.0377 45.4684 40.747 42.7941 44.4567 38.0136 42.1374 49.0065 41.4037 39.5105 41.2795 40.108 41.812 42.806 45.214 41.4807 42.5811 42.4332 45.1252 43.5041 40.2145 45.2021 42.4155
42.0701 46.058 39.5448 45.867 38.4702 47.4013 42.1059 45.4133 38.9837 44.2969 38.6016 37.5091 41.2522 42.8164 40.315 36.9181 36.1539 40.3209 39.3359 34.3152 38.7986 38.4941 31.6108 40.2493 39.3419 34.1838 37.8374 38.0106 36.6375 36.9061 35.9509 34.2017 33.4794 33.3003 31.1093 31.7481 29.0378 31.8675 30.7272 27.7542 29.9691 31.175 25.605 27.4199 26.5244 22.1902 25.4916 24.7215 24.3752 22.8529 23.9514 26.1423 22.041 22.6559 23.1992 21.2171 23.2589 24.1066 24.0887 22.5544 21.3485 22.3634 24.417 23.426 23.82 23.0141 23.623 24.3215 21.5276 24.1424 22.7813 26.6916 21.1515 24.1603 23.6529 23.8976 22.6081 27.6288 25.1991 22.7037 23.5036 24.1961 22.6738 20.3814 24.2379 24.2618 21.5873 24.5125 21.3783 22.0111 22.3156 21.4738 25.8617 21.9634 24.7752 23.3842 24.6737 22.6499 23.0619 25.0618 24.9364 23.4618 23.7424 29.3721 25.623 26.2737 29.987 27.4677 26.5483 31.3362 28.4706 29.3183 29.181 29.987 30.8884 37.7777 33.5092 32.2675 33.7898 34.6495 34.4883 36.6494 38.3986 38.6374 34.0764 36.0823 37.5509 39.6224 40.1418 38.4523 38.2494 35.1808 40.4164 40.9418 47.7475 33.748 37.3419 34.3331 41.3955 39.5926 42.0582 44.8939 39.3419 41.1925 40.4941 43.7238 41.491 43.9506 40.8702 46.7804
46.8738 37.8387 39.8445 45.7775 41.7419 39.6758 37.5376 42.3864 38.5977 41.3262 42.3261 36.622 35.8751 41.8081 43.1935 39.3385 42.3081 38.6639 39.5975 38.5435 36.2425 38.5374 41.1636 36.4473 33.9958 37.0316 35.7787 38.6639 38.682 38.8506 35.9594 32.8032 32.9417 34.1886 31.6949 31.2251 33.8332 31.454 32.237 28.0207 31.4841 27.5147 29.1771 28.8579 25.9546 30.9902 27.8339 26.2859 26.8581 26.045 24.3946 22.4129 30.8215 24.0573 21.7925 19.7927 23.3164 24.0392 23.2441 22.6177 22.7442 25.0511 21.9612 21.3528 23.4549 20.4011 23.3706 23.5152 28.0869 22.2503 25.8763 26.834 23.6116 25.4125 22.7141 25.2499 27.6412 23.6838 24.5813 29.4301 24.0693 25.4306 25.9426 22.6177 24.0392 20.9673 25.0511 22.5514 20.1782 22.9911 21.0215 22.1659 25.0632 23.3465 23.7079 24.0272 24.7018 23.2441 23.4911 25.7739 25.9727 23.2321 28.6471 23.7862 24.3042 29.2012 28.9181 29.3096 34.7969 27.4243 34.5439 31.7792 30.9721 31.0203 38.1218 33.4296 35.2908 33.9537 39.983 32.225 33.002 36.3088 35.7848 35.9775 39.1639 35.5258 33.785 39.3385 40.2782 41.1636 37.6219 41.1636 39.0012 41.013 37.8508 37.2785 38.6097 41.4708 36.5437 38.2242 39.7421 41.3684 39.0073 39.965 38.435 42.9947 44.0006 38.5374 45.3378 40.0674
39.3289 39.6874 38.5875 40.6415 35.5917 35.9198 40.1614 38.4295 38.5207 36.4485 31.5263 38.8002 40.0642 33.1306 38.6787 36.1143 39.6449 36.0596 37.4755 29.2901 34.8442 35.1481 34.9597 36.2054 38.5511 33.4587 36.6065 42.1121 35.0812 35.7072 37.9191 36.1386 32.5047 35.1785 35.5856 32.8693 33.0881 36.6977 30.475 28.4454 30.8153 29.1017 28.5669 30.3231 27.5703 30.2198 29.9828 26.197 27.6676 27.0842 21.609 21.6759 26.8837 23.4199 23.031 23.827 22.3443 22.8365 20.819 21.3295 24.4894 21.3295 21.9068 24.7021 23.2072 26.3428 26.3307 26.2091 26.1605 25.2308 24.8054 25.6197 26.4158 26.0755 26.0329 25.5346 21.8521 26.276 24.459 28.1233 25.4131 26.3185 23.1708 23.5354 24.4469 24.216 23.8878 22.9277 22.1377 22.873 22.0587 21.7002 25.6683 23.9547 22.9459 22.9155 22.2957 24.5259 27.0599 26.4218 27.4488 25.3888 24.2099 28.0139 26.75 28.4879 30.8397 29.9707 29.3691 32.5168 30.2137 30.9369 31.6175 30.7181 31.7633 36.3634 37.7489 40.3923 34.6194 35.2332 36.88 33.872 36.169 38.1743 37.7793 36.2784 36.8617 40.3316 38.5572 36.5032 35.4337 37.2689 35.2879 40.5078 39.8211 35.6889 38.545 36.8921 34.6437 34.2183 37.0015 36.3574 37.3297 43.4186 39.3593 36.2298 42.0392 42.7988 42.7076 40.9879
35.9291 41.8202 40.067 40.1957 43.1321 44.1497 37.2103 39.6992 36.4931 32.7353 37.5781 39.1965 39.6134 36.3092 35.6533 37.854 36.8425 33.6119 35.7575 35.7942 31.8096 34.5989 35.7697 35.3467 36.959 30.982 36.1069 35.5123 38.5712 37.1797 36.7628 35.9107 32.9805 36.8486 34.5253 29.8786 31.1782 34.1207 34.8257 30.6265 30.884 33.7406 30.4978 32.4042 31.2456 32.9314 30.5468 29.5292 23.871 26.7338 26.5806 26.0227 24.4289 22.6634 21.376 25.661 24.5269 25.0296 22.6082 23.0863 24.4105 23.0557 23.2948 22.7553 25.0664 23.7668 25.1829 25.8204 24.4166 24.6863 25.097 30.2219 29.192 26.8809 28.0457 29.0449 23.9752 30.4303 27.9353 25.9675 26.93 28.2418 22.3201 24.5821 23.8649 20.9959 23.1599 22.3998 22.3385 24.1162 24.5453 24.4718 23.2335 23.3438 21.7438 24.8273 21.0511 29.0449 26.1147 25.3361 25.4771 26.5806 28.0763 24.9928 27.8372 30.0993 28.769 32.3981 31.4908 31.6748 34.4211 29.6334 31.4786 34.5192 39.2394 37.4371 35.5429 34.4946 39.3682 37.854 36.9835 37.4555 31.9935 34.8134 34.2923 37.3145 37.2716 38.1605 35.3713 34.5314 35.4755 36.7628 38.0686 36.5237 37.4617 34.7399 38.7122 36.5667 36.1498 38.4241 38.7 40.49 38.7061 38.3935 40.4593 37.1735 41.6915 40.631 38.608 40.8394
43.2545 36.1433 36.1618 42.0919 35.4322 39.1362 38.4807 36.1309 38.0169 37.0028 32.5753 35.191 37.6706 38.3632 36.1371 35.2776 35.0055 34.1089 36.8853 40.781 29.7865 32.3218 35.797 40.1997 37.547 32.0745 33.1999 32.0374 36.4339 35.4322 33.5585 33.9481 34.721 35.024 33.608 30.2812 35.7042 34.1274 33.9172 31.3077 30.5347 34.6221 28.0242 31.4685 29.5083 26.503 31.487 30.9119 27.3378 29.4155 25.8661 25.9465 26.9297 24.2831 25.7919 24.1965 24.5428 25.1612 21.3335 22.2425 23.2813 23.7451 24.8644 24.3016 22.8794 25.0066 27.8325 26.2742 29.6443 29.9658 31.5179 30.51 30.2874 29.6567 35.1539 30.4791 33.9357 32.866 33.7317 31.9075 29.2733 26.0454 24.8582 28.0242 25.2663 22.9907 24.6108 23.4421 23.7266 20.6657 23.0773 24.1038 24.5428 25.9032 24.0296 26.5525 25.359 23.504 22.3538 26.6885 29.1434 30.4296 30.3307 27.6532 30.3987 27.4429 32.0374 28.7539 30.3245 27.9871 33.441 36.4154 35.9145 35.6486 33.1071 36.4834 29.8669 30.6213 36.0938 34.7705 36.2608 34.5294 33.608 31.9817 35.4631 38.0355 33.2988 33.5523 38.2643 36.3288 32.7918 34.6839 32.835 37.7881 32.6928 35.1972 37.2192 38.6724 34.3067 38.5734 38.357 39.0001 34.9437 36.5019 38.9939 37.9798 41.3375 38.8022 38.0417 39.1547
39.4805 42.8859 37.0481 40.8028 39.256 44.2706 36.8048 38.5387 36.9483 35.0896 35.6073 36.5179 33.7362 33.6738 33.5304 36.2061 35.5948 33.3682 32.5075 38.3953 33.705 38.3454 33.0626 34.1042 33.4742 34.809 31.2476 38.2768 35.2081 34.8152 37.1042 28.2725 33.4555 34.3599 34.8214 34.915 30.9732 30.9919 30.9981 30.1187 33.337 32.0771 28.8526 29.1582 29.838 31.9711 27.0127 27.7361 24.3557 28.1416 27.337 26.1145 27.4181 27.6301 28.4908 24.2559 25.391 24.9981 23.8193 22.6405 21.7922 25.4409 25.6156 25.416 25.5594 29.2143 27.9045 33.8547 29.8692 32.5761 31.31 41.308 39.836 40.5969 41.6635 44.0772 36.1686 41.0647 36.8797 34.6281 34.7778 33.3433 31.5595 33.0127 27.7174 25.3598 25.9711 21.7361 24.0064 22.7153 21.8546 22.5781 25.1353 24.2309 23.9004 22.7216 25.3474 25.5594 25.8588 26.339 28.0792 28.3224 28.1416 29.626 30.6676 32.1894 29.495 32.127 29.2455 31.3162 32.3827 33.7424 34.1603 30.2933 35.152 34.6593 35.2019 37.3038 33.3245 36.3183 34.7715 34.4784 34.4971 32.8692 36.3433 34.9399 34.9961 35.3266 38.3079 40.0356 34.2414 30.9669 34.6967 35.1458 32.994 35.3641 31.2663 35.152 38.1084 35.7819 38.0896 36.8485 38.152 39.8859 37.6718 44.439 37.4348 41.3953 36.6676 37.7903
38.1517 37.6548 36.5225 39.4224 39.0324 41.6303 35.8871 35.0757 39.0638 34.9813 38.0951 36.9628 34.6919 32.8048 36.8181 37.5856 37.9567 38.9695 34.6668 35.3021 35.277 34.0503 36.9754 35.1889 32.0437 33.7043 38.2461 30.7541 32.2827 30.3452 29.9615 31.7857 33.7043 33.308 34.4529 32.0311 29.3073 34.1384 34.1384 33.4024 33.2829 29.3199 30.383 33.7924 29.5149 30.4773 28.8858 30.232 23.9919 30.3389 27.6026 26.5961 26.7597 30.4899 26.0237 26.6276 24.2372 25.4009 26.3696 24.8851 24.3944 27.1748 27.3195 31.4775 28.4455 32.8111 32.679 35.17 40.6616 41.3473 45.7695 45.2536 47.6 49.6129 48.3234 52.0222 48.0089 52.5443 46.7634 48.6505 39.4035 37.6799 36.6734 34.9373 29.691 28.7852 28.4141 26.3005 27.3447 27.4579 24.3252 24.4259 24.0359 25.9859 26.0929 24.4825 25.2374 25.7343 30.2949 29.6218 28.0869 26.854 31.8738 31.1944 30.7101 32.0688 32.8677 36.7615 30.8044 35.8494 29.5715 28.7789 32.3582 34.5976 31.4838 33.2955 35.6795 32.44 35.4028 35.1574 34.1069 32.1506 32.8488 36.4407 31.0183 36.1073 35.8808 32.8803 37.3906 36.8559 35.6795 38.2775 37.3214 36.3086 31.7354 33.3709 35.9626 35.4594 35.3902 35.17 39.5482 39.0135 37.1326 36.5728 35.8997 37.1138 39.7432 37.4786 39.3532 37.4472
42.4914 47.7188 43.849 46.9638 48.7021 49.8376 43.9124 40.1124 48.8733 47.243 46.3865 42.1488 44.6356 46.1328 36.6233 38.1014 44.9655 42.1298 43.7221 38.6406 40.7722 45.2066 38.5391 42.5675 39.053 39.4209 40.2964 33.6988 34.2824 41.2163 36.4457 38.6597 32.6203 35.2149 32.9565 36.4647 37.2513 36.9341 36.6804 37.4353 35.843 29.9812 32.7472 31.5862 28.021 31.5862 32.6774 33.832 31.4847 30.6981 31.2246 30.9836 29.2263 31.5355 29.8797 30.2921 28.1288 31.5165 32.1508 29.0423 32.5759 31.269 32.8043 34.0033 35.2213 34.5425 38.3044 40.6326 42.3772 40.5058 43.7031 38.628 44.2677 45.1558 46.0313 38.6851 41.0323 46.875 44.477 36.8326 39.7826 37.4353 33.0644 36.8517 33.8193 30.3365 33.3625 31.4974 33.2166 32.6901 30.2921 29.2073 28.7315 32.2016 31.0534 29.4166 29.3151 32.6647 30.2984 28.7822 33.2991 27.9195 31.2246 27.7355 35.234 30.4063 33.2927 31.618 35.7415 33.8827 34.3712 33.851 31.3325 35.9191 30.5776 35.7796 37.5178 35.1452 36.8834 36.839 34.0921 38.6977 39.7572 39.1672 38.425 36.3886 40.8356 41.6032 42.2884 40.0807 39.5288 42.7451 44.0012 39.2687 40.8166 43.4684 43.6904 44.6483 43.8997 46.247 45.086 44.1027 44.0456 44.9592 47.6744 50.1929 46.9004 47.8012 49.1271 45.7775
46.9627 45.3826 43.8216 51.5624 45.1075 45.197 42.3438 42.1967 51.2489 41.7297 46.6684 45.2418 45.9135 43.2586 42.9708 43.4698 44.5445 38.4351 38.8829 41.1475 42.8684 42.0048 37.6674 36.8485 29.466 38.3199 36.6566 38.595 38.7038 39.1068 41.1539 31.9994 34.859 39.8937 39.0044 36.0425 37.1492 34.8206 34.8014 34.0657 34.3024 34.8782 31.494 30.4448 33.3172 29.7027 31.2637 32.4472 36.196 30.7327 32.7479 30.3041 29.8627 30.4704 30.2657 33.0549 29.8051 29.4596 29.1526 34.9741 32.5495 30.0546 28.5896 29.2549 32.3256 29.3445 31.833 31.8202 30.3361 32.7862 32.831 32.1593 30.7711 35.761 34.3344 29.0246 34.9421 33.8738 30.8479 31.1613 32.4344 28.532 31.4236 31.8138 29.2549 29.8883 29.0694 31.5771 30.8031 28.4361 27.7452 33.1125 27.4381 29.7347 30.3617 31.5132 35.3068 30.5728 34.3664 32.8566 34.232 35.0317 32.5559 27.6492 33.3428 34.7886 38.7549 33.3172 34.36 32.8502 37.1492 36.1704 33.6691 34.7118 36.6374 38.6206 37.2772 37.2324 32.8182 39.2475 37.7634 39.6825 41.8512 41.896 39.9704 37.8017 37.4179 43.1947 39.3691 38.7421 40.1048 46.9691 45.6576 40.6357 39.6058 39.4139 44.8516 42.5997 44.0775 42.5166 45.6321 42.8556 43.1755 42.83 41.2179 45.4465 43.0028 45.0115 41.6593 52.2725
39.2463 39.7559 40.33 42.6781 40.4719 39.0592 41.2073 40.2591 38.5109 38.4141 38.5883 40.2397 35.221 38.8399 34.7437 36.9563 37.7046 34.9114 35.2017 33.6729 37.8142 36.6402 37.2272 36.5434 32.8601 34.6211 36.6079 33.5761 35.2984 31.0216 33.4987 35.3113 28.9445 33.5309 32.3763 34.0018 35.0662 33.1245 32.2988 32.0666 33.5567 29.983 31.6989 31.2474 29.4154 30.312 32.0086 29.8218 27.106 29.1444 29.5057 30.5507 27.2737 25.9191 30.1701 30.4281 25.7062 30.8023 28.1962 30.2862 29.467 28.9574 30.2733 30.9442 31.7183 27.3963 30.5313 32.9246 32.2085 32.5698 31.1958 32.273 35.4146 34.2083 36.8853 35.3758 31.6731 35.4404 31.8666 34.892 36.208 31.9118 34.0534 29.9121 30.6668 31.3054 30.1314 28.5316 28.8671 25.8739 26.7383 29.6153 25.7062 29.3702 28.809 30.5442 29.4992 30.8926 31.4473 27.9059 33.2665 28.022 27.4027 30.4797 32.5504 33.1439 31.041 31.0216 30.77 30.5636 32.9504 31.7634 34.2986 34.2147 30.9764 32.8085 33.8341 35.5436 31.6344 36.7692 31.5893 32.4021 33.518 32.6794 34.5244 36.8208 29.4992 33.8277 35.5694 34.9566 36.6402 37.2143 36.1499 38.1045 37.6014 38.8334 37.6143 38.1819 38.9109 40.0978 37.7433 37.0208 37.7239 37.2788 41.0719 39.7753 40.5429 39.0592 39.872 43.5876
41.1063 40.3908 41.8022 40.0656 38.8754 39.89 36.1631 37.8412 37.503 41.8738 36.0721 36.9697 36.0331 38.5697 39.3502 40.0982 36.3192 37.0737 38.7063 35.207 38.6217 35.9095 33.5355 33.1972 35.6688 31.994 31.9875 31.324 33.5745 35.3046 33.7761 34.9404 33.1062 32.1566 32.072 36.0981 31.7013 34.9859 28.072 29.8216 35.0314 27.5646 35.5778 28.0329 30.9923 28.7809 30.6476 28.6768 28.2801 31.6818 28.6248 32.02 30.8622 29.1516 33.2102 26.8232 28.7484 28.2216 31.7663 27.6492 29.3273 30.1078 31.4736 34.0493 29.6395 28.4817 31.7403 35.3111 28.1955 29.4313 32.2736 29.0021 32.0265 34.8753 30.3484 34.6607 29.3533 28.059 31.8834 30.2509 29.9972 27.7533 31.4281 31.5257 33.1452 30.9078 28.6443 30.6541 36.2542 30.407 29.9191 32.781 30.8297 31.9419 29.7891 30.2639 30.7972 32.4623 29.3012 30.2769 30.407 29.8736 27.3825 31.3045 31.968 25.9971 32.5793 32.098 32.1175 30.8362 32.9436 31.3566 32.0915 29.5679 33.9387 32.4818 31.3826 34.355 34.2054 30.8557 33.1972 31.2005 34.5046 33.9517 33.4574 34.0038 37.5485 35.968 29.8996 38.2965 37.529 33.3403 36.2802 35.168 37.3014 34.7843 38.8559 38.7583 37.6266 35.4087 41.5226 39.4347 40.638 36.9892 41.8543 37.8022 38.355 39.9941 40.7486 42.7323
40.0996 38.998 47.0769 41.903 39.2865 37.2667 37.575 38.9783 44.3883 35.5815 38.9389 37.8045 42.3358 37.4307 38.657 38.5324 39.2144 34.5191 32.5256 37.2536 35.6798 34.1453 36.6175 35.4765 35.1355 36.2962 35.4634 35.6208 37.6077 35.0109 31.5026 30.6698 33.8502 34.6962 34.0011 33.9289 31.7781 32.4666 31.6076 33.5814 27.6861 30.9715 30.2239 32.683 31.2534 30.4862 30.6239 28.7878 30.4337 31.7715 29.8632 25.4893 27.2533 30.9584 26.8271 27.1025 29.496 28.5452 28.1648 29.6862 30.2698 29.3583 30.5452 30.7682 29.6534 28.8009 27.3517 27.6205 28.9714 27.9943 32.3486 30.401 29.7583 24.9582 30.7157 30.2108 28.2566 29.0763 29.0042 26.0402 29.8436 28.132 30.8534 27.7451 26.7615 30.7944 29.0304 29.0894 27.7583 28.7812 27.6533 29.3452 27.7845 28.014 29.4895 30.2895 27.6271 28.5517 26.8599 30.86 30.801 30.6961 29.7059 31.9813 27.3189 29.7977 31.2731 32.4994 32.0797 31.5157 30.3419 32.4863 31.3125 34.7158 27.2795 37.8241 33.2929 33.2535 34.4011 33.9552 36.1847 34.8601 33.0633 35.1486 36.4077 38.3422 33.8502 32.5256 29.7059 36.9192 36.2897 34.8667 36.9454 37.575 42.5522 35.6274 32.8207 40.4669 38.4733 35.8438 38.5652 39.7717 37.6077 38.2569 40.7292 39.975 40.3947 39.0898 41.7653 38.8012
41.3056 40.9882 41.1998 43.0178 43.0509 42.1253 38.919 39.1041 35.078 36.9687 36.8696 39.5008 35.3557 41.1337 41.1998 34.245 38.8661 35.6069 37.5968 33.1211 33.6302 39.4875 34.0004 38.0728 34.0467 37.3654 34.9788 32.9757 32.2287 31.0585 34.1062 33.1013 29.9214 33.2269 31.7461 34.4433 32.5592 31.3891 32.4402 35.2631 33.3658 32.6914 35.0846 30.8007 31.0387 29.7363 30.1264 27.5679 27.6935 29.1744 32.6319 28.7711 28.7711 27.515 29.8818 28.0769 26.3383 29.1413 27.3497 29.1083 28.0108 29.0554 27.7993 26.9399 26.8076 27.2241 27.3299 28.6719 25.8887 26.1531 29.1876 27.2638 28.705 27.6538 28.7248 27.2902 27.4489 26.5961 28.4472 30.0536 27.3101 29.6768 28.5595 28.3149 30.966 29.2868 27.0126 28.9496 28.0703 27.6472 30.0404 28.1893 29.7429 28.0108 26.292 28.0968 27.7861 31.6204 30.2255 26.9068 30.3379 32.9691 29.5776 26.6952 30.8734 32.0171 30.3247 28.5265 34.8664 31.0651 28.857 34.8268 34.1062 36.5787 31.6799 35.8515 30.0669 33.4649 35.4945 33.4054 33.5046 37.5902 37.101 37.6232 33.7889 37.729 35.944 37.9075 36.1622 36.2283 34.7937 34.84 37.491 36.8894 36.863 35.0582 36.387 39.0777 39.5735 36.1688 39.2826 40.0495 40.1486 41.2395 40.2015 41.213 43.3285 45.0738 43.745 44.3268
40.5597 40.7796 44.3384 42.3991 39.6933 36.4611 37.3275 37.0876 37.7807 39.1002 35.4414 35.5947 35.7013 36.5611 38.1872 39.6867 34.4418 38.5137 34.2152 37.8073 31.3361 36.3211 36.5477 38.9536 35.2015 34.7483 37.6074 35.4748 34.4818 34.1219 34.6617 35.1815 33.9819 36.5944 33.7553 31.3228 36.1879 30.803 27.9839 33.862 31.0296 31.6827 30.7297 29.3368 31.656 30.5231 31.1495 30.5431 28.8703 27.724 29.0036 28.4438 28.4438 29.5434 32.1559 28.7237 27.884 25.9979 28.0173 27.6574 30.3232 29.2902 26.2512 29.1302 29.6434 28.1372 25.6381 25.4048 31.3695 31.1296 28.3172 27.9973 29.6434 24.2052 27.1909 27.9773 24.5518 24.3385 23.6521 25.9513 25.938 28.5571 28.1639 27.4974 27.0776 29.7633 27.4508 30.6031 29.1236 28.6504 29.67 28.5238 27.1509 30.1232 28.6904 26.911 29.6234 28.1372 28.857 29.1436 28.4571 26.5777 29.1102 29.71 30.3165 29.5168 34.0752 31.716 32.2892 29.9233 33.9953 30.5964 28.6837 32.7024 31.0696 35.8013 35.1349 38.1139 35.9413 36.1745 30.6764 36.0479 32.3425 34.775 34.8216 31.4561 33.4888 39.1802 39.4401 34.3685 36.6744 33.7753 34.6017 36.881 36.621 36.4878 35.1016 36.3944 34.5551 37.614 39.2068 36.4078 38.5204 39.0136 36.3411 40.5997 36.7743 42.1259 40.9729 45.4847
45.4731 48.9664 47.3004 42.1612 42.4635 43.2697 41.2678 43.3503 41.0931 39.8906 36.3906 39.024 34.4357 40.7102 35.9943 37.9357 36.5451 38.3388 37.143 38.809 38.5605 35.4165 34.8791 32.9376 32.8167 33.0787 34.7985 35.6113 33.4751 35.6919 34.9261 31.3253 31.6612 34.1737 34.167 33.8781 30.0422 31.4933 29.9213 30.929 29.2361 27.1871 28.0672 29.6795 31.3119 28.5509 30.2572 30.8887 27.6238 29.1824 27.8992 30.7073 27.5096 25.9108 30.1094 31.4866 29.1689 28.2419 28.7658 28.7726 27.7783 28.6987 30.5058 27.8589 26.7774 30.5058 25.1382 31.9031 31.6209 29.3167 28.5912 28.0739 28.5845 31.3186 29.5518 24.7083 28.571 28.3896 28.4703 24.7754 26.4146 30.2303 27.2409 27.4491 31.3388 30.5797 31.2716 26.8513 27.0528 29.1622 28.8196 30.452 27.9261 26.9722 28.8263 26.858 27.8589 28.6919 26.7774 27.2073 28.3561 25.6152 31.809 27.1334 29.7534 29.2495 30.0019 29.095 30.6334 30.3647 29.6862 32.1315 30.8685 28.047 32.4607 31.3321 32.1248 34.3014 31.023 38.7754 34.7985 34.0998 34.5298 33.4079 34.0058 33.6564 32.8436 34.3551 34.9597 36.6929 38.0701 32.7361 38.0701 39.2726 37.0422 35.9472 34.2543 36.7534 34.8321 36.3503 37.0086 41.5835 38.1843 41.7985 42.262 45.6075 45.0701 44.311 46.1516 48.0662
53.229 59.0591 54.6103 51.6445 46.2749 46.7083 44.9206 42.0835 43.1669 45.3675 48.3401 45.354 44.3451 46.1666 41.2574 43.8169 42.896 41.9548 41.5011 43.4039 42.6726 38.2712 36.6597 40.2891 40.3974 36.0706 37.4993 34.8788 37.2014 35.0007 36.6529 36.6665 32.3532 32.0755 32.1703 34.0121 32.1297 30.6197 27.7419 35.881 30.2405 29.3129 31.7099 26.5299 29.2722 28.243 30.5317 30.7213 29.279 29.2113 29.2519 28.1414 27.3763 28.3581 30.0171 28.8795 29.13 31.0124 30.9109 29.7868 27.9112 31.351 28.8253 28.2836 29.2113 28.8863 28.9743 27.4643 27.4507 25.9949 24.0042 30.1322 24.5188 27.3627 25.5548 23.4286 25.1959 25.1214 26.9632 28.0602 29.7598 28.5545 26.8549 28.7508 27.1122 32.2042 27.4034 28.1956 27.6877 27.9586 30.0983 28.243 31.5271 28.5816 27.7013 28.3107 27.0174 27.7825 28.4597 26.821 28.3378 29.7462 28.2565 29.1097 29.4415 27.9247 34.784 33.3011 28.2633 34.3845 32.475 30.8973 31.6083 33.0574 38.5218 31.1276 35.9013 37.1675 35.6643 39.9302 36.3143 37.1134 34.7366 42.7945 41.948 39.639 38.0749 39.4765 37.2759 37.5941 41.2371 46.0921 41.8329 40.0521 44.7107 42.334 44.3654 43.282 38.6437 43.8034 44.4737 43.7154 47.0333 48.1912 47.7849 45.5842 48.6245 47.487 54.5223 62.2483
61.7089 58.8698 54.5293 53.178 53.0074 53.0757 52.83 51.3832 49.4995 44.9952 45.3092 47.1177 50.2776 45.2409 45.0498 46.0804 43.9033 44.2923 44.1285 43.5962 42.7977 41.0301 43.9511 41.8695 43.7804 41.9378 37.3106 36.0139 42.6953 39.6242 40.8117 36.6486 38.4435 36.7373 33.2568 31.1343 32.5538 35.4134 37.6792 30.056 32.4787 32.1785 32.4241 32.6835 29.1824 31.3458 32.936 29.5441 29.626 28.9367 29.4554 28.8139 29.2984 29.2097 28.8071 30.0423 31.7963 31.0387 30.52 28.8002 29.0323 29.6943 28.8958 30.7453 28.6501 27.5445 32.158 30.6975 33.3591 27.954 30.4586 26.6504 28.3293 26.1113 29.2711 25.422 25.811 28.7866 27.6605 29.2711 28.5409 33.7481 30.0901 31.1206 29.3189 27.6196 28.4726 30.9773 31.6188 30.9295 29.9604 30.7589 30.4723 30.1037 31.6666 31.2162 26.7938 32.7108 29.6192 28.8139 29.1619 28.5341 29.4281 31.5233 27.5377 30.2198 32.7654 33.714 35.1608 31.8236 30.6292 29.8308 31.9464 32.4787 32.9906 35.1267 34.6285 37.6041 38.5595 39.0714 37.4676 38.9827 40.0337 38.9144 39.0031 45.4866 45.4661 42.9205 47.4385 38.9281 41.5624 44.1148 42.2858 40.3954 48.7215 44.8587 43.8214 48.8785 47.2406 46.3056 46.0872 47.2337 50.6734 47.3498 47.7115 54.7136 55.8806 57.6005 58.7402 61.006
69.1182 66.7728 68.4442 58.354 56.0017 54.2202 55.6715 52.9615 52.2875 53.9245 47.5209 48.759 46.5442 49.1029 44.1919 48.1881 51.4071 48.1812 50.1071 42.9745 49.7907 41.8809 46.6268 41.7296 43.4972 44.1163 39.7555 45.2305 39.8587 38.5587 40.2439 39.2741 37.8778 39.1915 35.6906 35.2091 36.7223 39.7693 33.1801 35.9519 33.3589 37.8434 33.6271 33.7922 33.3245 30.8346 28.7712 32.5266 32.3478 32.1552 34.4456 31.4812 31.5018 34.8308 36.5022 31.5499 31.8044 32.8499 34.0742 31.0203 32.3959 30.2775 34.8858 33.6959 33.8404 34.0398 31.3917 32.561 31.3986 31.5362 31.6256 29.3008 31.1716 30.2431 25.057 29.6722 27.4506 28.668 30.4219 29.4727 29.7616 33.6822 32.0108 35.4361 32.1002 33.5102 32.8018 34.198 31.6256 33.8266 37.018 31.7081 32.616 31.942 31.887 35.0096 31.3849 31.433 32.6229 31.6394 32.1827 31.8938 33.3933 30.6076 30.6008 33.634 29.9542 32.5885 32.7055 34.0261 37.4101 34.4869 37.6783 36.1445 36.2064 37.9122 37.9122 40.8423 44.0612 37.2725 36.8598 41.1105 41.2825 39.1709 42.9195 43.4697 41.7639 45.8496 43.2703 49.1098 43.9306 48.0368 46.3379 48.931 48.4976 49.3643 46.9776 48.4976 52.9615 48.704 53.5599 52.9271 53.6837 54.1033 52.0536 54.8736 55.1419 62.7353 67.1855 62.8729
80.6416 73.405 65.9536 66.4943 65.5793 58.2042 61.261 64.9832 58.0586 57.1991 57.1783 52.4649 55.2305 52.2708 50.7944 48.2574 49.408 49.7823 49.3457 48.2782 48.0841 48.0009 44.4035 46.8988 45.4709 47.0375 43.4746 46.3096 42.0259 38.3869 38.6364 39.184 40.5565 40.2307 39.2048 37.874 37.6521 33.5279 37.8601 36.7302 34.5537 35.1429 35.9262 35.5796 33.8467 35.3786 36.5084 34.7132 37.264 35.7044 36.7996 37.5412 34.3527 33.4586 37.4442 34.8657 37.6314 35.032 37.7076 34.6092 33.9507 32.5505 34.6993 36.3629 35.9193 33.8259 35.7529 38.1096 33.6804 37.1392 31.2751 30.2978 27.9133 27.6083 28.253 29.9512 27.8094 32.502 30.6236 33.8814 34.6508 33.1258 36.855 33.1882 33.0912 34.4013 33.4378 33.9923 36.8342 32.9456 37.8254 35.9123 35.5242 37.2224 35.3786 36.5292 34.2002 34.7201 36.0995 33.1605 35.9608 35.2261 33.9022 34.7894 34.1517 36.2797 34.9211 38.2136 38.6503 40.1128 36.1064 35.24 35.6559 36.6401 39.7732 40.1614 40.4386 44.2094 40.9654 40.0643 39.7593 44.9303 43.544 41.7556 43.0102 43.6479 50.1081 43.1558 46.3027 51.03 45.3392 46.6285 49.7754 48.1396 49.9071 49.3249 52.7629 51.9381 55.4454 54.9671 60.4361 54.7315 63.1949 59.8747 57.7675 63.992 62.9038 68.8995 72.9822 78.1393
92.0619 88.9885 83.624 76.2339 77.7706 73.5657 71.1419 66.3781 65.966 67.0138 64.5201 63.4165 58.6597 59.2605 54.4199 57.172 52.7994 51.0112 53.1486 54.5386 49.4117 49.23 47.4978 47.3092 47.0228 47.6095 43.216 40.6036 46.0239 44.2079 42.8039 42.3429 41.0646 40.9249 40.3522 38.2497 39.2625 36.7758 37.7537 37.3416 38.5361 39.7375 35.0785 36.6501 39.2136 35.7211 37.1949 37.3905 36.6222 37.4883 39.039 37.3207 35.2042 39.4371 37.2788 40.6665 38.5919 40.7224 38.8224 41.8888 38.3964 39.4092 38.1519 34.8131 37.5302 34.4499 39.2276 34.4359 35.0156 34.5197 34.9039 34.0308 36.238 31.146 31.1809 31.2996 32.4591 32.536 34.827 32.4382 32.7944 33.8142 35.8678 33.7933 37.5861 37.3556 34.401 35.316 39.2904 35.6233 41.3231 42.2171 37.188 39.9121 40.8411 39.1996 38.7386 38.8155 38.2217 35.5186 40.7014 38.3754 37.2438 39.5559 38.4313 35.4138 33.905 40.5757 37.16 35.4138 39.6956 37.5302 38.11 36.0494 37.0692 40.3312 38.1309 42.0216 41.8609 44.5571 41.7422 42.9226 45.1019 44.0402 47.5187 47.0787 49.1183 47.9378 52.9949 51.3185 52.5619 47.5606 51.7167 51.9472 54.1056 54.4967 59.009 59.2325 59.8123 58.3384 61.789 63.179 65.2047 67.0627 73.0069 77.9313 72.476 79.0279 90.2737 94.0037
113.973 109.926 99.9662 102.289 92.8223 90.4292 88.1981 80.8218 85.2138 76.6621 74.6421 72.1013 73.0866 69.1522 72.0098 66.1397 63.3877 66.0412 61.783 57.3418 54.0619 52.5134 55.2162 54.7798 52.0278 49.9444 46.8334 44.9823 45.6932 43.9266 42.6245 41.5898 41.9347 40.513 38.8519 40.2666 37.8243 37.4231 39.8936 37.578 37.2964 37.3598 39.8654 40.9142 38.141 41.625 40.6608 41.7165 41.8573 41.069 41.618 44.2433 40.4074 41.1394 41.9418 39.9077 38.8308 44.194 39.9569 41.0197 36.2829 36.67 37.9932 34.2981 37.0079 33.9813 36.6137 33.1367 37.5991 34.1503 32.6159 31.0393 30.5818 33.6294 27.2808 29.1108 33.1367 33.369 33.193 34.9878 37.0501 33.0171 34.3896 32.6722 34.2066 35.4805 38.4366 36.7826 40.6185 37.1627 40.9493 42.8638 38.7323 39.1686 38.9012 41.3224 39.5628 40.6749 41.259 41.8221 38.8378 39.2249 42.8356 42.9131 38.4155 36.8389 40.2174 38.8026 38.8871 39.9288 37.578 39.6684 40.6115 40.6115 40.4144 42.1318 39.7176 39.7739 44.2504 41.2872 43.2298 46.939 46.9461 47.5654 46.024 49.1913 51.3732 54.3927 53.2736 57.6444 58.665 54.5827 57.9119 64.7673 68.3216 70.1024 66.7239 69.1311 71.9253 76.9437 76.0991 80.6036 84.6226 85.2912 88.8104 94.5115 99.1639 103.746 106.723 113.431
111.533 103.441 104.072 101.229 92.5056 89.7327 85.974 81.726 82.3147 76.237 75.0881 79.4779 81.4707 64.7553 71.4855 69.0813 65.4787 61.6137 63.9185 60.0606 57.4153 57.9401 53.7347 49.1392 49.5718 51.1887 53.2879 46.2457 46.0755 42.8984 43.948 46.9265 43.3381 40.9268 40.8772 41.4162 43.8699 42.636 44.2884 39.629 40.863 42.175 41.5013 46.6428 39.239 46.1606 45.2954 44.3947 44.9621 38.0121 38.8206 42.1679 37.7284 38.232 41.7282 39.1397 41.8417 40.09 38.8206 37.9554 36.5299 39.8063 39.1681 38.6858 37.076 33.4946 36.1824 32.3954 34.4875 35.1328 34.374 34.1471 31.0976 30.7856 30.4522 29.2963 28.9842 31.7997 33.3031 32.4592 34.9343 36.0902 35.2747 33.9343 36.0051 39.3312 36.3314 36.1115 39.1184 37.388 42.5083 44.1962 36.9412 39.551 40.3311 41.2389 41.9552 42.6785 39.6787 44.4302 41.6148 41.6573 40.2248 43.1891 40.8985 46.3379 44.1536 47.1535 45.7493 41.1892 41.4304 45.572 44.7777 44.4231 45.0614 43.7352 42.2601 41.4304 45.0188 42.636 45.6784 45.4089 47.3875 47.9336 49.4583 53.0609 53.607 55.3374 55.8551 57.3231 63.4788 65.273 64.1029 64.0887 68.9253 68.5495 67.5779 74.1662 74.6342 78.868 82.5912 85.1088 85.045 81.2509 89.6618 92.924 97.8812 103.54 104.739 103.299
104.599 94.8887 94.1385 88.5938 90.9303 80.2124 81.8558 73.6031 78.519 71.831 75.2107 75.3751 72.3241 69.2373 66.6508 61.7062 61.4847 60.5201 59.2697 57.8835 57.4906 52.4603 56.8475 50.5311 49.1521 50.8812 47.0299 46.1296 47.4658 48.609 47.0514 46.4726 43.686 44.5648 47.8445 44.3933 44.4934 44.6577 44.8792 43.4859 48.7591 48.0588 41.8782 43.9503 42.1212 40.2062 39.799 39.3917 41.8782 39.5703 41.771 41.5853 40.1276 39.9919 37.8912 38.8201 40.4134 38.8558 38.1484 36.4336 35.9977 34.1114 37.8697 36.7122 36.8337 39.9419 35.076 35.3475 36.8337 35.2689 34.1471 32.7323 31.7963 29.2597 31.7749 30.0814 29.4598 32.4036 31.1175 31.4105 32.5323 34.1614 35.5118 36.162 34.2328 37.3767 35.5547 33.997 35.5333 36.9123 41.5138 40.7707 41.1637 39.9276 37.7911 40.242 38.6772 39.7489 42.507 44.2147 40.1205 39.2702 42.2212 41.8854 44.1218 43.8717 40.3706 43.4788 47.3729 44.0861 41.4066 46.4583 45.0507 48.8663 48.1089 46.5155 46.8727 45.7081 45.801 46.0868 45.015 47.5658 48.4733 51.9673 48.8806 48.9091 52.3817 56.9189 55.4184 58.055 60.2629 59.8485 65.8505 66.7365 67.5796 66.6007 64.6858 67.6511 68.63 73.1029 78.2546 74.3533 81.0627 78.9977 85.0283 87.4291 88.5295 90.9946 98.2398 100.412
101.58 100.011 95.9077 95.1735 87.1182 88.5795 85.5057 85.8512 77.7023 74.9236 78.6309 69.0423 70.986 66.638 62.1244 65.9613 59.8208 57.3013 56.1711 54.4434 54.0979 53.6012 48.2382 51.1609 52.2767 50.0163 49.0445 48.4254 49.9803 48.9437 48.4182 51.0313 49.1596 46.9928 47.1296 50.9233 48.7421 49.9587 43.2567 45.4451 48.1302 43.6167 43.8686 45.3299 42.0114 41.5147 42.5657 43.6743 43.6455 39.1679 36.2812 39.571 40.4205 43.3215 40.6148 35.5902 39.7582 37.8577 38.8656 35.5038 36.6772 36.8931 37.0299 36.1589 33.3946 35.0791 39.0599 34.7839 34.5464 30.9902 31.8613 34.2944 31.235 31.2422 30.6663 29.8672 33.481 28.2403 33.6969 34.9639 32.358 34.5248 32.7827 36.7851 35.6909 35.7845 37.9945 36.0869 36.9795 33.8193 36.634 36.9723 36.6412 37.6346 38.9951 40.7156 39.9094 38.9879 39.5926 39.6718 41.5075 40.2333 41.2267 40.5788 45.5027 42.4793 39.0743 44.2358 44.9196 42.7528 44.2501 44.9268 49.0948 45.8123 46.4601 47.036 49.2604 46.8921 52.1255 47.7343 48.2958 51.8591 47.8279 45.2868 51.1969 50.9881 49.8147 53.2125 52.2119 55.0337 53.0469 56.6318 61.7141 60.879 65.1479 63.9529 71.5259 73.5199 77.2632 76.6585 81.1505 73.995 87.7084 83.886 90.7391 85.5273 89.3857 93.7481 97.8945 106.663
98.0626 101.609 97.7653 97.0691 94.1683 91.6083 83.0363 85.56 80.955 78.1339 78.4675 69.9391 70.8238 67.3573 61.911 68.4524 60.7217 59.7789 55.8265 56.1311 53.3391 54.173 51.9104 48.2046 55.1448 54.6807 50.7065 54.6299 51.9249 51.4318 48.5672 52.8822 48.1611 43.6793 54.0062 46.4931 46.2393 49.3069 46.6961 46.6816 44.361 47.3488 45.3835 46.0652 42.2651 45.0209 44.6511 40.5101 41.714 43.0484 41.1483 40.5319 41.8953 36.8913 39.1757 36.739 38.5811 38.6463 39.5601 34.6867 35.9631 34.5489 33.4684 32.7867 35.5642 33.5699 32.3878 34.868 35.1653 30.2267 36.0646 33.6061 31.9889 30.9446 31.416 29.3854 31.0171 32.8084 31.5611 33.7947 32.0179 33.3016 35.8978 35.731 35.1291 33.6206 34.9985 35.0566 35.013 36.2096 34.81 35.847 38.8929 38.9364 38.8204 36.6303 36.7608 39.9009 41.2353 41.9025 42.3667 40.7277 42.0331 41.2208 44.9194 42.1491 43.2659 41.6705 44.9049 46.6164 41.2788 43.3239 43.9911 42.7583 46.3118 49.6042 49.9016 52.6501 50.7573 50.7065 48.4802 54.6952 51.8524 51.8524 50.3004 51.9539 50.8153 54.2963 56.0513 56.6533 56.2326 56.7838 55.9716 55.2536 60.6564 64.2897 67.089 72.4193 77.7568 76.1759 77.6335 80.2588 82.5649 86.6769 87.286 98.4325 96.0973 96.3439 97.5622 100.492
107.873 104.366 101.378 103.665 93.7588 96.9586 92.3416 83.7284 87.1473 80.0975 72.5656 71.7985 68.0508 59.6567 63.3606 65.8664 64.4638 57.1144 54.2141 59.8029 58.4586 60.2704 56.4642 62.6666 56.7857 55.8287 49.4948 55.7191 51.5184 52.2855 50.9851 47.9606 52.0517 47.5223 47.6903 47.0621 41.6487 46.0466 45.7982 44.0157 43.8622 46.2292 42.5911 44.5636 41.3565 42.5838 44.9727 43.8769 40.3337 42.2696 38.6826 40.3629 42.1016 39.1137 44.7827 38.8288 37.2873 37.6745 36.6517 36.3814 38.4927 36.6152 35.4025 37.5722 33.9048 33.43 36.228 34.6719 33.9341 33.1889 30.2375 32.641 30.9169 30.9461 29.3097 30.9315 30.6393 30.3763 31.8739 33.3569 32.904 33.2693 34.051 34.051 37.0681 36.6298 33.8099 35.3002 37.8717 36.4545 36.1476 35.6728 36.5348 36.0673 35.3513 37.5722 41.2907 40.8889 35.4171 41.3199 43.2267 40.8816 41.3638 41.225 43.497 41.5756 46.6895 45.411 43.2267 46.9817 46.4922 50.934 47.4346 47.4346 46.0539 51.5403 43.5919 49.8308 50.8025 50.3495 52.7019 54.1119 57.2898 56.4569 55.2807 57.9692 57.7135 62.0895 61.7242 61.0375 60.117 57.4213 59.8759 61.6365 63.0173 65.7349 68.4672 67.8535 71.4551 75.2321 79.9368 81.0107 86.5921 92.7361 91.7644 99.3768 100.034 107.734 107.077 101.934
107.602 106.756 102.407 97.8664 102.09 92.1117 81.1101 83.2957 79.1379 76.6653 70.6163 71.1903 74.6416 69.3064 72.8902 71.1314 68.1657 68.0848 68.1878 61.1821 63.0586 60.2917 55.501 59.3497 56.0309 49.2607 51.8731 51.8584 51.0121 48.3114 47.8919 48.8191 46.7586 45.0146 47.5166 47.6196 44.5509 48.4512 45.7357 40.1356 42.2917 44.5068 43.5207 43.9107 44.389 39.5469 39.0244 39.2157 46.376 37.1258 42.3948 40.9009 40.0031 39.5542 38.1192 39.8854 40.9966 40.0546 40.0988 38.1634 39.2893 39.4806 39.3703 38.2223 37.7734 38.6712 35.6393 38.34 33.726 34.4398 33.152 32.7251 30.2893 27.5003 30.4512 32.681 30.7088 32.8576 30.3997 36.0735 34.6311 31.8421 38.6785 34.1601 34.9991 36.9418 35.3376 34.1896 37.8102 38.3326 38.6638 37.9721 38.2738 38.811 39.9075 39.7676 42.6229 40.3784 38.8846 43.3662 40.8052 38.9434 42.7406 40.7243 42.8363 41.1953 42.1151 40.8568 40.6139 44.4773 44.8674 47.2296 43.4324 42.4316 45.8682 51.5125 49.4446 49.9524 46.5894 53.5068 46.2803 50.497 52.3956 57.7381 52.6605 55.8248 56.3252 66.6866 64.972 64.9278 61.6899 66.4069 64.2802 65.8403 67.5108 70.8076 72.088 70.9033 74.0897 76.7021 80.7569 85.1133 93.4289 88.2335 87.4167 95.9457 94.7315 103.555 100.597 106.123
106.671 100.556 106.056 94.9003 98.8659 88.1625 92.9212 86.4428 84.7083 82.959 74.7017 80.5722 84.4415 75.8357 81.4988 66.7186 70.9881 66.3331 63.2422 67.734 59.1209 58.2314 59.2098 56.0374 58.8985 54.8069 55.2739 53.4801 51.4121 53.5468 53.1688 45.1116 47.3871 48.7214 50.997 45.623 43.555 44.3258 39.8043 39.871 45.6897 44.2072 45.0745 40.1675 41.9835 38.1069 41.5388 39.5301 39.5375 41.5388 41.2349 40.2787 38.3737 38.6183 41.1385 38.0031 39.9007 40.1156 39.6783 43.5698 37.2174 35.6608 34.6379 37.5287 39.6116 40.5752 36.15 37.7511 37.7214 36.8542 34.1932 35.6608 35.6163 32.303 31.5914 31.2208 31.836 34.2525 29.5827 34.6008 35.4459 38.0921 35.9499 36.6615 36.7208 38.8111 39.3373 38.6628 35.8165 37.4027 40.2194 39.997 38.4849 38.5813 41.8946 36.9876 36.5948 36.9506 42.9249 38.1069 38.1291 39.6561 43.6217 37.6473 41.9168 39.9451 40.7309 44.2517 45.5044 41.8056 44.8447 45.156 46.001 46.8979 45.5563 48.3952 44.4667 48.3137 48.6991 46.7126 53.1836 53.7173 51.5751 55.1479 55.3406 56.7341 57.8311 63.2051 58.3574 60.8331 63.3089 71.1882 60.6256 69.135 79.4381 71.1734 76.0211 80.335 79.3418 80.4388 84.0709 83.9893 89.6968 97.6651 90.6011 96.1085 97.8727 92.4913 100.044 104.566
97.0998 101.124 103.252 96.5847 92.5756 96.4876 94.2554 91.4706 88.3201 88.7531 79.824 81.2948 76.8228 73.5677 69.9617 74.934 67.4607 65.3404 67.2965 62.9663 62.4213 60.7639 61.839 60.301 54.5449 51.8349 58.2181 51.3048 53.8506 49.3711 50.9166 49.2144 48.8709 49.3562 43.7868 47.3405 43.518 43.0551 44.3243 44.2347 41.4126 40.0389 42.4056 39.046 40.2554 40.6586 42.092 39.5014 39.158 39.6507 37.4184 40.9722 43.8241 40.6735 39.0535 37.8963 37.2393 40.1061 41.0991 37.0377 40.0464 38.6652 43.182 44.6304 40.8826 38.2173 39.158 40.9722 41.3454 38.9564 34.8204 37.0153 37.6798 35.7909 36.0223 35.0817 37.299 36.4255 36.8734 36.4554 38.598 41.0841 42.1294 40.0091 43.3015 42.7639 39.5238 41.9278 43.0028 42.2861 43.727 43.9435 39.5089 40.4794 38.8892 37.0601 37.2019 39.4193 41.1663 40.2032 40.3973 37.1945 42.4429 40.7034 41.6515 42.973 40.5615 42.2637 42.3608 41.3006 42.4205 41.5769 43.4209 42.8834 44.0779 42.3832 48.2065 46.9672 49.0203 50.2446 49.0128 54.0298 54.6271 56.2173 56.2994 51.3048 58.1658 55.7096 61.8017 59.6814 60.3906 66.4528 69.6482 74.0978 71.3728 66.0273 76.1135 76.2181 76.3524 83.5644 84.8037 87.8199 85.0426 91.4706 89.7983 92.8817 90.7763 95.2259 92.4263 93.1504
85.8767 83.2901 84.4481 85.6436 84.8842 78.0868 88.2453 80.4479 80.4779 71.3271 72.1692 76.9815 75.598 69.2142 67.4622 63.7853 67.7028 68.5675 63.5823 65.7478 57.988 58.4392 58.6121 52.4313 54.9804 53.9201 52.2358 54.1683 48.4086 52.1231 50.2057 47.8296 48.3935 49.1455 48.8597 42.6489 43.1075 44.9197 50.6493 46.3182 43.3632 39.0848 42.3707 40.3931 43.5136 42.1526 45.6265 41.7015 40.5811 39.4683 39.6863 36.5734 38.2953 37.2576 38.5584 37.596 39.2276 38.3705 43.1903 41.3781 42.7165 41.897 44.3031 45.4235 45.4986 46.9724 45.0926 43.0023 43.8294 48.965 41.9045 44.273 41.2503 43.0023 42.0925 41.6263 42.709 42.4383 44.7467 43.8143 45.8821 43.2128 46.2055 42.4609 44.2881 48.8748 42.491 43.2203 41.8518 41.2729 42.2203 39.6638 40.8894 38.1298 39.2878 39.972 42.0549 36.3553 42.0624 41.8142 37.7313 39.3254 38.9569 41.4232 41.9421 42.5962 42.288 42.288 41.5962 43.3707 45.9047 46.9423 44.5287 47.1454 47.2356 45.6716 47.9499 50.4538 46.5664 43.0324 50.4388 46.8747 54.0329 55.9428 57.4316 53.2434 55.8902 56.3714 59.1535 63.6951 58.3865 64.4997 66.3043 65.7478 67.7179 67.3645 72.0264 70.5075 77.0266 76.6732 80.3652 82.5307 87.6588 85.8767 83.5533 84.0796 90.0875 92.3207 78.2372 86.3279
75.8398 74.2495 72.8637 69.8725 75.6959 74.2874 71.4855 69.0623 73.5074 67.0177 68.2141 67.8279 64.8292 66.48 60.4371 68.3202 58.4682 63.716 61.5881 62.6483 62.6255 54.7273 57.7639 54.0155 51.5695 53.6671 49.6839 53.6368 54.0231 46.4883 51.0773 51.2969 50.4185 46.6322 45.9961 46.2838 45.4508 46.193 44.8905 43.5274 46.3217 45.0646 43.1791 42.3536 40.7558 42.1871 45.2085 41.5737 41.5358 40.9149 44.1484 40.8088 41.6645 42.2931 44.3528 43.7697 43.1791 44.5194 42.1568 44.9662 40.8694 45.3751 41.7403 45.307 49.3129 47.8665 52.66 54.3865 52.9856 52.8569 53.084 47.0032 51.1682 50.4715 47.3213 47.5257 48.1164 50.9486 52.1299 56.7795 56.4009 53.3339 51.4938 50.6457 47.9952 47.3743 44.792 46.1248 43.7319 44.5421 44.1635 44.1635 43.6637 41.8614 43.6713 42.8459 43.2018 41.4752 42.861 41.763 43.0958 43.5956 44.0423 44.0272 44.8299 42.4975 44.8602 45.7235 41.2329 43.6864 45.3676 47.4046 45.1707 46.3823 43.02 48.1391 45.4887 52.1375 50.267 50.4336 49.3356 49.3962 48.2527 56.5296 57.0294 51.6074 56.8476 55.1059 58.5969 55.3634 57.037 58.8014 64.5263 62.9209 57.8321 67.525 67.934 69.0471 68.7821 65.6773 69.3652 68.1233 68.0248 76.12 76.332 71.6142 78.6189 76.9302 69.4182 73.6513
72.9888 67.5286 66.8422 67.4371 65.1645 65.0806 64.0664 62.8233 56.2344 61.5879 62.6861 63.014 58.4078 56.4098 54.7778 55.9904 56.2497 53.428 52.5968 54.2288 54.8846 53.4585 51.7122 51.0258 54.1296 52.0859 50.8123 52.6883 52.6197 48.6389 49.0888 49.6455 50.6979 49.1956 50.187 50.5225 48.4406 49.0126 45.4436 46.4426 44.9098 47.678 45.5427 44.2005 45.9698 44.8869 42.5381 45.6571 44.681 46.8773 47.1823 46.0537 47.5712 45.3826 49.9429 46.9612 47.4187 51.1631 47.7848 48.1966 50.0878 54.3889 51.6054 56.6005 55.182 59.5365 61.626 57.3326 58.7053 57.3478 63.2046 66.1101 57.7901 57.0885 59.2086 60.2762 61.7786 58.6824 59.4679 58.7586 57.4241 58.6976 55.8379 55.6777 58.0723 53.2069 50.9725 50.9267 51.9562 44.8335 47.373 45.7639 52.0859 49.1117 43.926 47.9983 46.4807 49.1041 44.8259 46.2596 47.8687 47.7085 49.7675 48.6541 46.4655 47.6856 44.8716 45.9698 46.1986 47.0908 47.8992 50.6293 48.5779 48.4559 47.2052 49.9658 51.6512 48.3872 48.555 50.9038 49.615 46.4655 52.0859 49.9277 50.6598 54.1525 52.1926 56.7149 51.3995 50.736 55.4642 52.4519 55.8074 54.4194 64.2799 57.7596 60.4669 57.9427 55.6625 57.4775 60.5965 60.6728 61.1456 57.0352 62.2666 63.5935 64.6841 62.7699 64.6459 61.5193
64.9529 63.2327 60.4988 56.9893 60.3759 64.83 55.2077 54.6471 52.2587 52.6965 52.4047 51.9976 53.2417 47.7279 51.9823 43.8881 50.0163 45.6237 49.1639 53.4183 47.5436 53.0344 49.4941 44.2107 46.8217 48.0043 47.6895 48.1042 50.3466 51.0454 51.4754 48.1042 47.4053 49.9779 49.8167 51.3602 48.5188 53.0344 49.7476 47.3362 49.4404 51.2067 45.7312 51.6597 49.786 51.4908 47.0828 53.0267 49.7245 53.4107 52.4891 51.0684 53.0344 52.6427 54.3706 55.9219 56.0831 57.2811 57.2274 57.4654 53.6718 59.2624 59.9996 59.3776 60.7753 60.6678 60.5218 59.224 64.6688 66.8804 66.3352 64.5536 71.1195 66.842 60.591 57.3426 68.232 61.5893 68.9155 69.7602 59.1779 70.1212 56.1522 58.7402 53.3799 61.1439 59.8998 58.7325 52.1973 56.5132 57.2734 59.0013 56.2137 56.6821 57.2197 54.8774 51.5369 49.9626 54.6087 51.1529 53.618 55.0925 51.8671 53.6794 49.5172 48.5342 49.6477 44.418 49.2484 49.425 49.8167 48.5726 53.4491 46.2918 48.611 54.6547 45.3012 47.5052 45.8541 49.9933 51.5906 53.1496 47.1519 49.4481 53.188 46.791 48.6955 44.2567 47.1749 46.4608 53.7102 49.7015 49.3406 46.9753 52.8731 49.0411 47.0367 51.5753 55.5532 51.0608 52.3739 55.6147 53.4414 59.416 55.9679 56.7436 64.0083 62.5646 58.3639 62.0961
63.6185 61.1594 56.3418 60.2778 54.6406 58.6462 55.3829 54.1998 50.8747 51.2381 50.7277 48.81 47.9362 47.2015 46.7917 41.5488 48.5316 45.5776 42.8789 43.8455 41.4328 49.5987 46.0493 44.6883 46.6293 51.7175 50.0472 49.7379 43.7527 49.1734 46.4978 47.5727 54.5091 51.3696 52.429 49.6142 50.5035 50.952 54.0606 49.8771 50.4648 53.7281 55.3211 49.4827 53.6276 53.9987 50.055 56.9218 54.6638 51.385 57.4785 55.5376 57.0687 59.6979 51.4856 57.5713 61.5692 60.0768 64.6624 63.8195 61.2445 61.2213 69.7893 67.0828 65.1418 66.1162 67.0905 68.5598 73.7176 66.9668 71.8385 69.1861 66.8121 74.545 70.029 71.2663 73.2382 75.2564 71.0266 67.8329 65.4589 73.3 69.8357 69.0856 65.8146 69.9594 69.7274 66.1703 63.9123 63.719 62.791 58.9169 59.1411 63.3555 63.603 54.3931 60.1309 56.713 57.5095 57.0764 55.7386 53.326 55.6922 52.0965 58.2286 54.888 53.0089 53.7049 52.661 54.8416 53.4884 52.63 47.5031 50.3875 49.0884 51.7175 47.9748 49.1348 49.8771 45.1755 47.4413 44.4177 47.5572 44.3326 48.2919 44.6806 46.2736 44.4486 48.694 43.3738 46.7762 43.7836 44.5569 43.9228 46.9695 46.3973 48.1295 47.101 46.1963 51.0138 55.669 49.7766 56.0325 62.0564 58.2518 60.9351 59.0483 62.7137 57.6023 66.1703
58.9969 60.4685 51.4597 61.5819 61.4573 57.1593 54.582 51.6777 55.3217 56.4274 52.1293 49.7467 48.5243 44.343 49.2562 44.4365 47.3563 41.1584 44.452 42.5444 44.0861 45.145 44.0939 43.0427 47.6834 44.1017 43.6656 44.7323 46.3519 46.6711 48.7267 46.7646 50.4942 50.5799 50.7434 50.027 54.0759 47.0293 50.9302 51.5687 56.2872 51.4675 52.7522 50.5721 53.8501 49.0226 52.4486 54.7066 55.0648 52.2695 54.8468 53.9046 56.2561 55.968 52.7055 56.5052 57.3384 57.6654 60.3906 59.8456 67.7642 59.4874 62.0024 61.6286 65.078 64.0268 63.0925 63.6064 67.772 70.6452 68.2159 68.8543 65.1403 75.0756 72.1246 66.6508 73.4249 69.7653 66.6508 71.5873 67.663 68.2781 67.9044 61.9245 64.2059 64.9456 62.6253 68.9789 61.9557 64.9222 60.7021 59.9624 57.2761 52.9002 54.4107 54.1538 52.9002 52.4486 51.7322 56.2561 55.9602 50.6266 55.3918 52.7522 53.8735 49.8012 51.1405 50.7044 49.1939 52.6277 46.4843 48.4153 55.5942 53.9747 45.7991 54.2394 51.5376 46.2117 48.6021 51.047 48.3685 50.0738 46.7801 45.5577 42.0616 46.5621 44.3586 44.0082 44.4754 44.7479 42.4743 41.8981 46.5933 41.7502 45.8769 47.7846 44.4053 45.5499 46.5933 50.3774 50.2139 50.3541 50.9069 57.2527 54.7689 53.6399 58.1871 50.7434 61.0213 57.9613
54.8389 52.2048 53.1063 57.7318 53.3729 48.3006 49.4138 54.149 53.0593 49.4609 52.6281 55.8581 46.0819 45.4391 50.7152 45.0079 45.4861 47.1089 43.0401 47.9008 44.8589 42.4835 44.2866 46.764 43.3694 42.5619 44.7413 45.6821 40.5863 46.6934 45.784 46.1917 45.3607 46.615 51.068 46.3407 49.3825 47.9321 43.6908 45.7762 51.9539 45.149 49.8137 49.6725 52.7379 49.0846 45.8232 50.9426 49.5785 48.818 47.9792 49.257 48.7004 44.7335 50.9975 50.5036 50.4252 56.5715 53.71 54.4469 55.0898 58.1238 57.9278 59.825 54.8703 57.6063 56.1011 61.7928 65.5166 59.5192 64.6778 59.9896 68.9583 61.5341 67.1551 60.8442 69.4208 63.8468 66.4888 65.791 59.3076 63.0785 63.737 60.1935 55.0349 67.2179 61.832 61.1891 55.5445 56.9478 58.2335 54.4469 56.0149 52.1577 53.2475 49.8999 54.4469 52.0009 51.6952 50.7466 52.4556 49.061 48.3241 49.9156 47.9713 49.1394 50.9504 44.4278 48.379 45.7919 46.7405 50.1272 46.8581 45.1882 48.865 46.96 51.1621 46.7718 42.8441 42.5854 46.8894 48.2065 42.1542 47.0462 45.1569 43.4243 45.5096 43.1577 40.2492 43.73 44.5297 43.9182 46.8189 44.1612 44.8354 44.8589 45.98 49.1159 49.3041 48.1281 50.2213 54.6978 46.0976 47.4304 49.1316 53.1926 52.8555 56.8224 55.4975 55.8581
48.1246 50.6504 53.2551 46.688 54.2575 49.3322 51.3134 46.759 47.7852 50.824 52.3632 49.7979 50.8793 49.5611 45.1252 45.3541 46.8932 45.1567 46.6328 45.4646 44.8726 45.2751 43.736 44.8015 44.8726 45.7329 44.8647 43.8544 45.5988 44.0122 41.3917 47.2563 44.6279 45.9697 43.1519 40.8076 44.3122 42.994 40.6103 44.1306 43.4518 43.2308 40.3656 42.5362 43.2466 42.4731 45.2909 41.2496 43.8228 43.9807 46.8932 49.1033 49.2849 43.8544 45.1488 49.2691 45.1094 47.1063 49.6085 44.5726 49.2612 52.892 52.008 53.6971 49.5295 51.2108 55.4968 57.9752 58.5751 56.9175 58.1094 56.0414 60.209 59.9406 63.4531 57.2806 54.2102 56.3492 58.2988 53.0499 51.937 55.1968 58.0699 55.6231 56.1361 50.1847 52.379 50.9661 51.9843 52.3 49.8532 48.6692 49.198 47.9351 46.4275 49.4585 48.0062 42.3626 46.2302 42.9467 43.365 44.7384 42.8914 43.4755 45.3225 43.6491 41.6995 42.7493 45.1173 43.1913 45.2593 46.1355 43.4281 42.5757 41.8495 45.8829 44.4621 41.8574 45.0462 42.7493 41.6048 44.0438 44.1938 41.889 43.4281 44.3043 46.9406 43.3413 43.2703 46.9643 47.6115 47.28 43.8228 47.5878 42.5915 46.9879 49.6953 47.2326 45.3462 49.3322 46.4986 49.719 52.3474 50.4688 50.3583 49.6164 48.5508 46.5301 45.5119 52.0238
50.8581 51.4541 52.6302 49.1257 55.181 52.1534 54.8791 49.9363 51.7878 53.1229 48.045 53.7824 49.0542 51.6686 50.5164 54.9903 52.7653 48.9032 50.3972 48.2119 46.5034 45.5418 41.1792 42.8797 46.5431 45.6769 44.1432 47.0358 43.1022 39.415 41.7513 39.6932 46.5828 39.2481 42.0851 40.8057 38.8588 42.0533 39.3435 38.9064 38.8349 37.6032 40.5514 38.9859 39.2481 41.4732 40.9964 39.8044 42.9115 37.6111 41.942 42.6811 39.717 39.7806 40.4719 41.3778 40.4004 43.9207 44.8107 44.9141 44.1909 43.9446 47.8146 42.2043 52.6938 49.5549 47.5682 50.6594 53.2977 52.4395 47.2345 51.0091 51.6051 53.0275 55.2208 51.3428 51.621 50.7309 52.8288 50.9137 48.9509 51.0647 53.0275 47.9338 48.6728 50.6197 49.3721 46.2173 46.4795 42.4983 45.8676 44.6836 42.5221 43.7141 40.4083 41.8387 40.5275 41.3858 39.8282 40.0905 41.1633 39.9792 39.8521 37.039 37.7065 41.2268 39.1051 42.1328 39.1687 39.8918 39.4071 40.8454 42.1169 37.8575 39.4071 42.2202 44.7154 40.6706 43.3406 41.0043 39.8203 43.73 50.3098 41.5209 42.8797 44.6757 45.5975 49.1496 42.3632 49.3403 49.6025 45.9471 47.0437 48.5615 53.25 55.4035 52.2249 50.723 52.9242 54.4976 54.6804 56.4525 52.4236 53.1705 52.4395 50.572 52.1295 55.3241 49.3641 49.4754
55.624 58.352 53.632 55.416 54.632 57.208 54.872 54.792 54 54.576 56.048 55.784 56.392 52.096 52.528 51.624 52.208 54.024 50.592 45.248 40.856 45.704 42.656 45.912 40.136 41.832 43.864 40.104 38.208 39.696 37.08 38.16 38.128 36.928 36.008 38.064 37.92 36.448 36.608 38.832 34.336 33.184 39.288 38.232 35.936 34.072 37.504 36.016 34.064 35.576 40.888 37.416 37.16 38.784 36.256 39.184 38.088 37.104 37.416 43.024 41.84 42.16 40.768 41.088 40.96 40.928 44.456 42.896 44.496 41.248 46.752 44.488 45.176 44.16 44.792 45.688 46.12 44.488 48.744 41.528 44.848 48.048 44.576 40.728 41.088 43.16 47.24 40.992 40.584 41.624 37.368 44.368 42.352 37.128 39.688 38.568 33.368 35.68 34.744 38.072 37.768 33.216 38.032 33.088 36.168 37.504 34.216 36.76 36.976 36.824 37.136 35.056 36.448 37.464 37.128 36.912 32.512 37.312 34.088 38.728 40.824 37.296 39.6 43.384 44.36 44.056 42.896 41.336 43.12 51.536 44.504 44.016 49.128 49.52 50.88 54.016 49.168 55.376 55.232 55.728 59.248 58.168 53.832 55.176 56.328 54.248 57.2 56.464 54.896 53.192
