180 179.534 180 178.901 178.869 175.565 175.715 178.882 177.441 170.596 176.961 177.596 178.899 176.639 170.034 164.076 172.056 173.288 171.924 168.654 171.634 159.585 166.477 166.065 169.257 159.098 160.427 164.231 164.388 160.826 157.938 158.242 154.274 150.736 150.075 150.922 146.385 151.023 151.231 141.613 147.46 157.549 148.953 146.061 143.891 144.252 135.908 138.726 141.703 140.979 127.853 133.004 140.283 142.751 138.625 137.5 140.354 148.862 123.812 127.455 138.008 147.899 134.892 133.446 124.082 135.771 136.114 128.992 131.924 138.439 129.222 133.865 138.289 132.136 142.258 134.013 137.107 137.978 133.579 133.336 129.875 138.114 124.647 134.028 130.33 127.197 137.587 133.839 131.499 145.505 125.152 138.479 138.676 145.61 135.85 135.449 152.471 143.872 145.056 133.115 145.587 153.847 139.241 150.375 146.869 142.825 140.126 141.723 149.975 158.348 158.269 151.22 154.674 159.117 149.873 159.001 154.39 153.607 160.701 161.152 159.436 163.156 162.609 163.036 160.076 163.32 164.511 165.991 167.914 167.662 165.975 169.478 169.355 167.404 175.146 172.964 168.94 176.261 177.171 171.317 177.915 176.722 176.011 177.582 180 180 178.577 177.53 177.995 180
179.368 180.026 177.926 177.843 178.158 178.243 176.545 172.323 167.253 170.313 165.155 162.386 172.755 166.237 161.399 160.527 153.113 158.258 166.098 161.245 159.071 141.51 142.474 145.636 143.35 154.807 152.459 146.265 141.043 141.512 130.193 137.41 135.102 133.991 129.076 136.721 126.254 119.607 112.945 127.98 116.204 125.248 117.784 112.49 120.443 122.451 114.318 102.358 115.969 111.886 105.665 114.655 110.27 103.384 112.708 104.545 102.888 107.652 107.07 95.5085 109.13 113.689 101.169 89.194 94.6336 95.4945 101.299 109.261 93.2075 110.132 103.235 111.777 109.734 108.336 84.9097 98.0342 97.1957 103.741 94.0357 102.886 95.5842 107.524 95.189 98.555 98.5144 113.037 105.469 110.333 99.116 106.574 110.022 104.439 117.789 96.3806 105.761 103.65 101.662 111.39 102.488 108.357 113.394 119.145 123.267 122.903 109.303 118.477 104.18 110.692 120.094 122.877 119.486 117.481 133.938 136.288 135.53 135.92 121.673 128.113 138.135 136.835 140.91 147.635 143.286 132.551 125.781 142.688 145.358 143.736 159.028 146.881 153.479 164.51 153.879 151.81 165.925 164.189 169.54 163.301 166.86 168.295 177.559 176.028 175.434 175.361 174.855 173.339 176.281 177.899 177.409 180.026
180.033 179.152 179.56 176.069 174.02 176.359 172.801 170.453 172.586 167.399 166.785 154.84 160.49 164.855 157.171 149.862 150.929 145.018 146.001 145.461 154.575 142.243 143.896 131.423 127.74 138.264 129.971 128.679 117.374 125.016 114.992 118.585 115.129 122.969 110.876 107.673 114.585 102.194 126.738 105.378 104.423 99.9945 95.413 101.268 107.943 99.2728 103 93.9078 96.2397 91.0472 96.1934 81.3194 96.062 76.9177 84.3467 92.6229 82.7013 86.7505 94.7404 78.1571 92.2925 88.5384 94.6405 93.4386 91.2447 81.9905 91.0553 88.8585 71.4074 89.0678 74.1181 81.1425 90.9701 76.6475 69.9771 89.3739 84.3107 76.2658 86.321 84.9399 89.929 84.1227 87.1551 72.6673 85.8922 90.0568 101.103 90.7653 89.1669 83.0206 78.6711 88.147 89.8365 83.1168 83.9715 82.6021 90.0428 95.5804 86.3122 85.9488 84.876 84.3614 109.795 98.2206 95.1251 103.941 91.8527 104.371 107.643 94.6787 101.704 107.316 113.61 105.462 110.009 109.322 108.864 113.271 126.786 122.939 126.914 116.697 120.228 125.88 128.679 135.591 133.795 127.128 139.833 140.627 147.114 138.677 152.242 150.908 148.129 151.231 153.095 162.083 161.598 162.389 166.352 162.454 169.458 171.4 175.293 168.642 174.684 175.279 177.282 180.033
178.3 177.084 173.586 174.558 174.141 170.684 171.181 165.894 163.946 168.452 167.545 159.66 154.433 155.736 149.745 154.987 134.3 130.305 144.234 132.199 135.884 133.553 130.944 110.872 124.479 125.163 113.089 125.449 113.239 95.3708 109.018 106.57 104.95 99.6406 95.0574 93.3031 97.2003 77.4278 88.5357 86.9455 91.5738 87.1218 96.4032 88.8801 84.4031 94.5007 84.1388 79.9892 86.1565 78.2779 78.3781 76.119 79.5967 73.128 86.0854 72.2979 69.0426 74.4148 74.1884 80.7993 70.9531 67.3172 69.6073 81.343 72.1107 80.0874 78.0767 69.6894 68.2905 76.7799 80.2295 66.2899 81.2609 66.6854 73.6718 60.2858 83.538 71.1704 74.8473 75.0977 71.645 80.6701 76.7108 66.9397 69.4811 78.6324 75.311 72.6304 76.3123 59.9103 80.6591 71.637 82.4465 69.0866 78.31 74.3427 83.3527 77.6281 88.3214 79.5647 71.4878 79.6528 87.3881 69.6003 84.7256 94.8021 87.4312 98.9436 82.8821 85.5046 104.028 92.2857 103.352 96.7297 113.56 109.032 109.273 106.163 111.614 108.025 112.475 126.771 108.938 113.139 126.06 114.547 122.271 123.473 132.852 130.492 133.744 141.046 143.386 141.369 149.549 140.051 154.3 150.834 154.371 161.573 164.782 167.489 166.387 167.122 168.52 177.859 178.045 176.88 176.081 178.572
178.457 176.893 169.122 166.3 172.962 174.949 167.195 159.451 161.113 150.401 157.45 145.898 145.777 147.703 144.432 128.17 125.707 115.173 130.744 121.976 132.001 123.96 115.31 124.863 109.038 109.186 99.7806 95.927 111.155 103.265 93.489 97.7625 95.0315 94.6738 88.7311 93.3559 87.7074 86.9324 87.4182 91.7119 89.0723 87.0554 79.3039 80.3301 85.4217 74.3594 86.0407 81.0112 79.9952 78.2688 71.7832 67.1724 66.528 80.273 68.8404 65.512 62.3446 57.8759 70.8331 71.8466 67.3982 78.5999 64.2435 60.1527 70.0124 71.9709 65.3192 58.1498 68.7833 58.0509 51.7961 69.9135 76.9763 77.9568 66.221 80.514 70.2154 68.763 79.6756 74.7413 71.8948 52.6359 61.0178 62.9421 75.2309 50.1307 63.5281 66.7069 64.4262 64.3209 58.3604 75.7598 74.3899 66.3377 81.3715 76.8748 76.2621 66.2083 68.7123 66.6396 70.9219 81.5034 77.9961 78.057 71.0006 67.728 74.6651 70.7773 80.1005 90.9217 87.8495 78.4667 97.8157 82.201 97.08 89.2752 88.7019 97.6103 93.8544 98.3003 107.006 93.8214 122.047 110.228 95.8978 110.699 109.12 126.125 126.605 129.038 130.867 133.939 123.903 129.315 141.212 136.721 138.938 152.083 155.042 154.827 168.246 163.838 158.917 166.698 165.695 170.711 166.283 177.574 177.803 180.121
176.088 178.876 169.234 174.429 169.591 170 157.585 159.593 153.574 142.134 146.722 138.445 143.685 134.67 138.934 130.82 126.923 117.284 125.389 115.857 119.217 98.0754 98.7203 92.2893 109.775 111.019 108.206 96.9206 101.632 94.4192 88.951 94.9643 89.8247 96.7118 80.6574 77.3329 84.9908 86.9501 88.1817 78.3463 71.7296 68.8964 73.6152 74.8974 79.4397 86.9885 60.5583 70.2063 68.1102 67.605 68.1118 79.4305 77.1286 66.1816 61.6793 52.6071 74.6825 69.1022 67.2211 65.4475 67.8922 56.2003 71.2827 65.4046 59.5847 58.8292 68.3866 52.3691 58.9628 66.7989 61.6132 62.6482 60.5598 64.9654 60.4784 56.5919 55.6276 73.6506 44.4517 68.2515 58.1904 49.8769 52.9956 66.9324 66.6284 66.7605 54.9811 59.2761 74.836 63.4574 68.7905 55.2867 69.5828 60.7702 61.1111 54.9166 66.7512 64.8656 64.2913 75.1524 82.0486 73.1085 65.4245 73.2267 77.901 72.591 67.4607 78.3694 70.6854 72.4375 78.354 81.3315 78.827 79.2677 80.662 85.1243 91.7672 84.3074 87.8454 79.9234 93.0418 104.044 110.008 106.126 107.909 104.827 106.882 112.768 119.55 117.396 111.415 125.372 128.899 131.442 126.579 126.388 142.407 149.663 154.876 144.574 155.04 149.193 166.678 164.595 166.68 161.571 173.648 178.478 177.58 176.403
179.315 171.872 173.204 169.84 165.842 157.881 153.789 157.21 147.854 148.085 140.642 140.404 137.466 142.621 135.241 136.323 120.445 114.422 110.555 112.304 109.98 95.7586 95.7388 99.5028 100.498 101.801 85.7663 89.0815 81.7986 89.2239 87.3941 90.5092 76.9494 92.539 82.4764 73.4378 86.3017 79.9923 80.8666 71.0438 72.8122 81.7013 71.2349 65.3888 55.0973 66.9355 72.7996 69.4809 68.2893 62.2179 58.991 67.68 60.0907 56.3952 68.6552 55.6435 61.1002 59.9519 64.4694 56.4925 65.2896 65.9296 62.0881 54.4663 48.0091 61.0948 40.6956 60.3611 59.9573 47.0897 54.2608 52.6492 55.5173 64.7759 64.0241 50.0263 44.8328 49.6712 56.3357 65.7403 56.2167 55.0287 60.3827 63.4329 56.972 52.6132 46.0442 64.4532 50.2967 58.3745 44.4758 57.0568 63.0687 68.9022 65.2842 57.4552 53.0566 62.9948 64.9489 54.5564 61.0587 62.7082 64.3144 68.8391 75.3108 79.8445 74.3301 72.4409 71.2493 66.4452 69.6756 79.538 89.2347 73.8001 73.0159 87.6447 85.4995 80.5512 81.8581 89.415 82.042 81.7499 93.4548 99.5136 96.0542 98.0174 105.556 101.859 109.039 111.46 116.071 116.726 111.887 112.767 128.82 124.185 132.308 143.539 143.003 144.988 155.053 159.222 162.296 165.541 160.796 160.653 166.182 176.557 173.981 178.057
176.583 174.105 171.431 170.504 164.112 166.911 150.861 144.381 149.375 148.74 143.654 140.125 141.063 127.425 121.421 112.883 128.077 117.614 110.418 108.253 109.708 99.4 109.281 96.4878 92.8346 95.7447 69.0961 81.5563 86.5921 70.5822 79.65 71.1638 75.7153 75.5932 71.6792 86.2982 77.9093 60.7403 76.686 73.9456 70.6464 56.3937 76.4749 69.1789 63.3462 66.7138 70.2469 55.6383 54.5454 58.6809 67.8894 78.4764 57.7557 44.6559 65.7616 62.1147 61.7607 66.2211 45.0057 59.8399 69.8205 52.0202 51.8961 60.0262 54.2515 37.6786 54.6737 49.8842 48.7893 55.6693 53.734 57.0271 62.3672 62.539 43.6852 58.5422 46.2703 56.1267 46.5725 59.5916 55.8887 57.9171 48.2263 58.805 52.873 46.2869 49.4206 47.0569 64.7123 44.5317 51.7346 48.7934 61.7069 55.9467 54.8828 58.3683 55.7314 53.2145 67.4734 62.5245 70.0027 54.5185 64.1079 75.4876 57.3044 65.7099 72.8072 72.7162 62.4996 72.4202 72.8714 69.094 59.4012 66.4985 73.4137 77.6671 84.8949 86.944 74.7591 79.5258 75.1668 77.4043 99.6836 82.6864 97.7649 89.703 99.489 95.219 103.221 103.964 105.831 113.624 127.104 122.259 119.649 122.725 131.024 137.998 137.321 137.722 141.489 146.221 149.344 161.492 163.943 164.963 165.495 171.309 170.181 177.386
176.837 172.207 173.228 171.679 161.067 164.035 162.469 153.96 146.006 144.37 144.54 118.895 135.99 118.351 133.994 121.519 105.145 115.937 103.371 101.029 98.5149 101.06 100.712 80.7427 84.8393 87.5758 85.0543 83.79 83.8344 90.1487 70.5864 82.1588 74.1175 65.8378 70.2125 62.0894 67.2377 69.1235 67.1979 63.8421 78.1136 63.571 47.0794 63.134 45.5932 53.9593 62.0217 54.8497 61.0308 57.9391 63.8655 62.1619 60.0423 48.6265 49.2107 47.846 47.4534 48.0656 60.0026 56.0345 52.5992 53.0082 64.1903 57.453 50.8255 51.3093 56.142 47.7665 59.6964 50.1057 53.4405 56.3804 52.5712 39.2648 56.5813 51.9753 54.2841 46.4228 48.0423 63.3724 47.9324 55.088 49.5122 44.5696 59.7478 36.6965 43.6512 63.2135 59.0304 47.1332 51.5243 54.415 56.3336 49.9024 56.6398 63.0593 51.4144 70.4906 54.1883 51.2041 55.0577 47.5118 54.4337 59.1262 57.897 64.3375 65.1601 53.4779 67.1395 64.396 61.0635 64.2043 70.6589 82.264 59.6731 76.0525 67.1886 74.6083 74.3512 75.3094 86.0264 95.5213 78.0552 72.3251 88.1507 93.0068 88.3236 103.168 81.4695 114.985 104.385 105.659 108.779 119.11 115.224 120.253 112.48 126.443 132.365 139.205 131.521 141.981 154.605 160.464 150.986 165.376 174.149 172.532 171.578 175.939
169.189 174.488 164.999 156.77 157.749 161.247 144.151 140.422 145.19 135.18 138.789 126.553 132.097 113.45 117.074 113.218 104.398 111.754 111.335 98.0312 100.273 97.8177 89.253 82.8706 80.9332 83.6127 82.1362 83.045 71.2279 72.5065 77.6469 60.3692 66.1892 72.9987 74.1835 61.3613 64.4445 68.0406 64.7621 65.9392 53.5752 80.6233 63.356 53.9893 54.609 62.5435 51.6691 53.5596 64.5408 45.3856 59.0567 56.4761 52.755 55.5361 60.3249 45.5262 46.6563 51.9477 43.9742 49.4453 44.8309 56.8537 70.0379 56.6792 51.6769 47.7865 42.1566 48.2995 48.0365 34.157 42.4899 45.5106 43.1539 57.9943 39.201 43.0368 51.5389 50.8488 47.8881 37.1855 52.367 49.3151 46.2059 50.5103 41.2973 48.9791 50.8671 50.9426 41.2165 47.3152 55.1429 61.8482 57.8537 37.3209 46.7944 40.9952 58.1427 48.8802 60.8587 52.3357 57.0178 57.4318 53.8799 55.3252 66.5485 61.4733 55.6585 49.8385 63.0227 58.0906 55.6793 64.0669 63.2596 63.3247 69.3348 66.7282 60.7389 69.6864 81.0816 80.1415 81.5269 71.5482 84.1674 80.5321 89.1072 98.5546 82.933 91.9977 92.482 100.846 96.8958 104.614 110.879 96.8151 122.098 114.259 123.488 127.759 132.298 132.68 132.456 131.897 154.903 154.554 156.601 156.309 170.608 168.999 171.689 177.819
174.204 173.994 167.571 166.291 158.82 147.068 147.347 148.352 140.384 134.522 124.26 137.683 102.936 120.243 119.069 110.961 105.836 97.7279 95.2558 85.7782 97.9605 88.7642 85.2241 77.2796 76.8892 68.939 72.7633 69.8979 65.8295 81.0322 67.4488 74.018 69.1974 69.9955 65.6429 63.0014 64.7471 69.1457 56.5988 55.235 55.2723 63.234 65.0601 52.6251 47.8102 57.7702 44.1983 50.9685 51.0546 39.8371 50.5924 55.8839 57.8018 60.3543 58.9991 41.7062 54.6407 47.6925 38.9872 48.9874 40.4199 57.0438 40.5348 53.475 51.8758 43.8366 41.6201 52.5562 49.5932 46.4579 52.1801 38.5393 42.8259 38.947 35.4184 44.0347 41.0257 40.3108 43.2968 41.2181 40.5118 51.5054 58.3588 45.8665 46.3632 47.8705 45.1659 43.7217 45.387 49.7195 48.8898 59.358 48.64 39.705 49.4439 39.4466 44.3161 47.4915 50.8766 52.4931 60.0557 55.6111 55.2695 44.8759 51.8442 51.2011 40.0122 41.4105 50.9886 62.6741 57.3424 56.952 64.9079 53.5238 62.2349 68.7581 73.5787 62.3468 72.6887 66.8832 71.0464 64.6983 71.1813 71.2416 79.2205 82.2697 96.5364 88.4685 78.3592 83.6564 88.144 101.661 92.2555 116.965 122.362 120.131 102.348 125.256 128.957 128.745 140.063 135.572 159.285 158.487 164.689 161.151 166.311 173.664 176.142 174.284
171.644 170.683 163.704 163.795 167.479 156.555 152.748 147.58 130.63 128.565 137.462 116.699 109.613 101.143 117.528 104.024 103.446 99.9315 99.1406 87.6483 91.8316 73.567 73.3034 85.7779 79.8717 67.4254 80.9889 64.6198 68.8941 81.9493 76.0556 60.9041 65.1659 67.0802 64.3311 56.0586 60.9229 55.0199 51.0971 61.3215 35.9424 51.6714 51.7059 45.7934 57.8788 59.8905 43.9544 48.3888 48.2852 59.3695 60.3926 39.7146 51.4674 43.7222 41.5034 44.1709 44.6699 42.2409 41.6038 45.467 39.2753 49.324 38.7826 42.2064 48.5049 43.5872 35.3775 42.3256 53.4884 34.0093 41.312 48.5708 39.7491 43.3895 38.5692 45.2944 44.7547 48.7559 44.5507 38.5315 50.1681 43.5872 48.9066 54.0596 46.8353 45.7401 34.8346 47.0707 44.6072 48.5268 51.957 45.0057 52.9047 48.577 54.9728 38.1863 48.4358 49.5436 55.3463 46.6219 52.1044 43.6469 50.4255 53.4068 62.6866 54.1067 55.5754 43.7661 49.1388 55.0732 60.0003 60.4585 61.2148 54.8536 65.26 62.8687 64.7359 55.5628 59.721 62.3791 79.878 67.3909 73.8557 81.6166 76.8778 94.1602 82.988 82.5298 82.7966 91.1538 100.798 89.8702 101.501 101.422 112.654 117.892 116.345 116.432 115.547 136.097 137.12 138.799 142.932 151.65 161.115 163.864 163.939 168.314 168.581 177.045
176.078 171.644 166.458 157.795 160.941 151.192 139.317 145.229 131.635 128.515 132.077 126.652 101.783 118.122 99.2563 109.047 101.674 92.9019 86.4419 81.1874 85.7744 75.6775 78.5482 75.4936 74.2575 76.1849 82.0694 72.834 58.7392 72.6706 66.466 69.0473 69.3333 59.3692 65.2639 56.839 48.1655 61.7053 51.3189 53.6141 61.1162 41.7703 36.4511 46.1598 48.7615 53.7027 44.8078 41.835 47.5968 45.1348 50.1747 51.7276 46.1223 46.3062 47.8863 48.3324 55.9298 47.5968 39.5466 53.042 42.6693 42.0393 37.5442 41.1743 43.9327 32.5349 49.2144 43.0234 41.5796 42.4241 42.5092 47.808 44.4775 44.4741 44.4605 36.5873 44.1404 50.1032 35.6134 40.231 26.773 43.1835 45.666 42.2027 38.8791 57.8538 49.5856 40.0131 38.3819 40.9121 46.6467 59.4986 45.7886 56.5632 46.2483 48.7955 40.3911 36.0731 50.3143 49.7184 37.4012 52.6402 39.7032 52.6845 55.3168 50.4233 50.866 42.3321 45.2369 56.5223 52.6095 45.431 51.9864 55.3679 70.2085 56.7982 65.8973 52.0953 71.036 67.8009 59.6587 71.9044 70.0553 64.0243 62.0833 70.5116 78.9637 88.3557 85.4509 78.3405 91.9552 95.3401 86.7858 105.342 125.219 106.142 105.11 120.101 135.595 121.956 123.85 126.843 135.466 133.817 155.298 156.106 157.958 166.049 172.577 167.755
177.48 171.92 166.264 164.233 156.918 150.263 137.259 129.664 142.331 129.87 127.259 120.729 111.243 114.861 105.863 97.8092 94.2102 93.1525 80.0895 81.6099 77.6106 85.9141 63.5413 75.9433 97.5081 72.7042 67.4011 75.319 66.2259 68.2054 60.4601 62.1458 58.6789 61.0734 62.076 65.4657 54.092 55.8511 64.9662 48.2344 55.4986 58.8589 49.6814 57.5919 36.5449 55.8328 46.3761 43.4381 48.1316 43.0966 25.6964 42.509 42.3107 50.1 42.9901 37.9147 38.5097 40.3018 51.7563 41.646 44.2424 39.4315 51.9142 38.2379 44.3195 37.7091 39.6702 29.2954 38.9357 29.7288 45.7151 38.1975 37.4814 40.5075 36.4788 40.6177 47.9333 38.932 31.0472 52.6304 41.8406 40.6691 34.3598 34.5544 40.9445 36.5045 43.6695 55.1203 36.0124 46.8095 47.4889 48.5502 45.8252 47.9259 38.102 41.1428 41.3118 43.0819 49.1929 46.086 48.4254 53.8019 51.5947 56.4461 38.6051 57.3275 59.1674 52.7736 42.083 58.0656 46.4422 46.8205 53.4089 56.8537 64.5402 54.507 68.3963 63.6515 57.254 73.1963 53.6109 61.6536 67.5517 80.7726 75.9616 66.685 62.7444 78.2312 75.2969 83.8428 91.151 91.7313 95.8812 102.965 100.722 94.3975 107.475 120.461 123.921 116.146 132.375 137.006 130.906 143.601 152.522 164.872 168.479 166.106 174.171 170.37
169.485 165.987 167.299 150.985 152.242 148.665 136.322 141.644 133.347 128.892 107.122 114.89 105.825 109.875 96.788 101.145 93.5773 89.2122 86.5451 90.9929 72.3271 81.3566 74.746 63.1005 74.9863 76.4558 67.6074 64.6606 69.0178 63.2463 59.157 56.3638 62.3875 61.9817 45.8884 55.8674 62.7263 54.2167 52.9679 54.8037 53.7676 42.7564 42.7131 48.0946 45.9042 49.8635 42.4413 59.6731 42.2798 36.6737 51.2936 35.0624 42.4846 43.8753 46.3612 39.1163 41.2476 56.5923 46.5463 34.3336 37.0795 47.4879 32.4189 44.3087 35.1451 33.9633 38.7302 35.3736 38.1392 40.0618 44.7814 35.1885 36.004 50.3835 40.5621 35.1136 42.4846 36.7998 31.3907 35.7558 30.2049 43.4262 28.9521 36.784 46.176 29.9606 31.8516 39.983 35.547 39.6796 42.0552 46.373 45.0729 43.3474 46.5227 38.6947 48.2561 43.7177 38.0723 42.4531 49.2095 38.0604 48.0158 44.7459 49.2962 44.6396 39.3684 43.3907 46.5739 42.4531 43.7138 44.6908 48.6383 42.528 49.5444 50.6869 53.7637 56.0487 63.3566 63.1517 65.1058 57.1833 69.7545 63.4472 55.0874 62.8051 75.1912 69.0099 74.0959 80.5096 77.5707 90.5122 96.2168 108.398 102.288 96.9417 104.151 116.841 119.807 123.904 124.216 130.235 140.77 138.776 143.847 156.768 152.518 163.001 166.582 168.52
173.544 168.71 169.8 165.808 161.058 147.9 147.571 141.354 128.953 120.354 122.066 113.876 116.105 93.7213 92.9809 108.209 84.475 92.4425 83.5369 79.0399 81.0591 69.4192 77.109 61.5526 75.094 65.1872 66.7984 71.7244 71.5688 49.3616 61.8387 50.6109 58.6037 56.3237 54.7125 64.186 54.7798 45.5545 54.5484 54.906 42.6771 49.9799 34.8989 37.1453 45.3021 50.2197 40.1446 39.5725 39.4632 40.5821 40.6915 40.3634 60.0003 47.62 45.3399 40.4307 31.9037 41.0449 37.751 40.8345 38.3694 31.0539 40.2498 51.9403 37.0485 41.4151 40.8303 41.495 41.6549 31.0287 27.5792 30.8815 42.5004 35.3322 47.6158 33.8346 35.3911 48.8315 36.0557 32.968 37.0317 44.1789 41.6969 33.6369 35.6308 45.5545 41.3057 38.0118 55.7221 39.2318 35.5677 46.3201 39.1392 40.2414 45.3399 41.1711 40.4391 37.2084 53.1812 38.504 41.4277 33.3634 44.6206 46.7029 41.0323 47.7672 40.2793 41.3562 48.4571 54.927 51.5701 48.0911 45.9078 50.674 51.1957 53.8585 52.5208 50.4258 60.0887 56.0628 51.5154 62.2299 65.835 75.1655 69.5622 82.5104 76.4948 72.0946 72.8224 81.3999 85.4341 87.6048 86.0735 98.2688 96.3 102.299 102.879 99.1354 121.738 117.548 128.431 113.295 140.668 137.854 157.668 147.916 158.437 160.415 160.255 175.567
170.931 164.838 162.807 156.638 160.637 145.198 144.549 133.208 131.19 124.399 117.872 112.535 112.906 93.3866 90.0313 88.0762 86.998 78.5559 75.9119 69.559 81.2178 80.0994 75.8895 71.2278 70.9057 68.5166 63.1212 71.3978 59.8643 55.7394 63.8504 57.3768 60.1685 66.9195 57.1173 45.293 46.6754 55.6275 53.1401 43.3111 52.1469 55.377 37.1909 51.9903 49.1584 43.4587 39.6515 51.3774 46.3265 44.8277 35.9293 47.8789 44.7964 36.3454 30.9857 36.5512 39.9781 45.9641 39.911 36.6585 48.3352 38.9491 36.4885 42.8771 39.5978 23.4742 41.0071 37.4862 36.7346 30.6904 39.222 35.7011 48.3128 39.1057 33.8982 42.819 39.9692 31.2184 34.6677 47.2123 36.0501 38.2915 37.9515 28.4177 38.0767 34.3232 34.0145 56.0705 38.8462 49.1137 51.9143 34.2158 36.6719 43.15 46.6217 52.8135 32.4576 29.5765 43.8614 54.952 41.0295 46.7425 45.5256 40.5597 47.8297 39.1191 50.8361 43.0114 45.1677 41.8168 41.8392 38.5733 61.6314 44.8769 43.763 46.7023 43.423 38.2467 62.8259 70.8967 64.1278 53.0327 61.9625 58.889 59.8464 66.2171 68.0648 78.1488 72.4939 84.9893 83.1729 74.0687 99.0147 79.2986 75.9029 111.81 100.102 91.1095 110.946 111.336 120.413 113.403 134.819 131.097 153.613 149.122 144.939 163.474 171.406 168.654
174.566 160.765 164.928 168.749 158.248 140.365 137.506 130.542 143.835 114.991 110.611 103.784 107.496 102.561 97.8862 95.5299 81.5631 72.9631 75.5469 75.855 77.1114 66.4016 72.4226 78.7091 57.9201 67.5916 61.4473 58.8398 58.5364 63.3579 61.6464 50.7518 62.1395 35.2536 41.7535 51.8991 48.3481 51.0552 46.703 55.5496 44.4368 44.6786 35.5808 45.0247 43.5455 53.3688 57.3986 42.0521 39.6627 37.5293 43.4317 33.7697 40.919 45.8876 33.3478 39.53 42.0284 39.3308 48.0068 35.4385 28.531 32.4897 32.8642 28.1185 30.0765 32.4422 40.9712 39.0843 35.6898 40.6725 30.2804 40.9096 34.7938 33.0633 40.0799 29.702 33.2103 41.4453 35.851 38.6955 26.151 37.7758 37.8943 47.8124 33.7128 39.3166 34.7606 32.6746 39.383 32.1341 32.5703 44.105 36.6569 35.211 32.7409 40.4402 40.7768 61.7887 48.7084 40.957 44.6691 41.5733 46.6414 34.0115 40.6536 43.5313 46.1056 44.4653 38.705 52.5486 34.9455 44.7687 59.7453 43.7162 51.8042 54.9712 49.0877 53.3925 65.5056 59.8828 61.6938 67.7812 61.7365 61.2719 69.4737 65.0172 66.5106 63.4195 68.701 70.6021 80.7761 75.4426 84.4646 86.2092 86.5316 84.9766 97.2936 101.883 98.7633 109.776 119.751 116.945 123.222 144.162 138.521 147.652 154.052 167.085 170.882 171.911
168.721 169.017 154.694 161.259 158.77 149.631 124.841 133.59 128.231 113.533 112.892 117.574 97.5168 96.1346 85.3372 76.3728 82.703 91.5773 73.2027 70.3131 77.0189 74.004 70.6486 57.8681 58.7345 46.034 70.4233 68.9309 50.0254 61.7393 47.9972 73.8788 44.8171 51.9035 49.6849 48.0923 56.4307 66.4268 44.3663 49.9053 42.929 57.9432 52.7448 63.5121 38.4518 42.6536 38.9927 41.3315 47.256 38.4619 35.4119 32.5824 42.258 32.3821 38.532 41.4817 41.8874 30.0083 36.8292 39.5236 38.4619 35.0013 36.3034 32.1267 35.3919 30.0884 35.3118 33.1133 32.1818 29.8981 32.6776 38.2165 29.7478 36.7441 37.9911 32.7577 30.7895 32.332 36.3785 30.439 28.616 35.2116 35.0614 42.9541 32.5123 36.9745 39.769 32.5624 36.6489 30.499 32.4973 36.3184 33.1433 40.1546 34.6808 41.3815 37.5304 40.1145 45.403 52.3943 32.352 41.4967 36.6039 40.8958 43.4298 43.1995 34.0247 43.545 48.9137 43.0292 36.1131 38.537 44.9974 51.9886 47.4062 52.4944 40.4551 57.6076 50.4161 59.2102 70.4132 59.711 56.8865 68.9258 58.0884 55.6295 64.7391 58.4189 74.645 74.7803 76.8786 89.1083 83.6395 81.9718 97.0811 82.5227 95.9443 95.7039 97.4317 113.848 117.95 117.789 125.652 134.857 144.562 153.201 154.684 157.208 166.708 175.868
177.061 153.397 161.789 156.451 143.996 139.296 128.271 119.15 117.193 124.425 117.731 96.3404 97.1897 83.2421 80.8208 86.9611 76.0415 69.0994 80.8525 81.7809 68.9253 75.8622 69.7324 76.4425 54.1179 78.505 66.7889 52.5776 55.9221 47.5345 58.5544 57.072 59.8415 45.4192 46.3054 43.8841 45.224 49.8081 46.4162 46.5112 40.4658 40.1704 41.3626 43.5623 44.8495 41.3151 30.9441 45.2135 42.1486 44.9233 40.872 39.0362 38.3135 28.2116 46.0839 34.0881 27.4942 31.3239 38.9993 43.1825 34.5576 42.4493 24.308 31.0338 47.5978 34.431 37.633 36.9051 31.4717 26.9719 36.1718 31.4558 36.003 37.4642 32.0888 38.303 35.101 36.4356 25.9855 33.9985 43.9263 33.6186 28.871 36.6466 32.3473 36.578 37.2005 40.4764 25.6584 32.7852 33.6661 32.6005 36.6571 41.7635 49.8503 31.7565 35.2117 37.364 46.7696 44.8495 45.1185 49.0854 37.8071 43.3988 40.3392 49.9031 44.6385 40.1704 43.9791 48.8903 51.4856 51.8074 36.2668 45.6038 49.7132 53.8489 51.2694 50.4939 55.8693 69.9593 61.7511 51.5806 61.7511 56.1436 51.5806 64.932 54.5136 83.7697 70.6503 70.893 73.3829 72.7973 83.6694 81.4697 87.4095 89.2347 91.7299 106.136 99.4105 103.214 119.709 129.732 132.212 129.215 139.686 144.387 156.989 157.97 158.872 176.022
169.522 169.788 162.045 150.207 145.363 138.768 131.679 126.758 111.727 101.734 110.69 105.586 86.4485 89.6741 81.9814 83.9711 78.0021 86.1104 75.037 64.623 61.5748 69.3727 60.4109 62.3895 63.5035 60.9097 53.4664 54.4806 63.5644 52.1972 46.1395 57.8005 42.7088 50.601 39.6772 48.3564 57.6009 40.7247 54.2867 55.966 41.1681 38.5632 42.0438 51.5543 38.0256 41.1237 38.8071 42.138 40.7746 55.8939 30.0225 33.3202 32.7161 30.8095 46.2448 35.6701 38.1974 39.8268 32.7493 36.9393 32.7826 32.6052 29.6346 34.2236 29.3408 32.2007 28.831 30.2387 39.8933 29.5404 39.3336 31.9014 30.9924 43.7619 43.8616 27.0519 35.3099 36.8008 30.5213 32.1619 28.6979 35.7145 24.8405 40.8522 34.3511 36.4405 39.1008 31.8404 30.3495 28.7755 39.5885 36.0692 41.6613 38.1974 39.5719 37.1056 30.9204 30.5989 31.7019 34.3012 40.4309 49.6422 36.834 41.4064 41.0628 38.9789 48.4451 34.2347 44.3715 36.2354 43.0303 51.1497 45.9954 47.3588 43.6676 50.9169 50.0634 37.8926 53.9985 51.183 52.2249 50.6121 54.2867 61.4473 62.3728 70.1376 74.2666 70.0766 73.934 63.182 75.7131 79.7867 86.055 66.2303 92.9773 79.4098 94.4349 86.6813 94.9448 108.036 113.999 115.518 121.215 138.474 140.552 147.696 151.775 164.273 170.009 171.833
172.678 162.954 154.117 156.011 149.272 145.607 125.588 114.753 117.35 110.599 104.924 108.002 97.0518 92.6657 80.7564 80.3846 69.8115 72.7162 75.8475 77.021 72.5477 60.1621 58.2915 67.1043 58.1869 49.2346 40.5844 52.7261 59.099 57.8674 61.7713 40.6483 49.1591 48.8861 48.7757 45.656 40.7006 45.871 49.4902 40.2359 36.4714 38.8474 50.0538 37.5461 37.4299 26.8394 46.7714 43.4543 39.6549 30.935 46.5855 41.8102 37.4938 42.9489 40.1081 35.9602 36.0938 33.1136 33.4505 31.9691 36.483 37.7611 38.464 43.4659 37.4416 33.0729 30.7143 35.5012 39.3296 26.8104 35.4606 35.2805 26.2352 34.0605 37.4241 30.4296 33.9327 32.7592 34.9145 41.0899 29.657 28.5299 32.3583 31.8994 29.0179 36.971 40.05 24.719 39.1263 33.1136 30.5749 31.8529 32.3002 26.0668 34.351 41.4791 44.6801 40.0616 36.756 33.8397 31.3765 38.0399 42.0194 46.603 36.3203 45.9407 40.4218 40.6193 40.6367 48.5607 49.5948 46.9573 37.4241 37.7727 48.95 50.1816 38.3594 42.2111 49.3799 53.1444 48.5143 58.611 62.0966 60.1912 63.2759 65.2569 62.4975 69.765 53.7079 70.1543 84.608 77.2766 62.9506 77.9447 85.1657 90.7079 97.197 107.584 92.2474 101.403 113.707 131.397 133.128 141.43 141.023 147.785 151.916 155.866 167.804 167.961
168.927 162.905 163.288 149.014 144.493 127.546 133.331 128.561 114.494 104.899 106.011 99.278 95.0184 75.4277 76.2541 79.3835 69.9346 76.2359 65.8025 65.0612 70.0622 68.6767 58.0975 70.3842 59.8901 57.1313 59.4161 66.6836 52.3005 51.9845 56.6331 51.3161 44.5287 56.9065 48.448 43.9271 47.9376 31.4824 41.7821 41.3203 42.2439 35.2195 30.2063 52.9993 39.3332 33.275 39.1388 41.7031 47.5426 38.1726 35.7846 28.912 29.1916 33.9069 38.2699 33.0866 27.8365 34.6665 39.9652 39.5581 39.1692 31.5979 35.0007 28.985 37.3827 36.0884 28.7784 35.2559 38.999 30.0119 30.8565 21.6081 34.2776 33.5059 25.096 26.8582 25.971 39.4183 34.0953 32.3392 28.1525 38.1544 35.0797 28.4138 42.3533 31.1057 30.7775 33.6699 35.2741 29.2341 38.3306 30.261 36.0945 41.9158 39.5824 38.3245 27.399 35.6448 40.6215 32.327 32.8192 39.5459 40.3906 35.0918 40.1475 42.9062 43.0885 35.6448 43.4835 39.7161 40.427 40.6762 39.1023 38.9626 46.7952 47.9497 47.6095 51.7901 44.4801 43.3924 45.4158 40.6336 47.0808 56.1713 54.8344 50.6234 61.3788 67.4796 66.7505 62.9405 69.497 71.7636 71.5448 79.9669 90.5096 89.3065 82.0937 91.7614 99.6244 106.722 108.144 109.991 128.008 116.298 135.616 144.785 156.124 152.119 158.305 171.977
166.99 158.698 159.713 140.245 142.567 140.993 130.869 131.231 111.369 120.84 103.591 90.0097 79.8028 92.4393 85.8736 84.1038 87.4849 69.2724 74.1506 60.9178 63.2079 59.8838 56.1411 70.2556 53.426 58.8181 65.5677 50.7109 51.7005 54.5615 42.1534 45.4267 43.0415 50.2923 47.0063 42.8322 44.1453 44.6147 37.2498 42.9463 42.2993 33.4943 36.2221 45.9342 48.8269 29.777 48.3194 30.1639 38.03 37.5606 41.0877 29.4788 36.4568 31.8069 31.2741 33.4563 33.0313 43.0605 32.454 39.8443 32.3588 27.6265 36.2855 30.608 34.0653 22.4755 33.5768 36.4695 38.6834 28.6605 25.3745 26.7828 30.1893 31.7245 30.202 34.0145 30.7602 36.8882 36.4124 25.9391 34.1668 29.4154 29.2568 33.932 32.0163 31.8006 39.7047 38.658 32.1241 36.8311 36.8691 35.0422 34.7313 32.0924 38.7088 31.5659 35.0549 36.0191 34.3951 27.8231 46.8033 38.5629 46.4924 27.5313 40.5548 54.3585 37.8143 44.1326 46.7715 39.1528 46.9936 47.7992 35.2388 40.9735 53.4133 34.3063 46.7969 46.7081 52.8234 45.5789 50.2923 55.2022 54.885 41.7093 61.3111 70.5601 64.0516 53.5529 65.4662 74.9816 74.7786 84.7635 70.2937 73.2498 68.1432 70.281 94.539 82.9048 93.1117 110.582 117.002 112.974 122.743 133.203 139.553 147.236 152 152.526 165.873 170.802
172.62 162.148 153.415 153.653 136.895 130.846 116.772 115.483 103.471 111.794 104.351 104.707 83.1499 95.3533 81.7814 80.8559 71.0126 73.9676 75.6665 76.2416 62.4054 66.5503 67.4494 60.6072 56.1119 58.6439 48.3509 54.651 45.9777 52.3967 52.6876 45.905 43.069 44.0209 40.1801 45.2836 39.757 37.3242 50.1953 53.4677 35.8104 39.7173 38.8183 45.4951 44.2655 34.9047 35.0039 28.7501 37.6217 28.8625 30.416 30.5416 36.445 34.8188 32.862 35.5856 22.8137 25.5241 33.2454 34.0651 34.475 31.7712 28.8294 24.9952 37.5093 29.9731 30.8589 32.9678 30.9581 28.3006 34.1841 36.3855 27.5932 29.5963 33.8933 24.5919 28.9881 27.1701 30.7333 32.2207 33.6222 21.8353 28.2609 32.9744 35.6253 33.4569 30.4292 29.4178 36.1475 39.3273 30.773 35.4798 39.7041 27.4742 31.3217 41.9187 32.3199 39.6115 47.3792 25.5902 33.0669 39.9817 29.9004 25.3456 37.3969 30.6804 29.907 38.1241 40.7684 40.0214 39.9884 47.2734 52.8727 40.5304 40.8808 42.3219 46.7247 47.3593 41.099 45.1315 61.0898 51.5175 57.0507 51.6365 48.9657 48.4832 58.4059 66.8015 74.2452 67.1982 66.4511 72.6851 72.8768 83.6523 75.488 83.573 83.5333 84.6241 98.4537 100.054 108.462 121.512 120.256 123.951 136.346 140.452 149.456 150.652 159.127 167.866
162.551 165.22 160.165 146.739 136.058 133.754 129.118 123.017 118.774 104.543 96.9433 89.419 85.4298 90.5744 82.7543 75.6082 87.9196 73.0772 77.0801 66.667 65.4703 61.5568 73.5105 55.3736 56.0476 64.0741 51.9415 52.0241 43.1448 44.8023 46.8175 53.2415 48.592 49.2179 45.1256 40.2836 48.1312 39.4238 41.1296 46.1848 39.19 39.2106 42.1475 47.5466 40.0704 34.3342 32.4979 37.6769 25.9983 33.6465 37.615 36.3288 25.1523 35.7786 31.4731 33.3782 30.0081 37.6356 27.8415 28.4055 22.7588 27.649 34.0591 36.4114 36.5833 18.3707 29.7192 23.9899 29.7811 29.6779 25.5443 28.2955 21.3076 31.8376 15.5783 31.1635 26.1221 20.4891 36.0056 22.6694 29.9462 37.161 22.7932 33.5502 34.2655 28.6325 29.5129 31.3699 30.2557 32.2021 34.7882 29.6229 24.0931 34.3618 42.2782 39.7677 36.8584 26.576 30.2626 38.0139 39.4376 36.0468 35.6135 40.1873 32.491 33.5914 35.2765 28.4193 42.2163 37.3055 37.8213 41.7967 48.4889 48.3719 38.853 47.2233 50.2633 49.1904 50.6691 51.1712 53.833 62.279 51.0405 62.0726 54.3488 50.9718 60.6627 64.2873 60.3669 63.5651 65.9517 66.6395 76.0278 70.0578 75.8283 84.1368 81.8189 93.697 91.7712 96.6957 95.4164 101.916 121.133 136.03 132.639 144.676 147.537 155.66 157.468 169.099
171.501 156.51 159.118 139.47 146.743 128.395 128.895 127.831 109.032 108.325 98.079 96.7286 92.7702 77.9873 82.4029 73.0573 70.9352 65.4265 64.762 66.7483 57.5598 55.6593 55.4449 60.6322 45.2276 66.5911 49.2503 56.5453 47.4783 54.6947 34.4959 45.8278 45.2419 52.4369 44.2988 45.4277 48.2785 39.1973 46.0779 53.3515 37.9255 41.0693 33.9029 40.5691 46.5495 31.9094 42.4983 31.9166 41.2265 29.9231 28.1869 35.6963 32.6096 28.5942 27.6796 39.4259 32.7525 26.7365 30.0732 36.7108 30.3089 27.7153 33.5027 28.0654 22.5709 27.6439 29.3587 23.6141 30.8591 30.559 39.9832 30.1303 30.2446 33.6099 26.0077 22.1637 28.194 22.7496 19.3986 25.6218 20.1774 33.2741 30.4518 33.7457 24.2214 29.1943 26.4507 33.1241 32.2024 29.7659 24.2 22.8282 31.2164 25.9005 40.4477 34.9103 24.4929 33.6528 33.8743 36.275 28.1869 40.4334 37.4325 27.258 36.0821 46.5423 47.2282 31.988 42.2196 35.1247 29.5444 30.7019 47.1139 39.1258 43.1342 47.2497 37.7397 32.6882 45.342 44.1273 54.1731 38.5042 50.865 51.4295 59.1675 56.4095 53.2657 58.8102 67.4985 71.2067 65.9623 60.5036 72.3785 73.8504 66.4553 68.1415 88.8477 85.168 87.19 85.5252 93.7205 108.446 108.553 128.538 125.823 130.839 142.235 160.897 164.827 166.363
170.967 164.763 158.455 145.988 145.996 119.483 121.929 116.955 120.528 92.6584 99.2033 83.46 78.0566 87.1809 83.3192 72.416 81.8813 66.8347 57.8883 67.4499 69.7403 65.3671 48.2156 49.6758 53.5745 55.5017 50.2539 55.2052 48.3712 50.832 47.9636 47.5633 49.9945 47.7783 41.3668 41.5892 46.1106 33.2951 37.9128 43.0345 53.1669 39.7288 36.0524 28.3141 36.6009 33.2135 36.7787 28.9219 35.0888 40.2031 27.2913 30.7008 24.3042 37.9869 29.8188 39.5434 24.571 32.628 32.7614 37.809 32.5687 25.0899 25.9793 28.7589 30.7972 33.3025 26.639 26.3648 27.7953 26.8243 29.8781 31.4865 26.4463 19.1158 21.1318 27.232 17.9669 33.6953 27.4988 29.552 33.6879 33.7694 31.4717 28.4327 26.5945 32.1684 27.5136 26.3055 32.4575 34.8961 27.0615 23.9188 29.1443 30.9306 27.2246 33.384 41.0555 36.0375 40.8183 30.3969 25.0528 33.0134 38.7429 35.2296 25.6977 41.5818 41.6337 34.4662 35.1036 33.1246 44.4651 30.812 46.9926 46.6442 33.2209 40.3662 43.5904 50.3132 38.4094 42.3749 42.3526 40.381 45.1915 56.4726 59.5635 52.2107 52.2552 51.5733 72.5865 60.1935 54.4862 70.6816 74.9139 59.8229 88.1667 80.8139 81.7701 104.888 88.3668 101.16 101.827 99.2996 116.481 124.086 137.872 132.913 144.988 151.911 153.104 174.695
171.208 155.235 153.177 143.209 132.827 123.397 130.546 116.01 110.719 98.6469 97.7178 75.786 85.5769 89.6623 77.867 87.8193 67.1469 66.7322 79.8636 55.6358 65.1503 61.9865 58.7382 48.1639 69.0052 61.6332 45.983 46.2288 53.5086 42.1588 43.3874 46.5666 40.9301 44.2475 47.3346 40.8072 40.2159 38.5035 44.2091 30.3021 44.0325 27.5376 52.8866 37.5973 39.0641 37.2134 46.0061 29.2884 30.3175 35.931 35.9386 41.89 25.9787 33.2586 23.9975 29.1272 21.9011 25.157 31.0623 23.8055 36.4915 32.0299 31.6152 27.1843 31.9762 30.3789 23.4292 27.6758 29.9796 31.8994 22.1929 29.3038 36.7757 35.0171 29.2501 31.0777 16.6792 22.1161 35.4472 18.8447 22.9224 27.8601 30.878 25.9173 27.146 25.7637 27.0845 30.7782 42.3892 39.9779 41.8593 33.0666 31.0777 32.1374 30.8934 29.7722 31.4309 22.3925 38.1502 35.6775 25.0572 47.8644 39.21 36.3149 34.8635 40.6767 33.3123 36.4455 37.8124 30.9395 43.4335 35.5547 40.9915 30.9625 33.3277 46.6357 38.1349 38.0274 37.7202 41.2526 51.5044 54.9523 47.0811 49.7535 50.4984 50.7518 59.8056 53.7851 51.5812 59.4907 58.8457 69.3354 65.4805 79.3184 69.6426 67.3389 79.7945 97.687 95.6367 99.4302 106.365 106.357 116.117 111.748 129.225 138.771 151.971 158.007 165.041 165.164
167.151 164.179 146.665 150.885 136.764 122.874 114.53 125.305 110.605 104.677 96.9926 95.8245 79.2326 77.4686 86.6704 73.71 74.6079 62.8315 60.7019 64.4366 58.6279 59.4066 52.7873 58.7471 48.3771 47.0263 38.0231 47.503 49.5373 50.2366 40.6136 32.6832 37.1252 44.2053 37.6814 37.4112 31.5151 40.5977 34.5585 36.8311 32.9374 27.7008 34.6062 43.9034 47.5984 30.037 39.8348 25.3726 36.6404 35.814 37.451 38.8813 27.8359 19.6989 24.5382 31.1177 23.7197 29.5523 26.6122 28.0743 35.5677 24.125 29.3139 24.6018 23.3383 20.4697 25.2136 30.6886 27.2717 32.1508 28.6782 34.4075 22.496 21.4948 22.5437 29.4172 21.757 23.8787 28.1299 22.9887 30.0688 35.3054 26.8506 24.0932 33.6049 35.0432 28.71 30.6092 30.8237 34.2168 26.5804 27.1049 29.2186 33.0805 31.3323 26.35 35.369 21.5663 42.775 38.1661 32.262 29.004 37.9595 40.6772 26.9459 28.3445 29.5046 37.6178 40.2719 40.3275 41.6069 38.4919 46.1919 40.2322 52.2231 53.8998 45.437 31.674 46.8991 43.3392 50.4034 48.5281 67.1781 47.9083 53.7806 50.8643 49.0446 67.9727 56.0135 60.1536 57.3247 68.2985 63.34 81.5609 70.1739 77.7626 78.6128 84.7871 90.9058 92.4553 100.068 110.748 110.533 118.479 130.486 140.34 142.644 136.216 160.889 166.221
166.593 164.605 154.675 149.254 142.413 135.768 119.012 114.282 108.565 97.9697 91.4811 96.3927 92.8117 88.8364 79.0624 73.198 76.4341 73.5841 47.6871 56.919 55.4406 60.2865 52.8616 50.3319 55.1367 53.0423 51.9663 60.1551 35.2192 50.3319 37.1 52.6727 35.2767 37.6093 44.1882 31.4163 34.2828 45.7898 34.0857 27.7121 29.7819 33.5354 29.5355 38.2746 37.2232 35.6873 32.558 30.9728 32.2213 24.1146 38.3978 33.519 31.1946 26.7018 35.1781 35.7695 26.0694 31.2931 24.0325 26.2994 27.2193 25.8887 26.8579 17.6342 26.8086 17.7081 25.6587 26.439 24.0735 28.8784 23.1372 26.9154 24.0325 16.6075 30.7264 24.361 22.2584 24.7388 28.4677 34.5703 24.3282 28.3363 35.6216 27.3507 29.5437 30.4225 27.9256 32.6566 25.5027 36.0651 30.6279 32.9112 35.3506 31.5149 32.3116 24.4678 33.9954 33.3958 42.1349 26.9318 30.324 32.3609 30.0776 37.0179 31.055 33.5026 28.3281 40.3936 31.8927 30.0776 33.4779 43.293 46.2909 32.9276 37.7078 42.7016 43.3587 46.1102 38.3895 33.1165 50.1594 47.7939 50.3976 45.0424 40.7879 53.4283 55.1449 58.8574 56.2045 61.4857 55.8759 62.5863 72.8202 58.4139 81.3622 70.9722 75.1446 82.9227 90.9554 87.8672 102.824 96.5981 113.181 105.51 130.446 139.497 149.739 153.451 154.757 166.716
174.479 151.827 155.482 139.479 131.041 128.302 126.86 99.2816 98.2894 96.1862 93.9898 89.9531 76.1383 71.9234 83.6775 67.4287 76.3418 65.6987 59.1263 67.4627 61.7213 57.7609 58.8549 60.0507 50.6288 53.2069 50.4338 50.2557 44.9638 46.1341 48.797 51.7398 42.8776 43.2083 42.9115 41.8854 43.9037 45.3709 45.532 36.4324 42.5469 48.4917 28.6388 36.7122 37.7214 34.5836 41.3426 32.8875 32.1582 26.3575 35.6607 27.7738 23.4741 32.7179 34.9822 39.4599 27.901 32.0055 31.2932 28.0791 28.2487 22.3971 25.5858 28.9695 30.3264 31.7511 19.7936 21.1589 25.0261 33.0487 31.1405 20.7264 26.2812 25.289 27.1123 30.0889 30.3094 26.561 31.5561 25.4331 35.4317 27.7822 25.4162 24.2628 30.5723 20.9554 23.3469 28.7999 33.3031 31.3441 32.879 36.9751 23.7964 34.3716 27.0784 21.8543 36.3815 28.5624 25.1957 20.5992 26.2218 37.5349 33.8967 35.508 25.0176 40.6303 37.8486 33.354 33.7271 33.8289 33.7949 36.4069 39.5023 33.5829 45.1928 45.6677 39.3412 42.7165 42.2585 53.5122 38.7985 51.4345 55.6578 47.3808 41.9532 59.3638 48.8479 56.2768 54.3433 45.2776 53.0797 67.8358 62.4337 60.6358 76.8845 67.0386 70.7531 92.6838 87.5107 93.2435 91.9714 102.436 115.149 114.114 128.438 125.325 147.672 135.909 161.614 170.535
165.873 160.021 154.064 144.782 133.27 125.24 116.178 112.906 100.502 94.7808 94.5184 80.7758 87.1966 71.2584 72.693 75.6409 72.1594 72.4655 61.391 69.955 51.4187 60.0351 57.4196 46.3363 46.2051 43.2484 52.3547 44.2194 56.7373 46.2751 49.8966 47.631 54.5766 45.479 45.759 41.4464 43.2396 35.0693 40.5716 37.1338 36.4602 27.5901 37.8336 33.0749 45.8814 34.1946 33.6522 27.5988 34.457 37.8511 29.6458 31.7365 40.3879 26.8553 24.6771 40.6591 24.8433 27.6338 25.3419 30.3106 24.2485 28.4211 26.6628 31.2029 26.7066 23.0063 26.3042 25.9193 27.4589 21.7991 25.202 30.0569 24.6071 20.9331 17.0667 26.173 25.0095 25.132 34.1246 29.4096 18.0202 27.4939 29.1472 33.5997 27.179 19.7522 27.0915 20.9069 34.6669 35.1306 26.6541 24.2485 28.4911 20.8019 35.1568 27.004 34.9556 34.1508 24.7646 26.1992 36.7314 37.7899 30.7218 34.1246 33.4073 43.7907 39.2507 35.0781 30.8267 31.0629 38.8746 44.9367 34.3345 33.9146 37.6149 47.2985 39.8456 37.5712 48.0246 46.66 39.1282 43.6333 50.1153 36.7051 38.4022 42.6623 52.1972 48.0421 59.0554 45.3741 53.9818 62.222 72.0806 55.0402 74.3638 76.2708 70.786 69.054 78.7813 86.6717 110.474 117.411 108.165 124.698 129.806 125.555 137.452 155.831 148.614 162.864
168.765 162.347 146.769 132.084 139.549 122.457 116.94 112.883 106.077 89.2191 94.655 80.3756 85.1174 77.0312 71.1265 73.0466 66.8535 68.8908 65.357 67.6378 59.5515 63.5 58.2985 44.5059 52.7544 57.0995 38.1775 41.1254 58.1723 44.2084 42.2612 41.1794 49.3108 42.8742 42.2612 32.8859 32.0655 31.3984 35.2838 33.6431 35.9419 30.8035 30.9837 31.9033 34.4544 35.5993 27.1164 37.1498 34.0037 26.6476 33.571 33.2555 31.4615 42.0358 26.7288 37.3121 23.5015 39.2232 29.325 29.0005 26.9361 39.8903 29.2169 20.0579 30.0192 30.3076 22.3206 23.6007 24.2227 31.4525 24.8176 22.7443 34.6347 24.6824 23.3933 21.9329 19.9677 29.0275 23.9432 33.607 25.5298 32.0024 28.4776 19.8776 21.7797 27.8106 26.0707 27.2156 26.3592 23.2942 21.2388 26.5575 29.6946 29.1447 34.0758 27.486 27.7474 27.5221 33.0481 35.0314 28.7751 26.1158 31.6599 35.0043 33.0121 40.8459 41.9727 39.7281 35.3649 34.2381 42.2252 28.7841 38.5922 41.7474 39.1692 29.3971 42.2792 39.1241 35.6264 48.1659 40.296 50.1401 53.2232 45.6508 52.1504 52.6552 55.9186 55.8375 57.8748 69.2965 63.1935 61.9224 57.406 57.6134 64.2843 79.0234 85.7755 79.2939 87.7227 87.5784 109.115 102.786 119.04 116.29 118.815 133.77 140.919 147.644 152.494 167.269
162.089 154.859 143.405 141.029 120.367 133.613 104.765 110.445 101.46 99.3532 89.3474 83.4162 75.0161 87.0733 71.7304 65.7436 74.9605 68.7323 53.5564 59.3669 56.9258 62.5413 63.8593 50.6883 54.364 47.4026 50.5584 42.6224 42.0655 47.3376 35.4011 30.8994 43.9497 47.9131 43.7548 44.9893 42.214 42.446 39.5408 44.2931 32.0782 34.5286 34.8813 34.1759 31.8183 29.9619 37.3781 34.7606 27.2887 28.4026 30.1383 32.7558 27.3073 23.6409 25.2003 33.0621 28.2448 29.6463 21.4876 26.2027 31.809 26.277 21.469 24.8847 24.4578 20.1602 24.8383 24.6527 26.277 25.0425 23.5667 32.7186 21.4226 20.6707 31.7255 22.9727 18.8701 20.5872 23.1026 29.3586 21.3298 23.0098 25.5716 27.3351 29.5999 27.4744 26.2306 26.7225 31.1314 29.0244 28.9223 22.6478 26.9082 28.6068 33.4055 35.1969 34.5564 29.9062 31.1129 27.1681 30.7787 24.1607 32.6165 28.616 35.5867 31.8368 33.5726 33.4983 26.871 35.8466 39.1324 30.6952 33.5911 32.3195 31.7626 39.7079 40.6918 38.5198 33.8139 31.6234 51.83 49.788 42.279 55.4221 53.1573 41.6849 50.7626 54.169 61.279 50.5213 57.4548 66.6625 65.2516 74.1437 67.6092 74.1344 78.5804 80.5853 76.492 82.3674 95.8632 111.819 116.924 106.955 124.043 134.559 137.762 151.072 154.84 167.863
168.311 164.099 143.244 141.764 135.968 124.271 108.553 96.1202 96.5881 97.4284 86.9436 86.8003 76.5256 76.2869 83.9643 72.8588 62.1162 53.102 67.4445 63.8159 59.7767 53.4935 46.6468 52.2903 48.8908 55.8616 40.9652 49.12 47.1816 33.1923 48.3561 47.0001 49.9794 41.1275 37.1933 36.439 47.1338 36.1047 26.8709 41.2039 29.9456 35.4363 35.7896 39.3991 40.9652 36.2766 41.328 31.0724 42.2256 21.0842 27.1764 24.5887 38.0527 23.6051 33.6698 30.7764 21.6953 26.8422 22.3542 25.1043 15.5553 32.7149 27.0714 23.2613 35.761 24.4072 31.9032 28.752 26.3457 26.403 21.8958 24.7414 26.7467 21.7813 29.8979 23.9584 31.1297 26.6512 24.4359 20.8455 32.3615 25.9064 29.4395 23.9489 18.4009 26.1642 26.1547 31.6263 30.108 29.1817 22.3446 28.351 28.0358 23.6815 38.7594 28.2268 29.5637 23.9393 29.9074 26.0878 32.8963 31.4448 40.44 26.7754 35.3886 30.7669 23.672 40.1344 34.6437 42.2161 33.3451 37.0692 35.1307 36.8209 38.3488 43.7821 35.6368 40.1822 32.0942 40.2013 41.3949 43.3524 42.5408 51.5359 40.144 52.5577 41.414 47.258 49.1391 45.501 54.6871 60.0059 68.8005 57.1125 70.4238 70.7294 81.8731 66.8239 75.8668 96.3589 86.0746 104.428 106.318 115.973 114.464 120.499 134.794 155.964 159.172 158.427
166.903 160.847 152.209 135.119 121.386 125.685 106.583 95.5107 96.512 91.4076 95.4911 83.3093 81.1007 73.768 75.3484 69.7238 75.4859 55.1076 60.1138 52.3199 51.4462 42.5725 39.8338 38.5282 50.1407 50.8376 42.5234 46.4695 42.4939 43.8976 42.062 52.6634 43.024 45.6056 44.8694 45.1639 50.2094 43.3774 37.1442 37.8705 31.2643 45.2228 37.4583 38.6264 32.4128 29.8017 34.6803 28.7317 29.733 31.4312 30.2336 31.0385 31.6079 30.7735 30.7931 34.268 27.1023 27.1906 31.3232 31.6373 33.2962 23.6666 29.4876 21.458 22.3709 26.2188 35.4067 24.1084 21.0948 31.1072 24.4716 25.4532 29.8802 23.5292 19.3181 24.0396 24.285 33.6005 30.0962 36.3 23.0973 29.2618 24.0102 22.8126 27.917 17.5708 28.8888 27.2004 33.9834 16.3144 21.5758 31.8435 22.5476 24.874 38.911 27.76 28.8692 23.6372 32.3441 34.3171 24.1771 30.1354 37.7037 29.4778 30.8226 29.6643 34.7196 39.5884 34.4055 39.5098 25.8753 38.1061 30.852 37.7037 47.5689 38.4202 46.4596 44.3884 50.337 44.4572 49.2965 51.0536 38.1061 28.8299 46.548 50.8082 50.7591 63.8243 59.4267 48.3345 56.3543 60.9188 63.3728 66.3373 55.834 72.3938 63.3237 79.5792 87.0296 90.7401 92.615 88.983 106.328 116.458 110.569 125.833 139.006 147.31 151.266 162.034
157.681 159.97 145.198 136.476 126.776 125.425 107.991 95.9822 92.9068 81.2708 85.536 76.4409 77.6206 73.7184 72.5992 63.252 67.0938 79.6272 61.3161 61.9816 59.8338 47.7541 56.0728 43.6402 55.1855 45.9694 39.6573 52.7554 43.6704 44.4569 41.1295 42.8537 49.2767 51.8681 45.0619 32.9217 32.831 33.6376 34.4443 29.2514 36.592 37.1264 34.4947 39.8388 31.0261 30.5421 30.0077 30.4009 26.4584 26.418 36.8239 23.3225 31.1874 34.7367 22.9897 32.589 26.0248 22.4755 24.0586 23.0603 29.4329 27.0432 33.7485 19.2388 28.0213 30.1992 20.2068 24.8955 15.9718 28.0515 20.1664 18.059 15.2357 21.9713 20.8622 20.4084 24.6535 22.5864 22.1226 21.568 20.1664 20.6706 23.4536 22.5864 31.4899 25.1375 18.664 22.0823 27.0331 22.4553 28.1826 28.3439 37.7919 19.8236 21.7697 32.0344 34.6863 27.4264 34.1519 30.3807 30.048 24.1896 25.0266 30.9051 30.2799 28.4448 31.5605 38.6692 33.0427 35.6845 33.7485 31.621 38.1146 31.5504 51.0917 39.1229 51.2933 37.0458 34.1821 47.0786 47.371 46.6853 49.317 40.2825 49.0549 41.432 55.9316 49.5691 59.6927 50.3052 60.701 57.0811 58.6339 62.0421 70.0078 68.5256 69.9473 68.9289 83.0454 97.7367 96.8796 87.9761 113.618 108.516 115.1 135.004 137.807 144.533 158.458 160.071
166.62 156.373 148.693 135.393 123.821 125.322 114.112 98.7836 98.7422 101.454 75.6299 85.6801 75.3918 70.8584 71.4794 65.1657 62.5885 55.4571 58.3241 55.3743 60.6219 52.2692 39.4969 52.3623 46.0176 40.7182 56.1713 40.6975 39.9937 40.5837 35.0876 35.3774 29.2811 34.5598 40.4698 34.4977 37.3233 31.9722 31.5996 32.0136 34.8289 31.3305 36.2469 30.5645 30.5852 32.676 35.688 34.0216 30.7198 29.4364 26.6521 30.0263 31.3615 34.2493 30.2333 25.7723 30.5542 22.0566 25.0478 21.4666 29.633 32.3137 27.1179 25.9276 24.4164 24.8512 25.6274 22.0566 19.8623 22.6672 20.8145 25.0892 23.2262 30.4921 25.9586 21.332 28.7946 20.4523 20.9077 22.1394 22.3671 15.9188 23.723 25.7309 25.9793 31.4029 24.8098 15.9913 24.375 26.8384 27.5733 21.4976 35.2325 24.0956 27.8217 28.3703 25.4411 21.9324 24.4371 32.7174 35.0255 32.0964 25.7102 33.4419 37.0853 31.7962 33.6282 30.0574 27.8528 28.7532 35.3878 29.9125 30.4403 42.4881 40.6251 40.1179 41.4117 36.8265 31.4754 37.5096 40.6872 51.141 50.8408 57.3719 46.4523 49.1848 51.7931 52.6315 49.899 54.2875 56.3679 55.2397 66.6872 54.4324 58.2517 83.9309 69.8648 79.6872 82.6785 80.8465 104.766 107.074 97.0344 109.02 127.847 121.12 134.679 132.515 149.003 158.215
159.793 155.471 143.251 137.984 134.555 114.637 118.597 99.0502 89.5688 82.763 79.2805 84.9184 75.0866 73.6532 59.1498 72.7083 60.5088 66.1149 67.6013 54.0003 49.8277 53.9473 53.4164 32.0541 50.2099 36.885 47.8741 38.6794 44.434 40.3357 45.3471 34.8571 44.3066 33.2751 40.2932 35.0588 36.2586 38.3927 27.3187 30.0049 38.2547 32.3301 29.0706 40.0384 29.0812 27.892 21.7658 22.2966 32.4469 31.5232 36.9912 34.3474 30.3871 26.9471 29.2617 30.3128 22.4028 29.1768 27.6054 12.9533 24.9298 26.0128 23.1567 25.4288 27.1276 25.2271 23.7937 15.8094 21.1393 22.4028 19.8228 21.6065 22.8488 16.7543 16.6588 20.1307 26.4481 26.6073 21.7127 23.2947 23.0717 22.4878 24.5688 24.1016 18.0284 22.3285 25.45 24.2715 24.367 31.7674 30.5783 31.3852 21.8719 32.1284 25.3332 23.507 25.9809 24.6431 35.9401 27.2656 29.835 30.4933 33.6573 40.7922 32.7017 38.5201 37.745 35.6003 31.64 37.5114 44.2111 31.7356 41.5992 34.5492 40.5693 32.5 32.362 37.4584 37.0655 42.6078 32.3089 48.1501 47.6405 42.8626 42.2044 45.2834 58.0244 42.6291 49.5623 54.2976 56.1026 54.9453 62.8659 64.6284 56.7078 67.4102 81.3084 77.295 83.5699 76.796 90.0254 99.2625 102.618 111.335 117.79 128.131 135.872 137.528 151.989 163.541
166.251 145.32 141.608 132.269 123.028 120.786 110.544 101.096 88.0452 75.1688 90.6575 68.4748 82.3417 74.4178 61.8461 53.6174 74.3633 53.3017 49.5356 47.9247 55.9793 49.786 52.2894 56.1426 56.7957 60.3005 49.1547 48.6431 44.6376 39.7722 41.7641 42.8743 40.3491 42.7219 31.7829 28.4305 44.4743 36.7898 32.8932 38.5205 35.8646 36.2891 35.5708 30.4115 30.9339 27.44 32.6319 32.2074 36.7354 29.2904 26.4713 31.1299 30.8469 31.8373 27.5597 29.9652 20.9963 24.5338 27.4291 27.1788 21.6712 23.9025 21.2576 27.8101 25.2086 21.3337 24.4032 28.3869 24.4141 33.6224 15.369 24.4576 23.1406 19.6575 24.2182 21.1922 16.0003 17.916 28.9856 30.9666 24.6644 16.3268 21.6603 30.923 20.5392 18.0684 23.9134 22.2807 29.4427 29.2033 20.4086 22.5093 24.5229 31.4346 25.9815 26.9175 26.0032 27.0373 25.0998 25.6549 35.6252 35.4293 27.5053 28.8985 38.0742 35.0592 36.5068 26.9611 33.2415 30.8033 39.4348 30.2591 31.9027 34.0796 35.7123 37.2796 35.3095 46.4553 35.5272 42.2212 31.206 48.469 47.6744 43.3314 49.1329 54.88 52.7139 56.2405 51.7017 57.231 50.8853 62.1726 63.0978 59.5712 61.7264 70.3034 76.8668 81.5145 79.4138 80.2737 89.6126 89.9174 97.0141 116.857 110.076 115.866 129.298 137.722 149.075 167.339
165.803 157.306 141.66 139.764 126.215 116.78 110.089 90.9642 103.298 78.006 96.317 69.5307 76.5005 65.4603 57.8884 69.4638 61.3677 56.4163 50.4836 52.6471 60.9774 57.3196 50.2495 59.0481 51.9668 45.3762 32.273 47.0935 38.6963 39.3543 35.8415 37.5365 36.3433 42.6775 41.6404 43.6142 38.9528 34.2914 24.6564 37.4027 31.3585 29.0167 41.6404 41.4731 33.7227 23.4743 41.8634 34.849 31.1466 26.4518 35.7523 21.4781 21.2662 31.0909 34.7932 31.7377 26.4629 19.9727 21.8907 37.938 29.63 23.6081 22.0915 22.9948 20.586 22.8498 18.8017 24.3441 29.5519 22.5041 29.6969 18.8352 25.0355 23.5635 17.2739 22.8275 20.5079 23.8869 24.5002 23.5189 24.0096 19.6716 32.0499 24.2772 20.2849 26.3403 23.4743 18.8352 17.0286 19.6046 30.0872 31.2135 28.0242 22.6602 30.1653 27.5669 21.69 33.6781 25.5262 33.3324 30.7006 28.5594 22.7383 33.5442 21.0209 31.8826 22.8275 39.8003 32.0834 29.1282 35.3508 43.7034 33.4996 32.206 35.1501 38.2949 47.4504 42.4879 41.1608 43.7926 39.3431 36.9009 48.7774 35.9196 39.2205 53.6507 42.4321 47.7515 52.0672 48.2199 51.9891 55.4127 62.3156 65.1146 59.7618 69.4303 75.9987 70.066 80.7939 87.7749 89.548 94.0756 92.2578 115.821 105.25 136.798 129.984 139.396 154.54 165.87
159.349 157.419 137.06 143.945 128.587 124.008 108.878 92.7434 99.5604 90.9964 83.3115 77.0426 74.1422 82.6606 72.2353 61.7528 59.5147 71.6643 51.7385 53.4628 44.0194 46.8399 50.1628 53.6797 43.1973 55.5981 49.0095 43.9966 40.1256 41.9526 39.6575 39.3606 35.5353 32.6692 41.5872 36.974 28.2501 34.7816 34.4619 33.5827 24.8473 32.2581 35.1699 39.2692 28.6954 27.131 31.5501 30.1342 22.0383 29.175 29.3349 29.7231 25.7151 28.8667 29.0951 22.1981 21.6158 29.3577 22.141 22.7006 26.7885 28.4442 18.4413 29.0722 22.1525 34.2335 26.0577 21.4787 16.3517 18.7497 21.3874 21.3988 18.8296 23.4428 19.0694 21.7985 13.6683 24.893 26.2746 24.1736 29.2778 17.3566 23.066 17.0254 25.2584 19.2521 25.6694 28.8553 27.6335 21.7185 27.839 22.9974 24.5161 23.6369 23.4999 26.2061 21.0106 26.9255 26.6515 27.3708 28.2387 36.8142 28.7068 38.2644 31.1048 27.976 25.7037 38.6754 35.4553 35.1927 37.2595 39.8858 37.6706 38.5384 36.1519 31.0705 46.68 34.1194 43.4942 43.654 51.179 40.3198 42.5122 43.9395 54.0451 43.3001 36.2775 50.1742 58.7725 57.2767 59.8116 59.1265 58.4985 62.4722 65.0186 71.082 62.929 77.1339 71.8128 88.6441 88.8154 96.0777 103.237 103.032 114.622 130.517 143.466 134.479 154.942 164.408
164.023 149.463 143 125.144 120.213 119.979 117.256 90.1918 92.2018 81.5443 83.4491 90.3321 77.8632 66.3876 67.0187 60.72 48.9873 54.8887 56.922 40.7488 52.9138 63.0922 49.9923 51.5933 50.5299 44.8154 51.9555 49.7469 46.5099 38.7154 47.4915 35.7589 37.3832 40.1294 45.4582 37.8974 30.1263 27.6956 30.2081 39.5685 29.5653 23.8509 31.0378 26.0596 32.9893 29.9393 31.2481 30.8625 29.8692 24.482 32.0544 25.1948 23.5004 26.936 23.0329 29.3901 27.6839 21.1164 25.4986 28.3266 20.3568 30.5119 22.8576 18.0197 16.4187 28.8642 20.871 26.9477 28.0111 23.1264 27.0879 24.3534 21.5254 24.0613 19.7492 21.5021 21.2099 20.2283 18.6974 18.9195 26.8192 16.8628 20.2166 21.5722 24.0379 31.1897 27.8475 25.1948 27.9293 25.6506 28.4435 25.1948 28.6655 29.7173 30.1146 27.4034 33.3399 25.2766 30.1263 26.6439 26.3751 28.5253 36.0393 26.3985 34.0177 29.6471 26.8893 34.7539 34.228 40.2346 39.1361 31.6688 30.6521 35.7822 26.8659 38.2713 42.1043 36.1796 44.1377 38.7388 44.7453 37.1729 45.5633 45.166 46.2645 42.1277 50.7869 54.2693 50.5065 43.2846 52.9255 56.6182 58.1958 65.7332 66.002 67.638 79.4758 78.3073 79.1486 74.5444 76.1337 97.7993 95.0532 111.308 130.952 124.046 138.092 143.141 152.524 164.409
163.804 145.456 128.579 134.4 127.383 109.023 103.549 96.6999 93.9507 84.7708 84.6752 90.8549 70.6065 62.5741 60.3986 63.9008 69.9132 51.4578 47.6328 55.5457 40.6522 46.3538 52.2706 45.0509 44.2023 45.3617 40.7239 48.84 44.4055 40.449 42.8755 38.3333 36.6001 33.4326 42.4571 35.3092 42.6006 31.7711 30.8627 37.1739 33.0381 33.0979 31.4962 27.5876 35.3809 24.6471 26.2847 25.3763 33.6238 28.8785 28.3048 33.1935 24.7428 27.0497 30.8866 20.6668 23.9419 21.9697 26.452 22.3521 21.3003 22.7466 25.4958 23.0932 25.5914 21.7664 26.7389 31.4723 26.0576 20.4158 14.6066 18.3598 17.9654 20.2365 21.7904 20.6787 16.5669 24.3603 20.9417 23.5235 27.9103 29.8586 20.6668 26.3564 33.7195 21.4557 22.8542 24.683 15.8856 25.0535 21.0851 23.153 23.918 25.8663 25.0774 28.3048 27.1573 28.0418 23.2247 26.1293 27.8744 20.4038 21.7306 29.4761 31.4603 42.2898 33.8151 33.0142 35.0223 45.3617 31.8787 29.6913 35.7873 37.915 31.9982 35.7037 39.8275 42.2778 33.2413 41.0945 39.4569 48.5532 40.2578 50.7047 49.5811 53.9798 53.9798 46.8439 45.2422 57.5418 54.6612 45.7562 58.5459 55.8326 57.1713 73.523 57.9124 80.9937 81.0534 82.942 88.0938 98.9232 107.326 103.238 105.964 128.077 133.36 145.994 151.301 166.541
157.86 152.287 148.12 128.458 127.114 94.1317 101.745 106.474 84.6366 81.0806 80.7873 74.1884 69.337 79.6875 63.3858 61.0762 70.6324 57.0191 54.404 58.2412 57.1658 49.8704 52.3999 53.512 53.4753 51.3246 45.5444 42.355 42.1717 31.7479 43.2837 41.1085 41.8051 47.2675 30.6848 33.0677 31.9068 29.0839 28.644 29.2917 34.7174 28.1796 28.2041 28.1307 24.6847 38.2246 35.3162 30.8192 26.4566 29.3161 34.3019 23.1816 26.2 24.3181 22.7172 22.0573 24.147 26.0655 22.2284 29.1328 28.9984 27.7641 18.5868 25.149 25.6867 28.5707 19.8822 21.6907 24.3914 24.1103 18.8557 16.7294 19.9433 16.4483 19.8088 20.0777 27.1287 20.5298 14.7008 15.5318 26.7132 19.9066 19.5278 21.5441 20.872 17.7436 18.2324 22.2284 20.982 30.7214 29.4139 20.1754 28.3018 25.0757 17.4748 19.5767 25.4301 22.204 23.9392 33.2265 35.2795 25.0757 31.1002 27.3731 27.2631 35.1451 27.7641 40.1187 31.4668 31.9923 27.7397 32.5178 35.4628 41.133 42.0617 33.642 50.0292 34.9618 45.3978 49.8337 49.0638 35.3773 40.7664 44.2247 39.8987 36.3305 37.9924 54.3063 53.683 48.1473 55.6138 50.9091 62.6282 63.4347 62.7382 79.7853 52.5221 63.6913 77.5245 80.5062 86.3108 86.5308 102.417 97.0279 110.348 133.859 131.99 138.503 139.713 168.601
164.819 144.49 141.193 136.885 124.248 118.429 105.367 97.1133 91.1444 91.6564 81.8914 68.0056 67.5685 55.2061 69.7912 64.4217 63.5601 56.2551 63.7224 53.4579 45.978 50.2487 50.7732 43.081 42.9811 44.7543 41.4327 50.0614 44.3547 39.8968 42.3942 38.8229 35.5012 39.21 41.4826 33.9154 42.3318 36.6376 27.8341 27.5469 37.4243 38.2609 18.9806 27.6593 26.5854 32.0797 29.4949 29.4699 28.1338 26.3106 27.2222 31.7925 28.421 26.2857 28.0963 24.013 32.5543 27.372 22.2648 23.2637 24.7372 27.9215 23.1763 20.5165 22.8392 20.9161 21.7028 26.2482 19.8422 23.2637 28.7581 23.9755 28.0214 19.143 19.9421 15.7464 16.8952 26.7602 18.8308 22.4271 31.0683 20.4291 18.8807 20.2793 25.5489 19.4177 21.8901 23.2637 26.3106 19.9921 21.066 24.7622 25.5864 21.6779 28.7956 30.881 28.6582 24.6873 31.2806 33.1162 21.9026 28.421 31.6427 23.4511 35.9383 33.3534 31.4554 31.855 25.5864 29.37 37.5242 34.9768 30.6562 41.2204 32.4169 31.7551 46.6274 37.9987 38.4233 46.5025 44.0176 43.081 35.264 51.2102 42.7938 43.5805 46.5025 40.0591 52.6587 52.2716 50.2112 58.3279 64.8338 60.1261 48.3257 75.5728 72.2262 67.6184 81.8289 75.7601 89.6709 83.0902 103.569 110.924 115.819 130.429 126.845 144.115 150.546 159.5
160.361 144.902 148.767 134.597 120.644 116.511 105.262 104.535 90.4412 88.6046 74.1411 71.6923 65.0855 70.9398 71.0546 51.8847 56.1702 43.8878 54.9203 51.0302 51.2088 45.9795 48.0329 41.745 48.7344 47.3442 44.6785 38.4416 42.4848 39.7809 32.4088 41.643 35.7887 33.4419 33.9521 36.7708 41.1838 25.7383 39.8574 33.9011 34.6791 34.2072 30.3554 27.5622 29.7049 31.6436 33.748 30.636 25.6235 28.8631 21.9375 29.7177 21.0575 29.9728 25.1133 27.2816 36.4647 22.5752 27.5622 18.7744 26.7331 19.731 21.1212 21.912 21.185 24.82 22.8941 22.5114 18.0984 15.4328 18.8509 14.9098 20.8024 21.083 21.9885 15.0884 19.2208 25.1644 15.6113 15.5731 23.1619 26.9117 20.3815 21.338 18.8382 22.9068 26.5546 24.1568 31.0441 26.5036 24.4501 22.8941 28.2892 19.5907 26.2102 25.445 20.7769 20.8151 35.6229 24.4756 33.1231 24.2078 30.8911 33.7736 19.2463 35.3041 31.2227 22.2691 24.1185 41.069 26.9245 30.5084 29.7432 32.2303 32.039 41.9236 33.3016 31.1844 36.3499 36.8346 41.2859 34.1052 35.3423 41.4517 54.831 40.5589 47.3187 50.1629 57.7135 49.793 62.254 50.1374 63.1213 63.3254 57.0503 70.6464 53.377 71.4754 64.6774 72.7636 90.0075 88.0689 111.154 115.338 122.404 135.541 142.785 136.676 149.175 167.924
155.255 155.919 140.267 130.697 110.37 122.584 106.125 98.3382 85.6292 83.4937 66.8262 89.4445 66.4877 66.1882 71.4228 61.3832 54.7814 57.2554 65.9277 59.0524 49.0389 48.7524 44.0647 47.9321 40.6921 37.4367 42.7104 46.5388 42.9709 54.4819 37.0331 43.7001 25.1705 49.4556 38.0227 32.5276 29.3244 25.0403 35.5486 32.9574 24.272 28.8426 33.96 28.9207 29.5067 23.6861 24.3892 31.1604 32.6188 26.5768 27.4493 27.0586 23.1782 31.1734 23.5038 30.0015 25.1705 25.9518 23.022 28.9337 25.6002 31.0041 18.0478 22.462 16.2508 21.5636 22.5272 23.5298 21.9933 24.1288 20.7432 22.8266 14.9356 23.4517 19.5452 19.5713 18.165 14.5841 19.6234 17.8655 27.0326 21.6026 19.988 16.5763 26.9935 23.3736 25.6132 21.9803 26.3034 24.4674 23.7902 24.5194 19.4671 27.6446 27.7227 25.5481 17.8004 25.6263 23.4126 24.1679 21.7719 31.538 25.9258 32.0719 29.1681 35.0799 27.5274 37.8013 31.3297 28.9337 28.9207 32.5537 40.0801 36.955 47.5544 41.0828 32.2151 37.6972 40.028 36.0695 46.1742 41.4213 34.1163 44.846 38.4134 44.846 48.7524 55.0418 51.2786 51.0963 62.477 59.0524 52.8542 63.675 61.839 58.206 63.4146 68.2586 73.5453 84.5875 86.2152 98.82 91.2675 107.297 105.161 116.021 134.629 129.863 150.515 160.841
161.735 146.015 147.703 128.7 112.953 113.617 102.428 100.382 94.1762 85.8443 80.5289 77.4991 77.8579 68.0774 61.7654 57.2738 66.1772 53.0348 60.7953 40.2511 37.6732 53.3537 49.8588 47.9984 43.3075 53.367 40.9289 46.4968 42.0052 41.7926 41.5268 41.2877 31.3744 35.042 37.7263 30.3379 35.9058 26.8031 29.5538 29.195 34.258 30.9624 41.4205 30.6169 31.4807 32.6102 26.3911 32.4374 28.3579 26.3513 33.1417 29.9259 21.1953 25.8197 26.338 18.8432 25.8463 31.0289 25.2882 24.956 25.9659 18.7901 22.3115 31.494 16.8898 28.2515 21.3946 16.3981 22.657 18.9362 22.0856 20.0126 19.4412 18.8166 16.7038 22.7102 23.1487 14.3915 17.6207 23.7999 24.2384 17.0891 21.7136 23.4411 22.7235 30.0987 22.3514 29.9525 22.5242 22.4843 22.8564 22.8962 21.8996 24.5174 24.6902 30.989 24.7301 28.5439 27.6668 22.7235 28.0389 36.4639 22.0458 21.7003 30.7897 29.6601 32.5438 32.1983 30.0189 36.7562 34.1915 36.7695 33.1152 27.9459 39.7728 34.6035 33.9656 41.2478 32.6501 37.3277 36.331 38.7097 39.3741 42.3507 45.6463 56.2639 34.8161 46.5898 45.3672 53.1677 48.716 57.0479 57.2207 71.2933 68.1439 48.0914 68.5293 73.858 77.1004 74.2301 96.2891 83.3859 105.166 87.6914 113.591 122.508 136.593 146.44 159.875 170.16
161.801 144.233 141.684 129.118 111.089 98.184 99.404 84.5334 80.0871 86.5396 83.7336 67.8056 70.6794 76.3864 59.7671 67.887 61.3125 60.3636 64.7827 47.8652 52.8808 42.0634 53.911 57.4626 41.4398 44.2594 58.6691 38.6744 36.736 45.7912 39.4471 50.3188 35.8955 35.6651 39.054 37.9831 40.6671 39.2844 26.5556 40.4367 29.0634 31.6797 30.175 30.3106 26.515 26.9487 27.6943 31.9237 32.615 23.7632 34.8788 26.9216 20.2387 26.5963 28.9957 27.2741 27.5181 29.5921 21.6213 32.1406 23.5327 26.6234 21.0249 25.2272 22.1636 16.5244 24.4138 21.784 20.9165 16.5515 22.0687 17.9206 25.2543 15.1146 17.6495 13.9759 16.4295 19.4524 24.2376 19.588 16.1584 22.1907 25.2814 22.4754 26.881 19.8456 18.0426 28.223 25.4034 28.9414 14.9655 27.0572 20.5911 26.3252 18.4222 26.637 29.0228 27.5994 29.7277 29.3752 30.5952 30.9612 32.5201 28.1552 25.2814 22.15 32.2084 34.6484 33.3606 31.4492 35.2584 35.8142 37.0477 28.1552 35.2584 34.6755 34.811 41.5076 31.3001 38.2 36.248 43.1614 41.5618 44.788 48.6243 48.6514 51.3219 43.4731 58.032 41.1009 48.7056 49.4512 57.9642 64.9183 70.1372 70.4354 72.7128 62.0716 72.4552 67.2499 77.0913 88.573 93.209 107.226 102.684 107.361 121.486 138.892 152.027 162.235
160.856 145.706 150.503 127.433 117.383 98.764 107.265 100.285 99.0681 78.9145 81.2091 78.0575 73.0536 68.3953 78.8454 67.8009 63.1012 55.4157 46.4861 59.3828 46.9699 55.2913 41.897 41.5929 30.7834 45.7535 46.8317 40.3212 39.2568 36.1328 47.6058 46.6105 39.2568 35.4279 36.4508 39.7268 35.1238 28.4474 35.8979 31.0737 26.7057 28.3506 35.2344 28.6962 33.548 23.0979 28.2262 26.9821 22.158 21.2457 31.4469 26.4707 21.8262 25.0746 23.167 24.729 22.0198 18.5917 24.3005 19.2275 27.4936 21.5912 20.5269 22.2962 21.5083 26.056 25.7796 21.9921 20.4439 16.6703 20.7619 19.7113 16.0345 24.0102 20.3057 17.3615 19.5178 22.6003 13.8781 21.3148 17.5273 22.8491 15.8548 21.0383 18.9787 24.1623 19.6837 21.4668 17.2785 23.8997 24.9502 25.199 28.1433 26.996 25.2128 26.0284 29.0832 23.2362 32.2486 25.6275 27.7009 29.5394 31.9722 29.4702 25.1161 31.4193 25.8625 30.2305 32.3869 35.2897 29.8849 34.8611 32.8568 42.4913 31.9169 35.0132 36.6719 30.9493 37.8054 40.2382 35.0961 38.3307 34.9994 47.3017 46.8317 43.4451 39.713 46.2788 60.4748 55.6092 48.3522 59.2584 65.1608 45.7259 60.9033 63.7508 63.6541 70.5378 68.9759 77.4354 81.762 92.7926 86.4341 99.9943 113.25 117.024 130.805 136.943 143.826 155.493
158.554 149.959 131.966 122.822 118.003 115.763 94.0785 89.8797 84.6241 84.3705 81.6653 67.0117 73.0563 62.5311 59.2623 61.3053 63.0806 64.7432 57.7265 52.4991 43.6647 51.4423 51.5832 43.5802 47.6662 45.7782 38.6769 36.9297 37.1833 39.0432 33.8299 37.0988 37.5497 31.801 36.8311 27.1936 34.788 35.6616 24.6574 27.0949 34.7458 32.125 35.9011 27.9262 29.6029 28.0108 27.7008 23.9388 26.4186 28.6589 31.8855 35.2671 25.7846 22.8116 23.967 31.2656 24.4319 26.7286 21.614 24.756 26.4045 17.1615 23.6711 20.1909 25.6578 27.2922 20.7827 18.5705 20.0641 25.221 21.4731 23.192 18.3451 23.6711 16.2034 18.486 23.6147 15.4144 16.7529 16.7248 21.3322 24.7419 25.4746 14.2872 20.3881 25.5873 20.9517 23.3047 24.0092 18.8523 25.0801 26.0241 19.9654 17.4574 31.3501 20.1063 25.545 29.2789 32.4209 19.4441 23.1779 32.3928 33.3931 28.9266 26.1368 25.6014 28.9548 28.8703 35.4925 32.6605 29.8707 39.8041 26.3482 31.1247 33.2804 37.0283 39.0714 32.5196 32.0405 47.6803 43.7633 38.8459 42.2416 36.9579 35.9152 44.7637 43.4111 47.9058 40.2268 53.1895 52.4146 58.6705 66.4763 62.4607 60.3895 64.6869 69.1957 72.0841 77.1565 77.2692 89.8233 96.7978 97.756 98.1364 109.465 112.973 137.757 144.718 150.579 155.046
156.119 150.849 145.437 135.918 114.943 100.542 99.681 87.3483 84.8501 71.5412 82.1797 61.8214 67.5499 73.3502 57.0262 57.2128 58.0743 56.5381 56.1361 61.0174 54.0974 54.2409 34.3421 38.1754 44.2197 49.1729 44.4207 47.6798 44.9806 42.9419 39.7977 37.9457 37.4288 34.6005 26.862 32.0736 38.5056 39.3527 30.681 32.9494 31.2696 30.6236 36.1798 23.8471 26.4026 27.7952 29.9919 26.661 29.073 21.5786 29.2453 24.9669 22.2534 28.7572 31.1117 28.6567 21.0474 25.4838 25.4694 23.7178 26.9912 18.9944 23.1292 23.7896 23.402 22.0237 18.176 14.0412 22.4257 13.8258 18.3483 15.1036 21.3059 14.4288 15.52 25.1823 13.7828 18.1904 15.3908 20.9613 18.8795 19.6261 24.3496 17.932 17.9607 15.0605 22.6698 23.0574 15.1898 22.2391 18.0899 18.7072 22.2965 18.98 26.0006 23.5168 24.4788 25.7135 27.465 24.5218 27.9675 30.1067 23.8327 30.6954 26.1585 38.0605 26.5605 39.324 33.1791 29.6617 33.5811 30.5518 36.1367 31.6716 29.3027 36.8976 32.4756 33.1074 32.3895 39.2809 39.8264 39.8264 40.5587 45.6123 51.1542 40.9032 38.6348 45.4544 47.3926 53.6236 43.8608 54.8008 49.2447 42.181 71.0387 51.8289 65.1236 71.6847 64.2334 74.3264 93.5218 89.0998 97.7858 105.323 98.8052 116.034 133.176 137.081 154.051 163.383
150.819 150.336 139.953 128.415 127.318 108.555 91.0647 87.5987 83.0214 81.208 80.0965 79.9503 77.1571 63.776 60.7488 59.9883 62.1381 60.8365 43.9017 50.8482 67.5782 47.1044 44.8377 41.9128 46.2562 38.0521 51.5648 44.6622 34.4691 40.8892 34.3375 37.9643 41.8251 40.4358 34.1182 39.7485 36.7213 34.8055 28.6487 30.6376 27.9321 23.8813 30.3598 30.1111 27.3326 30.5645 26.1041 25.5192 20.4592 37.5256 26.9816 28.3855 26.0018 19.8157 27.5227 22.2726 26.5721 26.4697 23.267 19.5525 26.0749 27.7713 24.7002 27.2156 22.6528 20.8687 18.4411 22.1995 16.6715 19.0553 16.964 25.8116 18.0462 15.136 17.9731 22.6382 20.3715 16.6277 17.8707 18.3679 27.6397 21.6584 18.9968 16.1743 20.0643 22.9453 21.673 21.7754 26.3674 16.3791 18.8505 19.1577 25.4899 24.9196 19.7426 26.4112 27.0401 18.8652 22.2287 29.7017 24.5101 27.2594 30.5206 21.7754 32.334 26.3381 27.2009 27.3472 31.1202 26.8792 30.272 42.995 28.1515 33.3723 31.5589 38.8125 27.9906 42.0591 38.1983 33.5917 37.6133 46.344 40.2018 42.4686 40.5089 46.8412 51.7403 52.1351 50.585 51.6087 49.9561 50.2779 58.7306 60.661 61.4946 59.9298 72.9014 65.8818 71.1465 77.3033 80.0234 68.4996 89.6607 95.6274 107.59 119.377 127.947 138.154 133.255 162.387
156.939 152.606 132.101 123.017 122.436 114.157 97.5974 101.782 88.1861 77.8516 79.579 71.1058 56.7506 63.7942 66.2662 73.3395 63.1539 49.6177 47.384 59.9821 48.4413 40.6681 49.3944 48.5158 49.3199 44.0782 39.6108 35.4412 40.5936 36.6474 42.6188 34.3244 35.0838 40.1618 32.2098 34.5329 33.8925 34.0712 34.0712 32.6417 25.7917 34.8009 29.4996 31.5844 27.7276 32.4928 25.6279 30.9143 26.5065 25.062 31.0185 32.6863 25.8066 23.1708 25.7917 22.2327 26.6405 20.4159 24.6153 16.5591 29.4847 24.7344 20.7435 23.692 24.6748 25.1663 21.4583 19.2246 20.0288 18.5396 24.6748 23.4538 21.5626 17.81 14.2807 16.2464 18.4801 20.5351 15.755 21.3243 19.0162 21.0712 23.0368 18.4205 23.6027 24.9876 21.5179 23.5282 24.4664 26.5214 25.9555 22.6198 26.9681 22.8879 27.0426 24.0196 24.7046 29.6187 24.3621 28.7551 22.5454 27.3553 27.1915 32.2545 27.6531 28.5466 24.4664 30.1995 26.0002 34.0563 36.8708 35.7242 30.7356 29.4401 32.0311 34.6669 33.4607 35.5753 36.5581 37.1091 37.1686 44.3462 44.927 42.455 42.9762 45.6418 52.1641 42.8571 53.7128 49.4093 44.0931 55.336 47.0862 60.8309 47.6372 68.2318 59.6991 73.1906 66.9065 77.658 82.8402 90.0773 96.8826 112.772 102.273 115.303 131.624 129.763 139.531 154.825
153.888 154.07 138.684 125.148 127.679 97.423 93.4818 88.3431 91.7992 88.8282 65.8632 76.6105 66.3634 65.3023 58.375 67.8186 76.6863 53.2363 41.3066 59.7089 47.5973 42.0191 54.8431 43.5955 55.7374 37.4564 42.11 50.4016 30.5745 36.7743 34.0003 41.443 34.0457 34.834 31.2718 38.7448 28.4675 23.3591 29.1193 33.3485 33.1362 27.467 37.805 29.8014 34.2731 27.3609 26.1482 23.829 29.2557 27.4215 22.6163 23.0862 22.8285 28.4978 18.5842 26.7849 23.6016 25.3297 23.9351 20.9792 18.372 29.2708 27.179 22.4344 23.8745 23.3742 21.2066 21.3733 27.0426 24.7082 18.2962 17.7353 16.9319 21.2217 20.9034 19.4179 18.2355 19.9484 16.7803 18.1749 22.9801 18.8722 18.5084 19.0389 23.5713 18.8722 20.2364 20.8731 29.2557 29.4982 26.9819 17.614 23.1317 27.3457 26.0573 31.4688 23.3136 28.2856 30.3168 26.512 28.0127 24.693 29.1193 24.981 26.3756 35.5767 28.6494 31.484 32.8028 26.1027 38.7145 33.2727 36.0921 38.8206 32.0145 33.4546 46.0663 38.1991 38.3962 29.6195 40.5032 41.5795 47.2639 43.9896 51.0231 43.2924 45.2933 45.8996 41.6704 54.646 49.6589 59.1935 59.6634 50.0985 72.927 62.877 74.4428 68.8797 70.7442 80.1879 69.7286 82.0524 86.7363 102.774 98.8327 111.338 115.659 131.529 142.625 160.497
161.891 153.761 132.459 122.417 117.527 100.929 102.58 94.7897 85.4881 75.6775 71.3892 74.3201 66.0212 63.5839 60.0669 53.9738 55.3467 48.3127 60.0669 59.9744 55.1153 49.3462 51.3206 48.2355 37.7616 48.7909 44.9191 49.9941 43.7622 42.4047 35.201 41.8185 35.2473 39.9675 40.0138 33.7356 37.9005 29.7095 29.6478 27.7351 31.792 37.5302 23.5085 27.3803 30.234 32.0079 30.8202 29.8483 29.4936 25.4829 34.0132 30.6968 28.0744 24.9739 36.5584 23.925 20.3925 24.3106 21.9813 26.7324 21.5186 20.8861 27.1797 22.8143 23.817 26.1462 28.059 23.4005 23.0766 23.6164 18.1558 15.3792 25.4367 16.459 20.9633 17.0606 22.0122 17.0143 17.909 19.9143 24.4648 21.7808 24.6345 24.9276 30.0026 24.7888 31.1749 22.5212 21.8888 27.8276 32.1159 21.0712 27.4728 31.0207 30.0026 24.8659 32.0388 26.4702 27.6271 25.2824 31.3446 27.4111 24.4186 26.6707 28.9845 32.1313 34.0287 38.209 37.9005 34.8616 28.6452 29.6941 37.7771 33.6276 29.509 39.6744 35.6638 33.242 40.0755 34.5377 46.9861 44.3637 44.9345 45.3664 40.0755 52.2462 46.9861 52.1691 48.6983 43.8701 42.3276 57.1669 43.8393 51.2589 59.635 61.5478 63.5068 67.2243 71.3275 84.6243 80.3206 83.9919 85.519 101.315 103.166 105.989 124.067 127.014 145.524 163.248
155.561 148.421 141.186 123.14 95.3013 97.7179 92.7748 77.7255 98.9733 70.1774 79.844 63.6963 63.5708 63.8376 57.5448 57.3094 66.9761 59.6947 55.0968 52.994 46.6228 53.0881 53.81 45.9009 55.3322 40.5968 56.7602 33.9431 38.4626 36.2343 47.9253 39.3571 43.0762 42.1974 44.4101 41.3187 32.7662 47.5486 34.5865 32.7505 39.9377 40.2359 27.1639 33.033 28.6547 29.816 29.3766 41.4913 44.8966 36.4853 30.4751 23.7429 32.1071 24.7159 29.9886 30.8203 29.1412 29.9101 29.3295 23.5389 25.5633 27.3993 27.2895 23.586 26.5048 25.8771 30.1455 26.8971 25.9713 26.3165 23.0525 23.994 17.1206 25.4534 21.546 21.9854 26.2224 22.0167 34.8847 20.8398 29.5963 25.987 23.9469 24.967 23.4134 24.3549 30.2711 25.8614 24.0097 25.4534 21.7814 28.4664 27.619 21.342 35.7321 29.9415 34.0687 36.3598 29.6904 28.639 33.237 28.6233 34.7278 44.0021 35.4339 36.4069 34.8219 32.4209 32.876 31.1185 33.1428 32.264 40.1574 54.0297 36.5638 45.2104 38.4312 40.691 50.9225 31.9659 51.1109 35.0259 48.3333 48.7727 47.5172 50.2635 57.027 47.376 45.1163 42.2288 46.0421 53.1038 54.2494 54.218 65.9875 64.7007 74.6498 75.2932 68.9691 68.6552 76.5643 79.7499 91.331 92.2255 102.332 106.333 122.999 136.73 148.17 149.425
163.22 150.915 134.014 127.199 109.963 103.77 100.945 78.2186 87.1401 75.6012 87.2199 71.4677 72.3933 79.0964 65.1636 59.0031 69.0737 59.1627 65.2593 63.5357 68.946 66.9192 52.1085 56.6092 54.4546 53.3215 51.5499 57.1678 46.8099 50.1614 60.5193 59.5777 57.5348 53.7205 60.0086 53.5768 49.1719 52.2522 55.3324 64.8603 49.5869 44.8309 38.2076 52.7469 53.7843 53.114 49.555 43.8893 42.6604 59.6415 47.3844 71.1006 47.8154 56.1783 49.0762 56.0665 48.5974 49.3315 60.1841 46.9854 56.274 59.5936 58.4765 47.4962 48.7889 53.3853 53.9279 42.3252 35.6381 55.093 46.5067 46.778 48.5814 51.3903 52.6831 37.7767 44.5277 47.544 45.0064 49.2677 50.5126 43.3466 37.4575 49.7944 52.9703 47.0812 37.8246 56.0346 41.8943 59.6256 34.872 70.3824 49.2996 42.5646 72.9679 53.1938 71.8188 53.6566 50.8158 68.0044 52.2362 56.1304 46.363 50.1455 56.0346 48.5974 51.8691 64.7646 60.3118 62.3547 44.5915 51.4861 49.3794 57.5827 52.7469 46.8099 51.6457 51.0711 64.6848 55.8112 51.4542 54.2152 53.2895 54.4227 52.9863 53.7524 59.865 59.3702 55.4122 65.8499 73.1913 46.3151 59.833 73.2711 78.091 69.8557 70.7654 72.7923 85.209 81.5383 76.7503 86.4219 80.1338 99.6366 99.8122 116.394 129.338 134.221 139.791 150.42
154.707 151.429 123.795 131.421 117.06 114.221 89.5884 87.9333 77.0451 76.0552 73.5238 62.4896 60.3963 68.526 57.2159 60.445 52.2667 55.1226 57.0049 48.9077 61.3862 52.8508 53.0618 53.6297 61.1265 47.8854 42.2223 52.1206 46.2303 45.0295 37.6787 45.2729 55.8366 51.001 45.9544 44.2344 48.3235 44.1208 50.7413 32.8107 54.506 57.7838 47.3986 46.4737 52.0233 51.5689 50.0923 52.8995 49.2485 68.7694 60.6397 51.715 50.6278 61.5809 58.0597 64.3232 58.3031 51.6176 60.9643 63.3658 63.447 46.3439 59.4389 60.3476 55.7554 54.5709 67.6659 68.2177 51.4553 59.2767 53.6622 51.8285 57.4593 51.5689 45.2891 49.3296 50.9847 52.2018 58.6114 53.8082 51.1308 55.4796 59.1144 57.297 57.6864 59.1144 61.4511 54.8305 53.9218 60.2503 48.9726 49.5568 58.5951 64.6478 50.6602 76.3473 60.3639 54.4735 50.6115 55.6743 60.2178 57.8649 54.5709 47.2688 51.3255 48.4209 64.3394 50.4493 41.2486 42.8551 52.3478 44.5589 45.1269 43.9098 42.3034 44.3155 45.4352 51.7636 48.6805 48.5669 55.0901 45.5001 50.3357 46.6846 43.9423 55.9339 61.9054 53.7271 56.5343 50.1734 56.7777 53.7433 59.8122 70.1324 66.1406 59.2604 60.7209 77.3534 78.1647 77.7266 82.6433 94.2617 95.6573 103.446 104.128 111.835 129.604 139.259 150.91 155.015
158.078 141.683 126.756 123.028 127.63 108.596 94.8568 90.9972 84.4326 86.7087 74.4043 73.4146 83.8718 81.1008 81.1668 73.4971 56.9207 68.6973 76.4495 65.2171 70.5447 75.196 64.4914 72.9528 73.2167 71.3034 55.9145 66.1573 49.5808 65.3491 59.7906 71.0725 48.4263 69.0437 61.572 65.0027 62.2812 58.2237 61.7369 59.5267 51.7745 47.816 45.0945 55.2878 39.2226 44.5667 56.9371 51.989 52.4673 49.4159 56.5083 57.8443 36.732 41.3998 44.3852 48.9376 41.1689 33.2023 43.5605 33.6147 40.8226 36.864 51.3457 30.9922 51.1808 41.07 31.5365 33.8126 36.9135 35.7424 31.0746 31.7179 35.8249 34.5713 33.2188 32.9879 33.4168 40.8226 46.3315 32.5756 34.6868 32.9879 38.8928 41.1359 33.1694 46.48 46.1996 39.5855 43.5935 45.8697 39.9649 50.5375 35.9403 39.1072 46.6614 42.1091 45.3749 48.4428 43.5111 40.6741 50.1416 38.8763 61.6214 57.4155 50.521 51.6756 42.8678 51.1148 49.6798 54.2981 48.8221 47.2222 56.8217 64.7883 63.1554 56.8877 68.7468 62.1657 52.9786 63.0564 53.5394 69.522 57.5639 61.0771 80.5565 63.7327 59.8401 60.3844 65.0192 77.4226 68.4499 77.8845 66.0748 86.7747 79.8802 75.064 67.2129 76.8289 80.7379 81.7276 76.3011 77.0928 98.5349 98.0071 103.12 119.994 121.363 137.296 147.588 160.453
155.057 148.771 138.011 129.747 113.54 115.149 102.075 97.4154 87.3084 94.9012 90.1913 89.9064 69.9272 89.4371 86.8224 75.3243 69.173 73.9499 60.1387 75.6595 69.3573 60.4069 67.6142 76.9166 64.2452 62.7032 58.3285 60.0884 67.4298 59.6694 45.0035 50.652 61.0774 42.6569 54.5741 55.3115 46.4282 55.5127 55.63 37.9303 52.0599 49.3614 47.9534 48.1546 50.719 50.9369 50.5682 53.9539 46.1097 37.4945 48.9088 39.0868 42.5396 38.5672 33.606 44.8191 42.3552 30.8571 33.5892 30.0526 38.1147 28.2424 45.5566 37.0587 35.1144 35.2821 33.5557 36.6062 23.08 31.3432 33.2707 36.0028 29.0134 36.271 33.5557 26.7172 30.4716 30.589 26.7507 30.5722 29.7341 33.8909 34.4272 34.0753 38.3326 37.1593 38.5002 34.3099 45.3722 34.9133 39.5561 42.5228 35.6508 38.9192 41.4334 37.042 40.2098 39.2544 41.7183 35.6005 44.97 39.0868 38.3829 32.7344 37.7627 47.3333 44.8191 44.9197 53.4343 59.1498 42.2547 53.0991 46.5287 54.0209 61.0774 55.0936 56.3507 60.2225 54.0042 58.3956 51.5738 66.5247 79.8162 52.9985 58.0604 63.6418 61.7646 67.5136 88.18 67.6142 68.821 79.4978 75.8941 62.0327 76.8663 96.4265 81.9617 79.0452 87.6772 80.6375 86.9229 84.7943 104.606 111.176 110.875 114.227 121.719 133.116 132.614 152.978
157.494 142.866 132.684 121.598 116.149 111.092 95.46 85.4815 86.0605 82.8081 72.3868 80.9861 74.2599 73.5447 83.2168 78.0572 74.7537 69.2366 62.5275 71.6887 75.8435 64.2303 63.8557 72.0973 55.7843 60.5693 68.1979 66.8016 62.4424 70.4797 59.786 58.3556 64.1792 64.5368 59.7519 57.5382 39.2329 45.7037 61.9485 52.3617 52.566 35.7251 39.1137 46.4699 45.9931 39.88 52.3787 33.4774 51.6465 37.445 38.8924 42.3832 37.5642 41.2423 40.9528 35.1292 35.5719 41.5658 39.7778 36.7809 27.4665 38.5688 33.205 34.2096 30.3783 47.2532 40.0844 31.6213 28.6584 30.9743 22.7326 23.7373 31.1786 25.372 37.1555 34.7886 35.5719 30.191 35.9124 29.4077 24.2481 30.0718 33.0177 28.5563 46.6572 39.7778 31.9619 26.2234 41.6339 34.0053 31.2808 43.9668 33.8691 34.8737 43.3027 45.7718 41.668 32.3365 39.3862 43.4049 39.0627 38.7221 46.8105 33.3071 37.3428 39.6076 47.6619 43.7284 48.0706 53.8261 41.1742 42.6726 49.0582 56.4314 59.5816 65.4393 50.6248 54.5924 74.277 53.6558 70.3264 70.3605 63.5662 77.6315 62.834 71.6887 68.6917 68.5214 69.9007 60.9609 84.4258 53.4515 63.9068 79.3514 65.0136 63.0213 69.1174 71.5354 75.8776 65.4393 84.9366 94.4383 79.8963 94.4213 105.796 117.409 122.671 139.188 133.109 153.322
156.073 157.387 136.858 122.243 105.052 97.9087 93.7924 80.5269 86.9435 76.7738 75.5286 65.6357 68.9218 73.7472 71.3258 70.2016 55.3104 58.0084 64.0964 61.381 49.6375 58.2679 55.2239 61.0524 53.3906 45.4693 46.2649 42.0622 58.1641 52.0934 58.3543 34.6944 62.315 56.1578 51.9205 57.9739 56.0541 54.8261 59.9455 59.444 63.1797 76.4106 59.859 63.1451 74.6465 67.6765 77.2754 66.5523 60.4125 64.1829 71.862 70.5302 68.1089 68.6969 53.9786 61.4502 41.232 58.2506 51.5227 46.4552 53.4771 39.8657 42.9269 39.7965 38.9144 46.8703 34.3831 33.0859 35.4554 30.336 38.8971 30.8894 27.9838 29.7306 32.2211 34.4004 21.8959 30.6646 36.7352 33.6048 31.512 33.3799 33.9853 36.4585 32.1174 37.5654 37.3751 40.8342 45.6769 51.8686 60.1877 48.2366 58.5792 56.2097 61.5886 48.4096 65.8778 56.2443 64.8747 64.7882 67.8668 62.3842 52.9582 62.142 54.6532 64.425 75.7188 66.9501 69.8557 63.7678 64.5634 61.4502 70.6686 52.2145 56.2962 49.0149 61.6232 51.7821 58.4408 57.9739 53.6154 57.5242 46.3168 48.5825 57.6279 50.8655 57.6971 57.0226 56.7459 59.9109 58.4581 55.5871 52.0243 52.2491 59.9282 68.6451 70.5994 64.8747 61.9172 89.1746 93.9308 81.3571 100.192 95.9889 98.4967 114.235 114.685 139.884 143.188 157.162
161.522 141.29 138.743 131.103 121.268 102.705 92.2554 94.117 105.462 83.5444 89.6386 81.7004 87.7418 90.2884 81.5774 85.7573 76.4316 79.8036 71.0927 84.0186 93.9238 78.5216 84.7035 77.7313 69.0027 65.5254 84.9494 79.1538 64.1379 69.3013 68.4583 70.0038 68.2475 47.12 71.3385 69.1432 66.3684 50.4568 63.8043 76.1331 47.7698 56.8671 55.8485 53.2141 54.6542 72.041 59.7649 57.394 63.4354 55.1109 60.8538 57.4642 65.5078 61.3104 75.975 60.2742 73.6743 86.653 62.3817 67.0006 82.7892 82.5609 90.2006 79.6982 80.6291 62.9788 72.8313 59.5893 67.0006 59.2732 58.7463 60.7308 64.3311 50.5622 47.0322 53.0034 66.8426 67.5977 53.5302 66.1049 69.3013 58.5882 76.9761 82.8244 75.4481 64.4014 81.6125 83.843 70.4253 66.825 71.1278 75.4306 62.61 66.7372 53.3019 73.85 69.0379 58.2194 48.3318 68.3529 66.7547 49.5611 63.2423 57.2886 53.5829 62.8734 58.8165 59.4137 52.5643 59.4312 53.7234 63.734 68.2475 57.3237 65.9117 64.1204 56.4632 58.8165 69.4594 64.7526 59.8352 58.237 71.1102 76.9585 78.1528 89.6913 73.2177 66.8952 72.0762 70.8995 70.3726 69.7579 83.2283 87.1974 75.7291 92.4486 92.6944 72.1113 88.62 91.0084 101.282 96.1367 94.0994 121.514 111.89 110.942 132.649 135.336 148.596 165.052
153.869 144.366 126.839 117.176 108.243 103.875 101.878 92.9632 103.928 88.488 86.6515 84.1019 78.967 79.4306 65.7375 67.0034 82.6577 90.7523 81.8732 74.6344 71.122 63.0274 80.9461 61.7615 83.1213 78.3964 68.4119 66.2724 60.977 61.7615 70.4801 63.6336 65.6483 62.8669 44.9482 71.1398 64.4894 56.5018 65.4344 62.3499 65.9871 63.2948 72.7445 69.1429 54.2196 75.5615 62.9917 77.6298 76.2569 97.7058 75.7042 78.8422 67.1638 80.8747 71.96 60.977 64.7212 80.9817 88.898 92.0539 85.4213 89.5756 84.405 81.8554 91.2694 86.0453 75.098 82.1585 69.0181 78.5747 89.7539 86.0453 99.1322 94.8353 84.5476 84.5655 106.371 86.6159 88.1492 85.2073 97.9554 85.7066 100.666 95.7981 88.4701 72.4949 78.4321 75.4546 91.4298 91.3942 86.9724 86.0097 75.7577 75.829 71.9778 75.5081 78.8957 85.1003 68.5011 80.5716 77.5763 75.9181 65.3631 70.3375 79.6623 69.1429 60.7096 79.8941 66.0762 70.9259 54.0591 59.6576 65.2026 76.7918 70.3375 73.0476 61.1018 68.3941 62.9026 71.0328 62.2251 62.8848 61.6189 73.5825 67.6096 72.7088 63.3305 76.56 79.0205 69.4995 81.8554 67.0925 76.0608 63.7762 80.8926 69.5887 65.1491 59.8716 83.7988 73.9391 90.6988 90.3066 102.092 92.5531 96.5826 114.002 115.518 133.614 130.37 164.941
162.797 145.678 124.74 120.288 112.941 95.116 90.9356 94.5731 87.9316 86.3029 72.1694 76.7479 68.2786 72.459 81.5978 71.5179 70.6855 79.3538 55.8824 56.5882 74.721 60.4609 68.2967 60.1713 59.3027 82.3216 78.7747 63.3564 63.3202 59.5199 50.363 50.8154 67.79 60.4066 64.0621 77.2908 60.4247 69.4911 59.4294 75.9697 73.1828 53.548 52.1183 70.3236 58.2893 61.6553 58.7055 47.0332 67.4643 64.786 54.9776 59.2846 64.2793 59.4294 61.2029 63.3744 52.3174 72.9295 63.4468 66.2337 76.7479 76.3135 78.5756 77.1098 78.8109 72.3323 75.8792 76.8926 76.1507 68.5863 45.6759 62.2706 66.8309 71.3551 69.9978 44.0834 49.6391 53.1137 56.733 56.7873 71.536 62.2706 78.9014 65.2384 74.3953 89.9765 85.76 88.6736 81.6702 59.5199 74.5582 78.0689 78.6299 63.8812 55.3214 68.5501 70.9931 48.9152 57.2216 63.6097 66.9214 57.1854 58.8141 55.43 54.9776 66.6499 58.6874 60.4971 64.3879 59.2484 72.5314 69.5454 67.9348 64.9489 53.4575 69.3282 64.605 63.3202 60.5152 77.0555 74.3772 65.0755 66.2699 66.107 61.3114 68.4053 56.1358 53.3851 46.9427 56.1358 69.6178 64.0259 66.2337 70.4864 72.6218 68.1339 83.0455 87.4611 81.9416 86.6648 98.1924 88.764 87.7687 91.189 106.517 113.701 118.587 137.209 144.303 151.903
157.212 130.934 144.247 129.868 116.573 103.315 105.041 104.655 104.747 89.6886 94.0224 86.8789 80.1762 87.8155 82.8022 69.3599 69.8374 81.7922 61.996 67.6704 79.4416 65.8892 73.1612 50.1147 58.7457 64.0161 61.2248 52.9244 51.8042 57.2398 52.4836 52.4653 43.9628 52.4469 38.2884 49.7107 60.5637 42.255 47.5989 50.7391 46.9929 54.3016 52.8509 49.2332 56.0095 65.7055 53.916 66.9543 63.5937 68.1663 64.7506 61.39 58.1213 66.2381 58.7457 60.7473 53.4018 57.7907 58.3968 36.8744 51.4369 50.482 50.6656 50.9962 42.9528 47.8927 37.2784 45.083 28.5189 35.2401 34.0648 29.2167 29.0331 30.9246 32.0264 29.2535 32.4671 34.6891 32.7793 33.22 35.8644 38.5455 37.5906 41.3735 48.0947 51.7307 39.7024 54.0629 62.0328 52.6489 55.8993 51.4736 42.659 51.4553 63.1897 62.1246 65.8157 56.4318 55.2015 56.0646 65.2832 61.5553 69.7823 64.6588 57.1847 64.3466 51.8225 59.4251 58.2315 70.425 55.2015 51.1614 46.7358 44.5688 45.3034 43.0814 60.8208 58.5437 49.674 60.0679 52.7774 54.2649 63.0244 54.9627 57.2031 52.8325 62.8775 70.0761 52.8693 70.425 56.0646 74.5752 68.4968 86.3464 81.1311 90.1844 74.0059 88.146 90.9373 86.2729 97.1076 90.2211 118.869 111.321 104.839 120.65 131.54 134.625 135.8 160.003
158.4 148.097 138.893 116.219 132.801 100.476 100.458 97.9984 96.7688 89.4468 85.907 77.4299 84.6028 73.5547 70.6669 64.9472 77.9143 59.1717 61.6123 62.1526 59.6002 57.4576 67.4438 64.7237 62.3948 55.3337 57.6253 50.6201 52.3528 72.0456 59.9914 61.0347 74.8216 59.9914 71.2258 65.3012 71.7848 68.7479 68.6175 69.4186 57.3272 68.5243 48.8501 62.8978 55.6132 50.1357 53.3588 43.7826 45.7574 47.043 52.5577 41.7518 35.026 42.8883 38.5659 35.939 39.6465 31.747 45.5339 33.312 30.9459 37.6344 29.828 27.0148 27.406 32.6227 31.0949 30.4615 22.9346 24.2388 22.0031 31.5421 24.0525 24.7604 23.5867 23.2327 25.9901 27.1638 19.8232 25.5057 33.5542 28.2071 24.4251 33.6474 27.9836 33.4797 29.7535 32.8276 31.2253 29.4181 31.8215 37.3922 41.1742 27.1452 41.5841 35.2496 41.3792 44.6023 46.335 43.4845 42.5157 50.7878 52.1478 44.8259 48.6079 50.2847 63.1773 51.8311 64.3138 68.1704 65.8974 60.6062 68.8038 64.5932 75.5296 58.9481 71.5798 66.8289 51.0113 56.3211 53.4147 48.8874 61.9104 60.0659 65.0031 66.7172 57.9979 65.8229 64.5932 58.5009 64.4069 66.2886 67.481 78.3428 84.1743 74.2999 75.1569 78.5478 93.2289 72.0642 86.6522 101.017 119.498 113.369 124.696 117.971 113.648 133.043 145.414 146.681
144.229 137.332 119.889 124.878 113.18 116.015 95.1514 85.4756 83.0944 78.3888 80.9212 87.1008 72.795 66.1241 73.5321 78.4077 67.806 67.995 87.3654 73.3242 82.3385 87.3654 88.1213 82.2251 99.1766 96.9278 108.342 87.4788 96.2474 84.0393 82.074 89.2363 69.9981 71.2643 58.2625 70.8297 55.5979 71.9068 59.5854 50.4765 49.4749 57.2042 52.7443 44.9205 34.829 48.9269 35.018 44.1646 39.4968 40.196 36.5676 40.7252 37.5314 25.5879 32.2211 26.9674 37.2668 25.6068 30.0289 24.0004 29.5187 27.9501 27.3832 24.3784 26.5139 31.4462 22.3563 21.6571 22.1862 25.569 22.054 21.3547 21.8461 21.7327 19.9941 20.3153 17.4806 21.0524 18.9358 26.1926 23.7926 25.1721 24.4351 23.717 26.8729 29.9344 31.862 29.7076 23.8493 25.9091 28.8572 24.0382 30.5202 33.0715 32.788 37.8149 31.7864 28.6116 29.3864 29.9911 39.8936 36.6621 37.9661 40.6496 37.4936 49.7395 58.1302 45.563 52.2151 51.5537 56.9018 61.2862 75.7242 65.954 52.8388 64.9335 83.5102 70.3761 85.5512 91.4096 94.1687 89.3686 76.688 77.9731 84.1338 94.9246 87.3276 80.9968 94.8112 83.737 74.3636 79.2582 79.3337 72.3037 78.1621 78.729 75.0439 79.7306 69.2044 72.5872 83.8693 82.9811 92.3923 92.4301 108.474 95.4348 118.056 132.154 140.696 154.945
144.658 145.31 131.377 120.836 110.851 110.506 105.868 90.6701 93.449 101.728 87.2395 102.667 97.7228 89.2519 86.5113 92.2608 80.7617 100.214 82.9274 84.8822 102.342 83.9048 79.286 60.6767 68.3044 65.4297 68.1703 54.3714 67.8445 64.4906 62.8424 59.2968 77.6762 63.8198 66.4454 65.1038 44.9805 56.3837 57.8019 66.0046 62.2291 55.598 50.9408 63.5898 48.9477 58.9135 55.253 47.357 50.1167 52.9915 41.2433 46.7437 51.8608 44.6164 40.5534 36.7778 36.0304 33.1748 36.567 26.3328 28.0385 34.7655 41.1666 29.5143 36.2604 33.4048 26.927 25.5471 28.3643 22.864 25.1446 25.3171 19.2418 20.6025 19.9892 18.8201 20.8133 23.4006 24.4547 25.2404 21.5224 24.2439 22.6531 27.9427 32.044 27.7894 30.9708 31.8332 28.326 29.7059 32.6765 40.0359 31.2774 37.2953 36.797 43.8114 42.259 43.8689 48.4494 47.127 52.8382 42.9682 44.5014 51.9566 54.5439 66.7712 49.7526 46.8395 58.7219 62.5357 53.4898 58.3769 66.8287 62.9957 74.9547 46.9737 56.7479 61.0983 59.546 55.9046 57.9169 50.615 60.9067 71.0642 67.7486 60.8109 79.6885 73.0765 78.6536 80.6659 72.4249 88.4278 80.7809 108.666 87.9678 86.7987 82.8124 79.0369 93.8515 87.2779 84.0006 106.194 100.789 87.1437 96.0555 96.8604 113.419 121.123 134.635 159.224
149.861 142.866 147.063 128.68 129.846 119.042 110.181 117.876 111.424 102.777 100.076 103.729 97.9384 86.1041 79.128 76.699 59.5597 71.2968 57.3056 62.1054 66.0112 63.5628 55.4984 64.9813 48.4639 41.8764 63.8931 41.5461 53.6523 41.6238 45.5685 47.6478 45.2965 43.567 37.8151 41.5461 34.3756 45.1993 38.5535 44.0334 54.6628 42.2651 49.4356 40.147 47.8032 39.0588 41.2352 44.3443 53.0694 47.6284 57.0336 55.9842 35.3861 58.9379 61.4641 44.6941 62.4357 59.0934 67.0411 50.0574 48.1725 44.0528 41.2157 44.4998 50.8735 47.1426 39.4474 47.026 36.6297 32.4518 37.1544 33.1319 23.8433 28.7791 38.3592 27.6132 31.7522 34.2007 31.4802 42.8869 38.3592 44.3637 41.8181 48.5417 45.3548 42.0124 46.2681 49.2607 38.4758 48.0753 47.5895 59.4626 61.8916 52.7002 57.5388 44.869 56.2951 50.446 59.7152 50.0768 53.6329 38.1454 39.7972 41.0408 53.6718 46.9288 43.3144 46.8899 49.7853 43.5282 31.8105 41.3129 34.8614 36.7075 49.6104 43.8002 48.1142 44.869 38.3009 45.2771 47.9781 47.9781 45.588 41.2157 50.8735 52.4087 52.2338 54.4102 56.7809 72.1907 61.1337 61.3669 66.9828 82.1011 83.5974 87.445 76.971 84.3358 94.2074 100.523 107.11 121.821 120.927 111.852 125.532 120.091 133.441 145.819 150.716 155.555
154.522 151.862 128.065 126.883 119.102 125.564 112.345 111.892 99.6195 87.2286 101.452 89.041 92.5474 76.4925 78.0881 68.2385 70.1493 55.69 59.7087 49.8787 53.2276 52.3017 52.8336 39.4381 43.5158 49.3665 53.3852 44.3038 40.6003 37.7439 46.9041 39.4184 45.5251 45.1706 32.169 34.0404 39.2017 36.9953 42.5506 31.4204 42.6687 37.0347 35.4194 32.1296 32.6812 39.7138 33.0752 43.5552 46.7071 39.7926 32.4054 36.6802 37.8424 30.9279 39.2017 28.7216 28.0912 47.042 32.3857 39.9502 43.8704 53.9959 48.2437 47.1011 42.2354 66.3473 44.3432 59.1965 42.2157 59.4132 58.704 54.1732 59.3738 59.4526 51.0213 49.7408 46.8647 55.3354 50.7849 45.7615 59.886 56.8326 45.2297 55.6506 46.1752 44.1265 53.7989 38.1773 36.9362 44.3235 45.4267 41.9399 49.7014 37.3893 32.8782 39.7335 42.9642 36.3453 35.1633 33.9025 36.5423 36.8968 32.1296 30.6325 40.9746 39.4775 35.5376 31.2628 38.4137 40.7776 29.5884 38.0591 42.7081 40.8564 33.548 38.0197 36.0301 40.3048 40.3639 37.4681 36.562 49.1695 34.3556 54.0747 51.9274 50.8834 42.7081 55.493 53.5034 52.4396 48.8149 64.5153 53.3064 54.9808 57.2462 65.6579 74.562 76.8077 75.5666 87.9772 74.6605 95.6008 114.158 105.116 104.229 122.412 129.543 131.966 142.131 156.885
149.149 142.081 130.601 120.697 117.423 108.038 113.769 115.386 113.809 120.358 106.381 104.045 103.766 79.5263 96.0785 83.8191 71.3201 66.1289 68.8044 69.3035 67.6263 56.2654 55.0874 54.5683 58.0225 56.2255 47.4602 41.9894 48.818 41.051 44.4453 32.3656 43.2074 42.5086 43.7065 46.1025 36.4388 43.4869 40.7515 34.4621 34.6018 38.8547 38.0361 34.9612 34.8614 31.527 40.3122 30.3091 27.2742 37.7166 27.9131 31.2674 37.2174 32.146 38.675 48.1391 36.8181 31.8465 31.4072 44.4852 44.7648 41.071 48.4586 44.7847 49.6965 55.0475 46.9411 46.981 49.2572 44.645 48.4785 56.3453 56.0258 44.046 56.9443 50.1557 46.6815 56.3253 55.3869 56.1257 52.931 53.3503 55.307 45.7831 47.1607 60.099 48.0393 44.3055 41.63 50.8146 35.68 38.2956 38.1559 31.1876 41.4703 41.7698 29.4305 38.2357 29.8898 37.0777 31.7866 35.5403 31.1477 41.0909 29.3307 27.7933 29.9696 38.7349 28.4322 36.3988 31.7267 33.7832 39.294 39.5136 31.9463 31.4471 32.4255 37.3372 49.1973 51.2139 36.1193 53.7696 53.1706 44.8047 52.2721 49.8961 47.6998 61.6364 53.9094 61.2171 66.069 71.9591 73.8958 83.4597 88.1918 97.576 88.9904 96.0586 93.403 103.706 114.647 112.012 107.939 112.751 122.634 132.757 121.735 132.597 149.848 152.923
149.344 135.949 120.916 105.356 105.437 105.134 89.2098 80.2463 92.9732 74.3179 77.1708 86.1343 80.0844 84.1311 85.0012 87.1459 88.4206 81.521 86.9638 79.6797 76.8673 68.7739 73.5287 63.938 58.5559 72.0517 56.4719 57.9084 43.5426 46.5776 48.1356 47.4072 50.5637 49.2485 40.7302 53.6796 48.6212 43.1784 38.9901 40.3255 40.6087 39.2936 34.822 45.9302 42.0656 47.7512 39.5161 48.0547 54.9746 47.5286 36.1371 52.587 60.4376 58.0905 46.699 54.6104 62.6633 52.3644 61.7326 59.7902 44.0889 48.5605 39.0103 44.7566 43.401 48.0547 47.7714 45.6267 47.6905 38.2819 43.1986 32.6974 31.1394 37.8368 38.2617 37.5737 34.0531 39.4959 45.5255 27.3355 43.057 34.4982 39.9815 50.5839 44.8983 60.1746 42.0049 52.5465 52.9917 48.9045 52.5465 56.8361 39.3138 66.3054 53.0119 47.5084 48.3582 47.3061 40.1029 52.5263 55.7839 38.8889 39.9208 37.8772 44.5341 39.3138 37.4523 53.6392 49.0461 36.2383 35.8539 46.5372 40.3255 51.1707 42.106 47.3465 40.5683 48.4594 49.3496 55.1971 47.6905 55.0555 46.6181 53.9629 65.496 72.7194 73.5085 83.8479 80.914 83.8479 71.2019 86.8627 77.0089 92.265 98.8612 93.8635 87.5708 87.7934 85.6891 95.6036 80.1047 87.8136 85.163 95.2191 101.755 104.486 121.159 135.079 133.137 150.376
145.268 143.546 129.298 117.879 119.99 96.5992 97.7267 82.4742 80.5471 78.7226 73.0439 63.6956 58.1604 75.9755 67.4677 58.1809 50.5752 74.93 63.9006 71.4858 76.6315 75.1145 80.9572 86.5538 76.9185 76.6725 85.9183 75.3195 70.1328 79.8296 66.6067 70.9938 67.6112 70.8503 52.0512 59.5544 60.846 51.0057 58.6114 61.625 51.8052 49.8781 68.2467 58.8164 60.5385 53.2607 55.9873 60.518 57.2174 47.3771 45.2245 53.3837 60.2105 56.3153 49.6321 49.6936 38.6848 36.3272 38.3978 37.5572 40.4478 37.6392 43.8509 44.4455 40.5093 32.4936 39.4433 34.0516 33.2726 30.874 30.3 37.4752 34.1131 28.9059 31.817 27.9014 31.1815 28.0859 31.7965 35.4457 33.4366 31.3865 26.9584 29.972 34.3181 35.8147 35.3637 47.4181 42.7644 41.1858 31.1405 42.6209 36.4502 47.9716 42.3134 34.9536 49.2426 49.0991 47.1515 44.2609 54.2038 58.5704 61.133 55.9668 62.404 63.3266 56.1718 77.595 65.2946 60.0465 68.1032 62.322 61.9325 56.5204 66.0327 56.4998 66.1557 68.3287 60.969 71.4243 64.1876 84.9548 73.7204 87.8864 87.8659 77.349 63.4086 73.1874 85.0573 65.7867 71.4858 70.8503 72.3674 61.584 70.0098 74.1509 62.6501 66.3402 59.0624 75.586 83.9912 74.0484 75.9345 88.8909 91.2075 104.205 114.701 120.626 141.844 147.461
151.916 133.038 132.852 126.289 98.0862 101.409 95.2411 92.3543 75.3663 71.1297 71.7319 55.4085 65.73 65.6054 59.7074 64.6917 60.102 52.0233 57.1529 65.9793 53.7263 62.6356 65.7923 55.3877 63.5702 69.9044 68.9698 86.5601 92.9566 91.6275 87.8477 67.7653 93.455 73.2064 92.1674 77.36 86.1863 68.7621 76.7577 77.5469 82.1366 60.3512 60.995 47.1636 53.747 49.9673 50.4657 48.8251 45.3361 47.9736 39.1265 40.1649 39.5419 42.2832 34.9937 31.1932 36.8628 38.6904 39.2303 32.107 52.6048 41.7848 40.9541 33.7684 26.5205 28.5142 34.1215 27.2473 35.3468 29.8225 36.8213 26.7074 24.7552 19.1894 27.6212 26.4582 28.3896 25.5028 23.7376 28.265 36.6759 25.2744 32.4808 33.3946 26.915 40.4141 30.5494 40.4764 33.7684 30.5286 29.2203 34.0176 41.141 40.6426 37.7143 38.6696 48.2643 47.7244 48.7212 47.3713 35.6375 42.5324 49.365 50.5073 50.5696 60.4758 61.7011 59.6866 71.6073 69.7798 72.9365 80.5375 73.7049 71.4827 79.9975 100.807 84.7949 90.4852 86.4978 87.827 71.2958 79.1253 63.1341 71.4412 78.9384 67.3915 58.3575 60.4343 61.1196 60.6835 52.7917 60.995 65.0655 58.6275 65.5639 67.3707 61.3688 67.7445 79.146 79.6445 78.1076 72.3965 85.2725 82.4273 103.548 107.141 100.038 125.541 140.203 153.536
148.422 142.448 129.848 115.376 104.144 104.607 90.5342 89.23 75.7677 81.4261 69.9621 65.5868 75.0315 66.5124 70.7193 65.7551 55.0904 50.2524 67.4379 66.281 54.7538 72.1287 64.0933 75.0736 71.6869 64.5771 55.1325 61.1485 70.8245 68.5317 70.8666 59.4446 74.5687 49.7265 69.9621 88.4518 58.5191 62.9995 72.1497 76.9457 63.1888 64.7665 72.6966 66.1337 59.676 60.6226 55.2797 41.607 62.9995 58.8977 46.9499 44.2995 44.9305 44.9095 42.175 38.5149 35.7804 33.5927 38.6201 34.7497 32.3517 31.2579 27.3454 30.0378 36.18 41.1232 37.358 32.9196 27.6188 28.7126 27.6188 33.8452 28.6075 29.6802 29.3647 27.2192 23.2646 25.4522 27.5136 23.2856 31.321 31.4682 25.0526 35.4017 34.8128 36.9162 32.2465 28.902 34.7707 38.0732 37.8418 46.6764 33.0669 44.7202 42.4064 45.6037 44.005 47.0971 46.6133 49.8737 56.8573 63.862 60.9381 73.1383 68.5948 68.6158 80.5426 60.3491 79.0492 69.5624 78.2078 79.7433 69.899 59.3395 85.9276 64.2616 73.7063 64.0723 71.9183 58.456 63.8199 57.0046 66.6596 42.5746 74.0849 59.2763 59.7812 65.7551 59.697 68.5527 70.4879 59.9915 69.2048 63.0416 56.3315 54.6276 71.2452 74.9053 72.4652 68.1951 84.3289 80.1219 87.2738 103.576 100.336 111.906 120.824 123.433 141.712 151.788
152.118 133.968 120.186 118.418 101.611 110.6 110.302 110.344 80.2873 87.3596 81.9914 84.143 91.0235 83.1631 79.3713 78.4979 67.0374 61.861 70.3606 63.5226 72.8316 59.3048 53.7024 54.9166 54.3414 49.5698 52.2751 51.9556 51.6787 60.9451 46.7366 50.8053 47.6313 50.0384 44.0952 60.093 45.3733 46.7579 40.3034 50.5923 58.8362 57.7285 66.8031 60.1143 64.609 60.0291 69.7002 64.7368 72.9807 71.2126 66.9735 66.1214 56.429 56.429 48.7603 56.6634 51.9769 48.0573 36.7247 39.1318 40.0265 44.862 34.8714 42.4762 41.4324 35.7022 38.791 47.0348 28.6086 28.8855 32.1873 29.7802 29.0986 34.4454 25.5837 28.8429 23.4535 24.966 25.7115 22.0476 34.0193 36.7247 36.6182 42.0076 32.1021 37.5341 39.4939 43.4987 44.7342 36.2134 41.3472 44.4786 53.1485 50.5071 63.693 55.8539 53.0207 70.0197 63.5226 59.3261 70.7866 64.9072 63.48 66.1854 67.7191 58.7723 64.7155 62.564 59.2622 53.8089 56.216 53.5107 52.8503 53.5107 51.8278 42.7957 46.4171 33.8276 47.3331 42.4762 55.1722 48.3982 51.3592 57.1533 48.5899 59.603 52.7225 55.0231 54.0645 60.1356 57.2172 72.2138 63.906 81.0542 64.2469 72.0008 84.1217 76.4955 78.4766 89.3193 92.259 87.5513 88.9359 99.6934 98.0745 105.062 129.388 128.813 145.897 149.838
166.082 147.813 128.876 122.513 118.803 122.966 109.291 106.551 96.1983 83.8608 88.3471 98.0533 77.4979 82.1784 59.0131 72.0409 77.692 76.3331 61.8171 54.9581 49.458 55.1738 57.7406 56.2739 53.8365 59.3367 46.6972 48.8109 54.4405 50.2776 44.605 44.7775 45.8991 46.654 39.4931 44.303 43.1598 46.0932 42.1029 42.3618 36.5381 42.7284 55.0228 39.9029 48.7247 43.052 53.1463 52.2189 48.8756 60.0269 59.1857 71.9977 61.0191 63.9309 68.18 56.8994 57.87 70.0997 61.9034 57.417 58.3229 48.509 53.815 50.8169 47.2364 57.417 37.5087 43.3539 38.4793 40.0323 36.4303 35.6969 28.2556 30.8654 30.8223 31.4046 30.0027 31.7929 44.4324 36.7107 35.0498 46.0285 38.6303 56.3601 46.5246 55.1523 54.7856 50.6874 49.8031 55.8425 53.9228 65.1172 72.5585 64.8799 67.6624 72.1272 82.4588 66.5623 54.8503 69.1075 67.2094 40.5284 47.8619 52.262 51.5286 50.2992 45.0795 44.2598 41.1755 40.399 46.9129 47.3227 43.4187 50.9247 44.0873 49.8894 50.9247 50.7306 47.7756 43.9579 50.8384 55.368 56.2954 45.2089 50.8169 57.6543 45.4893 58.5602 64.125 70.8977 58.7112 71.286 68.5898 84.249 78.0587 80.8627 72.4507 91.3021 92.1002 89.706 90.6119 101.483 101.504 107.824 110.995 127.085 135.195 125.619 144.47 155.686
157.92 151.696 142.787 131.258 128.856 124.074 113.221 110.426 106.888 107.456 98.4159 89.2884 93.8522 83.8948 84.3316 95.2715 82.672 84.3752 78.938 71.6884 70.7494 76.4705 60.5737 71.1861 63.8055 62.2333 56.3157 59.067 50.4854 50.944 60.2899 57.5167 51.7956 47.6248 51.0313 52.3851 54.5251 52.7127 47.9087 46.6859 47.865 47.5593 45.8343 52.4288 46.5767 42.406 47.5593 44.3494 54.5688 45.9653 46.2055 47.2536 53.1931 48.8695 54.3286 61.2507 53.1494 70.0725 81.8859 67.0154 61.076 68.6095 71.1861 70.9023 74.2651 67.1464 72.5618 62.9539 58.0189 52.2978 63.8273 39.4144 45.8779 36.0516 40.4626 44.1529 43.1702 44.6988 34.807 39.873 50.267 52.9747 76.274 62.932 66.8189 64.4169 67.6705 77.7589 61.9931 74.9638 73.5663 64.2641 58.5866 56.4467 54.6124 55.5514 53.6298 48.0616 54.7435 47.9087 52.3196 41.8382 42.5152 41.2923 48.2799 41.0958 43.4323 45.2229 45.7251 52.4725 43.6288 35.7896 48.7385 50.9003 51.337 48.4328 53.4551 44.1966 60.2462 63.6308 54.7216 65.1812 58.1499 58.4993 72.0596 59.6348 67.0809 57.9097 60.8576 63.5216 79.3092 69.6576 92.28 84.9648 87.0174 72.0378 87.3668 80.1608 98.5906 96.407 108.657 103.089 111.802 121.912 109.509 133.463 129.554 136.345 146.63 156.981
155.807 147.65 153.419 141.196 134.72 130.189 119.27 119.292 111.887 118.098 107.555 103.864 102.272 113.766 91.1321 104.549 90.6901 103.974 83.6833 91.5521 78.909 94.5139 80.5225 82.0698 80.5888 97.94 79.9699 81.6277 76.3229 73.9357 81.6498 77.8701 72.1232 71.9464 72.6316 77.0302 66.7521 65.5143 70.2887 58.817 69.0951 64.807 65.0723 56.3636 61.3368 53.2028 62.3978 59.3696 61.2705 70.1561 53.0481 60.7842 60.9168 52.3628 73.8915 72.72 60.6958 58.2865 69.9792 65.6249 61.3368 69.0067 76.566 71.1065 72.3001 80.2131 75.6156 86.7336 78.9974 85.4074 74.3778 66.1111 78.6216 72.0348 55.7668 70.1339 65.0944 66.0227 76.1019 64.8733 74.201 72.1896 91.8615 79.8594 72.6758 85.6063 61.0937 69.4045 61.8673 62.9062 63.7682 58.0434 70.4434 65.448 67.7689 60.6295 65.3596 47.6769 50.1083 63.1714 63.5471 57.6234 55.7226 63.4366 55.3468 72.9853 59.016 57.0488 59.7896 63.7019 69.1393 66.1111 69.714 71.5486 75.3945 78.6437 71.7033 70.6865 87.6398 68.2331 75.3503 72.1454 79.0416 84.258 85.3853 82.5781 90.4248 76.2345 86.3136 98.1168 99.222 97.1885 90.668 90.5353 98.3599 110.517 97.2548 93.1656 112.55 115.733 106.295 113.39 119.402 130.366 127.625 129.415 125.68 151.762 155.608 160.89
151.605 138.831 129.324 123.284 121.226 118.742 117.311 112.658 101.115 93.1283 98.9446 101.719 112.971 110.532 116.192 113.955 97.9603 104.85 79.4152 107.759 91.54 95.0074 83.2181 83.4642 92.5914 84.1577 93.6204 89.2134 84.4262 88.6318 78.319 80.4666 88.8555 87.4909 91.5176 78.5651 70.6683 79.7284 83.8222 89.3029 81.1824 94.2468 89.6161 82.7931 74.3818 87.6251 82.6141 76.9097 77.4913 96.8418 86.8422 91.0478 78.5875 94.5152 79.2362 86.7079 79.8626 89.549 73.2409 77.6479 89.0121 92.5019 89.5937 88.6094 93.7323 71.6302 95.3206 89.549 81.4733 89.8845 83.2181 83.3076 89.2134 97.9155 88.5199 83.6656 84.0682 93.4191 86.4395 87.737 87.3119 93.2625 88.7884 95.6114 87.4014 78.1848 85.0749 84.2919 97.58 79.5941 74.7845 88.3857 90.8017 73.8002 77.4018 84.8512 85.4328 90.2872 78.9454 90.2648 93.5086 86.0816 76.7083 75.3214 90.8017 80.7574 89.4148 94.0455 75.5674 88.7884 81.1601 81.4956 84.4485 79.2138 82.9273 78.6769 84.5156 90.8017 80.489 77.0663 84.7841 78.8559 92.0097 79.5046 86.3948 103.62 99.1907 99.8841 80.1087 92.4572 85.2762 89.4371 89.2358 101.696 97.4905 100.242 100.242 105.41 93.9336 108.474 116.998 103.598 108.877 104 115.432 122.613 134.603 137.198 140.464 156.571
145.039 142.866 123.081 126.408 108.502 107.189 90.573 91.2747 86.4529 87.1773 86.4077 74.206 76.1076 73.391 68.3202 92.8367 83.0799 98.7678 88.9204 84.5287 89.6901 84.4382 100.466 102.05 92.4066 88.3092 95.1684 96.3456 86.0002 90.9578 81.8575 74.4097 67.2563 87.8791 76.5603 94.942 87.4943 81.2463 75.8359 82.2423 82.7177 85.2305 87.4037 88.2187 89.509 75.9717 83.0799 84.3929 78.0318 87.1547 91.7954 74.6588 76.266 97.0473 94.5346 88.762 83.578 91.886 94.1497 84.7778 82.2423 77.6243 93.1537 78.7335 87.4037 82.7177 72.1913 81.8122 94.9873 88.445 97.002 78.1676 77.9638 88.2866 75.768 76.8772 99.4695 69.2936 93.4706 91.5464 99.9676 81.2689 88.8752 82.9894 89.5769 82.8536 76.9678 80.8388 80.8614 86.7925 68.3429 78.2808 81.3368 80.6803 91.569 83.1931 87.8791 73.8891 94.1271 80.1144 85.0494 82.2197 85.887 76.9904 89.5996 77.8054 96.3456 76.6961 94.7383 73.3684 91.0031 80.5219 83.4648 80.7709 68.8183 89.4637 70.2444 78.6882 80.8388 99.3564 83.3742 87.1094 93.7649 101.009 73.5721 101.597 78.1449 96.4361 92.135 84.4382 90.7314 88.1734 82.4914 77.7827 86.9736 74.3192 74.1834 82.6272 77.2847 76.8546 77.3753 85.4569 98.2924 101.077 106.555 108.457 117.466 126.023 141.892 155.95
161.638 159.852 125.518 111.844 104.881 108.958 109.301 93.3595 88.8931 84.4038 91.6646 73.7302 80.6474 85.9155 92.1685 86.6027 79.0899 82.3424 92.6266 79.0212 82.915 83.6021 87.1982 96.8411 108.477 89.8551 86.3736 95.421 109.393 87.1295 91.3668 99.2002 101.239 110.767 95.1232 94.459 88.5725 79.9603 86.6714 77.2805 75.1961 68.9431 69.8822 70.661 72.2872 64.9348 67.6605 77.2346 62.1404 73.4325 69.0577 60.6974 62.1634 65.0264 63.2628 57.8344 58.0405 58.3841 57.193 57.7198 58.0405 66.9046 62.4382 67.775 71.2107 77.2805 74.4861 88.0686 80.5558 86.1904 81.724 75.9978 75.8604 61.5907 61.9572 64.2706 67.9811 59.9874 56.5975 78.0363 68.0957 80.6245 70.4778 85.549 87.6792 77.0972 74.8984 74.4174 60.9952 57.3763 71.852 59.8958 71.1649 64.7974 51.1691 75.9978 66.9733 59.1857 68.5996 75.5397 61.7969 60.9723 75.8146 71.9666 66.6069 67.8895 69.6074 71.0275 76.8224 77.4866 83.8999 89.9238 83.5105 88.3663 84.9993 101.514 85.4345 105.064 105.522 104.079 91.5272 101.88 103.369 85.6865 106.209 92.9015 94.3445 85.9613 84.4954 84.2435 77.4866 90.6568 85.572 75.219 75.7458 78.3112 86.9233 82.0217 85.6407 86.9233 86.0071 94.459 92.054 89.4199 106.85 97.9634 118.761 124.579 136.466 144.093
155.228 144.708 147.002 133.168 133.84 118.06 116.322 113.542 95.352 107.795 110.506 88.0065 94.1471 91.4128 92.3628 97.3216 76.5133 80.9855 69.3301 75.8877 80.0586 73.7559 79.2244 71.0216 71.9485 67.2446 68.7276 61.7297 77.5561 79.3866 82.2599 72.9217 68.4727 87.0333 76.1889 80.2672 70.396 83.349 77.139 73.2229 78.5988 67.3141 54.9867 65.8079 58.6015 60.8955 55.9599 53.7818 48.4291 52.6464 49.5413 54.4538 55.7977 52.0207 50.1206 57.2807 64.9969 63.12 77.7414 70.9289 71.4387 74.6596 73.6864 71.7168 63.8152 79.9659 53.6659 63.1432 61.9383 47.5949 49.5645 48.8462 50.306 37.1212 34.1784 41.9642 36.5419 41.9642 47.1778 54.0367 49.2401 54.7318 52.4146 60.0845 76.3511 71.4387 75.2157 81.727 77.0694 70.002 71.9021 76.4206 76.5133 57.8832 54.5928 56.099 54.9867 52.1366 49.0084 50.0048 50.8621 51.7427 52.9939 49.4486 59.0186 62.3785 60.9882 70.7667 76.9072 78.8768 69.5386 67.6385 91.042 89.6749 86.8711 77.9036 79.3403 68.4727 77.6951 78.6683 74.2193 75.262 70.8362 79.6647 69.5154 63.9774 72.6668 66.9202 79.3171 85.5735 77.6951 86.6162 83.5576 79.9891 92.3397 87.9834 90.092 97.9009 88.2383 96.6496 110.923 104.829 116.74 109.209 129.971 123.065 130.921 128.511 150.431 156.387
159.478 149.775 138.594 134.633 139.298 131.422 123.851 98.7951 115.179 115.296 93.8495 101.397 91.6931 92.8885 85.1771 89.3492 76.2937 71.9106 81.2159 65.0196 60.4959 65.2774 53.0892 62.6054 64.5274 54.894 57.0503 54.4955 60.7537 45.1199 55.2924 55.3627 54.3314 60.6834 47.4404 51.7297 58.0817 50.4406 64.0586 56.5347 57.4019 72.7779 69.8949 73.9264 68.3245 62.7226 77.7 71.5356 68.3948 69.0042 71.5122 72.0981 82.7628 66.0509 74.0436 71.9575 91.8806 66.6837 82.0128 72.7779 64.8789 53.1829 52.9251 66.4728 54.8705 51.636 44.4168 46.0575 50.8859 37.7132 45.7762 43.8542 28.3611 32.5332 35.9553 33.002 34.549 40.1978 36.4241 40.479 44.3464 42.9167 52.6673 45.5184 48.7295 52.2922 61.4569 68.2542 61.9725 61.5037 66.1212 69.5902 66.3087 71.9341 79.0595 62.957 71.9809 75.7546 72.52 65.3008 72.7544 78.3563 71.8169 71.3012 74.2545 70.2699 68.6526 68.9808 74.8874 61.199 54.9643 55.4096 60.3084 46.995 54.6127 60.4959 52.761 53.136 42.5651 49.7843 46.9716 57.3316 56.0425 58.8083 59.9333 54.4721 62.1366 57.2379 71.7231 62.6757 65.254 77.9579 83.2551 83.4191 79.2939 91.6696 97.2012 94.8808 86.8881 106.249 105.545 105.85 113.796 120.265 119.609 133.438 140.868 141.595 153.572 155.353
148.305 140.838 126.353 130.573 104.235 110.873 109.759 103.05 96.128 102.979 91.7187 103.192 86.527 77.9929 83.2793 89.7748 91.3631 94.919 85.1047 75.9067 83.4216 76.8076 65.2864 72.5642 71.5922 76.5705 62.4654 64.2434 50.7783 54.5002 64.3856 59.5259 47.4358 55.7803 47.6966 49.5693 42.4338 45.8238 53.9787 48.5737 53.1489 63.6744 65.0494 70.5255 66.0924 75.5986 87.8546 86.0766 101.414 101.059 92.1454 100.703 97.7163 90.8415 105.587 89.9881 87.9494 70.3832 64.836 62.1335 58.8858 50.162 43.2398 46.132 45.3022 40.561 34.516 43.9747 36.5073 30.2252 31.4342 36.0095 27.7124 30.1778 29.3007 28.4472 29.7037 29.8696 35.4642 30.083 30.7704 37.6926 46.0134 31.7424 49.2137 41.0352 43.0265 49.6167 53.4808 58.0324 81.2406 69.0557 76.6179 84.6306 93.4729 97.6215 81.6199 101.225 102.197 107.697 110.257 97.7874 88.2339 87.5938 71.0233 61.9202 79.3678 61.1853 56.8945 59.834 50.7783 50.8969 53.4334 55.1877 50.1383 53.0541 49.9486 57.5346 61.5883 68.0126 65.1916 64.836 68.2971 67.8467 62.5839 74.1051 69.9328 77.4002 76.0964 80.5768 75.077 74.5081 89.9881 85.1521 87.4279 82.5207 92.1454 96.8155 91.6713 91.4816 93.0462 98.5934 113.528 106.203 111.537 113.908 117.7 127.064 146.385 151.15
149.041 135.089 121.856 119.458 115.383 94.694 90.3788 91.5774 87.2623 77.2175 79.7107 76.786 71.416 81.4368 73.262 65.9741 73.1661 76.4024 76.0189 73.19 58.3746 68.0838 79.471 79.0874 81.3649 75.6353 64.5597 74.7483 69.3543 68.8509 76.4744 63.9604 72.0633 63.1693 78.2004 67.4365 65.159 74.5805 67.9159 72.7585 81.245 82.8033 74.4846 80.0703 90.6904 101.191 83.906 87.9335 82.18 88.365 80.7895 76.2107 86.8068 72.9743 89.9712 80.2381 82.156 74.2449 72.4469 90.0192 65.3268 58.1828 61.4911 59.0699 56.0253 56.6725 53.1485 53.2683 37.7098 34.1378 37.0865 30.326 30.4939 28.1685 31.3089 26.802 27.7609 34.1617 38.9084 40.7304 39.5797 35.2885 46.7477 59.4774 49.6244 52.5731 70.8167 59.5733 69.1146 66.6933 71.1763 70.9366 85.3684 72.6147 76.6901 81.6286 73.7654 85.6561 81.4608 72.327 87.8137 82.9711 88.1013 79.2792 75.6353 86.2554 67.7721 78.608 73.5736 84.9129 70.505 77.5532 70.4331 61.5151 72.6626 64.0083 75.6593 67.1009 71.9195 60.1726 66.1659 74.1969 74.3168 60.0528 81.3169 66.981 67.2687 71.0085 70.4092 57.3678 77.2655 62.498 63.1453 69.9297 83.6903 64.6316 64.3919 74.125 65.9501 80.1902 94.1426 90.5706 93.7111 88.6288 104.93 111.235 117.109 126.65 133.315 142.616
145.296 136.715 129.419 110.802 104.936 101.833 88.7194 88.7921 67.9212 67.6061 76.7447 59.8492 72.2845 66.1759 69.4484 51.6075 58.2736 57.0858 48.6017 58.8069 58.7342 54.4436 57.7646 61.7884 58.5645 46.9049 64.9639 65.9578 71.024 56.9646 83.0229 70.2725 69.9817 73.9086 70.9997 75.0721 73.3995 86.0287 92.9857 87.2892 107.118 93.0099 89.4951 90.998 87.871 82.6836 92.6221 85.5924 83.4835 77.4234 72.0663 68.5757 73.8601 63.6065 58.9281 53.6922 58.1282 62.1036 67.9697 60.3583 71.2664 77.6173 78.8294 76.5265 60.2128 71.0725 52.3832 47.8018 54.783 50.7834 54.4436 47.0504 45.5717 40.5297 36.5786 41.16 38.1542 37.1846 47.7048 49.935 54.3952 64.9154 69.6665 71.1937 68.8181 75.0236 71.8482 71.727 84.041 78.4657 68.9393 80.4777 74.5388 77.0841 64.4549 58.7584 57.2555 71.5815 75.0721 86.8286 75.2903 80.405 87.2892 83.5077 76.672 74.8539 91.4585 99.0457 90.5374 103.07 98.6094 88.6951 84.8167 85.5924 73.3995 73.4965 64.9639 66.7335 63.0974 68.8424 60.1886 58.9766 67.3395 47.2928 53.0377 56.8919 54.4679 59.3887 62.6126 54.274 54.1043 63.0489 50.953 56.0193 58.2978 68.2364 64.261 71.8966 60.0674 78.3203 73.5935 69.812 82.0775 94.6098 99.1427 115.432 116.232 129.952 141.466 148.956
142.854 132.658 130.428 119.89 116.557 95.7258 78.2276 86.6336 77.4188 82.1242 70.7283 56.7101 66.4395 49.946 50.1666 50.9508 54.9456 52.0047 46.3925 40.3882 58.205 44.1378 53.132 46.8826 52.6664 49.848 59.6265 49.1618 48.3286 56.0729 64.2338 67.3218 68.6207 63.7682 70.5813 81.6586 87.1483 80.1391 77.1983 78.9628 78.7667 75.5563 76.414 75.1886 73.179 66.8316 66.8316 65.1651 64.8465 61.391 70.2382 60.8273 70.7038 69.0863 79.0853 70.3362 63.1065 58.1805 58.3031 70.5813 73.4486 69.8705 67.1257 64.7485 80.3352 71.7821 62.0282 82.9575 81.9037 69.8705 75.7278 63.3026 70.0911 61.7586 59.4059 53.0585 69.0863 65.7778 61.8321 75.4092 78.4726 79.6 70.4342 63.8417 67.2728 69.1353 71.292 76.7326 64.773 76.5366 57.2002 69.601 67.9835 71.3165 68.5717 77.0267 65.8023 69.8215 56.269 61.7341 72.8604 62.2733 70.0176 57.8619 72.8114 64.3319 72.3458 60.5087 70.4587 84.3789 84.3299 87.0012 73.8407 81.1439 88.9863 72.1007 71.0714 67.7139 64.0868 57.6659 61.9792 49.4069 52.4948 56.9552 52.1027 45.1426 51.7596 52.6909 46.1964 49.799 52.7399 42.4958 43.5496 52.7154 59.9696 62.7144 56.2444 60.2391 65.3857 77.2963 65.1651 74.1593 80.9969 83.7417 94.1083 95.7503 108.568 125.135 133.59 146.53
150.778 152.809 118.472 104.152 100.535 91.8886 86.9833 72.3168 81.6567 75.4136 71.0037 59.3845 69.4925 57.1052 52.8688 68.5015 65.9249 51.2089 51.6796 50.2427 48.5085 50.6143 57.4768 47.5175 59.3597 47.8643 65.9002 51.4071 59.7809 66.1727 68.8483 79.6748 72.1929 62.2831 64.4137 59.9543 65.7267 56.6097 58.4926 52.3237 46.6008 47.5175 49.326 50.8868 51.6548 42.9342 50.8868 50.9859 51.8035 46.799 37.6325 49.6976 49.1526 47.1954 39.4162 58.443 45.3869 53.9341 60.7223 63.6952 64.1659 77.4203 69.1456 74.2244 66.6929 69.6163 77.0487 92.1116 74.1005 80.3932 97.0169 93.2264 93.8953 66.1975 71.6478 83.4405 83.8617 91.2692 76.0825 88.0238 76.2311 75.3888 78.7334 79.7491 66.024 79.3032 66.7177 68.1299 60.6975 74.051 67.3371 58.6412 57.1548 50.7629 57.7246 49.6233 45.1639 50.2675 42.7608 38.4252 41.1009 47.0963 48.6819 43.6031 44.6436 49.0535 49.2765 51.6301 45.6842 49.0783 52.6706 59.0624 61.7876 77.4451 60.8462 61.8867 76.7018 94.1431 73.3077 62.8777 72.9113 70.9789 60.0534 62.5308 48.5828 56.0151 47.8643 48.5828 52.3981 52.2494 39.7878 58.3439 60.0782 58.121 56.3124 54.3552 58.9385 61.9858 62.2335 79.6996 69.2695 78.3122 74.6951 85.8684 91.9134 104.003 114.186 127.762 127.44 140.57
146.293 131.368 117.696 109.131 102.07 88.3969 83.1131 80.634 76.7025 72.4454 71.0931 66.811 62.2034 58.2718 62.5039 52.7376 57.2201 56.6692 58.5222 65.7593 69.0648 63.4805 62.2534 72.3703 56.4939 72.5956 67.0614 77.2283 64.0815 72.6457 68.9646 64.0815 59.574 60.1499 56.0932 44.5741 55.7176 52.2869 41.7193 41.8445 44.4238 47.9296 34.8078 35.7093 33.08 42.8212 40.317 38.6893 47.0031 37.8629 37.0115 48.8061 38.7895 44.8746 43.5223 51.6608 61.1015 60.7509 65.8845 57.796 57.3453 61.0765 66.1349 73.397 86.4937 80.7091 79.4069 74.9495 88.6473 71.5689 85.0664 63.9312 85.0163 70.9679 74.2484 68.0881 86.8443 84.0897 78.23 70.6925 80.9345 76.2767 67.4621 80.0831 68.1382 79.3569 81.6106 57.6207 63.6057 63.0548 51.8862 54.165 56.8695 54.9163 57.1199 47.1033 52.9129 50.9847 35.9848 44.7994 39.4155 45.0499 39.09 36.9113 41.0933 40.7677 42.8462 39.7911 39.741 36.4105 50.8846 41.1183 43.6726 36.085 45.8261 51.0348 63.3803 66.9613 69.4654 64.4571 81.26 75.0497 72.4955 76.9779 73.8728 77.2033 68.1382 65.9095 63.7559 54.791 54.6909 58.1216 58.8478 50.9096 64.0064 59.7242 49.332 61.9529 69.1649 71.0681 72.4203 79.9328 68.6391 84.2901 88.0213 101.894 102.22 127.287 137.028 156.134
143.981 137.578 109.815 118.116 97.2614 97.5651 92.6806 73.7243 73.0663 78.6342 79.1657 64.1829 68.4601 53.5026 61.5761 69.3206 67.4224 66.1064 73.5978 77.2928 77.47 75.749 75.4959 85.8725 73.2941 75.2681 72.9144 67.3718 61.1459 54.9959 50.6934 60.994 43.7335 49.3014 46.644 33.61 45.5304 45.4545 36.2674 41.2785 31.3069 38.9248 43.202 37.1785 40.1649 41.3291 51.2249 50.3644 52.4903 45.2773 52.5156 53.1483 55.8057 64.6132 66.9669 61.399 69.2194 64.8156 66.157 68.4854 65.8027 63.044 75.1163 77.8749 69.1181 72.307 77.2928 73.4712 73.7496 74.9138 81.1145 72.6867 59.5767 58.2101 61.6267 48.6434 53.857 68.9916 54.0088 62.3607 72.1299 77.5712 72.2311 65.7774 65.5496 62.8163 56.3119 59.6527 65.9545 52.8699 47.5551 62.7909 69.0422 59.349 66.3595 56.565 63.0947 55.578 49.0736 50.5415 58.9693 40.9495 48.7193 54.2113 44.8218 40.8989 49.6051 34.9513 36.4952 36.6723 38.7477 38.9248 42.3415 39.0261 53.9582 39.3298 43.7335 43.4298 49.4279 49.4786 46.1125 60.0576 66.4354 67.6502 73.2688 86.6571 81.4182 75.5212 83.6706 70.8897 84.5818 72.6107 67.7768 61.5508 65.4484 57.5267 62.6391 58.4125 67.9539 73.1169 75.4959 73.9521 81.1145 90.6559 103.386 104.398 106.448 114.066 138.388 147.322
152.381 134.631 123.736 106.728 112.431 93.8122 82.303 74.8093 81.5102 71.9448 70.8962 71.7147 74.1188 92.2009 73.3259 75.2697 87.7763 78.0063 83.2494 90.5385 85.3466 87.7763 70.6916 73.6584 70.4359 66.5483 50.6913 54.5533 52.8397 54.9881 46.7271 42.149 49.9496 52.4305 36.9571 45.2948 40.2819 52.3793 53.3 53.9906 60.3334 57.4689 50.9215 62.8143 58.0316 55.4484 64.3744 55.8321 56.8807 56.1645 61.2797 61.3309 61.5866 67.9039 58.4919 60.5892 66.4716 52.6862 58.5687 64.9882 62.2516 67.4946 71.3566 69.5407 74.707 70.1801 76.4718 60.0009 70.1545 59.0546 51.8934 44.6043 46.5225 47.0851 41.8421 44.1439 41.8932 45.1414 47.8524 59.1825 64.2721 56.8295 71.331 61.8424 62.6097 54.809 72.2773 73.505 61.4076 51.2796 56.0622 60.717 52.6351 66.0368 55.9855 61.3053 63.0444 53.1977 63.556 56.318 68.5944 60.1544 59.4638 56.7272 54.9113 57.4689 59.515 71.7402 49.566 55.0392 46.0877 48.4151 42.9674 49.3358 35.8318 44.2206 49.4381 50.2309 51.612 50.0775 45.7808 50.4867 48.5941 58.5687 58.6966 66.6762 60.359 79.2851 75.4999 92.7636 70.5382 95.2956 104.375 88.7993 99.1575 78.0319 69.3105 70.1545 65.6276 69.1826 73.3004 76.6764 86.0371 87.2903 80.2058 109.439 102.303 125.347 128.237 136.217
135.882 134.202 119.808 108.127 100.788 92.647 92.311 83.6795 97.1178 85.4885 92.6728 79.5446 87.6851 104.948 88.2795 90.0368 79.8289 78.7693 75.6682 73.9108 79.6997 67.9928 70.9131 59.5938 61.4804 60.1366 52.0994 48.6364 59.7748 49.4634 55.5882 46.9566 56.4927 45.1993 58.9995 60.7309 52.8747 61.5838 49.7735 71.2232 51.996 60.7309 68.3546 57.4489 54.3477 60.4725 57.5781 53.1073 49.5926 66.4939 61.0927 60.0849 53.5466 64.7108 38.2476 63.0051 65.6669 62.9276 67.5535 69.4142 66.649 71.9468 57.2421 50.9106 47.0859 56.8545 51.7634 39.5914 45.1735 38.6352 38.7903 36.8004 29.3318 30.443 27.6003 23.853 28.4531 30.1587 31.0374 31.2958 42.3049 35.4307 45.4319 47.3184 56.4152 45.1993 61.9197 63.6254 72.9547 74.1693 59.5938 68.1996 62.7984 61.7647 63.9872 67.0625 55.0713 51.841 48.4297 48.4039 56.0792 60.2916 51.4275 56.4152 48.1971 54.0635 56.2343 54.3736 57.759 70.9131 58.2242 59.904 59.2837 52.9522 78.3558 55.1747 50.1353 59.4646 57.9657 53.4691 52.9781 48.4039 44.3724 63.0568 49.8511 61.1444 64.6849 54.4511 58.3534 71.9468 63.0826 84.7649 82.9817 85.2559 85.2042 79.9064 91.5099 90.5796 88.5638 90.011 86.4447 90.2953 84.0413 75.0738 90.2953 98.7718 108.67 118.852 124.279 150.173
138.436 140.394 127.652 117.965 105.459 108.566 104.936 102.273 114.623 111.151 96.7117 93.944 92.2469 87.2598 94.3618 86.1632 81.8812 76.8941 69.4006 62.9253 56.7372 67.4684 51.3585 67.9384 65.1707 59.4526 63.6563 71.3327 61.7242 55.3272 62.6119 78.2519 74.9881 64.753 56.2411 67.3379 53.7084 63.7869 61.6981 62.7686 49.4786 57.3638 51.8285 49.583 47.5987 41.4367 50.0008 49.8702 41.3583 48.382 60.1576 66.2935 57.6249 71.3849 65.1446 66.7634 65.6929 63.2908 57.9905 51.8546 48.8519 47.5203 39.7656 41.8544 35.0658 36.2408 35.4575 35.823 31.2015 34.2825 28.5122 31.7237 24.0735 25.9273 21.5147 23.8907 22.3241 31.3843 22.3763 25.5879 28.4339 30.7838 33.447 34.4914 37.7029 47.3898 47.7814 41.515 53.1862 63.2125 49.7658 57.8077 60.6276 55.6144 55.98 76.137 76.0586 63.6563 63.0819 56.5022 46.8937 43.8649 48.0425 50.4185 43.4472 47.4942 47.8859 47.1809 52.5596 49.4786 64.048 53.1862 50.7841 56.0844 66.2412 59.7659 68.2256 56.6066 61.3848 56.0844 62.6903 62.0375 56.8677 51.8024 53.9434 62.1681 69.6878 73.7348 52.7423 71.3588 71.8027 76.3197 72.5077 71.5416 84.5705 109.923 104.049 104.675 97.26 88.7742 109.036 89.9492 101.438 112.378 106.973 102.769 127.992 126.634 137.182 139.193
156.153 137.161 130.646 131.332 120.807 114.292 118.908 113.264 120.043 105.43 109.175 93.85 93.6654 83.1409 76.7576 72.6955 69.1873 70.005 81.2417 71.0074 65.943 71.7196 61.0896 71.8778 65.3363 63.4899 71.192 64.756 58.6365 66.1803 51.8839 56.6318 53.361 51.0662 48.745 45.8699 48.0065 46.8986 40.7791 43.2322 49.9584 42.731 49.4572 55.6822 45.8699 59.0849 52.8335 57.1594 61.749 50.4595 57.3704 55.2866 43.3113 57.344 49.4308 50.3277 43.9444 43.0739 47.3998 40.8319 31.679 30.3865 27.9598 29.6216 35.873 25.6914 22.869 27.0102 34.8706 30.9141 26.7465 29.1732 24.9001 19.44 18.042 14.5338 22.3415 21.2073 23.0009 18.3321 24.5044 26.8256 30.2546 33.077 27.485 29.4633 34.0002 30.5712 35.7675 43.9971 36.8225 40.5945 41.4122 36.2159 47.1888 48.2702 56.3944 56.8164 65.5209 63.3052 51.9894 49.5363 79.8437 67.8685 54.4953 56.7109 55.0228 53.4665 42.1244 54.6535 45.2369 43.2586 48.3494 53.1236 46.8459 32.101 47.5053 52.7544 50.4332 52.728 59.5333 62.7777 57.5023 52.9918 72.8274 64.0438 65.4945 77.9973 55.4185 63.2525 68.607 65.2044 68.7653 68.5807 89.8934 91.2387 88.601 86.5699 95.67 97.068 104.506 118.829 126.136 116.218 122.153 122.021 124.659 135.526 146.13 143.914
156.429 157.521 149.901 142.92 146.917 130.184 132.875 112.625 107.057 109.588 91.2301 86.9403 82.3309 80.5191 78.5207 79.2934 65.6515 69.3551 76.8688 54.7807 66.9838 71.3268 65.3318 58.1645 64.5591 56.5925 47.9331 60.9621 49.3452 49.6383 50.3844 46.6808 38.3145 36.1563 40.8457 35.1172 44.1762 41.5118 46.4943 41.645 53.8481 58.0846 63.8131 53.2886 52.0896 51.5301 62.1878 58.2178 48.1196 54.7807 43.1904 37.5152 40.7658 30.2679 33.5452 33.5185 28.2163 37.8083 25.2588 26.4844 26.9907 26.1647 25.2055 24.7259 24.5394 24.7526 26.4045 20.303 20.7026 19.7434 23.3404 19.2905 19.477 17.6652 19.9566 19.1572 16.9724 21.7684 15.9066 25.9782 19.477 21.8217 28.0032 21.9815 22.9674 23.7667 24.9391 26.0315 24.2996 26.6443 35.1172 30.7209 31.2804 35.357 38.2879 32.7725 38.501 44.2029 36.0764 45.3752 56.326 46.3078 49.1587 59.6033 65.2785 48.4926 57.8448 60.1628 57.5517 49.9048 46.9206 41.6184 44.4693 46.6542 42.844 43.5901 36.8757 38.2879 39.5668 45.1621 39.1138 52.6225 52.356 46.7607 55.1803 51.0505 54.7807 66.8505 71.5133 72.8988 62.0279 78.0678 78.8671 66.8239 85.9012 82.8105 86.1943 77.8546 84.7022 104.579 108.682 104.179 113.345 118.034 144.385 137.058 145.851 146.011 156.962 153.897
151.619 144.138 144.649 135.849 127.991 110.66 119.298 103.582 98.5765 100.918 90.0994 90.6107 79.0926 86.8431 71.7996 64.7489 61.5464 64.103 68.9739 61.3311 53.3384 48.1983 45.2112 44.3231 44.4576 45.3726 40.6093 42.7891 49.6246 35.3078 41.2821 41.605 42.3316 37.7836 53.4999 58.7745 48.5213 59.7972 63.5109 63.8339 53.5268 63.2418 51.5084 66.1482 52.854 49.0326 40.3133 36.0613 42.3855 38.8063 36.1689 37.1108 30.06 31.4056 33.5585 21.9328 27.1267 25.4313 28.2301 27.1267 31.9169 18.6227 27.6649 17.2502 26.3732 28.3377 27.1536 22.9823 24.005 23.3053 16.7658 21.9328 17.0618 16.712 14.6936 15.9046 20.6949 14.8282 17.7346 22.794 23.6282 24.0857 25.2698 21.7713 21.8252 20.8025 21.3677 25.5928 20.4527 23.4398 22.9285 25.2429 25.7273 21.7982 24.005 36.7879 33.3971 31.9977 34.2044 38.4564 49.4901 43.3274 41.7127 49.3286 45.6687 49.2748 55.4913 62.7036 68.4626 60.7929 54.8185 57.7519 56.9715 44.5384 57.106 45.4265 44.8075 38.0527 45.2112 42.0625 42.8968 35.2809 38.5102 55.6797 38.8063 47.2026 41.6858 43.8656 53.2577 59.6626 57.106 60.1739 61.5733 68.2742 70.185 84.8786 70.8308 89.1037 94.5936 94.1361 89.8303 93.248 92.8444 105.197 118.329 116.796 127.049 141.177 145.214 162.491
157.173 146.764 149.971 151.058 116.949 128.663 118.852 111.785 102.028 101.838 88.8466 78.3285 72.159 83.1391 65.2828 60.2004 52.8622 71.3436 52.4546 52.2915 50.9054 45.0348 47.7255 41.3385 44.301 44.6815 40.0068 44.7902 51.0956 37.914 46.0404 57.5913 50.6879 57.7815 77.2414 64.7664 68.3268 54.5745 57.238 53.5689 55.6344 48.7854 44.7087 43.6487 42.9964 32.0978 30.9292 33.6742 29.8148 36.1203 33.7285 30.0594 26.9611 30.1682 28.8092 33.185 27.7221 24.2704 26.6078 20.9003 22.1505 22.3679 22.9659 23.0202 18.8075 20.1936 21.5797 20.547 22.6125 18.726 15.4102 22.8843 15.8723 14.6492 19.9762 16.4702 15.8723 15.4646 15.6277 19.188 18.2096 17.6389 21.2264 20.9818 21.471 20.6829 21.9874 20.9818 22.8571 22.069 20.6013 24.8412 23.9986 24.8683 28.2385 30.2497 26.9611 27.7493 27.3416 29.4615 32.9675 34.1906 32.3696 33.8373 42.1267 43.4313 44.0564 46.9101 56.178 48.8942 61.8311 58.3795 59.4666 49.3834 59.222 52.8894 60.9342 65.5002 38.3489 52.9709 48.1603 51.8023 40.8221 52.4817 38.8381 41.556 37.8053 45.9045 43.5944 53.4873 53.6504 57.5369 54.955 51.3402 68.6258 65.1741 75.0127 75.0671 72.92 85.3406 92.8418 108.714 104.664 118.036 118.797 128.663 135.349 155.733 142.307 167.393
169.614 164.262 152.68 145.654 144.803 132.919 126.305 116.507 102.372 94.3307 84.807 74.213 75.8872 76.8478 72.1546 59.2002 64.1405 50.8842 49.8413 56.0165 55.4402 44.9011 48.5513 46.3008 49.21 56.4831 53.8209 61.341 66.4184 61.0117 59.5296 65.5676 62.2467 57.0869 55.8519 50.2255 57.1967 51.2136 51.5978 42.2937 38.4788 42.2937 37.9848 39.3022 31.782 30.4647 29.6962 31.6174 28.7081 28.7905 28.9551 28.0769 25.991 22.6152 23.8503 26.8144 25.0579 21.4076 26.1008 19.8981 20.3921 27.0888 21.188 18.9649 22.2859 19.5413 17.3731 17.6475 15.2323 19.459 18.0592 16.2753 21.2429 15.0402 15.1774 17.0437 16.6321 17.1261 20.6666 19.6785 19.4315 21.5723 18.7179 28.269 18.9375 22.0114 23.4386 24.3992 16.3576 29.01 19.7334 24.5913 22.9171 19.2394 21.0234 24.2619 26.7321 28.0494 25.9636 24.1522 32.7701 29.9432 28.5435 28.516 28.8454 31.0959 35.3225 36.7497 46.3008 42.1016 42.6231 35.8714 54.1777 43.2818 52.5858 66.9125 65.8421 63.7562 51.3233 65.5402 67.1595 60.1883 60.0236 65.0187 50.4725 67.7633 56.1263 53.6288 49.8413 52.9426 59.9413 54.2875 60.7372 58.4592 71.7978 65.4578 77.3418 74.1307 77.0399 92.0527 96.197 110.853 109.865 124.466 141.537 143.897 160.42 154.409 165.552 166.677
153.556 148.374 149.843 142.166 141.03 127.756 135.072 122.961 112.708 113.096 105.281 96.0524 94.5836 92.0618 72.8291 68.2842 59.139 69.3927 64.5984 59.4439 66.76 59.9981 68.5891 67.4251 74.7967 72.4411 71.3049 66.954 67.4251 75.4341 57.2545 58.4739 62.9634 61.6332 51.6566 54.317 39.269 41.1257 34.0035 37.8833 36.276 33.1999 31.3985 29.6526 34.5301 29.9852 31.5925 26.6874 27.4079 24.3872 25.468 26.4103 24.4981 31.6202 24.5258 19.2049 25.7729 23.6667 29.9852 23.4173 21.1448 19.1495 25.1078 14.9926 21.5882 17.0711 15.6577 18.4844 21.8654 18.7892 14.6323 14.1889 15.7963 15.1866 12.443 16.3782 15.5469 15.9071 20.84 16.4337 18.3181 18.6507 23.639 26.1608 15.5191 19.2604 23.3064 21.9208 21.7545 24.5258 20.2303 21.1725 16.7662 19.7592 24.6921 28.4056 24.2209 25.0523 24.4426 26.6874 26.1886 26.3271 22.8907 25.9114 30.8997 26.7982 31.1768 31.8974 32.7565 37.0242 35.4169 34.7518 45.8369 41.1257 50.0769 43.4259 46.1694 61.6332 62.4645 71.4712 57.9197 65.4298 68.6722 70.6675 63.1851 67.4251 66.0949 66.566 67.6468 58.6956 67.0926 67.1203 71.4435 65.9841 68.8939 79.8404 72.8014 86.7132 107.248 96.7175 105.946 116.698 125.289 129.086 141.058 138.869 130.61 140.199 146.434 154.859
152.742 136.066 118.886 129.994 105.4 111.528 109.541 117.571 121.489 110.8 116.984 107.778 100.28 93.3968 87.2412 85.8142 90.0952 78.6514 75.014 86.3738 86.178 74.9581 85.5344 81.4214 77.2524 80.0224 77.3923 65.1091 59.3453 65.5848 59.0375 47.4539 48.4891 49.6083 44.404 43.7605 39.7314 29.5747 35.5624 33.1561 38.948 38.8361 25.2658 30.0784 28.5115 30.8898 26.1332 25.0979 28.2876 28.4555 26.4969 28.0078 22.7756 21.8243 20.9289 23.0554 23.615 17.9071 21.0409 22.6637 21.0409 18.6346 18.9703 16.1164 21.0409 19.1102 22.6077 20.7051 16.1724 15.3889 21.0409 15.3889 15.249 17.4035 15.4449 15.6407 13.7941 13.6822 16.62 15.5288 17.7952 14.9692 11.8635 20.4533 17.6553 17.6833 14.4096 22.1041 18.4387 19.7818 20.9569 18.7185 23.8388 21.1528 25.7135 24.9301 24.958 21.2647 24.6223 23.3632 20.2294 27.2244 28.2317 26.5249 27.6441 29.6866 25.9933 29.4068 30.0504 29.4348 29.0151 31.3374 41.9138 43.5367 37.577 43.6766 43.9564 41.5221 56.3794 60.6883 68.2709 64.7734 68.3828 72.244 69.1382 73.2793 74.5943 81.0017 92.2216 78.1478 87.605 75.4337 78.5115 83.1282 79.0151 96.8383 101.679 108.366 106.072 121.265 123.699 129.463 113.99 119.558 115.137 118.215 126.301 131.002 134.415 157.778
147.364 133.128 122.733 122.677 111.265 109.655 86.4923 95.729 96.3222 104.514 96.3504 113.666 113.92 115.926 124.4 118.496 121.97 109.316 116.914 105.446 98.4972 98.5537 92.7066 95.616 79.8542 74.4308 57.9628 67.9905 50.1666 60.7593 51.4378 49.8842 49.065 37.286 41.4948 34.7438 35.1392 40.4497 37.4555 31.0999 37.4555 28.5577 31.4389 26.4674 28.6142 26.1002 27.8515 29.7441 24.6031 29.6876 23.3885 26.3544 23.6427 23.332 22.5976 22.3999 22.8801 23.445 21.1287 24.8573 17.5131 15.3381 18.982 20.1683 18.1628 20.3943 17.5979 16.1008 15.3664 20.2248 19.2362 20.4791 16.0725 14.8579 14.6037 14.5189 13.1348 14.9144 13.0219 16.4962 17.3436 20.7615 14.8862 21.8914 21.7784 19.6034 18.5583 18.5865 19.5187 19.9989 26.8064 21.27 23.8122 24.7161 25.5353 21.4395 22.7388 23.6992 22.2304 22.7671 25.7048 19.095 23.671 29.4616 30.5067 24.5466 28.7554 37.4272 31.8061 38.5854 42.201 39.7153 34.1224 35.4782 46.8617 45.9296 45.3929 41.636 55.7313 51.2118 56.7199 60.4768 58.3865 69.4876 61.4089 87.1702 78.7526 93.3563 98.4972 97.1414 106.011 102.734 113.722 119.061 126.744 122.253 120.841 112.225 108.242 107.819 107.706 93.2998 93.7517 95.2488 91.8309 96.7742 110.869 130.388 135.247 146.715
145.679 131.051 113.999 117.107 95.1515 84.2021 89.8194 80.2101 91.5302 92.5567 88.8214 105.987 116.708 112.032 112.859 115.34 136.212 130.48 121.584 123.951 110.834 101.767 89.1636 96.8909 77.3302 71.5419 70.6294 63.1017 56.1157 56.4294 49.7286 54.6615 45.6226 51.6675 40.2334 40.2049 35.3575 32.5346 40.5185 33.5896 32.6486 30.4816 29.5691 26.8032 31.2514 27.5446 30.1109 27.402 25.8908 24.0944 22.9253 20.8153 27.6302 24.294 19.9028 20.8723 22.1269 17.0229 15.5687 18.3346 24.6362 26.4326 21.186 17.8783 21.8133 16.5097 22.7257 17.0514 21.5281 17.1085 16.6522 14.9984 14.5992 16.0534 15.1125 11.5767 16.7663 11.149 14.7418 20.302 16.4241 16.9089 18.3346 15.3691 20.5016 21.3571 21.4426 19.7888 20.3591 19.8173 23.5241 25.3205 22.2125 22.2125 26.6607 25.7767 22.7542 21.2145 23.0109 29.1699 24.0659 26.8318 27.1454 28.229 29.284 26.9743 33.8747 36.2699 29.5976 34.7587 34.5876 35.1579 35.2434 42.1723 36.2129 43.7406 43.9972 47.3049 48.0748 50.8691 54.2053 62.2463 60.5639 71.9411 76.6744 76.874 85.2001 94.068 113.372 117.221 117.45 112.26 129.825 132.904 138.094 124.863 124.15 112.431 109.437 92.3286 85.9415 99.1435 90.1901 86.6258 91.3306 101.082 110.235 126.203 129.425 142.456
150.18 131.616 103.699 106.03 101.626 86.948 97.7122 109.311 99.5254 98.7771 95.4673 93.6828 105.08 125.716 110.088 102.547 110.174 111.614 94.4599 114.319 93.6253 102.001 97.5971 89.7686 91.6106 76.0975 86.6314 71.4637 71.953 62.4264 60.383 59.98 61.9947 50.6549 48.8129 42.7401 47.489 46.0499 39.459 36.4082 35.4872 35.775 31.2852 28.9251 28.8676 29.5295 33.2711 24.6367 28.8388 24.8094 24.1187 22.9674 24.6079 26.6514 20.4059 23.2552 20.0605 23.7733 19.5712 20.4059 19.4561 19.4561 19.1971 18.7078 20.5498 22.3054 24.6655 20.5786 15.5706 14.6209 19.859 18.9668 15.254 17.6141 16.8082 14.2467 15.0526 17.758 14.3043 15.3404 24.8957 19.6863 18.8517 19.1395 18.8805 22.2767 24.0035 20.7225 24.7806 20.4347 18.7653 19.0819 25.9894 29.1554 25.9031 25.8743 22.7084 22.5932 21.9313 30.7671 23.1401 29.731 24.1762 26.5075 27.6587 26.8816 37.5307 32.753 32.5228 38.7395 38.538 39.9483 37.1278 40.5527 41.8191 44.4957 46.3665 52.7847 64.0382 59.4908 75.6082 70.7442 66.6861 84.4153 91.8984 76.8746 95.3809 89.4808 104.389 93.9131 106.462 106.98 123.788 109.196 115.787 113.542 100.821 115.729 94.3736 98.1727 86.7178 87.8115 84.7607 90.4018 101.051 98.8922 105.742 117.542 125.457 142.409
141.349 138.531 122.352 107.043 106.201 97.98 111.4 104.748 107.624 109.222 100.711 101.408 91.6184 101.204 90.3984 79.3891 85.344 89.585 90.6598 93.4485 95.1042 94.2328 92.6351 85.4311 82.1196 84.5306 79.8538 71.7784 76.1937 69.0479 64.313 67.3921 60.8272 64.894 56.4118 67.4793 41.7715 49.7888 52.8389 43.6887 35.2647 41.6843 32.7084 35.0032 32.0693 27.4797 33.4637 27.5088 29.7164 30.675 26.6373 26.0273 27.7411 22.7448 25.6787 27.1892 28.5255 25.824 25.7078 24.1392 22.8901 26.4049 16.9061 21.9024 22.1639 25.1558 20.3919 21.2343 19.4624 30.036 19.259 22.1639 15.7151 18.2423 17.6904 14.8727 13.3913 13.4494 22.6867 13.5946 19.23 23.0353 17.429 19.0267 27.5959 16.7899 27.1311 19.2881 28.6997 19.6076 24.052 25.0687 26.0854 23.471 26.2597 28.1769 24.2553 27.8573 29.6874 24.633 32.3598 29.8617 29.3388 29.6874 31.8079 34.7127 26.5211 39.5929 39.2152 38.7795 42.4396 50.6893 45.8963 59.52 67.2469 63.093 79.6505 65.0392 57.719 69.8322 67.5664 75.5256 84.734 77.3266 80.8124 77.3266 84.8792 79.3891 92.8094 81.0448 95.3075 99.3162 91.2698 88.8298 90.3693 92.2284 92.7222 90.8922 100.711 101.989 88.0455 96.1209 103.296 104.661 104.4 104.981 114.944 115.729 118.953 140.884
141.74 146.225 120.809 128.05 119.402 122.363 118.728 106.034 101.725 102.311 79.65 89.7346 93.311 72.2039 63.1748 54.9078 74.5198 73.0541 64.1422 69.0965 60.6536 79.65 78.0963 81.5555 75.3993 68.3929 84.663 69.5362 66.9271 74.9596 60.7416 53.2955 72.028 69.7121 62.4712 58.9533 61.4452 48.1946 71.4124 58.1618 59.6569 43.0937 42.7419 49.4845 51.4193 44.0025 40.1621 36.9961 34.7388 34.8561 29.4327 29.1395 32.2177 29.0223 27.9376 23.3351 26.1201 23.9214 25.3872 25.2992 25.5044 25.1233 20.5794 19.9931 19.8172 24.5077 23.2471 19.2309 23.1006 17.3254 21.0192 18.3515 17.5013 16.0942 14.6577 16.6512 15.244 17.4427 14.9509 17.4427 23.3058 23.4523 21.4589 19.8759 19.0843 20.7846 26.4132 23.8041 20.4622 22.0452 22.1332 27.7617 28.4653 27.9376 22.5436 29.6672 31.6314 30.6053 29.9311 34.387 23.3644 40.7191 31.1037 41.3641 44.9406 35.5303 46.0839 48.9568 50.6864 65.2268 49.8069 60.683 65.5493 53.9697 68.3929 64.4646 56.6961 60.8295 69.8001 69.2431 73.2593 73.7576 82.523 75.2234 82.435 78.5654 76.396 83.1386 76.4547 73.2006 70.5036 64.0542 69.3603 63.1161 75.6045 69.6535 76.1615 83.1972 72.8489 87.0962 95.1579 103.073 106.181 123.066 111.956 117.789 137.841 121.542 135.936 148.131
162.053 142.322 139.038 124.335 116.733 116.733 94.6937 86.381 95.5812 87.5052 73.1281 67.3003 66.7974 74.9326 73.4239 66.117 51.8878 57.5085 59.0468 59.5201 56.2068 68.6907 73.0689 69.9036 68.2469 72.566 70.9685 82.7128 69.1936 81.8845 65.1112 64.697 64.3716 62.3896 54.3727 56.5027 62.7446 52.7457 63.9575 61.8867 55.9406 60.1709 53.2782 55.5856 59.7272 55.556 59.5497 45.6163 40.4098 46.06 39.9364 44.1076 29.5234 32.3337 32.9254 33.2212 31.8604 29.6121 26.3581 25.2043 30.1742 28.2809 24.7606 21.9798 22.0686 24.2577 22.1277 20.8853 23.5773 19.1991 23.6956 17.2466 19.7316 16.4183 16.5958 17.8087 15.4717 20.0866 24.021 19.9386 21.5065 22.5419 23.7548 25.7368 26.9201 25.0268 26.4764 24.2577 23.0448 24.2577 30.5292 27.3047 27.8668 31.0025 37.274 31.3575 34.5228 47.9829 37.0669 34.1678 45.35 36.1499 40.4689 48.9591 61.8867 69.1048 66.6495 46.8588 55.2898 56.4435 59.7568 51.9765 62.4783 62.005 47.5983 57.6564 57.686 78.6304 71.8264 68.5724 69.8444 67.744 84.044 76.4709 82.2395 59.0172 64.0166 66.0578 51.8286 58.3072 54.0473 67.2411 55.2306 62.9812 53.8402 60.5555 80.0208 67.3595 67.9215 81.0562 82.2099 80.1095 79.4883 94.3092 95.877 123.182 122.738 125.785 144.629 155.249
152.114 144.86 138.861 126.921 116.294 106.713 84.6835 88.1759 82.2358 87.9371 71.2213 87.4595 75.2809 54.2368 58.4755 62.6544 62.8634 54.5353 64.8932 59.9978 52.8936 53.7294 52.8339 61.6694 56.5651 62.3858 65.729 72.7436 81.6985 83.0418 76.0569 67.8781 73.4003 62.2366 62.744 56.7741 57.8486 55.3711 54.3861 55.9383 60.1769 49.9385 70.0572 62.0873 47.9983 65.3111 77.9972 53.8488 53.7891 60.1769 51.1922 56.8338 41.5806 47.6699 44.1477 40.3269 40.5358 38.6553 38.1479 40.0582 31.6705 32.7451 29.3422 25.1334 23.9991 25.82 19.9396 23.6708 21.9992 19.5515 22.626 21.0142 24.1782 17.0143 20.2082 19.1038 19.7306 17.9993 19.7008 28.7751 23.7603 22.7454 22.7156 26.2677 28.7452 30.0288 29.1333 30.6556 40.1478 35.4316 36.7748 38.9538 42.1776 31.8794 40.9537 38.715 44.5058 45.5207 54.3264 77.6091 60.2963 65.4006 60.1471 67.7587 62.5052 54.5353 61.7888 57.6099 58.2068 63.6395 54.2667 53.222 57.968 65.8782 61.6993 50.1474 80.5941 73.9078 73.2511 70.5646 76.2957 70.8034 61.9978 73.7287 62.8335 61.8784 54.0279 61.4306 51.3116 62.744 53.2817 64.535 57.6994 63.341 66.0275 61.1918 63.0425 86.2357 87.5192 64.1768 76.6838 92.0862 95.907 88.8923 100.593 103.34 118.802 135.309 140.771 159.158
161.968 140.826 128.659 131.068 117.064 107.306 90.4407 95.41 86.646 81.6767 68.6663 78.394 68.9975 74.8101 59.7216 58.0651 65.8955 59.5409 48.8193 51.2588 42.0731 56.8605 41.6816 53.7584 58.035 46.9822 56.7099 56.6497 51.2588 63.8476 74.9004 60.0227 67.4917 71.7382 56.9809 57.4929 56.4991 53.5777 48.8795 48.1266 47.7351 50.1143 46.8316 47.0123 48.3073 44.5126 55.5353 59.2698 58.9687 46.2895 59.571 62.1309 56.5593 64.8414 55.7462 43.0971 62.3417 43.9103 54.3307 58.0049 37.5255 48.3675 34.2428 34.9656 38.3688 31.472 28.1592 28.3098 30.2372 25.2981 30.4782 24.2741 18.6724 21.142 16.2329 21.0215 17.9496 21.8347 24.6355 24.4849 28.7013 26.5329 23.7621 25.027 30.9299 33.4899 35.6281 34.5138 32.3755 43.2176 45.2655 44.6331 50.1143 53.4874 53.4874 47.2231 66.7689 59.3602 53.1561 77.3399 55.1137 60.2637 49.3614 56.74 49.1807 57.1918 41.2299 50.7167 52.5538 44.5728 52.9754 47.7652 49.1807 60.3239 62.3417 68.9373 58.5169 79.6288 63.4862 67.7628 67.1905 62.6429 57.4929 52.9453 56.0774 61.1371 49.6325 47.2231 47.0725 53.9693 56.6195 65.4438 65.8353 59.842 57.252 58.9687 63.0344 58.9988 66.1364 86.8267 75.8039 83.0922 97.6687 94.8076 104.957 111.763 127.816 137.543 144.199 150.222
157.48 158.725 140.495 136.667 121.931 111.873 84.8014 89.3286 94.8889 77.4182 82.4011 57.699 65.6596 72.0402 65.2342 56.8179 61.2235 54.691 50.498 54.5391 47.7635 59.917 50.255 41.3829 45.1808 50.8323 49.4346 40.1979 47.7939 48.9788 55.6937 51.7438 63.7454 64.3835 71.2198 75.5951 74.0455 55.5114 56.8179 63.32 57.8509 57.5775 50.893 50.5588 38.8002 41.8082 42.9628 52.3211 54.5999 48.9181 40.8056 63.3808 55.8152 51.9565 62.6212 56.8179 50.6196 44.9682 49.8296 62.7427 47.49 51.3488 57.3648 36.0353 42.2944 43.5705 36.9772 33.9084 32.9361 33.2704 29.9889 27.5278 16.6808 22.3018 24.0337 19.3242 23.3956 26.0694 25.3402 27.619 33.7869 27.3759 37.8583 42.2944 38.466 36.4911 58.094 42.3248 53.3541 51.7438 55.2683 50.8323 62.925 56.8483 66.3888 67.513 64.11 64.1404 53.7491 49.1611 45.3935 48.0369 40.8663 41.1702 54.2352 43.9959 43.8136 49.6473 44.2389 57.7902 56.119 65.4165 66.0546 66.9357 70.7033 73.8632 71.4021 56.9394 54.5999 56.2102 54.7822 51.9868 47.6419 36.4911 54.296 53.4149 41.2309 52.6249 47.247 59.0663 50.7107 58.4282 51.5615 57.9725 58.9448 69.0018 65.8419 75.6255 66.9357 78.6335 72.2833 77.8739 85.8041 108.197 103.883 115.975 113.727 151.828 141.285 154.532
142.926 130.481 131.156 113.96 111.999 116.413 109.761 94.6503 82.298 91.0028 85.3631 77.639 63.6315 64.9188 55.2638 56.5205 59.371 51.1259 68.4437 48.3366 49.1949 48.3366 54.2216 40.6739 41.9612 49.1642 44.1681 43.5244 45.578 48.8577 50.237 48.0914 47.4478 50.4822 58.9725 67.8 53.3634 65.256 54.7427 66.2675 60.3825 54.1297 48.0914 45.762 44.5972 45.9152 47.4171 40.7045 44.6892 47.5091 34.7582 39.6011 53.8845 55.3864 49.2255 62.4974 46.1911 65.2253 47.0799 62.7733 44.3827 55.1412 60.8116 44.3827 60.6583 61.8844 36.7199 42.4516 45.0263 41.195 31.8464 32.582 27.8005 35.8617 35.5858 25.6855 28.0457 31.2947 31.7544 35.8004 42.4823 43.9842 51.1565 59.984 57.0109 68.0146 51.3404 58.1143 64.6736 62.3748 39.8157 55.7235 40.4593 57.1028 53.1182 46.2217 48.6738 48.214 48.1221 44.9957 35.0954 44.7198 38.559 40.0915 41.2563 48.306 53.8232 51.4017 63.846 56.5205 70.0069 66.0836 68.9341 67.0031 54.3749 55.7848 46.1911 41.9306 37.9766 44.444 52.1374 40.9804 50.1757 42.0838 44.1068 43.6777 43.3099 46.375 42.0532 46.0685 49.2562 50.2983 54.8347 61.915 60.7196 69.8843 66.6046 84.5355 73.3479 77.0873 101.271 98.6043 102.129 95.2327 124.259 128.029 123.217 131.891 143.079 145.408
151.097 133.597 131.804 103.607 106.791 102.092 103.668 99.309 103.39 91.4249 92.0742 87.22 74.6673 74.8837 68.8856 67.4324 59.9502 58.4043 51.355 47.4284 48.6342 56.1164 46.4081 49.8091 51.3241 42.296 43.5636 37.1327 42.1105 44.0274 37.4728 41.3375 45.4496 41.6776 49.8091 52.0043 52.87 65.8247 62.2691 63.6295 74.76 61.3106 71.6991 60.3831 58.3116 49.2526 46.1917 41.9559 32.8969 39.1423 40.1008 44.4293 37.0708 39.8225 43.1617 47.6139 39.9462 43.1926 42.667 45.9752 44.7385 59.0845 56.2091 63.444 53.7666 56.5183 57.9715 52.0661 66.1957 59.0227 44.4912 51.7879 46.0371 40.5646 35.7723 33.1133 44.5839 42.7907 45.697 49.7782 49.4381 51.6951 54.0758 65.0517 52.9318 51.8188 54.6942 50.7366 51.2004 47.7067 51.9734 56.3947 48.9125 47.8613 40.9356 44.0892 36.7926 40.039 40.2863 35.494 37.5964 41.3994 45.0786 52.3444 54.1067 42.3578 58.0642 56.9821 69.7822 68.731 59.7338 61.7435 51.6333 59.6101 57.8169 39.7607 44.9859 51.7879 38.3385 37.0708 48.1086 45.5733 46.5936 48.0468 51.2622 43.6873 56.0236 49.6236 46.5009 54.385 52.7154 62.2073 53.1792 66.6904 67.0305 73.5851 79.3668 90.1882 96.279 96.4645 94.8877 89.9717 113.129 96.5264 115.974 117.643 122.529 114.923 141.667 149.365
137.683 129.762 115.697 114.107 91.0297 93.8052 96.6742 104.252 94.5536 80.8633 101.071 98.6389 98.9508 85.4475 85.2292 70.541 67.3601 65.4578 61.1231 66.5805 51.2373 54.1064 49.7093 48.3059 47.2456 41.4452 48.0876 41.6011 35.2705 37.2664 38.2019 32.9004 39.8547 41.4764 39.4181 42.9733 38.7009 48.7113 51.8922 48.7425 49.9899 68.7011 66.1127 59.2208 66.5805 58.5347 53.0149 59.4079 45.0627 46.4036 42.5055 44.782 36.6427 38.1395 40.7903 31.9025 44.2518 36.2996 39.9483 43.5658 39.6676 46.123 45.3433 41.913 54.8548 56.3517 48.3371 61.2166 59.8757 47.4951 60.4994 53.2332 55.1355 44.5325 52.0482 51.7675 48.6178 43.098 49.0232 47.5575 45.5616 69.0753 53.701 61.9339 47.0273 50.5825 53.4515 46.7155 38.0772 42.0377 36.1125 42.1313 38.9504 34.6156 35.5512 37.9836 33.5865 31.653 41.2893 41.6011 52.6719 50.4265 56.3829 58.8154 64.1792 61.3102 68.857 61.4037 63.2748 62.8071 58.753 47.1209 46.2789 37.7341 40.7279 43.0356 41.5387 41.414 34.0543 42.3807 43.0356 42.8797 42.6302 40.0107 51.8922 42.4119 45.967 56.8819 46.6531 51.3309 60.2499 61.2478 68.0462 71.1023 81.5494 73.6907 81.0192 88.3478 84.7927 86.6326 86.6638 94.7096 90.3748 93.1503 95.3956 103.098 114.263 111.768 129.013 138.307
146.851 121.217 115.462 105.837 95.2377 92.5957 95.1748 83.3487 80.5809 88.0666 88.6327 76.4292 91.9667 89.6706 84.0407 88.5069 79.3857 72.4662 76.6179 68.1887 59.0046 47.1471 57.8409 56.111 44.7881 51.6448 54.3497 50.1979 37.3654 48.7197 41.9574 41.7373 52.9658 37.271 43.5301 41.2969 40.4477 39.8816 39.2525 43.4357 48.9713 47.4616 63.5652 60.8917 69.0694 58.407 64.8547 58.3756 69.2266 61.5208 55.6392 50.2923 53.1545 42.1461 37.8686 31.6096 37.7428 36.6105 43.6559 42.1461 36.8307 44.5365 53.4375 55.0416 49.1286 58.7215 57.9667 53.8779 35.8242 45.0083 61.4579 40.951 50.7012 49.1915 53.0287 51.1415 52.5569 63.3765 54.3182 49.6318 48.6568 50.2294 49.506 62.0555 44.0018 52.0536 42.6494 44.4422 40.0703 44.4422 46.172 38.6549 40.9824 46.9269 44.7567 40.5735 44.0962 49.9778 44.9454 53.2803 55.7021 61.3321 65.2636 57.8723 71.2081 69.95 66.4588 57.9038 44.3478 54.6642 43.9704 42.1461 38.9066 44.1591 32.2387 39.1582 32.2701 42.9639 36.7363 46.1406 38.938 44.9769 36.7363 56.3941 50.7641 47.6189 56.2997 69.2895 59.9167 75.6114 62.9676 71.2396 86.4311 82.4052 81.3043 86.9028 80.0462 82.2793 86.6512 82.4052 86.6827 82.4681 81.839 90.0166 89.7336 99.987 102.063 127.791 110.712 149.65
149.399 117.425 125.133 97.8545 87.9898 79.4573 81.0749 74.4773 71.7494 69.2753 90.337 70.9564 85.8329 75.6826 78.0299 88.6876 81.519 85.3254 80.504 86.0866 79.5524 73.9381 84.3421 69.2753 59.1885 63.2803 64.5174 52.6543 47.7695 43.0116 47.7378 54.4306 50.1168 52.464 62.8997 60.7111 56.3655 54.843 49.0383 54.7478 49.863 57.1585 60.4573 54.05 76.3805 81.3604 77.3955 88.0849 74.4773 68.5458 73.5574 75.8095 73.9063 67.7845 70.3855 71.6543 58.4907 51.671 50.5291 53.1618 49.4824 43.9949 49.1017 60.4573 57.3805 66.1034 69.4022 72.6376 64.8663 71.9397 52.1468 69.5608 59.7595 48.9431 54.4306 59.6643 58.3638 47.0082 61.504 53.3839 59.2202 64.2002 60.6476 69.3705 60.9014 54.843 46.0884 51.3538 53.0032 46.1201 52.7177 48.3087 60.9014 52.8446 65.691 62.8997 68.7678 70.5758 67.6259 70.322 82.534 74.3187 67.499 81.7728 63.2486 66.8646 53.0349 56.0166 44.2804 51.2269 55.8897 60.6159 64.7077 47.6426 49.8947 53.4473 53.4156 50.5291 53.1935 63.5341 75.08 67.6259 53.2887 53.4156 66.3254 59.0299 72.2887 73.9063 89.544 84.7544 83.0733 90.2419 86.4355 92.2085 97.8545 82.9781 83.3587 78.7277 72.6059 83.105 90.5908 76.3487 83.4222 81.6459 86.3404 94.2702 104.547 118.155 130.082 147.559
145.539 127.882 110.706 112.401 106.771 99.7661 83.1651 80.6382 73.985 69.155 58.5994 64.453 54.3132 79.8705 73.0893 74.5927 74.9765 93.1769 85.9479 76.0961 89.0186 86.5877 77.2476 81.6937 81.2459 60.9984 71.6819 58.9513 49.8671 58.3115 62.3738 55.0809 59.3031 67.9715 56.7122 65.7324 52.362 73.953 58.1196 67.2678 66.8839 59.3031 70.1786 64.0371 62.4058 72.4496 59.623 79.9664 88.4749 94.0086 107.667 92.2173 72.7375 92.5372 85.1163 70.3385 61.5742 71.7459 88.155 83.485 72.0018 68.0674 80.4782 59.1432 73.0573 73.6651 72.6735 71.1062 65.7004 62.1179 67.4597 70.8823 56.1045 60.7745 53.8014 56.8721 53.9294 51.6903 62.7257 52.2661 63.7173 69.5068 75.1365 87.8351 73.5371 58.6634 67.4917 85.692 83.357 65.2846 70.6903 65.2206 71.458 57.3839 82.7813 86.2358 96.6634 94.5523 91.7055 93.3368 96.6314 92.1853 92.0894 75.6483 67.9715 76.3839 54.9849 53.5775 54.5051 58.0876 61.2543 52.8738 63.9412 63.3974 59.527 64.1651 53.9614 60.0708 59.2711 61.7021 66.8519 65.7324 69.187 64.9328 73.7291 72.2257 67.2998 71.8419 83.325 88.8267 87.4833 100.662 77.2156 80.958 81.2459 65.7964 79.6146 77.5035 60.4546 70.6583 70.9142 72.2897 75.6483 83.7089 101.845 97.1752 108.69 126.443 135.815 148.77
139.497 122.112 126.047 111.082 96.4063 96.245 82.9565 74.9253 69.5712 81.8921 69.3454 58.992 66.2491 56.7665 64.5074 64.7654 64.1203 57.1858 60.5724 62.3141 72.1515 77.9249 73.4739 65.3782 79.0215 70.1195 57.218 52.638 53.8637 54.541 53.1218 50.7996 49.4772 50.7351 54.7668 48.3483 52.0575 47.7355 50.9286 42.2201 51.4446 44.6391 52.9606 47.5742 48.8321 55.6054 66.3781 67.4102 73.5062 83.15 64.8299 87.1172 81.0858 76.7315 85.4078 77.4411 88.0203 83.8919 73.7319 85.569 85.2143 67.2489 75.0221 73.7642 82.7952 71.5709 83.6983 70.5711 64.6041 83.9886 66.9587 61.9271 54.1539 75.2156 73.2804 76.3122 55.9924 70.0873 59.7338 71.1194 68.6681 83.3113 65.733 67.8295 71.1516 79.4086 84.2466 77.8604 83.7306 97.3094 93.2132 82.8597 77.5056 96.6643 101.341 90.4071 89.762 90.3748 84.8917 76.7315 75.4414 68.2488 56.2827 62.5399 58.2502 48.1548 44.6069 49.7997 43.7683 44.1876 48.0257 42.0266 57.3793 45.9615 47.671 51.8962 50.7351 51.5091 41.6718 58.7662 58.5404 59.6693 53.7669 60.3789 70.4098 80.4085 71.6032 102.018 71.7 84.9885 59.3145 80.0537 71.6677 63.5398 59.6371 61.7981 63.6365 64.7332 64.0236 69.6035 72.5063 71.9902 83.6983 90.3103 83.1178 92.1165 112.533 106.534 121.435 148.335
143.222 128.945 107.481 110.148 92.5867 102.278 84.0988 78.4727 80.5866 77.432 68.7165 58.1797 69.1718 70.3425 59.6432 56.4886 49.8544 69.7896 74.7003 71.8385 74.1474 70.6027 66.4075 71.4482 60.6188 73.3995 72.2287 56.1309 80.5215 71.123 57.9196 61.1716 55.1878 65.7245 58.7976 54.3748 55.2854 59.8058 54.765 68.3587 66.1148 70.7328 57.3992 66.505 64.4888 68.1961 57.9196 62.9278 84.8143 78.4077 75.9036 90.9282 99.3836 95.4486 94.3429 107.514 110.733 119.026 90.3103 101.01 89.3672 83.8712 89.6599 85.3346 67.0254 74.18 63.6432 67.0904 65.2042 63.5782 68.4563 60.6188 64.9115 52.1634 55.448 58.5374 57.3342 64.0009 60.196 68.001 83.7411 60.4237 72.0661 66.0498 70.1799 71.9685 73.1393 79.1556 83.5459 85.6598 100.587 104.489 101.27 88.4241 104.717 107.058 99.221 84.9769 81.6272 80.5866 65.5619 69.7571 73.7897 70.7002 74.7979 59.0903 61.7895 63.1879 64.131 58.1147 55.8707 59.1879 59.2854 55.7732 55.5781 58.57 52.8138 58.2122 54.1471 55.3829 59.0578 71.4807 62.2123 64.6839 81.8223 84.3264 64.5538 81.0093 71.4157 64.3262 63.8709 64.0335 57.4317 56.8789 60.5863 57.074 71.058 62.2123 68.7165 56.9114 64.1961 67.7083 78.5377 84.8793 97.3998 92.1314 100.977 119.742 141.368 140.978
139.742 124.594 114.397 109.676 112.495 85.806 76.7565 86.0355 66.5923 66.9529 71.6744 60.4937 52.7886 70.4285 62.1003 56.6247 59.215 76.8221 62.8217 59.6412 71.3137 78.0352 72.7236 80.7894 84.8551 87.1831 89.9045 91.3799 78.7894 103.511 83.6748 90.593 83.019 81.6091 72.2974 78.8222 78.068 72.3957 63.084 63.6741 62.1659 66.33 71.1826 56.4608 71.2154 57.4444 56.1329 59.2478 72.7236 68.4284 71.2809 75.0188 80.2976 83.1174 102.003 102.429 89.7077 105.905 78.3959 112.495 89.4454 82.0682 82.8879 78.2976 72.7564 81.937 67.7726 58.756 58.3953 63.9692 49.2475 56.6575 59.051 54.5919 37.4438 51.018 64.9201 48.6573 46.0015 53.8378 57.2805 57.7067 65.8054 61.5757 76.9205 57.3461 82.56 72.9531 87.511 81.314 99.6097 91.2488 102.823 93.7407 100.692 79.15 76.2647 84.7568 64.7561 69.7399 63.2479 57.7067 53.0509 61.379 57.4444 73.5105 66.3627 64.9857 51.0836 73.8384 69.1497 65.3463 66.2972 66.0677 82.9206 66.5595 75.0515 74.8876 77.4779 92.921 94.3964 89.5438 107.02 86.0355 91.4783 84.9207 79.6419 73.7728 64.625 57.969 59.051 61.3134 64.5922 60.4281 63.4774 66.4611 63.2151 65.3463 66.0349 62.4282 69.8711 80.5599 81.3796 82.8223 86.8224 102.593 104.134 111.381 129.709 143.382
143.459 130.898 119.031 116.221 93.8763 94.6696 93.1821 88.7197 80.1585 79.8279 77.3157 73.5474 72.7872 77.0513 69.3825 76.1257 85.282 84.5548 75.2663 93.1821 80.8857 59.2016 76.7868 72.7211 66.6059 79.1338 91.7608 89.2816 89.7444 82.4393 84.9845 73.4483 86.1745 75.8282 84.687 71.465 68.1925 66.7051 59.4991 50.6073 55.6977 57.8133 48.9876 56.9869 50.9709 54.0119 49.4834 66.9034 64.854 52.3261 63.7632 71.6964 75.2994 70.87 78.6049 78.4065 73.8449 92.8185 96.4546 81.6129 80.1254 98.2726 88.4883 72.9194 79.7949 65.6473 69.68 59.1024 54.8383 55.3672 48.062 49.9131 35.8317 36.2944 47.9959 48.8884 47.9959 47.9629 46.1779 52.4914 52.9211 58.4413 53.45 66.9034 66.4076 61.4824 74.5391 83.1665 101.314 94.273 89.8436 81.1832 88.7858 92.6863 87.695 89.8105 85.2489 90.67 74.4069 72.688 69.1842 62.9037 55.3011 53.7144 46.7398 56.6563 53.5822 50.442 57.9785 51.9625 50.2106 62.3087 59.0693 67.7298 67.862 72.4236 72.5227 81.4145 79.1007 84.5548 87.8272 76.7538 90.5377 85.2489 73.1508 79.7287 81.3484 70.4072 81.5137 63.4657 75.2994 74.6713 90.4055 75.8282 91.0336 73.9772 79.3651 79.894 85.91 79.1007 91.2649 79.299 81.8112 82.4393 108.421 99.6609 106.14 116.85 119.56 149.541
153.582 141.119 109.43 119.56 112.229 89.0035 97.0008 87.6039 77.3407 97.3007 90.6362 84.5716 82.4057 81.7392 76.1744 87.6372 65.4447 80.1731 90.0698 58.547 71.6093 75.7079 70.3097 73.6086 73.7086 71.476 77.9072 67.3774 76.4743 80.8395 87.404 79.3734 84.1717 77.4073 70.8762 68.9768 64.3451 57.4141 62.8789 64.1785 58.3138 61.2128 64.0452 67.7106 57.514 60.0798 73.3087 69.2767 76.6076 70.8096 83.472 79.7066 84.5383 79.8732 72.8755 62.2458 68.3437 80.3397 76.8076 68.1771 89.1701 84.0385 69.2767 91.336 76.6409 66.4444 73.2754 63.2121 67.5107 56.1145 44.585 55.2481 43.5187 40.7863 36.6877 43.2188 40.4198 45.818 54.3484 55.7146 55.8479 56.2145 58.647 73.7086 76.2744 78.6736 85.1048 75.9745 82.6056 72.9089 84.8715 61.6793 69.2434 63.9785 71.0428 73.1421 74.0085 76.4077 80.6396 70.1098 79.2734 66.9109 74.4084 69.8765 77.5406 62.3457 53.682 65.4447 56.0479 57.8472 54.2151 54.4151 63.612 67.0108 75.3414 70.7429 80.473 83.6386 70.3764 77.0741 75.2414 77.9738 64.4784 64.8449 70.5763 73.2421 67.5107 66.2778 57.1142 58.647 65.1448 68.2771 69.0768 81.6059 72.2091 83.1721 90.6362 83.5719 80.1398 90.9361 94.1351 87.8372 108.064 92.8688 96.9341 115.561 107.731 128.823 133.822 148.017
139.328 133.45 120.753 114.271 100.499 97.2745 102.917 105.202 96.6699 94.453 94.7553 100.801 85.7198 72.9895 87.0634 61.1996 75.2735 83.2678 68.4213 69.1939 70.2351 73.2246 57.1689 68.3877 66.809 68.119 63.7188 61.905 63.0135 55.3887 63.5173 85.048 80.2447 82.0922 73.1574 75.4415 75.1056 65.3311 74.8369 80.9165 77.8599 91.9338 83.906 82.8647 69.1267 90.859 83.5029 92.7735 82.9319 70.4031 62.3417 74.1987 68.6229 61.9386 65.1632 59.2179 55.3887 68.7908 62.7447 59.5538 67.8839 76.4492 85.3167 93.4117 81.8906 93.5125 73.6277 86.5931 80.2783 60.0576 59.5874 50.6526 48.3685 58.1766 46.0173 48.6373 55.6238 51.2572 59.2515 67.3465 73.762 72.3513 87.4664 82.1929 88.4069 73.3925 88.6421 83.8388 76.1804 73.2246 60.7294 70.5374 65.8014 53.071 57.4376 68.3877 67.7495 76.1469 77.4904 76.3148 78.9684 76.214 75.3743 88.3398 83.6037 70 79.6066 68.3877 77.7927 79.1027 75.4415 65.6334 82.2601 77.0538 81.5211 72.9895 85.0816 72.9559 74.1315 77.1545 83.3685 58.5461 66.2044 61.7371 68.7236 63.2486 76.5499 68.7236 64.2227 79.405 67.716 65.7342 70.4367 72.0154 68.0518 85.3839 86.1229 82.2601 81.1852 86.19 79.976 95.0912 112.86 104.127 103.455 116.857 112.793 133.45 143.124 144.971
151.507 130.144 120.969 125.506 105.259 102.382 107.223 93.342 89.4147 87.0109 90.2611 96.423 90.2272 97.9465 88.9068 90.1595 89.4147 91.4122 86.0968 96.2537 82.745 84.8779 84.5055 82.6434 75.8721 79.4271 66.6632 86.4015 72.1818 70.963 71.7417 69.2024 79.9349 76.4816 72.6896 82.034 91.9878 91.2091 89.7533 92.9696 100.858 98.0142 98.759 104.887 77.6327 92.4618 91.3784 87.5864 83.6591 75.7706 65.3767 69.6764 65.1735 68.0852 62.4989 56.2693 65.3428 59.4857 58.9101 65.6137 64.6657 60.4336 71.4031 75.1273 74.247 78.0051 88.0266 90.3627 89.584 92.2248 71.8432 63.3453 62.939 57.048 47.2974 52.7821 54.0009 66.0876 62.2957 76.0753 84.9456 76.854 85.9952 72.0802 93.0035 75.3643 71.8771 66.4262 71.3354 61.754 55.8969 61.517 69.3379 59.4179 61.0092 69.0332 67.9836 62.2957 79.1901 71.9787 75.906 88.9068 80.9167 88.3651 92.8342 96.4568 87.3833 103.601 105.835 91.9539 94.8656 80.8829 80.2735 87.1802 79.5625 71.437 78.4114 82.7788 75.1612 71.3692 77.9374 65.6814 84.7087 68.7962 81.7293 74.2809 85.6905 79.3255 79.1224 86.0291 85.5889 88.7376 74.5179 87.8573 76.2446 90.8028 88.162 91.9201 86.4353 91.1414 91.4122 95.5765 102.653 97.6756 108.577 111.624 121.68 126.183 130.482 144.973
147.755 136.05 125.267 120.627 119.773 108.752 99.6065 96.6036 96.3989 96.3647 84.3533 83.0907 90.6661 85.377 81.3163 80.0537 81.7258 84.1485 83.3978 86.7078 88.8234 103.394 82.6471 80.4291 111.925 96.8766 91.2462 95.3752 99.0605 92.1334 95.068 99.7088 93.3619 107.25 105.817 95.1363 98.3439 102.336 107.557 116.736 104.316 107.557 109.059 101.688 92.1675 91.2803 87.868 76.6072 74.1503 72.7513 80.3608 63.5721 73.3314 60.3303 63.265 77.1532 63.4014 63.5721 66.7797 64.1522 60.7057 64.5958 74.3551 67.9057 78.4158 75.9589 74.9011 91.2121 83.8073 86.7419 84.4215 95.1363 74.9011 78.1769 71.0792 61.4223 67.8716 84.7969 73.3314 94.2491 101.859 77.0167 89.1306 83.5002 73.4679 62.0706 69.8508 63.3673 57.6687 65.6877 57.0545 55.8943 73.2973 66.4726 72.9219 62.9237 70.9427 66.9162 63.8792 63.845 73.2973 87.2538 78.211 80.975 91.9969 95.614 85.7182 105.919 95.5799 101.893 115.167 117.453 91.2121 110.492 85.7182 112.71 95.5116 108.24 106.261 81.4528 102.882 92.5429 104.998 101.927 81.1798 94.8974 100.869 100.187 93.7714 85.6158 83.5343 84.7969 84.4556 83.1589 79.4395 77.5286 84.831 86.3666 81.9305 90.9391 88.2775 83.5684 99.5382 100.323 101.449 110.082 121.07 137.825 133.355 134.617
154.586 146.642 134.742 124.941 120.23 111.632 109.465 105.923 89.897 98.0476 104.341 85.9421 93.1298 85.0824 99.5952 73.5959 78.8577 81.6777 85.1855 83.8787 80.2677 79.5111 92.8202 92.3044 84.2226 92.7858 102.965 109.259 108.399 105.51 96.2937 121.158 108.158 128.311 122.293 134.123 123.6 117.925 125.354 122.155 127.417 112.767 127.005 122.534 115.862 122.259 107.436 105.098 96.0873 108.606 82.6062 80.8523 82.5718 75.5218 84.876 78.3762 76.1408 77.7915 67.4056 75.1779 76.4503 68.5749 75.0059 82.1592 78.4106 85.667 77.3789 84.0506 82.4343 94.6086 104.238 81.7465 78.9608 82.7438 87.0082 75.5562 79.2703 85.3919 75.3154 87.696 86.1141 75.0403 79.4767 78.1698 77.482 68.3685 72.9425 71.842 68.9532 70.8446 68.4029 78.1355 66.8209 70.6727 71.4293 80.0269 68.4373 80.9211 91.7541 85.3575 100.421 86.4924 111.598 103.756 114.039 115.243 122.499 114.521 113.902 119.954 122.362 125.216 133.883 134.708 125.457 121.674 130.856 106.301 113.179 101.865 105.992 105.132 101.831 97.9788 84.4633 89.5531 88.8653 79.9582 75.5905 80.9211 84.4633 89.8626 93.0266 91.1007 86.3548 94.9525 83.5004 83.6379 85.8733 91.0663 98.1852 94.0583 105.063 117.444 110.084 102.415 126.282 133.607 138.766 155.446
147.434 138.458 134.749 135.096 126.778 122.758 114.163 115.445 88.8624 99.9529 93.3679 95.0661 91.7736 106.85 91.2884 76.9401 96.8337 94.1997 97.007 98.8438 101.755 86.0551 92.3628 91.739 91.8776 95.9672 97.9081 104.909 110.697 106.607 111.875 117.039 116.381 118.945 114.925 109.137 113.92 114.682 123.971 112.776 113.331 121.233 122.688 133.259 129.551 129.377 139.497 123.035 125.288 123.971 125.946 133.571 125.01 116.45 111.251 113.989 116.797 99.2597 108.167 104.216 92.7787 107.508 98.8438 102.414 101.339 94.0957 84.9807 94.9621 91.4271 108.409 93.4026 103.627 82.9706 82.52 83.5944 77.6679 89.3476 99.6063 94.4423 107.231 91.6003 92.1895 87.3721 80.7871 94.0264 93.1599 93.8184 105.394 96.2098 99.2597 104.978 114.648 106.295 108.201 116.658 120.817 124.629 127.159 121.059 131.006 129.204 127.714 124.733 140.78 126.015 134.299 111.598 111.009 118.98 135.512 136.759 114.197 113.677 115.168 115.306 111.875 120.817 108.964 115.895 113.157 111.251 98.8092 98.7745 96.0019 103.696 97.8387 102.102 94.8235 95.4127 87.9266 82.8319 92.2242 94.8582 84.1489 97.3189 92.2242 89.1743 98.7745 94.9968 105.255 105.671 112.776 106.85 113.261 112.499 128.303 134.368 142.859 132.462 152.321
159.991 141.935 122.307 130.828 114.414 114.239 104.949 106.311 101.387 95.5543 108.546 101.561 90.595 103.797 96.9164 101.771 103.447 105.752 108.372 93.843 104.355 107.673 109.35 109.769 109.699 112.283 115.357 117.313 118.29 125.939 120.98 122.237 125.694 114.728 112.388 106.905 104.67 110.956 106.171 93.8779 120.84 113.645 120.211 113.261 126.568 130.444 133.483 141.62 136.661 141.83 131.038 129.851 141.83 140.433 133.937 132.819 139.001 116.893 156.009 145.078 130.549 136.451 131.003 118.849 123.809 131.317 114.938 110.013 113.82 95.4845 103.727 117.313 115.077 107.568 110.153 99.9199 107.429 116.439 96.7418 112.283 93.9827 120.63 102.155 118.744 124.263 128.873 124.612 129.99 127.755 134.705 128.349 146.335 135.927 134.461 135.334 137.429 132.819 131.038 136.172 138.232 127.755 128 129.152 126.079 132.121 122.132 128.733 115.671 119.722 116.3 93.7033 101.771 111.096 110.956 107.813 106.556 111.62 116.928 124.158 109.559 115.741 113.61 121.678 105.194 118.605 111.69 115.322 107.289 105.054 105.787 96.8466 99.0468 96.3925 89.687 94.5764 104.565 101.771 108.721 99.6056 104.286 119.129 115.217 115.147 127.615 111.934 119.373 124.682 127.79 140.293 151.574
147.982 144.041 136.439 138.445 126.515 131.372 126.304 117.611 128.943 125.248 118.28 118.773 117.858 125.037 119.899 115.641 116.556 119.266 110.292 118.773 128.521 127.395 138.304 122.75 139.079 119.23 127.078 124.509 138.551 120.216 121.553 130.281 115.817 113.459 120.497 126.867 110.362 114.726 118.351 102.69 112.966 122.327 107.476 125.389 112.438 139.43 136.474 128.908 114.268 137.847 125.354 111.629 129.788 116.696 123.911 120.286 124.333 140.451 136.158 142.527 136.545 144.393 146.539 151.009 150.34 155.126 152.24 155.408 146.398 135.806 138.128 126.585 119.899 118.491 128.838 123.277 125.917 125.248 111.207 134.856 142.879 143.829 142.563 158.258 141.648 152.064 140.064 149.108 135.665 140.768 137.354 130.949 131.547 129.471 119.23 115.957 119.23 133.835 128.38 131.97 125.424 136.861 143.337 116.837 124.368 122.116 123.489 125.565 135.559 118.632 112.368 115.43 108.356 120.532 122.609 115.007 118.175 114.374 129.049 124.298 118.667 134.75 129.682 134.046 132.955 130.069 133.483 128.521 109.658 134.468 113.776 122.046 118.808 115.113 126.797 122.151 117.048 109.693 120.356 109.588 116.978 118.034 126.093 127.043 123.031 128.239 132.744 138.938 148.968 146.715
158.076 138.68 120.242 118.398 123.433 123.61 132.723 119.745 116.412 115.171 103.54 104.852 109.959 109.427 119.178 126.447 127.546 134.922 120.525 130.028 136.056 137.9 128.468 135.134 128.894 133.22 130.383 123.575 128.645 118.681 126.979 126.589 130.099 127.83 130.206 110.384 118.043 122.121 121.057 112.937 129.142 127.83 123.929 108.788 122.547 122.476 122.582 125.277 121.412 115.526 126.482 126.873 119.639 132.794 126.022 125.88 126.802 136.446 125.702 132.865 127.759 123.539 136.127 128.007 144.035 141.198 136.695 140.028 145.843 148.077 157.722 146.694 157.403 131.518 147.049 131.695 138.929 141.73 155.488 140.524 145.559 139.319 141.163 135.347 150.488 131.801 132.652 118.008 128.752 125.915 134.071 130.418 125.419 125.915 128.433 130.312 137.475 131.305 130.808 134.354 126.731 131.376 119.603 130.95 117.582 112.512 111.164 129 102.583 111.164 125.561 124.71 123.575 129.709 125.915 114.887 122.901 126.518 125.277 116.909 122.334 122.795 133.822 128.894 140.276 126.766 127.794 126.66 125.702 125.951 129.284 122.44 133.078 127.05 120.206 107.122 118.717 121.554 115.136 115.065 115.419 106.661 100.916 117.653 115.561 115.277 105.845 126.589 135.525 148.361
143.619 133.473 129.507 121.183 124.47 122.076 120.683 117.861 111.894 107.429 108.465 104.356 108.572 108.572 110.537 121.969 126.649 118.254 119.04 118.397 115.646 112.68 120.719 123.684 127.9 117.039 115.038 112.859 99.5331 105.857 94.7815 110.465 108.75 107.179 85.5285 91.852 98.1755 104.999 100.283 104.32 103.213 107.536 97.1395 105.392 106.464 115.431 119.576 118.682 114.359 116.324 128.221 113.395 118.254 130.15 130.794 128.043 115.324 122.076 122.541 121.005 116.646 121.683 110.394 121.398 124.756 129.114 132.115 133.759 135.509 155.587 137.724 143.262 138.546 136.331 133.473 129.472 136.367 139.475 152.336 144.62 143.834 140.475 129.543 130.186 127.007 128.078 118.039 109.572 126.649 108.107 121.005 120.397 124.899 125.613 125.935 117.182 124.041 127.4 128.971 125.756 127.042 117.468 112.716 119.075 111.93 98.1398 115.967 110.644 108.179 94.2814 88.2437 105.035 101.141 98.9972 97.8183 106.178 98.1041 110.965 102.784 86.8861 102.391 118.289 116.324 101.641 111.716 109.572 129.579 128.543 121.005 125.399 122.934 119.504 118.397 117.861 121.648 111.466 117.325 105.857 109.572 110.608 105.964 111.573 117.182 113.824 130.079 127.935 132.258 132.401 140.154 150.729
148.04 147.393 142.497 138.178 123.673 128.928 120.578 117.338 121.513 109.924 131.052 124.717 121.837 121.477 133.643 106.54 128.424 118.49 118.85 108.664 97.6858 106.792 106.576 88.4715 102.689 83.9723 96.1741 93.6185 103.589 87.1757 98.7656 95.1663 95.8861 101.501 91.5669 109.204 105.532 99.9534 92.6467 90.1992 93.1506 107.152 97.9017 94.0505 102.761 100.997 98.4776 111.111 103.553 105.136 108.484 110.643 117.014 108.628 124.861 120.326 109.564 105.784 117.878 94.0865 116.33 95.1303 105.46 109.924 109.744 110.823 120.757 129.216 114.855 131.16 128.28 113.595 108.088 102.005 89.9832 86.1679 93.6545 96.2461 107.08 122.557 134.111 132.527 132.851 114.207 115.502 107.944 102.293 100.961 100.133 112.623 96.57 93.8705 107.656 115.61 130.296 116.798 111.111 111.579 100.637 116.906 94.3024 99.5574 89.0834 108.736 86.8518 99.3775 98.3697 90.1632 113.379 109.456 97.7578 95.9941 96.354 88.3275 103.409 90.5591 85.1601 90.0552 105.388 86.5279 91.7109 89.2634 105.352 84.9802 85.952 98.0457 95.7062 102.725 107.908 109.132 113.199 117.086 108.52 119.714 122.413 108.808 130.872 116.942 115.61 113.523 120.29 118.418 128.064 130.98 128.964 136.055 135.767 143.253 144.441 153.619
161.25 152.366 147.036 149.538 138.188 134.671 135.686 112.552 130.32 121.545 110.921 119.478 114.365 114.945 118.499 103.85 107.004 115.888 96.3439 107.331 95.2198 103.632 116.904 98.2657 99.1359 93.7694 91.9564 84.0516 104.285 100.151 100.514 94.6759 100.079 104.865 95.8362 99.0634 93.298 79.7004 81.3683 74.914 72.9197 82.8913 60.1197 76.727 81.7672 73.6086 70.8166 83.2901 76.6545 77.0896 78.1774 81.4771 96.3076 92.3552 98.4833 97.2141 104.611 103.487 99.8611 109.071 103.233 107.295 114.22 117.52 104.357 100.985 110.594 97.8306 104.212 92.0289 78.8664 77.9236 74.6964 66.284 62.9481 63.3832 59.5033 78.1049 79.9179 81.187 86.8074 89.0193 112.915 103.596 107.73 100.55 103.161 106.243 100.478 98.1932 105.228 105.808 110.449 106.025 114.547 98.3745 91.5575 105.518 86.6261 85.9009 83.1814 72.1582 74.0437 78.5763 75.059 75.5304 74.5876 85.3932 80.3531 81.0057 84.378 87.2788 100.187 95.7275 88.8742 87.859 99.9699 90.6147 97.4317 104.756 95.4374 119.696 95.5824 89.7445 96.4889 103.632 98.302 101.203 89.1643 87.8952 97.8306 100.731 107.693 101.384 117.592 112.806 121.001 128.688 121.617 122.089 124.845 128.833 126.73 132.024 127.745 145.114 145.042 151.17 164.006 166.834
167.771 164.849 148.704 140.594 144.832 131.17 122.806 111.884 124.486 126.166 121.417 128.906 121.271 111.592 102.752 104.03 100.67 110.24 98.9896 92.4511 98.4417 94.3871 75.4293 102.861 96.5788 96.2135 87.7026 76.1233 70.973 71.9592 73.4568 77.4383 71.1191 72.1053 67.028 69.2927 77.1461 56.8368 61.1836 70.352 63.7405 54.0242 58.8093 59.8321 64.7633 63.6675 66.6262 67.101 72.1053 86.899 75.4293 83.7941 82.5157 93.3643 86.6798 96.5422 81.2007 92.7068 101.546 105.017 113.089 99.6471 103.044 103.629 85.9492 87.0085 90.7344 90.2595 76.5617 82.9905 64.0693 57.3482 56.4715 47.778 39.9976 44.2714 49.8601 53.5493 61.2932 65.3843 73.5299 66.407 78.3881 83.1366 90.3691 100.816 89.7846 94.8254 97.2362 107.574 104.432 96.3596 106.989 100.232 98.9165 88.3235 84.0498 91.6841 84.6343 81.8582 74.7353 65.7861 67.6124 67.028 69.5849 66.9549 59.8321 64.7998 67.1376 57.7135 64.5076 63.8501 63.9597 64.5806 59.6129 73.7491 68.4891 83.3558 72.9455 69.0735 78.1689 82.9175 95.556 85.9492 103.665 94.0584 96.6518 93.9853 90.4787 99.8662 105.345 93.2182 110.788 103.848 123.134 118.532 110.204 99.1357 110.642 107.062 113.601 119.883 122.477 120.504 134.823 135.517 137.234 151.699 157.945 165.725
156.414 145.339 148.908 119.472 138.017 132.313 117.816 132.608 110.2 125.249 121.312 116.271 111.745 113.291 102.915 97.101 91.6186 94.0103 99.1615 95.1877 93.348 85.5107 85.1428 83.9653 80.2491 79.6604 81.3897 76.2385 65.3105 78.0782 63.5811 63.8387 76.3857 74.3252 56.4798 67.5917 73.3685 62.0357 71.6024 60.7847 57.9515 61.9622 63.25 62.9924 67.6653 78.9981 78.9245 67.7757 73.4421 75.5394 75.429 63.3604 77.1951 71.5288 63.2132 66.4143 71.9335 80.3595 88.6383 92.3177 95.5925 93.0168 106.778 104.754 106.005 89.5949 77.4527 66.3775 66.819 53.2786 54.7136 42.7554 43.3809 39.3703 42.2034 41.9827 40.9892 46.2876 47.7594 53.0211 58.5403 69.1003 71.1608 81.7577 80.1755 81.2058 92.98 107.955 94.8934 101.038 90.8091 91.2139 84.0757 74.4723 69.9466 69.2843 74.178 62.4037 67.8861 70.1674 58.9818 67.5549 80.7642 65.936 65.0897 62.4405 68.1805 72.5222 56.8477 62.5141 67.003 65.936 56.4062 62.7348 56.4798 62.8452 71.4552 65.1633 71.8231 63.066 69.8362 76.6064 82.4568 77.7838 73.1477 70.9033 79.1453 88.0128 82.4568 96.1444 102.179 90.4412 96.3651 103.54 110.126 103.062 104.35 110.752 112.334 117.448 118.883 103.982 122.673 120.502 125.985 135.294 145.044 141.439 147.289 153.986
159.217 151.249 148.581 142.651 130.087 129.308 119.042 117.449 112.371 109.777 108.813 96.9165 103.662 90.4307 84.8714 96.5829 99.2514 93.3956 81.5358 86.5021 87.9475 84.5008 91.0978 88.2811 82.4624 79.3121 83.2036 79.2009 76.1989 71.6033 80.5722 75.7913 67.5265 65.5993 64.7839 77.2737 76.3101 71.7145 77.0143 89.9859 78.052 77.7185 70.7138 74.42 75.606 58.1499 64.7098 61.3001 56.1485 55.0367 55.4814 53.7395 51.4046 54.036 52.4794 57.8163 66.1182 70.7138 83.3148 83.0183 94.6928 94.4704 108.813 99.8073 85.4644 79.6086 78.8303 72.3075 60.3365 44.1405 51.7753 53.8137 44.6965 42.9546 37.9512 32.9479 43.3993 41.9539 40.7679 45.8824 52.1459 61.819 57.4086 82.6106 89.2817 98.436 89.0594 112.112 97.25 104.032 91.1348 84.649 66.6 60.1883 61.9672 52.1829 57.4086 59.0394 57.9646 62.3379 59.8177 56.2227 65.3399 64.821 67.3041 67.5636 68.1195 60.6701 74.7906 63.0791 72.3816 77.5702 70.1579 62.5602 79.5716 68.0454 70.4544 72.7522 65.0804 70.5285 75.3095 83.5742 80.5722 86.0944 75.1983 87.5769 79.3492 86.2056 93.7662 86.6133 88.6517 81.1282 92.1355 93.7662 94.1739 98.2136 86.7986 91.3572 90.616 117.041 112.001 110.889 119.524 127.27 126.455 124.083 138.463 148.988 147.543 159.625
159.394 156.819 128.934 123.036 131.286 122.513 117.362 113.629 115.384 111.053 104.185 101.423 99.9294 101.124 91.0078 100.452 87.4615 89.3653 83.1687 92.7995 99.2574 84.0646 75.8896 85.6697 75.6283 71.2235 82.2728 82.6461 77.532 70.4396 88.768 84.7738 70.1036 91.605 86.5283 96.0472 82.4968 73.4632 76.1135 66.1094 70.1036 75.5909 73.6498 61.7046 57.8224 55.6573 61.4806 57.6358 56.8519 55.8066 55.5453 48.5648 58.457 56.4039 53.4549 61.9659 57.7851 71.0368 78.7639 82.9074 91.1571 88.9547 92.5382 94.7033 91.8663 78.2786 78.2786 69.9543 58.6063 52.9697 69.6183 50.5806 46.5118 43.0402 37.2169 40.1285 41.5097 41.2857 48.9381 41.3977 60.9954 69.245 73.1272 76.7481 76.5242 85.3711 98.7348 76.9348 77.1214 97.7643 81.2649 82.4968 64.3176 66.52 60.0621 59.9501 47.669 54.1642 50.2073 48.6395 53.6416 64.8402 60.2114 56.3666 54.2762 65.5868 64.4669 66.968 70.2156 71.7087 73.1272 80.705 86.6403 77.9053 80.6303 84.1766 81.7875 74.0978 86.4536 78.5399 87.3869 82.1981 87.8348 75.4043 78.2786 85.7071 77.6814 83.6913 82.1608 83.0567 95.8978 75.8896 89.3653 91.5304 83.9526 98.3615 90.8211 96.3085 112.621 104.297 113.293 95.3379 117.586 112.509 118.78 133.563 135.317 134.72 158.498 156.072
157.64 137.113 131.097 122.638 117.713 114.329 110.607 99.4038 105.194 98.3887 92.3357 95.2306 98.0127 99.4789 93.1628 91.659 85.9068 97.9375 108.84 90.3431 89.4408 88.5761 91.6966 82.9743 85.0045 94.1779 85.9444 89.1776 86.3204 94.9674 79.0267 83.5758 80.8313 72.6354 70.6804 74.0641 90.0424 65.9057 83.3503 84.9669 74.816 77.4853 59.8904 62.3341 66.3569 63.3868 73.5377 59.74 58.0858 56.7323 65.0786 63.1988 65.5298 62.3341 69.4774 63.2364 92.9372 80.7186 93.3884 71.1316 74.5152 71.7707 73.8009 79.8163 75.8311 76.583 77.2221 67.56 64.5899 53.5743 60.0784 41.6563 58.0858 50.0778 40.0397 38.6863 50.717 54.3262 53.6495 55.9052 66.8832 75.6431 70.7932 71.094 72.6354 83.8014 78.5756 75.5679 75.6055 76.2822 86.3955 86.17 84.7413 72.2219 70.4549 85.4556 63.4996 64.5523 57.7474 60.0408 58.1234 71.5075 55.6044 70.0413 60.5295 68.9134 63.3116 70.9812 69.2894 69.6653 65.3794 79.2523 66.2817 80.3802 73.7257 82.7487 82.5232 70.4924 95.8321 76.6958 91.0199 93.4636 89.8544 86.358 85.5308 88.8017 87.1475 95.2682 87.9746 100.005 92.7869 92.2229 95.3434 86.8467 84.6661 104.141 92.4861 89.4784 87.2978 99.5917 98.8774 105.118 106.246 112.224 118.427 111.51 135.684 137.376 156.963 153.692
156.034 136.761 125.478 114.839 111.848 120.367 104.161 86.7443 88.1831 85.1919 90.3413 95.1121 84.6619 79.1339 86.3657 79.096 86.5172 86.4793 92.6888 97.8761 101.549 113.892 106.471 104.578 103.025 105.032 105.752 94.9606 104.199 106.32 86.0628 80.4591 92.4238 80.762 86.6686 82.0872 79.7775 82.3901 84.3211 79.4746 80.9891 82.6551 72.8486 69.4409 75.499 74.5903 67.7749 76.597 69.7059 66.4119 64.4051 76.332 76.7863 83.1852 82.5415 87.5395 93.1432 88.8268 87.8424 87.3501 81.1785 64.0643 71.7884 62.8527 60.9974 64.1022 70.1982 73.568 78.0737 68.3429 64.3672 61.679 55.6966 51.5317 51.1152 48.7677 48.6919 53.5384 53.6141 66.2604 75.6504 72.4699 77.3164 68.7215 61.679 69.0623 68.0778 63.2692 80.2319 77.2786 88.7889 81.4435 95.9829 81.1785 92.7267 86.4414 74.401 79.8911 72.8486 74.8553 63.3449 69.7438 69.138 85.3434 75.3854 77.6193 69.3273 77.7329 78.4145 79.4746 86.3657 76.9757 94.3548 75.8019 94.3548 85.1919 77.3543 87.7666 91.1365 84.2075 85.0026 102.117 106.698 114.612 116.391 99.277 101.965 122.108 97.3839 91.0986 98.9741 97.4217 88.1831 97.2324 87.5395 80.8756 89.8112 103.896 88.7132 83.1095 106.017 93.9005 107.796 102.95 101.511 122.979 127.712 118.133 140.624 148.991
147.259 140.434 131.702 115.992 106.193 110.082 94.9061 101.426 80.5691 103.295 89.4153 88.4239 93.3046 89.2247 105.621 111.874 95.4399 91.36 97.4989 95.3255 106.574 99.9774 104.134 100.244 98.1471 95.0205 79.1202 86.5174 87.7757 85.9073 90.9405 94.9061 111.416 83.8864 81.408 86.7843 99.9393 89.9873 84.4584 75.4215 82.0181 83.5433 83.8864 85.1066 85.8311 76.2985 72.2186 83.2001 81.4842 88.6527 99.0241 88.6908 102.036 93.7622 100.931 105.926 96.355 89.2628 74.7733 86.975 80.6454 82.1325 71.2272 61.4659 71.456 64.44 71.9517 62.7623 72.8668 67.1092 62.076 56.5471 52.124 56.1658 60.0169 42.6677 52.6959 60.1695 56.0133 66.3466 67.4142 72.7143 59.7882 63.2199 70.274 64.0206 76.6798 64.2494 66.6516 73.5532 84.1915 83.0094 85.7167 99.2529 106.841 102.913 88.9196 88.4239 91.5887 87.1656 93.0377 84.7634 77.2899 76.3367 79.0439 74.6208 89.7585 85.526 85.7167 83.6958 84.8016 84.1915 93.8003 84.1915 101.998 85.2973 82.5519 99.1385 92.8852 91.0549 85.7548 83.3908 90.0635 88.2333 105.659 94.4485 94.8679 86.7462 104.095 92.2751 93.114 112.904 92.0844 96.7363 81.5605 94.7154 85.9073 95.3255 96.2788 95.2111 89.2247 92.3132 98.9479 98.9097 112.37 115.535 112.446 128.766 136.811 156.219
146.678 136.118 118.072 120.683 103.481 113.502 98.1819 99.3723 103.097 89.6577 92.4991 103.135 95.8013 103.942 100.908 107.32 105.785 99.6794 105.9 91.616 92.6911 78.4841 70.1519 79.2521 80.1352 74.798 69.0384 68.4624 69.192 62.2804 76.0651 76.833 76.1419 81.1335 75.2587 81.9015 73.6844 89.389 80.9799 89.0434 78.5993 94.6494 89.2738 93.9966 90.3873 90.0417 90.5409 95.3021 90.3105 100.831 95.7245 98.1819 105.823 101.254 114.27 95.5325 99.7562 82.2087 96.3005 90.1569 77.9466 72.6861 82.9766 70.0751 68.5392 71.803 58.7863 70.0367 67.0417 66.2738 70.9198 65.8898 76.7946 63.202 70.6127 58.7479 63.202 73.4925 66.197 69.5375 67.8481 62.9716 72.5709 77.2554 62.9716 66.2738 70.2671 72.8013 60.8213 82.631 74.99 94.1502 96.7612 95.4557 103.75 89.8881 106.437 102.406 111.429 109.356 96.0701 85.3956 77.1402 89.9265 87.3923 96.5692 86.0868 94.803 92.8447 82.9382 92.3455 87.3923 96.9148 73.7228 79.4824 78.4073 77.8314 75.4891 63.2404 65.9666 73.9916 68.9616 76.7946 70.8046 65.8514 77.9849 75.7195 94.3422 75.3739 83.8981 97.7212 89.5425 100.217 99.2187 105.631 111.928 103.058 98.2587 95.6093 110.315 101.215 101.215 98.1051 100.179 108.972 116.958 109.624 114.616 135.926 155.202
140.429 124.963 121.29 112.397 127.593 116.419 111.006 117.463 110.271 121.677 115.413 112.784 107.255 115.413 104.626 97.6663 92.2147 83.6312 84.0951 80.8473 73.3078 75.8596 72.0318 65.3042 58.422 64.7243 70.0213 62.4431 60.2005 71.4132 63.951 64.6469 60.2778 59.6979 56.3341 61.5924 64.6469 63.2937 61.3218 67.8947 71.7998 78.2181 81.1953 86.183 79.4941 95.5785 83.1672 98.8649 96.1198 115.684 100.296 126.703 120.594 110.116 104.046 110.735 98.517 80.0354 87.5749 92.1373 77.5222 101.223 73.5397 64.9949 70.0213 73.9264 69.3253 72.6505 82.5099 72.9211 68.1267 80.886 75.0477 69.4027 62.5977 67.8947 67.8947 72.1478 72.3025 69.3253 70.1759 76.8649 78.5661 82.5486 71.9545 75.8209 88.3096 82.1232 82.8192 90.8227 88.8509 92.3307 95.8491 111.74 112.552 107.912 120.44 119.628 119.512 102.693 112.668 93.2199 98.9809 90.0881 89.3535 80.538 78.0248 81.7366 75.9756 66.1935 70.4466 65.0336 67.1601 54.1689 64.3376 56.6047 61.9791 61.4378 58.1513 60.9738 64.0283 53.0089 68.5134 66.9668 66.6961 63.487 58.3833 62.2884 79.6101 77.2902 73.4238 79.9967 80.6153 102.963 92.3693 102.847 108.918 103.543 113.557 109.072 118.043 108.299 114.215 116.457 113.596 127.206 125.466 114.099 138.612 145.03
154.948 139.92 141.867 118.469 132.289 114.186 123.647 115.938 123.724 100.288 100.21 101.3 84.9097 95.0319 86.3112 62.563 81.2501 66.8455 71.5562 71.5562 69.7264 57.2294 56.8011 59.2149 53.8813 62.7966 50.4163 46.4843 58.4752 46.7957 61.0836 55.0492 56.1393 58.0469 51.779 55.9057 53.0637 60.0714 59.2927 55.8668 58.7866 64.4706 64.3149 75.7219 76.4226 80.2379 88.3746 96.667 101.378 109.164 101.027 98.4189 109.982 107.295 100.988 102.779 113.875 96.667 105.777 90.0876 89.6593 104.726 91.4891 84.0921 101.689 81.2501 83.2356 81.7952 62.5241 76.2669 81.328 75.2936 82.1456 81.912 74.5539 84.9876 83.625 68.2081 76.3837 75.9554 70.1936 89.1143 89.2311 83.5082 85.2211 98.7693 101.066 89.1143 99.8983 103.636 104.609 87.9853 100.872 107.801 94.954 101.65 94.409 109.514 109.865 118.391 100.716 105.504 95.7327 89.7761 71.8287 73.0745 66.4561 65.4829 61.1225 56.3339 58.3195 54.3874 50.8057 58.553 55.0492 63.2248 53.1416 54.3874 58.3584 58.9813 53.1026 50.4163 49.1316 58.6309 52.2072 62.6798 65.2493 57.463 58.553 65.1714 75.3325 64.8989 71.4783 75.9554 73.6585 78.8753 84.17 103.908 95.538 97.3678 105.154 119.52 118.196 121.739 111.539 127.695 132.406 133.963 141.867 141.244
153.972 133.275 123.75 131.472 120.065 101.76 114.499 96.4679 91.9601 84.7083 81.298 86.7074 74.8694 73.4975 78.6717 72.3607 69.8128 62.1299 68.5585 62.2083 63.345 55.8581 51.2718 62.9922 66.4025 50.4487 61.0323 61.6987 60.7187 63.0314 46.176 55.9365 56.1717 66.6377 51.1934 53.7022 54.6821 59.1116 58.4452 53.7806 61.5027 60.5619 62.2475 60.7579 68.2449 91.5289 88.1578 89.4513 88.4322 97.5263 102.23 96.5855 102.113 100.192 92.1168 100.662 103.21 103.367 97.4479 98.7022 102.936 84.6691 113.127 104.739 92.9792 105.836 100.662 99.3686 93.332 89.8433 91.7641 87.8442 86.5506 81.0628 73.9679 71.3416 86.825 83.8067 96.5855 81.2588 109.247 102.504 92.2736 85.6491 91.9992 97.2127 93.6848 92.548 102.74 96.7815 95.7623 102.975 100.309 89.2161 92.0384 89.7257 107.796 87.6874 89.6473 95.8015 105.523 101.368 91.0977 88.4322 79.6125 77.339 66.7945 63.3842 62.3259 66.7945 56.0933 66.3241 53.4278 56.9948 54.3685 59.5036 51.8598 56.4069 50.0567 52.7614 52.5654 61.6203 59.9347 58.6804 63.933 49.1551 58.014 51.6246 60.5227 69.3032 62.0123 66.3241 73.7327 66.1281 63.8154 86.5506 70.0088 85.5707 86.7858 78.0837 95.8799 104.856 111.324 103.445 101.329 113.127 129.787 124.809 127.748 148.328
156.561 139.314 134.618 117.49 112.122 112.201 100.677 90.4555 89.1926 103.361 95.9018 91.9158 76.6031 82.1283 88.9558 78.1422 81.2206 66.3814 55.7651 49.7269 64.6844 60.1853 59.1197 67.7627 59.5933 62.1981 56.9491 54.1865 54.9364 61.1325 61.2509 62.5138 53.7129 56.9886 62.0402 62.6322 59.3565 62.1981 62.5138 69.1046 65.7105 69.6176 81.1022 69.3808 84.1805 87.7324 98.9407 93.0998 105.926 100.125 85.8775 82.0888 89.7452 76.09 69.2624 79.2078 82.5229 89.1137 80.3523 78.3396 93.1787 85.6407 94.7573 84.9303 75.6954 116.779 89.2321 110.623 91.9552 103.953 88.5612 89.8241 88.5612 100.756 83.2728 98.3487 91.7974 90.4555 100.085 103.242 100.519 99.6905 101.348 96.6911 82.9176 71.9066 74.9455 83.1544 84.4962 80.3128 83.036 87.2588 81.9309 73.6037 58.6461 78.1422 79.5235 79.7209 77.7081 87.6535 96.8885 85.6013 89.7846 104.742 96.849 84.6146 79.9182 81.8125 73.7615 66.8945 66.855 67.0523 61.1719 55.6073 59.396 66.2236 58.1725 61.5271 52.6079 54.8574 55.2915 53.4367 57.7384 61.1719 70.9595 57.3832 59.3171 62.869 67.5654 58.4488 64.7633 72.696 67.9995 80.0761 78.8131 57.0675 96.6122 81.6941 85.2461 93.1787 112.556 97.7567 96.8885 103.874 104.584 116.463 107.742 119.858 142.787 152.614
153.409 121.9 131.675 124.006 109.424 122.298 100.643 98.8952 96.5112 109.385 112.881 92.5379 97.3058 89.5977 98.8157 74.0621 72.1152 80.5783 68.6584 66.3937 58.3279 68.579 65.0825 56.9372 58.7252 62.9766 63.6124 56.7386 55.3082 59.4801 63.5329 57.7319 57.6524 67.7843 63.2548 62.5396 75.4528 73.3469 66.4731 77.5983 70.8835 84.7502 91.9816 85.1476 94.2464 93.9285 81.7703 104.378 92.22 83.7967 89.4387 65.2017 69.3736 80.8564 75.2938 66.3539 66.5526 64.0891 66.7512 65.599 70.6848 78.3533 74.0224 87.3329 82.3265 77.0023 96.4714 90.7499 106.842 100.723 89.8361 92.1008 96.4714 100.723 86.0217 80.8564 91.624 96.392 100.683 103.306 94.4451 110.537 107.001 89.5182 96.233 74.38 73.625 72.3139 74.3402 62.3409 54.8711 62.4601 70.1285 75.9295 79.585 64.5262 73.9429 70.3669 75.7706 81.4921 85.0681 86.578 100.445 111.212 97.6634 96.6701 95.0808 86.5382 83.0815 79.8234 77.3202 66.2347 68.7379 58.9636 60.5132 74.2608 57.8908 57.0167 58.9636 52.3282 59.2815 61.8641 56.977 60.5927 60.8708 66.0361 58.4868 64.6851 76.0487 52.4077 66.3937 67.9035 70.9232 97.3456 77.8367 103.504 85.4257 88.8427 97.9018 91.4651 105.531 95.9947 115.225 96.9085 121.066 112.126 118.921 140.813 128.059 148.998
135.56 122.24 114.04 109.16 104.96 113.24 110.64 96.16 92 96.48 108.68 100.48 89.56 94.6 94.92 85.88 96.76 99.56 91.08 72.64 70.04 78.88 81.36 69.88 78.44 67.84 59.64 64.4 67.64 68.2 64.44 57.48 74.4 66.2 70.68 75.12 75.48 80.72 73.88 86.72 85.08 91.32 95.16 93.88 96.16 93.12 90.64 77.76 70.2 74.36 75.76 78.76 72.16 72.68 68.24 58.28 53.28 63.92 76.64 62.04 68.4 75.72 80.92 87.12 97.8 112.36 107.2 102.8 104.76 109.56 99.64 111.52 84.96 79.12 65.76 78.92 71.92 75.48 86.48 98.64 100.56 95.84 98.48 96.48 93.4 73.96 96.76 63.88 70.24 67.8 63.64 60.8 61.84 67.36 60.04 77.16 67.36 70.76 64.44 66.88 73.52 84.84 79.72 93.64 105.48 101.8 93.44 82.2 89.6 70.56 84.64 76.8 83.12 64.48 72.8 60.84 79.08 71.6 70.56 64.64 57.68 74 79.64 74.52 73.16 68.92 70 67.56 69.36 77.4 86.68 78 84.16 78.92 103.52 91.28 97.12 95.36 102.44 96.96 98.4 101.24 100.6 105.84 96.6 119.04 107.12 112.24 119.32 132.28
