158.723 156.144 162.156 162.582 160.863 161.161 159.301 160.852 161.168 155.482 158.319 155.956 153.375 156.782 153.002 156.243 158.248 153.288 156.88 147.987 156.969 148.687 152.544 160.169 147.48 152.252 155.398 152.32 154.464 153.661 157.638 155.486 150.272 157.063 147.706 151.505 152.428 149.404 156.653 162.64 156.897 155.832 154.315 154.439 158.63 158.661 151.028 152.046 156.858 159.098 150.307 160.743 154.695 150.809 153.609 158.619 157.08 156.463 152.785 157.191 156.367 163.313 157.404 153.754 153.344 152.612 161.533 158.226 158.111 161.258 160.816 154.725 155.892 156.557 156.804 155.969 159.558 152.603 154.899 156.052 158.738 153.583 144.627 156.018 161.469 153.774 160.56 160.873 157.879 157.755 149.735 158.825 158.62 153.765 162.37 147.914 164.56 157.469 155.424 152.713 149.739 151.234 152.92 147.962 149.433 156.906 157.25 146.658 150.653 154.699 161.378 153.021 146.494 156.461 153.901 155.192 152.577 150.954 158.454 155.839 153.416 155.812 151.257 149.545 151.322 156.664 151.628 156.327 158.403 149.531 156.692 156.176 149.979 149.832 158.788 152.057 150.491 155.354 156.058 150.494 157.041 161.305 154.863 152.322 155.969 156.367 158.723 158.953 155.547 156.061
151.158 150.166 146.803 144.422 140.092 137.186 139.464 136.701 133.378 140.783 139.347 136.762 144.149 139.84 132.357 142.292 142.161 135.861 139.028 136.047 143.162 132.783 133.345 134.168 136.633 141.715 131.31 137.869 130.33 142.86 129.146 135.518 129.664 136.435 145.784 134.641 132.359 131.791 136.201 131.222 127.705 140.616 126.77 134.026 139.381 129.617 138.435 128.322 129.037 139.678 134.415 128.686 145.047 134.479 137.101 139.906 132.166 133.124 143.49 139.582 141.679 136.944 143.376 137.995 137.599 145.141 137.593 136.223 144.373 128.366 138.921 144.207 142.974 138.983 144.042 143.763 135.989 136.3 138.366 141.729 139.079 138.796 127.467 134.881 135.636 132.656 136.841 133.168 128.887 127.112 139.936 131.24 132.681 133.693 129.254 127.948 123.487 137.043 130.081 133.044 134.839 120.271 127.421 123.76 133.347 132.189 120.667 126.436 120.603 128.069 126.931 125.009 121.991 124.082 127.954 127.473 133.296 132.139 127.476 120.542 121.81 130.287 137.42 131.893 126.783 139.138 127.693 126.034 134.168 125.115 131.434 141.429 133.038 132.739 137.644 137.102 138.424 141.254 145.629 142.312 140.106 137.286 134.404 143.697 138.841 136.636 142.429 146.398 138.069 139.072
128.453 133.096 132.78 131.489 130.059 128.538 136.018 130.18 134.172 132.418 134.532 132 135.941 127 132.71 131.628 132.322 125.851 129.62 116.764 129.647 119.157 131.016 115.079 124.853 118.536 117.99 120.002 125.401 113.911 118.805 116.777 122.649 125.888 121.771 120.788 112.607 110.163 115.363 119.221 114.584 111.379 117.236 108.48 120.006 113.1 114.667 111.525 120.731 116.966 121.563 107.204 126.432 124.714 120.803 122.186 115.953 116.431 122.079 129.555 139.316 129.798 127.239 133.227 135.007 128.41 131.346 135.722 141.914 133.475 131.007 127.081 132.902 139.717 128.059 127.353 125.658 139.547 127.308 140.27 128.226 127.514 124.521 135.902 128.995 126.312 123.448 129.47 120.14 116.287 117.604 118.664 124.698 123.924 116.992 115.269 121.509 114.791 110.466 120.267 117.244 112.994 108.599 107.958 112.326 103.205 106.745 107.683 119.703 114.417 100.785 108.684 118.337 111.612 104.516 105.105 117.736 112.896 109.368 116.412 111.046 105.371 123.169 116.216 119.961 117.197 111.099 125.782 118.016 107.711 103.503 116.89 117.753 129.096 120.225 120.96 123.668 127.108 125.27 120.937 120.491 123.856 129.079 123.232 130.784 135.798 122.855 138.511 127.146 134.013
136.084 132.009 128.058 127.719 127.25 124.322 129.982 127.041 125.884 120.593 119.111 120.711 119.151 114.312 121.801 113.603 116.732 116.661 117.658 117.605 111.483 107.369 114.51 104.595 116.587 101.466 106.323 97.361 113.159 103.868 103.413 108.155 104.512 102.873 101.432 105.713 98.3889 108.118 102.857 106.544 104.577 104.295 96.999 105.224 109.133 105.862 104.549 108.713 112.944 104.371 108.661 111.973 119.145 115.652 109.773 112.073 111.707 120.211 110.894 119.952 122.418 123.965 119.506 122.981 119.919 123.651 126.886 131.86 132.799 130.874 128.009 134.261 129.78 131.995 134.568 130.865 125.923 124.841 120.302 128.167 125.673 129.669 128.88 109.649 121.296 123.096 106.009 117.382 110.944 101.86 110.376 112.99 105.789 104.995 110.966 102.64 105.74 103.095 107.945 102.22 99.8418 92.9756 104.97 110.465 96.1729 97.2258 103.352 103.956 101.614 92.5706 101.879 96.1419 98.4425 93.0147 96.4373 96.4903 103.764 98.4124 96.0212 96.8223 100.403 97.1587 98.5887 103.59 105.191 96.2635 102.894 107.115 105.655 108.595 102.913 101.438 113.87 99.0568 113.822 126.145 118.047 120.16 124.776 121 123.491 122.922 133.566 118.519 127.246 120.427 125.824 128.361 130.366 129.425
122.033 123.156 123.435 129.419 122.657 125.155 130.849 112.482 120.98 123.778 126.145 121.769 110.176 113.363 114.811 107.067 118.289 107.408 109.506 108.3 104.891 107.393 104.766 108.651 94.8114 103.938 94.6287 106.629 101.607 94.5152 99.6778 93.2353 93.0914 107.089 99.3354 93.7364 97.8056 95.3746 97.7935 87.1759 97.1295 101.927 95.0448 98.4544 100.361 92.4686 101.239 97.0128 95.575 99.4381 106.015 104.296 106.202 106.019 104.003 114.901 107.295 119.098 118.959 109.479 122.761 113.047 119.456 117.925 114.266 114.381 119.293 127.565 125.582 130.882 126.688 119.26 122.309 119.755 127.316 121.675 127.021 119.102 122.863 114.921 123.261 122.911 117.106 117.853 116.441 116.905 108.419 110.88 116.434 108.702 95.2871 102.781 107.682 97.8658 103.335 107.277 94.9738 99.0912 101.515 92.2802 101.698 92.029 90.9223 89.033 91.5318 87.8222 94.7163 98.0669 86.5125 89.6475 89.8054 99.6157 82.0469 80.7296 75.019 82.4357 86.8633 90.0046 97.9984 80.3256 88.6676 93.3337 89.8619 90.3198 89.7078 94.07 92.8428 94.8469 106.248 116.015 98.377 107.358 109.851 106.304 105.987 101.906 108.075 103.262 106.827 108.176 120.172 111.821 124.088 124.349 119.941 117.727 116.798 123.333 128.853 122.932
118.849 129.666 121.94 113.502 118.42 118.35 122.62 113.238 115.882 115.181 110.159 109.698 121.565 114.258 111.702 108.36 105.524 101.934 109.961 96.1689 97.8128 96.9935 108.24 97.4258 100.409 90.181 84.795 100.351 99.8013 95.0434 89.8869 88.2592 82.5354 85.7916 95.9916 86.5409 87.2864 80.1046 90.5741 81.4751 80.3357 92.3423 90.5326 92.892 84.8986 85.2004 100.344 94.7386 95.7697 95.038 100.028 98.0277 95.0104 102.431 102.037 105.569 105.054 110.513 103.772 108.404 103.752 109.414 107.937 111.704 114.759 118.363 116.088 131.649 126.986 125.625 121.061 116.372 129.551 111.037 116.934 112.725 113.659 120.355 111.495 122.823 106.802 115.91 113.421 108.626 108.623 111.317 99.5403 104.258 109.151 110.643 105.262 107.614 90.0704 99.6025 91.4471 97.1793 92.3838 78.8692 93.6445 86.9079 91.2213 87.559 87.354 92.8713 87.0753 77.263 80.3756 92.7001 78.6688 81.505 78.4838 82.2091 81.8137 84.3243 83.208 72.2793 89.4209 80.133 77.8857 85.7386 72.5104 76.4799 91.6782 98.0761 82.8056 90.9196 83.6241 92.7431 92.8291 82.4018 96.5144 102.218 88.7045 100.582 109.647 94.1351 94.2694 98.4147 104.492 107.875 96.7371 110.386 125.023 111.84 105.198 117.303 121.454 110.963 126.02 112.777
122.186 128.594 116.683 123.902 116.247 116.123 121.343 121.214 118.642 112.354 112.244 101.169 111.793 113.896 103.239 104.191 103.188 95.9957 103.026 94.9717 90.8165 96.9538 95.8037 93.4971 91.9324 91.1077 87.6745 81.7436 80.6557 81.0866 83.1074 91.5746 82.8928 87.8097 91.3114 81.7743 78.259 77.3442 79.7003 86.1079 77.6885 86.1936 86.4892 80.0212 86.9363 74.7096 88.6867 82.8838 89.716 96.2931 84.5495 94.0686 89.5529 95.5044 92.8662 92.6093 103.162 92.7986 103.427 108.155 106.137 113.087 99.5965 110.554 106.85 122.674 118.633 110.104 116.303 118.344 119.454 110.099 122.773 114.954 120.444 115.57 120.367 118.125 117.033 120.537 114.256 109.085 112.061 109.705 111.714 102.327 102.68 93.0483 102.872 103.042 101.241 92.3425 90.6534 83.5499 88.7236 83.8194 77.3289 90.0792 85.6212 75.9462 80.1924 81.7337 88.4307 78.5871 77.6975 75.9156 77.5812 75.4072 81.5309 74.1579 75.3811 74.5635 67.6962 61.2543 77.3793 76.6997 83.3444 82.0681 72.0848 79.0775 74.605 84.3747 78.2969 82.6864 86.2035 86.2774 81.2785 83.5022 79.5714 86.5198 87.9322 86.0115 92.4336 88.6867 92.6724 86.2413 92.3623 97.7551 111.309 111.94 110.245 117.214 116.965 117.5 112.529 117.325 118.362 106.132 121.689 120.386
109.66 116.597 124.782 113.012 112.423 118.629 116.456 116.12 111.21 109.174 101.368 116.111 104.092 95.1766 105.385 98.3713 103.646 97.0466 97.7431 91.6093 98.3237 89.2021 85.5841 87.5732 85.9546 83.3011 80.8432 91.2698 88.7395 81.4528 71.7382 79.1056 78.7445 76.8154 81.34 74.6338 81.9309 78.1918 87.627 74.7166 75.3676 77.9414 88.5781 78.3874 79.592 82.4173 90.8145 79.1988 82.4111 80.8474 82.7278 77.8472 85.9898 87.3383 93.0954 86.1947 98.1912 91.2088 97.5786 105.49 106.21 102.758 99.6194 106.388 111.732 104.43 108.487 106.595 117.283 117.72 106.384 111.61 120.309 117.334 116.872 111.553 116.278 117.643 109.081 115.049 114.175 100.982 113.567 108.884 97.1274 97.4399 100.422 95.2853 94.893 91.9539 92.3327 90.9076 80.7635 87.8754 79.7762 75.1999 71.7113 68.8446 74.4765 78.0242 72.6199 77.2035 77.0855 69.1592 74.3534 78.0231 78.0076 74.2323 72.3446 73.4292 70.8409 69.093 66.9818 62.6932 77.2946 70.3173 68.3758 74.6732 71.2394 77.7499 74.8739 72.8983 78.2663 78.6751 69.6311 77.7033 73.572 80.2937 77.0772 76.8392 71.5033 81.0399 93.8002 98.8153 92.1516 97.0166 94.7543 97.6407 94.6767 97.4358 102.866 96.7031 117.803 109.297 114.353 106.144 107.835 118.664 123.2 114.257
118.407 107.985 120.615 123.485 114.432 108.686 104.586 110.023 107.745 114.426 110.272 106.243 101.507 103.233 101.069 96.0857 97.9377 94.1495 90.5647 94.0572 84.8159 89.3729 94.5608 84.1931 78.0143 78.9327 81.0406 80.308 82.8354 75.3993 75.9193 79.323 77.8005 74.3863 70.2418 80.8397 75.3456 77.4909 71.5528 74.3033 79.9423 81.1855 68.1841 85.5182 74.121 85.2202 75.1516 80.0767 80.7707 78.6687 73.9586 78.9012 81.8574 95.7176 86.1585 89.5376 82.0268 92.4786 88.9581 97.1595 96.9924 94.2477 100.029 104.353 108.225 103.466 101.408 121.792 114.726 116.707 111.591 104.788 122.835 115.751 125.738 111.946 112.358 112.244 117.391 123.819 105.38 107.909 108.283 101.473 106.137 99.7768 91.3347 92.1433 97.8185 88.3108 86.6761 83.4991 86.9998 89.5937 79.7098 80.2472 75.2463 76.9966 73.6805 68.6176 70.4591 79.0671 69.4858 65.9103 67.5263 69.6879 65.8939 62.3185 67.6641 80.1175 68.5802 64.9755 81.9076 65.6661 64.3153 58.5397 65.5446 67.1617 65.1087 58.7091 71.9442 68.1876 68.1304 70.9639 74.4307 73.5637 80.5814 78.151 72.9421 80.7181 79.9505 89.7363 84.2364 92.613 93.126 82.6788 102.706 88.6496 95.6977 89.3004 101.302 112.359 100.799 109.433 116.538 108.332 111.641 113.311 108.798 127.084
118.34 134.574 110.055 107.854 113.98 115.31 101.989 108.425 107.85 105.487 106.144 104.638 108.558 91.6136 97.6536 93.7997 90.9652 80.8225 82.795 80.6597 91.2334 91.0485 71.379 74.8632 77.4854 76.755 72.0118 73.3099 74.703 69.0848 72.4297 69.9064 73.9908 79.8473 72.6328 72.0782 69.1122 69.8765 71.9375 62.3131 78.0049 75.755 77.6703 68.5432 74.5976 79.0023 66.641 78.2146 79.6025 70.8022 71.3269 77.9867 72.5534 86.0214 92.1513 90.8805 88.589 91.3375 88.0786 93.6057 91.4052 106.279 94.3426 101.888 107.66 111.084 101.19 103.329 109.662 124.433 124.229 110.636 112.265 106.828 116.659 123.35 118.281 111.478 99.6743 103.554 103.06 103.894 104.352 109.663 100.187 92.3596 94.6434 84.4929 88.3455 95.3373 80.0712 79.3082 70.741 78.182 84.0202 73.6718 70.1564 75.0441 66.9678 66.2451 66.3806 57.812 61.8196 60.5293 58.3588 61.5214 62.0865 63.063 61.5996 70.7371 66.0082 64.0018 63.3729 66.1475 61.8587 74.6809 68.9403 56.8576 58.9604 58.8718 66.0681 70.6824 60.4473 64.839 66.2321 70.5561 73.8137 78.445 70.2996 71.8803 70.2592 73.2343 87.0565 87.188 79.6663 88.5786 87.6541 93.163 81.7677 95.254 93.9038 106.713 102.524 103.997 93.5614 115.727 114.948 104.142 111.82 112.266
106.011 118.971 118.157 114.224 114.546 113.007 114.955 113.818 103.266 104.861 102.427 91.9454 102.82 84.5953 90.7008 86.6108 92.791 82.0486 80.4781 79.311 90.639 87.0932 80.0977 72.1403 74.0884 67.3297 85.27 72.0211 60.0183 64.8146 73.3404 65.729 75.5024 69.0194 72.9973 79.5679 76.2647 64.7643 75.366 60.2251 70.7449 73.5213 75.5024 66.8746 74.2233 67.1431 81.5375 82.8525 71.345 74.6942 81.6998 73.3347 75.4866 84.8853 72.6614 83.0808 78.942 90.8429 97.4968 92.0962 85.9806 96.7187 95.2716 90.4653 103.113 111.472 99.4219 115.328 111.524 109.329 111.453 129.101 111.987 111.288 121.011 105.2 110.463 104.169 97.9963 116.359 113.146 100.866 104.455 98.361 96.9326 93.5877 76.2116 94.3098 85.2542 79.0712 80.4006 74.9885 77.3973 79.3684 71.8848 67.6082 73.4108 66.4727 65.0471 61.9248 75.5196 68.6117 59.4585 61.1237 65.3472 58.5555 61.6176 69.875 57.7731 66.8976 60.3758 57.3812 61.3462 66.9234 60.7218 65.7707 57.9798 70.6071 57.8205 55.2522 63.2139 65.5826 63.4321 66.9507 70.653 58.1191 57.5247 68.8959 75.9517 70.1549 76.6709 72.7978 74.1085 77.9142 91.7186 90.8199 81.9538 93.7313 97.8269 101.19 75.4019 102.228 100.242 99.7951 113.855 108.727 109.234 105.168 100.758 114.037
106.257 108.513 108.81 111.888 113.109 106.354 104.267 106.917 110.256 104.86 90.5967 92.3526 95.5426 94.088 84.5477 90.5999 88.3999 91.2699 93.884 80.2389 88.0139 79.7227 73.4305 65.8986 77.9527 72.4623 73.4869 71.0972 72.6067 70.2608 64.8693 61.2619 60.8508 64.8301 65.2333 64.8222 71.1803 57.0331 59.2691 70.8084 65.2851 67.1634 72.7306 69.0369 67.0833 67.813 69.641 68.064 73.2437 66.8825 67.7832 72.3666 72.8844 78.5505 78.6855 84.0801 88.1096 84.43 92.5848 89.7337 87.9386 101.362 91.863 103.239 100.771 101.265 106.26 116.277 108.606 104.013 109.84 104.363 113.219 109.425 103.471 118.369 112.657 109.406 99.2065 106.679 104.438 106.221 100.702 87.3612 81.3404 86.4275 89.0056 80.4492 91.9164 86.0368 64.5822 74.6811 74.6183 81.9037 63.8148 68.1833 66.2643 66.2847 54.3373 65.3102 64.1726 58.0405 61.7718 55.9457 56.6392 68.5222 62.8985 50.4286 55.7134 49.9187 53.2578 58.2586 49.9877 59.1765 58.5818 53.9089 57.5885 46.0429 56.6533 68.7215 61.753 66.7193 59.437 65.4875 62.2645 55.8766 62.9754 68.29 64.6261 70.0804 59.3099 72.092 73.5387 85.9631 78.0484 93.2532 92.034 90.2013 84.4552 90.8258 92.0544 90.9921 107.685 94.598 99.0261 97.8963 112.2 105.588 109.71 119.654
112.229 101.87 109.105 106.665 105.629 100.777 103.2 114.223 98.9583 95.4763 90.5811 107.547 90.244 90.7633 96.8419 87.4329 87.1706 86.5934 81.5092 76.1883 77.0601 73.6292 71.0275 82.2073 72.0219 66.0437 63.0453 82.3503 66.3485 73.6156 72.9362 73.7824 62.858 54.6732 62.8376 68.4258 68.8736 64.9915 62.1497 56.8288 69.4304 57.767 61.8126 59.4373 66.5426 59.078 70.9985 59.4152 72.8664 77.4585 73.1184 75.2008 72.7455 72.405 74.3188 70.7465 86.7245 73.178 82.7079 80.8315 83.6205 88.6894 90.9949 95.3588 96.8385 96.0212 99.2478 104.211 106.452 109.884 105.102 108.253 104.921 106.196 117.274 112.772 108.956 101.008 96.4554 103.506 96.5746 101.449 95.4218 87.598 91.5312 81.8412 89.3296 90.5947 85.187 84.133 72.1836 61.3239 73.3738 69.3418 62.8308 57.1574 56.7964 62.7746 66.6788 65.9892 56.7964 62.3966 60.493 59.4833 56.3912 52.6657 57.3328 57.6631 53.088 53.9632 61.3716 49.5805 49.0084 60.1661 59.5259 55.087 54.5217 52.9875 66.6482 57.6767 56.1426 64.8501 58.3306 60.7807 61.3579 52.7679 58.1433 62.7218 62.875 65.962 69.2601 61.5163 70.6171 76.9784 79.8099 73.3874 71.494 76.7826 83.2357 91.8275 91.744 91.3541 91.5568 106.77 106.792 108.737 96.9849 107.591 108.316 110.024
111.862 107.943 114.866 107.995 109.286 109.695 102.132 109.291 103.357 103.832 98.5805 99.3609 90.7911 85.6937 77.8291 88.314 75.2437 78.1872 68.5763 80.5743 78.3726 71.4371 73.0898 65.8384 73.9106 74.9095 65.7632 67.212 64.5733 59.531 66.0478 64.6486 62.614 56.2129 58.8534 57.7021 60.9081 67.4874 57.781 59.9863 59.2537 64.9332 60.3095 62.0062 62.8288 67.0357 59.0994 60.5427 61.7271 66.2975 71.4812 73.4497 69.555 63.949 72.5517 78.1358 74.5184 79.6029 75.7119 73.8591 87.2398 86.1142 82.4472 98.2591 91.735 105.488 95.3762 99.5059 100.817 108.896 111.315 117.505 103.766 110.002 115.979 104.938 115.265 112.641 103.48 100.29 103.784 97.5669 94.3461 95.1669 87.0617 86.5788 77.4582 78.3286 72.8712 72.0835 73.2367 74.8801 63.7359 64.7808 56.6811 63.9581 59.4648 64.6669 56.5783 69.8268 57.6304 57.9463 63.5835 57.0961 53.1518 63.4954 54.5088 50.3222 53.6385 64.0206 48.6365 56.3561 56.323 55.5573 43.3702 52.2135 61.4957 53.6109 50.4893 57.2944 54.1085 53.6458 52.7589 52.0262 55.695 54.3509 53.1041 59.3896 68.916 54.832 63.7965 78.9015 70.8404 68.22 75.0013 91.353 82.6456 73.7545 71.7787 84.1972 86.8781 97.3612 89.3882 92.2546 98.4189 103.689 101.5 104.335 95.031 115.209
115.472 109.934 99.01 102.944 113.269 112.588 104.419 112.521 95.6731 89.031 101.348 90.5182 94.6863 88.9088 80.2929 91.702 79.9955 92.3954 70.6311 76.6508 59.4525 68.5982 73.2726 67.6941 70.4695 62.7854 66.4177 58.7788 64.6468 61.0362 56.4387 58.9758 60.6599 60.3014 57.0513 59.8602 56.8681 59.1491 54.0631 58.438 59.9075 59.5864 60.0946 60.4728 52.5286 60.8806 68.6888 61.2785 69.2424 52.3277 61.7236 73.9344 69.1577 69.2168 70.3691 66.6757 73.7473 79.6882 80.616 83.3658 76.834 87.7388 90.331 92.4899 90.1321 88.6015 98.5727 109.022 110.642 104.51 97.6449 108.774 117.782 112.503 103.087 107.819 108.26 100.255 98.8504 103.925 103.267 88.0382 105.24 101.994 82.8931 78.6166 83.5884 76.6055 77.1373 72.1124 71.6731 75.8176 76.1564 60.329 64.3573 65.2378 57.4768 57.8392 59.4032 61.7039 56.029 58.3809 55.3238 46.4557 47.9232 50.805 55.9068 48.6481 42.9219 51.591 49.3907 53.1924 45.4807 45.9278 52.4321 45.528 52.1189 54.0651 59.0684 50.2831 52.4006 55.6823 50.6081 63.1754 55.1918 59.551 59.5234 61.6389 55.0677 63.9653 68.5372 56.7361 66.5477 67.4833 75.4118 63.2069 70.2095 75.8471 94.0933 79.6409 86.6317 91.4341 102.757 98.0388 100.586 106.671 106.909 110.151 105.818 104.307
97.8818 111.436 110.05 100.469 106.476 101.018 107.805 108.424 100.58 89.9605 101.897 99.861 79.6961 82.6282 79.2166 82.8049 77.3151 72.5742 68.8365 67.4988 66.8867 64.5856 67.0718 67.6628 73.2767 72.8413 65.4627 63.6454 57.8002 54.9186 66.1905 58.7362 61.1908 63.0376 60.3453 54.0436 59.1022 57.3501 57.4637 65.3996 52.7858 59.0096 60.7596 57.4973 66.6995 62.6779 61.2876 60.9363 70.9904 61.9333 67.5051 64.5667 69.1226 65.4501 74.524 74.6923 73.771 76.3918 73.6238 89.8617 84.1174 90.6504 79.7782 88.9446 93.2712 95.0422 112.774 104.436 103.439 107.345 104.061 93.2228 114.303 114.923 112.668 101.096 110.695 112.763 112.431 100.999 94.0915 96.9752 95.0002 91.6348 78.0555 82.8175 77.5087 81.7343 72.225 63.9189 66.1295 68.9606 61.2602 63.2584 60.4841 52.2011 52.5334 54.1341 59.2368 56.6118 48.0701 52.9772 49.7822 50.1945 49.5004 58.6773 49.3679 55.2552 60.1581 55.1752 45.6975 53.6966 52.6512 43.3102 44.1389 41.1395 59.6617 38.8385 53.6082 52.9646 53.6166 56.2795 54.2476 57.6972 51.0085 50.6614 61.6515 63.1301 57.4742 60.7428 59.0685 57.7098 67.0087 62.232 75.4242 79.999 77.8788 83.3097 75.1424 80.9561 102.379 92.4824 97.7303 104.425 92.1627 104.04 114.953 111.505 106.289 116.372
110.506 115.975 116.975 106.126 121.596 104.734 110.971 99.3927 88.5146 96.912 85.7297 86.2822 86.1032 81.0031 73.5542 80.2671 78.3546 77.8938 76.5583 76.923 63.1928 65.6959 66.6667 66.5437 60.9067 54.3078 54.9162 54.4062 58.5445 55.9318 65.2552 61.7366 49.6147 63.2398 64.781 50.8517 54.6948 57.4842 53.3168 57.2023 61.8931 52.8896 55.8423 56.151 54.9923 57.5468 59.0366 65.0897 62.8662 67.1633 68.7023 70.1071 66.7853 70.5478 65.6556 74.9746 69.002 72.1069 69.8812 81.9202 80.6273 85.3427 83.7299 91.6307 86.62 99.0617 93.5208 90.709 103.404 112.465 100.196 97.0999 106.853 118.181 101.124 97.3527 102.873 105.057 98.6165 98.451 95.5631 96.4132 89.2662 83.24 82.9 79.2561 80.0323 83.1818 67.0604 72.0823 73.2365 61.8708 62.0206 65.8144 54.5046 56.3702 52.4668 53.7955 50.722 43.4028 47.1027 43.7316 56.8019 49.7154 43.4901 50.3619 54.9162 50.3529 44.0873 48.1674 50.0599 50.0845 45.642 46.3041 45.3512 41.4276 52.6905 35.3164 56.1443 57.8063 52.9925 46.4048 52.6346 56.4149 48.55 49.1494 56.793 54.8021 51.7599 57.0905 57.7638 55.5157 64.4343 65.3514 67.0537 65.4051 70.4672 78.6767 77.2093 85.1928 85.2756 86.3471 90.2125 96.4602 94.9077 110.298 95.5766 99.1243 109.743 119.679
115.39 110.53 113.5 99.0643 114.276 122.001 108.444 90.3505 92.4507 104.106 96.7744 79.9631 91.5049 76.9526 86.8516 74.0796 77.128 70.9292 63.0166 69.5045 64.2089 65.1974 60.2692 57.5052 52.0389 62.8412 69.7606 62.3505 60.6319 53.383 52.3234 57.8608 57.2137 58.6928 59.7287 56.4788 56.9671 52.9113 57.1615 59.9278 58.3728 62.4192 56.2204 55.1608 46.7623 61.5848 53.2668 60.6082 60.1744 51.5885 57.2943 63.3105 66.4609 60.62 67.8097 67.0582 62.2699 71.1378 66.3447 81.8191 84.2204 89.3809 81.4067 93.9986 85.1876 94.1598 107.551 95.1341 110.051 106.135 102.08 109.821 98.2868 118.877 117.606 113.166 113.351 104.509 104.291 115.899 101.679 94.8164 95.7053 94.2475 78.4863 86.6336 82.6038 79.771 61.5042 67.9946 56.6376 66.98 64.5289 58.1761 60.1293 51.3396 53.5821 50.6498 54.6204 47.4615 52.9966 49.3129 51.2827 48.0779 49.1351 44.2899 47.3122 47.9593 46.3759 54.3715 49.2726 50.7375 45.0531 48.8317 49.7182 51.6691 48.8743 39.4612 47.7792 47.4047 48.9644 42.8771 51.0481 50.3725 45.3447 52.8022 47.983 52.4846 61.3193 66.3566 56.2489 59.046 65.6359 61.4426 67.2028 71.9295 68.6227 76.0494 76.8435 87.2712 94.6007 88.7504 93.9251 89.3691 90.5899 96.682 98.8818 106.124 107.238 100.143
111.221 111.509 113.898 103.093 115.498 105.575 94.3192 101.265 87.7436 90.2501 88.1718 88.3346 90.4204 78.5513 76.1024 77.9804 76.0648 76.786 68.4876 74.3971 56.5359 71.4499 59.1827 65.2599 58.5792 55.4817 67.9893 55.3515 63.6674 50.8067 58.5542 62.9137 62.9437 60.8929 53.8291 61.0231 62.3177 55.4392 58.1736 60.6525 55.7146 50.689 55.5293 64.9144 61.4839 61.0657 59.1151 62.3853 63.6298 59.7736 68.1271 61.9146 71.3773 55.5819 64.0705 66.4343 82.2372 73.5508 65.9611 74.8654 78.7016 82.405 83.4692 90.8311 85.1645 87.5408 102.272 99.5826 104.28 104.137 100.747 105.93 109.196 114.955 116.813 106.712 92.9945 107.508 97.0185 96.1822 83.8398 96.5177 97.031 82.052 81.7965 81.178 78.0831 73.7736 69.8398 70.9967 60.3796 50.8918 60.8854 51.9911 57.1469 54.4551 46.357 57.4274 50.6114 51.3751 43.7103 47.9496 44.2762 45.1201 46.5123 61.6717 43.1819 56.4333 49.3418 42.3055 57.6352 51.1247 44.8071 46.5398 41.9249 47.5264 50.8418 50.4186 56.1628 49.8702 49.3569 44.0609 50.8267 45.8863 47.8019 51.5229 46.2594 55.8123 48.806 54.2573 57.6602 64.6189 62.5656 66.4393 68.9609 64.5513 68.9434 74.6801 81.2381 78.7391 67.9743 83.7397 95.148 91.104 96.4376 92.4161 102.482 104.418 104.368 104.486
106.561 113.688 106.144 108.228 108.616 99.4923 103.333 110.979 89.662 102.795 85.405 87.5704 90.8859 85.2124 86.5497 65.3541 73.4752 77.6663 65.0982 66.5067 64.2436 63.331 74.6067 59.8019 51.7573 64.2858 57.3173 60.4007 58.9711 60.8121 52.509 52.997 51.7758 52.6277 50.8526 56.0302 53.4559 59.0159 54.2815 63.3389 57.3674 52.7781 54.5742 54.4292 48.7795 58.5464 54.5953 65.2195 59.7175 66.3141 65.842 66.8337 67.29 58.8867 64.0405 57.5705 66.3405 62.1652 62.851 70.2837 80.8894 85.5711 82.6777 84.3156 88.2852 76.8882 96.2059 94.5969 95.5518 107.368 111.224 114.825 102.391 106.429 105.482 106.674 105.021 106.996 99.9354 98.5691 105.039 83.7591 89.7675 92.4341 73.6915 79.2014 66.9208 65.8552 75.0419 67.5406 63.9139 61.6351 62.7508 55.7954 60.1554 58.2669 54.2446 56.3203 50.6522 56.5445 48.5025 50.7287 50.7682 43.9764 46.0997 50.6416 57.8027 48.8771 55.6055 47.9038 37.8045 42.233 44.1822 46.4927 49.2015 40.6504 44.1057 43.3091 49.0907 48.9773 48.8138 49.0986 46.8461 46.0206 44.5857 50.7339 50.2011 52.757 54.1074 48.7663 57.6892 55.4473 61.2895 63.2519 62.6637 75.514 67.6804 70.5686 81.1848 74.7122 69.6401 86.1066 81.2903 78.8479 102.998 101.252 114.408 110.586 111.127 100.956
95.2774 102.363 97.3807 106.675 97.1562 102.48 95.7928 100.712 90.0759 96.5272 94.4793 87.2438 90.7382 77.797 75.9237 71.3984 65.7675 67.1281 64.4512 65.8257 66.4187 69.7136 64.1685 70.1819 62.6638 58.5265 55.0543 56.8721 58.9089 54.6164 51.5183 55.8745 49.1434 53.3916 51.1303 52.2443 48.2317 56.85 54.7965 54.3698 60.4635 53.5107 58.7426 58.1579 52.8734 54.1204 53.0978 59.937 55.082 55.1623 54.2534 53.6909 69.2841 62.1456 70.5643 61.8242 72.7951 67.25 62.1262 73.7373 70.9495 76.6498 76.5749 91.0292 88.6017 97.486 85.9552 96.178 95.2247 104.458 99.1265 108.454 111.275 102.718 102.258 101.094 102.754 97.5608 96.0089 103.638 88.0364 90.9987 87.7288 95.136 88.804 84.1651 77.3204 61.9849 70.6198 61.306 56.3955 57.4568 61.7299 59.8234 55.2178 57.091 51.9478 51.715 51.7594 50.1216 42.3375 46.3723 46.5635 43.5014 52.3108 39.3059 47.7523 36.6428 43.5402 40.1233 49.4261 43.809 42.7559 43.1633 47.2729 48.1874 35.7034 41.484 37.524 47.6941 51.4435 43.7369 43.6261 45.4107 55.057 51.6125 47.2674 45.7848 51.6818 56.4925 50.6426 57.1963 56.1378 56.4537 56.4177 64.3016 69.7995 77.567 74.7876 80.1359 77.9661 84.0653 86.5898 98.5695 87.8978 100.964 98.4004 109.779 109.13 97.0176
99.0153 100.767 114.982 102.922 99.3784 98.3705 94.2662 101.449 95.7069 89.9846 83.2922 86.0662 78.9933 73.5179 87.3065 77.1168 70.3837 70.5174 70.436 60.0837 59.6364 63.7262 60.1941 64.037 59.1687 64.6034 53.9431 62.695 58.396 61.2165 48.186 60.4961 55.6104 51.3754 57.1616 49.0371 53.1908 51.3086 53.9838 53.5742 55.3287 52.5983 52.9149 52.1539 58.5006 53.3506 60.4787 54.7565 48.9935 51.8024 62.878 53.7689 61.934 64.1677 65.5067 61.8497 66.2358 66.7529 69.4049 70.497 75.9695 81.5436 83.7918 85.5172 89.1307 90.9461 94.6322 91.1262 101.02 100.157 110.835 103.102 115.563 114.701 95.1724 104.171 104.067 111.058 103.541 90.7253 99.9913 82.7752 86.1911 85.096 84.6545 64.1677 67.9932 72.1149 68.8442 66.7616 47.8665 54.6403 55.0876 51.6368 54.4689 51.5148 43.6402 51.0588 48.2645 49.2114 50.8264 46.0598 48.9645 44.5697 40.8255 45.3627 51.0849 44.0207 44.8456 39.2918 36.4772 42.6293 36.2361 50.3007 39.0043 39.9715 38.5279 50.4343 43.1958 41.7027 40.5496 48.8599 46.8789 39.8292 50.6812 52.0899 44.2124 48.918 51.0559 51.5352 53.7543 52.3223 59.8397 59.2587 61.9078 63.9208 64.6179 69.6692 74.7844 68.3127 80.5066 83.1179 90.8996 100.691 93.2844 103.837 96.4127 102.065 106.64 109.042
104.246 114.244 94.2679 113.075 101.557 96.6074 91.5244 93.6481 94.6113 99.2021 84.6488 72.8604 74.1942 80.5198 83.0963 70.6972 68.6828 70.0925 69.6095 68.0964 68.3364 67.0604 50.7389 55.1109 60.0906 53.2485 47.1507 57.0645 57.7117 49.6664 57.9365 48.7913 52.8778 54.8375 57.2377 58.6414 46.5613 49.9246 55.9282 51.7445 53.3882 52.5193 47.6429 49.1985 59.3857 49.1043 53.9108 52.7107 49.4051 55.673 56.7516 53.7984 59.2065 53.1239 60.4674 62.3845 71.5114 60.8441 70.1563 67.1849 80.0671 72.6933 76.1812 77.1109 76.7797 80.7842 86.2226 94.4563 95.3465 96.5345 93.08 97.9898 109.708 118.118 100.104 103.158 105.652 103.55 93.2228 89.9111 91.3239 92.7762 86.1923 81.6106 71.3656 73.1278 62.2964 64.2135 53.2606 66.5834 52.5405 63.1896 61.4943 56.0831 51.4559 51.9876 46.1481 52.2215 44.8902 45.1272 37.8111 47.5639 49.642 39.0416 45.7561 48.8977 51.5956 47.3512 51.1581 50.4776 50.8999 29.9906 53.929 45.5526 51.6291 48.9129 45.9718 40.3845 40.6701 47.4636 36.7902 44.6046 42.648 45.6042 46.537 59.2308 51.7263 54.9863 42.4566 47.6368 61.0294 55.3418 54.9985 52.0271 55.1291 65.1371 65.763 66.2066 64.1376 77.597 69.1446 81.644 85.4388 83.9804 89.4979 97.7741 99.6244 104.972 102.335 104.157
109.58 96.8386 106.386 99.2619 105.904 106.979 92.0048 110.557 88.4206 72.3332 89.4166 80.5228 85.2964 80.951 74.1189 71.2389 73.8176 60.7402 57.34 61.5363 61.3841 63.3887 55.5035 55.7256 55.0595 52.005 53.6417 54.0635 49.6642 59.887 45.5599 53.5021 54.2221 46.1657 53.2008 55.2974 60.2042 53.3943 48.589 47.3742 47.961 49.5374 49.9814 48.8015 55.7002 45.6804 50.1337 54.1016 52.3254 53.8891 59.481 55.1737 56.785 60.8893 59.1067 60.81 65.3964 72.349 61.7457 67.2741 69.6657 74.4868 73.3164 76.9672 74.6454 91.2245 92.2934 92.9975 97.3778 98.4372 106.122 106.833 108.65 117.957 110.379 95.8426 108.019 102.986 90.6726 92.4678 91.5385 87.5674 89.4007 74.1348 80.0724 74.5503 61.3841 71.296 62.5101 62.453 53.445 58.1647 48.3448 53.9842 50.8378 41.0369 51.5451 49.6833 31.661 45.4521 44.2912 39.5779 41.7442 41.002 38.861 44.8336 35.6892 49.1219 41.0401 47.6692 35.6258 41.7569 38.8737 43.8059 42.2581 38.731 39.0387 42.2422 46.8413 40.2217 41.2843 42.8512 43.863 41.8045 49.9909 46.6637 49.7435 52.0621 47.4503 50.2352 56.6486 56.2933 55.0405 57.3939 52.8614 61.622 59.2558 72.1904 76.4216 79.2446 72.3776 79.4253 85.0236 90.9676 87.5357 92.3695 99.8677 101.022 106.538 100.854
107.216 109.91 116.534 95.7499 104.483 96.5895 88.3228 87.1394 95.3037 95.4789 91.1125 92.1901 81.8509 68.6823 76.473 76.9192 69.783 57.2655 61.5559 70.13 58.8984 53.9502 57.9894 52.1951 53.7751 55.0278 53.8775 55.5566 47.637 55.7715 51.6728 48.7278 47.1081 49.6433 59.7181 56.4755 53.0049 49.0021 54.5121 47.9113 47.9047 50.7506 51.5373 51.2828 48.6649 51.0382 59.609 54.8724 52.1124 55.6393 58.0324 56.8821 58.9446 59.2124 58.4984 66.8577 69.1318 58.7794 65.6479 71.3993 79.4082 74.5559 74.3014 83.7911 76.2747 93.1552 91.5719 91.8232 101.491 96.725 104.797 112.637 102.734 115.714 112.323 100.791 97.1117 101.713 96.9531 93.5816 93.5519 78.6612 81.1171 69.3499 71.5811 71.2406 71.3431 62.5144 64.7456 53.785 55.0608 49.4979 54.5485 55.398 53.309 56.5284 46.8437 40.2561 50.7242 38.9703 42.4476 38.567 44.801 39.3504 35.2121 39.281 45.6868 39.552 37.3573 40.5007 32.3926 37.5027 43.6705 34.6502 42.9731 31.4374 48.4832 45.3265 49.7061 44.3514 34.5642 43.8523 42.4476 45.0985 45.8851 50.0896 35.6054 48.2881 47.6899 51.1969 48.1559 52.2645 46.5826 60.1776 62.6863 58.9513 63.5622 78.4893 68.0642 74.3344 71.7034 75.9904 85.9462 91.7306 85.4537 100.381 89.1392 104.384 114.786 107.573
105.719 101.868 105.386 107.405 100.74 90.2443 104.97 97.5073 96.7473 92.091 85.4057 80.1235 76.7671 77.3758 67.09 60.9137 70.9072 60.8587 65.4737 57.8909 61.7803 53.6266 58.0456 51.7318 50.9099 50.4766 49.0116 51.7799 56.168 47.6016 50.6898 54.2044 49.2317 48.3994 49.7785 44.6338 54.789 46.0713 51.9278 45.442 43.6262 47.1889 48.2963 50.872 55.9341 50.2014 45.8993 57.5607 57.4026 53.0179 58.5993 62.1861 54.5139 60.2087 65.2949 63.0733 61.9729 62.9461 60.6214 65.1092 68.7476 66.5157 84.2537 72.1693 86.2345 96.2555 91.7677 98.5321 102.126 101.981 103.085 112.934 104.894 107.855 110.187 96.228 105.413 89.9623 108.636 82.5102 94.1406 73.9575 85.8734 72.2931 71.0517 65.5184 64.1841 59.7066 50.3115 53.9843 59.8408 48.9153 52.3026 56.1473 44.5685 43.9804 47.8114 43.0794 39.7677 39.9362 48.9394 41.6763 44.9812 44.7232 36.5489 46.1091 41.6901 37.5015 39.6302 34.4856 31.8135 42.7906 41.3256 37.952 38.8289 42.1097 30.6236 37.2367 45.9784 41.9549 41.9652 40.4246 45.3147 39.1006 46.9482 45.7033 37.8316 48.0899 48.8087 46.5974 56.7216 44.2762 43.2754 56.6391 49.7475 54.8234 50.4422 64.559 64.4111 64.6277 73.7065 76.5024 75.9246 92.5621 86.011 92.342 96.4825 107.773 112.841 111.665
104.338 104.474 105.32 108.332 106.871 108.018 102.073 92.7881 102.916 94.2957 89.7051 73.4717 82.9495 75.8581 74.965 71.3996 65.2728 69.4598 63.7438 65.5443 55.745 51.4723 60.4035 52.6298 53.7266 56.706 57.0597 50.3077 53.823 47.1889 46.4494 50.4042 50.8114 52.0225 42.0803 55.0877 46.9996 49.3288 60.2071 49.1324 50.1112 57.6599 45.542 45.2741 49.1216 50.0791 49.4289 49.411 54.6304 58.5852 55.7164 56.3559 62.1826 62.6435 56.4309 64.2654 61.4324 59.3854 64.9585 70.6852 75.2972 63.0936 69.2633 76.6619 87.8116 82.0778 97.2501 91.109 98.8363 93.6455 111.819 88.0474 102.23 101.208 104.188 112.694 103.313 96.0569 102.798 87.2865 89.2371 77.0656 92.756 63.0829 71.1531 69.1561 62.372 64.469 57.3884 57.3955 63.7045 47.1854 51.0937 50.4578 47.9392 39.3795 47.4283 41.673 39.133 39.9439 45.9671 46.2922 47.539 31.7701 35.489 40.0011 41.8159 35.1568 36.618 31.5808 41.498 37.9648 40.8049 43.8237 41.8802 46.7781 48.3321 36.5501 42.7126 35.3497 40.5084 39.2795 43.152 40.4762 52.1904 39.5903 38.5221 46.01 46.5423 45.0454 43.8415 46.4852 55.4592 50.3113 51.4723 58.2493 58.7495 67.9343 74.7006 71.3532 76.8084 77.0513 77.0906 88.3797 83.3818 91.87 101.476 105.631 98.0825 105.213
111.481 108.239 95.9049 102.75 107.534 102.327 98.4547 95.3787 85.9431 88.3483 80.4915 69.0324 87.3847 74.6471 69.6031 70.626 60.4455 63.0509 56.6209 64.4888 59.9563 53.5189 60.2936 52.5035 49.294 54.4121 50.1687 46.4923 42.8085 45.1359 56.0242 49.5683 46.5886 52.0106 47.8042 62.4542 45.4138 45.2878 44.2242 43.6534 46.2847 47.9413 43.6423 56.0279 48.1822 49.4386 42.8307 53.089 52.2329 60.049 49.5794 53.241 52.8963 58.2775 53.493 57.1879 55.1273 65.9601 59.4931 64.5926 65.1151 70.3962 77.1968 80.7843 82.8337 89.7899 90.0568 88.8746 107.005 93.8184 97.8988 102.416 107.538 99.4775 110.607 109.658 95.5862 102.276 86.6769 94.5003 71.1004 76.7558 66.6309 69.1992 74.6619 74.295 58.2441 58.3775 54.2935 56.7321 46.9889 55.9575 49.4719 48.5084 39.7955 52.5591 35.4001 46.1254 36.6564 43.798 44.5429 34.6774 43.6572 42.7566 36.8603 36.901 48.5677 37.8757 40.0067 35.1221 35.8856 42.486 46.3848 31.0677 46.7146 38.5836 43.9425 39.3581 31.9461 35.0777 41.0703 34.7367 46.6628 44.7541 49.2347 51.892 42.6899 42.7603 41.8894 41.4521 53.2558 46.8999 53.0742 47.3743 41.8375 58.9668 55.787 56.947 61.309 71.6637 74.8657 71.3302 82.0073 86.0913 94.1668 95.6788 101.079 100.486 93.9074 100.663
92.0083 109.551 110.838 111.613 106.741 89.812 99.8718 92.0159 92.0697 82.6934 75.1947 76.1085 74.8837 69.4814 70.1149 71.5471 67.5347 66.521 65.7032 63.6452 64.8162 58.55 52.0995 56.8184 53.8964 49.8917 58.1814 50.2027 47.7032 59.0261 46.3324 42.2624 53.8081 45.1613 48.544 43.7061 50.0453 49.8687 44.3704 52.2723 52.0457 53.3051 39.8358 51.1511 51.4007 57.7475 53.3435 54.2957 49.573 55.2288 48.402 50.771 49.5807 59.2488 57.7091 58.4041 55.8047 56.2155 57.498 64.7894 74.0543 69.0859 70.5065 71.7813 70.8291 80.9118 89.693 95.5676 95.4025 98.9695 98.2323 106.902 109.536 116.674 104.364 104.756 91.1674 86.821 86.7787 90.0654 94.8534 82.8278 74.9643 69.3815 65.2463 55.0061 63.4301 57.4673 58.55 48.1217 61.3337 48.7898 51.274 49.0355 44.2437 38.8567 46.0368 45.2996 45.9177 36.4762 43.7791 35.0402 37.8661 47.2578 35.547 34.2684 43.6716 36.7104 37.4476 35.739 39.2944 38.8951 45.8793 38.5649 38.6263 37.3132 36.0999 35.8158 44.2859 43.7868 34.9826 42.5581 39.2829 41.9246 34.445 42.6963 35.6775 42.3776 49.2428 42.5351 49.3119 39.4135 47.8606 52.2032 58.3504 58.3542 59.0146 66.0871 72.7757 74.8184 68.7365 74.3346 88.7293 93.9588 84.5057 97.4605 104.226 104.836 92.0006 108.91
92.3242 115.722 111.666 121.221 104.82 92.8447 107.533 94.7677 88.9152 82.2324 75.5575 75.4264 71.0837 72.2121 61.87 59.3907 73.6782 67.4642 65.8987 59.343 58.5961 49.5174 50.475 47.2646 49.9505 54.4759 53.1489 54.1581 46.8236 48.3414 45.7429 49.3108 43.6292 42.3419 44.5867 49.585 46.621 45.9734 51.5835 47.2885 48.095 44.7933 53.6336 47.0064 52.4695 50.5544 50.022 47.7692 52.5569 44.6066 47.2368 59.8715 55.0242 55.5129 57.571 59.3708 65.5372 56.7049 61.7905 66.5186 51.8139 69.0653 77.3176 79.3201 76.805 74.9893 92.8725 90.8621 98.7567 101.133 97.4893 96.9648 108.558 100.755 105.618 112.385 97.982 91.8156 97.4376 92.1176 83.4561 80.4008 67.0192 66.3358 67.5079 68.2667 52.6205 57.8491 62.0408 55.1672 46.8554 56.8241 50.2842 35.6352 47.7851 49.4101 47.2329 40.101 44.5073 43.4425 40.2679 43.506 42.2068 43.7405 39.0601 36.2232 37.3635 33.5374 30.3549 40.252 36.4259 32.5441 33.1679 40.3553 43.5219 37.1649 36.3901 33.1639 41.591 38.3688 40.1487 34.9359 46.621 37.7092 43.963 43.2239 42.7988 41.1579 52.7198 44.0742 49.6684 48.0116 62.6209 55.1037 55.2706 59.196 58.8583 63.8804 58.6716 71.4731 65.271 74.4847 77.695 91.4898 79.034 97.4774 99.0468 96.8496 100.851 98.9276
102.799 105.822 98.9923 105.009 100.163 98.7952 90.1916 102.701 81.7852 84.3477 89.9493 77.2719 79.4443 76.6559 79.1445 57.9211 58.036 58.8245 60.6684 59.3913 57.8595 55.8472 55.4529 57.5597 54.4796 56.3277 49.4653 48.6769 60.8984 46.3853 42.525 49.338 50.759 46.8453 46.2293 56.2045 42.8823 42.9685 49.2107 45.1985 45.7816 47.334 58.188 40.8905 55.2722 51.5762 48.7877 54.2907 45.4284 47.5147 50.0567 56.2989 52.4591 63.0339 57.9457 62.2988 61.1818 53.5104 71.8674 56.6521 65.7402 68.8531 74.7298 67.4445 72.467 79.7647 90.2368 87.6824 99.4851 98.0929 113.904 106.224 96.6022 121.39 105.575 98.0477 107.649 98.557 92.5488 98.4379 88.0643 79.6661 79.8509 78.8694 70.582 58.5494 51.5269 63.0791 52.8944 55.3544 49.8103 47.5434 48.4222 57.8389 40.6811 49.9705 36.3362 40.7057 38.755 40.9234 44.3319 47.4941 41.872 41.4737 33.0221 38.1555 51.8021 45.5804 39.4655 36.3321 41.1205 31.289 32.6607 32.521 34.9645 38.3238 36.5744 43.527 33.9173 38.6031 46.3278 34.4225 40.3033 39.1123 43.3546 38.9029 45.7364 51.0259 46.8658 45.0055 47.5105 52.7671 50.3647 48.6851 57.9211 57.112 57.2968 55.0669 69.9168 65.1365 67.0051 73.9085 63.9867 85.5305 85.551 91.5838 98.672 108.039 99.637 99.7561
105.93 108.627 101.003 109.929 103.857 98.5142 94.0916 94.664 97.7721 87.6972 85.2888 71.3171 75.9093 67.98 67.5517 58.9694 60.6782 61.0344 57.286 65.1475 50.6118 58.8549 53.2917 48.4875 48.3136 44.7857 45.6338 54.4747 58.9906 46.7914 41.6734 40.0705 45.5786 46.0663 42.2967 42.284 52.4733 50.0479 46.0493 52.3164 39.7313 45.6931 47.2578 46.8126 51.3242 55.7171 45.1292 46.3122 48.0762 47.9617 44.2387 47.8005 49.0938 50.7603 62.6584 63.0274 61.5433 55.6154 50.5525 64.6429 74.2725 65.9235 63.1842 80.3743 85.2845 83.6817 81.4174 89.8174 97.6915 103.556 98.5566 101.614 100.376 104.039 99.2732 105.659 99.1926 103.28 85.5729 84.7418 89.8343 82.8845 74.2768 71.7665 70.0789 65.6012 60.1185 47.7709 48.7334 61.1956 50.65 52.1129 46.7914 44.2811 49.4585 46.821 46.6387 44.8027 42.3984 40.3038 35.1645 39.5066 38.5525 29.6395 38.5186 43.8656 34.9186 36.39 30.7971 41.4189 35.3511 33.5956 40.7829 38.5101 36.4833 33.8331 34.8338 38.9511 32.137 35.5377 43.4797 35.2621 44.65 38.8917 37.696 39.5405 43.0896 40.7066 44.4931 48.0719 48.6613 38.7391 47.1136 51.8754 49.1023 48.1991 55.5051 54.0507 64.6429 64.0874 70.1086 74.3234 82.3715 78.6527 79.1022 95.3255 100.473 104.395 92.8958 99.0187
104.22 93.9935 107.666 103.025 104.324 99.9025 93.4337 92.0297 92.5239 84.3361 83.3957 73.0385 68.3104 73.6552 63.7922 60.0526 62.0077 56.8204 59.4709 53.8199 57.8526 50.9594 57.6295 53.4831 54.1217 45.7677 54.9134 44.4512 44.0838 49.0393 51.7467 46.9486 57.3409 52.5471 51.2656 49.866 50.4433 44.4599 44.788 39.3644 41.735 51.1519 46.2488 43.4102 44.8055 51.493 46.5419 52.7746 53.61 48.1908 44.8929 50.439 52.8927 52.7658 50.7801 57.3758 64.6102 53.4394 59.6765 60.6518 65.5505 68.4854 70.5542 78.0028 74.0882 80.9551 82.3154 91.7279 94.8595 101.687 102.881 94.479 101.272 104.447 104.871 103.458 95.275 93.4205 88.5918 85.1803 86.1381 85.6089 75.9252 68.5072 62.6769 65.1875 56.9428 54.7428 58.0363 54.5241 49.6429 42.2905 47.8715 45.4266 41.0702 48.1165 38.6559 39.5656 41.4289 36.7664 44.7442 46.6687 43.2003 33.4248 40.4535 29.952 44.1232 36.4208 37.335 32.9043 36.1059 33.5297 35.6817 38.1441 37.0157 35.8785 29.7858 32.41 34.785 42.7192 39.7493 34.0983 35.1131 31.2247 40.9652 33.9584 35.9835 42.5223 39.2113 42.6623 44.2544 47.1892 49.971 45.549 43.2309 58.8061 57.4152 65.7517 54.4191 60.5556 70.2699 74.3375 75.5185 74.788 87.4765 87.8177 86.5624 97.2476 105.23 102.549
98.8018 107.163 99.825 113.622 102.606 97.4902 90.2333 91.9055 92.8836 79.357 83.3956 77.1439 70.225 73.9301 62.8735 69.0351 71.0544 66.6957 60.6694 55.0937 52.813 47.9811 41.1975 44.6952 45.786 44.24 48.2696 49.0223 43.8794 49.1305 46.4305 47.3906 44.2264 47.8233 46.1105 41.806 45.3578 46.9219 46.1826 42.9869 43.2213 48.1614 51.7988 45.1369 43.2123 39.4802 47.0526 46.7145 52.2045 44.9656 51.0912 53.2097 51.1317 51.0506 57.1221 54.2013 65.4427 59.4028 64.415 61.4131 62.1974 61.8007 68.8052 74.2591 77.6171 81.0427 87.3936 96.787 91.7928 98.5629 100.983 107.064 108.93 113.307 110.444 99.2841 104.666 105.806 91.7117 86.1812 81.4664 82.5707 65.3661 72.7987 63.6307 54.6114 63.6397 52.7769 50.5638 45.1505 55.2064 43.4196 48.9321 42.0043 43.8478 38.7635 43.5639 33.3591 48.9682 40.305 40.9406 37.9477 34.3688 38.6238 41.0577 38.2542 43.6675 35.8743 31.0423 34.0713 37.0552 42.5722 28.9013 30.0282 33.7242 37.9612 36.1853 34.4725 36.7171 37.533 35.1441 32.363 45.2947 35.1396 41.6888 36.7442 39.3269 44.6637 45.2676 44.3121 41.504 42.0494 48.1569 54.3726 45.4975 52.786 47.936 50.5007 65.6545 69.0396 65.7221 70.7434 85.7259 67.6017 83.6029 88.1103 98.5584 110.855 115.808 101.308
100.629 102.472 98.5828 91.3987 98.8195 93.566 88.6976 93.9558 87.3471 81.5413 70.3706 79.6571 69.3728 62.1561 67.9294 65.8781 58.0535 60.5179 57 59.2926 53.097 57.97 52.8417 55.3803 51.8903 51.8903 44.8361 48.948 39.383 47.2308 47.5 46.2098 47.927 42.4414 40.1488 45.9267 40.7567 38.5012 38.5801 49.1058 46.5579 41.8752 47.0034 41.8984 52.6004 49.5281 55.9094 44.8825 49.9597 47.4443 56.3039 49.4678 53.1388 54.3361 55.4824 51.3009 49.1104 54.5403 64.9128 63.799 60.62 68.2311 67.1033 70.1571 82.9336 77.7404 88.3032 85.8945 92.9812 101.502 92.0484 89.7047 105.79 95.6683 115.281 107.071 93.0044 82.4463 89.3752 93.0462 76.1625 87.3425 73.6935 68.7741 74.6217 59.5433 57.2553 56.5174 53.3198 57.0882 42.7755 45.6436 47.5975 41.9587 37.3456 45.458 35.6563 44.8268 37.5127 38.5848 30.6024 38.1857 43.7084 34.5425 32.9321 42.576 33.2755 31.6698 41.8706 36.2086 34.6168 34.5982 32.0132 40.8031 40.7521 36.1483 34.4172 36.4592 25.8872 40.8078 36.1158 35.777 35.1598 36.5845 33.9995 34.64 39.9492 38.2181 46.9477 43.6852 48.7763 43.2675 44.0286 42.627 45.0078 47.8852 54.9719 52.9856 67.1776 62.6991 61.7059 75.5034 66.7878 89.1757 81.3557 85.7506 92.429 92.4661 104.857 105.479
99.1854 90.152 100.804 111.327 106.634 99.3955 83.9786 89.6459 84.0932 79.7723 83.4105 74.1957 72.219 68.8482 65.2387 68.8244 60.8032 49.9699 55.1168 47.8118 52.2187 49.9985 48.3657 46.7901 51.3211 47.7402 47.9121 45.8877 45.3195 46.2219 52.9969 40.8124 48.9195 45.8686 46.2935 44.3933 45.119 47.4776 49.6118 45.6824 43.7965 39.9578 44.5508 40.3206 41.4235 50.8818 47.1004 37.7615 46.2362 45.7254 49.6357 53.3502 50.5237 55.6945 51.2876 52.2234 58.1868 60.7364 61.7104 64.5273 69.1299 59.9581 71.8657 65.5777 71.3071 81.6678 90.6104 83.1144 100.15 107.818 107.966 96.4496 108.109 95.0793 111.661 98.8846 80.7797 101.926 81.3383 98.5695 78.784 74.463 74.253 76.2965 63.5581 64.8902 61.3571 51.0012 52.19 41.118 48.7715 44.4553 41.2517 39.2273 38.258 39.9052 41.0559 27.7685 35.231 36.8352 37.4702 35.3551 33.5552 41.7577 36.8878 32.8963 29.683 39.5854 35.9185 32.5143 30.5425 28.3605 35.1546 35.2835 34.1042 36.1907 34.5196 33.7748 43.5195 39.8766 35.1116 31.4257 33.3451 37.7185 46.2267 39.7525 43.553 38.9503 39.5854 41.2755 34.0804 40.6644 47.3773 43.3811 46.1742 51.8033 61.6674 55.1598 60.3831 57.7189 60.5502 70.7676 75.3225 81.5436 80.7606 88.1086 99.3716 99.3286 101.014 98.6984
99.4666 105.307 90.107 94.5684 102.593 96.1046 82.1559 97.9353 87.6578 81.8074 74.7938 77.1988 78.097 64.0452 63.7409 61.0562 57.5028 60.5359 48.2069 55.569 51.5935 49.3799 52.418 45.8363 46.6903 49.964 43.8535 45.7774 42.5823 49.6253 44.6878 42.3909 46.3124 43.0682 43.0142 50.7395 39.4264 47.0879 48.5456 46.9063 45.9688 47.5345 43.0829 42.4596 47.3578 48.1922 48.0253 46.813 52.8499 46.6805 47.6866 51.3775 48.5946 48.575 52.7125 48.6241 53.9935 59.8832 57.7482 59.2647 61.3163 70.1459 74.7104 73.7779 80.4332 81.6111 87.6431 87.1867 93.4641 94.1512 91.0689 95.9623 102.853 102.294 91.7904 102.892 96.2911 89.4738 91.4812 81.2676 76.1337 78.0037 74.4012 70.2441 64.8845 59.7065 58.293 53.9788 50.175 54.4009 55.9175 48.4179 47.3971 42.5921 42.1749 37.7577 42.5087 38.2141 43.4706 37.3896 32.884 35.0484 43.1712 36.3883 36.4276 29.2864 39.9712 33.2619 33.2324 28.2213 38.916 34.0128 37.0214 32.1134 38.8571 28.2508 34.4644 38.5626 44.9725 35.7208 32.8741 43.5835 40.4914 31.3232 38.6607 38.4595 37.8018 38.2779 46.5136 37.2325 39.3822 40.5405 45.9247 37.7282 55.9518 50.9996 46.1259 56.3395 60.0697 64.8305 57.6991 79.0687 72.3643 80.605 80.1191 87.2799 90.2149 101.67 106.971 109.572
112.725 96.4057 94.5 103.363 106.131 95.2864 88.4551 91.8985 84.4167 82.032 72.6294 76.5115 70.2548 64.7797 64.6435 52.6546 54.8023 59.607 53.6831 51.7874 52.4328 53.6478 44.3662 46.1257 47.2802 47.6029 44.8703 40.7413 43.4083 43.01 42.1428 50.2044 46.5492 43.1713 39.0674 41.5328 37.4693 41.8907 38.5381 38.165 41.1446 52.7 41.4925 45.8585 45.561 47.3054 43.6402 50.1388 38.2205 49.2969 42.9999 49.2666 47.6231 52.8361 54.5855 58.4474 49.0196 59.7179 52.4075 58.1701 69.4028 64.1847 73.8798 70.4363 77.1619 81.296 97.1266 75.5485 93.5773 92.8564 99.9197 99.0122 113.784 93.895 103.953 107.613 95.0596 83.9176 86.4636 86.8317 80.0356 80.212 79.723 69.8515 56.6727 60.4993 59.4355 55.5485 55.1451 46.8618 45.1022 52.095 43.3478 47.4768 39.5918 36.834 45.1829 29.8665 33.4612 32.3823 37.071 35.9719 35.7601 40.4488 38.3465 42.5109 27.9961 42.2285 37.0508 35.2005 35.6644 37.1063 32.1453 36.471 30.4816 34.8476 35.8257 40.2371 37.8675 34.5602 31.4697 34.2124 32.5033 40.9177 35.4576 41.1194 36.2441 38.4977 43.7309 41.3715 37.4793 35.6341 43.2721 50.769 44.714 47.86 47.5222 57.913 57.3382 59.1532 63.3226 73.8596 70.4011 91.2834 78.7197 93.2043 107.527 97.651 105.193 103.489
99.9014 99.4771 99.4201 97.2104 90.6379 99.239 91.911 89.3079 81.7418 83.2063 76.8461 63.6649 65.6936 66.6769 58.5881 58.3759 53.1179 54.7015 61.8847 54.1944 49.7644 54.4583 52.264 49.811 50.0335 44.2425 48.3516 54.1012 46.1728 43.1143 33.711 43.6888 42.3173 46.7369 38.022 42.8245 39.7091 38.3532 46.8249 42.3432 38.3532 38.1306 46.4161 40.3456 45.0136 41.5462 47.358 45.6243 52.5952 45.143 48.8691 54.567 51.1048 46.7473 60.1717 55.897 50.2975 53.9874 57.2788 56.9631 62.9042 59.4472 67.5722 77.405 68.8039 85.2454 84.4691 86.7203 97.1172 98.5455 96.4807 96.0615 98.3592 107.907 97.1327 102.691 103.4 100.683 89.1681 84.5312 76.9444 73.9376 70.6255 61.1653 63.9754 60.2027 59.5558 56.725 55.3795 47.5287 52.4969 42.3122 48.9726 35.8432 46.5506 37.018 38.6482 34.4718 37.4527 37.6286 28.3133 37.106 33.9439 34.6943 41.4065 36.1744 31.7031 26.6521 36.0968 33.385 33.6438 37.7684 40.8994 34.8185 34.8651 35.2636 29.2604 41.1943 41.0753 36.0606 37.2767 35.7397 35.9933 33.3177 31.3977 40.475 38.1565 41.5514 35.2739 43.1609 39.678 38.3842 41.5514 57.8687 37.7787 48.807 53.6613 52.8799 49.4022 59.1004 53.3767 69.8337 76.9703 80.5256 76.2406 80.6964 100.393 99.0268 102.913 93.981
109.901 97.8557 101.72 110.156 101.912 90.0147 93.6353 83.3894 89.4467 75.9997 71.912 71.774 69.8363 61.8413 65.0106 67.0067 61.5122 50.916 58.7304 44.7738 46.2496 52.1635 42.6078 45.6603 52.2485 44.5083 47.1256 43.5475 44.8428 41.493 42.6928 44.6251 36.3966 42.576 44.5083 37.8671 43.6006 43.0856 39.6137 45.6338 49.2703 42.0557 42.0398 43.3033 46.3292 43.4678 48.2988 47.8953 59.8665 48.2138 49.4242 49.6047 52.8006 49.2756 49.9816 53.9366 51.0593 57.7695 52.0308 57.9553 55.5664 60.4823 71.5191 77.4755 72.0288 83.0125 82.471 95.9871 90.9278 90.9119 99.9792 104.46 98.7635 104.407 104.736 112.163 107.714 100.165 84.3609 76.4881 78.2506 75.214 70.9723 64.0551 62.5792 60.7159 53.6128 57.244 44.9224 45.3047 49.9073 36.6249 46.8973 37.9043 39.9694 31.932 36.7948 41.0577 41.1798 35.5578 35.9719 39.0297 31.7462 40.994 37.0655 35.2393 31.7037 32.2505 29.4103 34.9049 34.1988 38.9501 32.8345 31.2047 25.089 36.6833 29.9678 32.0435 32.001 35.0694 37.5698 38.7855 33.5989 39.0457 33.7157 32.8238 50.3055 45.3047 41.1426 35.1809 35.5048 44.5296 40.2083 48.612 48.8668 41.9071 52.8006 55.4072 55.2638 57.9819 64.9735 70.8025 67.8137 69.0931 80.3051 83.984 89.1813 103.929 93.9326 101.121
96.9706 116.209 96.1216 96.3012 96.4427 97.0631 100.002 82.1295 89.9718 77.7757 78.7716 76.4641 70.0966 62.6733 59.9086 59.1467 53.5629 65.9496 51.4241 50.0472 48.0227 51.9139 48.8554 46.5206 46.4716 44.6594 48.0118 44.3764 45.4158 45.4975 39.0756 41.1382 40.8008 53.3072 44.4798 43.5709 41.3831 44.3927 43.99 45.9274 44.1532 43.6634 35.598 47.3859 44.458 49.3887 50.7384 40.1477 43.5328 45.0675 53.3126 51.2173 42.2974 50.8853 54.5262 45.7424 53.4051 54.3357 64.491 57.3399 61.525 57.7263 66.7659 67.6476 75.1089 71.5878 83.3758 78.2382 93.1066 92.595 101.754 91.18 99.0713 111.757 104.895 98.2876 91.5882 91.8331 95.5665 91.6644 75.8981 72.7579 70.7225 66.8584 53.3126 51.7996 54.9235 46.2485 55.114 43.99 41.8348 38.4171 49.3942 49.0731 40.0878 43.56 42.624 32.7081 37.1381 42.3246 32.6428 34.232 34.8796 29.3121 36.9368 33.949 32.9095 40.8389 34.0687 36.5558 30.5639 39.8593 33.8619 35.0048 27.7448 28.1747 34.085 29.274 33.2687 34.7925 34.5911 31.4074 35.9626 37.0347 32.8496 45.9111 33.3449 33.9272 36.6755 36.5612 44.9587 40.9477 44.8117 50.8745 45.3124 44.458 52.2133 53.0024 58.9617 61.3617 62.3413 57.7589 71.6585 76.1266 73.215 88.6929 94.1079 94.7991 97.4713 104.835
99.9915 110.591 89.9885 111.316 102.361 101.564 91.9735 80.504 86.3084 78.3851 81.8087 75.7032 65.1593 63.7764 59.6336 65.1425 61.8193 55.251 56.578 50.2996 50.8405 46.3687 54.4313 49.7811 46.0676 43.8819 45.8055 45.6996 48.0526 48.1976 39.9119 51.5319 40.8263 35.4345 45.3037 38.7186 39.9453 42.7723 52.1731 50.2885 38.596 42.9674 38.8469 48.7496 45.1476 43.67 38.6517 48.9837 51.61 41.5623 50.5729 49.8982 52.1564 46.8817 49.5358 52.2233 52.4017 48.2589 56.7286 61.942 62.7059 70.1496 59.8957 71.2425 70.5567 73.5007 82.5726 91.1036 99.105 93.9696 91.8006 105.567 109.682 104.597 96.3449 101.781 95.3134 92.9994 94.8952 89.7264 81.87 72.2629 65.9231 60.2469 46.8092 58.7861 53.857 43.7202 49.6305 44.8242 39.7055 48.9336 38.6796 41.1664 45.5267 41.1831 38.6629 36.544 41.7129 29.3233 32.5741 32.5462 34.4698 33.5833 34.442 35.44 35.6185 38.5625 29.5464 31.8771 36.0255 29.6746 29.0055 33.5498 26.5354 35.0051 31.6373 34.0293 33.1316 32.6633 38.1778 27.7677 25.6043 33.7171 36.1426 38.228 31.1466 36.0088 37.3302 34.3416 39.2929 39.7669 39.7279 44.3948 48.6548 47.3946 47.1716 48.4429 52.6359 61.2171 62.7282 64.663 66.2688 69.6422 82.3273 85.0315 100.031 96.0438 110.19 103.566
107.308 109.826 110.385 96.032 101.764 82.6093 78.9667 92.8062 82.0098 66.8799 69.4776 68.764 63.34 59.0808 64.8302 61.6558 55.1014 55.5524 58.8696 55.3583 60.925 57.4023 44.6075 46.2404 43.1459 44.6132 43.2373 45.561 46.6001 45.1613 45.3669 44.9729 39.1436 42.3409 37.6991 44.048 40.9021 44.6303 44.9272 47.4793 45.1214 49.9801 45.9435 47.9304 38.8182 47.6449 42.5179 40.9021 45.8864 45.0814 48.4442 55.6609 46.0234 43.1174 52.6064 51.0877 57.1739 49.6946 50.0657 56.9055 53.1887 66.9598 65.9892 66.2119 73.0746 77.0426 81.9013 80.8565 90.0429 89.3235 99.2464 104.819 102.113 106.954 103.888 101.707 85.8122 96.1919 94.3535 81.4845 82.7748 63.9738 66.0863 58.6755 55.8436 53.7311 58.7897 51.71 43.1116 55.0785 44.8416 44.2878 38.7725 36.8713 43.5227 33.223 36.9398 39.5947 35.1128 32.0583 32.2124 32.1154 39.8059 40.4054 34.7873 31.082 39.1493 28.7068 37.9275 37.6021 36.5002 32.0468 38.6469 28.7411 37.3908 34.4048 33.8738 27.2795 37.6078 30.1456 38.3671 33.3315 35.4268 28.8439 31.1162 29.3748 36.0035 41.6843 40.6224 41.199 31.8984 34.2792 46.8056 38.4014 52.418 44.853 48.7982 45.7208 54.3477 55.9521 49.9686 64.2764 76.523 70.0143 78.0532 78.1616 99.4862 92.0983 100.896 102.878
99.523 100.51 102.631 99.3769 99.8736 83.636 90.6826 81.8773 85.348 73.8199 70.0278 67.118 62.5488 58.3185 61.4503 60.7024 58.5581 53.6851 54.6433 57.7401 47.9765 52.1133 51.8971 48.1635 46.7144 49.0516 41.4967 39.5276 44.3071 43.7111 41.1753 44.9031 44.1903 45.8204 45.0258 37.8682 45.1719 47.7954 42.0751 41.9699 44.3948 46.8663 42.6711 47.5675 50.115 49.4781 47.1117 46.8371 45.3705 47.4448 49.1626 45.6159 46.954 45.242 50.7811 51.7861 51.0499 62.5021 59.417 56.6474 52.0198 62.2625 60.8076 68.9761 70.431 68.8943 89.3388 82.1519 91.7811 95.8712 103.625 90.4957 112.407 104.01 102.088 99.9554 110.204 94.4806 87.3872 82.7537 78.2488 62.0522 67.5679 63.0104 55.66 51.4998 52.7969 50.0624 47.7545 46.2587 50.7811 41.4558 33.9943 35.7297 33.9417 39.5568 36.0043 37.9266 41.7946 34.8591 37.8156 30.6521 29.8867 33.334 34.5494 30.658 34.5319 38.8381 24.1898 33.7547 29.6004 35.7004 29.3316 33.0653 41.4616 40.7079 30.4067 39.6386 31.7506 30.9443 32.2589 37.1904 36.9275 33.3399 33.2931 34.1345 34.9701 39.5217 32.1888 31.9084 43.0217 38.5869 42.2855 42.1569 47.2111 47.5675 45.6919 51.342 52.2827 59.9721 62.4845 65.3826 70.5712 74.4509 78.2313 79.8206 85.5058 96.9813 99.003 102.404
101.17 105.467 102.21 95.1401 110.081 93.5085 80.5873 93.114 86.0438 71.3356 72.25 71.9273 66.1241 73.5529 59.0838 63.2793 56.741 52.9519 54.1173 51.6251 48.3798 41.2618 50.5493 52.5754 45.6964 47.2921 49.1687 49.8859 43.3237 40.1502 41.6264 46.9813 36.2117 38.423 44.005 34.359 42.7679 36.2177 47.8659 39.5286 37.5385 39.9649 38.919 45.9892 41.1901 44.4413 41.4053 43.772 40.0785 40.9809 44.4114 43.2341 52.1809 45.4693 45.3617 47.4595 48.2902 45.4454 56.992 60.1117 56.5796 61.7194 63.9546 66.148 68.3952 75.6148 72.77 94.4647 90.5561 90.9565 96.0784 86.9044 104.571 113.117 91.8769 89.5998 107.667 92.6598 91.859 79.3621 71.5388 64.8212 63.5183 60.8468 58.8746 54.1293 56.2868 45.7562 53.5973 41.9611 44.4294 36.5643 48.5472 38.1242 34.2932 36.0144 41.9073 32.0102 33.8211 39.5346 38.1899 32.2433 39.0206 35.106 28.9024 27.3067 28.5259 33.5701 28.4781 37.407 32.5301 29.6973 33.4446 30.7372 30.7193 31.03 30.3487 34.2155 30.791 31.6217 39.5167 31.9803 34.4247 27.976 26.8823 38.7457 31.4723 40.9929 35.7336 35.2136 41.722 40.0366 43.5628 35.7395 35.5901 40.8554 45.0211 50.2146 56.5617 60.8708 52.1809 54.6253 64.7435 68.8195 77.5094 80.6291 87.0718 89.1994 93.6041 94.6201
107.226 110.776 104.012 101.641 101.274 92.7325 92.4698 91.1378 85.0155 76.5347 71.9644 69.0254 58.785 58.6139 57.7279 59.1882 55.565 57.4163 58.3756 48.6117 46.8459 41.524 47.8846 43.9008 50.2431 44.8723 42.4833 45.0373 42.8682 49.9742 42.3855 44.0047 42.41 41.7318 37.8824 40.5281 46.1738 43.3326 39.9659 44.2613 43.186 38.194 44.5668 39.1533 42.2267 44.0475 41.0169 40.6747 45.6789 47.1636 46.4426 36.7215 41.5362 49.7787 49.6748 51.4345 48.3612 49.296 50.0476 52.235 58.9255 61.7422 67.2474 65.1578 76.6325 73.8279 72.1966 91.6266 88.0033 96.8507 99.0931 102.496 97.0462 105.24 98.6531 97.5472 92.7569 89.2803 86.3352 86.6102 82.7425 69.1354 60.7585 69.0987 62.3471 61.2412 45.7705 50.848 50.3958 40.6992 36.1533 43.1126 38.9089 37.9985 35.7317 34.3141 33.8681 36.862 34.1492 39.9476 31.6135 35.4873 31.9862 37.1309 36.2755 37.1492 29.6216 33.9536 34.3752 33.6176 33.086 32.4994 39.3855 29.1022 30.7764 28.5646 36.5077 41.6034 42.4894 33.9475 30.8803 33.2388 32.6889 37.4303 31.3813 33.2204 33.1105 36.5015 33.862 40.412 37.9007 34.6624 39.6849 42.2206 39.5566 47.1636 48.6056 46.2776 58.4061 54.3552 63.5325 63.9235 59.6587 72.5693 77.604 82.211 99.1236 89.7813 106.382 101.073
85.7999 98.9802 94.6471 94.4973 101.534 98.8553 82.9028 77.8767 69.0233 82.5594 71.7642 69.5914 64.9087 55.9241 55.4496 59.3456 65.9264 61.5247 52.7461 51.2289 47.4952 48.6066 51.4787 44.2236 47.8012 42.7813 46.2465 49.1873 49.5119 43.3432 48.1633 43.2121 41.083 40.3962 43.9551 40.6772 37.7802 42.4005 46.6524 43.2746 44.4546 43.081 39.9967 40.0528 43.5181 38.8229 47.002 45.8969 42.2131 37.8488 46.1903 47.3704 49.9989 50.6795 47.0207 47.4141 49.0624 54.3945 54.4631 60.9877 57.1541 70.9838 65.4582 66.2136 75.2169 82.3472 76.8028 91.5627 90.7511 88.0538 102.814 104.443 99.6919 110 103.494 95.9645 90.133 95.3027 84.1453 91.5503 74.1493 67.4187 62.8233 64.609 50.7669 58.4153 45.9156 53.8887 46.1654 48.6066 40.6897 41.9072 45.7595 45.7158 40.9519 30.0131 38.1485 37.6491 41.7324 39.2911 31.1682 32.6417 27.9652 31.6177 32.9414 28.8206 32.6542 30.9934 34.2463 35.7635 29.3388 30.369 37.1683 29.0516 30.1317 31.4616 31.6614 36.1256 36.1943 31.8924 38.4108 34.3712 36.1069 30.9309 31.7488 38.1173 30.5938 37.1683 33.4409 37.98 35.7135 43.8552 44.0176 48.8127 38.0174 49.4433 45.4973 47.5702 55.6869 58.996 60.8004 67.35 64.1969 69.4353 75.3855 84.9882 90.4077 85.9497 101.89 106.36
96.8566 102.041 104.184 95.5876 98.5338 93.3428 92.9602 82.5335 85.3649 68.0764 76.1244 71.4691 62.1903 60.1751 60.0412 57.9239 55.4879 51.8784 53.7533 42.3636 50.654 44.4171 46.3494 48.2179 46.6044 39.0411 38.346 40.7374 37.7976 41.7323 51.3554 44.9719 41.7387 42.3636 44.1556 43.6263 42.4146 38.6011 42.5422 36.3563 42.2361 44.2066 34.1243 37.0897 37.8422 43.6454 43.1926 41.6749 50.6284 52.0378 43.7475 44.6913 48.8875 48.8683 58.7147 49.6017 50.9218 56.5656 50.5455 55.2073 57.2161 59.8052 62.8025 64.1863 84.2617 71.6285 76.6027 84.7272 84.4594 88.8788 101.41 94.4652 109.821 108.329 99.1524 101.212 88.7704 90.8047 82.3167 91.5827 74.1539 62.2222 60.6087 60.6406 49.6208 52.2036 46.6044 49.0979 47.3059 45.954 40.087 40.6737 40.9415 33.544 37.1981 40.1571 37.6254 30.8464 32.1984 29.1118 29.6156 29.622 29.1437 31.5543 34.7365 29.4434 25.6363 34.2773 29.4179 27.6897 30.0238 32.3068 29.4498 31.2482 29.0481 35.049 29.2075 32.2303 30.8082 31.2418 31.5288 37.4851 32.9445 32.8297 32.8425 30.4829 30.062 32.7596 38.5564 38.8051 37.2746 40.4186 40.6418 36.9047 46.4067 36.9494 48.7344 48.4857 58.0897 54.8565 52.6245 66.852 60.3026 69.5177 81.6789 81.207 90.0649 86.9784 90.1351 104.261
110.774 95.3172 98.2405 93.8393 104.706 97.036 97.7197 77.1002 71.8069 80.043 70.9866 75.5897 62.2231 56.2267 66.2923 52.3919 55.9598 56.5458 47.2029 56.0314 40.653 55.5496 44.9501 46.7797 40.5945 44.2079 45.4254 44.3381 42.0333 48.7524 38.8431 40.0541 39.9499 38.179 53.4141 38.192 39.0644 38.4915 38.6087 38.8366 38.6087 41.6948 39.5853 41.6101 45.3212 47.0401 42.5802 40.4968 42.8602 49.703 42.463 45.0543 48.0948 47.4437 47.4633 45.9984 53.2578 49.9569 59.4496 51.0377 51.9231 66.4942 63.4081 63.662 64.1829 71.1624 77.927 72.0218 86.5993 80.2774 88.4614 106.62 107.212 102.446 96.1896 101.431 98.3968 89.8482 81.1759 80.5053 74.1703 57.6005 62.0864 57.2294 57.8674 50.0546 52.6979 50.6535 54.1238 49.1821 39.9499 39.1621 35.1189 34.2855 40.2168 38.2701 36.4601 35.5486 33.2373 38.4329 36.7726 30.6721 36.1672 37.007 31.0823 26.9284 26.9935 26.1406 34.559 29.1095 30.7632 32.2151 34.4613 32.4105 32.6514 28.81 36.1346 33.4392 28.2501 40.1127 33.2894 36.3364 32.4625 36.0109 30.9781 35.1971 38.2311 32.0263 32.3714 32.9899 37.287 39.9955 32.4365 42.4435 42.5998 48.0753 43.1141 51.2916 52.4245 52.5742 56.1942 52.9583 74.2745 72.484 77.289 82.172 97.1467 92.778 97.4527 94.1648
106.236 98.5681 97.1529 98.9601 87.7844 89.6315 91.7444 86.9074 78.7415 74.7217 71.1139 71.3863 63.5062 58.9017 67.1406 59.7654 53.6195 54.8287 52.6228 49.2276 48.7957 51.9385 45.9918 51.6993 47.633 48.4502 43.1082 45.653 43.6464 46.417 45.5998 40.4305 36.7762 38.9688 42.8889 45.3672 48.417 47.1147 41.6996 35.1018 33.547 41.9122 42.9022 43.9454 42.869 38.5436 42.3308 41.0883 45.4403 42.1448 35.4274 47.3805 50.6428 47.9984 54.563 47.2609 50.3571 52.7889 52.583 60.7621 58.3834 57.4665 66.6689 67.5858 72.383 75.6785 67.7054 82.7215 92.5949 96.2559 93.3723 98.701 110.043 99.4585 112.9 98.8738 99.6179 89.5186 91.4853 77.0605 72.8879 74.3364 62.3899 56.1244 46.9021 52.0581 50.0315 44.7892 48.6761 36.3443 43.8125 37.5668 41.9654 39.6266 32.7497 36.2114 33.3145 34.8892 35.4938 32.4972 37.5469 29.8329 27.0888 35.9921 33.2946 33.0952 34.3975 38.5037 32.484 30.2116 30.298 35.9722 33.2481 28.7166 31.3877 32.4574 26.0191 38.2778 32.5172 36.5702 29.9193 28.6236 33.3544 37.5868 41.6398 27.2483 34.7098 31.7863 39.9056 37.2081 29.793 36.1649 38.3575 36.4905 41.693 42.9487 43.2344 49.4601 55.5131 53.2474 60.0046 56.3237 68.8681 53.6859 70.4162 75.3862 90.8408 86.4489 99.1993 105.425
100.631 98.2992 101.864 102.4 103.715 104.603 81.9103 92.0365 71.1607 76.1695 67.1143 67.46 62.2207 59.4485 54.3719 58.1065 53.6738 45.8861 50.6441 48.3058 49.4105 42.9784 44.9778 42.4836 45.2896 43.4393 38.1186 47.7432 39.9554 40.5248 45.1269 44.8016 42.8835 48.543 39.7928 41.0128 38.9252 35.8752 40.4841 40.1994 49.4377 43.5409 39.0675 44.7609 44.5779 38.7761 39.6233 41.8465 45.4048 48.0482 36.4242 41.4127 41.2636 48.177 47.9262 53.2807 47.2687 45.1879 54.1754 55.9037 59.9433 61.8276 64.4574 63.0747 74.0345 77.6132 78.9349 88.8915 94.2257 96.7403 101.126 98.6991 103.884 102.115 100.882 101.797 96.5234 99.16 93.941 74.5022 72.0215 65.5012 71.5131 59.13 44.239 52.2844 46.8892 49.3157 39.0879 40.7552 51.8912 44.3814 38.0305 36.6546 39.1489 30.4664 33.8893 35.5295 34.689 30.4326 32.5744 29.0431 32.7099 37.468 35.3465 33.6791 32.9336 31.8966 29.199 26.7454 30.297 34.75 28.4738 37.6374 30.8053 26.1354 33.4826 30.0056 32.5676 28.5958 29.4904 30.9612 31.9169 35.8616 31.9034 33.1844 40.9111 34.2892 37.3189 36.4716 36.0446 38.2678 40.0707 47.2145 40.8772 48.543 42.0972 54.1144 46.8621 59.1368 50.9694 67.2837 69.8119 72.7196 81.4833 81.8968 78.4604 82.1679 99.2142 99.5531
103.948 105.454 115.911 108.371 97.2988 95.1908 90.263 80.898 81.5892 76.5369 80.4834 74.0696 60.7928 62.3616 58.664 51.49 53.8813 51.0477 51.02 46.9768 47.8822 45.9816 41.4477 47.5505 49.6723 49.5617 38.1026 45.4909 36.119 41.973 39.0356 40.4456 42.5812 43.2032 38.9181 39.2983 37.5704 43.2931 40.7289 38.9873 39.3052 43.8805 45.8572 37.6464 39.5125 38.6624 42.5605 46.265 48.7116 44.1501 39.4365 45.5946 42.4775 43.8805 44.0257 44.3712 46.5691 50.004 55.0494 57.0744 57.4753 56.252 65.8243 65.223 72.3832 62.5137 76.0048 71.3465 90.2768 95.9235 96.4556 111.039 113.693 92.2535 104.853 106.221 91.4241 87.7196 77.8432 71.4432 70.3098 70.4204 57.3785 57.5859 45.3734 53.3561 51.5107 49.2231 42.4844 43.9911 32.9812 42.6987 39.9756 39.1462 37.9575 35.3519 36.1121 31.4469 36.4024 29.5877 40.0862 29.3389 32.8707 30.348 31.288 26.8508 29.415 32.4007 34.8957 30.7558 26.8024 33.6931 31.6819 28.5234 32.9398 28.7238 35.4555 36.665 30.7489 31.4331 31.9791 29.7052 32.6702 31.7372 26.5122 34.4326 32.1311 35.2067 41.6067 44.8965 39.1808 35.6905 41.0192 37.3976 44.8205 44.2192 47.7648 47.7302 50.6745 48.8222 48.6909 60.2813 69.7983 71.0078 65.8796 80.0065 82.4877 92.5783 103.892 103.263
101.138 90.0206 99.8201 103.089 95.0084 95.5297 80.8551 81.9048 80.8762 74.3878 59.3186 70.1186 66.9554 62.4607 56.8106 54.1547 51.9566 55.1128 53.4924 48.2369 49.4486 45.271 46.1093 40.8467 42.8334 44.5665 39.7477 43.3336 42.1148 46.4968 38.705 34.5697 37.0002 39.7618 36.8311 43.08 40.5086 39.1841 37.282 42.8123 43.5308 40.9242 44.9469 42.8193 41.2201 41.3399 41.6428 43.9465 45.0173 46.2572 50.1883 33.527 55.2819 41.5935 51.1465 48.575 44.6862 53.5136 55.2184 52.647 58.0646 63.3483 63.771 68.6602 78.1498 71.7389 77.1776 88.9286 86.2727 94.6491 98.9395 100.961 101.462 106.654 91.1196 98.1857 87.9353 87.3153 90.7533 77.5439 68.3009 62.9961 59.9386 62.7707 45.2075 47.7508 48.5891 41.6921 41.1356 41.826 46.9547 39.635 40.5156 36.8099 34.5415 34.5626 32.6534 30.702 34.3865 30.0538 33.8652 35.8237 38.7473 28.2574 35.3798 25.3126 30.1384 30.0468 31.7517 31.9207 33.3438 32.6323 33.1254 27.8558 30.9133 26.6441 38.1626 30.1947 34.471 27.412 29.1732 34.9078 30.6033 32.0053 33.3297 30.8851 27.3908 31.5403 37.5074 45.5598 40.9806 37.3454 41.6076 40.1774 46.1304 44.1649 43.1645 46.9336 45.6514 54.4153 59.0227 56.1343 63.5526 74.5217 80.5169 92.909 83.5603 90.9294 94.5857 105.224
102.847 105.883 108.245 94.8857 97.269 87.5852 87.8221 85.4316 72.8189 66.7531 71.0674 62.7116 66.4588 59.3018 58.1819 51.5633 51.2044 48.7852 55.0952 54.3989 44.3992 49.8405 42.4466 46.0574 46.201 43.6813 40.1064 46.1292 43.6813 41.9298 42.3533 43.5306 40.4151 37.2494 35.304 40.8458 46.3733 37.5867 36.553 41.0827 37.2637 35.7419 43.509 41.1114 44.995 46.3804 49.4457 47.7659 48.4335 47.5864 44.4279 49.1657 49.2949 51.068 45.6339 48.0171 52.1448 56.3299 49.7759 53.8389 47.608 54.6501 63.2428 64.858 68.799 65.3676 75.8626 79.897 91.3826 89.9469 93.5146 90.3274 93.249 113.629 101.461 102.918 94.3402 81.8208 84.24 80.9737 70.5505 57.0262 62.5034 55.2244 52.8555 59.1223 56.1145 51.671 40.7955 37.3858 43.9326 36.0362 36.5459 36.3951 29.7909 38.0246 31.7147 38.5774 34.7153 32.3536 34.6148 36.0362 29.073 32.1095 43.6885 34.5502 42.1595 32.7484 28.5849 33.3083 33.9975 28.4126 35.426 33.6816 29.4391 32.0665 35.6485 38.2759 36.2515 30.9466 29.1017 35.1461 33.6601 28.549 27.2353 41.5278 43.1788 34.9881 36.955 33.2222 36.3592 39.7906 41.3483 46.9404 44.5643 48.3976 46.1651 39.1014 45.519 53.4944 59.711 62.2306 59.4023 63.1423 68.2821 90.5212 81.0168 88.7553 98.2668 94.6632
105.872 101.711 100.907 83.4747 102.318 90.7137 87.6426 93.134 77.062 65.1799 67.783 62.8108 68.0243 64.4341 60.8804 57.9848 53.5317 48.9178 51.6087 44.2966 45.2179 44.048 47.1337 49.2907 46.2635 47.8941 39.4487 39.1781 41.6789 41.8178 40.6259 41.284 43.0316 35.9535 43.9237 37.0064 34.1694 47.5066 39.1123 41.5838 42.5051 39.7046 45.3568 40.37 43.3679 40.5894 44.2235 43.9968 40.0483 36.8748 39.1343 42.9438 46.8924 50.3071 45.9784 47.9965 56.5151 49.415 55.6669 54.943 55.3159 53.2246 57.9994 56.0252 70.6201 73.5522 78.6049 75.2047 81.9246 89.9167 91.6057 102.918 104.753 111.166 98.852 104.928 85.5513 94.0699 80.5133 80.3963 75.3656 58.4235 58.8184 51.6745 49.1006 47.6382 44.6622 35.1565 43.9237 39.1416 39.1416 42.103 35.9389 41.1378 32.334 40.3481 33.3577 32.0781 32.2828 34.396 37.4305 30.5206 36.7286 37.0722 29.8698 34.0597 30.1477 27.5373 36.3045 31.7856 31.6467 33.1383 27.5812 31.9172 24.8391 31.4858 30.1696 34.7543 36.5019 25.7312 30.4914 33.7306 36.5238 33.0725 28.6853 30.74 30.5426 33.2773 33.2773 42.666 37.4086 39.0904 40.5089 44.2235 38.0009 47.6455 41.4449 46.0661 48.0842 56.0763 54.0509 52.296 62.1673 71.461 81.7052 81.9684 85.8877 90.6113 94.1796 98.9617
97.8431 95.8551 102.34 102.809 98.2824 96.3689 75.67 76.0572 83.3762 68.753 73.7193 67.3607 56.6017 49.1859 53.6309 59.6544 54.785 49.8411 52.6853 49.5656 55.202 44.0633 44.9642 51.1664 42.2838 42.9688 44.2643 44.8972 45.9545 38.9928 36.9527 42.6784 37.042 41.6881 42.2763 36.6102 44.1377 44.5175 44.0931 44.3686 43.3634 43.8325 41.7998 42.8496 40.6979 40.0799 44.0409 39.7746 42.5816 46.0513 44.8078 44.2345 52.2014 46.0364 45.2248 51.7993 44.9642 48.1658 57.7186 55.671 59.2152 62.3051 56.0359 67.6734 67.1522 71.0835 83.8602 79.4598 79.6832 92.1919 88.8339 99.6226 98.409 103.323 101.246 96.7412 97.5155 85.7142 79.6088 65.9311 71.0165 57.4803 59.446 52.5066 47.8457 48.4488 47.5106 43.691 44.0633 39.2013 42.0902 40.4894 42.2391 38.3004 33.4607 37.2431 35.7391 34.8605 34.9647 34.5478 32.7757 36.8485 32.6342 33.5203 33.1927 28.42 32.53 32.1949 32.3215 37.7419 25.2035 34.6446 28.5466 30.3335 26.5065 29.1869 35.0019 38.2408 27.5712 31.1674 33.9372 36.8782 35.2551 32.6566 36.4092 28.3009 30.6314 39.514 36.6028 31.9269 30.7505 38.9481 37.392 46.7288 39.7225 35.6572 43.0209 48.3296 43.8697 56.8996 63.7198 46.9299 61.1808 59.3566 71.5302 93.1226 90.5166 90.7549 92.5046 97.8282
98.3855 99.6134 91.443 104.494 97.9384 91.3899 93.6637 84.4019 69.7362 74.5717 64.6733 64.4535 60.1106 55.1311 52.3495 52.4177 52.539 46.4605 49.5225 47.4685 42.2085 49.5452 54.2367 40.3668 47.2866 42.1403 40.1697 40.2758 45.4297 40.9504 44.0124 43.9366 47.1577 43.5652 42.3298 40.5866 40.2379 44.2019 39.7377 44.2246 38.2446 40.147 42.7315 38.995 37.8278 43.6637 44.9446 48.2946 46.4301 46.127 40.6548 45.2402 46.0588 45.0128 46.3923 56.1391 48.7266 47.1274 53.0998 49.4542 55.1462 58.4811 64.0897 63.6273 65.4236 73.4879 73.071 79.8317 94.27 83.5227 95.9905 95.0431 92.542 99.1359 107.829 92.7997 102.304 82.3858 78.1263 85.5615 66.8409 64.7415 54.4186 55.6237 50.1288 46.8015 46.1497 44.8082 45.6495 36.5696 44.9977 34.7885 41.9887 39.3512 29.6877 39.2223 30.3395 35.6828 32.1358 34.2959 33.7805 33.1514 30.4987 37.3579 33.0074 29.6574 36.0315 25.3448 29.3163 29.5664 31.9463 34.5308 35.0386 28.8313 30.4456 28.2401 32.7042 35.933 34.2807 24.1246 31.681 27.6641 27.7474 29.4755 35.3797 30.6351 40.0106 38.6084 39.5331 34.8037 38.0172 29.7862 38.6918 41.8751 40.056 36.7743 41.3748 41.0413 50.9322 53.2211 54.1154 53.8729 67.7201 79.1344 70.0924 77.5276 93.7925 94.3989 97.0364 95.9071
101.346 106.12 100.968 95.052 101.801 95.4607 88.6812 78.8706 78.3538 66.1291 71.7826 62.0028 60.0746 66.052 60.9616 56.3879 46.3691 53.1486 47.9965 50.3951 48.7832 46.13 51.2281 47.5028 49.4233 39.3119 41.726 39.0034 41.5023 42.8829 43.1066 41.4715 43.1683 40.0832 40.1449 42.2119 42.3816 38.9108 38.5869 41.055 43.2223 46.9938 52.2076 42.9523 44.1786 44.3637 42.3044 48.6675 46.3768 41.001 48.035 43.014 44.68 47.2483 49.1379 46.4925 48.9451 52.8401 50.8425 61.8871 58.9408 52.493 60.2366 69.5073 68.6126 75.7238 73.757 73.7416 91.1184 94.1341 89.5759 99.3942 107.732 106.706 106.081 96.7796 88.5732 86.2131 77.6983 70.4328 72.1297 57.1052 61.8948 55.1385 56.2414 50.4183 45.4435 42.7209 46.0837 37.7231 44.9191 37.7385 40.0909 33.7433 44.1324 33.8127 40.1603 36.9287 37.484 32.7175 29.8098 38.6255 33.0877 40.1063 32.3936 31.1595 30.5348 29.1696 27.7582 31.3523 35.1316 36.1034 29.2468 28.5912 27.6888 29.3624 32.2624 31.067 33.5273 31.63 32.0928 36.9749 32.5864 32.1622 37.0212 35.4401 33.4348 38.4635 33.8744 36.1651 35.8566 40.6308 37.7231 39.8364 44.2018 50.7422 42.559 46.9861 50.1946 50.1097 54.105 57.7916 68.7592 71.3352 75.261 83.074 92.6224 98.0908 101.022 106.259
109.213 101.563 91.386 101.139 102.324 108.891 91.284 81.9076 74.7989 82.4804 77.8825 69.7066 65.8541 64.2613 63.6963 63.1079 49.7534 64.6928 54.8457 50.4596 50.9461 57.5056 50.6872 50.0045 47.7291 45.3517 53.3157 50.2399 48.7883 53.4883 46.0971 53.1117 49.7299 45.0535 48.7805 53.4804 41.5384 42.2053 52.633 59.8673 52.8998 44.6533 52.9469 45.6263 49.471 48.7099 48.247 42.5741 48.1606 49.1964 51.8563 51.1109 48.4117 51.6287 43.4215 54.524 44.4258 54.3435 62.1271 57.4036 55.9363 68.5218 58.2667 69.7458 71.2366 74.6341 79.5616 89.8402 88.7967 90.6641 101.61 98.0004 104.434 97.6081 100.346 91.8881 91.5193 92.9395 91.8332 75.5364 76.0778 65.8305 74.3595 55.1752 54.83 51.0167 46.5129 49.1022 41.8601 47.8468 49.9261 42.4171 40.0397 41.6325 45.336 35.7949 43.1861 38.8 41.6953 39.1217 43.6804 39.5219 38.6745 42.5505 49.3768 38.6195 35.7086 40.5497 34.8376 35.3869 34.3354 35.8184 33.339 46.3246 36.093 47.274 40.7145 36.0852 31.9188 37.3406 45.4458 42.1582 31.0792 36.2343 37.3877 36.9404 41.5305 34.1942 36.8463 45.1398 46.5286 41.0833 37.3327 47.0622 43.547 43.8844 52.1623 49.8319 58.2275 52.9861 60.1812 66.4347 56.1325 65.6501 80.456 84.7558 82.4569 89.4165 101.013 101.453
113.067 110.745 110.242 104.808 106.212 102.565 98.9264 92.9814 83.4854 92.6063 80.8839 81.6819 78.8012 81.9053 72.7046 63.4 60.1043 71.2283 57.1279 63.2883 56.274 57.2156 60.0325 55.7633 56.1064 56.1703 58.0056 49.2278 49.1241 48.733 52.5075 46.4987 47.943 45.6768 51.2228 44.0169 52.0207 45.5491 46.8578 52.4357 57.9817 54.5823 50.4966 50.3769 48.0388 57.8381 61.0779 56.3698 56.7927 60.8305 51.3026 61.413 59.5617 55.7633 51.3425 54.7499 55.891 63.7112 73.9813 71.0767 66.5281 75.8247 78.857 70.6218 80.7882 78.5299 84.0519 85.7117 102.781 104.696 103.236 110.154 114.95 110.617 118.788 101.137 98.1922 94.8487 97.3544 76.3194 74.8671 77.9154 72.6088 64.0624 57.4391 57.3513 61.5966 58.6041 44.1686 50.0816 50.6721 39.4924 46.778 45.8124 47.6478 42.0539 43.5142 36.0211 42.3571 53.5688 50.353 41.7906 49.1081 53.2337 51.4223 46.2274 35.9573 48.7969 46.2832 47.7675 49.4672 44.9346 46.7141 50.1934 50.5365 51.3504 43.3466 47.0892 42.7641 44.1606 48.4777 51.1829 50.9115 44.6394 43.7057 40.5457 48.9804 45.7885 47.7914 40.2983 43.5222 49.6507 57.4471 64.1741 58.8914 53.5928 58.5882 51.7893 62.8015 64.1182 64.214 62.3467 72.1779 70.3026 74.2287 86.2304 97.2506 95.5669 99.2217 101.209
109.126 106.675 115.876 117.142 107.146 103.016 102.432 91.99 75.8362 77.3777 80.9638 76.5096 70.96 81.6129 68.5828 62.2137 67.812 61.7918 64.8506 56.1449 60.4937 61.4997 61.7837 58.1246 59.7148 66.2542 55.6905 53.362 55.0901 55.5769 69.8322 56.9968 59.7797 59.7635 62.9845 62.2218 54.6926 51.6744 57.7432 59.4957 60.2259 54.0597 53.8569 59.7878 56.6641 62.9602 65.1102 62.5058 55.9907 59.6661 56.8102 62.3273 64.0068 62.8871 60.3395 69.4509 59.2848 65.3131 60.4125 60.3639 64.7208 61.159 77.4102 74.2378 81.3208 78.1728 86.1483 94.781 97.2231 105.466 106.115 117.507 112.825 118.488 109.556 112.274 102.205 97.069 85.9942 81.2884 77.0613 66.5301 71.1304 61.5484 57.8406 58.7817 56.2422 57.4511 57.4025 60.3882 56.6074 50.4168 54.7981 58.3842 56.4045 46.352 56.7372 38.8227 44.5995 47.3094 48.1207 49.1592 47.2688 45.208 47.6582 51.7393 53.4188 45.7435 36.4049 40.0154 46.7658 44.3885 43.3257 48.4615 39.3826 45.2972 46.5305 53.6622 41.1432 46.3114 52.1855 46.4737 51.3417 49.5568 45.3216 58.0029 53.9056 41.7436 46.5548 55.9015 47.5447 46.5629 50.1328 49.9949 51.7474 47.1146 60.3639 46.2871 53.7271 56.8832 67.3252 65.9216 68.8667 69.2237 83.2356 89.2882 96.1116 109.126 97.1907 109.791
102.559 114.575 125.717 107.541 109.108 102.535 98.37 98.271 89.1993 79.5256 87.3932 85.8511 73.3651 72.1446 71.7982 67.3201 74.7506 64.079 63.9471 61.5307 71.7487 70.8251 67.8067 55.8238 60.6895 66.4954 57.4567 58.3144 56.9619 65.58 65.0192 53.5064 60.6978 64.1945 61.2586 60.8545 59.2298 67.3778 67.0067 66.5779 71.1137 60.2772 61.7946 57.7041 63.6584 58.1989 62.2729 61.9596 61.7039 64.2275 58.3061 66.281 58.0175 58.801 61.7946 64.6233 71.4024 63.5677 69.5963 68.0871 63.4275 62.875 67.5345 77.6453 86.585 78.371 89.3395 93.4795 102.37 94.5269 100.481 107.145 101.331 112.035 107.301 111.4 101.759 94.7166 79.2782 90.3457 80.0204 81.208 65.3408 66.083 74.6764 66.0583 70.8333 57.8443 59.8648 61.9183 52.591 55.6176 57.4402 62.9657 59.7081 60.9452 58.6608 55.8238 54.7105 65.5058 53.5641 64.4914 55.0156 52.0962 63.3368 62.6606 68.4582 47.9067 59.0071 57.9598 55.0816 57.2918 63.7409 53.9847 63.3121 58.9082 50.9086 48.8798 58.5371 64.9697 55.5269 49.2922 61.6379 53.8033 52.3931 57.9515 55.7166 60.6978 49.3664 46.48 61.4565 55.2713 64.1533 63.9636 53.2343 68.384 68.384 63.8316 64.4254 68.1283 68.2438 70.1158 66.7263 76.4825 80.9936 98.7163 93.3558 111.813 99.0957 112.134
113.33 113.766 115.827 110.581 112.157 104.12 102.393 96.7701 92.1775 88.8253 75.2907 73.9163 80.1347 74.2516 77.1512 73.3465 73.8828 72.4749 74.5784 85.8167 66.8096 71.8966 75.0477 71.6368 75.5673 66.0135 67.0694 60.6918 57.9347 59.4515 58.823 60.9265 64.3458 59.7868 59.1582 56.929 62.4601 68.9634 61.6808 58.89 56.0323 63.8345 59.6108 60.1974 58.1106 60.189 60.8762 64.9408 64.9073 70.8239 65.1838 65.7956 71.486 66.6169 64.7899 71.1172 65.9548 67.0443 80.428 73.2291 78.3245 75.6595 92.3284 86.8056 91.2808 80.671 88.1465 82.4812 101.622 105.712 99.2591 111.352 110.858 119.263 108.721 114.101 104.581 90.7864 94.5241 83.688 84.7775 78.3664 72.609 61.2366 68.1002 63.4658 62.9378 62.2255 65.5274 64.2955 49.881 57.6246 59.4934 67.1281 56.4094 53.1158 59.9544 43.0257 49.9145 44.6431 55.2361 44.8526 44.5174 57.7168 51.4816 47.8864 51.7414 47.8948 50.7609 49.4955 55.035 59.2504 63.382 49.7888 54.9093 50.1575 53.317 48.7412 56.7865 55.0015 48.1881 55.8563 47.878 53.4175 63.8094 58.89 55.2613 49.6714 51.8252 59.7532 55.1523 58.6973 58.2447 56.8871 65.9632 58.1944 57.5072 67.5052 63.449 72.8017 68.4019 72.1816 73.0531 84.9116 94.4738 96.4181 91.44 96.9712 106.106 116.087
106.937 114.412 114.208 120.057 101.948 98.2271 94.4468 98.4059 82.9102 89.4661 82.2206 85.0899 79.6408 76.9759 77.4187 71.2204 75.0773 82.0078 71.1863 78.2701 72.174 75.486 71.6035 67.8744 62.0592 70.4201 75.9542 75.6733 71.8419 68.879 81.5735 67.2784 70.0029 60.5693 72.8892 69.6197 72.3868 69.1174 76.1756 75.0943 71.7994 70.2583 70.8713 63.7706 70.6244 78.0572 68.5129 81.2841 65.9502 67.6019 71.0671 74.7452 74.5664 68.0106 69.0493 78.5085 75.222 69.2707 78.3126 75.9883 73.9534 78.1509 75.5711 81.7694 84.5279 89.5512 92.5482 93.1953 100.969 98.159 111.364 106.043 120.389 113.237 113.859 106.043 107.559 94.0807 92.8888 91.7479 88.6828 80.4156 72.9317 68.2149 71.9441 72.9402 56.5506 64.8944 63.2938 62.536 66.8697 54.7541 59.6157 52.847 52.1914 51.7487 52.8981 54.3625 51.1697 54.0049 34.1415 51.1101 51.6806 45.908 52.6937 38.8668 43.2857 51.1782 47.3554 52.4809 52.6256 36.9086 48.0706 49.5605 45.6185 53.477 56.4825 49.2625 57.1892 55.2735 51.2293 60.9609 55.8099 58.3726 57.5978 52.9577 52.549 44.6053 52.1318 57.07 49.2455 53.3067 39.4884 54.7967 56.5506 69.1004 62.9021 59.1048 62.9958 69.6197 71.3651 72.9913 64.5964 78.1594 92.3013 89.2958 96.1411 108.325 118.976 109.934
108.087 113.077 119.623 125.884 110.941 111.261 102.414 89.1919 89.1054 79.0136 81.5214 75.935 78.1661 68.8958 70.6081 58.9943 63.1451 65.9902 64.5115 56.521 63.6121 57.7923 55.2325 61.4675 56.4432 62.0642 70.2103 60.4384 52.9582 57.0572 68.5586 58.3198 64.9525 59.0808 59.3575 53.0533 57.775 63.7678 63.2403 57.6625 59.6256 62.4706 65.7913 54.2554 62.929 60.5509 60.8968 52.9669 61.3464 64.5028 59.6169 66.8636 63.0154 57.6798 60.2914 59.3229 65.333 56.4778 61.8394 63.9148 70.046 77.8116 64.6152 74.9146 78.5985 90.368 82.5851 96.8364 97.8741 101.852 107.767 110.37 106.055 115.005 106.894 108.312 97.8568 104.922 96.3521 77.3014 70.3486 82.611 66.9155 79.2903 63.1279 63.0241 57.5674 59.3315 52.5864 60.3779 54.2294 45.6423 50.7012 54.6272 52.768 52.4912 49.0322 50.2688 55.0942 52.0675 46.559 46.2044 49.4559 54.0565 43.6879 60.8795 52.1453 45.8326 41.9065 48.7468 37.3665 40.6786 40.7131 42.5205 40.1078 50.7098 48.2452 48.2539 48.0809 49.0322 50.7098 46.3341 51.9724 52.8026 46.8184 48.1242 62.8165 54.9472 59.5218 52.1107 57.7058 52.4048 47.0086 47.0519 60.6546 56.9275 58.0603 54.9904 66.9501 62.1593 66.5956 65.6097 72.8132 75.3902 92.8671 83.2509 99.9409 106.781 101.126 113.76
100.571 111.978 111.1 112.514 106.463 100.65 91.1841 74.0695 86.2139 80.9627 70.8468 73.2265 65.9381 71.9269 66.544 63.4881 59.8878 65.2356 65.5517 69.7579 75.8433 64.0062 64.3487 62.8383 62.8734 61.6353 56.9022 61.9778 60.2391 54.0044 66.6406 52.4502 58.9307 57.3062 60.8713 57.5608 57.1218 52.4238 60.6694 59.6332 56.8759 61.3367 67.387 60.3357 59.2468 59.4839 69.073 59.3171 61.7055 60.362 69.231 54.5576 64.8053 66.9743 67.0357 59.2205 67.2289 64.0062 74.6754 65.7712 77.9947 69.3715 74.2188 77.38 90.2884 75.2813 88.2687 89.7966 91.3773 89.0766 105.998 106.016 106.455 107.21 110.836 101.563 93.7833 89.2346 85.6782 72.9631 75.1671 65.1302 67.4309 71.04 57.271 67.8963 58.8429 55.7343 59.4049 48.5513 56.0944 46.9356 57.4291 51.2383 51.1769 51.8355 51.3525 45.9521 65.9908 57.7013 50.7905 44.9773 52.336 54.3381 49.6226 55.2514 50.5359 59.0712 62.9174 57.0691 58.0174 64.1116 49.0606 51.4579 59.4049 52.2218 59.9844 54.1098 53.6005 62.4607 58.9834 51.8794 54.0044 54.1098 57.4554 53.46 54.0308 46.3999 45.8116 54.1888 52.8717 55.7782 55.4094 50.4832 56.6915 54.1801 49.9739 56.0944 52.3536 51.3525 60.2391 64.1379 65.3937 67.8173 75.7028 87.7945 88.6551 91.8866 107.464 119.047
107.387 107.245 113.271 105.765 100.247 98.731 93.6853 94.755 89.9589 88.6039 83.5135 80.6073 71.7817 71.6123 73.6716 70.079 64.008 65.5146 67.4402 67.672 65.2204 59.8537 63.8565 71.015 64.1239 62.6262 59.0781 57.42 65.1491 65.9425 60.6204 68.6169 57.313 70.7743 68.8398 73.0922 70.0344 65.3809 73.6894 70.9794 70.0077 64.1328 62.0913 69.4638 67.4848 57.5181 65.8623 62.7332 61.5475 64.8282 60.8611 64.9351 62.8937 60.451 66.1476 66.629 63.4018 66.7716 69.0894 74.9019 65.3452 74.8305 72.7712 83.6918 74.2689 80.1437 92.0271 92.4639 94.0953 93.1682 107.147 103.117 105.685 102.707 104.133 102.654 103.295 99.6582 92.7225 75.9538 78.2181 71.4608 79.5732 65.1313 62.7332 62.9382 57.2417 57.1347 57.2328 64.222 65.9782 48.6568 63.0185 59.0336 51.6076 55.1467 63.0898 58.7216 51.8839 51.982 63.8921 60.0677 54.9595 61.6367 59.72 63.3483 54.1126 56.894 61.1285 58.6592 53.9878 57.8479 59.9964 69.8472 55.1111 56.2522 57.5805 53.3727 53.1409 55.325 59.8626 51.5273 59.2832 56.5018 54.2731 55.8599 59.2119 59.5061 55.3785 62.546 58.6413 54.7812 63.3394 66.4596 60.0944 56.5107 64.115 61.3514 58.6413 72.7267 64.0615 62.0022 70.5247 74.6255 89.2992 78.4588 81.9891 86.1879 99.0252 97.581
120.94 112.814 106.417 120.451 111.62 109.675 104.743 116.361 100.283 96.5004 93.3153 89.5603 89.0536 88.3388 84.0951 89.7594 92.32 83.2898 84.8552 73.78 89.0445 80.4939 83.4708 82.8012 73.7891 78.458 70.5588 68.2063 69.1382 65.5822 73.2009 68.6496 61.6553 66.9033 64.3788 63.9445 63.0578 68.0434 65.1208 70.4412 63.9988 70.975 66.3513 62.4606 67.4281 72.1332 77.1279 77.0012 73.5086 75.7073 77.4536 83.4436 88.2121 74.3863 86.8367 74.1781 85.1447 79.6524 80.1048 92.2386 86.9544 86.9906 90.3475 88.6464 91.5419 88.9541 101.233 101.938 107.186 110.607 111.448 113.647 112.443 129.02 121.591 114.561 113.131 99.0067 102.237 83.887 82.9188 88.6555 73.3367 82.7469 75.7797 72.4861 79.8152 71.0293 64.967 72.5314 65.8989 65.6999 68.6315 77.2184 68.4144 63.1663 75.0468 61.2933 73.8072 70.2964 65.347 65.2113 61.7186 60.9585 55.1495 69.0387 62.9673 62.3248 54.7243 56.8416 54.6971 51.5211 57.5292 60.108 59.9361 60.4971 58.8412 64.1255 63.5916 66.5595 57.484 63.2116 64.0802 60.7685 64.0712 64.4783 71.5813 61.8181 62.2344 72.0246 60.4247 59.4203 62.8768 63.2387 69.2106 71.2374 77.155 72.2418 70.5679 80.4577 76.6031 85.7419 72.658 86.9001 85.941 85.0452 106.426 104.282 119.628 117.357
113.745 114.369 129.786 119.107 123.983 118.768 110.945 109.301 103.691 94.5183 104.536 90.5976 88.9173 86.9157 88.7245 78.3582 72.647 78.5969 80.7087 82.4716 75.1904 72.3073 69.8098 72.1053 73.3081 71.0402 69.3783 70.1863 73.8039 69.0294 69.2681 72.9868 70.4434 82.5359 68.7906 77.8532 79.3039 72.3348 71.8574 75.4291 71.0218 63.9702 72.2522 74.97 74.5477 71.3707 81.9483 81.9115 73.6019 80.0017 69.1212 71.1963 79.3957 66.7982 81.7555 77.8991 85.4098 81.0301 80.4975 82.9583 79.1845 93.2787 81.2321 90.2487 92.6268 90.3864 105.234 112.331 110.1 108.732 124.176 125.81 132.026 134.395 134.625 116.491 121.302 110.476 100.358 102.185 86.6586 100.018 89.505 82.6185 81.8565 87.7329 80.0568 80.3231 68.3132 75.0619 69.1212 78.7897 82.086 69.9476 73.0418 71.1228 69.4242 66.4217 68.3132 70.7097 67.2573 71.3065 63.4101 64.5211 61.638 62.5286 72.3532 64.4752 71.4075 62.951 64.7965 66.0361 69.0202 62.2807 62.6021 62.2899 66.4125 58.2958 73.5285 62.9601 61.4084 65.8708 64.9159 66.2656 74.8415 60.8575 70.7097 60.4719 71.6003 73.9692 70.4342 77.8072 72.5828 67.0736 76.8431 82.6828 83.8856 79.7079 80.7638 82.3523 75.7872 86.3188 73.8682 90.212 111.11 102.112 105.399 113.488 119.594 122.073
122.647 132.195 122.787 114.235 112.372 112.959 106.047 100.514 104.333 92.5675 93.6667 91.7198 88.5898 87.6396 88.832 88.2265 76.2934 70.0707 84.5935 83.8669 75.9674 72.5766 66.9407 72.8747 66.7358 67.9468 57.9327 66.5029 65.5527 56.9453 60.5224 52.9583 64.9752 56.7403 58.0259 53.5265 56.4981 63.2704 57.8675 55.3057 55.4268 61.0813 55.9392 63.6803 63.522 60.8112 61.3794 70.4992 63.0562 67.6208 69.8471 71.7661 63.9225 69.8192 75.9022 75.8742 78.9856 75.2035 76.2003 89.5027 79.6097 79.3116 85.553 84.5376 97.4395 95.6136 95.772 97.4022 101.594 110.043 110.369 123.085 114.133 118.53 116.573 114.384 127.267 108.637 109.298 98.9765 86.5311 70.257 92.3719 81.5753 79.5259 80.3922 79.2557 75.8277 83.0378 77.9143 73.6851 75.6227 83.1775 66.9314 68.5709 75.4737 78.054 74.4676 70.434 72.9678 67.3786 76.9269 67.5835 68.9715 70.0428 63.1866 63.0003 58.8363 62.7208 60.7087 70.3781 56.9359 65.6925 54.2438 65.8229 53.6849 62.609 63.2891 64.0902 67.0152 69.074 69.903 71.9524 69.4932 68.9622 68.6175 80.4481 76.2003 71.1699 77.4672 75.9488 72.2692 76.7406 71.2631 74.244 74.1788 77.877 88.9438 88.9438 87.0155 89.0556 94.561 91.0118 96.2843 95.3435 101.808 103.821 113.909 116.061 115.074
108.947 113.237 110.289 117.961 104.61 108.134 95.1041 104.478 95.4159 90.2095 83.6803 87.3843 84.2567 79.0692 73.1352 77.6896 71.5194 69.9698 67.5131 65.4154 73.8439 71.3399 63.7335 69.3651 56.1554 66.502 66.8327 63.9791 66.502 69.4407 67.6264 58.442 66.8989 67.532 63.0531 68.5147 67.8627 59.2641 60.2657 67.2485 63.4594 61.0783 64.7634 63.7996 57.1664 70.6123 65.8217 73.4092 64.7256 60.6153 68.6942 71.236 70.7163 68.2312 70.1682 65.4532 73.1258 68.458 79.9574 75.3368 86.1465 75.9605 86.3071 91.5607 85.8063 85.5417 92.0521 97.3719 101.87 111.838 118.349 113.501 114.21 110.619 108.03 115.665 105.46 90.6914 93.5261 95.4537 82.7637 83.9827 73.8155 72.3793 66.3508 66.1335 74.9116 66.4548 66.4264 58.4042 62.2689 62.6185 64.5461 73.2297 60.0484 67.0312 65.7366 63.2799 61.0027 61.2011 62.061 65.6989 69.2422 74.1368 70.7635 84.0299 74.7321 76.6219 71.2171 72.436 71.7084 74.1179 77.3211 72.058 73.1636 71.7368 62.0421 68.8548 69.932 69.5351 75.7431 69.4784 70.395 65.6327 68.0139 63.2327 53.5569 61.0121 62.42 58.8483 61.9476 60.0861 57.4971 68.7414 60.9271 63.176 64.7728 68.0233 62.3917 77.8975 75.8093 67.702 82.3669 81.507 79.9479 95.0947 88.3197 104.326 117.876 109.835
112.24 106.309 110.563 108.417 112.422 103.281 101.987 90.6893 84.681 80.5988 77.6187 79.5927 82.4291 71.2942 72.5399 78.2319 69.9239 72.3674 68.9177 67.9307 64.3085 62.622 71.7158 71.045 68.3715 67.442 70.2018 66.4262 72.0799 70.1251 60.9642 61.3283 62.9765 68.6206 67.1162 65.0176 59.7568 63.8102 68.2278 70.3455 62.9669 62.5741 63.1107 64.4906 59.7568 62.6124 59.9963 58.3577 70.2401 65.3051 64.6535 72.0608 70.173 72.0991 74.9164 67.2216 65.8417 76.1142 70.8917 66.0525 71.5242 78.529 72.2141 80.3401 78.0595 84.8056 82.6591 87.1725 92.7591 100.435 103.06 116.275 117.789 113.774 111.838 106.002 104.306 99.2848 84.2019 82.5153 70.5084 73.824 66.1483 67.3462 52.6657 62.804 59.2681 54.381 60.7055 61.1654 56.9491 53.2119 59.7376 48.9572 47.7498 57.754 68.6206 58.8848 57.9936 52.0237 58.8944 57.2366 56.0196 52.2249 54.8505 51.9758 54.8026 53.4227 56.4987 52.6753 53.7964 57.1407 53.2119 51.4487 60.3222 60.3605 57.5815 50.1647 53.3556 57.7157 54.6684 60.5617 51.1229 59.6993 59.4118 60.6 65.3626 58.1948 65.1326 61.7116 58.0894 60.6288 60.8588 53.164 58.3577 50.7109 63.9827 54.6876 56.6712 66.8575 61.2421 64.0593 69.0135 76.44 79.6502 79.9281 97.7516 99.1411 102.974 111.646
108.412 107.198 121.043 108.976 109.879 95.6065 98.91 92.235 81.8874 88.3583 75.5719 71.1899 73.4635 66.6914 70.6847 62.8729 57.0821 64.9327 62.5912 65.7586 62.9604 66.7885 61.1823 75.0666 61.9208 68.2848 60.0941 56.8392 61.9693 69.3439 64.5441 68.0128 59.929 63.3685 64.7481 69.2175 63.5725 68.2362 65.6615 66.6622 66.6039 58.5687 59.2585 70.0434 71.1511 67.4104 69.9074 62.8729 58.1801 66.6622 67.8087 59.9095 61.9402 60.6771 56.8975 60.1233 64.068 62.0373 57.704 64.6121 65.8849 72.6959 68.654 64.0486 81.3724 78.5839 84.3941 89.155 91.244 101.728 107.878 106.411 120.169 106.44 105.206 109.724 98.8905 98.8614 87.445 77.6706 74.5906 69.3827 75.8245 71.0247 60.6771 49.9408 56.3534 48.4056 52.4184 49.7465 49.591 57.908 55.2264 53.1957 56.1785 58.3647 52.2921 44.1014 52.0978 45.141 53.6038 51.6217 48.2016 51.165 45.2868 45.5102 52.4087 50.6404 58.9865 49.6299 46.7248 51.233 56.8004 50.6209 47.745 57.9566 52.8168 51.1262 47.7935 47.4049 42.0222 50.8541 45.3937 50.0574 47.3369 48.872 46.2195 49.6299 59.0836 51.2719 49.1246 39.8263 46.7928 46.4041 53.7204 50.3877 61.3961 59.482 62.9021 61.0755 60.852 69.1107 80.3716 70.296 77.3791 91.9532 99.2209 102.515 102.583 99.5221
109.371 109.587 116.128 106.603 107.046 96.8321 92.6361 92.8528 84.323 73.6164 78.7875 74.6309 74.9067 72.3852 71.7548 66.4852 65.3525 64.4759 68.5438 70.3266 63.3924 64.6729 65.2737 67.155 57.4531 56.9902 69.2431 58.0638 59.0487 59.886 66.6527 65.0373 65.1654 62.4961 62.4567 67.7558 61.7672 68.7901 66.8398 65.2146 62.9 63.0182 67.2929 63.9145 65.5397 65.8155 58.6252 60.0928 62.7325 62.7621 62.9197 61.6589 58.8123 62.5355 58.0638 65.0373 69.2727 62.5651 64.1706 70.8683 71.2525 70.2675 72.5231 90.3411 78.9057 84.5594 85.2882 87.7408 98.7232 95.0985 102.87 91.4246 108.888 115.399 97.2654 106.534 100.683 82.9539 90.2328 84.7859 68.2089 68.3764 70.9176 63.1265 60.014 52.0358 56.4484 56.9311 61.1664 60.4868 49.8689 51.1789 57.1182 53.3162 38.0197 49.731 47.6724 45.9585 45.013 44.0378 52.8631 46.845 41.9005 51.2971 47.1011 43.8212 44.9834 41.339 38.3743 44.2644 44.1856 40.226 40.5215 34.1685 43.0627 45.9782 43.5355 42.2157 47.3572 48.1649 43.1711 42.3043 46.5397 40.8663 44.6485 43.5257 43.2203 51.8289 50.0954 47.6133 49.3961 57.2758 61.0088 54.902 58.0342 62.8704 65.8844 56.4583 62.1218 61.0482 64.1804 79.7133 73.6361 62.1711 76.3841 84.4313 91.6413 113.36 103.185 123.298
98.4945 110.734 104.405 115.206 101.839 101.2 98.9337 93.5528 82.2617 90.5678 81.5729 78.3982 82.721 70.9508 75.6828 73.0472 74.994 70.6912 69.2536 75.8725 73.0772 77.7693 66.638 74.1454 71.2503 65.8593 69.4932 70.4216 77.5397 73.8259 65.1805 67.7362 65.1305 68.2553 64.272 58.302 64.0324 71.6196 58.3619 70.5614 65.7695 64.3518 69.4932 68.8443 70.4716 68.3551 69.9624 70.6213 71.979 67.0273 66.5382 71.8592 69.9424 77.0006 72.7877 67.217 70.5015 71.0706 70.0123 71.7993 75.3134 87.1136 79.6262 77.6096 87.6926 83.4497 92.6643 94.3215 97.7757 97.4961 106.231 102.707 100.89 118.611 105.652 100.162 100.671 90.9172 85.8757 69.9325 77.959 54.6581 69.3734 62.8344 64.9009 60.1489 61.4567 51.6232 55.6165 50.575 58.0025 52.372 54.5982 43.6466 51.5434 54.0891 59.5499 57.5333 66.8077 47.1208 57.1939 47.9095 51.154 52.951 40.8214 44.2257 56.4252 55.7164 47.6299 46.9112 50.2256 48.0792 46.0127 47.4303 49.367 43.0576 42.7282 50.1058 47.4303 49.4469 55.6365 45.6533 48.5584 43.2872 49.6166 59.2904 59.8195 54.3886 52.4119 52.7913 56.8245 53.9893 54.2788 52.8212 53.9194 58.7712 57.5433 59.5 57.4335 65.9991 63.6131 74.7244 66.4084 71.8293 74.5247 81.5629 81.3832 100.89 98.3946 104.774
102.2 114.512 110.303 106.449 102.23 86.7413 82.8261 90.6059 84.4144 83.8883 82.2292 82.1988 85.77 87.4596 74.1358 84.9607 80.0237 81.4603 81.1973 78.1218 75.7646 68.4299 79.0727 76.8774 74.3381 65.1723 63.24 75.7544 64.11 71.2424 74.6214 65.2532 71.4346 66.4774 74.5809 65.1116 61.0143 71.121 70.0789 65.5264 69.7552 69.9069 71.7077 67.9949 60.5692 71.2019 74.9046 64.5552 73.4579 72.7599 70.1599 78.3848 68.3287 77.7373 81.0455 79.1739 70.8073 78.577 80.2665 73.6603 74.1965 82.644 78.8906 78.6478 80.6004 80.9342 87.8136 94.602 85.4969 100.743 93.7522 101.137 106.864 108.806 115.453 113.055 103.788 95.553 79.9327 71.9404 80.0541 77.019 70.696 62.117 64.5653 64.3225 57.3925 56.573 66.882 67.2867 49.117 59.5575 52.0104 48.429 51.5753 47.6096 51.11 47.7613 43.4819 50.6446 43.6741 46.9115 59.3046 63.0781 62.2587 52.7489 57.18 66.9832 58.5559 62.6734 58.4042 55.9256 59.6991 69.6641 53.2345 61.7123 59.3551 61.1762 53.5279 49.5419 46.1629 52.7489 44.8072 57.8073 45.3636 51.3325 56.2898 48.5201 48.5909 57.008 53.6695 53.7707 56.0368 55.1061 56.8361 61.9248 57.8073 57.9489 70.3116 65.8805 63.9886 58.5154 62.3497 63.9684 76.5334 79.8011 82.4922 95.4619 99.1748 100.874
114.312 96.5992 111.657 102.36 92.6425 101.724 110.98 96.6197 89.6289 84.3398 86.1541 76.7033 78.9788 85.4878 76.078 80.4959 79.5016 74.3867 71.8754 71.9164 64.7206 66.8014 69.6818 64.9256 59.657 53.0557 59.3494 57.3711 52.779 56.0078 57.5249 59.2367 56.4588 57.7094 48.8941 54.7573 60.682 58.4987 47.5001 59.985 55.3416 57.0944 57.8836 54.1525 54.3575 53.3325 55.6081 56.1308 58.0169 49.6424 66.6477 57.1559 68.954 68.0827 60.6205 63.2651 69.5178 68.7695 73.4437 81.1827 75.053 76.4163 78.7533 82.3204 87.1894 81.6542 98.6492 84.514 86.7896 92.6528 101.96 95.1539 110.786 107.7 100.433 107.782 97.5319 101.683 89.4342 75.8627 83.2737 65.9814 73.1669 66.0737 55.6593 61.2253 55.9463 61.7583 54.3575 61.666 60.6307 54.4703 57.2481 56.2333 55.9566 57.4736 53.4452 54.05 54.4703 59.3289 53.2812 57.3404 45.7472 49.3861 54.3165 41.2063 48.2483 53.9885 45.614 41.0936 48.1048 49.1401 43.9022 45.7677 47.5513 44.2609 49.7141 54.2345 53.763 54.6035 43.3282 57.6889 51.0774 52.9737 55.3826 66.1864 53.8348 53.435 55.3313 53.968 57.2379 63.6341 66.3709 58.5807 54.4498 65.2126 54.3268 71.8344 70.9323 72.4084 76.693 77.2978 77.1953 79.4811 87.3329 88.7167 89.0037 90.0799 95.3794 104.01
110.287 114.327 111.658 123.444 116.746 114.347 97.9824 81.2436 101.887 91.7313 79.7483 88.3046 77.1627 74.1929 78.4503 76.3008 75.8959 65.647 65.1797 64.1621 66.4258 65.7508 71.8877 62.8122 61.8672 60.4135 63.539 57.2049 52.231 51.2757 52.6256 49.5 54.1105 45.0869 48.877 51.5145 52.4698 47.3817 49.6765 46.1253 56.7376 50.7149 53.7574 54.775 50.3411 54.8166 59.0428 56.0626 49.012 62.0022 58.7624 56.0107 64.1932 55.4604 69.7694 72.7288 62.3968 63.4248 62.158 73.1545 78.8034 75.7193 71.9292 80.1117 89.8311 90.236 89.8207 90.9941 102.437 97.5878 111.18 111.076 120.277 112.437 106.591 114.327 115.282 108.086 94.1819 84.1718 87.9412 70.652 80.2883 78.9072 68.0976 66.1869 64.484 74.8056 61.1196 67.8795 67.1422 70.4859 62.646 56.8726 64.2867 60.8808 57.0906 52.0545 55.0969 50.8603 51.5872 42.9582 41.7848 46.281 37.0809 48.8251 39.0227 42.169 37.7143 37.0082 41.6809 44.4223 39.9157 42.2313 43.4254 41.1098 44.6092 41.9717 47.1429 46.7275 46.2083 50.798 38.0985 38.4619 51.961 55.045 44.0069 55.2423 55.2631 59.6555 52.9059 65.2316 63.8402 65.3147 65.2628 64.1932 66.6957 70.8493 72.4692 73.1026 73.9749 74.2137 76.5293 87.1935 75.9789 81.9601 99.5711 106.913 107.93 110.339
106.573 119.815 119.583 120.814 112.6 110.044 92.8586 89.777 86.6428 89.535 77.8081 79.8695 75.9044 79.0176 80.0062 76.7669 77.9974 68.0479 62.2738 70.9823 64.4614 66.302 73.7694 70.204 69.8779 69.2153 60.6646 60.8224 69.6991 63.4833 64.3668 62.705 57.1834 64.4089 55.2587 55.5742 55.732 50.4732 59.5498 56.4997 62.1161 61.9162 63.0731 61.464 65.7025 60.8119 66.1022 60.0126 62.095 71.8131 68.1741 64.6297 68.4055 76.9982 71.2873 67.9638 70.5511 70.8561 78.0921 71.8342 79.5855 78.2288 77.0824 75.5994 80.1956 79.838 85.3912 89.3563 96.2767 91.8699 105.984 102.156 123.149 111.979 109.823 103.597 115.976 104.649 97.9385 83.8136 76.2831 78.8809 77.8081 76.4513 72.7176 77.2191 68.416 70.4879 61.9162 61.8742 56.0159 61.7585 55.8582 53.2183 48.7063 55.9108 52.0824 51.7353 56.384 49.2532 50.326 54.3016 47.5178 51.2726 43.5738 41.3231 44.0786 49.453 38.0311 34.2027 42.5431 39.5772 36.8742 36.2642 40.2082 40.1872 47.6651 46.729 40.6184 47.0761 47.9911 49.7896 47.7913 40.5974 50.8939 51.22 56.079 45.2776 48.9587 56.4472 69.2574 71.1611 64.209 60.2965 63.8199 75.8203 65.5973 63.7673 73.1594 79.249 75.6625 76.241 80.7214 83.8661 93.2687 84.5708 87.6629 109.939 119.194 108.393
109.258 112.879 105.743 108.896 106.361 101.185 101.845 94.8792 87.6365 90.6933 80.5003 84.0045 76.7192 69.4446 78.8174 77.9015 69.5937 79.2328 63.3202 74.3547 67.5806 66.3664 59.7521 69.7641 72.4055 60.9983 70.6907 66.1001 70.744 69.2315 73.002 72.8742 75.047 75.4411 73.4174 64.1084 74.6103 71.5002 77.8802 67.5167 68.3049 76.6553 72.97 69.6895 65.6528 60.0078 62.3616 62.777 65.5782 62.5427 66.0362 65.035 71.5215 70.0943 76.144 71.6174 72.4375 68.5712 61.9143 66.867 77.8482 77.9867 75.473 81.7784 85.6234 86.7738 90.8744 91.6519 100.194 107.735 106.83 120.825 117.63 108.587 112.485 104.87 106.531 96.2638 100.034 75.7287 79.6269 69.2528 65.1416 64.7368 60.9557 63.2137 66.9096 68.3901 62.2125 65.1522 67.1866 61.3285 48.771 62.9368 69.4872 57.0787 54.6503 50.4964 47.8656 61.7013 44.2443 47.152 51.5935 46.8218 50.2621 44.3508 48.9627 45.565 49.7722 51.7958 41.0277 40.3247 48.8029 43.8608 45.32 48.952 48.3023 51.7319 48.2384 46.7047 46.8431 55.3426 54.7462 47.2159 63.6185 52.7118 57.0148 44.8088 55.8752 59.6882 54.7142 60.7746 57.1213 66.4942 55.6089 53.6172 61.1794 60.1995 61.4989 55.9391 60.2314 72.3736 68.0173 70.4351 71.8091 78.1571 101.067 103.24 99.7893 108.587
111.394 115.158 100.21 112.386 100.145 102.097 106.228 95.9287 96.9424 87.4952 76.9479 73.335 79.1371 73.5831 69.0536 71.836 74.0684 67.781 76.4841 69.884 69.7761 68.4604 71.8468 65.4623 65.6349 69.1398 67.9751 70.531 69.6359 79.7626 78.1773 71.6095 77.5518 73.6801 67.932 78.8244 73.4537 69.2045 73.1193 71.2752 71.0271 72.1595 74.9851 77.8322 70.6928 76.4302 64.8692 84.0118 66.7025 80.6146 64.6211 67.9967 67.7378 67.9751 62.9819 65.9584 78.3606 68.3526 68.3094 76.2037 74.5645 76.8508 83.1813 83.3215 87.9158 88.2609 82.8794 96.6081 102.691 98.8297 102.809 105.581 104.513 101.202 114.23 100.048 87.3334 94.9257 93.3188 88.3471 81.8225 75.0282 65.0094 67.2418 58.42 56.1876 54.3003 53.9228 67.1878 62.2916 52.8659 40.4745 50.6443 52.9738 52.7042 52.963 56.6513 64.6103 59.3259 48.1207 52.9953 55.616 48.9188 57.3954 58.3121 58.7543 47.0638 59.7573 64.2652 56.2199 58.6465 61.8818 56.9425 52.7149 59.7249 54.1385 60.9004 51.5718 57.719 56.3278 60.5553 54.462 58.1827 54.1924 51.8953 48.207 53.1895 54.6238 47.5168 52.7257 52.3051 50.4933 51.3992 51.8738 68.083 57.169 51.8738 52.4885 59.0671 59.3151 58.6572 65.2035 73.335 66.1741 83.699 89.1883 84.0441 100.21 107.123 113.249
95.3916 109.203 96.7018 107.795 109.607 96.5926 96.4834 87.9018 83.8293 80.5321 79.2546 78.1847 73.1623 79.4075 67.5286 75.4988 66.8844 66.6988 70.0179 69.7231 67.1464 68.0636 69.3519 69.0462 75.3569 74.3633 74.1995 72.933 66.6333 70.1053 73.9812 82.4646 74.942 74.8 76.1539 74.4725 74.9966 83.1633 77.5405 79.0799 82.2462 72.7038 78.403 75.1058 74.9092 82.2899 77.9663 71.9941 68.6204 77.0273 72.5618 78.8398 72.1251 77.5077 71.6993 70.4656 68.0636 70.4874 73.5335 78.9598 70.8258 72.3326 70.8149 81.5365 76.9946 80.9251 82.2134 87.7053 87.5524 90.0745 101.626 106.408 115.011 112.631 99.1038 104.596 94.813 104.126 77.8571 82.3772 72.1797 64.3405 75.2695 54.4487 57.2 66.9281 54.1757 51.1077 49.3717 44.808 46.4894 51.4243 49.7211 43.7707 43.0392 51.4353 46.8606 47.21 50.3653 46.7732 52.8219 50.2124 60.4646 62.8665 67.343 61.6765 63.1067 72.4308 66.6879 70.1708 62.1459 62.4735 66 65.3777 70.5747 64.2204 62.539 74.5271 61.8839 63.1722 62.9866 56.0755 59.7003 53.6844 54.9291 56.8397 50.1033 50.0377 42.8864 48.3127 47.1008 47.7122 46.806 45.8234 49.1534 43.7817 49.6884 52.7236 53.739 62.4626 59.7985 59.9623 68.6859 73.7192 73.1732 82.5082 91.7341 99.0274 115.677 104.497
101.156 100.449 109.92 99.7082 100.062 93.7845 100.592 80.0584 78.5111 80.3457 79.4616 73.2063 73.1842 75.9913 70.2334 66.9732 76.6323 68.2552 66.9621 75.3724 66.9179 67.791 67.7357 64.2434 71.8359 70.7197 65.7906 65.7354 63.7129 62.4972 68.8409 66.6416 78.279 70.366 71.9906 77.2402 78.1243 77.9143 75.1072 72.0348 80.2904 74.4441 74.9746 73.6042 67.4926 68.222 71.8691 64.8955 72.8969 72.5874 64.3208 64.2655 66.9953 72.919 72.1122 71.3607 68.5757 71.1839 72.4106 69.1393 78.0801 68.5204 69.5593 70.6755 78.4117 74.9083 81.1525 84.2359 89.1097 86.2583 103.963 108.406 106.671 118.308 113.048 100.018 99.4762 85.7168 83.0313 73.5158 69.9461 66.8516 65.1607 54.8053 68.012 58.9275 53.6338 53.1365 55.7889 46.7818 58.6844 55.0042 54.0869 51.0145 47.2459 54.9931 56.7946 55.8331 53.9653 57.0819 64.6523 62.3315 55.4684 60.1211 53.4459 61.9115 69.8024 61.4252 68.0673 73.5047 67.4263 68.4983 64.6302 60.7621 60.099 75.8808 58.7618 61.37 68.0673 64.0666 59.6238 59.889 62.0994 62.0331 56.9714 51.7329 55.8883 55.2805 46.417 46.7707 55.5678 52.9265 53.6669 58.7507 50.8819 53.5896 51.9318 54.6727 50.6498 53.9322 63.2598 63.8124 70.7528 71.8801 76.1792 77.8149 84.5453 99.7856 94.746 116.065
108.542 113.687 117.109 101.305 100.119 97.58 92.3453 82.245 89.2917 83.6767 78.3078 77.2117 80.0527 75.7576 67.2121 71.1493 75.2095 65.277 69.4715 75.78 74.27 64.852 73.4982 68.7556 70.1985 73.1514 76.1938 69.9301 70.3663 61.7649 70.6571 67.3239 58.6554 59.5949 58.7225 54.8636 58.2974 55.7584 52.4252 49.4052 53.1187 57.0223 59.8075 66.4962 66.2725 66.06 67.8161 70.6459 70.5788 73.006 65.881 73.5429 68.6438 76.2386 74.9634 71.1269 66.5298 71.2947 69.684 68.5879 73.7554 73.5541 84.0682 85.0525 75.6681 85.0525 88.0166 89.728 86.0928 92.8374 101.014 101.92 113.664 112.412 120.252 96.9872 113.262 87.7929 79.1132 80.2205 82.5694 72.76 64.0802 59.7403 59.3936 58.208 59.3377 58.5323 60.624 66.6081 60.4338 59.662 64.7849 64.1026 55.0314 62.4024 60.445 57.3579 64.2704 62.0221 56.3512 61.6083 56.8098 58.4876 55.736 47.6938 53.2082 54.7294 56.0268 46.497 50.5237 53.9464 49.8973 50.6691 51.0047 51.3962 52.593 49.0696 57.4026 61.351 55.5571 71.0822 57.604 64.7401 60.2772 65.333 65.031 60.0312 59.5837 67.1338 61.0602 60.6128 68.599 63.8453 60.6911 60.4338 60.6016 60.2101 60.9595 64.3487 66.6416 63.163 67.9391 66.9772 79.3481 79.5829 84.0906 101.003 106.752 103.173
115.214 106.566 112.43 126.804 106.566 103.884 110.03 99.1073 98.5527 92.6556 80.7935 84.6306 85.3324 78.1676 82.5593 77.2847 73.5495 75.3605 72.2026 74.8512 78.077 72.4176 65.6716 62.6948 71.9988 60.748 57.2052 65.7622 57.1712 68.5466 54.6132 58.1899 62.9098 66.3508 57.307 51.8514 56.9675 57.341 55.9714 50.1875 53.9114 63.7588 58.9143 56.7298 63.8153 53.0512 63.023 58.1899 64.2681 64.0983 58.8464 62.7514 67.0865 66.0565 68.9088 77.8846 75.0775 73.4703 72.6553 73.9796 68.2523 80.669 78.2581 78.7448 91.7049 92.1916 92.633 94.9307 98.1905 110.019 106.442 111.23 113.211 123.341 114.603 114.422 109.781 90.3919 95.5193 84.574 73.2892 73.5721 73.4816 70.4821 72.5987 72.0781 66.4979 69.9615 68.4108 66.1923 63.1589 65.151 63.7588 65.3321 62.559 61.2799 69.3955 63.5097 65.8641 74.3418 60.9517 63.4645 60.963 59.0275 56.1299 56.4921 51.2402 52.5305 55.3263 42.5021 48.535 54.4547 47.8785 53.1304 52.7003 49.7461 49.565 53.7643 49.9046 51.7608 64.3247 57.2391 55.8922 61.9138 65.2076 71.7385 62.276 67.46 64.902 58.3823 74.3418 70.1086 63.0004 66.0565 80.1144 67.494 59.6727 67.958 76.0057 71.8404 74.1834 76.0623 83.8609 78.9033 89.1355 84.0986 90.256 100.296 104.801 116.516
109.599 119.242 138.402 113.058 117.478 109.691 116.001 100.426 100.094 98.8109 96.3601 99.2461 88.8359 94.5391 82.3882 90.0384 77.2461 81.0941 68.004 71.8749 72.9057 69.4356 73.4439 74.1654 62.4497 66.458 70.5694 64.9348 69.5158 64.1217 64.889 65.4158 67.2596 65.141 71.268 63.2628 66.687 66.0571 65.9655 68.9202 73.9593 59.1399 63.8583 67.1566 61.3388 66.9962 69.344 63.927 56.5632 67.8552 62.8619 63.4117 68.737 64.1102 65.1753 68.2445 70.409 76.6735 76.3528 82.9723 80.6245 85.9613 87.8395 87.7937 98.2039 93.623 101.926 101.411 113.424 111.42 116.734 123.617 123.411 124.716 110.71 116.299 121.383 102.189 110.023 91.9853 82.0332 89.4314 94.1269 90.0613 82.7432 75.1389 74.1196 76.0321 80.5673 82.3653 77.6355 77.7729 65.9312 77.1659 66.813 66.8703 67.7292 61.5449 65.7823 62.3924 66.2633 63.7667 65.9541 65.1868 68.1644 62.1863 62.1977 64.3393 61.3502 57.9832 62.2779 68.5652 61.9916 64.534 61.396 62.4611 62.8619 60.5142 64.3851 68.8057 57.8115 58.5788 54.3987 64.8547 73.0774 65.3586 61.5449 65.8281 71.6688 71.2794 71.6917 69.3211 80.7734 70.5236 81.2888 79.2388 78.0019 81.5064 81.9874 80.8765 86.7744 85.2055 86.7057 86.0644 100.048 92.054 103.346 99.8988 119.666 114.146
116.404 127.016 131.604 129.519 133.412 123.517 116.38 109.579 121.965 106.278 106.984 96.6728 101.122 93.5909 87.3461 95.3057 89.2346 90.0572 82.3642 89.6633 80.6263 78.5988 87.0102 86.3845 87.1144 78.7262 73.4431 84.2295 76.3859 77.5792 74.7986 77.417 81.2635 87.9834 73.7559 76.0151 66.4104 79.7342 76.2584 83.2563 81.0202 76.7566 77.9036 78.3787 83.1057 84.8436 79.9543 76.5944 88.3657 84.6698 75.1925 82.4801 83.3954 77.5561 80.8696 80.2092 85.0058 87.798 82.3063 96.5685 83.5112 95.2709 98.3759 97.3216 100.253 102.952 108.236 122.394 113.032 121.733 128.047 128.638 129.403 127.885 128.627 128.059 117.551 117.365 109.637 95.491 106.417 107.506 90.7756 96.8234 107.204 84.6582 91.1232 96.6033 90.0225 88.7365 76.2932 75.5865 89.9993 79.5372 85.4113 73.8833 80.0007 78.1006 71.7168 76.606 71.149 62.8999 74.1035 71.4271 81.1245 66.5031 76.3975 76.4786 83.6502 73.501 73.779 88.134 70.2801 86.9638 74.1035 77.7183 70.6856 81.8313 73.0491 80.105 73.9181 73.026 80.4525 71.9832 75.4358 78.9232 63.4676 75.8877 77.3475 73.3272 82.8972 75.0535 73.9413 83.9978 96.3368 88.2267 87.9139 89.8139 95.885 101.678 102.28 109.116 102.964 91.772 94.3324 106.289 111.989 115.535 124.027 132.392
122.234 127.613 130.824 127.684 121.39 120.488 117.921 109.8 107.292 101.619 105.217 101.983 88.3999 83.759 88.8804 86.2904 90.7672 85.013 87.392 82.0011 88.2007 86.3256 83.6184 85.974 86.5717 77.4657 76.9617 80.876 87.3803 82.5285 73.1763 69.9769 77.2313 73.4693 73.2701 66.3204 82.6574 70.5863 65.3946 78.4501 79.6806 74.8171 82.9972 78.5438 70.891 74.9928 79.0361 78.1219 83.7707 76.9148 87.521 84.2512 89.9703 93.3807 81.462 91.5173 85.5521 85.6576 97.752 91.8806 88.0952 99.7444 93.3572 96.6504 103.248 104.69 93.2049 112.132 117.863 120.593 125.41 131.153 130.777 134.481 128.445 118.964 115.847 107.55 116.937 104.127 96.92 100.166 96.3691 94.7519 85.763 95.162 89.8531 92.783 84.5208 90.7086 91.4704 89.5367 72.8365 83.759 79.2587 91.9978 71.6645 83.091 85.8451 76.3171 75.6843 92.8885 82.3175 90.2281 84.0871 76.0359 74.1608 78.286 80.8409 81.0049 81.4034 79.0361 74.653 71.7817 78.3915 72.5435 77.9579 83.6184 79.165 85.7982 84.4856 75.1569 83.1613 78.2274 85.5404 75.4616 89.8648 80.7002 75.8015 90.3922 75.0632 83.9231 83.3488 82.4113 86.3373 87.0639 81.837 90.8844 91.0368 97.3887 103.295 102.85 97.1075 102.346 109.718 118.027 114.101 121.168 124.859 121.707
116.029 136.665 127.633 120.51 125.215 115.365 120.818 115.733 111.952 104.567 106.416 99.6128 100.111 99.1979 90.6756 93.5559 88.3524 90 86.2189 78.6685 81.9281 71.936 75.2311 76.049 70.2647 64.0656 68.2971 62.2402 69.6128 63.7574 69.4587 61.6239 61.5053 62.2876 52.58 62.2165 62.335 68.2615 60.6163 57.2382 62.904 57.3923 58.8265 61.209 65.2272 69.5772 64.5041 71.9715 63.6152 72.1849 70.8811 79.5456 79.0952 78.2892 85.6499 77.8862 90.5215 83.3504 90.7349 94.6464 99.0794 90.5334 93.9589 99.7195 93.7692 99.3046 107.258 104.721 123.07 115.508 114.156 125.464 128.048 121.173 125.441 117.428 116.065 112.533 106.25 101.96 94.03 102.078 90.7586 85.0928 98.3682 90.64 91.2801 90.5571 87.9968 86.8471 78.87 91.3275 95.9502 78.9056 93.7455 76.049 84.0261 88.4117 78.6922 73.6902 83.6705 73.868 84.5594 79.3678 71.7345 80.9087 77.2106 72.4338 81.608 73.9747 69.1387 73.3109 67.3133 71.9004 68.4512 65.3338 69.5535 78.064 74.4725 78.6922 76.4638 75.7171 76.4283 76.772 82.8763 82.8763 86.2307 77.341 83.8364 88.6369 90.1422 85.2114 86.0292 88.1509 87.2856 97.2422 94.4923 87.3331 92.4891 87.2501 92.6551 88.8858 91.1379 112.13 108.23 110.28 108.894 117.819 117.286 125.18
119.926 124.049 122.071 118.763 124.624 121.951 107.999 105.542 107.843 102.246 91.1459 91.0381 92.3446 93.5073 84.2177 82.3358 81.8923 86.9027 77.8288 72.1832 86.2434 79.2433 69.7978 84.0019 77.9487 80.5618 71.1283 59.1178 67.2327 71.2242 67.1488 64.5118 66.6094 57.8832 73.4777 75.1439 71.3201 67.1128 66.046 66.3817 69.2105 66.4536 60.6281 66.8731 71.7636 70.8167 66.8012 76.834 70.2653 75.048 74.7363 72.0513 79.2313 76.5822 81.7125 78.2723 85.0927 79.7827 89.6356 81.0892 82.0002 93.4354 92.0449 92.7401 92.6922 94.9337 96.5998 99.9681 109.449 117.684 116.893 121.232 122.419 126.974 117.6 114.484 116.006 102.353 109.138 98.4577 97.7745 91.2658 86.4951 79.1234 77.5651 76.3545 76.1268 90.6425 81.9043 81.3289 83.007 89.312 73.7294 75.8271 80.8974 70.6249 77.4573 86.5671 84.4215 80.8255 79.3991 67.6882 73.0462 72.7705 75.1079 77.0737 81.8803 77.2894 67.5923 71.6797 71.5838 80.8375 75.6233 71.0804 74.5685 70.3972 76.4863 73.7055 82.0961 82.132 75.6713 76.5703 73.1421 77.1696 72.5068 76.2107 80.1303 79.2313 80.8375 78.9676 78.7278 89.5158 74.6644 77.9128 77.4333 76.2346 74.7363 82.5635 80.6217 77.9967 86.8428 79.7107 89.5877 87.0106 94.0587 104.883 106.956 99.5965 110.528 119.626
115.287 118.741 122.026 117.82 105.094 114.766 110.511 106.5 97.6277 86.9498 91.2283 91.8585 86.1742 80.2838 72.3087 72.9753 67.5091 73.2541 68.4545 69.6908 71.0482 69.3272 73.0359 67.3152 68.9151 81.217 64.1398 79.2051 76.575 73.1814 78.1627 82.3684 77.884 66.7456 79.8717 77.0962 66.5395 65.9093 71.7876 78.2718 72.0906 72.1754 69.4605 74.9267 76.8901 84.7561 74.9752 73.5813 73.9086 87.6892 76.6114 74.3934 78.4173 80.9746 68.6121 68.3454 69.5332 77.5204 64.673 78.2839 73.0844 80.3201 83.5562 90.0647 90.0647 93.3129 97.8943 107.094 99.8578 118.111 119.286 116.317 111.408 121.201 119.238 104.863 106.257 91.1192 97.9428 87.7255 81.6897 84.7197 72.3693 71.8845 65.3033 72.5875 72.2481 76.9023 80.2838 64.1398 70.3331 71.836 74.5873 72.2845 84.4289 76.6841 81.4715 75.3145 72.4784 78.7082 74.7691 74.7206 80.6231 75.0479 68.0061 72.0421 69.9817 67.1819 71.2664 72.1875 63.7277 74.5873 69.715 71.6542 68.6121 75.0236 69.3272 71.8966 64.8427 81.1201 71.3027 79.799 72.5875 76.4538 70.8058 68.2 64.0185 76.6114 74.1267 78.2718 71.6785 71.0725 81.7624 77.9203 73.5935 72.139 70.8058 77.2416 70.418 70.8664 75.7145 81.3867 84.5743 79.8838 93.3978 86.3075 100.076 107.142 110.221 116.959
116.177 118.567 116.998 117.17 112.011 104.696 101.375 102.98 91.5596 94.3779 84.4279 91.29 87.7732 87.6752 87.6016 77.5291 77.8354 81.5973 71.1817 72.6399 71.4268 73.4976 72.7012 67.7629 67.91 63.2658 70.4955 62.8002 64.9813 58.5972 75.9484 65.0548 66.1454 80.4332 78.8525 79.2324 72.3826 78.007 76.8674 76.9532 75.8258 68.6819 67.5056 66.0842 68.5471 65.496 61.9179 69.552 64.6137 73.1423 63.5967 66.7336 65.7901 66.5743 76.1812 75.8381 76.316 74.9926 77.8232 72.2355 83.1413 79.4039 83.4231 77.8845 87.7364 97.4659 92.2213 92.785 105.786 95.8851 101.534 114.94 109.303 114.903 109.376 111.913 106.73 90.4445 91.6454 93.2383 77.3576 76.3282 81.3768 69.846 76.5978 77.2473 68.0202 75.593 63.3761 68.1428 62.9962 74.8946 68.9393 70.52 64.577 68.927 65.5327 64.724 58.6952 77.2473 58.0212 68.7677 64.3074 64.0991 58.1193 62.0895 69.0128 63.2413 66.5866 67.2973 61.4032 66.268 65.2019 57.5188 64.3564 67.7629 58.5972 70.1279 70.0911 71.7944 63.1923 72.064 60.8763 71.1327 64.8588 70.3117 60.3617 59.9328 58.6462 78.5584 67.7016 63.6089 59.5284 67.6894 73.3383 66.4763 80.3842 69.8828 71.8802 75.4337 67.6404 72.8237 73.8898 80.5068 86.0699 84.2441 88.1531 98.5564 109.916 105.48
110.928 118.001 111.423 119.401 109.85 112.674 98.2928 91.7152 91.8886 83.0441 93.2884 78.7334 81.0374 84.1714 74.1748 78.9935 73.2086 73.3944 73.6422 68.1175 66.6186 71.8832 68.2909 74.2244 67.6344 69.5172 70.9418 68.9226 64.8596 65.2189 70.7931 69.1828 69.4553 61.354 57.291 67.6715 59.5951 63.3484 66.2966 63.7572 68.0432 75.5127 68.6749 61.6142 62.9148 65.5657 74.0262 66.1603 62.0849 58.4307 68.0432 65.6276 67.6839 72.6512 66.3957 76.9124 73.3944 75.2897 74.8438 73.2458 79.1174 83.0441 90.4393 86.9337 83.8617 84.6545 90.5632 94.3537 106.208 104.053 109.912 109.057 126.895 116.861 108.401 111.721 114.334 90.2163 79.1297 81.3594 88.767 78.2007 70.1366 66.7177 67.0398 68.7864 74.051 65.3799 49.9578 58.2077 55.8665 61.2921 55.9408 59.0624 58.7651 63.6581 57.3653 57.9971 52.8068 58.7279 52.3237 55.5568 54.3924 51.7911 60.0905 52.3485 61.9362 62.3698 53.8474 61.8495 62.3079 70.1366 60.8957 61.354 58.0838 73.3697 57.2167 53.3519 60.7595 63.5837 62.0725 59.4092 53.0546 52.4104 49.1154 64.3394 61.577 50.2427 49.7348 64.3394 59.5579 53.5377 53.9836 53.9341 58.5421 63.0387 55.8541 69.9756 68.4643 68.7121 69.9136 70.1118 66.854 92.3098 85.088 92.062 102.343 95.5552 108.401 113.281
113.251 118.234 118.409 113.401 105.613 104.048 93.9686 90.9887 85.8802 88.4219 76.8151 79.1816 82.8126 79.457 75.0247 80.0455 77.4537 72.5455 77.8919 79.5572 79.6824 78.4053 86.4687 85.0538 79.2943 77.6415 84.7909 62.7418 77.4161 66.1349 74.6365 71.4062 63.6433 59.5615 60.9137 64.5322 59.3737 53.7769 56.1558 57.5581 58.8728 62.1908 69.4153 65.922 64.0564 70.4045 72.5455 75.4379 73.2718 82.1866 77.6791 77.9671 73.9604 82.9253 75.4879 77.0155 78.1173 74.1733 72.9086 76.1891 89.6865 80.1081 74.649 73.7726 83.3635 91.3017 90.25 89.3359 90.1999 94.5196 103.196 114.44 115.617 111.911 118.397 116.318 111.723 104.236 95.7842 80.7717 78.1799 74.0105 72.1073 74.5238 60.6257 61.6524 69.8911 64.069 58.2468 59.0356 55.8428 60.1124 62.3536 48.7059 56.5314 61.9529 50.271 57.0323 63.1174 60.6383 58.1466 66.4104 62.3286 63.1925 67.2242 61.6149 62.7918 65.6466 66.1725 58.9229 65.7342 61.089 57.8211 63.7434 65.897 62.6165 63.4805 60.6007 60.3127 55.968 52.0239 55.4421 62.579 56.6066 59.7368 60.8636 53.9146 60.2752 55.2042 64.2693 67.4621 54.8536 61.7651 66.0472 56.1809 62.6291 65.2459 67.5998 62.579 62.0656 58.7476 73.71 80.5964 77.8669 89.4862 74.7742 92.9169 96.1598 99.1272 110.271
102.538 112.915 112.092 110.422 110.612 94.971 99.9568 95.8948 88.8463 80.2033 81.4561 81.3929 78.3811 78.457 69.599 77.6345 78.2166 76.5969 80.0895 75.42 77.5333 79.6339 80.9626 86.5938 78.5962 71.8135 79.3429 77.6092 74.9391 72.2564 72.6993 71.7629 63.8792 63.5629 62.5252 66.9163 72.9397 62.715 70.3962 70.0672 70.7252 77.141 58.3366 70.8138 64.4993 80.6969 70.4721 73.4459 79.0012 68.8777 86.8722 84.8981 74.8252 80.3932 79.1404 81.8611 83.4429 75.8882 74.7493 76.154 74.1166 75.6984 79.3808 75.5465 88.7324 91.3518 83.4176 83.6833 89.6562 98.4762 97.5019 102.677 110.422 106.6 120.482 99.4506 93.1614 84.3034 84.6324 79.7098 77.8623 64.8283 69.1308 64.3601 64.6764 61.0193 59.2477 51.7943 68.0045 59.0579 60.0196 60.298 57.8557 68.6879 58.3619 67.0428 67.5237 60.7409 61.2345 71.0669 67.3971 64.9422 67.2959 68.0805 65.1193 69.5231 58.0329 63.2085 59.8678 67.7894 61.1585 69.6623 68.0931 68.6752 74.7746 65.79 60.2854 68.0045 65.6761 68.7258 68.1058 72.2438 62.8795 66.2076 76.1666 66.9036 61.7659 59.7159 70.586 64.5752 70.915 57.8051 73.3953 65.3345 54.8314 67.1947 62.2342 67.3339 60.0449 62.8416 63.5249 80.0768 69.5863 71.4718 79.2669 79.0518 85.2271 89.8333 110.118 101.121
104.452 104.58 109.938 107.022 103.441 98.3775 93.4285 88.1727 93.5308 90.3467 91.2674 84.5537 88.1599 84.8478 89.6305 86.6637 80.6278 74.8477 82.5588 68.134 68.4921 74.6303 61.024 69.643 67.6865 71.7402 71.1264 78.0702 79.3363 74.6814 73.5305 89.2085 87.5077 84.0038 79.6943 91.3953 86.7405 83.4668 83.9527 78.6457 88.0576 81.9066 86.8811 78.147 83.3772 73.6456 71.7402 73.3643 67.7888 78.6073 68.7606 65.0649 63.1084 74.1571 70.3591 77.4692 74.5536 80.5767 70.6021 71.1264 75.551 76.0498 84.2596 82.7123 78.991 89.7456 87.8019 88.5052 98.3903 106.741 98.9529 106.178 105.884 119.068 103.403 96.779 101.574 89.541 85.321 71.8297 73.7735 71.9576 65.9985 64.3232 64.7964 58.9523 60.1544 57.6224 65.5765 60.96 65.1289 62.7887 72.4564 66.5995 61.983 61.5738 59.7963 65.1161 64.2465 62.2772 64.8475 65.5765 64.5406 74.3618 72.776 67.8911 74.0548 83.9271 77.2646 75.3336 72.6737 76.2799 78.1598 80.615 78.2365 67.9166 80.5511 73.3259 78.0447 71.1648 76.037 61.024 69.7069 71.6251 64.157 68.9269 63.4664 69.2338 57.7247 67.776 61.8552 66.4716 66.1391 66.0112 67.6225 56.983 64.2465 54.0162 55.3589 59.3359 59.7452 58.0572 60.8193 68.6711 75.551 72.7633 88.9016 92.9426 106.127 102.572
105.788 103.785 102.635 102.571 106.861 106.938 109.703 104.082 90.8767 80.6042 90.1015 88.034 83.2531 78.6401 83.4727 74.1047 78.3041 75.6294 70.5771 65.6799 63.5349 66.4035 57.927 67.9024 60.2141 59.2579 66.6361 61.0798 67.8894 84.9846 77.9811 72.2827 78.5367 80.0615 78.9761 84.2997 82.7491 84.2739 78.3429 80.2553 78.8468 83.5373 83.8345 74.8541 77.5935 74.6215 78.1749 77.2446 72.4766 69.2203 67.7085 59.5292 69.3237 62.7079 64.8529 65.5119 61.6225 74.5957 75.2159 76.1075 80.8238 85.3334 85.4368 84.8166 79.9064 87.2717 100.374 98.733 93.1122 111.939 103.462 114.549 123.103 116.952 102.338 96.5622 98.9397 84.5969 83.2789 77.9294 68.0187 63.6124 64.7624 61.0669 63.031 61.3253 59.8394 61.2607 61.0411 58.9478 61.5579 56.1309 63.5866 68.0057 65.822 63.7416 65.7057 57.0354 72.2698 61.868 63.5349 60.55 58.6506 66.3001 64.349 68.1737 67.5018 69.2979 77.335 69.944 78.1491 78.3558 77.671 75.7845 70.5642 73.1743 74.2856 65.9512 68.6001 72.567 65.5636 68.3417 80.5912 59.4129 59.9686 62.7596 62.1652 46.7241 61.4804 61.4933 59.5938 55.9112 69.0911 52.6809 59.4129 56.3764 54.3994 63.3928 55.6916 68.2125 58.4826 60.227 76.6114 73.0451 70.1765 79.2345 96.6526 94.8566 107.804 107.545
109.728 107.391 116.686 113.696 107.939 101.516 106.699 92.6255 88.6306 87.7298 84.3094 92.5341 69.27 74.1787 81.2545 81.1631 71.7244 64.6224 73.2257 71.0716 68.7478 71.9724 68.1603 71.6199 70.1969 68.552 70.4319 58.5779 63.1733 70.223 67.2595 64.8705 69.988 67.3118 74.1134 77.2205 69.3875 67.834 67.4031 67.142 75.9542 74.6356 68.4475 67.142 62.4553 64.9096 68.7348 68.0951 63.6563 67.1943 73.1343 73.9829 65.7321 62.3508 77.3119 72.7165 68.7609 69.7922 74.3354 75.0534 75.7714 75.2623 76.9725 85.1971 80.7584 84.453 86.4113 90.0406 95.5759 105.563 106.033 116.869 115.315 108.122 123.266 106.425 110.485 91.4505 87.4557 77.4947 74.7792 73.8132 85.406 75.7192 65.9279 63.4083 70.7452 59.5179 63.8913 56.8286 53.369 64.2047 60.5362 55.6667 63.9827 70.3536 63.4214 70.7583 68.6434 69.6355 58.1863 62.3117 56.9852 61.907 56.0714 57.6771 63.0166 60.3534 63.2125 58.6302 57.1941 55.3925 57.416 63.8522 62.3247 57.8077 53.6562 68.6434 62.8469 58.6302 79.1657 63.1603 64.6746 67.5467 63.2125 57.7685 62.7817 68.2909 69.1133 54.8181 58.1732 58.7868 53.147 61.8547 54.6745 60.9801 59.5571 61.2542 64.531 66.4893 72.1682 68.33 70.1447 84.0483 76.9333 88.0301 89.9492 96.7509 105.459 122.469
132.941 116.877 130.752 116.996 110.454 110.6 104.744 90.9485 93.0059 77.3247 88.6537 83.1804 79.3294 76.2037 74.5155 70.9546 73.9089 70.0182 63.6745 72.9197 69.4247 74.0935 71.3767 68.6862 76.6653 61.1819 68.5147 68.5279 61.5248 67.7894 60.8522 65.9693 64.8747 59.6784 59.0849 55.5372 56.6978 54.8513 57.9111 59.3091 57.2912 70.493 64.6241 58.5837 62.5139 63.9647 71.1788 64.3208 73.8561 60.2191 72.8406 64.3999 63.4371 68.8049 71.1656 74.1331 69.7413 62.7249 76.6653 67.7366 63.3976 66.365 75.7289 75.5047 82.5342 88.1657 85.9369 98.044 101.025 100.669 113.58 129.802 126.518 125.489 115.585 116.508 100.932 100.616 92.2674 82.6001 89.511 79.5008 80.8065 72.5109 73.012 58.5178 68.396 62.0259 63.1602 62.1183 61.5248 58.3068 56.0251 62.8832 63.8592 58.2408 62.8436 59.0981 58.676 58.6233 52.6093 56.2757 64.0702 59.1113 57.3704 64.0438 51.4355 54.5348 52.3851 49.1143 38.6162 43.9444 45.7644 47.835 51.1981 55.9724 48.8637 56.7901 53.0445 47.0305 57.2253 60.2587 51.9762 54.1392 57.4099 61.3138 60.6939 59.2563 59.7047 64.6637 60.4433 58.2672 65.6924 61.1951 64.69 73.1307 67.8157 67.3937 66.8793 70.9151 77.7336 72.3922 81.8748 86.2402 88.9834 90.5924 100.154 99.8113 108.819 110.059
128.838 116.169 119.833 123.35 119.46 109.401 100.995 97.0785 92.6822 87.9661 88.2726 76.4158 68.0229 66.4775 61.1353 68.3559 65.9979 58.351 66.9704 57.2453 66.6107 64.2128 64.4792 64.6124 67.7032 63.0537 71.1669 63.7731 61.6949 57.938 61.082 66.1178 60.2694 55.8198 55.8598 52.1962 52.063 52.5958 52.5559 51.5167 55.9797 56.7257 51.65 63.7864 62.2011 63.933 63.9863 66.4509 65.7848 63.5466 71.4733 67.8364 64.6257 63.2136 62.2544 60.5891 62.6141 66.8772 69.6882 68.0762 67.4767 70.7406 75.2835 81.5848 83.1435 77.8813 91.8962 87.8862 101.435 103.939 115.17 113.958 126.081 123.776 119.113 117.315 113.198 110.267 92.8154 82.4508 91.9628 85.4483 77.1752 79.1602 74.2443 69.5549 72.5791 68.1694 68.3693 62.8672 65.2386 69.1419 58.391 61.7881 59.8431 55.2203 49.1987 56.8056 49.6117 54.5942 60.6291 53.6083 53.0621 47.2537 41.6983 49.9581 44.829 56.1262 48.3328 46.1879 43.2304 46.7074 42.6309 44.9889 41.8182 44.083 50.9439 46.4677 43.1371 44.7091 49.2653 46.854 47.64 47.9731 57.8314 54.5276 54.1146 52.9955 50.038 62.2011 64.2794 63.1736 66.1844 62.5075 76.8688 59.55 64.4925 72.4592 76.6157 71.9796 64.7723 77.0953 82.9837 94.7738 101.635 99.6763 105.858 105.352 116.862 126.52
121.963 125.205 123.281 120.886 113.23 110.418 105.425 90.7991 92.2523 80.2095 82.5373 73.4951 77.922 77.2492 66.5654 74.8272 75.5807 66.2828 74.7195 73.8853 66.9421 68.6914 65.5427 66.7403 66.4712 62.8516 67.3996 68.3415 58.1421 56.8369 65.5024 56.7293 56.1103 68.0051 61.4387 56.81 60.3757 60.3757 59.0975 57.2406 62.2595 55.3299 57.9941 54.4687 63.2553 55.2626 59.1109 64.5874 60.147 64.1837 68.6645 63.9415 74.5715 67.7898 67.5745 62.9323 72.1764 65.3274 71.544 76.24 69.7678 76.8994 75.5941 78.3929 86.3587 79.1465 83.7483 95.5624 97.4328 109.018 116.338 119.917 118.181 117.388 118.733 107.551 105.452 104.08 95.078 93.3826 79.3617 77.5856 84.8248 83.2504 72.7685 78.9446 87.1526 79.9538 59.232 70.8308 69.5391 62.0712 66.2693 62.892 67.144 73.7373 55.6663 56.3794 52.1005 55.5721 52.6522 53.3115 40.8246 42.076 42.9237 39.0081 36.8014 49.9879 40.9995 42.4797 48.306 51.2931 49.0191 44.4711 50.3378 45.0093 43.8252 35.9671 40.9861 42.2644 43.3139 43.6772 53.9843 47.7139 58.2363 57.6173 57.402 59.9183 64.2914 62.0173 66.3366 60.7929 70.4002 64.6547 66.3366 68.0724 60.0932 69.2296 72.7415 72.8223 76.3746 81.7838 76.24 87.2872 85.7801 100.649 96.2352 108.682 118.612 119.244
117.425 107.831 116.501 117.289 112.505 107.681 101.24 99.2424 108.483 85.0552 95.7771 94.2008 81.6851 85.327 81.6715 79.6331 69.9439 78.0975 74.7409 77.6083 68.2725 72.1862 74.0615 73.2869 60.3635 60.1597 60.3363 58.4746 53.6912 52.5497 59.6297 58.5425 62.1573 59.7792 60.4043 52.9166 56.5042 56.1508 57.7136 68.6801 61.206 52.3594 64.6441 57.6728 58.7328 54.6424 49.5736 60.5945 63.0678 58.3523 65.1062 67.6881 62.8775 71.8057 80.8289 78.2741 76.6027 76.6298 76.8065 84.2262 80.9376 84.7019 86.1423 88.4253 84.4844 93.861 90.7899 93.0049 109.693 105.792 109.312 112.696 114.598 115.06 113.973 111.744 97.734 101.335 91.4014 85.7482 85.4085 80.2446 72.4172 73.6538 78.6682 62.9183 73.6674 71.9687 59.5889 71.3844 72.852 75.4748 68.3676 65.4731 63.0949 68.8976 62.5921 58.6513 57.6456 63.027 49.6416 52.4546 51.1364 55.9198 49.1931 51.8702 39.1914 45.9997 45.9589 48.1196 43.3497 44.6951 50.6608 43.3905 41.6375 37.7102 47.7391 59.2492 49.3698 46.0812 54.0037 55.2675 43.8525 48.405 50.7559 57.8087 51.4489 62.3068 61.8311 64.5354 75.5699 68.6937 65.011 63.6793 61.5865 70.4196 73.3684 75.366 69.9303 73.3684 68.1773 73.5451 75.4068 81.9025 81.4404 81.6307 99.3783 97.1768 121.801 114.191
99.3669 108.918 118.634 110.647 105.199 108.287 108.314 83.6955 92.876 97.0615 101.549 91.0372 77.7398 74.8854 77.5888 74.46 80.004 78.5082 69.9727 75.6402 65.7323 72.429 63.7562 62.6584 68.8886 63.3445 66.5008 66.885 65.5265 61.9585 69.6708 63.8248 69.2179 67.3241 61.4096 66.0754 60.7646 56.0028 61.7939 63.3445 60.8607 64.9089 60.0099 69.1905 64.4012 62.7407 60.4627 63.2896 66.2538 67.6672 64.113 75.599 61.835 65.4441 65.7597 81.39 70.055 74.3914 78.6866 79.0434 85.7951 74.0209 90.2138 85.3422 97.2811 83.4896 99.0925 95.5932 101.59 99.3258 102.304 100.849 115.011 105.062 98.8729 115.519 97.6104 89.9394 84.4777 88.7043 76.5184 78.5082 78.9611 69.9452 64.0993 69.6296 75.5029 61.6292 65.1011 64.6208 65.2932 59.2414 66.5282 56.785 63.0426 49.3473 57.1144 54.1091 56.0852 66.8164 56.1263 56.0989 50.4176 55.5225 51.6664 56.3047 55.8519 60.7509 50.6098 54.0405 49.2512 51.6801 52.9975 45.0246 45.3951 45.8891 54.5894 55.7421 63.0564 55.0285 52.6133 55.7695 60.6823 58.3906 59.6119 49.5257 66.5557 52.9015 54.3973 52.9564 60.7098 52.5172 63.372 70.3157 56.6204 68.4083 70.9607 63.3994 72.9368 74.8854 68.8748 70.7686 74.5012 74.4326 88.869 77.1634 86.7968 94.7698 95.8402 102.057
112.971 101.401 99.5581 112.68 101.318 102.343 92.7823 98.505 95.5951 89.9972 85.4938 82.0575 84.5655 89.817 92.4913 81.3508 84.1498 75.5588 69.0879 73.7021 72.8291 69.2819 60.1367 68.0625 63.4622 61.1759 56.5756 65.2635 73.5912 68.88 62.8802 67.924 65.9979 66.275 64.0719 62.9357 69.3096 67.2727 67.8131 69.6283 66.3166 76.7782 68.1595 71.0416 73.1478 76.2101 74.1732 61.9796 61.7856 59.1667 62.2844 66.5937 64.7508 74.3949 65.7208 68.1595 73.7991 78.3024 76.2655 82.2237 76.2516 86.4638 84.801 80.852 88.1543 94.8469 91.6599 94.2372 79.0783 100.459 104.532 105.322 111.779 106.445 104.145 98.4357 86.6301 86.3252 74.0485 87.8079 72.1779 63.6423 70.8892 64.0026 60.1782 66.5383 65.6654 63.8363 72.94 64.64 66.5245 60.0397 64.8063 57.9612 54.9821 49.3841 47.6382 52.1138 53.4995 48.0816 58.1136 50.0077 56.6864 55.1761 60.1782 56.6587 65.7485 57.2268 60.6494 59.1806 53.7905 58.6679 58.4878 61.0096 56.1876 57.1437 49.9938 49.6613 52.7235 51.4487 50.8806 55.0791 50.5619 55.5918 50.1047 53.929 62.1597 58.7095 58.0305 49.8137 55.2315 61.9103 52.5157 59.3191 64.8894 62.1181 57.0606 54.7327 60.7464 69.5867 60.7325 73.5774 73.134 76.1269 70.0578 83.8865 90.4544 90.011 98.0893 102.177
106.002 102.476 121.027 106.114 102.798 90.1791 98.2793 97.4958 89.8573 86.108 97.216 81.4074 78.5535 77.84 73.3212 68.8025 84.3593 73.8948 69.2642 71.0269 70.1875 70.6492 62.6189 73.0135 73.9228 66.4802 64.3257 76.8747 52.2104 61.8495 65.0952 67.6133 65.263 63.892 69.0403 63.6402 72.4259 69.1662 74.9301 69.0403 70.817 59.3593 73.685 60.8422 59.3873 58.6038 65.1091 74.5104 64.6055 70.7191 65.249 67.4874 73.0974 65.375 72.0342 81.3654 77.0146 80.624 79.225 83.352 77.3363 75.8954 78.1058 87.591 86.4858 86.6956 93.6766 85.8142 99.3285 93.2849 105.358 101.035 112.969 106.044 99.1467 96.3207 94.0123 93.5507 81.7292 70.859 72.5518 65.9346 60.4225 59.4572 58.7437 57.6945 61.5977 61.8215 52.0845 53.5255 54.5607 53.3016 51.0353 52.5182 56.6033 56.3654 55.7919 47.9015 50.6715 55.0644 57.0649 58.0163 45.9709 46.1248 52.5882 56.8131 52.0426 51.7628 62.3112 53.3436 57.1349 60.1567 59.8909 52.5742 54.197 49.1326 45.873 53.8752 58.7297 49.4404 58.1841 57.8344 52.4902 57.9323 45.6072 55.3722 54.183 49.986 62.6609 58.9536 53.5395 54.8405 58.4359 51.5669 57.1629 47.4119 53.7913 51.4969 58.1562 46.6704 66.4382 73.3772 64.9553 77.2244 77.6581 87.1713 75.5177 97.0482 105.162 90.4029
96.0539 100.799 104.669 101.223 105.601 101.506 101.534 88.5967 94.4014 83.724 79.6706 79.7695 79.7977 69.4734 71.4225 75.3629 61.2253 75.7019 66.9312 69.3181 71.5072 73.5269 76.281 69.0356 74.8262 67.1007 65.2364 66.903 66.9171 60.957 61.6632 55.4629 62.0869 59.6717 61.4513 56.8612 57.4826 53.1891 55.4629 54.9404 67.595 66.3945 64.6432 54.6438 54.0223 63.2591 66.2392 64.3607 61.5502 63.9088 68.1458 72.5524 70.7163 68.1317 70.0525 74.685 73.6258 68.5272 64.6432 66.9595 71.4366 67.595 71.1965 78.3289 79.2751 84.3172 92.4382 92.2546 102.367 101.378 105.714 103.44 114.499 100.686 109.245 104.048 99.9519 96.76 82.3258 74.4025 80.4756 66.8606 64.4879 60.7451 63.1602 57.8639 46.6075 54.2483 56.3386 42.7942 49.1356 54.9121 46.6216 54.7003 46.8335 50.6751 58.0334 59.3187 52.3275 55.6748 58.0052 55.0675 53.9941 50.4209 52.3275 50.4067 51.2965 45.8307 45.0398 47.2007 44.0935 45.6612 46.9465 38.5713 45.4353 42.1869 47.5679 61.6632 51.8191 51.9886 51.8473 53.3868 63.5698 57.8074 59.2622 58.1888 51.4519 59.8977 62.2281 55.6183 55.3641 44.6585 55.0251 46.7346 46.5651 52.2852 51.6637 44.1077 44.7856 51.0282 67.9622 70.0243 62.1292 81.0123 76.055 96.5764 84.0913 94.3732 103.13 103.285
99.671 108.867 99.6425 105.06 100.954 94.3104 86.4832 87.6951 88.8642 85.913 80.481 78.1429 77.0593 76.5889 74.6071 70.0876 69.8025 57.1137 71.8698 69.5601 71.6417 74.7925 67.1935 64.7698 73.7945 66.8228 60.2503 59.8653 66.1242 60.0079 61.3481 58.24 53.079 50.1991 60.5782 46.1501 49.5147 46.3924 47.7754 45.7651 48.7448 48.5167 62.7595 53.1503 57.7838 72.6967 65.2402 66.6945 66.5376 71.8413 63.4011 81.3792 69.2322 67.222 63.4439 61.9896 69.0326 63.3726 69.218 64.8696 79.1266 73.0531 75.6907 74.1652 83.3182 82.3915 87.9802 85.3569 87.2246 86.6971 92.2003 97.1903 107.969 101.182 107.113 107.07 94.8379 91.0455 80.9943 84.5443 70.6294 71.9981 63.1587 65.0692 57.7125 52.9364 54.9039 55.132 52.1095 57.9692 53.4639 54.6615 53.7063 51.9527 56.3866 50.4272 46.6491 59.8653 59.0527 53.9629 47.1481 44.8954 53.1788 52.9649 44.4677 48.4882 46.5493 43.8547 48.7734 41.3169 48.0748 39.1926 39.3637 37.8239 44.6531 47.3762 43.7264 47.9322 52.9507 44.8812 52.0382 52.2093 54.1483 57.242 52.7083 53.3499 53.1503 49.8712 50.7123 49.9709 45.8221 56.6147 51.7673 52.9934 59.6657 47.1195 52.3946 53.2501 58.0832 54.7898 54.4334 75.9188 64.4419 73.5093 87.2104 88.6503 78.314 86.911 97.8176 110.421
102.13 106.908 113.427 98.59 94.9204 94.3448 97.1078 86.6314 83.3936 83.6814 77.4646 85.5953 77.3063 70.2693 73.5072 69.6937 67.0458 70.9025 71.5645 67.1322 65.175 61.2032 58.0805 60.9154 55.0872 55.3463 60.0088 55.6197 55.8499 54.9289 51.6335 55.1304 55.3894 48.5827 44.9419 53.4323 46.9709 51.0866 49.1151 50.1513 51.0866 54.6267 52.7703 51.3457 53.9648 56.4831 55.4758 51.9789 58.1812 56.4256 68.2259 63.2467 59.5483 66.7868 62.7574 61.8508 72.3847 66.5997 64.7577 70.9457 76.1407 83.1489 84.2426 84.6168 79.5656 69.3771 82.2135 83.5231 93.6109 94.4168 111.239 109.196 107.757 105.584 114.017 94.4455 94.9492 83.5087 76.5724 81.7386 75.3924 82.6884 72.874 63.9231 60.9442 60.0232 56.2817 64.7865 60.6996 51.9933 54.2094 49.0576 49.2159 47.6473 46.5824 46.6687 43.5028 46.9134 45.4599 38.2502 40.8261 43.2006 41.632 44.985 41.5457 42.625 43.6611 42.2076 52.1228 44.2511 39.4878 44.798 41.7759 44.8267 46.237 41.114 47.3163 44.5965 52.094 48.6259 42.3659 50.6405 42.5242 40.6535 41.2723 42.0925 43.7043 43.2294 41.2723 40.8981 45.9636 51.0003 46.827 59.0015 53.5187 51.7198 60.8866 60.6852 57.1883 76.3853 65.4485 72.5574 69.2044 72.4423 80.6881 82.2855 91.0062 99.4822 100.936 105.972
105.257 122.293 104.051 90.0353 105.983 92.5915 94.7266 89.556 86.9707 89.0767 81.8146 83.5139 78.0528 90.0208 78.779 83.4849 78.7645 70.0646 66.8983 73.6811 59.6507 60.2317 58.4017 62.207 60.8708 58.3145 57.8352 55.2354 51.8803 54.1896 52.8389 55.7873 53.507 56.9202 58.91 55.5259 55.6856 58.8083 66.6514 50.0212 56.4554 59.5926 58.9245 61.321 55.8164 54.4511 54.6254 54.422 46.8549 52.6791 56.7314 60.4641 57.4285 55.7583 60.2898 64.9666 63.5142 66.4771 80.8705 72.1706 83.3687 82.8458 77.6171 81.6113 82.4391 88.0164 95.3221 95.1623 97.2828 99.1274 108.96 106.012 105.039 108.917 110.18 96.4404 107.45 89.9627 85.3585 83.1799 70.3841 72.3448 74.4363 70.3405 67.1888 63.8918 70.2243 57.2978 62.4248 52.9115 48.714 37.3852 43.311 43.1222 46.4483 47.4214 35.0032 34.4077 35.6132 34.2334 36.3685 39.1281 35.0032 34.1463 40.0286 35.163 40.8274 44.9378 45.693 38.8521 44.0082 57.0509 48.6124 53.2456 47.9733 48.7721 42.977 42.8898 41.8441 41.7715 42.5703 32.8972 40.0141 34.582 37.1819 40.2174 41.6698 36.4992 38.8812 41.3503 37.545 45.6204 38.3293 53.9718 54.9013 57.1961 51.067 66.4335 62.4539 64.7923 69.3093 79.026 72.0834 83.2961 77.1523 90.0062 89.8319 104.647 98.1252 110.006
109.405 98.2214 116.236 108.452 95.5097 97.9429 98.9689 85.7916 89.031 93.3257 95.6563 88.4593 93.3403 84.9268 76.484 80.3829 74.3733 69.6095 69.0965 59.6276 60.4924 59.6129 54.1896 51.8004 54.6293 57.942 56.4176 58.6455 55.1277 51.6831 60.0087 58.6602 60.038 65.1242 59.3051 65.9158 65.9744 71.1486 65.6079 60.4338 66.6047 68.0265 61.2253 57.4143 56.2856 57.5462 53.1196 51.4486 57.4436 51.7271 52.6359 54.0137 56.5641 62.7497 60.7416 59.437 69.9173 60.7123 81.0718 69.2284 69.1991 79.2836 76.6599 82.435 83.6076 85.2053 88.4886 77.8911 95.9054 94.8354 104.422 110.094 100.786 120.252 111.208 110.636 99.35 97.5911 90.57 77.2462 83.9448 77.7299 74.0654 69.287 73.5085 60.4338 64.0542 66.3701 55.9778 47.579 50.1294 45.4829 42.4341 42.1263 40.8364 33.9473 32.6721 32.8773 33.2877 34.0645 33.1997 37.9635 39.8837 38.1834 34.8121 35.9407 34.7974 39.0921 41.5693 47.7255 47.1832 51.6831 43.4162 34.1378 44.7793 47.9894 51.4193 33.7567 43.2842 43.4601 37.0694 33.6101 33.9766 34.0059 30.2828 35.3837 37.0694 36.9521 43.2403 35.3104 34.9 43.9292 49.4845 41.0709 53.999 56.7547 56.5495 52.2401 66.4581 55.8166 68.8766 68.1437 74.6224 76.2055 89.1629 90.4674 81.0132 95.2165 101.124 103.806
107.74 106.231 103.332 97.8295 99.8559 91.0255 96.942 95.2558 78.6008 84.0884 81.0858 76.9738 83.8961 75.8645 68.8238 70.3029 66.5755 70.865 67.6701 68.2322 67.7292 66.472 56.6506 61.6057 65.2739 57.9226 59.949 57.9078 61.0584 63.3954 68.5871 66.5164 61.8423 62.6706 62.4636 60.8957 61.2803 62.8777 62.996 67.0784 61.7979 69.2823 60.6738 70.1698 61.8867 59.6384 67.6405 59.668 56.6654 56.902 58.4699 63.6025 61.2507 64.697 63.6616 63.1292 73.7641 67.892 67.8772 66.1318 71.0573 67.5961 68.0251 82.343 75.539 79.725 93.1555 86.381 95.8918 85.8338 104.042 102.859 105.639 107.266 113.582 103.199 104.619 91.7503 80.8047 76.1159 76.7963 65.9839 60.1117 60.4667 56.1773 62.996 55.4969 56.9612 49.5508 46.2227 53.6923 46.1932 48.4414 43.1757 42.451 45.0246 37.703 37.2148 36.283 37.2888 39.0046 32.5704 39.8329 36.9634 38.6496 41.3564 38.6644 42.303 41.3416 40.2027 37.703 36.4161 34.7151 38.7975 36.638 34.9518 34.6264 35.4251 47.2285 36.638 42.7468 40.3062 36.4013 30.5884 34.4933 37.6142 36.2386 34.5524 43.2941 41.2677 46.7256 35.5286 42.5989 42.9243 46.3263 65.052 51.7695 51.947 61.3838 65.5697 60.0674 66.043 70.8206 73.0985 82.3578 83.5411 77.5359 104.915 96.2764 112.325
104.966 98.2203 102.534 113.205 103.698 103.011 94.3249 96.8771 87.4744 82.2209 74.1764 70.8631 69.4602 70.7437 75.4152 73.5496 73.5645 68.9975 71.6392 61.744 73.8331 69.9378 74.6689 68.296 70.0124 75.639 69.7587 65.3111 69.3109 67.311 67.7289 71.4004 63.1917 58.2516 57.6845 61.6097 61.5799 65.5648 62.4903 59.8486 61.55 61.744 60.9978 62.1022 68.7289 63.0425 66.1916 70.5348 68.6542 70.5646 69.5049 74.0272 72.1317 71.5198 65.3708 65.923 72.7586 69.699 69.9676 77.5047 76.4301 72.9974 67.4752 74.8033 80.4747 75.8778 80.5195 83.4 90.1012 95.698 104.608 98.7875 90.8027 107.116 107.936 105.265 105.757 92.7728 85.4297 74.5645 70.1169 59.5352 69.2661 56.7442 56.0129 62.0873 62.2366 51.1623 48.7147 55.595 51.8936 52.7444 53.6398 51.8489 48.4908 47.6998 49.5206 46.4461 43.5208 51.7444 39.0583 40.2821 39.7598 41.2075 34.6107 39.2225 31.6705 30.984 31.4914 27.7154 29.2079 31.2227 27.2229 33.2227 32.2973 32.3869 30.581 32.8645 33.1481 40.103 37.5807 39.4016 50.7146 37.6404 48.3714 32.0735 39.6702 41.6403 40.4164 48.446 46.8789 52.8936 52.1175 54.6995 60.1321 55.8338 47.6848 58.968 51.1176 49.2221 60.1321 52.9682 60.1471 62.1321 75.9525 77.3256 83.6089 94.1458 94.2205 104.757
104.641 102.593 106.222 107.487 93.0157 94.4914 94.3408 81.3605 72.8224 78.7102 73.3494 66.8743 68.7114 67.0701 70.2022 69.3891 71.1509 77.5206 69.3439 65.9859 78.5747 71.8436 83.5138 69.0126 69.5095 78.3337 74.3282 77.8519 69.7956 67.9736 72.2953 63.7572 60.7305 59.0289 62.3718 58.1404 56.9057 56.213 58.9084 57.4176 60.9112 62.1761 60.3088 66.9496 59.3451 68.591 73.0332 68.3199 70.7142 83.3482 81.2701 74.9305 73.5903 72.717 73.5151 75.6082 75.3974 78.0025 75.4877 74.1325 64.224 69.4945 74.2228 70.0968 72.2502 75.4124 72.2953 81.4809 84.7787 93.4222 94.6872 113.269 105.424 113.043 104.52 87.5344 103.15 90.7569 77.6862 68.8771 61.7243 62.0707 62.1761 54.7824 50.7919 57.779 62.9742 52.2978 51.1684 55.7462 59.3602 51.2286 52.4333 52.9001 51.063 57.9146 58.5018 42.8261 53.7283 42.6002 42.6454 41.787 36.9533 37.8718 36.3058 31.3967 36.2757 27.858 27.1955 25.8101 24.2741 27.1202 24.9066 27.5267 29.9511 25.3884 27.7827 29.5596 29.5747 34.2578 34.4687 40.8384 36.5317 50.4155 51.8762 47.1328 49.5722 48.3224 55.957 59.6162 55.3546 58.5771 52.2677 46.41 52.1623 47.2683 54.4662 55.8967 55.3095 54.9029 56.9659 52.8549 60.8058 65.1577 77.5808 70.1269 88.0916 89.7028 100.906 96.5695
105.159 102.713 110.734 102.971 92.124 94.7522 100.996 77.798 76.9624 77.9803 71.1439 73.2708 66.1457 67.4522 69.9285 71.1287 66.6926 61.7097 77.8283 78.3145 83.6317 83.5405 87.46 76.7041 83.419 74.6076 73.6354 73.3619 70.916 72.5567 72.6175 62.0591 68.4245 60.9045 60.4791 62.8187 62.4693 58.4738 61.102 62.6212 57.2736 62.8187 70.4451 66.2369 70.597 70.4299 71.6908 73.8784 76.6434 82.2188 73.2404 76.4611 82.4923 78.9677 80.9427 70.5514 67.0117 73.6961 68.2726 68.3941 72.0098 66.6775 71.2806 63.8518 73.7721 77.5549 72.739 85.2876 93.4001 89.7388 85.713 99.0819 109.838 106.04 99.4921 101.665 93.9318 78.0714 80.4414 76.5522 65.5077 64.0644 60.5095 52.8528 50.8019 59.4157 50.4221 55.6937 55.9064 44.2389 55.1164 63.4112 53.111 71.5085 65.7052 55.5418 56.4229 62.682 60.6462 47.7635 45.1808 42.2032 41.6259 40.2738 35.8226 28.1203 32.8298 31.265 30.551 29.9129 24.7325 29.5787 29.3508 27.3607 27.938 26.0542 27.6797 25.7503 29.0014 30.0041 37.1291 37.3722 44.877 44.7707 48.3408 48.994 60.2513 62.3781 59.4613 59.4005 66.7534 72.3289 64.2923 59.8715 62.8339 63.791 44.1022 49.4802 45.8645 55.2531 47.4141 64.1404 61.0412 62.7579 72.4352 84.1482 83.0544 82.1125 107.726 96.4992
95.4472 104.734 111.079 101.623 106.911 90.2672 77.9762 80.4282 83.6619 72.5509 73.3172 79.7692 63.2177 72.6429 62.9418 72.6429 70.1908 72.2291 66.8192 74.3287 74.6505 66.4667 75.6467 72.5356 72.2444 75.7999 78.865 74.1448 74.3134 70.8038 74.3287 65.869 70.2674 66.4667 61.3173 63.279 63.7847 63.9533 67.187 58.7886 64.7962 63.1104 60.1986 73.5624 67.8307 70.3287 76.4896 69.2253 74.9417 75.7693 76.3363 78.0375 78.4359 72.9341 75.5241 67.5548 72.5663 66.4514 71.0644 67.9533 70.2828 62.9112 66.7272 72.0299 71.1257 77.2712 68.4743 82.3286 80.0298 90.068 92.3208 99.0028 111.616 108.336 114.313 98.9721 98.2058 93.3323 83.1409 77.4398 67.1257 49.0569 56.2906 54.3289 49.7313 59.417 55.1412 47.2485 52.6278 45.8692 57.6239 58.5587 59.6162 63.6621 61.5319 65.0108 64.6123 56.7657 52.5052 53.3021 56.5511 47.8156 49.7466 39.5858 39.9689 36.9038 42.4823 34.4517 34.6969 31.3713 28.3675 33.8234 30.697 29.3943 35.0494 35.9077 29.3177 33.0418 34.9575 43.0953 37.2716 50.2217 60.3672 45.1643 64.5357 57.6852 62.007 52.3826 65.4552 60.8576 62.7886 62.1449 52.1374 56.781 58.1603 46.6662 53.0722 44.6585 54.85 59.8614 52.3519 50.2063 62.2828 60.8422 69.5778 78.6811 84.796 85.3018 100.397 108.581
103.127 101.829 101.35 98.5824 101.798 90.1727 83.2007 77.8364 76.7233 67.2315 70.8798 72.0083 68.8547 72.302 78.7485 72.673 79.6142 64.016 66.6595 71.1735 75.0228 70.1532 61.2488 64.758 75.162 66.2421 69.6431 77.79 65.5464 72.673 64.1242 73.1214 73.9407 71.359 70.2923 69.0711 68.1281 69.1793 68.4836 68.3754 69.7822 66.0256 72.6421 72.0083 68.6382 74.5745 71.9774 73.1368 69.3648 63.5831 64.5416 67.9889 70.8334 65.4227 68.1435 74.4663 72.2711 66.3503 73.0595 84.4065 78.4702 72.9204 75.0847 74.5281 76.646 75.7339 60.0584 75.8731 78.8876 81.7475 96.5728 98.8298 106.034 102.957 99.1853 100.19 87.9466 83.4789 80.7118 63.9387 72.4566 61.2488 61.8826 54.4159 48.7888 56.6265 50.6284 62.7638 64.7425 54.2304 56.4101 57.1831 47.9849 53.5656 56.7657 55.5289 55.9927 62.2691 56.7502 62.2382 58.2497 54.1376 54.957 54.9724 53.6275 45.326 47.2738 49.1134 39.4515 40.0544 46.6554 40.1317 39.1423 34.721 41.4457 47.0419 40.6882 37.4882 52.4371 49.8246 50.613 53.5038 50.5666 59.1773 51.3705 55.5444 56.7657 64.557 52.3289 56.8893 55.5444 50.2729 52.8236 55.9618 54.385 51.6951 56.3792 50.1492 50.5511 51.4478 50.2574 56.3328 48.7115 60.4604 66.1339 69.3339 74.2035 89.9872 103.251 104.488
96.9705 100.541 100.931 100.042 94.4445 85.2604 81.0816 79.7251 77.0587 77.8072 66.674 69.5587 75.7957 78.6336 70.0109 75.8113 69.1221 76.7936 65.9256 62.0898 64.1792 62.1522 58.7998 60.7488 62.1678 67.8279 54.7769 71.3362 68.4984 65.9412 62.6667 63.4464 73.6595 68.1241 74.7198 77.9787 81.0036 80.4579 81.3623 70.1668 80.9101 73.145 66.5493 69.0753 69.1221 68.7634 71.4454 60.1251 69.1533 63.1033 66.752 62.8382 56.1958 58.7062 65.6293 61.5908 67.9838 72.8175 65.6761 78.5712 69.8549 75.9516 80.7542 73.067 79.4912 69.9329 71.1179 77.2458 72.1159 83.171 100.089 108.509 104.003 111.285 104.876 95.3644 97.064 77.199 68.6699 65.2863 67.173 69.7146 60.4214 63.2281 58.5191 51.8299 59.8445 52.9369 69.0597 57.9578 49.1635 55.5409 47.4171 46.6063 46.8246 49.3662 50.3642 45.2498 50.6604 43.94 54.4806 56.4765 54.964 54.3715 65.2239 55.6812 70.2136 49.6781 59.3143 48.7581 56.4765 54.6365 55.8683 53.4515 55.5565 55.6033 60.7177 51.4712 59.6574 58.2384 60.5149 52.6875 55.6501 67.7655 50.1615 48.493 50.3174 47.4171 42.9888 43.862 46.9182 45.5304 56.0711 48.0097 47.7758 48.2747 56.6324 56.1958 56.9442 58.5503 53.124 60.4994 61.9183 58.6438 69.7302 75.25 72.0535 90.328 87.5058 91.3104
97.8011 114.455 118.324 109.376 106.34 89.3876 90.6928 84.7641 77.0897 85.2044 87.2331 88.8372 76.3663 67.308 78.0805 76.5707 71.7271 70.925 59.5393 69.667 65.704 64.0999 74.8409 69.1952 65.4523 60.2784 66.2701 59.3034 67.481 68.9435 69.0065 71.9787 74.888 85.283 85.4403 85.6133 87.8779 95.4264 90.5041 83.7733 81.5559 76.9482 72.8279 81.0999 64.1942 60.4671 64.2571 69.1794 56.3783 62.4486 62.1498 60.5143 63.5337 67.4967 64.839 66.506 69.1165 67.6855 73.0638 79.8732 74.3062 79.9047 69.0851 79.889 78.049 84.654 84.9528 87.0601 86.8714 93.3034 83.3487 109.328 106.23 112.788 103.981 106.655 97.2978 87.0444 75.4385 76.1619 68.456 61.1434 64.0842 65.6096 65.185 55.2461 63.4394 52.7141 53.988 48.2165 50.9528 48.6096 54.3654 49.8992 55.2618 41.8159 44.5208 38.5449 42.0518 48.7511 53.815 56.5513 54.271 66.2701 57.8409 63.1249 66.2701 61.741 69.148 63.6596 65.3894 73.5041 66.2386 71.5384 71.7585 63.5652 71.9158 56.7558 66.6318 65.6253 58.1868 51.1415 52.6984 53.1702 53.5791 43.7659 43.8603 47.6031 52.3367 48.9713 50.4967 47.6975 49.1443 51.7863 48.4052 51.6605 56.1424 50.8742 57.8251 64.5088 57.7308 57.2118 60.2942 63.7067 81.8705 81.2257 84.7326 87.7521 94.6873 99.1221
106.371 111.129 119.091 110.051 102.597 98.9013 91.0349 93.0332 84.0883 89.544 86.943 72.2094 79.3145 73.0975 67.7528 66.4523 64.0575 71.3371 65.1518 72.6851 75.4923 63.8354 71.6543 76.888 70.5282 69.3863 77.4113 66.7219 78.6008 86.7686 75.3337 78.9973 91.4314 92.4622 84.5958 82.3279 82.3437 89.0683 96.0148 86.039 87.3554 89.9088 87.3237 82.2327 81.1225 81.3604 68.8471 66.8805 68.863 70.1 71.8446 72.9865 60.2987 70.3379 68.3396 63.6451 62.1701 71.5908 68.7837 73.5099 66.0399 70.5599 74.6993 83.4856 80.2978 79.5207 85.0557 87.6409 98.3303 100.043 103.39 107.164 105.753 114.365 109.147 98.029 94.5716 90.6225 78.6167 89.1317 74.9372 56.9999 65.6593 65.913 62.6618 50.5925 57.6977 53.7962 56.6034 41.727 52.686 57.3488 58.1259 55.398 52.7653 49.5775 44.0108 50.9256 46.8972 52.0834 50.1485 50.0216 52.4164 60.5683 60.2828 55.9056 71.6067 63.8989 74.8262 65.2152 74.1125 71.3212 77.7761 82.09 71.0675 75.0958 69.4022 67.8004 65.8496 68.8471 52.0834 49.2603 53.6218 44.9941 43.7253 48.4832 45.2478 50.9097 47.4047 51.6076 58.1101 49.5458 59.2678 49.1334 53.5425 55.6359 53.9072 47.7854 55.8421 51.8613 58.1101 60.3939 74.7469 66.8963 75.0958 82.0424 83.2477 86.7845 96.5858 112.461
107.219 113.456 108.195 109.666 103.381 99.8781 92.921 81.4378 78.2392 79.6466 80.3343 71.522 76.7358 68.9791 73.0733 74.2089 62.6777 62.8056 59.9428 78.4791 67.1718 61.894 72.3057 75.0885 72.4176 71.1541 71.0582 73.2653 80.4302 65.0607 75.7442 77.9193 77.6634 78.687 78.9269 80.8621 84.3166 80.3183 77.3116 74.2568 78.8789 86.2838 77.4395 76.352 66.4521 69.8907 77.6474 69.2989 68.9311 79.0868 65.9723 66.3721 72.3217 68.4833 58.7593 66.2602 63.3174 58.8393 60.6146 62.006 70.3225 66.9159 64.1011 76.8478 73.825 81.5018 78.623 93.1769 95.5759 100.214 102.261 115.615 117.759 113.328 111.153 111.041 93.5927 86.1558 81.1819 80.0784 58.6474 66.0843 57.3679 47.8999 57.8797 49.6592 61.3503 57.3519 55.4327 51.4664 53.9614 52.1701 61.3343 49.2593 55.4327 58.3115 58.6954 54.2013 52.394 61.6541 65.8284 58.1676 56.9681 71.2981 65.2366 73.6331 78.751 65.5405 88.155 79.3427 83.5969 73.2493 87.5952 94.5363 72.9774 75.5843 70.0666 72.5456 68.8031 73.2013 65.1407 63.9572 58.4715 69.6188 55.9445 47.9479 57.4959 61.6541 60.7905 60.1028 61.1903 57.192 56.0085 56.2484 45.0691 52.394 57.0641 51.3704 48.6676 54.3932 62.2779 59.607 67.0279 72.5296 75.2804 85.2122 88.6188 99.7341 96.6474 97.5111
109.921 115.984 112.565 107.663 108.501 103.583 101.728 93.4228 84.4079 84.9562 87.5849 77.683 62.2819 72.6031 72.5063 76.8122 66.5232 71.7483 68.3133 73.0224 65.2815 70.8614 75.5543 78.0701 69.6035 82.1824 74.8447 82.4566 82.3114 85.3594 76.7154 65.5879 70.7001 62.4593 77.0379 70.3614 70.184 71.9096 75.1188 70.8291 79.0054 77.8443 62.7818 73.7642 80.7471 73.5223 75.9574 86.9398 77.3282 73.9416 81.0051 73.861 76.6025 75.4898 73.5384 70.8775 70.6356 71.8612 69.5873 69.0552 70.5872 72.474 71.3774 76.3284 64.0075 84.6014 85.0369 83.2629 96.7449 93.4551 102.68 115.5 121.016 119.161 116.984 111.678 104.389 99.7123 85.8916 79.7473 78.1507 67.0877 65.1847 62.9592 66.3781 61.3626 64.8783 61.3143 60.4918 58.105 56.6375 61.7981 56.7504 62.169 64.4106 59.9435 56.2182 64.8783 65.6201 67.4425 60.266 65.475 66.62 72.6192 62.5883 76.0381 67.5876 63.7817 76.0058 80.4407 74.4899 73.4739 76.6186 77.5701 81.3761 68.9906 63.3301 72.5708 72.216 64.8299 66.7651 68.781 67.0877 62.3464 63.5398 59.3468 56.9923 66.9425 60.1209 61.3465 57.2826 57.3309 55.3635 55.1699 61.3465 62.3625 54.3636 58.105 56.6375 63.2495 68.7004 68.9584 75.9574 73.7481 73.2643 82.134 90.4877 97.4707 98.535 117.274
105.319 111.66 118.278 110.522 108.018 105.497 94.4079 85.6598 87.5297 89.0582 88.4729 76.0011 79.3345 75.9523 75.5296 72.2124 71.2693 75.0905 74.8954 78.8467 74.3426 73.6921 79.0743 72.8303 78.9117 78.2613 77.5621 81.2532 76.8141 74.8629 78.0337 84.2777 73.0417 81.5622 71.3344 72.8954 79.8711 70.6189 77.1881 71.2043 77.9849 68.5051 85.5622 77.9036 79.8874 74.3426 82.9118 74.0011 85.0582 77.7247 82.0337 65.3993 70.8954 75.1393 78.6678 72.2612 77.4971 70.3262 79.3182 77.4646 77.4158 75.9523 75.3832 79.676 78.9443 89.0907 86.2127 83.2858 97.725 103.205 111.319 112.262 109.92 115.872 118.278 101.855 102.115 89.546 97.4161 72.6352 76.4889 62.9603 67.2368 66.0335 59.5293 58.944 55.139 59.6432 60.4074 61.9684 67.8709 65.6758 63.9196 77.5621 68.0823 65.5945 66.1798 66.2937 77.5459 71.9523 59.4968 67.5132 66.9116 77.2369 73.9361 62.505 72.7003 68.375 67.8221 71.0092 73.3669 68.3425 68.3425 67.7896 66.6677 74.9605 75.6109 72.1962 68.0986 74.4401 70.1474 69.2043 71.1555 67.4482 66.9278 63.9684 72.5864 66.1798 65.0091 64.2774 55.9195 71.123 62.1635 59.7732 61.1716 56.7325 68.066 67.6921 62.4725 59.8871 61.0253 73.871 63.692 73.3507 77.5296 81.6272 85.3183 90.6843 105.904 106.489
105.315 104.413 118.955 110.495 110.463 107.872 94.5112 96.708 90.0356 85.7732 88.1995 91.216 82.1501 81.1173 73.6417 85.2978 73.5433 81.5272 80.9206 75.7401 77.0516 73.3958 73.6253 82.0354 87.4618 71.6252 74.4122 71.9367 76.9369 79.1992 69.7891 73.1662 78.1008 71.9367 71.8219 73.3466 71.4121 72.7892 64.1168 65.1824 68.2972 64.3463 66.6251 62.5102 73.3958 78.15 68.7563 79.8386 73.6417 75.2483 78.8222 77.0352 76.609 84.7896 74.9696 76.5926 76.4122 72.4121 86.1994 79.9206 80.2484 76.7729 77.691 87.4618 88.8717 97.8555 91.3471 93.6095 97.8555 106.118 107.757 128.184 119.61 113.61 111.84 113.331 99.249 97.3309 83.7567 80.4288 81.6255 59.6248 73.2646 52.6902 61.3954 65.1004 58.7232 54.1001 60.133 63.3627 68.2317 61.756 67.1497 69.8875 62.9528 63.1495 68.5595 64.6414 76.0188 78.9697 78.7566 86.7896 83.9535 83.2813 82.4944 83.3469 80.4616 85.6257 75.3958 73.3302 76.0352 77.6582 79.7238 82.2977 75.0188 78.2484 71.5924 86.4945 81.4944 75.6089 86.5929 87.3306 83.0354 75.6417 73.7564 63.0184 72.4285 66.6906 66.4775 74.2155 68.3464 62.2151 64.543 55.8706 58.3297 68.0513 62.7561 66.4283 55.2968 64.0184 60.1494 68.5431 66.5267 69.1825 76.9696 67.248 92.3636 89.3307 110.266 111.692
121.295 119.461 116.271 120.023 110.123 105.115 96.0579 91.8434 98.7023 85.282 84.5548 85.6456 97.6446 83.8441 80.6047 78.3404 86.2571 74.6878 79.3321 69.5974 71.5807 79.0181 70.8204 79.1172 69.9445 68.9197 69.9445 65.1845 76.0762 73.0351 67.548 78.2247 79.8444 64.8705 64.4408 61.1518 66.1266 64.1433 65.6638 80.5882 75.5473 76.3075 65.2672 69.9279 69.7626 81.6294 70.7874 73.8615 76.0596 73.3161 71.3658 74.8531 67.9446 72.6054 66.6224 73.8615 72.5227 75.2002 75.8448 72.5227 82.8029 78.8693 81.6955 87.3645 87.1992 95.182 93.8432 92.3227 101.644 102.57 103.181 123.841 108.784 111.197 116.684 108.553 107.776 95.7935 95.3803 86.505 73.1508 76.4232 68.8041 77.762 67.7132 67.6471 70.556 74.3408 69.5147 61.8294 66.2588 75.7952 72.2914 69.4652 66.5563 71.6303 82.4888 66.7712 72.4566 74.2581 71.9112 82.8855 82.0426 66.2092 73.8119 67.4984 85.1993 72.0269 71.3162 74.6713 68.3909 71.9443 67.1348 68.5561 75.6795 70.0271 61.4824 75.5308 76.9191 78.6214 78.7867 85.596 70.4733 70.1428 69.7296 73.4979 70.6221 65.3663 72.1426 65.1349 65.5812 71.5476 70.1263 75.0845 74.3077 66.391 62.0112 66.6389 73.878 71.8782 68.9197 70.2254 85.3812 83.7615 86.3893 86.4554 92.0913 91.0997 102.719 131.427
111.346 106.748 128.274 118.527 113.945 112.879 101.766 100.533 87.1707 88.6869 86.9375 88.8202 91.3193 83.6386 86.6709 92.6189 83.6219 90.1197 83.7386 78.2571 75.6746 81.0894 79.7399 70.393 66.6443 73.542 76.8076 74.5583 71.8592 73.5087 63.0288 69.41 64.4284 62.3291 63.9285 65.4947 60.6296 72.0591 64.1785 67.2608 60.3464 60.613 58.1971 62.3124 64.8449 66.9442 80.0231 79.3234 80.3897 81.1561 81.3893 80.2564 74.4084 74.4417 84.2551 83.1721 78.6736 87.3207 83.2054 80.7562 75.608 82.0225 89.3034 82.0891 84.455 90.6862 89.0701 90.2697 108.78 100.899 114.045 108.597 114.845 124.292 125.841 101.666 97.434 102.149 89.1701 80.1398 78.307 73.0921 72.2424 64.1951 75.8245 71.9592 65.628 68.1938 69.61 72.8755 80.5063 72.7422 74.2251 63.9619 67.644 69.3101 81.3394 79.0401 73.8252 76.4577 76.7409 75.6579 76.9242 74.7916 74.6583 66.6276 61.6293 61.9959 65.5447 71.7259 65.8612 59.0802 57.2808 61.0628 62.8289 66.5777 60.663 70.4097 69.6266 64.9615 71.526 72.8922 69.6933 75.6579 76.7242 70.493 82.489 71.8092 71.9592 62.7123 67.9938 67.0108 69.8599 73.5586 74.1251 77.6573 67.6939 67.9439 76.441 74.6249 71.3094 81.506 70.8929 72.9755 84.7882 82.9388 83.5386 91.7026 108.93 125.308
125.573 115.362 115.95 115.933 115.698 102.75 111.214 100.869 98.2318 92.6392 88.9444 86.7275 85.1824 89.7337 84.0403 86.3244 95.9309 91.6315 83.1334 89.4146 94.3522 81.4372 91.2284 84.3258 85.6862 77.8095 74.7865 81.1517 71.4612 75.6934 71.2932 66.2884 77.7256 65.9525 70.8901 71.1085 68.5893 62.2073 68.3374 67.5648 70.9405 64.9616 66.8258 72.1161 64.5082 75.2567 76.0629 76.953 77.0706 84.3258 86.5763 82.6128 89.1627 86.2908 87.4664 90.6238 91.3628 93.2942 96.3004 94.0667 81.7059 91.7155 89.6329 88.2222 91.5643 86.3076 93.3278 102.414 107.251 105.689 115.631 122.131 119.141 129.671 117.562 99.3234 102.33 98.4501 95.0744 99.1555 82.7304 69.7985 83.0662 73.7788 76.9026 68.035 60.2255 64.6425 77.0874 70.8733 71.5283 76.6171 68.5893 68.0183 70.3023 74.2491 69.3786 72.3849 64.6425 69.6641 77.0706 70.4535 60.3263 64.9952 72.536 64.8105 72.2001 66.4228 67.4304 70.4367 74.6185 62.9463 66.8594 68.8916 66.977 58.7308 72.3345 76.5835 58.9827 66.5907 61.7707 69.5466 68.035 63.1478 59.537 72.2673 70.7558 70 70.6214 67.8839 75.8446 67.2121 71.2596 67.8671 73.2246 71.8474 69.6977 73.7956 75.8446 70.1512 74.9208 77.8599 77.524 81.202 94.5034 92.2025 101.255 111.768 110.828 116.101
125.929 132.886 121.849 127.723 120.884 105.801 103.533 103.804 93.7822 99.0468 93.6298 90.6843 90.1257 97.2355 83.0328 104.481 88.4667 90.6674 87.8234 87.4172 95.7289 92.0386 87.1632 83.8961 85.2842 78.0051 87.5864 90.1257 77.9035 74.264 77.4465 76.3461 81.1029 83.1343 74.7549 81.3907 80.866 84.7594 84.2854 93.2235 82.1864 77.802 84.1162 80.138 86.0629 76.0583 76.8709 83.913 77.9204 80.5612 85.1826 85.809 95.001 86.4015 87.1463 89.6348 83.202 95.7628 94.6794 92.1063 89.8717 93.342 87.0617 94.1884 95.1872 91.9201 97.3202 103.313 103.838 110.897 114.807 118.717 123.576 124.998 125.353 109.712 111.083 106.834 102.229 94.5439 77.0402 83.456 74.2301 86.8585 72.0972 62.2957 66.3754 67.1541 80.0195 73.1806 67.5604 77.9712 88.8561 71.2507 76.1768 73.9254 71.3523 66.3246 70.3197 64.9704 63.65 66.1215 72.131 61.0261 68.83 62.3465 57.3527 66.6124 63.4299 56.8787 59.0117 63.0067 66.3585 62.1434 64.7503 67.6789 63.3284 66.5786 57.0988 60.5183 61.0938 72.0294 66.3585 75.9399 66.8494 69.3548 72.8758 75.6521 78.9531 82.0001 73.5191 79.2747 74.5348 80.3243 70.9291 75.6859 73.6376 78.6653 71.5893 69.8457 80.9337 78.5299 76.2953 96.1521 95.9828 89.7871 96.9985 110.169 113.825 126.301
119.739 131.648 127.895 131.7 116.958 116.685 95.6993 96.7742 98.924 98.4804 92.4917 88.7211 91.9116 93.3448 88.0727 84.5409 92.577 92.3552 99.0605 87.2708 92.5429 90.5808 91.468 82.3912 81.1798 77.9381 75.43 77.921 72.0176 77.9551 78.8253 73.5532 79.4054 79.1836 72.0176 69.8849 56.3891 62.3948 74.3892 72.939 61.4564 75.3788 72.2053 74.9522 71.1645 70.1238 73.4338 66.2508 70.3626 80.3779 74.2698 87.0661 88.4651 83.2101 89.3524 96.2112 97.6614 91.0244 91.6557 94.8292 85.3087 91.4168 85.5817 89.3012 90.0348 89.4889 86.5713 95.7505 96.5695 104.844 121.548 117.607 121.241 120.661 133.047 118.272 118.784 102.916 97.1325 84.5239 89.4718 91.9116 74.7134 79.9684 82.34 76.4196 72.6148 75.2423 82.1182 75.174 76.7608 75.4641 71.011 81.248 76.3684 71.2669 80.2414 68.3664 67.7522 67.8375 59.6479 64.2887 54.7682 56.8497 55.8943 57.3786 65.5512 60.9275 57.3445 59.8014 63.3673 64.118 56.8327 59.0336 60.8251 61.0981 60.9957 56.7132 61.4052 65.3465 50.0933 57.3786 56.2184 59.5284 72.5636 70.1238 72.8195 67.6498 71.7617 80.8897 67.1721 84.0462 76.4196 68.9124 73.5361 74.6622 78.74 81.9987 82.1352 77.375 75.8053 92.5429 84.5409 98.361 94.6074 101.415 106.261 116.89 114.706 126.888
127.589 130.1 133.298 127.245 118.63 122.517 111.959 101.143 103.911 96.2249 94.6601 86.4408 93.4737 91.5478 83.9819 92.7858 79.2875 84.0506 87.696 87.9712 74.0602 87.163 75.986 78.5309 67.2336 80.8179 70.8618 70.5867 64.8263 63.571 68.9704 66.0472 67.1305 68.7984 63.7258 65.1186 64.2245 63.9837 61.5248 57.0024 66.4942 63.4507 62.0406 65.6517 69.6238 69.4862 68.85 68.4029 62.6769 63.7774 77.482 70.0537 71.2401 72.8393 92.8718 85.2543 86.6643 81.437 88.4354 80.4912 92.4591 94.8493 90.2925 91.9433 97.8929 101.985 97.1019 103.499 108.004 105.837 114.039 119.525 137.442 128.157 121.433 119.473 125.199 103.774 92.0121 93.5596 87.1802 87.7992 91.3242 86.0625 78.5137 76.9662 76.0032 77.7228 74.2149 86.372 75.4014 77.9807 69.2111 78.5309 75.5046 73.5959 72.0139 68.7296 58.0341 73.6303 52.0158 60.7166 61.4388 49.5569 58.4984 58.2921 58.1373 55.1453 59.255 53.4086 52.824 47.9749 65.0326 57.3979 53.8213 57.1056 56.3662 62.9692 52.119 57.1056 57.673 58.8079 63.7946 58.4296 58.4812 69.8989 72.6158 77.2413 73.785 65.3765 76.4503 73.1832 82.6234 84.2054 73.166 76.8458 72.4438 82.3483 70.0021 77.1897 88.8137 81.6089 88.1775 94.8149 89.9314 97.0847 104.651 111.924 119.284 125.457
121.267 128.84 126.397 128.13 119.534 120.228 118.824 112.62 103.505 100.611 96.7643 88.7411 88.2039 90.6473 79.4008 76.9748 81.8095 78.3958 66.7854 75.3112 66.3522 65.5031 66.9934 73.5437 67.0627 67.5999 77.1481 74.0116 77.0441 63.5276 70.2512 67.184 75.1553 71.1696 71.6548 67.8771 67.028 63.8568 59.8539 66.0923 71.5855 73.0585 61.4655 61.8467 65.0179 74.6354 77.8932 72.0187 71.2043 70.7537 71.5509 64.0994 70.0086 63.6836 71.2563 73.3877 74.4448 79.5221 69.9046 74.3928 80.7525 85.1367 86.8696 92.848 94.0437 99.7969 100.767 105.619 113.747 120.037 127.402 125.08 133.259 121.77 128.58 119.812 109.553 107.682 106.139 94.9275 83.8543 91.0112 82.0002 81.6363 81.7402 85.7605 80.3019 86.0898 79.9034 80.7005 70.7364 76.5936 72.9892 69.0728 71.3949 64.394 73.769 63.8395 67.7212 66.9067 63.7182 66.1789 55.9029 67.3573 64.4287 61.968 56.2148 65.4164 58.0517 53.9274 63.6489 53.113 57.0639 55.0538 58.0343 60.8416 57.8264 54.378 58.9008 55.0538 63.6662 64.5673 62.6265 61.7774 60.9803 68.0331 67.3746 72.6599 62.4532 78.4131 69.3674 80.1806 79.6088 72.3653 78.7597 88.3599 78.0145 90.1274 74.1329 82.4854 81.411 97.8387 88.3599 89.209 86.315 99.6236 99.9875 111.182 115.739 128.961
112.929 130.497 122.988 120.211 115.025 115.95 114.257 115.444 103.29 101.055 104.146 104.111 97.5974 89.8791 91.8523 82.6322 85.6532 76.6425 77.6379 73.2199 66.9334 75.7345 65.0824 71.3165 78.4936 75.2979 67.1605 73.8835 73.2199 74.4947 63.7727 68.7495 72.6262 69.3258 68.9242 71.7007 63.5457 66.8287 65.4841 61.7296 66.2873 72.958 74.1105 66.0429 64.6983 72.4865 68.3304 70.3211 76.9918 72.1372 66.1127 77.83 67.6494 64.9951 73.5517 74.7915 73.9359 74.8265 80.624 87.1724 89.5298 96.7767 101.003 103.011 104.565 109.594 105.473 110.362 109.28 119.338 118.989 111.62 123.162 120.421 121.154 110.974 99.7104 96.5846 91.0141 99.7802 82.3178 87.0676 86.9454 75.2979 77.9872 74.9487 76.433 84.815 87.9058 74.5645 74.0232 77.6728 82.2131 69.6227 71.4562 70.2688 65.0999 59.5468 67.3875 66.462 74.2153 66.654 61.2931 73.0104 64.6808 62.8996 64.9602 72.6611 61.5201 60.1755 55.5829 64.5236 66.8287 70.5656 73.5517 64.4887 62.0614 64.6284 66.3572 59.8262 69.675 63.7727 65.3094 66.6017 62.1313 72.8008 64.3315 60.5073 63.8251 67.1779 67.8415 77.3236 77.2537 79.3143 74.2327 81.4272 76.9394 79.1921 75.9615 82.3877 85.7579 82.021 71.9975 90.595 85.8627 87.3819 100.496 103.343 109.402 115.828
117.172 118.403 130.21 128.398 127.395 121.94 115.271 110.943 102.989 104.96 104.696 100.966 104.925 100.667 94.2792 99.3469 85.534 91.024 78.1965 82.5955 87.3288 86.5018 71.1405 80.7127 79.393 85.1293 80.3432 84.707 76.173 79.657 85.0237 74.994 76.1202 70.8766 66.7591 67.2166 70.0672 67.463 68.7475 67.5509 69.4689 73.1465 74.994 78.2493 77.1056 81.7509 78.9355 81.3814 79.0939 83.5457 77.6686 82.5603 80.3784 84.6542 86.1147 89.5987 74.4838 85.71 85.6572 87.2936 102.285 103.922 96.7075 107.828 106.931 107.494 106.561 101.617 106.473 117.33 125.195 130.105 122.521 130.351 117.611 113.6 105.928 100.191 99.2061 89.4403 85.5868 78.4956 77.2991 89.1236 76.5777 79.9033 79.8153 83.053 90.6369 84.0384 71.1229 80.6247 84.883 75.1348 80.2552 71.4924 73.34 77.6334 64.5068 74.5014 75.7155 80.8711 71.598 72.601 77.5455 80.8887 74.8357 67.9732 72.2139 75.346 62.976 69.1522 69.3985 72.1435 67.3398 74.8709 76.3489 72.0027 77.4047 80.572 72.6714 80.2376 72.0555 74.5893 70.4719 66.7239 69.6273 76.2434 74.431 81.962 73.3576 84.7598 80.1145 78.9003 76.8416 84.0208 77.4399 76.7712 83.3345 87.5576 86.8009 80.9415 85.798 95.9684 92.3085 94.4552 101.476 107.3 110.784 120.955
120.472 111.98 125.968 134.301 132.422 119.373 123.433 118.38 104.888 103.434 109.498 97.7252 97.2287 93.8247 98.5053 99.3563 89.1086 95.9168 86.3605 86.2187 83.1515 84.0912 78.0454 77.1057 76.5384 81.7331 80.758 75.8115 80.8821 79.1269 89.8887 91.8744 85.35 91.7858 88.9668 86.3783 94.7289 99.7286 86.0769 90.1901 91.6085 90.3851 85.2968 76.5384 86.4669 81.9813 83.9139 82.9565 79.2333 75.4923 74.7122 82.1409 81.6977 82.2827 87.2116 89.7114 82.3714 91.3425 91.6794 94.2856 90.0837 92.2467 99.8882 96.5905 105.863 105.42 106.023 120.915 120.862 111.696 127.493 133.167 128.592 128.557 130.259 112.937 105.526 104.746 93.1155 85.2613 85.4563 88.364 89.4455 83.7366 87.0697 86.0591 85.9173 84.1089 78.7014 81.1835 80.7403 76.7511 75.7406 81.414 73.7548 82.0345 81.7863 80.3502 84.428 85.084 78.595 75.6164 80.758 83.7188 89.3214 82.6019 76.1306 80.7935 83.0628 75.2087 68.8438 68.1523 76.0774 72.3542 70.0671 74.7832 73.2584 77.0171 81.5558 84.3039 82.8501 81.3076 80.8467 84.7649 80.758 81.4672 76.9993 82.726 80.758 72.1237 77.3185 74.5881 78.2404 76.3079 84.7472 80.5984 86.006 81.1835 77.0171 87.8144 81.2899 87.8853 90.6511 85.279 90.6688 89.9774 99.4449 111.129 116.926 120.348
127.024 132.276 137.885 129.222 132.741 127.346 118.039 125.363 119.272 115.253 110.769 110.162 108.733 102.338 108.929 99.7118 98.372 97.9076 89.9406 98.3006 95.4067 85.8857 86.3323 85.0283 99.0865 86.5824 82.2952 86.4395 86.5824 93.3525 91.2446 93.8348 98.64 96.282 93.8169 94.6922 105.285 106.696 101.087 97.7468 97.9254 95.4603 93.1203 90.941 91.334 93.0845 85.0997 90.3158 87.7971 88.726 90.548 91.1732 88.1365 87.2255 85.9572 84.5996 99.3724 94.6565 100.033 106.875 104.856 104.803 103.124 118.325 112.537 114.681 116.807 115.521 116.253 129.329 130.758 133.92 126.756 126.292 130.901 118.986 115.181 96.8715 105.839 92.9774 95.9962 88.1901 102.445 99.6046 95.7997 95.8176 91.459 87.9221 92.1914 89.8871 94.5136 97.9969 90.9231 82.6346 83.9386 86.8503 85.5642 84.5996 78.9191 89.9942 88.1543 91.459 88.0293 82.0987 85.9214 90.5837 93.281 92.7987 86.6896 93.6562 91.1911 84.9033 84.3495 87.8685 81.9737 89.4226 87.029 89.1189 82.849 91.852 91.6019 88.333 85.725 75.4001 87.7256 86.4395 92.3522 87.279 87.5827 85.8321 83.2241 83.76 82.0452 89.7442 86.9218 87.4934 93.7098 89.4226 89.0832 89.6012 97.586 93.8884 95.2281 105.607 100.784 102.802 100.48 113.716 121.558 122.505
128.154 124.699 148.13 147.986 143.001 135.731 132.635 132.851 129.63 122.917 116.24 117.608 118.22 117.68 115.376 113.685 120.883 107.746 117.896 100.349 105.172 103.751 112.245 105.82 101.393 117.824 100.907 103.229 113.793 103.283 97.0919 91.189 92.8267 101.015 106.972 97.9197 108.718 107.764 104.003 103.643 95.1663 104.65 114.297 94.5184 102.815 108.232 112.605 99.1795 108.196 103.031 109.312 116.186 108.106 111.021 104.219 110.049 118.58 113.379 111.327 113.091 116.168 121.135 107.98 118.31 127.092 124.753 126.714 120.883 130.35 130.89 137.836 133.913 138.898 134.327 141.778 131.915 125.707 123.601 116.276 120.775 124.879 116.456 113.667 108.376 108.754 115.394 108.556 100.907 96.1381 91.7649 98.6396 93.4206 99.9894 91.6389 96.2461 99.2335 107.008 105.28 107.332 92.0528 106.126 100.889 102.293 95.0403 100.223 100.619 103.679 99.9354 106.918 101.411 99.0895 103.139 101.015 103.013 106.324 103.301 96.678 104.255 105.73 106.18 107.854 113.451 108.232 105.91 100.673 91.225 103.697 90.919 97.5238 94.5184 92.9167 100.979 94.7883 97.5238 96.75 115.394 99.7014 107.944 110.049 103.427 106.558 112.839 109.186 117.428 115.646 118.418 118.706 124.393 128.964 135.605
139.693 143.138 149.465 143.718 149.701 146.438 138.406 135.233 136.665 135.233 132.641 141.579 134.236 139.204 131.843 131.48 133.475 127.401 124.627 117.411 120.965 129.903 113.713 129.141 122.252 126.368 120.62 114.166 122.542 126.368 115.326 117.012 115.852 110.576 119.224 110.63 115.489 116.885 117.719 111.047 112.734 111.029 110.123 110.195 118.88 116.233 115.834 129.178 124.137 118.1 134.091 127.129 124.283 131.009 119.551 129.395 120.475 124.5 132.26 133.293 138.17 127.6 138.315 135.143 137.354 136.248 133.076 132.35 144.316 144.48 150.064 152.602 140.02 145.023 142.413 136.43 126.077 133.819 134.254 121.871 132.659 125.207 132.641 117.393 115.689 115.181 110.359 110.304 116.922 101.493 111.174 113.568 115.381 113.259 107.095 116.233 115.308 116.305 110.25 113.749 108.219 117.157 114.093 110.159 117.828 116.849 103.814 113.423 104.575 116.777 101.565 118.771 107.911 109.833 106.479 114.746 108.727 112.444 106.569 121.817 115.508 103.94 114.093 105.482 102.689 116.668 112.081 102.436 114.982 110.739 117.701 107.041 108.672 104.575 115.508 106.316 113.821 110.794 114.347 118.046 118.173 133.456 126.857 130.157 125.243 120.91 124.881 132.514 140.146 139.875
146.22 155.479 156.703 154.365 147.644 142.275 141.891 139.699 135.901 131.846 131.389 139.827 135.736 139.462 134.878 130.531 134.239 126.805 130.495 124.303 123.554 119.08 129.052 129.801 122.331 125.618 133.764 130.02 134.056 130.531 129.399 140.284 140.485 135.225 125.362 139.389 136.43 120.322 126.951 127.737 130.695 138.823 134.22 132.303 132.175 132.759 121.929 129.49 128.431 122.678 130.787 124.376 121.819 120.413 123.591 125.856 127.7 123.079 130.568 127.353 132.138 128.851 130.166 137.69 136.796 140.375 131.499 128.869 139.773 144.485 139.827 153.781 152.393 157.415 151.827 141.033 140.302 141.489 128.814 132.832 139.17 140.887 122.404 119.153 115.372 121.892 118.787 123.591 119.098 110.13 115.226 121.034 111.573 115.5 110.167 122.111 122.678 115.062 116.231 113.911 114.24 113.655 122.495 121.509 117.893 115.902 122.367 117.089 126.951 123.554 121.217 123.262 134.366 128.942 127.024 132.394 124.157 120.742 124.358 126.184 125.582 115.445 107.172 111.245 115.847 112.907 110.971 124.029 109.984 105.345 113.564 116.139 126.677 113.893 114.276 110.861 122.111 113.984 118.824 122.276 137.197 128.887 134.969 133.91 135.024 122.55 128.632 140.759 139.334 153.123
152.698 148.65 153.82 155.053 145.265 141.255 135.846 138.881 130.087 133.454 118.037 129.867 114.211 114.376 113.843 113.898 111.708 118.902 109.574 111.966 104.552 108.839 113.806 116.805 113.364 112.316 117.32 124.568 130.603 131.633 129.591 125.028 131.467 131.762 127.696 126.813 124.697 120.778 121.551 123.078 123.52 127.806 125.93 120.65 130.842 130.014 125.378 119.196 124.182 112.904 110.384 106.557 119.803 109.906 113.456 110.439 113.419 109.317 105.601 119.491 113.806 117.596 119.251 122.857 131.467 128.836 138.053 142.303 132.589 134.779 153.213 152.109 157.371 158.787 142.91 145.247 141.107 131.614 130.897 132.865 127.549 132.001 136.122 131.725 135.036 129.499 125.249 126.96 123.354 128.119 121.275 118.663 125.249 115.406 109.409 113.493 108.415 113.456 106.907 113.99 114.155 101.093 120.613 115.094 120.171 126.739 130.584 126.169 136.011 131.062 135.864 140.721 139.065 132.387 133.27 137.52 140.519 121.441 129.867 111.653 121.588 114.431 117.964 114.707 112.242 111.23 115.333 103.908 111.12 114.1 117.816 107.422 125.341 120.3 119.619 126.353 123.391 121.404 129.149 134.337 133.546 136.085 138.642 135.57 132.681 129.131 130.934 132.681 135.128 143.812
146.338 154.436 150.434 146.857 151.545 137.87 143.225 139.704 131.365 129.568 121.155 115.688 121.396 109.777 119.524 111 113.409 105.144 102.309 102.717 105.218 102.68 98.4545 88.7629 98.121 91.3387 104.514 105.2 105.181 108.202 103.625 108.85 102.476 106.256 107.979 109.221 105.682 102.531 117.615 108.739 114.669 112.723 112.779 107.905 98.5101 102.698 109.703 104.866 99.0475 96.62 96.4347 103.551 100.474 96.3976 100.53 94.526 103.995 101.401 107.868 110.592 111.778 112.816 112.075 118.394 119.913 129.327 127.752 131.643 133.367 141.539 141.743 146.505 151.193 141.594 146.449 141.483 139.797 138.185 135.183 130.457 129.92 135.702 128.66 122.23 130.272 123.601 114.78 127.177 118.412 124.194 113.594 119.654 118.894 117.838 117.801 119.969 112.705 112.019 112.964 98.751 107.423 113.594 100.975 113.15 112.649 107.887 115.151 119.357 122.748 116.967 122.897 117.634 113.576 119.709 124.824 123.286 118.616 120.08 115.521 111.315 109.795 108.443 113.724 105.422 115.67 112.316 111.074 112.538 120.284 115.651 121.84 122.989 120.877 110.296 121.007 127.27 121.637 119.821 126.974 121.247 128.197 135.257 136.61 122.489 136.239 140.946 135.275 143.707 137.054 144.782
141.532 138.061 154.859 147.468 149.483 131.342 133.843 129.662 126.918 111.109 114.264 115.328 117.325 109.766 108.739 103.158 107.712 103.457 101.367 99.3134 106.705 94.554 92.6316 101.199 97.1297 99.892 96.4204 87.8161 94.722 98.3242 95.3379 93.5648 88.3387 98.8468 94.9833 95.0019 98.4175 95.6179 107.694 98.2869 96.1965 96.3271 89.2346 84.7738 100.004 90.6345 92.7062 102.822 96.6817 100.695 89.9439 93.6394 94.3674 89.1786 98.2309 102.636 101.889 101.646 100.975 108.795 104.801 109.616 109.411 108.646 117.81 120.628 121.692 131.192 129.83 135.354 142.802 146.964 147.636 149.782 140.935 132.368 136.792 133.283 123.391 124.846 127.571 128.579 124.174 109.747 118.276 121.524 113.928 116.578 109.056 117.455 113.984 105.753 104.502 115.906 112.453 104.782 105.902 101.758 118.575 115.962 112.192 111.744 111.688 112.733 113.61 115.066 121.692 112.621 111.819 103.886 107.862 106.481 103.084 103.998 102.897 107.414 109.187 102.486 111.147 109.467 110.269 103.924 117.325 109.299 110.456 119.434 112.808 107.712 110.624 106.667 106.947 109.038 114.861 106.537 114.114 104.446 124.492 115.626 114.301 117.866 114.488 116.242 112.341 126.787 116.298 123.297 128.094 138.546 139.685 145.041
137 142.733 141.267 137.413 138.485 131.868 124.743 124.048 109.555 113.653 108.784 98.1819 103.934 105.776 96.5841 97.7871 87.2791 98.3323 95.8509 90.5311 95.569 99.6669 94.6667 109.235 98.2195 98.5578 104.648 101.998 90.1739 94.4975 90.2679 93.5764 95.0238 86.358 85.3617 81.5457 82.7863 84.7789 85.8316 92.9372 82.8615 84.1022 79.9666 90.5311 95.5314 93.8959 96.7908 96.5653 97.7495 99.8173 99.7609 98.4263 98.8398 105.081 87.5234 92.6929 92.0725 92.7493 92.9184 95.9449 100.55 93.4072 94.9862 102.75 99.5729 109.179 106.359 121.322 125.965 121.736 139.368 142.921 135.327 142.15 133.485 134.518 113.352 111.566 108.37 100.795 107.882 108.709 107.186 108.953 102.393 108.615 105.382 100.908 97.43 101.472 92.8245 98.9714 93.9335 88.9897 94.0087 90.0612 97.4112 97.1668 104.009 102.675 111.453 102.693 112.995 115.1 110.175 109.968 111.585 115.288 108.897 106.378 102.599 95.2306 102.9 101.434 111.904 104.799 106.585 111.81 111.472 114.781 117.224 108.295 109.686 106.077 106.284 96.4713 97.2796 104.103 96.3397 101.791 90.9447 96.4337 84.8541 97.5052 104.724 104.197 108.765 104.141 106.528 114.029 97.5428 101.941 112.243 106.585 107.224 105.363 109.423 121.585 126.266 125.589
130.912 127.22 138.73 138.446 126.501 116.694 122.695 118.739 113.892 105.184 95.8315 98.8795 91.534 99.2581 90.3413 88.5618 87.2555 88.2021 89.4515 88.2589 92.8592 90.4549 94.7713 93.7301 100.829 86.9715 92.8971 93.4082 102.571 105.619 94.0708 97.062 91.5529 85.7788 81.8032 89.5273 83.3934 85.0405 92.2345 85.9871 83.0716 91.7991 85.7978 92.0073 91.2122 94.847 91.3826 90.6064 89.6219 98.5008 102.211 97.5164 88.2967 93.5597 93.2189 90.4928 90.985 92.651 88.7132 85.0784 94.0898 93.8437 92.1966 98.3115 101.927 93.1621 107.512 109.5 114.365 121.9 127.258 131.082 142.63 144.902 124.267 125.232 109.027 97.1567 93.2 99.561 94.5441 100.091 97.062 96.6455 87.104 96.4941 91.8748 86.4225 94.6009 90.8714 83.6585 76.4456 87.4259 89.7923 77.4111 91.5529 84.7755 89.5273 92.083 101.625 97.3081 92.632 99.9018 101.322 110.011 102.514 106.49 100.394 100.261 101.7 111.601 105.468 111.488 105.146 106.641 107.455 101.757 105.146 101.852 106.244 103.461 103.802 93.1621 92.2534 93.4272 93.465 86.1764 87.672 83.7531 90.9093 87.0472 91.9884 81.4246 84.5483 85.0594 92.8592 89.8112 92.2345 97.9707 92.6131 93.9951 91.4772 94.4116 97.0052 98.4251 99.9775 102.685 111.299 107.758 124.437
126.764 124.495 135.591 142.569 127.05 116.507 119.557 105.83 111.283 106.307 97.1367 102.284 94.0863 92.5801 94.4104 93.5906 93.5524 91.1312 94.3341 90.3114 100.835 87.7185 86.0408 92.0654 89.1675 91.7222 100.778 90.9596 92.0082 92.237 89.7394 93.114 96.4885 88.6527 90.2161 87.28 86.5174 86.1361 84.1915 101.388 86.0789 85.2591 93.2093 81.9227 83.7339 90.3876 91.8175 89.2056 89.7585 86.6699 91.4744 82.5519 97.7849 94.0863 93.5143 86.8225 97.8802 92.237 87.28 93.8575 87.4897 89.9491 93.4953 93.0758 105.64 104.591 105.277 109.815 113.437 120.263 127.565 138.203 138.87 122.856 124.838 124.381 105.697 109.662 97.4989 99.9774 96.5647 83.8292 97.232 86.1361 88.3858 83.181 89.2056 83.6195 84.3059 88.9006 77.4806 87.566 82.9713 86.6128 85.4688 79.6921 95.8403 91.7031 91.4362 105.068 90.5211 99.863 93.7622 87.28 90.9787 101.331 88.8434 98.2425 93.5715 77.4615 82.2278 89.5678 89.7013 93.2093 90.5974 88.1189 85.5642 90.4258 78.7389 96.641 97.4417 93.3046 91.1884 96.7745 102.189 96.6601 99.9774 86.1361 91.5506 87.0322 79.7303 86.9941 78.3004 83.2382 86.9178 77.7475 83.3145 80.6454 95.8021 83.2764 90.3304 94.6201 95.6305 93.0186 86.9369 96.3169 98.8335 105.602 115.344 115.077
115.749 119.512 132.836 123.62 122.065 128.055 115.864 111.256 113.56 105.285 105.938 102.578 101.273 102.636 90.5217 98.3355 97.5292 94.035 86.9123 87.9682 93.6703 86.5859 98.8731 104.306 91.6736 90.8864 99.1803 84.6661 79.6168 81.9591 80.404 78.9257 79.9432 68.8464 80.212 77.7738 82.7846 86.5284 75.5659 80.7496 84.6853 77.7354 75.4891 72.6861 84.1093 84.3397 88.6978 87.5075 89.9841 87.6227 96.1469 88.333 95.091 95.8781 78.9449 101.676 87.3923 86.6435 94.5534 98.7195 96.4157 97.1836 93.4783 98.0091 105.65 96.6652 113.579 108.223 113.426 127.076 122.756 121.048 137.174 123.198 120.875 119.473 101.695 99.0843 104.498 93.5167 100.217 93.1711 95.5325 89.8689 89.6385 84.7429 94.131 89.7153 88.9474 90.3297 100.601 85.6644 97.9132 94.2654 92.3071 93.9006 103.577 91.8464 103.788 94.9566 87.5843 88.2754 84.4165 92.7295 87.0083 79.0217 70.9774 66.2354 82.4966 73.4733 72.7821 75.5275 65.8322 68.5392 69.0576 77.6586 78.0425 88.4098 74.6444 78.8873 75.6235 76.9098 84.4357 87.4115 91.7504 91.4432 96.3581 95.2637 92.4031 98.9115 84.8965 90.2721 96.3965 95.6669 95.3597 90.9632 91.3856 91.0016 85.9716 89.5425 82.1319 97.0108 93.4015 92.3263 88.2754 95.6861 98.7195 98.0475 120.299 124.945
120.246 120.652 133.876 134.784 122.199 121.116 123.61 120.208 118.661 119.531 111.547 106.482 103.872 106.83 98.285 97.241 94.0512 93.8966 93.3746 97.3377 90.9387 84.3078 89.7015 81.6979 89.1795 83.6505 92.1373 80.538 92.6206 76.4589 88.3096 85.0424 71.8385 62.2884 71.4712 72.7278 66.1355 71.6065 66.4642 66.5995 70.4273 67.3534 78.5275 75.473 71.9158 85.4677 84.5011 77.0582 79.5134 83.3798 81.1953 81.2146 84.3078 95.3078 86.705 96.2358 96.5064 105.631 102.499 97.183 106.057 102.673 104.723 104.781 109.266 114.524 119.067 115.665 118.661 119.84 117.095 124.422 138.071 128.675 130.84 110.522 120.401 100.566 112.552 95.5398 97.1057 94.5345 89.9915 89.3148 96.3711 99.6189 99.3869 92.756 94.5925 90.1075 99.9862 89.4308 97.879 94.2639 93.7806 94.6119 80.9826 94.2059 94.0899 78.7594 73.9651 74.4097 82.0653 68.552 63.1777 70.3306 70.0019 65.7682 73.0758 65.9422 62.2691 61.6698 63.0037 58.4606 65.8649 66.0388 64.4149 61.3025 63.0037 67.0441 63.777 69.1127 73.3851 69.9246 75.5116 84.2305 84.1918 89.7401 89.2375 93.8966 94.3219 94.6699 89.9721 100.837 90.8227 91.4414 92.408 87.2463 90.1654 95.6171 88.5802 96.6031 99.8702 90.3588 112.958 95.2112 105.245 108.821 117.463 116.206
128.396 131.783 128.844 130.44 122.965 131.53 122.167 126.274 120.182 115.471 112.609 106.575 107.84 107.996 114.751 101.436 99.1781 100.346 96.0247 95.8884 95.3044 80.0043 93.0464 86.3112 78.8948 77.8047 75.6829 71.0501 77.9993 75.3715 76.7535 73.2497 73.8142 71.634 70.4856 67.6436 69.8627 73.8337 65.4245 79.8097 76.9093 75.4493 79.8875 71.0501 77.2791 77.5127 67.371 74.8848 75.9749 83.3719 76.5783 85.6689 76.5005 76.7925 89.0948 89.5815 96.0247 102.117 100.288 96.667 107.14 107.471 113.855 111.85 109.437 119.247 115.958 119.208 122.985 134.762 119.812 125.768 122.985 129.973 130.693 123.978 112.824 106.322 104.2 97.4262 103.461 106.011 93.9418 88.6471 89.0364 87.9269 89.8929 95.285 86.0971 94.2338 91.7616 94.7204 91.1777 87.6544 86.6032 82.0482 80.7246 66.5145 69.8627 73.4054 67.9939 63.692 64.4512 64.2176 67.3321 64.276 59.721 61.9401 63.2443 63.3416 63.9256 60.266 64.1008 63.4779 63.7893 63.1664 60.1298 60.0714 60.7916 56.5091 67.1569 62.9523 55.4385 69.1035 73.2108 69.7264 68.6558 80.491 86.0192 89.5231 92.7739 93.1826 93.1243 88.7445 92.112 102.974 92.4235 91.1777 95.8495 90.5548 94.0002 89.1922 92.5597 100.813 107.743 113.68 105.796 115.802 123.004 124.192
133.295 125.984 125.573 129.728 114.499 122.065 118.419 112.912 111.246 110.148 106.268 114.009 104.072 111.971 107.502 98.8394 103.916 93.6064 94.4296 88.3146 83.6891 80.906 79.7105 77.4369 76.8098 76.0454 73.3603 71.6355 73.4583 70.1852 72.6155 73.6151 76.4374 74.2619 76.3394 78.0445 85.1787 88.3146 80.3768 74.3403 76.3786 79.2401 83.3755 75.1634 70.832 68.5389 69.3032 65.8145 66.9121 65.3834 76.261 81.984 73.3211 77.8877 87.3542 92.2736 91.1957 89.5689 99.3686 105.111 101.858 107.542 108.737 106.013 115.499 105.856 107.659 112.892 122.104 122.143 120.477 119.478 131.316 133.315 128.885 117.753 113.206 110.795 110.285 93.7632 94.5668 103.72 93.822 94.2532 96.1151 94.8804 95.3311 85.7667 101.446 92.9596 96.3895 92.842 92.3912 82.3956 79.7301 78.8285 78.5541 71.1652 71.518 73.3015 63.4234 68.1077 69.362 58.4256 68.6368 61.0519 58.7196 67.3825 59.4644 62.7179 55.8973 62.4827 58.994 58.0336 61.4635 63.835 60.3267 63.5606 55.6229 64.9914 67.9901 63.2666 62.8354 62.9334 64.129 66.2457 65.9321 73.3995 80.0633 78.8089 78.2601 92.94 88.8634 82.9444 88.3342 91.4897 92.3128 98.6042 90.6665 87.2954 105.268 87.4326 95.3507 103.171 98.663 101.583 111.05 117.38 111.638 122.28
116.365 137.045 133.592 134.361 118.2 126.014 116.661 109.833 110.05 105.906 108.255 96.4938 109.971 101.269 117.786 100.085 97.3621 100.006 87.4364 93.0011 88.2257 79.0697 78.4974 77.57 78.0238 77.195 81.1022 79.5038 79.0499 78.2212 74.8468 78.8921 80.9443 85.1474 85.8578 79.4841 86.9826 77.0569 81.556 76.8004 81.3784 81.0627 81.0035 81.3587 77.6686 74.0575 79.859 80.8259 74.5508 74.3732 78.5764 83.924 88.4033 79.9971 87.8311 88.206 103.006 98.9012 93.2182 96.4938 101.999 106.617 103.815 111.471 97.441 115.615 99.8484 105.63 110.741 116.937 114.411 121.416 133.197 124.949 127.968 124.751 111.964 98.1711 100.894 99.8681 108.077 97.737 95.6848 86.726 96.9279 96.0597 93.7707 90.1398 88.2652 93.7707 94.7573 96.2965 92.8235 85.2461 87.022 82.5032 86.0354 82.6216 77.4121 72.8735 74.7087 75.4191 73.4458 68.8086 67.1313 71.9461 64.4673 68.2955 61.0141 58.1725 50.5754 65.7894 54.7785 57.2056 59.9288 62.1191 60.3826 58.8237 63.5202 70.4069 67.2497 70.6635 68.0193 67.3681 76.682 81.3784 78.6553 65.9473 81.8717 83.8845 82.3848 86.213 95.6058 98.9012 90.1398 100.5 94.4811 92.9814 88.2257 94.2245 98.1711 105.058 93.6917 95.6453 98.1711 102.946 104.762 106.084 122.896 131.125
124.722 130.205 127.324 120.53 125.596 122.953 114.55 101.855 114.312 102.213 99.6302 110.179 102.372 105.213 99.2726 98.0608 92.7366 91.9816 98.021 90.5314 88.6838 82.1676 80.6776 82.8629 86.8362 80.3598 80.8962 82.6643 80.3598 86.0018 91.0082 83.8165 76.3865 80.3598 80.5982 85.7634 77.5983 86.0217 84.8297 80.7174 87.7898 82.8232 81.1544 75.0952 92.1803 90.3923 84.2139 85.9621 91.3658 89.7367 85.7634 80.7372 82.4259 87.4322 86.9554 87.0548 91.5446 89.6573 91.7432 90.9883 100.624 100.504 97.8025 98.9945 101.518 100.604 101.398 106.285 115.384 118.364 120.709 130.94 114.629 138.37 130.88 118.027 109.842 105.55 102.412 95.8357 98.3985 100.246 90.0546 89.4983 96.0741 89.3195 81.4524 86.9356 83.6377 85.386 94.6835 78.83 88.8626 85.823 94.7828 89.7765 95.8953 92.2598 92.6372 87.0945 87.5911 76.3269 77.1811 76.9229 72.8502 67.0095 76.307 68.9564 63.3342 56.3015 56.1028 60.6125 59.8576 58.6855 60.9105 57.7716 65.9367 62.9369 66.9896 69.314 73.3072 70.4663 79.2274 77.9162 75.1945 83.9159 87.2733 90.0149 92.7763 93.5312 92.9154 85.8826 97.2462 85.386 85.684 91.9419 92.9154 89.3593 79.0287 84.2735 81.8895 86.0217 91.624 91.0678 98.3588 101.18 110.219 103.246 121.265 121.245
114.84 127.12 121.24 129.8 117.48 122.96 113.84 104.3 108.16 105.12 96.1 103.36 94.1 86.86 90.62 80.04 90.16 98.06 93.14 96.96 91.74 87.76 91.14 83.98 80.6 88.92 82.96 91.44 88.92 92.38 79.02 83.7 89.98 86.3 94.52 88.5 94.64 85.44 94.76 84.84 86.36 92.08 87.32 89.24 85.54 80.54 93.54 83.84 80.54 90.22 82.48 95.26 85 96.74 95.84 92.12 89.9 100.82 89.7 95.26 97.48 94.32 89.06 99.68 102.58 104.64 104.92 109.94 110.52 121.36 112.78 128.14 134.66 134.4 127.7 108.34 113.46 109.04 103.88 94.34 86.46 88.68 87.92 85.12 90.52 89.92 79.98 87.16 81.9 85.48 80.44 94.14 85.48 84.74 94.22 86.26 77.4 93.38 86.04 91.1 82.14 84.06 75.3 78.76 81.08 80.4 75.44 72.32 75.88 65.86 74.8 66.58 72.34 81.48 66.12 77.1 73.2 81.74 78.8 70.5 81.56 75.94 77.82 86.4 92.58 93.72 87.26 84.3 87.06 84.44 79.72 78.78 85.46 79.56 86.06 79.32 81.8 73.18 84.1 76.52 87.54 82.38 87.7 92.36 98.48 85.44 95.66 98.2 110.6 118.42
