176.974 169.355 177.225 171.107 175.387 169.526 171.487 172.985 169.043 169.466 169.818 168.266 165.617 172.171 170.062 171.121 170.362 162.714 172.738 169.117 167.887 160.616 166.552 164.8 168.243 168.553 168.733 174.639 167.45 169.046 165.854 167.877 167.863 167.536 172.134 164.043 163.154 161.945 167.494 165.993 167.852 169.457 170.697 167.744 166.175 171.484 164.947 171.87 172.429 171.708 163.827 168.806 172.077 167.482 166.225 168.208 170.71 168.433 170.926 172.304 170.618 172.834 170.567 170.686 166.756 173.681 169.16 173.173 173.751 179.69 173.305 172.05 172.882 175.068 172.59 178.099 173.059 167.617 169.653 170.287 171.663 172.626 168.745 175.194 176.635 169.867 177.089 171.196 173.18 171.7 172.711 166.691 175.478 171.539 176.586 169.897 174.601 176.659 173.437 173.117 169.504 172.677 172.286 172.991 174.899 173.437 167.607 167.177 172.667 166.74 170.901 170.209 166.985 168.749 175.458 166.206 170.428 170.48 170.393 168.94 170.571 168.029 173.48 167.395 172.102 172.017 169.185 170.073 170.181 168.356 170.769 173.594 169.403 175.128 173.847 171.277 173.936 175.69 172.522 168.718 172.801 171.934 170.786 172.631 167.388 172.075 170.224 176.521 172.275 174.236
151.293 154.688 157.689 156.055 150.208 150.462 148.842 149.887 152.685 150.811 153.636 157.173 148.421 144.671 143.538 143.485 136.903 148.322 145.864 137.135 146.55 146.775 146.72 147.687 138.451 145.711 140.282 141.966 140.465 147.604 136.61 140.344 136.191 141.273 135.811 139.975 136.721 138.737 134.224 138.56 144.339 132.92 139.567 142.502 137.639 136.262 136.203 136.361 133.483 133.631 145.348 147.163 146.9 141.282 146.661 144.544 142.816 143.384 152.699 148.357 146.431 151.089 141.706 145.918 155.009 153.127 150.785 155.161 159.677 156.247 155.051 159.464 155.727 162.173 151.533 157.45 156.547 151.976 156.88 155.927 149.764 158.851 149.9 155.195 150.386 154.001 159.301 152.32 157.154 152.207 157.859 144.775 151.331 154.095 152.232 156.626 152.812 146.348 152.509 145.165 145.11 147.291 149.928 139.783 141.018 145.284 140.823 131.01 144.536 145.287 146.467 140.858 137.434 138.357 143.98 139.358 142.903 141.153 147.127 140.545 146.308 147.131 145.347 143.497 152.013 143.345 152.722 148.865 143.294 145.732 155.331 146.666 149.621 156.348 157.349 149.61 155.496 151.436 155.502 155.354 153.681 154.812 160.353 155.218 156.869 152.933 155.062 155.557 155.241 152.706
146.333 149.48 148.313 143.216 146.198 142.015 138.433 146.238 135.735 139.381 137.748 134.677 139.807 133.197 136.228 131.155 130.996 127.076 129.208 125.73 129.186 128.409 121.313 122.427 120.612 130.511 118.499 119.127 117.101 117.792 120.763 119.937 117.3 121.802 109.548 117.04 116.521 122.082 115.443 122.055 126.021 116.35 117.826 113.566 111.194 119.756 125.166 124.101 121.894 126.124 122.173 127.154 117.893 123.981 134.305 125.352 128.57 132.047 129.77 132.39 128.062 137.308 133.913 140.085 146.373 142.126 135.55 141.607 137.902 141.185 145.575 143.084 141.916 141.597 143.071 139.976 142.495 137.139 147.705 148.011 135.926 144.032 147.448 144.592 138.499 146.221 137.376 133.394 136.713 137.528 134.577 137.301 130.934 131.511 133.626 127.296 127.081 134.642 134.688 128.649 127.527 130.111 127.486 129.573 125.569 128.549 134.375 125.72 119.73 124.632 117.929 119.859 126.845 122.541 121.777 124.065 128.009 121.374 120.786 125.129 126.85 127.283 127.292 125.323 128.673 123.973 126.308 129.853 131.739 137.901 141.336 136.443 138.954 138.218 142.091 137.397 143.146 137.453 139.474 142.921 139.831 148.755 138.129 144.969 138.477 140.287 147.943 143.787 150.796 147.331
144.929 141.671 136.728 135.832 139.032 136.995 141.053 138.653 136.107 133.512 136.237 126.674 128.252 121.893 129.021 125.683 119.404 119.159 123.536 118.941 111.638 115.614 113.415 107.234 106.593 121.215 102.532 105.62 108.813 104.277 107.905 104.437 103.505 105.079 100.507 110.481 105.987 100.279 97.8236 93.7414 105.839 106.917 104.145 105.689 104.599 102.901 108.231 106.471 110.514 110.651 108.602 110.737 107.699 113.764 122.543 118.027 123.471 119.188 123.811 114.637 118.814 119.85 129.936 128.343 135.436 135.127 126.227 132.921 137.558 139.157 138.913 139.235 137.295 130.966 144.6 142.997 139.331 141.241 142.349 135.594 134.238 141.278 136.705 138.304 144.26 136.549 132.905 140.059 128.289 129.126 127.524 122.773 115.922 131.003 126.938 125.579 119.977 119.225 118.381 119.277 119.78 114.291 115.261 116.06 112.149 106.732 110.966 114.289 111.521 109.575 115.664 110.178 114.347 110.847 107.855 109.796 115.105 111.692 110.609 109.98 112.374 118.441 119.186 117.304 114.086 122.9 121.914 132.315 116.294 124.523 126.668 127.664 124.49 127.882 128.588 130.856 133.923 133.378 132.638 133.567 137.021 134.581 131.48 124.114 137.451 141.796 137.138 143.751 138.591 134.746
134.547 139.072 139.347 141.669 137.57 129.159 125.918 132.383 126.602 131.546 128.446 118.486 120.847 120.384 125.146 113.547 114.726 116.194 109.037 112.24 106.203 106.676 101.375 98.8115 102.142 103.746 105.284 100.697 88.2557 97.2224 94.5748 92.5517 93.568 90.2954 88.1317 89.1344 94.9671 96.7176 93.978 88.973 97.4634 94.65 92.0408 96.1135 96.3161 92.303 88.738 93.6447 97.4016 99.3147 100.601 98.6919 97.6692 107.891 104.547 105.809 110.908 112.722 119.954 116.457 116.76 122.686 120.567 117.55 120.271 125.959 120.99 130.563 134.55 133.405 132.322 132.768 139.168 132.367 136.281 141.64 130.586 133.795 137.733 132.383 142.308 137.914 130.903 136.721 126.368 127.323 126.308 127.059 119.266 120.735 117.247 119.504 116.249 115.392 110.267 113.545 110.546 119.986 105.828 107.562 102.953 104.681 106.336 95.6606 99.7365 101.121 97.6277 100.4 109.558 100.52 96.0421 98.4129 101 94.3785 108.492 106.055 103.911 103.92 103.897 104.202 100.636 104.373 107 105.666 110.24 108.499 107.653 109.507 106.748 107.07 118.675 118.565 118.02 121.061 124.661 124.482 118.613 123.163 131.153 127.449 125.281 125.962 133.866 124.415 130.021 136.7 138.821 140.682 138.921 132.355
131.763 133.162 124.291 129.559 131.414 122.224 127.197 130.356 121.271 119.525 124.881 116.627 115.086 107.247 103.516 112.427 104.087 110.444 99.4259 99.9027 94.8269 93.4771 98.541 88.9744 92.4221 93.198 93.9589 87.6784 94.5067 91.5096 87.5141 89.9441 91.0835 92.4628 88.3306 83.3673 85.0852 84.6046 84.064 86.238 89.1084 95.9732 83.983 87.2611 79.0692 85.1508 84.7516 81.1699 90.3852 91.1158 103.114 95.9213 94.2034 101.363 102.757 99.632 99.6835 103.546 107.715 113.978 107.921 112.586 109.342 115.331 122.455 110.219 122.241 121.932 130.104 132.535 133.527 138.407 133.634 138.927 133.035 123.892 132.09 132.866 129.769 130.599 129.398 131.149 131.168 120.526 121.597 132.806 130.004 121.254 123.156 114.225 106.17 110.892 111.814 103.763 110.18 111.518 109.055 107.448 104.567 101.028 102.439 100.808 96.7175 95.2107 100.93 91.8229 98.4704 96.3425 93.1723 91.014 89.6201 89.237 89.4627 94.2387 96.1144 90.3077 104.309 100.085 93.8287 95.9843 98.6074 92.307 94.1527 99.7199 103.031 97.4047 102.219 105.166 110.967 109.669 108.449 118.853 112.819 114.598 122.072 119.762 117.235 124.498 124.305 124.942 131.278 112.852 132.333 130.403 131.567 134.028 129.844 130.597 140.067 133.195
124.78 135.494 126.577 131.239 121.412 125.832 118.773 114.879 124.621 120.447 116.423 110.028 113.969 105.499 103.179 100.431 104.981 102.589 93.9537 98.4523 93.2493 95.8605 82.8072 81.0978 84.5896 84.1299 81.494 88.1269 85.2399 83.7248 81.1321 74.9642 77.4221 88.7317 79.9698 81.1478 78.4226 81.4759 81.6787 80.8914 80.0505 79.1951 78.9287 80.3051 79.8269 73.564 80.9315 84.0335 82.6256 94.2317 87.784 90.662 96.4991 87.8511 90.3285 92.2848 91.5489 94.9483 98.9543 105.611 106.12 103.094 112.648 107.779 118.003 114.556 126.45 120.064 106.054 115.128 123.995 126.338 121.715 133.448 131.701 126.879 134.092 125.099 130.816 127.547 126.89 121.039 126.651 126.84 114.341 118.189 121.352 111.104 117.396 104.317 113.475 111.068 102.632 110.287 101.571 100.948 96.8348 99.6109 99.1238 96.5297 90.0261 94.8496 92.7945 85.8019 94.0105 98.4405 91.3898 88.9273 93.7738 92.8274 86.2192 79.2947 91.3015 89.6038 89.4082 87.7398 95.0993 88.3762 87.6249 91.1739 90.8174 89.7092 98.8646 90.3875 94.668 95.6036 92.95 104.93 103.129 98.4455 101.205 103.793 111.03 105.11 110.878 113.995 113.835 117.297 110.016 115.305 114.563 119.052 125.101 135.674 133.73 128.764 125.594 129.361 131.315 127.667
135.715 121.467 121.398 124.214 120.358 122.348 124.478 112.838 114.032 124.847 111.915 112.272 106.598 105.921 103.259 97.2966 87.9038 94.5686 87.1815 93.5865 86.4596 91.6869 82.8644 85.7978 78.197 80.0195 83.4248 73.9963 66.9864 77.9114 79.9781 82.1974 78.7191 79.1434 76.5018 75.0452 72.2536 78.0516 65.0812 77.8798 77.292 75.9 72.742 70.4161 77.1481 68.2283 73.4732 78.923 80.1028 84.6113 81.9335 77.9926 84.6351 87.4604 94.7078 84.722 94.7523 93.306 99.191 102.171 96.7476 96.404 104.954 107.837 106.703 110.178 114.127 117.688 113.978 112.025 117.148 122.094 126.761 131.97 132.107 129.712 127.632 125.348 124.912 124.918 121.832 124.521 114.883 115.157 120.434 113.152 118.095 117.462 112.214 109.986 106.592 97.0787 101.428 101.343 104.544 96.1277 98.9902 92.1997 95.1424 90.4486 89.8334 89.4308 85.4227 93.6667 89.3392 90.7508 81.5294 82.2072 81.962 80.0748 81.8103 81.7633 83.6406 82.7304 85.4278 79.5977 79.4766 81.9506 80.3744 87.2819 81.9247 90.8021 85.9515 85.6017 92.1904 90.919 94.329 89.5943 94.1044 93.6418 101.926 100.109 113.025 102.27 108.717 105.992 109.006 114.686 116.591 121.587 122.602 123.888 126.532 124.374 122.573 134.67 124.737 132.043 138.454 127.052
127.864 123.778 128.436 126.079 120.177 121.2 117.194 113.424 107.364 107.439 107.761 104.109 101.156 100.332 103.5 98.9548 91.4936 89.471 79.2044 94.0958 80.2735 76.4883 76.9674 80.4044 74.5008 78.9713 78.6506 81.2048 70.6805 75.99 73.5152 71.6719 64.3042 72.1744 66.9917 67.5023 70.5467 67.2388 63.2211 63.1691 77.3571 71.2717 69.0073 69.2229 71.8998 74.0573 79.5368 79.7372 74.561 75.9847 72.0908 77.0375 75.0979 80.6071 90.2159 86.1129 86.4249 92.3653 90.8679 88.3242 89.3337 105.179 97.6865 108.09 104.924 109.054 117.344 109.338 124.784 121.062 121.936 130.973 128.197 115.652 124.874 120.87 123.917 123.869 129.429 130.585 123.431 127.059 123.953 120.019 118.57 118.264 114.562 110.552 107.462 105.423 110.912 98.2637 94.6444 87.6938 97.8389 95.8643 94.8559 85.2284 80.825 89.3618 81.9555 80.6229 87.31 88.3108 83.4839 83.3898 78.0541 84.8515 80.1783 75.529 74.4575 72.3654 72.574 79.9849 82.8967 74.6737 80.1999 77.7841 79.063 79.8377 84.6477 87.4683 88.0105 79.8535 86.6107 84.4747 92.0866 86.8204 90.05 92.1047 97.7799 94.9055 99.3685 102.643 104.784 102.94 112.928 105.062 119.187 115.163 126.653 119.554 123.526 127.127 130.753 130.854 123.161 132.294 131.964 128.141
122.949 126.603 118.063 110.739 114.748 117.475 109.502 111.285 104.822 104.722 107.968 95.8692 102.496 91.2034 89.1886 96.7175 93.6935 86.6698 86.0234 82.0959 87.3671 83.6824 80.3336 78.9736 74.3306 72.487 70.9428 70.8412 70.8491 71.3816 68.745 68.5432 64.4419 67.6246 64.4327 68.8264 65.8754 64.7205 68.051 56.8531 64.8937 66.8037 68.2496 61.9537 65.0903 68.1975 72.7598 64.143 68.4957 77.8532 77.751 74.8124 72.0925 77.6 77.6892 86.9654 79.7451 84.0997 86.6952 85.8502 90.5856 99.3293 96.3073 100.787 110.756 108.41 108.571 108.518 108.744 113.435 123.694 121.23 120.571 125.208 117.591 131.839 131.109 121.825 118.165 127.023 117.925 124.972 121.248 122.128 111.689 112.668 110.115 104.552 106.307 108.799 101.485 98.5234 96.071 92.814 87.7876 92.5556 88.1183 89.4307 90.6729 84.1329 80.2978 83.9057 79.2627 81.6688 75.5982 74.4537 76.7348 72.3203 75.3644 73.5091 77.807 69.2313 75.5383 77.5642 76.0454 76.8891 76.0734 80.9156 73.0364 80.8336 74.5871 79.4775 75.9243 83.1974 80.288 82.4487 86.4875 86.9498 86.8541 91.6194 92.2743 90.1612 93.4514 96.5443 100.084 100.819 99.0214 114.146 113.252 112.208 120.178 120.041 112.088 121.909 123.609 123.297 121.869 126.928 122.48 128.242
127.183 130.272 116.599 116.061 118.897 117.62 112.069 108.737 111.371 106.003 100.809 100.425 95.904 89.52 94.0701 93.1054 90.8616 78.9277 82.124 75.422 75.9388 72.3549 75.6136 70.0723 72.1496 67.6577 66.599 60.2085 78.8344 61.5472 67.0742 69.2282 70.2295 56.0504 63.6223 62.7832 69.6072 63.3158 57.2111 57.6059 61.0598 63.562 58.0932 66.5243 63.0294 65.7764 72.6492 68.0403 69.8836 69.4866 75.9969 70.5892 69.5311 68.1709 76.0357 80.3955 75.0279 85.9419 84.3067 84.4934 86.7867 96.7524 98.3725 93.564 102.376 99.1828 105.972 104.467 115.38 119.444 119.677 122.203 119.303 114.551 126.942 136.585 126.372 118.862 123.754 122.817 121.545 129.221 116.247 110.601 111.289 110.594 102.818 105.819 104.037 86.7286 97.6482 94.7146 90.2457 91.9849 88.7326 85.2083 86.2362 81.1205 75.852 74.3051 83.9773 77.4311 76.2625 81.5311 69.6891 68.448 72.1554 79.0346 70.9265 71.9343 68.3217 75.3028 72.5344 75.015 73.8895 70.0537 68.2205 67.1983 74.6762 76.2683 76.6121 73.2263 78.5314 77.4584 81.9316 78.8164 79.4373 85.0999 88.8869 88.3615 88.2373 89.6291 92.6869 103.207 106.655 97.8083 104.848 109.307 105.919 112.916 112.949 120.679 119.776 119.291 125.164 120.594 116.473 121.682 117.891 126.864
121.428 124.025 125.781 109.098 117.026 116.138 116.769 107.924 105.774 97.7127 96.7728 93.014 85.9803 89.6772 90.8462 85.0546 82.5989 70.89 74.5979 71.1984 72.4851 72.1187 74.5618 72.0135 70.595 64.3319 67.4686 67.4042 64.7657 66.5663 60.4232 60.322 56.9209 65.9583 61.7742 67.3116 61.7632 63.6595 61.2831 60.9237 58.4296 54.8026 63.7168 60.1109 56.1661 65.0262 64.5978 54.9391 63.3708 72.6483 66.5255 66.9892 66.0579 76.7735 75.8422 71.1207 77.358 71.5232 84.3343 84.9918 85.7057 88.5388 89.2716 97.1313 102.908 100.809 104.362 106.28 111.932 115.804 114.918 109.989 117.731 123.745 119.812 130.766 119.79 134.397 117.688 124.453 124.021 116.587 112.594 107.863 109.591 108.661 99.5972 102.14 93.9515 94.0739 90.3496 91.2871 82.613 86.6566 84.7478 75.708 82.8162 77.1383 73.0821 69.2683 70.941 70.1416 68.7144 74.3688 67.7447 67.6239 77.4804 65.1117 69.4174 72.5682 65.6029 64.5845 71.9202 76.1349 73.4995 73.5756 68.4351 71.4894 69.7924 71.9947 69.8772 73.5387 81.4503 72.1603 68.3677 80.235 77.4882 81.5805 85.4861 89.4105 78.3136 93.0414 86.608 91.3185 94.3689 100.481 101.033 98.5867 97.096 118.435 113.049 110.858 114.539 120.033 116.897 118.471 131.821 121.887 126.613 122.375
120.374 120.641 117.644 123.243 115.533 100.359 104.696 114.685 105.503 100.967 98.6178 94.533 80.5438 84.6754 84.2037 76.0691 69.9522 81.6735 72.8613 72.4739 70.4545 63.4335 65.3277 72.9464 68.9706 66.294 62.3881 60.7475 63.5876 59.6135 64.5854 58.9427 54.6902 58.8218 62.8418 54.4604 59.519 55.8319 58.8601 56.9199 59.5897 61.9777 60.9101 54.9882 64.3164 63.7315 61.415 65.567 64.2253 53.884 67.3114 70.5277 64.9906 72.5667 66.2498 71.5204 75.016 68.2206 81.4947 79.5869 81.4496 86.9501 92.8516 93.9286 91.3082 99.2588 92.7052 102.92 108.973 110.29 114.293 123 124.363 115.898 115.335 122.703 118.545 117.519 115.103 118.964 116.118 111.895 123.236 112.419 115.02 100.787 100.572 111.568 95.627 98.7497 88.9831 83.7193 93.9448 90.5939 82.7828 80.0049 78.2494 78.899 73.4811 73.9944 70.5899 73.0213 65.0332 69.0703 69.9122 70.8572 68.5543 66.1127 67.6775 67.3105 66.8329 65.7492 70.9458 71.6566 71.2122 65.7994 68.2955 64.1861 67.1156 71.1177 73.7348 70.6861 75.8197 75.5515 74.9649 75.6128 75.5881 79.3042 81.5628 83.0399 82.5776 88.0654 90.3623 89.6574 85.2756 101.654 102.726 103.412 104.712 97.8984 113.379 120.404 118.041 115.446 121.326 126.56 129.407 130.771 118.069 130.542
120.776 120.242 118.544 124.506 106.493 110.769 104.108 101.838 103.88 101.562 91.9884 91.163 90.2917 81.8587 79.322 82.932 79.467 72.5664 69.0298 68.1696 66.2452 68.3963 66.2837 59.6127 62.1963 59.328 57.1457 58.6753 54.5263 53.1335 56.0191 57.1291 49.0579 62.1559 53.1059 57.6405 51.5635 57.0603 59.7384 57.2962 55.4141 60.3426 59.5199 61.4847 58.0041 67.8188 63.8691 63.9232 62.1136 61.9787 66.628 62.9858 63.7258 72.6674 67.2661 74.6717 75.1188 72.9337 73.6214 82.0323 82.1635 86.4622 81.4805 95.4892 91.3567 87.4528 99.9163 106.815 113.219 110.774 115.441 115.096 118.246 116.339 119.894 133.04 127.76 122.495 122.882 116.648 114.77 117.965 114.716 114.474 111.422 113.277 99.225 91.1097 90.7158 96.1833 91.5192 86.4154 91.0161 83.3259 75.4236 76.4042 81.4603 74.6946 76.7687 72.5426 68.445 71.7603 76.9909 64.9405 68.3936 74.0345 67.0935 74.5918 69.0096 63.5817 64.4576 65.6814 57.9619 62.8867 63.5578 62.4451 65.9229 62.334 64.5843 64.0692 70.7559 73.4038 70.0168 70.4447 74.7139 73.4203 72.2864 76.0213 79.871 78.8565 86.0123 78.6719 80.4191 82.9669 88.4362 94.9153 96.1732 96.6552 98.7072 96.848 111.168 109.057 117.65 117.714 115.751 128.907 121.227 125.485 121.783 126.208
124.222 125.95 114.617 108.052 110.307 110.394 100.263 107.173 95.9085 92.9124 92.3491 87.6452 84.5093 85.5828 75.5595 83.5421 71.4643 71.8336 65.9242 71.1147 68.1078 59.7095 65.0359 68.3973 56.2269 56.2939 63.2384 56.8553 63.0601 57.4009 59.286 57.9259 52.833 58.4242 58.0322 55.3937 49.0736 51.6816 58.3819 54.2423 54.3871 55.3169 57.395 52.8891 60.202 54.4009 52.4528 55.9866 61.3661 60.7565 62.5116 62.5894 61.2982 68.3963 65.4574 71.2713 68.4338 65.1334 77.3747 78.4423 83.2457 82.0165 90.8806 78.2089 89.8947 95.2644 94.7985 106.468 109.505 99.3744 110.826 118.85 113.409 123.559 117.753 131.936 122.457 129.393 120.864 121.58 122.53 111.873 117.614 108.136 108.172 103.013 90.4246 101.85 87.6767 82.2292 79.8704 85.3445 82.2667 79.7739 80.6032 67.7414 75.0493 72.2049 71.6741 70.5149 63.3842 67.896 62.0881 67.2755 63.8294 62.7992 64.7611 67.3257 61.8576 65.6012 62.0181 65.5224 58.1396 69.1163 68.3156 63.655 63.7614 66.8973 66.3812 66.9702 70.1307 64.5276 72.9948 70.1426 74.0339 64.7561 66.9712 70.964 78.5851 75.3478 78.8688 82.3504 87.0424 86.4486 84.2286 92.42 90.1636 95.1649 104.283 103.22 95.3166 111.337 107.773 116.673 124.048 119.508 121.264 119.458 115.619 114.596
116.255 122.355 112.429 113.941 113.783 108.819 99.9546 103.085 93.063 92.7496 85.086 90.3202 82.3821 75.6335 80.5932 70.17 75.3506 70.3404 64.9537 66.1022 60.7239 58.6847 62.5654 61.0531 57.3238 55.8872 65.6741 56.656 51.427 55.4034 54.3202 57.1934 57.0756 55.2678 55.3456 51.5375 48.9851 56.4835 51.1189 50.937 51.7878 48.0838 52.382 59.3914 57.572 55.6653 45.0455 59.7742 56.6928 54.56 66.912 59.5481 60.1307 56.1838 70.4277 62.8241 70.0302 71.1996 69.6484 70.8116 67.8574 83.3434 79.9002 87.629 93.2302 100.56 91.5117 102.092 106.835 103.642 104.331 111.254 114.166 113.898 121.155 113.486 118.463 121.586 117.953 121.409 120.733 123.19 114.437 102.022 103.055 101.116 93.5173 93.1902 90.2161 93.2007 85.9705 85.7927 82.0067 74.8511 71.9242 64.3827 76.7872 68.7661 72.0178 63.9609 69.5043 64.4268 66.5786 65.8224 62.1289 63.3594 66.5355 66.0769 63.4972 63.4341 61.0772 67.1675 61.1845 61.7482 63.0102 62.3634 67.584 66.812 68.2507 63.4856 61.1298 64.7939 69.6211 64.1208 68.3254 69.0143 72.2282 68.0351 66.9309 77.4498 73.9435 85.4152 81.5787 85.7486 85.6455 88.9646 86.9653 97.7566 97.1424 104.201 103.695 109.66 117.787 115.601 122.388 119.829 126.226 119.259 113.494 113.299
120.738 121.225 119.576 111.609 108.948 102.206 102.199 113.369 102.566 76.9341 80.8689 85.6872 87.291 76.9778 71.3575 76.5035 71.6371 68.8712 64.0607 64.3023 58.8442 58.1083 57.8007 57.6486 54.3313 59.2871 61.5073 55.6063 52.563 56.9328 51.1146 53.479 52.4567 52.5831 51.4568 53.3392 54.9923 54.4588 48.4392 48.9917 53.3157 53.0025 57.6296 46.0256 54.2664 52.3672 55.4106 53.5338 53.7888 56.3713 60.7109 57.284 53.0182 60.249 61.6527 68.9506 65.253 63.27 64.0495 68.9528 63.7151 75.2978 83.3272 80.1173 83.3451 91.6005 93.4213 93.3453 104.29 98.9275 107.864 111.113 116.345 121.47 120.928 112.396 118.447 112.695 117.26 124.304 109.464 110.306 107.502 106.979 108.397 101.651 95.8126 93.6159 94.514 90.9708 81.1518 76.0774 75.422 71.1372 75.0484 68.0838 69.9874 72.1818 67.3053 66.2909 65.7552 59.7233 67.1152 64.5573 62.628 57.4137 58.2682 69.0647 64.5361 66.8289 59.3598 57.7157 62.8729 60.7624 63.0552 65.5337 61.9189 59.8833 62.2868 63.7923 58.0143 62.2947 62.4703 63.9131 69.4013 65.5639 71.891 67.6252 75.5596 75.4768 71.5354 80.03 80.3935 77.2272 89.3255 90.303 92.8878 91.7492 94.8272 99.7104 98.4242 113.757 119.298 118.12 114.26 122.831 116.992 117.507 122.335 123.61
112.064 119.856 115.451 111.836 113.465 106.777 111.666 99.5692 92.5384 90.6397 84.3354 87.6659 76.2722 78.107 73.0045 66.7311 73.6375 71.6605 65.4937 56.7147 64.5064 61.9593 55.0779 51.9417 54.1107 56.6459 57.4661 58.9121 55.5389 56.8154 50.3156 46.5157 51.7331 47.8361 50.5586 54.3051 48.2805 51.2104 48.2865 46.9009 49.9979 48.616 58.9453 56.9114 53.3545 55.8495 51.2816 55.9455 51.8007 52.1349 55.9715 59.7038 57.3974 50.4021 63.8925 56.8569 56.3058 62.4074 63.3864 64.1437 70.384 76.7594 81.5359 80.6837 81.6734 90.322 86.1618 89.5955 91.9849 98.256 113.122 100.004 120.927 116.154 117.279 124.766 125.331 128.097 115.328 118.123 114.802 110.919 111.374 104.368 101.014 93.419 83.7309 94.462 80.3139 79.2626 84.448 72.3242 77.7372 74.2242 74.2562 69.0435 74.7421 62.8115 61.6701 68.6334 64.3334 58.5921 61.0277 65.6122 67.1234 64.0928 52.7785 60.8748 59.1669 63.1221 59.6422 61.7365 53.3545 58.9157 60.7954 59.6138 62.5721 62.3137 57.043 61.8361 61.3786 65.0753 65.0789 64.7103 62.9751 66.404 68.8325 69.1774 71.894 65.7426 79.4309 73.7572 72.4013 75.2363 84.9138 85.3274 92.1342 97.002 96.8005 101.079 103.08 113.98 101.368 114.6 116.581 117.339 120.984 130.14 119.695 115.131
114.443 119.945 112.803 108.992 112.264 102.942 108.434 92.3485 95.888 87.9827 85.6578 80.5808 83.8649 73.0813 76.2676 72.9861 71.3973 62.8924 62.334 60.1755 58.6305 63.5247 57.2683 60.3783 48.8736 58.8634 50.6314 55.5356 59.3918 50.4561 52.368 49.5334 46.7014 46.0816 45.1476 54.5064 46.0428 46.1492 50.694 45.6447 44.5041 48.6082 54.1809 52.4894 50.1744 45.9877 45.9865 42.7901 51.3463 51.0922 54.3073 57.3998 59.2903 64.0355 56.4959 59.4331 69.2038 69.6858 65.0634 67.183 76.498 68.6867 67.9418 86.0584 77.4783 83.0636 87.7887 88.5361 99.9933 106.789 108.492 107.155 120.207 125.846 117.127 121.462 117.996 116.494 113.573 116.315 100.452 115.484 107.899 103.471 97.0148 95.3821 87.9201 88.0153 84.7338 79.9824 73.2678 83.9375 73.3079 65.131 66.2841 69.4404 67.9881 59.5433 67.5687 66.353 65.1573 66.5395 61.0832 63.2592 60.2707 62.2701 59.3805 52.3229 59.1326 54.2748 62.0823 61.1258 48.1211 54.2986 59.1839 57.853 59.9639 59.4556 61.8958 61.5127 61.9271 59.9389 58.5066 63.8226 65.7282 65.3263 64.952 67.0992 67.908 70.7625 72.6681 75.847 78.2496 80.4231 75.3912 90.7948 87.9364 88.3521 95.9243 98.7225 104.983 104.748 110.799 110.643 110.244 115.457 119.695 118.236 116.002 123.535
115.815 114.335 110.714 107.884 110.974 106.036 107.002 92.9959 92.4091 80.1997 77.8443 71.2082 77.0386 73.0611 71.4825 60.3848 64.5707 60.5774 61.6324 57.8778 61.7419 55.0569 54.8195 62.5121 50.6271 54.6639 48.1003 51.4065 50.0772 51.4579 47.2497 50.217 46.887 46.3437 55.6148 46.3885 47.4515 43.5979 50.1985 45.6368 49.0894 44.0767 49.3228 45.555 46.6404 47.4554 46.9833 53.3333 49.9321 54.1127 55.5422 52.1305 55.6741 63.4708 58.5319 57.6444 58.6388 59.8428 58.524 61.7287 64.7078 67.8598 74.3258 86.9981 87.8474 89.1912 81.8891 93.2122 102.671 103.174 99.5358 112.257 112.995 109.159 122.762 119.256 128.519 117.974 122.578 115.645 116.613 111.045 108.136 100.233 100.952 98.9463 99.9934 88.8497 77.9894 75.5417 80.9949 74.9258 73.5596 74.3574 67.7819 66.2258 67.5274 60.7145 67.5274 67.4958 63.9706 59.8059 66.2073 60.8055 58.4897 61.8975 59.7215 63.2717 68.8792 55.9906 54.1549 57.9306 56.7951 55.4974 59.9932 51.1652 57.3569 55.2336 61.6878 62.4751 59.9391 62.6294 58.7205 61.3792 61.1761 64.7369 62.6795 66.3313 68.5244 67.4997 78.505 73.003 73.8985 73.4119 80.2656 83.1999 88.301 87.2196 95.0678 92.268 97.5642 104.273 103.286 113.39 123.87 114.817 114.097 117.47 118.985 114.127
122.138 121.309 112.432 110.347 105.873 104.521 96.8167 98.061 85.4551 78.9803 78.9928 79.3904 70.8276 72.7549 66.6321 61.5207 60.6243 56.6657 51.9561 62.3576 53.7227 57.1035 58.805 46.5164 53.1034 47.834 51.2744 44.632 45.2306 46.9417 42.3056 51.1082 48.5448 44.8398 43.7355 49.778 47.6872 45.9912 42.573 44.3826 52.89 47.78 52.8651 45.1724 46.5732 46.7048 45.0878 47.0498 48.6197 49.9221 53.9056 54.2285 56.7502 63.8734 54.2908 52.7237 59.7403 58.877 61.9073 68.9751 66.5559 64.0452 71.5121 81.8498 78.8112 83.4404 78.7905 97.6245 96.2306 95.5171 112.091 111.333 111.071 118.325 114.799 108.856 113.451 119.198 117.473 109.1 106.981 105.471 107.285 102.255 103.308 97.7894 86.267 75.4208 80.1885 82.235 78.7378 77.9702 70.9038 74.5201 68.504 63.4383 67.9401 66.276 62.0292 56.523 60.555 56.0865 48.1472 61.511 60.1351 53.1699 59.283 61.5955 61.1231 55.1485 58.5861 54.1564 57.9986 56.3955 52.7002 55.1526 51.7164 56.1696 53.9666 56.4177 59.7333 55.3619 55.1984 62.9894 61.7563 58.8757 62.4213 63.0033 61.9087 67.2694 71.5301 72.155 70.7749 78.0741 78.9429 79.4486 79.1951 81.2512 93.9154 92.7085 95.5836 106.196 105.988 106.241 112.884 111.901 118.929 114.558 109.406 112.797
128.289 109.42 112.855 107.896 102.433 101.296 104.398 93.1522 89.1118 89.5344 80.4398 79.0514 77.278 68.0324 66.5684 69.8609 64.0152 58.0257 57.9763 49.9376 51.3071 57.317 54.0826 54.4616 48.1933 46.5173 45.9886 46.4635 45.0185 47.1941 56.4209 45.4237 37.5302 42.6933 45.017 47.1796 40.6774 48.5259 51.2781 47.7634 46.3604 39.7174 51.2839 52.8684 41.5924 44.2342 45.5079 45.6052 48.9108 51.8067 50.2048 53.5103 55.6555 50.7044 56.8812 54.5096 56.6474 62.117 62.4118 60.8215 61.2238 62.9332 67.8508 74.3995 69.9858 84.1142 83.8354 89.9251 108.29 95.9117 104.982 109.307 112.647 119.364 123.291 112.24 115.581 115.157 118.297 109.972 115.328 113.266 107.102 95.2247 92.2895 87.7916 82.6706 87.0204 84.5514 77.6237 79.4522 71.2813 71.9668 69.3192 67.5691 64.1517 64.1038 65.3092 67.3033 59.5027 58.5819 61.0974 59.4911 65.0391 55.6758 59.5783 57.102 56.1928 50.2731 52.469 60.3495 55.15 54.5473 57.3533 59.0975 57.9821 52.2773 54.6606 56.6881 55.0469 58.6647 58.3626 62.8911 57.0759 52.7653 59.2849 65.6258 59.6494 67.0143 66.6788 70.4433 69.6038 71.0402 72.2878 70.6277 79.5335 81.3475 88.3464 91.7289 96.802 99.8359 107.991 107.955 110.954 114.256 119.44 115.392 126.915 108.447 120.623
121.242 120.174 119.024 113.79 105.051 97.6921 90.0524 85.7806 94.47 80.8708 87.7311 77.7292 66.2856 61.7753 60.9595 54.7235 58.848 56.346 57.3942 59.9463 55.8553 52.5922 45.6361 46.9653 50.5444 50.5976 45.1318 42.4444 51.2766 44.395 47.3649 42.8029 50.7556 44.1686 44.8234 47.0291 43.8314 41.779 45.9445 47.096 40.9891 52.2367 46.3288 44.79 48.9752 48.4769 51.5273 46.8955 52.381 51.4923 53.0024 51.2554 54.5579 52.7654 48.2004 54.1706 61.9151 64.2712 61.593 59.1518 65.3058 56.6954 69.93 74.3628 79.4808 82.3033 84.1035 91.8297 89.6832 90.0539 109.512 104.727 108.899 110.846 125.952 113.268 119.824 115.548 105.032 119.639 112.469 107.234 101.788 97.171 94.912 95.4924 84.6883 86.0312 85.0787 82.2 81.012 73.2219 68.1769 66.8705 62.8174 66.8355 56.5389 62.0169 59.1366 60.4309 57.4245 51.4954 53.6161 61.2345 57.186 59.1807 50.1525 55.0805 50.9728 57.3471 52.6697 49.9368 56.4174 52.773 56.8199 58.7826 54.9408 52.3613 55.4527 56.1819 55.1018 59.9053 63.3583 57.5354 56.311 60.1985 55.512 65.3149 66.1823 60.1833 71.5433 65.4091 71.2608 68.7663 76.0566 77.1747 83.3849 81.8901 84.3647 90.6236 97.0176 94.8422 100.385 106.972 104.267 113.394 115.911 117.89 113.076 119.773
115.814 114.05 113.299 106.354 102.308 100.604 100.445 89.9256 84.8396 83.4424 80.415 70.6141 73.1452 71.0486 70.0051 64.0944 63.3744 61.7028 57.1513 56.3155 63.3046 51.2232 55.6542 53.4545 46.3671 42.2692 51.2644 42.7021 51.2105 50.3525 47.601 44.0216 46.4084 46.7731 42.4658 43.4966 42.6196 47.4027 50.0052 42.2152 42.488 46.9904 40.4866 43.8582 46.7129 47.2981 42.5562 52.8836 48.5192 51.1597 50.3192 48.0133 56.3948 49.8482 52.7647 46.9856 56.0396 58.1917 61.7631 63.617 60.6895 67.7451 68.1258 72.6884 77.0893 82.6828 79.7727 94.2425 96.6768 97.5713 93.7318 99.4411 112.032 111.607 111.01 120.943 114.017 109.83 119.561 110.907 110.019 106.127 105.222 95.6999 88.9868 85.5771 84.3623 84.5573 90.847 75.6017 80.886 74.4884 69.0488 70.3492 67.5152 60.9115 62.4546 56.5978 67.0727 53.3562 58.6706 58.0109 55.7858 54.8961 52.7361 51.8877 52.4951 54.1714 46.3687 54.0461 49.3185 53.3182 52.2984 56.62 57.5398 53.6084 50.6443 53.5275 52.1303 56.7532 58.5754 58.1488 53.7416 61.8678 58.3962 60.1312 66.5732 58.3756 64.9318 65.3663 66.5081 66.3971 73.6542 70.6648 75.5716 73.6051 79.2049 77.2051 80.7575 90.173 94.1473 102.067 110.235 109.9 113.709 112.431 116.823 118.29 116.494 111.725
115.48 115.569 113.64 110.436 108.185 99.2388 97.7084 84.1497 90.068 79.3999 71.5695 75.8417 68.0757 62.8632 59.3016 63.6779 55.4558 54.1915 53.9849 48.4253 56.0161 51.8844 47.1742 49.997 52.5868 45.4488 48.5856 44.9134 49.0352 49.2368 40.2858 49.0269 43.0012 46.3347 50.2515 35.817 40.4131 49.8565 45.8306 48.7377 40.9783 41.2907 42.4492 48.1493 38.2266 47.8617 41.1254 47.556 36.8086 47.8849 55.5864 47.7824 43.9647 47.751 54.922 56.3731 53.661 55.1848 55.0608 57.3796 63.6763 66.4561 67.1684 71.9033 74.1312 81.1518 71.1348 94.3418 89.4003 87.4568 99.2735 103.009 104.423 112.259 115.595 111.733 117.37 117.754 113.629 120.689 110.343 110.599 91.995 96.6457 90.3754 91.3687 90.9555 81.3303 78.3339 74.4634 70.996 76.1045 67.1155 62.3839 63.7275 62.8747 68.4872 61.9096 60.0453 55.1732 57.0077 58.4274 52.6578 59.2273 51.296 55.6674 53.423 51.5671 49.9342 54.7667 51.8513 52.2992 59.8173 49.4483 52.3273 50.9374 53.9949 54.6923 48.6947 56.8276 57.7646 57.2787 53.6164 58.9612 53.9783 54.7286 57.882 61.9674 66.0231 60.6304 69.4921 67.5783 67.1948 75.8153 69.2012 78.9686 74.5857 84.5745 84.2786 88.4599 89.6961 103.676 104.886 109.922 118.97 112.822 111.409 108.119 123.669 115.298
109.925 108.318 111.882 103.419 105.118 110.804 94.5412 90.4661 80.5637 72.5476 85.7531 68.1148 67.9962 65.417 65.9569 58.0491 56.885 58.2417 54.7958 49.5343 47.342 52.282 47.6549 46.582 46.4719 43.5145 43.4508 47.7048 44.2504 39.7523 43.5299 41.4906 43.174 42.2145 42.0529 41.893 42.0065 40.0119 46.147 41.9257 40.1907 39.0181 44.9244 49.0528 41.7142 43.7105 51.0749 42.3521 51.2778 48.9806 40.0858 45.7171 47.6842 50.6347 53.1761 56.0287 49.524 58.0388 50.6038 62.6693 64.3062 62.0589 64.3784 70.4516 75.4397 78.1943 82.0648 84.2795 89.1438 93.4855 96.0423 106.105 108.825 106.285 115.429 110.283 116.086 121.177 108.682 103.871 101.163 106.896 98.2794 92.3678 90.9166 88.6676 80.8595 78.7531 75.5515 70.5994 71.7394 72.962 64.0534 58.4256 59.3026 66.9714 61.6513 54.3333 54.93 56.6099 58.1093 53.8587 53.2552 54.7013 51.6011 52.8718 53.5045 55.2739 54.9558 52.4471 57.7464 50.0845 53.5836 49.6134 49.0941 49.8077 48.0177 51.6578 54.8612 52.0791 55.9462 56.1112 58.3293 51.9312 51.4721 58.7764 58.4583 61.6187 63.8867 59.6052 58.6388 73.2973 63.2315 68.0357 74.0831 76.0037 84.8366 84.9552 90.6965 84.6045 88.8429 96.945 101.104 101.643 106.149 112.185 101.622 114.243 119.314 113.902
114.966 111.486 106.135 106.703 97.7342 98.4791 94.1439 88.5083 83.2389 84.4553 73.1323 72.2124 72.759 59.5551 63.1186 56.8936 53.3997 53.4962 51.1044 50.5024 51.5277 45.6885 46.9907 42.8823 52.0529 41.1389 46.6709 39.6599 42.3768 43.9648 43.8362 43.1556 45.8242 36.6162 43.8111 42.5876 40.1511 39.4777 37.7719 37.211 40.1226 38.8865 37.152 42.2321 40.7156 46.821 43.2878 41.8731 49.5003 44.4399 42.6805 43.9273 44.3327 49.5039 51.4134 47.364 52.553 55.4056 48.6662 54.4125 55.5092 59.9659 59.6265 68.6863 75.8617 76.4636 80.254 85.327 82.1493 88.9173 102.968 103.786 111.583 117.047 116.452 122.677 111.126 118.206 122.272 101.067 103.74 111.91 95.8962 89.0852 92.1754 83.9694 80.6024 78.5982 79.0162 72.7554 70.1493 67.6057 66.7554 66.4142 58.5369 59.1693 62.4381 58.3619 58.8513 51.7885 51.9636 51.1097 55.745 56.6471 56.288 53.0371 50.7971 52.6673 51.2633 48.7001 56.556 48.5643 52.035 52.5441 51.5617 54.684 53.5622 50.4935 52.403 44.8257 50.1059 51.7564 60.5411 56.0255 50.9257 58.6477 54.0142 57.9832 59.982 53.5337 60.7697 61.6075 65.7265 70.1421 72.2642 73.9933 76.5387 76.4547 86.5773 90.9822 97.1305 98.7166 103.184 114.368 108.861 117.033 114.537 107.682 113.367 112.292
116.409 115.773 103.402 113.525 102.131 98.3361 83.8158 81.8294 73.2721 77.7027 75.0881 66.9774 64.8224 59.4653 56.4634 60.2917 54.1767 51.5992 50.9395 45.6158 53.7598 49.4404 48.4843 43.9722 51.6344 44.2056 44.9005 40.331 46.4997 49.0865 40.7998 39.9418 41.011 41.6948 42.9938 41.0518 44.5985 42.4138 48.3416 33.6471 39.0228 34.972 43.6423 42.2841 45.3304 43.3792 39.927 38.1926 42.7399 46.4775 46.3292 52.6554 45.7622 47.8264 49.1847 49.1792 49.6795 62.5746 57.0823 47.4206 59.4653 61.7723 60.9069 66.6253 77.6934 70.2721 84.5255 87.948 80.725 93.3996 96.8425 106.176 110.985 106.979 119.057 119.092 115.905 110.064 113.625 107.401 104.151 100.235 105.391 101.258 88.8801 89.7992 82.3779 80.8232 75.8701 74.749 67.928 61.0144 69.1454 60.4511 66.4215 60.338 57.0304 58.4832 55.9075 55.5832 52.6202 58.485 53.8376 52.572 53.6542 52.9556 49.396 54.3973 53.9952 52.0847 54.1156 46.7017 50.0315 54.8642 48.4713 49.2607 54.2416 54.5714 54.8568 58.8871 55.1514 53.2391 55.3108 53.7246 52.5813 55.2534 58.3998 65.4153 57.7846 59.6543 62.9174 63.3714 60.8309 62.6988 70.4426 76.7966 72.1158 77.6564 80.8769 86.4119 95.1971 91.8023 97.9173 108.011 101.879 110.377 118.567 110.761 124.204 115.943
117.325 115.073 102.788 96.0456 93.2312 101.029 89.3897 82.2442 83.1215 73.2826 67.4809 71.9924 69.3143 61.0323 57.1735 59.844 52.0477 57.6304 47.8759 51.1991 50.6865 45.3898 44.9655 44.1016 40.55 40.8245 52.0189 41.7575 41.8708 45.1748 38.7531 33.224 38.7953 38.4171 39.8742 35.6583 43.0188 39.4922 38.3614 39.9069 41.9322 44.3819 40.6037 39.5824 44.1611 44.2552 42.7194 40.6921 42.0321 42.537 45.4762 44.57 52.4393 52.5545 47.9988 46.3036 53.5643 52.4931 51.9267 57.2407 51.6695 61.3318 69.4084 64.3862 78.6004 70.9558 78.9018 85.8169 85.2371 97.4509 98.8236 99.7297 108.603 103.957 114.867 116.491 107.943 110.062 113.205 111.872 110.367 104.46 86.2489 89.8331 84.9165 83.1388 85.8688 73.7529 75.5076 70.1091 73.367 67.5558 58.2429 58.1718 61.7964 65.0217 57.233 60.0955 56.7205 55.1366 50.867 55.559 46.9813 50.8228 50.8459 52.1225 53.1727 54.7277 55.4342 50.7326 55.0445 52.2992 47.6494 47.5707 50.9303 49.0489 48.7207 49.527 50.4274 52.5123 53.6257 50.9591 57.6995 50.0376 53.7371 55.918 53.405 55.3728 54.2804 60.3815 59.3045 61.9461 60.3278 66.4961 69.8941 75.9434 70.3088 71.6334 80.5567 90.9197 92.5132 99.3553 105.046 104.343 104.316 108.325 119.78 114.483 112.74 112.635
111.222 118.309 114.075 110.366 104.758 92.4434 87.9259 89.5191 76.2329 72.3054 61.419 70.1739 65.4637 56.1347 55.6738 64.0949 56.0632 49.3426 50.2505 53.2581 43.4067 42.7154 45.59 38.4045 45.6535 38.8098 44.104 42.2207 47.8487 37.3695 43.3988 39.7276 38.0151 37.3993 41.1758 39.8885 36.7715 43.7067 40.0871 41.3148 41.9128 36.5828 39.3203 36.9642 46.7899 39.2111 36.6504 41.9744 40.2183 40.5838 40.1924 46.2416 43.4325 48.7546 50.0021 43.4286 53.7012 51.8596 60.2132 61.2203 56.2122 58.9676 65.1379 65.1577 67.5933 72.9431 80.1703 87.8345 79.5068 96.0411 100.656 110.482 104.83 110.197 118.277 125.43 111.356 114.699 117.734 103.173 108.316 103.83 99.7381 96.8754 92.1514 82.3039 83.9726 81.7874 80.5696 77.7685 72.9014 66.0418 62.311 66.4629 61.2482 62.0507 57.7697 56.234 53.8561 52.0404 48.4546 54.1163 50.0101 55.6917 56.4645 49.5512 48.5361 47.5547 49.8532 52.543 49.6505 44.7933 45.9396 51.7841 44.8808 49.6505 47.6858 49.4757 50.4571 48.8142 49.9684 47.7732 54.5296 53.8184 55.0719 55.1951 54.4561 51.065 55.503 58.8186 63.4652 68.2965 62.7023 65.1319 67.4026 71.3281 80.1723 77.6891 84.2249 84.7851 88.057 101.059 99.301 107.899 105.092 117.703 117.911 107.921 111.074 119.103
114.639 105.101 105.662 105.924 99.1627 97.4256 81.8776 80.7564 74.9742 70.8695 66.5965 56.802 61.6335 60.034 60.7506 53.4386 49.4489 42.6256 56.1038 49.644 43.6728 45.9787 40.6154 38.4121 43.4634 47.2066 46.0937 41.8269 41.5763 43.7652 43.0055 43.6461 40.8638 39.792 38.2704 42.6544 41.9275 40.4306 36.5949 38.1637 32.7387 42.9665 37.9583 40.3484 40.1985 40.8454 41.063 41.2375 36.0384 43.0465 40.1328 43.8248 43.4038 41.9829 46.3319 45.3196 47.8227 53.2127 48.0136 46.6646 51.7281 60.9539 66.1981 66.2413 70.2289 72.2001 74.9557 75.3397 85.3991 93.6946 98.2695 103.214 112.77 112.269 114.739 107.391 107.727 109.037 111.77 103.483 97.2141 99.9574 98.3927 88.5694 88.0705 77.5306 78.1795 73.3233 77.1035 66.8901 64.3645 65.6027 68.2618 57.3379 57.0176 55.8287 59.0134 59.3481 57.2886 55.7178 54.301 50.9171 53.8226 53.1121 50.9725 46.8678 50.8822 49.0095 49.1347 52.4571 52.1655 52.2558 48.4346 46.4469 52.3544 47.2559 47.1923 52.8 49.3072 46.7179 46.8966 54.4612 53.9601 56.6829 52.5372 57.9991 57.071 57.8738 55.7034 60.3379 57.1777 63.6273 65.3337 67.8203 64.307 71.2432 74.2247 73.6149 83.1753 78.4218 97.3455 94.3332 92.4092 102.343 110.292 104.612 108.994 118.495 119.811 121.21
115.257 114.11 104.54 104.005 106.872 101.092 84.8817 75.9241 84.7121 69.4874 69.3708 61.7871 58.8592 55.3122 57.7207 58.6323 49.9588 52.467 51.1949 44.0267 45.4281 42.0274 42.5532 41.8069 45.1928 41.7221 35.5228 38.3617 35.12 44.0776 41.1327 41.5462 44.8875 39.4705 39.8924 37.219 39.6486 35.6988 34.0896 36.2585 36.0656 40.925 34.8847 36.0635 39.231 37.3483 41.9914 32.2451 46.0451 48.4599 44.084 47.0458 41.9808 47.5207 42.6592 44.6055 46.9928 51.9284 59.103 50.6373 53.2959 60.5426 72.0655 60.3984 69.4047 75.2287 75.5213 70.7489 83.4294 87.3665 99.9431 103.829 102.578 111.108 116.285 114.443 111.665 110.66 117.496 109.259 111.822 101.853 95.4357 90.5615 79.8315 83.5948 84.3665 73.8019 70.8612 67.2507 63.0973 62.7793 66.6295 58.8083 65.2599 58.2931 57.6655 54.4556 54.1037 53.1984 49.7129 46.2316 54.0465 47.8281 48.214 50.4952 45.6825 48.7058 46.2316 45.8161 45.7143 47.4083 50.6097 47.9511 49.6366 39.9963 51.2818 49.1744 41.8727 48.4853 46.5157 47.7709 48.7186 48.5256 51.8521 51.8097 54.9178 53.4783 54.4111 58.0938 57.4959 55.9631 66.1885 67.1871 65.3086 71.5715 71.4909 79.1764 80.3192 83.0308 94.0682 93.3474 100.265 104.043 108.585 112.613 120.742 119.855 117.108 111.475
121.837 111.493 113.549 103.27 100.677 88.8215 88.7515 78.1187 77.6463 73.5481 64.9513 62.6966 51.7052 62.257 57.0915 45.4331 56.7635 46.5594 49.3018 45.3959 43.7798 45.2516 43.6223 43.139 41.8422 47.3991 40.7969 35.2837 37.3 39.6728 39.207 46.1592 44.0925 38.8243 38.2907 40.8778 40.5847 38.1507 34.0371 41.1621 36.8867 37.2825 35.1109 31.7168 39.57 37.6805 40.9565 47.3445 45.4594 40.3726 35.6817 39.5241 42.94 42.5289 44.9345 52.7964 44.4031 45.081 49.2099 51.1169 62.1477 51.7577 54.0255 61.2904 64.1924 62.994 73.2878 76.2948 82.1426 97.1864 109.731 96.9021 100.108 116.438 115.279 116.429 115.541 112.742 121.986 102.107 100.386 102.695 90.9275 90.7263 88.4191 78.6611 77.8191 75.1904 74.3769 71.7832 68.8593 65.1263 62.0755 58.3993 60.2123 54.4432 60.0636 52.1907 50.2356 49.7588 52.7483 49.3061 52.3831 49.3018 44.0029 50.5155 49.7851 42.4502 50.4258 51.7489 45.6212 46.6009 51.5171 44.9148 48.3811 48.2936 47.3882 47.198 50.3471 50.3099 48.0749 45.8355 48.2892 55.4557 46.9115 52.4968 53.2426 52.7615 55.3595 58.8673 56.0812 54.8806 62.4626 65.638 63.4905 69.616 73.9111 77.9088 85.3814 86.4159 83.5116 97.9803 107.627 103.222 108.593 109.505 120.243 119.303 106.874 121.7
108.261 100.742 108.853 102.167 104.434 93.8685 84.1799 77.3332 82.1809 64.9874 68.7782 62.7247 70.3535 57.1378 54.616 53.8069 48.5558 50.0455 47.5146 42.099 39.1579 39.6154 42.6782 46.3945 40.4943 40.9901 33.6116 40.0774 37.4135 40.5507 39.3652 42.5722 38.2857 43.3565 38.8694 35.2973 43.023 34.7947 39.1534 36.458 40.0278 39.2458 41.8127 40.9158 39.3066 37.675 37.7381 35.2613 42.3288 40.3568 42.8224 44.0664 42.1508 41.1885 50.3745 44.24 46.0294 49.0809 48.8217 54.5303 51.4878 58.9633 58.8687 59.4366 68.3049 67.8879 60.5995 79.6297 90.2829 93.9992 86.9857 97.5803 104.447 113.266 107.95 112.797 122.797 116.642 106.293 104.377 112.61 95.0111 98.7072 89.7397 91.892 82.0839 79.2871 75.5618 66.3194 67.3223 59.9211 66.1977 56.6555 57.3069 58.2241 53.6829 53.1826 58.4044 50.7666 58.2512 54.3185 52.2608 52.9865 47.305 55.6707 47.0007 46.9219 45.6598 46.6199 50.2258 46.4103 50.1041 49.579 49.7277 46.2457 44.1543 50.5593 45.1392 52.8243 51.3751 47.3433 47.8188 47.0075 47.3523 49.9598 46.8655 50.7847 55.1613 52.9708 54.7331 58.2624 59.7521 58.5193 62.7495 68.8525 72.5486 73.903 73.0511 78.7372 88.7842 87.8895 89.7127 102.263 96.0208 107.282 119.752 119.308 118.461 110.532 112.887
110.099 110.427 103.952 99.4089 97.9169 86.7786 83.4557 75.102 72.3731 65.3259 64.1146 67.4561 59.534 57.8679 47.1821 56.515 49.064 46.175 49.969 50.9529 45.2793 52.1827 42.7036 47.8667 41.7685 39.1417 36.0276 40.0003 36.2527 37.5174 41.6292 37.9884 40.2996 40.1534 33.5447 37.3016 33.6491 32.4123 41.3485 39.2043 38.536 32.4286 35.835 37.0208 37.7749 39.9515 36.8189 35.9905 37.0277 39.3784 46.1959 42.3764 40.9981 47.8829 41.5643 47.0174 51.5771 43.4113 48.3261 46.9895 54.4661 59.3089 59.6546 61.8753 65.8712 65.066 68.5049 75.5707 78.6895 93.5706 95.9027 98.9866 105.187 107.004 107.085 115.617 122.382 108.21 113.132 100.636 99.75 96.1417 95.1601 89.8161 85.7158 74.8491 72.5495 71.8185 69.2892 70.6003 71.3684 67.4166 56.703 60.1025 55.9512 55.6008 58.7009 52.3869 46.1913 48.159 49.969 49.2195 49.9458 48.6022 49.0895 45.5833 44.5971 44.6435 47.5511 51.468 49.5792 43.0285 45.8548 47.1218 48.9782 45.6367 42.7616 49.2659 44.4764 46.0288 49.8205 52.612 46.0567 51.5005 51.5748 50.2498 55.023 55.9071 50.2382 55.2875 57.2019 58.5083 59.2532 61.1977 62.9172 68.6975 76.1393 71.5749 72.0367 90.5772 93.0787 91.5008 101.502 97.7057 105.579 109.419 115.074 112.318 115.109 124.964
115.579 112.205 108.67 106.743 97.0727 88.9513 80.6389 75.3511 73.5177 73.4365 58.9674 60.0966 56.69 55.6611 59.3183 50.0749 45.6848 49.6906 48.3298 37.8976 46.42 41.6623 37.0549 43.0302 44.5365 34.1233 39.5997 36.0403 42.4166 36.1955 36.8591 41.0702 35.9878 29.8573 42.5264 36.4437 33.03 41.4259 42.7079 40.5808 39.6403 38.301 38.8525 35.6034 34.5029 39.6474 36.5082 39.4564 39.7954 39.8312 41.7721 38.8787 41.7816 48.3633 34.4719 39.318 50.994 50.0821 54.4722 46.907 45.224 54.1786 55.6277 60.2064 63.1833 69.5 75.9049 78.6312 83.9786 87.1202 90.9351 94.8883 103.776 108.457 109.744 112.802 114.094 113.504 104.979 105.039 99.4552 104.507 90.1091 84.5468 77.2919 82.1572 75.9861 71.2976 66.9838 61.6698 63.126 61.8512 60.4213 55.7852 54.5844 54.7205 59.3733 54.0115 53.6749 51.0537 50.5094 52.1948 43.2593 51.1731 49.5115 47.7545 48.1126 45.4007 47.5039 44.9399 48.6712 43.51 50.2826 54.3887 42.6577 46.2529 46.5322 51.7341 50.0367 50.032 51.8916 51.4595 44.897 48.3322 50.2587 51.9179 50.0057 53.3192 60.0106 58.7048 58.9054 57.2558 58.965 61.0157 69.8819 65.4583 67.213 73.1883 77.1702 86.2799 86.7072 87.1274 100.121 109.081 106.383 114.02 112.406 114.774 116.856 113.487
111.371 110.748 108.014 100.706 103.553 90.8014 87.6333 69.3827 72.9828 64.7421 58.5678 62.7863 63.6403 58.4623 49.0756 47.8044 46.921 51.5125 45.8044 45.6891 44.4277 40.1233 41.7234 46.4449 38.4006 36.3515 38.3663 34.9061 37.1172 38.0374 35.4509 31.2864 35.9908 37.7356 35.7699 33.7232 36.0251 34.3613 37.4902 42.5185 38.3319 35.6914 36.9994 32.1846 34.9134 39.0607 35.1441 36.3859 38.4865 39.4485 37.0632 42.7614 41.4092 38.3123 40.7663 41.8436 46.5112 41.7111 44.6731 52.5702 47.4977 51.8732 58.6954 56.0254 65.4612 64.7127 73.0294 73.8147 77.454 88.9143 99.074 101.56 104.74 104.426 114.998 113.17 116.613 110.024 109.229 113.55 108.942 99.5476 91.3168 90.5389 82.5608 81.5596 73.13 78.1436 63.1004 75.1595 66.7397 65.844 57.5788 60.5114 55.9886 54.1776 49.1173 54.8941 48.6756 51.2744 51.4168 47.8879 49.2057 45.9934 54.2095 53.0364 41.0436 50.9898 49.1419 46.1333 47.5566 45.6155 45.3357 49.8364 46.2879 46.0326 43.105 45.797 47.0707 48.7738 48.1333 50.3763 49.1223 55.4438 49.1762 47.0486 52.1947 52.391 51.2204 57.9077 59.4684 60.8648 63.7654 60.0181 63.7679 65.0685 71.4858 70.0625 80.2737 76.2147 90.0088 89.2554 99.5108 101.307 101.911 109.268 105.01 111.216 106.549 116.623
113.749 106.733 103.703 103.489 98.987 90.1339 85.0973 76.1006 70.5145 73.3201 71.1674 59.6725 53.2873 59.0373 51.674 53.1209 53.1411 50.0607 42.4806 49.2893 44.888 43.7057 38.6036 36.224 34.346 36.95 43.0377 39.5313 37.2348 39.3825 37.4037 37.081 40.711 35.1577 35.982 33.3326 36.0047 34.9484 34.6081 34.7846 34.8627 41.0488 32.9973 35.5156 38.3188 33.4007 42.1025 37.7919 38.1726 39.675 36.9071 39.8867 40.0178 38.1978 40.9631 42.7251 45.1426 47.2752 45.7728 47.6735 46.1484 52.7957 59.8086 52.4706 67.4013 63.847 73.6378 71.4119 79.6549 84.3335 94.1117 101.994 111.616 102.312 111.999 112.627 122.41 123.603 115.188 105.899 102.017 103.958 90.8574 84.4117 89.5592 80.7464 70.0809 64.5906 58.3415 59.1557 64.1545 61.5329 53.0554 59.6826 60.0834 50.4035 50.6127 49.796 49.0725 51.2555 49.3675 49.9775 47.6911 52.8865 47.3962 47.2046 43.8141 41.016 43.4284 43.5343 41.8933 45.5081 49.4582 41.8403 44.5729 43.4511 49.1154 50.2094 52.0723 47.4995 46.7811 51.0942 47.4844 44.4468 50.8623 49.4557 54.6259 54.8502 53.5545 60.3859 55.4728 65.4855 61.795 57.8928 64.399 65.7804 72.9571 72.6194 71.2884 78.7979 81.906 94.9764 96.0376 102.327 98.8433 113.192 109.655 115.886 115.554 110.789
114.664 102.587 99.7281 103.216 99.3684 81.3303 80.1685 77.022 75.7645 63.6856 65.3986 60.3554 50.2742 49.3763 55.5373 47.9531 47.4227 45.3422 50.6209 38.9406 41.1555 37.9521 38.6119 40.814 33.3151 40.9977 40.3844 42.2397 40.638 33.9362 38.0866 37.6261 33.6929 29.3251 38.3195 38.0556 37.6907 37.2612 34.2182 31.1649 36.3297 31.9567 34.9376 36.7204 37.256 36.265 39.4218 34.3424 38.3635 36.5393 39.8928 38.273 45.7873 39.4762 44.4443 41.761 42.5683 46.5558 48.0152 44.7859 50.9392 54.3211 48.8406 58.0162 59.2272 61.5534 70.3668 73.2079 78.1062 94.3123 87.9986 96.1003 96.2866 109.033 113.618 113.861 116.421 118.092 106.559 112.102 101.058 99.5599 94.5244 94.9695 81.7961 80.0961 75.56 67.2927 74.0955 63.4993 63.2871 60.6064 60.0449 57.5091 59.1418 53.0041 54.0132 47.6943 52.1139 51.8836 47.596 47.6659 45.3526 50.5407 47.2053 45.4406 46.1884 46.7344 40.1412 44.7212 46.1987 44.8377 47.3114 42.4209 45.7252 43.3239 44.1959 45.8183 44.3124 45.5855 48.9157 44.4573 46.8922 49.4953 42.7753 54.303 56.0833 59.2893 49.6324 53.9563 57.0976 52.1735 61.9131 61.1472 64.8552 67.6058 70.4884 71.0033 75.0813 82.8415 86.0967 99.5133 96.315 98.442 109.934 103.343 105.214 123.36 117.663 115.779
112.834 114.488 109.017 102.567 94.1768 94.6254 84.4379 75.1848 65.8972 67.2323 60.6708 61.5786 51.0912 49.6047 54.0508 49.5039 48.2643 43.7572 38.2998 40.9435 43.2927 40.3118 44.2987 38.1299 32.7548 40.633 32.93 33.1371 43.7014 33.6042 34.0741 37.0629 37.2434 39.6137 38.8705 32.3514 31.9214 28.9511 37.4026 37.3814 37.8061 35.879 36.0277 34.1802 43.7996 39.258 42.7963 35.3375 39.7995 35.9427 32.6407 34.3793 43.9961 43.4705 39.1412 42.3132 43.1573 44.6676 42.9104 48.1634 47.7281 52.8006 59.8426 56.6919 63.0093 58.0642 73.5205 72.3128 76.7429 85.213 86.6118 105.859 98.6759 109.155 112.595 109.516 109.097 102.302 110.206 116.03 100.361 98.9944 92.0241 82.9409 76.9367 75.1556 71.5138 68.3711 62.0033 70.6113 59.325 55.9646 62.7465 62.1068 48.3492 56.2353 49.1057 53.0209 48.8934 50.77 50.8655 49.9179 45.2303 47.6007 47.9696 41.7744 48.1899 44.3013 42.8706 49.4826 45.1056 47.1866 48.4103 44.373 43.3802 43.497 46.2416 45.9974 49.6392 46.0824 50.1409 48.389 45.3259 46.1487 50.117 49.257 46.5788 52.1051 54.8843 55.0833 58.6534 57.812 54.0826 63.288 67.6358 66.6855 69.9637 71.7793 80.0158 72.6446 82.6409 89.176 92.7461 97.1311 99.6103 102.1 112.707 114.525 109.039 121.469
106.846 103.382 103.841 99.8359 91.2671 87.8031 82.32 82.7853 62.3277 69.6013 65.4516 55.9929 59.2909 47.5247 48.5833 55.3371 46.1778 44.2294 41.6253 40.9205 42.0144 37.7613 36.0878 38.9586 37.149 39.5926 41.5219 36.8361 32.2455 29.1489 35.8946 36.7626 36.0116 30.8115 35.715 37.7449 32.9258 39.2606 33.6143 34.9939 33.617 34.2918 36.7164 35.6061 35.4156 37.5082 38.4579 35.2687 33.9843 36.5313 39.481 41.1736 42.1423 37.2062 43.9002 37.2116 41.8865 43.0076 52.6949 53.5357 49.718 49.152 55.4977 59.212 58.7358 65.4353 73.0082 81.1825 74.0939 85.667 93.7379 101.599 102.353 106.655 115.483 115.76 112.206 107.744 113.281 98.176 96.0399 99.8305 90.5378 76.0532 80.7526 83.6288 74.8123 69.2258 71.4572 55.8188 60.159 60.9019 58.4419 52.4826 50.4772 50.3003 54.5289 47.1465 49.4295 48.5887 50.8173 49.6146 48.9833 49.4486 45.0866 50.45 45.0458 45.2662 47.7016 47.5683 46.3274 48.7003 45.2689 46.9451 40.9613 48.6758 44.2594 46.3301 42.4444 49.3642 51.0296 46.6485 47.2009 53.0595 46.9179 50.1316 49.2717 48.0145 48.3275 53.0541 55.9358 54.7902 53.9385 59.2855 61.9821 62.6706 67.8272 70.5456 67.3564 82.5268 78.0042 91.3052 93.093 98.3829 102.565 112.41 119.627 106.535 120.157 104.35
101.229 115.651 101.781 106.367 97.4852 88.154 83.1915 78.9372 68.4183 67.7966 55.9619 58.195 51.8469 57.6542 40.0708 40.5363 43.9711 41.7993 43.4915 43.1765 41.225 44.3781 42.5158 39.5132 42.2342 34.5563 32.6688 33.7701 38.2335 33.2989 35.992 30.8901 34.2496 36.4242 29.6579 31.1076 31.3446 35.1473 29.3624 31.6847 33.6753 31.1801 34.1158 35.9558 35.5878 39.2037 37.1602 40.5475 33.3435 39.1926 36.4297 41.8467 35.6491 39.3905 41.5623 43.8819 45.5323 51.978 39.9314 48.889 43.6421 56.3355 56.8178 54.8384 51.6016 66.1545 67.713 67.108 73.8854 85.5473 91.0088 92.1909 106.66 104.207 124.252 112.557 116.872 115.122 111.667 104.957 109.13 94.0031 93.4622 79.6481 79.4669 75.915 70.6431 69.9656 65.1509 59.7981 64.5236 57.7518 58.6021 53.963 51.6518 51.964 48.3509 51.9417 48.9308 48.5851 43.7536 49.9679 45.287 48.2477 45.9895 45.6271 39.7334 44.8409 40.896 43.0315 42.8531 45.7553 45.7832 46.2823 47.4086 47.18 41.4898 51.7968 42.5186 48.1474 46.3631 48.521 45.9198 45.9533 43.1012 49.1566 53.3636 52.0114 52.6833 51.5849 51.6239 51.5291 65.5077 62.3769 55.7835 62.901 60.2302 78.0088 76.2886 83.7714 84.828 90.4875 86.6374 91.1928 103.398 114.809 114.098 111.751 107.067 111.383
104.351 98.0731 100.129 98.567 89.7831 87.428 73.0546 79.1208 61.8213 61.8156 60.8279 57.6306 49.4434 48.6212 49.5918 54.0109 42.4065 42.2524 45.2955 41.8584 42.1239 39.2778 40.6823 39.0123 37.9732 36.9255 36.4003 34.6075 35.4639 34.8473 32.8718 32.2724 30.4511 36.5573 35.1528 30.8935 30.8165 29.9715 34.6589 39.2435 31.9469 35.0043 33.851 37.3766 38.9609 36.7485 35.5581 34.7531 39.6289 34.1222 35.4411 37.5164 36.3717 39.6746 39.1008 44.4819 43.223 42.1667 44.4362 51.4103 52.5264 47.702 53.4542 51.6358 60.5767 55.4382 67.4565 67.6478 68.6526 92.4865 88.1531 97.1796 106.44 110.891 106.146 104.299 122.552 105.281 108.727 107.342 105.264 98.5299 97.4565 88.567 77.4679 77.7962 69.9458 62.3209 57.4108 61.6729 64.8159 55.6894 57.0597 52.8148 53.5142 52.0811 51.0734 46.3774 47.8961 52.4151 42.6435 44.0252 42.9432 45.8208 43.5227 49.3406 47.7163 45.1242 40.1713 39.7717 44.4562 44.1793 46.366 42.2552 39.8601 43.8082 47.7134 42.9689 41.8499 40.5196 41.4816 42.2838 52.6064 46.6943 46.5316 47.094 46.5459 46.012 55.7123 50.7879 54.2592 57.4337 55.2498 61.9983 65.2927 62.9946 67.1825 73.2915 70.3455 84.7189 87.0055 89.7146 92.2667 98.1531 108.547 111.873 100.114 114.528 110.497 112.481
110.934 107.414 108.588 96.9317 94.9129 83.3351 81.4858 72.3854 72.3299 57.2522 61.3481 59.452 52.7648 54.5031 42.9954 44.9761 43.4745 51.4764 37.4796 45.7386 38.5956 41.3944 37.0268 40.8802 35.4171 38.4788 33.6905 40.0242 39.5363 37.278 42.3468 34.6137 30.4389 31.2802 30.6112 34.637 36.425 37.3219 31.9493 34.5202 32.5628 35.2272 32.7556 32.4401 32.2093 39.4166 34.8269 31.3007 40.1557 34.4793 37.4095 36.3665 38.3736 36.4746 39.7788 41.1928 41.1256 43.8192 52.2944 47.772 47.5149 55.213 47.4623 54.8244 58.3682 61.3072 67.6147 74.2435 77.4571 87.3083 81.2054 92.8679 101.749 101.019 114.382 121.928 116.003 111.46 104.332 102.83 99.8648 97.7234 85.5291 88.1117 91.1676 78.1378 74.968 69.8759 62.6744 56.6533 64.0212 62.3589 54.7222 54.5089 57.8219 60.1737 53.3345 55.1049 46.8225 49.4927 47.7574 46.0892 47.0767 44.424 44.4123 46.2703 42.5192 44.1435 46.7991 52.5398 48.517 45.7912 48.6952 41.5755 38.9258 46.9657 49.0983 43.9332 46.0542 45.1485 45.391 49.7615 47.4097 45.8263 44.0617 49.2123 50.375 51.9468 52.5194 52.16 55.9287 51.8796 59.4871 61.836 62.0668 62.283 62.3677 74.5795 67.191 84.9682 86.1777 93.0607 93.8466 92.678 103.265 104.148 109.766 108.118 115.693 112.673
109.298 109.445 98.6214 109.439 97.9221 87.1734 83.4769 72.8357 73.1106 56.9771 60.303 57.9333 57.0398 56.2868 48.4605 42.9472 43.3118 41.0198 43.9662 35.8023 37.7775 41.9372 43.0339 32.6317 40.8136 41.5248 41.8147 33.4804 34.8162 35.9517 33.0232 37.3143 38.8593 34.1109 32.064 33.839 32.1895 35.0074 33.5133 33.7045 30.4623 36.3163 32.9126 29.515 33.3011 37.9568 36.8123 37.6162 38.4887 36.3999 41.0795 36.0712 38.937 36.642 42.5259 39.2179 44.4622 41.0616 43.8437 45.7203 48.7773 45.7681 54.5237 54.954 61.2025 55.7519 59.783 71.8018 73.009 82.9838 79.8581 100.205 100.794 110.473 110.828 114.008 108.743 111.665 115.678 96.4579 98.6961 87.3915 87.2481 88.5838 81.3373 77.8948 71.9572 73.3437 63.2135 61.322 52.3871 55.4799 57.0906 53.2656 50.2057 46.6616 49.88 43.7301 50.1429 50.6599 47.5431 45.6815 44.5011 46.4853 43.7152 46.8768 44.8716 42.0597 44.1156 42.1224 42.4183 41.5816 44.0289 42.3764 43.506 45.0001 49.3959 43.1504 47.8898 43.3536 44.8238 44.5878 45.9743 52.7337 47.836 48.5143 46.548 44.026 54.2458 53.7647 49.0223 50.3162 59.0927 57.9034 64.869 61.9794 64.5553 78.0233 71.4581 80.6261 84.2987 86.4711 92.0502 96.174 95.7915 102.829 115.72 104.888 110.389 118.95
118.572 110.29 104.733 91.7457 87.0868 79.7608 76.4278 79.7425 64.3207 59.7748 54.7981 56.0293 49.7909 49.2471 47.7288 47.1819 41.0963 39.8774 37.6319 42.1564 38.7226 40.3539 35.915 38.9059 37.195 33.4404 36.4588 37.913 33.4862 35.8172 30.9017 35.8539 34.0881 37.6319 34.6655 36.2755 32.7286 33.0921 34.583 36.6207 30.6664 31.033 29.7713 32.7102 35.8905 36.9751 33.639 36.9995 38.1513 33.7856 38.0321 37.7969 39.4222 39.303 35.9425 37.1309 41.7684 44.3896 46.0058 43.8458 46.1952 49.7268 47.4202 50.7197 65.0722 65.393 64.1404 70.6049 74.5367 78.9268 86.6652 102.726 103.23 113.134 115.67 110.543 114.634 109.538 105.154 106.279 101.009 90.206 89.3506 91.596 76.9105 73.8432 70.5499 69.5845 61.1129 62.8909 58.4672 58.3359 52.7329 47.518 50.0995 47.6463 55.9438 46.3632 53.1545 52.4733 43.4212 50.5791 46.6504 40.4914 45.5047 42.4344 46.9925 41.466 44.3591 45.6239 42.8499 42.5413 40.1004 40.1065 37.8427 41.9975 42.41 42.9538 40.7847 51.8409 42.5047 44.8296 50.0292 41.5393 44.3133 47.854 47.3775 49.2196 55.9774 50.7472 55.5436 57.7371 52.128 61.7942 63.673 60.8777 67.4429 68.2678 68.2556 78.9787 82.6112 85.0827 89.5247 94.6205 106.651 96.5849 115.551 109.282 106.382 114.42
108.623 105.364 103.051 91.8968 93.9384 86.7302 81.9101 76.5094 69.7787 62.8421 56.1146 59.6578 48.2695 49.7742 50.0583 40.9301 40.7272 38.8322 47.1924 37.9425 41.4171 43.0217 37.699 40.1122 41.8136 34.6927 34.9986 38.826 34.9861 31.2244 32.9601 32.2639 34.0402 33.0413 29.5636 34.7645 36.7188 29.498 33.4721 35.0455 38.0736 35.8821 34.2681 33.7374 32.8259 31.5241 36.4565 30.9684 35.7291 40.1965 36.2661 36.316 38.7604 36.7656 38.648 39.1163 39.9092 41.4639 42.7189 40.5555 45.1227 48.7471 47.0145 52.4308 57.7691 54.2821 62.8233 69.0701 81.1109 82.6625 86.4617 87.6324 98.6399 109.023 112.782 108.452 119.331 109.132 116.553 100.785 104.172 92.2589 88.775 80.8955 81.5636 73.3314 69.3573 64.4654 64.2469 59.9575 61.6152 60.9253 55.2779 52.3903 55.2498 46.412 47.9417 45.2007 50.5203 45.7314 45.8844 48.5941 48.1415 44.8292 46.0374 43.3432 40.3182 41.5139 46.1123 40.3869 44.8011 40.2495 43.2746 44.5764 43.1497 39.7219 46.5462 42.132 46.4276 41.7137 46.2215 45.2881 48.8626 43.7616 44.4577 50.5203 48.2882 48.4318 44.2017 46.5088 48.7159 55.1218 50.0114 58.4965 57.8534 64.8962 68.1023 63.6506 70.5779 77.1181 84.8321 81.1453 90.7667 99.3361 101.003 105.77 113.053 112.897 111.102 103.622
113.986 102.526 106.923 99.5765 95.9319 85.518 76.2807 70.8058 67.4833 65.4331 60.0762 53.1219 49.5124 42.692 42.5964 46.3047 41.7259 41.9332 41.4421 39.9212 41.0435 37.8103 35.9609 31.2801 32.5459 34.9246 34.44 39.6119 32.2717 38.0112 35.5273 34.3603 36.8952 31.0377 34.6791 33.7512 35.0203 40.6258 30.3203 36.3786 30.5786 37.1981 30.3363 33.4324 29.8452 36.79 37.0163 35.167 32.1251 43.9675 38.2727 32.53 34.9693 32.4503 35.8238 36.9717 35.1638 39.8988 36.5349 44.3182 46.4673 50.4499 49.5092 46.4833 55.7812 64.4127 65.5223 61.2688 73.3248 79.6988 89.0733 90.9099 97.7622 107.768 95.8299 103.677 115.5 112.366 114.984 101.19 97.4912 95.6545 84.8293 82.7375 84.0002 71.3479 68.9756 70.5699 64.7635 60.5067 64.3107 58.3129 57.6657 54.0913 48.9225 51.8465 50.4499 55.7653 44.0823 44.4649 51.3905 44.4713 44.8061 46.4992 46.0369 43.1895 45.2557 41.423 39.9658 41.3943 37.3225 37.89 41.3815 44.1205 38.7254 43.1225 46.7065 44.8252 41.6526 46.3557 40.2177 44.1811 49.2829 42.319 47.3793 51.7668 49.9716 51.5659 48.3964 49.3084 49.9907 50.485 53.1124 54.2315 60.6629 62.4071 64.4032 67.2474 66.9253 77.7602 80.936 89.9501 89.5484 103.629 103.935 105.654 113.415 111.269 110.705 112.506
110.826 108.134 97.0491 94.8582 88.6893 82.0613 78.0507 71.0973 69.7495 54.6837 57.8902 54.56 58.4795 51.7701 46.6039 46.988 44.247 44.6799 40.8939 34.2237 39.1881 36.1411 36.4504 40.9591 36.5838 36.2062 38.358 38.3352 37.3619 38.7128 30.0568 32.583 30.8707 32.3193 30.5484 31.4664 27.2279 36.3234 31.6161 36.1606 31.2874 33.947 33.5433 33.3089 35.7081 32.5797 34.7087 33.9242 34.1456 32.3584 35.1515 40.6596 35.7667 33.6215 38.8398 38.319 40.5359 43.9638 45.4254 39.5072 52.1119 42.1147 46.7113 52.7793 53.1992 59.4137 59.5309 65.6706 72.7412 71.4163 88.6079 96.4598 100.041 100.213 119.84 112.932 118.535 114.371 100.926 102.759 97.9313 89.9296 87.1072 81.534 79.4798 73.7146 66.3379 65.7617 60.5043 60.2992 58.9938 53.6029 49.7778 52.3398 49.9862 53.8178 51.2265 51.513 48.798 46.0667 48.5538 41.4604 50.1294 46.7145 43.7457 49.9374 42.7918 46.8415 45.3473 43.0099 41.1707 41.3855 38.9342 41.672 37.8502 45.5101 48.3553 42.017 39.8978 45.4547 44.5562 48.5929 44.2405 48.2023 45.764 48.4204 48.8501 51.7799 49.0552 51.8873 50.6763 57.3954 54.9799 55.5203 54.7618 63.6587 66.0254 69.5803 73.9132 78.5944 82.3381 83.0803 91.0038 100.106 100.617 101.434 107.199 111.395 115.611 108.697
108.98 110.724 104.837 97.3688 91.0435 83.0936 73.7218 62.6192 63.5527 56.1343 56.6227 53.4334 48.1213 47.6629 49.9884 46.128 41.6797 39.5037 39.6166 39.6 40.6265 33.959 36.6798 33.9557 35.9722 34.2314 33.856 29.0754 31.0122 31.8627 33.6534 31.8361 30.5804 30.4907 32.6368 27.9526 35.2181 30.0256 29.4342 31.3976 28.3811 38.7362 32.3909 34.2248 28.8794 30.8827 37.1682 33.2414 39.4472 34.846 37.3011 34.7131 37.0785 36.7097 38.7927 40.2113 39.2744 36.7961 46.0416 39.507 44.3473 39.301 51.9285 48.8023 58.8153 54.832 58.8419 64.3467 63.9879 74.0042 83.3195 87.429 106.408 99.6013 105.428 110.302 109.172 108.428 108.408 102.89 99.691 90.8076 82.6019 83.0238 78.1568 72.1869 71.4694 65.3633 61.6258 59.6791 57.3104 54.0248 57.4167 53.6826 52.9085 52.3903 47.0549 48.7625 45.2643 44.8722 44.3706 48.1645 46.3207 44.859 43.2942 42.1149 43.56 47.3041 43.6796 41.6863 37.7595 40.3508 38.0353 44.7958 43.3706 43.0152 41.693 42.188 44.0616 43.178 43.3906 43.0285 44.6895 42.0285 43.1846 47.8755 49.2143 49.0615 47.5599 47.3639 53.7457 52.3969 51.6129 58.6259 59.4731 58.5296 67.5094 66.4463 65.4895 72.0906 84.2131 78.3761 98.6346 97.2758 100.718 108.325 104.455 112.139 117.95 107.847
111.045 114.146 105.48 91.2367 91.4163 80.4701 73.8006 70.8286 62.4715 60.1399 55.9139 55.1514 48.7599 43.5274 45.2015 40.2232 44.6898 46.9163 43.4054 34.0485 37.3019 35.6956 36.4886 37.1223 32.3846 33.7639 38.8947 29.9141 40.1452 31.1307 32.1101 32.5201 35.0381 33.8689 33.8011 32.1135 35.7227 31.6627 35.4211 31.0392 30.3885 30.1581 27.7417 29.6294 34.1773 37.1054 36.1903 35.1025 34.7738 40.7552 35.0618 34.6619 36.2581 39.3014 43.0597 37.5832 39.4607 38.9557 37.9356 45.7607 46.5571 46.0758 53.4298 50.7356 50.9186 63.6711 60.8482 63.1662 73.2923 79.9109 84.5537 90.5758 101.21 112.8 107.246 112.201 118.253 105.85 97.984 97.2385 105.199 93.5954 94.3104 84.8418 77.9656 73.821 71.2047 63.5254 66.2128 58.5132 59.5705 53.0977 53.5925 53.623 49.9731 53.5111 49.8274 49.4851 44.9338 46.7333 45.2523 43.0428 44.4322 46.4351 49.0615 48.177 43.5206 47.6856 41.5347 44.1374 37.9933 40.6841 37.1359 40.8671 42.5005 41.7075 43.524 42.3277 47.4009 38.8947 47.7974 42.3514 40.1079 46.8112 48.7226 40.8196 48.526 51.122 49.3224 51.6981 50.3696 57.0424 58.9266 58.3573 62.8409 54.233 62.7155 63.766 72.7264 74.858 80.6734 86.8751 87.2513 101.451 106.117 104.037 106.317 109.398 110.181 114.081
109.94 119.519 100.544 100.924 92.6129 77.8328 72.4143 63.2463 63.1806 59.9703 55.661 50.7436 49.8658 42.1976 43.141 46.9734 39.4192 40.6045 38.5207 35.9393 37.0106 36.551 33.7139 29.6707 33.7761 37.0141 33.1126 35.3104 29.3908 31.6784 33.116 32.5251 34.8611 31.1497 31.0115 36.8033 31.5679 33.4754 33.4236 31.3536 30.1752 27.8046 29.1143 28.7376 36.627 31.1808 35.9981 29.7294 31.4607 33.002 29.1039 36.0706 33.0987 39.6231 35.4728 40.2071 35.0892 39.1117 40.7117 44.3229 44.7479 53.7397 51.8114 58.2424 54.3962 57.0502 62.3167 55.4917 73.2056 80.7322 84.2604 99.628 103.049 107.051 106.92 105.755 113.603 115.113 111.132 109.77 91.006 91.082 94.1472 82.5464 80.1862 68.5923 70.5655 64.6873 65.8346 59.4519 56.0377 53.2697 47.1842 51.096 50.1907 47.5125 48.3799 48.8464 49.4684 40.6633 46.728 41.4857 45.522 40.881 41.9004 41.0918 42.3808 43.3414 41.2404 43.8805 42.0283 40.1968 43.922 38.6175 44.4231 42.4948 40.5838 39.2292 46.7695 40.9639 48.7358 42.6987 51.096 51.5902 48.1103 50.4464 46.2442 47.2568 52.7237 51.4624 48.9777 49.3406 50.5051 58.7332 60.537 62.0023 66.8575 69.3767 69.1901 66.353 74.6329 77.4251 89.4198 98.2491 96.3831 106.681 110.541 110.562 108.212 117.463
110.726 102.638 101.183 99.3199 87.8789 80.4817 79.6011 59.3679 63.0489 58.364 53.7496 55.4826 50.7238 43.4534 43.1011 45.1477 38.5254 36.8839 40.1387 46.6271 34.4111 40.6565 41.1426 33.1149 34.1857 34.5767 40.7939 29.064 33.1642 34.7176 36.2252 35.9399 31.107 34.4428 28.1517 38.3563 36.4929 31.3114 31.6495 31.1458 31.6918 34.6119 31.1528 35.8483 27.5916 31.8045 33.3086 35.7004 33.925 28.6519 40.5262 32.7239 34.3724 41.7309 33.6221 43.1363 41.8048 39.1242 41.6498 47.7191 43.1434 43.9218 49.3077 55.067 55.6235 57.0325 59.8822 64.1479 72.7569 70.1362 88.8053 85.9627 100.053 105.928 107.147 110.137 115.886 117.605 107.756 100.521 94.5752 90.3658 91.1513 81.4116 80.2175 64.3558 68.3432 59.9245 67.6493 54.8732 55.7539 52.883 57.7758 50.2165 50.5969 48.7089 48.3073 43.5485 43.788 41.0405 47.8529 42.9109 44.2107 48.8287 42.5199 44.0029 42.46 39.1771 37.6342 46.2396 42.4072 40.5367 37.2643 47.3492 44.6263 44.3692 39.6773 46.1234 39.8358 44.7813 41.1215 46.6976 47.0956 43.8866 44.5665 45.676 46.9582 51.1782 51.5022 48.7336 50.8611 49.7234 56.2224 56.2681 60.7417 61.0728 64.1374 59.4947 73.5213 76.8254 77.1459 81.2003 89.5204 96.347 100.796 103.973 105.611 108.883 113.519 112.663
111.116 109.562 94.7673 99.06 88.4897 82.4705 69.8004 74.147 58.3255 55.673 52.8591 53.0744 47.2347 46.0933 43.8608 42.9024 36.6069 40.0956 41.194 38.0605 37.9457 34.8769 32.7377 40.2105 36.9658 41.9692 36.5459 33.2509 30.2359 32.9781 37.7877 35.1712 37.1812 30.3329 32.6084 30.3185 31.004 30.9323 32.9135 35.6665 26.0221 32.5008 31.9085 32.6659 31.6286 32.7628 31.9408 30.0708 30.8641 34.9522 39.2665 35.3112 39.4891 39.2558 36.693 37.2458 36.9407 41.9477 35.1855 44.3956 42.6907 46.2656 48.9288 45.86 56.5704 51.5597 58.9429 57.9235 72.4744 76.5051 88.8988 100.485 97.9545 97.951 111.554 111.985 111.378 110.901 116.622 103.504 96.4758 90.2628 83.8631 82.6069 78.3536 73.0056 66.8321 60.3463 56.2796 61.581 57.7763 52.3278 49.9589 49.3057 46.944 47.9813 45.0919 42.5974 47.7444 46.7214 46.0933 43.1609 44.5391 42.199 41.4237 42.382 43.9828 40.5981 42.4358 43.3511 43.5521 43.6598 39.7977 41.1365 42.6763 41.8149 39.5967 42.644 42.4574 44.2125 43.1681 45.7667 47.8951 44.3992 43.7387 45.58 45.0345 47.8843 48.3258 51.0608 53.3472 51.9079 54.2337 56.4411 53.3687 62.6757 62.7259 70.8736 71.8534 69.2297 80.6399 79.8467 89.4911 97.1182 100.51 106.332 107.588 108.216 110.09 115.524
118.065 106.53 95.0936 93.24 92.6733 78.0638 73.4864 71.2891 66.8397 60.1565 49.8794 49.3748 46.4866 44.26 40.5053 43.4667 40.5016 37.1966 37.9826 40.3992 39.3207 37.5914 39.4925 31.4346 33.9975 34.9444 32.4437 35.5111 27.8261 25.702 32.3231 30.1587 28.0272 31.6503 27.7896 31.3579 33.588 30.3598 32.5241 34.0524 28.4513 31.4529 30.2574 30.1075 29.6541 32.6667 34.3558 31.0544 34.8969 36.8858 34.5094 37.0503 39.4523 34.1218 38.3555 37.1161 37.9351 42.8269 40.2311 43.1449 43.6239 44.7828 49.1737 48.3767 46.7242 57.005 59.2534 64.4633 68.4703 75.2157 82.9811 81.9026 92.0993 105.148 109.988 109.469 111.593 112.734 103.883 108.625 97.2031 88.8674 82.9775 76.6928 74.6746 72.0313 64.3097 62.957 63.4067 55.4512 53.5464 60.4014 52.5812 50.2047 47.8503 49.7843 44.6658 42.2821 46.4463 47.6199 42.4942 46.3878 42.8415 48.5522 48.9507 41.4522 43.0937 43.5032 40.1031 44.8962 40.3225 45.642 41.8617 33.9866 45.8321 42.7574 42.549 40.9879 47.2543 42.8488 43.0462 41.2328 44.6366 46.3074 42.5636 47.7515 47.8247 43.0864 44.7975 48.8374 53.5135 54.2081 58.0799 49.9305 55.4768 57.2828 58.2151 72.2872 72.6565 73.5888 79.2703 77.6287 86.6408 89.8655 94.3551 104.972 108.541 110.581 117.984 123.611
110.352 104.529 98.6584 96.1046 90.3193 83.313 76.8725 72.3381 62.2679 48.3408 54.3606 49.1114 47.0378 43.9553 47.1495 40.0054 44.7222 40.5154 40.7574 37.2207 41.7961 38.3376 35.8172 28.2264 35.1211 31.8301 33.8032 31.5397 36.4911 31.3647 33.6543 31.1674 30.5978 30.8287 30.9962 33.7027 30.3782 26.5958 29.8161 31.8711 35.0466 28.2674 31.8189 34.5999 32.0311 39.5177 30.032 38.7843 33.1703 35.9401 37.902 37.8462 39.5401 35.3444 36.4129 34.2053 39.7895 38.9556 42.0827 40.1022 43.2629 42.5369 48.7689 51.5536 48.9923 55.2466 66.2327 67.867 74.6984 73.6597 86.6933 93.4911 97.2437 114.03 108.073 114.034 100.121 106.48 108.628 90.256 105.356 94.1203 87.0134 81.5372 76.3178 74.2926 67.3383 60.6075 61.6424 61.5233 58.8987 56.0359 55.5929 50.8463 47.0937 48.311 50.6452 48.6498 47.0229 44.5212 43.8027 46.8517 44.5956 45.262 45.7534 48.1733 42.146 40.9585 38.6094 44.4058 42.3731 43.382 44.6329 45.6976 45.1503 45.5338 44.0819 45.262 44.5137 42.388 43.624 48.4339 48.1323 40.817 43.2778 44.5808 43.5198 49.8076 47.6595 50.85 45.8949 52.1902 53.3219 54.7329 64.2782 60.2948 66.1582 66.7576 64.8627 73.5741 84.0352 84.3144 86.3694 102.895 103.546 107.623 113.181 118.345 122.499 108.289
113.927 106.31 102.997 88.2256 88.4075 74.0753 68.4401 74.0222 59.1556 58.4659 55.3471 46.8318 48.6243 53.5319 52.1903 42.8679 39.931 39.9916 38.923 44.7779 40.7723 36.1414 35.1409 27.6413 38.5288 34.7392 29.5513 34.0495 33.4735 34.0533 33.7009 29.2254 36.13 31.1353 29.6271 33.3826 35.3077 31.8591 34.743 33.6819 34.5952 33.7539 38.8888 36.2286 33.7767 36.4711 33.7918 35.6108 34.4512 32.4011 37.824 34.4512 36.2475 33.1249 38.7183 39.2868 37.5094 36.5961 35.3456 43.7585 43.0764 42.8755 52.448 50.6177 57.833 55.9041 60.3077 67.2805 67.6026 70.5623 83.2953 92.595 109.012 101.637 106.81 110.649 111.979 113.233 103.547 104.4 100.057 84.1101 81.6545 80.7374 73.018 70.5585 67.2919 67.3449 55.6768 60.3152 52.5352 59.095 55.1955 54.5891 46.9834 47.1085 47.9384 45.0697 44.7021 44.0654 46.3202 42.1024 46.1876 44.7135 45.1303 42.2957 44.884 40.3062 41.6211 40.3403 43.4439 41.8675 42.4018 42.7504 43.2545 45.3501 41.1247 42.0532 43.3189 43.7964 45.1493 44.7514 47.0024 45.172 46.7144 47.7148 49.6361 47.3169 51.493 51.2316 46.7939 52.7512 56.2111 53.9677 60.5616 58.8373 62.949 66.8902 70.2212 73.7948 79.6081 85.2394 91.8257 96.3505 97.351 107.526 106.779 119.736 109.22 112.005
122.266 106.174 95.9351 86.4175 84.042 73.4177 73.14 69.5382 61.5362 66.9621 59.8008 56.9047 48.7909 42.6747 47.5183 50.156 38.6833 43.4421 40.8005 38.9957 36.1034 37.2025 39.3543 38.0046 36.3695 31.8537 33.053 35.6213 34.2292 36.4312 33.2574 32.6905 33.026 27.5268 33.2959 32.0079 31.3948 38.4404 33.2612 32.4514 33.2497 31.7225 31.7033 37.8966 32.2007 33.724 34.1521 31.8652 32.4514 33.3229 35.4092 36.4543 37.5842 39.1692 44.3329 38.6563 36.0841 41.2902 42.9639 43.176 46.4616 44.1092 42.4741 51.7641 53.0213 60.2636 57.4716 66.2333 68.2926 71.6939 79.2601 96.3361 98.5767 107.716 102.56 117.546 112.811 117.438 108.758 96.5598 97.2694 89.5836 86.6065 78.3577 71.9407 70.1398 67.1125 65.9903 57.2633 60.6107 58.131 57.6875 55.0382 46.612 49.7357 51.3939 53.9777 46.8395 54.7528 45.7173 45.7868 42.7711 47.2175 41.6334 41.9381 43.5462 49.4079 42.3507 47.6995 44.2481 46.909 40.6886 42.4934 44.4563 44.9422 45.3818 42.9562 44.8381 43.6156 41.3403 39.5587 42.2813 43.1181 42.5204 50.0712 45.725 48.9027 52.0649 51.0468 47.5568 48.6405 54.9842 51.8104 52.2038 62.4232 56.7928 56.0061 66.8387 60.1325 75.2148 79.4799 79.0943 85.9355 94.2614 99.5446 103.532 109.745 108.403 113.081 105.325
111.174 108.205 104.744 98.5143 83.9908 82.9119 75.968 69.7498 64.583 64.0023 62.7155 53.4883 56.6229 51.0402 51.1148 44.3395 48.9531 42.8252 44.1669 46.9092 46.5129 45.6773 43.5156 45.7361 44.9005 41.7973 36.7796 41.3697 37.7407 40.7773 34.0255 40.3418 38.8981 43.292 38.0114 37.8349 35.4928 36.6658 39.9338 37.3445 37.317 35.0769 37.9173 40.33 40.7851 39.6552 39.2433 40.0476 44.4768 35.1162 39.0864 38.5411 41.7973 42.0523 37.8271 40.1221 43.8059 42.3661 50.6715 53.3274 45.1869 55.6774 53.7747 50.8715 52.2682 56.1796 60.8952 66.062 74.4536 82.2175 84.6695 92.0333 98.836 99.2715 110.299 118.126 117.557 115.812 111.418 104.109 97.4394 88.2671 88.7104 78.9221 69.6007 71.3818 75.7404 69.3496 66.3641 61.5974 63.0059 59.6673 60.4754 56.721 53.2843 55.4381 53.8178 47.4152 51.0089 48.9021 54.2847 50.1693 53.1862 53.3235 49.263 48.298 48.2862 51.1344 47.4859 50.2791 44.873 47.3289 48.8786 49.3219 44.9986 50.2281 46.7012 49.9888 49.7181 44.8377 48.0155 55.5244 48.3646 55.9285 48.7766 52.2682 56.1678 49.8398 52.3506 49.8437 55.4734 57.1721 57.2741 56.8073 64.2024 59.6476 69.1495 67.8431 73.2492 73.8024 81.2917 92.4844 90.2286 93.9164 107.577 116.635 120.041 112.806 114.533 117.855
119.467 114.24 110.002 102.713 93.6796 84.7023 85.7955 82.5278 73.5025 71.1924 62.3666 59.9408 59.2864 60.0605 59.833 60.0964 53.3055 49.0004 55.9389 51.7454 52.4038 50.1056 47.2528 49.4313 54.4187 44.9466 44.0369 52.4477 44.6793 45.8443 50.2173 47.8433 48.3061 55.899 44.4399 53.5369 48.0428 51.4701 53.1619 48.7091 48.0188 50.9754 49.6787 52.6671 50.8597 48.5176 49.8742 42.7761 46.77 49.5909 55.1728 51.5938 50.9115 49.7026 51.0193 51.905 43.7736 56.4336 50.8198 55.5279 54.0277 57.7383 62.638 59.837 69.4049 66.8952 74.1529 71.6991 81.7138 81.6061 93.6996 106.994 112.388 113.518 123.129 130.092 132.047 128.991 116.247 106.451 108.047 105.274 94.4457 86.7092 89.7296 79.3318 82.7871 75.2741 70.3505 70.7654 77.9433 66.4204 61.3492 68.1241 62.4943 60.5991 56.3857 61.2455 61.0859 61.6445 56.4536 57.2436 61.5926 60.2201 55.899 55.0571 58.8196 53.5848 56.677 55.5159 53.9998 55.2406 54.7219 55.3962 58.2291 53.6646 59.6335 57.4431 58.3727 52.4916 60.8505 63.6713 51.2108 55.871 56.8725 58.8036 56.1344 63.4399 64.7925 61.4011 68.559 68.2638 66.6917 67.0468 74.3005 71.0168 71.8707 80.0181 89.5939 86.4499 93.9549 95.7344 94.314 105.434 111.459 109.847 120.632 126.11 120.392 119.307
114.626 116.541 108.959 100.992 89.414 84.9922 82.2336 68.7653 73.6861 66.7126 70.2582 67.4834 66.1406 60.1205 63.0332 54.5668 57.5526 51.8651 52.8062 55.581 52.36 45.492 53.4025 53.1794 46.924 50.7413 51.0862 50.8306 49.6866 57.8649 46.5589 50.3519 44.8835 54.0881 46.2911 48.1369 50.4168 51.9097 50.3154 47.4676 43.2892 46.0842 51.001 49.7069 43.1594 46.9686 54.3234 50.6318 40.6807 56.4856 51.1551 54.9279 49.8205 48.5345 49.212 51.2565 54.7291 59.3294 60.2462 55.9745 54.9766 55.0009 52.9725 60.7209 67.1305 63.9906 69.1385 73.6415 82.2782 86.3349 94.0021 96.1846 112.963 111.645 114.959 128.054 116.927 127.993 114.16 117.641 109.523 97.7789 90.9231 85.6169 83.6534 82.2214 80.8787 75.2885 69.747 73.9457 69.4063 64.2137 64.9966 62.449 69.2278 59.7148 64.096 62.664 61.52 57.4755 60.6519 62.2056 64.2015 61.6377 63.163 56.9846 58.8345 57.8771 58.372 58.3274 56.6601 57.228 63.5322 61.5687 61.8648 55.293 64.3313 57.4998 58.2868 58.1083 64.449 60.2341 57.7797 57.7676 64.806 61.1428 62.3638 60.2746 65.4632 66.956 66.4976 67.5767 62.4734 67.3779 70.7125 72.6395 66.8587 73.6861 81.6494 86.0712 88.0793 92.6269 100.412 101.706 105.434 119.32 118.168 129.012 119.369 126.667
116.274 124.591 111.705 100.659 101.067 84.9068 90.3539 81.7399 77.8474 77.0474 72.5982 67.1222 69.7447 69.5138 68.1695 61.807 61.9389 62.0626 67.8562 59.6916 64.8501 62.0915 63.4399 59.271 55.564 60.2483 53.4817 56.4217 64.1244 56.3764 58.1577 58.1948 55.0692 64.9532 59.6999 64.2069 60.0999 53.3291 59.9514 57.5186 62.4461 61.8441 64.945 63.6584 60.8215 57.4031 55.8815 59.7123 59.1267 61.774 70.2849 60.0751 61.6503 63.7945 55.8609 58.1123 62.0297 58.1123 61.1184 60.0792 61.1472 63.778 64.611 68.5695 68.986 75.4104 71.2539 79.7648 86.4036 85.1336 95.5206 96.9391 109.334 117.14 113.037 120.138 122.942 129.478 109.062 106.254 108.196 101.516 95.6856 101.487 84.5728 85.047 82.8162 77.6165 71.9425 73.9919 63.6873 71.6126 74.3053 70.2395 66.4748 67.1387 70.2065 68.7798 68.2891 68.9777 62.4956 69.7694 65.8068 64.7677 62.8997 59.8566 65.914 63.0935 62.108 65.8274 67.5881 66.7346 60.4834 61.3452 68.5365 63.3533 69.6045 63.5925 62.9698 67.8562 65.2996 66.5078 66.248 65.4686 62.8873 69.0066 69.9055 62.8626 65.1058 62.8131 68.5778 73.1095 73.5919 70.5777 67.015 70.3467 77.9752 75.0599 79.1339 80.9235 90.9147 89.8467 94.3661 98.8483 111.627 118.724 122.294 128.232 124.612 124.348
125.993 116.732 115.987 101.409 99.8415 98.1068 85.4312 72.785 76.5436 77.4404 74.0798 69.3573 70.0403 63.0049 67.8572 59.6778 55.7431 60.8134 67.3209 59.3342 62.9085 52.3784 57.5198 58.2992 53.5013 54.4525 49.4494 57.4025 53.472 53.1829 61.8442 49.0974 55.7306 58.5087 50.6226 52.7848 51.7791 53.6061 50.7358 51.2847 50.0025 60.4069 54.5028 57.1092 55.1607 51.9216 57.0589 59.4641 59.8328 58.6009 48.5987 59.9711 51.7163 57.4234 52.1521 65.0078 65.2131 59.8538 57.8215 61.6305 58.5674 63.6292 66.5289 73.2124 72.8017 65.6154 71.4399 74.3228 79.15 97.122 104.769 105.28 109.777 114.453 131.558 122.871 128.386 122.854 118.463 111.348 110.376 111.457 100.856 96.6821 96.0954 87.7777 79.1877 81.727 80.5663 79.217 85.758 73.5811 74.6873 76.2252 81.1906 69.7093 69.5501 76.0953 73.644 72.5838 75.3117 63.5748 67.4843 65.9632 64.8151 65.9255 58.4878 62.9336 64.4254 60.1304 59.4306 60.0424 62.4182 63.4071 61.7813 63.9477 63.361 68.2888 67.191 64.2159 66.9814 69.6381 70.9831 64.3709 68.2804 70.8072 76.8244 73.2208 78.3999 68.5486 76.7699 78.7226 77.3733 76.1372 75.6972 79.3804 82.586 89.2737 80.7046 87.0947 86.8936 102 99.2842 108.545 109.747 112.714 123.24 125.105 134.818 124.367
124.523 116.388 117.55 114.072 102.723 86.7671 78.832 85.3027 76.7844 75.1965 67.9936 67.1847 73.7278 67.3337 59.9775 63.7365 60.7055 60.433 60.0414 63.562 64.5539 69.3388 54.4136 59.5731 56.2696 64.3538 56.7762 55.8908 54.4689 48.2919 53.9879 59.7519 49.8756 50.7355 54.5157 57.5893 51.8423 57.1764 51.4805 55.2778 56.6868 52.7065 52.5916 50.9654 57.4957 51.2634 51.8721 53.5281 56.1207 60.084 58.0065 57.3978 61.2632 55.9802 60.4586 61.5952 65.103 61.5824 62.3147 62.7106 60.6118 69.3005 69.5474 74.4685 74.1961 79.262 72.5741 76.8056 78.3212 85.4772 99.0274 108.682 108.533 118.146 121.586 121.275 120.64 122.931 125.2 112.965 108.997 102.344 108.329 89.6066 91.9394 84.0001 92.0459 85.6901 79.015 76.8482 80.9307 79.7856 77.4868 81.1351 79.2918 77.9721 77.6485 75.8904 70.7734 75.3668 72.323 78.0657 73.7491 73.9108 71.5993 75.2603 79.9984 76.4566 77.9891 68.7939 71.5652 75.7073 70.4797 73.5064 71.0075 75.1071 71.7823 74.6856 72.7359 72.7572 71.9526 80.9648 70.3051 70.6244 74.5281 70.3605 76.7418 77.3931 78.981 80.5348 83.2976 75.0432 78.0828 76.3587 79.3428 81.5522 85.4219 84.6003 87.278 88.8829 96.6563 103.489 102.557 105.8 114.438 116.46 119.299 128.793 120.747 127.699
117.612 116.665 108.943 106.375 97.5152 88.085 81.876 79.9519 75.6021 72.0047 60.6417 68.7964 57.0875 71.5377 64.4553 61.3205 56.2919 50.0223 59.4137 57.9436 49.9877 50.9866 54.2986 57.3815 51.259 53.944 52.5604 58.5878 51.687 52.7204 51.981 45.4391 45.5169 48.0463 48.1674 52.4307 49.3046 45.037 46.213 47.0346 52.3442 50.7401 49.3867 50.4504 47.1643 48.7165 49.7759 48.7944 49.8321 53.7754 51.0082 57.161 54.2035 56.8713 51.8643 61.4502 59.8374 58.1641 50.7531 60.5725 66.4226 52.2707 63.0284 66.5999 63.0846 69.138 71.5896 80.7647 79.2341 85.6334 102.687 99.9582 98.9118 110.5 130.562 121.906 133.805 121.621 113.323 110.405 115.965 101.705 92.3396 93.693 80.8728 82.5245 78.4645 73.9288 71.1485 69.406 70.8805 66.8507 66.4226 64.719 62.0296 60.3044 65.0779 59.1759 59.0375 66.1718 54.9645 68.5586 60.2525 54.9688 53.1485 59.5088 59.1629 61.3464 54.5796 62.609 59.9628 63.984 65.6227 52.2837 64.9179 62.3582 59.0462 62.155 63.1408 58.203 57.6842 62.4922 64.0013 66.3275 64.0618 65.3589 61.541 67.1101 59.0937 66.3967 64.438 59.1543 68.9045 67.3955 70.487 72.5365 74.2833 78.9876 83.9817 83.8692 91.3624 85.054 95.2625 102.479 107.023 110.815 113.587 120.635 122.433 115.71
111.996 103.855 100.137 108.417 92.4881 81.5818 77.8147 78.043 68.2563 68.9632 62.3993 57.8726 58.7375 60.9108 57.7364 55.4138 48.3801 59.3873 56.9637 56.7529 54.7991 58.619 55.146 54.7596 54.8211 53.438 49.8729 60.6474 60.9811 49.6314 61.2489 60.8362 57.1788 54.5401 60.9679 63.8394 67.1104 59.8308 58.3731 55.124 63.5101 60.1293 63.071 64.9107 60.0986 52.6126 61.6924 51.1681 56.0636 56.6081 58.1579 53.5829 53.4951 55.4621 56.7925 55.146 54.0439 59.4137 57.7979 56.169 52.7399 56.2173 62.4695 59.3083 63.3037 60.7528 64.3311 72.6118 71.0312 73.8017 79.9661 94.3804 97.9719 97.2036 115.591 121.655 120.799 119.894 109.392 102.2 105.704 98.2968 94.0248 82.078 84.8001 75.1628 78.8904 72.3528 70.2277 72.9235 62.6407 63.2906 69.9204 66.3947 68.2739 64.6429 71.5273 72.2474 67.9709 60.1469 65.5956 68.41 64.217 65.2532 61.8373 66.1664 66.184 66.9567 61.5914 65.5561 57.7013 63.0842 59.3566 63.6067 61.0821 67.8831 65.2356 73.8017 61.4333 68.8315 61.0733 62.07 67.4133 65.701 64.9502 67.1762 65.6395 67.9402 67.5451 68.7525 64.4233 59.137 70.1311 64.2038 69.2135 67.0796 75.2418 74.008 79.0748 76.2692 79.3426 87.6935 99.0476 96.5099 103.921 111.811 121.049 115.293 114.766 113.44
118.651 115.263 106.309 104.588 88.8445 84.0573 78.0711 72.2319 69.1607 69.2454 67.0435 62.7867 67.4357 65.5948 62.3187 60.2192 53.9031 62.1003 62.0913 63.17 63.8253 63.2547 63.014 62.3454 57.1214 59.0737 69.3702 56.1452 65.8578 60.665 59.9251 49.8692 63.8698 60.9235 57.625 64.8415 63.91 63.5355 60.6605 63.6737 61.6233 61.4673 60.9324 62.2072 63.1032 62.965 63.1522 61.7125 63.3706 57.7186 62.0066 57.1258 61.6144 55.3741 68.9602 62.1448 58.0173 55.0442 62.0066 69.0761 62.3989 52.2138 64.6811 64.1373 67.8102 66.5041 75.8647 73.3685 70.8546 83.4244 90.4893 94.813 101.156 114.087 118.103 114.439 121.95 116.948 115.281 111.68 103.451 99.4843 92.0405 96.1814 88.1447 81.7127 79.4395 75.4635 81.9178 77.3044 74.4294 73.5602 67.7166 70.4712 72.8559 65.1892 63.8208 72.4949 69.4416 67.2886 67.5472 62.3276 64.4136 63.852 72.4236 66.4819 73.1724 75.3431 72.691 74.5586 80.6251 81.316 79.2389 68.6838 69.1607 71.2914 67.7656 71.1487 70.4534 68.1935 69.6778 64.4493 68.6169 66.8429 66.2902 64.6543 69.2722 59.2564 64.8772 63.6381 72.2319 72.3032 72.9495 71.4206 70.3375 74.2154 78.2761 76.3906 82.1852 86.6471 90.0659 93.0033 95.3033 100.055 103.59 115.148 117.287 120.559 114.256 121.669
123.216 120.447 122.039 110.2 99.5225 96.4234 92.1888 97.0161 79.2135 81.5571 83.9956 78.2273 80.2134 79.1864 75.8385 83.7965 78.544 71.2646 77.0193 75.2639 76.0466 67.324 71.3686 66.9576 64.2838 71.3551 77.4401 72.1966 64.9262 63.6414 68.3013 75.7299 67.5457 67.8036 70.7081 69.2875 62.1891 69.7852 70.0883 63.5237 62.9673 67.6995 61.0309 60.0899 67.3874 67.7855 68.9935 68.5003 65.5506 66.2337 63.4604 66.003 73.5629 77.9513 76.0873 72.3413 69.9616 66.3106 72.6445 62.6461 75.6033 72.8571 80.4215 82.8781 79.7972 79.8831 78.2635 92.2476 91.94 91.4604 96.4461 103.979 118.194 112.195 126.097 125.799 132.092 126.916 129.445 120.406 114.253 117.42 109.444 100.699 97.6043 99.0791 96.3149 90.5873 93.0213 94.3559 100.531 91.8586 80.9553 87.633 84.7285 86.1853 81.4485 84.4797 84.163 75.6214 88.3161 79.8786 75.9788 78.8742 76.576 69.8259 73.0652 75.0649 66.2925 71.0067 67.8488 68.8713 70.8755 65.6953 74.5175 72.3097 73.9203 70.1516 67.5819 67.5095 81.2494 81.8421 79.9103 80.9101 77.3179 80.5346 89.3341 85.2442 86.5517 86.5653 95.9801 96.6677 84.1584 93.0937 85.5836 94.9395 98.0567 97.0568 97.3554 98.9344 98.2241 112.33 104.35 113.832 119.623 118.189 132.481 126.867 129.368 114.792
135.382 122.211 115.008 109.682 107.272 105.059 102.764 94.8488 94.8672 91.9519 92.0437 88.7429 88.8806 80.167 81.3974 80.3001 79.2809 78.6749 77.7659 75.218 67.3169 72.4496 74.667 75.6174 77.8532 70.7785 71.7426 67.3399 62.5791 79.0147 69.64 71.2009 80.3965 72.7021 66.9221 69.2176 74.869 65.8295 70.2506 63.4009 63.9656 74.5201 73.2025 66.3161 72.9363 75.4521 67.3491 73.6524 69.6583 69.9797 75.5806 71.7242 72.5919 72.445 84.8911 72.3578 76.4391 83.1557 81.2459 81.8243 76.6044 89.7575 82.7884 89.3075 84.5605 93.3889 89.1698 90.5884 96.979 103.214 104.003 113.47 115.802 121.127 139.321 131.365 139.078 134.12 133.808 122.587 119.135 122.509 122.165 111.721 100.436 97.7503 93.0124 94.3117 94.8259 86.4428 78.2847 80.5939 88.0083 85.1527 78.3627 93.3292 84.4503 84.9278 77.5731 81.9942 74.9838 77.6833 84.2254 76.9304 82.1595 71.5222 72.6792 74.2722 75.3327 74.5247 69.4426 79.1111 81.402 73.579 80.3965 79.8686 84.5008 85.341 79.5197 77.5961 78.0781 82.2834 77.6052 71.5406 79.8089 71.357 78.1607 79.7676 86.3326 80.2083 83.8765 90.4186 84.5192 88.3802 80.7179 85.8873 93.9765 100.817 91.3551 108.7 101.092 115.205 115.021 118.855 121.83 128.712 129.74 138.155 140.097 129.896
127.831 128.534 119.624 124.808 106.424 101.301 85.8743 97.351 87.8073 94.044 81.9153 83.9787 85.0639 77.9376 83.457 87.2251 78.0587 73.8295 76.4751 77.5137 80.1221 82.3345 76.4704 76.4658 72.1154 73.4895 74.2999 77.3973 69.9915 70.2943 69.1671 69.0134 69.6189 61.603 60.2103 60.3966 60.2569 63.9784 58.4031 68.8457 64.0762 66.1349 65.2407 68.5383 64.3697 73.2752 70.1499 70.4107 75.1243 74.7005 72.2412 70.6483 81.6638 74.7377 81.5287 86.1072 76.2375 81.4914 82.777 91.6965 84.9754 89.4189 93.4944 84.1463 90.5833 85.0499 88.1101 95.3994 93.704 97.8866 110.43 108.571 118.613 128.278 133.728 126.08 142.88 136.276 135.512 127.868 125.041 118.669 105.94 104.747 101.799 105.059 94.2955 88.6364 91.2913 89.2931 94.6588 84.5376 81.0862 82.8003 80.3736 80.0475 72.5393 76.503 72.1248 68.8085 66.801 61.8312 65.6645 57.8209 61.1838 68.9249 62.7301 57.7417 61.1326 61.9477 57.8768 57.0338 59.1949 64.2672 60.7273 63.4661 61.603 59.0738 60.4665 63.0562 63.14 66.5774 65.767 63.7455 66.992 67.5183 73.9972 75.3339 74.0903 77.6907 83.0844 80.1407 85.008 85.9861 77.7327 90.5926 93.7785 102.824 93.4431 100.309 101.892 105.777 111.021 121.389 117.463 119.731 128.222 140.402 135.824 135.125
117.356 114.725 105.81 110.128 102.781 91.6978 89.1418 76.6361 81.0818 73.3053 71.4722 72.0769 69.3981 62.3256 67.6312 70.5651 60.9791 66.4926 67.4422 58.357 60.9933 61.083 68.7178 59.8546 69.6627 60.3318 67.8296 61.3476 69.091 76.6597 69.1052 75.4691 71.8171 85.7354 71.9021 77.8266 78.9605 80.0046 82.8063 79.7684 84.1197 83.4582 84.1197 77.0329 78.0109 75.2282 65.7366 70.0312 63.4075 65.7933 69.2328 61.0121 59.6515 68.5808 67.0973 68.595 66.7902 62.8216 69.3981 66.1477 70.5415 66.2989 72.762 71.9872 73.7683 74.0754 74.6565 76.2156 82.6456 85.2819 101.109 94.9955 103.802 117.229 121.344 130.406 127.42 121.892 123.409 116.057 112.481 106.504 105.191 97.0081 92.6238 88.6127 81.4125 82.3291 80.1983 76.2675 81.2235 74.8313 77.6093 69.4973 72.9935 72.7903 79.6125 70.6785 70.343 70.2958 77.7936 65.3587 68.1792 67.1115 71.7415 71.5478 66.7241 66.7193 70.0265 65.1319 65.9445 70.5793 72.7478 75.5164 62.4248 62.8594 65.3776 65.4485 69.6627 70.206 72.2376 72.5116 74.9069 74.2596 66.313 74.184 75.9746 72.9935 69.9745 79.9007 73.6785 73.2297 73.6218 73.0643 75.266 79.1589 84.9276 81.7952 88.9339 92.6096 98.5199 98.7373 106.58 114.569 111.456 120.224 126.21 125.681 125.284 126.928
122.949 112.24 110.837 93.679 94.666 88.974 81.605 80.6228 72.9136 66.685 63.8581 69.9143 56.3406 57.0545 62.1285 62.2866 59.062 63.9396 66.4837 64.8882 69.531 64.5576 67.5043 62.8951 66.1052 58.5254 57.2078 63.0723 68.1846 63.7575 59.1722 65.0368 66.2969 62.8184 60.8588 53.9114 58.8704 57.136 68.6542 62.1045 56.331 54.3858 62.0901 60.1113 62.2003 56.6137 62.277 63.0149 63.3646 70.8821 61.5152 59.7376 57.9553 61.726 56.9443 69.0327 61.7116 58.0511 60.8684 63.8725 57.869 69.8376 64.7445 64.6439 64.275 67.418 71.5577 66.5939 79.2046 83.2292 98.3026 90.512 107.032 102.533 113.884 113.668 118.541 124.156 123.026 114.013 105.523 101.767 95.6195 90.5982 88.3847 85.2032 80.3401 76.1717 77.7241 74.5666 78.2032 72.8226 73.479 74.9787 69.4447 68.6733 74.581 65.7411 70.427 64.8691 72.0368 63.7 70.5467 71.045 66.9724 66.2442 62.0806 65.5111 75.2518 67.327 70.0053 70.288 67.327 64.5145 65.4105 61.6781 71.9218 65.4584 59.7185 74.2216 73.0957 61.4529 63.8294 65.8513 69.5597 76.8425 68.6398 73.1436 72.9184 64.1216 70.3311 70.2976 71.6966 68.0265 78.1361 75.0505 78.2607 81.1211 86.7269 83.3634 89.1704 94.3785 108.278 106.184 111.201 115.728 124.88 126.327 118.45 113.371
117.954 118.823 105.313 98.7885 103.496 94.4746 76.6649 75.6205 68.9941 71.462 63.9223 58.7242 58.9719 57.0141 53.9487 53.5212 45.3354 51.0533 60.2593 56.3534 56.3631 55.7607 49.1101 52.841 48.6048 52.2435 49.4939 49.4501 53.2054 50.8492 54.2159 49.3821 45.452 54.7648 55.6199 58.3792 53.1082 52.8848 57.0627 54.658 54.177 58.7193 53.0985 52.3893 50.0865 55.1681 48.051 51.2282 42.9112 48.187 53.0451 58.6853 49.1781 50.378 49.0226 55.2701 51.5245 50.0477 50.4023 52.4913 57.0724 57.6748 59.7298 66.6331 66.123 65.6274 72.9874 75.6885 79.7207 79.7109 93.8284 103.098 105.357 111.206 128.243 123.293 119.066 123.744 109.743 108.398 99.3763 99.5755 94.7418 87.4012 87.0223 75.193 69.956 77.3839 71.9478 69.339 68.2702 70.3398 67.5124 65.3214 61.4204 62.256 68.3868 67.4638 63.5045 63.864 64.7481 67.0994 69.1787 65.5983 65.0639 69.135 72.6716 70.981 62.8049 65.5594 68.79 70.1892 68.9163 63.4899 66.5359 70.9276 61.843 65.0833 65.438 66.3562 69.6499 64.7481 62.5863 61.0997 65.6323 66.497 66.7739 61.5661 60.5459 67.0557 64.3789 66.225 66.1035 60.9443 71.9429 67.765 70.8499 70.2669 72.0255 79.5361 85.2588 92.9977 99.9253 99.2549 108.456 110.632 115.826 128.904 120.659 124.016
118.181 110.242 109.691 104.613 91.4443 90.9617 72.5674 69.4746 70.43 67.7509 69.8095 61.9544 63.2102 59.428 62.6882 56.8424 57.6747 52.2278 59.4624 54.5918 54.8282 53.9368 47.0075 51.824 48.027 46.0964 45.9536 50.4401 49.6719 55.557 47.2833 42.6096 47.1109 43.3681 46.9977 38.6895 43.1317 47.4212 39.4725 45.8108 42.9495 45.3922 47.7906 48.48 45.7566 48.4997 48.224 49.6078 51.0557 48.6081 47.6576 42.0384 51.7354 50.2333 57.1182 53.3458 52.4396 58.9798 56.8867 51.7452 59.9155 63.9342 59.8022 60.9103 69.8538 63.7766 65.8549 74.4881 71.9567 83.1853 87.3124 94.5913 102.737 106.071 116.891 125.962 121.451 116.423 113.059 113.463 100.343 99.6343 95.522 84.1309 85.0913 81.0283 72.6659 82.5894 82.161 74.6999 71.937 75.2268 69.583 68.2926 66.1799 65.318 71.543 62.7473 69.3022 60.8709 67.1353 62.0036 63.5944 64.3725 63.6239 65.7317 71.745 72.9614 65.7022 72.4935 65.4313 70.8486 67.6918 73.1485 69.0018 62.7374 68.1548 68.7654 66.9974 66.2882 66.3917 63.3087 66.7512 64.4759 67.2486 64.205 61.6047 67.2141 69.9523 72.6216 66.958 73.4834 69.0412 65.4165 74.2862 73.8429 71.4593 74.1877 79.1421 76.9505 87.4453 90.7548 96.4282 98.1421 109.385 119.442 117.147 120.516 126.494 116.935
115.795 111.168 110.135 98.2 94.017 89.5445 83.9639 76.0721 69.9724 67.9708 67.6563 61.6214 57.4335 59.2804 62.3602 56.9942 62.3103 61.7812 51.0093 64.5465 58.7862 58.7263 60.1639 59.8694 59.9542 57.0491 59.0657 52.5517 50.1657 52.4219 50.0509 51.9477 49.1524 49.7664 49.1873 48.2639 47.5052 45.3238 47.6699 47.4453 50.7846 47.5002 50.0559 51.3637 56.9044 53.7596 53.7946 52.6815 56.2654 61.5865 56.8894 65.5898 60.8028 53.7696 58.2421 57.5732 59.3303 60.2288 56.5549 62.2703 54.5084 64.4267 58.0225 66.2387 60.084 63.5482 62.9841 73.1121 76.3567 80.8292 88.1319 85.4065 104.015 105.143 109.935 121.406 115.755 122.724 115.661 107.225 107.29 106.456 93.1884 82.6561 91.3215 90.7525 81.5879 75.8276 82.0621 77.6046 80.2651 75.0039 83.295 71.7644 77.1453 76.0172 72.2286 72.1138 73.1071 74.6545 75.2585 75.1487 75.1886 74.7693 75.0888 68.1804 71.989 69.6529 65.8843 68.8293 73.2669 68.6746 75.1886 70.6163 70.4815 67.2719 70.0523 69.2336 73.0572 68.9891 65.5249 76.3517 76.5863 77.1653 68.3751 72.0639 72.7028 77.8242 76.6711 72.0589 76.5813 77.4748 76.5913 71.2353 77.5547 81.9123 88.2467 78.3932 76.4765 82.4315 87.3732 82.8108 97.0818 99.1484 109.211 110.409 115.691 113.035 120.787 109.785
115.564 113.748 100.824 96.074 91.6833 77.4692 86.3062 80.3424 68.8548 74.7782 68.6019 65.7995 70.2155 63.8976 68.7233 60.9182 58.0703 62.4104 57.0839 61.8236 55.3792 55.5917 52.2785 59.3551 58.5306 55.0909 56.1684 48.2014 58.8038 61.4645 57.3116 59.2742 66.5684 61.9804 66.2396 70.1953 64.803 61.596 63.4423 66.8416 67.0945 64.4186 61.1205 57.0637 62.633 58.0248 55.7434 55.6069 55.6625 55.7789 54.4384 49.3193 51.6613 50.4372 53.4318 55.1516 54.6154 59.3096 52.6882 57.9287 61.0244 59.2337 63.2197 66.5988 62.1727 72.9319 72.9319 76.2502 77.0342 81.1871 86.4529 92.3207 106.312 104.39 108.988 114.046 118.756 109.985 109.974 108.062 102.913 95.9576 99.5491 97.632 88.7292 84.2424 80.0591 86.8273 89.2654 82.0167 79.3206 81.9459 82.4163 78.0307 80.2159 77.1253 72.1478 76.7712 78.2685 74.8591 80.656 77.3681 71.2272 73.3466 69.8715 77.5552 72.6284 76.1743 72.7295 69.0268 72.6739 75.7848 75.3396 76.8116 73.9537 76.0175 77.2163 70.1143 73.9334 71.7431 76.7509 75.8607 80.398 77.8436 71.1614 77.272 78.9513 79.619 78.2078 82.2393 77.5603 79.5887 86.716 86.463 86.3518 83.7012 83.7113 86.4378 92.8214 85.2844 90.6463 88.3094 98.6487 113.95 116.242 106.656 108.133 119.727 122.464 122.266
111.267 118.156 110.934 95.4101 95.9431 88.486 79.0455 83.8631 78.0256 75.9037 69.5895 67.6368 67.4575 68.093 59.2777 61.0817 64.285 53.7989 63.6751 62.8653 60.9024 60.5692 54.4242 58.9241 57.6428 54.0859 62.609 54.542 53.3017 53.7528 49.4835 51.7847 49.8525 49.7705 55.2186 55.4748 53.3017 49.4784 52.2818 53.1941 49.914 48.9812 49.4015 59.2623 52.7995 58.0835 56.8842 53.23 51.9231 61.0049 53.5016 56.4691 56.054 56.9406 57.0687 62.9319 58.9804 63.2189 64.8026 59.3238 67.2832 68.0725 62.7679 69.2871 72.3622 68.0264 80.7726 79.4606 80.2704 83.407 82.0129 94.1852 105.491 108.879 110.719 111.027 123.101 121.015 119.124 107.326 99.7973 110.345 98.5621 92.8937 95.8765 92.6733 85.5185 91.1716 87.3739 79.5272 80.4498 80.6906 77.5797 78.3177 71.9727 72.2085 65.8174 66.5913 61.6763 70.7939 66.7297 61.4354 56.4332 57.1661 59.3546 56.6229 58.2629 62.6449 62.0709 52.2152 59.862 62.6962 62.0607 64.8026 62.4963 56.9816 58.5704 59.821 58.4525 56.7612 61.8249 56.5152 60.1028 59.6723 59.5852 63.2548 69.5639 69.733 70.9477 66.3607 71.1578 72.0701 77.1902 83.0533 74.1766 81.5465 82.4896 88.7115 91.0691 93.5548 90.5668 98.5877 101.314 101.176 98.475 109.535 107.844 113.569 124.772 120.723
121.627 119.29 114.353 110.962 96.5962 87.3389 87.6349 93.4135 84.0057 81.7783 74.7433 77.3808 76.4358 72.8482 69.5773 67.459 68.8348 67.272 60.7925 67.0125 62.5266 59.5464 52.0337 57.9058 54.4687 54.7179 54.0845 49.4066 42.1794 43.6747 53.5134 45.5126 42.6311 42.6882 40.0922 44.1264 42.2209 43.2697 45.5645 40.9437 45.1544 41.3227 43.9654 44.5832 43.2126 47.9269 46.7794 45.767 52.745 52.2102 56.5299 60.102 56.2028 65.2939 55.8602 67.6303 68.731 71.2958 66.3998 66.4933 74.8108 80.1533 67.8068 70.5845 78.414 75.8491 80.0494 82.0016 92.5776 87.2195 88.5071 93.3875 104.171 108.834 120.645 126.611 118.901 128.039 113.013 120.401 114.514 104.509 97.1829 94.5869 102.084 87.5362 81.1242 89.1873 81.9653 77.0641 81.2592 70.6364 66.784 69.8369 62.7706 66.5504 65.9689 65.5691 62.9368 63.9025 59.0065 58.1186 57.7137 60.6731 57.615 55.2942 55.4085 60.0656 52.1064 53.9236 50.2996 53.5186 47.7763 51.2705 55.0346 49.4896 50.419 52.5165 55.4811 56.7428 56.0003 60.1331 59.941 63.5079 62.1216 61.888 69.894 67.5368 67.4797 69.0062 64.9253 72.8638 67.5991 80.8749 76.4514 81.4097 75.5169 85.2362 80.4232 92.4218 97.6346 96.674 99.1766 103.553 116.232 118.449 124.846 123.74 129.809 112.977
128.371 121.461 118.342 106.058 102.34 96.9604 85.3649 84.9337 79.0176 78.681 78.8388 73.1489 72.3811 69.636 79.0544 70.8087 69.2101 70.2829 65.5342 62.0635 59.9863 52.7029 57.0151 58.5822 50.8939 59.4499 52.3769 51.3725 43.1584 45.9139 47.3759 43.4581 47.155 45.2618 45.9823 44.9568 40.0978 42.3327 43.1636 44.1943 41.5387 45.7141 41.3967 43.6947 51.7669 47.1445 50.0788 54.8643 55.59 55.3165 54.0965 57.4673 55.7477 56.5734 59.0134 65.7919 60.5227 69.005 63.9829 60.6015 74.0902 71.3188 67.075 76.9089 81.647 81.0317 77.0193 84.4446 86.2168 97.7807 97.6335 94.92 106.41 112.684 123.58 128.628 115.171 126.998 118.816 120.588 109.229 99.9736 89.1617 94.0523 91.7016 85.712 81.1526 85.1808 75.0525 84.4025 70.9507 74.6529 81.4314 63.3782 69.9516 72.4547 68.274 71.5765 66.6438 69.8727 70.3197 63.9776 64.8138 70.083 60.9328 66.0443 68.3792 62.6998 63.9198 64.0092 64.5246 66.8226 58.0248 56.9941 55.3218 60.6068 59.8758 63.5096 62.8155 65.571 60.5121 65.0609 69.2206 61.8373 70.5511 64.7086 66.7805 68.4213 72.5599 74.2795 72.8491 73.7273 79.2332 78.1867 76.3514 84.7286 78.3287 74.7002 80.4112 82.6882 80.1693 96.2136 96.1295 100.463 103.529 122.907 124.753 123.664 120.882 128.16
132.424 121.565 103.778 103.432 91.833 83.227 81.8743 77.9068 69.5298 69.7375 73.7369 72.331 65.7806 65.8285 61.6693 64.9924 64.8859 59.619 57.7604 56.0669 60.5883 62.2232 59.7095 54.9379 52.0142 50.9065 49.426 45.7461 54.1337 52.3657 52.8396 52.3923 47.5727 45.7514 45.352 42.4815 46.5023 50.4591 45.7621 51.1195 45.3946 48.6165 45.3147 51.5668 52.3284 51.4497 45.6609 53.7556 56.4024 56.5355 51.5775 50.0438 57.6859 60.7267 58.1385 66.7232 56.1308 60.551 58.9373 68.8215 64.2256 64.7741 66.3931 61.861 66.5262 73.2576 85.0856 83.5145 83.3122 85.2613 93.5105 94.5543 100.599 102.873 111.149 121.613 114.562 119.318 124.079 107.362 110.323 102.111 98.868 98.2822 83.898 86.7684 86.9548 83.5305 75.2387 75.8724 80.8997 82.7477 84.4625 73.7209 76.0429 73.3322 67.5434 74.7754 75.0683 69.9771 69.9824 69.1623 65.7966 64.9765 70.4245 66.7126 69.5031 74.7008 78.4979 74.0298 68.8321 75.8511 72.9754 78.663 73.5931 76.2772 72.118 75.3718 73.0286 69.8919 70.073 71.9209 76.1707 66.9363 73.6304 71.2499 79.1796 73.7209 74.1257 73.3109 68.4221 76.7512 76.3251 77.0015 74.4878 80.4684 76.7778 86.1134 85.9589 92.5679 91.6892 97.6005 103.565 103.645 109.343 115.926 126.539 118.53 122.258 121.858
119.639 110.628 103.958 98.7489 86.0554 77.9023 71.3075 70.3315 72.2458 66.3035 67.5222 62.5559 56.743 53.8959 56.2685 55.0822 49.1938 54.1493 50.6389 51.0973 48.8864 58.021 57.5842 55.9988 54.0145 61.596 62.5073 56.619 59.9298 55.3949 55.9827 56.7052 54.1385 60.097 50.9571 62.9441 65.4461 55.492 55.1145 61.6014 57.7891 56.6405 62.0005 62.0706 55.5782 65.7211 55.3572 63.424 57.5734 63.5534 61.7524 57.9023 62.6907 57.0665 56.867 56.193 54.3973 49.0859 52.9576 54.8341 54.667 50.2075 53.8527 56.0312 57.9994 58.0803 66.5192 65.0201 77.6327 75.3679 90.1212 95.1306 98.4792 115.341 121.99 122.157 124.923 115.934 119.692 107.441 110.617 101.062 101.116 89.83 91.6041 85.1172 88.9942 81.5313 85.9853 80.6901 77.0719 79.9244 77.7998 68.1423 70.2453 74.6076 71.9924 75.3787 71.4477 79.2126 80.3019 72.4453 80.593 68.4874 80.647 76.1876 80.7494 75.6214 79.0185 72.262 73.7125 72.2512 72.0732 72.8174 70.86 75.7022 76.6243 79.3097 80.5337 75.8155 75.589 75.2816 73.1086 74.5213 70.035 74.7101 72.3375 79.9729 76.9748 70.984 70.2237 81.1053 78.1396 82.7392 80.7602 81.2024 82.696 82.8524 81.445 93.3458 91.3506 98.0964 102.545 97.5248 105.662 113.723 115.061 114.985 125.872 116.5
117.064 125.018 109.945 93.2571 89.4467 80.3082 74.4125 65.9018 67.2065 67.8452 62.5335 56.0809 53.8209 55.0219 51.2224 55.5787 52.0248 53.2913 48.1216 52.2814 52.6581 48.1762 48.0343 53.2586 52.6526 59.8477 48.9841 59.3564 63.2159 60.2134 60.1534 68.4348 75.4824 70.1489 68.8551 78.1901 67.5668 72.5236 73.5445 73.2879 70.5584 74.336 68.9097 68.9152 69.0899 65.5196 67.9598 60.2189 54.6397 54.7598 55.5842 49.4427 54.5196 52.6144 54.3777 44.5896 52.6472 47.6358 51.8938 45.6541 48.733 48.1325 52.6472 54.6343 55.3494 66.202 65.334 67.5395 72.2343 76.012 88.7916 95.9703 91.5594 108.302 116.693 118.604 112.588 116.687 106.888 113.772 100.414 97.7554 92.8859 91.3028 83.7911 79.7077 69.4829 81.8804 71.0278 73.1405 69.876 68.9261 72.4854 68.2383 66.8407 73.6864 70.8968 73.0586 73.5445 75.6571 76.0884 77.5732 73.8611 77.2402 72.076 73.1951 76.9946 74.5817 71.6611 82.9832 83.54 78.5504 78.2447 82.7867 83.1742 85.2814 80.3137 78.9489 72.54 77.1147 74.8601 79.6914 76.4869 78.5067 73.801 78.3157 70.9514 71.2844 71.3335 71.3991 65.4214 67.6432 75.4988 70.9132 78.676 80.2482 76.7162 77.3931 81.4383 85.1013 86.9519 93.743 94.2998 103.815 107.614 111.889 115.814 117.168 119.777 114.608
113.893 106.008 103.333 92.7015 86.0373 75.4774 71.7143 66.8682 64.7186 60.8174 68.6088 62.5691 60.2372 59.4304 51.7937 52.6557 46.29 55.2142 52.1694 55.7612 51.0919 56.9217 51.7274 53.4183 61.5799 59.1541 61.591 58.3915 55.7999 60.9666 62.1712 66.2935 63.6356 63.7627 64.05 67.4042 71.7696 70.46 69.3935 67.0947 74.6983 63.2211 77.2291 62.9725 66.3266 64.3097 62.0883 54.424 59.5741 57.4743 57.7063 52.9652 57.6069 54.424 53.993 56.999 57.3416 55.6562 52.5949 56.7614 54.6395 60.74 56.1812 59.6017 66.6858 62.2099 64.2821 75.914 67.3379 80.5225 88.0819 86.728 107.759 106.245 112.318 119.524 122.972 118.673 117.269 117.341 105.229 95.7959 90.038 86.5678 78.6161 79.3068 71.6591 74.0683 75.0851 73.9413 75.0575 73.5986 71.1949 73.5655 76.7429 71.2723 69.7416 67.5258 70.2942 67.2384 67.9899 65.448 67.8241 72.7421 71.4325 72.2503 79.2184 72.9742 77.3562 84.7719 85.9047 81.3846 84.1033 87.3911 83.4844 75.8477 82.02 80.4562 77.2291 74.3833 63.4201 75.3061 72.6758 71.4823 66.5864 68.0562 72.709 69.7029 68.6641 71.8525 73.2505 73.1345 71.5872 67.8352 72.0901 76.6544 74.4552 78.3453 79.5389 81.5061 82.44 89.2312 93.8674 100.918 104.985 107.279 114.733 124.851 118.651 123.204
110.303 112.389 101.003 98.335 82.0101 83.0168 75.7576 71.2947 69.1415 64.5108 63.5154 58.9574 64.5612 60.6519 63.012 64.824 61.0322 54.9866 66.3284 64.5668 63.7335 63.2693 60.9372 59.992 71.2164 64.1697 56.9776 67.268 65.0254 61.955 60.8253 56.8881 55.2774 52.0505 53.7115 58.9742 54.4441 56.3456 54.6007 52.291 52.6377 55.4732 53.5102 56.7483 59.5893 57.1901 59.5502 68.2915 63.616 66.8206 60.8589 67.4917 66.8318 68.6326 61.2056 67.5253 66.1942 69.231 65.3162 63.1686 61.1944 53.7227 59.5446 65.7692 63.6384 68.2915 68.75 63.9124 74.0127 77.7094 83.5649 97.0878 94.4761 111.891 122.283 115.404 119.671 126.253 122.596 107.3 107.714 96.7523 100.477 88.1452 81.6858 85.1029 81.7753 81.2328 79.8682 75.6569 76.1659 73.0843 70.2097 74.9075 72.4971 70.7522 74.9802 72.6257 74.5496 78.045 73.9512 74.0295 73.7443 72.9781 70.3439 74.1749 59.2985 66.5354 61.6586 59.1419 60.0367 61.4237 53.5325 62.2067 55.1824 60.4618 62.8946 60.3164 65.5455 68.0566 71.9434 73.6156 77.2173 86.7135 87.8712 75.9813 71.7589 70.7634 73.9344 75.0138 67.7602 70.8473 75.752 74.9579 72.0161 73.5094 82.2394 76.4007 81.0426 80.2149 86.2214 85.5279 93.503 102.669 109.151 117.518 113.094 118.323 119.984 121.427
131.372 117.348 116.255 104.71 95.1231 98.1962 84.5684 82.2593 79.0448 73.4476 70.4991 72.7912 74.6418 75.1285 75.219 70.3916 68.1731 72.7459 68.2467 71.8008 64.2568 67.7486 67.992 72.2592 64.9076 70.4085 58.6313 60.7027 64.3304 56.7128 57.4938 50.0234 54.4151 53.3964 53.8605 52.5984 51.7665 48.5746 45.9713 51.7552 49.9611 54.4377 54.3132 53.47 57.7258 55.3149 58.0654 59.5595 56.1695 67.2676 67.6581 63.1872 71.3876 68.9145 68.6881 73.5721 67.8562 65.9942 71.1386 74.5059 73.459 74.0306 70.4199 70.6236 70.8839 74.5286 82.2989 81.9707 74.4663 82.8762 92.5255 103.974 98.4339 108.123 119.068 124.863 134.507 121.139 121.773 114.795 114.388 111.994 100.488 104.105 91.088 87.7659 86.5718 88.2979 85.8021 82.5649 81.6311 79.9559 79.0108 76.0113 72.5874 79.3278 73.3571 70.6689 64.5284 68.1391 64.1776 62.7627 63.0683 64.0417 55.4451 57.7938 55.6375 57.6749 53.3115 54.7603 57.7881 56.4638 52.9889 52.1117 54.9358 51.908 58.6936 60.5159 56.4072 59.5934 56.1525 63.2607 62.4005 66.0904 70.1878 67.2789 71.7159 75.6944 76.8603 77.8167 80.3408 79.5541 79.8088 84.4438 81.8235 76.9508 85.2079 86.9396 91.7841 94.0592 99.645 95.8419 105.57 112.067 115.276 115.633 121.677 129.368 128.31 129.572
127.465 128.117 113.436 110.532 114.466 103.071 97.7744 87.1295 87.1524 79.004 87.1524 91.7791 85.5891 80.6131 82.6745 84.6672 73.965 70.9301 79.1644 77.6068 73.8447 72.3101 72.1784 68.5709 73.4954 60.205 67.7521 63.3601 63.3429 60.9265 62.5756 62.2492 66.3034 63.4632 70.1685 66.4179 64.2534 57.4278 64.5111 70.3346 63.6235 66.8016 64.6657 63.6121 62.5356 63.8812 63.3086 65.0093 71.371 63.6006 62.2893 71.1019 73.1061 68.4221 75.7229 72.9457 83.522 80.2466 80.384 80.3096 84.6787 85.7838 84.4382 82.2336 96.8582 88.0972 94.8083 95.9592 97.8088 105.396 105.751 108.734 115.629 128.255 131.255 140.154 134.193 141.076 127.373 129.812 120.759 114.879 108.837 103.964 110.372 101.348 107.686 100.185 91.8478 84.4267 87.9655 87.9655 81.1342 77.3721 81.1284 66.5439 67.546 71.4512 68.926 67.2883 70.5808 65.1524 71.0275 65.2326 68.0212 70.1628 71.7146 67.8609 71.0962 75.6084 75.5111 70.7927 76.9197 74.5376 74.927 73.1003 75.9291 70.6896 69.6475 66.4007 69.2409 68.8343 66.9962 72.459 66.0801 68.256 70.2659 73.2721 73.6042 76.8166 81.7469 79.485 89.5574 84.0774 90.8515 97.637 95.5469 97.9004 98.7135 106.896 104.818 109.101 115.062 124.705 127.74 131.851 137.955 132.401 136.174 126.445
140.288 134.825 127.845 118.929 119.016 116.247 118.895 115.511 110.043 102.315 97.3216 105.519 103.804 99.0827 87.0681 91.3549 95.6822 90.6192 76.0151 81.3562 77.2316 76.9304 79.7342 76.9362 76.4612 78.3787 80.6958 77.4807 80.4294 79.0275 84.9131 76.8146 79.6126 80.6147 89.3795 84.9131 81.1651 81.1419 90.8567 82.37 85.0463 91.0884 87.9718 78.396 79.8153 82.7118 75.3084 78.2744 80.8754 76.8725 74.9376 81.9355 84.7741 83.21 82.6654 82.4917 87.5779 84.8841 89.0145 87.8385 87.4099 94.7148 91.0768 101.533 102.472 101.046 102.234 106.37 106.816 118.808 116.404 119.005 126.599 133.8 143.694 136.36 142.733 145.519 140.062 133.047 128.598 126.709 120.714 127.039 119.329 110.918 110.13 102.726 100.635 99.0305 90.9841 88.0007 94.344 90.9841 90.4975 81.0202 92.1601 97.5823 90.4396 83.9978 86.9986 86.1122 87.4504 83.4417 87.5141 91.7604 84.2991 88.0181 88.3136 86.5351 76.5597 87.9834 88.748 87.0391 84.9131 87.1028 85.9848 88.2383 95.7285 88.7422 82.5264 84.2817 93.4577 84.1311 85.9037 88.2904 89.5706 82.5496 92.0964 91.239 89.113 83.7487 95.9429 97.8835 92.6815 103.207 101.718 108.259 109.997 116.322 114.573 127.955 132.311 130.637 134.738 133.736 137.223 144.847 142.872 145.096
143.399 135.887 125.703 124.631 120.88 111.651 109.12 111.651 101.625 101.842 98.3322 99.967 94.7929 96.0351 90.7321 89.818 89.4195 89.4898 88.189 82.4464 84.972 83.7473 84.5735 80.583 79.7216 84.9309 90.2164 83.8469 87.099 88.8628 90.3922 83.5481 86.1556 85.3118 83.4309 82.9972 86.0267 85.2181 80.542 90.0348 78.0223 78.9716 81.0928 84.972 85.7982 83.5832 88.7574 86.0502 80.542 80.5889 82.4464 84.0344 86.9291 84.0286 89.8941 84.3977 84.175 88.0249 84.8665 88.898 85.4525 89.4488 88.8921 96.2109 95.6015 95.8535 108.628 103.67 119.498 112.724 124.941 120.587 132.541 130.672 137.833 145.14 142.655 148.251 149.476 130.49 127.49 123.453 118.302 111.159 107.995 108.546 97.254 94.8163 101.133 88.8511 87.8432 92.7596 85.8216 92.9353 89.3199 91.0134 87.9956 85.5638 90.0875 89.6891 82.9738 85.6165 87.1576 81.8019 82.9621 80.6826 79.288 81.6319 78.9775 81.2276 75.2214 73.774 83.8176 75.0104 78.4677 74.0377 86.7123 76.2996 82.0831 82.4874 87.3862 84.3626 85.0657 85.0423 85.0423 88.7925 90.779 87.5913 92.074 91.8161 90.5387 89.7769 95.332 85.3939 93.6268 98.2384 99.0763 101.936 98.672 108.434 106.301 110.995 123.763 126.523 132.641 138.19 148.081 140.786 145.907 143.352
143.925 128.913 129.257 121.677 117.742 113.736 117.167 110.784 103.844 104.573 102.434 101.017 94.2197 95.0138 86.8352 97.7104 96.3591 89.0221 91.4579 84.4409 85.2825 88.7139 82.497 86.5211 81.8925 83.5697 77.7736 77.0565 81.614 83.309 74.7511 78.7337 76.6535 69.7965 75.2074 79.35 76.6653 78.147 70.7092 72.2382 72.819 70.3477 74.9289 77.3528 78.6803 80.885 79.4449 81.3591 76.8431 80.4702 83.7238 84.9506 92.6076 85.0217 87.576 90.1304 88.6487 88.5717 90.2726 93.6863 98.4334 99.3876 103.382 104.395 99.2927 106.304 102.25 110.713 108.431 117.215 113.137 122.459 122.377 130.899 135.522 132.007 142.544 141.318 136.648 139.86 125.233 119.342 125.399 116.343 109.966 104.502 105.747 104.467 102.629 98.7179 96.4125 82.8348 83.7475 83.3801 82.5504 81.448 80.8257 84.5239 74.4903 76.5053 71.5508 75.4267 68.6764 69.4468 68.1015 65.8257 64.2493 68.9431 63.0996 58.1154 66.2228 65.322 70.6499 67.5504 59.68 61.9972 64.2967 65.5828 64.516 67.6452 65.9858 68.7712 69.1683 66.371 73.5065 74.597 75.5571 78.6507 85.8396 78.0107 91.3275 88.2517 94.7056 93.0106 100.146 107.015 102.866 100.425 111.679 110.203 114.269 108.852 121.63 126.887 129.595 144.162 135.741 136.713 133.258 135.29
132.11 125.643 110.72 111.589 99.1709 99.093 94.2445 88.6947 81.9822 86.4532 84.7691 75.3596 80.1363 82.6594 86.603 86.2914 83.043 85.8658 87.2803 87.52 91.2838 88.7246 88.5868 82.144 84.3316 81.7065 80.2202 87.6099 82.7254 82.0541 81.7485 74.7003 75.7791 80.1542 78.602 77.8288 80.1003 76.3305 77.1156 74.8861 79.3631 72.5008 77.7749 79.447 77.4992 79.9864 78.584 82.8033 83.6423 79.3451 84.2836 73.8793 88.0534 95.1794 90.0552 90.5946 89.1082 87.0285 86.615 81.0892 87.1904 88.443 90.5766 77.9367 84.7211 89.6476 79.0275 84.6312 87.1424 99.0271 97.2771 104.841 119.884 113.525 125.428 136.929 135.287 140.507 136.677 126.069 117.726 113.914 106.974 98.9971 97.0134 97.9843 94.5441 95.9226 97.373 94.0047 87.9515 95.9526 86.8487 88.3351 86.8967 83.4026 83.3367 80.9753 79.8486 79.3571 75.875 71.8715 76.4324 66.969 76.6781 68.8629 70.0256 73.5856 63.0913 71.7277 64.5357 64.8953 65.5246 68.5512 71.7636 75.893 67.886 69.7439 73.0522 66.4776 73.5736 67.9759 72.2251 75.1379 77.5532 72.333 80.7416 79.3871 78.8777 84.7451 83.6423 87.2803 84.7271 88.5748 90.157 97.325 100.747 93.3155 97.0014 99.117 112.554 103.804 108.958 117.067 124.804 126.027 131.259 138.277 140.015 127.052
123.08 119.195 115.056 100.1 100.603 88.277 95.6824 82.5199 78.2839 76.9326 83.4956 75.4175 78.2173 69.6241 75.6902 82.1745 71.9027 73.3208 81.8594 73.2299 74.4964 82.1685 79.805 87.7801 85.1076 81.1322 88.8285 79.9202 82.9926 77.1325 73.8298 78.4354 80.3141 70.8301 75.9932 75.8781 72.5329 76.872 72.7208 77.1689 78.2658 68.7151 78.9445 77.2598 78.4051 83.3744 77.3931 76.0054 90.9737 82.6108 81.8109 80.3201 78.4051 75.5751 74.4782 85.9378 77.5022 70.6422 73.0056 75.4539 82.3018 82.0291 71.527 78.5991 85.1864 74.0722 81.3685 79.3445 83.9683 88.0285 89.489 100.264 107.281 113.214 118.88 129.395 130.146 126.825 128.261 116.529 117.074 110.602 112.984 101.852 98.3852 97.0883 88.2831 82.6472 87.0529 80.7383 78.1082 75.2236 76.1084 74.0419 79.8899 73.3026 76.3205 77.0174 71.9269 79.0839 76.478 76.6538 81.217 80.5141 81.6776 76.8235 90.5435 80.9201 86.459 75.466 77.9143 76.4962 78.1688 79.8959 75.9205 75.1751 84.5561 79.3384 83.7319 89.3193 85.2348 81.1019 81.92 77.6961 77.7385 72.4178 78.0537 72.4542 74.7509 73.9328 79.8596 77.278 76.8901 73.1693 79.1384 82.726 85.2227 86.9741 90.998 96.1369 95.5006 109.045 108.699 114.56 117.759 128.789 129.031 131.279 130.794 127.092
130.104 110.087 110.406 96.4794 97.9928 90.2852 83.0739 81.9956 79.5816 69.6806 70.3913 70.1463 74.2329 71.923 76.463 76.6836 70.7099 72.9462 70.9856 66.1516 66.948 69.7848 65.3612 71.0775 66.8623 65.3612 69.2027 67.4198 65.9677 70.4587 73.467 71.0714 68.3143 66.415 62.6286 56.5508 65.9065 67.9712 58.8912 72.0333 64.8833 70.6915 72.4377 65.8391 68.1673 69.7848 76.2731 71.9108 66.9297 65.4225 77.8967 76.2302 68.9025 68.5655 64.7485 70.9244 68.829 72.7257 71.1694 66.2373 71.9108 79.7164 73.7182 70.8141 82.1671 76.1873 77.5107 74.0245 81.487 86.9277 95.8239 96.5591 100.1 107.502 115.387 123.168 130.557 123.272 127.831 111.766 102.392 104.083 97.3066 97.6068 90.9163 91.3206 85.5798 90.1994 79.4836 84.0848 86.5049 78.5829 83.1597 83.7111 73.0014 72.2355 74.2512 72.5847 71.6535 69.0312 68.3695 71.6535 70.4832 73.2893 74.3799 68.5533 73.0014 79.7531 78.3317 77.1002 78.0009 80.4026 79.3059 80.6109 68.204 77.1064 78.9015 73.6753 68.0631 66.5927 73.5712 67.2605 67.475 67.1441 75.8932 74.1961 72.6889 75.2132 77.8906 69.0557 85.7758 72.2478 81.9159 81.9588 83.8152 88.9434 90.9224 84.2931 91.8721 92.1416 94.6291 95.7013 96.4672 112.103 111.613 119.792 124.118 129.577 128.701 124.013
122.064 116.453 100.046 95.4685 97.4567 81.9231 82.177 77.5875 74.9429 77.5689 65.64 66.4142 63.5032 63.9492 63.4723 68.3528 67.4362 59.4588 63.9616 65.095 61.416 60.2082 65.1693 58.0776 58.4307 57.4892 55.2471 61.1001 58.3377 64.0854 57.2043 59.242 50.7629 64.9463 64.7605 66.3337 65.7577 61.2673 66.4947 67.3433 63.8687 62.153 63.9739 62.6857 60.8214 65.5719 60.5922 55.1418 60.3816 56.7336 59.3349 54.9684 64.4075 61.4284 67.1079 66.4142 66.8726 64.0111 60.8647 57.7803 60.072 72.4468 66.4018 72.0938 61.7133 70.3224 81.3718 70.7807 77.4513 96.379 86.7913 103.378 111.64 115.66 117.313 127.942 124.052 122.943 121.383 125.322 108.661 102.424 97.3576 100.275 93.7529 94.2979 87.8813 82.2885 80.3747 84.543 76.3054 81.4214 75.8347 77.4884 73.3511 76.5408 74.0138 67.5167 65.256 68.1051 71.1276 72.422 67.2937 64.4818 69.0775 67.5724 67.3371 68.5448 72.6636 71.2205 80.7711 71.332 68.0122 67.7706 75.4507 67.814 61.8062 67.1637 69.5172 75.0296 70.756 61.4655 72.9919 72.1309 71.0718 66.055 73.2582 72.422 70.5578 76.9372 72.7008 78.083 78.8201 74.2182 80.1021 80.5543 87.4168 86.1038 88.2715 88.1662 102.232 102.207 100.008 115.777 109.571 110.612 117.728 132.036 124.337 119.122
121.039 108.712 114.828 98.0066 92.2032 79.5822 79.6073 85.1603 69.7659 70.4608 78.1736 65.6967 60.006 58.0277 60.7071 63.5243 59.4112 63.2989 61.7589 59.718 57.339 61.4584 59.0168 57.9964 60.0122 68.589 65.2459 59.6241 66.9863 68.2572 59.9747 65.7467 60.8636 68.8206 61.6211 68.3824 61.5773 60.5005 64.9392 65.8657 67.6812 64.0001 68.7455 57.3766 61.9154 58.7539 66.4417 63.8123 70.6048 63.518 62.5915 60.7009 55.1166 56.256 63.662 62.8169 56.3061 62.9296 61.2893 65.0018 57.0573 71.3498 60.2126 64.3507 65.1896 76.9842 68.8582 73.7788 87.0697 89.0918 85.0538 88.5409 97.1114 112.005 121.014 119.924 122.022 121.045 115.129 111.855 103.04 100.335 92.8293 96.5104 86.2558 86.187 83.6515 77.7667 80.8343 80.972 78.6995 82.1052 75.6883 79.5635 78.2488 78.4178 84.2713 79.7074 85.3731 83.8706 74.8431 87.8522 76.0952 77.2534 79.0939 63.7309 73.5472 60.9701 70.8803 62.9984 59.0356 61.2831 57.6959 58.948 62.435 60.4004 68.7517 67.6687 75.3314 72.0823 75.9262 78.8498 79.0626 73.541 89.7304 79.9391 85.0726 82.0739 81.1286 79.1252 78.5054 81.4165 83.1694 73.7663 76.6899 84.4716 79.8264 81.8235 83.9207 90.7445 87.0885 88.3155 97.7687 98.3447 107.266 120.97 117.89 126.316 121.765 117.921
121.893 105.734 100.292 94.0093 86.3787 81.203 72.5791 72.9081 75.4327 63.0883 68.0995 68.3336 65.3218 69.1434 62.3101 64.9865 66.8024 73.718 69.3396 69.0612 65.9229 75.7553 73.06 75.0151 61.6584 68.7005 66.8657 72.7563 73.022 69.4345 71.3959 67.7325 72.6044 63.12 71.3579 71.2504 73.1232 62.4936 73.1992 73.8509 68.0045 66.7834 65.3028 72.6424 69.2447 72.2121 71.6237 69.9723 70.4911 72.3766 70.7126 69.1181 72.7499 67.8084 69.9027 69.7382 64.0374 66.3785 70.8518 60.9308 63.6578 69.7445 63.6831 70.8012 68.3336 62.6517 62.424 73.7306 76.0211 85.7776 78.7481 79.6466 88.7261 105.512 116.939 124.766 128.644 114.585 121.722 109.764 102.222 99.8556 98.2675 94.0599 86.1193 83.0316 87.4227 78.2862 84.974 74.5532 78.2989 81.0132 80.2919 81.8927 85.9231 87.3847 86.2774 84.5248 92.2819 87.043 89.9029 92.3072 84.2274 84.6007 68.6879 73.4839 75.034 74.3317 67.7451 74.8189 75.5908 66.3785 76.7297 69.0928 73.737 72.1805 72.3893 75.3251 70.4911 71.282 77.5649 83.8731 88.0237 79.7858 90.3775 84.9171 82.633 87.6062 84.8791 90.0674 86.2521 88.6501 82.4938 77.0651 81.8421 83.4492 77.2865 78.8683 82.8608 79.6149 84.7083 92.8261 104.095 106.6 116.186 116.521 121.039 117.66 121.178 110.188
122.726 110.724 97.3864 93.5884 84.1381 76.2672 68.4282 72.2773 66.5483 64.4767 63.4409 58.1595 61.3117 57.341 67.7568 65.3015 71.932 70.7747 67.6992 69.1443 68.9972 65.7938 67.6481 69.3681 64.336 65.391 67.9806 64.2465 68.0509 72.0152 80.7301 73.9653 89.6945 82.0025 80.5319 80.6534 77.7825 87.0921 84.4258 87.8914 84.7967 83.4284 87.1369 80.4808 83.6394 67.7632 72.4564 68.6839 63.0061 71.7978 66.7146 64.6877 63.2235 63.07 67.4499 64.7324 66.3373 64.5854 67.0918 68.588 62.9997 62.8654 59.5725 56.8615 60.57 62.3731 69.8924 64.9243 71.4077 75.2953 80.3081 103.128 105.673 107.598 113.269 114.625 125.692 119.97 116.466 110.66 105.884 103.934 98.3391 99.132 92.2521 92.1242 82.1688 88.9528 85.0333 79.8286 83 82.6419 77.5523 83.7097 74.6303 72.8656 77.1687 73.1981 66.4908 77.3285 71.088 77.7953 80.4872 83.5371 81.0498 89.0359 76.9449 87.7507 91.8364 92.1817 81.069 90.2955 86.2929 88.7929 93.7227 87.7315 91.0436 92.9426 79.3554 81.4399 82.9233 66.478 76.2927 69.2849 67.3348 67.8975 71.8809 70.6724 74.9052 76.3758 80.3721 79.9117 81.6956 75.3912 78.7736 89.8671 87.6228 86.4208 89.6561 88.9656 97.3289 93.8186 91.6574 102.028 101.063 107.988 110.98 120.769 125.571 114.663
116.345 118.71 103.217 92.395 79.3443 86.9615 75.7199 76.7277 67.1206 62.5206 62.1975 62.5335 64.924 61.6871 58.4761 62.3849 70.0086 66.9914 65.0596 60.3304 61.2672 57.998 62.359 66.5714 62.9276 65.7703 67.8378 73.2454 66.061 79.4219 69.2979 74.3825 73.7752 78.7047 81.1792 80.0485 83.589 82.3421 83.6536 76.3272 75.2934 76.1204 77.9165 76.4693 72.4184 69.5886 70.1572 76.5145 70.0086 70.1313 65.5248 70.1636 64.4588 59.8135 70.59 69.4788 64.265 57.4424 62.863 58.1143 63.1989 59.9233 64.2068 60.9118 65.3116 62.2621 64.7754 66.145 83.0593 79.4283 79.8353 87.2329 100.691 110.899 118.826 113.78 120.344 127.102 129.247 110.931 114.206 111.228 106.525 94.5077 98.481 88.5315 93.9198 89.1905 94.5981 82.0772 76.9797 76.7471 73.6137 74.208 74.6797 65.8478 60.2528 60.0267 67.4824 64.9756 67.7215 70.1184 72.2634 79.1505 79.803 83.0011 84.2286 84.7197 84.0994 91.077 87.4784 92.8537 96.4071 91.3936 89.0419 86.3736 83.5309 84.9329 82.6522 84.2093 82.607 70.422 80.5719 65.8414 69.4142 71.7659 68.8392 70.9647 62.9793 66.0481 73.394 70.8743 73.6589 79.2991 82.7168 79.6609 86.7419 85.8438 90.4697 95.9743 100.187 97.8285 97.8996 106.706 107.759 108.721 122.786 115.24 118.839 113.276
117.326 115.785 101.777 99.388 94.8252 93.4349 89.427 77.5926 71.4045 76.1304 70.4711 68.5977 69.159 65.941 65.2621 63.5584 60.6798 57.9839 61.9004 63.3039 64.2308 70.4515 68.6303 74.4724 68.8522 72.2922 71.4502 71.868 67.8013 70.1643 63.4997 61.8547 62.3247 62.0506 62.1485 67.4358 64.5571 59.1654 59.1001 58.4604 59.433 63.6041 64.2308 61.7634 66.1564 65.7517 65.2752 62.7294 65.9867 66.5219 73.0299 66.5089 65.1903 72.4815 67.6316 61.5414 61.1237 67.3509 64.2634 66.5415 64.8117 73.0233 61.7177 66.6459 56.8612 68.4214 70.4058 74.616 77.0051 88.5001 89.5118 98.1282 106.836 109.382 114.78 126.98 120.681 133.24 123.853 115.302 106.327 110.165 95.8109 99.4794 88.3695 91.457 80.5561 82.0444 82.0378 81.3459 73.9763 78.9895 79.4856 73.2518 72.1682 71.6264 71.5416 76.1892 76.3263 74.1395 73.1147 76.979 72.7035 67.7099 68.7217 68.6042 67.6447 72.8797 73.2518 67.0702 76.2479 77.4359 71.2283 74.5965 72.2139 69.0089 72.475 69.1656 73.6173 67.736 71.2348 69.8901 69.975 71.5873 73.6565 75.5103 70.5755 68.9697 73.1082 74.5312 74.9751 79.8576 81.3198 73.2387 78.761 74.4072 84.9817 83.1279 89.2768 85.7455 95.5237 95.7195 99.76 111.235 121.471 123.018 118.37 122.717 123.82 119.689
134.26 133.178 121.579 113.936 101.611 93.3027 83.9454 81.9407 81.0373 81.6835 78.5512 73.5132 71.4294 69.3852 68.0729 57.133 65.4682 67.1629 62.9425 64.7164 63.2195 63.6086 62.4875 57.7528 64.9142 62.0391 70.9612 60.8456 58.92 64.2087 58.6035 60.1598 54.5942 53.1698 52.3521 49.3649 53.8358 50.42 48.8374 49.8529 48.1779 53.4006 53.3742 59.7245 55.5306 59.5135 56.7175 64.7098 62.6326 59.2629 64.9142 61.7094 67.486 63.6218 61.7028 66.7343 68.5213 70.1435 67.1431 63.9581 66.1012 72.0559 76.0718 69.1939 70.0512 79.6393 80.7735 77.0148 86.4578 90.9155 93.1312 104.671 111.444 126.67 123.597 131.477 134.853 140.709 136.64 116.066 114.886 101.77 104.909 87.9283 95.281 84.2685 79.1645 72.4581 72.2801 68.3235 68.1916 75.4387 68.4686 67.6773 68.429 73.9616 71.3635 71.7196 75.4124 67.6575 73.8759 65.1648 68.2114 67.1497 66.5035 62.9953 62.138 64.2416 59.408 62.7711 56.2427 61.4984 57.1396 56.7043 59.7311 64.1031 58.4914 62.9623 65.0263 63.8262 62.2238 69.6358 69.6094 72.0097 67.8949 74.5419 63.9779 71.5151 75.3332 71.1986 70.5458 63.3976 68.7323 74.0671 69.8995 71.2975 70.1105 79.1447 89.7418 86.4116 95.0634 97.8791 99.0199 112.703 122.199 124.955 136.403 137.023 135.348 129.875
133.028 132.276 118.834 115.636 101.708 100.582 93.2883 85.9612 84.7821 79.4266 77.002 77.0553 75.1902 72.8721 74.8039 68.2161 68.0762 62.9338 63.893 68.7489 68.5225 59.2103 60.1628 59.8098 53.1687 55.2603 51.8831 56.9389 47.6333 47.5934 51.9497 41.6117 43.7633 42.7308 44.8956 45.3752 40.0064 46.1146 43.8032 48.8457 46.048 48.7058 43.9964 42.6176 50.2645 44.3494 53.0221 49.978 48.8923 61.0954 58.8439 54.6674 56.7723 54.5342 60.5825 66.664 63.2402 71.4267 68.5691 73.5449 67.5499 70.9871 78.9137 71.3268 77.6015 76.8888 83.5432 83.6231 80.4524 97.4848 106.571 110.887 117.834 118.121 141.341 135.773 137.758 137.791 126.967 123.243 108.669 108.462 102.694 91.0635 86.4008 77.042 82.6573 80.2793 75.4766 73.3917 67.8564 65.0187 69.4883 63.873 67.7764 65.3318 70.221 66.2311 65.4317 71.3068 72.4525 65.7648 68.5957 65.9446 66.9171 64.4792 62.3876 56.366 59.6233 53.9547 58.1312 56.2861 54.1279 54.9605 55.7598 57.1787 59.51 61.495 66.7573 64.4059 67.1236 71.8663 69.6215 74.4841 68.4425 69.2352 72.8855 69.4284 69.5683 67.5033 65.8647 65.4117 73.3984 77.415 71.9729 73.1319 71.6398 80.3326 84.9087 81.798 88.6989 97.5581 100.536 107.023 119.773 122.943 125.888 135.759 134.84 143.067
122.588 125.562 114.111 117.092 99.2829 90.9135 102.142 86.4193 87.6908 71.988 85.9079 80.9293 81.4205 75.1838 75.3519 75.0156 71.396 64.3183 66.5317 62.2192 65.3409 56.4534 63.4167 59.6491 48.2252 57.5164 48.3127 46.1194 51.6228 42.5604 41.8069 45.635 45.5543 40.6362 47.8687 40.6026 39.3243 48.1916 52.2956 46.5971 45.8436 47.6197 44.9622 45.1775 46.0185 46.3213 45.884 43.6234 53.5672 52.7935 49.5775 59.2724 58.9158 60.5776 63.0467 64.7825 71.8736 70.2455 69.9226 65.3947 70.3868 75.9036 76.3813 77.2088 75.2376 82.6046 86.2174 83.3245 92.2456 98.8456 103.131 110.808 105.251 124.452 126.342 131.691 133.104 124.593 134.887 117.327 105.486 111.487 100.736 94.412 84.67 85.1612 86.5269 79.3617 75.325 80.3709 76.0045 76.0382 73.9055 73.966 70.333 66.4981 74.7599 69.5862 65.0516 65.9397 61.3378 62.2999 64.0021 63.2687 58.4583 61.7213 62.7507 60.9745 66.9825 56.3525 56.662 57.8057 51.7708 60.0999 62.0644 59.5482 60.1403 64.4596 62.3066 63.5849 63.7599 58.3708 60.4834 65.2871 65.4284 68.6577 64.2779 71.1538 73.9929 73.8315 77.7538 77.1819 77.4779 83.2168 83.8089 79.9269 84.3336 80.4718 85.1342 88.8682 88.9758 96.538 105.647 107.794 119.749 119.749 126.026 138.473 136.885 125.427
122.453 111.235 119.293 102.11 97.4146 87.08 94.7715 86.9985 83.9884 73.5043 79.6738 76.7386 77.8393 67.8512 83.7846 75.434 77.5403 73.7761 72.1997 71.0786 68.8024 65.4663 57.007 51.0005 57.7476 55.1588 52.3798 51.8091 55.118 50.09 48.7243 46.1559 46.2171 46.7539 50.0357 48.7243 44.6543 47.1004 39.9932 45.3813 46.1695 46.0608 54.7375 48.5612 42.4053 50.4909 43.8118 55.8722 55.5665 53.5145 55.4374 58.0261 63.8288 63.1357 65.8807 67.8444 60.5605 76.3105 68.5171 74.5575 79.6603 69.2713 75.6242 81.6171 79.1031 74.3401 83.2138 83.01 85.3949 94.9006 98.726 97.1972 101.301 115.774 118.458 127.909 127.861 131.85 125.028 116.317 108.232 99.5006 97.6864 93.2767 102.776 86.8965 84.7426 90.2055 87.2295 89.2611 81.5695 86.319 81.7938 75.6378 82.7586 74.6662 75.1282 68.5306 70.338 64.549 62.5378 59.8063 57.9922 56.2595 60.8595 59.2764 55.2064 57.4214 71.7649 65.1197 66.9203 64.5286 66.3835 60.941 68.4899 66.832 57.4758 55.9266 58.196 54.8191 55.5461 60.8052 56.8575 68.9247 67.593 67.3144 71.1058 68.9383 78.1043 81.6647 76.3241 86.4481 81.7258 84.1991 81.2774 89.0912 87.9497 83.3497 86.4889 99.3035 96.9458 102.735 99.8267 101.709 114.17 112.811 126.36 131.463 129.995 121.291
118.057 103.148 102.942 97.0272 85.1226 84.9511 82.0899 75.153 71.0362 74.7962 76.8066 77.5202 79.462 72.4565 70.6794 62.0134 67.1663 64.4698 61.9036 54.8364 59.5502 58.7131 59.1797 58.8091 55.2618 63.9758 55.598 59.6874 59.9893 60.0854 56.49 52.6613 57.5055 48.5719 54.0405 57.7937 49.3335 45.2167 49.2786 54.1159 55.6666 50.4863 54.7678 54.4865 55.3647 69.8217 61.4645 62.1506 62.2193 54.1914 53.3406 59.2963 56.4694 56.8262 58.7954 55.7146 66.3087 64.8746 70.0687 67.9828 75.8186 68.9434 69.5267 72.5525 73.2799 77.7535 83.5582 75.9489 85.994 82.1105 82.4673 91.5792 100.629 107.299 114.037 117.014 114.489 117.351 112.657 108.335 105.741 104.506 102.345 100.499 94.7218 100.952 94.365 92.533 92.5947 83.7709 79.908 78.275 79.9148 76.3881 81.6645 72.6692 71.6057 74.5149 68.8611 71.3312 66.391 65.945 61.6292 70.9813 68.6072 67.53 60.2363 65.7941 62.6653 60.8607 63.0564 59.6051 55.845 67.976 68.2161 68.3122 66.686 62.3702 65.8284 62.1506 64.264 71.5165 70.6313 72.9025 65.6911 66.8233 71.3312 75.9421 77.8701 75.75 70.4735 71.8733 78.6455 80.0589 89.0954 91.9841 91.195 91.9978 102.557 95.1197 92.6565 101.11 106.043 101.734 105.906 112.596 124.274 120.857 117.337 116.376
121.368 111.059 100.715 92.7338 90.4475 78.5587 75.2609 73.9238 68.1872 64.1204 65.3536 71.5613 72.0116 63.6908 59.624 64.4945 66.0256 57.7049 54.5803 56.243 54.4071 62.9426 56.0698 56.9081 54.2962 58.2591 60.1367 55.1276 56.4162 58.8688 55.5502 57.0051 58.8688 62.5892 66.8778 60.5316 69.9193 63.386 63.289 62.2498 60.5801 60.4207 63.6077 59.5755 61.2521 64.7508 49.2525 56.9982 57.5386 56.1945 59.4923 51.809 50.6104 55.571 57.788 55.6403 57.9404 57.9681 63.0534 64.058 62.5477 71.783 72.9607 67.8547 64.7023 68.8523 69.6283 77.4502 69.8431 79.6118 90.4613 96.8769 98.7059 112.05 120.287 115.798 116.885 115.659 116.934 107.428 105.239 92.2835 98.5119 101.235 94.0779 96.7383 87.2051 98.5327 87.025 83.4847 87.6485 80.6926 83.1313 72.746 73.612 64.8063 67.3905 62.4438 70.3765 66.3443 67.1757 73.0439 66.7531 69.4412 74.3187 66.8847 71.395 71.485 66.5245 66.7808 72.6905 67.5706 70.3627 72.2056 67.4944 69.462 70.0855 65.8178 69.3927 74.6097 69.85 67.7715 69.4343 71.7483 67.0371 72.3857 65.125 70.4597 65.8316 74.2009 76.3556 81.0944 69.9262 83.7618 82.6741 84.0112 87.6346 86.8933 89.9071 93.3712 96.5651 98.2001 96.1009 97.3133 106.452 110.269 113.553 122.761 125.643 111.842
112.192 109.611 97.314 104.295 85.1707 82.1769 79.7356 84.9609 69.8308 68.6626 65.4309 65.2211 54.4838 60.2546 56.995 53.9242 54.9525 54.19 58.0582 57.6665 58.317 60.6184 56.1906 61.4648 58.2821 55.2043 56.946 51.1192 56.2885 55.3652 59.4922 56.7991 55.8828 63.2765 57.4287 59.6041 64.1299 56.3165 63.99 56.6033 65.9765 62.8008 56.7781 59.8979 54.141 54.7006 58.6318 52.3993 57.9463 56.0577 49.9231 56.8901 55.4141 58.8976 59.0305 58.6108 54.0221 60.7583 58.6668 60.2057 61.9684 56.6522 59.8699 60.9122 65.9485 68.7885 64.9762 76.5529 69.5859 75.4827 74.6363 85.3596 88.1016 111.234 113.759 107.918 114.305 112.332 110.765 114.501 103.637 103.484 97.216 95.4393 90.8087 87.9687 87.4231 81.8761 83.8627 81.0647 85.2407 73.594 84.4852 78.1897 82.3657 80.1833 79.3719 71.6075 78.8403 70.6212 66.8019 68.5996 61.4298 69.0473 63.7591 63.857 67.4665 73.2513 75.4407 71.5095 76.2102 71.4956 72.7337 73.0484 73.657 69.0753 67.6763 74.3635 72.279 71.7404 71.0409 63.7032 65.27 66.9348 71.0828 68.9774 77.6301 82.6945 79.183 72.216 74.2236 76.3571 80.1413 81.0507 76.0563 78.9662 85.7723 79.5887 87.1993 91.781 93.5227 99.9371 95.0686 96.2717 105.61 109.723 113.801 115.529 116.354 112.752
116.667 112.451 97.2261 91.7391 91.2519 87.149 75.5677 70.8364 70.1161 67.6868 61.2395 55.1593 58.3088 48.0199 57.3414 59.8271 52.0874 52.2569 50.8587 53.8387 56.5787 52.0874 57.8992 57.5885 66.7406 61.4301 59.354 58.8102 58.0546 57.1225 57.073 53.1043 51.0494 46.2121 49.3545 50.2867 42.7447 46.9747 42.4058 50.7739 47.9281 45.972 51.1412 49.3545 57.3272 52.9137 57.6591 55.4629 66.6558 66.6982 63.2379 63.9865 73.6328 55.0887 56.5575 50.0748 52.9984 47.9563 54.206 57.2354 55.2935 54.7568 55.1099 51.5225 58.21 60.6463 63.5204 81.0476 69.2616 79.6212 87.9964 90.9906 106.781 106.166 115.368 116.667 114.464 115.919 107.833 101.152 108.115 101.866 103.462 103.553 93.8647 82.2623 87.0784 74.8686 67.7433 73.9718 72.9125 72.4818 67.2984 76.2315 75.6595 73.1597 79.4517 72.5241 78.4207 78.6396 77.1637 72.9902 65.6954 64.156 64.2124 64.2336 66.9948 65.0387 67.3761 57.9699 60.9217 61.7479 62.4258 64.8198 61.9809 59.933 60.844 63.1249 65.6177 65.9073 59.3752 63.4215 69.7206 70.4833 75.8573 72.4606 76.5069 82.6789 75.4194 73.3927 72.0934 73.5763 71.2883 71.4296 73.5904 79.7553 79.1127 78.2936 83.0885 95.0228 95.7361 96.7318 99.7825 109.542 110.354 107.367 112.197 120.431 108.115 115.198
117.172 115.774 97.953 98.1027 87.9018 81.1939 82.5911 73.9941 74.5644 66.1741 62.0182 61.897 57.9193 55.5954 57.8408 56.4508 56.1086 51.0402 52.7796 54.968 59.6515 60.3857 57.4203 55.4029 61.1984 52.1808 60.5283 58.9671 55.5027 53.9986 52.6228 49.4648 52.8366 47.9108 48.2031 42.7997 39.7843 41.5308 44.482 47.697 48.7306 48.6593 50.363 47.6399 52.2735 55.8449 48.2387 56.8001 55.5811 56.7716 55.8092 54.8397 57.3418 60.0649 52.9934 51.8671 54.2338 52.915 57.5771 52.6655 49.7001 54.3336 58.1901 54.5118 64.3492 60.3929 63.5793 66.6018 75.0063 87.8733 85.4639 94.9519 95.3939 107.12 101.952 114.584 120.729 115.696 111.946 104.333 108.147 94.7737 93.3551 87.303 88.0088 81.9851 75.8974 80.3099 71.4848 66.7943 67.222 73.0745 70.5367 75.4911 70.2659 65.725 69.8168 77.3017 77.6866 71.7343 74.2721 72.5826 66.7729 66.7159 61.8399 59.9651 59.2665 54.8041 53.8204 55.909 46.7774 51.2042 48.5666 48.089 47.2122 52.2735 51.1258 56.2369 64.0854 61.0558 67.1222 63.8573 66.3737 71.8413 72.5113 70.3942 64.6628 75.5053 69.717 69.0754 73.1458 68.8544 73.7446 71.7842 68.612 70.33 75.4055 74.7354 82.7265 87.9446 94.5242 91.8225 97.9459 100.812 109.024 108.553 119.253 115.097 113.828 114.555
116.103 113.319 97.4172 86.1062 85.4514 87.315 80.3859 70.8953 70.4996 73.1906 68.8446 59.131 57.4185 57.9869 56.2888 63.477 56.5191 53.5474 50.3599 52.7847 46.791 46.0283 45.575 48.2877 48.374 39.6389 39.8692 40.7326 45.1289 43.4956 46.0355 48.079 44.6756 50.8492 50.5902 44.798 54.9433 49.5972 47.7192 46.1435 42.0709 46.2874 38.4445 45.9204 47.2444 48.2229 42.0853 41.337 42.8912 39.6749 42.222 39.5526 45.1937 47.8991 51.7846 51.3169 49.957 50.8348 56.4112 56.2457 54.2742 58.4834 59.2461 64.7793 61.3831 65.7291 72.9532 81.1558 76.3637 82.0049 86.0558 91.5602 94.9492 89.5887 108.915 122.809 122.119 111.333 110.189 110.268 101.986 100.317 96.7121 86.8401 83.1489 89.7758 81.163 78.3784 84.5736 79.7096 80.1269 68.2618 72.8165 70.7514 71.4925 66.8516 60.9442 69.1972 60.7355 56.2241 59.9872 57.7999 64.7937 54.6339 56.1665 62.7071 57.6847 61.0737 57.5192 55.3175 50.5614 51.8422 51.0003 56.3608 49.8491 50.6621 57.325 52.9286 56.4903 56.2457 60.0592 57.0803 56.6054 64.2109 59.131 61.4191 59.8865 61.8508 66.6933 70.8306 70.7154 69.7585 72.4711 79.5585 80.1629 81.3573 78.4288 82.7532 86.2573 89.0275 81.9401 91.0997 98.8922 95.8918 108.743 107.771 119.068 126.947 115.808 114.29
105.031 104.501 99.8754 93.1071 92.7295 88.3287 90.1224 76.9563 73.9425 74.8067 70.2025 72.7806 66.114 56.8621 58.6776 49.295 53.674 45.4316 44.8724 41.6771 37.5014 42.1927 39.6945 40.8928 34.1245 36.2741 39.4767 34.7491 38.765 41.4883 42.8535 43.006 43.5144 52.1708 49.2006 51.4373 47.7627 54.1388 51.4736 59.5127 51.5535 47.6247 46.7242 44.7707 46.1796 42.6865 37.9879 37.3198 33.5653 34.3424 35.2138 39.7672 35.1412 36.7389 37.9371 39.7308 41.924 44.7199 49.8397 48.4453 61.154 60.0647 61.6333 73.2453 74.9011 79.6868 75.0681 78.3942 79.3818 78.583 88.1036 81.2627 99.1564 101.437 115.975 119.737 126.208 116.331 111.103 112.112 99.9988 97.2465 100.74 91.3134 90.2894 92.6496 87.8784 84.9446 88.7426 83.6011 79.9991 77.5154 68.0747 67.6463 68.3798 65.2861 59.491 55.9761 57.2978 52.7808 51.1468 54.3204 50.6022 55.889 58.5832 52.5557 58.634 56.2956 63.6812 65.4386 58.0531 63.4052 64.2985 64.4364 59.7887 64.0443 60.573 54.8214 56.2956 56.8839 52.011 51.568 57.2034 55.0829 53.8629 53.2383 59.3675 57.8715 59.2295 65.7872 68.801 72.3594 76.7675 80.3331 74.3782 85.9322 81.6694 91.0084 87.8784 94.7193 90.9067 102.802 107.406 94.6322 104.421 115.561 113.964 122.199 118.176 115.191
114.931 113.59 101.527 94.3737 90.2769 85.9822 81.9513 76.0149 77.3341 72.4897 69.4776 67.3815 60.7049 61.9728 62.4052 57.3263 52.6579 45.842 44.6841 42.5733 40.9976 41.3054 31.7779 36.2998 33.317 31.8586 37.5824 34.343 35.8308 41.9797 45.2997 44.5228 44.6694 43.2623 45.2264 51.903 50.5691 48.3631 49.4038 40.9976 44.0538 41.6059 40.4406 42.8079 40.4553 40.6678 34.1965 35.5303 32.9066 38.2566 33.0971 34.4969 36.3511 43.5921 39.6418 40.3454 40.2574 43.4968 53.3248 49.3306 52.5186 58.8507 67.0371 63.0502 67.4988 72.7169 72.3432 78.9245 78.9758 82.6769 86.6857 88.5693 94.381 103.63 112.022 116.5 117.438 111.267 107.646 108.892 98.0455 96.4991 93.6115 102.663 87.6092 85.9162 92.1457 82.1565 80.5735 78.3528 79.5181 75.37 69.5655 70.1592 68.4809 61.7603 60.8222 57.8174 54.5927 58.0592 59.8988 55.736 54.7466 55.2669 60.3898 55.9339 63.3726 65.3881 69.2504 72.094 70.0932 67.0004 77.1875 75.326 70.7968 70.2251 63.402 68.2243 62.2293 59.4224 57.832 54.8272 53.5227 56.5934 58.3524 60.9908 56.0951 58.9094 66.3042 64.7725 65.454 74.6151 71.9108 82.3324 73.8089 76.3521 84.3991 86.6344 94.8061 86.2094 99.35 95.627 101.688 100.537 103.256 105.946 111.062 120.64 111.633 116.06
117.384 114.07 104.19 103.154 84.362 80.08 77.6616 75.5908 69.9701 70.4434 62.3452 63.6025 60.3114 56.8651 55.5634 55.556 48.7077 49.9649 53.5222 49.2106 43.9819 41.5931 39.7294 39.1821 35.2994 40.8091 37.8509 38.4129 39.3004 35.3511 36.9486 45.424 35.6396 38.021 35.6987 38.8715 34.9592 35.6396 39.9808 39.9586 33.5762 37.2296 39.7885 43.0278 39.722 45.9343 42.1403 39.6776 40.0991 31.5054 36.993 34.0569 39.9217 41.7854 42.6137 43.405 50.0685 48.5228 53.4483 48.7742 57.1905 52.0283 62.5819 62.3748 67.3743 65.762 65.3552 67.3003 76.3008 86.1666 78.5343 94.8491 95.4111 112.887 109.426 115.091 119.085 110.04 112.562 109.633 96.2616 100.921 96.8385 89.7682 78.623 82.7054 85.9743 86.7139 76.8333 86.7804 74.7255 74.5998 70.1624 65.8582 71.3531 67.8476 63.3806 68.7794 61.1545 64.1867 64.4308 58.7435 57.6934 64.8671 66.4942 60.8735 66.0652 67.2263 71.1682 74.0081 72.1001 67.0415 67.8328 67.7662 62.4414 70.8428 65.799 71.2496 70.3621 64.0092 66.0874 63.2327 59.6532 59.7715 59.6088 60.1709 65.6215 64.3938 68.6759 73.0393 73.3425 74.7329 75.1249 75.8866 77.6912 75.1545 76.2268 75.3542 85.7524 80.5237 86.418 89.0731 91.1217 96.7275 108.006 108.161 115.808 124.114 112.65 117.657
118.757 111.727 101.466 93.4891 86.4894 84.6536 74.154 69.393 70.281 65.4678 62.8559 63.0201 56.0651 61.3858 49.946 58.6173 59.0352 51.1698 47.5878 53.513 50.3788 41.7597 47.1774 44.7969 43.7969 46.5953 40.5806 41.6851 33.2824 31.2302 38.1255 32.5137 34.9241 30.5511 28.3796 31.2078 31.6108 25.7603 30.7452 28.5661 31.178 34.6629 30.678 39.909 42.7522 38.5882 43.9611 41.4985 45.6028 43.7447 47.1326 45.1476 44.088 46.7968 48.9161 48.0206 49.9534 56.483 49.0505 54.0055 58.371 54.8935 57.0651 58.6322 60.8933 63.2962 61.8336 65.9976 61.6545 77.5644 84.3178 89.6609 104.474 113.197 112.339 125.287 119.04 124.182 112.862 109.19 93.0041 99.9665 96.2353 82.9074 79.8479 80.7657 80.9896 72.3332 82.594 74.4152 76.4151 76.8778 74.6615 69.4676 71.6541 73.8481 68.2587 75.3928 76.2211 68.5796 69.9452 70.7512 71.5347 69.8781 68.2811 67.2737 65.714 62.9455 60.1545 62.7216 60.5799 62.4753 62.244 60.8485 62.6321 61.856 60.662 69.0721 65.1767 69.893 69.8557 67.8781 78.5718 69.5423 70.3706 71.1094 71.5496 71.8183 73.2138 66.6394 71.8556 71.7586 74.169 74.1167 69.8333 79.1912 85.482 80.4299 85.4671 78.8404 86.9819 89.2132 92.3549 104.354 104.026 111.265 117.436 112.466 121.324 103.22
109.783 112.155 94.4914 88.4454 87.2558 74.4336 72.6191 64.7586 67.0249 64.3596 58.3738 57.3499 55.2869 56.5367 59.8345 57.1918 63.185 60.0754 51.7256 51.319 60.7531 53.4799 53.7584 51.6804 51.3265 48.8344 48.36 42.8863 43.1122 36.2982 32.0593 30.9525 30.6514 27.6698 28.4378 27.3837 27.7903 26.4124 26.2016 29.6424 28.6411 28.6561 29.3187 34.0771 30.9751 33.7082 39.7316 40.1908 42.284 48.6687 59.7818 54.2478 51.6879 60.7004 53.2841 53.2916 60.4895 58.532 55.7462 54.3909 54.933 61.0919 53.6606 64.9769 63.3431 57.2972 58.0802 67.3411 70.5636 67.6724 76.7601 86.8718 96.5017 102.269 110.867 125.738 119.037 120.143 110.363 99.2574 103.88 86.1792 91.8035 81.4282 77.9949 77.5432 74.6896 71.3542 73.3344 74.3734 70.5937 70.9175 74.3056 76.986 76.6397 82.2715 79.1168 82.0983 83.5289 80.0504 85.7952 74.1626 79.6664 70.8347 67.6348 70.9627 63.9304 58.9837 61.0994 61.4382 59.9098 58.0049 57.7188 58.2383 56.5819 62.8462 60.5874 64.3596 62.658 67.4014 75.0435 73.4247 73.9066 85.7651 80.5247 84.5453 82.0381 83.3407 80.6527 72.0845 79.2975 76.9559 78.6048 76.2557 74.8327 73.2892 71.0756 71.7231 74.9456 79.0942 88.6337 86.2093 88.6262 95.6283 104.212 105.604 117.915 122.944 110.958 115.106
104.756 109.42 93.2634 89.0932 82.2644 65.9255 72.9289 62.0743 59.5372 59.4841 54.2277 54.0605 61.5502 59.0739 60.0158 63.9049 64.7405 64.5506 59.2562 73.0049 66.5635 65.3254 60.9881 62.4769 59.203 54.3036 52.2299 47.3609 40.2966 41.55 34.9946 35.9441 26.7834 30.87 27.2999 27.0113 26.396 28.3482 26.829 24.5426 30.0649 27.0645 30.0952 31.0144 38.6863 33.0425 37.79 45.9708 46.8064 47.3913 50.6424 51.5235 60.1297 57.6079 68.5233 69.2677 64.6721 61.6109 71.7212 64.7633 53.0959 57.4787 64.0948 57.8737 54.9037 52.9439 56.7115 61.2919 60.3272 75.3672 75.1166 82.9784 88.5159 99.0059 109.412 109.504 117.054 113.461 102.196 101.809 93.7495 91.5467 84.4065 81.9606 71.6908 75.7394 69.9589 71.235 69.0778 67.0573 68.9486 73.5442 78.4816 82.2492 84.3457 79.1956 84.1254 87.5892 82.158 78.2993 83.1531 80.9275 72.815 70.2628 73.2024 70.8173 65.4469 64.1176 60.2133 57.8813 60.2513 61.4134 58.8688 61.0792 60.3728 60.7146 62.7048 62.325 63.6694 68.8651 68.5537 75.1622 76.2256 75.2685 77.5245 83.8368 86.7536 85.7282 82.0441 78.2917 75.2305 74.0607 71.9718 69.1613 67.3915 69.1082 74.7292 66.1002 68.4777 69.2677 79.0285 81.6719 83.419 91.372 101.399 103.29 111.137 112.474 111.334 107.149
107.225 108.65 92.2365 85.1408 81.8612 77.0949 63.938 69.2713 55.2944 56.03 59.7618 52.5588 54.6048 57.7388 59.9993 53.9841 59.5932 66.0069 67.0338 68.2291 68.505 66.1372 62.3595 63.8231 60.0223 62.1296 56.4438 51.8309 47.8462 50.3519 37.4785 37.7314 37.9996 32.4977 30.4058 29.6548 29.3637 30.015 31.1414 31.1414 32.5897 33.0035 33.333 41.9306 40.7582 47.1183 50.9726 47.7236 49.1182 55.4094 59.1794 60.4438 61.348 68.4207 72.0145 67.9993 65.1947 65.187 66.5816 65.0414 53.9841 57.6239 53.7695 54.1067 58.053 56.2829 57.5932 60.6277 59.5166 65.1564 68.4437 83.7232 89.8764 100.704 105.516 114.734 111.278 112.581 113.715 98.8418 93.3017 88.9722 79.9148 84.3439 76.0222 71.9762 72.5892 72.5356 77.2329 71.3555 74.2904 67.846 76.0222 78.4742 75.8766 76.344 80.1371 82.4206 79.4551 86.1063 76.2444 72.3977 77.9302 74.934 75.9762 72.4973 65.8997 65.7771 64.9878 63.0338 58.9802 61.4936 65.3096 60.6047 64.1296 67.0338 68.8728 70.1448 67.1947 67.938 71.3326 77.7846 79.2022 77.0107 74.4053 81.3784 82.5738 81.1179 81.7156 74.5279 72.3287 81.0336 75.4781 65.7847 73.1103 63.7234 72.5203 72.436 74.6735 77.3018 79.0489 78.8727 86.3132 93.5392 96.635 102.091 105.823 118.321 112.619 109.968
118.548 110.393 92.051 84.1591 79.5214 65.0904 64.1165 59.1541 56.5029 59.8807 57.2681 62.5319 65.7319 59.4169 55.0806 62.2459 52.8236 46.7559 57.3145 55.0033 56.2169 57.4304 58.2652 61.8285 61.4498 57.9328 61.3725 54.9338 55.8381 55.7145 58.1338 52.5608 50.613 50.8758 44.3289 43.2003 39.9462 36.5761 33.8476 42.4506 36.7771 42.5356 45.9521 50.1801 49.0825 53.3338 58.5589 61.2565 58.729 61.1174 62.0218 59.8729 57.2217 54.2149 57.6082 49.7782 50.4352 55.3512 53.2565 59.5947 57.0207 53.7821 60.4063 56.4101 58.4816 61.2411 64.0701 54.4082 66.9918 72.132 68.8856 79.6451 88.4722 97.4694 109.241 109.071 117.821 100.206 107.216 99.6955 88.3563 83.3011 81.0673 75.6025 74.0103 79.9002 78.8644 75.4479 77.0711 83.3939 74.9996 77.3262 75.8035 68.159 78.532 69.6121 68.329 66.4199 71.0498 70.7329 71.2354 74.5049 79.3436 73.7474 73.0595 71.8073 69.2102 73.902 67.3087 65.2295 70.1146 67.587 68.53 66.729 71.8614 70.5088 71.1812 71.2817 74.9455 79.3823 79.7224 77.9832 74.3658 73.8634 66.9455 72.4334 65.7706 71.6141 68.5455 74.5513 67.2624 73.3146 72.5803 78.9649 72.874 76.4451 80.8354 73.1368 70.0682 75.904 77.875 71.3822 86.8645 88.3253 100.206 98.853 102.463 117.999 120.202 108.716
113.974 107.753 90.8972 84.7225 65.9724 69.7302 63.0098 60.7099 54.1843 57.6537 63.4775 65.5825 61.4271 59.0804 65.146 62.1678 55.4006 47.2456 54.7769 46.887 50.5902 49.0466 51.6505 48.493 50.8553 58.1994 52.5159 60.1017 62.62 62.924 65.5046 60.8034 67.5706 57.4198 54.5586 53.4359 57.3964 59.0103 50.6292 58.4723 59.7743 63.2904 59.7197 57.5913 64.2182 66.7364 67.3367 69.6678 63.7816 59.213 56.0944 51.4011 53.662 51.4946 50.598 50.9177 49.6781 48.1578 53.0071 51.596 59.9146 61.4739 69.5119 66.331 65.528 64.5846 62.6901 63.7894 63.9687 65.8944 79.5223 77.9787 98.0308 91.2636 106.848 123.992 117.545 109.445 111.947 100.58 97.6254 83.3347 84.5588 78.5088 82.0951 82.4849 83.9117 79.1247 81.4714 78.4621 76.2479 71.4142 76.1621 72.4121 71.2583 68.0852 68.9272 64.5456 64.9121 63.2904 64.9978 65.4656 69.5509 71.4064 70.9542 68.7712 73.3867 74.9303 79.7484 74.5717 80.0603 81.5572 84.2001 75.9906 78.9142 78.119 75.7022 75.7411 75.3825 69.2936 71.5935 70.8217 68.9739 68.1475 66.4869 64.6704 66.1283 61.4427 70.7983 59.0336 68.3346 75.7957 79.7328 78.4465 84.2001 80.5203 83.8883 70.5644 80.3644 77.8306 73.8856 78.922 84.7693 91.6378 95.1539 103.683 109.507 119.128 125.848 107.776
116.665 104.217 93.8774 90.7164 79.2599 74.3219 67.4417 70.5476 64.8705 73.4019 63.0069 66.3409 62.6452 63.0226 60.3571 55.4977 53.3589 54.9944 50.599 58.5485 53.6656 53.8543 47.7289 53.3196 47.3515 56.5749 58.5721 61.4264 61.8196 62.2363 67.5282 67.1901 75.061 68.5583 67.5596 70.9172 64.6189 67.5596 69.6512 65.1929 72.6628 68.629 66.1364 75.808 66.9621 72.6628 60.2548 56.4255 54.8057 54.0194 59.5236 49.8598 55.7965 60.9232 57.8094 52.203 50.1901 56.9838 58.4385 58.0532 64.0291 62.4801 65.4445 59.9325 68.574 75.6586 71.7507 70.3275 72.0259 71.5226 77.3806 82.2322 93.6179 104.697 112.796 108.723 123.45 110.311 108.857 112.379 98.0999 100.64 89.2696 82.6253 88.3496 87.3904 73.8737 79.1892 78.7095 69.1952 67.3631 71.1924 79.0319 68.7391 67.1979 66.0735 67.2058 63.919 72.6235 65.9634 69.5333 66.0735 63.4787 70.3746 73.5906 68.747 77.5772 85.5897 80.0305 82.2322 88.5462 85.8964 87.3668 82.8298 85.7784 82.4366 88.9551 81.7211 73.5277 77.4593 66.9227 71.1138 61.1512 67.7719 64.9491 65.2794 67.426 67.5832 69.9107 66.0892 65.8062 72.7021 71.1059 73.6771 78.6309 73.2604 76.5472 78.9061 79.2756 85.4089 85.5504 86.6119 85.6919 96.5273 100.781 106.01 109.36 122.641 116.177 115.296
112.033 117.632 106.133 91.6137 84.8258 81.4556 73.1927 71.0833 64.7315 60.3383 57.5232 53.9231 58.8158 57.4202 55.7787 56.7699 59.3471 50.9732 52.7891 60.4018 45.1051 55.9293 49.744 51.2904 51.2269 60.6476 54.3196 53.138 60.83 62.8204 63.5658 71.6384 71.0754 72.6296 83.9297 83.1922 81.6221 82.3279 83.7949 78.1012 85.9835 78.5374 75.3734 76.0236 61.4644 66.9122 58.0783 56.7778 53.9945 52.797 48.729 52.3768 51.2824 52.9556 54.1848 51.6551 56.1117 57.0237 56.8413 59.2282 58.5938 58.9744 58.5383 59.3868 63.3279 61.2503 68.1493 74.5407 80.3137 68.863 80.4406 88.3863 99.615 105.396 116.648 124.023 123.175 123.222 122.12 105.864 111.74 104.087 96.6651 90.6701 84.8575 86.8637 74.6518 75.5954 69.5211 67.0946 69.9573 75.2227 69.2753 73.0737 72.1063 68.3396 74.3425 75.8571 76.547 76.5153 75.1831 72.4235 79.8379 76.658 82.653 83.4301 88.9176 90.8049 88.4894 100.162 94.3416 94.4051 103.287 94.0482 94.2465 90.4243 90.9001 97.3946 88.87 86.9113 75.9998 71.0516 72.7803 71.4005 67.8241 72.9072 75.0958 77.451 77.221 69.3863 67.6735 64.9377 70.3141 68.0858 69.307 71.9794 71.4798 66.3016 77.2528 81.5111 90.4877 95.8879 95.769 110.574 105.769 109.234 117.402 124.079 122.984 130.66
124.852 112.065 98.3107 93.4568 85.4681 86.1558 71.418 71.0822 63.3734 59.8789 68.0354 55.8486 58.2556 55.8566 56.6322 59.2951 56.0805 53.9134 57.7997 54.1853 61.1343 59.1672 60.5586 57.0561 60.4546 67.5077 67.4757 65.1727 69.2749 69.3549 69.9946 77.5994 80.958 79.9425 86.6916 85.5641 90.482 82.1415 88.6188 88.083 88.8747 82.9572 78.3031 81.2939 77.9433 73.913 65.0447 71.6179 63.2774 60.2627 59.2471 58.4955 60.3587 58.4395 61.4942 61.5342 61.4382 60.3027 58.3435 59.687 51.9782 51.4584 56.5763 58.4475 64.237 62.7976 62.8456 60.3827 70.3065 77.6794 80.0704 97.0953 102.405 106.243 113.544 126.763 117.135 129.826 109.186 113.872 102.861 103.501 94.2245 85.5241 86.9395 78.9829 72.0658 69.7227 72.9854 72.2737 64.2211 68.3233 71.1621 65.8604 70.6583 68.3313 68.9551 73.929 73.849 73.1293 72.8574 71.466 80.0464 83.6449 67.0679 80.934 77.1756 82.6453 77.4235 82.2535 75.2404 84.6925 84.5245 84.1727 82.9492 88.3709 78.3031 78.4151 75.5283 80.8141 75.1045 73.0813 76.5999 71.8818 75.5763 72.3536 69.2669 76.4079 70.9782 69.7147 67.5796 69.4748 65.6205 67.9715 69.123 70.2585 74.6727 71.9938 75.2964 74.7606 79.2627 92.953 92.4652 105.044 104.636 110.682 117.199 125.291 115.919 114.928
128.547 116.412 111.267 99.93 94.084 75.901 88.9476 67.3618 71.9015 67.257 61.7981 62.419 67.7086 64.2655 60.137 58.5566 61.5481 65.7975 66.491 58.2582 68.402 69.4341 66.9345 67.8698 72.5708 62.6044 66.5474 74.6512 70.6678 70.3372 75.143 76.0703 76.796 72.7401 80.3923 81.1503 77.3282 80.6342 83.4242 82.3034 78.9732 74.9415 75.1592 73.5787 72.5466 74.4173 72.2644 64.3058 69.7244 68.1682 73.2159 68.4585 64.2171 60.3628 61.6449 62.3786 59.379 58.7662 62.1125 63.9833 60.766 60.6611 65.1686 67.5392 61.1288 65.4266 67.3054 69.6518 77.5137 75.0705 93.068 89.3024 106.099 101.381 125.547 116.146 122.951 128.837 122.5 116.162 107.413 104.067 94.4388 86.835 77.941 77.0863 83.5129 71.1275 74.1593 69.1922 71.7403 68.9826 73.4578 70.1195 83.3758 78.9732 76.2235 80.2875 76.9815 76.5541 85.0852 78.4329 83.2145 88.6977 80.1504 71.7645 81.8679 82.4243 75.8526 76.4332 76.1429 74.6834 72.974 77.3685 81.2309 76.5058 74.9737 77.9814 78.3281 82.126 82.763 78.0459 86.6818 87.8026 85.8835 83.7709 84.0209 77.8685 76.1348 76.1913 72.6676 76.8686 78.8119 74.5947 74.3206 73.0788 74.3044 77.6991 80.3359 81.5212 89.4314 89.0847 91.923 105.107 107.09 126.467 117.516 120.532 137.086 119.718
112.335 116.262 109.628 98.6844 103.441 85.3509 78.7735 73.8385 67.814 67.2286 61.6269 63.4237 71.6677 62.066 68.0173 66.9034 67.3343 67.3343 66.2774 70.7328 69.1718 73.8222 76.2775 72.0905 75.6434 71.9685 70.1555 74.5296 72.0824 72.9604 69.0173 74.5052 71.6759 78.4971 75.7979 70.9767 76.0662 70.188 73.0336 75.8548 70.1555 71.4645 72.4889 78.0255 76.2206 69.4238 74.4239 71.4645 76.6271 73.871 75.5133 69.0661 73.7897 76.8385 77.9117 69.7896 65.1961 70.8384 62.253 61.1798 69.2205 62.4806 63.3587 63.3099 66.1961 62.879 66.6839 73.4889 73.6434 80.0744 84.0663 91.7656 107.335 104.018 124.669 124.473 132.156 127.335 128.205 116.872 109.554 101.123 96.4567 96.8713 89.4566 85.6842 83.1394 85.0988 84.546 74.7735 82.3183 76.7084 77.432 75.1556 79.4402 72.4076 77.3101 82.9931 79.2288 82.6191 86.3021 77.4402 85.7086 76.2938 79.554 81.237 81.3427 83.6598 83.172 83.0337 76.3182 79.5622 79.2288 76.3263 77.6841 80.4321 85.3346 78.5296 81.3996 81.611 85.3834 87.7655 87.798 81.3752 84.8468 85.1151 73.5133 74.2206 71.9848 78.4646 73.0661 66.0254 78.7654 77.5703 72.9523 77.6678 74.5052 84.3183 84.8061 81.7004 94.6762 95.725 95.0746 109.278 119.246 119.733 125.961 128.417 122.904 124.547
124.922 115.643 112.045 98.1342 86.2076 84.8387 85.8552 70.8629 68.6989 72.7646 65.5758 61.7642 70.1498 68.0021 66.6742 70.2317 67.4284 62.2233 62.8217 68.6825 69.0514 79.7402 77.0434 79.0189 83.9289 81.8878 86.7404 88.7897 90.6258 89.5028 89.8389 79.7894 85.3879 83.9535 88.6257 84.9781 83.9453 80.6009 78.8959 85.5847 79.9779 87.0847 81.0026 87.1011 82.6092 95.5194 94.9948 87.7159 88.5192 82.3223 88.9372 71.8711 73.1007 76.2401 70.7071 73.7892 70.8547 63.0594 64.9201 68.8792 70.7645 67.2726 60.2806 65.1086 72.158 70.3301 73.5105 71.4613 73.822 85.0601 82.7403 96.0358 102.716 115.512 114.356 119.897 123.168 128.553 124.135 118.832 115.536 100.667 104.946 101.085 99.7736 97.4457 88.3307 87.1995 81.0108 86.2568 85.4945 83.5272 85.9207 85.0928 87.97 84.642 82.1091 78.773 77.4451 79.732 82.0272 83.4616 83.9535 86.0109 75.1089 83.1092 74.4532 78.5271 78.8058 70.3793 63.3217 59.4363 63.0102 74.4614 67.3546 74.6745 78.9123 87.7897 81.2403 80.5025 85.3797 80.1665 82.2813 77.609 74.7155 83.9535 80.1255 84.9863 84.9043 85.0355 84.806 84.7978 86.765 84.8142 84.183 84.1092 88.6995 91.2242 83.5682 96.7572 90.2487 103.069 101.134 111.479 109.889 115.061 125.07 132.021 122.25 122.569
122.618 124.989 103.28 94.4134 96.4546 87.6785 87.9842 74.9523 74.5969 78.7371 80.6873 76.8612 78.4313 78.0595 72.6136 72.8698 68.8371 71.3823 72.2335 75.8944 68.7132 71.1179 76.448 76.6794 80.6543 82.7863 79.8444 80.7369 82.274 78.6462 84.5052 83.3069 73.7375 78.1504 70.7708 67.7876 70.2089 73.3243 69.1429 68.0521 79.423 75.0432 83.1086 83.1582 75.539 83.9102 86.4554 85.4803 76.2828 82.9186 76.0762 71.4815 80.3072 70.7708 65.8208 71.1675 73.3904 73.597 72.2831 73.0599 69.7874 72.2252 74.4399 77.5471 73.2417 84.9845 81.555 85.7778 82.5302 83.9846 87.4884 94.7275 104.611 108.875 121.444 128.477 133.179 133.749 121.469 113.073 111.552 101.165 98.8841 92.5706 92.2731 90.6865 94.6283 86.5629 84.7862 85.7861 86.034 81.1666 78.7536 76.7703 77.9438 79.0924 74.2747 73.7871 77.0182 76.4398 74.8779 73.9937 72.3409 82.4723 77.9686 82.7533 73.4896 81.208 75.9935 72.5558 73.0351 71.0105 70.8948 74.7953 72.6798 74.8283 72.1261 74.3077 73.9028 72.4071 77.4149 81.0592 82.6541 70.87 80.6708 76.1671 78.2826 77.3075 79.3899 86.7034 81.1005 76.1671 83.026 85.7695 79.4974 84.406 87.6124 91.926 98.5288 88.6371 95.81 97.4297 103.305 105.512 113.668 123.056 126.973 124.725 126.46 125.783
125.216 118.16 107.631 96.6342 93.3353 90.453 89.2284 78.7236 73.342 72.0175 72.3924 75.9245 77.6073 77.3824 76.4577 80.6229 70.7429 73.0421 76.8825 77.6323 78.2487 74.3417 74.4833 76.4577 78.0821 75.6663 76.3827 74.7083 74.2834 77.5323 68.0771 70.3431 71.526 63.7869 63.8952 66.8609 60.7629 67.7939 68.2271 67.1025 62.704 75.2247 69.7599 70.3014 62.0292 82.3307 69.56 83.1638 71.476 73.8919 82.7972 74.0835 72.5173 75.7329 80.3564 75.7746 75.7163 73.7419 80.7396 75.1748 71.9508 74.4417 75.9828 78.4153 75.458 76.6743 80.2481 79.9981 74.9832 83.0138 84.455 89.1201 105.131 110.338 124.983 124.941 133.588 130.473 128.382 127.432 106.381 106.564 100.191 102.357 95.8512 89.295 91.6026 93.9268 86.6709 87.1457 89.0118 89.8698 89.47 83.6053 87.7705 89.2201 87.7622 78.9318 76.7826 73.1754 74.4917 78.0988 82.7556 65.1615 66.6776 64.2118 70.0432 68.7686 70.9262 68.2021 63.4537 66.4777 67.0025 69.385 60.4297 66.8609 66.0362 68.4687 67.2941 68.9269 65.3447 70.543 76.8825 78.9735 80.1814 75.9245 87.6539 82.489 76.516 84.6799 86.6209 90.5279 88.237 87.0291 89.8782 90.8029 91.1028 92.9355 95.8761 93.9101 102.191 97.0258 108.763 110.021 117.261 127.591 131.048 130.265 132.739 124.875
122.5 115.119 106.52 105.311 94.6713 87.7268 85.0312 82.8899 77.44 81.8066 77.2217 73.3002 78.305 72.0658 70.0252 65.2471 79.6233 76.9782 71.7551 74.3414 79.5394 69.7229 67.8587 76.2056 76.3736 72.0826 71.9062 64.9196 63.2318 70.9237 67.7999 70.613 69.513 70.0504 72.7291 64.7853 69.9916 73.8292 70.4451 75.6682 73.9971 67.4892 70.4283 68.9336 68.9504 65.3983 74.1987 70.0588 74.4002 76.424 73.804 72.62 74.2743 70 70.0588 68.5557 77.3393 79.2371 77.6164 77.1209 80.2615 77.3309 74.7697 79.3042 72.3765 79.0523 82.3861 89.2383 87.3405 90.9597 90.1116 103.581 101.238 123.449 119.208 130.57 135.591 127.261 123.34 118.923 110.525 107.662 98.8868 97.9967 94.8141 86.5091 96.2752 90.3551 92.4209 94.982 91.3628 95.5531 98.3074 94.7973 87.8947 89.2803 89.9856 91.959 89.7337 86.7275 85.1992 75.7522 78.8508 75.7774 69.2946 68.4045 67.632 71.7215 72.7879 62.9127 73.8376 72.0574 74.5262 72.9139 69.597 72.1413 69.3618 68.69 65.1968 74.3834 74.7361 76.7431 83.8136 85.216 90.8674 83.7296 89.6078 87.1221 90.8506 91.9674 89.6833 93.5461 90.6658 100.633 95.4859 97.0058 90.3047 98.131 95.5531 96.292 90.9009 98.7188 102.943 112.012 116.697 124.272 128.328 134.03 136.75 132.669
142.027 126.928 121.155 109.889 107.612 95.238 93.2489 81.1622 77.8612 72.4865 74.9834 69.9811 70.0912 70.4297 82.2541 74.5517 83.1851 83.5999 85.2673 75.2035 75.7113 82.161 87.2056 75.305 79.9772 74.3655 67.0187 75.2712 66.1892 67.7128 70.9545 69.0755 65.055 63.3622 67.5011 62.7105 61.881 70.8699 66.113 65.5121 67.6281 68.1444 62.8628 59.5534 67.7889 68.7623 67.9667 74.027 71.4539 75.085 76.3207 72.5965 73.773 80.4766 84.0654 81.5685 77.4549 73.5868 79.3593 78.7584 76.3123 68.6777 73.0197 74.8057 78.9785 72.8843 83.9638 81.67 92.4025 94.4424 96.9054 107.045 112.454 125.142 139.488 138.667 137.084 138.007 124.701 124.151 118.091 103.507 108.154 101.239 102.373 94.2477 93.2912 96.0844 95.238 89.9141 96.3637 94.8063 100.452 95.7204 90.2442 91.5138 97.4302 97.2694 87.8065 93.8499 93.0035 79.6725 81.8393 81.4584 82.5672 81.4077 85.3181 84.9372 87.2733 87.1802 91.5815 83.9638 88.9915 88.7883 85.4196 84.861 84.5478 84.8018 83.3713 93.6213 85.5551 77.0825 83.7607 86.2407 90.5319 90.9382 89.2539 91.9962 98.5221 99.7832 94.7725 101.764 100.164 98.649 95.1872 91.4291 90.879 96.0844 99.5801 99.7917 96.9562 102.009 104.972 112.919 124.964 134.85 133.199 136.314 141.875 130.677
132.092 125.882 128.603 117.317 108.649 106.696 92.6879 90.4017 83.8499 89.0879 76.3342 86.4092 78.9106 87.3732 81.794 80.5229 84.14 78.1428 79.6442 82.3229 84.7542 82.5277 84.959 75.0802 73.0157 63.1029 67.3086 62.1303 59.1531 59.5199 54.427 60.1 60.7739 63.1796 59.682 71.0025 63.154 64.2716 67.4536 71.3778 63.9815 58.172 58.7521 59.2554 53.5483 64.5275 65.756 64.118 64.3825 65.8498 66.9844 74.7902 77.6736 73.8432 77.2982 82.6812 73.9968 85.7438 83.5343 85.377 80.6423 83.7049 80.2329 83.7988 81.4698 78.3561 87.6888 91.5789 87.0405 97.5676 107.412 110.569 119.151 126.76 135.001 138.354 142.116 131.674 128.313 118.357 120.422 99.342 105.356 99.4358 97.9174 96.5609 97.1666 95.6652 88.9429 101.5 96.5439 95.8699 98.7448 91.2633 97.6529 97.0899 87.6974 89.1476 90.9391 83.0992 79.9257 78.5523 78.8935 82.8518 75.0887 78.7485 77.1361 74.2698 70.7209 70.4906 74.4233 73.3826 71.1219 74.0053 76.6414 76.1978 72.3247 64.9711 77.7333 74.6878 76.3428 78.5096 75.2082 72.9304 82.8262 79.5674 90.3419 90.922 95.8273 97.0899 98.4975 100.57 94.1467 96.8681 95.5202 96.4159 95.2131 100.272 90.6491 101.244 97.8065 100.442 110.552 113.896 120.422 131.785 134.592 131.265 127.639 129.601
137.674 124.915 123.308 118.226 105.502 93.0782 97.7983 93.4479 93.3791 76.3042 87.4295 84.085 84.171 85.2199 82.2709 82.099 84.0678 85.9163 75.0575 84.3602 86.1313 80.2677 77.1725 73.0972 69.3143 61.7999 67.0187 58.8079 65.1702 58.1975 58.7134 59.5989 57.8192 60.6392 57.1658 58.4382 56.6929 54.0706 56.3232 58.5586 61.9977 49.9524 60.1836 57.7504 56.2888 57.4237 54.277 59.7881 62.0492 67.1047 66.4083 69.3916 69.5636 74.4041 74.3525 71.1112 75.6249 81.7895 77.6024 81.4541 82.9501 75.5476 83.294 91.436 80.5686 88.8223 88.2291 86.2774 94.471 95.8638 100.721 110.11 114.478 116.773 127.881 143.899 144.054 143.048 132.834 127.228 123.875 117.9 108.021 99.8703 100.756 101.28 102.243 99.9563 86.8449 94.5484 90.2753 94.9009 88.3924 83.9647 82.4687 81.394 78.7803 79.15 75.2724 76.3128 72.3922 76.5363 71.9537 70.5867 73.6905 70.2514 62.909 64.8693 70.9392 59.7021 59.384 58.9971 61.9977 59.0057 61.3184 66.7866 63.8032 64.8521 66.4512 69.5034 73.209 74.9027 72.9167 70.4921 77.4992 75.2466 78.7717 78.9866 81.0758 79.7346 92.2442 88.1431 83.0189 85.3317 93.4565 95.1674 101.641 100.077 93.1384 104.702 103.885 110.927 113.008 119.525 125.371 130.994 140.812 145.636 148.275 138.044
135.962 122.905 116.493 110.142 95.664 94.0524 96.0885 93.3072 92.0249 88.1086 90.1794 92.5101 93.9397 81.0384 85.4399 85.2926 78.1532 76.4203 78.4391 73.8729 72.8332 69.7313 72.7206 65.2691 66.5515 64.5933 56.5701 62.8171 64.6366 59.2647 62.8518 57.3672 61.0842 66.8287 61.838 57.0466 54.6119 54.9325 54.9931 53.9881 52.3851 64.8013 57.8437 63.2763 58.251 66.0749 60.4084 63.3197 59.5766 65.0092 65.1045 64.1514 67.0973 66.2396 69.4281 73.3791 77.6766 76.8968 82.0262 80.9951 81.6016 87.0169 72.9285 93.8098 93.8184 99.1817 79.8341 90.7166 87.0342 88.8451 99.0951 102.994 115.687 118.304 138.094 137.626 135.39 133.294 131.526 127.974 118.477 115.124 109.744 110.853 106.417 101.798 100.04 93.4979 90.396 85.8818 85.5872 83.2478 74.6787 75.3459 69.4454 66.7334 71.2216 71.2736 72.7552 70.1126 67.8511 74.3928 70.4938 70.4072 71.2996 76.3943 67.6865 70.1732 74.8953 64.8533 76.0217 61.5694 67.2966 67.9465 70.1472 67.4612 69.0122 76.3943 70.6238 74.7567 72.7119 72.0967 77.9972 72.2873 63.5709 69.0122 72.2613 68.527 67.5826 74.6701 70.1732 76.6282 76.9401 81.7316 83.8457 91.609 97.0936 88.3599 92.9693 105.299 108.435 109.683 118.46 126.137 122.862 125.66 141.828 141.048 141.343 136.517
131.047 118.098 107.42 104.565 102.146 93.4763 88.9012 94.7947 89.8441 89.783 91.6078 92.6818 84.0117 92.8215 86.4215 85.6357 77.8736 77.5855 75.3154 71.6308 70.6879 71.2641 68.6098 72.3031 71.6832 69.6052 66.5056 68.2606 68.0161 71.4126 64.9951 68.7932 66.3485 70.5045 62.5504 65.9643 71.0196 68.8368 63.6156 70.8363 66.9509 76.1361 69.1774 66.2088 72.4952 71.43 69.8147 70.3735 66.8112 72.6698 69.4306 74.0319 73.6215 72.3468 66.5755 68.0161 71.6221 75.5249 85.723 89.6957 82.9989 85.8278 88.2114 78.415 95.7028 82.7195 84.1601 87.8534 93.5898 85.9064 94.3145 104.128 110.93 114.405 131.675 128.078 137.595 134.862 131.204 125.476 126.62 121.975 113.034 115.819 112.074 111.349 106.163 103.343 102.766 98.0427 100.295 86.6049 83.514 77.3148 77.3672 75.2456 76.7561 74.4335 73.8224 76.1798 72.7135 72.9318 75.2194 68.863 72.8794 74.355 68.1907 66.916 71.1855 74.1716 69.7624 68.671 74.8788 68.182 68.671 71.9364 69.8409 68.1907 76.075 73.4382 73.7962 76.7124 77.8824 74.224 71.9277 75.0709 70.8799 79.0436 79.7072 70.4347 75.8742 76.4068 80.2223 94.0438 96.41 102.277 99.4485 106.695 111.358 114.361 110.45 113.156 120.01 121.992 129.92 129.58 140.075 138.084 133.727 130.034
129.999 122.362 106.35 107.274 91.6662 86.1235 91.939 88.2614 83.88 92.6604 86.449 82.0764 80.3784 86.2291 85.4197 88.1822 86.2555 79.4458 82.0676 77.827 75.7155 76.8504 75.7419 67.8765 75.6011 78.4868 77.651 85.9827 82.6043 85.2789 79.9473 75.1172 76.3225 72.0643 79.2083 69.7416 75.3724 67.7533 77.4839 73.0585 74.9237 76.0058 69.7592 72.1699 77.5982 88.8597 79.2083 87.7071 83.0442 76.7448 76.8152 69.3457 73.5864 74.0439 75.7243 73.6831 74.8269 80.9503 81.355 84.6718 89.8274 90.2937 89.5723 90.848 87.6191 85.6396 92.4756 84.0912 99.9803 92.3173 94.5872 97.3409 101.687 116.045 120.321 126.392 138.947 136.378 136.615 128.996 127.289 119.987 114.268 109.174 108.77 106.288 101.406 103.675 96.8306 95.2998 91.4815 93.4258 89.7659 87.3024 91.4375 86.3082 81.6629 87.3288 89.0532 89.326 83.8624 80.8359 86.7657 80.7215 78.0381 85.0589 78.654 71.6684 81.0998 66.9263 70.5599 66.6096 69.812 73.8327 68.5187 69.7152 73.1729 77.044 86.9593 86.4842 85.6484 84.1175 86.8801 89.7219 86.2115 84.1351 88.5693 82.4195 83.3697 91.2527 93.2851 92.5372 87.5224 90.7864 90.3465 95.7485 102.497 107.52 101.23 116.142 110.318 111.242 113.177 124.025 128.873 128.723 127.668 132.339 133.149 127.914
129.869 118.823 118.034 108.301 104.338 99.046 93.9931 91.3691 87.9207 90.1458 89.9596 85.8553 84.0912 82.0966 82.5487 81.6711 78.8964 88.426 84.3926 79.0117 84.6762 83.9936 80.0843 87.841 91.5642 82.3448 90.589 85.3056 97.2287 84.4014 88.6299 87.4509 83.8784 80.8467 80.8289 76.5029 79.2333 76.6536 79.4726 72.2301 73.6573 80.8644 80.7669 76.9728 93.8513 86.0857 90.7929 91.3337 88.6742 88.3019 85.8021 81.281 88.2133 95.3228 81.9282 78.0365 79.6233 86.7417 80.1197 86.0769 83.7986 83.8164 84.7117 87.1318 86.0503 86.3871 84.9067 98.0177 93.3105 86.919 101.049 103.514 106.377 121.43 126.394 138.547 142.129 142.82 131.863 133.885 127.378 124.55 119.781 117.281 120.437 113.354 112.591 104.427 103.922 98.7801 99.0106 90.8461 96.5462 91.4578 94.915 93.4169 86.1567 84.6408 80.2261 79.6499 84.2153 80.4389 78.0631 85.8641 86.068 94.3211 95.1898 94.8619 94.7732 93.7006 87.7789 96.1295 94.4807 89.7469 91.2894 100.021 93.3017 92.2202 93.0712 90.332 91.2628 87.1229 81.3963 82.1941 83.1604 82.9565 83.0097 83.4529 88.8338 84.9776 88.3728 97.016 92.7875 95.9168 96.5816 105.384 95.7749 106.608 116.651 113.141 113.912 116.625 122.006 132.475 133.494 136.012 146.402 139.248 136.012 137.519
136.465 129.632 122.978 116.789 113.788 105.928 107.17 100.801 103.034 96.0677 99.7296 90.03 95.1924 95.4425 92.7719 88.5563 88.0829 91.7537 91.718 95.1924 94.0849 88.5652 90.8785 90.3247 84.5906 93.683 91.9056 87.1897 90.6462 91.1821 93.3882 94.7637 95.3174 96.8626 90.2443 92.1557 95.2192 95.5943 93.9688 94.3528 92.7719 90.1193 91.6823 88.7081 96.809 94.0402 91.8699 86.9843 83.9833 82.7597 87.02 86.8593 93.0131 95.3889 94.0938 95.505 95.5229 92.1199 93.7812 93.1739 98.1666 89.1279 89.9049 100.051 92.379 95.2192 106.268 102.418 110.805 100.212 111.296 115.637 125.953 119.111 133.178 139.055 148.174 144.137 142.458 137.912 138.457 128.82 129.534 126.551 113.94 114.592 108.733 110.742 105.794 103.534 102.918 102.159 100.266 100.149 100.792 100.417 88.7974 90.2622 92.3254 90.7445 88.2615 93.3346 93.7812 94.1385 94.2099 96.6482 94.8083 98.5774 101.561 110.001 107.929 111.689 110.912 105.696 111.064 99.944 96.6214 108.643 96.6929 95.8087 96.6661 92.4951 89.3958 90.4587 88.8063 88.8689 93.4418 95.3978 89.4941 100.918 100.784 98.5864 107.697 100.837 105.857 107.187 108.706 115.592 112.403 118.941 125.979 124.211 130.142 136.474 130.802 140.332 144.325 146.799 145.013 132.446
140.86 141.067 130.026 130.818 120.155 127.236 120.964 121.639 108.52 119.363 117.986 113.271 112.749 113.703 103.85 105.847 102.527 105.361 112.092 101.132 101.726 103.319 105.811 107.332 101.591 99.7554 106.756 99.7374 99.6294 107.251 110.067 110.364 102.437 108.52 116.51 103.814 107.026 110.517 107.458 100.403 103.706 107.332 105.739 111.021 106.846 111.552 103.814 107.341 110.373 101.186 106.828 105.046 109.06 107.728 106.855 108.178 106.486 109.807 104.183 104.174 108.835 103.067 104.048 106.108 118.391 120.811 118.904 120.371 124.573 115.089 123.241 127.587 131.169 128.541 142.308 153.538 146.763 150.992 153.673 147.545 143.487 136.325 133.04 134.282 130.674 126.732 125.698 128.397 127.731 125.698 125.95 122.764 123.466 115.457 113.64 114.414 110.733 109.366 108.619 113.505 117.968 117.554 111.372 111.201 110.751 107.152 99.9354 103.769 104.075 106.711 107.998 109.825 106.774 103.796 103.643 105.325 105.298 106.711 105.091 104.632 106.846 111.543 106.9 113.622 108.403 110.589 115.871 107.458 113.073 115.349 112.659 117.761 123.88 126.57 123.79 123.16 125.887 125.149 126.453 127.164 129.738 125.95 141.913 147.42 150.2 143.532 150.875 153.07 149.426 147.393
159.065 149.438 140.346 140.001 147.652 145.132 139.231 136.149 139.566 127.773 126.757 121.237 126.368 125.198 118.436 115.625 127.319 116.169 113.024 119.478 115.417 114.465 119.043 123.213 123.947 116.876 120.076 116.305 124.926 122.243 114.864 121.445 119.505 125.697 120.502 112.008 123.548 115.843 120.113 116.487 114.347 119.922 112.951 117.638 126.794 119.94 131.625 126.277 123.684 115.19 122.252 117.574 125.316 119.968 119.242 113.087 126.712 116.577 117.212 115.48 125.388 120.974 125.923 125.126 126.467 126.132 126.15 136.774 142.068 139.412 138.823 142.766 143.718 142.041 161.214 158.92 157.352 172.726 157.724 162.555 155.684 155.258 160.67 151.759 148.523 147.154 145.005 146.202 146.247 138.805 139.766 138.034 139.104 134.689 134.807 134.653 138.116 130.764 138.043 130.8 135.659 127.12 131.417 134.064 129.395 121.11 122.732 124.582 124.283 118.345 121.237 121.264 121.255 125.171 120.539 122.778 113.74 122.08 130.392 128.724 119.424 132.45 131.081 134.481 138.923 130.347 138.596 125.561 134.726 135.623 133.882 132.414 139.213 142.503 142.041 144.552 150.182 145.105 139.031 147.961 144.978 153.744 154.805 152.874 157.479 162.383 168.665 164.532 161.613 161.15
164.392 157.488 152.101 152.749 151.242 138.531 142.357 137.846 131.627 133.618 133.079 132.339 127.143 127.673 125.015 124.623 125.792 121.664 124.44 120.796 119.418 116.861 117.29 123.901 119.198 118.514 123.49 119.938 129.234 125.764 136.677 129.07 124.029 130.759 129.682 127.792 138.567 137.627 139.416 136.796 137.782 129.006 131.234 127.938 127.883 126.614 121.609 118.696 118.833 121.436 120.468 116.815 116.057 122.952 121.591 124.696 124.248 123.244 128.093 126.294 125.518 126.239 126.358 129.527 134.805 139.626 131.252 135.042 140.722 143.8 151.607 153.26 145.343 155.671 155.406 157.096 173.369 167.086 158.347 153.087 152.402 144.503 144.01 145.69 143.06 147.991 138.476 144.037 146.585 144.457 140.129 139.69 137.672 139.079 135.481 134.376 142.823 134.704 130.485 134.668 133.462 139.946 141.955 140.037 139.992 138.859 143.845 140.165 142.759 142.247 134.65 136.54 137.563 137.526 138.668 141.115 141.544 144.448 150.411 139.69 138.85 141.572 137.28 132.412 135.188 133.946 132.047 134.613 131.709 132.531 130.065 131.536 135.608 139.298 139.846 137.133 142.713 137.453 142.202 142.512 139.444 139.489 146.85 147.836 151.781 157.817 164.611 166.575 161.945 161.205
163.368 155.816 152.072 145.44 145.376 144.171 141.898 138.559 147.188 143.021 142.303 137.704 137.805 134.687 130.768 130.253 127.567 122.048 119.721 124.669 118.074 120.732 118.552 116.749 117.807 125.231 117.973 121.579 130.207 131.329 132.323 134.484 142.864 140.721 143.389 148.154 149.285 150.343 144.713 150.95 141.181 141.199 136.011 139.985 134.19 134.512 124.743 127.613 117.697 117.127 119.546 119.408 121.036 118.718 119.426 121.008 116.565 117.77 130.667 135.901 131.062 132.084 134.852 129.664 131.743 130.713 146.746 139.194 139.396 143.812 141.034 147.694 152.735 155.411 163.101 171.987 165.787 169.393 165.153 157.61 154.528 136.343 142.312 141.08 144.585 126.721 130.75 132.157 123.952 126.62 123.418 119.776 121.339 127.576 119.399 119.003 121.339 130.593 126.362 126.546 128.754 130.731 136.784 130.722 136.232 141.034 136.775 142.377 132.654 133.206 139.498 134.65 130.317 136.977 130.842 134.346 136.747 132.277 137.925 134.678 130.29 122.002 131.614 124.973 123.897 125.24 119.886 124.909 124.936 116.943 116.519 126.095 124.246 128.101 122.802 122.333 123.115 131.32 123.786 140.224 138.9 140.206 144.962 146.654 153.838 163.736 162.632 172.64 170.58 162.264
164.489 156.262 154.01 144.04 140.835 146.913 150.665 142.011 137.694 138.166 128.234 135.794 134.979 130.392 124.361 130.846 128.604 131.838 121.924 123.48 122.396 122.832 122.026 119.83 116.735 111.908 114.298 114.261 113.474 121.127 120.284 119.848 124.064 122.73 125.593 136.535 123.314 129.188 128.447 129.095 125.463 127.946 120.154 120.701 119.598 118.208 117.022 119.274 115.679 111.704 112.584 116.615 118.968 120.163 122.202 122.572 122.257 119.292 123.49 131.226 131.356 124.277 131.124 135.516 130.161 126.547 138.296 135.007 143.8 148.682 142.326 145.495 152.315 149.98 153.899 160.45 170.132 167.89 160.45 157.763 150.554 139.306 142.271 140.575 138.778 131.273 129.021 121.998 124.222 121.702 117.032 110.5 123.471 108.165 106.525 113.529 104.116 105.626 108.016 107.915 108.906 109.832 112.547 106.636 108.582 111.472 121.6 114.335 118.561 114.78 111.797 113.668 115.438 118.422 117.699 119.459 117.208 108.711 119.839 107.118 110.518 108.591 111.259 107.405 109.925 102.744 105.45 102.93 101.809 105.543 106.247 111.426 118.107 122.73 113.641 120.339 125.76 125.25 127.965 136.98 138.667 140.029 137.147 146.514 153.992 159.458 162.84 166.62 165.583 161.469
160.057 148.186 135.27 135.681 135.793 133.143 137.762 136.754 130.707 125.238 125.22 125.472 122.485 121.44 114.273 117.399 122.579 117.819 113.414 115.607 111.688 114.889 115.337 117.745 114.394 118.724 118.146 117.147 120.89 119.583 120.208 111.595 113.545 115.719 120.47 110.615 106.201 108.692 107.162 110.727 113.2 110.381 113.34 118.379 119.107 107.628 120.516 113.125 118.827 122.364 112.985 112.043 112.127 111.296 114.32 116.839 112.5 114.684 123.269 110.288 114.254 129.111 118.538 129.699 125.649 122.709 128.262 123.269 127.674 139.638 129.671 141.98 146.273 142.522 157.574 155.391 166.739 163.836 160.477 159.665 142.652 133.675 134.029 129.848 122.187 119.079 120.358 117.847 112.789 107.778 112.388 107.946 108.3 106.658 99.5934 105.939 104.903 97.083 102.794 101.395 99.9014 101.507 99.4068 101.59 97.0924 101.833 99.5281 98.2869 96.7471 105.081 103.97 105.977 108.823 103.625 99.2201 95.8605 96.5418 98.4829 98.6882 94.4607 96.1871 95.0019 99.9574 101.87 97.111 104.064 101.105 99.9947 106.406 100.657 103.14 106.266 114.133 113.153 118.351 111.548 112.537 116.905 114.646 122.411 126.144 131.155 139.899 140.301 142.186 149.791 159.497 165.628 160.421 154.709
153.345 136.849 122.948 123.334 117.506 121.755 115.128 122.553 117.29 114.508 115.937 110.983 116.068 101.97 103.793 105.56 98.5672 99.197 97.054 102.994 92.7681 106.895 105.184 100.137 107.045 111.068 115.015 114.282 123.428 119.922 117.788 121.538 114.517 113.211 113.371 117.205 112.403 110.955 108.878 112.478 110.767 119.499 115.899 116.425 125.561 112.562 119.048 116.811 111.763 113.38 110.015 112.694 105.522 103.295 103.521 93.4636 102.139 97.3172 99.5071 99.3192 101.284 106.895 117.262 110.523 117.187 113.248 115.213 105.165 104.122 113.935 118.136 121.369 124.866 136.549 136.896 149.218 153.157 153.974 142.019 148.316 140.816 132.789 128.531 120.617 110.1 104.827 98.3793 108.201 100.24 100.973 105.203 97.0728 97.5052 98.6142 96.6874 101.941 105.25 106.453 102.064 116.247 106.538 112.28 109.996 98.3041 101.556 104.366 99.5071 92.1383 93.5858 91.3582 92.8903 90.9729 89.9578 90.6815 93.1064 93.2944 100.297 94.5915 89.563 99.4132 104.883 103.21 119.113 103.661 108.869 103.173 107.055 103.539 99.7045 97.4394 103.088 101.8 100.08 96.5935 101.584 98.2571 99.8831 108.521 103.727 112.393 117.328 130.411 131.163 137.338 145.12 151.615 152.207 153.213 150.29 142.902
134.651 124.92 113.987 108.118 100.716 98.5482 101.558 93.4461 99.1161 99.4001 96.0776 90.5401 92.2534 97.7246 92.5752 94.2886 87.814 91.8369 94.5157 81.4151 86.2048 86.8958 92.2534 95.6327 103.811 98.1317 108.279 101.322 108.071 108.023 103.13 102.846 107.153 114.394 111.384 115.634 110.589 118.322 106.073 112.652 108.904 110.816 120.471 113.892 112.122 108.923 115.643 107.9 102.694 105.903 102.969 94.0519 94.298 87.0378 87.5111 92.0641 86.4888 87.104 95.3487 87.4921 95.4812 93.6827 97.7909 92.3859 91.7328 96.6266 93.2095 94.4873 99.135 102.458 108.43 111.63 115.18 108.837 123.926 146.066 140.841 148.527 143.851 134.878 129.416 125.232 113.438 112.841 104.881 108.781 102.505 97.1851 91.8842 94.4211 86.8674 87.4732 96.1817 94.9038 94.6388 97.6868 103.65 101.899 108.44 105.335 110.768 104.123 105.515 103.764 97.4596 100.99 99.9112 93.5408 96.9768 95.6327 98.993 96.9863 95.3014 94.3264 100.99 99.5515 103.537 98.0654 95.7179 100.015 100.375 99.1824 103.802 107.881 101.606 101.908 112.207 103.65 98.6901 103.167 97.3365 93.1905 92.2818 98.0559 94.6293 92.1872 98.3115 93.7679 106.017 102.467 104.483 116.666 113.343 125.412 135.54 146.985 143.671 151.642 142.611 133.903
129.433 118.023 109.262 106.564 106.622 102.923 98.2711 104.01 96.4027 97.1939 90.9501 90.9119 94.7631 91.5887 85.1638 89.1961 82.4756 88.729 92.2179 89.2056 102.055 98.2329 95.1349 105.43 106.917 103.095 98.6142 106.116 93.8861 101.159 96.212 85.9264 92.685 93.8766 94.6868 98.7668 94.2388 106.021 91.3886 96.4027 97.4608 98.8239 96.1548 98.8907 92.8947 93.6954 102.77 103.647 98.4426 102.942 101.15 104.715 101.598 94.8679 101.76 91.9129 97.9088 92.113 89.2914 86.0694 85.3449 89.5678 91.7794 89.8729 91.7794 88.3095 91.8271 103.352 103.638 99.2053 107.136 104.849 104.486 122.217 129.881 130.319 143.865 142.216 140.767 136.087 121.368 118.251 113.304 103.809 108.776 101.588 106.059 98.1471 94.0577 96.8698 94.1625 92.1702 94.153 92.237 99.2529 97.07 101.455 99.7105 95.7068 99.1481 98.3855 95.9832 96.1262 90.9215 92.7708 95.5829 104.153 86.1075 97.9088 102.523 95.2111 95.2492 98.6142 101.036 95.3541 96.0309 90.1303 96.5743 95.8593 92.9805 96.212 89.5774 96.0595 101.093 97.8898 96.0595 93.1044 96.336 95.0777 95.3446 90.9215 92.3609 99.2148 90.4639 94.8775 93.8098 100.101 94.5152 104.115 101.417 106.679 112.427 118.556 119.853 126.583 132.064 142.645 148.193 132.788 133.322
135.533 122.007 111.707 108.261 107.349 98.1723 101.974 101.071 102.406 97.7212 94.3902 94.4094 95.1102 94.7934 96.4541 99.5066 99.449 94.3422 109.279 98.3451 94.9374 106.62 107.023 110.699 107.004 94.7358 95.0814 90.3489 91.6928 85.6932 81.3063 80.0488 79.5112 74.6828 78.7529 77.6202 74.0972 75.9307 77.8026 82.1127 79.0889 72.8013 78.5993 86.1828 86.5475 86.01 89.293 91.3376 89.5137 107.32 98.6235 96.8476 102.271 99.8042 106.524 99.9962 94.0926 103.759 99.6698 94.2174 101.618 93.0559 100.87 89.5617 98.4507 100.14 95.2253 94.851 97.6924 102.473 104.988 103.337 110.383 122.439 121.787 137.741 142.032 141.36 139.123 130.935 125.367 117.918 121.518 116.344 113.128 106.677 103.529 101.801 98.9019 92.3935 100.975 96.9244 101.753 104.028 100.351 96.7996 99.6026 105.122 106.245 102.55 98.8731 98.1723 90.6369 88.2274 89.0434 86.6531 79.972 84.6757 89.1202 82.6982 78.9353 87.5363 88.8898 79.5016 85.5972 83.591 81.1623 85.194 88.3714 92.7391 89.5233 95.091 94.7166 99.8618 106.044 101.292 100.025 105.996 100.044 101.743 102.962 99.4011 95.4653 96.2429 102.722 96.8668 100.582 100.716 109.634 113.925 120.424 119.886 117.006 126.942 133.815 132.596 134.112 145.843 136.483 134.871
133.344 126.346 118.255 111.779 104.056 108.057 97.792 103.524 99.9959 91.0451 103.824 92.843 96.6127 96.2454 89.4695 103.321 94.0899 101.89 103.205 102.103 93.3843 101.977 93.9062 92.6013 88.5995 89.0345 81.3886 76.3043 76.2559 80.654 70.5336 72.5441 65.5265 67.4791 66.8701 62.994 70.3016 70.2533 64.125 62.7234 63.2743 69.1707 70.4949 70.2049 71.4325 77.3289 77.5802 79.2621 80.7023 86.734 89.4598 89.2375 89.9721 93.3263 91.509 101.011 98.285 98.6716 96.6417 93.7709 96.9027 97.4054 94.7762 104.955 107.806 101.861 104.442 100.421 103.447 106.211 105.467 103.621 116.535 127.129 124.905 133.537 136.688 136.369 133.16 130.299 129.806 125.717 119.628 119.947 118.603 113.354 110.406 115.645 109.681 107.168 106.936 101.91 98.169 95.4528 102.093 92.0987 106.327 96.9897 96.6611 89.5662 90.2138 88.0679 85.3517 87.9132 83.3218 87.0916 75.415 81.466 78.2955 73.5397 70.9396 67.4984 67.2181 69.219 74.5547 75.8886 71.6162 78.3728 75.8306 88.4642 84.8394 88.2129 86.2603 87.6233 89.2278 91.4027 96.3808 90.7068 97.444 92.4853 97.0767 105.283 97.3957 106.289 108.908 108.019 106.559 113.122 110.3 110.387 121.377 122.972 126.365 127.109 130.705 134.175 131.15 141.589 139.008 133.943
136.951 124.192 119.705 125.632 115.588 105.942 108.337 102.108 103.772 100.258 94.6328 99.3338 94.1851 93.4065 95.1682 102.312 99.1878 97.8836 98.7109 94.8567 89.9903 83.8099 85.6105 81.3961 79.8973 75.8289 72.9382 65.7359 69.3273 66.5632 62.5435 64.3928 65.5899 64.9962 64.9865 64.3344 62.3002 61.8525 71.0793 67.3029 69.0354 69.6972 64.4122 59.721 67.079 62.4949 63.8477 65.2785 68.3833 72.8798 72.5587 72.6755 80.5396 85.9219 87.6836 91.1193 103.412 102.585 92.7836 95.0903 97.1537 98.6136 93.6109 91.5183 98.3021 90.3309 102.643 96.4918 115.305 105.796 110.663 113.563 122.187 130.635 135.968 145.847 138.518 145.643 141.117 137.594 134.976 131.014 124.698 127.511 121.311 126.596 118.654 112.882 112.755 111.724 111.451 105.037 104.298 100.258 97.7571 93.3092 87.4792 79.1284 81.8049 80.2087 80.598 80.0822 72.5392 77.8534 72.8993 74.223 78.4568 83.1091 81.1333 79.0505 74.4566 76.2474 75.3715 75.3812 76.481 72.218 74.9822 78.194 81.7465 78.9726 76.228 75.9652 68.0913 81.4156 84.2771 84.7832 87.3235 94.5161 93.6012 91.9174 95.4309 100.239 107.782 107.87 113.485 110.449 116.853 109.943 118.002 118.839 123.666 125.467 131.929 131.744 138.188 139.443 140.679 144.076 148.018 134.197
144.28 131.727 123.368 116.057 115.264 111.608 106.483 97.1343 102.465 89.9119 97.8105 92.1854 95.0273 93.2144 98.957 95.1547 99.1922 102.789 94.4198 89.0887 92.0482 82.7484 71.7727 71.1848 72.8017 70.0186 72.5861 68.1273 65.1384 64.2074 57.7984 66.8533 60.9735 60.8951 60.5717 69.117 63.1686 61.6987 63.1784 66.1477 59.9739 61.4243 63.2274 64.7954 67.7549 66.4123 68.5389 67.9607 69.999 66.3731 71.4102 75.4966 73.6151 74.6048 82.1604 90.0883 87.3444 86.4526 96.3209 105.66 97.8398 103.759 97.6537 98.9864 100.564 99.9272 98.9276 102.916 99.9076 108.639 112.245 114.195 122.339 125.455 138.009 140.566 143.291 140.282 138.361 129.258 131.394 124.015 123.054 118.145 115.852 121.055 111.187 112.922 119.027 115.166 111.069 116.41 103.514 98.173 91.8817 91.8817 82.2192 84.8455 83.3363 77.1822 69.46 67.8529 69.1562 68.6858 71.2534 73.0369 71.2338 87.1876 81.8468 74.2325 86.5604 85.2277 84.8063 79.5439 85.3453 83.5813 78.8187 82.6504 74.2815 76.4668 67.5295 73.3799 65.8439 73.9581 76.4178 84.5809 79.4361 90.4313 93.7632 89.2259 96.3307 105.523 109.893 111.54 112.735 117.165 111.706 119.811 114.068 115.656 118.723 115.264 121.702 123.868 138.273 127.768 137.783 141.762 142.624 131.345
134.371 126.162 121.683 108.61 104.505 109.478 104.811 101.407 104.821 100.628 104.14 103.46 97.6285 95.9512 93.4747 96.4839 93.1491 90.8897 92.0934 94.9645 88.0185 88.6105 86.3708 82.2368 79.5729 74.9159 76.3465 75.5967 74.61 71.5317 75.1231 68.7888 62.7111 63.7175 61.8626 57.3142 57.2451 58.4784 62.5335 60.3432 64.6252 63.1452 65.602 63.974 68.1377 68.4928 75.5375 71.2357 78.4777 78.4974 72.4197 80.2536 81.3587 86.6076 83.0459 89.8537 93.307 95.7045 89.311 97.9836 104.081 101.2 94.7475 94.0469 99.9964 97.5791 101.003 106.528 104.012 107.179 109.399 103.864 110.376 121.17 121.594 144.09 136.828 142.965 132.842 131.125 122.975 121.002 113.553 113.425 111.491 112.941 116.177 117.282 113.632 112.625 105.453 106.765 105.443 96.1485 99.8484 86.6668 87.0023 83.4208 81.7435 80.9739 80.1747 77.4318 79.9971 81.0035 74.985 80.4806 74.2253 84.289 83.0261 83.9832 82.9571 83.1642 82.0592 85.4927 79.0795 81.2798 83.9832 86.8444 79.5334 76.6721 76.5833 78.0436 74.4916 73.6826 81.4968 82.2861 82.148 87.1799 88.5711 92.932 102.068 101.644 104.495 105.818 111.195 112.537 118.841 114.737 112.172 116.059 118.318 114.076 122.403 119.305 123.577 136.039 145.51 149.289 141.988 131.786
130.572 123.152 110.09 104.378 102.779 108.103 100.028 106.305 96.3125 95.7761 87.1839 90.8691 89.4487 92.1505 94.0477 92.0909 95.1404 93.412 95.1603 98.9945 95.9549 95.6669 96.6006 93.5908 90.5214 85.3164 87.8295 85.5946 79.0982 69.5524 72.1649 67.7148 66.195 64.6057 66.8804 61.3774 64.1388 64.7249 62.0131 58.1987 64.4666 61.9038 66.7314 70.9927 80.479 75.1051 78.9989 81.5319 87.5216 89.4586 85.5747 92.7664 95.1404 105.958 103.921 97.6336 97.3058 97.2065 95.2795 84.3033 84.0947 85.0582 92.2002 94.9715 95.3689 96.9085 98.0111 93.3921 98.468 96.7496 107.686 108.55 112.424 121.553 117.947 138.092 146.803 137.674 136.979 128.258 121.573 114.788 110.05 113.239 113.914 110.894 109.524 112.99 110.05 106.951 101.825 103.246 97.4846 96.1337 91.5744 99.1733 98.6866 84.8198 94.3159 84.4522 93.6504 91.0181 90.442 87.0746 84.2933 85.1575 94.3358 81.7802 85.5052 82.7239 84.7999 82.7636 85.9422 90.6804 86.2402 88.3063 77.8467 85.5946 87.3428 91.475 86.4389 87.6507 95.8159 86.7071 94.7828 89.7169 96.2529 92.965 97.3654 91.9419 102.312 98.2495 100.107 99.5805 104.219 104.13 110.855 111.292 113.914 114.679 117.083 112.226 113.537 114.421 122.099 132.231 142.343 146.088 141.141 139.443
124.66 125.61 113.64 108.88 104.25 99.74 96.35 92.88 93.86 92.74 89.38 90.44 87.92 86.68 93.9 95.25 85.28 84.99 87.54 89.22 91.2 91.52 87.85 88.6 92.65 85.9 91.63 82.44 79.6 87.15 82.46 77.85 77.19 76.28 76.33 80.64 75.48 78.52 71.27 72.77 75.74 74.56 75.87 83.41 82.98 83.58 85.89 91.66 85.01 97.02 95.6 93.3 91.16 88.33 90.16 90.86 89.86 90.2 91.82 81.53 92.16 83.04 85.08 88.07 96.75 94.91 97.35 97.65 90.92 89.12 98.02 107.13 119.1 117.3 135.55 137.8 136.84 140.32 139.06 138.38 117.44 122.25 111.16 111.84 110.61 107.95 100.77 97.6 98.78 96.37 90.66 95.3 92.96 100.86 97.72 106.79 96.79 98.44 95.69 90.89 87.36 95.27 90.09 83.61 87.31 96.65 88.15 86.82 93.31 92.49 95.43 83.29 97.23 89.71 95.44 92.84 94.71 96.54 84.99 88.02 88.22 92.84 87.98 87.97 91.11 97.45 98.05 92.15 99.26 103.64 101.92 102.42 93.8 102.33 96.27 94.82 95.42 100.57 104.12 112.21 109.26 113.51 115.17 122.95 127.72 131.74 139.48 137.46 128.36 133.58
