156.99 151.898 161.772 162.406 156.863 157.829 148.715 162.058 164.067 150.688 160.304 156.404 156.171 165.605 149.834 138.405 157.011 154.854 154.271 151.771 155.029 150.718 156.079 158.958 149.851 147.685 156.734 150.415 156.779 150.64 147.692 145.036 142.084 149.192 146.569 146.971 144.585 143.664 147.474 160.189 146.325 147.339 148.457 142.461 154.648 149.3 134.108 149.517 149.585 144.544 134.347 143.662 151.701 144.336 133.691 146.886 145.185 143.177 121.359 144.047 147.207 144.606 136.969 144.039 144.38 149.885 125.893 143.058 149.948 138.831 142.953 147.974 141.398 128.678 150.027 124.002 146.107 140.971 139.926 134.284 141.159 139.964 136.803 144.894 138.387 127.197 139.754 145.375 141.199 138.189 119.005 137.835 142.276 145.317 138.409 134.624 145.271 143.28 141.571 137.322 152.303 134.891 137.259 141.722 140.898 134.761 126.633 117.854 144.15 138.12 146.245 140.042 140.095 144.761 142.498 145.203 125.431 146.536 141.565 133.208 135.905 142.04 135.331 146.529 141.741 144.692 138.81 138.392 140.879 143.261 144.735 156.369 147.939 142.603 153.963 144.779 128.507 147.334 143.214 139.681 131.825 137.122 138.507 142.806 141.137 135.224 150.426 147.225 142.458 140.866 148.049 145.749 143.632 145.948 141.185 151.728 142.597 142.485 139.708 156.932 136.321 153.848 150.098 151.992 151.743 144.61 152.279 157.287 148.842 143.587 153.38 153.469 153.038 154.331 145.452 152.895 150.432 155.044 144.982 154.523 150.678 153.445 153.357 147.017 157.828 153.806 160.394 157.313 157.371 159.477 148.23 155.119 157.852 155.33 159.235 160.981 164.336 164.64 152.362 148.009
142.485 141.316 145.559 142.108 133.192 145.89 139.383 144.212 147.534 152.916 138.338 133.136 154.117 135.68 138.374 132.692 127.649 149.758 136.425 139.378 139.74 136.634 118.555 144.451 144.256 139.427 130.981 123.076 132.318 142.742 138.437 126.161 129.027 135.785 129.14 140.812 134.68 131.958 127.892 132.723 135.072 135.293 124.686 117.185 137.36 136.303 127.44 126.315 121.58 129.396 125.545 142.745 122.944 118.576 134.192 127.417 127.204 126.78 111.661 127.478 127.591 138.89 129.512 121.865 116.836 124.412 119.789 123.303 118.334 132.749 125.507 120.888 125.833 132.114 114.577 114.896 127.045 118.356 120.154 120.931 123.115 124.618 105.517 124.029 133.72 132.29 137.908 131.341 129.155 114.812 126.22 119.613 119.71 110.756 136.321 101.877 111.054 123.638 118.649 114.325 116.668 118.895 113.429 122.238 118.433 133.287 119.522 116.856 130.35 109.978 120.473 123.495 111.23 127.992 116.958 113.144 117.749 109.393 125.251 118.548 128.277 117.159 120.905 121.193 108.142 118.881 116.364 117.581 125.987 114.087 126.004 120.696 126.979 130.154 125.064 120.414 124.276 123.099 122.52 124.274 123.414 133.594 121.967 124.028 122.159 129.691 131.09 111.32 122.228 125.178 124.49 138.128 128.661 133.368 129.188 130.193 134.494 143.436 128.377 134.232 119.642 137.268 144.709 121.66 133.829 131.833 139.433 132.577 129.806 127.387 132.04 128.02 131.954 125.279 131.264 133.872 139.726 139.423 134.01 132.036 145.339 138.008 138.585 128.171 137.294 142.66 139.97 142.089 143.144 141.98 126.608 141.272 142.608 144.086 138.424 148.537 144.821 153.06 143.698 137.018
144.283 125.694 135.052 134.845 139.069 135.298 128.607 123.7 134.072 138.473 135.956 131.987 140.56 131.621 142.622 141.356 140.695 124.688 132.7 141.529 129.132 126.169 123.969 123.43 126.496 135.416 118.969 128.965 121.164 118.366 119.824 128.529 115.792 125.186 121.514 116.837 129.659 117.921 115.366 132.184 109.313 119.638 130.402 116.139 125.458 119.285 111.935 115.136 111.677 123.671 129.048 121.438 108.473 112.448 127.651 114.388 116.726 114.692 109.561 113.904 103.762 103.35 114.893 121.022 107.684 113.922 125.614 113.312 109.731 109.073 111.986 113.653 114.57 99.6714 111.532 100.908 115.634 94.1226 106.563 107.919 101.673 105.107 107.356 120.467 126.009 109.336 118.936 123.429 116.952 118.528 116.494 119.215 113.639 106.57 116.157 91.8264 109.34 119.188 113.729 110.03 106.032 109.013 118.18 104.549 116.26 112.273 102.203 109.892 104.648 105.912 112.244 118.367 113.709 115.178 95.0154 110.677 114.124 108.944 126.13 108.307 111.499 117.714 118.349 109.683 105.644 114.308 104.113 109.408 119.09 104.169 115.853 115.941 109.814 116.716 116.689 116.12 112.487 110.744 119.4 104.411 105.789 123.742 121.622 120.23 107.642 130.095 117.749 130.241 109.525 118.355 114.134 123.515 123.812 116.252 110.656 122.242 120.937 121.72 122.903 118.384 110.056 123.005 112.064 127.955 128.674 129.565 122.614 124.33 143.063 132.335 125.048 126.449 119.975 130.529 131.177 119.651 129.517 139.159 127.014 131.352 132.137 125.157 128.751 132.995 132.409 138.342 123.132 126.709 129.67 130.39 145.588 136.722 128.689 136.211 135.65 130.013 134.873 141.751 137.753 142.788
118.092 115.812 131.991 130.078 131.048 126.166 134.62 126.648 117.963 130.954 126.308 126.801 111.53 136.001 115.679 121.081 120.426 116.916 133.283 125.326 126.207 134.542 117.102 118.225 128.083 121.058 127.704 127.137 115.763 114.286 106.029 131.28 112.516 121.075 109.522 118.996 123.412 121.449 116.165 115.34 110.763 114.541 111.343 123.587 129.533 118.073 128.146 110.202 120.767 126.755 113.63 108.746 115.618 96.9592 98.3928 107.298 106.437 106.722 117.285 122.433 101.13 123.329 108.206 124.724 110.256 105.836 111.306 100.662 122.09 109.194 108.164 103.22 103.768 108.326 99.1864 101.805 104.122 107.97 108.379 105.265 110.914 96.4968 101.122 102.271 108.204 105.501 106.095 107.187 96.2216 101.046 107.67 103.367 121.641 117.59 106.188 86.312 94.3936 101.838 97.4472 105.941 93.6128 94.7248 100.351 92.068 99.2856 110.446 98.8488 104.282 95.2264 117.651 100.936 97.4144 112.892 108.021 94.992 122.316 101.008 111.318 103.66 105.67 109.116 103.317 110.21 99.6792 110.509 110.479 110.995 93.368 106.728 117.107 120.996 105.08 101.983 100.3 106.582 94.5688 94.3552 112.747 109.661 106.734 113.162 102.458 118.667 109.411 104.382 95.896 107.905 117.082 114.481 102.111 119.321 101.894 115.728 122.202 113.33 97.8648 116.777 118.351 115.128 112.943 125.381 117.898 112.076 125.804 121.475 123.99 122.486 118.517 117.379 117.936 107.766 127.077 118.132 114.538 129.065 118.405 125.755 133.605 128.539 123.165 123.059 131.595 133.44 124.132 126.606 115.816 122.906 128.567 119.306 126.353 129.627 131.41 123.914 128.494 144.09 121.066 119.504 123.539 127.045 124.025
120.854 124.295 128.806 109.545 132.99 122.739 120.162 122.44 133.551 125.628 109.17 124.37 115.037 108.668 142.695 126.451 124.162 113.709 122.482 123.489 126.277 119.308 115.482 105.208 122.513 121.467 114.55 104.602 121.1 94.929 106.541 111.305 101.898 98.604 125.083 104.482 128.501 112.556 115.994 104.529 116.524 113.211 108.773 115.106 111.535 110.832 98.074 105.261 100.733 107.066 92.71 99.691 106.31 118.269 109.718 105.264 106.267 109.987 117.435 80.526 114.619 116.479 110.603 102.967 104.733 95.254 115.376 103.647 91.982 101.055 95.071 105.115 99.274 101.109 106.703 92.571 108.637 94.775 103.402 95.75 92.237 102.692 84.89 104.994 101.985 95.597 92.884 103.962 86.847 92.112 106.842 90.641 101.498 104.731 104.8 113.601 101.369 92.839 100.673 116.312 102.086 91.87 88.963 112.134 92.513 102.627 100.121 101.001 101.515 100.359 96.359 101.54 97.707 97.668 102.112 98.418 105.834 108.946 103.457 99.053 99.429 104.571 115.527 116.078 100.397 91.382 100.162 102.256 90.346 93.878 115.519 109.653 107.395 97.384 113.486 98.789 109.404 107.063 109.229 98.249 108.946 103.645 113.019 111.761 102.193 109.092 101.976 106.319 102.924 112.106 116.62 117.215 107.745 114.693 98.169 114.076 110.173 119.119 98.896 114.136 109.762 123.164 122.197 117.27 112.752 107.642 99.621 119.291 122.957 116.399 123.073 118.807 117.472 113.704 116.046 101.794 121.315 112.083 115.206 103.114 113.021 122.577 121.212 114.975 119.273 119.891 136.473 124.324 113.734 115.214 139.579 112.752 115.594 123.092 129.601 124.468 102.25 116.117 114.181 126.905
123.084 109.082 114.427 115.242 115.841 116.154 116.68 114.034 108.793 118.967 115.074 121.015 115.25 126.365 119.009 108.954 98.6556 106.829 120.253 119.707 114.49 106.127 112.414 102.086 115.445 114.008 104.536 110.147 113.25 108.683 104.9 100.686 108.317 106.439 122.818 102.613 104.79 101.395 104.333 107.615 99.1752 107.285 89.796 111.43 109.855 103.171 94.5384 91.5036 108.413 96.0672 120.094 113.977 98.0244 96.2244 97.62 101.6 102.805 112.46 96.78 101.119 101.038 100.784 96.6804 110.467 116.149 101.731 82.6584 96.3072 96.996 112.416 97.1196 103.847 108.641 92.5128 99.6804 96.042 97.0272 106.147 102.388 115.628 94.992 90.5268 92.4828 87.6312 102.01 98.6616 87.7764 101.824 94.962 102.904 88.9752 87.1512 93.4356 86.3568 93.426 104.076 99.8136 91.6776 105.715 98.7192 101.854 86.9316 92.7144 104.134 86.1324 91.932 74.238 103.237 101.027 93.72 78.774 101.802 107.731 106.842 88.0212 97.2504 97.014 94.1724 88.2744 95.172 98.1852 96.144 98.5368 99.9336 99.72 104.257 89.4384 105.15 94.3548 110.183 106.224 102.78 100.044 94.8588 100.746 90.8388 102.959 117.422 99.1956 99.468 101.063 115.339 101.83 112.292 106.861 107.719 108.463 103.195 102.952 106.399 91.374 112.378 111.863 106.99 93.1704 112.064 100.714 93.2268 107.088 106.632 110.514 107.154 108.804 116.219 117.671 105.443 121.793 105.077 109.864 103.53 108.382 115.132 123.468 108.008 117.14 111.368 100.739 113.396 118.822 118.135 116.228 115.208 97.7268 114.731 103.627 118.538 105.006 108.89 111.168 118.93 115.999 125.816 118.847 104.608 112.67 117.6 125.758 111.446 111.359 116.132
116.689 112.806 103.852 116.491 111.738 122.129 111.39 114.953 115.206 113.935 113.55 116.109 117.846 110.128 109.052 113.586 103.279 102.018 110.233 107.068 116.866 103.573 95.235 109.224 111.133 98.0126 97.972 108.525 90.7592 101.297 113.681 109.206 93.2512 116.06 96.075 101.459 92.1648 110.873 98.5306 105.89 109.049 89.0386 106.25 91.9646 108.132 116.288 110.768 97.7844 107.694 101.888 106.63 98.3486 90.5128 90.0186 102.088 94.6652 105.032 92.9796 96.2738 104.873 94.6204 98.4564 98.112 100.822 94.8612 103.607 97.9552 86.2064 102.07 79.821 106.684 86.485 84.175 96.7694 113.624 113.449 102.704 100.377 95.6424 93.5676 89.1436 95.8552 91.441 105.094 97.0732 109.248 93.128 102.659 80.3698 98.2156 107.177 102.848 70.9702 85.9292 95.3442 75.0834 104.37 84.3864 84.637 86.7608 106.333 82.453 80.5322 85.1368 102.315 95.6186 87.6848 81.4856 91.98 94.2466 99.708 92.9488 85.7234 96.866 92.946 101.129 92.015 101.658 91.6524 89.9752 92.9236 101.073 101.928 107.019 96.516 100.591 82.4684 91.9156 94.2844 114.195 83.4148 90.2944 91.301 102.701 102.347 91.9926 99.9096 111.507 90.9426 104.222 102.724 102.593 103.44 97.3728 114.317 97.3924 94.0422 99.246 97.3112 105.65 93.4556 99.519 113.688 91.6524 85.0864 101.938 101.594 98.2044 94.262 105.487 102.761 106.597 100.744 103.264 99.7388 107.659 109.495 99.498 95.2462 106.989 102.752 105.686 95.9812 118.418 93.4682 118.371 122.636 109.511 107.79 123.889 101.013 122.777 117.037 103.678 94.4804 119.445 110.499 116.901 110.426 101.585 100.425 105.234 111.831 120.883 123.341 118.958 119.412 109.126 118.182 107.397
111.861 120.838 115.518 106.874 102.526 111.211 109.67 113.306 103.234 119.63 115.598 110.283 106.083 99.7392 114.32 108.781 112.973 106.184 112.549 109.826 118.557 106.768 107.014 109.786 107.944 95.0896 107.576 104.68 113.578 106.704 92.6624 95.7344 105.976 97.5248 95.9408 102.39 99.3696 96.744 93.416 113.85 91.9568 103.834 98.72 95.648 85.0896 100.99 89.3744 101.349 90.8496 90.3856 101.534 95.7472 84.696 102.33 95.2448 113.942 98.4304 87.3536 94.8176 109.026 93.6512 90.4304 105.842 94.88 90.2016 88.2672 100.714 93.8656 89.7536 94.6016 95.584 88.1424 79.1184 84.9024 96.568 87.7024 81.064 89.1728 88.1392 89.4928 92.6512 90.9712 98.2464 97.2 86.7728 95.984 97.4384 100.581 89.8352 88.6352 97.3728 84.168 91.7376 76.8816 90.1424 89.0592 87.5872 92.992 92.0496 92.5408 90.8912 89.704 86.1152 83.7616 101.309 94.7888 95.3712 87.1648 96.6496 86.2192 90.9696 86.7296 87.6 97.6416 106.318 88.7152 98.5536 84.9504 94.7296 94.0464 75.0432 97.6256 102.25 83.12 107.086 90.4304 91.3216 98.1792 103.526 112.275 98.5632 88.416 97.7552 92.48 88.3552 86.7616 111.573 113.098 107.253 95.4464 82.0336 98.624 104.133 102.891 98.0928 95.1952 96.0272 103.938 94.208 102.29 102.986 101.005 91.1984 98.112 99.4576 104.16 101.314 98.296 94.9424 102.184 105.466 86.744 110.626 86.9168 104.406 96.8928 109.139 98.1952 91.9776 90.344 96.9152 96.5408 117.371 125.715 96.0016 105.117 109.037 120.302 113.536 98.0832 93.36 91.864 95.5648 102.507 123.614 102.53 118.554 117.426 99.4896 121.267 95.3008 112.954 109.33 117.192 110.725 111.464 110.787 115.701 113.653 106.522
102.31 115.558 112.369 100.838 106.873 100.305 99.477 109.942 94.8492 94.4262 97.7904 112.93 124.33 107.559 100.66 104.798 104.627 113.92 103.721 121.023 102.35 116.969 104.909 98.9262 108.844 91.4904 98.3214 100.292 100.226 106.569 94.0392 94.428 103.145 106.826 93.1536 97.7112 98.82 93.5532 90.486 95.3352 96.2118 99.6894 96.9462 79.9668 98.0316 94.4982 91.3176 107.059 88.9506 98.4492 104.107 94.5468 81.8118 83.3004 96.2874 88.137 87.3324 95.1678 72.0306 97.3566 85.3434 93.1428 104.713 88.2378 97.6374 89.3736 92.5398 101.205 92.3904 75.7998 101.32 91.3104 75.2688 101.324 88.4196 87.489 82.1142 89.4258 92.502 98.1162 86.283 77.1966 94.7052 91.008 91.7766 95.832 80.478 99.3816 91.8216 81.2088 79.2324 82.7514 106.436 89.874 78.5592 80.226 83.8062 89.5086 83.8908 85.9482 79.7778 67.4928 78.7464 87.9228 79.785 85.041 85.0518 83.6604 96.5286 108.11 90.7182 94.7754 86.1894 80.6724 95.2506 80.5302 85.2984 86.841 98.8956 95.9706 83.7594 88.9398 95.022 87.7914 77.2578 81.1242 81.8964 90.9414 90.0684 87.2316 90.3222 107.271 99.6516 96.7554 97.9884 93.8898 74.6982 86.076 83.961 83.0286 100.192 93.2796 89.4114 95.9868 85.6116 99.3744 94.653 99.9792 88.326 103.894 104.596 91.4994 84.7602 98.3196 97.2252 95.0346 95.9958 118.42 94.2318 97.7508 102.028 93.4254 107.354 100.012 92.925 95.0454 98.3628 94.3146 88.2972 84.798 96.7824 103.171 92.8584 97.8966 102.13 113.404 103.653 95.9814 104.729 91.17 100.908 100.87 107.563 99.0882 111.341 103.631 102.157 107.473 110.038 115.135 110.439 109.744 103.266 111.388 104.81 115.373 106.402 112.417 97.3044 100.922
106.188 95.236 97.98 100.088 104.898 110.978 87.694 102.276 96.348 108.656 108.64 96.378 109.96 97.8 111.794 114.664 115.642 106.982 111.302 94.74 112.146 105.758 100.528 108.558 96.824 99.908 107.868 111.568 97.16 99.45 88.948 96.424 87.424 95.426 87.7 104.888 96.95 99.988 95.744 99.04 79.966 100.288 81.16 102.896 101.33 89.046 91.258 90.472 96.98 96.544 88.726 107.902 84.846 88.726 91.044 94.372 79.394 98.3 93.36 108.33 102.266 78.44 95.528 108.424 80.768 102.5 85.684 86.8 82.006 100.934 86.778 93.058 85.766 102.078 88.13 93.54 82.206 114.24 83.632 85.084 81.826 91.204 95.684 93.906 75.732 82.484 82.048 86.982 91.076 84.826 79.79 86.702 91.676 75.558 94.606 84.672 63.256 95.11 74.512 81.402 79.388 98.828 86.46 81.846 84.684 103.688 68.844 79.256 87.878 75.746 78.404 72.87 83.912 75.576 84.35 95.88 93.372 73.762 84.122 94.936 78.402 87.626 75.434 86.476 85.778 88.148 80.99 76.618 106.376 90.388 92.926 90.656 102.226 93.25 98.244 93.82 81.83 87.638 100.326 101.326 86.616 90.222 74.55 86.186 105.678 93.112 99.102 100.15 82.036 94.032 103.698 90.434 99.366 91.444 101.846 92.674 82.568 86.874 87.828 90.41 92.818 89.694 95.78 97.442 100.634 95.174 97.538 97.594 104.476 105.588 101.79 111.522 95.416 87.228 96.956 101.184 88.79 99.548 104.88 93.972 109.988 93.474 110.6 109.45 105.444 101.902 110.358 113.726 116.48 102.02 110.776 90.788 100.574 108.456 98.06 92.24 107.976 105.028 103.776 106.194
98.3158 98.1508 84.2512 85.7142 97.6668 99.9218 98.1178 96.4986 104.071 102.117 110.161 105.07 97.977 104.053 103.99 116.417 104.001 120.23 107.943 92.6552 103.341 99.4576 95.2182 97.262 92.4308 96.657 98.9494 101.072 96.4612 93.973 94.7958 90.6664 100.602 101.895 95.59 101.598 101.121 87.6766 87.868 89.078 100.94 96.3314 86.7306 99.4642 100.01 93.4318 79.013 93.1084 79.5388 87.7096 93.2008 92.2834 91.971 81.488 94.5648 91.1504 89.342 82.9246 89.771 99.9064 87.8768 89.2144 91.0404 81.8224 91.2978 100.12 86.9792 81.6508 89.1 72.677 86.8912 87.6194 83.5142 113.876 83.281 75.2708 97.0662 77.5852 80.1702 101.015 74.5602 70.6486 77.4444 77.066 80.014 101.625 96.437 83.1512 75.5326 75.768 95.6934 73.6516 69.2296 90.9722 73.887 85.1972 101.719 86.3852 73.799 90.222 86.5612 68.8358 86.3786 78.5994 95.4646 85.2104 80.9138 78.6346 91.0998 89.9316 72.6682 97.7416 89.7424 85.5932 88.0132 80.7708 87.1134 101.598 81.2042 89.0494 88.011 85.6856 82.1282 85.272 105.439 97.6118 102.194 96.5602 82.6342 83.4218 98.2124 90.1978 83.1996 86.1432 85.4832 83.0368 97.3874 60.0622 89.166 82.489 87.901 90.354 93.3482 92.4858 92.1778 103.776 89.3068 85.4546 93.0578 94.7364 116.343 83.8508 97.295 83.4768 101.475 105.235 85.2412 80.7752 88.7876 96.2016 87.8702 84.6296 98.692 89.6104 79.6488 86.4138 90.8468 88.6072 85.9408 84.8606 78.5444 85.5712 96.5382 92.7762 101.589 100.049 97.5832 99.044 93.8806 107.503 97.9814 101.119 112.49 108.398 88.8844 100.355 95.3744 105.695 109.534 107.877 113.168 93.3658 98.3818 99.429 113.692 105.615 102.089 105.36 84.1236 90.8468
106.438 97.4496 89.8032 89.6304 91.536 96.66 100.068 90.228 106.279 101.784 100.546 91.2816 105.372 104.923 103.668 97.212 103.032 110.467 103.003 101.87 93.4368 102.871 113.088 101.674 106.841 93.2568 85.7352 84.5232 91.1184 104.779 94.5192 98.2368 101.261 89.5848 94.68 98.64 98.2992 89.1528 97.5912 101.604 92.9832 96.6648 106.344 91.5288 89.4984 87.5136 100.145 84.5256 92.3448 91.4856 84.6384 82.6248 96.9 74.1912 77.0616 98.388 83.1168 84.4656 100.013 79.7856 100.303 100.543 87.768 99.4128 84.3864 84.8568 92.1864 91.092 92.1888 83.4888 84.3264 85.3632 77.9064 95.6904 77.7816 85.9152 94.9344 96.5616 75.5904 96.9936 79.152 75.3528 90.8568 73.6968 85.1328 76.0608 95.6016 92.064 90.432 111.622 80.3616 69.816 82.5384 75.1776 73.4472 74.4024 90.672 68.6304 75.4992 86.3016 86.1288 81.8328 76.0296 72.0408 86.1864 88.5504 80.1624 87.8928 84.5424 83.6856 77.9784 95.568 66.084 83.8776 65.7912 83.6016 86.7384 72.432 89.2488 85.824 80.4312 82.8912 76.944 87.1968 94.344 88.716 91.7736 95.496 75.78 91.6008 81.264 93.4632 66.3504 86.5392 80.9856 90.3336 88.9752 80.8968 86.7768 82.656 83.5968 91.9608 89.1384 90.0696 71.508 89.484 89.7744 88.1088 91.9008 71.6376 92.0904 88.5792 91.4232 91.8072 80.2752 94.2192 82.2528 81.5496 96.8352 91.3536 96.552 80.964 93.1752 81.936 92.6112 96.9072 106.394 90.72 92.724 99.0144 100.298 80.3784 101.256 101.818 100.154 91.608 102.895 88.3944 102.581 88.4664 91.812 103.2 97.7376 108.398 96.48 86.9376 95.52 97.9464 110.95 96.0912 100.104 107.429 105.377 105.252 91.5312 107.098 89.6832 96.4128 95.4432 88.9152
95.9114 93.2828 93.3088 95.4616 106.486 85.4126 95.3186 91.468 100.269 94.7492 102.534 98.7558 86.619 101.99 103.81 99.645 95.2952 99.5124 91.793 95.5526 93.041 99.957 90.2486 94.1122 80.5454 101.049 88.6808 93.119 82.9114 88.7484 81.432 98.2566 82.9998 91.2938 97.9134 93.4596 96.2416 101.143 89.3958 94.5516 87.5342 80.6546 89.557 85.5114 99.5956 79.2688 73.983 91.689 91.3744 85.3008 74.0636 88.3792 88.3194 91.7722 79.3416 86.2914 89.0344 84.6794 84.3102 78.1768 89.2996 82.186 76.0656 87.295 74.919 100.274 90.5866 89.8976 85.4828 68.9156 82.3888 88.8758 86.4552 87.8358 84.4896 93.6832 81.5204 93.5558 71.253 87.8228 86.6008 91.0182 80.1944 92.0322 74.542 81.0992 85.3632 82.5682 76.1904 82.3368 87.906 76.6688 78.6032 72.631 68.5906 72.4958 79.9604 89.0526 82.6176 72.4438 68.2136 71.721 74.0636 70.2208 73.281 92.17 68.1096 79.2324 89.531 74.4822 72.0174 88.2076 83.1142 70.6862 84.7262 84.1022 81.9494 80.0774 82.3108 78.9256 80.808 75.9304 97.5962 82.6618 84.9186 80.99 91.4862 98.0018 75.2648 83.7824 74.152 89.1566 91.312 79.1778 79.6874 79.2168 86.8452 89.1956 83.798 91.1482 81.7518 81.9598 101.27 81.5438 90.7946 84.8458 78.754 84.8406 94.77 75.2726 89.9964 78.65 72.6544 107.637 94.2864 94.9442 107.055 97.2296 65.3484 88.3896 97.7652 95.7918 91.7852 97.097 86.8972 98.1786 83.8006 75.5924 99.7074 93.8912 87.5758 99.1198 92.144 93.9874 90.7348 103.147 90.363 102.037 82.8178 95.7424 107.344 95.9114 93.7014 114.702 104.099 95.8854 104.811 93.1242 106.688 100.11 96.85 102.401 91.7722 95.7528 94.1902 90.519 95.7866 112.182 92.2402 93.6858
88.7264 90.902 97.0452 91.1848 87.7324 82.2192 94.584 99.176 96.642 91.4368 105.26 99.5876 95.844 98.2436 107.478 89.8492 98.9912 98.4088 96.2108 90.062 90.4092 100.296 90.3056 94.5336 104.7 85.9768 89.2304 92.8284 82.0204 86.0076 84.6832 84.6496 90.8824 96.432 93.0132 95.7824 92.7444 78.2684 76.1964 98.0336 75.7008 85.1648 87.206 74.0376 74.7712 79.492 75.9444 104.339 83.2496 83.6416 98.1988 91.2016 87.906 88.452 81.7936 84.406 76.4204 82.0204 85.7024 86.7608 106.775 81.8244 84.672 87.0884 77.126 90.4624 80.2564 82.1016 78.0052 78.2348 95.9336 95.0096 78.2796 74.2952 90.3868 83.02 75.04 87.6456 78.1284 88.7264 84.224 83.118 80.8164 80.2116 69.1516 72.2148 83.4736 77.6188 81.48 77.1652 81.4548 69.4092 102.76 81.0824 83.0256 69.412 70.168 68.7484 87.0772 73.0688 66.262 82.9444 76.2608 91.6832 87.5952 87.5196 79.3632 91.4508 79.0692 82.7904 73.4972 80.6232 91.6748 72.0888 83.4428 80.2172 73.5952 88.3148 74.3456 92.5876 80.682 79.7356 84.7224 87.57 91.8792 98.7168 92.0696 83.7788 84.0896 82.46 87.8416 77.252 77.7 81.3708 105.062 83.1292 88.1944 94.276 78.2124 97.566 82.6112 82.3928 80.0072 81.732 81.6508 89.698 85.0024 79.4164 87.8808 96.6672 88.4772 90.9972 83.3588 95.6676 74.6788 98.5684 68.4768 88.0852 77.4676 85.5064 83.3308 83.5996 73.5644 88.5332 70.8932 80.0968 81.7964 96.544 78.7136 98.2296 105.588 89.1044 95.6256 88.0992 92.5036 93.8952 86.8672 97.5576 99.428 90.692 99.0976 93.3996 94.6596 95.1804 103.085 92.8004 96.1604 104.154 87.7968 103.141 100.579 99.5988 94.7184 94.6876 82.3368 94.3824 86.5172 101.693 87.9984 86.8252
86.88 83.793 88.17 87.618 96.291 88.317 91.491 98.484 102.063 88.056 92.415 86.733 100.794 92.907 93.927 99.354 105.894 101.976 108.615 104.307 105.309 94.746 99.726 91.173 86.394 75.564 94.038 84.594 76.908 86.457 92.13 76.611 88.563 104.73 88.959 88.131 85.158 82.668 80.553 81.162 79.695 87.096 82.41 72.153 81.024 90.513 86.817 82.746 87.075 81.633 92.616 89.811 79.557 83.31 81.873 86.904 74.556 77.439 81.792 80.157 88.437 70.137 77.664 92.352 76.878 81.033 94.488 70.611 82.2 79.158 82.473 86.844 86.007 67.635 72.03 84.777 86.106 63.258 78.558 82.749 89.964 65.82 70.131 73.377 74.082 73.041 77.946 77.565 76.686 72.279 71.976 81.762 75.354 76.137 73.782 75.63 71.931 95.268 72.51 75.261 76.467 84.495 65.409 79.002 79.965 72.828 74.88 69.684 93.513 86.109 81.144 89.508 73.764 78.396 89.022 95.124 74.481 89.34 91.758 76.182 77.052 83.361 86.529 69.465 66.903 86.631 81.375 81.966 89.307 89.292 84.354 94.554 75.753 73.134 89.772 81.981 87.159 84.399 85.122 72.987 98.619 87.939 80.874 83.163 79.023 82.65 84.984 104.772 79.236 84.738 87.09 92.613 95.244 77.421 95.211 80.85 88.074 88.476 94.605 75.48 71.307 85.161 79.764 94.224 97.056 89.697 86.064 79.059 93.012 99.705 85.956 88.431 101.466 94.398 93.396 93.822 104.478 73.446 92.787 85.716 79.512 97.692 89.649 86.958 102.84 92.364 99.237 98.223 102.747 97.929 97.431 100.323 95.883 99.39 91.08 87.711 84.474 88.917 89.661 83.457
82.2688 86.7648 97.1424 86.4416 96.8704 89.5136 85.1008 98.6848 92.7328 83.504 94.0512 90.7296 82.784 94.192 86.3904 106.39 97.1648 103.034 93.5264 88.8672 83.9616 73.9872 91.6544 95.2352 102.554 96.9888 84.2368 92.416 84.112 89.3664 86.6144 90.08 79.8368 90.4096 78.2592 79.5488 79.4304 85.6608 87.7696 86.0224 85.9776 83.712 81.872 80.7648 91.1584 77.9744 82.7936 67.1456 112.848 92.6208 77.6064 69.4944 87.2192 88.5184 81.8752 88.8864 74.5888 86.4128 75.5872 75.968 81.792 97.1264 80.1184 76.9344 76.8512 92.9728 76.1792 75.8912 83.3088 72.9856 89.0336 89.1616 89.4976 76.672 69.5712 77.6128 70.8288 90.8448 83.7536 86.5376 77.328 78.4224 85.4496 75.312 78.5568 83.824 83.472 79.9616 73.6 78.2784 94.7392 76.64 79.424 86.9952 79.3248 83.4304 80.2016 78.0864 75.5008 80.7968 75.3024 69.0624 72.24 78.6688 86.672 70.0768 72.576 77.5168 74.528 85.52 71.264 82.8512 75.1744 70.9376 79.0464 79.5424 76.4128 93.0912 77.4176 57.3664 68.896 73.9488 90.6144 79.8944 93.44 92.592 89.328 87.5424 92.3424 87.7664 76.5728 78.592 84.0416 91.3888 87.696 89.984 79.968 85.6448 83.68 69.8208 91.392 89.792 66.944 74.9248 78.9888 80.2528 88.6752 94.5568 91.984 85.4688 90.8672 65.9616 78.5184 93.968 93.472 82.4704 83.9648 77.232 86.9824 89.2992 85.4304 87.3024 103.219 97.1392 71.6256 77.3056 90.2432 94.5344 85.424 80.0832 79.4528 90.2272 82.9888 89.0624 91.0976 97.2576 87.904 87.216 101.667 98.6016 97.4336 91.3888 98.0096 85.2736 105.085 94.9984 103.808 101.13 97.3568 86.4064 97.7984 93.6512 101.61 90.4448 94.8096 82.0768 92.9792 76.7264 86.1152 91.4592
83.3408 101.388 99.5996 89.131 78.9378 82.5214 92.4834 84.3336 100.888 82.5078 94.3908 82.926 97.1618 80.376 89.5968 94.7648 94.758 92.191 98.5966 83.895 79.5362 86.6796 98.0526 93.4592 82.9498 100.555 94.1154 90.627 77.7818 94.8056 85.0034 85.6936 86.5674 88.5394 80.8384 78.0606 90.865 94.1528 79.0602 78.3462 68.272 84.5512 86.0132 81.2022 92.293 74.3478 73.3176 77.2276 90.9058 86.5028 90.7358 72.845 94.6866 69.1764 91.0826 74.0248 85.136 86.3022 85.119 74.783 72.9266 88.7672 82.943 82.2596 79.0058 84.1976 86.887 84.2486 70.8322 82.2358 84.5478 61.5876 79.917 71.3082 88.7366 88.4884 85.4182 64.9808 71.6312 77.707 87.1658 82.5996 75.2318 83.3476 75.259 77.571 85.51 67.7926 86.581 72.505 83.7216 71.8454 79.8932 75.7894 68.2516 57.6912 77.775 78.7746 79.9646 80.8214 69.4144 71.4952 81.7768 69.0506 69.2716 80.0428 67.0412 72.403 75.2454 93.9386 79.067 84.9456 74.9836 62.8422 70.5704 71.774 82.841 80.4134 74.5824 84.5716 75.0278 80.8486 82.7628 76.6088 81.1886 93.993 103.921 85.748 85.527 85.289 81.2498 84.3812 72.879 82.5724 86.0914 97.9846 75.7418 72.0222 84.3812 81.6748 76.636 75.5718 82.9736 83.0212 76.925 65.059 77.1732 80.7194 88.6754 87.9444 86.0676 84.4628 85.6528 77.5676 94.8294 73.3754 87.9172 87.72 88.1926 75.327 80.8928 77.3942 75.9322 82.5282 89.7702 88.0872 88.383 97.869 88.5938 71.791 88.4884 79.7878 81.7564 76.9964 84.6124 88.4884 90.355 89.6784 95.6692 97.6922 82.3854 91.8884 104.159 101.908 97.2094 98.1444 87.7404 81.0798 86.1288 100.81 95.744 87.278 87.8798 90.9602 91.2934 84.1568 85.9282 70.4616 82.4602 93.9488
75.3552 84.132 79.9452 91.2888 89.5392 95.0652 90.9756 96.0408 109.217 95.1588 87.0696 102.913 82.6452 87.4296 81.918 80.4924 92.088 95.3892 88.2108 91.9476 91.8468 79.6356 87.12 88.38 96.0084 91.4724 99.9 69.8256 96.7176 72.0252 83.1132 76.7808 81.432 79.5096 83.6748 81.4464 79.9848 83.0196 85.4424 68.3604 97.6284 72.2412 79.65 89.622 69.8328 79.4268 88.8804 83.4624 81.3168 78.2316 80.7048 78.5232 68.616 71.1288 90.7524 88.1928 83.3544 75.4992 84.8844 87.1308 72.882 86.184 94.3308 92.6028 72.8532 54.2484 73.9296 66.348 79.3836 77.13 77.6916 88.1424 66.5496 62.9532 90.0828 65.7792 79.434 91.5408 76.3056 70.5276 90.6372 66.5136 71.4888 82.9836 75.4668 84.0132 73.6632 79.9668 75.4164 69.8112 69.102 81.5364 61.9524 89.4168 76.2768 80.8848 68.1912 72.2196 84.528 55.0836 58.9896 67.9032 69.1848 68.4396 75.6684 72.6408 73.0008 73.2564 81.6084 81.9684 74.3508 72.1152 80.5608 80.9244 86.976 89.316 82.9476 78.4008 90.558 90.1584 77.022 91.5516 82.4904 82.3716 85.4028 90.4428 93.168 90.918 72.0288 75.258 73.044 80.5428 86.1984 68.8212 75.7188 89.0604 68.31 94.2804 73.0404 90.6336 62.6544 72.1512 77.526 80.5824 72.1836 71.766 80.3412 76.194 84.6864 93.8592 95.4288 74.2032 86.454 84.1788 82.0332 80.316 91.8324 87.4908 89.2044 73.44 88.5024 69.1272 77.544 73.0908 66.2436 81.6336 81.2088 78.4404 71.712 88.758 83.8368 90.3924 71.8812 77.1336 95.4612 94.8888 79.0488 85.6404 87.3612 100.3 80.4924 86.526 111.863 107.464 92.7504 90.7092 82.5804 94.3164 88.0272 91.6956 90.1008 100.354 82.7208 89.6904 85.68 81.2772 81.846 89.9064 85.3848 80.2908
76.0494 76.2356 77.1704 89.0568 80.3092 79.2452 92.055 79.8266 94.7454 80.7272 83.8052 102.421 98.1122 101.924 101.186 95.9082 89.0492 87.6394 101.965 92.0056 86.8224 86.8224 87.552 81.3086 95.931 99.4802 100.673 82.9122 78.6714 66.7546 84.1168 78.9716 86.2486 66.8876 85.709 89.5622 79.2376 73.1462 81.6658 80.0964 87.5634 79.9748 87.8674 82.8324 86.203 79.0514 82.308 65.3676 81.3732 79.7164 75.2096 89.7066 86.0206 85.0668 91.2418 77.2692 79.1274 92.5566 70.3608 86.4918 79.553 70.129 89.4482 91.4128 65.0256 74.2938 77.9684 63.4486 88.5324 75.981 74.765 73.2716 91.9562 81.7304 81.662 74.3394 78.7018 82.555 70.7864 84.6526 77.0792 77.6796 98.4048 75.0044 63.9654 75.24 69.6806 87.001 70.9308 81.852 66.6862 77.026 75.8442 67.7122 67.8034 65.8996 69.8174 84.1054 82.954 71.9682 73.2944 73.264 73.2754 82.9996 86.5032 75.031 72.5192 84.0104 74.5484 102.733 64.1022 85.0706 87.0656 74.7536 89.281 74.7156 74.518 69.5096 80.5752 79.211 91.4014 77.6834 73.1842 81.4682 81.6316 74.0088 82.8438 72.1506 51.5622 90.3868 82.65 74.9246 73.7884 79.1654 88.6844 94.772 74.7232 67.355 85.2568 77.7518 82.1636 57.5434 76.893 86.7502 85.0174 82.1902 79.914 78.5878 90.0486 65.569 72.6636 75.5212 81.377 95.798 92.302 78.6524 74.727 70.0302 74.2748 93.7118 70.8054 83.9002 73.7884 73.4502 65.7058 66.462 64.999 71.611 86.5108 77.9798 90.5084 76.5358 87.0428 98.2186 83.0566 92.9822 83.0642 92.53 95.5396 81.1034 96.482 96.9532 96.9228 78.831 76.5776 82.9996 92.5452 95.5548 87.2936 73.5224 74.8524 94.24 91.5458 81.3618 98.4124 84.9756 94.0842 85.0326 83.9952 83.5658
73.292 83.88 77.792 72.912 89.336 83.928 96.052 93.66 78.904 90.316 87.256 99.116 103.888 83.82 91.904 96.18 92.796 93.076 93.06 70.684 89.32 98.344 77.016 90.036 99.2 87.564 74.72 91.08 81.244 83.564 80.588 81.376 72.868 77.144 82.652 73.836 93.792 80.456 78.188 82.332 92.012 77.576 76.104 72.212 77.148 85.996 81.84 82.52 74.76 81.988 82.44 77.268 97.376 73.256 73.568 75.372 85.48 69.824 84.196 62.992 69.264 84.408 86.104 79.308 73.416 93.784 86.404 90.3 61.788 70.112 69.672 82.984 80.664 79.984 81.152 78.428 78.06 63.864 77.132 75.772 73.004 72.036 76.372 67.356 72.704 85.676 80.696 76.488 78.212 81.736 78.368 78.712 66.54 78.736 78.484 59.576 68.748 82.596 76.848 69.024 56.376 60.908 60.068 63.328 76.836 58.316 81.336 60.692 71.664 67.984 87.316 62.796 72.388 90.792 68.968 79.172 75.56 74.592 66.436 85.1 85.536 67.18 69.372 84.436 61.904 85.168 76.128 83.74 77.184 72.148 74.788 85.288 82.936 60.432 76.008 84.592 87.648 83.108 76.236 88.568 85.932 87.308 73.604 82.176 91.592 68.272 82.144 69.956 78.54 90.748 70.444 78.708 72.992 77.12 62.152 61.744 72.228 69.3 79.044 79.324 71.16 68.712 83.26 78.524 80.792 97.012 75.904 75.716 69.94 79.28 70.432 68.428 90.712 84.24 91.304 89.336 95.852 76.276 71.776 103.052 91.904 83.204 82.972 102.984 98.252 77.12 88.812 95.316 89.512 96.38 79.628 84.384 88.072 81.168 85.008 81.96 87.532 82.884 80.76 75.524
76.3434 93.3198 91.9086 76.083 80.1318 83.7018 87.885 93.7692 79.4682 83.9748 86.6082 86.5872 90.4386 95.3064 82.6896 94.5252 97.6542 81.4884 97.3224 96.7848 75.8352 89.943 91.8162 89.796 78.5442 73.8822 76.818 89.607 96.3144 75.9696 76.7046 78.6324 95.7684 78.9726 90.6948 88.0614 76.8936 63.3906 97.1376 78.1998 66.486 72.4164 80.262 72.282 79.2414 84.5586 75.1716 76.5534 83.244 76.4862 96.2598 73.4496 89.2962 84.8148 73.1472 87.3306 83.3784 79.1406 87.9396 71.421 81.2448 81.4002 84.6762 72.4626 83.5128 68.8212 81.0852 67.3554 81.4254 76.0578 70.098 65.4402 75.243 64.0962 68.7876 75.1044 79.4304 75.1926 78.8256 73.7982 70.8078 79.989 67.6032 80.241 73.1472 89.4264 95.0754 98.595 82.1772 77.5194 76.1544 76.6122 77.7546 75.5202 67.221 69.6696 68.1618 72.492 77.1792 57.6324 72.261 79.1868 69.8754 76.6878 67.7628 58.3044 65.3982 76.6164 77.259 89.3256 61.4376 75.3942 73.038 74.3526 80.451 78.897 70.7196 76.4358 81.69 86.0874 69.216 85.1088 83.8446 80.9676 78.036 69.8292 91.1652 92.9544 83.0424 78.2292 81.5472 69.5184 77.1666 91.4718 80.7282 42.6048 75.39 83.8152 80.7618 69.5814 84.9198 73.5798 74.235 71.463 87.4608 88.3134 82.4838 81.8916 83.118 85.2642 73.4832 71.652 93.0552 90.8208 83.0802 86.4024 75.7764 93.366 82.761 75.3144 79.5774 88.536 79.0146 72.7188 89.2122 73.857 84.2184 83.6094 71.8452 88.62 71.1816 68.0022 69.4974 74.9994 83.6766 96.8142 102.791 91.8708 93.0846 100.762 88.4856 82.1982 88.9056 90.3882 96.8142 95.5626 94.2018 89.7288 80.0436 99.3132 80.6442 73.8654 86.835 84.084 74.2434 87.2634 100.309 92.9838 77.9688 84.8316
74.14 76.4632 75.944 82.3152 69.0272 75.3324 82.9884 77.616 97.2928 78.1528 86.3192 86.4864 95.7572 86.2488 88.4488 92.686 88.7128 96.5536 99.2992 91.0712 76.472 96.3688 85.36 82.6188 82.7948 73.4888 82.9576 87.8504 92.3032 67.5092 70.07 82.1392 75.0464 77.0968 79.4332 81.378 77.396 76.6524 92.8136 72.4812 93.302 69.9952 84.128 74.6504 75.988 76.5292 70.4308 78.364 70.7124 79.354 92.8576 69.8852 87.9164 66.7568 84.4272 83.9916 79.3452 90.0724 78.8876 77.0044 79.7544 80.4408 75.9968 74.624 73.2996 71.2008 73.04 87.5556 86.1476 69.6872 77.9328 70.84 72.468 61.8552 84.1852 74.558 76.1112 68.134 73.9904 78.9448 77.5808 70.158 67.4476 67.7248 76.076 75.1432 75.4688 79.0944 53.4996 82.2404 59.488 77.0176 82.9972 72.4064 80.5772 71.852 70.2856 86.4204 74.0256 68.1384 72.8684 74.0256 78.5356 87.3576 69.652 71.4384 63.5712 78.1792 87.2432 68.0372 68.6532 64.834 75.7592 82.6716 72.1204 73.766 77.0616 72.3756 78.43 81.312 71.654 79.6268 68.9524 87.032 73.9332 67.7996 77.5808 70.1492 79.2044 76.2608 81.4924 70.6992 77.7084 68.0636 74.6328 76.1332 72.5208 83.3888 76.4016 78.4652 80.3704 47.8632 65.6876 75.1168 81.0832 82.258 84.6912 70.8312 70.9368 75.7064 83.8904 77.1232 71.7508 81.51 79.2 73.9552 72.2304 74.7692 78.5884 79.354 74.3204 71.9048 74.0344 78.98 63.7296 77.2112 67.6412 77.2288 72.3008 60.6892 87.7756 76.9692 72.2744 68.816 81.3296 81.9412 87.5072 95.4404 79.0988 90.5916 80.7664 90.1208 99.8096 90.2968 97.6448 72.0588 93.2052 85.1928 84.81 87.7536 84.1456 88.748 83.0148 100.377 96.1312 81.9896 83.2876 78.518 78.0736 77.0044
80.776 80.0262 74.6166 81.4936 85.6888 80.8082 85.054 88.021 88.021 87.8186 87.7588 92.6118 75.6608 100.616 83.0668 83.4164 85.008 82.7264 94.4886 79.7502 95.496 93.2466 108.003 82.846 84.8194 76.2404 97.1014 81.5948 69.0782 80.8082 61.4514 81.3786 87.423 79.0188 79.0418 73.3746 74.4464 74.4832 77.7768 83.1358 93.5962 68.9632 79.9434 72.8226 82.3216 74.6166 80.4724 85.5278 79.9434 68.9586 75.4262 78.5864 81.2866 68.425 90.3716 78.7842 74.3176 68.7608 84.2352 79.189 71.9992 83.605 87.3126 74.5982 79.3914 79.4236 77.5514 73.577 78.5542 81.0704 77.7584 62.56 72.9652 66.654 60.2186 75.233 72.5604 77.1236 62.1414 81.7742 66.1112 75.1594 74.3084 64.2206 75.463 70.1454 60.904 71.0148 75.4768 56.9756 71.461 64.423 85.6474 63.066 75.0306 68.6136 74.0508 86.135 81.1854 73.531 61.1938 72.427 68.1858 65.9272 61.3732 78.4346 81.8294 87.9106 69.0368 76.0656 69.138 82.8 74.4924 83.536 72.1556 74.7224 69.2852 70.8584 78.89 75.141 89.2032 73.8944 84.5158 69.0506 80.7806 72.6432 73.853 54.7814 82.8368 74.9248 67.643 70.8722 78.522 69.0736 72.2706 85.6842 70.058 75.6884 80.8864 89.0054 71.599 63.4984 80.9186 69.5704 74.7822 71.3644 89.3734 76.8568 90.8914 87.6162 70.3984 72.1556 80.8726 75.9322 87.5978 66.7874 78.7566 68.1306 78.8394 77.7538 70.035 78.0712 81.9812 72.1142 68.1812 79.1108 59.3538 81.6178 78.3978 78.7152 94.3092 85.629 76.5716 71.7416 73.4436 89.4516 84.2904 84.18 88.3936 99.2266 75.2376 81.0474 84.203 90.2244 86.0338 78.3104 93.2696 105.046 100.28 86.7468 94.6956 86.5628 84.9528 75.0582 90.091 80.4632 83.2646 82.2342 74.819 72.933
79.7568 64.704 89.2512 78.6528 73.3104 83.6352 90.7488 86.9808 78.9408 76.2576 79.4928 86.1888 93.5088 74.9136 86.6784 88.5456 92.0544 86.0304 88.2768 92.1264 86.592 92.976 96.4224 70.7904 93.4848 97.992 80.4 72.3984 74.5536 69.0576 65.7696 72.3408 77.52 56.4432 77.9328 73.2864 69.24 72.2112 61.6368 70.7808 74.1072 81.0576 72.9264 67.92 72.7344 72.4752 81.2448 82.0944 60.2496 79.6656 65.7984 89.8464 81.5952 69.4992 74.3904 83.9904 66.2304 89.88 93.7968 77.6688 83.232 85.3152 81.1824 90.384 81.0624 56.8272 67.608 75.2256 69.3024 75.5904 72.3552 79.68 74.9376 73.968 88.4688 76.0896 78.9696 83.0352 66.3648 82.2528 72.0048 76.3824 72.4224 73.0224 87.912 74.9088 79.6896 68.5968 69.1728 74.3376 67.584 81.6144 74.7216 65.9472 77.2656 65.976 63.288 74.8176 74.1072 68.472 69.144 67.0512 72.5568 61.8768 67.1184 54.1104 76.0272 53.5728 72.1872 72.6816 73.1616 69.7056 87.4272 67.8672 68.4192 66.6048 76.8624 75.8928 71.2896 79.4256 65.5008 74.184 76.176 68.808 61.5504 70.3872 73.44 83.088 73.5936 74.136 76.9152 77.6112 70.5552 79.9248 71.8896 63.2208 78.504 84.3456 77.1216 63.8016 85.1424 83.2848 84.6 83.1312 75.9024 77.952 70.464 70.3488 65.1216 69.0384 71.9424 89.3664 81.7056 81.336 82.0272 75.3936 75.3744 74.448 78.2976 75.5616 69.4128 73.416 78.4656 75.1584 83.5152 85.8096 68.9808 81.912 57.5328 74.1072 70.272 87.6048 87.9552 64.0416 71.3136 77.5296 85.1568 78.2544 80.2848 89.4816 98.1888 86.1408 95.712 83.136 88.2672 87.5568 89.8032 93.3504 80.2704 83.088 91.8816 69.7872 83.3616 78.6576 82.0272 77.1312 84.8256 84 81.2832 66.408
76.815 72.005 85.005 91.945 87.885 77.025 88.755 84.845 87.74 88.71 92.36 88.325 81.25 76.625 87.785 87.765 97.745 89.57 95.065 87.57 72.38 97.565 64.68 66.035 81.86 81.74 77.415 62.375 67.25 80.77 67.425 70.76 81.155 74.97 70.775 69.8 73.31 68.79 77.84 72 92.05 83.05 70.245 82.225 81.675 70.1 62.445 83.53 76.645 91.46 81.475 66.175 84.575 91.325 80.64 64.08 66.05 79.86 74.53 58.115 73.045 87.345 78.405 73.27 75.93 79.725 79.425 72.03 68.74 71.555 72.735 71.165 71.68 84.045 73.785 61.53 79.685 80.95 87.61 72.225 69.97 71.685 76.795 71.25 65.115 69.18 57.795 65.8 77.915 77.71 52.835 79.585 67.19 73.095 62.26 83.745 74.57 69.25 69.78 86.235 79.185 78.86 73.6 57.48 69.885 76.475 60.375 71.97 83.21 82.01 85.625 77.525 63.865 85.085 76.265 72.79 68.3 72.18 85.425 79.085 71.345 61.52 95.475 78.88 77.33 86.045 78.09 69.73 74.235 70.39 76.8 73.985 88.38 76.405 62.1 60.09 68.85 66.535 60.19 80.755 71.17 79.22 80.79 75.32 83.81 84.585 59.96 85.02 81.69 75.625 68.825 86.47 83.35 72.88 71.68 82.205 70.41 89.705 63.12 74.805 81.62 67.79 81.635 77.3 62.65 77.4 93.545 77.47 75.87 96.225 71.18 83.92 84.435 74.35 85.615 82.245 84.2 75.685 70.645 92.455 83.055 85.35 81.18 79.59 82.415 90.065 84.34 76.41 70.84 90.24 80.575 82.45 86.48 67.555 95.765 68.12 78.505 75.195 79.63 66.64
67.7768 79.7316 75.556 83.3404 66.716 63.3152 72.774 69.16 85.9508 70.98 98.0096 77.4748 85.5348 92.8512 82.7684 80.0228 82.3836 90.766 82.4304 80.7404 89.9756 98.5452 84.6092 78.286 77.9792 85.306 83.7564 80.6416 89.5596 71.5832 79.7888 84.5416 63.414 84.994 82.4096 77.3916 54.5636 71.4844 75.634 89.4504 71.396 75.4988 84.812 67.6156 84.0684 86.2264 83.4184 66.6848 84.5676 83.2936 73.1328 68.4112 84.5832 74.8852 83.85 81.7804 85.7272 73.2368 67.1632 80.6676 70.044 74.3444 68.0992 71.4272 76.2268 63.5492 70.7148 75.2076 84.2036 58.0164 81.2032 74.4276 68.7128 90.5996 68.9156 64.012 73.0392 53.8668 58.968 78.4472 59.8 73.0652 63.3516 77.0692 70.5588 63.9028 75.8472 81.3852 73.086 77.35 67.5064 76.4972 72.8208 70.902 80.3036 79.6224 58.4948 74.8644 70.9436 70.3612 72.7428 85.878 66.352 80.418 71.7964 66.9708 66.5288 67.6832 64.0952 73.7308 73.58 70.5952 62.8888 74.4328 86.9544 73.45 69.836 76.4348 63.8872 76.0812 77.4072 66.3 72.2384 72.9092 64.3188 62.582 78.2964 68.0524 74.386 65.0364 81.8428 82.9608 77.9532 79.56 72.3996 79.1232 82.3888 65.7436 68.0056 73.762 72.0044 79.2168 78.9672 79.3572 82.2172 60.8296 81.692 69.342 67.7612 74.1 73.4916 70.8292 70.1948 74.828 81.4112 71.4532 67.0852 72.0616 74.4536 73.2368 70.3248 70.8552 83.0648 74.6512 72.3892 75.5144 58.396 84.2088 82.94 64.4904 79.2896 84.2348 73.3824 83.2 89.0292 81.874 79.8408 87.5888 79.976 73.2004 91.7592 85.1136 82.654 75.5924 87.6096 87.906 82.5188 86.8296 79.2272 72.9144 80.8028 82.264 92.8564 84.1464 75.9772 82.1444 78.6344 61.4952 81.7596 66.742
87.5718 64.5462 67.3974 87.4044 72.522 85.0338 80.7786 77.9166 76.653 79.866 87.318 95.823 101.007 79.7688 82.2474 95.1426 85.4874 85.5306 91.071 81.4212 93.0474 93.069 89.9208 74.871 76.4856 70.1136 76.5612 69.2334 62.802 79.8174 73.2618 62.6724 76.2966 57.7638 74.8818 59.13 67.9536 67.3704 70.1514 83.565 79.0776 61.6248 67.2462 77.7816 83.4246 66.474 71.2098 67.473 72.2196 78.3324 89.5266 80.0172 67.5108 83.781 64.287 87.7824 86.5998 70.119 76.4478 74.412 70.929 74.6226 71.037 73.2402 75.4164 68.4504 65.799 79.4286 67.5324 62.2242 65.0484 61.7814 87.9606 68.0022 73.575 77.2794 66.258 60.777 77.0634 56.511 73.44 74.4336 71.604 77.8788 69.0228 72.4572 74.2176 59.211 78.408 73.4022 76.5936 69.5304 64.2438 68.3694 66.1446 64.7946 83.0844 69.1038 65.4372 83.7432 50.7276 60.1668 66.0366 71.6796 67.4298 53.1198 59.6106 66.528 78.4404 75.5352 71.0856 69.5304 70.6644 73.0458 84.5964 69.8922 74.3364 66.15 71.3448 61.938 90.8604 70.0326 79.7256 79.2558 72.8622 71.8848 59.7618 66.555 68.0562 83.6244 78.0894 81.8964 86.292 74.5578 80.4492 66.5334 55.9008 88.3764 69.3468 65.7828 57.8718 81.702 68.634 68.1318 77.3226 78.2028 70.848 70.6536 62.7696 74.9466 83.5002 90.5472 83.7972 79.1586 79.7958 80.3466 86.1624 71.1504 77.2146 70.2108 73.0998 64.584 68.1426 80.8434 79.5258 68.0724 75.2382 68.283 74.952 76.5342 76.3506 72.6948 82.2258 72.144 72.684 80.3628 83.9268 75.276 81.9666 93.1662 77.436 85.1364 90.207 79.9308 82.917 85.2714 85.212 91.4274 77.274 80.6112 80.9406 74.1474 61.938 80.001 77.544 78.1434 72.0468 83.3274 63.5418 71.2692
67.7544 63.6048 63.3024 78.3776 66.584 71.708 66.1416 80.108 82.824 75.7456 72.4024 78.9432 84.896 81.0208 92.7808 91.8344 90.104 90.9216 77.896 81.1384 83.58 75.0456 72.7496 69.3672 86.2232 69.944 64.7024 74.0376 76.2664 81.676 75.6224 71.7024 76.58 74.4632 81.4184 73.3712 88.844 70.2912 80.5616 73.416 78.2096 53.8832 78.6632 57.9264 72.7888 74.8552 77.4536 71.7248 79.408 78.5736 68.8688 72.9792 69.468 82.3424 64.6464 72.3184 81.032 77.4536 92.0808 71.3048 74.2112 77.4368 81.5976 71.7304 77.4368 81.032 74.9224 67.1216 69.4344 65.8336 65.996 69.1824 81.8944 82.2696 63.5376 66.5448 81.3512 73.1752 79.4584 65.94 82.2192 72.8 82.2416 73.9424 71.6968 76.9496 90.5128 74.368 79.6152 62.44 77.56 70.1288 63.6048 65.1112 59.332 68.88 71.6912 67.4744 66.7352 85.9544 70.532 65.5312 75.1128 77.9408 67.4856 70.8624 75.9472 65.772 71.2488 73.2424 66.0632 56.6552 82.6952 78.372 77.3472 75.1072 79.6208 76.216 67.564 79.8168 78.0192 67.0768 68.5608 74.256 69.356 73.8528 76.1824 70.2352 52.2984 76.7312 70.0784 79.1448 78.9768 73.0744 73.8808 68.208 71.708 75.4488 73.052 76.1376 82.7736 78.1424 75.5608 73.7352 62.664 82.404 77.8512 65.3408 73.0632 69.1376 79.3912 73.3936 85.2152 71.3832 84.8064 63.0728 88.9112 78.9768 54.6728 75.432 71.4672 67.4856 78.0304 61.5216 70.8344 75.7512 76.916 88.2224 73.7408 72.1224 77.8848 88.7152 61.1968 74.6536 76.4008 74.788 96.3704 92.1592 90.328 80.724 78.9208 85.1312 88.256 74.6088 72.3072 85.2544 94.724 84.7056 73.1136 89.2696 75.9584 88.4912 78.5624 84.2016 72.1112 74.6536 71.4336 70.5992 70.168 63
64.9948 57.2112 76.6296 70.8934 72.9698 58.7192 68.7358 77.4416 82.7486 85.6602 97.6198 81.316 82.4702 95.3056 91.2804 79.6862 84.3146 79.576 88.1136 78.6886 80.2604 59.2122 76.357 81.2174 79.3904 76.937 69.9364 66.932 81.2406 73.7934 77.198 70.3656 67.8136 66.3114 78.8974 60.059 64.177 82.4412 75.023 70.7716 61.3176 71.8098 78.2826 82.4876 77.9462 70.0756 55.9816 59.2412 71.224 65.1224 65.6676 67.2626 78.0042 77.749 83.1604 89.6158 65.8648 78.7118 78.5204 69.4956 86.3852 77.865 80.0806 75.574 65.7314 73.0104 77.8998 73.1728 74.3212 78.9148 72.6392 77.0356 61.0856 69.977 65.4994 69.3738 57.0082 64.6584 78.126 74.8316 86.5998 76.2004 65.7662 69.4608 76.6934 87.2262 74.1878 65.8532 75.0114 70.0466 74.443 88.8096 77.0994 73.1032 78.416 83.4562 71.4966 72.7494 80.591 70.9572 78.3232 78.7988 80.939 60.1112 83.4446 72.8422 67.1408 83.607 68.9504 86.043 68.4284 85.2252 58.986 70.006 63.1852 87.7888 74.646 67.9934 74.5416 54.8738 76.7862 77.7838 81.3914 64.3916 82.4412 76.154 66.613 69.049 78.1898 64.7454 62.9126 77.7432 76.009 71.6416 68.527 67.483 82.8994 66.4912 83.4446 76.9312 73.2946 82.679 84.8946 76.125 77.6098 56.5674 73.4686 81.5306 76.6876 72.4826 85.4978 92.6782 66.1432 71.4212 75.3942 65.1282 60.5694 65.5574 71.5082 68.9388 89.7782 74.7504 73.4338 62.2282 67.251 75.5334 78.8742 62.1702 68.1848 82.4644 64.9948 66.8972 86.0894 82.7718 86.8492 79.9008 91.2456 65.7546 84.3552 91.7386 82.853 80.4054 89.0068 79.0888 88.2586 91.582 80.0748 74.7852 73.2656 80.0574 84.6336 83.3344 70.557 77.778 71.6532 74.4894 76.2178 68.1848 73.7122 64.4844
81.102 67.644 58.086 70.14 67.512 82.914 89.556 71.196 81.012 85.164 79.668 75.984 95.25 88.74 77.64 85.41 88.824 76.626 77.958 94.458 84.732 79.038 101.004 77.988 73.596 81.534 69.318 74.772 67.272 69.588 70.878 70.788 91.842 68.034 66.426 77.7 81.12 72.096 60.336 80.034 73.254 72.45 69.114 60.87 73.938 70.338 74.874 72.978 99.264 75.012 84.24 81.486 71.448 85.758 67.266 76.788 64.158 64.788 87.426 70.008 58.788 56.238 63.078 63.006 69.99 74.418 79.752 75.198 66.066 48.492 57.834 79.332 74.664 80.196 79.764 84.792 67.464 62.964 68.352 83.436 75.312 72.876 77.07 66.636 71.616 60.6 75.876 54.63 68.718 67.524 76.434 60.684 66.21 62.838 74.988 83.364 74.46 67.596 79.698 63.414 57.702 72.39 68.532 51.546 81.666 64.83 67.464 51.426 63.702 61.38 65.208 59.334 77.25 76.8 57.558 54.924 72.708 74.88 73.056 69.486 68.712 71.178 68.436 78.438 70.896 70.428 77.442 72.024 61.788 76.524 77.19 82.452 65.388 65.328 74.292 66.618 65.796 75.126 74.424 67.464 69.81 79.14 71.286 82.908 86.868 78.966 74.844 92.952 75.858 75.654 59.352 70.986 78.066 84.006 72.168 70.8 77.334 62.232 61.38 64.812 77.028 68.592 79.872 68.7 64.068 72.06 59.646 74.88 64.644 65.214 68.244 73.05 63.006 75.66 65.922 71.268 77.826 76.05 80.268 85.47 78.3 86.55 73.92 91.566 85.794 77.94 90.894 95.43 84.366 88.896 68.694 70.932 92.364 69.168 75.594 81.6 64.272 62.88 69.672 68.79
80.8666 86.2048 69.8058 74.4434 73.78 71.083 67.828 76.8304 70.0848 73.8668 75.8012 80.0048 87.0108 88.6724 93.5456 69.1982 73.0422 79.9738 80.7922 74.2574 79.8932 84.7168 88.3314 76.3468 80.693 70.2646 69.9298 56.8912 76.0802 84.2828 71.0148 73.0546 75.3238 74.5302 81.3378 67.0964 78.8144 57.443 74.5054 65.0814 71.0086 75.4912 75.2246 54.8514 63.1842 68.417 68.8386 74.3628 59.7308 80.9534 73.4886 72.819 81.0402 71.796 73.6436 79.143 79.2112 77.1342 54.5104 74.2636 89.7946 65.4472 74.3504 76.2538 69.2788 76.105 62.9982 66.4888 65.4038 73.2468 82.243 60.8158 73.9784 72.7694 55.7318 72.2672 68.8386 63.5438 70.7234 70.2894 73.439 66.4268 74.5674 54.839 67.7846 73.3894 72.5896 77.7046 76.3716 62.0434 56.7424 72.5834 76.9606 69.0122 65.224 67.7784 70.8598 72.3974 66.929 60.0842 57.7592 69.595 65.8378 88.7096 52.6752 73.6932 74.8526 70.7978 70.7172 53.01 56.172 70.4878 67.2018 53.7664 76.8552 82.7142 58.7202 83.5636 76.7374 78.5974 80.6434 78.5602 58.4784 72.1556 77.2644 71.0272 49.7426 77.2582 76.6444 64.8396 70.3886 80.2404 87.9656 82.1872 65.6704 76.2414 73.5754 73.1538 81.7718 67.6668 61.38 72.4036 77.5186 74.245 69.347 78.337 65.7324 76.9296 78.7214 92.9566 79.6266 76.8986 81.2386 82.0012 62.2356 81.592 62.6572 84.1092 73.036 67.6978 74.2946 73.9722 69.9732 62.1612 74.028 56.4696 80.8914 83.4768 71.4178 71.5852 77.6364 62.062 79.1988 73.0794 65.6332 76.1236 69.3036 70.866 79.36 82.708 90.0922 92.2436 88.4988 85.1508 79.4282 83.886 72.664 66.2904 95.6536 80.8356 88.3066 74.555 68.4852 77.6054 83.0738 66.3152 54.467 62.4216 55.552 48.3228
66.4192 63.2576 74.2144 69.0368 70.848 57.92 75.68 76.448 70.8288 75.744 84.0768 73.5936 70.2208 72.5248 83.7056 82.8928 83.392 80.7552 82.5792 84.224 62.624 83.5328 66.3296 78.9824 80.5184 57.344 87.0784 64.2496 75.8912 69.952 69.0496 70.5344 71.296 73.9456 61.6064 63.9552 76.8448 62.5408 70.9056 70.656 87.0464 60.4864 68.64 61.5616 81.6832 73.6384 77.4016 78.7648 72.7616 80.2176 73.2736 54.6368 66.1888 65.0432 88.4864 72.3584 64.7232 74.4832 72.0832 70.6368 88.3264 72.032 78.2656 88.8448 76.6272 69.76 70.5536 74.144 79.8912 65.696 72.4352 75.9616 70.3488 77.8176 69.888 73.8112 65.8176 68.4928 61.28 74.6944 72.7872 76.096 62.592 77.4656 72.6336 70.8352 69.7728 48.6656 74.336 61.0624 66.8032 66.5728 76.128 75.1104 76.8064 68.9216 57.3504 67.04 65.1584 50.1824 53.952 69.6896 61.1072 64.4416 65.92 71.5264 75.0976 66.0224 75.0208 89.0496 78.88 54.0544 67.5776 58.496 60.224 72.2048 70.3296 67.1872 67.3024 85.4592 78.2528 79.4368 77.1008 71.008 61.8944 69.5168 75.2256 63.2 69.4912 56.4032 74.9312 73.6384 71.5008 82.816 64.768 65.5424 68.736 75.7696 61.4784 77.7984 82.1504 75.5776 67.7824 76.8896 67.072 69.2928 71.5264 77.4528 67.328 70.5344 76.6912 69.3248 52.1472 71.232 74.9184 71.3088 75.0784 80.4032 62.336 71.904 58.0288 77.9136 73.2352 63.2192 70.4896 69.824 55.5008 81.7728 72.768 65.6704 68.6784 72.6464 72.864 61.5808 76.3712 83.424 77.4464 70.048 81.7152 86.0928 85.2224 104.493 82.0864 70.4576 70.7072 80.4736 84.7296 69.2992 86.688 69.984 74.5152 71.7632 68.9536 85.3952 66.5984 56.1152 76.6976 61.9008 61.0944 58.368
51.084 66.528 69.828 62.106 71.1546 65.6898 68.2704 71.4516 79.2594 76.2102 75.0288 67.6038 79.7808 87.6546 85.2654 76.9692 69.0954 79.4046 88.011 81.972 95.1522 73.293 75.8142 68.6136 70.6134 68.0658 64.3764 60.6012 67.0428 68.5608 73.4646 63.3402 66.0858 67.8546 69.036 77.6952 80.8962 68.8248 69.0492 57.156 67.518 61.9014 81.774 85.4436 68.9172 70.5936 77.979 81.9852 75.1014 73.656 83.2128 79.4376 66.5544 68.5278 74.8968 69.3792 93.258 66.8646 71.379 67.4256 67.9272 69.8874 71.0358 72.4284 71.4846 68.1648 67.419 78.5664 74.1378 76.527 71.973 91.872 86.1234 79.86 65.7096 82.9554 55.0506 61.5846 61.479 65.9076 76.8372 70.29 76.9098 79.2462 72.3624 72.8772 73.0752 70.2042 56.3244 66.8052 72.402 64.746 80.8368 77.6424 66.4092 65.142 78.1704 75.1542 65.0364 81.7938 69.564 59.9544 83.6814 67.8216 69.4452 79.8666 72.633 66.957 51.3942 60.0072 70.5342 69.2868 78.309 76.0716 71.3196 62.8782 76.989 67.7424 58.839 62.4888 66.7326 73.0224 59.367 75.7152 75.3786 85.5228 81.444 70.3164 61.2348 74.5602 76.0122 63.3732 68.2902 67.3266 69.2802 81.0546 67.518 75.8208 74.4414 75.6096 48.1734 65.208 76.4412 76.824 58.608 76.2168 83.6814 69.5442 71.2668 76.0254 70.0656 74.5998 90.585 60.6276 79.266 64.0266 63.261 74.9694 66.5544 58.3044 73.7154 71.3922 65.5842 75.9462 58.1064 60.6606 70.6464 63.1026 88.2156 68.8446 68.3034 78.5994 71.7684 69.5904 75.339 71.8938 79.431 77.1144 87.516 76.6392 86.7966 84.2754 77.121 67.947 69.6102 83.9784 82.3152 68.5476 91.7136 76.6788 70.7784 70.356 66.1782 67.3662 75.4314 72.9036 66.6138 64.647 63.6636 65.6568
72.4472 73.2496 67.8776 70.6452 59.6224 69.6728 74.29 69.7272 68.5236 91.0792 76.4388 72.794 79.4376 84.9864 88.8556 84.2792 71.1076 85.0816 81.8108 98.0356 76.4592 82.722 85.5508 66.742 79.424 72.6852 75.3032 61.4244 79.5668 84.8708 59.2416 69.7408 83.2932 78.914 71.9848 66.2932 77.35 66.0076 70.6724 60.758 73.7052 62.084 73.304 58.684 65.3344 79.73 70.074 88.0396 69.1424 69.0812 94.7852 67.5988 72.5696 73.5488 68.0476 66.1368 68.8228 70.686 69.0676 76.5884 69.7136 67.4492 64.668 67.5172 66.0416 66.2252 73.5828 65.246 74.7864 71.6244 71.2708 71.8148 71.06 64.158 71.2436 71.0668 73.1816 61.9072 56.4196 67.3472 66.6264 81.9332 68.9724 70.21 70.5092 75.9084 85.8908 73.9024 78.8256 45.73 74.7116 64.8448 55.9504 59.5272 59.3232 76.7788 71.7944 81.0968 70.8152 56.1544 72.0392 64.1784 61.6352 68.0952 85.5916 72.3928 60.3228 71.3456 69.5504 74.2356 81.4368 79.0772 79.662 58.6432 64.7768 75.7996 73.474 76.024 61.9276 81.668 78.0028 69.87 63.376 74.0452 61.3088 82.3208 69.6252 70.8152 67.184 72.352 72.4336 68.1904 64.1104 58.1196 60.8056 77.9212 69.122 66.8644 80.9268 79.8116 67.7892 71.2028 76.6088 65.246 69.0064 72.2024 64.8516 79.0636 57.9564 67.966 77.52 72.556 71.91 86.5912 62.6144 67.014 73.7664 75.99 73.5216 65.7696 63.7704 58.684 68.6664 64.7768 76.1124 78.8392 58.4936 66.0076 66.7556 68.0136 63.9472 69.7816 60.1528 71.3184 73.9636 70.6248 72.3928 90.3108 82.5112 80.2332 87.992 79.5192 76.0104 75.7452 90.8276 73.8344 86.8088 80.4372 72.5628 78.1116 67.1364 62.3016 81.2736 75.8132 62.5056 67.0956 80.9812 69.0676 64.1036 78.7576
60.081 68.229 75.201 80.696 75.733 63.672 70.861 79.562 75.978 69.454 85.708 76.139 68.775 78.771 87.171 63.196 85.869 61.621 78.015 81.48 66.815 81.48 82.586 78.918 81.144 68.817 80.031 54.292 68.607 70.812 55.783 67.676 67.977 71.043 61.943 76.454 72.807 61.978 75.278 68.306 68.698 52.136 70.014 50.883 64.092 62.566 76.027 70.924 82.32 75.796 84.749 67.158 70.931 70.798 54.551 69.79 75.201 63.553 70.252 67.935 65.954 58.086 68.516 68.138 64.785 64.484 60.893 69.363 55.146 63.973 70.665 55.685 68.264 56.364 68.236 77.973 66.843 66.192 55.559 67.263 58.506 67.018 71.862 79.975 60.949 73.15 57.309 76.965 81.984 70.357 82.026 61.698 61.46 70.322 62.111 72.898 63.399 67.326 65.842 71.519 63.924 66.913 78.512 76.419 66.465 60.256 73.122 63.707 63.154 65.436 59.206 61.46 55.762 66.451 82.915 77.714 81.025 52.381 67.501 83.328 82.908 76.097 65.835 68.628 64.925 69.391 68.649 72.821 66.787 72.443 71.904 69.335 72.716 69.818 80.171 76.657 74.62 66.801 81.669 80.437 71.68 64.057 50.638 62.51 68.089 95.41 63.42 80.353 81.949 63.756 64.554 70.987 70.539 55.447 55.454 66.409 59.479 71.596 62.349 62.076 72.87 49.273 82.558 50.225 63.049 61.747 70.021 82.453 64.596 70.308 79.744 63.91 70.616 80.612 61.88 73.696 70.133 74.41 77.413 92.127 67.375 90.531 75.649 76.475 84.938 73.808 74.067 84.343 86.555 80.598 78.61 68.803 62.524 63.574 79.114 59.983 65.835 64.267 68.67 67.893
57.204 74.0592 65.5848 66.1608 69.7176 68.0904 76.6656 71.7552 83.3976 68.7672 83.3688 94.6296 81.4968 70.524 68.1912 80.8488 86.8104 90.2664 84.852 82.8144 77.076 70.2576 64.4616 66.6576 83.556 72.1584 71.7624 77.3136 65.3976 70.2072 55.8432 80.2944 76.6728 63.1584 55.9368 64.8864 61.7112 79.1496 50.2056 65.844 62.028 64.8648 75.7944 61.632 77.184 77.1408 74.2248 92.0952 81.0648 82.7136 70.5528 78.444 85.4856 66.5352 56.736 56.6712 67.068 68.5296 71.8848 73.4112 66.0312 61.1928 68.7888 73.4688 71.5968 64.62 75.0312 66.7656 67.284 74.8008 70.2648 73.4832 69.3792 73.9584 55.7568 68.5944 63.1656 65.4192 76.8024 71.0496 76.9176 84.0888 58.4568 63.468 74.2608 79.5024 73.5192 67.5648 73.692 68.22 77.5512 62.136 68.2272 75.4056 55.8288 73.4328 73.3464 67.9032 59.3136 79.2504 74.4408 60.7536 61.4592 80.9352 85.3344 60.9624 75.6072 66.7368 77.2056 85.968 70.1496 60.228 80.0928 70.956 75.6072 80.0208 69.4584 69.6384 80.6616 75.6648 71.5104 62.1216 65.232 75.5352 63.1944 57.5064 78.9192 61.1496 76.9176 66.9312 60.0048 72.1008 55.3464 65.8944 73.2384 55.3752 76.0104 80.8416 61.128 64.656 80.8704 69.912 74.4624 80.0496 82.8504 60.8256 78.264 62.5536 71.9424 71.8128 72.8136 77.2056 71.9352 71.9064 69.66 76.5792 81.2952 73.7928 61.9488 78.6744 75.0312 67.8744 55.1592 71.6904 70.7328 67.752 73.1448 65.9736 57.9528 90.1296 70.0416 77.9688 71.4312 78.5232 70.3368 84.1896 80.9496 70.8192 75.5928 90.7848 76.428 77.1048 83.7288 82.8864 79.2576 83.3112 76.968 88.2792 70.4448 72.2664 78.408 76.788 73.7064 57.6144 65.2752 62.5104 65.448 62.3448 63.1152 65.3112
62.0342 76.5678 62.6188 59.644 71.4914 83.9382 75.332 67.2882 73.2452 77.6038 77.515 82.3102 95.3934 83.0576 79.4908 90.28 89.207 86.432 71.4396 74.8214 70.6774 67.7174 70.9216 86.2618 67.969 68.4426 73.0824 74.1702 65.564 57.276 59.237 67.7026 78.4622 64.5798 69.7672 62.5818 55.3372 71.9354 71.928 69.3232 61.0944 67.414 73.8298 79.2688 72.2314 66.8146 76.553 61.124 65.1644 83.4572 71.706 76.8934 70.4184 67.3326 58.7338 74.0592 67.6138 73.075 73.4746 61.7234 74.2738 65.7194 70.1816 76.0202 78.1662 74.6364 73.667 70.5368 78.0034 69.9004 72.372 77.6038 81.5036 66.933 66.4002 71.669 67.5176 60.9316 72.3424 79.513 68.1392 70.0336 79.0172 70.2556 72.742 70.559 79.8978 80.993 65.4456 62.8556 61.5606 62.271 73.1416 62.9148 68.2428 75.5096 69.4786 67.9024 80.2678 62.8852 72.8752 59.4442 75.036 67.5398 78.1366 67.6952 76.812 73.6152 68.3908 60.125 63.0776 84.0122 74.888 61.6346 73.0084 63.751 77.8554 73.8002 63.6548 51.6668 82.2288 77.3892 67.488 67.7914 68.1762 67.2734 64.0396 75.6354 73.6966 71.114 65.9488 74.3108 74.0666 83.0206 71.188 83.8198 77.2264 73.0084 61.6494 86.3062 73.6596 66.4298 65.6824 77.8776 64.0988 66.7258 61.679 84.9372 69.9078 70.7218 60.8058 68.9976 81.807 56.9134 66.9034 61.4866 64.2172 81.4222 67.6434 70.8698 61.605 60.0584 66.2226 59.7402 67.451 66.9404 58.386 57.2464 64.0914 55.3816 72.9788 68.228 61.8048 65.2458 77.108 73.4376 56.2622 79.6758 86.3136 82.5248 87.0314 69.3528 70.7588 72.2536 88.5632 76.701 70.4332 84.3082 75.7168 63.6696 61.6938 74.9176 80.3714 65.3272 69.4786 65.5122 74.296 63.3958 59.9696 63.5216
62.814 66.6976 71.0676 68.1036 67.6856 70.072 67.2904 72.1392 87.5216 78.6144 60.1616 83.3796 78.8804 71.3792 84.6032 77.5504 86.2296 77.2768 75.5744 69.3576 77.216 74.9284 75.0728 63.7336 85.2416 61.1572 80.2256 50.9124 77.6416 65.3524 78.2344 61.636 53.238 59.4548 62.3276 60.9216 68.3012 68.2328 64.8204 68.1036 67.526 55.2824 71.174 55.8448 65.6488 66.4012 68.6888 81.3732 83.1972 78.1128 75.6656 78.3104 66.4088 71.1968 67.7084 67.298 66.7888 60.382 70.1556 77.1476 66.8496 61.294 78.0976 70.9004 62.5632 64.6228 69.616 59.698 62.1452 69.2968 79.078 59.8576 88.8212 68.666 68.4228 73.606 75.8024 67.6172 72.3748 73.454 68.894 65.5348 60.534 81.9584 76.5776 67.3816 80.8944 56.8404 72.5116 67.4652 67.8908 86.7464 63.1104 66.7204 64.9952 69.5932 71.9796 71.1436 60.306 76.4484 62.7912 66.2796 66.9028 72.5572 68.552 47.7204 66.6976 72.8004 62.32 66.3404 70.908 60.6328 88.2816 78.0976 62.0768 52.4932 61.4612 61.4916 86.0168 77.2084 74.5636 63.8552 51.9232 59.774 87.5216 77.6644 54.9252 56.962 65.246 64.5392 63.1332 65.1852 77.0868 78.4548 63.4448 65.5576 67.2752 61.9172 68.3468 61.7728 69.2664 69.7376 71.8884 78.4092 72.5496 68.0504 70.3608 79.9672 77.0336 65.018 57.684 63.194 77.2996 70.11 78.014 62.3352 75.6504 69.0612 66.994 60.8532 61.9704 76.3268 60.0096 47.6748 60.1692 71.2652 59.508 72.4432 66.5988 73.606 64.1744 64.6608 56.202 65.0028 62.4872 56.8404 77.482 69.616 85.3176 80.294 67.3208 95.6536 76.798 74.9816 91.96 93.4192 85.7888 69.2968 66.2644 75.6428 85.8496 60.8152 78.052 84.8008 56.6504 41.458 61.2636 64.2276 60.1008 57.6916
55.6842 57.564 70.2234 63.9366 55.848 60.3798 57.4158 71.0658 63.96 79.5522 76.1436 72.4152 77.2902 75.2232 76.557 88.8108 81.5022 81.3306 71.4246 78.1638 85.3086 85.1448 64.4748 78.7956 72.2202 66.2844 59.4438 61.1754 63.336 79.7238 63.6636 64.077 59.5842 66.3 61.542 64.9662 76.9392 58.89 63.726 75.3636 63.414 66.339 62.556 63.0084 67.4076 65.4654 78.9048 62.3844 77.7816 71.019 68.5854 78.5382 69.8412 69.7944 73.8972 74.2092 67.821 67.9146 62.0958 66.6432 56.1288 82.407 66.1596 64.155 66.4872 63.9132 64.8726 72.111 80.4258 70.4496 79.6926 83.6316 54.3504 73.8192 73.359 60.6294 65.2158 68.133 70.6056 59.124 80.73 66.885 77.0874 63.7806 62.0256 60.8712 57.798 72.0252 71.3466 76.089 67.5714 73.203 74.8176 80.2074 49.3818 69.3732 72.2904 66.963 58.0398 68.7024 60.7152 77.6802 64.5216 58.032 62.79 72.1734 60.0522 71.2998 75.9252 65.169 76.6038 70.824 71.136 66.0114 64.5684 61.3002 63.9132 61.5264 59.9742 67.7976 72.9378 74.9658 81.9468 74.5914 65.403 72.7974 79.4742 59.397 87.4692 71.487 71.0736 78.429 72.3528 71.2686 73.9362 57.2052 65.8008 67.587 71.7054 75.7068 74.2014 66.768 73.7802 59.2722 72.5712 74.1 85.6206 76.518 73.593 75.5196 78.4602 84.0372 72.813 71.7444 74.4432 69.0768 67.9536 63.2892 59.6232 65.8242 68.7336 52.6656 75.1452 56.9244 69.3888 66.9942 61.5576 62.7042 57.4236 69.264 59.0304 66.5028 62.3688 70.5276 70.7694 81.4008 86.502 81.4008 75.3948 72.2826 81.5958 79.8486 78.9204 70.6524 83.1168 86.58 84.3882 74.8332 86.814 67.3998 89.6376 69.9348 70.824 58.3284 68.2266 58.9446 65.91 60.4812 53.1414 52.7982
63.608 69.344 66.008 65.848 82.832 61.712 57.688 82.224 85.104 74.248 69.224 70.08 71.576 92.28 80.448 66.224 79.784 89.096 72.256 83.312 88.784 87.744 66.816 73.784 83.072 70.176 52.064 67.664 59.6 70.336 61.32 65.672 76.344 63.264 65.56 64.624 67.72 62.88 66.312 72.128 50.448 65 56.368 80.232 68.104 62.784 73.472 76.952 67.752 67.44 78.952 69.96 70.648 83.168 71.824 60.688 81.008 92.496 70.784 38.952 75.904 76.16 64.424 63.512 77.952 80.648 75.672 70.248 70.904 76.6 70.128 62.736 70.608 68.952 63.912 70.336 72.864 59.488 76.712 66.92 67.04 73.504 75.848 63.904 71.024 68.848 62.888 74.088 62.232 65.288 71.008 70.992 58.96 73.704 64.808 73.824 92.616 63.128 69.032 67.928 76.464 69.92 71.312 68.256 62.768 80.144 60.16 74.304 67.912 73.584 64.624 72.808 56.256 82.904 76.976 70.528 71.256 68.096 73.296 56.216 61.584 76.592 69.792 64.28 80.792 61.8 85.144 69.232 76.104 63.68 71.4 78.088 56.768 74.896 63.304 74.824 76.64 68.256 67.92 78.128 73.496 69.136 71.072 69.32 67.384 85.88 73.616 64.776 87.008 67.016 71.224 61.4 63.864 62.336 63.304 61.056 56.056 50.856 62.704 57.816 66.688 60.28 68.096 63.168 65.696 62.952 64.936 72.344 63.648 55.736 61.952 64.24 55.432 75.752 85.664 66.408 72.416 76.096 74.48 79.816 71.848 79.88 95.12 76.28 92.688 92.576 75.824 73.864 77.856 67.048 60.544 75.528 64.304 77.752 74.632 67.664 66.424 61.72 63.232 66.488
54.571 58.0724 59.819 69.4048 61.1474 73.0948 66.9038 77.1948 68.06 74.948 80.6224 91.9876 77.5474 74.3822 80.2944 76.4486 77.7688 84.3698 79.294 85.239 67.5188 84.1812 58.4742 75.1284 61.7788 59.9748 72.9636 63.7222 67.1252 61.2786 72.1764 68.5192 60.434 65.4852 66.666 70.0526 57.031 67.035 66.8054 65.1244 57.4902 72.0452 64.7226 66.1494 69.3064 51.578 67.5598 79.1628 83.5908 87.904 87.4694 76.2846 75.4974 58.9252 58.9006 72.9718 64.2224 72.857 74.9726 74.2346 72.6356 77.0226 78.0066 71.6516 66.3216 68.9128 71.6188 70.9136 66.7562 72.4634 80.4338 55.3008 77.408 68.9292 71.5532 76.2026 63.0416 64.3208 69.4294 64.9522 71.75 72.2748 86.1984 68.8472 67.691 70.2658 88.8224 65.6656 65.2884 69.4868 62.812 63.4516 73.0046 70.6512 59.0892 77.7196 72.0206 58.2364 70.1756 79.2202 64.1076 75.3662 73.7098 86.059 71.9058 66.5676 60.434 65.6738 75.2924 71.7664 71.176 86.7806 70.0444 56.7358 68.9948 61.8608 52.6768 57.072 79.8598 56.8424 68.6914 67.445 68.4372 63.3368 88.9618 75.9812 68.3224 75.9812 73.923 73.6196 60.9506 77.449 75.0054 58.6218 55.7026 70.0608 49.7986 60.8194 71.0202 70.6512 67.4532 67.0924 73.7508 77.203 83.3202 77.982 65.5918 61.1966 63.7386 75.2842 59.4336 71.6516 60.9342 53.6854 65.3704 70.8726 68.5766 67.2072 63.14 46.3136 55.145 64.9358 64.1896 58.8842 69.2736 56.8752 71.381 64.5832 70.315 55.391 71.463 59.7288 67.2646 67.486 76.6536 61.4262 76.711 75.6286 75.1776 79.5728 59.0646 70.2084 82.9676 80.3108 77.1128 81.1062 87.3792 85.1242 69.4622 58.2692 75.85 66.7152 74.4396 79.5236 70.5774 50.5776 62.0904 57.0392 55.514 72.529
52.8612 55.6752 64.26 63.4704 62.5464 61.362 77.6664 70.4424 73.248 72.7692 72.7104 67.6872 83.0676 75.6168 61.8324 82.2444 74.1384 71.5428 86.3184 73.71 85.2936 80.2704 96.6672 71.1816 61.6056 66.7128 61.0764 70.9632 59.9004 85.2096 53.5836 60.2952 73.5672 60.1692 64.2768 65.4192 64.596 69.6948 64.3272 67.284 59.514 65.7468 69.384 60.6396 79.9176 59.682 78.8844 72.9036 85.68 70.5852 64.974 79.9848 73.1136 66.4944 72.1056 85.4784 69.972 68.7204 72.5256 66.4272 64.9488 64.4196 74.9952 70.2156 74.802 61.0596 59.0016 69.2832 79.1616 73.3488 60.2952 75.3984 55.146 76.3224 62.7144 73.8024 59.6064 68.0484 65.8896 60.8748 64.4364 76.524 61.908 73.7436 56.8344 74.9532 51.282 62.7396 78.0864 58.212 74.7852 60.9084 72.5676 58.4052 60.2868 58.884 64.9236 66.5532 62.034 58.8 57.0024 63.462 65.6376 58.9848 64.5456 66.9144 73.5504 69.7872 61.0764 66.2256 58.4136 75.4992 63.6552 82.5132 64.7556 58.212 75.516 59.7156 73.71 69.7536 75.4488 59.3796 63.4452 69.5856 68.6028 69.6024 79.1784 74.592 71.442 58.9764 80.6484 72.3996 65.6376 79.254 82.4376 65.058 69.4512 56.3976 69.972 67.4268 65.2848 63.2184 58.6404 69.8964 66.5784 74.5668 71.4756 74.802 78.2292 80.3628 75.18 80.724 65.5368 68.8632 77.8512 67.7124 78.4392 63.2268 61.1268 68.9304 73.8024 41.538 68.7624 71.064 65.6796 53.0124 73.248 52.9284 56.3304 70.1652 55.5996 69.0816 59.43 54.474 67.9476 56.9268 63.8904 74.6508 73.4832 75.8268 81.186 78.1788 73.5672 80.4132 82.3872 82.656 79.7412 90.1824 80.0016 72.0132 61.7484 65.7888 73.0464 68.166 51.2652 57.5316 61.5216 64.302 62.8992 51.114
66.5812 55.0056 65.3256 66.8048 57.9554 58.6348 68.1636 57.577 70.9844 63.9668 79.12 73.6762 90.128 72.4464 76.0584 80.324 84.3402 74.8458 78.389 68.929 81.7258 86.8514 67.3638 66.0222 64.7666 58.222 76.6948 61.6362 67.0112 57.9468 71.122 60.6988 69.4192 65.5062 47.1796 63.6916 61.275 60.802 61.361 75.1468 65.9276 49.8714 63.3218 83.592 61.1116 57.3792 69.617 62.7714 77.1506 62.9004 65.8416 63.296 60.0452 75.7918 72.9624 83.3684 70.3824 80.8916 66.7876 66.2458 68.585 64.5344 62.7972 69.7202 78.1224 71.3972 67.1144 47.1452 67.0972 68.4818 69.9008 66.1426 73.8998 66.6242 82.517 63.3304 72.2142 66.607 60.5526 61.318 56.9234 82.2762 57.5082 69.3676 80.7712 54.6444 58.4972 70.5458 69.9266 70.004 65.274 76.2476 69.8148 67.9142 55.1776 77.2538 65.7384 72.2916 62.78 71.4316 81.5366 58.007 60.0882 60.3978 65.7728 61.791 65.0762 72.885 71.8444 84.5982 72.7646 68.0088 80.8486 83.3512 61.3438 53.492 74.8286 77.4086 61.3438 71.2854 58.6606 74.5878 62.2468 76.2476 63.5712 66.0824 73.9772 70.1158 61.404 73.7364 65.489 84.5724 58.566 64.457 80.2208 76.97 62.9692 68.327 71.9648 58.265 77.8128 75.7746 70.9414 55.6678 80.0402 76.0068 67.8626 63.1326 74.3298 73.8826 68.6022 68.5162 81.9064 66.091 75.7488 76.9098 76.8926 67.854 58.9788 63.6486 65.833 63.9496 47.6956 58.7552 58.6778 65.7728 73.1172 68.1378 55.5302 68.0776 67.3036 55.2894 72.412 65.5922 54.6186 76.7894 66.7188 87.6684 66.521 73.1688 78.1568 75.9552 71.7154 76.583 74.4674 85.9742 98.083 65.9448 85.9312 73.8912 78.5438 69.9438 82.3364 78.8878 61.4212 52.9674 57.534 66.4006 51.2302 56.2096
67.6104 70.664 55.2728 63.8968 62.0224 63.0784 72.0632 64.7328 60.2448 90.9744 74.8704 79.0944 78.1 77.8096 80.784 57.86 70.664 83.688 79.4464 74.9584 73.7528 73.788 73.7176 55.1144 81.884 80.696 74.3512 73.568 63.7472 63.932 69.5728 63.9936 63.712 58.8456 64.0728 66.2112 61.8024 53.7592 71.3152 52.7032 75.4952 54.7536 76.6656 61.8112 60.764 59.3736 66.748 74.4832 73.1192 64.2664 72.8816 73.8584 70.9192 66.0704 83.5472 65.7712 71.4384 81.7784 72.7056 79.64 62.1632 76.384 78.4432 74.9144 76.12 72.3536 63.8088 77.7392 57.1912 62.744 65.736 72.0016 64.4512 82.412 61.4152 73.5328 72.644 70.2504 63.8176 74.0608 62.0752 62.8056 71.0864 63.5448 66.3344 74.9056 76.4456 59.664 65.6832 60.984 77.396 57.376 72.6528 64.1608 71.1568 58.8632 65.912 68.9832 55.6512 74.7824 55.7744 70.1888 64.6976 67.804 73.8144 70.6112 69.036 71.0512 71.5528 46.8072 59.752 69.1944 80.7224 70.3648 74.1664 74.6592 82.2536 48.3032 77.5368 66.6424 50.0632 79.64 75.4952 56.6544 81.752 69.6256 83.8024 86.9176 67.0912 66.9768 62.4096 66.2288 59.796 74.492 74.4216 64.4864 59.576 60.9488 76.2696 75.328 69.5816 62.4448 60.4296 64.3016 76.7272 65.648 68.3672 65.1904 64.724 72.2656 73.128 55.7744 67.6104 73.6472 71.7728 69.1152 64.4864 50.1512 56.4168 69.1416 64.3984 74.58 71.4208 60.016 63.052 62.7 69.916 64.5128 59.2504 66.3432 78.2848 64.2312 78.6896 76.1024 70.708 77.3696 72.996 72.424 81.576 72.8112 77.8536 75.196 58.168 75.152 71.808 91.9952 78.3728 62.788 59.4088 79.3848 81.2768 72.8992 75.9 68.7016 48.1976 71.2712 60.016 55.0704 61.5296 59.8312
56.844 54.063 62.649 55.089 69.507 56.565 78.345 62.352 68.193 59.985 71.37 75.627 63.936 73.188 77.958 72.423 77.022 85.419 80.424 69.426 73.377 85.887 64.269 59.337 69.39 76.5 51.732 59.742 66.267 77.85 64.485 52.758 73.431 69.183 60.525 58.707 62.415 62.406 66.042 77.058 63.468 68.211 63.135 70.623 67.554 77.337 67.941 67.014 84.672 63.864 74.601 70.2 77.922 81.351 77.643 52.389 71.91 76.293 75.978 74.367 73.35 63.585 75.726 54.873 66.474 76.284 55.845 84.231 67.842 54.594 79.641 66.699 74.862 58.176 76.176 52.722 75.897 64.611 71.199 67.293 73.44 64.134 71.208 73.557 88.02 66.663 70.821 74.646 57.384 65.016 57.798 84.465 75.087 57.168 76.689 60.876 70.344 68.346 68.022 59.958 64.647 70.02 65.016 65.97 66.861 63.315 69.021 61.254 64.215 66.258 57.726 74.655 60.993 68.751 71.136 65.853 74.538 67.986 70.848 77.787 75.555 63.648 83.205 70.497 61.965 65.16 69.966 66.96 70.119 77.688 55.449 70.92 65.727 85.104 63.729 70.146 52.74 61.731 60.093 64.287 63.369 66.942 72.567 84.501 70.191 64.593 77.886 58.032 63.873 73.26 62.316 56.403 66.069 65.754 56.637 61.218 70.884 61.902 75.771 54.549 73.35 58.131 66.969 56.61 62.676 57.276 59.292 53.055 52.407 62.235 64.458 68.679 71.217 72.45 79.983 72.333 65.115 71.586 64.494 70.614 69.147 88.155 84.933 67.473 77.922 79.731 73.953 81.108 58.113 73.53 65.592 61.146 72.396 62.442 60.975 72.504 61.875 57.339 57.456 48.132
52.1824 59.7816 53.3048 74.2808 59.0456 78.4208 69.92 70.4904 74.704 69.8096 71.944 73.5632 70.0488 69.736 74.0232 83.5084 70.8952 90.6292 68.2916 83.7016 72.8548 84.1248 73.0204 64.7128 70.748 59.4504 83.9224 83.2416 52.348 66.0376 62.238 69.7084 55.5312 54.8412 58.7052 64.0872 62.8728 50.6644 72.8456 61.7504 73.5264 65.0164 47.978 72.9468 84.0696 75.2928 77.7124 61.1248 66.8012 66.2584 69.8096 75.3204 76.9764 68.8252 58.2544 63.71 74.888 74.52 67.4636 53.36 81.6776 75.2192 81.4936 77.6388 70.3616 70.932 62.6244 68.8344 76.9488 59.4964 76.7096 66.608 69.6624 65.9916 53.7188 78.7336 69.7176 60.7844 63.6364 72.6616 82.5792 73.7748 66.0192 75.67 74.8144 86.9124 75.3296 67.252 70.8768 68.6504 60.6188 81.9444 76.5532 64.9612 66.102 63.112 84.4192 56.0648 65.2188 62.8912 65.3292 68.5032 67.5188 58.558 73.8484 67.0128 69.6072 72.6156 77.7676 67.9972 53.5716 62.7992 59.018 62.146 62.4588 64.4736 77.74 69.8464 58.7052 75.9276 63.296 56.2212 63.8756 73.5908 64.86 58.8064 66.3688 71.7324 86.4156 70.0948 59.3676 73.8116 68.7884 72.2292 74.75 87.0412 78.7244 70.1868 65.4672 69.7544 64.9152 70.564 68.9816 64.6576 66.608 64.7588 85.3852 73.6276 61.134 61.0788 52.716 67.1508 72.1188 69.2668 62.2196 58.8064 77.0224 57.316 71.1068 77.2432 57.132 77.6388 53.084 58.972 60.72 68.2088 59.0732 62.4864 64.2068 48.7048 59.2848 56.5248 65.2648 58.0244 61.7228 73.9864 73.7012 64.1884 76.3784 82.4964 78.936 76.9948 90.8224 82.4872 79.6444 72.5144 81.6776 87.9428 83.444 77.7952 61.2444 68.8068 77.0592 71.346 68.31 54.0408 68.816 62.514 54.4272 61.7412
50.9668 66.5332 54.5764 64.2208 63.7414 64.7096 55.6856 71.9288 76.6288 57.1896 75.7734 68.9866 66.2512 72.2296 75.7828 79.195 74.6454 73.978 77.1928 80.9434 75.1248 72.897 88.7924 61.6452 67.774 75.1248 57.4904 62.1434 61.2786 48.6732 68.9302 53.9748 70.171 62.5476 51.9444 56.7478 75.4726 61.9554 59.1542 61.1752 54.9806 59.7464 70.3026 61.2504 69.231 68.197 65.2078 58.4492 77.832 75.8204 58.0262 68.4132 58.8816 59.972 71.4212 66.2512 58.374 52.8656 54.7268 80.2196 67.069 60.6206 69.0336 73.649 65.565 64.2396 71.3742 71.1768 55.789 70.547 70.4154 71.9006 66.8622 51.3052 70.7256 75.0214 72.0228 61.7674 61.6922 63.5252 78.9694 59.2858 64.014 71.8066 57.9228 69.278 66.6554 72.427 60.6958 73.9498 78.5088 56.259 49.303 74.4104 68.5824 65.0292 76.2058 69.6258 75.7452 72.3048 57.1144 76.657 60.583 65.189 51.7094 61.1846 80.605 59.7464 66.599 54.473 62.7732 69.9078 64.3994 73.2448 69.372 82.4568 80.5486 64.578 62.8108 76.328 73.79 59.9908 60.7428 63.7978 60.4984 66.035 77.6064 63.6756 49.7824 67.6142 75.2094 70.8102 54.4166 67.5484 69.5788 75.3222 77.3338 81.31 74.7676 63.9576 68.714 79.9376 64.0234 58.9098 71.8818 66.4956 64.0704 74.0626 67.8492 88.36 58.938 72.8406 60.2728 76.61 73.931 60.8274 58.3552 80.8024 58.6184 64.0516 51.0608 46.53 56.9358 65.5086 57.8758 58.985 56.1556 59.4926 60.7804 47.4888 58.656 68.5448 54.4918 72.4928 66.364 69.9266 78.067 87.1192 65.5556 67.2382 65.0386 77.0988 75.7264 75.012 79.3266 77.4842 76.469 84.6188 75.482 76.5442 71.346 74.3822 68.056 75.7264 63.4688 60.912 64.6626 70.9418 65.377 58.703
55.7088 54.24 61.8144 54.5376 59.6448 53.3952 56.3232 71.5872 60.912 69.0432 66.6048 66.624 73.6128 69.1296 62.592 75.7536 84.9408 71.9328 86.6304 74.4192 73.0944 73.5168 63.8688 53.2704 59.2896 69.7536 62.448 59.1744 53.5008 56.4768 54.6816 48.4224 60.1344 67.248 64.896 58.3776 53.9904 54.7104 58.2528 56.064 70.9824 62.9184 60.6144 57.168 72.3552 56.0832 58.5984 71.1744 62.5632 69.2832 60.4128 65.2512 80.3136 66.2688 61.5744 82.8096 63.5616 58.0224 62.9088 61.9968 67.1712 56.4768 73.6416 80.2368 82.1472 73.0272 69.2064 69.2544 65.9136 73.2096 69.5424 65.3856 63.3792 65.3472 61.3056 67.7856 74.9952 59.8368 69.5808 83.3856 80.1888 63.1776 67.4112 71.4336 62.1888 70.5696 71.04 58.848 58.3968 70.1376 64.6368 70.2432 66.6816 60.9984 64.0032 64.4544 58.2624 79.1136 62.2176 68.4864 56.9184 57.216 65.1552 57.4656 51.2352 63.0048 77.6064 57.12 68.688 73.3824 72.7776 55.4496 74.1984 73.7664 78.3072 72.24 67.5936 55.392 77.3376 60.5568 63.4656 61.0464 76.4928 61.0368 78.096 82.272 91.536 60.1824 69.792 74.7552 83.2416 59.376 54.8928 60.0768 72.9504 65.1168 72.1824 65.6832 80.0832 64.5312 60.0288 65.5584 68.016 61.872 71.2896 68.8224 71.52 60.7104 72.7968 66.6336 76.9056 69.6576 77.1552 65.0784 67.8336 60.6336 66.6912 58.7904 66.7872 74.112 61.0176 51.5712 52.2912 53.76 63.3216 63.8496 61.1904 61.2 61.4784 66.8928 65.76 61.008 66.1824 76.7904 60.6528 75.3504 64.5216 80.6592 87.0144 64.7424 58.3104 76.2816 81.6384 70.0128 74.5152 73.1424 73.7088 63.168 66.2208 68.9376 71.4048 74.9376 89.4816 63.4368 81.2064 63.4944 52.5504 57.5328 51.6192 61.632
63.357 63.3766 60.858 66.6008 58.9078 60.5346 65.4934 57.3006 70.0896 64.141 66.9634 75.2542 57.8396 68.9234 81.683 81.0852 76.342 70.8442 81.2714 79.4878 97.6178 78.6646 71.9614 70.7168 58.3394 54.8212 57.9572 58.3198 66.8262 50.0388 63.6902 66.8556 69.3546 52.2242 69.5506 54.3508 63.2786 65.366 59.2998 62.4456 50.225 67.7278 57.7024 47.0988 62.6024 70.8344 62.9944 77.322 80.115 76.0186 71.148 58.8784 76.4792 81.9182 72.3632 81.9084 64.0626 63.0434 62.0438 68.11 59.5056 69.7662 68.061 62.9356 63.7784 68.7274 59.3194 71.9516 83.1628 73.1864 58.7216 64.2194 60.7208 73.9998 58.065 76.4008 65.7874 59.1136 62.4456 59.2508 62.9062 60.0642 65.6208 72.8238 67.2378 65.8168 68.9038 63.7 59.6526 64.68 74.5094 69.1978 71.9908 65.4346 79.1742 68.2472 62.7984 60.5934 48.1474 68.8548 71.5792 75.6168 55.125 57.5946 73.6764 67.8356 69.384 63.5726 73.598 60.1622 72.4024 61.7694 67.3358 69.8446 64.5722 61.3088 81.7222 55.2818 57.1732 69.7368 77.8708 72.0594 68.404 70.8344 70.9912 59.3782 67.7768 71.5204 65.758 59.0646 71.785 56.6048 67.1006 73.4314 65.1798 61.1226 67.277 61.1618 69.7172 86.2106 74.0488 66.1696 62.1026 66.248 64.288 66.2872 74.2546 66.248 50.9894 68.6 74.4996 65.9246 67.0908 67.1594 70.6188 57.8298 63.2002 54.7918 63.259 72.226 59.5938 42.3164 69.776 59.4762 61.0344 57.8886 65.7874 51.695 71.1774 51.5774 70.9324 63.8078 53.4394 53.4198 54.635 70.8638 83.8096 72.2358 73.451 70.6678 77.9492 70.3738 78.106 68.1296 66.6988 84.231 72.3142 78.057 77.5278 73.0002 85.5736 82.5258 61.6322 59.0744 53.4982 70.9716 57.134 61.3872 64.9936 61.789
56.84 43.71 53.22 53.33 53.48 61.35 54.88 71.85 62.79 69.52 60.7 68.11 67.29 81.38 65 66.96 79.53 85.7 76.49 68.3 52.3 60.2 81.44 60.21 59.47 65.71 56.23 70.85 68.26 52.59 60.5 66.67 64.23 56.12 71.35 62.11 57.14 64.04 65.15 53.65 71.14 70.51 68.83 69.46 66.43 62.04 54.02 68.28 73.94 73.28 49.9 82.22 75.49 62.39 70.52 64.91 74.34 62.23 69.58 72.86 63.64 66.35 65.26 72.4 60.3 57.46 67.88 67.3 71.97 73.34 67.39 64.11 63.78 64.13 53.76 60.43 74.15 57.26 67.18 80.64 61.36 77.32 59.35 64.76 63.06 56.89 57.44 59.06 73.7 64.59 57.28 74.66 64.64 68.47 44.44 76.89 53.44 55.31 70.94 65.63 71.76 67.76 61.99 67.35 53.19 65.74 72.67 79.68 50.99 76.25 50.44 77.17 75.94 55.91 93.69 74.68 54.14 74.11 63.65 56.57 58.29 67.79 66.91 65.74 68.61 67.1 67.48 80.23 60.76 52.35 59.23 65.39 65.38 66.96 65.95 64.22 67.12 60.52 60.76 65.08 68.97 62.51 75.82 60.23 69.97 77.52 64.94 73.35 78.79 61.12 66.29 62.4 71.92 74.26 59.27 46.07 50.61 73.02 46.01 57.51 61 67.53 61.17 52.14 59.65 70.96 58.18 55.42 60.46 50.28 69.25 62.04 62.55 69.92 60.36 72.94 70.77 66.68 87.17 73.01 69.37 78.23 82.29 79.51 76.11 90.76 71.58 65.84 89.42 68.42 69.54 64.03 66.24 56.1 56.73 55.69 64.58 53.21 48.87 47.38
52.8972 52.632 62.067 55.437 59.5068 65.0658 62.9136 57.222 56.7426 73.746 72.6444 68.5848 71.8284 75.3678 70.6962 79.0296 85.3536 70.227 79.458 69.768 51.9384 74.4192 63.7398 56.712 54.927 49.9494 70.8696 57.936 66.4326 64.8822 61.7712 63.9336 68.0748 44.3292 51.204 62.1588 53.3154 53.9784 70.1352 54.2538 57.4668 49.8576 68.799 54.6108 68.3706 58.5582 66.5142 60.7308 68.7888 67.7484 71.8182 77.1936 65.178 62.3934 61.1796 72.3078 65.076 62.2608 63.0054 72.4608 79.1826 64.4538 59.1294 72.8178 59.3844 68.0544 56.0388 71.7876 68.9214 69.1254 73.3788 65.484 67.0854 65.994 65.127 63.2604 72.6342 58.14 59.262 89.2398 67.9932 69.5232 83.8848 68.187 62.6382 61.7406 78.7236 64.7394 71.1144 70.941 67.83 66.3408 65.9838 64.3008 63.6072 62.5464 53.754 68.8296 71.4408 75.429 56.2632 66.1266 57.4668 76.4592 59.976 51.9078 68.0646 75.4188 59.9454 75.9798 59.5884 58.956 64.9638 63.0564 70.3188 78.6012 66.6774 74.0928 74.5824 59.67 80.5188 65.892 69.054 63.5664 69.0438 76.1022 71.5734 73.4094 71.094 67.2282 67.8606 61.5264 61.5162 64.8006 73.4604 66.504 64.974 78.5808 65.9328 62.7198 82.8648 78.3156 65.3922 55.7124 68.595 58.1706 70.5126 68.1564 66.8202 78.1116 54.3558 74.9802 61.0674 60.1086 69.513 61.2918 48.5826 54.5292 59.262 58.7112 66.4632 66.6162 58.0686 51.8364 55.7022 63.5766 57.7218 63.6582 62.73 63.9948 56.0184 64.5864 62.6892 59.3232 73.6848 60.894 59.1396 56.6916 83.3544 75.7452 86.8734 82.1814 85.068 80.3454 80.7534 71.043 77.7852 72.6648 86.8326 78.489 58.6296 68.6766 78.0198 61.4856 66.5652 57.3138 55.386 58.0686 48.3378 58.191
69.212 53.3312 52.2912 54.756 61.4328 52.3224 58.5832 75.6808 62.712 62.14 69.6696 74.932 73.1952 54.6312 75.3168 71.084 67.3088 68.328 70.0128 71.6248 68.3592 66.5288 62.0776 66.144 63.9496 61.724 58.9888 70.2104 47.9856 58.5832 66.1752 54.6208 59.9768 60.7776 71.0736 54.9432 65.2288 58.9784 53.3208 52.104 59.0096 53.3 75.1192 61.5784 60.9232 60.736 54.9328 72.9352 62.0984 62.8472 54.184 65.884 58.3648 63.3464 68.6504 70.8032 71.1464 65.9776 72.6232 55.276 51.2304 70.1168 59.5608 60.1328 66.4872 72.9976 64.0432 48.88 67.1632 62.088 58.5312 68.5152 62.2544 78.1144 80.08 70.6472 69.524 65.572 81.6816 69.8776 70.1064 64.4592 81.3904 68.1928 63.6792 77.1264 74.308 63.2424 71.812 48.1832 74.984 72.696 71.4792 69.16 70.5952 66.4144 53.3208 73.164 58.3232 67.3816 72.332 64.6568 57.1584 66.508 59.904 73.1952 59.3528 64.5216 58.188 75.7328 62.2648 71.812 68.6088 73.684 75.0672 52.5928 82.8256 62.6392 64.4072 72.6128 87.3912 59.7896 69.1392 61.6304 73.7568 70.2728 71.6352 66.3104 59.6128 57.2728 65.2184 72.852 77.636 67.08 67.6832 61.6824 64.4384 64.2096 62.8056 65.0624 62.9408 66.4352 63.9288 66.7888 59.6128 80.86 66.3104 66.1128 64.6672 76.2528 77.4488 71.4272 60.7776 65.1456 59.8624 64.5008 70.1064 58.292 64.2512 68.8168 58.0632 54.5896 54.1632 53.4664 59.9976 56.7216 65.208 58.0528 66.0296 54.6208 56.7216 60.9128 68.484 64.168 59.1032 65.6656 74.516 64.4488 88.2128 72.5192 98.8312 71.2712 68.9936 71.9992 85.4048 70.1376 79.3104 62.348 65.5928 76.5752 67.8288 64.688 72.072 62.7328 64.3656 57.6888 60.372 67.5168 56.2848 45.3024
50.138 50.4242 60.3776 39.7182 58.1516 66.515 74.5286 71.7302 70.8504 68.0626 71.6348 71.8574 73.2142 74.8148 67.5538 70.278 74.3484 79.6166 81.5458 75.4084 75.4402 79.023 76.1822 63.1018 64.4374 58.247 61.7132 54.7596 60.3882 59.6462 51.5902 55.3002 56.4132 56.763 61.5648 50.138 55.4062 59.7946 56.339 62.8368 63.441 59.9218 69.9494 64.395 74.5922 63.07 55.6076 60.2398 68.688 72.2178 71.126 66.7588 51.5266 75.6734 72.1012 72.5146 69.8752 67.9142 64.7236 66.303 64.0558 58.7982 69.7268 70.3522 74.783 65.3278 56.8372 61.5224 54.4204 57.6534 63.388 60.8652 80.6236 63.0806 55.0458 57.399 62.6354 63.4092 61.0984 79.5106 71.5818 76.8182 76.0656 65.4868 58.247 65.3596 57.2082 72.1224 67.9354 68.476 73.3626 70.9564 69.3982 67.7658 65.8578 78.0372 61.7768 75.5038 58.2046 65.6882 64.607 72.1648 60.3458 58.9466 69.9918 70.7338 56.9432 61.0454 69.5148 56.7842 57.5792 58.1092 59.0102 69.165 66.833 52.8092 65.031 70.9988 58.936 64.024 69.0696 68.0732 64.925 61.6814 72.716 54.2932 57.1658 53.8162 80.4858 67.6598 66.091 78.2386 56.551 54.3886 67.9566 58.7346 65.243 61.7662 59.4872 60.5366 57.346 70.9458 67.5538 60.7592 74.5922 68.2004 64.1194 78.3234 67.7446 71.4334 69.0378 58.5332 64.8402 60.5048 73.7972 48.1558 59.2434 65.6776 52.2792 53.3816 61.056 59.4024 60.1338 45.262 61.1514 58.8194 62.2326 55.2048 52.0778 47.9544 59.201 55.5864 70.0024 62.858 68.0096 60.2822 72.1648 72.4404 71.9528 81.2914 67.1722 71.7514 61.9358 52.1626 78.175 75.0692 67.893 90.4922 74.412 73.0764 69.2074 61.9146 61.8722 53.1378 55.2684 57.2718 49.184 63.3456 59.3388 55.385
53.4276 45.036 53.2764 55.5228 62.6076 55.0368 52.11 71.7228 59.3244 59.886 57.8016 73.6668 71.9604 72.8028 75.546 62.6724 69.5412 70.362 67.716 64.7676 75.5784 77.166 53.4924 57.4344 63.8064 55.8144 74.034 64.1628 67.7268 65.4804 60.2964 49.788 55.1124 55.9548 54.0648 58.4064 50.6088 62.532 44.4852 56.3868 70.0704 44.442 59.4324 59.9292 62.4456 70.1352 59.3676 74.0664 51.4512 65.1024 70.848 69.0228 67.878 69.336 60.7716 67.8348 74.8548 65.7288 62.532 70.2108 53.5788 68.8176 73.0728 61.938 68.9472 67.8996 74.7576 71.9388 68.0724 74.9196 75.5136 64.5516 76.7448 70.3728 65.3184 61.8624 71.3232 70.8804 62.1432 81.5616 62.964 75.4056 67.2948 73.764 62.3268 64.8972 65.7072 72.9972 65.9556 69.3684 82.9872 58.59 53.4708 59.1192 63.0288 60.642 61.7436 62.91 72.9 60.8688 68.8176 74.358 66.7872 64.3572 73.8504 65.7828 69.3792 61.344 63.8388 64.638 49.5612 68.8824 65.1564 73.7424 66.6036 65.4912 74.0664 71.5392 66.9492 76.2264 77.652 71.6688 70.5024 61.5168 63.4932 75.384 59.1408 60.5556 57.942 66.204 54.5832 64.8648 61.776 76.8096 51.678 63.558 75.2544 74.2932 68.0292 68.6772 66.3012 61.3548 75.6324 63.3852 62.8992 74.2176 66.5172 83.862 77.5872 59.9076 83.322 69.5628 74.1852 63.6768 59.2488 66.6252 59.7888 61.83 58.1688 53.8812 59.7996 59.0868 63.1368 61.2468 63.6876 52.4556 71.3772 53.784 48.06 64.0548 54.2376 66.3228 58.4064 59.4324 63.396 61.1388 56.6892 65.7612 64.5732 81.1188 61.776 66.582 61.2792 84.4776 71.2368 68.148 91.8432 56.7864 78.6672 69.9948 68.85 59.8752 61.9164 75.9672 57.4344 51.732 66.6576 47.3364 56.1924 66.096
53.581 45.045 53.724 56.771 53.944 46.695 55.275 59.807 78.122 57.398 74.151 66.781 73.524 62.942 74.261 78.001 75.031 60.896 78.375 70.697 64.834 71.313 71.687 69.102 63.261 66.033 56.452 57.046 59.642 59.345 58.102 64.339 72.38 52.36 57.761 57.552 61.688 63.36 59.51 66.924 51.194 62.821 54.285 54.142 64.834 63.921 67.331 55.825 60.951 79.156 62.238 59.895 84.271 75.053 69.652 63.294 60.423 64.02 72.589 70.906 54.681 68.09 54.78 66.143 63.866 69.773 61.523 59.642 77.671 57.123 61.908 68.673 71.907 54.219 61.6 80.289 49.786 68.167 58.553 60.863 77.297 60.39 69.52 72.732 68.816 57.651 56.551 68.827 68.64 63.14 49.5 82.467 73.359 68.453 78.43 71.962 64.801 55.484 55.473 71.973 68.112 61.171 59.686 76.626 67.804 55.11 75.086 72.655 72.974 68.926 59.84 64.548 70.345 77.275 69.916 65.175 55.473 75.999 71.742 65.758 62.249 70.84 72.677 68.167 64.405 68.2 62.293 69.454 63.657 65.131 64.845 63.679 68.046 60.731 70.994 63.448 77.374 69.74 56.672 66.858 60.434 61.292 60.995 62.59 73.183 65.571 64.636 77.627 87.45 70.213 65.076 73.161 62.15 55.275 60.247 66.99 71.819 47.289 54.065 56.848 58.553 57.123 45.991 55.704 53.097 61.6 40.81 69.08 51.425 56.43 59.543 68.794 58.212 64.46 78.419 58.289 66.473 67.309 78.1 66.363 79.354 73.876 76.736 82.753 84.227 81.543 68.64 66.099 66.077 45.914 75.757 69.377 59.147 52.899 56.034 58.025 66.748 68.574 46.519 51.755
55.3056 57.7248 51.2848 56 55.3616 55.8208 74.2112 54.2976 65.352 72.0496 84.5712 80.64 75.7904 69.5968 71.7024 66.4272 70.9072 75.7232 78.8368 70.1792 75.5328 84.56 59.5168 64.6016 48.9104 59.5392 64.2096 55.2944 56.0896 68.264 61.7008 53.8832 62.5296 65.072 49.6944 58.6208 50.232 55.3504 62.6304 49.7616 69.9328 49.1008 76.9888 70.6496 60.3792 51.8448 68.4656 67.6704 59.0464 53.6816 69.048 51.632 65.8224 66.9648 58.8784 71.6688 71.2544 60.8272 66.696 67.7376 60.6144 59.5392 70.56 63.3024 60.9728 55.8096 65.9792 64.7696 79.688 59.9872 72.2512 65.8784 65.52 77.9632 79.2624 66.9872 51.9568 66.7632 69.3728 73.1696 62.3616 67.1552 71.8256 75.4768 74.536 85.176 62.776 75.3312 72.4976 71.2544 64.3552 84.1568 50.8928 73.7296 59.5168 58.408 58.8336 63.2688 59.584 57.736 62.4288 67.9392 59.2816 69.2832 64.1872 64.9264 82.4992 72.296 65.1952 76.2048 77.2128 55.6304 65.912 64.792 68.0848 60.928 73.4608 55.4736 64.4448 74.3344 69.5968 65.3072 76.2496 64.0528 67.704 72.8 51.8224 52.7072 58.3184 72.2176 67.9504 61.88 56.224 60.0432 63.3696 53.0992 64.736 76.2944 60.3344 65.5088 60.6032 56.336 66.0128 62.5856 60.7936 82.7344 74.48 64.3216 63.5712 72.2512 67.3008 60.9056 62.4736 66.2032 53.8272 64.8368 49.1232 60.0656 60.4016 53.424 67.7712 50.8816 48.4176 74.2784 52.4832 64.2656 63.8064 67.368 56.056 60.48 64.12 64.7024 51.8336 58.072 74.2112 57.6352 64.456 74.7824 68.6112 82.2976 71.5456 73.6736 56.8064 71.4672 67.312 73.2144 82.6 77.672 64.3552 72.1728 69.8544 79.5424 65.9568 66.696 61.88 51.9904 68.4656 67.816 49.056 55.0032
58.4706 52.554 54.378 50.3994 58.8126 58.1856 63.3498 68.1378 59.451 55.9512 61.1838 68.742 82.3878 73.0626 72.39 70.6002 75.8442 73.7808 92.1462 77.2122 80.4954 65.9718 60.5796 72.903 67.0662 57.114 55.8714 60.249 65.5158 64.2732 56.886 44.9502 66.462 54.3552 52.9074 59.4624 64.3074 60.6138 68.5824 65.3904 56.2704 48.7578 54.4692 54.834 53.8308 66.5532 81.225 76.3002 84.0978 84.531 70.1784 68.0808 70.1214 61.617 51.8814 69.7338 63.2814 65.1624 66.7242 54.6972 58.1058 50.388 64.0908 80.1078 69.8934 51.9384 74.7954 62.6202 78.1584 51.471 56.5212 68.6508 64.2162 77.0982 75.0804 68.4684 64.353 67.2714 67.0776 63.2928 68.2518 63.9084 80.1306 77.0754 66.0516 57.8892 75.3996 64.8888 67.4766 54.036 76.2774 75.8442 56.8176 57.7182 71.364 81.6582 73.2108 61.7196 69.8934 57.8322 57.7068 58.0488 50.6388 63.4182 72.6066 70.7484 74.1798 67.659 69.5514 66.12 51.1632 63.7032 68.9814 58.368 64.2162 62.1072 74.8524 73.6554 54.492 54.0246 57.8892 49.191 57.1482 58.2996 54.8568 71.7744 63.9996 58.14 64.5126 75.126 60.5682 78.0216 52.2804 72.8802 66.0174 59.8842 63.8628 63.8856 51.2202 61.617 68.2176 56.316 74.7954 66.5532 73.0968 62.6772 70.7712 53.3976 73.9176 55.5066 67.1574 59.679 61.3206 63.6234 71.877 45.3606 54.7656 52.5654 67.3512 57.2622 54.8682 49.9662 59.5308 65.0484 60.1692 52.9986 57.8664 57.0456 63.27 61.2066 69.6654 64.809 54.8568 66.9864 55.461 66.633 66.804 62.6088 86.982 87.9168 59.4396 60.8646 79.3326 69.9618 78.2952 75.24 68.9586 86.9592 66.5076 59.4282 51.7332 68.115 53.7168 63.1218 66.3024 60.8646 59.3028 47.2416 61.4574 57.9804
46.6784 49.3696 52.9424 52.1536 49.3812 61.8628 52.7336 69.1708 66.5608 68.5792 68.5444 72.0128 62.6864 65.076 81.838 69.484 75.4116 70.8296 75.0984 55.5872 64.438 83.2532 54.0212 85.9444 44.9616 51.8984 56.9328 51.0168 63.162 48.546 53.418 50.46 53.6732 45.9012 45.6924 53.9168 59.1948 54.636 61.828 50.4252 63.7884 67.454 64.1364 67.6164 68.0108 59.1252 80.4808 58.3016 64.7396 61.2016 56.2716 55.4132 54.7172 69.8784 58.1856 58.5916 63.6028 78.184 61.0044 61.8976 64.8092 61.9208 50.1004 71.6184 52.5944 69.9944 61.1668 81.896 71.0616 63.51 80.2836 65.9692 67.744 52.9308 76.792 67.686 67.048 67.1176 60.9 63.6608 64.728 63.9624 65.3892 56.1904 69.716 60.5636 72.0244 66.004 67.7208 49.0332 72.1172 72.732 46.6552 64.554 67.3612 68.8808 65.0296 60.9348 56.4688 65.7952 71.1892 65.8184 67.0828 66.7696 76.85 66.6768 55.4364 66.3984 77.0008 77.4648 70.3308 59.16 50.8312 69.02 58.4408 52.1768 76.8036 75.2492 63.5332 72.0128 72.1984 79.8196 68.6256 72.7088 54.1604 57.3156 83.114 65.0876 69.7624 74.1472 59.5544 56.144 47.0148 61.8512 64.0088 58.7076 70.9456 68.846 63.8928 56.6892 65.7952 77.2096 75.6436 66.5144 70.644 66.5956 66.7 59.7516 67.2684 67.5816 62.9184 67.4424 60.5984 59.0672 59.914 60.03 73.3816 55.1116 59.392 58.5336 66.5376 54.694 70.7252 53.2324 64.032 49.0912 58.3596 56.0048 64.3104 56.8748 61.538 63.9624 61.0392 58.4176 70.7136 75.8292 69.2636 63.9392 71.3516 62.6052 78.3348 74.2632 82.4644 68.904 83.4504 75.5856 73.9964 73.2076 69.2984 62.872 69.1128 62.7444 58.4408 63.8928 50.0424 44.9268 52.49 59.682 48.9404 58.6728
45.8784 53.1118 54.0322 53.9024 49.5482 60.0148 57.0766 64.782 76.9596 67.4252 69.4784 79.8742 69.1244 69.0536 73.1246 61.5134 68.5462 69.9858 69.2424 86.1518 72.039 62.2804 78.0098 63.5784 66.139 63.4368 51.0468 59.3186 44.5096 56.2978 64.074 50.1382 56.876 60.9942 51.507 59.7552 47.6956 65.7732 45.6188 62.0916 52.8994 56.7816 40.0138 48.6868 57.0766 62.3748 58.587 68.7114 58.1976 49.7134 72.7352 75.6144 66.3868 66.2334 58.2094 68.6642 74.7884 65.018 74.2338 60.5222 71.508 69.1598 55.8612 60.77 80.8536 58.4218 65.7496 76.4168 65.2304 65.195 59.6254 59.059 66.8352 69.856 72.747 64.0622 58.6578 58.056 46.315 69.7026 68.676 66.139 64.0976 69.7734 75.6616 75.579 67.5432 58.9764 79.473 48.2738 76.228 71.7086 79.4612 89.621 71.4254 67.4252 73.3842 57.9026 71.8738 57.7964 50.7872 71.6024 80.3816 50.1972 58.6814 55.8376 83.4024 64.0504 64.6758 70.977 58.4572 62.7642 58.5044 68.0624 68.6406 76.287 70.0566 61.36 77.113 67.4252 83.7446 63.2834 71.862 53.3006 59.9912 65.195 56.9822 57.9144 66.2216 59.5782 76.8652 66.3278 47.9906 49.4302 64.4516 60.7464 79.4848 81.4436 71.803 70.859 68.0388 50.091 78.7886 73.9034 59.1652 75.2486 70.4342 65.549 73.6084 70.1274 79.6382 77.3962 82.1044 60.534 59.826 50.4686 61.1476 63.7672 56.1562 59.3894 48.911 51.7312 62.4692 55.7904 53.1826 51.9318 47.5304 42.7042 56.0618 62.8468 55.8376 59.236 64.5578 54.1974 63.543 66.0446 60.888 75.1542 59.6726 65.0416 78.588 75.3312 73.8444 75.2132 76.0392 74.3518 81.4908 62.3158 61.1122 72.275 61.3128 63.4604 70.2808 66.8234 60.1446 60.9234 51.9436 50.799 58.4572 45.0406
51.552 54.612 54.648 39.42 50.856 51.804 56.544 65.76 69.408 69.78 74.004 75.612 78.84 67.944 64.872 68.544 101.196 81.324 81.168 79.404 76.812 66.624 62.82 65.184 52.092 60.204 58.692 57.444 58.848 67.236 61.704 54.096 55.476 65.868 71.964 56.472 60.9 46.14 57.516 52.092 56.532 52.908 59.724 59.244 56.952 60.696 64.296 65.832 81.924 70.296 76.404 64.716 62.148 66.288 55.548 57.3 56.7 74.556 69.936 67.356 64.68 70.548 59.148 58.728 53.58 69.42 55.26 78.84 59.328 51.3 78.9 65.784 72.336 72.984 76.776 62.736 58.224 61.632 64.044 60.024 65.472 80.544 64.524 60.072 58.32 73.68 62.58 78.096 72.84 74.592 53.592 71.76 52.284 57.864 74.94 68.568 65.808 69.492 57.336 61.428 46.776 62.652 63.936 55.644 79.932 67.56 59.292 61.116 78.852 63.216 59.232 56.112 70.332 58.968 56.7 71.4 71.988 62.64 50.868 62.028 55.764 57.84 60.048 73.464 74.904 76.2 75.42 54.324 58.752 71.028 70.26 83.448 82.692 62.928 81.648 58.512 65.076 67.128 68.988 67.236 74.328 62.316 65.412 50.484 76.692 61.536 73.464 77.088 77.1 61.38 80.58 59.844 55.008 66.732 70.872 67.548 54.156 54.18 57 55.08 61.848 42.768 57.468 57.852 62.484 43.824 58.176 53.7 55.668 70.848 50.304 52.704 70.2 51.12 55.74 71.916 69.672 61.512 79.752 71.664 81.648 71.988 65.184 72.396 80.4 79.368 75.492 81.72 74.976 65.832 66.168 69.936 60.912 57.672 45.648 54.108 54.456 53.556 56.904 56.472
46.1038 48.9952 55.8394 45.8964 55.571 68.3078 55.2294 44.53 63.7694 70.3086 69.3936 71.9312 81.1422 69.2106 76.0304 66.1484 85.705 70.2354 75.396 67.3928 60.1338 71.8702 73.8588 71.9678 58.8284 60.2924 54.1192 57.7426 66.49 52.4234 57.6816 53.4482 56.669 60.4876 51.545 74.6396 54.6316 50.325 46.4332 53.7288 63.1594 45.5426 67.3806 57.157 62.1834 60.6218 74.7128 63.4644 69.052 71.553 61.0122 65.453 64.477 64.8918 65.8312 61.9638 66.3802 62.22 70.5892 64.538 57.1936 54.2412 52.3014 62.6104 60.39 75.7986 62.891 67.7588 65.1602 67.2098 60.6828 57.6328 71.3212 65.0992 58.9016 65.2578 67.2952 60.4632 60.0118 60.8536 80.581 72.7486 67.7222 69.9914 52.0574 80.2882 64.6356 85.8514 58.5112 58.804 68.1614 70.1988 69.4424 73.993 65.0992 66.5144 63.6596 75.4692 72.6876 70.8454 75.6766 73.5416 71.309 70.8576 60.4998 62.3542 65.392 73.8222 74.5298 89.8164 58.5478 68.2956 62.0248 67.6368 69.6742 67.4172 49.3246 67.7588 76.6282 83.2284 73.3708 63.9768 66.6364 61.4636 88.938 61.2684 55.5588 77.409 78.4826 67.9418 79.2756 57.767 68.5152 60.2192 66.8804 60.0484 65.4408 55.3148 67.0024 47.6654 77.8238 69.1252 61.6832 45.3718 78.7876 60.2192 66.5388 65.5018 73.2 53.9362 71.3212 65.3066 66.734 52.6064 52.765 58.4746 66.0264 57.0106 53.9118 60.9268 66.1362 49.0562 60.1582 56.2176 57.4376 54.9488 54.534 73.9442 53.7288 52.8138 57.218 62.7202 51.8744 55.327 58.0476 55.2294 60.4266 59.3408 70.4672 69.8084 70.3818 79.056 70.9796 79.6172 74.5542 85.3268 69.6132 66.4046 72.4558 66.8682 68.686 76.3232 55.4734 63.5376 50.1786 57.9012 57.5474 56.0468 51.7524 50.569
44.268 52.7868 49.538 46.2892 65.0008 52.7248 61.1568 56.4448 62.5208 66.4764 73.532 55.8744 66.6748 76.8428 77.7852 74.2884 73.5072 87.5316 68.758 83.0552 61.8388 66.03 69.2292 51.7452 55.924 68.5968 51.7948 57.1764 52.8736 58.2304 56.9408 58.9992 61.8264 54.8948 57.7468 61.4296 55.5024 53.878 66.6252 49.414 52.0428 50.8524 59.768 63.3144 56.2216 60.9212 61.1568 58.776 66.2284 57.102 50.1084 58.5528 54.7212 66.2408 64.046 63.2276 63.0168 54.3988 64.9636 49.3024 70.4196 65.9308 67.766 53.6548 68.8944 58.7884 63.7484 76.9048 69.192 61.8264 63.9592 74.958 67.3072 70.3204 59.4704 66.7864 47.988 66.6004 50.158 63.8476 56.6308 62.5456 51.1004 67.456 64.7404 70.9528 82.6956 60.0532 62.5208 64.4304 83.6008 73.718 80.5876 55.676 63.5624 61.0204 63.1036 59.086 53.8656 53.4812 71.4984 76.8056 51.8196 59.7804 63.4632 59.4828 64.7156 75.516 74.8216 67.642 67.5552 64.914 73.9164 59.4084 57.1764 60.698 66.526 68.0512 74.4868 48.2484 49.1164 54.7832 52.2784 64.542 73.6064 62.124 69.688 59.2596 55.676 61.1568 67.9396 70.5436 75.6648 55.7256 58.528 71.5976 56.8292 75.7764 69.8988 62.8308 58.032 69.316 54.4856 75.6152 61.7148 78.1944 62.1364 60.2144 60.9088 61.8264 69.8988 53.2704 63.178 84.878 56.1968 56.3828 62.7564 52.0552 57.4864 57.1144 59.086 53.01 58.9124 47.8144 53.8532 52.2908 58.962 53.6052 51.4848 63.7112 57.4864 77.0288 60.9832 56.6804 61.628 48.67 72.8376 61.6776 76.7684 77.6116 77.7356 72.354 75.826 90.8052 66.5756 68.1504 83.2536 72.8996 66.7244 66.898 72.0688 76.8676 63.116 58.1436 67.0716 55.6016 54.2252 55.3784 42.6312 55.7628
53.0334 41.1768 50.652 53.802 52.6806 63.2268 65.583 69.741 47.7792 70.5474 66.5784 69.2874 66.528 65.6712 66.5532 79.2414 71.946 70.9128 69.363 68.5692 74.2518 58.3758 54.7596 61.5006 58.1868 57.456 56.3472 53.5878 58.5018 59.3586 62.4834 47.7792 48.3336 56.2212 49.077 65.268 55.3644 59.1822 55.6038 58.6908 47.1366 64.2096 55.5408 50.4252 70.5726 54.6966 54.621 63.2646 82.8324 63.126 66.5532 63.3402 72.6138 66.8556 69.993 57.8214 74.0124 65.4444 68.0526 67.1706 54.3438 72.9288 64.5246 60.4422 63.756 43.659 56.826 61.1982 69.8166 65.4948 71.0766 62.559 66.0114 60.9714 58.2498 61.3746 55.9692 63.7434 58.8672 68.6196 58.3002 56.7756 64.953 64.764 61.0848 62.0046 63.5166 83.3238 66.6288 70.9758 63.9954 60.3792 66.0618 69.048 61.1856 71.316 61.74 47.0106 60.1146 78.6114 76.4064 61.7274 59.3082 64.827 66.5532 57.9474 55.9692 62.5212 73.5336 65.457 69.8544 74.2392 66.9312 60.3414 61.236 69.3252 70.5726 66.2004 56.1834 58.5144 60.8076 68.0274 63.7182 72.387 58.4262 69.2748 80.8668 64.4238 57.4686 62.1558 77.0742 68.5062 54.0918 62.0928 70.245 69.2244 65.268 67.032 48.5604 55.944 58.6278 69.4386 70.8372 64.9656 60.2154 66.2886 67.977 54.1044 72.8658 55.4274 68.0526 76.3686 56.3472 66.8556 61.6896 71.379 63.7812 59.5854 52.0506 54.2934 51.5214 50.589 45.8262 60.3414 55.1628 52.3152 59.4342 49.4676 64.1718 61.1604 53.7768 46.4184 59.7492 58.9806 64.701 65.7846 56.1078 58.8294 66.2256 71.5302 65.268 65.3562 65.3688 75.5874 76.23 67.1202 77.4396 74.2014 60.4674 70.5726 64.0584 59.3712 65.6082 55.6542 50.3874 52.1262 44.1378 65.9988 59.1444 47.6406
52.1856 36.4672 47.232 54.8608 46.5152 46.5152 59.5456 59.0592 72.7552 57.408 61.248 64.64 57.1648 75.6224 67.776 70.4256 67.5968 72.9344 65.9712 87.0528 59.4176 74.432 70.1824 60.3648 58.6624 59.6608 51.7504 55.5392 57.8176 65.2544 58.7776 60.4288 65.2544 60.7104 55.1296 50.7008 67.3664 61.0048 55.9104 58.496 63.0784 53.12 54.2848 66.1248 57.6256 61.5424 54.0288 51.8656 50.4576 57.8688 62.5408 68.8 59.3792 76.224 53.5424 53.9392 67.52 67.392 58.688 58.2912 57.3568 53.9264 62.144 73.2672 60.3648 67.6224 74.5728 68.3904 63.2064 69.7728 62.9888 67.0976 66.0096 75.4304 57.6768 81.8816 67.5328 72.4864 60.352 76.4288 57.4976 57.0496 64.64 51.6992 75.008 75.3024 72.7424 69.44 59.2512 53.3248 80.3072 57.28 67.9808 58.0096 65.4592 69.2096 46.5536 60.2368 60.2624 72.9472 67.648 53.7344 62.08 62.9632 63.1936 62.4128 58.9184 63.232 63.4112 55.4752 60.0704 74.2016 60.6976 58.6368 73.1904 56.448 66.7904 67.264 56.192 70.08 78.464 62.016 69.0816 61.4528 72.9344 69.2736 61.5936 57.8176 49.3952 80.832 69.9648 68.3008 63.7056 67.2768 80.4608 65.6512 66.2144 67.6352 62.4384 61.5808 59.072 63.7184 63.7952 75.0208 45.3376 73.6512 63.5776 71.9744 67.5968 80.064 78.5024 70.6304 62.8736 64.1792 59.5456 57.8816 68.032 57.1776 48.9088 61.4784 45.76 59.6864 46.5152 54.1824 44.8384 67.3664 48.384 56.2688 48.9856 65.3056 48.9728 58.1888 55.0272 54.7712 58.4704 62.6048 56.192 59.392 75.4176 68.3776 77.5424 79.3088 88.064 69.3248 82.8288 81.28 75.84 81.1904 67.5584 71.5136 75.0464 63.8336 61.7728 60.8256 67.0848 57.5104 52.3264 45.76 43.712 51.6608
52.013 48.854 52.104 61.295 59.852 52.988 60.047 67.145 57.421 53.612 63.011 75.452 63.128 87.763 66.534 60.697 70.135 87.49 87.763 60.008 61.646 63.531 55.497 67.223 67.366 43.524 60.684 56.329 54.769 50.388 46.956 47.476 60.762 60.775 67.444 63.804 45.734 52.377 58.344 57.07 62.426 68.77 61.139 61.685 52.624 59.748 72.709 57.304 61.295 55.172 59.189 51.259 72.098 55.289 68.614 65.546 71.253 68.419 65.286 49.452 68.744 64.584 56.732 52.221 67.951 65.364 65.312 63.882 66.209 72.904 67.457 69.498 54.886 84.214 61.828 70.135 72.02 61.009 72.475 68.978 67.002 73.086 64.272 69.056 61.854 51.454 49.751 62.92 55.172 69.771 72.28 66.287 68.159 67.132 75.504 61.204 66.443 60.424 84.539 63.349 67.665 73.983 61.399 66.001 77.662 58.201 65.273 61.685 65.104 64.272 56.888 50.375 68.822 62.127 56.797 68.263 61.62 65.585 80.795 55.003 72.579 65.546 74.633 63.401 62.439 67.743 55.224 62.66 63.687 75.504 60.45 70.486 76.96 57.2 64.181 56.212 58.929 64.805 73.021 60.32 64.857 68.614 70.239 68.51 75.751 69.186 54.431 52.806 76.557 60.749 65.975 77.506 68.458 72.761 61.464 55.458 64.051 50.167 60.034 51.428 60.008 47.463 55.055 59.696 52.559 55.328 52.702 67.249 49.361 49.738 49.946 52.884 58.981 63.414 56.94 52.988 65.884 77.688 73.957 85.592 74.035 64.454 72.969 73.359 77.727 79.586 63.661 50.271 69.381 63.7 55.081 59.696 57.876 58.097 52.429 54.249 48.711 53.287 52.871 49.478
52.6152 56.7072 62.436 52.8924 57.156 56.1264 58.1724 47.4276 62.5548 69.5376 75.5568 71.478 54.5028 67.0692 87.6612 71.9004 73.2732 75.0684 68.6136 73.062 57.3144 56.694 76.2828 64.5876 67.7292 48.6552 57.7632 57.2616 64.5216 56.958 48.642 52.0608 55.1364 64.944 58.9908 56.3112 48.8532 56.232 56.0868 49.4736 56.694 53.9748 66.9768 53.3808 60.6012 61.6176 61.71 57.8292 57.156 67.9272 62.634 66.6336 73.8672 66.594 69.1152 61.5252 84.0708 72.996 67.0428 57.09 59.2944 60.4956 81.4044 75.9924 67.4916 58.4892 58.5288 53.6052 63.8088 50.1204 66.2112 74.4876 66.4488 66.066 60.8916 63.9672 55.9548 73.8804 78.9756 66.9108 64.3632 51.4536 69.6564 76.7712 63.426 68.3232 78.3552 60.8784 74.778 74.0784 67.9932 67.4256 79.3188 42.108 75.5304 75.1872 56.496 71.9532 79.5036 62.4492 77.4312 55.2288 62.1456 62.2908 91.41 65.9736 63.3732 60.324 69.4716 70.3032 67.3464 66.8052 63.5052 60.9708 62.1984 69.2604 90.9744 55.5456 69.6432 63.7428 62.4888 69.0756 75.438 70.8576 72.864 76.89 67.848 64.8648 66.0924 58.7532 72.9828 62.0796 69.3132 70.4352 75.8472 67.0692 78.54 62.832 70.884 67.7688 56.43 62.898 61.512 65.1948 65.3664 70.7916 62.4624 71.9928 62.9508 56.1 63.5184 44.154 70.0788 72.6132 58.7004 62.1588 63.4392 58.0932 59.1756 62.4756 61.248 51.3348 49.962 55.9416 56.4828 54.7668 56.3508 42.9924 51.6912 52.14 58.6344 46.5564 45.5796 56.4036 53.394 64.1388 66.8052 51.9156 57.1296 74.4876 74.7648 76.3488 79.002 80.52 83.1732 66.1452 76.7712 62.832 56.2848 75.2928 66.4884 59.5716 61.1556 54.12 59.4792 49.1568 47.5596 55.0704 45.3156 43.3884
46.8732 52.1796 51.5364 53.7474 44.6086 56.414 57.2582 51.7776 54.5648 55.2482 52.6888 65.3384 74.169 72.8424 65.5126 52.9702 71.6632 82.5574 61.4658 63.4356 67.7236 58.3838 64.253 62.0018 50.3706 61.2514 64.5612 69.1708 54.9668 56.6686 46.6722 43.483 44.4478 47.1948 52.997 53.4526 56.7892 40.3876 53.5464 42.2368 61.975 52.3404 66.9598 59.2012 65.4456 61.7338 64.3334 74.1288 58.7456 59.161 75.3884 73.2176 74.571 65.9414 64.7756 73.3114 47.6772 65.9816 65.124 60.166 73.2176 60.4742 69.9882 53.1042 71.1004 64.8828 69.68 69.2646 64.5746 72.0384 59.2816 68.3266 58.4106 60.3804 60.2866 60.2464 68.876 66.7052 68.0988 65.1776 81.8606 74.8256 65.794 56.1192 71.6766 69.6398 65.6198 66.263 55.9986 65.0168 67.201 58.223 73.3114 76.38 73.3784 72.2394 69.077 66.1156 61.9616 55.007 67.6298 54.069 56.7222 70.2696 62.511 78.725 54.069 65.0302 81.0834 51.9652 77.2242 69.3584 75.7368 65.0838 77.4922 69.9882 64.5746 72.2126 66.0084 84.9962 61.6132 68.9564 62.8728 69.1306 63.6098 57.352 68.2328 66.5176 69.8944 75.107 67.0402 51.0004 63.0202 65.2446 74.2896 68.1256 58.893 73.8876 58.9734 73.2444 58.6384 69.4388 58.7992 48.1596 73.767 74.571 63.851 67.0804 64.5478 70.4706 68.273 65.459 54.2164 69.9346 61.3452 44.0324 46.3774 50.7458 58.1694 66.263 49.5264 61.1308 60.8226 53.2516 59.362 69.4656 65.5662 50.0222 67.6968 59.9516 53.5464 52.3136 48.977 64.3066 63.0872 60.6216 59.228 70.2696 62.9934 66.2496 72.494 69.9882 62.9264 68.2328 92.1652 73.3784 68.876 68.1658 64.9498 54.2968 52.6486 57.9416 61.1844 61.6132 49.7274 48.91 43.1212 59.5496 49.9418 54.27
52.0608 54.5496 51.5304 50.1024 60.3568 52.3464 64.804 51.3536 64.0696 57.4872 68.7344 64.6272 65.2528 68.9656 67.4832 71.9032 71.944 77.9688 70.8016 68.408 72.9096 81.3824 55.2704 66.4224 61.3904 56.7392 54.1824 49.1232 49.2728 51.5168 62.1656 63.6616 52.8904 63.6208 57.6776 55.9232 49.504 65.1576 55.7192 47.8176 68.2992 61.1864 60.6016 68.204 56.0456 64.6408 66.2048 64.8448 59.0784 61.1456 55.1616 58.2216 81.2872 76.6632 53.924 61.4856 65.3752 61.7984 58.4664 72.9368 57.8 56.3992 66.98 68.9792 72.3112 72.2296 59.5408 59.4184 64.3008 57.8408 80.376 62.7232 74.1608 62.2608 63.0904 59.704 72.5968 65.6472 68.6528 59.5272 53.4072 51.884 58.208 76.6632 73.8208 46.0496 67.5648 79.2336 74.3512 71.0192 82.7696 58.1808 81.8992 47.9264 60.2344 47.9944 70.4616 53.1352 67.2928 73.7392 65.6336 64.2328 65.416 63.7432 58.2896 69.36 66.844 63.5664 56.2904 71.0872 63.2264 68.3672 65.3888 66.096 54.3592 61.4856 63.4984 72.7056 70.0536 66.708 79.288 58.956 72.0664 58.8744 73.6712 76.0648 60.4656 65.7424 71.2368 74.1064 70.72 56.3584 63.2536 76.296 74.9632 49.232 61.6216 47.464 66.6536 64.872 69.4824 65.28 69.972 67.3608 76.4456 66.3544 70.8152 70.6928 61.8664 72.1752 57.2832 59.9352 54.4 62.9 63.2536 63.3216 61.132 62.084 59.772 50.3472 55.1752 56.644 57.6368 58.3576 58.4256 58.8744 59.5408 53.7608 57.1472 42.8264 58.4528 54.9984 62.56 59.6904 53.312 69.428 67.8504 72.8824 68.8024 71.7944 62.9952 53.9376 85.1768 78.8936 78.4992 72.9912 62.832 73.916 60.2888 67.184 46.7704 56.0048 61.1456 60.384 64.9264 51.408 61.1184 43.6288 52.7816 50.32
41.9934 54.579 57.1458 47.127 51.6534 47.0166 58.3188 58.1394 57.9738 66.6264 63.0522 70.932 70.5732 73.0158 69.483 67.3716 53.9304 76.3554 77.2938 79.074 69.0138 64.6254 69.8556 59.5884 56.8284 64.1838 44.1048 62.1138 50.646 52.371 53.7648 59.34 51.5016 54.5514 63.2454 54.924 48.507 54.372 60.2784 60.0162 58.9812 58.1118 58.0014 50.9772 56.373 60.3198 48.2034 48.093 63.2178 61.548 55.0068 71.5668 51.6258 68.1858 54.0408 67.3578 62.169 61.7688 71.8152 53.199 57.1044 65.1774 69.3726 64.0734 72.6984 67.1646 74.796 63.4248 53.613 64.8186 61.617 73.8438 69.828 66.792 60.5682 65.9778 58.029 74.9892 72.381 60.168 65.9364 70.1592 55.6554 66.4884 62.9832 63.1212 66.6816 65.1912 56.097 73.6782 62.9142 71.5806 53.13 63.4938 69.3174 68.7654 76.9626 62.3346 73.1952 82.2618 58.4844 58.6776 60.1266 53.4474 67.8546 68.7516 59.8782 61.1616 69.7176 65.3844 72.3396 74.2302 62.8866 45.2364 69.3312 67.413 55.9314 62.0172 79.1982 79.1154 85.4358 79.0188 61.9896 73.3056 67.2336 56.7594 70.9044 71.1114 59.0916 61.0926 64.2528 60.099 58.4982 62.9418 54.2202 55.683 73.14 55.5312 76.4244 57.1182 58.8846 61.1616 69.0414 70.6974 69.0276 60.513 71.76 68.103 68.931 61.341 68.8068 61.3824 49.2246 53.337 55.3242 64.0596 59.7402 60.7752 48.921 52.026 57.2838 61.4376 53.1852 60.099 59.3952 50.4528 62.8866 50.9772 58.5258 71.0838 51.1152 58.6224 58.3602 59.6712 62.9694 59.2986 71.0148 65.2878 67.2336 66.1848 80.7714 69.6762 71.0286 65.619 57.408 71.8428 88.4442 66.3918 66.654 62.7762 65.2464 62.2656 67.068 59.3538 56.994 53.406 55.9728 45.1536 53.682 46.644
47.964 56.56 48.342 49.336 64.806 47.054 57.68 60.438 50.4 64.54 73.878 63.112 66.122 65.156 67.396 84.574 65.226 68.936 81.018 68.026 80.22 66.458 73.85 55.72 54.81 62.636 60.032 54.488 48.062 51.8 55.034 44.002 47.152 50.414 48.062 52.57 55.538 55.188 53.592 59.934 60.284 61.474 52.724 58.212 59.122 48.944 65.366 65.996 54.32 63.35 57.302 60.256 53.102 57.554 59.332 52.836 77.042 73.78 74.858 73.29 59.024 60.69 60.956 64.064 67.704 62.202 67.97 63.798 58.954 66.038 56.042 54.67 66.304 67.074 66.262 61.796 73.794 52.416 56.756 65.184 75.138 56.49 65.954 71.512 74.13 57.106 70.014 54.054 74.494 59.794 55.734 67.354 82.866 69.314 67.172 63.966 56.434 66.346 70.574 53.466 58.352 58.996 65.786 75.194 84.784 58.954 54.222 61.726 61.726 67.438 54.698 78.498 63.742 74.298 66.066 43.736 67.452 66.962 70.91 57.092 83.02 64.932 66.122 67.704 74.9 57.778 70.294 68.614 66.234 65.422 66.626 62.09 70.644 54.852 78.232 54.39 67.228 61.32 57.806 58.31 60.55 60.242 68.796 66.29 75.222 67.27 64.092 65.506 67.424 59.234 66.626 68.418 64.904 76.076 65.94 54.25 63.644 59.444 59.374 64.652 60.228 56.7 59.15 60.536 56.308 63.098 48.202 60.494 52.43 48.524 58.87 38.822 58.702 46.564 64.218 66.584 70.588 59.976 74.438 72.086 69.342 77.742 65.436 69.622 82.6 75.082 72.212 85.708 73.752 50.918 59.976 56.35 60.172 63.728 62.132 62.034 38.276 51.506 55.524 53.634
53.392 46.718 60.4636 52.256 47.8966 56.6864 51.5318 58.8022 62.9628 64.7236 61.7558 65.4194 65.4904 84.206 77.7876 65.8312 72.8602 60.6198 71.0426 73.8542 66.2572 65.7602 65.4762 57.8082 62.0398 58.2058 61.7558 54.812 53.0796 67.3506 57.5668 65.1354 58.3478 55.8912 52.8382 51.83 66.9104 41.677 56.7006 50.5094 64.3828 53.8038 57.6662 58.0212 53.5482 65.5188 68.657 62.409 61.983 81.0252 69.935 59.285 71.568 57.2544 74.5784 73.485 74.3228 61.3014 58.575 56.232 60.3784 60.0376 82.8428 57.155 76.5806 72.5904 70.645 63.5734 59.5832 72.9596 51.3614 58.0212 54.0168 77.3474 76.4386 75.6576 70.4178 59.2424 71.426 69.154 62.196 61.5144 64.6526 65.8028 86.1088 70.2616 66.3424 62.5652 75.0896 70.8012 60.7334 68.3304 67.1944 67.3932 72.6046 64.6242 64.823 68.4298 60.2932 62.6078 69.7362 63.048 49.8846 62.551 62.2386 56.9704 65.3768 72.6046 64.61 74.9476 65.4336 54.4854 62.4374 63.0622 75.8706 59.3986 67.7766 74.2376 70.9148 62.3522 73.4992 61.6138 75.6292 64.5532 61.06 65.7886 58.5466 67.6204 58.504 65.6182 59.1998 65.178 64.8372 70.1622 64.6668 56.7006 61.344 53.96 59.4554 68.1032 70.716 67.4074 73.272 60.5772 59.1998 71.7242 73.4424 67.237 63.5024 67.9754 61.0032 74.4222 56.2178 59.6258 56.1894 63.5734 55.4084 41.3362 53.2642 54.7552 68.2168 60.3642 58.3052 45.2838 52.4974 63.3604 54.3718 60.4636 63.545 57.1976 63.261 57.0982 54.3718 61.1452 52.4832 56.7574 61.2588 85.1858 77.177 63.119 69.864 82.8996 70.0344 78.2136 72.7608 65.5046 64.1982 62.2102 74.5642 72.2354 66.9814 54.6274 58.149 59.5406 54.599 58.5182 52.398 59.1998 47.5132 49.9556
59.184 59.2416 41.3424 50.8896 61.5024 59.4576 59.2272 62.7264 61.4016 67.0032 57.456 63 76.752 74.6208 69.9696 57.0384 87.5232 67.2912 76.752 71.3376 67.3344 68.0832 77.2848 66.9024 65.7648 56.2608 57.9024 44.64 51.7392 53.2512 51.3504 57.9456 63.3168 60.3216 56.2176 65.3184 59.4288 48.2256 57.6144 50.832 62.712 58.1184 59.0112 48.1968 62.6688 63.2304 61.4304 77.9184 57.7872 66.1104 69.0912 54.8064 76.6944 65.6064 74.3328 72.9648 62.7696 61.704 60.2784 59.7312 70.9344 54.3024 62.4816 56.88 69.1776 61.9776 75.4272 67.392 67.0752 76.9968 63.2304 64.944 62.6256 81.9792 65.4624 59.2848 59.7168 75.528 76.7808 60.0048 71.8848 69.5952 61.1424 72.0432 74.88 70.128 59.76 65.304 54.0288 73.9872 70.5888 80.424 70.7184 54.6336 59.8176 62.496 63.4032 54.0288 71.6976 60.8112 72.9792 68.1264 44.1936 70.6752 68.2704 75.4992 60.912 63.4176 59.832 75.168 66.7584 72.0144 59.8608 69.9552 77.0832 67.5792 78.1632 66.672 64.6992 73.9296 64.7424 62.2944 69.4368 62.0784 66.0096 60.9408 57.6432 66.1536 54.5184 56.6352 63.7776 59.4864 68.8608 67.2768 63.1872 68.5152 64.1088 59.184 47.7072 56.7216 70.2144 70.2432 63 62.3376 47.8368 77.5584 72.7056 73.5984 63.7776 74.6784 67.8528 73.5696 69.3216 59.7456 51.9552 63.8064 62.2512 60.4224 48.3696 71.4096 57.4128 59.4 54.3024 65.4624 51.192 54.72 57.456 51.4512 53.6976 59.2848 61.6032 56.4192 56.088 61.3152 57.4992 65.7936 59.904 74.7936 67.1904 74.9376 74.016 69.1344 81.3312 69.3072 73.1808 56.952 67.68 88.4592 71.0784 54.8928 51.5664 69.4944 59.4576 65.8368 53.6112 50.2704 64.5264 54.8928 49.3344 55.872
45.8294 52.2096 57.3196 49.2166 49.6692 72.27 65.5102 51.2314 61.4076 51.0708 59.349 78.402 70.7662 86.505 67.1746 69.4814 87.5416 61.3784 84.1836 72.489 64.7656 68.5762 70.4012 65.8314 62.1084 66.5906 66.6928 60.9258 59.4512 64.7072 54.239 58.984 60.0352 54.9398 45.6834 45.8732 57.5678 58.181 56.6188 63.8458 59.8162 63.9772 54.3558 63.8312 70.4158 60.6192 70.2114 51.8738 64.824 70.1968 60.6922 64.6926 78.4166 58.2832 66.0942 66.2402 66.4008 63.4516 53.4798 69.4084 55.6844 56.7356 61.3054 57.0276 53.7572 64.8678 71.4378 57.451 66.5322 64.2546 59.6848 63.1742 58.5314 75.5696 69.715 68.3134 69.7004 72.0072 70.1092 56.6042 72.6788 71.321 66.1526 86.7094 71.1166 73.9344 71.2918 56.3706 86.3736 63.291 73.8322 75.8032 62.342 64.7656 68.0798 75.1462 62.0938 68.5032 77.599 72.1094 70.6494 68.2842 67.6418 69.7588 59.203 67.525 69.788 63.2034 76.7668 64.459 71.6276 77.7012 59.9914 64.4736 78.548 57.597 62.3128 55.5238 74.314 69.2624 73.6424 76.0952 57.8744 73.4526 86.4174 62.7654 80.6942 61.9332 72.4598 71.248 60.1812 82.8696 72.4014 62.2398 69.9194 63.6414 57.159 73.584 72.8102 58.7212 53.7134 69.1602 66.5468 64.9992 57.232 78.0662 68.9412 78.0808 63.3932 63.3056 64.1962 64.1524 65.3058 58.8526 50.37 44.5446 51.1438 54.7792 65.4226 51.6986 61.0426 58.3124 55.2318 60.7506 63.9042 59.6994 48.0194 59.1008 55.6844 48.2092 63.729 63.1742 53.2316 60.3126 63.5976 56.8816 65.262 60.7214 59.057 79.1466 55.4216 69.4668 73.9198 73.3212 71.8612 65.5978 61.1302 71.029 59.2176 66.138 62.8676 63.7874 67.9192 58.7796 66.7658 51.2168 66.43 53.9762 46.7054 62.1522
58.4304 49.7576 58.756 59.9104 57.2464 54.3456 66.526 68.8052 65.0312 65.2532 78.81 68.1984 69.116 61.7308 76.9156 83.0872 78.7508 73.8076 56.3436 72.6236 74.4292 60.7836 60.4876 60.5172 69.3084 55.4852 63.2256 64.1876 54.8932 54.6268 51.0452 57.7348 55.944 57.0096 62.7964 57.0244 60.976 59.5848 46.1464 61.1684 57.424 58.1196 56.1956 46.7088 72.1056 44.77 68.006 67.1624 62.7964 64.5724 69.9892 65.342 78.0256 59.7476 53.7536 59.422 57.6312 58.9632 74.8436 64.9276 58.534 58.904 72.5052 65.1052 66.8516 58.2676 61.8344 65.49 67.3548 65.5936 71.8836 65.268 68.8348 65.2236 70.7736 67.784 61.4644 68.08 58.238 81.2224 74.1628 67.414 77.4336 74.148 78.2476 60.68 62.4708 77.9072 60.2508 65.4456 74.0444 69.5452 67.6952 81.3704 74.3108 62.9888 56.8764 60.606 70.078 57.7792 66.5556 55.8404 79.3132 61.3904 70.2704 64.2024 64.454 69.6488 78.2032 70.9512 63.5364 59.4812 84.6412 76.2348 62.5448 76.0128 68.376 66.7924 80.0828 71.0548 66.7332 78.662 75.8352 90.5168 74.8288 70.5516 69.486 74.7992 80.2012 70.7588 74.6808 70.744 72.1944 72.1056 70.4776 64.7796 66.5112 57.8384 78.3364 70.9364 65.1644 83.99 68.5832 62.4856 70.004 69.042 65.3272 62.2488 64.1728 64.6316 80.1716 50.9712 66.5704 56.2992 56.7136 56.1216 71.2916 53.2948 51.8 67.8876 60.7688 56.8912 47.2416 57.9568 59.3628 57.7348 57.0984 56.8616 54.834 68.3464 64.454 51.6816 51.5928 60.4876 59.4516 63.7584 70.9808 72.5644 71.0548 75.9536 88.2672 80.216 73.3784 71.2472 91.5972 68.376 60.828 84.8188 82.5396 72.1352 71.928 63.0776 57.3056 52.7324 56.906 63.9508 51.8 47.0196 54.3604 55.2336
66.135 56.325 57.69 65.43 58.02 61.395 61.875 59.325 68.76 63.855 77.7 71.535 82.425 90.195 75.78 82.755 79.905 73.71 87.81 85.215 75.645 84.525 63.51 67.095 65.61 64.245 71.385 64.95 61.065 63.825 68.85 65.055 63.78 59.805 45.615 53.355 58.335 59.16 60.54 64.71 58.53 66.705 67.26 66.765 64.14 52.695 64.14 57.63 67.29 64.425 79.65 58.35 64.305 77.475 76.455 69.9 61.695 63.825 58.725 74.085 66.81 58.065 73.335 63.825 66.765 65.055 52.275 75.915 68.58 70.725 64.635 78.84 72.135 67.125 71.775 70.68 64.275 65.37 71.595 67.125 71.235 73.5 68.055 67.47 77.415 73.38 63.105 72.315 70.08 69.15 64.59 72.69 64.68 74.955 65.34 57.21 66.405 65.025 58.125 78.975 52.77 75.615 65.895 74.835 64.245 59.64 74.7 55.41 60.075 68.58 62.88 75.93 69.945 60.135 52.38 58.425 72.69 60.675 61.53 87.24 63.42 68.805 72.87 74.34 92.4 74.295 73.41 75.66 73.8 65.31 77.25 79.815 54.015 73.515 61.785 64.095 72.495 63.165 78.18 60.75 60.645 69.375 68.325 64.2 54.345 65.445 75.405 71.385 65.415 70.605 76.59 71.745 64.17 63.735 59.61 64.74 56.865 62.76 57.345 68.22 59.865 64.32 62.01 58.635 53.94 59.505 64.725 70.02 66.675 49.215 56.61 55.92 58.755 70.215 63.585 88.02 62.76 62.46 75.165 73.77 61.32 78.885 92.235 74.085 63.3 81.945 79.32 69.69 61.185 74.265 79.335 67.155 65.04 72.615 65.19 50.175 61.95 63.33 73.11 48.915
69.3424 56.544 59.5688 53.5344 55.0544 57.76 59.128 78.1736 66.1352 74.252 67.2904 76.1824 81.6696 91.352 81.9584 73.8568 85.196 74.3432 72.8536 75.2856 78.66 77.3072 81.244 88.0232 77.6568 77.8848 71.5312 67.488 66.196 75.316 71.8656 61.5296 59.0368 64.8128 62.4872 62.5024 66.9256 55.0392 75.1944 64.2504 60.9064 77.7176 66.1048 64.3416 59.0064 60.7088 64.6152 84.2992 47.8952 69.0232 62.092 71.2576 89.8016 77.2768 66.1352 71.972 69.0992 65.9376 65.816 81.092 63.7944 71.212 67.6552 73.3248 63.2776 66.1352 60.4808 58.6416 82.2472 63.0952 60.7696 77.4136 64.0072 72.4584 87.3088 71.6376 68.4152 64.524 72.2152 74.4952 68.5368 71.896 76.4104 83.7672 79.268 78.736 76 72.656 70.1024 69.4032 73.5832 83.9344 79.1768 66.1656 84.4056 75.3464 70.1176 66.5912 67.792 62.4112 71.3944 76.912 71.3184 84.3144 63.0648 61.0888 78.9336 54.4768 74.5864 69.768 75.7872 75.8784 83.068 75.9088 75.696 70.4672 67.3664 71.1208 67.6248 80.864 65.5424 58.6872 69.236 80.5296 80.636 67.108 69.8288 76.0152 65.1016 65.7704 85.7128 70.6648 75.7264 68.4304 65.5576 76.4104 73.0512 57.6384 62.7608 62.016 62.3504 77.6568 75.4528 74.8296 69.4488 70.0264 74.2672 74.6624 70.9384 76.4864 64.0984 77.0792 69.844 73.4616 63.4448 63.3536 70.5888 57.6384 72.2304 63.5968 63.916 65.0408 75.4832 60.1768 67.792 63.7032 54.036 62.1528 63.4296 67.7464 56.6504 82.84 55.2976 65.7096 67.8832 74.1912 61.7272 73.4768 67.9592 79.8456 85.0896 74.9664 81.1528 76.0456 105.108 94.7112 82.3992 79.5872 86.3056 87.02 79.7392 68.3392 69.0536 71.6072 53.5192 68.8864 67.3512 62.548 46.9224 47.5152
64.2488 68.3298 71.8256 63.1554 70.4704 72.534 69.6388 76.5226 92.4154 85.8242 93.9246 78.3552 95.8342 96.5888 92.9852 97.328 87.5336 93.6782 89.5356 81.7432 81.543 77.385 79.387 65.5886 76.6458 81.5892 67.0978 89.2122 66.9746 72.8882 58.0734 85.7626 73.0114 77 77.2926 74.921 73.3964 69.3 84.1918 63.5866 69.0998 70.9478 70.3934 65.1266 59.1052 85.5624 75.9682 61.138 69.8698 88.011 66.6204 93.6628 82.3746 78.3552 78.925 78.232 68.1296 80.6806 74.844 73.1192 83.622 84.1148 74.8748 75.6448 74.9056 72.611 67.9294 76.0606 83.4988 65.3422 80.4188 65.0496 79.6026 76.9076 59.6288 67.4366 86.471 83.237 79.002 78.8018 77 74.7054 55.3168 70.2856 67.0516 77.6468 82.1898 79.464 69.2692 74.3666 85.1774 84.8694 78.2782 72.3184 80.773 82.5132 61.0148 59.5518 71.148 66.8514 84.4536 66.759 74.305 64.7724 66.4356 84.3458 70.1932 69.3308 70.378 74.4436 63.602 80.1262 64.2642 69.6388 77.2464 77.4004 76.8152 89.243 81.1734 84.8232 62.3238 73.6736 75.3676 82.9906 67.0054 78.9712 70.2548 63.4634 66.4664 76.3532 76.1222 77.847 73.304 74.382 86.5018 89.166 66.4202 81.7278 78.3706 81.697 86.2862 85.1774 76.8922 68.4376 88.7348 75.2906 61.1072 85.7934 70.3164 76.9538 82.8982 90.7676 74.8286 80.1262 66.4818 77.4004 70.2548 90.475 82.5594 79.0328 72.38 65.4654 66.3432 73.4734 83.4526 64.8956 77.4466 68.7148 77.6314 65.9274 62.1698 63.4326 75.5832 63.9562 70.4704 76.076 86.856 80.8962 87.0408 88.858 97.713 93.3548 80.2956 93.17 75.5832 107.415 94.787 102.518 89.0736 71.687 92.1228 78.1242 62.1082 73.6428 75.614 74.5668 69.5002 75.0134 70.532 63.3864
64.662 61.6824 76.206 60.2316 68.3124 77.9688 81.666 80.9016 77.0328 84.24 79.1232 83.5224 101.65 102.898 102.086 87.5472 89.2476 102.383 89.3412 85.3632 92.4456 118.747 78.312 83.9124 83.7408 84.1464 78.39 87.204 79.794 73.6788 63.024 76.0656 72.072 71.916 74.2248 74.3808 76.83 72.6492 70.512 80.028 82.3368 63.7572 69.732 84.9264 87.6876 80.5428 76.206 81.978 72.8832 87.3288 76.4712 80.3556 93.3816 85.6128 93.4908 77.6568 72.696 89.5908 83.5224 84.8016 91.6968 81.4788 81.2136 75.2232 71.3232 77.5788 72.6024 72.5868 94.5672 78.2496 71.1828 80.2308 88.0932 77.3292 78.8268 72.5712 69.7632 74.7708 82.5396 66.4092 79.7628 77.1264 75.2232 68.3124 99.5436 89.1696 79.092 80.886 89.9028 72.6336 88.2492 88.9668 78.2808 84.7392 64.8492 78.4524 80.6208 84.5676 59.4984 74.4588 56.3784 89.8716 69.2796 88.2024 78.4836 77.7348 72.1032 82.0092 81.6192 73.398 74.9892 82.3056 83.694 79.482 70.0908 76.6116 62.9616 66.8148 73.866 87.0168 69.9036 83.9124 73.3044 79.17 79.9032 88.8108 91.9308 69.8256 84.1152 89.388 76.674 92.9916 80.2152 97.032 84.0528 94.0836 88.3428 75.7848 89.622 67.1268 81.8532 82.758 73.9284 87.5628 96.8916 83.3196 87.5316 71.9472 79.092 105.175 77.0328 85.7064 90.948 84.8016 75.0204 78.0312 70.5276 80.3868 78.9516 74.1312 61.1364 62.556 76.4088 79.9812 73.788 78 66.7524 79.2324 61.3704 69.2172 85.8468 83.07 73.242 78.7644 76.362 90.1056 83.46 91.9932 99.06 79.8564 107.562 98.748 97.188 99.9492 81.8532 93.912 92.6796 86.0652 70.8708 97.7028 73.8972 88.1244 62.634 82.0248 68.1252 88.4988 81.744 60.7776 75.5508 71.5416
51.745 69.283 55.5212 51.113 64.5746 59.566 67.3238 55.9004 82.792 68.9038 80.0586 71.9848 94.8948 77.578 59.724 87.4214 93.4412 82.0652 92.2404 73.4068 65.9018 85.9836 78.4628 69.8676 71.3054 72.2692 76.0138 55.0156 64.2112 74.6866 79.4108 73.2172 76.4088 63.4054 59.8662 75.8084 75.9822 66.4548 77.7834 80.6116 79.9322 82.16 72.1428 72.5536 66.7866 75.3818 83.4714 77.2778 78.5734 84.5142 88.7328 79.8374 79.79 72.0954 75.8874 89.4912 77.578 75.0816 82.1442 78.6682 94.2154 75.3502 67.7188 79.6478 86.4418 72.9486 83.977 93.615 70.9262 82.0178 67.5134 84.767 75.524 76.0138 81.8598 74.5602 90.06 77.183 81.4806 77.0566 76.8986 94.326 73.2804 80.7696 72.1744 66.5496 84.5774 69.7728 64.4482 73.9282 73.6438 85.4938 91.0238 89.8072 92.8408 77.6412 83.2976 86.584 69.7096 74.3074 79.079 69.994 83.345 56.8484 75.4292 79.5214 78.21 82.634 87.7058 72.3008 71.2106 67.94 93.3464 77.0408 73.549 69.6464 89.7282 80.3588 87.3582 76.6142 78.6682 77.7202 86.9474 82.5234 86.7894 67.5608 70.2468 82.4918 81.6386 81.7018 88.2114 76.393 83.5188 71.9848 78.1152 84.7038 82.8078 92.588 73.0276 72.0164 81.37 62.3626 87.8954 79.553 93.1252 77.262 97.1384 96.0166 90.5656 77.3884 82.4128 100.046 79.7268 57.5278 84.609 68.8564 67.4028 84.1982 75.682 80.7222 68.5562 62.1414 83.266 69.2198 71.179 73.0592 68.9196 74.1652 80.1218 63.1684 87.6584 61.2724 69.3146 68.3666 66.3758 65.491 82.2074 85.636 72.8222 75.4924 85.9046 81.7808 81.0698 71.6688 83.1238 84.0876 82.0494 90.4866 69.915 63.4844 70.7682 71.811 81.8756 67.94 76.5194 57.986 78.3838 63.7056 66.6918 61.6832
61.52 60.576 62.384 76.208 54.848 77.056 86.56 66.352 81.888 74.544 81.632 90.928 82.32 88.08 82.208 85.008 87.84 85.824 83.552 81.6 81.856 90.736 81.36 80.912 73.44 74.256 71.776 75.456 70.544 75.008 72.096 68.144 66.32 78.384 72.256 77.36 63.632 74.32 71.952 58.656 75.776 66.448 72 75.024 83.328 79.344 80.64 69.52 88.976 82.016 79.44 83.904 86.064 75.056 77.52 77.264 87.216 71.6 84.72 80.96 90.944 76.88 80.832 82.8 77.488 94.176 77.312 80.416 93.904 78.512 92.16 82.128 87.728 85.136 82.816 80.256 77.04 88.608 81.104 90.08 85.584 96.064 116.4 70.848 91.712 90.448 86.72 87.12 107.088 80.992 87.408 86.544 78 96.608 73.152 76.56 77.584 85.952 82.864 107.664 76.752 77.008 80.064 72.784 86.288 84.672 73.664 73.376 82.976 87.68 80.16 83.536 98.544 78.8 80.288 79.712 98.528 95.696 105.872 100.288 97.184 84.688 82.48 94.96 86.08 92.592 66.608 85.664 95.296 82.464 97.408 100.544 79.104 95.872 82.192 84.128 81.6 80 81.248 80.464 80.944 76.544 81.68 82.24 91.536 83.44 84.768 78.912 90.4 91.424 93.312 87.792 75.84 57.52 73.216 83.344 88.112 68.944 74.416 71.36 56.144 71.632 74.016 56.704 77.52 76.784 72.432 69.936 69.104 78.784 63.296 86.88 75.12 73.056 69.776 83.648 67.504 79.216 72.992 72.032 68.576 84.16 68.016 79.888 87.68 93.408 88.128 84.304 60.896 88.688 69.712 79.248 81.312 72.32 67.136 67.44 66.576 62.352 73.856 66.96
82.2798 72.5436 72.3006 81.081 80.028 74.3256 89.5536 96.8436 94.7052 94.5432 87.3666 85.0338 92.5344 87.2532 93.9276 101.59 93.7494 101.963 107.309 83.349 82.9602 90.7848 92.34 73.9368 98.5284 83.2518 76.4316 89.019 81.6966 60.4908 75.2166 91.4652 74.358 57.7368 78.5538 78.8292 71.9604 70.5348 63.7632 77.112 81.1782 76.2858 82.5876 70.4862 77.0634 80.6598 70.8912 83.3166 86.2812 66.987 85.6494 101.785 69.417 85.8438 83.0574 71.3772 90.234 86.346 86.9292 90.3798 90.3636 91.3032 84.8556 87.561 97.8156 98.1072 100.553 90.558 94.4298 83.673 98.8038 87.885 84.3858 78.894 92.0322 107.941 93.7656 101.363 79.4772 79.9146 100.359 88.1442 88.128 94.8996 96.9246 83.8998 85.9248 82.1988 93.4092 77.9544 99.4518 92.6802 83.025 92.0484 97.6374 73.872 86.2974 73.8072 83.1222 70.389 79.218 82.296 95.7582 78.5862 82.377 98.3988 81.8748 96.4224 85.3902 76.5612 101.282 86.4108 75.006 88.857 86.6214 97.4754 94.9482 93.1824 89.8452 84.1914 96.0336 88.2414 87.4962 95.8068 93.7008 97.4754 97.3782 106.726 106.742 88.1928 93.8304 100.391 94.5432 77.598 104.765 86.1354 89.4078 92.4534 88.533 78.9426 90.9144 92.2752 72.0738 83.673 84.2562 76.1886 76.6746 83.916 73.467 91.7406 69.579 63.6498 83.1708 77.2902 84.4344 83.4624 72.9648 88.8732 78.0192 81.3564 86.5404 77.6466 78.0678 73.548 70.3566 94.5108 82.8468 79.7202 68.0724 79.1046 73.2078 85.212 73.1592 65.8044 66.582 94.0734 82.2474 89.91 102.595 103.729 80.352 103.939 95.3856 94.0572 84.8556 103.453 89.9586 95.5476 87.3342 94.9806 95.256 79.6068 87.0912 80.919 86.5404 77.3064 82.9602 92.4696 92.2914 80.838
71.3236 87.6416 63.304 76.4404 88.2648 69.8968 75.8992 73.6688 85.772 88.4616 80.0812 93.8408 77.9492 90.8232 101.828 99.8432 96.9732 91.0692 90.3476 95.1856 77.0964 88.0188 86.2476 78.31 88.4288 76.424 85.0504 78.6872 97.3504 95.4644 88.5928 80.4584 82.9676 89.8884 79.0972 96.1696 78.392 86.9856 78.72 84.706 88.4452 90.1508 86.6412 91.84 77.5392 88.806 97.5144 88.5108 94.9068 86.428 102.779 100.827 100.138 90.364 91.9056 108.355 108.978 112.914 90.7412 98.5968 107.469 105.862 96.678 88.5928 94.792 88.396 78.7856 96.8584 94.6772 102.008 75.8828 90.8396 86.8708 96.924 77.9164 83.148 90.9216 92.8404 84.0828 99.9416 91.3152 102.27 93.7096 100.171 85.8704 82.5084 82.2132 86.9528 89.134 74.1772 84.706 89.4784 77.1948 86.3296 88.1172 96.1368 86.5592 72.9472 72.7176 91.7744 83.0824 84.3944 92.1024 84.1156 78.392 83.8368 75.8664 74.8988 90.7248 75.768 95.5464 107.026 86.8872 92.906 91.6924 96.35 87.494 99.1872 102.844 92.6272 84.6404 94.2508 82.7708 83.7548 90.1344 69.5852 89.38 99.7448 88.0352 86.0672 99.5316 91.7088 102.5 90.7412 102.303 84.4764 93.1848 100.106 98.0228 104.714 95.6284 111.536 95.858 106.518 103.828 104.337 88.7896 101.319 101.893 84.4764 102.615 89.6916 96.9076 82.9512 84.8372 101.729 85.8212 88.0516 79.0152 92.25 82.2132 92.086 76.0796 88.0844 79.2448 85.9032 79.704 86.674 79.8188 79.1956 97.6948 76.752 79.2612 70.7332 92.332 76.0468 101.139 106.83 88.8224 93.5456 98.646 85.6244 93.972 107.272 114.21 91.7252 94.2016 83.3776 105.649 83.7056 90.282 78.1132 88.8388 91.184 76.0468 73.062 95.9072 89.3636 73.3408 88.068
82.3692 69.9358 69.471 73.2226 66.0514 66.4664 79.6302 75.3142 90.9016 70.0686 84.4442 69.8362 88.0796 94.869 79.3314 82.1866 107.634 108.929 95.5496 108.498 87.9966 74.2684 80.1116 78.3188 96.4128 85.1414 72.1436 84.0458 88.81 65.9186 82.5684 80.2112 96.197 81.1076 83.4648 74.0858 90.3372 99.8324 79.6634 93.6738 81.2404 78.7338 81.6886 96.7614 81.506 79.4808 80.261 86.3366 86.735 100.33 91.8312 86.3034 85.1414 85.1082 77.8208 86.5524 87.9468 90.4368 79.3646 92.7276 91.5324 86.2868 79.3314 90.3372 81.7052 86.0212 77.2232 74.1356 82.1866 76.941 81.5724 79.6302 77.2398 75.0486 84.6434 83.0166 92.1134 81.008 91.8146 82.8506 88.395 96.2302 77.7378 90.1712 93.3252 88.312 90.2044 85.9548 90.8352 93.1924 102.721 83.8466 87.3326 91.8976 94.3046 70.7658 72.293 94.1386 81.6554 86.7018 80.7092 80.5598 72.1934 81.589 74.7166 79.1986 86.6354 92.462 90.9182 88.0796 87.4156 88.644 87.9634 78.3852 72.6416 71.6456 81.8048 79.8128 81.2072 88.2456 83.1826 83.5478 83.83 79.6468 78.0034 77.3062 87.2994 83.0332 76.1276 82.8506 85.0418 87.316 81.3068 77.5552 88.1294 75.8288 93.458 81.7716 78.9662 81.3068 86.0378 84.7098 83.9794 84.079 76.3434 87.3492 94.9022 83.0498 77.2066 74.5506 89.9554 83.1992 72.0108 79.016 82.5352 83.166 79.5804 79.763 72.0606 84.6102 95.4832 81.1906 97.276 81.4894 95.7488 79.9124 79.3646 91.8146 78.4516 98.106 91.9972 84.2118 91.134 78.5014 82.6016 85.158 86.3698 98.2554 96.0144 91.1008 87.8472 89.474 86.7184 92.462 95.2508 99.185 101.741 86.6188 95.6326 80.5598 81.6554 67.4956 78.1196 73.7206 67.7446 76.1774 79.1986 64.989 68.4418 66.151
66.8136 64.344 65.0328 75.7008 65.856 75.9024 84.7392 79.0272 94.836 89.712 104.21 94.0968 80.0688 97.7088 105.252 104.496 108.545 103.421 109.838 100.632 102.53 89.88 104.58 92.232 103.488 105.202 107.554 108.83 80.4888 82.404 94.8192 86.0664 84.6552 76.3896 78.54 87.8304 79.632 93.0552 93.2736 82.4208 79.4976 72.8448 88.4856 75.6672 81.396 82.6392 80.9928 94.1976 87.6456 89.04 79.3968 83.5632 97.7424 91.8624 90.4512 91.1904 88.0992 90.0984 85.4448 89.4096 86.8224 85.2936 89.9472 93.0552 76.0368 83.832 75.6672 84.0168 91.1736 87.6792 81.6648 82.6728 90.4512 81.2784 78.12 76.8096 78.5232 87.7464 68.0904 78.3048 82.0008 69.9888 76.4568 71.9712 68.796 89.1576 85.512 83.4288 62.9328 79.8336 76.9272 72.3072 76.944 86.6376 68.2248 79.9848 79.9512 61.8576 81.5304 78.5232 81.9 73.92 62.8656 79.5816 87.6792 73.5672 98.5488 85.764 82.068 74.004 79.0776 76.0704 92.0136 68.8968 82.7232 84.8568 87.8976 85.0248 85.848 82.3368 79.3464 94.416 75.5328 94.752 83.2944 89.9976 96.5664 84.9576 89.3424 77.4816 67.7208 86.0832 72.5256 85.3776 79.1112 77.616 72.4416 90.1824 74.3904 94.9368 92.2992 91.8288 88.7712 87.4944 89.4432 101.808 89.0064 92.0808 110.326 84.84 79.6488 98.28 95.1888 84.4704 80.0016 79.9512 82.6896 75.9024 79.0272 72.0048 77.9184 81.0936 75.6672 83.7144 89.3928 79.1112 92.0304 74.5584 94.2984 89.1408 103.118 91.1064 94.5 100.447 88.3512 101.959 87.948 110.443 93.6936 106.949 110.813 111.636 115.702 100.985 99.4056 87.7632 91.6776 111.938 91.392 101.976 90.72 91.5936 94.7352 76.2552 70.3584 59.5728 63.5376 69.9888 68.4432 73.4496
84.507 83.317 91.766 99.416 85.799 93.228 85.969 94.282 100.64 95.71 104.074 85.408 105.502 106.267 120.088 108.307 112.115 107.049 114.359 105.23 102.187 94.027 102.068 93.16 89.777 97.597 95.013 92.072 89.675 85.34 63.58 80.461 78.54 74.426 85.578 79.373 88.485 86.122 91.528 80.563 90.95 80.818 87.941 88.536 85.391 76.653 74.12 76.67 86.819 84.932 93.245 78.642 84.065 80.495 80.784 84.388 95.064 85.408 99.994 81.838 85.442 82.552 74.698 78.88 86.343 88.995 80.257 93.687 72.284 87.635 86.258 88.094 79.9 82.348 77.605 86.972 76.551 63.274 75.939 77.656 85.935 78.421 72.539 75.089 71.825 71.23 79.968 66.266 73.44 70.227 80.359 74.137 74.409 75.31 77.894 86.666 74.953 73.049 78.166 56.508 67.167 74.035 79.22 69.938 83.045 70.72 77.197 77.452 76.755 85.765 87.907 85.493 78.098 76.466 88.859 79.407 78.251 78.03 77.52 73.117 83.725 77.826 68.85 77.605 63.342 70.686 69.853 75.055 90.559 74.919 76.619 74.103 74.307 76.228 84.932 75.191 84.439 81.345 78.404 77.316 92.463 78.948 80.58 88.06 86.649 90.661 82.756 85.51 91.239 86.139 83.929 77.758 79.288 80.818 89.658 93.194 77.945 85.459 83.062 82.212 83.912 86.394 87.482 88.315 87.975 79.968 63.801 86.496 83.011 83.487 90.627 86.258 75.99 80.546 79.135 93.67 101.609 99.756 99.11 111.707 105.264 104.329 107.338 104.431 103.139 110.177 92.803 96.543 108.307 98.056 103.36 95.999 97.869 96.271 105.723 94.809 100.929 93.381 95.506 83.657
82.3708 89.8872 103.062 88.3392 89.1648 83.4372 82.388 84.3488 89.354 86.516 87.548 94.7376 90.6268 91.0224 90.7644 96.1824 97.4724 77.916 104.266 85.8796 86.9804 92.02 97.4552 88.9068 90.9536 77.3828 77.1764 79.8596 72.1196 74.9748 74.4932 80.41 74.132 69.8492 82.5772 88.0468 67.8884 73.014 66.1168 68.1808 89.1132 74.734 69.4364 64.8612 85.914 78.8964 78.5696 86.7224 77.572 87.1696 78.7072 79.0512 78.346 94.5312 91.6072 74.5964 86.1548 76.2992 71.3972 85.312 83.9704 82.7836 84.6412 90.9364 84.538 83.4716 77.0216 89.5948 73.702 84.3316 70.0384 79.9112 73.3924 89.6808 71.2252 87.548 82.388 75.4908 91.7276 89.354 84.9164 77.4172 80.7024 80.7196 75.0952 88.9068 73.5816 69.6772 80.3068 76.7636 84.2972 76.4024 105.488 79.7908 84.5036 73.7192 71.4316 71.6552 70.4168 72.4292 66.3232 71.9476 73.8396 82.302 73.8052 65.0848 92.1576 68.8516 73.9084 83.1104 89.3196 82.56 76.97 85.0024 95.4256 86.0344 81.9064 77.3828 73.4612 81.012 73.5988 75.422 84.3488 79.894 68.0776 86.0688 71.9132 70.6576 78.0364 79.6876 78.8104 84.7272 90.3 89.6292 75.0092 79.5844 74.218 78.9308 77.142 88.6488 82.0784 72.326 75.852 89.0788 96.3028 82.9212 74.3212 88.5112 85.3464 99.5192 96.492 78.948 91.59 76.454 68.2496 76.6948 74.9232 83.592 75.1812 79.3092 81.0292 81.9408 74.9404 74.6824 66.9252 71.6552 77.4 64.7924 75.422 70.864 78.5868 76.5744 68.4904 61.834 85.3292 82.9556 90.4892 87.2728 87.6684 96.5264 92.7424 100.62 92.88 98.47 101.377 88.6832 93.74 92.6908 89.7152 90.7472 102.718 78.1396 83.2824 84.9508 87.0148 79.2404 85.14 86.946 82.6976 100.104
81.8496 76.2294 81.7974 93.5424 85.173 76.7862 81.2928 78.822 90.4974 78.3 90.2886 96.3438 82.8588 86.5302 86.5998 95.2302 92.4462 87.2436 93.351 82.8762 98.8494 83.2416 85.5036 82.4238 85.1382 72.2622 84.6684 101.233 84.1812 83.607 79.0308 73.2714 82.3194 74.0022 80.5446 68.2428 71.2182 73.776 84.7902 65.5458 75.4812 68.7648 62.3616 66.9204 79.2744 76.6122 70.209 67.3032 84.7206 83.433 72.5928 66.4506 93.2814 77.9868 73.8978 77.2038 68.9388 64.0146 75.864 74.5764 81.3798 74.3154 79.7616 77.0298 88.1136 70.9398 82.041 88.8096 83.607 92.8116 74.559 85.8168 80.4054 94.3428 82.128 97.3356 89.2098 103.339 90.5844 101.39 84.4596 82.4412 94.5864 83.9202 75.081 90.045 93.699 91.3326 73.3758 71.079 83.9202 80.1444 81.258 93.1944 80.7186 71.8968 76.9428 82.7196 73.1496 63.9624 74.9592 71.3226 83.5374 82.998 81.1536 81.6234 78.4914 83.1024 94.7604 81.6408 83.3112 87.696 83.4504 92.7768 77.1342 86.5998 84.7554 87.8526 78.7698 67.5816 71.1138 92.046 88.5486 80.4924 90.2016 84.3204 82.4412 91.5414 90.6366 94.134 90.4974 84.8424 83.955 78.5262 67.8426 75.7248 76.473 81.606 89.7318 68.382 75.864 73.0974 82.65 79.0656 70.8528 87.5394 72.1578 76.4034 81.5538 63.7362 69.1824 76.5426 78.8394 62.814 65.2152 65.9286 70.296 72.21 69.7392 74.3154 80.5446 65.772 86.0082 82.9284 70.1916 88.8792 79.518 86.4258 84.8598 83.7636 88.914 85.956 77.4996 80.127 87.1218 83.6766 84.6684 70.1568 83.4678 77.1864 88.5312 77.952 89.5404 89.5056 90.9498 91.3326 80.2488 94.3254 91.3848 95.8044 82.302 89.7492 75.5856 80.3184 82.2672 69.426 90.0624 78.4218 72.3318 80.5098
59.9104 68.1648 56.7424 58.4496 68.904 72.3712 70.7696 70.2592 74.976 82.8784 74.5712 97.6976 100.162 86.7504 105.864 89.1968 97.944 95.3568 95.304 92.84 96.272 97.416 73.0048 77.1936 91.5376 83.8288 81.928 79.2528 75.6096 70.4352 70.136 61.1424 72.1776 70.6464 81.0832 69.5024 82.5616 66.9856 79.992 75.5392 68.9568 87.4016 67.144 71.7728 70.9104 81.752 70.5232 64.3632 68.9568 71.5088 73.6912 90.4992 85.8352 95.6736 82.7728 77.1408 73.6736 77.1408 64.2928 85.2544 79.376 86.504 66.6864 78.496 85.7824 73.3744 80.7312 91.3264 77.528 86.152 95.3744 77.352 80.5024 77.44 90.7808 99.6864 86.2752 82.4208 86.7504 97.9792 93.4912 103.277 103.858 80.9072 93.4736 96.6944 105.688 99.8448 85.36 82.192 96.9056 102.168 76.208 87.3312 79.1648 87.032 94.16 90.8864 91.5376 91.8192 79.2528 78.7072 76.8416 91.784 87.7008 89.6016 84.8672 99.8448 91.5024 86.6096 100.76 96.0784 104.826 90.2 94.6528 90.2 94.5472 92.2064 87.912 91.5728 110.651 87.0672 91.6784 91.1504 79.552 81.5936 85.8704 88.0352 78.0208 81.576 78.8656 104.456 92.3824 81.9984 92.2944 85.008 82.2096 82.2096 77.1936 71.896 80.0448 71.3856 79.8336 90.4464 83.4944 71.5088 87.0848 71.7376 78.6368 86.8208 66.6688 77.8448 72.0368 77.6864 77.9504 75.7152 78.3904 75.7328 69.4848 71.0688 82.192 58.5904 65.4192 66.8272 83.9696 73.0928 67.8832 78.1792 69.1504 79.816 84.2688 66.0704 72.864 70.1888 86.0288 74.0256 89.3728 63.0784 86.6448 99.264 90.5872 89.9008 105.318 104.298 107.923 89.6016 98.3488 87.648 89.3904 91.3616 91.08 77.2464 83.6176 75.1344 67.3024 71.6144 60.1744 62.0224 66.4752 61.9168
62.2644 74.0658 72.891 79.2812 75.7746 67.1416 79.8686 74.582 80.9722 83.8736 82.2004 84.5322 73.1402 87.4514 94.8918 78.5514 91.5098 92.6134 90.2638 88.822 76.9494 77.9284 87.9498 73.425 67.0882 78.2844 76.006 78.2132 74.9202 55.7674 66.9458 70.9508 73.1936 63.9554 60.0572 56.2836 64.08 70.7728 70.2032 60.0572 68.9928 70.3456 76.0772 79.5838 68.174 57.6898 73.8522 84.0872 74.4218 71.289 68.2986 78.7116 70.8618 69.8472 67.9248 70.488 67.9604 80.7764 60.0216 90.602 67.2484 73.4428 74.5642 88.5728 83.8558 80.3314 80.6162 83.6244 77.8038 84.995 88.7686 87.8252 94.4824 83.6956 83.8558 99.0036 104.326 91.6166 96.1556 95.9954 92.7736 103.614 102.457 100.25 114.65 94.1086 114.312 99.8224 109.043 106.462 106.515 102.03 104.468 104.094 89.445 93.8594 96.6184 95.9064 90.9224 96.6184 86.6148 99.2172 84.817 96.7608 113.849 109.203 106.942 98.4696 105.073 101.709 117.142 96.3158 97.3838 86.7216 98.4518 102.065 97.7932 92.0616 95.1232 86.686 85.7782 102.065 99.68 99.2884 95.9064 88.4304 88.2168 92.8626 93.539 81.346 69.7938 78.9964 90.0858 73.5674 79.2278 79.4948 64.8632 69.5624 70.3278 74.5998 74.4752 75.4898 72.2324 77.252 69.5268 68.9394 68.2986 71.6628 79.5838 86.8106 70.933 73.2826 79.121 66.0024 75.6144 78.9964 65.4506 67.6578 64.0088 62.7094 73.6386 73.3004 60.965 64.0622 56.7286 62.2644 67.195 64.4004 67.8358 66.8034 57.9212 60.6802 64.8454 71.3246 75.1516 87.0776 81.3994 70.8262 94.8562 86.508 98.8968 85.2976 89.4984 84.728 102.243 92.1862 87.576 99.6622 93.717 95.5148 89.4094 84.9238 71.823 72.1256 97.1524 77.608 69.9362 73.158 64.2758 62.7272
93.834 85.302 79.776 75.996 83.286 74.358 91.674 87.156 74.52 96.246 92.574 87.606 85.914 90.936 68.274 104.238 103.752 94.068 86.022 76.626 74.736 83.538 77.274 79.974 62.136 65.988 60.318 74.682 65.808 68.67 60.57 68.562 61.092 62.298 61.866 66.618 58.158 62.658 53.928 69.84 64.944 73.854 68.994 72.342 70.2 79.074 77.04 80.532 65.916 71.568 72.9 79.434 78.732 97.416 74.412 71.298 79.902 64.062 85.068 72.594 79.254 66.87 72.18 67.86 81.396 64.224 83.862 86.238 88.128 83.808 83.862 87.66 89.532 85.734 73.836 86.454 99.378 89.874 90.018 94.518 94.086 97.848 104.148 93.24 87.858 113.778 100.206 101.142 108.792 96.426 88.83 100.962 96.084 103.716 104.742 103.212 109.35 102.96 99.036 94.176 105.516 96.624 94.968 112.356 106.956 93.528 104.886 109.116 121.788 94.032 94.446 101.466 109.386 91.224 100.026 91.44 75.132 91.404 90.756 96.516 94.626 73.026 109.476 87.876 75.762 91.602 82.008 82.206 62.298 72.81 77.094 73.872 81.45 62.712 74.574 77.778 82.026 60.822 60.642 68.706 73.962 73.674 72.234 66.51 72.756 80.676 77.31 80.568 71.01 65.844 59.616 85.482 75.06 86.778 69.264 80.784 82.746 71.622 77.868 59.94 65.106 64.62 61.506 59.58 67.284 58.5 52.236 66.69 78.264 66.708 69.678 63.396 63.234 69.138 63.846 78.462 73.908 82.764 76.86 95.058 88.974 73.548 81.396 91.368 84.978 107.496 80.388 85.032 81.828 72.594 78.822 71.766 90.684 66.006 73.17 82.998 74.808 84.87 68.436 82.638
84.1568 96.46 80.9172 87.8332 86.1952 96.1324 91.3458 98.7714 92.456 93.2568 100.591 93.7846 93.6936 73.4188 97.0424 89.8534 87.6148 92.5652 83.3924 69.9426 82.6098 69.3238 75.712 73.71 74.9476 70.6706 66.43 61.0064 69.0508 68.523 70.2338 66.1934 67.0488 64.3916 75.4754 89.9626 71.7626 69.4512 70.07 71.4714 74.9658 67.1398 75.712 70.2338 81.4632 82.1912 78.4602 75.6938 98.7714 96.3872 90.6906 85.4672 78.2418 84.7392 72.1812 73.0912 70.0882 84.0112 90.7088 84.5208 73.7282 85.5036 86.1952 88.4702 90.5268 68.796 74.6382 84.6846 75.1296 76.0396 80.4258 82.2276 93.5662 93.0748 85.1578 90.3812 81.1356 81.2084 94.1304 101.52 108.599 111.384 98.5894 89.3256 102.903 115.333 84.3934 113.113 97.279 110.783 88.7068 110.383 100.391 101.301 108.636 102.175 94.2214 87.2872 93.5116 85.085 102.466 93.093 89.5986 105.997 96.9878 98.6622 99.9544 83.8292 100.337 105.105 97.643 97.4246 95.8412 112.458 101.702 97.552 90.9818 93.6572 88.5066 96.642 94.9858 89.5258 89.1436 98.5712 98.5348 88.2882 77.5684 80.9718 81.6816 91.7644 91.6552 81.8272 84.5208 74.9112 75.9668 73.0548 78.2782 87.9424 71.4532 89.2164 84.0294 79.8252 91.8554 79.0062 86.7594 80.5168 82.3004 86.8868 81.2266 90.3448 89.5622 67.3036 86.2862 88.3428 88.4338 65.0286 70.98 79.5704 64.4462 68.9234 69.342 65.5928 84.0476 60.697 72.3086 55.2916 58.149 73.6736 57.7668 82.0274 64.1004 72.6726 67.9042 72.436 78.2964 84.3206 65.4836 86.7594 77.1134 88.4702 88.3428 98.0434 92.1102 83.8474 96.4054 98.5348 81.1538 89.1436 85.9404 95.368 99.6632 78.3692 93.1476 89.2528 94.4398 92.9292 99.2082 93.8938 76.4582 100.555
60.4992 75.8264 79.396 73.3608 80.5552 75.5688 81.6224 80.9232 81.144 91.0984 100.519 104.475 84.6584 97.2072 101.163 98.2008 103.666 99.5992 99.9488 98.256 98.3848 87.8416 96.9496 94.2264 99.4888 92.0368 91.1168 76.452 67.1416 85.3024 82.5424 84.088 82.6896 74.428 74.9248 82.8552 79.0096 85.8728 74.5016 76.3968 83.7568 71.2448 86.112 71.5392 72.1464 86.9952 97.152 91.908 92.6256 100.243 89.2952 94.4104 84.0512 79.9296 89.5712 81.0336 79.7272 89.4056 63.5168 85.008 91.3376 77.2984 88.8168 88.0256 91.3008 82.9656 101.605 80.3896 93.0672 97.796 85.1 88.2648 93.7296 81.9904 82.524 71.1712 98.1088 105.469 105.671 93.196 105.082 96.1768 94.5944 81.7696 92.1656 98.992 90.3072 93.104 99.1392 101.126 90.344 95.772 80.7576 77.4824 98.808 92.2576 92.092 70.8584 76.3232 76.7832 79.2304 94.3 88.6696 95.8272 92.644 88.7248 83.5912 81.1808 91.3928 93.564 108.137 99.6728 99.8016 84.456 91.4664 118.533 85.4496 102.102 97.0048 83.168 95.4776 92.644 103.224 97.5568 103.702 87.492 85.7808 91.448 72.9928 88.1176 83.352 91.4296 82.5976 76.5624 83.812 81.42 82.1008 85.2288 82.4872 91.7608 84.3088 84.8424 88.5776 87.0872 97.5016 87.8784 87.8784 93.3616 90.4728 93.4352 83.7016 92.2208 82.708 68.8344 76.2312 87.9704 81.4016 95.9744 87.7128 83.352 88.5592 65.6512 88.964 78.6232 83.1864 80.7576 90.1968 69.9384 88.5592 75.0352 74.06 89.0008 80.7576 95.588 94.8704 97.8696 85.8544 93.6744 94.3552 95.1096 81.6776 101.053 95.956 102.249 90.9512 91.6136 105.303 98.8264 95.7904 89.792 82.6896 86.4432 81.8064 74.3176 74.4832 77.8504 80.408 81.2912 77.6296 65.5776
62.9982 60.45 64.2072 58.1994 67.7598 77.4132 61.7334 74.2326 75.2742 87.1038 91.4562 89.9682 98.6544 85.095 80.166 102.598 95.6784 80.4822 95.1576 103.193 89.2614 91.7538 88.443 87.1968 93.2976 80.8356 72.7074 89.373 84.4812 80.1288 88.1454 97.8546 77.8782 100.533 85.2438 84.4998 106.652 85.8762 102.821 99.0078 102.43 99.4728 109.666 103.137 97.7988 94.3392 116.38 109.331 110.484 123.113 105.908 95.3436 103.528 93.093 98.8776 90.582 94.302 94.8972 85.3554 77.3574 80.4822 92.8698 88.536 82.7514 84.63 87.1224 83.7186 90.4332 86.6946 87.0666 89.5404 90.396 102.895 88.6662 90.3216 91.6794 108.215 94.116 96.4968 87.1224 99.9378 80.2218 106.95 98.4498 86.6574 99.2868 98.5242 91.8654 83.9418 94.9902 97.7058 78.0084 72.447 99.4914 92.349 89.838 72.2238 69.5826 77.0226 80.3706 67.7412 76.0182 79.515 83.235 77.0226 79.6452 83.7186 79.4778 84.1464 91.1772 92.2188 88.8708 70.3452 91.419 100.384 80.817 95.5854 80.6868 80.7798 100.514 94.581 96.441 103.844 89.652 90.5448 100.849 89.7264 83.7186 78.6408 97.6686 83.049 98.9148 85.8204 94.86 89.8008 102.3 87.4014 88.2942 87.6246 84.7788 90.3588 100.868 90.4332 100.031 103.546 92.907 109.963 88.5918 114.111 97.2408 92.4234 95.3808 107.936 112.084 110.465 91.0656 105.518 99.4356 102.635 115.748 96.1806 82.6398 114.278 104.625 98.7288 105.462 100.031 103.342 79.422 80.7054 101.5 81.2634 86.2854 94.3392 77.8038 84.1278 83.0304 79.5522 91.4562 95.0832 85.5786 80.0916 86.211 97.9848 92.7582 90.3402 78.2688 88.5174 80.7426 89.9124 74.772 79.4034 74.6604 63.426 58.8132 61.6776 66.1602 69.0246 67.1832 50.4432
63.3936 67.962 67.6048 64.5216 66.5144 56.3436 61.4384 69.2216 78.7908 74.1096 84.6376 78.6968 86.7432 87.1004 86.3296 89.4128 80.276 84.5248 88.5856 90.3528 91.5184 79.43 87.2132 87.7584 77.2304 75.858 85.258 82.8328 82.0432 62.5664 80.0128 87.8336 80.2948 77.8132 87.1004 85.728 89.1496 91.7628 104.246 92.9848 93.154 88.4916 106.37 113.402 97.7036 100.11 95.9928 108.814 104.697 100.768 120.395 106.276 117.951 105.167 119.361 97.3276 110.093 108.626 103.55 110.488 107.386 109.134 107.574 106.446 101.52 96.35 97.008 96.7448 94.6392 96.82 105.28 100.693 103.87 78.9036 98.8316 89.9956 82.0244 95.0528 87.4576 90.4844 75.5384 93.7744 86.292 75.4444 72.1356 77.832 86.0476 78.4524 91.8756 77.362 86.198 93.4548 78.5464 84.6752 75.8956 89.6948 86.7056 65.518 66.7588 83.942 74.73 79.1292 75.576 74.4856 77.7004 83.472 90.3528 90.0332 75.7452 86.762 94.6768 83.1336 90.1084 77.2304 87.8148 82.6072 85.4084 79.0916 88.1532 88.1908 84.694 77.3056 96.5944 80.3136 87.6832 91.5184 75.7828 88.9804 93.3232 103.08 103.945 94.0188 94.6016 87.3636 102.498 107.837 109.472 103.099 85.6716 112.33 89.6948 98.042 102.366 103.156 104.096 111.747 125.622 111.164 117.35 116.692 105.261 109.397 111.954 105.994 111.127 99.076 91.2552 89.582 80.8964 96.6508 88.1908 95.7484 93.8684 78.7344 87.6456 89.3752 83.5848 83.096 95.9552 89.1496 80.2948 83.6412 78.0388 79.8812 78.0012 74.5044 89.4316 84.9572 82.4004 91.3116 74.448 91.5748 82.7764 81.2348 82.8892 80.4264 84.788 87.796 80.4264 92.3832 74.9368 81.874 76.798 81.0844 73.8464 67.2288 67.2476 60.0096 68.5448 60.2164
77.406 68.685 78.527 84.436 73.093 69.16 78.546 74.442 72.485 90.877 73.986 85.044 80.427 88.407 92.587 83.6 84.607 86.203 85.481 76.095 77.235 77.805 66.044 85.12 76.57 66.614 72.067 72.276 74.898 64.353 72.542 70.775 83.752 72.086 71.478 79.515 68.324 68.951 71.858 76.095 68.362 84.037 74.48 83.809 88.806 85.082 86.678 87.4 80.256 83.828 92.929 109.649 96.311 118.541 101.745 99.446 103.664 114.703 116.907 99.484 111.758 109.06 108.11 109.478 108.395 117.99 95.589 106.457 101.536 105.108 106.894 98.762 87.723 98.287 94.031 98.249 82.992 87.229 86.849 85.937 94.012 81.814 99.351 86.963 70.148 91.903 90.934 96.045 79.04 85.671 84.018 92.549 75.905 87.039 81.035 76.228 79.458 72.39 87.666 81.32 88.331 81.377 74.024 74.1 94.848 67.108 89.205 96.311 99.978 77.843 102.239 90.478 90.668 81.814 77.235 91.694 87.856 97.907 98.059 94.449 88.654 93.898 82.992 83.353 103.113 81.51 94.202 88.35 106.4 104.842 107.236 103.873 109.155 99.712 103.74 109.687 106.533 109.193 98.8 125.761 112.727 108.661 117.515 112.689 123.747 102.125 104.158 107.54 111.967 98.591 93.594 102.581 97.603 92.72 82.023 88.502 81.89 78.622 66.842 74.347 75.753 55.499 69.882 74.651 73.663 75.373 64.885 68.438 62.757 71.554 68.761 77.577 75.069 69.16 91.713 80.028 91.808 71.877 88.255 80.579 85.918 97.831 96.558 74.746 87.115 103.854 85.348 78.432 86.184 84.189 94.126 70.357 81.13 85.842 73.34 87.058 66.234 83.391 77.501 72.77
83.7888 65.5104 77.2416 87.9552 80.736 88.3968 82.0608 76.1664 78.7584 70.1376 86.2656 71.52 84.5184 79.9488 98.9568 81.216 75.3408 82.4832 90.144 76.4544 87.552 85.152 79.008 74.5344 88.7808 65.7408 66.5472 72.6144 74.0352 68.1024 76.2432 69.216 74.0352 72.7872 66.2976 76.2048 68.0064 76.0128 82.5792 76.32 94.3872 71.616 82.848 96.2688 79.1808 97.6128 109.056 112.358 101.434 107.712 107.443 83.5776 98.592 85.8048 105.254 102.317 101.952 82.656 94.08 90.3168 89.3376 97.5936 93.9456 85.8432 100.954 73.536 85.7472 104.717 94.0224 93.2352 86.3808 110.669 111.725 96.2112 94.08 99.9168 101.568 105.178 107.117 98.3616 97.1328 97.5552 100.397 89.2224 100.493 104.717 87.0528 101.242 106.502 96.3264 95.1744 101.299 95.5968 69.5424 78.1632 91.392 93.6576 76.3392 80.4096 76.1088 83.904 88.6464 80.16 91.6224 86.1696 94.0416 90.9696 90.3168 75.5136 88.5312 79.584 108.25 95.1168 94.56 94.9824 104.506 101.165 97.4592 105.888 98.4 103.43 97.0176 98.016 100.954 103.142 106.349 104.352 116.506 93.1008 95.5008 91.5456 98.5344 98.88 85.6128 84.6336 88.2048 81.12 90.7968 96.4032 88.032 106.522 88.8192 83.5968 85.2288 84.0192 83.9616 95.9616 96.1344 84.672 84.6912 81.5232 96.7488 104.006 93.8496 92.5824 84.6912 96.2496 88.032 95.0592 77.472 72.4032 83.6736 73.4976 72.5184 72.8832 65.472 84.6144 75.36 73.152 78.0096 66.528 75.4752 65.664 73.056 64.7232 80.2368 75.7824 66.6432 78.6816 79.3536 81.2928 87.2448 71.1744 75.2832 78.7968 95.7888 85.3248 88.7232 85.0368 74.2464 96.1344 84.8064 82.0608 89.3184 84.9792 76.1664 86.6304 81.792 71.808 75.5328
65.2422 73.5066 78.9386 74.5542 81.6546 71.6636 66.4062 69.8206 78.9192 69.452 75.4466 74.9616 61.8278 89.3952 94.575 84.9914 89.2206 94.2258 81.189 74.6512 75.4078 72.3232 73.6036 74.5348 72.7888 78.5506 84.6616 75.6018 61.8666 77.6194 78.0074 76.048 86.5434 82.4306 86.3106 94.381 87.494 91.5486 93.605 84.3706 101.675 83.0514 84.6034 88.6774 90.6368 92.538 89.7832 88.5998 88.8908 89.2788 92.538 75.4466 83.1484 85.6704 81.2666 72.7694 84.7198 72.4784 74.5348 81.2666 73.8752 85.2242 77.5418 68.3268 72.7888 85.5928 85.9226 97.1746 79.831 89.7056 87.5522 80.704 77.8134 87.7074 102.393 102.18 85.651 94.3422 89.7638 95.0988 89.0654 104.178 98.455 85.5928 96.9612 113.257 86.1942 93.4886 101.21 107.379 106.467 95.0988 117.525 93.1588 97.2328 102.451 96.321 90.7338 84.487 83.5752 87.3388 87.979 108.291 96.4762 99.3086 107.864 99.0176 109.203 92.4022 97.097 84.196 110.405 92.0724 124.567 102.626 93.2752 103.615 83.1096 97.7566 97.1746 100.492 110.114 94.4004 88.5416 82.0814 95.3122 90.1906 93.5856 79.54 83.0708 92.7902 89.8608 75.4466 78.4342 75.5824 80.8204 88.464 100.88 82.7798 72.75 91.8978 83.517 68.0358 79.9086 81.4994 73.1574 75.757 86.039 78.7446 86.3106 94.4198 92.5186 83.7304 85.7286 72.2844 81.0726 90.7144 92.8872 78.6282 83.7304 94.9436 84.7974 77.794 88.8132 75.0392 76.6688 73.3708 76.0286 83.2648 72.5754 90.3846 69.9564 75.5824 76.4748 77.0762 78.5506 69.6654 78.182 88.2894 76.1644 92.8484 90.5204 84.5258 85.4958 91.4516 92.053 84.0214 92.9842 75.9316 85.7286 68.094 65.8436 66.6002 67.3762 70.0534 63.923 59.9654 67.3762 67.3568 67.124
63.8568 45.2368 63.5236 61.2696 57.3692 76.342 66.15 60.4072 64.3664 65.8364 79.6936 80.262 88.9252 77.4004 83.398 82.9276 77.4004 79.968 84.182 76.7144 76.5576 75.4992 82.1436 75.0288 75.9696 79.5564 82.222 88.3568 73.5588 87.9452 83.3588 79.7328 69.6584 90.2776 82.5944 91.532 72.1476 78.302 73.4216 77.8904 85.064 86.9064 84.4368 70.5992 75.0092 81.0852 77.322 84.5152 88.0236 75.3228 88.4156 86.7888 82.5356 103.998 79.2036 90.0032 76.146 81.6536 88.7684 83.888 81.1832 76.1264 85.554 80.9088 73.7548 83.398 88.3372 68.9136 80.458 85.9264 86.3968 76.7928 86.5536 94.4132 79.5956 94.5896 95.7852 83.6332 94.9032 93.9624 80.7912 104.605 109.466 109.486 92.4336 106.898 95.5304 111.132 97.1768 106.271 98.2548 90.7284 100.528 108.702 106.742 103.919 107.565 108.937 100.685 102.057 101.94 112.739 101.822 113.425 97.8236 99.0192 108.662 97.9804 104.997 98.6272 114.209 106.977 98.7056 99.6856 98.5096 101.685 75.8716 103.88 103.449 92.218 84.8288 93.6292 79.8504 90.4148 96.4516 84.4368 83.6332 86.7692 89.1212 80.9676 77.6748 81.634 78.3216 76.3224 88.2392 82.3396 71.4812 87.5728 88.886 73.3432 86.3184 95.6088 77.9688 74.1272 86.2204 78.4588 91.3164 67.816 78.1648 91.2772 101.391 79.0468 82.81 75.6952 73.1668 84.2016 71.0696 73.9508 73.5 84.2408 77.812 88.886 98.0392 75.5384 84.6328 94.0212 87.4748 77.616 90.4344 81.8888 89.572 78.596 84.0056 80.5756 86.0244 80.1052 85.0248 75.9304 81.6536 71.7556 95.746 80.066 80.5952 78.792 74.5388 86.5928 79.5172 95.2952 81.3792 72.618 74.6564 72.3632 65.2288 67.4436 56.2128 61.2304 55.7228 59.4664 53.5276 56.35
42.075 55.44 60.2118 46.134 56.3112 64.0332 58.2714 62.37 66.1122 76.5864 79.4574 81.3582 80.6652 82.1502 76.0914 80.0118 84.3084 89.694 87.0606 85.8726 81.576 109.118 91.6542 89.397 87.219 84.447 84.4272 72.9828 71.7948 91.5552 69.8346 74.646 64.8648 77.8338 68.9832 74.4678 81.8334 73.9332 81.9126 66.6666 76.923 78.5664 75.8736 74.0124 73.7352 91.9512 87.9714 83.7936 84.3876 87.417 66.5478 83.358 82.566 90.684 92.2482 94.6044 63.3996 77.3388 99.2178 84.2094 84.9618 94.2282 96.525 75.7944 79.992 87.0408 87.3576 74.25 79.3188 89.3574 101.99 92.0304 82.1502 101.871 88.8624 94.9608 103.554 103.891 92.7432 94.5054 98.5842 118.84 91.8126 80.6652 94.8618 104.326 98.5248 92.1492 98.5644 92.169 96.2874 105.97 104.722 98.604 102.485 104.188 117.414 100.841 103.217 103.99 106.643 104.623 99.5148 106.227 110.761 106.326 118.364 91.7334 112.405 102.089 96.6834 104.683 107.316 104.821 110.326 104.742 108.544 98.7228 101.455 91.575 81.9324 93.8322 97.218 79.6356 89.4564 92.4066 85.7538 73.8342 82.5462 99.495 97.0992 92.2086 83.3778 105.197 84.3084 105.197 88.704 74.6658 93.951 82.5264 77.5962 88.5258 88.2882 94.7628 75.2994 85.2786 102.247 80.3286 77.3784 81.3978 98.2674 73.1808 79.497 81.576 77.022 72.1908 72.1314 74.745 73.2204 69.5772 75.2994 81.378 86.0112 77.22 75.7944 73.854 74.8638 71.3988 85.932 88.011 68.1516 87.0606 88.1892 90.8226 91.0998 80.7444 84.5856 94.5846 91.476 88.9416 88.4466 90.8424 88.6248 97.6536 83.2986 87.6744 73.9332 82.5264 89.2386 78.7248 57.7764 65.9142 62.865 62.8452 63.1818 63.0036 56.6478 48.4902 51.1236 56.1726
66.64 68.88 68.46 67.08 76.08 71.98 65.52 69.04 84.9 77.3 93.52 88.2 79.7 88.28 87.18 85.44 95.24 87.9 99.58 93.2 91.6 95.3 97.34 88.38 98.14 80.76 69.48 82.34 81.86 99.04 71.4 85.62 91.06 97.6 76.02 75.18 79.62 67.52 83.9 77.44 77.26 94.74 79.92 65.4 81.82 77.28 85.9 83.16 83.32 78.06 73.82 84.52 100.86 80.76 79.12 98.9 75.94 87.74 86.76 81.18 81.36 92.22 87.16 88.24 79.38 95.44 78.26 100.22 98.16 97.84 79.18 98.36 80.22 101.92 95.12 111.34 81.86 97.7 102.06 98.78 100.78 117.82 101.12 88.46 80.2 104.04 89.52 107.78 105.26 105.2 114.24 109.46 89.42 109.64 107.34 86.6 85.72 108.22 107.42 105.1 99.26 104.02 109.86 87.24 99.16 91.32 93.84 98.46 105.24 101.38 102.76 97.54 102.06 113.92 106.44 105.78 102.6 98.94 104.02 102.84 101.08 99.3 101.42 105.96 102.32 98.42 95.1 94.42 90.96 98.28 92.78 94.04 102.02 85.12 96.78 85.84 92.26 91.48 90.4 78.66 99.74 85.82 82.24 82.72 87.52 80.42 88.26 93.72 87.48 79.98 89.9 87.1 91.78 86.12 77.16 82.92 85.5 87.14 80.6 80.66 80.68 76.2 79.18 75.08 83.2 71.66 82.44 84.12 80.5 78.78 85.28 96.16 86.52 76.56 92.94 98.92 94.16 92.38 88.1 105.42 90.72 103.52 97.84 92.32 110.72 95.8 89.38 86.82 82.12 86.9 73.96 70.2 77.82 71.5 67.96 62.06 64.9 67.48 66.96 57.32
73.7704 87.4256 85.345 96.3136 90.7788 113.403 84.3956 96.5762 83.325 95.0612 96.8792 98.1922 106.252 104.333 114.251 94.5966 119.241 107.201 103.525 115.665 89.89 85.7086 104.131 89.7486 94.0916 87.9306 96.7378 71.0636 74.8814 84.6986 85.9106 73.6088 63.2866 68.0942 72.8614 72.3968 69.892 76.457 76.5984 72.7604 73.5684 70.2354 70.397 75.1642 70.296 66.559 68.5386 86.6176 72.2352 77.5074 83.9916 75.9318 82.6584 91.405 90.7384 87.5064 79.4466 84.1532 95.849 81.7494 90.092 89.6274 94.4956 86.6378 85.6884 79.6486 81.8908 90.7586 90.0314 93.9502 98.7376 100.737 100.838 110.312 98.6164 104.091 99.99 88.577 92.0514 92.314 101.485 98.5356 99.99 92.5362 93.7078 106.515 96.5156 106.474 97.6266 78.7194 97.5458 95.1824 82.9614 84.133 80.1132 85.6076 81.4262 74.6592 76.6186 78.2952 81.9716 83.2442 69.993 88.7992 82.2342 85.7692 91.1828 93.425 100.98 93.1422 91.001 103.868 95.8086 87.3448 82.6988 101.667 95.2632 102.091 95.8086 97.8488 95.6268 104.01 108.07 108.333 97.0812 102.798 104.858 85.1228 115.14 98.273 93.829 90.8394 75.649 97.0004 90.7384 95.7076 90.5566 96.8994 92.4352 75.6894 89.5062 80.194 85.345 83.325 95.6268 76.2752 79.2042 91.8696 87.5872 73.023 75.1844 74.3158 78.9214 65.8924 70.9424 70.2758 68.3366 72.2352 70.6192 60.2768 64.3774 75.548 76.3762 75.4268 74.3764 68.4578 76.3358 64.3774 82.7392 79.0224 72.0938 96.3136 85.0016 70.6798 79.4062 88.9204 103.505 83.9714 97.869 110.151 103.767 94.1522 109.403 87.163 117.221 94.1724 110.353 100.899 100.818 106.313 87.5266 71.7908 92.5766 91.8898 87.3044 87.0014 84.8804 73.5684 72.5584 77.8104
82.9056 81.09 90.6576 93.7788 101.286 94.9212 80.2536 93.2484 79.4784 91.1064 90.372 100.817 99.858 93.636 87.8424 100.898 90.8412 93.2688 82.7628 93.8196 90.7188 86.1288 87.2508 81.6408 79.8048 82.62 79.458 67.7892 74.2968 73.95 70.7064 73.644 77.9484 60.5064 62.0568 56.4264 72.114 68.952 69.564 69.564 72.3588 74.3988 57.9768 68.748 73.6848 69.87 72.8484 81.4776 80.7024 76.602 84.8232 90.9636 99.2256 88.3116 99.5724 95.9004 91.1064 82.7424 88.2096 78.6012 90.2088 79.8048 74.766 73.4604 89.556 83.9868 88.8012 92.2488 89.6172 84.9864 82.5996 99.3684 85.068 78.3156 90.0252 81.1308 89.8416 103.387 107.712 91.2696 92.9016 88.4136 92.8812 101.204 89.7192 88.6584 81.6408 99.0828 77.3568 84.2316 73.2564 80.7228 83.8032 84.4968 76.7448 71.5428 69.4824 66.6468 80.0292 65.7084 71.7876 73.6032 70.7064 80.0904 73.8888 81.2124 78.744 79.9884 78.9684 84.3744 79.2744 83.7828 91.4532 88.1484 74.1744 99.1848 92.2488 94.2684 89.6376 91.1676 69.5436 85.5576 90.8412 72.6444 85.3536 78.3564 88.3932 88.4952 93.84 90.8616 95.982 78.8664 94.6152 84.6804 88.0668 86.9856 87.0876 89.0868 83.0688 102.286 83.6196 88.6176 85.782 85.1088 96.3084 91.6572 84.4764 90.6372 87.924 71.8284 81.2124 78.2748 66.606 68.646 76.4796 69.7884 72.8076 66.912 64.158 68.9928 58.7928 54.1212 66.6264 65.5248 67.4628 66.1572 48.042 61.1388 68.544 74.8068 59.0172 67.422 65.178 73.4808 60.588 77.9892 76.1736 92.1468 72.5628 94.9824 91.6572 86.4348 96.1656 99.144 111.812 103.795 92.5752 82.8852 88.3728 88.0056 95.0844 89.6784 89.9436 79.9068 84.15 98.838 91.3716 83.2932 71.1552 85.5984
85.4488 72.2442 73.2124 66.8058 71.3378 66.4144 80.2576 72.7592 78.795 72.9446 73.0476 76.7968 82.709 73.1506 87.3028 89.198 96.1196 84.6042 95.4604 77.765 79.31 81.4318 68.2478 68.9276 67.7328 74.4072 62.006 60.461 57.2474 58.607 64.3132 66.9294 65.5286 61.6146 73.9128 66.0436 60.3786 76.3642 66.744 71.0906 67.259 72.9858 71.7086 64.1072 82.9768 88.9096 91.876 82.3382 86.3758 77.2912 104.092 83.3064 79.1246 75.3548 93.6888 94.451 77.9504 82.3382 85.4282 82.0086 83.6566 78.3624 92.7412 97.0466 70.3696 74.2836 74.0364 81.7408 80.9168 77.9916 79.722 89.3216 93.3592 87.138 94.6158 85.2016 84.1922 79.1864 89.816 87.3646 81.6584 78.486 74.7574 87.3646 76.8998 85.6754 81.8232 90.2074 75.4784 73.8098 80.1752 85.9844 72.2648 75.0252 68.8246 89.198 69.6486 72.0176 65.7552 62.1502 69.8752 58.0096 71.8322 64.5604 61.9854 71.5026 74.263 76.4672 70.6168 78.3418 76.9822 65.6522 82.8326 70.349 71.9146 71.8734 88.3328 78.8774 85.284 82.0704 80.34 102.135 104.854 105.41 80.2164 73.9952 94.0184 87.9826 83.5742 71.1936 68.5156 73.9334 72.821 75.3136 78.3418 73.1712 76.2406 79.31 61.2026 76.9822 98.7358 76.426 81.3494 84.4188 83.4506 80.8344 77.0646 84.1304 86.0256 96.2844 99.5804 72.9034 90.3722 88.5388 83.224 74.881 80.3194 86.0462 85.9844 74.7574 68.6392 68.4126 64.2308 62.4592 55.7848 72.512 69.319 66.0436 60.049 65.0548 63.0566 63.0978 54.7754 57.6182 66.0642 59.843 73.0476 71.4408 84.2746 86.314 83.327 78.3006 90.2486 84.6042 89.0332 89.7748 77.8268 67.9182 87.9208 72.0382 69.3396 80.5254 77.0852 71.4408 67.465 71.1524 67.774 78.8568 79.928 72.4914
54.5792 67.8288 55.0992 55.0576 64.0016 61.6928 53.2688 72.0304 69.3264 56.7008 61.9424 82.6176 88.3584 79.4768 78.5616 74.7552 87.4224 72.384 82.16 68.64 71.6144 82.7216 79.1856 83.4288 75.6912 70.616 74.9424 69.8464 67.808 74.4016 61.3808 75.4832 59.9872 69.7632 71.3648 86.0288 68.224 69.1808 80.184 78.4368 72.1552 73.0496 70.8448 76.544 79.8096 81.6608 89.2944 88.8368 84.1776 89.6688 78.1664 86.944 83.2416 96.3456 82.1184 76.856 69.8048 67.8704 78.936 74.8384 75.712 72.592 67.6832 76.1696 78.7072 67.9328 76.232 79.56 90.8336 82.9712 89.7312 75.1296 84.9056 74.568 78.6864 90.168 86.424 80.7664 68.4736 75.6912 73.4656 88.8368 77.3136 63.2528 72.7792 79.664 67.4544 74.7136 79.6224 74.8384 73.112 65.8944 70.0544 78.0624 77.4176 65.8736 63.856 62.3792 65.728 64.4384 58.8224 72.1344 74.9632 57.9488 63.6272 58.3024 78.2496 63.5856 74.9008 77.4384 73.5904 75.712 80.808 74.5264 81.0576 74.5056 77.792 75.92 91.7696 69.6176 72.3216 77.7296 71.0944 72.7792 88.2128 77.0016 83.5952 63.544 82.7632 76.7936 79.8304 90.376 73.0288 75.0672 73.6736 84.6976 83.824 85.6336 74.256 71.8432 79.5184 77.272 72.5088 80.2672 87.8384 80.8496 77.8336 84.032 81.4112 76.5024 83.2 76.544 81.2032 84.8848 75.5456 83.7824 89.9184 84.2816 83.0544 76.4192 85.9248 74.2352 70.6992 81.5984 72.8208 70.2416 72.8208 66.1232 66.6432 75.8576 59.8832 74.4224 75.1088 63.232 62.3168 71.0112 68.536 68.952 82.9296 76.1696 85.7168 86.5072 81.0992 75.2752 80.4544 81.7024 75.6496 72.488 66.976 81.7648 69.5136 61.5472 65.8112 73.4448 54.1008 70.1376 66.8096 59.6336 54.184 61.8592
57.33 67.557 53.655 57.246 48.783 55.482 61.866 53.13 54.789 57.33 77.973 67.578 85.995 90.237 77.658 83.139 80.787 85.176 102.564 79.464 77.385 77.868 74.424 90.804 72.534 71.568 71.673 69.09 75.222 77.175 74.529 72.534 79.443 79.191 67.011 89.292 74.214 75.117 69.867 76.125 76.461 87.024 73.248 80.976 74.697 75.999 72.702 78.855 83.538 71.106 83.811 80.451 79.065 76.797 59.325 70.896 75.222 75.726 84.588 74.487 80.955 77.364 93.324 81.459 75.054 86.373 76.083 69.405 86.079 69.846 68.208 71.82 75.432 70.392 79.863 67.788 68.838 64.428 64.113 73.059 65.898 71.148 61.425 76.251 70.896 65.289 60.816 61.509 71.652 59.052 77.406 90.153 70.413 64.281 61.026 70.518 75.327 53.214 66.213 53.151 67.284 56.721 63.462 62.916 47.922 59.745 69.636 63.798 69.972 83.832 81.669 69.741 72.345 69.426 86.583 48.279 66.696 74.34 80.703 78.981 79.968 64.575 76.398 76.146 72.639 74.802 66.906 91.035 69.111 67.893 74.718 80.073 81.018 84.777 75.432 77.637 77.805 83.517 95.865 71.232 77.721 85.68 84.903 74.298 75.075 69.195 71.778 88.053 72.114 69.258 68.376 76.44 81.354 78.351 50.358 67.725 72.975 76.734 77.721 78.939 71.358 73.437 71.085 73.815 68.187 72.954 73.668 79.716 74.907 64.659 65.289 71.967 75.894 79.485 76.503 72.303 78.078 68.565 69.321 70.707 95.991 73.185 85.218 74.382 70.602 72.933 71.652 81.039 65.772 69.699 72.723 62.538 52.815 46.431 55.566 59.682 65.478 67.536 48.678 44.877
67.0344 48.6328 56.3496 64.9144 61.4588 64.7448 71.656 60.2504 83.1252 71.8256 85.2028 69.7268 79.5212 82.0652 91.9232 83.952 93.3648 81.8108 79.1396 84.6092 95.6332 82.8496 81.2596 84.3124 77.4224 86.284 59.5932 81.4928 73.882 70.49 69.4088 67.204 72.9492 69.2816 78.4824 63.7696 64.3208 78.8428 65.3808 75.1116 65.5716 70.8504 64.8932 71.4652 80.0724 62.5824 72.7372 76.2776 70.2144 81.5776 77.0832 73.5852 75.578 84.4608 65.5292 75.3024 71.6136 87.1108 78.758 69.3664 68.4124 75.472 74.6664 74.2 73.882 58.7664 74.0304 73.0976 72.4828 65.9532 82.574 66.25 73.7972 64.1936 63.4092 61.5648 70.278 89.6548 69.1544 81.5564 57.0068 64.766 52.47 79.076 62.5188 71.8256 64.1724 71.8044 68.0944 67.1404 69.3664 65.508 76.2564 62.9004 70.1084 57.8548 79.6908 75.9172 67.1828 60.2504 52.4276 63.5152 69.3452 68.7728 64.2148 75.578 71.55 59.2752 72.5252 65.402 66.1864 76.8076 68.8152 64.7236 74.3908 78.1856 56.286 60.1868 71.6772 62.8792 67.098 71.338 82.5104 83.7612 86.4536 56.2224 79.3516 57.1764 74.7088 75.3236 72.4616 63.1548 68.8152 69.218 79.3092 72.398 71.338 63.8756 72.8856 61.1196 64.0876 68.8576 79.9664 73.2248 74.7724 79.7332 66.6952 60.4836 84.8636 78.8216 75.5144 64.554 66.7588 75.3872 73.3096 83.316 60.6532 65.4656 72.398 61.268 56.5404 64.554 52.8728 67.9036 61.2044 62.54 72.2708 83.6764 73.9456 75.0268 78.2492 79.9876 65.8896 83.0404 76.2776 82.4892 84.5668 83.2312 75.8748 99.8096 88.6584 80.03 84.0792 79.1396 89.0824 91.7536 83.5916 78.5884 82.2136 61.5648 68.6244 68.1368 68.9848 68.3488 64.1936 62.8792 68.1156 54.166 61.4376 50.6044
58.7644 64.1786 67.5812 67.3458 69.4858 64.7992 81.855 76.4194 72.4176 77.0614 71.5616 82.4542 81.1274 97.0918 98.8038 99.938 102.527 91.9344 84.316 86.4346 100.944 80.4212 77.789 80.6566 81.5768 67.9878 73.2736 76.6334 68.3302 65.27 64.2856 63.9004 68.7796 70.4488 61.4608 58.85 64.1358 65.5482 61.8674 63.9646 56.9882 67.1746 83.2246 75.7346 66.019 78.9018 67.0034 76.184 71.7114 73.402 83.7596 82.7966 73.7444 75.9272 63.6008 70.5772 75.0284 77.6606 77.0186 62.1242 71.8184 59.8558 65.6338 70.3846 59.0426 71.1336 73.295 69.443 66.661 79.8862 49.113 67.9022 55.8326 67.6026 71.9682 68.587 72.8884 50.4184 62.8518 61.3752 70.5772 52.43 69.2718 71.3262 63.7292 68.6298 69.8282 59.278 57.5874 71.3476 64.4782 73.8728 73.937 65.3128 53.5214 64.4354 60.6476 54.7412 55.2762 53.5214 77.7248 69.0792 57.6516 59.3208 65.805 65.484 60.455 61.1398 62.167 70.727 77.8318 64.2642 67.3886 73.4448 69.6998 66.5326 72.0752 61.3752 60.4122 79.394 62.167 91.271 61.0756 64.0074 64.0502 69.0364 66.0618 66.2972 60.2196 68.266 55.1692 67.2174 61.4394 62.1884 55.8112 68.4586 79.9076 48.8134 63.7292 75.863 56.9454 79.9504 68.7368 62.0386 82.069 86.1136 69.0364 79.0944 80.1002 77.6606 71.476 64.307 79.4796 79.394 87.74 82.39 79.2442 63.7506 73.8514 64.3498 68.7796 69.4644 69.122 77.9816 60.6262 66.233 67.5812 63.7078 61.0542 61.1398 72.1608 53.4572 75.6276 78.5166 72.4604 70.2562 79.608 79.8434 81.6196 80.5924 79.4154 90.6504 112.992 95.2942 94.7378 99.5742 92.983 86.67 84.8724 69.764 84.5942 83.46 57.4804 68.8652 72.1608 55.2548 75.7132 69.7854 66.3828 48.0002
77.0688 65.8152 68.0616 61.668 69.4656 77.0256 78.4296 65.34 74.3256 91.1304 74.8656 86.3352 90.7848 87.912 88.9272 84.8664 93.7008 86.9184 79.5528 86.5728 75.6432 73.5264 75.1896 84.132 68.0832 70.8696 76.6152 78.0624 71.1072 60.6744 63.6336 48.9672 66.0528 58.1688 59.1408 74.196 74.088 57.1536 66.5928 62.9856 62.1648 62.4456 65.0592 54 71.5392 64.7784 73.656 70.524 68.4936 75.816 68.58 60.6744 67.7376 67.4784 72.4464 73.548 79.9848 63.2232 67.2624 71.7336 65.3616 66.8952 68.4936 66.2904 67.4136 62.9856 72.9648 54.7776 65.88 64.8648 70.8264 69.2712 56.0304 70.7184 59.1192 59.8536 69.66 60.6096 55.0584 69.0336 55.9872 65.9448 58.2768 72.7272 69.9192 55.2744 51.624 57.672 67.284 66.8304 76.9392 50.1768 75.0168 74.2392 59.2488 68.5152 60.1128 66.744 49.6152 61.1496 62.6616 54.972 75.7728 59.2272 59.076 71.28 65.6424 61.3224 63.828 80.136 64.0656 69.3144 63.2232 69.5088 75.9672 66.9816 66.7656 67.068 72.9648 70.5456 61.6464 74.3688 68.688 74.52 70.5024 53.0064 69.7248 52.4664 55.512 70.4808 63.1368 70.8696 57.3048 69.4224 67.3272 66.2688 62.9856 62.8776 72.7272 58.9464 63.72 65.5992 61.5168 70.6536 77.8032 73.548 74.4336 57.7368 61.236 71.5608 64.5408 75.708 69.444 73.9584 64.1304 57.2832 73.7856 68.8824 68.2128 65.0592 77.0256 77.0472 80.46 63.4824 72.6408 73.6128 55.7712 61.992 67.1112 57.9096 76.7016 65.772 65.8152 72.3168 82.728 83.0088 75.5784 66.8304 86.2488 102.773 81.4536 85.86 87.4368 84.4128 76.1184 90.9144 88.9272 69.768 79.38 79.5528 77.9328 64.8216 73.98 66.6792 72.5544 79.6824 74.8008 69.2064 76.9176 73.7208
86.1318 78.3928 72.921 84.9328 70.7192 79.9624 87.0692 76.9322 76.1692 67.3184 69.5638 86.8076 92.3666 85.892 88.5952 81.2268 88.6824 89.6634 78.371 75.646 80.2894 81.2268 74.0764 81.2922 83.2106 71.3078 66.381 65.9014 81.2704 58.0316 67.2312 64.2228 71.4386 64.2228 66.1412 58.424 56.9852 78.9596 62.8058 54.0858 65.6616 58.4458 64.0702 75.6024 67.253 65.945 58.0534 65.2474 66.381 57.6174 76.3872 73.248 68.3212 77.9568 77.3246 68.3648 68.6046 74.0982 60.5168 64.2228 61.8248 74.2072 78.0222 69.3022 68.8008 60.5822 69.5856 57.2032 51.4916 62.6968 67.1658 53.8024 61.803 66.7734 58.1842 68.67 62.2826 61.2798 66.3156 76.1038 52.3418 70.6102 68.0814 64.1792 72.4414 65.073 74.6432 73.6622 66.2502 74.5996 68.2558 70.3704 74.4252 72.6594 69.2368 67.9506 51.6442 56.8326 48.7884 59.1652 66.7516 77.608 73.0736 58.9254 65.4218 76.5398 67.3184 57.9444 71.0244 77.281 61.476 68.1686 73.4224 65.3128 56.4838 78.4146 66.2938 70.8064 64.8114 61.1272 75.9512 64.8114 76.9322 64.8114 58.3586 66.6208 58.3586 66.1848 69.106 76.3 86.5024 76.9104 71.6348 62.3262 55.6554 62.4788 57.6174 55.2412 56.5056 56.353 65.4218 69.0842 69.542 70.2178 72.7466 71.6784 78.8942 71.1988 74.4688 57.6174 82.4912 53.1484 67.9942 62.8712 58.0098 61.5196 62.13 67.253 69.8254 57.334 64.2446 63.7214 70.414 69.8472 61.694 72.8774 63.7432 63.1764 73.684 59.1434 66.8606 61.367 52.0802 68.9752 68.5174 70.741 81.1396 95.1134 75.1446 73.793 78.698 82.5784 80.66 95.9854 75.5806 87.6578 73.8584 74.1854 90.9714 73.6622 76.2782 76.1692 72.0926 68.343 78.6544 78.5236 70.7628 78.4146 63.983 81.1614
77.506 80.3 71.104 74.91 71.368 73.414 70.576 81.708 73.392 84.7 62.546 83.93 81.708 80.454 76.274 76.648 94.446 86.834 82.874 91.85 73.92 88.902 79.684 72.138 70.07 76.538 82.852 85.338 74.448 67.364 77.022 73.964 65.714 71.39 69.564 56.298 61.578 61.05 65.098 60.72 55 50.27 62.568 69.63 56.65 64.416 66.616 57.86 65.428 63.536 75.35 63.228 71.918 63.998 75.636 76.934 61.468 70.048 65.23 66.968 63.602 59.158 69.212 66.088 56.65 63.404 61.798 64.24 56.474 71.61 50.578 70.598 62.15 71.742 56.628 74.382 69.014 71.126 64.174 63.184 63.844 68.882 64.944 58.586 60.588 75.79 66.726 70.576 70.18 55.682 76.34 65.956 63.514 72.468 72.138 60.478 60.126 57.75 49.28 60.324 59.004 67.012 60.522 59.51 70.07 57.596 68.904 67.056 54.89 72.006 80.916 67.606 56.716 64.086 75.284 59.268 67.1 66.946 66.66 68.794 62.7 69.498 66.616 78.54 74.228 69.872 63.954 63.382 57.134 68.442 68.112 59.18 59.554 67.65 53.086 49.588 68.838 62.26 69.432 75.614 64.174 65.01 62.128 63.58 81.356 78.166 76.824 76.956 76.054 70.62 63.118 67.914 58.41 58.916 58.19 43.472 62.744 60.808 55.418 52.47 52.25 52.8 60.588 63.558 68.882 62.216 62.524 65.604 61.776 74.096 73.216 72.292 69.476 75.35 68.222 77.11 78.43 88.066 89.056 87.296 81.774 75.548 84.062 88.242 83.754 97.35 82.72 73.502 76.802 65.78 77.286 68.112 68.244 67.826 76.098 87.89 87.604 76.626 69.696 78.342
68.6868 74.6142 76.7454 73.2156 81.6516 78.1218 73.6818 79.5648 71.706 85.2036 75.3246 70.2408 73.0158 87.8454 81.0966 85.4922 83.0058 86.0028 86.025 85.8252 79.1652 92.7294 75.7242 78.1218 86.4246 84.7152 69.153 66.711 71.9946 74.6808 72.2166 68.154 51.8148 58.3416 51.2154 52.7916 74.925 58.4748 51.504 54.4566 50.1498 55.1892 55.4556 69.4416 59.1408 67.9098 62.4042 67.044 65.2902 54.5676 68.5092 64.1802 71.7504 62.8482 59.4072 71.5062 55.7886 65.8674 79.698 64.5576 64.1802 73.6374 62.826 56.4768 61.4718 57.8754 58.6746 65.5122 62.8038 60.8724 71.4174 71.7726 77.1894 68.0874 59.8068 58.7412 60.1398 71.5062 52.3476 71.5506 71.8392 65.268 66.6888 62.5374 61.2942 72.7938 75.369 64.1358 71.6616 62.16 75.5466 59.274 80.0532 67.821 60.2064 63.9804 70.7292 61.05 54.057 59.3406 60.5394 70.0632 65.157 60.4062 79.3428 60.606 76.3014 67.1994 67.4658 69.8412 69.2196 63.6696 75.7242 64.9794 73.4598 58.7634 61.2276 59.2518 78.6546 65.49 82.7838 68.7978 58.5414 64.5576 60.3174 63.5808 60.9612 68.3982 70.152 79.8312 65.5122 61.1832 62.9592 60.6948 60.4506 60.4728 60.0732 55.389 65.8896 56.0994 61.605 57.6756 68.265 64.4466 79.1652 73.5486 65.4456 60.717 70.5516 75.6354 63.048 60.9834 59.8956 63.2478 49.4394 52.9692 46.5978 62.6484 57.7644 48.285 49.839 58.2306 52.3254 53.7018 56.6544 60.8946 55.2114 54.4344 54.0348 57.72 65.1792 71.3952 63.825 65.4012 74.1924 83.7828 85.47 81.4296 89.0664 85.7586 88.6446 87.9342 94.1058 85.3368 91.8636 80.475 78.144 69.4194 64.7352 84.4488 77.1672 75.4578 77.5224 75.9462 72.2166 76.6344 64.9572 76.6566 76.5456 79.143
59.6064 65.0496 62.7424 71.344 73.5392 73.1808 67.5584 74.704 67.424 72.464 71.8816 85.0304 88.4128 85.1872 80.2592 87.0912 97.8208 90.8544 82.4992 95.4912 90.7648 76.944 82.0736 82.4768 81.4464 66.4832 65.8784 72.0832 70.4704 59.9648 50.2656 52.8192 50.5344 57.8368 58.0832 59.024 53.4016 57.0304 49.9072 52.9536 57.2992 60.704 52.8864 68.4096 57.1872 63.7952 71.6128 52.7968 59.2928 61.1744 70.0672 73.2928 70.224 82.3424 70.2912 65.3184 60.6592 62.2272 62.2944 70.784 63.1008 62.4736 57.2096 71.9936 57.2768 57.7472 69.888 59.3152 68.9248 76.0704 68.4096 59.3376 73.8528 67.7376 68.4096 68.544 72.8 70.5152 66.304 76.6752 62.3168 64.4 72.3296 67.5808 67.8048 67.0432 72.1504 68.8352 67.312 71.5456 79.3408 77.5712 70.7168 60.6368 58.3296 63.5264 51.9456 78.1536 53.088 62.2272 50.4448 48.5184 50.0192 68.4544 59.2704 65.408 55.8432 76.8096 79.2736 70.5824 58.4416 80.304 71.0976 73.8752 79.072 71.5456 62.4288 73.1584 56.8736 55.3504 59.0016 69.2384 80.4384 66.416 73.0688 57.2992 60.9056 62.3616 64.7584 57.8816 66.9088 53.6256 60.816 63.9744 56.6944 63.7728 61.3984 49.4368 62.2944 55.9104 71.456 79.5872 45.3824 54.0288 67.6704 67.3344 57.0752 78.9376 77.3472 74.3456 67.5136 67.4016 62.6976 59.808 51.9008 52.3712 60.6592 56.5152 53.424 52.2144 55.1264 56.112 49.6832 56.9632 56.336 57.2768 67.7824 58.5984 63.9296 57.1424 62.272 59.2928 59.2704 73.1584 73.0464 65.3856 84.4928 77.8176 81.2448 82.096 87.696 82.0288 94.7968 96.8576 97.0592 94.1472 101.763 84.9632 89.488 74.9728 82.2528 83.9776 76.4288 67.4016 65.9008 65.4976 72.352 58.0608 70.4928 69.6192
64.5456 55.5056 61.3816 62.0822 71.0092 77.5632 75.7552 74.806 82.1736 97.6094 86.4224 86.5354 93.0216 93.903 86.0834 88.7728 90.4452 95.1234 105.655 90.9424 91.8238 70.06 69.947 78.6706 79.7102 80.8176 68.0486 75.8456 74.9642 58.4888 69.721 63.2122 62.5794 60.6132 49.6974 50.8274 56.8164 55.8446 54.466 50.4432 56.3192 57.1328 64.5456 70.3538 56.5226 65.992 65.653 55.0536 60.4324 61.02 63.054 61.585 70.0826 65.4948 72.5234 63.8902 62.0144 65.7434 68.9978 64.975 72.1844 52.6354 65.653 69.6984 57.4492 63.2348 60.6358 68.6814 60.5454 61.5624 72.2296 60.7036 67.6418 56.6582 69.156 81.2244 70.2634 51.189 63.6868 69.269 70.3312 56.7938 76.7722 65.1558 76.8174 61.133 64.071 79.8232 54.1948 74.806 63.4382 70.1278 66.0146 57.63 57.1102 65.8338 56.7712 45.5616 63.4382 53.449 70.0148 58.9408 67.1446 51.0986 70.3312 73.4048 54.0818 73.2014 84.7726 72.0036 68.252 68.7492 48.1606 68.0938 62.4212 68.3424 71.3482 66.9638 65.1332 77.7666 64.0258 70.399 57.5848 61.2008 82.151 76.1168 71.2578 60.8844 77.7892 80.0492 63.054 68.8622 66.67 71.0092 65.879 56.161 62.0596 54.2852 65.6982 67.1446 64.5908 61.698 75.823 64.1388 62.7602 70.6024 74.3314 80.6594 62.376 69.0656 55.6186 55.596 63.8224 55.031 51.8444 63.2574 55.144 62.1274 54.2626 66.5118 55.1214 58.1272 72.9528 60.2516 63.3026 58.8052 58.2854 50.9404 67.3028 57.065 53.8332 69.043 66.3988 70.9866 63.7772 80.2978 76.1394 84.072 103.259 95.1686 104.796 82.2866 103.305 91.5978 92.0724 94.7392 103.598 90.3774 90.7842 80.2752 76.0716 81.4052 81.2018 65.088 85.0664 68.4102 70.3312 55.822 54.918 54.8502
59.1204 55.518 53.7396 63.1104 69.882 80.9856 65.9376 68.3544 75.0348 81.0084 75.3768 83.7444 85.5912 90.63 88.7148 82.8552 79.6176 86.3436 89.9004 82.8096 85.1808 80.8944 83.676 92.6136 75.3768 75.4224 80.1192 77.064 73.8036 66.918 68.742 70.8624 69.312 65.436 48.906 49.0656 52.6908 60.99 59.0292 57.5928 62.472 68.4 45.3948 68.0124 66.0744 64.638 69.654 59.28 60.3744 66.3252 64.6152 71.4096 59.3028 63.5664 65.5044 67.1004 66.1656 50.616 61.3092 63.384 54.4008 64.752 60.9216 68.3772 57.4788 60.648 68.9016 74.6472 62.0844 59.5308 73.416 77.6796 61.788 75.7416 59.052 58.6188 57.57 56.7036 75.6276 68.7876 75.0348 65.9832 64.5012 66.69 81.054 59.9412 71.0676 52.1436 77.1096 61.902 60.5796 73.758 85.7736 56.9088 70.7028 64.5924 70.9308 60.0096 66.6216 61.3776 62.0616 52.7364 52.4856 65.3448 58.4592 83.0376 58.5732 68.3544 68.97 75.4452 67.602 68.172 78.432 81.4416 57.6384 64.4784 55.0848 55.3356 55.9968 64.182 57.456 73.644 62.6088 73.1652 81.8064 71.8428 57.6612 70.6116 60.42 66.006 79.572 65.778 68.7192 57.7296 68.3544 53.808 68.7876 58.5732 59.3484 63.042 62.1072 70.908 65.2308 79.2528 49.362 66.7584 64.7292 76.2888 72.6864 75.2856 70.7256 60.2148 68.058 59.0748 54.9252 52.0752 53.0556 58.8696 50.73 53.352 57.5928 54.2868 59.2572 50.6616 56.0424 69.9048 49.8408 67.1688 55.9284 61.674 70.908 74.6244 71.8884 97.698 86.184 72.3672 78.66 90.6984 101.278 80.6208 86.7084 91.7472 77.9988 90.2196 77.862 79.7772 84.1092 84.1548 89.946 76.6308 59.4624 82.3992 74.5104 59.9184 73.6896 75.8784 64.8888 57.6612 55.0848 54.4008
63.342 66.217 64.607 64.837 67.62 76.912 76.567 72.956 59.409 74.98 74.957 61.893 88.412 79.971 78.292 87.561 61.778 97.957 75.969 75.969 76.636 76.59 91.908 71.898 73.715 64.584 59.731 79.488 74.29 84.295 78.66 59.616 66.47 66.976 66.47 59.639 66.47 69.552 58.213 52.624 51.198 68.218 64.285 59.777 65.136 60.927 55.453 70.334 67.528 75.187 72.726 56.695 79.994 68.494 69.736 52.647 73.324 62.192 60.467 56.028 70.794 55.913 53.429 67.459 55.062 62.054 64.561 61.778 55.062 70.679 69.414 67.068 64.446 73.646 74.382 69 70.679 77.395 72.795 70.725 78.844 68.425 68.402 59.708 71.484 73.554 68.218 61.985 64.308 67.505 66.539 55.154 61.387 66.7 71.277 61.778 76.314 55.821 65.09 67.873 63.227 59.501 74.152 66.309 56.833 63.503 68.701 67.367 71.116 68.632 78.752 64.377 73.278 80.408 69.874 58.719 73.37 66.217 57.638 66.286 63.066 66.102 66.056 70.127 69.529 63.043 78.821 67.436 64.193 56.189 60.375 61.41 67.62 49.749 65.251 60.651 50.117 64.699 61.939 64.354 71.921 63.963 69.299 74.842 66.47 67.367 62.399 74.98 67.252 60.674 71.967 59.57 66.723 55.568 61.778 73.83 63.618 61.088 59.662 61.824 57.109 66.424 63.02 62.813 65.78 73.6 67.942 69.644 81.604 68.08 90.85 84.571 88.458 67.85 69.299 77.234 87.538 76.475 78.269 78.315 84.295 88.918 78.292 90.988 73.048 100.648 65.711 73.577 78.821 74.865 73.301 66.01 78.614 72.772 73.347 68.057 50.991 60.996 61.571 72.358
61.944 59.9952 60.9696 68.4168 57.5592 52.9888 63.8464 59.5312 57.3736 60.2736 60.204 66.816 84.7728 92.6144 79.8544 81.7336 62.8256 81.1072 66.236 78.648 75.7944 69.8552 69.8784 75.2376 67.8832 76.9776 66.7 75.9104 72.9176 56.84 66.7696 65.8184 81.8264 73.0568 70.7136 80.2952 67.8368 56.6776 61.248 64.6352 69.2288 64.2176 63.5912 73.892 68.3472 61.7816 55.0768 61.9904 64.9832 63.104 70.8064 69.2056 72.1288 77.7664 61.4104 68.8808 52.1536 59.4152 79.1352 62.1992 61.3872 69.02 60.6216 60.9 54.3344 55.4944 61.5496 64.612 61.248 70.296 68.092 73.3584 75.3768 62.4312 75.9568 84.7264 67.9064 65.9344 67.6744 54.6824 48.372 71.6184 65.0296 67.4888 71.1312 73.8456 68.1848 71.92 64.2408 57.3272 58.6032 62.6632 61.3872 62.9648 55.2392 61.1784 61.712 64.6352 55.7032 52.1072 64.6584 63.8696 70.5048 58.4176 60.668 60.8536 61.0392 72.4072 61.364 60.4128 71.456 74.1472 73.196 66.7928 60.1808 64.0784 52.3624 72.1056 79.9472 77.3952 58.1624 68.7648 73.0568 71.1312 62.292 67.9528 68.1616 56.1208 75.7944 74.3096 75.8176 67.86 54.3344 68.2776 54.172 61.712 56.5152 58.696 58.5336 68.3704 55.1 62.7328 70.8528 69.3216 68.7184 61.8976 66.0504 69.368 76.792 66.7696 62.3384 65.54 69.8088 61.132 70.9456 60.0184 72.2216 74.9128 70.6904 71.3632 67.2104 77.3488 73.6136 63.7768 82.94 68.1848 66.0272 65.54 66.7464 78.416 64.9368 67.9064 73.8224 60.4592 55.6568 71.5952 67.9528 63.7304 57.5592 64.728 71.4328 61.48 76.3048 87.7424 87.1856 79.924 71.108 67.7208 77.5576 58.7888 68.7416 62.756 66.4912 59.856 57.4664 60.4592 63.0808 62.64 72.4072 68.3936
58.3128 56.394 56.043 55.224 65.0988 59.9742 59.9742 66.1518 55.4112 71.5338 59.67 66.7836 57.8448 72.4464 64.467 75.9096 82.2744 84.7548 74.9034 65.169 67.3452 73.4058 72.4932 78.975 54.1944 55.3644 57.4236 55.0602 52.6734 64.2564 53.1882 62.5014 69.0768 58.3362 71.5572 57.9384 78.6006 67.6962 80.7066 73.4292 74.997 73.9908 76.3542 76.8222 76.8456 75.1374 81.3618 62.3376 70.317 85.878 82.8828 82.251 71.1594 73.6866 63.6246 65.9412 76.3308 73.4058 58.1022 68.8896 53.235 65.403 61.7994 70.6446 58.7106 79.3728 74.9502 58.266 67.041 69.381 72.3762 71.0658 66.5028 69.4746 66.2688 68.2578 63.414 63.9522 59.9742 71.6508 60.6528 82.4616 62.6418 61.9632 66.2688 71.7678 69.4512 65.3796 64.233 56.9322 81.8298 60.0912 63.5544 61.074 76.752 70.2468 68.1408 62.361 68.913 73.125 68.5152 62.1036 65.9178 63.7884 68.913 48.6954 72.0954 79.5132 72.189 73.944 68.8662 80.1918 73.8738 87.867 72.1656 73.5228 75.8628 71.8848 64.7712 71.2764 77.0094 64.7478 65.4732 66.807 92.313 67.7898 71.0424 66.7134 65.6838 70.785 57.6576 74.8566 78.5304 57.3768 71.5572 68.1642 74.88 68.562 75.3714 77.1732 69.6852 75.8628 61.0506 66.7134 76.6584 76.3542 64.4202 71.8146 73.4526 75.7458 75.465 77.5242 67.041 72.306 79.0218 92.3598 69.615 74.4588 80.3556 72.9378 59.6934 69.4512 66.924 76.6584 62.9226 53.1882 64.2798 60.6996 65.8242 57.2364 60.1614 55.2006 52.0884 64.701 67.6494 68.1876 67.7664 66.7368 78.2262 74.3652 83.9592 56.0196 75.9096 82.953 81.4086 83.07 75.6288 84.9654 66.0348 71.136 70.7148 63.999 49.6548 55.458 66.573 52.7904 63.9522 62.1504 55.1304 57.5874
59.2124 54.044 56.994 53.4304 54.0912 63.0828 60.5812 59.0236 67.85 60.4632 61.6196 55.9556 70.3044 82.6944 76.8888 73.2544 62.4692 61.5724 66.7644 72.688 66.5048 67.2836 61.9264 60.3216 58.882 61.7848 60.8172 53.926 59.944 58.646 61.8792 55.9556 68.0388 62.5164 57.0884 65.962 60.4396 64.4044 77.3844 74.222 69.4548 71.1304 78.7532 99.6628 62.9884 65.0888 74.7412 78.1632 81.3492 76.8888 81.0896 77.0304 78.824 83.8272 80.5232 71.6968 78.1868 75.638 70.2572 55.5308 71.6732 90.0104 61.9028 74.8592 52.8168 63.4368 59.3068 64.6404 63.956 67.8028 66.1744 60.9824 53.7136 80.9008 64.8292 74.8828 73.7264 72.2868 66.316 72.7116 63.5784 62.422 65.962 85.9276 60.3452 51.8256 50.5276 67.2128 57.112 69.502 70.0684 67.9208 75.1424 66.1272 76.346 58.6224 71.2956 66.7172 62.2096 69.2424 71.7676 68.8884 52.8168 61.95 67.8736 63.7672 69.5256 76.9124 64.4044 69.4076 59 70.7528 70.0684 79.4612 80.0512 84.134 63.1064 67.968 73.9388 67.1892 80.9716 74.7176 74.9536 76.8416 80.5232 77.1248 59.3068 68.6996 60.534 63.6964 73.8444 63.2716 69.8324 65.7968 75.874 68.9356 61.4308 64.4516 56.4748 73.986 68.1096 71.1304 78.7296 56.2152 61.0296 81.4436 67.496 80.4052 70.9888 85.1488 89.1136 93.2672 85.1016 88.146 83.9688 64.8292 73.7028 75.3312 71.744 82.9776 79.5084 77.762 71.4608 74.1512 66.7172 64.9236 49.56 48.5216 54.7756 48.1204 55.7904 53.3124 50.3624 68.0152 62.6108 63.602 68.9828 65.0416 63.9324 64.7112 85.2904 62.304 74.7176 77.0068 86.0456 75.048 64.0268 62.1624 70.9416 70.0212 70.1392 62.3984 65.1832 69.738 61.8084 63.8852 64.546 58.2448 53.8552 55.696
72.5186 74.5416 68.306 63.7126 62.5464 60.5948 79.7776 72.6376 85.085 73.1374 86.1322 70.5908 70.4004 91.4158 80.1822 77.0168 85.7276 81.7054 89.9878 77.0882 72.947 64.855 72.0902 63.8792 69.139 63.8792 63.7126 58.7622 49.742 53.2406 56.882 71.2334 63.903 58.3576 52.598 50.5036 67.2588 66.878 54.4782 52.5742 68.0442 62.6416 76.4456 66.6162 65.926 75.4698 72.3044 76.7312 91.035 76.2076 81.991 73.066 91.511 84.0854 90.1306 78.4448 75.9458 80.087 80.1584 69.8054 74.9462 68.8296 81.6816 66.7352 71.9236 62.6416 72.1616 65.5928 62.9034 61.3326 70.448 62.1656 77.35 65.331 68.0204 66.64 66.5924 73.3754 67.1398 75.0176 71.2334 81.3722 74.6606 68.0204 74.8748 76.8026 68.8058 78.6114 77.1358 75.6126 51.0272 61.8086 64.8074 54.8352 64.7122 61.2136 71.6142 50.1228 53.5262 45.3628 54.2878 57.1914 62.8082 65.9498 43.5064 71.4 72.4472 60.1664 76.0886 85.918 73.899 66.7352 91.9156 62.6654 77.7308 72.947 73.1612 59.8094 63.07 87.3698 71.4476 74.851 62.951 68.5916 66.997 75.0176 69.377 74.2322 70.4956 69.6864 67.6158 66.64 87.9648 68.901 69.2342 66.4496 67.3302 66.997 60.0474 72.114 73.6134 73.7562 75.1128 84.133 90.8446 89.607 92.3916 82.6812 84.8232 83.5142 91.2968 86.5368 80.3726 75.803 82.2766 70.21 62.8796 62.9034 59.2144 59.7142 67.83 63.3794 57.2628 60.3806 58.9526 42.4116 44.4822 54.383 61.6658 52.4552 60.6662 57.4056 58.0958 54.7876 61.4278 63.903 67.9966 74.7082 66.5448 77.0882 89.726 67.4492 85.2278 86.513 78.0878 70.091 68.663 73.066 71.9236 72.3996 72.2806 64.9978 65.7118 75.7078 79.373 76.3028 74.4702 67.235 80.9676 78.0164
89.472 83.4 83.616 78.288 72.024 81.576 88.344 90.6 84.216 89.424 76.344 83.928 81.288 74.784 77.184 77.112 103.176 76.296 93.768 82.92 75.576 80.448 68.184 79.296 62.928 62.376 60.864 54.456 61.056 52.44 56.832 48.384 57.096 55.656 56.712 58.848 53.856 51.648 54.6 54.792 64.272 63.6 60.6 62.832 58.608 59.736 77.808 73.752 81.264 90.24 87.048 81.912 70.128 81.864 86.568 89.976 87.456 81.6 90.456 97.2 65.16 82.224 75.696 72.864 67.152 70.56 73.728 72.048 74.712 65.424 73.416 75.888 80.088 74.112 65.424 83.88 74.688 69.072 82.776 80.976 65.232 69.888 67.344 71.928 82.536 88.2 63.744 72.696 67.296 76.776 81.024 75.36 87.912 57.36 57.48 57.768 60.408 68.424 66.168 66.264 64.992 68.784 57.432 67.512 68.664 61.512 76.008 55.512 68.304 79.752 79.08 84.408 74.424 64.056 60 66.552 68.04 76.2 69.072 64.68 80.136 74.832 63.672 64.824 81.288 64.656 74.088 75.912 73.44 76.944 76.776 74.592 71.376 70.152 67.848 75 66.36 78.792 65.544 67.752 98.976 76.176 94.872 96.168 98.496 92.784 95.976 85.104 82.704 91.944 83.4 75.672 74.616 75.048 69.648 55.944 58.896 61.296 65.976 47.64 61.392 64.68 51.792 58.896 57.432 57.048 51.6 65.016 57.216 53.28 54.288 59.952 52.848 69 74.544 67.272 73.968 69.36 89.352 71.472 80.688 88.8 88.56 91.704 77.568 76.536 79.488 75.888 91.752 90.096 73.608 72.792 64.608 83.28 93.744 80.28 81.96 84.768 91.992 95.352
84.821 80.9974 82.7882 74.6086 90.4354 81.2152 92.4198 86.3456 75.2862 93.3152 97.405 94.7914 88.9592 110.957 92.8554 97.6712 85.6922 100.745 101.809 94.1622 90.5564 83.732 87.483 83.49 79.376 69.817 56.7248 77.7788 70.1074 54.5952 57.4266 54.208 63.9364 60.9114 63.8396 56.7974 55.297 51.2072 56.7248 51.5218 62.8958 54.1112 68.728 56.1198 57.0878 74.3182 60.984 59.1448 72.0918 73.4228 78.0934 75.1168 78.8436 79.134 92.5408 95.348 85.789 103.382 87.1926 98.4698 98.5908 83.2722 81.3846 87.725 75.5766 80.9974 71.8982 85.3292 82.5462 82.1832 72.1402 79.739 83.6594 64.5172 70.9302 81.0942 82.159 85.2324 73.8826 74.1004 69.9622 69.817 77.0286 74.0762 88.0638 79.2308 64.4446 70.906 71.027 77.2464 78.3838 68.0988 70.3736 100.285 67.9778 76.835 54.208 55.7084 66.6226 60.0402 80.8764 63.888 65.7514 70.4462 65.0496 71.4868 73.1082 69.575 61.468 75.746 55.66 71.7046 83.7804 63.9122 63.7428 59.895 73.5438 84.4822 69.5508 56.628 82.8608 63.9122 73.0356 72.7936 64.7592 72.8178 69.1636 73.2292 79.3518 66.2112 57.6928 77.0286 73.326 87.3378 76.6898 82.0622 85.4986 76.472 82.7156 82.1832 85.2082 88.0638 97.3808 80.223 85.2808 76.1816 82.9576 86.4424 75.8428 77.2706 70.2768 75.2378 63.8396 76.6172 61.4196 61.952 53.966 60.0402 52.7802 74.173 55.1276 60.1854 53.0948 53.966 59.5078 66.4048 51.425 58.6608 56.6522 45.8348 59.5562 64.7108 64.3478 76.5446 66.9856 73.9794 71.9224 75.5282 77.1738 86.7086 92.8796 87.5072 103.116 98.01 100.551 82.5462 79.9568 93.7992 99.583 92.565 80.1988 93.0732 91.1614 92.5408 87.725 87.0474 83.4416 62.315 71.6804 67.518
75.5912 73.8344 78.6412 78.1532 79.666 87.23 90.8656 77.1772 86.986 105.969 90.7924 91.4756 93.086 87.9864 101.626 106.555 104.627 103.017 107.36 101.87 102.431 100.552 80.1052 84.6924 91.988 87.5716 80.4956 74.3712 88.5964 70.4428 74.3224 69.5156 62.4884 66.368 59.536 71.0528 54.6316 58.7064 71.6872 67.344 61.1464 55.3636 63.074 74.6152 78.0312 69.8328 62.6836 70.2476 59.048 76.25 73.8344 77.6652 75.3716 84.5948 86.4248 73.5416 76.9088 80.032 76.2988 86.6932 92.6468 72.5168 98.0148 98.1124 63.7816 96.746 91.6708 92.0856 79.0316 90.8656 77.7872 75.9084 81.4228 70.0768 84.5216 76.86 78.934 72.1996 78.5192 78.1044 63.1228 82.5452 73.9076 79.4464 79.2756 76.5916 60.2436 74.4932 69.3448 70.3452 86.6444 74.3956 61.244 73.0536 81.3252 69.3204 60.6584 66.9292 62.7324 69.2472 60.39 71.1992 69.8572 61.4392 73.5172 72.7852 67.832 73.566 79.2024 86.0832 75.4448 78.2752 78.0068 79.1292 94.8916 79.1292 77.2504 80.7396 80.8616 78.6656 81.8864 93.452 69.9548 78.7144 85.8636 72.712 71.7604 65.8556 89.0112 77.5188 81.8132 88.1084 73.5904 89.3284 93.818 88.328 95.7456 80.0076 80.52 73.322 88.7184 87.596 92.6712 73.932 75.3228 87.6936 66.2216 66.8804 67.6124 76.5916 64.8308 69.174 68.8812 58.316 71.0528 58.56 65.1236 69.0032 70.4916 46.9944 67.4416 63.318 58.0964 68.2956 54.5828 62.098 67.954 69.4912 65.3188 59.414 67.6124 61.6344 66.368 85.522 87.5228 87.962 101.968 91.0852 90.4264 100.723 92.4028 103.31 104.774 119.218 103.578 94.6476 94.6232 103.456 100.479 86.986 91.2072 85.2536 88.4744 71.1504 85.5708 75.0544 82.4232 85.9124 85.3756 63.7572
63.3204 61.869 69.2244 66.3708 85.116 72.816 82.1148 87.1332 76.9488 83.0742 110.725 93.4062 99.9744 108.215 88.191 99.3348 107.748 97.6866 115.522 95.0298 110.134 118.523 90.8478 103.689 89.7162 111.979 92.619 81.8442 85.1406 77.1702 73.9722 68.9046 62.5332 85.1406 77.2932 71.6106 63.1728 64.7718 76.2354 64.4766 72.5454 63.4926 74.2182 66.3708 74.292 75.9648 61.6476 71.217 63.6402 71.3154 72.3486 62.3364 71.1924 76.629 70.3068 75.7434 90.1098 84.0828 68.2158 81.918 72.4224 69.6426 82.4592 85.2636 92.8404 89.3472 98.769 84.9192 82.041 94.6608 93.5046 86.8626 95.817 96.2598 90.159 90.9954 88.8306 81.9672 76.9242 79.4088 64.0092 75.1776 85.4112 87.1332 72.693 77.9328 81.2292 65.1162 65.7066 86.4936 64.0092 75.1284 68.5602 69.0276 73.5048 66.8136 78.0804 60.3192 72.3978 65.1654 57.6378 51.9552 64.3536 67.5762 71.5122 66.5922 82.3116 80.442 74.0214 69.003 87.7974 79.95 63.6156 84.5502 90.8478 81.2784 81.3768 72.3732 78.4986 84.5994 73.5048 86.9118 83.3202 93.1848 79.4826 90.5034 103.369 101.967 96.3336 95.6448 85.5834 85.1406 92.9634 101.647 82.1148 81.6228 83.6892 85.0176 75.03 74.538 84.8946 73.6278 76.383 72.816 77.1948 67.404 67.2072 76.9734 77.6376 89.6178 77.982 71.8566 70.1838 69.5442 59.9994 63.5664 66.8136 82.6068 61.4754 65.1162 77.49 70.3314 62.3364 76.3092 60.762 74.9316 79.7532 61.869 75.645 74.6856 95.2266 75.03 79.3104 87.6744 90.8478 86.1738 90.036 89.5932 114.857 101.647 107.576 95.4972 104.624 114.488 101.721 94.1934 96.5058 100.073 87.1824 87.5514 88.8798 92.5452 67.9698 78.5724 67.4778 69.1506 74.907 72.078 62.0412 61.6722
62.2976 68.2744 74.152 72.0192 69.688 63.1408 69.2168 65.7696 65.3976 97.8112 81.1456 82.46 89.6272 84.7664 82.0632 95.1576 102.796 102.697 99.7704 99.9936 101.035 94.488 101.333 79.2112 94.9592 90.7928 80.0792 85.6096 92.5784 82.5096 94.736 88.536 91.4624 94.5376 81.592 89.3048 80.5256 88.7096 76.5328 74.3008 87.7424 80.4016 91.8096 75.9624 84.0224 88.5856 71.7464 61.2064 86.7504 88.536 90.148 80.0296 88.4616 78.5664 81.5672 67.4808 79.4592 72.2672 68.5472 58.4288 84.6672 82.4104 74.772 73.6808 73.4328 77.3264 80.1784 82.4848 94.1408 96.8688 78.492 104.706 91.4376 91.0656 71.672 93.4712 76.7312 95.232 81.468 96.7696 85.064 70.7792 79.1616 89.9248 88.4616 93.7936 84.8904 78.3432 92.3304 89.4784 91.2144 60.6112 82.336 67.7536 76.7064 69.1176 77.5992 68.696 73.6064 55.2792 67.084 59.3464 80.6 80.2528 77.9464 94.24 78.4176 77.996 73.2592 85.3616 88.1888 84.3448 73.656 96.2488 81.3688 84.6176 83.4024 82.9312 87.9656 86.1304 76.5576 91.7848 82.7824 101.258 104.582 98.8032 96.8192 90.8424 98.5552 88.1144 92.9504 70.8288 87.7424 79.8064 76.4336 86.7752 71.92 82.9064 72.9864 69.1424 78.3928 79.3104 80.972 76.012 84.2456 86.2544 87.42 75.4664 87.916 90.7184 78.616 71.6224 76.4832 73.9536 78.1696 78.12 75.9872 88.9328 76.4088 86.2544 86.2296 73.3336 73.6312 85.064 74.7224 90.148 80.7984 85.4608 96.1248 80.6248 84.0472 89.5528 96.5216 97.216 96.9184 81.096 82.4104 97.2408 86.8 103.763 99.9192 104.433 106.764 102.97 86.8744 101.903 92.2808 99.944 82.0384 67.7288 77.5992 84.2208 86.3288 75.5656 75.9376 66.4392 61.3304 68.9192 66.3152 59.3712
66.325 75.275 72.15 67.25 70.475 79.3 63.7 71.725 64.1 88.175 77.925 93.05 84.875 79.3 94.75 91.6 87.625 97.475 93.425 91.5 102.525 97.775 96.625 87.125 94.775 73.825 97.675 94.6 92.05 91.675 105.325 92.325 91.575 91.225 82.05 82.775 78.625 85.475 92.4 88.425 86.125 87.15 85.075 84.35 96.05 83.85 85.95 88.6 72.625 83.9 82.3 88.35 83.625 88.375 92.025 92.15 79.5 88.65 80.725 79.8 78.125 85.575 78.675 86.45 73.95 89.55 71.05 75.95 75.4 79.225 92.075 88.6 105 80.875 101.95 96.2 85.9 100.175 107.475 97.75 103.225 95.325 95.05 90.275 88.925 80.9 84.05 72.575 106.85 92.35 95.775 86.1 77.55 68.3 68.15 71.025 86.675 81.225 73.05 75.4 67.875 75.95 72.125 75.375 64.975 69.85 81.35 94.675 92.825 90.95 84.3 86.65 99.725 86.025 86.775 101.075 90.675 83.725 98.2 91.95 96.325 101.75 99.875 95.65 85.575 96.7 90.8 84.575 86.525 72.8 93.425 91.025 74.425 80.1 83.325 84.15 76.1 72.85 80.875 77.025 68.125 68 88.775 81.6 82.15 96.775 85.775 89.375 88.45 75.225 78.775 84.025 80 87.275 85.3 79.85 93.925 82.05 91.6 80.325 80.225 71.075 84.7 86.775 82.575 86.475 92.15 89.45 79.1 75.55 89.2 94.975 91.325 82.275 98.125 81.25 97.45 88.075 82.325 101.4 92.65 99.8 96.65 91.1 86.05 85.6 92.1 81.95 79.15 84.1 93.025 71.325 73.3 72.5 79.95 71.425 57.575 66.025 62.875 66.95
71.6436 78.0948 71.064 81.9252 71.3916 78.12 69.2748 73.8108 81.5976 87.3432 109.973 77.5152 90.9972 104.706 86.058 89.1828 87.318 98.154 89.2332 99.162 90.9468 103.849 102.74 91.5516 99.288 94.7268 92.4336 84.6468 79.2288 97.2972 88.0992 90.216 87.822 95.7096 97.2972 89.9136 94.1724 92.5092 93.3156 105.89 91.224 91.6776 92.2824 84.8988 96.2136 89.5608 89.0568 84.5964 92.988 103.471 105.437 102.362 94.4244 106.949 93.5424 91.1232 100.069 86.2344 87.7716 93.8952 75.8016 97.776 81.1944 80.3628 73.5084 74.214 75.726 83.664 94.2228 79.5564 83.5884 62.622 93.9708 93.0132 79.9848 87.7716 84.1428 102.085 92.5848 107.579 110.804 99.5652 96.4404 105.26 104.656 87.7464 104.479 111.812 89.7372 86.8644 85.7052 83.16 87.1416 86.8896 81.4716 77.1372 78.6744 71.9208 87.8472 70.8876 77.742 60.3792 81.3708 81.4464 66.8052 79.8336 83.6388 98.658 91.3248 96.3396 102.236 103.396 88.0236 80.136 115.92 112.392 112.19 112.896 93.618 92.862 109.292 103.673 89.964 100.019 78.4476 86.436 95.9868 88.3008 87.444 87.822 75.096 76.9608 89.3844 69.93 71.9208 68.8212 82.5804 79.6572 63.6048 79.0272 89.6112 86.7636 85.7556 90.9216 92.3832 102.514 84.9492 105.613 102.942 106.142 76.7088 91.5012 96.768 97.1208 85.4784 92.0304 88.1748 95.7852 93.9204 104.53 85.9068 100.447 99.792 99.8424 81.27 95.5836 84.4956 96.1632 80.2872 83.6388 85.5288 87.3684 91.728 86.5872 83.3112 94.248 93.492 102.262 91.1736 105.386 84.7224 94.8276 88.4772 84.6468 76.0032 83.7396 88.074 85.7304 77.2128 87.8724 80.9928 78.3972 84.9492 75.2472 82.9332 69.678 84.546 83.79 76.86 78.3972
86.6648 72.3392 84.4804 83.6422 69.1642 80.518 84.7344 83.947 85.6742 89.027 79.375 102.006 88.9508 92.5322 101.041 96.3676 107.239 96.393 93.3958 91.7194 85.217 91.059 84.6582 81.1022 92.1512 95.9866 94.4118 89.5858 98.9838 92.5322 91.4146 79.9338 92.4306 93.7768 91.694 99.0854 98.9584 105.004 111.608 91.4654 102.692 107.34 102.641 80.3402 102.083 107.163 102.184 99.9236 104.597 117.119 94.8944 98.425 102.692 99.0854 105.918 104.496 99.9236 89.789 95.1992 94.488 99.1616 93.6244 91.2876 89.0524 86.6648 80.5688 101.168 81.9658 89.0016 84.074 84.0486 85.1916 79.4004 80.0608 76.5048 78.7146 94.1324 83.7946 95.5548 89.8144 104.902 100.609 93.0402 94.7928 116.383 100.762 100.813 105.969 118.694 110.363 113.259 99.3394 91.6178 93.8022 86.0806 88.138 99.9236 106.578 86.0552 77.9018 68.7578 82.5246 84.5312 98.7298 84.8614 85.5218 96.9772 93.8276 109.677 110.211 93.5736 96.139 102.26 94.2594 108.128 96.7486 101.117 97.6884 107.62 97.6376 95.0214 92.456 93.3958 81.0514 74.1172 89.916 86.8172 80.5434 91.948 74.3204 90.9574 75.7682 86.36 77.3938 80.6196 82.4738 91.7702 88.8492 97.2312 101.346 82.8548 100.711 88.8238 90.1954 98.2726 105.486 116.103 105.461 101.244 103.632 101.448 98.552 101.981 110.49 87.5538 102.159 97.79 106.02 86.9442 103.759 98.7298 92.964 92.075 101.803 108.636 83.6422 93.7514 95.3008 87.1474 93.3958 81.3308 83.7184 92.4814 82.4992 93.4974 87.0966 77.6732 101.194 76.9112 107.061 98.2726 88.2142 92.2782 93.4466 91.3384 78.7654 87.1982 80.391 76.5556 74.6252 74.6506 87.8078 73.406 92.7608 75.7682 94.9452 70.6628 81.0006 83.5152 74.549
78.208 71.296 81.8432 72.3456 73.9328 76.3136 86.0672 85.9904 86.016 86.8096 98.4064 95.3856 99.7888 91.7504 99.328 89.1648 93.056 100.352 96.4608 92.1856 79.616 87.808 86.4768 83.8912 90.8288 84.224 78.9504 72.8832 82.4832 84.7616 82.6368 93.44 79.5136 82.3296 88.4736 78.592 90.9312 84.9664 85.9136 85.7856 89.3184 98.6368 87.0656 98.944 100.787 105.651 98.56 102.451 105.549 106.342 109.901 112.691 112.768 113.664 109.696 95.4112 105.728 110.874 108.006 103.68 84.4288 97.6128 108.467 100.89 86.5536 79.1808 90.5216 94.9504 97.6896 83.6352 88.2432 89.6768 88.1152 78.848 93.4912 80.4864 101.99 102.067 86.1184 85.632 85.376 109.005 94.08 103.475 96.2816 101.581 107.699 88.7552 102.093 105.728 111.386 108.442 98.5088 106.803 89.088 114.022 107.75 97.3568 90.4192 77.2352 91.6224 80.2048 90.2912 110.029 106.01 93.9264 117.965 88.2432 116.224 119.68 121.83 99.8144 111.514 87.0144 103.296 99.6352 98.0992 104.499 110.387 106.138 92.5952 93.6704 100.25 95.36 108.979 93.312 90.1888 91.1872 83.8144 106.24 97.7664 93.952 91.392 110.003 103.654 89.216 106.419 95.0272 96.2304 105.728 106.598 109.798 112.512 104.448 96.9472 101.632 119.194 115.098 108.186 114.074 103.526 106.035 106.573 100.403 106.701 97.024 93.5936 93.9776 110.234 85.4016 86.0672 82.2784 89.4464 88.7808 79.616 88.0384 76.6976 77.9008 83.9424 79.5392 78.976 81.7664 83.9936 72.192 77.6704 86.6816 77.8752 88.1152 79.0016 81.4592 96.9728 99.0976 98.1248 92.7744 94.8224 90.5984 91.264 100.941 96.3584 91.3152 80 79.2832 87.3216 80.7936 85.4784 83.7376 72.1152 78.1568 78.2848 70.6048
81.0636 76.6776 76.6776 90.816 77.1162 79.593 74.949 89.7582 84.237 96.0792 95.46 92.235 74.5878 104.232 81.9924 110.501 87.591 93.8862 81.9408 81.7344 80.238 79.4382 75.6972 78.819 70.8984 61.1202 84.3144 82.8696 79.3866 75.6972 75.336 85.1916 76.884 72.8592 89.0616 79.3092 69.6342 84.8562 76.2132 81.2958 77.787 80.7798 89.913 85.9656 88.8552 91.0482 90.0678 98.2464 84.9336 98.427 103.948 103.329 105.599 107.405 105.651 117.674 102.452 114.913 100.749 87.3588 108.902 107.122 97.782 112.049 98.7366 104.103 98.685 93.9894 104.284 104.825 100.439 95.3568 104.361 114.887 95.8212 120.047 99.459 129.697 116.281 104.593 108.721 104.619 102.658 95.6148 103.381 98.7108 103.019 90.7644 104.464 111.637 99.5622 109.469 107.844 106.58 95.4858 111.043 107.354 92.622 101.575 105.445 104.438 107.096 96.7242 105.883 111.043 107.767 104.387 119.944 115.016 110.037 106.58 100.878 92.3124 106.683 97.1628 108.128 102.297 115.3 114.113 98.4012 104.335 97.2918 94.4022 93.4992 110.011 118.861 90.816 94.9698 88.4424 107.663 108.67 104.103 106.76 107.741 111.508 105.187 108.489 101.652 109.134 111.069 94.3248 108.824 108.463 107.921 112.101 108.102 113.262 107.792 101.807 100.594 92.1318 91.6416 99.7428 80.2122 86.559 89.4486 75.981 88.9842 85.011 79.851 71.9562 65.8932 77.658 82.1988 77.6064 85.269 83.9016 72.369 86.6364 78.2772 80.109 67.4412 70.5114 74.949 91.8996 75.2328 74.6652 96.1824 94.1958 83.1792 93.7572 99.5106 100.904 99.201 108.824 103.458 91.2288 98.9172 93.4218 99.846 68.4216 78.045 84.0048 83.6952 78.6384 84.108 84.3144 77.7612 78.8964 76.497
55.068 59.098 62.842 79.924 80.522 77.116 86.996 83.824 96.044 94.978 101.14 103.974 98.826 111.228 95.68 99.398 97.76 103.064 92.04 88.634 77.168 84.994 79.56 89.518 77.636 78.832 75.374 74.308 69.16 71.266 74.23 83.096 76.414 73.138 74.308 83.98 89.518 77.688 79.3 78.806 76.908 77.298 79.274 71.916 87.204 76.05 68.952 93.6 83.616 102.96 90.272 94.328 92.976 97.578 104.91 101.608 102.258 88.322 106.704 108.55 107.952 113.854 104.234 104.416 103.948 105.066 107.068 95.68 97.656 110.448 101.114 117.312 99.372 114.062 99.164 113.282 99.684 108.498 111.54 96.252 111.8 122.746 118.43 109.304 108.55 121.16 101.53 104.078 109.2 116.818 117.182 112.112 120.016 122.096 126.464 133.848 117.728 100.516 112.918 115.466 101.27 129.974 105.404 112.398 100.126 108.602 98.852 102.518 116.87 117.39 115.622 122.928 106.704 104.754 113.334 115.024 105.092 113.022 114.634 112.45 118.326 114.556 107.9 98.904 104.884 114.14 110.136 116.402 108.056 110.006 99.684 103.22 100.074 101.322 108.94 119.938 92.014 119.288 107.068 100.022 101.634 112.944 111.046 103.35 100.958 90.766 106.34 96.226 106.366 93.99 85.696 83.824 76.388 78.702 81.432 77.766 74.334 80.964 75.452 67.002 84.916 73.684 85.878 84.292 68.302 69.342 77.61 69.03 77.714 70.226 64.662 71.916 69.758 78.832 75.088 70.018 87.464 74.048 104.468 95.862 85.332 78.52 88.14 90.662 99.528 97.994 93.262 96.2 82.862 95.212 92.196 85.982 83.538 88.556 71.994 70.954 70.2 67.704 58.812 70.616
65.1856 70.216 67.989 66.5742 73.5434 73.7268 82.5562 76.0586 85.543 79.8314 84.3378 96.7304 103.307 93.272 96.809 100.477 90.259 100.949 85.7526 86.984 88.7656 79.8052 97.4378 74.6438 84.6784 81.7178 71.3688 73.3076 74.4604 70.3994 88.2416 82.1894 82.6348 81.5344 69.954 76.6874 81.5868 79.6218 80.7746 72.6788 96.547 94.8964 79.9886 75.7966 73.0718 81.5868 84.626 82.792 87.6914 87.7962 90.3376 89.997 107.499 92.9576 81.7178 93.665 97.4378 100.241 104.748 98.7478 108.258 105.298 112.241 113.367 115.83 108.94 109.673 111.848 99.5338 109.778 109.175 110.302 106.503 111.9 118.817 108.704 107.996 114.704 116.957 108.94 108.704 108.547 112.215 105.979 120.625 116.669 120.048 113.394 108.678 107.132 103.176 117.324 115.909 118.843 100.005 124.083 108.389 108.075 108.127 103.254 109.149 117.769 123.533 109.621 106.293 105.874 98.25 112.974 116.983 114.756 113.158 112.031 109.437 115.673 116.459 114.337 110.616 126.467 111.822 121.123 106.713 101.106 108.049 101.053 120.153 95.4728 108.337 108.154 111.795 115.883 112.634 107.42 111.795 104.826 94.7392 117.324 97.2544 109.175 103.569 112.922 95.237 91.438 87.5604 86.9316 95.9182 94.6082 96.1016 80.041 71.2116 75.063 95.0536 88.7656 81.7178 76.897 70.216 80.172 72.4168 91.307 87.5604 75.2202 85.412 78.207 73.3862 80.7484 74.146 84.0234 81.5606 79.1764 77.6044 81.2724 71.788 67.727 77.2114 75.849 80.9842 88.4512 80.3554 78.076 89.211 85.2024 95.0798 97.8046 95.6824 97.9356 87.6914 84.5998 93.6126 83.6828 92.4074 91.6476 80.7746 92.8266 74.8272 74.6176 64.0066 67.7532 59.8932 59.5788 60.5744 57.4042
58.872 63.1224 62.1456 53.724 63.7032 63.3864 61.5384 75.0552 84.48 80.784 70.0128 81.8928 70.3296 95.2248 82.9752 85.536 89.8656 92.4264 84.6384 89.232 90.3672 84.9552 84.084 86.0112 79.2792 78.8304 64.2312 89.496 70.9104 75.9792 88.3608 77.4576 72.5208 78.3024 76.4544 75.6096 79.8336 77.9328 89.9976 86.3016 96.9936 86.4072 100.663 87.4368 93.3768 92.3208 85.3776 99.7128 86.6976 95.2776 100.426 91.3968 97.2576 95.964 93.6408 102.564 87.7272 95.2776 112.306 106.709 104.333 106.682 106.154 103.356 113.837 95.0136 122.813 109.586 111.962 112.622 116.741 107.29 124.027 110.484 125.69 108.504 101.825 109.085 113.388 113.256 110.59 96.624 104.65 109.982 98.9736 116.213 87.7272 109.111 105.046 105.811 93.7464 100.874 123.341 120.067 110.827 104.808 102.379 125.4 98.3664 110.906 116.292 105.811 106.735 107.95 115.236 118.589 111.751 126.562 122.417 102.617 122.206 111.25 115.764 112.253 109.903 109.164 122.258 119.856 112.543 112.543 122.813 115.922 97.4688 114.233 105.494 123.103 106.392 104.095 102.3 114.787 112.596 107.897 105.415 117.269 113.969 104.174 102.406 110.986 113.758 94.3536 111.144 98.7624 94.9344 98.736 94.5384 99.8976 97.7592 84.9816 99.924 93.5352 87.5688 89.364 98.8416 82.8432 94.116 86.6448 96.9936 93.2976 75.7416 91.9776 83.0544 79.4904 86.7504 84.6384 79.8072 69.432 74.9232 87.1992 77.9328 77.5368 65.2872 82.5528 79.1736 83.0544 76.4016 84.1896 77.7744 79.8336 101.587 77.22 86.8032 82.8432 98.2344 97.8384 82.8432 88.9152 85.1136 86.0112 97.0464 71.28 83.028 76.5864 72.8904 71.7816 70.7784 61.0104 55.7832 52.008 57.7632 47.3616
55.5674 61.2598 62.5898 60.4086 56.4452 59.8234 54.8492 68.2024 72.0594 85.8116 96.1058 80.3054 79.5074 78.1242 88.0992 91.2912 89.908 79.933 88.2854 86.7958 68.628 89.8548 85.9446 78.5764 79.2148 78.5764 79.8532 71.2614 76.4218 83.2048 79.5074 84.7742 57.2432 88.179 67.697 82.4334 83.2846 73.7618 83.8698 92.701 73.1234 85.1732 97.0634 92.967 109.619 106.081 96.3186 98.154 110.39 107.198 99.3776 96.425 117.253 94.8556 115.417 105.708 110.523 86.3968 110.629 97.7284 113.555 109.273 106.4 102.33 93.9512 110.496 100.761 102.33 112.066 104.724 113.821 114.274 104.99 117.04 98.3934 124.062 114.673 106.187 110.523 113.662 118.849 105.23 111.108 119.647 107.225 118.343 104.831 114.646 104.964 107.464 118.45 112.465 106.427 118.689 105.974 122.307 112.412 92.6744 101.452 92.6478 88.1524 90.7326 107.943 101.293 115.364 105.868 104.033 123.77 111.56 125.579 110.656 118.822 114.912 108.129 102.57 98.42 118.796 112.89 99.351 105.762 106.613 117.918 111.188 110.895 108.954 118.929 111.028 124.86 109.379 109.752 111.188 101.506 100.282 87.647 103.687 108.102 104.565 99.2446 99.75 84.5614 96.7708 95.8132 87.4874 93.4192 104.671 112.172 108.767 104.644 107.437 100.734 98.686 108.954 99.351 89.6952 103.261 94.2438 90.2006 99.1914 98.0476 98.2072 81.6354 78.7094 81.396 82.8856 81.4492 85.7318 79.1616 64.6114 76.5282 77.805 87.4342 78.6828 75.677 75.6238 77.406 77.1666 85.918 77.5656 87.4874 79.268 86.9554 73.8948 85.9978 95.627 80.4118 81.9812 93.7916 75.7302 77.7252 76.741 80.4118 61.0204 66.899 70.091 64.9306 53.4926 58.7062 58.8924 52.003 54.3172
53.064 57.4324 49.4728 63.2748 66.0084 56.146 74.4504 69.7872 79.864 71.3684 73.9948 85.6528 69.3048 88.7884 83.4552 81.9008 87.7164 79.864 94.3896 84.688 73.3248 72.1724 72.3868 78.1756 71.3148 73.834 79.9176 68.2328 74.102 77.3716 59.6568 61.9884 77.8272 82.4368 75.9512 78.7116 84.7148 79.2744 78.6312 83.7232 80.4536 93.1836 90.8252 99.6692 92.5404 93.8268 93.666 97.9808 96.9356 114.892 105.726 109.666 103.234 110.791 115.347 98.4632 110.068 97.7932 107.254 99.2136 99.5888 88.976 107.843 99.8032 104.868 112.56 92.5404 103.394 109.478 108.031 110.791 110.336 103.475 102.939 119.072 100.125 122.932 114.758 119.34 111.997 125.37 117.304 120.975 115.856 112.64 113.927 126.898 128.667 124.272 112.399 117.84 124.593 121.967 99.16 113.632 111.917 92.1384 91.2808 89.4316 91.924 90.1016 86.162 86.9928 96.882 99.9372 105.967 119.689 114.409 97.5252 115.481 114.865 121.324 107.763 115.696 116.607 105.404 133.732 112.748 106.878 109.853 110.336 115.079 114.624 109.88 103.743 124.379 105.565 115.696 115.722 99.3744 103.85 96.9892 106.155 92.862 99.83 102.59 101.599 94.47 97.9004 92.0312 94.738 103.662 94.4432 109.639 106.986 102.644 115.856 116.285 105.967 108.942 97.8468 96.7212 109.8 88.2256 104.761 91.8972 98.9992 99.0796 81.7668 83.214 83.1604 82.678 81.7668 77.05 74.504 79.328 76.0584 80.0248 63.4624 74.6112 63.784 69.68 68.4204 75.8708 73.7 79.9712 78.8188 75.4152 76.8892 70.8324 87.7968 74.9328 86.028 77.8272 80.6412 91.1736 83.7232 89.9676 73.6196 72.5744 71.7436 66.1424 68.5544 67.8576 51.4024 58.1828 56.9232 55.4492 45.2384 53.8412
49.599 48.087 45.954 55.755 64.233 54.405 61.425 70.227 71.874 68.769 66.555 84.78 76.68 85.482 81.891 76.383 78.516 87.129 80.703 89.748 64.26 67.905 77.787 77.571 74.736 65.961 61.776 64.692 62.235 67.824 70.2 71.982 74.439 86.94 65.124 70.443 75.6 70.74 88.614 74.061 73.791 85.05 88.722 85.752 88.83 86.103 83.133 86.886 101.898 97.065 82.917 105.435 105.597 111.699 97.767 101.385 98.388 106.164 93.987 97.281 101.115 98.631 102.762 95.634 97.848 107.271 101.493 99.927 101.547 85.104 94.932 94.095 100.44 101.277 106.974 115.155 98.82 100.332 116.613 124.902 104.517 112.59 119.583 124.362 130.572 113.13 115.695 121.662 114.966 124.416 109.296 102.222 109.134 103.545 110.943 110.106 97.848 90.207 96.93 89.262 89.91 77.733 106.137 99.549 97.551 112.887 106.974 98.793 113.805 119.07 122.418 116.856 122.85 119.097 118.503 116.802 126.468 118.233 118.071 120.744 112.968 113.67 106.407 123.903 101.493 107.379 95.04 104.517 104.328 102.573 106.164 103.005 97.146 100.764 105.435 102.897 93.69 102.519 116.802 103.653 107.19 111.537 114.075 94.446 99.657 116.046 98.685 105.759 90.423 105.786 112.455 98.469 88.506 94.392 90.963 87.669 79.839 75.033 90.018 71.685 77.76 78.543 73.008 58.536 71.091 64.071 65.124 73.764 77.409 66.744 75.735 66.96 78.543 67.473 72.009 82.431 73.683 68.607 87.561 84.969 82.674 89.019 91.233 85.914 96.876 87.858 68.445 86.697 76.491 70.902 68.985 67.122 64.098 60.102 54.513 61.263 46.44 41.715 46.494 61.128
55.9776 61.1728 51.408 54.7536 62.2608 56.3312 63.5664 67.0208 67.32 72.9776 82.008 64.4368 94.9008 91.12 88.128 89.2704 86.2784 87.6928 85.2176 71.1552 76.5136 93.024 92.6704 73.6304 72.8416 71.8896 70.992 68.1632 72.5968 69.9312 56.9296 83.2592 73.2768 61.4448 74.7456 68.5984 73.6032 71.3728 70.6112 77.0032 70.72 75.7792 70.448 81.6544 70.3392 93.8672 83.1776 83.912 92.752 89.7328 92.3712 83.2864 96.7232 82.3072 96.152 94.3024 109.752 92.6704 105.563 116.96 111.955 113.288 96.7504 105.509 104.611 112.227 108.691 93.3232 87.9104 103.686 102.408 101.157 115.682 106.053 116.09 96.9408 104.774 121.312 108.637 114.594 120.85 118.048 130.342 118.429 111.683 133.579 112.146 117.314 117.803 112.744 120.333 109.018 115.246 99.28 112.445 105.672 100.966 89.896 98.4096 80.4848 89.08 82.824 93.4592 98.0016 106.624 111.738 103.931 114.213 101.918 107.63 108.882 124.195 125.229 123.162 115.573 119.49 113.206 114.158 121.149 126.235 123.978 106.189 121.638 115.029 111.629 101.211 102.653 115.845 116.144 101.13 104.883 100.15 107.195 104.91 98.4912 111.765 103.741 110.84 103.251 110.242 118.238 100.45 98.736 105.21 91.9088 106.08 89.4064 96.6416 82.4704 95.064 96.8592 83.096 94.9552 83.6128 71.2096 72.3248 77.4656 67.5104 60.8192 75.4256 61.3904 74.2016 67.7824 72.0256 61.1456 75.5888 53.9648 66.504 76.9488 71.128 78.6896 68.2448 69.768 71.7536 79.2608 70.0672 79.0976 88.1552 79.2064 92.6704 70.9648 77.9824 80.5936 93.7856 90.5216 84.4832 88.2912 71.2368 88.5904 76.1872 74.0656 75.5616 67.5104 61.0912 61.4176 69.4688 57.3104 46.4304 50.8912 53.7472
56.4166 58.7456 60.28 61.5404 66.719 54.3342 65.5134 69.4316 67.7054 73.6786 77.6242 72.1442 85.1592 90.9132 84.3372 90.8858 79.5696 78.3366 73.2402 86.5292 86.1456 79.46 82.9946 83.1042 79.734 72.6374 63.705 65.5682 70.1714 57.9236 60.3348 59.8964 59.2936 64.6366 65.5682 53.1834 66.8286 63.3214 64.1982 72.7196 74.0348 68.4452 67.5958 76.2816 68.0068 65.1572 76.8296 78.364 78.4736 76.7748 82.5014 93.9546 96.0918 85.9264 95.3246 96.2562 94.1464 100.284 100.75 96.5576 93.1052 85.9264 94.9684 108.668 105.682 108.038 87.7348 111.628 112.696 98.6674 115.902 103.819 97.9002 106.86 105.161 98.0098 114.669 121.766 107.572 112.203 127.657 115.436 110.148 105.052 114.614 123.41 110.477 114.231 107.216 120.807 116.806 119.327 100.914 99.051 105.435 96.3932 113.244 100.065 87.9266 73.98 95.5438 85.1044 96.2836 105.298 111.765 116.505 90.8584 112.23 113.902 117.491 114.313 119.957 113.272 98.503 125.492 122.094 123.985 108.805 119.546 111.244 119.683 104.202 124.834 113.957 120.149 109.819 109.901 123.821 113.737 109.326 106.394 103.325 107.381 97.4344 99.9826 108.531 113.6 108.066 96.037 91.516 107.134 84.5564 96.2562 97.818 90.283 87.0498 91.105 77.1584 83.9536 91.105 69.4864 78.1722 82.5014 62.198 74.391 74.939 73.432 69.048 58.4716 62.8008 63.7324 54.5808 56.2796 70.1714 61.0472 69.5138 64.116 65.9792 68.8836 58.8552 80.4738 61.65 74.5828 60.1704 75.4322 56.0056 84.1454 78.4736 94.8862 85.8716 83.8714 85.8168 89.4062 90.7214 104.723 91.6804 94.667 82.3918 91.105 85.7894 74.1444 74.5828 56.8002 60.9924 67.3492 53.8958 53.0464 63.4858 48.6624 61.0472
63.5904 64.5564 67.3164 62.238 59.478 74.2716 68.7792 74.9892 81.2544 92.7084 94.806 87.4368 77.4456 75.4032 78.3288 82.386 87.7404 96.7104 84.9252 75.4308 68.8896 76.0104 74.52 80.3712 61.3548 60.9684 70.1316 63.4524 69.0828 50.232 65.412 59.9748 74.0508 57.2148 71.3184 63.618 68.5308 65.688 60.9684 60.7752 79.7364 69.9936 70.3248 58.8984 72.4776 77.7216 85.974 85.008 74.6304 75.5964 92.9016 94.3644 82.6068 83.3796 99.4428 83.9592 97.6764 82.248 87.8508 82.5792 86.4984 87.9888 99.0564 86.2776 103.086 98.2008 93.15 111.311 109.462 99.0288 105.598 114.816 101.761 113.629 112.663 115.092 101.347 110.455 112.084 121.468 112.525 107.226 110.207 110.234 102.672 107.281 104.024 103.914 111.504 110.483 112.608 103.721 105.046 109.738 118.432 103.252 104.19 107.557 96.6276 110.372 87.9612 117.024 94.6404 115.644 116.803 114.761 116.472 108.523 119.729 105.901 108.965 105.763 95.0268 104.521 108.523 113.381 106.15 100.078 109.682 118.763 95.6892 118.514 122.71 121.081 107.116 105.322 122.185 104.88 120.971 112.856 110.538 100.216 109.765 111.78 89.8656 100.271 114.485 104.521 90.3624 82.3584 91.1904 94.9992 86.1396 89.2308 91.6596 86.5536 99.1668 92.2392 87.6024 101.651 97.7868 87.63 81.5028 81.3372 73.2228 75.5688 73.7748 68.034 74.5752 54.096 66.24 51.5292 62.3208 60.6372 64.0044 52.7712 61.548 58.0428 51.9984 77.2248 70.1316 58.7052 54.5376 66.9024 53.13 73.3056 77.3352 83.4624 81.2268 82.386 80.3436 94.7784 74.3268 86.4432 88.0716 83.766 90.0312 75.5964 89.3412 74.2992 77.9976 84.2904 71.9808 60.3888 61.272 71.2908 52.6056 63.0936 57.0492 55.7796
70.056 61.6048 60.1592 59.2974 70.1672 61.3824 71.8074 67.137 64.1068 71.724 82.7884 85.9298 72.28 92.157 79.6192 84.0394 80.1196 75.5326 80.759 74.782 84.929 66.0806 77.423 71.1958 63.0504 52.3474 63.4396 62.9114 66.2474 59.1584 52.4864 62.5222 61.4936 56.99 59.3252 67.5818 62.9948 62.5222 61.5492 67.4706 78.2014 84.1784 73.0028 71.863 73.9202 63.2728 82.7884 86.0688 65.608 89.1824 82.3158 91.1006 90.0442 80.3142 84.8734 81.9266 80.0084 79.0076 74.0592 71.6962 88.0148 79.8694 89.8496 88.4596 101.053 106.53 106.919 102.026 104.5 107.086 112.312 116.816 103.666 115.231 108.809 115.982 106.613 109.032 104.194 103.472 103.36 120.291 90.7114 98.5232 107.53 109.115 109.588 106.835 117.427 115.704 101.637 101.025 111.089 111.7 110.449 106.947 109.31 99.4406 114.425 107.252 96.1324 99.7742 96.049 97.4946 118.817 130.215 123.905 90.2388 116.76 112.757 112.785 105.084 108.587 107.475 105.084 107.28 96.7996 98.412 94.103 100.08 98.7456 118.65 112.924 98.273 113.313 109.087 110.199 100.052 111.951 106.001 120.124 114.147 112.534 105.028 87.153 90.072 90.4612 84.4842 91.1562 72.9472 86.4024 82.844 81.2594 72.5302 79.9528 76.8948 92.4906 83.6502 78.9242 73.809 88.2372 72.6136 75.338 77.701 72.419 71.0568 75.5048 60.4094 71.7796 66.2196 63.662 52.4864 59.3808 62.5222 58.8804 55.6278 61.6048 63.2728 52.7366 59.1028 56.0726 57.268 56.99 62.5778 57.6572 64.5238 59.1028 73.6422 64.7184 76.3388 72.5302 85.5406 86.0966 88.7376 84.3174 95.493 81.732 90.0442 77.1728 86.4858 79.3134 75.1712 58.9638 73.1974 65.9138 70.3896 68.9718 63.2728 59.1306 53.2648
60.732 47.852 56.728 63.868 58.828 69.944 67.536 78.792 67.676 75.88 62.888 77.924 63.42 65.184 81.788 76.86 70.672 83.328 81.648 72.8 70.364 67.984 71.68 71.204 66.612 70.756 62.16 58.8 70.112 66.444 62.104 53.116 55.832 57.904 57.148 67.816 66.108 66.5 74.116 59.248 69.048 70.756 77.084 62.916 63.364 77.196 81.9 88.564 78.904 68.992 79.688 89.264 76.776 89.068 79.352 84.028 81.396 82.096 87.78 86.604 84.98 98.756 95.2 91.448 93.884 89.404 97.44 109.592 105.168 115.976 108.864 107.184 116.704 103.684 99.512 99.4 98.336 102.284 96.18 97.972 95.928 105.224 101.024 92.596 109.34 109.844 106.988 113.232 116.172 104.524 111.552 100.688 108.752 110.32 114.352 106.232 109.956 109.984 88.088 101.388 103.096 109.676 102.816 104.412 117.656 106.288 94.556 103.768 100.1 106.204 121.268 110.516 101.612 100.772 128.828 98.168 112.084 105.672 100.464 100.38 108.136 95.564 100.8 105.224 118.384 106.512 104.748 113.848 116.116 110.768 116.34 102.116 99.372 96.46 99.876 95.592 92.372 96.796 90.916 89.572 82.124 86.604 81.088 83.356 87.948 73.36 80.416 84.476 81.06 87.808 78.848 77.644 82.012 79.996 73.724 75.88 70.952 75.32 77.84 72.156 52.276 65.352 60.424 62.384 67.34 58.66 59.136 55.72 63.28 57.008 58.912 57.512 57.708 68.824 58.576 69.804 67.312 63.224 62.944 83.972 83.552 80.416 74.76 86.464 65.184 81.844 76.16 85.176 77.728 69.524 67.788 60.732 65.436 60.424 61.964 61.88 56.504 55.076 55.636 52.528
49.8294 57.8382 53.2698 54.0594 57.5844 55.4976 64.7472 55.9206 63.7602 56.964 84.8256 78.0858 82.1748 67.962 71.8818 81.357 77.8602 67.3698 70.5 77.409 71.3178 77.0988 78.678 57.3588 58.5996 62.8014 63.3372 66.4956 75.858 72.0792 63.9294 67.9056 64.9164 71.8536 69.1746 64.5498 69.8232 71.7972 62.463 79.0728 61.1658 65.4804 70.1334 66.27 60.7428 65.988 70.2462 73.1508 91.1142 84.0924 69.2874 81.8364 94.3008 73.2918 95.598 67.1724 90.6066 86.0946 87.8148 85.728 89.1402 88.1532 97.4874 106.596 90.945 100.871 95.739 107.442 106.511 91.368 89.8734 99.6588 118.666 119.878 102.986 112.546 114.859 107.668 109.275 104.566 114.013 104.086 108.88 101.041 98.7282 108.288 106.85 111.785 105.101 110.008 101.379 105.976 106.991 98.6436 113.167 97.9104 95.316 98.6436 101.266 102.958 104.763 94.8366 100.223 98.3616 112.715 103.861 110.488 120.611 97.9668 108.683 103.156 106.06 119.286 116.579 113.984 114.915 104.34 104.284 103.579 118.525 108.316 102.507 108.542 112.236 104.509 118.44 104.086 94.329 92.6652 101.407 113.843 85.9254 92.4114 103.832 101.041 94.5264 97.6002 84.4872 94.2444 77.4654 83.9232 79.5522 92.2422 88.6044 90.0708 88.8864 87.0252 88.125 76.1682 74.6172 87.3918 78.1704 77.0706 81.1314 78.4524 78.8754 70.2744 74.448 73.5174 73.9686 64.6908 77.0424 75.6042 78.255 73.461 61.8426 61.7862 67.9056 71.5434 60.6864 65.9034 66.0162 73.0662 57.81 71.3742 60.771 70.7256 70.5282 64.0704 80.8494 70.0488 76.704 84.0078 70.1898 67.9056 76.3092 84.4872 66.6366 77.9166 66.27 74.1378 60.5172 62.6604 62.2938 50.4498 59.3892 51.9726 61.4196 56.9076 61.476
53.818 51.4892 58.4756 59.0436 59.5264 55.6356 60.208 68.1884 71.7668 66.5128 74.1524 63.3888 67.7908 77.8444 87.0744 67.1376 81.9624 90.0564 83.4676 79.4064 76.112 72.7608 79.8892 79.0656 68.9268 66.9956 72.6756 72.4768 66.03 71.2272 66.456 72.5052 72.1076 72.5904 74.1524 72.6472 79.7472 87.4152 65.4336 69.3812 62.9344 69.9776 68.87 69.4096 70.6024 69.4664 64.5248 69.9776 84.1208 82.1612 78.6396 83.3256 87.5856 78.6112 84.632 94.4584 79.6336 81.4512 99.6556 88.0968 95.3672 95.3388 102.212 93.3792 89.3748 87.188 87.5572 87.6424 94.2596 103.972 101.132 91.3912 100.422 104.455 93.2656 120.501 105.336 108.658 100.11 103.035 114.225 107.664 104.597 113.202 108.488 106.5 113.259 114.651 114.452 113.742 106.528 111.981 109.681 122.404 102.808 102.354 97.1564 88.5796 90.5108 84.1492 88.892 94.998 89.3748 86.5064 109.624 106.67 108.346 104.54 94.998 117.888 105.847 107.579 117.945 102.41 106.102 113.969 111.243 103.802 118.968 96.134 116.241 108.289 105.79 101.36 91.874 112.066 97.7244 106.131 100.082 92.0444 92.5556 95.9636 97.1564 92.7828 104.682 92.5556 102.325 101.076 95.8216 97.0712 90.312 99.5988 91.0788 92.2148 101.132 91.6468 92.5556 85.2852 78.9804 94.0608 75.7428 85.768 83.8084 80.5992 74.9192 71.3408 63.6728 66.7116 77.816 65.9448 57.1692 72.3632 70.6876 67.9044 71.284 65.8596 71.9656 72.3064 56.6012 79.8608 60.5488 70.9432 75.5156 60.1796 80.1448 69.58 64.6952 74.2944 72.8176 69.4096 63.2468 74.5784 85.1432 78.4408 74.2092 86.762 80.4856 68.1884 76.9072 63.4456 64.3828 52.2844 57.7656 51.2336 65.6608 50.9212 47.996 50.6372 57.2828 46.9736
46.1604 51.7946 48.2768 47.8764 56.8854 55.1408 56.6852 57.629 66.495 68.7258 68.211 69.3264 83.655 83.8552 66.3234 94.4658 72.1864 102.016 90.233 86.8296 73.2732 90.7192 72.5868 82.3394 76.1332 66.5808 62.4052 72.7584 64.6074 67.639 60.2888 72.8442 61.4614 64.4358 71.214 74.0168 77.649 57.2 67.067 69.641 73.0444 57.2858 66.9812 71.0996 73.4162 73.931 77.3344 77.7348 88.6314 93.236 83.7694 90.9766 97.6976 98.6128 107.307 95.667 94.5516 101.015 108.337 92.2922 101.015 93.0644 90.6906 88.66 93.4076 96.4392 86.1718 97.4116 75.6184 94.0654 96.3248 89.1748 89.8612 103.704 91.6344 103.074 107.822 112.083 102.502 107.593 99.0704 120.578 119.434 115.544 109.996 101.444 107.479 85.2852 115.401 115.773 93.522 89.1462 96.7824 100.729 101.13 91.3198 93.1216 77.506 90.1758 85.4854 85.371 78.8216 88.66 105.763 88.5742 100.386 102.56 101.816 99.1276 93.5792 99.242 108.308 114.686 108.251 117.575 109.738 98.2696 107.936 129.958 106.278 118.433 105.534 108.194 104.562 95.4668 93.8366 98.956 92.9214 95.81 95.9244 101.244 96.7824 95.6384 95.8672 84.7418 90.2616 95.2952 94.666 96.954 108.194 91.1196 111.94 109.109 95.7242 89.7468 97.812 98.2696 89.6896 89.7182 79.7082 88.66 90.376 96.1532 97.526 77.3058 71.9004 65.1508 75.5612 79.4794 69.212 72.072 72.1864 66.9526 67.0956 68.2968 70.9566 60.0886 69.0404 59.059 76.7624 65.3796 63.778 71.4714 82.4252 79.2506 73.931 83.7122 88.2882 88.7458 79.1934 97.2686 78.1066 85.3996 78.9646 76.1046 71.929 79.8512 72.9872 80.1086 75.3038 61.204 66.1518 66.0946 57.0856 48.9632 60.0886 55.7414 50.3646 55.5412 50.3074
49.8816 52.9632 57.0816 56.8512 53.6256 54.4608 65.3472 78.4512 72.2304 72.0288 76.4352 78.3936 79.1424 87.6384 92.2176 87.8688 93.4848 98.6976 100.426 88.9056 81.072 71.1648 87.0912 80.4384 83.0304 63.9648 63.5328 61.6032 70.8768 67.7664 69.0336 62.0928 66.8736 64.7424 67.536 69.696 73.8432 71.7984 69.3504 66.9888 60.5664 68.1984 62.4672 77.0112 85.824 85.4208 84.7584 96.9696 84.96 80.5824 103.306 97.4304 100.656 96.3936 105.062 83.808 115.949 106.474 91.9584 79.9488 94.5792 82.368 83.5488 83.9808 86.7168 79.2 94.9824 91.0656 90.7776 75.168 84.6432 97.056 100.944 82.8288 93.3984 104.63 93.1392 86.4 90 96.9408 99.5904 98.8992 134.41 116.381 107.078 107.424 112.003 115.69 98.4672 112.09 104.659 89.4528 100.771 95.9328 93.1104 98.6688 96.48 80.2944 80.064 73.0944 83.4336 70.9344 85.4784 91.152 105.062 90.8064 95.4432 101.117 109.93 104.285 95.616 112.234 112.09 113.875 109.498 119.117 125.136 106.589 113.501 115.488 96.336 102.787 88.8192 100.915 104.803 101.117 89.4816 92.016 91.5264 88.0992 83.3472 91.2672 82.8 95.4432 91.3824 86.0544 85.4784 91.3824 103.306 94.176 92.8224 101.462 100.339 95.904 96.048 102.413 101.002 103.766 105.754 111.715 84.9024 83.1456 79.3152 90.4896 78.5952 80.208 75.2256 74.1312 74.9664 74.448 77.616 63.7632 61.9776 58.176 72.2016 65.5776 70.3584 79.9776 57.0816 75.888 72.8064 73.6992 71.6832 77.472 65.0592 65.4336 87.696 83.5776 85.392 91.1232 75.5136 78.624 74.2176 93.6576 86.5152 81.936 91.0656 85.8816 76.7232 85.6512 73.1808 72.5472 60.768 64.8864 63.3024 60.6816 49.1328 58.8672 59.1552 57.9744
58.812 62.495 64.931 55.361 54.085 57.217 67.309 69.919 81.519 78.561 76.386 89.755 81.432 86.333 84.651 91.64 92.307 72.355 103.936 89.639 74.878 77.691 72.181 79.083 77.865 76.328 63.046 69.89 71.746 67.715 72.558 73.892 67.454 60.494 68.701 75.748 73.805 68.092 81.49 70.76 81.345 78.967 72.79 76.763 85.666 94.221 92.887 91.205 101.181 107.474 101.674 97.092 106.72 97.411 109.33 109.127 98.223 87.261 90.538 81.635 80.475 85.376 85.057 88.247 85.956 80.475 87.203 78.648 90.132 89.204 86.159 91.611 94.975 95.584 87.522 97.614 98.89 99.76 102.544 105.937 112.607 111.041 91.698 108.257 102.95 105.154 112.665 107.358 102.892 96.599 103.182 103.791 108.605 109.91 100.63 87.406 78.503 78.909 76.937 76.125 85.289 83.462 99.093 87.377 97.614 81.577 93.496 82.882 96.454 94.076 99.267 107.996 91.002 98.658 104.777 100.717 96.918 106.662 97.614 99.441 108.112 87.493 105.386 108.141 97.034 94.511 89.929 89.842 77.43 90.393 80.504 84.738 76.734 80.62 82.331 94.656 85.202 74.704 81.838 86.014 87.232 86.391 91.698 84.854 91.988 94.569 103.791 92.626 107.851 111.215 101.587 93.119 90.19 79.228 85.405 86.42 87.406 87.812 81.461 80.475 70.992 78.532 66.033 74.24 73.979 81.142 61.915 74.878 76.212 63.307 57.391 58.116 73.37 66.091 67.773 76.328 90.045 84.709 71.601 93.467 98.513 80.852 102.428 88.508 102.254 80.04 99.789 81.084 88.769 82.94 80.301 74.646 67.628 73.138 63.887 69.6 68.846 60.146 56.666 53.447
56.9984 58.7796 58.2832 64.094 66.4008 64.5904 58.0496 71.3356 79.9788 75.5696 77.234 78.4312 88.7972 97.1484 94.0824 95.0168 83.9792 90.666 91.9216 89.352 77.818 73.9928 72.1824 79.862 75.5988 68.7076 84.4756 70.1676 68.8828 66.43 46.9828 61.5828 82.5192 70.5764 74.314 85.0012 76.6208 93.2648 78.5772 89.644 89.5856 95.3672 86.8992 83.2492 86.0816 91.9508 100.068 95.2504 98.9004 105.704 97.1484 97.82 99.1924 88.8848 91.7756 91.8924 88.5928 90.52 85.0596 88.2716 73.2336 89.0892 88.33 76.4456 73.8176 78.9568 85.2348 79.8912 97.2068 85.3516 84.0668 95.63 92.4472 94.6372 98.6376 95.0752 99.3676 90.1988 90.3448 91.7172 107.135 103.543 99.6304 99.2216 104.302 101.178 99.5428 108.653 99.9224 100.974 106.551 96.1556 102.842 109.296 97.8492 97.8492 103.193 92.7392 84.0084 71.7736 74.3432 85.848 81.614 98.5792 85.118 97.4696 105.441 107.923 99.8056 95.8928 93.732 112.887 92.3304 94.2868 102.872 102.93 103.602 83.8332 97.3236 96.5352 88.6804 91.3376 92.3888 92.0968 85.41 97.9368 99.4844 94.8124 81.0008 80.446 82.3732 88.476 83.074 74.8396 78.7524 77.6428 75.8616 79.8328 82.1104 85.1764 71.9196 80.8256 84.4464 90.3448 98.1996 88.5636 93.8488 105.733 92.7392 103.339 89.8776 97.0608 99.3676 111.164 88.8848 83.512 86.5196 91.3376 88.1548 83.3952 88.622 68.6784 81.7892 80.3 84.3004 80.4168 68.3864 82.0228 74.1972 66.1088 66.0504 63.9772 83.1032 68.328 75.4528 82.3148 73.3504 75.336 73.6716 84.7676 86.0816 86.2276 75.4528 76.3872 82.9864 100.944 95.2504 92.2136 86.5488 89.2936 90.9872 80.0372 78.2268 58.0204 51.9468 73.584 57.7868 67.6564 65.8168 70.956
60.8874 59.7408 66.0618 77.469 78.792 69.6192 68.5608 82.614 82.5258 86.4948 96.6672 89.2878 76.587 87.4944 92.1102 95.6088 99.0192 74.4114 91.875 91.5516 86.877 78.9096 93.345 74.823 66.4146 62.5044 72.5004 74.823 74.3526 86.9064 85.26 73.0884 78.057 88.4352 85.1718 82.1436 88.5234 97.4904 86.4066 79.3506 81.5262 83.6724 91.0518 97.4316 96.8436 101.577 89.376 92.757 106.163 89.5818 109.985 94.2564 104.635 104.282 86.9652 78.5274 85.4952 77.5278 91.6692 87.8766 75.4404 78.4392 81.6732 85.9656 78.1746 89.964 80.7324 95.5206 85.4952 104.693 80.7912 99.4014 100.695 103.37 95.4912 104.84 95.1678 92.6982 102.488 82.3788 103.282 87.759 98.1078 96.8142 87.2886 94.1094 90.6108 86.583 99.2544 94.9914 98.9016 103.811 102.753 98.1666 107.545 90.1992 81.2616 88.3176 97.0494 98.784 83.8488 78.2628 99.9306 91.3458 83.5254 115.424 110.838 97.1082 105.311 90.258 114.513 102.341 101.312 86.9946 90.9636 104.87 92.2278 84.7308 102.694 93.4038 89.4936 102.312 95.9028 98.5488 100.901 84.231 94.6974 92.8746 104.135 103.429 91.5222 100.93 112.514 90.552 87.9648 72.471 83.2902 78.2628 78.6156 82.761 72.1476 79.5564 81.8202 81.3792 87.8472 98.1666 81.879 93.3744 99.5778 99.8424 98.931 102.253 86.1126 101.9 92.022 90.5814 92.904 99.3132 97.755 84.7014 83.937 83.1138 88.8174 88.9644 94.962 92.6394 71.736 77.1162 91.6986 84.3486 81.4674 93.3156 65.0328 80.6736 97.8138 74.2644 78.8214 89.3172 90.258 75.7638 84.8484 94.5798 86.5536 94.0212 86.4066 81.1734 90.846 83.9076 94.08 101.459 75.2934 87.2298 84.9954 79.4976 72.5592 58.7706 66.6498 70.119 69.0606 67.473
70.9512 71.4544 72.5792 70.4184 74.7104 82.4656 86.0472 89.9544 96.7032 82.3768 94.9272 96.4368 85.4256 82.14 85.4256 99.6336 90.4576 106.353 87.912 99.9296 92.0264 86.3728 93.5952 78.8544 86.4912 97.7688 86.4912 79.3872 92.1448 82.0512 89.4808 81.3112 80.2752 88.1192 90.3688 90.0136 96.8512 104.488 80.068 111.829 93.3288 91.7304 93.1216 91.8192 90.1616 95.904 102.564 100.314 98.7752 89.8656 104.31 91.4344 88.5632 83.3832 98.1536 81.1632 87.9416 85.0408 76.5752 85.4256 85.1 97.5616 99.1896 82.0512 101.706 97.4728 97.0288 85.544 101.35 93.2992 110.704 117.719 97.7096 97.8576 105.465 90.872 86.7872 94.0096 100.818 90.3984 90.3984 100.847 88.2672 93.684 102.179 86.8168 93.8912 95.0456 107.448 83.8864 99.4856 102.298 98.9232 97.532 97.2656 107.981 107.862 104.251 90.428 96.792 88.3856 97.2656 90.8128 94.7792 103.452 112.214 102.594 101.794 105.435 104.133 92.6776 95.1936 89.5104 102.475 104.932 102.682 93.5064 84.804 98.4496 92.4704 90.872 86.0472 101.291 91.2568 100.847 98.2424 91.8192 121.863 101.232 93.5656 94.0392 94.3352 101.232 84.2712 99.308 97.532 99.0416 105.11 95.8744 89.4512 91.7304 92.352 83.7384 66.7184 79.8016 91.9968 77.3744 90.872 84.36 82.436 86.7872 103.156 98.3312 89.3328 97.976 95.5784 98.7752 84.7744 98.7456 97.8576 101.232 101.498 97.828 91.3456 90.6944 77.9664 90.2208 91.5528 93.2104 81.6368 76.1608 83.2648 92.2336 92.0856 91.8488 76.812 81.9032 88.06 77.4928 89.7472 97.0584 97.5912 97.0288 90.0728 92.5592 98.716 101.617 92.3224 98.8048 94.8976 88.7408 88.0896 75.9536 78.3216 87.7344 77.7592 76.96 77.552 80.4824 74.1776
83.0526 74.0828 82.1288 74.351 78.8806 88.2676 87.6418 85.2876 88.4166 94.6746 85.1386 96.8798 92.2012 97.8334 102.691 108.472 105.373 92.1416 97.8036 95.5984 117.472 99.9194 87.612 92.231 95.0918 103.853 87.91 92.7674 94.2872 100.307 90.1748 93.7806 95.062 89.7874 94.2872 91.6648 95.7176 115.564 87.9398 88.208 103.644 106.416 99.8598 100.754 101.171 91.2178 92.1714 83.6188 90.9496 89.8172 84.036 94.466 77.778 90.5026 98.8466 106.088 88.2676 101.35 96.0156 109.873 94.1978 92.9164 104.091 109.068 93.3932 102.214 106.267 112.882 107.34 101.231 109.992 113.925 112.733 93.9892 120.332 98.4592 110.171 114.164 92.7078 105.373 95.36 108.442 103.168 92.6482 89.847 112.197 110.677 106.237 119.379 99.4426 109.992 105.641 112.525 112.555 110.945 89.251 91.0688 100.575 104.449 110.141 89.1616 99.4426 98.5784 97.5354 106.684 102.512 115.266 100.992 80.1918 116.578 110.081 105.82 103.704 106.237 104.866 105.075 89.3106 89.4596 111.392 100.724 96.1348 100.456 107.906 107.667 101.022 109.128 102.214 101.767 102.601 109.187 86.9266 101.469 102.989 96.5222 99.1446 99.7406 99.979 95.8964 94.7938 99.2936 93.4826 92.3502 92.1714 86.7776 81.7712 92.7078 103.108 86.6584 89.7874 87.8206 93.8104 87.8206 83.7976 81.354 85.7644 82.099 93.5422 87.5822 111.392 93.9892 94.5554 103.078 96.8202 84.5426 101.201 87.7312 96.0156 83.6188 92.2012 90.3834 89.6384 91.337 91.0986 87.1948 91.0688 97.7142 92.1416 97.8036 98.4294 94.6448 107.727 101.916 97.5056 103.853 104.449 106.356 95.509 99.7406 105.105 97.297 99.979 80.4898 88.655 79.2382 85.526 95.4494 95.4494 66.901 63.921 82.6056
77.34 83.13 69.96 70.86 88.38 100.44 79.65 89.52 102.93 91.77 99.54 98.22 105.69 112.89 100.92 101.91 102.96 88.29 98.91 90.78 85.59 108.3 93 100.44 106.44 100.95 82.89 85.62 84.6 94.41 89.13 88.53 102.93 85.56 70.02 93.06 89.37 104.13 102 104.22 94.83 84.18 100.32 105.24 94.74 83.64 98.94 105.93 104.37 87.06 103.8 85.2 109.41 98.07 102.09 97.71 89.4 94.02 97.35 105.81 95.49 106.38 105.9 101.7 91.26 99 100.41 106.68 93.99 100.05 106.74 106.65 102.66 104.25 99.69 110.67 97.83 91.05 104.31 111.54 90.72 108.42 114.39 111.18 95.76 101.7 95.52 110.49 94.5 123 108.6 114.9 102.3 100.47 99.42 105.81 100.98 102.18 108.9 102.78 110.16 102.57 102.81 98.73 111.51 98.58 114.39 112.74 107.25 103.53 118.35 115.98 104.04 114.48 100.14 106.5 108.21 113.88 92.46 105.51 98.88 102.33 104.58 97.74 102.93 91.08 96.75 104.4 90.72 111.06 82.92 94.59 91.5 103.62 97.41 82.11 90.21 96.99 106.29 102.15 109.68 95.43 89.1 89.76 91.68 94.23 95.97 101.31 100.17 90.63 97.5 90.48 88.59 84.6 88.56 98.28 94.92 91.5 83.7 105.03 94.65 98.37 96.51 96.36 108.78 107.55 91.65 86.04 92.67 94.17 92.31 75.99 89.16 96.51 99.6 102.63 98.52 89.37 91.74 97.26 106.29 104.19 104.46 108.39 98.76 116.82 111.24 88.86 102.81 105.09 96.54 96.75 91.17 73.92 84.78 93.48 82.92 84.36 88.56 80.46
81.0568 79.9696 91.9288 78.7012 92.5026 92.865 76.9194 100.294 81.9024 95.4622 109.717 99.7506 109.566 97.3346 111.559 99.811 109.958 102.952 103.526 109.928 100.022 111.347 102.801 116.21 93.8314 107.331 103.677 97.7272 100.747 104.854 101.502 85.5264 98.603 94.224 101.774 96.7306 88.2142 82.2648 88.788 90.449 86.5834 91.1134 96.7004 93.167 94.4656 81.2984 95.5226 103.979 97.9688 89.241 91.5664 90.0866 104.492 107.029 98.452 94.9488 88.7276 97.546 95.2206 87.3384 89.1504 93.3482 92.0496 94.5864 81.7212 88.5162 108.599 88.0632 95.3414 102.65 87.4894 107.089 91.8684 92.4724 101.804 110.894 101.442 108.176 110.019 105.911 97.546 94.9488 94.9186 105.005 102.438 93.016 103.858 103.948 105.549 106.636 103.103 103.948 90.9322 106.697 120.196 118.112 101.23 95.4622 86.4022 101.381 96.187 100.838 100.053 102.197 100.022 108.418 98.6332 104.734 99.4184 110.049 99.6298 123.337 95.885 89.6638 114.881 93.2274 121.585 108.962 99.0862 104.643 104.462 89.9054 116.33 99.5694 102.378 90.751 94.5864 104.643 90.8718 113.914 90.3886 98.3916 88.9692 92.1402 101.502 100.445 100.626 90.8718 95.13 99.6298 104.764 96.7004 103.193 102.952 102.287 103.677 105.519 105.942 102.016 112.163 88.1538 86.3418 97.6668 91.8684 97.1836 86.7344 91.7476 87.3082 87.9122 94.6166 104.885 92.6234 101.351 98.754 100.868 91.7476 100.989 108.539 91.1134 85.9492 96.7608 104.613 100.626 95.6132 87.8216 91.9892 88.486 102.136 106.455 106.425 101.17 103.979 120.619 110.713 94.3448 114.126 100.536 101.381 100.536 92.2308 98.6332 89.1806 98.3614 72.8424 101.955 74.745 89.1504 84.4392 87.1874 88.4256
83.2352 76.4256 87.9168 81.2896 80.7728 90.9264 85.6064 99.6208 90.1664 98.8304 93.0544 101.931 120.627 94.9696 119.533 110.413 106.643 109.288 112.936 112.966 109.258 110.504 96.0032 107.798 96.9456 100.077 101.901 98.7088 108.498 103.178 98.5264 86.2752 102.235 95.7904 98.4048 97.8272 102.934 93.9664 83.0224 97.28 81.928 101.81 87.6432 92.7504 100.35 91.6864 100.989 102.022 93.9664 99.8336 96.064 92.9328 119.016 106.491 106.096 94.8784 100.381 100.229 93.5408 96.9456 98.3136 91.0784 101.354 97.6144 93.9968 77.8544 79.192 95.3648 95.912 97.7664 91.048 94.1792 95.912 80.7728 92.2336 99.6816 95.9728 94.8784 93.4496 83.296 106.886 88.7984 100.381 101.141 95.3952 92.264 97.2496 99.104 99.56 105.093 105.336 90.136 108.71 92.568 102.509 93.7232 106.37 95.0304 95.76 106.886 92.7504 99.712 92.5984 101.779 103.056 98.344 97.2192 97.0064 89.9232 88.7376 91.4736 104.515 101.293 99.9856 98.8912 91.1696 99.8032 94.7872 97.9792 101.84 88.4336 85.3936 105.762 98.7088 98.952 91.9296 87.9168 80.104 97.4928 84.816 85.1504 77.9152 97.6448 101.81 81.1072 77.368 88.2512 90.6832 81.32 92.2032 100.442 92.0512 82.992 100.563 102.266 109.379 114.304 104.515 89.4672 103.664 100.594 92.6592 96.3984 94.1792 109.258 95.6688 94.0576 84.0256 76.3648 95.9424 94.8176 88.4944 86.3664 93.328 91.4736 87.7952 101.08 86.4576 90.5312 101.323 111.203 91.5344 90.9568 105.184 103.816 96.7024 106.795 101.87 94.1792 106.248 115.246 96.9456 111.142 101.171 110.109 114.973 105.123 94.24 105.762 109.227 88.2512 78.2496 92.2944 76.5168 88.0992 80.4384 83.8432 80.4688 82.7488 74.6624
82.0692 76.7754 96.4206 100.766 93.2076 81.9468 84.1806 90.5148 83.1708 88.2198 102.785 101.806 106.366 111.262 108.752 115.484 100.949 121.329 108.569 106.794 95.013 102.235 92.718 107.712 105.907 108.049 109.823 108.446 106.702 89.5356 95.0436 95.013 85.4352 102.296 89.1378 80.0496 91.9224 95.4108 94.0338 82.9872 88.5258 93.177 88.9542 91.9836 106.457 94.3398 104.53 108.905 95.9922 106.641 101.225 105.111 96.7572 84.8844 96.3594 91.7388 99.3582 85.4964 83.3238 85.9554 76.5612 82.8036 75.6738 79.1622 77.5404 83.5992 86.4144 78.8868 75.8268 83.7522 86.7816 69.3702 81.09 92.8404 87.3936 75.8574 103.489 89.6274 94.095 103.612 95.625 92.2284 96.237 97.3998 75.8268 98.9298 100.582 102.479 113.036 79.7436 108.814 104.377 103.183 86.2614 119.585 85.527 98.379 98.1954 88.6788 76.5612 90.4842 84.9456 82.8648 95.319 102.449 104.407 98.4708 107.498 111.017 93.942 85.8024 106.304 91.7694 94.7988 93.2076 84.609 87.1794 82.9566 88.9542 97.6752 88.7094 93.7278 95.013 79.6212 85.068 71.5122 84.7008 84.7008 82.6812 81.9774 83.4768 80.784 87.822 93.8808 84.762 82.4976 71.9406 89.0154 78.2136 67.1976 90.6984 90.6984 97.1856 80.9982 93.9114 98.4096 96.4206 99.6948 106.304 103.55 106.335 103.397 94.3092 97.8894 91.6776 111.353 105.142 92.6262 87.1794 94.095 87.4548 79.9884 89.658 82.8036 95.6556 91.1574 87.4854 84.9456 96.2676 99.7866 98.0118 105.601 101.776 104.224 96.6654 112.302 108.599 91.2798 104.866 101.194 114.322 102.449 103.122 119.034 123.655 102.632 106.641 91.4022 92.412 110.558 88.74 77.7852 75.3984 100.827 83.6298 92.0142 92.1672 82.2222 81.3348 90.6372
86.3632 74.6592 93.2316 89.782 102.564 87.9032 87.9648 93.7552 87.9032 107.769 115.531 113.898 108.354 118.58 124.678 116.578 114.145 112.697 118.919 117.44 113.744 113.128 117.841 117.009 107.492 113.868 111.496 99.3916 104.566 104.166 87.8724 92.6156 96.8044 96.4656 90.0592 80.9116 90.2132 87.934 92.4924 93.3548 87.2564 98.8372 99.7612 100.223 99.6996 104.72 90.8292 107.461 111.866 102.01 104.874 95.1412 98.9912 103.58 107.677 88.55 101.825 76.2608 76.1376 83.776 90.2748 102.348 77.154 76.1992 80.6036 71.9488 82.2976 84.238 72.9036 84.546 72.5956 78.4168 71.2096 85.47 79.4332 81.7432 88.1496 76.4456 87.8416 95.1412 78.7248 73.1192 90.3056 82.236 73.458 95.5416 100.993 108.693 101.455 109.925 110.295 95.172 99.0836 81.1888 96.6504 94.1864 99.3608 95.8804 77.6776 97.482 86.8252 90.1516 89.1352 93.5088 98.1596 92.8312 104.35 103.796 104.443 77.8624 110.079 97.9748 99.1144 80.696 86.2708 94.248 86.5172 97.79 90.9216 87.5952 83.2524 74.7516 86.2092 73.5504 94.1864 81.312 78.6016 84.392 81.3736 83.5604 83.0984 84.546 79.156 85.3468 86.394 77.6468 86.394 92.8312 90.4596 75.7064 80.6344 84.3612 85.7472 91.938 82.6364 94.7716 97.636 99.1452 100.377 100.408 112.666 95.4184 100.408 103.057 99.2068 98.6216 91.0448 112.266 88.7348 95.0796 89.2276 90.552 95.942 90.7984 84.8232 73.9508 83.8376 85.1004 90.8292 89.7204 101.825 97.02 110.418 108.293 111.157 110.634 111.804 113.252 122.06 111.034 121.537 104.042 113.59 122.954 116.362 120.428 116.147 109.833 107.769 106.168 107.215 113.621 98.7756 99.638 94.4944 86.548 101.363 95.6956 90.5828 86.5788
89.807 88.412 105.927 101.556 100.099 107.384 114.111 102.145 101.339 125.395 109.12 111.476 126.418 113.119 115.537 119.412 133.796 133.672 125.085 102.207 115.072 104.253 124.341 124.837 109.616 118.265 100.781 104.594 105.059 95.945 104.005 97.557 94.116 100.874 80.166 89.652 86.459 94.054 109.337 94.023 86.18 103.075 92.752 99.324 94.209 95.573 95.759 116.002 100.719 88.629 101.091 99.293 95.666 100.285 89.342 86.49 97.991 88.257 87.11 85.932 94.705 89.931 84.537 87.017 78.12 86.893 80.848 78.709 78.802 75.547 79.949 96.689 87.73 72.292 81.964 87.11 84.382 89.466 68.882 84.661 81.84 85.777 79.546 94.643 83.669 100.688 101.308 89.001 101.463 88.629 98.735 97.805 93.651 97.371 88.877 96.627 100.998 89.094 92.814 76.849 84.165 74.338 76.384 93.465 98.301 89.962 97.061 99.014 99.479 101.773 96.503 113.026 98.704 99.541 106.578 95.139 99.262 98.177 85.932 91.698 68.603 83.886 80.755 81.778 93.372 92.38 83.173 83.359 84.723 84.041 79.763 81.313 84.754 82.398 74.09 86.707 84.63 74.741 82.367 73.005 92.38 81.096 86.831 92.225 92.194 89.249 108.779 98.704 103.447 97.526 100.719 92.411 97.371 104.47 86.242 109.74 98.301 106.082 96.255 92.969 96.596 93.465 88.071 101.835 95.077 88.784 92.411 103.757 97.619 91.667 97.991 107.663 105.896 108.531 102.269 113.708 118.172 112.964 103.788 115.506 118.451 117.769 114.762 120.528 112.499 120.807 118.389 113.615 108.81 112.809 111.414 113.181 105.152 99.634 100.781 100.006 100.843 89.125 93.527 108.438
87.7656 74.3808 89.8248 98.0616 98.5608 91.2912 82.8672 93.444 102.055 105.487 115.565 92.3208 100.776 120.744 110.417 108.233 111.103 106.174 106.548 110.105 107.734 109.075 97.032 105.643 101.525 93.6936 94.5048 87.4536 90.792 85.2072 100.058 85.5504 93.1944 78.7176 85.9248 72.852 77.0328 83.616 89.9808 93.3504 90.6048 96.7512 84.6144 82.836 81.6816 87.828 93.7872 85.5192 98.1552 96.0648 88.4208 90.5112 86.112 86.6424 84.7392 80.2152 89.2632 93.1632 75.66 83.46 81.8376 85.3632 86.7984 78.936 83.148 86.5488 85.7376 79.1856 72.6336 63.5856 77.9688 99.4344 91.728 77.9064 89.7624 89.1384 72.852 86.3616 98.0304 95.004 78.624 90.5112 86.7984 98.5296 101.962 122.242 93.6624 98.5296 85.5504 97.9992 85.8312 94.38 86.0184 80.3712 95.2224 86.4864 77.2512 89.5752 76.6896 80.5896 78.1248 94.9728 89.4192 72.7272 98.2176 91.572 94.2864 88.9824 95.1288 100.651 107.453 104.676 96.3768 126.61 104.083 116.064 91.0416 104.957 105.05 85.9872 83.9592 94.536 84.2712 85.644 83.5224 89.8872 88.3896 81.744 83.5224 84.24 78.7488 87.0792 81.432 80.5272 63.9912 88.2336 73.9752 77.0952 87.828 79.1232 77.532 86.6736 90.8544 80.6832 86.6424 85.1136 88.764 84.6144 92.5392 85.956 92.8824 81.1512 96.1272 98.6544 84.3648 95.4408 92.976 84.8328 93.0384 99.372 85.1136 96.7512 79.2168 79.6848 78.5304 76.0656 83.304 86.2056 84.8328 77.8128 82.2432 86.7672 83.1792 86.0184 89.8248 89.388 97.2504 104.146 110.854 97.968 113.974 110.292 111.041 111.29 114.566 105.05 118.716 102.679 96.0648 111.914 104.988 100.526 116.47 99.4656 90.5736 94.5984 87.7344 93.1008 89.0136 81.2448
78.9396 80.1328 78.1232 73.2562 80.384 84.7486 81.64 96.9632 88.234 95.0164 97.9994 112.098 100.135 105.41 102.49 119.069 116.243 117.342 109.774 110.214 104.154 96.2096 96.4608 103.432 91.1542 91.217 81.012 83.8066 74.0726 93.7604 60.3822 85.8162 84.0578 80.4782 82.268 74.575 73.005 79.2536 78.5628 81.4516 66.5052 77.558 67.667 75.1088 67.1332 70.807 72.2514 77.1812 85.3766 76.1764 89.8668 74.0098 77.1498 85.5022 80.0072 80.698 74.9204 81.0434 73.2248 69.4568 71.1838 86.036 65.5318 58.3098 68.766 69.6452 66.4738 71.9374 77.5894 71.749 83.3042 75.831 82.7704 89.1446 79.128 80.07 94.514 100.951 83.8066 98.8472 94.1372 116.525 95.2362 90.8402 97.8424 82.2366 96.712 103.651 99.4752 89.0504 84.0578 94.3256 87.7944 78.0604 107.105 87.9828 80.7608 67.353 72.4398 90.4006 80.5096 83.4926 73.6016 85.7848 88.6736 82.2052 84.2462 88.7364 97.3086 99.3182 94.043 101.893 112.443 88.7678 101.453 103.965 92.1276 102.615 102.929 84.7172 85.9418 80.4468 97.026 95.3618 86.5384 89.6156 91.688 73.5074 76.7102 77.0556 74.4494 89.019 73.0992 80.07 64.37 76.145 82.0796 69.0486 59.1262 65.2492 69.08 66.097 82.1738 79.9758 71.0582 70.5872 83.367 78.7826 76.4276 76.1764 85.408 89.8354 87.3234 84.6544 72.848 75.6426 87.4804 71.7804 71.9688 75.8938 71.0896 77.4638 84.9998 90.0238 82.1738 83.8694 86.6326 79.8816 85.251 66.2854 70.65 79.3792 86.5698 78.5628 81.7028 79.6932 86.3814 95.9584 99.8834 100.763 113.574 110.654 112.129 120.199 120.168 109.178 110.308 99.6636 93.1324 84.78 107.419 91.3112 106.509 90.5262 89.2702 77.7778 68.6718 73.8214 67.039 68.7974
70.6892 67.8768 75.84 76.314 84.9408 76.0928 89.9336 87.7848 94.326 89.0804 90.9764 93.852 99.7928 98.592 112.496 107.503 87.5636 112.054 110.537 86.3628 75.1764 77.4516 80.1692 85.32 81.37 72.1744 75.1764 74.9552 72.9328 78.052 77.3252 83.0764 76.2824 73.4384 68.2244 79.2528 82.318 61.936 79.6952 70.8156 78.9368 71.1316 80.896 79.5056 79.2528 83.424 75.524 87.5636 85.636 92.3984 87.6584 88.6696 83.9928 78.2416 84.0244 75.2712 85.4148 83.3608 66.5812 69.7728 79.79 65.728 59.5028 77.2936 77.1988 63.4528 66.8972 77.9256 71.574 86.5208 92.4932 85.0988 74.0388 82.9184 81.212 85.2252 91.4188 89.0804 98.0548 90.4708 101.373 104.248 101.562 102.479 109.81 83.7084 90.6288 90.4076 92.6512 84.3404 86.8052 90.4708 97.7704 76.0296 82.7288 85.4148 74.7656 79.0316 79.4108 76.2192 73.8176 82.476 89.7124 77.1988 72.0164 80.1692 79.6004 91.3872 96.8856 85.0988 100.93 90.7552 91.8612 92.0824 88.7328 98.9396 92.272 81.5596 112.18 108.704 81.7492 109.115 91.7664 83.8032 99.2872 86.8368 74.3864 78.6524 67.782 84.53 70.942 68.414 70.0888 71.0684 68.5404 79.4424 73.6912 65.6016 72.048 76.9776 70.5312 76.8512 87.1212 64.7484 68.3192 77.4832 79.5056 76.788 81.8756 92.3352 73.628 80.106 77.1988 99.6348 84.214 69.3936 72.4588 77.1672 74.0704 76.156 82.1916 71.1948 80.6748 79.3792 70.784 73.154 87.0264 71.4792 73.9124 63.5792 74.576 73.154 71.7636 79.5372 81.1488 83.898 74.8288 70.8156 88.638 98.0232 107.63 99.1292 97.7072 97.7704 106.682 110.126 112.938 101.025 99.5716 96.9804 83.424 89.8704 82.4128 78.842 94.1048 77.7044 67.624 67.3396 75.366 79.3792
79.4682 72.3132 70.0236 79.818 79.1184 73.8714 84.2064 81.9486 91.7112 105.512 89.8986 93.2376 105.608 90.9162 102.237 92.1246 111.713 97.785 94.6368 74.6982 85.6374 99.216 96.7356 82.044 87.1638 76.32 69.7056 83.9202 83.4432 62.169 69.642 72.1224 70.6596 63.0912 89.6442 76.5426 83.9202 74.6028 72.027 82.6164 90.4074 84.5244 80.454 82.1712 82.0122 86.2416 101.219 81.7578 89.5806 82.0758 92.2518 79.9134 85.6692 87.6726 84.27 72.6948 81.0264 86.4642 76.0656 60.1974 72.4722 75.5568 62.9958 62.3598 72.1542 68.6244 59.307 76.4154 80.0724 83.6976 83.5704 71.709 102.65 81.6306 83.2206 76.1928 89.517 97.0854 90.471 102.046 108.597 88.4676 93.492 83.3796 106.435 96.672 83.8248 94.3506 82.203 73.1082 89.1672 72.5358 75.4296 85.7328 80.931 72.1224 86.973 82.9662 73.7124 77.6238 66.0168 74.9844 74.3484 89.4216 86.337 87.7998 95.1456 92.4744 86.2734 98.8026 94.287 88.086 106.498 102.619 102.587 92.061 97.3398 96.6084 87.3546 101.251 94.3824 96.4176 83.475 95.5272 91.8066 88.1814 73.617 99.5022 83.7612 72.5994 73.8396 78.1644 77.3058 86.8776 68.3064 73.5216 77.6874 75.9384 68.9424 72.504 67.6704 81.9486 66.939 71.5182 71.2002 89.4216 88.2132 81.726 97.6578 89.8668 103.032 81.726 82.839 87.1956 75.5886 89.8986 67.893 77.433 89.6442 82.1076 81.3762 89.8032 81.0264 82.68 78.1644 85.0014 75.4296 88.2768 64.0134 69.7374 70.4052 77.4012 80.8674 75.3024 85.1604 85.1286 76.002 84.5244 89.8986 96.1632 108.979 92.0292 106.339 119.854 115.657 105.83 105.989 109.169 104.654 87.3546 106.212 85.6056 79.5318 75.1116 80.3586 70.4688 73.2036 67.575 76.9242 71.868
85.824 72.704 77.664 80.288 77.856 81.6 81.664 96.16 93.856 98.368 97.92 98.272 109.824 112.032 109.568 95.584 108.416 104.544 99.84 104 97.856 88.992 96.352 83.008 81.568 92.128 87.744 69.312 73.312 66.24 77.728 72.16 90.816 73.632 64.192 76.544 79.296 74.144 78.56 71.008 68.8 64.512 65.568 67.296 77.152 86.528 73.728 83.36 68.96 80.704 103.072 72.032 93.92 75.264 85.664 69.024 74.496 81.312 67.168 80.864 81.92 85.76 73.856 79.2 84.32 75.36 92.352 75.04 92.288 83.008 81.632 91.712 90.496 88.96 95.68 109.504 100.096 99.744 113.12 86.912 88.832 99.904 103.52 96.608 82.432 100.608 95.52 94.048 93.728 84.32 91.456 101.632 91.52 96.16 76 73.152 86.4 75.296 85.984 70.688 68.256 70.144 76.128 73.76 89.408 75.808 102.4 80.576 97.344 81.664 97.664 101.728 96.064 98.752 91.776 77.728 113.44 93.504 87.456 115.936 87.296 86.272 95.264 105.024 91.776 99.936 84.128 99.68 95.968 104.288 99.232 75.36 74.72 77.536 84.192 75.68 75.84 80.16 77.728 69.088 77.376 80.704 72 67.168 78.848 93.856 71.36 72.32 86.656 79.616 71.712 68.288 85.28 74.016 69.216 75.68 68.8 69.568 78.08 60.544 67.936 69.696 72.8 61.216 88.8 75.392 70.944 74.24 78.24 75.936 78.272 86.816 75.776 82.112 76.032 86.208 82.24 78.528 78.56 82.848 84.256 94.432 105.376 91.008 105.216 117.088 121.44 110.624 115.712 96.128 88.256 96.832 88.96 77.248 83.072 87.968 79.392 77.28 78.624 78.656
84.042 95.3442 85.1368 112.088 81.4016 89.6448 95.6018 91.8344 103.201 87.5518 107.323 99.5946 117.272 99.981 108.611 104.908 102.75 101.623 97.9202 93.2834 97.3406 82.271 91.9632 81.7236 87.3908 87.6162 80.0492 77.9884 69.4876 79.5984 80.7576 71.967 70.3892 63.434 69.1334 56.2856 53.4198 67.2336 69.713 66.1388 62.4036 75.6056 77.6342 70.1638 65.8812 73.577 64.5932 73.6414 78.6646 75.0582 73.9634 81.6914 80.017 81.9812 69.7774 74.5752 76.2818 80.178 75.2836 75.0904 75.831 70.7434 73.7058 79.1476 79.4696 87.2942 82.7218 86.4892 92.5428 88.9042 102.203 103.008 98.6608 112.281 112.056 111.637 113.795 98.0168 110.607 99.5302 111.927 94.4748 95.0222 88.0026 103.813 81.788 103.587 83.398 91.8022 88.6466 84.364 99.4014 86.4248 96.1814 72.3212 86.9722 81.0152 72.7076 61.2766 79.8882 85.6198 72.7076 79.534 68.0386 69.0368 83.237 87.262 85.7808 90.1278 78.8256 81.8524 80.3712 89.6448 83.8166 92.8326 88.067 94.7002 104.167 97.3728 99.8522 94.5714 106.26 99.5946 103.587 98.8862 94.0562 103.04 100.625 99.82 105.97 101.14 103.137 86.94 96.278 88.067 88.3246 77.8274 75.2836 89.5482 71.484 83.3014 75.8632 72.7076 88.5178 74.704 74.4464 63.7882 61.5986 81.6914 90.4176 76.1208 69.23 72.4178 58.7006 64.8508 71.5484 60.6004 60.697 73.1906 62.4036 62.0816 51.4878 70.518 66.2998 65.0762 66.976 70.1638 71.162 59.2802 71.8704 81.1762 71.5806 73.3194 75.187 75.2192 83.3658 95.3442 91.3514 90.9328 91.8022 100.786 96.5678 105.358 110.51 102.654 105.552 102.654 102.428 104.392 106.099 95.6984 105.648 103.555 95.6018 92.7682 91.2226 86.5214 99.8522 96.4068 84.4928
102.287 88.776 98.7876 108.281 99.3708 102.319 97.5888 104.458 95.1264 98.3016 101.736 100.57 115.376 104.134 116.284 109.577 99.1764 108.961 104.846 107.665 95.418 88.614 79.9956 84.4992 82.0368 90.0072 71.4744 77.1768 80.4492 80.4816 69.336 68.4612 76.4316 57.5424 75.9132 68.4612 70.956 74.7144 61.722 71.0532 63.6336 63.666 69.7248 58.5792 68.9148 79.8336 72.576 74.0664 79.0884 77.76 79.6068 81.162 78.6024 75.5892 67.0032 75.7512 71.3772 72.6408 83.9484 65.2212 87.5772 81.2592 94.2516 92.3076 97.9452 95.6124 105.397 82.8468 93.8304 104.976 106.045 104.944 103.745 107.017 96.552 105.98 103.421 103.032 100.31 93.15 89.91 89.0676 97.6212 91.6272 79.6068 83.7216 85.374 76.4316 96.5196 102.546 101.704 86.184 97.6536 78.5376 69.7896 77.2416 75.168 73.548 69.4008 67.068 83.1708 73.2564 85.698 69.8868 87.2532 78.9912 107.536 87.9984 83.592 90.6228 84.3696 95.58 92.5992 91.9512 79.0884 97.0704 92.2104 97.362 98.5932 103.81 105.235 97.9452 101.25 113.076 111.035 118.357 106.564 107.471 103.939 103.68 108.54 97.7184 87.9012 101.444 91.2708 87.2856 83.268 92.016 83.7864 79.8012 78.6024 72.1872 61.0092 83.268 75.9132 73.386 74.196 81.9072 77.8572 81.2592 85.1148 72.1224 72.6084 72.8352 63.666 69.6276 73.3212 64.5732 69.7248 65.8692 62.7588 67.8132 60.264 75.4272 72.4788 70.8912 76.0104 72.8352 79.8984 62.6292 76.9176 73.6128 64.2168 83.5596 89.0352 89.7804 75.3948 91.6596 95.5476 94.9968 101.12 104.782 103.842 106.693 98.1072 122.116 102.254 106.758 101.347 119.329 102.514 95.58 103.68 98.0424 93.4092 104.782 94.932 96.9408 82.3608 91.1736
102.364 98.126 99.756 97.6696 101.419 107.319 94.1488 103.668 96.333 104.483 114.035 112.894 89.487 108.297 110.612 105.461 102.462 107.515 106.537 90.3998 99.7234 97.1154 95.5832 93.4316 86.39 89.65 81.1414 83.5538 97.637 89.324 83.13 82.0216 77.6858 91.0518 82.641 75.9254 80.8154 80.2938 73.0892 67.971 79.9026 71.6874 69.2424 93.4968 73.5782 86.7486 87.7918 85.8358 87.7266 89.3566 87.6288 91.4756 87.694 91.4104 81.8912 95.7462 81.4674 106.341 92.095 88.5742 95.5506 88.1178 99.6582 87.2702 92.9752 102.103 92.258 103.831 91.5734 80.196 87.2376 107.971 85.9662 103.701 85.738 92.6166 93.8228 94.703 86.2596 92.91 89.976 92.8774 99.7234 96.659 84.0754 96.3004 88.9654 96.3656 82.5106 97.4414 97.637 75.632 84.923 98.5498 90.139 90.628 74.2628 72.5676 74.4258 75.0452 71.3614 79.4462 88.183 70.5138 75.4364 101.256 88.4764 92.4862 104.19 99.6582 83.2278 85.1186 88.1504 98.4194 96.333 81.6304 98.3542 83.2604 89.4544 97.8326 107.515 94.6052 87.2702 97.0828 81.2718 98.0282 110.84 100.604 102.397 100.18 107.515 96.0722 97.8652 99.593 106.211 97.2784 94.8334 93.0078 82.9018 89.2588 88.9654 98.289 92.8774 90.0086 93.3664 92.4536 93.5946 74.5888 87.4658 96.5286 90.4324 88.835 89.813 78.24 90.4976 93.5294 89.3892 79.544 88.2808 80.2938 71.7852 78.729 90.6606 81.989 81.663 89.4218 79.1202 89.324 69.6662 68.7208 85.2164 87.4332 83.1952 97.2132 87.9222 99.1692 85.1512 93.399 104.027 109.145 97.8652 118.273 116.121 97.5718 101.288 106.113 114.654 104.516 114.98 104.222 94.1162 100.734 103.668 88.7046 102.103 96.822 99.2996 91.6712 95.7136 102.071
95.2512 105.157 100.958 103.287 85.4112 110.536 88.0024 94.0048 95.7432 96.3664 105.058 124.673 98.2688 110.536 101.483 114.833 118.539 96.76 110.11 104.206 108.142 105.386 96.3336 82.164 95.8744 92.496 85.0504 80.9504 87.7728 85.8048 94.464 78.7528 82.164 88.7568 77.408 91.9712 73.6032 91.4792 77.9328 83.4104 87.3792 71.5368 93.8408 82.5904 84.1648 89.216 95.2512 90.1016 112.602 78.6216 93.2504 85.6736 95.8744 90.692 93.0864 105.944 78.0312 99.9416 90.3312 95.1528 85.7064 99.5152 99.6136 94.7264 103.451 105.518 101.582 92.3976 101.155 84.5256 111.323 102.041 110.733 81.5408 80.3928 85.936 99.6136 99.6464 99.1872 101.418 90.4624 90.2 70.8808 94.2672 84.3288 100.499 84.5256 86.4608 84.0992 87.6744 92.8896 102.533 73.1768 77.9984 91.0856 86.92 86.6248 70.1264 75.9976 79.3432 91.2168 91.9712 77.572 82 91.84 86.3624 90.364 82.656 87.1496 93.3816 94.2344 79.2776 99.056 76.096 84.5256 82.1968 76.1616 98.1376 90.6592 101.122 87.3136 90.8232 99.1544 96.8584 89.7408 86.6904 94.2016 106.633 94.0704 93.2176 91.3152 103.058 101.68 108.306 87.9696 94.6608 95.0872 108.568 96.2352 97.1208 98.1704 94.8576 94.136 103.386 96.1696 86.0344 103.878 86.9856 108.765 101.713 106.961 100.565 94.1688 84.0008 90.3312 87.4776 70.3232 92.6928 94.3 89.052 79.1792 82.5576 84.5912 78.228 77.2112 87.4776 86.8544 95.7104 88.8552 97.4816 83.2464 93.2832 86.3624 87.7072 101.91 88.4944 103.386 93.152 101.811 99.5152 119.097 111.881 114.177 107.125 108.863 108.568 102.074 90.5608 97.4488 98.1704 99.056 95.0544 100.729 96.1368 95.5792 90.5936 107.551 99.5152 106.272 85.8048
101.805 115.203 111.837 106.821 98.505 101.904 106.26 97.185 110.616 112.662 92.862 97.581 113.223 105.402 109.131 111.705 108.372 100.98 104.61 101.376 103.554 105.27 97.383 86.394 98.505 88.242 87.747 72.303 81.708 74.052 82.995 68.607 67.287 98.472 89.958 79.167 80.883 86.592 85.173 88.044 70.752 87.681 74.877 79.86 79.266 70.653 91.245 81.543 79.893 80.322 81.048 89.793 90.42 99.033 100.254 100.419 92.334 89.1 92.565 93.027 78.111 89.529 85.569 92.268 104.445 97.35 94.017 93.621 97.251 76.362 92.235 102.267 75.504 94.446 88.407 83.49 92.334 95.304 102.135 91.674 85.437 83.226 77.154 81.675 86.46 93.225 92.994 85.206 91.08 109.494 88.077 81.972 92.433 87.747 83.853 69.399 90.255 78.54 87.186 82.566 84.48 61.776 75.801 96.954 90.915 81.51 82.995 84.051 83.655 95.238 84.876 83.424 81.741 89.76 88.671 76.395 80.883 86.658 86.79 89.034 84.447 91.113 98.604 88.638 83.391 75.702 82.302 89.595 90.156 80.124 100.815 88.737 103.125 94.578 106.227 102.531 80.454 82.236 86.427 83.622 90.783 103.257 83.259 92.466 91.476 101.673 79.695 81.642 80.025 85.668 75.801 79.596 79.431 82.302 83.061 87.516 73.656 91.74 76.725 70.785 92.763 71.742 85.041 82.203 89.364 90.486 76.923 81.51 77.946 73.689 78.87 71.445 86.922 86.031 83.952 90.09 92.928 87.846 111.705 96.987 104.742 114.939 111.441 96.69 103.059 103.686 106.854 109.098 100.254 102.465 102.828 113.289 102.993 106.986 105.567 93.555 106.293 100.485 110.781 102.432
104.613 97.3424 98.4048 107.17 91.964 90.9348 103.252 94.952 95.616 91.7316 94.6532 97.2428 99.5336 103.883 97.4088 121.147 90.968 92.9268 103.285 104.547 101.924 99.7328 96.8776 84.5272 95.6824 80.6428 81.5724 97.94 107.269 88.2456 74.8992 75.1316 86.2536 82.834 98.6372 84.5272 77.5552 82.6348 84.1288 73.8368 77.7544 71.6788 65.736 70.5168 76.9244 76.0612 75.862 80.4436 89.3412 84.2284 89.7396 101.692 90.47 87.6148 87.4156 94.786 79.348 90.7356 103.816 91.3664 90.3372 95.1512 88.976 97.4088 83.498 96.6784 83.9628 89.64 84.4276 83.1992 84.1288 84.1288 91.798 73.5712 82.0372 80.9416 70.0852 89.1088 72.6416 84.0292 88.8432 89.4076 81.34 96.8444 90.9348 92.7608 80.9416 82.668 76.9576 82.336 74.2352 89.2416 83.996 86.2536 83.2656 96.3796 73.7704 78.186 91.5656 86.154 90.0384 80.7756 84.1952 82.4356 83.2656 96.2468 77.2564 98.0396 93.458 85.2576 95.948 83.1328 85.3904 88.4448 87.316 76.2604 100.43 101.16 78.6176 78.02 94.952 90.4036 64.5076 83.498 83.2988 89.7396 80.2112 84.9588 77.7876 81.9376 85.0252 95.616 90.2708 89.806 75.2312 98.0396 102.621 92.628 92.1964 88.1792 101.692 101.957 99.102 81.4728 83.3652 84.4276 85.7556 88.81 79.5472 86.0544 75.8952 85.0916 77.356 75.7624 79.0824 70.8156 83.498 84.494 88.146 73.04 65.0056 74.6336 69.7864 76.3932 81.672 97.6744 78.5512 72.7412 91.0012 95.2176 85.49 87.648 102.322 83.166 89.9056 105.676 97.608 92.6944 93.0928 97.6744 90.304 95.7488 105.078 109.46 117.096 112.349 104.082 106.373 96.9772 107.601 98.106 93.7568 109.626 91.3332 99.7992 113.444 103.318 109.427 84.5604 87.9136
82.0638 88.2094 88.343 86.4726 88.51 97.7284 92.1172 84.3684 82.3978 93.8874 95.1566 93.4866 93.8206 102.471 107.147 105.277 101.937 104.709 104.609 96.025 104.208 87.9756 105.744 96.3256 94.3884 95.0898 107.047 97.2942 97.0604 80.995 90.9482 103.607 78.49 91.683 81.5628 90.9482 73.48 87.2742 82.999 84.4686 82.4312 76.1186 72.5448 66.0986 78.9576 71.2422 64.963 90.9482 85.8714 84.5354 88.6102 76.4526 79.7926 84.4686 87.4078 107.515 100.567 87.4412 104.642 93.4198 104.642 92.0504 89.0444 103.841 95.7912 90.3804 85.6376 83.0324 77.2876 91.7498 68.5368 80.6276 92.1172 87.3076 84.2014 82.164 74.9496 72.2442 85.9382 95.2568 81.5962 77.7886 95.7578 71.0752 78.5234 95.19 84.9028 79.5254 88.7772 70.7746 93.0524 88.2762 75.2836 81.9636 76.1854 77.2876 67.5348 71.977 76.3524 74.7826 73.5134 78.4566 73.981 75.1166 69.9062 83.8006 84.836 77.7552 82.7318 86.6062 83.3664 68.6036 77.5214 83.0658 83.9008 72.979 91.4492 80.3604 71.6096 84.9028 78.7572 93.1192 87.2742 71.476 84.1346 96.192 91.9168 85.17 82.4646 88.2428 88.1426 87.2742 97.9622 77.822 84.168 86.9736 91.7832 104.141 89.345 79.3584 95.7244 93.2194 92.5848 83.5 97.2942 99.532 103.039 89.6122 82.3644 87.7752 89.5788 78.2228 70.975 78.2562 72.979 78.4232 83.2328 64.128 74.3484 89.2448 77.0538 77.2208 94.8894 89.1112 82.4646 87.842 97.0604 88.0758 87.007 98.9308 86.4058 86.7398 94.188 102.872 101.235 104.642 94.689 92.1172 111.957 95.7244 95.2902 103.974 107.548 99.2982 111.523 111.422 101.336 105.277 99.1646 97.4278 101.469 99.9328 92.6516 86.0384 83.5334 87.8754 82.2642 93.0858 97.2942 104.008
94.752 84.5376 88.872 86.856 89.5776 89.7792 93.3408 101.035 95.0544 92.7024 106.411 107.856 112.358 114.341 130.57 125.294 115.114 126.336 110.712 107.251 105.84 111.989 99.7584 97.4064 98.2128 102.782 97.7088 94.416 81.8832 77.2464 90.72 77.6496 91.0224 79.9008 84.3024 89.2752 77.112 74.5584 82.9248 77.8848 80.2704 83.832 82.0848 69.4176 73.752 87.7968 77.7168 85.512 86.184 86.52 107.352 83.5632 90.1824 105.437 87.1248 95.6592 94.1472 106.21 91.0224 109.166 98.9184 87.864 82.992 71.6688 79.4304 94.5168 81.984 80.808 80.4384 76.0368 80.2032 73.584 88.5696 67.7712 78.1536 85.9152 77.5152 100.632 87.3936 89.3088 82.824 91.056 75.3648 96.3984 83.3616 74.4576 94.4496 87.2256 85.68 65.3856 83.7312 82.5552 91.0224 97.6752 70.0896 72.7776 74.3232 76.608 63.2688 80.6064 60.0432 71.7696 78.0864 75.3648 72.5088 74.1888 72.6768 81.6144 84.1344 80.2032 80.2368 83.7312 85.7472 77.5488 85.9488 88.6032 77.6832 70.2912 69.5184 81.0096 80.2368 81.7824 89.0064 66.1584 91.9968 89.1744 79.0608 81.312 77.7168 85.0416 78.288 72.912 91.3584 92.4672 81.6144 88.2672 86.6544 95.2224 94.6512 86.3184 83.7984 77.28 101.338 95.9616 101.203 86.7552 101.405 99.0864 100.8 92.4 90.3168 88.8384 77.6832 76.9776 81.8496 82.5552 85.3776 68.0064 73.416 96.4992 78.96 82.3536 87.4944 77.5152 83.9664 84.672 94.1808 90.2832 101.102 84.6384 84.8736 77.0448 93.744 97.104 94.584 94.92 109.066 101.606 111.787 117.062 104.429 115.651 113.098 120.994 119.414 106.042 112.594 106.411 106.982 120.624 100.397 100.262 101.606 92.4 87.4272 96.8016 93.6768 80.5392 88.032 76.4736
99.2706 89.6376 87.3054 98.358 104.036 107.923 107.822 110.526 111.912 108.904 112.284 118.469 126.75 120.565 130.062 125.229 115.664 108.566 120.024 112.622 101.569 103.36 86.4266 92.3078 95.654 90.3812 98.9664 103.124 89.0292 87.9814 105.659 86.7308 103.529 85.6492 91.8684 95.4174 95.7216 85.2436 95.1132 80.7482 89.8066 87.6434 92.4092 75.7796 79.4976 93.8626 97.6144 81.9312 80.6468 93.3894 94.809 86.4604 99.7776 92.443 102.989 93.8288 85.7506 89.908 98.8312 83.7226 90.5502 81.8298 92.7134 84.331 83.6212 81.289 83.7226 85.8182 100.758 79.092 77.7062 73.8192 66.8564 74.3938 80.0722 81.8298 79.8356 77.1992 63.5102 90.5502 71.2842 93.0852 81.0524 71.7912 79.2272 87.7448 81.7284 69.5942 70.7096 85.683 88.3532 78.8554 90.246 83.1818 74.698 77.9428 73.2784 72.8728 64.0848 76.9288 68.276 63.1722 62.6652 62.023 68.0056 73.2446 61.854 81.8298 83.0466 81.3566 86.697 76.4556 75.6444 85.176 91.3276 84.2634 91.1924 69.3914 79.0582 80.5116 62.361 92.5106 82.7086 78.9568 71.994 87.3392 68.8506 77.6048 83.2832 84.7366 80.1736 76.1514 81.0186 79.261 81.9312 74.5966 75.205 98.696 92.6796 90.584 100.149 97.3102 106.335 104.645 96.4652 95.3498 81.9312 88.2856 78.078 99.6762 93.288 76.2528 78.3484 79.9032 83.1818 77.571 88.3532 80.106 74.8332 95.6878 86.7646 97.8172 100.792 87.9814 97.9524 88.1166 85.514 87.9814 106.808 94.4034 83.6212 79.8694 74.2248 96.33 98.4256 100.318 98.5946 107.822 104.408 101.028 121.342 117.455 128.981 115.157 124.959 128.643 127.122 130.569 110.56 118.469 120.869 111.236 116.914 107.349 92.7134 84.838 86.19 104.949 98.3242 96.7694
89.216 105.23 104.074 103.428 97.75 101.66 107.474 103.938 112.302 108.29 101.694 123.964 120.428 109.786 120.02 116.212 107.1 119.986 117.3 111.996 110.398 98.022 99.62 94.554 91.596 90.372 89.08 81.6 78.642 88.434 91.562 87.448 88.026 90.746 89.93 89.454 99.722 85.204 103.496 103.224 96.492 80.784 87.21 84.592 80.988 87.278 91.29 102.204 88.332 100.13 93.942 79.628 83.81 80.818 97.648 98.906 101.762 102.986 97.274 87.346 85.204 90.542 79.186 74.868 82.688 81.838 77.724 68.918 81.022 81.872 77.826 65.994 92.684 66.64 73.202 68.816 78.098 83.164 70.516 85.374 87.074 76.5 80.75 69.768 81.702 87.992 74.766 80.444 87.686 77.044 69.598 94.928 77.35 84.626 53.788 89.046 66.096 67.796 55.318 63.818 63.41 77.86 77.384 77.724 76.16 65.484 65.416 69.972 75.14 72.862 87.38 80.75 89.964 77.18 79.696 87.924 82.96 61.2 82.28 80.274 80.818 78.812 86.598 82.484 73.984 87.856 81.362 72.454 78.744 67.354 82.382 89.148 94.078 86.258 78.846 87.516 68.17 90.746 83.742 71.4 90.134 85.544 98.464 98.192 99.79 93.024 104.006 95.71 101.456 94.146 86.088 82.178 93.704 90.984 84.184 85.782 94.86 83.13 91.358 95.404 76.33 77.792 94.316 81.532 76.126 85.952 76.942 88.298 88.876 79.798 92.004 87.38 90.916 78.846 89.318 86.224 94.962 90.1 108.426 111.724 96.152 117.98 125.324 106.93 110.126 126.31 124.44 112.574 99.994 100.606 107.338 98.872 111.384 101.898 96.968 100.572 101.048 97.784 109.548 98.634
97.3674 104.789 99.1458 91.4508 98.9406 98.0172 98.6328 101.848 101.984 105.268 98.2224 106.328 124.214 112.176 126.506 110.774 127.19 117.614 119.495 108.927 95.7942 112.279 94.4262 94.6314 83.6874 95.6574 93.5028 77.9418 79.9938 72.1962 79.6518 80.5068 73.701 74.043 70.965 78.2154 70.0758 66.2796 76.7106 71.6148 76.3344 86.2524 87.5178 87.2784 83.7558 97.0596 104.071 91.3482 83.0718 102.19 97.1622 110.363 98.8038 106.533 92.7504 98.4618 97.9146 88.4754 90.6642 86.355 83.0376 76.3344 72.846 73.6668 73.53 75.0006 89.091 91.5192 81.1566 73.5642 70.0416 85.1922 74.5902 75.1716 77.5656 75.5478 88.7148 87.894 75.8898 86.7312 72.4698 83.7558 82.5246 91.8612 78.2154 68.5026 74.6244 85.3632 81.1224 72.333 77.5998 60.7734 80.199 79.5834 81.567 72.4356 71.2044 82.6956 59.2002 73.3932 55.5408 70.1784 68.2632 73.872 72.9486 71.649 63.6462 88.4754 82.9008 85.2264 75.6162 77.7708 79.8228 92.3742 70.5888 87.4836 72.162 76.1292 73.872 71.1018 87.3126 81.1224 64.0908 82.8666 92.4084 68.7762 67.3056 69.768 90.288 87.552 72.8118 76.095 86.355 82.1484 77.6682 72.2646 71.7174 78.9678 68.0922 80.2332 95.8626 90.0144 94.5972 97.983 99.9324 91.8612 108.414 98.7696 102.053 89.5698 112.792 106.636 88.065 80.883 91.4166 87.894 90.6642 87.381 84.474 74.5902 69.3918 72.4014 77.805 77.5656 77.121 86.0472 87.8598 78.2154 67.9896 87.3468 79.8912 78.147 72.1962 71.0334 81.6696 89.091 85.8078 93.1266 96.2046 109.337 100.445 115.083 118.161 136.184 114.878 120.281 120.692 121 107.354 96.9912 111.321 98.8038 101.574 101.574 101.129 94.2552 105.062 83.2428 94.392 100.89
84.5896 98.6592 106.365 102.134 102.994 99.932 107.775 100.414 104.886 88.4424 106.227 108.188 99.3128 120.4 114.277 109.117 115.343 102.443 125.491 103.338 98.9344 88.9928 93.3272 98.384 89.0272 92.364 96.6296 75.9896 81.7688 77.228 73.6848 65.6008 83.0072 77.8816 74.4072 81.6312 77.6064 71.9992 76.4024 80.6336 70.864 85.9312 84.2112 76.0584 86.1376 86.4816 94.7032 99.6912 100.31 91.848 108.188 88.3736 107.878 95.5288 91.8136 88.5456 76.9184 94.772 79.1544 77.2624 76.1616 79.7736 83.3512 72.9968 72.068 80.152 77.572 75.3016 71.3112 71.5864 75.1296 71.2768 72.2744 80.5648 74.992 84.0392 83.9016 81.012 82.216 71.5864 82.1472 86.4128 82.8696 69.66 68.284 91.5728 83.4888 73.272 67.2176 80.2208 77.4344 85.0712 78.1224 89.956 81.3216 71.1736 54.8336 83.1104 76.2304 64.8784 70.7264 74.2352 68.9032 69.832 75.5424 63.7776 69.0064 95.9416 87.5136 72.1024 82.904 75.4392 76.9872 77.6064 73.4784 76.884 80.8744 84.5208 85.312 71.8616 69.6256 78.5352 70.2104 65.4632 67.94 72.4808 78.4664 78.604 69.0408 77.6752 74.304 66.2888 82.56 82.732 80.5992 82.6976 66.6672 73.3408 77.3312 86.9288 68.2152 78.3976 92.4672 82.2504 99.1408 81.6312 87.4792 99.8632 83.9704 102.202 100.964 98.4872 85.9656 93.568 85.7592 82.1472 81.9064 76.2992 85.2432 65.7728 85.656 76.884 81.0464 77.4688 92.536 78.2944 66.8048 69.6944 71.7928 72.8592 78.1912 79.2232 79.4984 81.5968 88.064 89.8184 96.7328 101.308 95.2192 91.332 116.582 106.055 108.05 118.267 109.977 120.847 106.95 110.527 117.51 109.117 101.996 104.989 102.925 95.5632 108.566 88.2016 102.065 98.2808 99.3472 91.9168
95.9804 83.5936 77.85 112.934 106.222 105.184 101.309 91.8284 100.063 113.073 110.928 113.038 114.388 120.789 118.47 104.146 125.079 113.523 112.104 109.647 97.572 102.07 94.5618 87.4688 77.158 93.4892 98.1948 78.5766 71.5874 87.0536 89.1296 79.5108 74.8744 81.3446 88.2992 87.1574 74.5284 89.095 73.2136 74.8744 83.9742 77.5386 73.1444 87.6072 87.8494 91.0326 90.9288 91.2402 85.981 106.81 96.9146 92.5204 74.909 88.8874 80.8602 88.2992 87.8494 75.9816 75.7048 83.386 82.4172 73.525 83.4552 68.681 83.8012 96.8108 76.6736 71.9334 81.7252 80.272 93.3162 73.5942 85.981 75.9816 83.1784 78.888 70.0304 79.7876 79.8568 74.2862 84.4932 73.4212 77.9192 83.8012 75.1512 75.3242 98.783 77.677 69.2346 80.4104 72.7292 84.1126 74.2516 75.2204 84.0088 73.179 72.0718 73.4558 63.1104 64.1138 76.0162 69.9612 72.6254 72.141 87.1228 77.3656 71.1376 96.188 82.9708 78.4728 96.361 81.2062 74.6668 72.7638 93.5238 80.0644 98.783 77.5732 93.3508 81.2062 77.5386 75.4626 73.1098 84.4586 66.605 69.3384 68.5772 81.0678 72.3832 75.0128 85.3236 77.1234 69.8228 91.9668 83.559 83.386 90.5136 76.812 80.5488 77.85 99.1982 84.6316 80.7218 79.0956 88.9912 76.985 86.9844 95.7382 102.208 87.2266 91.6208 95.9112 100.409 91.171 88.1954 72.4178 79.8914 89.2334 71.4836 75.4626 72.3832 79.3378 87.9878 84.8738 86.0502 78.369 86.0502 87.5034 90.2368 82.9016 90.5482 84.6662 92.4512 99.821 91.7938 94.285 95.9458 92.7972 101.724 108.748 103.108 104.284 119.405 110.962 115.668 115.218 116.844 107.398 116.706 102.658 96.0842 99.0944 110.097 96.9492 98.5062 85.6004 83.7666 99.7172 85.0122 93.2816
87.696 87.0348 84.4248 89.262 85.782 96.222 79.7616 84.5988 94.134 89.088 90.5496 99.4236 101.268 103.391 111.256 101.059 122.426 112.891 109.202 110.525 114.492 109.864 108.506 106.384 88.1136 108.82 103.704 87.3132 86.3388 89.262 75.5508 95.5608 83.2764 90.9324 85.3644 97.5444 93.9252 83.172 91.6632 93.5076 88.044 99.4236 86.2344 85.2252 85.3296 93.2988 95.8392 93.3336 96.5004 88.392 76.8036 96.1176 80.6664 70.3656 83.7984 73.95 77.9172 78.1956 79.17 77.1864 70.8528 75.6204 82.2672 81.9192 80.4228 79.6572 78.1956 79.9008 79.518 74.1936 77.8824 80.8404 80.3532 80.91 81.6408 77.1516 75.69 80.7708 77.7432 90.5148 80.4228 80.4576 79.344 70.296 92.8116 83.5548 78.9612 79.6224 81.5712 82.4412 81.606 72.21 79.8312 76.8036 68.1036 64.38 76.038 68.3472 82.9632 63.9972 71.1312 73.7412 62.0136 93.1596 65.7024 71.8272 84.3552 73.4628 77.2212 82.0236 82.4064 99.8064 85.2948 86.7564 89.088 93.8208 85.8516 76.6644 82.8588 85.0164 82.0584 87.7308 95.9784 79.3788 98.136 75.4812 86.478 82.3368 88.1484 85.608 84.1812 92.6028 84.3552 79.9356 84.9468 82.9284 76.038 86.0256 69.0084 80.2488 76.734 73.3236 87.9744 84.1116 76.9776 77.2212 95.9784 81.0144 91.8372 93.1596 82.3368 89.262 87.2436 72.6624 84.6684 85.6776 85.6428 98.3796 76.4556 84.8076 81.8844 94.2732 92.7072 78.2304 91.8372 82.6152 85.3296 89.4708 88.8444 78.3348 102.312 99.1104 101.825 98.3796 96.2568 99.18 109.411 93.5772 107.497 98.6232 104.748 100.92 110.908 95.3172 102.312 108.75 108.576 109.829 94.7604 105.896 104.191 93.2988 92.7072 88.6704 86.4432 88.4964 80.6664 79.8312 79.9704 77.604
67.865 68.25 74.795 72.345 74.025 74.83 72.03 77.7 88.76 85.26 85.435 93.24 99.61 93.66 106.925 109.41 113.26 106.505 110.985 104.79 115.99 115.22 102.165 98.84 106.47 100.135 97.755 92.085 93.52 88.725 77.595 96.95 94.01 92.155 94.85 94.745 95.445 92.785 91.805 94.99 90.055 96.075 107.765 87.57 103.32 86.065 99.54 97.405 93.975 90.195 79.31 88.585 75.39 87.36 78.015 80.465 92.68 76.93 76.825 80.115 80.22 73.5 82.32 76.72 86.625 74.235 74.375 83.405 76.93 72.275 85.855 68.495 79.59 84.455 88.69 80.78 96.11 80.885 89.39 92.26 89.95 94.465 90.3 87.71 93.87 87.85 85.225 86.66 82.95 101.535 92.68 91 88.165 94.535 73.64 75.95 72.555 65.905 65.415 72.45 58.485 68.46 75.985 76.125 69.23 79.1 93.73 81.62 74.41 84.63 82.705 84.175 75.67 86.73 97.825 81.515 83.93 89.075 88.76 108.15 94.815 78.645 85.995 91.805 90.125 99.505 73.885 99.96 84 91.525 85.715 84.56 67.9 72.275 74.41 71.82 81.13 74.55 83.3 69.65 67.095 79.835 87.71 68.495 88.165 84.28 73.675 86.38 75.215 85.82 90.055 88.935 96.775 92.785 100.625 93.415 100.45 90.335 92.015 79.8 86.1 94.605 87.045 95.025 85.015 100.87 90.44 90.685 86.625 95.165 99.68 93.1 97.72 104.09 91.595 101.5 80.22 97.65 109.655 101.395 109.725 108.815 100.485 97.475 97.755 103.39 108.64 86.24 89.075 100.66 86.135 96.285 92.12 86.1 78.505 68.25 57.575 79.31 58.59 54.845
60.4032 61.6352 58.5376 66.9856 64.7328 69.4496 70.5408 90.288 75.3984 93.9488 81.9808 104.474 98.5248 113.696 119.645 115.28 114.47 104.509 111.76 111.162 102.784 104.438 91.2032 106.621 86.1696 103.699 83.8464 96.976 96.3776 86.6976 98.4896 98.5952 86.9088 97.8912 74.5888 98.1728 93.5968 93.808 90.8512 90.3232 98.4544 103.664 96.8 97.8912 98.5952 115.315 97.152 100.531 84.9376 89.4784 85.1136 82.2624 85.9584 83.776 80.0096 91.7312 92.1536 83.4592 91.168 89.0912 81.2064 79.7632 81.3824 92.6112 73.568 77.5104 79.2 79.3056 84.9024 89.5136 93.9488 76.9824 90.1472 77.0528 88.7744 73.92 77.0176 86.9088 92.928 97.1872 97.6096 109.19 81.0656 96.9408 105.846 90.1472 97.328 82.5792 89.6896 92.8224 89.6544 74.5536 74.1664 84.1632 72.0544 81.5936 80.6432 68.1824 63.888 70.9632 59.9808 68.9216 80.4672 80.608 79.5168 85.2896 99.616 77.2288 95.568 88.7744 103.488 87.2608 91.2032 88 88.4576 95.92 83.6 96.448 97.5392 88.2112 104.826 86.5568 106.938 96.2368 84.9024 86.3104 98.0672 84.2688 76.5248 82.8256 81.2768 80.5728 88.1408 75.7152 82.4032 93.808 73.92 77.8624 75.9264 85.1488 80.7488 80.9952 93.4912 76.5952 80.432 88.4576 83.6704 80.8896 85.3248 94.0192 79.2 91.2032 100.848 93.7376 93.8784 111.408 102.01 109.402 91.3792 87.5072 94.3008 106.374 94.3712 92.6464 90.6048 101.165 91.2736 89.584 89.6544 99.968 103.664 98.2784 99.3344 87.8592 91.696 101.517 96.2016 101.482 91.168 111.126 113.274 109.894 113.837 100.778 123.939 108.698 96.6592 104.438 100.144 86.24 84.7968 79.0944 74.096 74.3424 76.1024 72.4064 59.9456 67.408 56.4256 55.7568
49.914 49.029 65.7024 80.712 75.6498 56.4276 86.4114 77.8092 75.2604 97.8102 92.394 98.9784 97.8102 95.403 92.1462 108.89 117.528 122.909 105.244 86.376 92.1816 92.5356 94.0578 89.6682 93.7392 85.491 77.9154 95.1906 80.889 94.1286 93.4206 87.4026 78.765 79.6146 88.3584 91.5798 96.2172 87.6504 86.6946 90.4824 84.1812 97.173 97.527 86.3052 91.1904 84.96 97.527 90.4116 96.9252 107.864 89.1372 78.9774 82.3404 88.3938 81.066 91.9692 84.0042 79.2606 75.8622 83.013 78.6942 63.543 79.6854 70.2336 79.0836 90.0576 91.5444 78.3048 88.1106 80.0394 97.1022 94.6596 85.3494 81.6678 97.35 89.7744 81.7032 103.297 88.0044 83.6502 101.244 94.9782 94.341 99.6156 101.315 102.448 106.766 100.501 89.6682 104.501 93.102 100.253 95.2614 102.412 75.3312 85.314 85.8804 79.5084 90.6948 82.1988 73.455 86.5176 88.0044 76.2162 90.7302 78.2694 106.873 102.129 99.828 96.1818 103.262 96.6066 103.297 96.1818 104.005 96.1464 102.766 86.0928 94.1286 99.3678 105.74 92.0754 102.271 79.8624 84.1104 92.8896 88.7478 84.5352 91.155 101.987 81.3138 83.898 81.1722 95.8278 92.1108 73.455 82.659 73.1718 85.5972 83.8272 69.2778 81.066 77.5614 85.314 78.3756 83.4732 91.332 89.3142 92.2524 87.2256 88.1814 86.907 83.4024 84.96 98.7306 86.6238 106.554 86.4114 81.7032 84.7122 104.359 82.5882 83.9334 91.7922 89.208 87.2256 84.1458 92.3586 70.7292 76.8534 82.2696 93.9516 73.6674 97.2792 79.0128 89.9868 83.1546 98.412 91.686 74.2692 97.1022 93.987 90.447 97.1022 105.386 113.846 111.05 98.412 104.218 100.607 92.0046 91.7214 67.26 70.1274 82.2342 63.6138 68.2158 60.8172 60.5694 61.9854
65.8956 73.7276 71.2712 70.666 69.42 73.5852 70.2388 65.326 88.8932 93.5212 96.2268 99.6088 86.7928 90.1036 107.37 95.23 93.5212 110.823 100.107 101.175 82.4496 88.0744 79.922 86.686 73.6564 80.8832 71.6984 78.0352 74.938 74.938 90.602 81.8444 79.8508 76.7536 89.712 80.7764 90.7444 83.7312 96.5828 89.1068 88.3948 98.2916 93.45 79.8152 82.9836 87.7184 105.447 100.748 90.602 107.69 93.5924 97.722 73.4428 89.4984 90.1392 76.0772 81.4884 77.3232 77.3588 63.6884 77.8572 82.6276 84.4432 78.8896 79.032 83.2684 89.89 84.3008 95.586 86.2232 83.3396 88.5016 88.6796 99.9292 93.4856 103.738 95.4436 87.2912 99.502 98.6832 94.0908 100.392 87.9676 99.146 91.3496 106.408 95.764 98.2204 121.645 99.146 99.2172 117.872 105.091 93.2008 110.68 100.178 86.9352 96.9744 84.6568 77.43 97.6864 81.3104 93.8416 98.6476 84.194 105.839 109.862 103.738 96.3336 102.314 104.7 110.431 93.7704 93.3432 108.758 96.5472 92.4176 107.37 96.0844 90.6376 88.0032 93.806 79.922 82.2004 91.9548 81.168 101.816 90.7444 80.1 88.1812 92.9516 80.8476 83.0192 73.2292 74.0124 68.9216 82.1292 73.692 77.9996 77.2164 70.2388 78.4268 81.9512 75.8992 70.8796 84.1228 97.9 79.4948 96.298 104.415 83.1616 92.4176 94.9096 95.3012 90.6732 91.5632 93.806 99.0392 86.6504 77.9996 95.0164 84.5856 86.5436 82.2004 83.304 84.55 77.786 76.2908 83.1616 86.7572 84.7992 81.7732 67.7824 80.7408 91.314 81.9156 100.25 77.3232 94.3044 81.702 74.5108 96.476 89.356 87.7896 92.2396 102.35 103.738 89.2848 95.7996 94.0908 90.3528 87.3624 79.388 88.8932 65.5752 80.4204 76.7536 75.0448 68.0672 63.4392
75.1084 78.2588 82.161 67.304 78.044 69.5594 75.0368 82.3042 66.946 90.0012 88.1396 92.9368 83.2708 109.405 90.0012 119.286 91.469 75.18 88.247 77.328 103.14 79.8698 84.4164 69.452 78.581 67.5188 72.2802 79.9056 66.8386 78.2946 90.0012 61.1464 72.6024 84.7744 89.5716 88.1754 87.5668 86.636 81.3734 76.2898 82.5548 78.8316 107.722 98.3784 76.1824 93.5096 95.5144 95.2996 99.5598 91.4332 102.639 88.2112 105.001 85.0608 74.822 91.9702 76.7552 74.3208 82.3758 71.8148 68.736 78.3304 71.6358 78.402 71.7432 84.5954 80.013 73.8554 81.1944 82.1968 79.297 84.9176 83.7362 68.2348 78.581 86.4212 80.8722 100.133 96.8032 96.0514 97.5192 98.45 98.4858 106.72 110.944 95.8366 102.818 110.013 99.0586 100.061 112.484 100.312 103.426 116.207 119.071 98.0562 103.319 98.9512 99.7388 107.973 106.004 95.2996 92.0776 100.92 105.825 98.3784 106.684 95.4428 109.834 122.615 118.534 93.08 107.579 92.185 97.8772 109.799 85.92 87.0298 109.047 80.908 99.7746 92.1134 89.5358 100.061 85.0608 87.2088 81.4092 74.7146 68.4854 85.5262 84.846 80.192 95.8366 72.853 67.6262 72.674 73.4616 65.4424 75.7528 67.8768 72.6024 81.3376 86.9224 78.7958 96.0156 78.939 107.006 84.846 76.0034 103.426 106.612 89.142 94.9774 92.9726 94.0466 92.2566 88.7124 85.6694 85.92 98.1278 86.7076 82.1252 77.2206 78.6526 82.9844 78.9748 77.1132 74.3566 80.2278 76.3614 64.261 63.008 84.9892 82.519 69.2014 91.0752 80.2994 79.9772 67.7336 81.0512 83.7362 89.4284 85.3472 95.0132 94.1898 83.056 96.9822 85.4904 80.1204 85.0608 77.0058 82.698 85.1682 68.736 85.92 66.7312 66.8028 86.1348 82.161 84.2374
94.5 82.116 79.632 91.008 86.832 81.54 82.764 85.464 75.564 82.188 67.248 76.392 90.432 82.116 80.676 79.632 97.92 86.328 77.94 89.28 83.34 77.976 72 81.144 65.916 81.828 65.52 71.964 60.264 75.168 73.044 71.46 73.836 61.236 66.78 69.876 68.184 80.028 75.78 82.224 82.224 97.344 102.852 88.416 83.916 85.896 104.58 98.856 91.008 110.376 103.392 100.476 80.856 97.308 95.976 77.256 80.712 76.176 76.392 79.524 77.472 76.824 80.892 68.004 77.04 65.34 73.476 70.668 80.604 82.152 74.124 70.776 75.672 89.28 85.5 80.964 82.008 93.78 88.38 83.772 90.612 102.276 82.872 110.448 102.42 104.508 103.464 92.772 111.528 107.28 114.66 102.996 117.576 109.332 98.496 101.16 110.808 94.068 82.728 95.616 110.304 110.952 80.316 93.42 109.296 115.02 110.736 116.496 111.06 107.856 98.1 103.392 87.264 109.548 100.26 102.06 98.64 90.252 83.7 108.756 85.5 96.336 92.808 84.708 73.476 84.06 87.804 88.992 87.66 77.472 71.64 82.908 81.18 73.116 81.432 76.536 76.752 83.988 80.028 66.96 74.844 74.592 83.628 82.476 77.22 77.652 89.964 95.292 107.964 94.068 97.344 109.224 92.484 102.42 102.096 92.88 99.792 93.312 97.308 106.056 85.068 94.212 90.936 81.18 78.048 65.556 77.004 62.388 77.796 69.624 69.372 62.064 71.64 67.608 65.772 78.228 76.392 79.092 83.448 71.928 91.332 93.852 94.464 94.572 90.288 85.824 88.704 86.184 75.924 77.616 81.072 66.96 71.604 77.148 79.164 79.128 95.04 81.18 79.524 90.612
94.5906 92.491 89.9208 88.3642 79.7848 83.441 90.1742 83.8392 84.2736 86.7714 82.9342 78.1558 81.1604 89.1244 80.002 77.8662 89.8122 80.726 80.6536 84.527 81.7396 79.3504 73.305 67.3682 66.3184 70.4814 71.0606 70.5538 61.6486 76.1286 68.4904 85.4682 72.9068 77.106 71.4588 80.6898 83.6582 86.1198 70.4814 87.8936 66.8252 82.8618 82.7532 80.4002 89.9208 92.2014 98.7898 88.0384 102.591 99.5138 101.722 109.469 102.12 89.7398 95.9662 99.9482 92.0204 93.4684 89.1244 84.2374 82.355 82.7532 77.6128 81.0518 74.4634 78.1196 76.4544 70.59 70.0832 79.8572 90.7172 77.5404 80.4364 77.3594 78.8436 93.758 91.043 91.6222 98.9346 92.9978 87.0248 105.885 95.749 116.238 107.731 94.7716 102.229 109.541 104.799 102.012 99.912 104.582 97.921 98.1382 117.65 117.759 114.247 100.672 95.1698 90.2828 109.577 95.1698 96.5092 89.3416 116.636 90.2828 113.451 102.591 113.559 105.813 109.577 101.505 106.464 101.794 103.532 94.9526 99.9482 97.559 84.346 92.7806 94.4458 82.7894 87.966 88.9796 82.174 76.4906 69.2868 87.5678 77.3956 86.8438 75.0426 67.5492 65.522 73.1602 86.7352 77.6852 77.1422 77.9386 74.7892 78.8436 80.0382 83.5858 99.188 81.812 90.7896 102.084 98.8984 91.0068 106.03 93.0702 98.645 104.22 87.966 97.921 82.1016 91.5136 85.0338 98.826 84.4546 82.536 70.1556 76.7802 80.5088 69.504 61.8658 73.0878 68.599 61.6486 76.5268 76.4906 76.3096 80.8346 74.7168 57.92 67.1872 68.9972 65.341 73.0154 75.9114 73.5946 77.7576 85.975 82.2464 83.803 91.4774 84.0564 80.5088 70.9158 89.1968 79.7124 74.8978 88.2194 82.2826 92.1652 84.7442 97.2694 92.4548 89.1244 103.713 95.3146
102.612 93.4752 95.5136 97.4064 97.916 95.2224 92.7472 91.3276 90.3084 97.9888 94.7128 97.8068 88.1608 96.1324 80.08 94.5308 86.3408 77.7868 75.3116 85.8312 67.2308 88.452 72.5816 79.4248 70.3612 84.5572 79.534 74.6564 79.0244 75.3844 73.4188 84.1204 77.0224 80.2256 70.3612 72.3632 78.078 72.9092 76.0032 78.1872 80.99 72.982 68.1408 75.6392 96.1324 83.1376 89.2892 107.052 85.5764 100.573 107.307 101.119 105.014 102.502 107.198 98.3892 97.0788 105.123 87.36 87.0688 87.2508 89.9444 90.1628 83.72 86.3044 82.4096 81.6816 75.8212 94.9676 96.8604 86.632 98.5348 107.489 88.816 95.8048 91.4004 109.71 93.2204 98.1344 103.958 98.28 98.3528 112.294 89.544 95.2588 108.144 112.148 100.428 108.836 101.738 120.338 108.763 104.832 113.75 109.346 119.246 105.888 91.1092 79.4248 82.5188 89.0708 94.9676 92.5288 85.3216 98.4256 104.978 105.087 103.886 109.018 102.32 116.88 112.84 104.759 102.211 108.217 90.3812 92.8564 95.1132 99.554 90.5268 98.7532 106.725 85.0304 93.8756 91.5096 86.9596 101.083 90.7088 87.2144 90.1628 84.8484 81.9364 94.094 84.1568 87.3964 79.898 81.8272 88.1244 75.1296 86.3408 89.9808 99.4812 104.504 88.4884 99.2992 106.543 110.328 110.547 98.7168 104.177 109.2 108.982 92.2376 90.0172 90.8908 92.7472 79.0972 82.8464 73.9284 72.9092 80.0072 82.8464 67.34 69.1236 67.4856 80.7716 69.342 77.4956 83.356 84.7028 78.0052 94.822 66.43 76.2216 79.9344 66.794 85.6856 76.9496 69.888 78.442 75.6028 82.2276 73.0548 89.2164 95.6956 86.4864 97.6612 88.634 85.2124 89.5804 91.546 86.1588 104.359 102.138 96.4236 87.6512 116.407 91.9828 115.679 106.87
87.5472 89.304 98.7468 90.5484 106.835 88.5354 109.288 88.1328 87.108 103.578 93.7326 112.765 102.992 96.441 105.737 95.9652 101.053 101.638 96.6606 82.0206 90.3654 81.984 94.3914 84.0702 80.1906 83.2284 94.8306 68.8812 83.5578 83.5578 84.546 77.0064 81.801 73.383 72.8706 69.357 69.9426 69.1008 62.8788 77.0796 66.5754 81.984 78.9828 88.0596 77.8482 79.7514 91.7562 93.2568 91.5366 94.0986 109.361 107.567 97.6854 105.518 105.115 106.433 113.277 97.6488 119.279 92.8542 100.613 106.25 104.42 102.26 92.049 82.899 88.7916 96.99 94.3182 101.785 85.8636 92.1588 100.833 93.879 102.773 105.774 94.6476 99.8082 113.863 98.5638 94.428 114.412 89.2674 108.043 110.605 113.167 107.384 114.924 100.138 100.796 93.1836 98.3076 103.944 96.441 88.0596 108.702 89.4504 82.7892 83.4846 77.0064 83.0454 80.886 83.7408 83.0088 93.7692 96.0018 105.957 107.897 90.5484 102.59 92.8176 106.286 98.5638 100.613 98.4174 111.52 115.583 97.2462 105.811 115.327 101.455 93.2202 106.323 97.173 95.0136 101.089 95.4894 97.1364 83.8872 94.611 98.2344 103.651 106.799 85.4976 92.3784 108.482 86.925 89.304 99.1128 113.789 106.213 100.394 105.371 97.8684 111.227 106.103 123.488 110.788 102.151 98.7834 109.544 91.683 92.6712 90.6582 87.5106 83.2284 84.9852 72.2484 76.0548 69.357 83.4846 75.1764 72.3216 68.076 80.5932 76.0182 87.291 76.128 73.932 79.5318 92.3418 87.474 86.01 81.6546 79.2756 83.265 81.1422 95.5626 91.7562 79.4952 104.054 92.415 100.723 104.383 87.8034 105.884 92.8176 86.0832 101.858 102.407 105.481 96.1482 110.276 103.615 86.376 95.9286 98.271 79.056 81.7278 84.9486
76.6544 81.6224 79.4512 85.4864 78.8624 77.7952 83.7568 91.1904 92.2576 89.1296 108.413 92.4048 105.763 96.232 97.6672 122.213 108.523 107.419 104.328 97.1152 98.8448 124.053 89.9392 104.034 89.608 97.8144 94.2816 89.7552 80.8864 86.5536 97.6672 76.9856 83.0576 90.16 76.8384 78.7888 65.9456 71.576 74.2992 68.2272 70.0304 81.4016 76.3232 71.6128 76.0288 87.8784 83.2416 91.5584 86.4064 104.696 95.3856 100.869 95.2016 109.333 106.941 107.824 104.696 112.608 104.438 110.878 125.562 104.659 96.784 94.1712 102.709 91.5584 108.229 102.672 92.2944 92.5152 95.864 88.3936 99.1024 103.518 104.733 92.6256 101.605 100.942 99.1392 98.2192 108.376 107.934 97.6672 109.885 101.899 103.923 99.5808 101.752 103.923 95.9744 97.8512 99.0656 87.9888 75.5504 83.8304 83.3888 80.224 85.3024 75.6976 83.2048 79.7088 83.0208 88.0256 93.9872 90.6016 82.2112 110.253 88.9456 95.7904 101.09 106.941 85.1552 99.8752 108.045 114.264 104.733 92.3312 118.165 93.9504 112.056 95.6432 107.714 102.525 104.549 104.77 100.758 98.2928 92.6992 93.2512 86.9216 99.8752 79.1568 93.5824 99.4336 94.8704 100.133 96.7104 98.992 109.259 108.082 123.648 98.3664 96.5632 110.878 101.973 97.336 105.064 113.822 100.906 95.1648 95.9008 96.6 92.368 90.8224 77.6848 77.648 71.944 69.8096 81.144 60.2784 88.3568 62.376 70.3616 67.5648 71.0976 79.5984 81.88 91.4112 80.7024 79.4512 92.8832 90.16 94.576 97.3728 85.3024 95.5328 96.1216 105.395 116.288 108.192 104.07 102.598 103.15 107.198 99.544 116.325 94.9072 92.3312 92.8832 99.9488 87.4736 97.7408 86.112 83.2048 78.7888 88.6144 79.12 72.4224 69 71.6128
52.059 66.859 74.74 67.895 73.63 71.632 81.992 81.252 83.065 92.981 98.013 105.709 91.242 106.893 95.46 106.819 89.688 94.979 91.353 103.119 98.79 92.13 108.78 86.432 106.671 112.036 92.574 109.742 104.636 100.788 94.572 82.066 94.424 82.214 85.47 78.366 80.105 75.11 85.766 81.474 86.58 88.097 81.215 76.701 76.553 77.996 93.462 103.785 93.499 100.011 92.722 96.57 105.561 103.526 98.716 102.083 98.938 110.963 109.039 106.56 112.702 113.516 107.152 94.572 97.199 116.402 96.311 101.269 98.864 93.24 97.865 96.274 97.532 109.372 98.087 120.25 106.856 118.289 94.757 106.227 103.822 115.773 108.447 109.409 105.857 96.94 89.392 103.304 101.417 94.72 96.792 103.896 101.898 96.755 83.99 96.163 76.812 82.103 68.709 71.558 68.191 74.111 80.808 81.437 83.62 86.913 100.603 83.139 99.53 83.028 96.866 88.726 83.694 102.971 93.721 95.756 107.596 98.124 99.937 105.561 117.734 101.639 99.863 114.885 120.916 107.966 103.6 102.897 103.378 87.061 101.787 111.074 103.378 104.821 117.808 107.892 126.577 113.923 103.933 102.601 112.665 106.486 114.626 104.34 99.604 109.446 100.529 92.648 97.606 110.741 98.864 102.638 93.832 81.733 98.087 79.402 88.726 83.176 80.808 85.877 87.949 85.433 87.209 80.031 87.949 90.465 106.856 85.47 83.176 83.435 98.346 96.274 103.378 109.409 113.442 101.417 104.895 95.867 98.864 98.05 101.158 89.91 99.382 86.358 112.813 91.982 85.581 99.9 106.745 85.026 78.588 92.389 78.181 67.044 79.92 75.443 51.726 62.678 65.786 70.337
47.5416 50.5548 72.3168 57.3624 67.9644 56.0232 69.2292 71.6472 78.6408 81.2076 91.884 85.1136 106.69 95.79 94.0788 95.0832 89.4288 80.5752 90.3588 78.7896 95.8272 88.8708 91.6608 84.072 103.565 106.541 101.296 104.755 99.4356 97.8732 92.1816 90.768 100.924 100.812 93.93 90.6564 97.5384 99.696 103.379 86.8992 96.3108 105.425 98.3568 99.9936 91.5864 100.328 109.033 95.7528 111.154 104.123 103.304 110.93 104.495 121.086 96.3852 94.2648 93.2604 92.256 100.254 95.7156 100.961 100.291 115.283 107.694 108.512 119.896 110.521 107.582 113.646 114.204 107.62 104.234 103.751 114.688 106.578 106.764 95.3808 110.893 108.029 112.902 98.58 94.2276 96.7572 97.7988 102.784 92.628 90.7308 94.2648 97.3896 93.2232 99.2124 89.0568 86.0436 103.49 88.3128 82.4352 89.094 87.048 82.212 89.8752 74.958 76.2972 75.7392 76.446 83.7 79.4592 93.7068 98.8404 87.1224 101.072 86.4156 86.7504 113.534 89.9124 89.652 95.3808 89.1684 83.7 102.709 86.4528 113.534 100.849 102.3 107.099 115.655 105.983 118.184 102.374 115.208 103.007 101.928 105.536 96.1248 102.077 107.731 113.014 110.038 98.8404 103.23 113.646 99.8076 107.768 97.5012 99.138 85.4484 97.1664 100.18 108.55 119.375 99.882 115.208 90.768 113.237 107.062 100.514 107.024 88.3128 102.709 87.1968 105.127 109.07 108.996 104.978 102.486 92.6652 100.105 105.053 92.9256 96.0504 100.626 92.2188 98.58 88.6848 96.4968 102.932 95.5296 94.5996 83.7744 103.676 88.0524 88.2384 104.978 95.3808 89.5404 87.5316 98.8032 104.272 89.7636 92.8884 85.2252 87.1596 76.3716 71.4612 72.5772 79.1244 61.7148 66.8484 60.7476 66.6996 51.1872
58.1944 51.5372 44.6556 57.596 57.2968 70.686 70.499 83.8508 72.1072 87.5908 75.2862 86.1322 95.183 89.8722 89.9844 82.2052 96.2676 86.7306 76.7448 88.1518 90.134 91.8544 94.2106 107.188 80.4848 83.8134 83.8882 76.5952 91.7796 83.1776 92.9016 92.0414 100.195 102.551 89.76 94.809 100.232 106.291 98.4742 99.5962 93.0138 110.143 101.391 108.834 115.454 112.387 103.71 110.367 103.037 104.159 111.041 102.85 103 100.943 98.9604 89.8722 93.687 111.415 87.2542 89.2364 109.993 101.541 114.07 107.862 121.139 122.074 106.927 113.285 117.062 108.011 124.318 114.257 105.73 98.549 105.431 103.785 95.6318 94.996 102.476 102.401 86.9924 90.2836 106.141 98.2124 102.85 97.6888 91.4804 95.8936 97.24 102.289 94.2106 94.1358 95.4822 88.7128 90.3584 89.1242 71.9202 81.9808 74.9122 83.7012 67.8436 85.7582 74.3512 84.1126 90.6202 92.4528 77.5676 78.0538 88.3762 96.4172 83.4768 99.671 94.622 104.047 101.354 103.972 98.1002 88.077 109.358 109.844 104.122 108.871 110.405 108.31 107.375 112.724 114.968 120.278 107.525 109.358 123.233 119.83 116.464 109.545 101.541 110.442 120.802 88.7128 93.5748 103.935 93.0138 97.427 90.695 102.887 98.4368 97.9132 98.7734 100.643 105.468 110.779 104.458 117.66 114.033 93.313 108.086 109.358 97.5392 103.224 100.531 106.814 105.655 104.458 98.2498 111.527 99.5214 100.232 94.3602 108.61 80.784 97.053 94.7716 97.2774 85.5712 88.8998 86.02 100.307 83.028 94.7716 71.6584 80.3726 94.3602 79.5498 77.0066 94.0984 80.8588 99.8954 83.402 90.134 84.4118 80.9336 75.0618 64.515 70.9478 69.003 61.2238 65.5248 65.2256 46.7874 62.6824 55.2024
58.2048 51.2864 45.9096 66.5896 54.1064 56.5504 72.3424 59.4456 62.228 64.1832 67.7928 77.832 69.3344 99.2264 87.7584 84.1488 78.396 84.1488 95.0904 72.4552 91.4432 89.1496 82.2312 82.0432 74.448 103.174 78.8472 78.6968 81.1408 83.5848 94 91.8568 95.128 88.736 93.3608 93.4736 96.9328 83.2088 93.7368 93.9248 95.2408 98.0984 105.581 93.4736 100.279 111.935 100.58 104.641 104.678 97.196 112.612 110.694 110.318 112.386 113.552 104.904 104.754 90.7664 110.845 103.889 96.068 106.295 114.567 116.41 114.003 121.899 101.558 110.845 105.054 100.806 111.822 103.738 100.054 107.273 104.34 103.626 102.798 87.9088 85.1264 91.4432 104.077 110.544 112.95 90.5408 113.138 99.9784 101.858 104.34 93.2856 102.535 87.3448 97.2336 96.9704 86.4048 81.216 96.9704 76.2904 91.6312 81.8928 91.368 76.14 85.54 92.0824 87.42 82.9832 85.164 94.4136 94.0376 85.728 85.916 103.701 98.512 85.3896 93.624 83.0208 90.616 92.7968 107.047 101.182 113.289 102.009 95.5792 109.942 99.4896 101.144 100.054 112.762 110.281 103.964 110.619 121.786 117.688 114.379 123.441 122.614 106.784 123.14 107.95 110.394 119.192 105.092 105.054 121.711 105.242 107.423 110.657 105.656 115.47 107.047 111.484 127.426 102.535 96.256 98.5496 109.98 103.626 99.9408 104.716 94.6392 94.1504 92.308 84.8632 91.0296 94.564 85.9536 95.504 90.0896 91.2176 86.3672 93.6616 91.4808 101.219 71.3272 95.9928 83.8104 84.224 89.9016 84.1112 87.1192 64.7848 85.916 80.6896 90.804 88.5104 91.0296 82.0808 94.752 82.4568 67.5296 63.732 70.312 67.2288 69.184 60.6488 56.4376 70.9888 62.3032 53.7304 54.7456 69.2592
61.3872 52.164 52.5042 56.9646 49.4046 62.6724 71.1774 61.4628 74.8818 72.6894 67.473 70.497 82.1394 76.7718 78.5106 83.4246 100.397 85.5792 75.8646 84.1806 88.7922 91.6272 93.9708 88.83 83.0466 72.387 78.9264 82.8198 83.0844 70.7238 93.177 85.5792 87.7338 86.7888 82.5174 88.9812 76.7718 91.098 81.7614 81.0054 78.0192 84.5586 96.2388 87.1668 86.3352 83.3868 96.2766 98.0154 93.555 96.8814 111.699 117.671 115.29 124.06 120.128 113.287 111.208 113.287 110.489 109.129 122.926 102.173 106.936 114.723 123.719 109.393 112.757 114.156 106.785 107.617 111.019 101.909 110.111 101.228 103.307 102.816 97.902 103.761 98.5824 102.665 102.136 95.634 100.964 108.146 98.5824 113.06 113.589 109.847 92.232 119.335 86.4108 104.744 110.452 106.634 97.6374 80.0226 93.2148 69.7788 82.6686 76.7718 83.8782 92.1564 83.349 93.366 96.1632 99.6786 99.036 101.606 104.139 99.4518 96.8814 102.929 112.417 94.4622 118.163 103.874 94.6134 99.414 102.098 101.039 99.3384 102.589 95.4828 109.469 104.026 103.345 114.647 100.775 107.919 98.5446 102.211 113.665 113.891 118.541 124.211 120.128 109.393 114.156 100.813 108.108 111.283 113.513 121.036 121.603 126.176 118.881 104.593 126.554 110.678 106.029 100.019 96.6168 94.5 94.7268 84.672 80.703 90.7578 91.287 81.3456 77.112 62.181 75.8646 87.696 82.3662 74.9952 84.8232 75.9024 72.0846 83.2734 79.2666 84.2184 79.3422 81.1944 72.009 73.2186 87.0534 77.4522 84.1806 96.39 87.9606 81.4968 85.5792 97.5996 90.6444 88.074 82.6686 73.2942 85.3524 76.167 81.4968 66.2634 72.6894 58.5522 67.5864 59.0814 61.5762 70.0812 61.5762 55.2636 62.0676
65.74 64.562 59.128 59.926 73.302 76.076 66.462 71.858 71.06 60.306 79.23 84.132 75.05 85.88 73.568 88.426 93.252 90.592 88.92 74.86 71.82 68.058 72.618 67.716 76 76.684 72.466 77.558 73.036 77.938 71.934 72.922 73.796 73.948 81.89 70.87 80.066 73.72 76.418 79.496 77.596 75.43 76 88.806 81.852 94.696 83.6 91.694 99.636 106.096 111.796 100.7 114.342 111.568 96.52 99.522 107.122 104.196 110.58 111.758 120.954 95.646 104.576 100.472 119.32 115.102 114.342 112.822 113.202 116.926 120.08 110.96 104.804 107.198 107.312 98.914 112.48 109.478 98.306 87.4 108.566 106.058 101.726 103.17 115.786 102.714 105.906 115.482 101.27 107.198 103.056 125.704 106.21 104.272 90.022 97.926 94.012 81.814 95.722 86.716 96.178 96.558 102.866 91.466 89.376 102.41 98.686 103.664 109.212 103.892 108.148 109.706 113.962 108.566 107.958 105.602 118.18 97.66 108.338 98.686 119.282 103.588 118.218 108.832 97.888 114.456 105.64 98.914 113.164 107.806 111.264 106.59 113.81 118.446 112.898 103.55 99.408 100.548 113.354 107.426 108.756 107.692 107.958 101.84 99.56 103.55 100.13 107.654 107.084 99.864 107.236 99.218 95.19 95 76.874 80.18 80.408 77.33 86.83 74.936 65.056 69.16 65.968 68.248 62.244 80.408 72.96 69.768 63.156 78.052 75.62 74.898 70.946 74.442 74.936 81.662 77.824 71.06 88.92 82.536 89.034 101.156 86.944 89.49 86.602 81.814 72.922 86.336 71.136 75.544 82.232 74.746 82.574 63.536 64.106 71.098 81.89 73.568 62.89 66.272
62.5334 66.0478 67.996 69.2948 73.3058 85.186 74.299 77.2786 73.6496 80.5256 93.0552 89.6172 81.2896 79.074 80.8312 86.6376 72.1598 99.8166 80.8694 93.5136 83.6962 75.5214 84.2692 82.2064 72.8856 75.2158 64.558 73.726 69.5622 73.7642 64.3288 71.625 68.8364 71.3576 66.5826 58.2932 70.8228 74.3754 67.2702 73.9934 73.917 85.4916 75.445 69.333 91.9092 83.5816 92.8642 92.253 90.4958 102.834 104.592 98.8998 108.832 93.8574 92.3676 85.3006 91.6418 100.848 92.1002 90.4958 104.63 90.4194 98.938 86.5994 99.2054 109.367 109.061 89.7318 103.866 103.14 112.805 111.353 123.233 101.383 97.0662 107.724 112.919 111.659 106.922 95.9966 100.16 108.373 110.895 112.728 101.765 111.315 115.555 101.765 100.581 103.216 97.1044 100.313 109.863 99.893 104.515 114.256 106.654 95.309 97.7156 105.814 89.4644 93.6664 102.414 98.0594 101.994 104.63 95.4236 113.225 127.359 116.052 109.787 104.974 104.859 119.948 104.935 90.2284 100.046 118.458 95.2708 108.755 106.081 124.303 96.7224 116.128 109.825 119.26 114.753 111.238 107.418 108.297 114.294 111.277 109.328 109.825 102.223 98.938 98.5942 129.269 80.3728 86.1028 84.9186 92.7114 89.961 94.6978 90.2666 97.4864 103.751 99.702 104.019 102.682 94.2012 104.63 89.4644 91.9856 86.5612 89.5408 83.1996 90.916 65.7804 74.5664 69.2948 57.4146 68.76 65.8186 62.1896 66.0478 68.4162 61.0436 76.8966 78.0044 70.9374 67.7286 76.0562 71.0138 70.67 75.254 72.4654 81.0604 81.939 81.175 77.3932 86.3702 87.3634 87.1342 98.8234 92.9024 77.6988 81.5188 74.4136 85.4534 76.7438 79.074 80.411 76.9348 84.995 75.2158 68.8364 72.771 80.4492 84.3456
94.0032 74.1504 79.9872 74.6496 67.968 82.5216 75.9168 78.6432 86.8224 89.2416 79.68 82.0992 89.664 76.608 89.5488 98.112 93.4272 81.984 78.4896 81.8688 98.6496 68.9664 67.4304 66.7008 75.9936 77.4144 72.9216 70.9632 59.7888 69.888 59.0208 74.9568 77.9904 72.2304 60.6336 73.3824 58.752 78.144 65.2416 74.2272 87.3216 86.4384 83.0208 81.408 93.0432 96.192 97.9584 100.416 105.523 88.32 84.2112 99.1488 84.2496 88.704 85.3248 91.6224 81.6384 92.5824 88.8576 78.4512 87.9744 83.136 81.5232 94.6944 93.0816 88.4352 97.152 92.8512 93.4272 110.63 98.9952 113.933 108.48 93.312 116.506 112.934 93.8496 95.424 103.296 101.491 115.584 111.821 117.696 109.056 105.178 116.083 115.776 129.024 110.477 110.669 103.027 116.544 106.368 116.774 121.344 106.637 109.632 108.365 89.8944 97.344 92.0448 97.0752 93.312 100.954 107.827 114.701 124.416 104.486 101.53 124.915 126.144 121.958 115.968 100.301 102.835 106.522 105.408 117.658 110.4 106.253 104.986 121.306 106.368 107.52 113.395 108.864 107.059 106.906 101.606 104.64 99.7632 86.2848 81.408 85.6704 95.7696 86.4 93.2736 76.992 92.3136 88.0512 85.3632 87.2448 99.2256 73.8432 77.6064 89.3568 83.904 90.4704 90.1632 89.6256 97.8816 81.8688 112.09 82.0608 87.744 79.9488 78.144 92.4288 94.0416 92.4672 86.6688 70.9248 72.5376 75.7248 71.8464 60.0576 55.4112 73.2288 71.8464 72.4992 72.96 63.2832 72.2688 71.3856 75.8784 65.3184 71.1936 80.1408 81.216 92.1216 85.5936 97.3824 90.5088 80.0256 104.909 97.92 84.3264 80.832 83.5584 76.5696 80.9856 74.88 74.2656 76.0704 67.3152 72.3456 80.448 69.12 85.4016 77.1456
72.7224 67.8202 74.884 75.27 72.1048 62.1074 68.901 75.5788 75.4244 73.533 82.2952 80.9442 85.0358 94.57 99.395 76.428 83.0672 95.0718 87.5448 86.5026 70.9468 75.6174 78.3194 88.3554 68.3992 71.796 62.725 57.8228 69.4414 69.0168 68.901 67.8588 64.0374 78.9756 81.9092 74.9612 74.1506 70.7152 85.6148 94.7244 85.885 86.7728 77.2386 85.8464 97.079 88.8186 79.9792 97.7738 77.0842 87.815 86.7728 96.6158 86.6956 82.5654 85.7306 77.2386 74.7682 70.5608 73.8032 72.5294 79.0914 72.4136 73.9576 84.5726 94.4928 90.1696 79.0528 84.6498 98.5458 90.6714 84.4182 96.4614 97.7738 106.961 103.448 108.003 118.541 111.631 106.652 103.178 105.918 108.196 110.666 108.891 111.94 106.497 123.867 111.168 127.11 104.683 119.544 105.725 106.382 107.501 119.699 113.059 114.333 110.705 103.641 105.803 102.29 123.713 109.547 113.638 125.952 126.955 111.129 115.684 109.354 116.032 115.067 111.863 104.259 123.79 111.477 119.313 121.937 110.396 118.193 105.339 109.856 95.535 111.747 103.139 106.266 106.266 107.308 83.0286 112.905 97.079 95.6894 84.92 87.429 81.0986 84.3796 78.937 89.2818 81.2144 83.2988 74.2278 87.4676 80.9442 70.4836 87.0044 85.1516 82.1022 84.1866 91.868 74.0734 93.9138 96.9632 76.5824 87.622 81.4846 99.7038 89.745 76.814 94.8402 76.814 78.8212 84.3796 82.8356 78.2036 79.902 74.5366 82.1794 63.3812 82.218 65.9288 62.9566 78.0492 77.1228 65.2726 70.638 73.919 65.7744 79.5932 63.1882 72.8768 94.6858 79.7862 76.1578 95.0332 109.74 92.9488 88.2782 94.4542 93.5278 82.1794 100.514 81.2144 71.603 84.1094 69.3642 64.848 71.1012 81.253 77.4316 71.024 83.4146
57.812 64.0588 60.2952 59.6356 71.4696 61.4204 67.0464 68.094 71.7024 82.45 71.0816 78.9192 88.076 91.0636 93.2752 83.42 93.6632 83.7692 80.4324 83.1484 75.272 74.0304 66.5808 74.6124 58.588 73.138 71.198 65.4944 67.8612 74.7288 66.2316 59.2476 77.1732 62.5844 86.7956 69.4132 82.2172 88.3088 73.526 90.21 74.7288 86.2136 81.8292 84.7004 83.9244 89.2012 83.7304 76.7852 78.4536 71.2756 95.2928 85.8256 77.406 82.2948 75.7376 78.1044 78.1432 94.5556 77.2508 80.5488 82.0232 64.9124 76.1644 82.062 79.1132 73.332 84.4288 82.4888 76.6688 84.2736 79.5788 89.3952 90.404 95.6808 95.06 95.1376 104.682 99.5608 103.906 94.5944 115.352 112.986 122.336 110.658 118.262 115.081 112.171 118.262 111.628 110.114 121.522 123.035 132.23 110.308 108.33 118.534 106.196 114.576 103.945 115.779 99.4056 112.675 107.282 113.8 113.8 109.494 100.958 131.26 112.404 128.855 122.802 123.578 120.435 109.765 120.862 117.525 122.53 107.01 109.765 117.564 115.158 102.548 105.73 87.9984 104.527 117.331 89.2788 95.836 94.2452 88.6192 85.4764 76.824 85.9808 90.5592 69.2192 72.6336 74.4184 87.494 65.766 74.6124 63.4768 81.48 74.7676 78.764 78.1432 87.5328 67.3568 75.8152 84.5064 79.0744 86.5628 81.7516 75.272 63.438 87.4164 83.4588 76.9792 76.3972 81.0532 80.3936 78.2208 70.5772 80.8592 86.8344 82.6828 66.736 83.4588 86.0196 61.8084 79.6564 74.6124 67.9776 78.4924 83.9632 71.0428 76.824 74.6124 82.8768 77.2896 91.6456 70.5384 86.524 84.8556 94.284 101.578 88.3088 88.5804 78.6088 79.1908 77.1344 71.8576 63.7096 71.0816 71.0428 68.7924 64.2528 64.6796 69.6072 71.392 64.2528
54.912 62.946 68.991 60.723 58.344 60.06 67.587 75.27 67.899 78.702 67.548 76.089 78.936 88.374 91.143 89.895 85.215 89.076 86.385 91.026 80.106 75.972 63.999 73.437 68.913 76.479 73.008 75.894 59.241 68.835 71.487 89.661 80.379 79.989 71.604 77.103 76.167 80.925 67.626 80.418 62.049 79.365 73.242 70.434 82.329 74.1 92.43 65.481 73.632 69.576 87.516 82.446 80.691 75.309 78.663 70.083 74.802 74.061 59.124 74.373 64.935 66.963 86.151 77.103 79.404 91.377 80.301 69.849 80.613 97.344 79.287 88.53 88.062 84.669 80.028 104.832 95.355 86.034 94.38 92.391 99.528 107.562 111.501 121.017 115.011 115.713 127.374 117.624 130.377 122.187 101.361 115.167 119.769 121.953 102.063 105.222 116.376 106.782 109.044 124.761 119.262 108.654 128.076 112.398 131.703 109.746 129.831 115.947 106.353 126.126 132.444 99.723 112.788 110.448 93.639 113.919 111.618 120.315 117.156 101.01 100.425 111.501 103.116 86.619 87.516 88.218 97.695 91.143 102.258 92.313 88.647 73.008 88.023 75.114 78.663 82.368 72.072 75.816 69.381 75.504 74.841 65.091 77.376 73.242 79.599 73.827 68.211 74.997 74.685 63.648 92.469 67.821 80.691 91.416 83.616 66.612 67.158 77.376 89.739 77.415 64.545 90.441 77.766 70.551 87.711 78.663 83.109 58.89 71.37 76.284 78.585 74.139 73.866 64.896 68.952 75.387 63.843 79.092 78.624 79.755 74.1 81.471 81.744 86.619 90.753 83.226 78.039 86.931 94.809 79.833 66.417 71.955 68.952 68.484 59.67 58.695 60.801 57.33 55.146 59.436
58.8392 55.5856 50.2936 58.212 66.1304 78.5176 72.4808 72.9512 56.1736 69.1488 87.7296 82.3592 85.5736 86.7496 72.8336 85.1816 90.16 85.8872 85.7304 76.2832 86.9848 81.0656 67.7768 60.564 73.696 72.1672 81.4576 69.0312 83.496 77.812 84.7504 77.2632 68.9136 85.9656 70.8736 65.6208 80.0856 66.7576 68.4432 78.7136 67.5808 63.8176 69.9328 61.5832 70.5992 79.5368 80.8304 75.8912 78.7528 84.4368 84.868 77.8904 80.1248 77.3416 81.928 69.3448 75.7344 75.3816 78.008 83.888 84.1624 76.3616 77.3024 88.1216 82.6728 73.2256 88.396 103.566 74.3624 82.6728 89.8856 98.1568 83.2608 81.6928 92.1984 100.783 86.1224 86.632 96.7064 98.2744 109.446 104.507 86.0048 108.702 108.231 110.505 101.763 113.837 102.116 124.068 115.287 121.794 122.97 119.599 126.694 113.994 117.012 121.638 105.252 95.452 122.892 115.405 104.546 121.442 118.07 121.99 119.717 115.366 109.642 100.078 109.525 118.306 110.701 112.504 104.782 117.482 94.6288 99.568 98.392 97.5688 101.802 95.1384 93.5704 88.788 93.8448 84.3192 76.9496 88.984 96.1576 97.0592 82.0848 77.4592 90.4344 82.0848 67.6984 71.6184 89.0232 78.5176 72.8336 64.1704 85.064 74.3232 87.8864 79.38 91.728 84.5152 71.5008 89.964 83.4568 84.9464 79.6544 92.1984 80.6736 68.6784 73.3824 73.304 71.736 73.6568 69.8152 82.6728 81.144 66.1304 70.56 77.1064 81.9672 73.6568 82.3984 67.1104 73.3432 79.8504 80.4776 85.26 73.892 71.8928 92.0416 75.264 81.2224 78.988 83.3784 88.5528 97.4512 83.1824 88.7488 73.8136 93.7664 84.672 75.3032 86.3968 74.872 74.5584 78.008 79.6152 67.1104 77.9688 73.7352 61.8184 71.0304 66.5616 63.6608 54.9584
52.3626 66.5466 46.0586 63.2764 51.6928 55.7116 76.9088 78.4848 74.663 73.481 79.982 83.2128 79.1546 86.089 104.568 96.2936 86.4436 67.9256 79.9032 88.2166 85.7738 75.2934 83.6068 104.055 82.4642 80.967 78.4848 64.9312 62.449 87.3104 75.7662 76.7118 77.815 63.1188 72.102 72.299 67.6104 78.012 69.8956 72.496 72.1808 73.481 79.588 68.5166 72.5354 84.316 85.6162 86.7982 92.5506 91.3292 87.0346 95.151 82.2278 81.2428 78.5242 88.4924 87.7438 72.1414 72.6536 75.6086 71.5504 82.3854 86.3648 91.3292 81.9126 82.8976 94.7964 85.695 92.7476 90.0684 91.7626 105.277 90.029 89.044 92.984 93.772 109.65 106.419 97.5544 102.125 107.995 95.5056 106.459 112.684 109.965 116.506 117.057 130.966 104.174 122.692 114.536 123.243 115.442 119.697 120.328 127.538 116.269 125.41 104.843 106.813 117.057 103.858 107.759 109.059 116.663 105.395 126.75 128.562 125.883 115.678 120.406 127.026 116.23 131.911 106.065 114.851 112.211 94.4812 109.138 93.969 100.903 109.296 97.6726 109.138 100.155 92.8264 97.7514 112.526 98.8546 90.6594 85.2222 87.9802 78.1302 92.9446 83.4886 84.9858 78.1696 82.7006 71.1958 75.8844 92.0384 69.4622 88.4924 83.4886 94.5206 70.2108 82.4642 65.0494 70.132 81.2034 84.6312 80.6518 77.2634 73.1264 79.8244 72.5354 65.5222 70.2502 73.5992 61.8186 79.8244 75.6086 68.3984 58.3514 64.616 68.95 69.2258 77.4998 67.4528 82.4248 77.5392 78.3272 78.0908 85.4192 84.4736 100.115 97.2392 89.4774 84.907 82.0702 94.757 83.7644 84.316 83.9614 82.8976 92.4324 82.3066 78.6818 72.1414 87.665 75.057 67.4134 72.496 66.98 59.494 62.7248 69.4228 65.0888 52.599 53.1112
60.8652 58.1724 67.8744 65.34 64.6668 72.8244 66.6864 69.498 65.4192 72.468 78.5664 73.6956 70.3692 86.0904 78.5664 86.8428 90.8028 82.6452 89.7732 92.3076 87.2388 90.288 91.7928 83.556 72.7452 69.696 86.4072 81.4572 67.9536 64.2312 68.2704 72.7056 65.2212 79.398 58.6872 65.538 77.1408 61.3404 71.8344 73.3788 74.2104 72.1512 76.0716 79.398 85.4964 78.3288 79.3584 88.506 94.842 109.969 93.6144 87.4764 75.7548 89.2188 76.8636 92.862 105.692 95.436 86.724 80.388 84.6648 84.2292 84.348 81.972 98.6832 94.7232 86.4468 96.624 85.6548 92.5056 104.98 99.4752 88.5456 105.415 96.9408 107.395 104.9 96.03 105.415 110.286 113.137 99.6336 110.801 116.978 113.296 125.73 119.077 126.522 128.66 131.71 129.334 121.255 128.225 133.61 128.185 115.592 116.701 131.749 104.346 117.929 130.086 128.581 129.373 114.8 119.354 108.583 110.999 109.93 127.908 117.374 123.077 115.632 115.315 110.048 111.434 121.928 100.94 126.007 105.059 102.802 107.87 89.4168 94.9212 90.684 114.84 113.335 99.0396 84.9816 91.872 101.297 97.8912 97.0596 95.3964 95.5152 93.9312 93.5352 83.2392 98.7228 106.366 98.7228 91.1988 84.4668 82.764 88.704 87.318 75.5568 82.8432 84.1104 79.596 89.1792 83.5956 87.714 72.9828 77.3784 85.0608 82.962 85.6152 62.4492 71.4384 77.5764 77.3388 64.8252 65.0628 76.7844 67.4784 63.4392 62.2116 60.2316 65.34 71.5968 72.5076 66.8052 80.5068 59.994 79.2792 85.4568 92.268 73.5768 95.7132 89.8128 100.703 96.3072 101.772 95.1192 95.5944 76.5468 96.5052 90.882 71.8344 72.072 76.5864 74.9628 69.7752 59.5584 69.1416 69.498 62.8848 62.6472 55.3212 53.1828
59.0632 62.2472 62.9636 71.2818 70.8838 64.3566 71.9584 67.2222 63.7198 70.6848 67.262 72.3962 83.4208 87.56 95.5598 100.813 93.6892 83.58 75.9384 90.4654 78.0876 89.2714 85.968 85.968 86.565 85.7292 71.9186 81.3114 63.0432 80.3562 68.655 79.3214 71.9186 68.456 66.8242 81.2318 66.9834 80.9134 72.5952 78.2866 72.1574 65.3516 84.1372 77.8488 81.2716 83.8188 79.4806 87.2416 80.4358 99.0622 95.0026 80.1174 94.724 91.7788 87.1222 71.5206 82.3462 80.6348 75.222 78.0876 78.2468 91.1818 97.1916 80.993 90.6246 98.4652 91.0226 104.117 80.2766 92.6544 90.7838 90.744 96.5946 102.127 102.843 101.769 114.982 115.062 105.948 105.351 91.6992 126.604 124.972 128.912 121.271 116.216 113.788 116.455 109.41 118.843 122.027 120.435 130.703 126.285 131.42 120.912 109.928 119.161 113.868 111.241 113.151 110.405 124.733 111.957 123.221 117.808 115.022 123.141 119.32 123.619 131.499 115.818 127.32 140.454 118.922 107.022 109.609 105.032 123.38 104.833 115.34 88.754 108.057 111.52 103.52 119.4 113.072 102.405 90.5052 90.9828 94.2066 103.201 91.938 102.047 99.1816 82.9432 91.142 82.4258 92.8932 87.3212 94.127 86.764 86.0078 85.6894 83.2616 79.8786 81.6298 72.7942 88.8734 92.6146 89.1918 87.8784 88.1968 79.1224 90.744 78.0876 84.973 82.187 77.8488 84.8138 66.9834 76.8936 80.1572 75.7792 74.625 84.3362 74.3464 69.849 73.829 68.5356 63.282 72.7146 74.9036 78.6846 76.6548 78.406 86.764 95.0026 97.5896 84.6148 98.4254 100.455 89.9878 88.555 99.6194 93.8484 75.62 82.7442 83.6994 66.665 65.272 72.1176 80.4358 71.839 59.302 63.083 65.9884 62.1278 63.6004 61.2124
80.24 66.64 63.76 75.6 72.28 76.76 78.04 73.08 74.88 80.2 84.04 80.56 84.44 96.88 90.88 95.24 106.24 113.2 100.44 102.4 86.64 83.64 93.28 83 83.72 77.8 76.36 68.84 74.32 74 85.08 73.04 74.24 74.16 80.28 75.76 68.28 71.68 82.08 73.6 74.6 76.92 70.44 66.44 89.48 84.32 66.92 78.64 80.24 80.92 83.68 88.72 76.44 88.64 73.84 89.96 73.84 65.48 78.44 75.52 64.84 83.44 79.12 91.64 86.44 90.88 97.8 88.08 78.16 109.96 95.96 100.88 111.48 107.8 111.92 115.52 110.96 96.68 103.96 117.96 104.76 114.96 113.92 118.52 117.2 117 124.08 128.28 107.44 115.6 116.16 114.92 127.56 111 106.08 115 113.04 101.08 113.16 112.28 107.56 103.72 104.48 102.32 109.4 110.4 125.2 114.56 118.04 112.36 113.52 114.52 108.04 124.2 111.52 109.28 121.8 117.52 119.76 117.56 120.96 115.96 101.56 112.68 116.68 111.24 92.76 100.2 109.48 90.16 99.92 103.12 113.08 86.92 93.12 87.48 98.68 82 79.8 87.76 70.28 81.32 92.36 79.64 73 77.56 83.44 84.88 81.56 80.16 86.76 75.08 83.52 76.6 72.08 86.32 74.44 76.6 75.52 97.12 75.84 68.88 73.56 71.4 80.8 69.76 81.52 88.88 80.92 73.08 81.4 80.04 78 76.56 102.24 88.52 93.88 88.52 98.04 89.32 105.04 103.2 92.8 102.72 93.68 80.56 90.08 82.12 66.76 85.44 81.16 74.92 74.4 73 76.4 68.84 67.04 75.28 77.88 67.68
