166.205 163.521 172.509 170.074 169.071 167.521 165.786 164.85 165.308 167.463 167.19 168.832 165.385 169.291 168.404 165.681 165.356 165.891 170.497 167.75 169.208 165.872 168.166 166.203 165.213 168.964 166.904 164.131 167.182 167.31 164.957 164.917 167.777 170.635 165.812 165.46 166.189 164.331 165.534 164.867 167.402 165.118 163.812 161.092 168.92 170.062 165.948 166.746 168.586 165.085 170.684 167.352 166.707 165.96 162.999 163.145 164.462 169.366 167.112 165.697 167.975 167.09 166.638 171.518 163.919 168.606 165.674 169.527 168.749 171.839 167.43 169.899 167.981 170.323 163.376 164.352 162.95 168.081 162.418 164.29 162.992 164.934 158.29 164.629 165.674 166.75 169.296 164.817 165.111 162.94 167.393 164.279 171.021 164.947 170.283 162.268 168.292 168.648 164.29 165.783 166.948 168.698 174.714 168.572 166.983 164.694 163.147 165.895 166.954 166.432 170.824 168.996 162.972 170.265 167.843 162.288 167.003 169.23 170.062 165.748 169.633 169.836 165.095 165.509 167.212 166.747 167.309 164.193 168.121 161.774 168.77 166.669 166.495 167.8 171.248 165.742 166.214 165.721 165.269 164.273
138.3 137.055 135.614 131.654 136.815 132.565 135.488 137.247 136.805 135.896 135.947 132.847 135.432 135.395 141.659 139.019 138.515 132.083 137.898 138.116 139.853 134.924 134.181 131.824 133.948 137.827 132.297 131.842 133.625 134.562 135.486 136.713 139.255 133.788 137.735 134.797 137.24 133.853 133.415 137.681 138.349 134.986 132.012 136.431 133.634 130.08 132.887 136.816 140.352 139.71 132.719 127.438 136.729 134.073 139.158 136.778 135.048 135.14 133.313 134.72 135.173 137.938 139.294 131.877 133.299 133.266 132.629 136.251 137.503 137.085 129.876 138.43 130.847 133.412 137.819 142.422 131.573 135.208 135.182 136.848 132.969 136.502 134.033 141.737 128.431 137.643 135.908 134.734 134.575 130.825 131.824 129.899 133.259 137.081 138.44 138.959 131.608 140.474 131.077 140.267 135.653 142.826 143.199 132.271 137.163 133.713 137.888 138.604 133.74 130.29 131.926 134.186 135.267 139.381 140.037 137.112 140.409 134.868 135.514 132.095 135.593 135.343 133.567 133.122 135.406 135.044 133.103 136.737 130.815 138.607 142.047 141.79 136.146 134.386 141.879 135.18 133.832 138.081 141.263 132.367
117.998 112.872 115.416 118.68 113.358 118.508 120.651 106.675 115.032 119.213 115.653 111.747 116.988 114.961 119.781 114.012 111.303 105.858 110.151 116.078 114.025 118.15 118.918 111.667 111.873 120.703 116.236 112.515 115.09 121.358 113.303 114.939 122.315 117.206 113.551 119.453 115.62 116.848 112.107 116.357 111.8 117.302 110.33 115.386 110.727 116.474 118.564 112.053 115.482 120.138 112.912 113.293 118.155 112.585 118.18 118.462 119.939 115.518 117.542 117.416 117.967 114.732 118.467 120.289 116.113 116.119 113.135 117.678 111.603 120.483 113.092 115.659 116.159 120.19 115.312 117.278 112.757 112.196 119.307 118.071 113.272 110.736 110.899 112.48 115.336 116.412 114.345 113.411 115.29 114.92 119.45 118.858 110.487 120.515 115.724 114.637 121.502 115.702 114.203 114.266 115.46 113.765 115.528 116.562 110.541 116.561 113.072 116.967 114.774 114.978 117.081 113.192 115.587 115.361 115.564 111.899 112.015 119.455 121.326 118.16 116.658 117.066 117.817 114.688 120.278 114.09 119.383 118.368 117.944 116.54 120.438 114.01 117.343 118.569 114.245 112.968 118.353 112.037 114.731 116.275
102.299 102.381 104.947 106.951 98.9616 100.995 99.1966 99.3741 103.191 97.5207 102.233 100.484 99.292 104.255 102.482 109.813 97.461 103.008 99.0372 104.084 106.479 108.164 105.011 99.494 104.682 103.375 101.218 102.705 102.943 102.806 100.92 108.294 101.476 103.255 98.7858 103.259 101.567 106.412 97.1538 105.605 96.8562 105.813 99.8281 99.9564 98.017 103.327 103.137 105.069 103.484 104.134 101.7 104.399 97.0399 103.629 102.203 105.462 99.8228 101.776 104.481 101.125 104.088 101.626 97.113 99.8941 104.558 102.246 97.9256 100.293 105.302 99.7626 105.69 107.437 106.302 97.4321 99.8932 105.271 98.6768 103.218 103.892 108.941 97.0495 102.997 105.012 106.721 101.309 106.381 102.442 105.691 98.6868 96.9499 95.9333 103.036 105.973 99.3452 103.675 105.585 106.145 95.3268 101.653 103.913 100.465 97.8603 110.572 107.847 103.476 103.569 95.7511 100.528 102.792 103.079 109.81 98.1097 105.626 100.933 104.075 103.045 102.552 97.9688 104.061 108.235 102.795 101.516 100.325 100.284 102.702 104.481 106.624 104.725 105.275 103.836 104.551 100.424 104.264 100.477 104.429 106.932 106.681 104.442 106.084 103.08
94.1767 89.7604 88.7326 97.7945 90.9719 95.5339 92.4522 93.146 93.2612 91.2912 93.8195 94.594 93.702 87.0794 90.3383 91.2959 88.2689 92.3616 87.2312 92.2657 96.6391 94.3543 90.4719 89.6129 92.6343 93.4628 93.5605 95.6045 89.773 93.6901 96.5503 89.5037 92.8031 100.593 92.3623 83.9865 88.7741 92.8049 97.8721 94.7074 95.0319 94.168 95.5074 98.2885 95.4868 92.9226 94.0058 86.0882 95.2068 92.622 99.7535 90.9997 92.3971 96.4907 93.4868 91.6 90.2858 89.6773 95.7323 92.9083 96.5454 90.0786 90.3723 87.8313 95.7958 97.2191 89.8557 91.9074 90.3342 86.5384 89.1192 93.4836 95.7471 87.9335 89.9405 91.1275 95.155 91.9567 88.3914 95.3745 92.0937 95.2068 94.4305 95.648 93.1406 93.3538 92.367 95.1144 89.5302 101.717 88.9201 92.7453 92.1861 95.174 96.6409 95.7669 89.9867 91.5354 87.4048 90.9802 91.913 93.6372 92.6249 91.93 91.5668 95.4521 97.0196 90.436 90.943 96.4779 98.9335 91.9217 96.5449 91.1219 96.4543 95.2774 91.6067 96.7974 88.284 90.9874 91.7322 93.7386 87.4936 90.8237 91.8266 92.0367 93.2208 92.648 90.9138 91.1105 90.6221 92.0273 96.5261 89.1793 91.9796 94.45 91.6455 94.9364 94.6041 83.4188
86.5079 89.4835 94.3366 84.6889 84.2208 77.1547 86.9751 86.3991 89.7524 82.484 85.6303 86.2319 81.372 91.9312 82.9533 90.5302 83.5796 85.4908 82.3075 87.6416 84.4343 93.2616 83.5908 87.3419 85.7997 85.744 89.6828 84.5891 81.5515 86.6308 90.9585 86.1652 87.2639 83.5516 82.7072 86.6188 78.4491 85.3045 82.0051 80.4308 83.8545 91.8586 80.7125 83.5432 83.9081 86.7475 86.4345 83.4779 87.383 86.3232 83.6984 88.2393 88.4455 81.9395 87.4409 94.4557 85.3279 84.2339 85.6208 86.9982 86.8293 87.8918 90.7847 79.303 86.9971 84.037 80.5632 82.856 85.1998 86.4342 85.7193 82.5408 89.9428 84.1749 85.7807 87.2905 86.8497 86.0478 83.4755 85.0576 82.8481 89.0095 79.3049 83.3868 91.2323 88.0898 83.6003 84.8458 85.4759 83.5372 86.6827 83.8075 84.4944 89.7783 84.2739 79.2835 86.695 82.8092 91.6789 84.6342 78.2237 86.6243 86.2408 84.2625 83.1804 82.5332 81.834 87.1461 88.2233 81.3309 84.6541 84.759 85.9126 79.1045 80.0661 84.4607 84.3049 86.5144 80.3794 87.8496 83.5671 84.0397 87.6082 85.7954 81.6548 88.4689 84.2616 88.8284 89.6363 90.1582 86.5889 81.0557 91.5666 81.7731 81.3622 88.7865 86.8962 86.4176 84.6785 87.457
79.6271 78.4996 80.7897 76.5203 77.2571 74.5732 75.9222 77.3783 74.5889 77.8162 75.9743 80.5794 75.8039 80.4403 80.354 82.8937 73.6366 80.2875 80.5506 80.1354 78.3516 78.0735 86.7502 78.3219 80.3607 80.6312 76.4557 79.9618 79.7351 76.1805 80.1331 81.8305 74.8142 78.4325 78.4351 73.0506 80.5388 78.8033 76.5251 80.876 78.1608 78.0332 79.7166 77.3025 74.1253 74.3568 72.153 79.4171 78.2541 85.4252 81.7369 79.706 70.0189 80.2524 78.4718 76.3186 78.96 81.1567 80.4963 74.3098 79.2492 74.5003 76.6171 82.6642 73.8175 79.3851 81.5678 82.5939 75.014 77.2421 82.5616 81.9785 72.2118 80.564 76.2252 78.6978 82.3346 81.3152 82.458 76.6021 80.3256 81.0688 86.5507 80.4122 80.3176 74.9725 77.8299 83.1738 81.0908 75.3477 78.4939 83.0261 82.1406 79.8342 78.4635 80.5196 84.9223 79.7096 77.485 79.9397 75.257 81.195 82.0313 79.5817 76.3761 82.1454 77.4105 80.3156 82.2835 83.1009 77.197 76.6827 75.8119 81.7842 81.1816 77.8558 79.6226 79.7553 89.8643 76.2425 81.5652 75.1969 85.1461 78.6249 76.6421 82.7413 83.9499 78.3356 79.6655 79.5616 76.0082 82.6709 78.2637 80.9511 83.3083 79.3825 78.0221 79.2703 74.3136 77.1577
76.1066 77.1841 71.6216 75.2895 76.0159 77.7312 69.9213 73.8586 76.4435 76.9556 75.9442 80.0564 77.9994 79.0233 70.9066 71.4698 80.9528 68.0076 71.8291 75.2686 67.9275 76.6551 76.4597 78.2771 71.7064 74.3986 72.3593 71.1226 71.9423 71.2927 81.8757 73.0235 76.2345 70.9029 74.924 77.9641 74.9964 77.1371 71.2373 77.4189 74.147 73.8975 68.4701 73.3027 75.507 70.5367 75.9993 70.9764 72.8244 76.0423 74.482 69.8629 73.4199 74.4648 72.2516 73.1411 79.4877 79.8018 78.154 72.2219 76.2205 73.0055 76.604 76.3215 72.5047 72.8247 72.2156 72.5158 69.1406 74.1029 75.9769 74.6393 73.7454 70.9426 72.1142 66.9925 71.3875 73.5584 77.1334 76.9751 77.5214 73.543 77.7451 71.6954 73.2098 69.0465 74.6808 71.8299 73.5636 76.9046 73.2502 74.0301 68.534 74.0669 70.6366 67.6163 72.594 69.0131 77.4758 77.1459 72.2759 72.1058 78.3671 74.6312 69.9698 73.0779 69.0127 72.0316 76.4303 74.1315 69.3529 74.4938 74.7737 74.8108 71.5848 76.7749 72.6293 68.6975 75.0063 73.0081 74.4207 76.4968 70.5885 75.0662 79.1272 67.1038 72.3736 78.6037 74.5158 75.1947 74.9471 75.9677 72.8699 78.8572 71.6914 71.6392 79.0439 72.1539 74.4879 75.9637
66.4878 68.1869 74.2836 69.5505 77.2806 72.5721 65.5103 72.7178 66.7423 64.4314 65.7045 70.5737 70.4031 72.8963 70.5011 71.2852 69.0316 74.9523 68.9121 70.2126 67.9449 73.2832 72.9818 66.5194 68.5177 73.076 71.0748 71.093 68.206 72.5455 72.0212 68.8029 73.2524 69.7215 77.9124 73.9332 71.6198 66.5692 69.5613 72.7028 73.0814 70.8905 68.1495 72.9706 71.6526 74.0287 68.4804 72.7634 75.592 71.5297 71.4052 69.9581 68.7668 71.3068 70.5849 72.6538 75.7871 65.6572 68.8153 70.4264 70.3874 74.0822 66.3264 71.3305 66.6074 72.4886 75.8909 73.3766 70.5314 75.3396 70.4172 71.8651 66.6252 71.0241 70.9245 71.4148 66.4671 67.9884 66.7319 70.5227 67.6701 76.169 68.602 70.4911 73.7684 65.9839 68.4164 73.487 70.7564 65.6265 69.274 68.338 67.8959 69.1449 68.9253 66.7564 76.176 68.9395 74.2354 70.091 73.4762 71.081 72.0017 70.2234 66.8672 66.6406 64.9544 68.4812 70.2566 71.812 70.6966 70.4862 71.6339 72.9498 73.4446 73.6767 75.3653 67.8618 70.8672 70.3774 67.0727 65.1657 74.4338 71.2778 63.705 72.5003 70.3434 70.5787 74.9668 68.6385 74.0063 68.4754 69.0237 70.0021 67.8249 63.6776 73.8207 72.6597 71.6763 66.9287
64.6814 63.3179 64.4551 62.7991 69.3074 67.1881 66.629 73.7834 65.9389 69.7989 67.45 72.6277 65.0674 69.9933 71.1795 67.7416 69.2689 66.2194 67.1506 70.3941 66.9895 69.0759 63.0041 75.37 72.2394 65.8908 71.8316 73.5075 64.4 67.1316 68.8853 64.6471 70.1627 66.8127 61.8401 62.8115 63.1545 60.1387 62.1997 65.4895 65.2636 63.8363 67.4352 69.1028 66.2851 67.0571 67.2533 66.4799 67.0719 62.7444 66.9636 67.2663 66.7317 66.865 67.0358 66.031 63.4535 68.3965 66.9923 66.6803 64.5916 68.2836 59.4884 68.1961 69.9553 69.1861 67.3265 66.6942 65.7866 63.5849 68.9741 63.6243 69.0264 67.1487 70.6986 64.1464 66.8539 69.8854 71.4878 64.4768 70.4075 69.3671 68.4386 68.3484 70.5089 63.8492 66.9793 70.1206 67.2742 68.7029 66.3832 63.5549 71.0856 63.4331 65.6876 63.6937 73.7602 63.098 67.7837 65.5964 70.5894 65.8431 67.9503 66.4809 66.7137 64.8758 62.2622 69.934 66.3721 65.2516 67.1048 69.9998 68.8408 69.9438 63.3952 65.2099 67.4329 69.0301 62.8935 66.9405 63.7247 71.074 62.0923 66.8946 64.0181 65.3529 69.567 63.211 67.718 66.156 68.988 66.1921 64.9304 63.9464 65.122 70.0983 69.5915 68.7756 64.7675 70.2821
63.9604 63.2844 64.9284 61.521 64.1294 63.4207 62.1433 62.9122 61.7073 60.6918 57.8256 59.2179 67.1758 63.3314 65.1933 62.7442 60.7449 67.039 61.0114 60.969 63.0169 61.4454 65.274 68.513 66.944 62.7034 60.966 67.3458 61.8293 58.9544 64.4719 64.8171 61.9922 61.5276 59.8035 64.6032 63.2711 60.4784 59.7356 66.8338 67.8355 67.2534 63.3217 61.1845 66.2104 63.0792 60.3691 62.5661 64.9937 63.5269 65.2138 64.2841 60.1899 65.8877 62.2495 59.6503 62.4318 62.4956 66.2808 61.8431 63.6979 62.8269 65.0223 59.7682 69.1731 64.0834 60.483 58.4913 61.0421 67.1722 61.9743 66.5106 67.2514 67.7834 65.2546 63.8108 66.2323 67.1508 60.6316 68.9408 67.6813 66.9946 65.3705 65.081 63.5678 60.723 63.654 59.0448 64.1089 60.1726 60.7699 65.1847 60.1736 62.082 65.3547 65.8703 60.9971 66.9619 60.2339 61.3892 66.6387 62.5972 67.7196 65.2189 61.3811 64.8467 58.2774 67.209 61.8717 62.4946 67.3183 63.0429 64.1452 63.2139 60.215 68.2393 65.3899 61.1814 62.3746 61.4469 61.1472 67.037 62.8402 66.0199 64.8079 63.773 70.0921 60.8664 65.5671 62.6544 62.8683 70.4311 66.993 62.9949 64.0997 62.442 66.1578 67.9371 60.9389 63.8705
55.4583 60.4108 57.4452 61.4698 57.3514 58.2156 61.7529 62.1877 62.6288 66.2486 60.4616 58.147 63.6242 63.6002 61.687 67.3099 63.0006 58.9805 61.515 61.6931 60.6251 63.7191 58.3904 57.7355 59.6124 57.6144 61.8254 62.2447 59.5287 59.8771 55.369 65.0483 64.6308 61.9298 60.4236 63.1078 61.8059 57.9264 57.1923 62.8616 60.8769 58.291 62.2452 57.8047 66.3821 56.0004 61.3085 62.4864 58.6617 61.7813 52.9238 62.846 58.7382 60.4666 56.274 65.8969 58.6812 62.9425 65.323 59.493 62.9783 62.8074 60.2757 61.8064 64.7485 60.1802 68.4812 66.9007 59.5895 63.8475 59.3043 63.5684 59.5203 66.209 62.4267 63.6739 67.3557 61.3911 64.4711 56.0981 59.4946 57.7238 57.1985 58.8286 60.8618 57.0656 62.0231 63.9245 61.309 60.2204 59.8955 65.984 55.2657 64.5822 61.4385 56.6871 60.9216 59.6459 60.5113 62.3748 57.9973 62.0995 60.145 55.8385 57.0907 62.1492 61.2471 60.9461 61.6306 58.8973 61.0818 60.5939 59.3579 59.45 64.2182 60.0898 65.189 59.1697 60.0149 55.3433 68.4577 64.7011 59.886 56.4113 61.5669 61.127 62.6645 55.9898 60.4521 60.8356 64.0178 61.4134 60.9997 60.5319 54.7845 62.3949 58.7265 59.8117 57.1449 60.7513
59.819 61.5612 52.2022 65.928 60.4559 58.8967 58.3713 62.3024 60.0814 61.1467 62.949 64.1743 60.1353 58.9815 64.9045 59.3936 58.8155 55.5261 61.7806 58.281 63.195 63.0423 58.304 55.7825 61.6643 56.1491 54.6274 53.1724 58.1549 55.92 60.0984 57.0441 56.989 58.3579 61.8145 53.4033 61.617 60.245 56.5624 64.8397 57.4805 62.1836 53.0422 61.9666 57.0732 62.8962 56.6502 62.5926 56.8545 56.6733 55.254 59.6439 57.635 64.6967 59.3457 60.3311 61.6152 55.6643 58.85 58.8482 58.5828 57.7089 59.5511 58.5603 64.207 56.3254 55.614 58.2876 54.7608 62.9217 62.3133 57.7726 59.1948 60.6213 53.0688 56.5466 55.1747 56.8048 67.1631 56.6357 57.6714 66.2359 65.1015 60.4777 59.1918 60.5335 56.0982 55.9964 62.1139 56.4806 58.4228 58.5979 59.3348 53.4239 58.3549 56.2448 57.1878 55.5667 60.1681 59.3621 56.2388 60.745 58.7688 53.3409 56.5636 61.1595 55.414 59.9426 57.5362 60.7456 61.1928 61.6 60.7413 54.8256 59.3015 58.7852 63.8246 64.3912 56.2121 56.5666 57.4265 60.1753 58.0556 60.239 58.7943 63.1714 60.968 56.2515 57.5974 60.0947 61.8782 56.0103 56.0921 51.9562 61.763 60.365 59.7275 57.2532 56.1018 59.0548
54.7168 60.5643 60.2936 57.3074 65.9463 63.9342 58.5377 57.4264 58.054 50.4343 54.4402 60.5218 55.5359 56.3687 57.7755 54.4082 57.5134 55.9268 60.863 59.0163 55.0234 54.0389 56.9982 61.7142 57.8115 54.1428 55.0933 55.8268 52.6301 55.817 56.7067 58.0625 57.903 58.9123 56.1687 57.2682 58.3809 56.6191 58.59 56.7949 54.6063 62.8915 54.7102 59.7778 59.8766 52.5229 62.3555 49.3746 58.8711 54.6246 56.3177 61.1931 57.8187 56.4197 56.508 59.5667 54.1029 58.3246 54.522 56.5387 58.4011 54.8501 58.3573 59.2823 56.7198 57.0394 61.0905 53.0701 53.8074 58.6182 59.5693 60.9441 56.2229 58.3978 55.8588 60.8218 54.6893 57.9376 57.9291 57.9664 58.2887 60.7192 57.1754 54.8678 53.0733 55.5202 53.9925 60.6872 54.571 56.0079 54.537 53.7591 57.5696 55.7725 55.7679 61.0153 57.6788 58.6371 56.3949 61.1931 60.3695 60.8316 55.8229 59.7654 51.4024 53.6878 54.2095 55.124 57.9193 57.5768 53.9761 54.0506 54.8429 53.193 61.2206 59.704 58.1527 58.4443 60.9022 52.4745 55.1783 58.0677 57.6363 57.5827 58.1874 51.8404 53.1609 56.0314 55.8915 55.1097 57.1277 55.7647 57.9481 50.6356 56.7668 61.1722 53.4642 58.4704 56.2177 55.8144
58.1626 53.0463 57.8722 57.5355 54.2184 56.099 53.9287 61.0455 54.0704 51.6013 51.715 59.1229 55.2657 52.3358 54.4169 55.3063 56.0225 58.998 56.3543 50.6123 56.8151 54.4211 58.0153 52.253 53.2546 52.9446 57.8505 55.6886 53.9561 53.4139 54.4239 55.206 49.0046 54.4822 57.0859 54.6765 54.4695 53.1943 53.8186 56.6412 56.1663 58.1591 56.6496 49.6647 52.2902 54.3678 58.3625 51.8497 54.3271 53.2476 49.053 52.939 50.3409 52.6942 52.7222 47.6382 50.27 57.1034 51.729 52.5448 50.5099 58.0034 49.342 49.9207 56.2217 58.1093 61.54 58.4551 58.1268 57.734 53.0281 53.9463 54.626 55.5848 54.647 55.3042 53.5605 51.3187 53.7632 55.8626 52.2004 54.3124 57.9136 52.5946 53.3802 55.4186 53.7919 56.6433 55.5049 55.1766 49.0671 56.3382 53.3157 58.7729 55.4067 48.3621 52.1814 54.8574 53.4426 49.4521 52.7194 55.3134 60.1968 56.3101 54.9444 57.1406 55.1457 56.2771 54.8553 58.1935 58.1247 49.9431 57.3798 54.1819 53.047 58.3751 58.4923 52.0012 57.0684 59.3319 54.5733 55.5406 58.8991 58.1717 56.3739 56.0099 54.0424 49.7783 51.5438 51.2745 55.5568 53.5927 53.7435 53.3879 52.4838 55.4551 55.3463 56.0618 52.9979 58.6228
60.5569 58.1394 51.9101 52.4405 53.5567 51.8502 56.8036 53.6691 53.5523 48.2257 47.4623 51.7947 50.0117 50.2994 55.539 54.4722 54.4025 51.5767 51.9678 55.0453 53.6654 55.345 54.2804 57.2366 52.8278 55.4776 50.4477 47.8272 49.8109 56.7369 54.8221 51.8389 55.5832 54.3718 55.3315 59.7306 51.1025 51.2224 57.6644 52.9642 50.4447 50.7856 52.7244 54.1583 56.6852 53.4316 58.209 50.2979 54.1636 54.3224 51.2868 50.0147 52.2727 50.3968 58.6188 55.2588 55.7053 52.0187 54.9652 51.2239 54.6198 56.3646 54.1291 56.8321 55.8657 50.656 52.7372 52.3131 48.5381 49.0903 52.9567 48.9929 48.9284 52.9439 50.2747 54.4842 53.4391 56.6021 49.3285 56.6545 55.2379 51.8959 54.2699 54.9876 55.769 54.7232 51.812 55.4514 56.0912 51.5587 54.7914 53.6422 57.158 54.9479 55.4679 52.5401 53.6841 50.8148 53.5657 48.4752 50.5084 52.9327 56.2103 52.3753 55.9713 55.5016 50.3653 53.4916 61.1442 51.8037 48.7749 51.3782 51.8539 47.8129 51.2388 52.5184 53.6489 54.8858 47.4271 51.9131 51.0253 51.7393 52.7237 55.4656 49.0723 52.8271 51.4044 52.7409 53.0286 54.7584 51.7198 54.9517 53.084 55.99 53.3065 52.7162 54.879 52.2914 54.5029 53.2196
52.7568 44.6908 54.1506 51.6412 52.7919 52.8835 49.4984 49.6601 48.9142 48.6218 50.5479 48.5262 46.6224 55.2726 52.0508 49.1015 56.0965 53.5808 54.4287 49.2928 51.4364 49.6553 50.0793 55.867 49.2952 47.9452 51.8348 51.0594 54.0478 53.6485 50.2793 52.199 49.0744 56.8735 52.8166 52.6237 51.7982 48.0664 44.8031 52.8453 49.4227 51.9886 48.0616 52.7974 45.3362 51.5862 53.9529 51.8818 51.4172 50.5765 50.4698 50.2897 53.3106 55.153 54.8725 49.1748 52.7919 54.7873 50.2474 48.2154 55.1682 47.146 47.346 50.088 55.6495 49.6697 50.4474 53.4389 50.1566 55.7738 55.467 53.7394 49.9948 48.9581 54.643 49.3916 54.4287 52.8014 49.1852 53.1361 54.2868 50.1359 50.7909 48.3963 51.4117 55.2407 44.725 50.092 52.2341 49.5613 52.1289 53.5951 52.1568 56.2774 52.4293 52.1018 52.6875 51.0108 49.3079 54.2916 53.5991 53.5943 49.476 49.6689 52.0508 52.3185 54.5745 47.966 49.1469 46.8113 48.0369 52.7034 50.0506 48.1723 54.4183 49.8203 49.4067 49.2983 54.0709 53.5099 49.174 54.4072 51.7177 51.2029 53.0078 53.7633 49.837 53.7513 49.782 52.6038 51.442 55.5021 49.7183 52.8508 52.0675 54.0223 54.9116 51.0834 48.4544 54.4303
53.4761 50.3849 47.1171 54.439 54.6662 51.0986 47.3249 50.5622 50.6644 49.2734 49.1475 49.3038 50.9854 49.7354 48.6847 53.6307 49.5943 51.3486 51.884 52.2734 51.9643 47.5985 49.4744 52.3047 52.3663 46.9059 52.6053 49.8122 48.0859 49.3148 54.5327 47.7193 49.743 52.39 54.2548 52.8984 52.0775 47.612 51.6247 49.9524 50.7143 47.1458 51.781 48.1154 54.4466 54.8782 48.5529 49.4567 49.199 48.6577 56.7971 51.4229 51.3351 50.7075 52.9018 49.324 49.797 52.6467 50.0977 50.1433 49.0605 47.9017 53.5074 50.1382 58.4779 49.1315 54.0471 54.9609 52.7911 49.694 52.0175 49.9423 51.0648 47.2337 48.8697 55.7135 52.2312 50.2117 50.1306 50.2658 54.4491 52.3976 45.5858 51.7202 46.4938 52.7422 47.9997 47.6315 48.8105 51.3621 47.0766 45.7015 49.9288 45.9304 50.9119 48.536 51.0386 53.2278 50.1104 49.2033 49.9279 54.5268 52.1813 49.4676 49.4727 47.7615 50.2083 47.2438 51.0014 52.1315 54.1729 51.2371 53.1459 51.1957 50.6078 47.449 47.634 52.8064 50.3029 51.5369 49.9634 55.287 49.2624 50.3747 48.5293 46.2953 52.7033 55.9204 51.8021 52.2016 56.0682 47.4397 51.8536 49.857 46.3088 49.0724 48.634 48.6805 51.4981 45.2277
45.0179 52.2546 50.2478 46.086 51.3712 48.2704 48.5773 47.13 48.5104 53.2228 46.9997 51.6496 47.5021 50.2005 50.47 51.7183 50.7064 47.0015 52.5116 47.9518 47.8207 46.0422 50.8153 49.9328 47.2719 51.5943 48.9816 46.9444 46.749 47.3504 47.6707 46.8721 50.6618 46.6455 46.8632 51.174 48.3989 45.1017 45.7576 52.3207 44.7725 50.3218 47.5753 44.5815 53.9358 44.2665 45.5238 49.7044 46.285 50.5449 50.9536 47.9991 48.8254 47.8947 47.3798 45.0883 46.5464 51.1383 50.3192 49.6553 49.8016 48.0705 53.6823 50.5244 48.2748 50.4744 51.2463 48.0946 49.1324 49.856 47.4191 48.3337 46.6927 54.68 50.0675 55.3563 45.0598 49.9872 47.4646 49.7213 48.2543 50.7653 47.6324 45.9432 45.2838 48.6407 49.7659 50.8323 48.9227 47.9893 53.8456 53.5405 50.8465 50.6145 48.3694 49.1011 43.9792 51.978 45.8986 48.2133 48.6746 48.937 45.1356 49.5571 45.9682 40.749 52.3804 45.265 49.3867 48.1651 48.1847 52.8471 48.8763 47.3379 52.5875 50.9358 54.4372 51.2267 54.0402 48.5318 52.2475 52.0994 44.9054 48.8763 50.3968 48.7076 52.4197 47.7671 51.0045 48.3123 50.8171 48.6835 49.7276 48.8781 48.0134 44.1773 51.7585 46.8444 52.5687 49.5286
44.8337 51.9875 47.9368 46.884 54.4645 47.5852 49.2463 47.8992 49.533 48.8966 51.6434 51.8211 48.4388 51.901 49.266 50.9788 49.8329 45.5942 47.291 49.2435 48.2198 50.2719 46.6696 45.581 40.2641 48.5366 47.6548 47.1998 50.6639 48.2057 45.6421 49.5424 47.4799 50.7664 47.981 48.2545 48.5196 49.2284 51.0061 45.4015 51.7694 53.8412 51.2796 47.322 47.7516 47.0738 46.4562 49.0639 44.6532 46.2391 43.9096 49.9306 46.2645 50.1798 47.1547 46.9046 48.9342 48.5657 45.9505 51.6857 42.0972 45.5049 47.3653 45.8894 48.3918 47.3662 44.9578 46.5239 50.1892 46.7975 53.0422 46.7523 47.6379 54.9843 50.0378 46.4036 46.1949 48.0919 44.3082 49.2613 46.5521 53.9813 45.1326 45.8048 47.5815 49.1955 48.5394 47.5251 42.2345 46.2701 47.1321 47.8748 46.522 49.1664 48.2451 49.9739 50.1422 51.1076 47.7244 50.6404 46.5267 50.4402 50.4308 48.0336 45.8565 51.2806 52.8909 48.8327 50.474 45.9552 49.5932 45.2567 45.7728 47.6379 50.4402 43.637 51.3435 47.949 46.8351 44.8083 47.4837 48.2987 43.8673 50.2268 47.4207 49.5236 48.8054 43.2337 48.3109 46.0783 43.3127 45.5651 43.0072 47.8757 44.2875 47.526 48.8778 47.9377 39.1041 47.6191
50.9966 45.9283 45.6735 46.1269 42.2469 50.8198 49.6453 53.8483 46.1338 46.1209 47.4317 44.4684 48.7484 45.2734 46.8312 49.4231 46.9843 46.1209 45.4898 50.0859 49.1198 47.3952 48.8185 49.4468 48.5044 46.5812 47.4752 45.5204 46.842 46.5645 44.3183 44.6511 50.4987 48.1399 45.9906 47.6293 51.2149 48.0609 42.6776 44.7993 50.881 45.065 49.8014 47.0801 45.5599 48.2693 41.8745 45.3455 48.0846 44.821 46.8144 44.8171 51.7552 45.7703 43.2376 46.2513 43.3937 48.3652 46.5566 50.4138 51.2988 48.8561 45.8128 49.9634 47.6569 47.1038 41.3095 46.6227 47.4248 42.0247 46.12 45.0008 45.9817 42.7102 51.5971 46.4686 45.3159 45.0087 46.68 43.5537 44.2155 46.8707 51.7374 44.1227 42.3921 45.6201 47.5315 49.5811 47.1393 46.6899 46.9289 48.8956 47.4544 47.1502 47.2589 45.5629 46.9378 48.3849 45.1589 47.4544 46.5803 47.2213 49.5851 46.8776 51.204 45.9669 45.9244 51.3838 49.9002 46.4449 46.0893 47.167 54.3234 48.5805 47.3211 49.431 41.8439 47.8051 42.4119 44.2807 47.8337 49.1899 47.8594 48.5499 51.5715 47.4159 48.6042 43.7631 50.6854 45.5648 47.2687 44.6847 50.7536 48.6516 44.7568 44.6492 42.887 45.7565 47.7369 49.4478
45.5865 41.1163 43.8676 45.4198 42.3878 50.4781 44.2093 41.5843 51.0622 45.7573 43.3612 47.0714 44.6804 48.7913 45.5378 46.1954 45.5937 51.5519 43.2225 44.0198 47.1138 43.4492 47.3303 42.9491 43.0444 46.1312 42.918 51.3024 46.0162 47.6761 47.5674 44.7643 46.8384 46.2192 49.5162 43.7361 46.5215 47.8107 48.6205 47.5456 43.0723 41.9674 45.2934 45.34 44.8502 46.3403 48.985 45.2365 47.1149 43.6294 48.9643 44.0695 43.2856 47.4545 48.0209 41.9933 46.8953 48.4154 41.6061 45.2313 46.2482 44.4361 45.7967 46.1115 44.7933 44.0674 44.9445 50.1116 50.9886 42.9988 47.3551 49.1009 52.5201 44.6525 42.4303 44.961 45.6031 48.1307 41.6703 44.9165 47.7869 46.4387 42.4955 44.0726 47.1573 46.2005 44.3418 42.1569 44.2207 43.5062 50.4419 43.5455 49.2635 43.2297 45.7325 44.2942 45.4819 48.6288 45.4664 45.6496 50.2244 48.2104 46.8084 42.1911 43.0412 41.0459 47.6854 44.1523 46.0576 43.822 47.3137 44.7457 45.1775 46.5101 52.3068 43.5983 44.2196 42.2356 42.4572 50.6179 51.7829 45.8474 47.5446 43.7433 44.8295 47.7838 43.2245 48.2653 46.7276 43.734 45.1164 44.8026 45.4705 48.6381 52.4777 49.4375 45.6082 48.8245 46.8953 49.1475
48.0362 42.8855 44.5439 49.0262 45.8188 45.6574 43.2614 39.5124 43.2863 47.812 44.2677 42.6721 45.0519 44.9458 46.5424 46.159 43.7499 43.7792 42.9895 45.8871 43.1411 44.7649 45.7463 42.7837 47.7881 45.4939 46.5164 43.0772 49.2191 40.3562 45.2837 48.815 38.3956 37.5615 40.9671 46.3258 46.7157 47.0472 40.5978 49.9621 44.5222 45.6737 47.1729 43.4509 50.0802 44.8201 46.224 42.0655 47.1642 44.5222 42.9386 43.0891 41.5228 47.9333 45.2502 47.1848 51.0908 45.6585 43.6838 41.8445 46.0312 41.799 44.9035 46.5078 43.6936 43.7196 45.5491 44.9176 41.0495 46.0886 47.6484 44.8505 46.4179 48.4955 40.4678 48.6135 48.6157 45.1202 45.5881 47.0125 41.551 46.9086 40.9985 46.6074 47.3451 44.7909 47.8542 42.3699 46.1536 43.6654 45.8936 44.2341 42.592 43.7369 43.0122 42.3851 41.4286 41.721 45.5415 45.5025 47.4047 36.8769 46.5598 41.148 49.6047 52.069 44.1041 44.649 37.4954 45.3455 45.365 47.2346 46.472 45.6011 45.0519 47.9549 46.5608 43.6026 46.9194 48.1976 43.3719 48.7695 43.4141 41.6701 43.6373 43.1379 41.5304 45.7669 48.3525 46.1395 49.8094 52.0007 43.8864 42.5995 46.2001 44.4887 50.0174 40.7028 46.3106 44.0175
44.0443 44.2739 45.9556 49.1889 42.8726 40.5124 47.9867 45.3335 40.7148 47.7108 40.6549 41.4951 45.683 42.6521 47.4767 46.9044 42.9744 36.1865 43.4449 41.8559 43.1904 42.6204 43.1452 41.0009 41.9192 43.8271 43.0728 42.021 49.2748 45.5315 49.5157 44.6878 45.1718 43.3295 47.0288 42.9518 40.7578 48.6121 43.0818 44.6584 39.6936 42.3151 45.6502 42.5967 46.78 45.044 44.3293 43.6846 45.4116 47.1249 43.5568 43.7355 46.4011 39.9141 44.0771 46.8298 44.8846 42.5571 46.7619 39.5974 43.7819 43.5331 45.1786 47.255 46.9938 39.4798 38.1815 41.9373 43.6089 40.3733 45.6864 44.2671 42.7912 43.8678 42.3547 39.0241 45.251 38.9234 37.4656 46.1342 40.103 46.4215 46.0585 39.5454 43.2458 42.4836 50.7824 42.8557 45.4331 45.7689 41.3312 42.3456 47.0345 46.7382 44.0036 41.563 38.7673 48.0286 47.8521 43.2006 42.6555 40.0374 42.9179 44.7839 41.926 41.1072 46.9904 46.676 47.5332 50.8389 39.887 43.9063 42.7754 47.842 45.4647 41.1954 40.8087 37.4215 44.8981 44.5204 47.4834 46.6239 44.7409 40.9557 42.4395 41.6998 43.567 45.4048 43.135 41.7372 45.5484 45.8809 44.0137 47.0593 44.1336 44.1755 40.5689 43.1621 48.5352 45.0203
41.9237 42.2572 40.3336 44.4731 42.4375 40.765 38.5303 42.988 42.823 42.0179 43.1872 46.0784 47.3137 39.7431 42.2065 45.7885 42.2348 42.2914 41.2294 45.0082 42.5342 40.8546 44.301 41.3426 41.0161 43.6433 40.6896 42.8819 45.1013 42.6014 44.3717 48.5159 41.5665 40.2924 46.0077 45.6847 39.2269 44.9151 48.3132 44.8019 42.599 41.3001 48.3627 43.4594 42.9361 47.7851 43.747 44.5957 45.6635 41.4121 38.5327 51.6122 44.7807 43.6362 43.5691 44.8833 41.1587 44.7807 39.7325 42.5189 43.3864 41.1976 43.2261 39.7691 42.8124 40.5057 47.54 46.7444 48.1434 42.3869 44.0912 45.4832 46.63 45.2522 40.6483 44.8019 35.7298 46.6076 42.9844 42.513 49.2113 46.564 43.0469 39.5593 43.1966 45.7425 44.3682 46.2658 41.1446 45.4078 45.0176 40.2853 42.6591 44.3128 46.9424 43.9486 44.0158 45.1202 42.0993 44.5627 45.7236 44.9163 36.0351 44.6817 44.1372 45.2369 44.7548 42.8678 41.1552 42.8183 37.4565 43.7836 46.1633 42.8147 41.5712 46.1845 41.7268 43.0116 43.9604 41.2825 41.9791 37.2797 44.4189 42.6379 44.4802 46.9942 46.3318 43.2096 44.3635 44.189 43.0127 42.8902 42.7558 41.3591 44.4401 41.451 43.5266 40.8805 41.7457 45.7661
42.51 40.1492 43.6947 43.9044 38.5341 43.0582 43.5916 41.3927 43.6186 43.5573 42.6449 41.7324 44.0393 42.1212 41.5828 42.9539 38.8738 40.3626 40.7415 46.232 42.8031 47.7699 41.3057 42.8239 46.8317 40.1259 43.9301 40.3013 49.5874 42.4303 43.4739 44.325 41.1536 44.0871 41.2235 45.6605 47.1592 42.2954 43.7572 40.2191 42.521 46.3534 42.9601 44.7027 37.4046 45.219 46.3228 41.3866 41.481 46.2136 39.7874 42.911 39.9983 39.4048 43.1195 43.8835 44.1509 46.2124 43.6076 41.3903 41.3302 41.8772 41.7876 43.4432 42.8153 41.2848 40.6802 43.1244 43.5046 43.0533 43.7118 42.6314 48.8332 44.1263 40.4975 47.998 35.3577 38.9988 42.624 39.1472 43.1109 42.8301 42.1188 44.5629 48.6137 43.7854 41.7337 41.118 41.611 41.5816 41.9287 38.9155 45.3122 43.3991 39.6513 44.4096 41.3143 43.0275 42.2868 44.2183 45.0412 40.1516 42.017 42.9073 43.7474 40.8715 40.9512 42.8607 39.5434 42.7111 36.8674 40.8237 38.8713 42.6191 42.6829 44.1496 44.5114 43.469 45.6372 44.5862 42.6571 44.2968 36.7411 35.2008 43.4788 43.2286 46.9531 33.3673 43.16 45.0191 43.3402 42.7896 42.6866 43.6812 45.078 42.6265 45.0069 44.428 45.8384 41.3216
39.2168 39.1939 42.8353 42.3371 43.0914 41.4567 43.7131 40.4896 38.4001 42.4492 42.834 43.401 43.006 42.2823 43.959 42.1307 40.0182 40.8923 43.4481 39.6844 36.94 38.5568 45.1401 37.7733 43.2748 40.7993 42.6378 39.7494 39.8908 39.0945 38.0752 46.2065 39.6895 38.2294 45.0178 39.8692 43.9374 39.4653 44.8827 42.1294 41.9447 44.0469 39.678 40.3712 41.1127 39.6551 44.8178 36.3539 44.2011 43.5781 36.4507 40.3113 48.621 43.4443 42.2186 43.8316 38.0472 43.6966 41.1229 42.4479 39.687 41.0057 40.1546 44.8942 38.5963 40.933 40.2144 41.7077 44.1756 44.9809 40.1826 38.9263 43.5042 42.0351 40.8107 42.3753 42.132 45.5924 37.1579 37.242 43.5666 40.2743 44.0966 40.8872 44.447 39.0678 41.8032 43.4188 40.947 40.4107 41.3701 43.4048 43.1895 38.246 44.5349 43.1563 39.0066 40.0399 42.4403 41.881 45.1197 41.3624 40.124 39.1251 40.7164 46.3849 46.3773 46.0014 41.2363 42.9359 44.1947 41.6058 37.061 40.524 41.7166 40.9292 42.0568 44.1476 41.6185 40.4769 42.5855 45.344 39.0869 44.4241 40.8171 43.1181 39.3175 41.751 42.8174 37.8484 42.109 42.7193 35.0136 46.8958 42.1243 40.8413 38.8333 36.9744 42.1332 40.0717
41.4709 41.9467 42.1014 41.414 42.831 39.5291 38.9158 42.4067 37.1168 41.5925 40.1768 36.7097 42.5521 44.244 41.8344 42.5957 39.9151 43.5038 38.4518 45.1786 44.7582 38.7453 42.4702 37.6481 38.777 40.6249 42.2547 34.7349 44.0682 40.2442 46.4488 40.1041 41.0347 42.8152 40.5628 42.9394 41.9084 42.0234 41.7617 44.1105 41.8225 41.6308 42.4675 42.1648 41.8211 38.2416 39.1259 39.7736 47.4283 44.0947 43.4708 40.7478 41.3955 44.1647 37.5569 36.6541 40.3196 38.3725 37.3534 43.9057 43.0147 44.3128 42.0221 47.6173 41.6612 44.2388 39.7194 37.6838 43.5871 47.7945 45.4813 40.272 42.9672 36.6753 37.4287 41.4378 44.3524 40.6156 43.7193 41.229 37.1115 42.186 41.7683 42.0577 43.9599 40.7677 41.5991 42.798 38.1504 39.5344 39.4458 40.7531 38.9409 36.9026 41.7167 45.1508 43.7576 48.8889 45.6835 38.5536 41.0347 39.0493 44.1753 41.2343 40.2402 38.736 43.4007 42.2534 44.634 38.7572 40.8496 39.6454 41.1497 39.5212 38.543 45.5751 43.8634 42.0472 44.293 38.7638 44.5229 40.1768 40.7558 37.4618 38.8841 46.2492 42.0948 38.4003 41.8991 40.8456 43.9083 42.7821 42.1318 39.4035 39.582 40.8337 42.942 42.9579 46.203 39.4194
42.3203 38.024 39.0471 37.7994 41.0439 40.2687 41.9053 41.2151 42.8873 37.6214 36.5723 39.6716 38.7499 35.2699 41.5205 44.2486 39.8962 41.1233 40.518 39.0224 42.8174 42.3436 39.31 42.2819 39.2087 42.1642 41.2972 42.1395 41.1589 38.5445 39.2867 36.9215 42.1409 42.9023 39.988 40.785 35.9464 40.8234 43.027 47.5862 41.0699 43.9487 41.1754 35.2055 42.764 43.168 40.166 40.0236 43.2078 38.1665 39.2895 43.7747 35.5986 37.0558 44.7362 41.6259 43.4488 39.0608 39.6346 43.709 42.308 39.651 40.8193 42.2915 37.6269 40.5111 40.5495 39.7907 40.1222 42.5942 41.2507 43.2886 40.2358 40.014 38.1993 41.9067 39.5483 37.9104 39.3347 40.9959 41.0767 40.3495 39.347 42.5805 39.5634 39.3292 43.5926 39.1375 41.8081 37.1174 37.4666 35.0603 43.4091 43.7282 42.9708 42.5531 43.7474 45.5812 38.4678 38.7266 40.1537 38.5445 41.4657 37.4105 40.1852 38.3568 37.1119 38.602 46.5672 41.8286 37.5351 39.0936 40.4111 38.9937 41.4246 38.2569 38.5677 41.3561 37.5556 45.3045 38.7102 38.5171 38.8608 41.5287 42.3011 42.8996 43.594 38.817 42.0135 39.5552 37.6994 40.3399 43.4118 35.2822 39.6661 40.7974 42.4244 37.3653 34.9056 38.1459
40.1823 41.2906 43.0183 38.184 41.8618 39.1477 38.9663 40.6968 41.9071 34.9781 38.2747 40.093 40.5026 37.5902 41.0454 38.8331 37.0261 41.5046 38.5695 38.894 42.6682 39.0599 40.1412 39.8096 39.8578 38.8699 38.4774 38.4235 40.7875 40.8088 38.1925 39.563 38.7169 38.1131 43.3528 40.5395 43.9664 37.1593 42.4684 38.9876 39.1704 40.0193 37.9303 36.1771 40.5607 36.89 35.0065 42.7405 44.882 39.3093 40.4091 41.6209 43.2649 37.1593 37.1253 40.4856 41.7796 37.2656 37.1338 37.807 41.5542 39.6664 39.6551 37.0828 40.677 39.8833 41.0256 39.9244 40.1299 39.6679 41.6761 40.5834 39.4241 37.1664 38.1882 40.7918 44.6467 39.4213 40.5678 40.4998 41.6591 41.9624 43.4931 39.7345 43.1189 46.7329 42.0687 38.9408 41.7116 38.4788 39.2767 35.3296 40.5707 41.4919 41.1702 42.5109 41.6747 39.7713 37.1451 41.9964 35.0221 38.3101 36.4464 38.9706 37.3733 39.5927 42.5662 38.8104 40.9335 37.6908 43.1558 41.1872 37.7588 40.1228 36.2707 41.7399 45.5949 39.0485 41.7838 38.8586 39.9953 37.2571 38.2634 38.9833 36.6009 41.0454 41.1106 35.7151 39.8252 40.599 38.3583 39.1874 36.0822 40.3496 39.2413 39.8606 36.5513 38.6474 37.0658 36.7568
46.3903 39.4521 39.7759 39.3071 41.0109 39.0888 43.1073 40.9244 41.6555 39.6118 42.9534 37.4524 45.8453 39.2998 39.8887 38.6171 41.5324 40.7589 38.3885 36.7697 37.2678 35.4395 36.9338 42.2883 39.5708 41.8987 38.0179 40.0894 39.6016 35.1568 40.2051 40.2432 42.4715 43.2992 40.8146 40.2007 43.3182 40.0279 37.1287 38.2157 44.6367 39.6968 41.5031 40.6783 37.6077 41.2775 42.9842 39.4258 37.5828 40.9288 39.7715 37.8406 38.9848 39.4316 35.942 40.1333 39.2353 40.0088 41.0343 41.3844 34.7979 40.9186 38.7475 39.981 37.9945 42.0832 42.2693 41.2453 41.591 41.3185 37.6854 38.2245 36.4782 40.6651 40.3516 39.1752 39.5517 39.7598 37.4861 38.1571 41.0065 39.8565 39.7466 39.8125 36.4313 45.0909 39.373 39.458 33.7914 41.005 40.8658 43.4852 36.9748 41.6364 36.405 38.9833 40.9332 38.2801 40.627 35.0425 38.4735 44.4038 43.075 39.2309 42.0715 40.7369 40.4615 41.0651 39.6206 37.867 41.0578 41.0475 38.6288 38.3006 40.8849 36.7741 40.9699 35.4293 41.1046 39.0903 40.9537 39.3232 40.5172 37.659 39.3906 41.1911 39.2236 38.3168 34.9883 40.9801 35.9728 43.0706 36.0534 41.8869 33.8236 36.4709 42.2605 36.9265 39.8389 38.1366
35.8769 35.9072 40.285 39.5029 40.6798 34.0148 40.8946 39.7646 43.088 40.3152 40.4105 38.4652 35.4942 42.4663 41.4906 37.7542 40.6193 39.4227 38.2095 37.3397 37.7542 39.4439 40.9642 44.3995 44.091 37.9478 44.5024 35.9011 40.3167 41.7826 39.1656 34.9981 39.4363 40.6253 37.7285 38.6558 36.6893 39.3652 41.0081 39.0945 37.2217 41.0323 37.7073 39.3879 40.5784 39.5619 41.123 37.9766 39.9144 40.5966 38.6512 41.7735 40.049 42.0533 34.452 39.0839 40.462 36.8859 38.8055 37.2036 37.255 39.5513 41.8219 37.4411 38.1127 39.8614 36.9721 38.6104 39.0385 38.6316 41.483 40.1292 37.9055 41.0701 36.3731 41.8794 40.7373 42.5949 39.4303 38.3064 38.6497 38.0779 42.8657 42.315 42.6554 40.6874 39.8796 44.4237 41.6857 36.6968 38.7662 39.0022 41.176 36.0963 44.1968 36.1099 36.5894 36.0176 37.2111 39.9703 39.2805 36.9495 44.156 39.0551 43.0895 41.005 38.1536 36.9631 37.4184 40.645 42.4436 36.8178 40.3909 37.1083 36.6802 41.1064 39.2336 37.258 41.1321 38.2262 34.995 36.0917 42.9927 34.1963 39.0204 35.5487 38.7072 37.2475 36.2158 39.217 43.1395 34.2402 37.9736 37.6831 38.6467 38.025 39.6512 39.9023 34.2977 37.1567
35.5388 37.544 38.6176 38.4381 38.9827 40.8068 37.7562 37.0337 41.2812 40.3668 41.3655 36.9791 36.9042 39.8394 37.7609 37.8873 42.5951 38.0168 38.5832 37.3255 39.5242 35.5498 42.826 36.7747 37.8701 37.0571 35.982 39.0108 36.3159 38.9265 38.9577 38.4522 34.601 38.4646 36.9261 40.4199 42.6872 36.9744 39.7489 38.2555 38.4958 40.9254 43.8871 34.7383 42.6169 40.9176 39.2293 35.0161 41.6994 35.6325 36.6608 35.1362 34.1454 36.4532 37.8155 39.8643 39.1278 38.6925 34.5729 34.3623 41.5995 35.2439 42.7527 35.6247 38.6769 34.8288 36.2738 37.647 37.6797 35.5326 35.5498 36.5235 38.8594 35.258 37.0353 37.4519 41.3093 43.2458 37.0556 36.3159 40.8381 37.1617 42.8276 37.4254 33.8614 42.0505 38.2821 38.6035 41.3889 38.3819 39.9408 36.7903 38.4288 37.3708 37.6704 42.7995 40.5228 40.2701 38.9624 37.0119 40.1109 40.8833 35.9648 41.0674 37.7453 41.9428 40.1281 36.8371 38.1588 38.6098 42.2097 40.1718 38.9359 35.4546 37.5658 40.5104 37.5814 37.2225 37.4831 39.5679 37.0103 36.5625 40.2389 39.4274 41.6432 37.6657 35.7635 41.8367 42.0958 36.9401 39.0732 38.2727 39.3697 41.5059 33.5977 40.1702 39.5757 39.6771 36.1334 40.2966
39.9465 34.5013 34.2681 37.5697 34.9404 37.2464 39.009 39.4609 35.3247 37.4989 35.6142 34.9468 33.2373 40.5769 41.0803 39.3419 39.1762 38.7018 36.251 36.8878 36.095 35.6512 36.2349 37.7852 37.031 42.1594 35.9278 38.1165 34.5496 36.6048 35.5032 39.5172 39.3467 36.9184 35.7605 40.3759 36.0709 38.2724 40.8777 32.4847 40.9211 40.95 41.9776 41.7509 39.2647 39.0894 35.0497 35.9712 35.6833 37.0679 40.8085 34.0108 37.6967 37.4732 34.3212 40.3968 41.5724 40.4724 40.8584 36.296 35.5563 36.6466 35.2861 42.1577 36.8637 37.6823 36.5083 39.0813 38.295 40.9018 40.548 40.3277 41.0915 37.7289 38.7179 36.6723 41.8007 39.0428 33.6168 37.01 39.7294 40.7458 39.3097 37.1403 36.0162 38.8401 39.0106 35.7171 35.0095 40.979 37.2947 37.827 38.7838 33.6844 39.7455 37.7208 41.4453 36.7962 37.5906 36.7688 40.2617 34.7554 39.7905 39.8726 32.2676 36.5356 32.4767 34.8953 39.3982 37.6694 38.4799 34.9773 38.549 34.0639 37.4105 39.0653 41.098 40.0784 36.2896 41.3505 35.1623 40.8825 38.6873 36.497 39.924 35.619 39.8902 36.0323 37.9814 37.8382 35.2813 34.6509 39.8709 41.7461 42.809 43.388 41.1414 37.3059 40.1845 37.7546
38.1232 37.898 38.6432 34.9969 36.0186 35.5318 32.7698 37.032 38.2325 31.758 33.24 38.3302 36.9509 39.3419 38.0504 38.0586 35.7951 40.0242 34.7833 36.7786 35.6079 37.9974 34.7701 31.4467 37.6529 38.6829 40.6468 38.7707 37.0452 34.2435 37.2307 38.4892 36.4839 39.1813 35.4937 41.5939 40.0473 37.5735 32.2664 35.2337 38.4958 40.5921 36.9509 35.9954 37.9941 39.2807 39.9662 39.3751 36.06 38.4627 35.285 36.9128 36.7505 41.8638 35.6626 34.6989 37.6215 37.4029 32.8724 34.5929 34.0729 35.5483 36.676 41.0756 35.2006 38.7839 40.5574 40.4034 35.752 39.9116 37.4261 37.0386 37.691 37.9742 35.4589 40.6815 39.8983 33.6292 33.4123 39.8818 37.9411 37.0982 44.9603 37.037 37.4377 40.1103 38.2805 38.3617 41.4317 39.5373 35.0549 32.4552 35.5467 39.693 41.9814 40.0026 38.0835 39.4413 38.7558 37.8036 43.7996 42.1337 38.1663 34.9837 40.6898 36.6594 37.9013 34.2369 36.2372 39.0803 37.9742 38.307 37.3102 38.2077 39.9463 36.6412 34.8346 35.1807 38.2375 37.5586 36.5634 37.8036 40.4381 35.7586 38.0537 34.8694 38.4743 37.6679 39.539 39.9579 39.0406 43.1736 34.8032 39.852 39.5754 39.0687 37.075 37.2224 35.9043 37.9626
37.8369 38.9493 38.4962 34.905 40.6887 39.0686 38.4417 35.629 41.1981 38.0294 35.8335 37.6205 36.0566 36.0532 40.1998 38.1248 43.072 33.7772 40.4945 42.1811 35.5575 36.7858 36.9459 37.7943 38.3429 34.9902 38.1725 39.6478 34.0276 33.2917 35.6631 38.1623 38.0004 36.5967 38.4451 38.3684 34.8624 39.0771 35.2457 38.3275 42.469 39.9902 36.1742 38.0277 36.5865 36.721 35.3973 36.4876 36.8744 39.6853 34.1094 39.4315 40.1265 33.3786 36.9783 41.4059 38.7432 36.6001 36.687 36.1997 37.7296 40.302 39.98 35.9152 45.4724 34.3156 38.2832 36.2372 36.6154 41.4025 40.2833 40.2833 38.1981 34.7159 38.2798 34.4093 38.4672 38.5575 32.2832 33.2627 36.4672 38.5439 31.4654 37.6495 36.583 36.2406 38.6359 35.2679 41.319 34.8982 39.2901 36.1333 31.5932 41.0226 35.5813 39.6359 33.4041 35.1861 37.9084 34.6222 35.2781 42.6836 33.7057 34.675 35.7432 33.7568 38.3054 37.9527 39.6904 39.5899 38.1929 40.5848 43.5593 41.256 33.8914 37.4774 41.8318 36.8454 43.3293 35.5881 42.348 36.0004 34.5183 35.1861 38.4945 35.1128 35.3888 34.0294 34.1878 36.8573 41.4809 35.5984 38.0788 36.0669 33.106 41.3446 37.4757 35.6052 36.0055 34.7926
35.7829 33.2628 41.5746 34.874 40.895 36.522 35.2295 37.7707 40.487 33.7987 40.6954 40.1963 37.9476 39.4992 38.6866 34.4257 40.177 41.1245 37.557 40.0894 35.24 40.0824 37.5448 38.3241 33.7374 34.2733 35.9563 38.3189 37.9721 39.5518 36.6919 36.7917 37.8775 36.1525 35.4187 39.4047 38.5378 39.6744 35.0632 40.5693 38.0877 39.2821 33.6306 43.1823 40.212 35.6026 39.4782 38.3399 35.7672 36.6253 39.2243 37.1332 36.3661 31.1595 39.1315 37.2768 36.5868 33.522 35.3661 42.9528 37.0036 37.1087 38.1682 34.2418 35.7865 36.212 37.156 38.3731 41.6271 34.5115 38.5098 39.0999 42.3469 35.4572 36.6463 38.0562 40.0842 40.7339 35.0824 34.578 37.5308 36.0299 37.1402 34.7777 39.8968 42.0877 35.3819 35.9914 35.5045 35.6148 33.9633 36.4555 36.0527 37.888 37.7707 35.9896 38.4187 38.0229 35.3749 36.6586 35.5185 36.895 38.8092 37.1034 36.0456 35.9879 35.6393 32.3013 34.529 35.0632 34.5202 37.9055 37.9756 35.2611 38.5851 29.7969 37.0719 39.8162 35.184 37.5133 38.8513 37.9511 38.6971 40.9073 34.2873 32.9966 35.2488 36.1472 39.4677 38.7479 36.2313 37.2978 38.8828 38.564 32.2418 38.6534 34.494 37.6656 34.7794 37.6971
37.1394 40.6529 36.9487 40.5558 38.5444 39.4817 33.9497 37.8824 34.3941 33.1977 34.3779 40.1816 38.2332 36.4234 36.7076 37.94 40.5828 44.8753 36.2741 37.976 35.4555 37.8158 36.3298 37.6179 38.3609 41.1207 39.4332 38.1271 36.1589 38.0911 36.1535 40.043 35.8531 39.9207 36.758 36.4198 36.713 34.5578 40.0628 39.5447 36.7328 35.8819 36.7076 37.8158 33.9893 35.3116 41.7611 39.6724 40.3849 35.7433 36.5313 32.6166 36.1103 37.1628 33.0682 41.2844 35.3404 39.3594 39.7372 34.0127 36.5295 40.6205 37.7871 37.6665 37.7817 35.4303 35.2 35.0867 35.648 39.372 35.9574 39.4889 34.7755 37.0638 35.4231 42.299 39.0932 31.7369 35.5454 37.9903 35.7092 38.9744 39.2803 37.9472 33.3344 34.063 40.5522 35.5221 38.3196 33.0142 34.5506 39.7318 36.3514 37.3859 36.4504 37.2024 37.5082 38.4113 33.7896 38.1109 36.83 38.6056 35.3278 38.7927 33.3848 36.7058 38.5426 35.4537 35.2792 38.2242 35.5976 39.1111 36.5979 35.2126 37.0908 38.4473 33.9605 36.848 38.2728 36.2974 37.9472 34.8132 34.3707 33.6834 36.7994 34.7485 35.5508 37.5766 35.5113 34.063 35.3619 39.5177 34.9302 37.1268 37.3877 39.4764 34.968 34.5884 39.8308 35.3673
36.9279 38.8836 34.7025 35.5059 36.3868 36.8429 34.7284 37.1975 41.1551 34.2427 36.9039 37.5004 36.6619 35.3064 32.7339 36.276 41.2622 35.4246 40.8929 35.986 34.6194 32.0173 39.3176 35.6554 33.3821 36.396 38.8559 37.2197 33.9435 39.0036 36.1411 33.7514 37.6426 34.745 33.7311 38.4016 36.0857 36.7506 37.0645 33.8604 33.5187 34.4994 34.8964 36.1559 36.3905 34.9112 37.3914 35.8678 34.6157 40.0581 34.697 36.516 38.0193 38.3923 38.8965 34.8466 33.696 37.8014 35.1827 38.0027 41.3952 35.0552 40.3167 35.2473 38.228 37.1107 37.0461 32.455 31.5242 34.4846 39.0461 41.3582 39.5392 33.8142 38.1763 36.0119 39.1754 37.7755 36.8909 39.4247 39.5447 36.2686 39.8771 42.9317 39.1311 41.8643 33.4652 37.4893 38.3185 36.7764 31.9102 39.8014 38.5235 34.0506 38.7174 38.7451 32.9389 32.804 34.7653 40.3019 41.3712 39.1015 37.4062 33.2233 34.6157 36.7081 37.5945 35.6979 37.5595 38.1283 37.9898 39.3896 38.8725 39.2585 35.3415 33.286 35.0774 36.2575 39.3157 37.384 34.1947 37.7681 34.0598 39.8476 39.794 38.1929 33.5815 36.649 38.8725 35.1661 37.4764 37.0701 36.9907 41.4857 35.1661 35.8438 35.5225 35.8161 32.6951 32.274
35.4098 38.6929 32.5851 38.6513 38.6532 34.2977 37.9067 40.4908 38.6588 35.9876 31.7175 35.7565 36.592 36.8004 37.4975 34.1443 38.1417 36.3817 34.9589 37.3952 37.5259 36.0956 35.9763 36.6336 33.1194 37.7684 36.1771 42.6562 35.9422 38.4088 34.921 37.2418 37.5278 37.9295 36.1297 41.3547 37.7173 33.6688 37.5241 37.2645 33.1402 37.3024 34.7486 31.6985 39.1855 36.8989 36.2112 37.7097 39.7842 36.1847 38.6986 33.8847 34.1045 35.5746 33.0379 39.2007 36.268 37.3517 34.1405 38.8976 37.0012 33.7635 37.4426 38.962 36.4935 36.6033 35.3246 41.7469 37.7571 34.7316 37.255 33.1838 36.6734 34.491 35.4572 39.0226 36.035 33.8469 38.2118 36.8364 36.0577 38.4713 36.1108 42.2262 33.2482 39.3939 37.9465 36.8705 33.252 41.1463 37.6661 38.7195 35.3397 34.5118 34.4645 35.4098 37.2588 33.4471 39.3598 36.9709 35.0953 38.4902 35.1484 39.4413 36.4461 35.6542 37.8291 37.418 39.4754 34.8017 32.534 39.2594 33.701 37.0031 35.0821 41.6824 32.3085 36.9349 37.4918 32.7367 34.5308 36.0691 36.4575 39.267 36.4309 35.461 39.248 35.6144 41.1937 38.657 33.7465 34.7032 34.419 38.0943 34.7392 35.8834 36.1373 39.1988 35.7925 35.7129
31.8172 39.0422 36.7698 38.2809 43.9482 35.3482 35.7191 31.1588 37.1602 37.6497 33.2253 36.3309 38.7567 36.395 37.7099 36.564 34.5693 40.1473 35.2957 34.9675 34.7325 33.7342 35.4278 38.0964 34.9927 33.7303 40.6329 39.1607 36.7271 35.2064 36.5212 37.9196 32.8175 35.0588 34.6917 37.0806 36.2435 32.0153 29.7216 35.6744 34.5208 36.0571 38.9548 34.7655 39.6793 39.2112 35.016 36.2357 35.4181 36.5232 39.5569 34.1382 38.9723 36.9524 40.0968 32.2057 34.5208 36.4572 35.8959 36.9699 38.7062 36.9311 40.0599 35.4608 36.2493 33.1476 40.9514 40.5202 37.4302 37.1292 36.059 36.9563 35.5793 36.4028 34.5518 36.0745 33.2311 33.571 36.1561 36.8223 37.6905 35.4996 36.7776 32.9146 36.3406 35.1695 37.8847 36.3387 35.8298 39.0752 36.2862 39.6404 37.5215 36.4047 31.9843 33.6876 34.2411 32.4077 40.9067 37.7293 35.8065 37.2146 37.6924 30.481 36.8165 33.5225 38.6926 32.3766 39.555 35.7463 37.1311 34.5752 37.6128 34.5577 38.5878 35.2258 38.7237 39.1665 38.8208 36.7524 38.9976 35.1112 38.3139 38.5081 39.7861 31.9551 36.0668 35.7016 35.4084 34.0313 40.2347 32.6155 35.2122 38.3353 42.6004 38.7023 38.1119 34.1576 35.152 36.1658
34.6526 38.5628 38.8056 30.8101 35.8943 38.6882 38.0494 36.2187 38.4176 39.9379 37.8723 37.9897 32.9651 44.1267 34.171 35.1501 35.0665 40.6045 38.2603 38.7797 36.6923 37.0843 34.7203 38.0096 36.5669 36.2266 36.7798 33.2477 35.0287 35.16 37.1838 37.2117 39.4802 33.6178 40.5607 35.5461 32.3861 36.2028 35.3312 38.7638 35.2476 36.8833 36.4595 37.1738 38.9847 36.2764 37.6017 34.6088 36.4256 40.2841 36.9112 33.4009 36.4137 39.0802 34.0039 37.1957 37.4106 33.6855 32.014 34.0835 34.0855 38.6842 38.527 36.2187 34.2686 40.9507 35.2436 34.7879 36.1769 36.2107 35.2615 37.6415 36.5172 36.3381 36.0575 35.7132 33.8984 35.361 35.5739 37.0584 38.8852 33.2975 35.9779 39.0384 39.4483 35.7968 41.3129 41.6293 37.3888 34.4178 38.2922 35.7411 30.3026 33.5979 31.4807 38.2225 36.9729 30.7643 39.0046 39.126 36.2127 38.0614 37.136 37.8604 36.2426 38.5887 34.3163 34.9929 34.2626 39.1877 36.9928 37.1957 32.2189 30.8061 35.5003 35.6734 35.6157 35.0327 35.2794 39.128 35.4844 38.6106 33.781 36.2525 36.8296 37.2634 37.2634 41.3169 33.8726 32.4697 37.4186 37.94 39.4046 34.7601 35.8446 35.5182 36.1013 35.3909 33.7571 33.6457
34.5076 39.0719 34.3996 33.1566 35.8789 35.7404 36.2926 33.3135 33.1301 37.02 39.3592 35.5896 37.2931 34.8153 34.8723 36.965 35.2534 36.1744 35.991 32.1847 41.4458 32.5922 37.4194 38.0735 37.7332 34.6604 37.0078 34.6604 39.0801 36.4271 32.1195 35.3328 35.6344 38.4138 41.7861 37.4153 39.6975 36.9895 35.3471 36.2824 37.8493 38.157 36.3517 39.4469 37.1953 39.186 33.1526 38.0735 37.2401 37.126 35.068 38.8417 36.3415 34.5504 38.316 33.611 36.7266 36.5982 35.6344 31.3309 38.2385 32.7858 37.6619 38.1204 37.2401 36.5575 35.7424 36.2559 34.962 36.2559 32.0726 39.5895 36.8081 34.4954 37.7271 36.855 34.9009 34.7093 37.02 34.1673 32.9427 33.5255 37.6395 32.5229 36.044 35.8891 38.5238 34.9926 41.7759 38.8906 39.6955 32.743 37.4642 36.7001 35.5366 39.7464 41.2196 35.5244 35.9686 37.0812 35.1189 36.1255 34.7134 36.6166 33.2239 35.7995 38.4525 37.9451 35.5183 37.2544 36.0277 39.5508 36.7327 36.9385 37.181 33.5744 36.8713 33.7109 34.2386 35.9564 37.5865 39.2472 39.4408 37.289 36.7816 37.4561 41.6108 37.7597 34.6197 39.5202 36.7633 33.0364 33.2157 33.2687 36.2702 36.4454 38.3975 38.8743 33.4154 34.8866
35.3366 39.3968 38.4605 39.0882 35.8809 36.2104 35.9998 37.9183 36.2187 33.3451 36.2438 37.3448 34.8778 38.1414 35.2032 34.3982 31.2222 35.8663 34.8612 35.5014 40.0016 38.3479 34.2022 36.5315 33.7601 36.2604 36.3001 38.9381 34.2731 33.3889 30.5903 38.7879 38.5314 33.6913 37.545 38.8984 38.8609 35.1552 39.5637 35.6911 34.5046 35.6348 37.0591 35.9956 32.7341 39.8911 36.6024 33.6266 38.8088 40.744 34.907 34.2168 34.8924 39.4323 34.0625 36.542 37.1113 41.9681 41.8868 36.7505 36.9653 34.3002 40.3936 35.1469 37.4533 40.0704 34.7944 40.5188 37.2468 37.5409 38.3187 34.2773 42.9691 37.8495 39.791 36.9319 37.8912 34.5296 37.7557 39.3259 36.2292 36.7025 33.7267 33.6808 40.0099 37.6952 37.1488 36.4314 38.888 35.2595 36.0999 39.2363 33.7079 30.9594 33.5224 37.032 32.4296 37.7744 32.83 35.6953 35.9643 34.3502 36.4481 39.2571 38.0872 35.9685 38.2165 34.4837 35.9789 36.5899 35.7495 32.83 38.765 41.2924 35.1635 41.6741 40.5375 36.1207 37.251 32.8092 33.9353 32.7674 37.3428 36.7964 37.985 33.562 38.7942 40.9004 35.078 36.7484 36.3793 38.4105 35.3283 36.8068 35.4847 38.1581 31.4891 34.0416 38.0851 33.1803
36.798 40.4818 33.4 39.0889 34.5263 40.8701 36.1879 36.1431 41.8086 37.3803 38.1226 32.9051 32.6555 37.9968 34.9401 35.5288 36.6039 35.3454 31.7468 35.0467 41.0578 33.8437 38.8714 34.2212 37.7579 39.2489 40.5778 34.714 34.1188 38.5215 38.8244 37.8816 37.2886 39.8185 33.5301 36.0535 39.0783 31.6039 40.452 41.8705 36.5954 34.0591 35.0723 36.4396 35.0254 38.6218 35.1001 34.089 34.0612 32.9862 39.8483 34.8206 42.1009 36.0557 33.9311 37.5467 32.6555 38.7114 35.4477 38.7882 39.2937 38.5941 33.8437 32.8987 37.8923 33.9226 34.9017 38.7263 44.0676 33.24 36.3031 34.9529 36.7681 36.6551 36.8001 38.4746 35.3987 37.7152 37.1478 34.057 38.3872 37.647 41.2071 35.0745 39.5902 38.0437 37.3441 37.9733 35.1299 32.5787 40.9234 38.7967 37.5659 37.647 35.3219 40.0638 34.923 33.4234 36.2775 37.9221 37.6128 38.4234 33.7285 36.99 35.8104 37.2737 41.1559 36.7276 38.7199 37.9392 32.2566 36.7105 40.1789 37.5019 33.7669 39.7267 32.5382 36.2882 36.5463 38.481 39.426 35.6333 38.3296 39.4132 39.9016 38.0928 35.6227 39.0719 37.6747 36.8129 36.0045 36.6871 35.9448 33.9119 36.1239 39.3278 41.1538 38.0309 37.0156 34.6905
37.0564 36.243 35.7021 34.5027 33.94 34.6859 36.2539 33.6609 38.077 36.5439 37.0172 33.1702 39.3877 37.5035 37.992 36.3193 36.7991 32.3633 33.4886 37.5013 36.8689 36.1688 38.4696 37.3377 35.9137 36.7097 34.3631 35.218 35.8373 36.9626 36.4654 35.1308 41.7604 38.3911 42.0963 33.6107 33.7786 37.1218 38.7923 40.0725 32.4745 34.7404 34.0251 37.3181 35.0806 38.3627 41.0059 34.6313 34.8233 36.2866 34.7818 40.5195 38.7771 35.9486 35.1417 38.897 41.7779 38.74 35.0326 35.0871 33.9444 36.4698 39.7366 35.7523 35.1722 38.2319 36.0881 38.6222 37.6692 38.5415 35.6345 36.1121 38.2515 37.6321 36.4436 37.7281 39.3332 39.3288 34.2672 35.7654 35.4884 38.2951 39.3288 36.6224 34.6662 34.0076 33.7547 34.7251 37.4577 38.125 35.0283 35.4884 35.0631 39.0911 35.8352 35.5495 36.8209 36.9168 36.1906 34.8712 37.2985 35.5037 35.4884 35.0413 35.8744 37.8742 37.7739 35.3423 31.6044 38.1817 33.9422 36.5178 36.5723 40.5588 35.3423 33.9662 38.1272 33.0546 36.7533 37.1066 37.3138 33.24 40.2469 39.3027 37.4468 37.6452 35.6869 40.851 36.7293 39.8108 32.1365 33.5758 37.7848 35.9442 37.7412 35.5669 36.4196 40.851 36.1252 36.6944
37.1609 43.2269 39.4897 33.1094 38.7832 35.7502 41.1967 35.4449 36.0533 36.7463 38.5737 37.7759 38.2551 36.8199 33.6442 36.3564 35.1864 38.9548 36.3452 33.8961 37.4506 36.3541 37.6846 35.69 36.5324 40.0736 34.2259 36.7085 33.6799 36.4455 37.7759 36.3809 37.4617 38.6896 37.9943 35.1552 37.4639 40.2273 35.7502 35.5719 40.4769 38.2216 35.9418 42.9684 38.7654 40.3098 38.9058 36.8132 36.3274 38.5403 32.1244 34.754 38.7788 36.8756 36.7709 35.4003 36.08 40.9249 35.0549 37.6467 33.7846 35.6633 42.0302 39.4206 39.2713 35.9976 39.737 38.3866 34.89 40.4858 37.0316 37.6199 39.0774 39.2713 40.5549 36.5034 39.7571 36.8734 37.2255 34.4465 35.9285 35.6722 35.563 41.6982 36.6483 39.4763 39.3849 39.8329 36.3252 38.7453 34.4911 40.5661 32.8888 38.9593 34.1724 36.6216 42.8392 36.655 36.4165 34.5267 39.7214 36.9893 37.4015 35.534 39.3627 36.9959 40.0178 35.1908 39.0752 37.8339 33.0403 36.45 36.0867 37.3102 36.4076 38.3063 40.214 38.449 38.4534 35.1485 37.5442 37.0762 37.8584 33.3278 40.6597 33.954 37.1252 38.3375 35.4805 40.5126 31.6073 38.3464 35.1373 41.1254 37.7871 37.7492 36.5569 38.9593 37.9163 41.6268
36.0309 36.8982 40.3581 37.6994 37.7427 39.7093 37.7153 36.1174 36.6 39.55 38.6327 35.5461 35.4709 37.5355 34.4466 40.8611 38.4073 33.9436 41.7807 35.7213 36.1265 33.3335 39.0834 38.6008 37.119 38.0067 31.6491 36.213 39.1107 38.9218 38.578 37.49 34.2395 38.4005 37.2259 40.2784 38.4961 35.826 37.6448 35.7213 37.1622 35.1227 35.6417 33.9732 34.6811 37.4149 40.7906 37.2396 39.4703 39.9074 38.6008 41.3915 37.2487 35.0385 37.4877 39.1835 34.9907 35.5757 39.3588 36.4019 34.3556 37.9566 34.483 41.5986 40.7564 33.8798 37.1235 36.106 36.666 39.6115 39.0492 35.4254 35.6644 32.8874 39.871 39.0128 36.2335 37.3033 36.5522 39.6183 37.9999 36.2699 36.6842 42.2587 37.1167 36.707 39.0674 39.5318 33.8639 37.5423 36.5362 35.5438 39.8414 42.0858 42.9735 35.9421 36.1015 38.2412 34.3146 37.6425 35.2115 35.2888 36.3132 34.7289 38.1751 39.8004 40.7245 38.7624 37.6903 36.4588 40.7109 34.8655 38.2252 37.4126 36.7183 39.3793 37.2032 38.0181 37.1963 35.4596 35.5506 36.4975 38.314 35.7623 39.4134 35.7782 41.6601 40.868 38.9126 39.1585 33.8116 37.6971 38.701 36.2563 34.1826 39.9256 38.3732 38.7875 34.5126 42.2337
36.4145 34.0835 37.8576 38.3991 36.7886 38.9941 36.5074 45.0504 41.3483 42.4591 38.5711 33.7558 37.2116 37.2813 39.2753 39.2497 34.1067 38.4108 38.1226 37.5927 38.8035 35.3594 38.5595 35.6127 36.3215 31.727 37.9646 35.938 37.2836 32.5218 38.2946 36.5121 39.4914 37.6183 36.9211 35.2455 39.1242 32.8657 36.4609 33.9789 37.1256 36.7631 39.2427 44.9225 35.78 39.3101 38.4456 38.3317 37.8646 37.3905 35.2757 30.3582 40.4024 32.1895 35.6173 38.52 41.6504 41.6202 39.1382 40.4675 35.5081 36.1914 37.7903 38.9267 37.7693 42.0803 35.9566 37.5579 37.9041 42.5079 39.0313 41.3111 40.7417 40.012 37.5509 43.7977 39.9701 39.0777 44.8598 41.0322 36.0449 39.6169 39.0452 38.8105 38.2272 41.1159 37.3975 35.8358 37.9971 40.3234 36.3749 41.6504 37.2697 38.8848 38.5177 37.9738 37.2557 36.7956 38.4712 37.0954 37.0628 37.4207 35.8288 38.5827 38.1481 41.992 35.5871 36.1472 35.4639 35.1781 39.3892 40.837 40.3327 39.1289 40.3397 34.9573 36.0054 35.0782 42.4173 40.4233 36.3122 34.0045 38.8639 36.1728 38.2202 38.4503 35.12 38.85 40.249 40.4652 34.4367 41.8107 35.7893 41.8991 36.7189 38.1691 37.6694 37.5021 40.9346 36.684
39.4153 41.3601 37.8405 37.3638 40.1268 38.6682 39.7877 42.2661 41.7918 36.7827 39.0501 37.7978 36.5432 36.2064 38.016 40.3427 39.4035 41.2913 38.4619 36.5361 37.582 38.0089 37.4705 35.6633 44.6544 45.0291 42.8662 44.4338 38.1773 37.1646 33.2608 36.1495 34.9376 37.2761 33.6165 36.8065 33.7541 41.3293 40.2881 42.3112 38.3006 37.9544 43.6275 36.963 42.1618 41.2178 36.3914 34.1003 41.6993 41.1562 44.8038 36.1851 45.6837 41.1965 38.7868 36.2657 38.9671 39.8375 39.9134 37.7219 36.5527 38.7512 38.2224 42.6266 39.2588 40.2336 43.2243 44.652 39.6383 35.2767 36.3345 41.2605 32.6512 38.8841 43.6844 38.469 43.3381 41.8866 37.7765 46.6561 39.2967 36.5218 39.496 38.3623 35.0704 40.9854 38.9244 39.5126 40.5703 40.4755 40.9071 39.2327 38.0018 35.4166 38.4595 38.9481 38.2817 36.8681 35.1131 37.5844 42.7808 38.3528 36.2918 39.7023 40.2217 39.3703 40.6059 41.7562 35.4356 42.0479 38.2176 39.4675 40.4043 36.076 38.3125 37.3875 40.5371 40.9427 42.5697 37.6555 36.5717 40.5656 39.3205 37.9306 36.7306 38.6137 41.8013 43.2124 36.6404 40.4446 38.0374 42.8614 43.6844 39.7189 37.4255 41.2985 42.8329 43.5041 37.3614 38.9268
43.3706 37.1478 42.3617 41.9165 38.6479 35.7301 37.022 38.9866 45.4344 41.2028 37.7914 39.6665 40.9996 37.6269 39.0761 42.2915 38.1059 31.3267 40.4116 42.9932 39.9689 39.064 42.4053 38.3285 40.7939 39.6108 36.6978 35.1591 39.185 39.0423 40.3076 45.2578 34.8881 35.5099 37.7769 41.7738 40.2737 38.3672 39.7269 38.5003 38.8221 38.3455 40.4552 37.3995 35.1494 35.2776 40.8133 39.6302 39.2697 40.4963 39.935 37.9632 43.0319 38.3382 39.7221 40.1963 38.5753 38.0696 44.336 41.9698 36.2309 42.8916 39.1027 40.1891 40.131 37.835 44.0843 39.0955 35.5365 36.3373 44.4327 38.8245 38.1567 42.4488 40.8157 41.9238 40.3875 38.343 39.1898 39.4947 39.8721 40.1068 41.2947 41.7835 42.9714 39.9713 41.8996 43.0053 39.7657 41.6818 42.1391 36.6204 41.4714 41.1907 37.985 38.4785 33.8332 37.2349 39.0229 37.8979 40.2907 31.0557 38.8608 37.743 41.1351 39.2213 34.5591 39.7149 36.0494 39.1366 41.106 39.8044 37.2858 38.3043 40.9076 33.4534 34.7284 39.8624 39.2358 37.1067 37.8446 40.6149 37.4333 36.7535 38.8874 37.2712 34.905 42.0302 39.0834 39.3544 36.4438 39.156 41.7689 36.7994 41.9552 40.2326 44.0674 41.6915 40.4697 38.3309
37.888 42.2351 45.0772 45.0846 43.328 41.2458 44.9366 36.5927 44.3346 41.8823 42.1019 40.5179 42.4176 43.8141 35.559 44.6603 40.6684 41.8255 40.4982 39.9949 38.7021 38.1939 41.268 41.8231 41.9341 40.286 37.2194 39.5533 38.2827 39.1191 39.7655 43.0122 39.1783 37.1083 38.0039 38.2531 37.5944 38.3617 43.0443 36.7802 38.374 43.0344 41.8872 40.2959 37.6388 37.8115 43.18 37.0787 40.3354 39.087 43.9349 39.9579 38.8896 39.9456 36.1659 40.9176 37.4809 42.3634 39.0623 43.8585 46.6537 42.4473 43.4588 42.203 40.6512 42.9456 42.055 38.7194 38.7465 35.8994 39.1437 42.5484 38.4776 46.4835 36.7753 39.2671 42.6742 43.6463 37.1799 42.1931 45.3659 42.9826 43.4711 42.0007 41.7268 40.9768 43.0048 42.2795 36.9504 36.0647 41.1693 39.3584 41.7145 36.7802 42.3042 41.4036 37.4982 37.1232 38.6626 40.2466 40.8165 41.865 41.8921 43.9818 36.7901 39.5829 40.9324 36.8789 38.448 40.6512 35.369 43.0073 41.5813 41.5665 36.7309 43.3823 36.9825 38.5788 44.6504 42.0698 44.2705 40.365 40.0146 36.4644 39.0747 42.018 43.2219 40.1084 44.6874 37.2292 43.1529 40.8559 43.0566 42.9974 43.9843 44.1792 41.5838 37.3847 43.9966 41.1002
41.5305 41.2614 44.0052 42.6673 40.1071 41.7669 43.7813 48.9771 43.2909 48.4263 42.9766 44.7194 42.9187 45.0036 47.2971 44.8527 39.4985 43.4041 42.793 39.0157 44.4729 42.8131 40.0392 44.4729 40.5724 39.9713 41.7996 34.9466 39.3904 36.4178 39.6444 42.6346 40.2932 37.122 41.9379 41.4626 43.56 40.6378 38.3492 46.5452 37.9896 43.379 39.4256 34.4763 37.1848 41.9807 42.5063 39.8959 38.0449 44.996 43.3815 41.6814 41.9304 41.5481 45.2877 46.8696 45.753 41.1307 45.6977 42.7553 44.654 42.5868 44.6716 47.0783 44.2944 45.0438 43.4318 40.082 47.4883 39.9814 44.8527 46.1805 42.2146 43.5047 44.3396 48.7985 43.9498 41.7342 37.8463 43.1702 39.5765 45.5141 44.5735 42.4837 44.1686 46.8118 40.5145 40.1901 41.6814 39.5186 39.6947 38.6686 39.6896 43.6556 40.8188 40.6277 36.1789 44.4101 41.0024 39.911 39.496 41.6487 43.306 37.2175 43.5927 39.2521 38.6485 38.0022 38.5454 36.7322 37.9368 37.376 41.6965 40.6981 38.2411 40.2153 43.5902 41.3143 44.0957 44.7973 37.5973 37.8965 44.3447 46.8419 44.3925 40.8993 40.1448 40.6881 42.3403 43.3915 44.9608 44.5735 43.4494 44.3422 42.9615 40.6327 44.7269 43.7034 44.4553 45.5292
45.7602 42.7158 48.0691 43.7408 47.1747 48.1895 49.5784 44.9581 46.3624 47.7282 42.5211 44.648 45.5833 44.3841 39.0846 41.1859 42.0419 43.8331 44.6916 43.3744 45.1656 41.5601 44.0612 42.7389 36.8552 43.1438 42.129 39.7714 44.0304 40.8426 37.565 38.4773 42.2084 41.9727 42.5287 42.6722 42.9311 41.8266 40.6299 44.5019 43.2411 39.5971 43.4077 42.357 40.2122 47.6847 41.2705 41.0963 40.9809 40.307 46.9825 42.2392 40.6376 45.6423 38.3671 40.5684 46.0523 46.4803 41.3141 44.7787 49.0813 46.2624 46.7724 45.1887 44.6608 45.5936 43.5153 46.3649 48.5918 45.304 46.5751 41.6395 44.5814 42.3468 49.9526 44.566 45.3015 43.8229 44.4661 48.6482 45.6833 40.9861 40.5069 40.8887 45.9139 39.5766 43.5487 36.6732 43.2206 45.9626 40.002 39.1871 40.6991 41.4883 40.0917 45.0555 38.5439 41.2039 40.207 39.8662 38.0391 37.196 38.3517 36.9961 41.5114 37.7905 42.07 41.4396 42.0085 38.7899 41.9778 39.1615 38.8053 39.9713 41.5934 46.8057 41.3884 39.3281 48.9813 36.5682 41.2013 38.6849 38.5849 43.5384 44.0048 43.2565 40.3736 44.6762 41.5191 40.2378 46.2419 40.7682 45.0606 45.3476 47.1773 48.3971 48.5739 50.0807 42.4519 47.1952
45.8684 45.6361 47.7374 49.8831 47.043 43.6888 46.9804 45.8188 47.0926 44.3283 46.1581 45.1401 48.3195 41.8798 45.7823 45.0801 44.913 47.5938 44.2317 48.8363 43.6757 40.4285 39.8908 43.1432 42.8169 41.102 35.9936 44.1586 43.3625 41.4544 42.2818 40.6869 39.2408 40.1231 38.784 39.7237 43.5348 41.1698 39.6219 44.8765 41.8877 38.7866 37.317 47.74 41.7389 40.4729 41.2116 42.3366 38.677 45.8214 45.054 42.0234 44.6494 49.5594 45.9833 46.166 45.8736 48.9512 44.0177 46.8342 44.8217 51.6763 48.0219 48.1629 48.8337 49.6168 44.4797 46.273 42.7647 47.3145 48.6875 53.9551 51.1412 48.8102 44.9992 45.1636 45.7588 48.3038 43.7018 52.5534 44.4484 42.5194 47.1736 42.89 46.3983 46.0041 48.5936 40.9375 42.4176 41.0106 43.0388 45.3385 44.7929 40.3293 44.2004 36.9124 38.8153 38.1445 35.4637 45.8736 40.6321 38.3115 36.2155 42.6264 37.6772 43.2163 40.559 40.0683 36.7427 40.8305 40.9688 43.232 38.523 40.0761 44.3779 41.5353 40.499 42.9762 42.1513 45.9337 41.3708 41.3969 42.3549 44.3962 42.8483 46.2365 48.0506 44.1795 47.1213 44.3622 48.8937 48.9042 48.189 53.7541 48.9329 44.7825 50.8202 45.9571 52.8614 47.2623
54.0538 47.2545 57.3125 52.9321 50.4468 50.8854 48.8174 46.8664 52.3526 50.9518 51.5021 47.4884 48.1264 45.0377 48.9371 45.7474 48.8998 45.6198 49.6069 40.6998 47.2944 43.0628 43.6343 43.2382 46.5874 39.7961 44.5433 42.0102 40.2134 46.3029 41.6833 37.3347 42.7704 41.7178 37.9886 43.4216 39.8359 41.4387 37.7707 47.9297 38.1959 43.6157 42.5604 44.0383 42.6056 41.2288 44.7639 43.8044 45.0484 44.2403 43.1771 46.0637 44.966 46.3721 44.8809 45.867 50.1491 48.3842 46.2152 49.9976 50.3245 50.1943 54.0166 51.4941 51.1804 55.412 51.3824 49.987 56.7038 58.3518 49.7664 50.9811 47.531 54.0591 51.4622 50.9067 46.0079 51.8184 52.9401 45.3195 48.1769 50.8641 49.6361 49.0407 46.5448 47.119 43.4562 47.9164 49.0088 42.6854 43.8762 45.6756 40.2533 46.0398 38.6053 42.1777 42.4887 42.2707 44.9128 43.1824 38.8046 44.2669 44.7507 41.2979 41.8295 40.729 40.224 41.0693 35.8702 44.5832 40.5563 39.4346 45.0962 42.1272 43.0947 42.2627 43.0548 39.4293 43.6396 45.2823 46.606 43.108 45.2158 49.0168 47.3316 42.6854 44.9341 47.8393 47.8792 46.917 51.1539 48.4373 46.9302 47.1668 59.9918 48.3603 57.9026 53.4717 50.7126 51.6429
57.1023 56.5097 60.1706 54.4344 58.3794 59.6781 56.3636 54.4804 51.4689 54.5697 54.3018 54.7401 51.3147 47.6916 45.0129 50.668 47.4481 44.6423 46.2495 39.0738 44.4393 44.0389 45.6948 39.3417 41.7038 39.8098 40.7108 38.6409 39.5879 41.9203 38.1024 45.7679 46.9016 37.4314 45.3052 39.6772 40.1453 40.2535 40.424 35.1992 38.7275 41.7336 44.35 41.16 42.0772 40.3266 43.7385 40.4673 42.2937 45.0319 50.2351 49.7913 50.0078 46.4308 44.8831 53.1464 45.8517 53.2574 52.6946 47.4346 53.7688 56.4935 52.8488 44.7884 52.746 51.0928 60.0921 59.3535 57.1753 53.712 57.4297 56.3095 57.3268 54.1476 56.6206 46.6797 52.6324 56.9589 57.9356 52.9219 50.5868 49.7913 54.3397 47.9243 48.9958 47.0747 47.5104 48.1895 45.6542 50.0862 43.6898 46.0898 44.8019 39.9992 40.2346 45.7029 44.4393 37.7561 38.281 40.7 41.3196 39.1198 42.015 41.5604 42.3342 44.4096 39.9694 38.6734 41.7552 38.5651 41.5712 47.5888 39.0765 39.2307 46.8042 40.2535 48.4547 42.824 46.5633 42.2423 47.5401 48.9255 44.9724 47.4617 48.019 43.9875 49.0526 51.247 51.7151 56.6531 51.5176 52.7108 55.8306 58.006 58.7311 55.1135 56.2391 52.8948 59.2073 60.8903
64.4286 66.7333 65.5686 60.794 55.4853 53.2522 64.1202 61.9753 57.432 60.9069 50.3721 56.7079 59.8716 53.1752 50.0665 50.284 49.7471 46.8146 50.5649 47.3653 54.1113 47.2497 44.9505 42.9625 43.0754 41.561 40.6991 41.5087 38.7524 43.4609 41.2168 43.0534 38.9534 38.3835 39.5537 46.3493 43.9262 38.1604 42.5385 36.2495 38.3697 46.8752 42.7753 41.5087 48.0482 44.0171 43.1663 43.3315 51.6057 45.124 44.7523 46.9798 47.7976 48.9513 50.7741 45.8454 51.4377 52.3078 51.8865 57.1897 55.0668 55.3394 57.6523 62.8426 59.4228 60.0038 63.9743 60.9868 64.0294 61.6063 64.8995 60.6563 62.0276 60.4691 58.7069 61.0171 57.6991 55.1659 56.7657 64.5635 53.5441 55.4578 52.6162 51.4212 53.6845 47.9904 49.4855 45.1405 44.6999 48.899 46.8724 44.934 43.5462 40.3467 41.2333 41.2168 45.2314 45.0221 44.3172 45.7655 37.0122 43.3865 39.193 40.5312 41.9107 46.4099 44.4604 41.9189 42.7395 47.2524 48.2464 42.4091 45.8426 40.6358 44.0639 46.9495 42.9763 47.2221 50.5125 44.4962 49.5516 45.5728 49.078 46.2667 46.5558 48.0675 48.4832 57.8037 51.3441 53.3101 61.3365 54.9126 54.5051 61.0721 60.5104 61.7743 66.3423 55.3008 62.0138 56.7134
53.5449 48.626 53.3264 55.4777 47.6204 49.458 48.2591 49.3963 46.5755 44.8612 48.2983 46.5167 44.5111 39.8919 44.7772 43.9144 44.9284 48.3179 49.4047 43.1917 40.9227 44.5783 44.4186 40.5137 46.0993 42.9144 39.2644 39.8527 39.0179 39.1608 38.9927 40.3681 40.3905 40.9115 41.5782 36.6789 42.144 36.7209 40.0599 41.7407 43.3065 40.9199 41.5978 38.256 43.0628 42.6595 40.7771 45.7324 41.6874 41.2365 40.763 42.8808 46.5279 42.8415 49.4888 45.3122 41.9031 48.2254 46.8136 49.4804 45.4579 47.1638 48.0826 50.0098 47.1806 46.4215 49.0406 46.1105 47.3767 50.0938 47.8109 47.2086 50.965 46.0405 51.7802 46.808 46.5055 48.9762 46.4999 48.5952 52.2115 45.0741 47.3431 43.357 49.7633 42.1608 45.9145 40.0263 43.4074 41.6034 43.3402 43.0096 40.9591 44.8248 44.6455 42.9816 44.9873 45.427 41.0488 38.4773 42.5278 42.4438 46.9341 35.1046 41.7827 40.3709 46.4467 43.4802 38.9759 44.4186 38.0431 47.1498 43.7071 38.1803 42.2645 42.6903 43.3177 43.8276 40.0123 42.8051 48.8025 46.8977 44.2954 45.0545 39.1131 39.1804 46.9005 43.102 47.4215 43.5194 50.1723 52.5701 48.0154 45.2898 51.9034 49.7941 44.9789 51.6345 50.6821 46.1666
50.839 49.9729 44.8534 52.9443 44.8192 48.4915 54.0469 51.4344 45.5172 46.9018 42.5543 47.3063 49.3661 47.1639 49.7763 46.9246 42.3464 44.8477 45.5058 47.5827 44.4859 43.56 43.0045 43.7993 44.6084 46.0614 40.6826 45.7993 42.3748 43.3948 44.8705 46.0784 43.4717 44.1497 44.4004 45.5998 42.6455 42.0529 40.3008 41.1213 42.6113 42.6199 39.8365 46.5713 44.1611 39.9077 42.9446 45.1269 42.9874 43.5999 43.0073 43.2466 48.6396 42.6711 45.5058 50.5114 46.7707 47.1126 48.2094 47.3462 43.7708 48.369 48.9302 50.0812 48.4658 45.7594 47.7849 49.4943 49.8903 52.4486 48.9701 51.4173 45.5599 47.7308 49.7194 47.9901 46.0784 48.2864 46.275 45.4745 48.3918 42.8991 52.0241 44.6768 39.3664 46.5286 45.9417 45.8876 45.842 45.4061 43.1754 47.067 41.2296 42.711 43.6597 44.9446 41.5344 47.5656 40.5601 44.7793 44.1668 42.5031 46.3178 41.7994 43.9019 39.4832 40.4889 48.3035 41.298 43.8449 42.2637 43.4261 43.0073 44.9246 38.9675 40.4376 40.0302 42.7879 43.0216 45.0899 43.2951 41.8022 41.8449 47.5684 43.4489 39.1613 44.2551 41.1242 40.9874 48.0499 43.0329 47.4374 49.3946 49.9729 49.6709 52.48 49.406 51.7706 54.2833 49.3376
51.1084 50.6941 46.5433 49.3849 49.9787 46.7924 44.1101 49.7006 46.2275 50.3639 45.9581 46.103 44.6054 46.1522 48.4203 43.1687 39.1829 42.8008 43.4815 41.8159 43.5974 39.9041 37.1205 43.3454 39.3364 40.049 38.8353 39.6869 38.6267 41.4625 37.4188 40.9064 37.3928 39.6521 39.6985 40.7094 38.8411 42.1722 36.2167 37.3957 36.1878 35.7735 40.0055 39.2408 40.0229 38.0793 39.432 38.534 42.908 39.2495 41.1005 35.956 46.1319 48.2117 48.9475 37.3146 45.4367 43.328 42.5691 45.8104 43.9363 46.2999 48.5709 39.823 45.7901 49.1357 48.093 50.025 46.5925 48.82 44.6662 46.3144 49.6398 48.2812 48.9909 53.5039 44.5417 47.0009 48.707 46.7837 43.1252 43.1716 46.9546 40.5414 45.2861 45.2803 43.9392 40.6341 40.8021 41.1236 42.3982 40.9064 41.5089 43.6524 44.5822 38.7484 38.6238 38.4095 39.5015 42.5256 40.3126 40.9614 40.0953 41.2047 39.0699 39.7651 40.1562 38.9309 39.3885 38.143 37.7983 37.1929 38.7976 39.9968 38.1198 38.0184 39.319 41.6132 39.7014 41.5726 40.7905 45.3469 41.1236 40.4632 42.934 39.8057 48.8113 38.2299 43.0094 45.4976 44.3244 47.8496 47.6295 46.9053 46.3463 53.7414 47.3196 49.7933 50.7579 45.767
55.2981 56.4817 53.502 59.326 53.4785 57.736 56.4876 50.6961 52.7012 49.1149 51.3056 48.4672 47.8459 51.335 46.4709 48.7911 46.7918 46.9862 43.1909 42.443 47.2718 43.2262 44.5865 43.5236 36.5896 41.5921 43.2409 44.0712 37.3375 42.5255 40.2671 40.2053 41.1563 38.6713 37.4199 41.1622 40.1611 42.4165 38.5123 44.0477 39.7489 40.8472 45.0193 48.3789 38.2708 40.7058 42.1486 41.9807 42.3282 44.9104 45.2932 46.2442 44.7337 44.1272 46.2412 46.4209 47.6634 49.6685 51.5912 52.1035 52.5127 51.7766 50.8727 53.2812 54.5561 59.1523 55.4983 54.827 54.6651 55.8899 58.7901 57.5535 56.4111 52.9809 57.5034 51.706 55.9488 56.1814 52.1418 48.0138 46.1882 49.2622 49.9246 49.0296 50.4811 43.5295 46.2059 44.1861 41.863 45.1901 42.5814 47.0716 44.7131 44.1684 40.3437 40.6852 36.2098 40.7235 42.6903 41.8424 38.845 38.421 36.3276 39.3397 42.5608 41.6598 41.9395 42.5225 39.0011 41.8218 37.3434 41.2859 43.4235 40.6116 41.6628 43.3646 39.849 45.037 48.4377 42.4253 49.8834 48.3877 45.2843 49.2209 48.5791 46.412 50.8197 48.6173 44.5688 46.6034 54.1115 50.6607 49.0148 51.9298 53.767 57.9775 58.1041 51.6471 53.1752 54.4855
72.2349 68.6325 72.3546 68.9885 70.1584 67.7378 68.2944 64.8295 67.4805 64.0516 60.8441 56.5444 62.8069 58.1422 56.9663 53.5015 53.3309 51.9247 58.0734 43.8909 48.4568 43.7054 42.7838 49.6058 45.8328 42.1016 44.7467 49.7973 39.6212 41.8174 43.3613 46.7603 51.0689 42.4876 38.6907 40.6984 38.1521 41.59 40.6625 40.7582 46.4581 44.3667 51.787 43.2147 48.2594 47.8016 48.0948 49.9828 46.0572 46.0602 44.7197 49.8541 47.8794 51.4908 56.2393 54.5427 53.681 56.7599 61.5921 59.7879 60.0362 64.2281 66.2927 66.4961 72.223 69.2997 71.9687 78.8056 68.058 69.4822 66.6906 73.5814 68.4051 75.981 67.4536 69.6348 66.5171 63.516 63.9738 69.8293 60.6047 61.2151 61.257 51.4011 52.933 52.2777 48.8668 51.8858 44.0375 50.3059 52.2807 47.6639 47.7597 43.5199 43.2476 45.6084 42.0209 41.2429 43.7144 43.8311 38.2987 42.6612 44.8693 41.3536 39.5374 41.9281 43.5049 44.5163 45.1117 45.1985 39.702 42.8527 46.0183 47.248 47.3288 47.1403 47.2032 49.0433 48.7022 43.5199 47.8614 50.8535 52.8343 54.4649 47.7597 56.3679 55.5032 52.7325 61.4186 64.4106 65.5925 66.6158 69.0005 71.6904 70.4876 70.3619 70.2512 70.6312 70.5504 75.628
80.8528 64.7418 67.046 65.4471 66.4806 68.9368 69.569 68.8395 68.8365 59.9511 55.7622 56.2304 56.9569 57.96 58.416 55.6771 56.0662 54.75 48.4272 44.8402 47.9165 47.2873 47.9408 46.2233 45.9649 46.2537 44.8949 45.7005 45.9801 44.5271 43.5787 40.0556 46.1443 45.5363 44.9192 39.706 42.226 44.3174 39.1011 42.1409 42.0162 43.4419 45.0074 43.6334 40.244 40.6453 46.6094 42.1986 43.2291 47.7767 49.8194 46.2507 49.8133 46.658 54.0204 53.9992 56.4553 56.4553 52.154 59.2033 69.1283 61.1123 69.1982 70.7698 64.0883 66.4684 73.5056 71.8884 67.0946 70.4384 70.1497 73.8917 70.6573 69.8396 70.5023 71.8611 65.0033 63.8724 61.2795 58.4373 60.2581 59.5316 56.4249 56.5192 50.3818 50.2207 49.2753 47.0623 51.5977 47.804 48.0016 50.6462 44.9344 45.1746 47.3389 43.8584 42.7792 44.3052 41.6484 46.1169 45.2871 43.1744 41.1316 37.0826 42.5239 39.633 44.7673 41.2897 40.3018 43.9191 47.5943 42.3354 41.5451 46.3115 48.7403 49.0595 47.6764 45.2779 47.0137 48.874 44.901 51.4944 55.1482 52.8714 57.3338 52.2817 50.9654 54.1876 56.7319 55.8443 64.5503 63.3648 65.1704 68.7665 68.9732 70.6603 71.0646 73.1986 69.1344 77.0591
90.2794 81.6219 72.4952 75.8977 77.3673 80.1338 70.7785 66.0083 67.4841 67.5737 67.4193 60.213 67.5891 61.0312 57.6596 52.0588 55.2143 45.3157 53.5872 48.5267 46.5106 48.5792 46.4581 41.975 40.7183 50.4039 43.5774 43.8584 46.3376 41.9317 44.8834 42.8024 41.657 42.1757 43.3273 43.068 48.1871 45.643 41.9904 44.2381 47.4924 42.4319 39.1097 42.4443 47.6869 43.7874 44.6889 49.4067 50.7899 48.6348 47.9864 50.5737 56.5852 57.7152 55.7731 59.1663 59.3269 62.6707 59.8919 68.2684 64.8103 73.0911 74.3755 76.7683 71.3899 74.7707 77.9972 84.9596 80.9087 86.0649 82.5945 82.0851 75.876 79.3773 79.8343 70.9144 69.8801 73.1745 69.0248 66.879 64.2885 56.5852 59.2744 61.9451 57.2027 55.381 53.6705 51.8736 46.9212 54.4609 47.5943 50.8516 46.1153 47.2392 45.5874 44.6889 48.1747 46.3376 43.9201 43.3705 40.246 45.9085 39.7056 39.0326 43.985 43.4446 46.1493 46.668 45.2045 44.5716 44.7661 42.0522 52.6794 41.0302 40.1194 47.6097 45.8344 46.137 48.8324 51.6142 51.2499 52.1669 48.1192 56.9217 53.2475 54.7079 58.7958 63.14 59.1694 62.6738 65.0666 64.4645 69.8646 59.5276 75.1906 71.0996 79.1643 76.0767 81.6436 83.2892
78.6353 81.9806 76.8544 71.8976 82.269 73.6565 69.1135 66.1507 70.5871 62.4793 63.0719 68.1228 61.4008 56.7637 55.0425 57.6385 49.7659 53.5093 49.5432 50.1358 50.0637 48.4302 45.9597 50.1672 52.296 46.524 39.2251 45.5991 43.9374 41.6706 40.0779 43.2916 41.9403 41.1627 44.7306 45.9879 43.5455 41.6299 42.4983 42.4482 42.6739 44.3481 42.8369 42.8119 45.6179 47.4991 47.4803 53.4498 49.0416 47.6339 50.5434 49.4899 52.5813 54.3966 54.9014 54.3182 57.2685 64.7994 55.7009 61.3412 62.5075 69.4866 68.1353 68.825 68.4363 72.9197 79.1432 76.3308 77.8389 80.6324 76.3904 82.1342 77.5599 75.1206 73.1705 68.7623 65.5801 64.0469 71.5057 63.2192 59.6983 59.6419 55.6946 61.5513 57.5381 56.2527 57.905 47.6997 49.6404 48.8786 49.3489 50.3866 43.627 44.2854 48.2703 41.586 41.4418 45.2636 47.6966 43.2006 45.0003 42.1346 42.4231 44.1067 37.0994 39.6735 38.2219 42.282 44.2415 45.1915 44.3513 44.9752 42.8902 47.5837 46.0725 50.9134 51.0733 52.2897 50.4368 50.5936 52.3242 51.9386 49.2548 55.6037 59.4632 53.6097 55.8671 62.7176 60.6546 59.1528 64.6458 60.9681 68.7435 76.149 71.9384 64.3228 74.1142 78.7418 72.6971 69.1292
64.8595 61.5332 68.0615 62.8733 63.3475 60.6516 62.1444 56.5583 62.8956 62.3354 58.1147 57.4049 57.8187 52.4172 52.9297 49.7562 52.2008 50.1859 52.1371 46.5319 47.6268 44.5075 44.708 44.4311 41.21 40.6275 43.3235 41.3691 36.9734 39.9145 39.2524 42.3176 36.3336 39.5007 36.9448 36.757 41.0858 39.9718 38.1989 38.5904 40.6657 41.5123 36.9098 40.201 41.6588 44.6985 40.2232 46.3377 48.4831 42.5468 41.4901 47.4613 48.7154 45.5834 54.7121 48.3335 59.3211 51.5037 47.4072 61.1099 57.9078 56.4691 60.3333 61.6574 62.1826 66.4509 62.59 68.8764 68.3162 63.8282 61.3645 61.2277 63.6308 60.9699 65.2032 62.1698 59.2956 58.4426 57.1344 55.928 58.7513 59.2606 56.8193 58.9932 55.1164 49.2502 52.4872 50.7812 43.5335 45.9208 44.1701 46.7897 44.4566 42.2954 41.681 45.3797 37.1899 39.227 39.2111 40.1659 41.8338 37.2822 38.3867 38.8896 35.923 33.8223 44.1065 37.8869 39.7681 40.9935 38.3421 41.1336 39.6758 43.5845 38.6286 44.1797 42.1458 43.699 43.4794 44.0874 47.4199 44.1988 48.5531 47.8401 56.0617 50.7716 57.163 58.2611 55.1323 60.8394 56.7588 57.3254 62.3481 64.9263 60.9635 65.1778 59.964 65.7284 62.9433 67.1989
51.0967 48.1891 55.4387 53.8169 54.3984 55.4613 51.6427 53.0932 50.3762 53.6102 44.3671 47.8111 50.541 42.5095 43.9891 44.1798 43.0975 42.6161 39.0526 35.7089 39.5792 40.4192 35.8575 34.3908 39.0268 35.1532 37.0819 34.8301 39.5373 36.4907 36.1289 36.5973 34.3197 35.1984 32.6009 31.3862 29.745 39.2626 40.3902 34.52 33.2665 38.1448 36.7524 36.9365 41.6792 34.1711 34.7009 35.9673 35.9641 42.3803 43.0878 38.7651 41.4821 38.778 41.9797 43.217 48.4346 44.0344 43.0813 48.1761 48.8255 52.2371 52.3276 50.6282 51.1516 52.0239 52.4083 52.7217 50.5572 50.5539 53.5617 53.6651 56.2238 51.4036 51.998 54.7248 48.9192 50.7478 47.4169 49.197 44.9422 48.0469 48.6866 41.0848 44.1442 40.1672 40.5162 41.9183 42.0281 39.4339 36.9624 37.5051 36.7201 37.9704 39.7311 32.9466 34.2098 35.1274 34.9303 33.1372 32.5848 36.0578 35.4407 31.2408 32.3296 34.0095 35.2792 37.0722 31.0761 34.1355 34.3035 34.2163 35.3115 30.4913 35.3373 36.3776 35.7024 38.8297 36.3647 39.0171 40.416 43.5369 35.9738 41.7503 45.5173 43.5336 41.76 47.4557 46.6771 51.4488 50.6315 50.0952 50.6993 52.1757 51.5587 54.5374 55.135 50.5895 54.9024 51.5619
51.7728 47.3633 45.2356 51.8252 42.9505 41.826 47.4649 50.2647 42.6555 46.747 47.7993 45.9077 43.7406 41.095 39.4885 39.5705 37.0887 33.2366 38.6263 38.1345 36.9609 33.0497 35.1741 35.6823 32.0203 33.0858 31.5417 30.1057 30.2598 32.6596 33.2956 31.6269 27.9747 31.7613 26.9912 28.1157 28.6173 33.0792 31.4728 29.968 30.0631 32.3449 30.6696 35.1151 32.1121 33.1448 37.3051 32.6825 32.7547 37.6002 34.1218 37.9575 38.646 41.2195 36.6593 45.4061 43.1899 42.7178 44.8291 46.0519 45.8356 44.1668 47.2748 48.0845 49.5533 49.7434 46.2093 51.3728 46.2093 43.0784 48.514 53.0218 43.7865 44.1209 44.2226 44.393 47.3699 47.3961 44.7307 44.0128 42.3604 42.4948 40.4262 44.4488 37.8165 40.8983 38.7771 39.0492 35.1938 35.7708 37.2756 36.9871 36.256 33.712 35.102 31.6302 33.4923 35.0791 31.6007 28.4731 29.2927 31.3745 27.3158 29.1386 32.4137 30.7909 28.6271 31.3777 27.1387 30.1155 28.9419 29.4959 31.3548 31.7679 30.0893 29.5615 32.7579 35.2266 35.8659 35.5413 38.069 34.4824 40.4491 42.6588 37.2068 39.459 38.5673 44.298 44.875 45.3799 46.7765 43.9111 49.5795 49.5861 43.9177 46.3175 46.1831 47.8616 49.2025 48.5665
47.8099 49.6559 50.6771 51.3057 50.6737 45.7743 46.3963 46.1036 45.8874 47.9463 47.2445 45.1191 42.0258 45.7045 43.5325 41.8728 43.1666 36.6707 42.834 42.711 46.9185 40.3195 42.4814 36.1285 36.8569 37.1696 34.1395 35.7261 37.6951 38.3404 34.961 30.84 31.7946 32.1704 32.0873 32.1372 32.7758 32.0141 35.3668 32.1804 32.7824 30.5938 32.962 37.7184 38.2539 37.9579 35.0375 37.2494 36.9102 41.5967 43.0735 35.9522 40.682 48.0827 47.3675 41.3938 47.7135 44.9528 45.9739 45.1324 46.9684 46.4429 48.6681 53.8735 47.2877 48.2889 48.8643 48.7545 52.7293 54.103 54.0498 48.4918 47.607 45.914 45.2887 47.5372 48.1791 46.0271 50.6937 45.149 46.852 44.0414 46.0936 42.7808 46.1136 43.1234 42.7608 39.8505 41.1044 35.3203 41.753 44.4771 42.7442 37.5588 38.7129 36.0753 35.2072 34.389 34.808 36.9068 32.6494 35.9788 32.7359 32.4365 31.6981 33.7038 32.5596 34.502 33.6772 34.9178 36.4179 34.2692 38.2506 40.0633 39.9236 37.7484 42.6245 36.9867 36.8503 41.7231 41.6067 45.6014 43.7121 44.9661 43.293 51.3257 44.4239 43.609 47.5372 48.0361 44.9661 47.9629 48.8942 50.7702 47.1314 48.6714 47.6137 51.8346 55.1208 53.94
56.2827 56.8968 54.2112 54.1842 55.085 50.0377 56.6505 49.4271 46.5728 47.2678 46.2388 46.5593 46.0802 45.9182 41.0599 46.6133 42.072 46.7617 41.7853 42.9459 42.6456 39.4371 33.9242 35.7157 37.5342 38.182 42.1125 35.9755 36.7683 40.9654 41.6031 39.3426 39.3426 41.8291 36.9472 37.7231 40.9857 41.8291 40.7124 34.0389 43.5937 36.9539 37.8345 37.8716 36.0902 40.4863 41.7009 40.7259 38.4789 42.3251 44.1875 42.3318 42.9796 40.9755 42.342 39.2954 50.4966 44.4135 49.9669 48.0674 49.6093 55.0074 46.1915 47.1632 56.6944 52.1498 54.6937 52.5006 56.4211 56.1984 53.3947 51.9541 54.4136 48.9345 55.139 53.1822 50.1997 47.865 49.8825 48.3812 49.4271 45.0073 46.9237 51.1848 44.9432 42.6625 47.3218 41.0936 41.4378 41.7751 42.0046 40.5201 46.0566 36.6131 38.8837 35.1961 40.8541 40.4357 40.7461 38.7387 38.0437 36.7751 36.8932 40.8237 41.7954 37.7805 39.2279 40.8979 39.3493 39.8149 40.6517 36.7177 40.7023 35.6381 39.9398 41.1679 39.4168 41.6132 38.1617 40.2198 45.2772 44.4068 41.0666 45.3008 41.6807 45.1186 48.9716 46.8022 51.5087 47.0013 55.2672 46.0971 49.3866 47.5343 46.0026 57.6896 50.7462 55.7834 59.9771 54.9028
64.0931 62.9229 62.1325 59.3439 59.8127 54.1294 54.1602 53.4964 49.9585 49.2708 50.0475 46.4343 45.8047 45.336 41.5243 39.2421 42.5576 41.7399 43.9194 36.2448 38.8144 41.1582 42.7321 42.7527 41.4422 37.7674 45.0349 38.5031 36.587 39.2387 38.6262 43.1598 38.9547 39.6767 43.064 43.9844 42.1984 40.5868 39.095 37.3603 41.6817 38.5476 40.9563 43.5602 42.8485 41.0111 41.4456 45.401 35.1602 40.0257 41.4696 44.7954 44.5798 41.3464 44.1487 45.5139 42.828 41.6988 47.8303 51.3511 50.1365 51.9978 56.2269 55.9087 52.1586 59.7887 56.7264 61.5406 63.0666 58.6493 59.2926 55.3133 54.3929 56.7812 55.7821 56.8496 50.8995 52.7266 52.665 49.5924 47.6353 45.8697 45.6747 44.8912 45.9655 44.8433 44.6927 42.9717 41.3293 44.1966 43.0743 40.5902 37.2645 44.7201 42.8348 38.551 38.7597 41.976 41.0556 38.8589 37.4971 37.6477 40.5013 44.0666 41.4833 40.1454 41.1172 42.0649 41.2267 41.0693 41.4183 42.9785 37.155 38.8213 40.0599 40.4876 40.9427 44.5353 44.1897 38.0275 40.3405 40.0565 46.773 42.5063 45.9758 40.3268 41.2746 46.1674 49.3221 51.3682 52.186 44.987 54.8685 62.0538 55.4399 63.2753 51.2793 55.3099 55.0191 67.3573
70.5899 68.2031 64.3799 59.7414 67.87 56.7613 55.894 54.3085 58.5723 46.4505 49.4029 48.7854 48.8096 42.2769 43.3941 41.6212 40.3411 44.7124 41.3749 39.0644 43.3247 39.9803 40.9204 42.1382 42.8737 42.0237 44.4383 42.041 38.256 39.6368 41.9508 44.813 37.9507 38.204 42.1208 42.4053 38.1311 44.2649 42.7869 37.6766 42.2457 40.8962 41.6178 40.4868 39.5327 41.8849 39.6854 40.5909 39.3593 40.7054 44.8061 41.6386 42.8112 41.8294 41.6455 43.1512 42.8633 45.722 51.7828 46.5719 50.4194 51.4359 57.2609 54.0067 60.6851 58.0935 63.9497 63.9323 75.4608 64.4527 66.6696 64.4631 71.6585 65.209 62.2914 60.463 56.0882 52.7265 49.3439 46.1313 47.1374 41.6559 43.4669 42.6273 41.1529 39.7201 42.4053 43.8381 40.1086 42.2249 40.3619 41.4859 42.1278 40.5284 39.4876 39.7027 39.8241 42.3949 44.0394 39.8935 41.2396 39.7825 41.9821 42.1208 38.2421 39.7131 40.5458 42.5614 37.236 37.1077 39.2448 42.7973 43.0298 36.9828 38.0617 39.4876 40.5249 38.3844 39.2344 43.7757 41.7878 46.2111 37.9195 42.8424 37.7773 43.0263 40.9794 41.9612 52.5634 50.1106 48.376 49.5764 58.5549 54.0275 57.6529 61.6565 64.0225 71.2942 62.1422 64.5187
70.3898 71.684 61.4495 64.1506 67.4882 58.2033 61.8821 57.0075 52.6217 51.1059 53.8738 48.2853 44.1281 45.6229 42.4259 40.5935 44.2477 44.5009 43.4353 39.3344 40.4247 42.236 37.794 38.1808 41.828 37.2875 36.4751 36.1445 38.4587 43.2278 39.0601 38.42 38.4341 42.6228 37.087 40.2805 39.8831 36.2183 38.8034 40.0413 39.7565 38.8104 38.529 36.3309 38.5572 39.0706 41.0894 40.4317 44.2442 43.3157 42.8233 39.76 40.8081 44.5431 42.1586 43.8644 45.7776 46.0906 42.9148 46.7167 54.12 50.2267 50.3322 55.3404 55.9524 59.9196 69.0885 59.7789 65.7789 66.9677 68.8423 67.9419 56.1282 63.4401 59.29 61.2736 59.9301 60.63 53.9864 49.2524 43.2243 46.984 48.1446 47.0543 43.5478 42.9288 38.9335 40.4001 36.0319 42.0566 41.5009 38.3426 40.1891 38.6381 39.1515 37.4634 35.8139 37.1222 38.6697 43.3474 36.8831 38.828 41.1914 43.9593 39.4505 36.8373 38.828 39.3942 39.4048 35.937 38.3286 39.651 35.2934 36.9042 41.0437 38.835 43.2032 37.4282 42.0003 40.5654 42.3274 42.8514 37.9628 40.8503 43.7026 43.7061 48.1094 48.1411 51.6299 51.4506 56.8844 59.3569 59.3744 56.2724 60.2115 66.0814 65.4483 58.344 64.9208 64.1259
55.4318 52.58 50.1132 50.9973 48.4948 50.2915 54.669 53.4391 52.8224 48.8406 49.5856 47.0369 45.6858 46.8657 44.3098 48.3879 44.8944 43.7323 46.8978 44.8053 38.5492 43.6931 43.2475 41.1015 39.2087 39.9822 37.6758 36.692 37.7614 42.7592 38.3709 40.2175 35.7152 36.6991 39.9822 37.3871 36.282 40.1105 37.9396 36.6207 32.0114 36.2856 38.2854 38.289 41.0303 39.8075 39.5366 38.8985 41.6897 43.4614 41.6576 41.9357 40.3743 43.7395 42.777 43.6931 44.9907 44.2706 47.0654 49.7781 47.9494 56.1198 48.8014 55.9986 53.5318 53.514 49.1044 51.6924 49.7853 58.6936 52.965 49.0402 49.2327 53.0684 51.835 49.525 48.4414 51.7209 53.8455 53.9952 47.2008 45.6145 46.905 47.5537 45.4113 48.7301 44.7447 45.3472 42.1603 40.8164 37.2302 43.2582 38.9948 39.665 36.9094 38.7702 36.7882 41.0873 36.8702 37.904 35.9291 37.412 39.1445 35.8115 38.8486 35.0486 34.243 41.5685 39.3976 38.5848 35.3659 36.0147 39.4154 36.3854 33.4623 37.0805 38.1571 42.67 39.1195 47.9708 43.244 42.285 43.7502 45.34 47.7534 43.9997 47.9031 44.8659 50.3948 51.1221 47.9031 53.1967 52.7048 49.0509 50.2558 56.3302 49.2292 51.2433 53.539 50.8048
53.7247 56.0908 54.0931 45.2245 50.1736 52.6301 49.3355 49.6823 43.7578 47.1789 42.4971 47.8363 47.345 44.8524 46.6262 45.5207 42.2731 43.8048 47.9989 43.2774 39.6143 42.1648 39.9864 41.1713 37.9526 37.0061 36.9483 39.6902 37.2012 37.7106 37.0025 35.283 34.3149 38.4331 35.2866 38.657 37.8984 43.0643 34.8134 35.5648 39.4229 39.2097 37.8153 40.3405 38.5992 38.1621 43.8193 41.3483 41.5326 45.4232 41.7276 41.818 41.0232 43.4255 48.9128 44.7115 41.2689 46.3661 44.2925 48.0242 46.5575 52.0268 49.639 48.4288 44.5056 50.8022 49.4583 48.9165 52.3555 54.6242 49.5739 53.0889 53.0238 44.5815 50.2928 51.391 44.0216 46.0193 47.0777 49.7437 48.0278 47.8472 50.4951 45.9867 40.3332 43.5158 42.8294 43.7831 44.3178 45.7158 42.4248 39.4012 37.8262 39.0364 38.9822 39.7588 36.3017 37.5011 36.7894 37.3927 40.5825 34.9109 36.7352 38.3355 41.0449 37.1217 36.7533 36.952 35.7887 37.4938 37.9634 36.551 42.2298 36.3523 38.2127 39.6794 37.5878 38.0863 40.8932 40.4561 44.4298 44.6501 40.951 45.1089 48.0675 47.3703 46.1421 44.3358 49.5559 49.2055 45.0872 46.5973 50.8564 47.9519 55.26 47.8183 56.033 53.591 52.2905 53.2261
42.4253 49.1198 50.291 50.0604 47.2567 49.6176 46.4003 51.1475 50.2581 46.6638 44.2261 44.0211 44.5665 41.9531 42.6522 43.7796 47.7765 42.0995 41.5871 40.9795 41.0637 44.0797 42.3411 38.9627 40.1267 39.9254 42.0483 34.5156 36.5543 39.4715 34.9402 40.1596 36.6166 37.5865 41.093 37.2717 36.6861 34.2667 38.1099 41.1625 40.2585 40.7745 41.7189 36.4262 35.9541 41.6566 38.9884 44.1968 41.7994 38.7907 42.1581 39.4386 41.1076 45.8036 43.0731 40.5476 44.9106 41.8104 44.3652 44.5628 46.9273 45.24 45.8622 43.0402 47.0847 45.7048 46.2868 46.5247 54.6869 48.6256 50.0824 43.0292 52.5604 49.5334 46.0965 42.9121 49.2332 45.7634 47.6923 44.6946 43.8711 45.1155 42.1508 46.7516 46.2868 40.4561 42.4472 41.2467 43.6478 44.2188 47.1982 39.1421 42.9926 38.1685 39.6618 44.7678 39.6618 41.7738 41.4883 37.1692 41.5102 39.1641 40.1633 40.0864 36.8289 36.5507 39.3544 38.2966 37.4108 39.9693 41.5688 37.8976 35.0646 41.8287 39.1091 41.6347 35.9907 40.5183 40.0169 41.0015 42.0812 48.2267 40.6464 43.8857 46.4735 41.1296 45.7158 47.3299 45.3717 46.0672 47.8936 47.3775 48.3438 47.9851 50.1007 49.0576 48.1425 45.9281 48.0949 47.4873
45.3218 47.8988 50.016 44.7026 50.9541 51.7514 47.5948 50.3201 47.6986 45.9262 45.4219 46.0634 45.4479 45.6555 45.6036 48.4773 41.2542 45.574 44.2947 43.872 46.7568 42.0811 43.7015 44.2725 39.3484 45.3367 41.295 39.1556 38.6661 39.76 38.1915 37.8541 43.0415 42.0552 44.8695 38.592 39.1926 41.4174 41.0614 41.5249 44.0908 38.3361 39.0332 41.1133 41.829 41.8957 43.8461 44.0278 44.7693 43.6347 45.9373 43.4011 45.1327 43.6384 50.7094 46.8272 42.8116 42.0292 43.5828 52.8192 51.3843 50.8058 52.0628 47.9433 48.5551 47.7171 47.4131 50.7502 46.3934 47.135 48.2325 45.8001 47.5392 46.7457 43.6273 48.7961 44.9325 51.1062 44.7286 47.7134 44.3504 47.2722 40.9687 51.8181 47.3612 47.0126 46.3118 39.2742 48.0138 43.0118 42.5298 40.4719 44.5469 44.0055 43.7571 41.4841 42.9451 39.3595 44.7879 45.9225 38.0209 45.3033 41.7734 42.6633 41.6436 39.5931 39.0517 37.5315 39.4559 40.509 41.2023 40.9873 41.6658 41.3581 40.7908 42.5854 42.4482 41.6807 42.9599 45.4108 39.378 41.9068 44.0092 48.6627 44.8917 41.9476 44.4282 42.6188 50.2385 43.6978 45.4145 46.9274 46.4045 44.6767 47.2017 48.9482 50.2311 46.1042 54.5508 47.4724
52.0231 45.8826 53.623 57.9157 58.8095 53.623 53.5366 56.3458 59.5005 55.1365 49.7434 49.8974 49.5368 52.5977 48.5491 50.6372 50.5171 49.1387 50.994 49.7133 42.6603 48.0233 46.153 47.5313 43.1861 46.168 43.9822 41.5336 48.7294 42.8218 44.8047 42.5927 42.2434 42.4499 46.1906 44.7296 44.7371 44.7184 45.7023 44.4367 44.0987 41.5899 44.2264 45.5145 39.9036 42.6265 46.0892 49.1162 45.323 44.4104 46.7351 46.7239 51.471 42.1007 50.4607 53.1723 53.0146 54.6896 52.1921 51.486 55.4069 53.8896 52.1695 58.2462 56.6012 58.325 57.157 52.6165 53.3413 51.4034 56.9843 57.3486 60.0676 54.0323 58.1034 55.3956 57.3748 49.8448 54.2464 52.4061 55.4332 50.9715 51.6437 54.3365 50.3443 50.4607 50.3706 45.83 46.3671 43.9484 50.3443 48.3463 51.8503 47.952 46.6938 42.6302 46.0929 46.5736 41.143 39.5018 43.2687 44.5493 41.6613 41.4735 46.2093 44.6808 42.8593 39.3515 42.3485 42.7579 47.8806 44.0949 44.6432 45.9765 47.2609 43.5128 45.815 49.7321 45.9389 49.3378 47.8731 51.8916 48.5078 54.1074 45.0714 46.9417 52.8268 55.0276 53.7056 52.6052 56.2632 46.3971 53.9797 55.9101 53.6755 56.4434 56.3571 55.7261 54.0699 54.468
74.9528 70.6664 64.7293 71.8378 73.9373 71.3586 71.6895 67.9622 74.9566 65.7106 66.1936 61.0211 58.1952 53.6121 54.6733 57.7464 54.7874 51.1818 53.3307 53.9772 48.8047 48.0744 49.9761 52.5472 45.355 48.2494 45.8267 43.8565 48.4662 49.2573 44.0581 43.3202 47.7131 46.6786 43.0692 40.7758 40.1749 45.1459 44.8758 46.4352 42.1602 40.2738 48.1885 47.8805 46.2716 45.6289 47.831 46.4542 49.6756 52.1973 51.2236 52.7868 51.3491 49.0367 53.3269 52.8819 57.0998 55.9626 56.2364 63.6568 59.9599 62.8771 68.6088 71.332 66.9695 69.533 66.6386 67.8101 71.195 74.1046 68.2893 74.4051 68.2969 71.0049 71.4499 64.5125 67.6807 63.0026 61.4052 63.421 59.9599 62.6983 54.3804 58.5337 53.5399 52.087 53.4258 50.946 56.3467 54.8254 52.9541 49.1622 52.6271 47.0742 52.106 46.8155 45.7848 47.8919 43.8755 44.5449 46.1385 45.8989 42.9893 45.4539 46.941 47.2111 41.8027 43.8831 47.9641 46.6596 50.2385 45.5338 47.5914 46.207 48.6107 48.0478 46.9144 48.1619 47.4735 46.2032 50.0788 54.9585 54.2016 54.2245 58.7086 56.8412 57.4611 63.1053 60.4468 58.3207 70.1529 62.1278 62.1431 69.5368 71.0467 68.9929 65.8323 68.7381 68.6582 67.8671
86.4375 82.8752 78.5659 81.5042 83.3566 88.2667 74.1025 72.3733 75.7392 69.9279 72.0498 62.9998 62.5685 59.892 59.9151 57.4465 56.7688 52.4055 58.6519 55.6173 48.1693 48.928 49.2206 48.9241 47.3914 48.2925 49.2283 46.0127 47.272 45.1077 47.7226 45.281 46.9678 48.7239 46.3862 50.8265 46.8253 43.3901 44.2335 44.919 44.3259 46.0859 50.6956 49.8022 47.4723 52.5441 50.6301 53.0332 51.5313 52.8368 53.8959 51.8663 53.0024 59.426 54.6545 58.7752 59.4453 61.625 62.9228 65.1872 73.1975 76.0858 77.2603 82.1397 76.4016 80.6917 80.9073 89.2064 88.4708 87.123 81.6082 84.5312 85.2821 77.218 83.7494 79.1512 73.4093 73.648 68.0101 64.263 72.3849 64.9793 63.0653 58.987 60.0268 61.0088 58.0781 54.1924 56.4453 53.8419 52.1783 52.4864 50.6455 51.8163 49.0974 46.6789 51.1654 46.6366 46.7482 45.1539 43.2245 46.8445 43.109 48.5891 46.7752 46.1244 44.0294 44.3644 46.6173 50.6841 47.3259 43.9177 46.2553 44.2836 48.7508 52.8368 51.3734 47.9498 52.7829 51.8278 49.0512 54.8355 54.4235 54.512 58.8291 59.7071 59.1025 66.0229 62.5646 65.5839 66.0113 72.1846 73.34 72.8547 79.7751 79.5402 81.9279 88.7212 85.1127 86.087
93.7155 97.2712 91.8791 93.0761 86.6976 85.6956 83.0834 80.4985 81.0171 76.553 71.1375 69.04 68.962 63.1528 60.7667 61.987 66.1276 57.2032 55.9439 54.9458 48.0293 51.4213 49.199 46.0409 46.423 45.6511 47.9475 45.9786 46.9845 48.5206 44.4775 45.0273 46.5439 48.2983 47.7252 44.536 41.8029 41.3819 46.5907 43.5496 44.5516 49.3198 46.4425 44.4307 45.4483 49.6239 48.3295 50.8131 53.7411 50.9807 56.2948 51.0509 55.1485 54.1777 57.7724 60.1429 61.5387 67.8391 73.9953 65.6636 72.2526 82.8846 78.9429 81.5239 83.7112 84.6196 85.1693 94.5459 96.1912 94.6122 92.9669 94.3276 92.1716 89.3917 92.8382 85.064 92.9552 78.3581 74.3618 71.2194 73.1376 71.0011 64.4589 63.8974 62.4237 56.3026 56.131 53.5695 50.7819 55.1446 52.3453 47.7993 49.5811 49.1834 51.2146 47.6667 45.1988 45.8928 46.5907 44.9532 47.6706 44.072 42.2981 45.6823 46.6024 46.1852 42.9726 45.7524 43.9434 46.6102 47.9358 45.3859 45.7446 45.9201 45.7563 48.8871 51.2108 48.2905 55.6047 52.201 50.4466 55.8737 61.7024 59.6361 61.4997 60.256 63.258 67.7846 70.4201 77.6212 75.2508 80.8845 86.144 85.6528 91.961 83.3174 96.9866 90.5107 90.1442 95.0177
95.6124 94.1443 93.063 90.4859 90.3714 84.9765 80.5998 87.7391 87.0524 78.0583 81.2707 78.0228 71.5228 61.8539 64.6401 64.4743 58.4441 54.3042 55.0066 49.3868 56.2419 50.7286 51.293 52.9939 48.4633 46.7663 49.1539 46.6913 43.8261 42.5554 45.2114 43.5736 50.1603 42.6106 43.4907 44.3195 41.0517 39.6112 46.2177 43.7077 43.6959 46.6163 43.2421 44.8246 45.5192 50.1643 47.3188 48.2107 51.4311 54.9593 52.3901 53.1005 54.0713 57.0351 63.3654 60.0661 66.7791 63.0378 65.532 66.7357 77.3795 81.1839 83.4847 81.3457 86.3381 89.519 96.9819 95.5769 102.677 95.2572 95.0559 93.4497 94.2193 84.6569 86.5157 90.2925 78.374 84.1912 79.6685 73.2869 75.1221 72.4739 65.2794 65.5004 62.6076 63.4127 52.4532 60.6502 55.0185 53.2386 52.6545 46.419 49.5525 46.2651 46.6637 45.4837 45.4205 47.3109 43.1158 45.2942 42.433 46.4111 44.8325 45.4166 39.3705 47.2123 39.7691 45.2508 42.7685 45.0575 45.1048 46.7584 48.0805 47.4767 48.4475 44.1734 47.6424 50.034 54.908 52.098 53.4359 54.4304 55.3816 57.8363 61.7157 64.4191 65.1413 66.4673 72.7107 70.2284 74.98 79.5027 86.5078 81.5431 90.4464 90.1267 88.856 92.9248 92.8775 97.8304
87.2583 88.8879 88.157 86.9347 85.8203 79.0461 80.4001 74.972 78.7745 73.2225 72.0841 70.1949 66.8437 67.1033 63.6323 63.8081 61.06 55.6598 51.6136 55.2124 51.386 49.2371 48.9694 45.4186 43.9127 46.4211 46.497 42.0354 44.3561 43.7889 40.4178 41.9755 40.5775 38.6004 45.794 38.5644 44.2802 39.1795 41.7359 38.848 39.2195 38.4406 42.6505 43.2936 46.6727 44.8114 44.9273 46.6608 49.253 48.1346 57.4093 50.8987 59.654 57.1177 61.6711 57.9605 59.0509 66.4762 70.3506 68.1218 71.473 71.8764 78.439 83.947 76.9691 83.3479 83.1761 86.3795 88.2888 82.569 92.1712 84.8817 86.3436 85.6086 86.2957 86.5912 80.1325 75.635 71.6887 72.7592 66.7039 67.327 62.8255 64.6668 63.5724 67.4788 55.3722 54.2418 55.7996 56.7462 54.9968 50.8308 44.7715 49.948 45.3786 43.4454 44.8993 44.8594 41.4083 42.0554 42.5347 39.0238 40.6015 40.4897 38.9519 40.27 38.5485 39.7667 39.8705 43.9647 42.6465 42.6665 42.2551 40.234 46.0936 44.7715 50.9985 48.0148 52.0011 54.0941 48.546 56.5705 57.9565 58.4038 62.9173 65.25 66.2366 64.8865 69.0525 67.1273 72.0642 78.0635 79.2139 80.0686 84.1428 86.8988 85.7285 90.4936 84.3824 83.6035
84.659 83.9112 80.6332 79.2751 82.7835 75.892 76.8944 73.9356 73.2081 68.8994 71.0416 68.5275 64.0611 60.3749 59.6473 60.1243 57.6142 54.1219 50.1608 52.8649 49.1463 53.164 50.1204 46.8989 43.3622 42.9378 38.5119 40.0963 42.4851 41.0057 37.2306 39.389 38.0592 40.4843 40.8158 37.5782 38.3381 36.9476 38.8271 41.1472 39.9265 38.7827 40.0276 43.8028 44.7971 43.0672 41.9475 46.4584 47.4082 45.2862 47.9458 52.8568 55.286 55.096 55.7589 57.3717 59.4695 64.3926 64.7038 67.2947 68.1354 73.0141 73.4142 74.8087 76.4902 79.2266 80.0107 82.0196 80.6979 75.0472 80.0431 83.2483 83.4828 80.2452 79.9743 71.2073 74.8047 73.2809 66.8016 70.6132 64.2066 67.0966 62.8041 61.1873 63.281 55.7347 59.9141 53.8107 50.7752 50.9247 51.6644 48.0105 48.0064 44.8982 40.4399 42.2628 39.9265 39.8983 37.0123 42.3558 38.9767 37.5175 37.6954 36.2322 37.6833 34.3527 38.1238 36.309 38.7705 34.4699 39.7244 41.4221 40.8926 40.5773 42.9216 42.5862 49.0654 47.287 46.9272 47.9256 51.8099 50.6903 52.4971 57.1089 58.8268 53.7096 62.5009 63.4548 63.1517 64.8331 72.4037 77.7755 74.6147 80.811 85.7665 81.6598 78.7254 82.444 85.0349 86.1626
81.2376 84.0963 79.7612 78.8819 77.426 78.0803 76.9066 71.4264 64.658 68.1587 66.1589 59.5459 56.4132 56.2864 53.2396 51.297 51.0557 47.2563 44.9457 46.5529 44.5858 44.4876 38.6353 41.9029 41.1995 40.0626 40.8069 41.9929 40.627 38.4799 36.5577 37.985 37.6783 36.6313 39.9603 37.7887 38.9297 38.2059 39.1629 33.8544 37.6374 35.6253 37.5147 38.4063 37.985 45.4692 45.2401 41.0973 43.6288 44.7739 46.8924 50.8266 45.6409 51.3747 46.283 55.7915 55.5216 59.3823 57.2638 62.3718 63.2388 71.8231 66.6374 74.7513 72.2321 72.7883 76.1868 77.1152 76.9393 82.7712 81.4829 78.9064 73.8557 77.1111 73.5653 70.1259 72.5306 66.6496 65.3409 61.603 59.28 60.6992 55.5748 53.0719 52.1067 51.436 48.0702 48.3483 46.9455 44.9498 41.952 43.8455 43.4775 42.3324 41.7884 47.0682 39.5923 42.1156 38.4226 38.4104 37.846 40.0871 36.5209 38.1527 38.0709 36.4964 32.8116 34.4106 36.2755 38.2263 38.7539 39.2283 41.7026 41.2445 40.8601 44.5122 41.2036 41.0605 45.0888 45.3301 45.9108 45.7922 48.3524 50.3318 56.0124 55.1413 54.262 58.0613 56.0533 63.8809 67.3776 65.1774 68.2037 72.8701 76.7021 76.4935 78.3748 75.2584 77.3646 77.8799
75.607 78.5777 78.1557 74.883 71.3951 72.835 65.8469 66.6826 64.6843 55.9957 58.5402 58.9002 49.562 52.6444 52.3713 48.8752 49.9675 45.1929 44.473 44.713 44.2703 42.0402 41.3286 40.9893 37.2036 44.353 43.0994 37.3484 39.4295 37.7166 38.7303 40.3728 37.5304 38.6434 40.7121 38.1014 37.8656 37.8614 41.6017 39.5702 38.8337 41.0803 37.3608 37.0671 41.0017 40.2115 41.3741 42.0899 43.4594 42.3174 41.8375 43.7241 42.1271 48.0395 47.6547 46.9472 52.6444 51.0515 53.7863 61.7219 55.1517 60.1786 62.8059 67.2991 71.4076 71.4779 75.3795 75.487 77.9736 76.0084 72.144 77.4151 70.9276 75.876 71.2007 68.7555 67.9404 67.5267 63.8402 56.244 53.5588 58.1058 51.217 48.0188 47.2327 47.725 47.754 45.6191 41.13 44.0924 40.8817 39.8391 40.2653 39.413 43.3518 40.7494 40.4432 41.5644 38.962 36.6947 38.3166 38.2421 42.636 36.5747 39.3592 39.3964 34.1998 37.2863 38.8875 38.2752 39.8433 37.7911 38.0062 40.708 37.5304 40.9686 38.3952 44.7502 42.5739 39.9715 41.0555 47.3651 49.7193 51.3742 44.8247 45.8094 49.2517 55.2386 54.5931 56.5501 59.107 65.4993 62.2018 67.7087 73.2446 73.588 81.8876 74.2251 76.5959 75.6401
64.7565 71.7499 74.3321 68.7241 75.6044 67.6192 70.1596 69.0714 60.7556 57.2484 58.8723 55.0512 48.3969 49.7821 50.1337 46.0783 49.5059 44.9985 41.5249 39.4742 45.8649 41.8555 44.919 39.1979 41.2361 38.5744 39.0682 41.1315 41.9141 36.8626 37.323 39.696 41.1482 38.7334 39.4658 40.7004 40.646 40.9222 42.0229 40.5916 40.0685 43.2994 41.55 39.4825 38.5409 40.8009 41.6421 43.9941 39.3528 43.563 46.6307 43.6593 45.2622 45.551 45.597 48.9912 52.5946 51.791 54.2602 56.3402 60.9606 62.258 60.8476 65.4178 63.2373 73.064 73.7588 72.2521 70.8501 71.8713 69.3476 67.682 67.0123 70.2391 68.5106 66.9119 63.4006 60.3663 63.5554 56.6123 60.4626 54.4988 49.1837 48.6856 51.6403 48.0579 45.484 42.4331 45.7058 43.2492 44.6679 43.2533 40.2526 42.5879 40.4619 42.9185 37.4611 41.483 40.2317 42.0773 40.3154 39.0598 42.2322 39.7922 40.1145 43.1822 42.4582 37.0845 43.676 41.8346 41.3617 42.0648 35.4815 41.2612 41.1064 40.4451 41.6797 42.3745 41.9978 41.1147 45.5677 45.0404 44.4001 44.3415 45.6179 51.5148 50.9289 50.8912 56.3905 59.274 58.8095 57.6376 63.66 67.6945 72.9343 67.661 65.8028 73.4909 71.2937 76.5963
62.2399 63.9923 69.114 62.5362 62.4642 59.861 62.2822 62.7351 54.0535 60.606 55.2133 47.4969 55.1499 55.3869 49.5921 51.662 46.5699 47.1709 46.6968 44.7794 41.5793 43.8735 39.6237 44.919 41.5328 42.1973 42.6164 40.8174 41.6978 44.809 37.5666 40.7624 36.7073 38.7602 38.5698 37.6343 40.8809 39.1835 41.2365 37.9306 38.574 39.1158 41.1306 41.6513 40.2883 41.7656 41.2238 46.1254 40.0894 41.8079 47.4249 44.301 44.7709 47.9667 51.5181 48.1995 52.3646 55.0313 53.9943 61.4272 57.0885 59.8526 60.2377 58.7901 60.9108 68.6315 64.8769 66.7267 64.1489 67.514 67.8357 59.734 65.7405 64.0304 63.4124 70.6548 59.4208 58.8324 65.0209 54.1805 53.9943 59.2134 53.6684 49.3551 47.6196 48.9106 45.4058 46.5402 43.0439 44.1148 42.8873 42.1719 46.354 38.6925 44.5635 45.3254 43.4587 40.064 41.8841 42.7391 38.7179 37.3888 37.9941 43.0566 39.4163 40.6354 41.9857 41.2703 40.9148 40.2375 41.1941 36.2883 38.2989 37.5666 41.0502 43.7931 38.7475 45.5794 42.9889 40.174 44.4111 42.9254 44.5042 48.8514 49.4313 47.3445 52.1403 49.9604 57.0335 51.7382 59.7467 64.7965 58.1594 63.9627 64.2209 64.3436 67.9034 65.3426 68.3987 65.7574
54.4061 56.5293 61.5761 58.6482 62.6248 53.901 56.8846 54.6886 49.6889 51.6794 53.6699 50.301 54.5688 52.7024 50.9645 47.707 46.1061 47.3646 49.1324 44.869 40.674 41.0293 43.0112 43.9101 43.2081 45.6866 36.1923 41.2562 39.6809 39.2229 40.6783 36.2394 40.6269 39.7066 39.6381 42.3863 39.5953 44.3639 40.7511 41.7913 37.4978 42.9984 40.7425 40.4258 45.1258 43.6876 46.1574 43.2295 37.5064 43.221 42.9427 48.4561 46.7824 46.2088 50.6991 53.0021 48.1265 51.7821 54.282 49.3936 54.1578 56.8332 57.7749 56.9231 60.2191 53.2332 58.8922 59.3416 57.3383 60.4289 59.0976 60.5659 62.5007 58.0703 58.0403 54.5559 56.7005 53.5714 52.2487 55.2708 58.0574 51.9533 50.1598 51.4012 53.8368 48.3748 47.8954 43.7603 46.273 48.8414 44.8347 43.6833 46.2345 43.0283 45.2585 44.9717 39.7109 42.6345 41.1149 43.0112 38.8505 39.0388 38.0158 38.9746 41.0507 38.2641 40.6141 40.8281 38.9019 40.2545 40.0705 41.9154 38.1485 37.5621 38.7135 38.8933 44.6336 45.7551 47.5658 43.1525 46.0975 48.0024 48.2806 46.1574 51.8421 51.9662 49.0811 52.7624 51.0887 53.4944 52.5184 48.9141 57.7963 55.442 58.8108 60.2577 55.8273 55.228 55.7845 60.2063
63.9203 56.9907 65.4352 53.7878 58.9384 56.6574 54.9088 53.9695 53.0822 48.5592 52.0131 50.0265 49.8144 48.8535 43.1098 52.169 45.9405 45.3822 45.1961 47.9402 44.7027 40.0108 45.0879 41.214 39.1451 38.9244 44.3174 46.0834 38.1496 41.4434 35.782 40.2921 38.076 39.3096 39.9242 39.275 41.0539 40.0194 37.7817 40.2532 44.9407 41.9802 35.6738 39.578 47.3299 42.9713 45.88 43.3609 42.2312 47.1871 47.9013 48.9271 47.4555 50.706 52.8615 48.2692 50.0827 44.7806 51.3163 51.247 58.0078 49.3426 56.6791 53.1601 56.8998 55.281 59.7218 52.6884 61.3363 62.3232 64.0804 64.0718 54.9824 57.1811 55.6706 60.6265 53.8916 50.5069 52.8312 53.0996 57.5231 42.5298 52.2296 51.0523 47.1958 48.6025 53.3073 44.9537 44.4256 46.672 41.9282 43.56 41.1361 43.3479 42.2139 43.2354 42.6467 40.7033 40.067 42.8718 40.6557 37.8293 39.3226 38.3444 37.0762 39.829 40.5864 42.0537 41.7421 41.4305 41.8893 39.7381 39.7987 45.4688 41.2573 38.4613 43.824 47.0486 43.8673 50.4463 46.3085 46.118 48.2432 46.2392 48.8232 47.9662 45.9103 50.3987 48.3341 52.3334 52.1084 55.3546 55.3156 53.0693 54.9434 55.1988 54.0734 61.3147 60.0292 60.436
68.1302 73.1058 69.4693 67.5045 64.7651 61.75 57.9691 52.3941 55.2691 49.2127 51.4226 49.554 51.6852 47.2304 49.5453 50.4511 47.1385 45.5325 43.4189 43.9134 39.9487 37.2049 42.0623 44.9548 41.4584 45.3443 40.5438 38.032 42.8981 42.6443 42.6662 36.5791 39.8655 39.6555 41.6116 38.0101 41.5197 37.6688 38.7453 40.1762 40.2681 36.903 43.537 42.885 44.3553 44.119 40.4826 42.4561 40.1937 41.4365 42.8193 40.8545 44.3028 47.2566 42.7887 42.2767 48.9151 49.4228 54.5208 47.7074 45.0205 53.2386 56.0218 55.2254 52.9761 57.7241 64.1174 67.5001 69.0667 70.6202 69.3512 64.3231 62.2139 60.2972 63.7323 57.8247 55.5754 53.8119 52.4291 53.6894 56.3194 50.0704 48.9545 45.6681 47.3879 45.6112 44.7448 47.0947 42.92 39.5417 41.9879 39.9618 44.4122 40.9158 39.6511 42.513 42.4605 41.3446 40.1544 41.174 40.7495 43.1213 41.3971 41.2133 43.4101 40.5263 37.3056 44.6923 39.5417 39.533 39.7168 38.649 40.9727 39.9093 40.3863 39.2529 45.0555 44.9811 46.539 41.6728 48.1362 42.3992 46.6352 44.5741 46.202 46.5433 50.1886 48.2806 53.7069 51.6589 46.2064 52.6041 53.615 55.0416 59.4832 66.5943 61.0761 70.5852 66.3054 69.4824
82.7063 69.6341 72.8015 68.568 72.8767 65.2059 66.2898 56.531 61.3352 58.0528 48.3426 46.1485 48.816 44.9408 43.7906 41.9459 40.1233 46.8032 41.3222 37.2744 45.507 39.8668 40.663 38.9732 37.4514 42.7555 40.7825 40.6984 43.4986 40.9417 35.1466 38.3715 37.9115 39.3934 43.4721 41.4593 41.1762 38.6193 38.9466 38.4069 35.9208 41.6097 39.1368 43.1978 43.1315 37.1683 41.8353 40.1853 39.8623 39.5394 41.8442 43.5031 46.0511 42.5122 44.8523 44.264 46.5201 46.8961 50.9217 50.121 55.7126 57.3715 57.3759 62.2597 65.0157 68.5193 66.1969 71.7442 68.6919 84.8474 75.7698 77.9552 69.0811 68.5724 64.5778 62.3615 61.6227 55.9869 53.1645 52.7708 51.7799 51.9126 52.1249 48.5992 47.4181 43.8658 39.5261 40.2914 41.738 40.0614 43.711 36.9913 38.6768 41.4505 44.3613 39.6544 42.9413 40.203 36.1641 41.2779 40.2472 42.1229 39.1678 38.6281 38.9864 39.5792 41.2558 37.3452 35.7969 42.114 41.623 40.1897 39.6456 41.6186 40.6365 41.1231 40.3932 40.5878 36.5755 41.1319 42.406 42.2954 43.7287 48.5904 47.4004 44.5913 49.3645 49.6476 45.1 53.5538 59.7249 58.3934 57.7652 60.6274 67.2364 63.1002 71.178 70.6693 70.8949 79.9724
73.9178 77.714 72.858 67.3671 66.7858 59.931 63.7273 58.1424 52.9108 56.1169 54.1002 49.0072 46.0605 52.3877 49.754 47.0219 46.0248 40.9631 37.7436 39.5724 42.2374 37.6765 37.6274 38.1908 40.7932 38.6379 40.3326 41.6338 38.5977 42.1301 36.6481 41.4996 38.1237 41.2135 37.8912 40.7842 41.6606 39.0761 44.8175 38.3517 41.2135 39.2505 39.5009 37.5111 38.4948 39.4025 39.4204 38.62 39.3086 37.4932 39.1477 42.9842 40.1403 46.5345 43.3955 43.5431 46.2975 50.0714 51.6856 52.3877 54.5653 53.9169 58.8445 59.6806 59.9936 56.8189 65.7529 72.3125 71.919 71.521 68.4089 69.1199 69.1691 65.8199 69.5268 61.9655 59.2201 53.2015 55.1153 53.0137 47.8983 45.761 50.0178 42.9082 44.6744 39.3802 41.7545 39.8318 44.3927 39.3399 39.3399 40.0911 38.4635 38.2891 42.0541 39.9972 40.7932 35.6599 39.5188 38.9867 40.5919 40.0777 42.0049 38.5306 37.6676 41.6964 36.0713 39.7692 39.5411 36.2859 38.8391 38.9286 41.8887 40.7306 39.8765 36.1831 44.0216 40.5472 33.5896 38.6826 43.6862 41.5488 40.3594 44.2854 43.95 42.3537 51.6186 52.1954 50.3442 48.3991 51.4308 57.3286 59.6896 61.5452 55.4819 60.8611 68.3105 69.1869 74.9596 71.928
66.4139 59.6984 67.5211 58.3156 60.2678 59.8611 54.4878 54.8991 47.9214 48.9654 47.0538 47.4108 46.5612 43.1582 42.6385 42.9865 48.3372 39.1 41.1833 38.8785 43.4655 40.5868 39.2039 35.81 36.8811 36.1218 37.8572 39.0819 36.9489 41.5494 39.1497 39.5293 37.4053 39.57 41.0523 37.333 40.8851 35.8733 40.7676 39.5338 41.2059 39.7507 38.0335 37.7849 35.6744 40.6907 39.6694 36.6009 39.0412 41.45 38.0967 37.9521 40.3473 39.683 44.5682 40.6275 42.9006 41.9697 44.0033 45.707 51.6362 48.6942 47.5328 51.3651 51.1391 57.127 60.9954 55.9882 67.1099 62.8076 67.0376 63.6527 61.5874 64.3487 58.2884 56.526 50.5426 49.9912 52.8835 52.7796 45.0879 46.1364 46.4708 45.2642 45.0653 42.4306 41.0568 43.461 44.8394 37.916 37.7578 38.2368 39.7507 39.6152 38.2142 39.344 38.7882 37.8301 38.5306 39.3983 41.8205 40.5958 36.994 37.1341 37.9657 40.5597 37.6313 40.6591 37.6041 39.0774 40.2433 40.2388 37.0754 41.6398 37.6584 33.7086 35.7513 40.8489 39.4389 39.5338 38.6933 44.4507 44.1886 45.4223 41.9471 39.9903 49.7607 49.8105 43.0181 51.8938 47.3746 47.2436 51.2611 50.3302 55.6718 59.3324 63.1375 63.0743 67.8691 65.3203
58.3605 55.013 58.155 51.2772 54.9033 49.2221 46.9387 45.3357 53.0583 46.6647 45.2672 44.605 44.879 42.8284 46.5094 42.9426 40.0335 41.3396 41.5863 44.1392 38.9922 40.134 39.8691 38.5767 40.1705 36.9874 37.7912 39.8737 36.3343 39.3576 37.2568 38.5949 35.0967 33.2699 38.3483 37.6678 42.0658 39.0151 34.1057 37.5263 40.0426 35.8274 40.9926 36.9874 35.8411 37.3482 39.4535 36.2293 38.2615 38.9009 38.8507 38.7502 43.413 40.4537 45.6554 44.774 45.5458 42.2165 40.7916 43.4952 50.6881 45.6234 47.6694 50.0076 50.7657 52.6062 53.2775 53.8849 64.3842 52.83 52.8026 59.1323 54.6065 51.0352 49.729 50.446 48.1535 45.6188 46.756 46.9295 47.0209 44.0021 40.0655 43.3399 42.7006 42.4951 39.3211 40.1203 39.8508 44.0935 34.1194 39.2845 39.6453 37.1381 37.5993 34.5806 35.5031 36.0512 37.5034 36.7134 39.4718 36.9874 34.5075 34.9231 37.5856 37.0604 37.5308 36.4485 34.5212 38.2341 36.6083 36.8458 35.1515 32.9411 36.9052 39.8691 37.9145 33.8134 36.3115 39.5083 37.1244 37.3527 36.9371 41.8877 47.441 42.2073 41.6 40.5815 45.8928 46.1395 47.9023 48.8065 49.1125 49.4733 54.5152 51.5147 56.657 59.1688 59.2236 61.1783
50.7009 50.7748 52.4729 49.0581 48.2275 52.2145 48.4351 47.3738 44.7157 42.953 44.3743 46.5431 41.4301 40.6041 47.06 42.8468 43.2944 43.2345 42.3438 40.2765 38.6937 38.2968 39.6627 39.4966 34.8589 39.3628 37.4293 38.5275 35.768 32.6439 34.7989 34.522 35.4127 35.8049 32.3762 36.0126 32.6716 34.6882 32.99 37.9645 36.8663 35.9018 35.911 40.7426 39.5289 40.9917 39.2474 41.1994 41.4301 41.8454 38.2368 46.4878 43.1099 40.1611 43.7836 42.1823 41.9977 40.7887 43.659 44.1066 42.9714 38.6567 49.0258 45.1911 49.5103 52.1268 51.5546 46.8662 51.7577 48.8458 50.0226 49.898 49.1319 48.5736 52.7775 49.778 46.1509 47.6599 40.6133 44.9972 45.4633 46.2478 49.8657 43.6313 45.288 47.5537 40.5626 38.0661 43.3267 44.5912 38.8459 38.1399 39.5243 39.3489 35.7403 37.0232 36.6586 36.894 38.1445 36.1602 37.1293 33.6268 34.882 33.5714 33.5991 34.3928 33.3453 33.9914 38.223 32.6439 36.0679 35.1035 36.3863 37.2585 38.8044 38.3614 38.0199 38.3937 37.0232 41.6839 37.66 42.4315 38.8459 41.6839 40.3734 40.5995 43.3544 44.0559 44.6834 45.2787 47.8352 48.9151 43.4975 50.0041 49.598 49.515 50.5625 46.4785 52.7267 51.3377
53.4026 50.2741 49.8172 50.8989 49.2251 46.4044 47.3975 47.486 45.8682 44.5115 46.0314 35.7416 44.7166 44.3996 44.1198 41.4063 42.7677 43.1034 42.7165 39.8258 40.9867 40.9867 37.8117 40.376 36.6601 47.3182 36.4316 37.1822 32.7064 34.59 33.8254 36.3244 31.6713 31.0839 30.7342 32.5246 32.5852 31.5175 32.7344 31.4149 37.4247 30.7995 32.45 33.3824 34.963 36.7067 41.728 40.7862 42.087 42.0078 37.751 42.3015 46.7774 41.2012 42.4181 46.2179 38.2779 43.0848 40.7116 41.4949 43.9613 45.7377 48.1901 48.5024 47.887 44.3063 50.8056 50.5306 48.6143 48.0921 52.0225 50.428 55.5193 48.4138 49.0619 54.9365 48.0362 45.8589 50.4699 48.5118 42.3108 47.7518 42.7258 38.152 39.2756 39.0145 41.6022 42.5439 37.406 39.5414 43.952 39.1078 41.5369 39.3875 35.7229 35.5597 36.4409 33.0934 36.2404 30.5897 32.366 33.2752 31.0932 28.9019 32.767 27.4892 31.1911 29.2935 34.7298 36.0073 38.1054 34.2823 37.5646 40.0962 34.8884 39.933 41.7933 38.3012 40.6883 34.9909 36.8046 39.4808 42.4041 42.0917 42.7677 42.7677 42.3575 40.6977 42.8843 46.1433 45.2574 46.2785 46.0594 48.1901 48.0409 51.2952 46.2738 49.2577 46.6981 48.5677
45.6029 45.4286 45.1931 52.8235 48.1935 49.7384 49.7101 41.7972 47.3551 48.2358 47.0018 48.0993 39.72 46.7239 42.1787 43.4551 44.3218 41.3639 43.1819 40.0215 41.232 41.4204 37.6382 40.4171 34.3317 36.098 33.418 30.7426 34.6049 34.4542 32.881 28.5619 27.6246 28.7079 31.3973 32.2875 27.7706 29.4474 30.6108 30.2622 27.4927 32.0002 34.2281 34.9252 30.7332 35.0335 38.0762 38.9429 38.7639 36.2958 39.7577 45.2402 43.7895 41.1095 42.0138 43.7095 44.7268 44.6656 41.2131 44.1098 46.3518 44.2511 43.3892 48.9989 49.8891 45.8902 51.2456 45.7536 50.1246 45.3533 45.6123 49.2768 53.0448 50.1152 51.5046 50.3083 46.9123 47.8779 45.4946 45.8997 48.7445 39.7436 44.1145 44.7598 39.0041 41.5946 42.2022 40.111 42.5649 40.3182 43.5729 38.1798 36.7668 35.7212 35.5752 37.0541 29.9937 32.4006 27.8601 29.6546 31.8071 29.226 29.5557 31.2466 29.1506 29.8053 29.0282 30.135 35.1042 28.8068 29.5698 30.997 30.672 34.6708 32.4995 34.473 36.2205 36.9317 36.9646 40.3936 44.3029 42.758 45.1507 40.6102 41.9573 38.9193 43.3327 40.3936 45.3439 42.8098 41.3591 42.3294 47.2279 44.8352 46.2388 48.104 49.5688 47.9768 48.9706 50.7557
50.2994 52.6926 50.0615 49.6904 49.5144 47.0403 50.1138 43.5291 42.9486 44.8898 43.0818 43.7717 46.5217 48.5866 44.0001 44.4711 43.5576 39.5848 38.9758 40.722 42.5965 35.1125 34.004 35.5978 31.3967 33.1285 31.7012 31.5204 31.7488 32.7764 30.6545 30.0502 29.0606 27.6761 32.648 32.058 30.7449 27.5524 28.9131 28.2946 32.2293 32.4339 29.8789 34.7842 32.1151 32.529 33.5424 34.7176 36.8824 36.0831 40.898 41.2739 40.1701 39.4707 45.5035 39.4849 41.2263 44.9707 45.5416 48.658 48.8054 47.4304 46.6311 46.6549 47.2687 51.6125 51.0273 49.0481 46.8785 51.7791 51.3271 50.3375 46.4789 51.7648 54.6147 51.6839 46.9642 51.0273 42.6298 47.9728 44.3188 45.6558 41.3452 43.6337 43.0771 42.8201 42.5061 37.4058 41.8448 39.3612 34.0991 35.9023 31.5489 34.808 31.5918 32.2198 32.2816 29.0892 32.077 33.3569 32.6575 30.1882 30.2738 31.1588 29.5507 30.3119 32.215 29.7315 30.4404 31.2302 30.6783 31.4966 32.4053 30.2976 31.1873 30.7258 36.93 32.5338 37.1822 33.414 42.0256 43.5766 43.196 37.2345 43.2579 46.1078 44.8755 43.9144 43.8288 54.0771 46.5598 47.5304 48.2202 44.9659 47.1973 48.9434 50.4088 49.738 46.0364 46.4551
44.4991 48.7423 51.1163 50.2849 51.1211 45.2391 43.562 50.3041 44.6625 45.0181 41.7407 45.119 45.835 44.0329 41.6734 39.929 39.3716 35.2485 35.3734 36.9304 34.7679 29.6693 30.121 28.9148 30.8754 30.4189 30.6976 28.4631 31.7356 31.404 30.1834 31.0965 30.7217 28.266 30.7457 26.661 30.9956 32.2402 27.9969 30.6928 28.7898 30.9091 28.1795 28.0017 30.294 30.5246 30.6448 33.0187 31.0484 30.4526 36.0173 37.1899 37.4782 37.137 42.6874 45.4313 46.1714 44.2828 43.3986 48.2474 45.7005 44.6817 47.0796 54.4273 46.205 46.8922 51.1787 51.1259 44.7874 46.2675 50.3666 48.8048 54.9463 50.3089 48.9298 42.7787 42.3943 48.8529 44.5183 47.8774 40.597 47.243 43.0142 42.5913 44.3405 37.8771 37.9059 39.1361 36.3585 35.5896 34.0423 30.5871 30.7937 33.0043 28.4919 32.1633 31.7452 31.332 30.7553 30.4958 29.4818 31.2166 29.4146 30.2267 28.1027 29.5876 29.1406 28.6601 30.5679 30.5967 30.1498 30.9139 32.3315 30.1017 29.8855 29.1839 28.9196 30.3709 31.529 34.4171 35.7434 40.1405 38.891 38.4297 37.1178 40.1645 43.1535 49.8524 45.2632 48.8096 48.2378 45.9263 44.2684 44.4799 42.9277 48.3627 50.2897 48.6751 46.0945 45.8879
46.2319 51.5317 49.7408 56.6324 52.0704 44.5479 53.8078 48.0568 48.1538 38.4328 43.2181 42.6939 43.0967 42.7085 37.666 37.3068 34.8365 35.7101 34.4289 31.3519 32.3177 31.5412 30.687 33.6329 30.8423 30.5997 28.571 31.6431 28.8185 30.3619 31.1481 31.6819 27.9013 29.4931 28.9738 28.3332 30.3085 30.9588 29.3718 28.2895 28.6972 31.8081 32.5749 29.8571 30.3182 31.4635 29.629 33.5893 30.1046 30.7792 32.8176 31.9731 33.73 31.6188 34.2105 36.3799 39.4423 40.4275 44.1159 40.5488 43.3054 49.4254 48.6877 47.3627 47.3482 46.5765 50.1776 45.2031 50.6921 49.0128 44.8973 48.4305 52.7304 48.8672 50.1339 44.3683 46.0912 45.5137 49.2409 45.4942 44.5527 41.1118 39.3695 38.4765 39.6267 39.1074 32.7788 32.5895 31.1432 29.9736 32.2498 28.3429 30.3716 31.0704 32.5749 30.192 29.794 27.843 30.755 31.3519 29.3427 34.4192 30.4347 31.4102 27.1199 33.8756 32.1236 29.3184 28.6875 29.0515 31.9586 31.5315 29.9251 30.0561 31.0025 30.556 30.7744 31.6285 30.2696 33.366 35.1423 34.492 34.953 37.9135 36.6274 39.6898 40.8837 42.4221 44.742 35.7441 44.1887 48.974 43.815 52.3567 47.1298 49.6292 50.8959 51.2162 48.6489 44.0722
54.5281 54.2879 46.0347 47.4364 48.9263 51.3964 43.1529 43.2559 46.1425 49.0096 39.9771 39.144 37.164 37.6933 36.5759 32.4051 34.8164 34.8115 32.0131 28.2785 34.5763 32.8462 36.6249 33.4098 30.3467 31.4593 31.3661 27.5728 32.6551 31.1848 27.563 31.6553 30.234 31.5181 30.9398 29.2538 29.6704 33.5716 30.8368 29.0725 33.8852 29.4009 28.4942 29.2048 31.5279 28.6559 31.3024 30.2536 30.8662 28.4893 31.1113 30.8907 31.6455 33.8754 33.7921 39.2028 32.4394 36.9238 37.561 42.5207 42.4031 44.4909 47.8138 44.6869 49.5242 47.0394 50.9357 51.7345 47.059 52.4256 51.4797 52.7931 51.3866 52.1364 46.4023 47.1472 50.1809 49.5389 41.4768 42.1728 42.5452 39.3008 34.3361 34.2969 34.6547 31.2387 33.0864 32.1209 32.9982 31.3514 30.7584 31.6847 29.494 30.5722 28.3913 30.6114 32.3316 31.5377 29.0921 29.2587 30.1164 30.0086 32.1062 28.553 28.3815 30.8858 29.7831 29.9302 31.6504 30.6163 31.1309 29.2832 30.7094 28.9745 32.5424 32.5669 29.1166 33.7823 32.1993 33.204 33.6206 32.7825 34.6547 30.7535 35.7133 36.1544 36.2181 37.806 36.4239 38.7519 41.7121 44.3047 49.5977 48.5881 46.3533 49.0292 43.5695 50.7151 50.2152 52.4158
51.4217 52.1492 51.7088 48.121 49.8629 47.636 47.8488 50.6399 40.4654 44.2857 37.1003 35.5068 41.3512 36.259 34.6655 35.9373 37.4962 32.7999 32.493 32.7949 30.4096 33.8143 31.6617 36.3975 30.3899 28.0986 30.86 34.3092 29.0339 29.6179 27.3464 29.3308 28.7518 32.7999 30.7016 31.2707 27.4305 34.2251 31.1519 28.9547 31.7606 30.8006 30.8748 29.6723 28.3708 33.0028 33.651 31.632 30.6818 30.0187 35.9571 30.9342 32.8197 32.8246 33.9381 33.7896 35.2841 35.6157 40.7969 39.1837 40.3169 46.2801 41.7966 45.3052 44.9043 48.9919 54.6087 52.9113 51.8869 53.9654 49.4225 46.191 53.233 44.1571 46.7403 45.2458 42.4399 43.395 44.8697 40.3763 38.8274 36.3035 35.2099 37.1052 36.1105 34.5467 31.9784 32.6118 33.3442 34.0222 32.107 32.5673 32.9632 28.2619 32.9978 32.2753 30.4393 31.6666 31.0876 33.2106 30.9095 32.4535 28.1036 28.9547 32.7256 30.7511 27.6631 29.7218 27.0693 33.5075 34.5368 31.3153 31.7656 31.5726 32.0477 33.2155 31.533 32.8394 34.8041 30.6373 34.5962 32.1367 32.7702 32.7108 32.6811 37.6446 38.2137 36.452 39.5449 37.3378 39.9012 43.3455 46.4137 45.8396 46.6215 46.2157 53.1884 43.7661 51.6098 46.5028
46.1967 45.9869 46.0618 46.9962 47.4508 49.1146 49.1296 47.7956 45.3074 44.5929 41.3902 37.468 41.8549 40.1861 36.4787 37.458 35.7692 37.1183 31.7372 30.9827 32.6815 29.6586 30.7129 32.4566 29.0241 32.6015 30.4231 31.7521 30.2182 33.1711 27.81 31.4574 33.4359 29.124 29.6137 30.2682 29.6786 30.4331 30.4381 32.2218 33.0312 27.5602 31.2775 30.6779 34.3403 31.5773 33.1561 36.6336 31.4623 34.78 32.9563 32.4117 36.5187 36.159 36.169 38.842 36.5287 38.2974 39.4866 43.7435 42.4344 48.1753 53.0368 47.5608 48.8848 49.7392 52.1475 48.3752 48.62 50.014 46.3017 50.7684 45.1075 47.4558 51.2731 47.0461 48.3652 48.2752 43.5636 43.2539 45.4573 40.8956 41.7949 38.9819 39.7514 34.8599 34.2004 34.0205 34.77 34.6451 32.4966 31.6172 30.6529 30.1633 31.7721 32.8863 32.8364 29.5737 30.1333 33.7557 31.8021 31.4024 28.9891 27.735 32.0819 30.598 26.6408 30.3332 25.3517 32.8813 30.0883 31.6472 31.8371 32.6565 34.5002 33.4709 34.6401 35.1697 34.2054 33.4509 36.8884 33.5858 36.8135 38.1725 36.6936 37.3281 40.221 44.393 40.9405 38.2724 38.847 50.7085 43.9633 52.6221 53.4066 46.6014 44.9526 55.4101 51.3181 51.0233
46.5169 48.126 49.3769 51.0919 46.2042 47.1525 48.1462 47.6771 50.0629 43.783 46.0276 42.3505 44.3782 42.0176 43.3391 40.7061 35.9142 35.778 34.5674 37.4526 33.8511 30.6683 31.3644 34.7893 31.9747 33.1248 30.5926 29.9268 29.7049 34.9608 33.1096 27.6015 31.7175 32.7868 29.6746 29.952 29.8965 30.8398 28.7414 29.1298 30.1941 28.5851 33.4879 34.4262 34.0226 32.1462 32.3026 34.7893 34.6683 33.6544 33.6393 36.6052 36.6103 32.7717 35.5459 38.8246 41.1802 43.3139 41.5182 49.4476 44.7817 53.3214 44.7918 50.1436 46.1638 49.16 44.4186 49.8612 45.8007 48.3631 45.7048 47.3088 46.9154 46.068 50.8347 49.6191 46.4009 44.5598 42.6783 47.1575 46.6632 42.5068 43.4249 42.1235 36.6708 39.1828 37.6796 36.3227 39.7527 36.0705 32.1613 32.0151 31.556 31.0617 34.5321 35.0113 29.9217 31.5006 31.3593 31.0214 33.6393 30.749 32.9533 32.8171 33.1954 28.7919 31.2837 31.0769 31.5157 30.2547 29.4375 32.0352 31.2635 33.1803 29.4577 33.3064 31.1222 36.0302 33.1954 33.7351 32.5901 38.1336 36.5699 39.097 35.7427 43.4955 42.6128 43.6418 43.7326 41.5333 48.9331 47.7023 49.725 47.5711 41.4577 49.7351 47.9999 51.5005 50.3757 45.1651
47.9805 38.1939 45.1239 48.7392 41.5444 43.1178 46.2543 45.5669 47.0588 42.8988 50.5162 43.9223 46.5089 45.185 45.7808 42.7053 43.4182 42.2878 38.4893 35.3985 36.6053 35.368 35.1337 32.43 31.5134 33.871 35.0625 31.2843 32.3129 33.0563 30.9788 26.4063 32.6998 28.4736 34.151 32.0888 32.1856 32.8933 32.1092 32.9086 31.824 32.4503 33.3872 33.4331 33.4432 32.1957 33.1174 35.312 32.1296 35.3476 34.2274 37.3029 38.306 38.53 43.1992 42.3132 43.7237 51.1018 48.6831 48.3929 46.4937 48.3318 40.7704 46.5089 45.3582 50.394 46.9417 42.3387 48.1332 42.3794 49.1821 40.0728 46.6057 44.3449 45.3531 42.7359 45.5262 50.7555 52.7821 45.185 43.7491 42.6086 40.8519 43.2756 41.9772 41.8652 42.522 37.3029 35.5564 38.4027 35.2254 32.5114 36.8293 31.4422 33.6673 34.7366 30.9024 33.871 35.76 32.6133 32.822 30.7802 32.9493 33.2294 29.2272 32.3841 33.4025 32.1907 34.1408 32.2161 31.101 33.209 32.7558 33.7131 30.7395 32.9493 31.9412 33.1479 34.7977 34.4209 35.3374 38.2194 42.0994 42.6646 41.8601 42.4609 44.5791 52.8075 42.0077 43.2451 44.8948 43.4029 43.0159 45.2818 44.3296 42.8581 45.1189 43.8052 42.2674 43.4131
46.621 45.6085 44.7399 45.4903 44.1643 44.0512 41.3273 46.8626 46.508 44.5035 46.5337 48.3325 44.6834 42.5402 43.1107 41.9235 42.1856 44.19 38.4799 40.1709 40.0321 38.5827 35.5607 33.0885 32.6414 39.364 34.0959 30.6781 31.192 33.9263 33.9057 34.3529 28.9306 34.3786 34.2295 31.4542 32.7647 33.6847 33.1656 33.1194 33.8543 33.0217 35.2163 30.9608 35.6994 38.7626 38.8757 41.5226 38.5725 39.7443 39.1481 36.8404 42.6636 39.698 41.4815 42.8589 40.5512 39.9242 44.4881 46.6313 43.6504 40.9521 44.154 42.2575 47.3354 49.2011 44.5755 45.7422 44.6423 46.6981 48.7128 43.1827 43.9947 44.8633 44.8582 45.9272 45.331 40.5769 47.4793 45.1305 46.4925 44.0872 44.1283 43.3882 42.129 44.5806 39.2612 45.6702 39.5181 40.582 39.7546 35.4013 38.1562 34.7024 34.6869 34.1062 32.847 34.3272 33.1348 35.2266 36.2185 36.234 34.2706 37.8169 32.8161 33.8184 35.1495 33.9468 30.5599 34.0188 31.5158 35.6121 32.9806 34.4505 33.0012 37.1128 37.4212 36.7839 35.0107 39.8728 45.3824 38.9785 41.6408 41.7539 45.9426 42.9976 42.4734 47.6027 40.9932 44.5703 44.8582 43.378 42.6533 46.9602 47.726 44.0255 48.7488 49.4118 47.6644 45.4852
43.3346 43.0753 48.6568 47.1265 49.2741 44.5069 42.4943 42.8626 44.7871 45.2332 44.3825 45.0983 47.0487 39.6257 44.1594 39.3612 41.7473 42.2194 45.9438 41.8614 40.4297 36.7208 40.8499 39.9629 39.6465 38.4793 41.4672 40.3416 34.3347 36.7986 37.7842 38.4326 37.696 39.3715 37.6182 36.6482 37.8932 37.9087 34.6252 36.8713 34.7963 42.2816 38.1733 41.2805 33.8108 42.3905 42.5877 40.2586 39.0707 37.613 40.7721 43.2724 40.4557 41.0678 41.7992 43.9519 45.7052 44.7352 44.0453 43.013 44.9012 43.651 43.0701 39.7969 41.1923 46.1669 43.1998 42.7796 44.3254 44.232 47.7905 46.836 44.149 45.6741 42.3698 46.4055 51.681 45.726 43.8015 43.9571 43.1531 42.0845 41.5813 44.5121 39.0966 44.3306 38.1785 39.9784 37.2966 41.5606 41.8459 39.081 42.8678 43.1271 41.3894 40.7358 40.6476 37.2447 39.662 38.6557 38.692 39.8954 36.254 38.2459 37.4055 35.118 37.8776 35.6678 34.2569 38.5001 37.4055 37.4834 36.9802 40.0355 38.8009 40.881 38.6401 37.8672 36.0309 41.9652 40.4038 45.0257 39.33 44.9479 39.5168 40.1341 45.2539 40.658 38.3393 42.9145 45.7623 42.6032 41.2545 41.8511 48.968 41.1456 44.2268 46.4989 44.6781 47.0176
44.262 44.9164 46.2932 48.5547 51.2769 45.1153 44.8012 43.2464 48.45 43.3407 47.6753 43.6705 42.7439 40.8907 43.4297 40.3096 41.6812 41.6236 42.0529 42.8067 35.5248 44.6861 42.4193 39.1317 41.6393 41.7021 42.8643 45.576 41.922 44.5761 44.6651 44.5971 47.7119 44.9321 47.2093 51.0518 47.2303 42.5188 43.7542 42.6444 44.3039 44.7018 44.3406 46.9738 42.0214 39.1788 43.058 41.477 42.1576 41.6498 40.8854 40.074 39.5243 40.8907 43.8275 40.9954 39.0322 43.5972 41.2676 40.5033 45.3352 41.1053 47.5391 45.6388 45.5917 46.4817 45.6912 49.9263 48.6699 45.6336 44.105 45.7749 39.739 48.5547 41.9063 47.0732 43.2412 43.4977 44.1102 44.7384 44.2149 43.6076 45.8378 43.215 42.1994 37.1948 43.9898 37.556 39.3516 40.6813 40.9535 44.4767 43.4977 38.7705 44.618 41.8853 45.2253 47.6543 43.6181 45.6964 44.4924 48.5129 45.2724 47.8847 48.7641 43.3773 49.8007 43.2307 44.4557 42.0529 41.4875 48.1673 46.9685 43.9165 44.2254 43.9322 40.4143 37.8177 39.7599 39.7809 41.5136 41.4351 42.6078 36.4671 40.7807 38.8595 46.1519 41.2467 40.6394 45.9477 44.2149 43.6548 43.9218 47.7014 47.3769 48.2668 43.9689 49.9891 48.1412 43.8589
44.6708 44.8029 45.627 48.7966 49.4358 48.5113 48.131 49.8479 48.0359 44.2852 42.4151 43.8467 42.1404 43.9206 45.6851 42.9856 39.8529 39.4145 39.6152 41.031 40.3707 43.2973 38.4689 44.9191 39.5624 41.4853 45.4315 42.0241 43.4029 44.5387 47.8457 38.8387 46.1024 45.7115 44.9878 44.3697 44.5123 40.2069 49.7898 45.0881 40.3654 41.7653 42.8641 37.0742 43.2075 43.9788 39.8846 39.7367 45.5002 40.4129 37.5391 38.8915 40.4657 43.4135 40.2808 37.8297 41.0204 42.4626 41.5962 43.3554 43.535 42.7215 44.5229 47.3333 46.8737 43.0331 47.5974 43.0067 43.8625 43.0807 45.9968 47.5235 48.2102 46.5673 46.805 51.0682 43.5878 44.7236 47.1167 45.8911 43.9418 41.031 38.4372 40.6559 40.4499 42.9698 41.0574 39.0341 44.2112 39.4779 44.3644 40.7986 40.6242 44.2746 44.861 43.7939 40.4974 45.7538 44.0686 48.3 47.0639 44.7553 41.517 46.3983 42.975 45.141 46.9318 47.048 47.888 41.2529 39.1609 44.1584 40.339 46.076 39.4673 42.2196 39.1292 42.4415 40.0484 39.4937 43.292 38.7647 44.1901 39.9216 41.443 40.1224 40.5555 41.1525 39.7526 40.7616 43.2022 41.8393 39.7737 42.6686 46.5092 44.9613 45.4051 50.4237 45.7749 46.1394
52.489 53.1393 49.0189 50.5221 50.5434 51.7054 54.408 46.8067 47.9155 44.8824 46.8334 50.1383 48.3792 43.0594 46.6681 45.3622 40.4049 44.3334 44.1522 44.8824 42.2065 38.6138 40.6874 42.3558 41.0605 41.279 38.3047 49.3813 39.2908 46.8174 41.6362 44.6479 37.8729 40.3515 41.5029 40.8739 44.5519 41.7161 43.6618 41.4923 45.4155 44.6106 45.9059 44.0296 38.7151 42.2918 41.3164 43.23 45.3728 40.6927 42.1746 39.3707 40.3942 43.182 46.1298 42.0147 46.1458 47.8302 48.0381 45.2129 47.3291 48.8803 51.828 50.65 49.8344 52.2971 51.6148 47.4411 46.972 49.3387 53.6617 52.9154 51.5668 60.1808 50.7673 49.7491 50.554 48.5871 47.0306 46.1511 47.6223 47.0679 48.5071 50.9911 42.6063 44.3654 39.9304 38.8484 39.7119 39.4347 42.4997 38.3686 44.1308 38.6032 44.8291 45.4048 42.2758 39.7812 43.3313 44.7172 48.8909 43.3206 46.6468 40.9379 43.1767 46.6468 43.5978 40.4102 42.6277 38.9976 43.0594 42.649 44.6692 44.9517 41.1884 41.7908 46.0551 45.4368 44.6159 40.1703 42.7609 41.0179 45.5114 41.3857 40.8579 47.4677 38.1927 46.7641 48.0914 40.5381 51.0924 48.3206 49.1148 53.3685 45.2449 49.5519 57.8728 55.2075 50.5754 52.2171
44.257 52.4695 50.6732 50.969 53.373 53.3838 57.8746 55.8524 52.6954 47.0644 47.0483 51.7219 49.2103 45.9243 45.3918 40.1373 43.5041 41.0247 43.7246 40.7128 40.0943 45.1767 37.9968 37.9753 41.8906 36.9588 40.7773 43.6493 40.4923 42.2079 39.4704 43.2513 46.575 42.9663 41.7185 37.7387 37.6956 45.4026 39.7071 45.1821 43.1276 39.7609 37.9699 39.4812 38.5024 38.3841 41.8046 40.6967 40.5084 39.422 42.0358 43.4234 43.6116 45.5101 44.1279 43.176 43.2567 51.1142 50.0278 49.7051 51.5337 50.0601 52.5932 53.0073 48.7586 52.7492 48.7962 56.0191 54.6477 49.7051 49.2856 56.1804 52.3942 51.7381 49.0382 52.007 54.5777 53.572 50.2268 53.2386 52.3619 48.4466 43.0308 48.1508 46.93 48.3444 43.9827 39.7824 42.9501 43.5632 41.9175 44.7733 41.7024 42.9985 41.2022 42.4123 41.4227 40.8311 42.2294 40.659 38.6852 40.8634 41.3259 43.2298 40.8257 40.2073 40.8795 42.2994 39.0079 40.9871 41.9767 41.4281 35.7272 39.5027 37.9 40.4439 43.8537 38.54 41.0247 40.2234 40.7558 38.4486 43.6332 44.5044 42.5952 44.5206 46.2201 47.0806 46.0211 50.485 51.3562 50.614 53.4107 49.8073 52.2329 55.0564 48.6779 51.3831 50.7108 54.9757
53.1684 57.737 54.8775 54.0365 56.6301 53.6838 58.6106 54.1559 50.4229 54.628 50.5802 55.7348 48.8656 48.475 47.2162 48.9687 49.4896 46.0822 49.0067 45.7078 43.7979 46.1744 43.4994 41.8934 43.5211 43.9227 43.4452 44.9102 39.0448 41.9042 34.8451 37.7046 35.6427 36.283 38.1115 39.4083 37.3519 36.0334 37.0806 37.048 41.9639 36.2559 40.1462 40.8733 40.7648 44.5955 41.736 37.3193 43.711 44.1017 44.2808 44.6931 44.3133 51.7522 44.1234 51.2585 50.2601 47.7208 48.806 54.9752 53.5102 48.6866 55.3279 51.5949 57.2975 56.5162 54.3295 56.0441 50.5585 58.0843 52.5498 55.3442 54.845 61.2693 54.9589 50.6291 61.0034 55.6643 55.1868 55.1271 55.1054 51.036 51.1282 43.6351 47.4549 48.6106 45.8271 49.1532 44.5629 45.0404 40.7973 43.4994 43.4832 38.8332 40.5912 42.832 40.3144 40.8896 37.1077 38.8928 39.9129 37.3736 38.9905 34.7963 39.0176 37.7426 37.5309 43.2553 39.1696 38.4805 39.3649 36.4892 40.0865 42.3817 41.3996 40.2276 41.3671 43.7653 43.5103 43.787 42.0778 44.1939 46.2395 49.3323 49.099 50.2058 52.1158 55.062 56.0387 52.284 49.061 54.7473 52.3111 54.8775 56.1689 59.7663 57.3246 57.1944 54.9969 57.4874
70.3032 67.4514 58.6553 71.7263 64.0961 62.0325 61.7862 55.7434 56.745 60.0073 59.7665 56.329 53.1489 54.0739 50.0289 50.3081 53.1817 50.0563 53.4992 45.6883 45.9729 44.6483 43.1704 43.8547 38.8025 41.1014 45.0588 40.3406 38.6 36.2244 36.9086 36 39.2513 37.664 34.8013 35.2665 36.2354 39.7987 37.7351 41.0631 39.8808 39.0598 38.6821 40.6964 40.9865 42.0538 43.165 43.6412 41.3423 48.1679 45.5405 46.6407 42.6286 52.9956 52.6617 50.9211 51.5122 51.3426 58.7593 55.8364 58.8962 61.8902 61.1458 60.6532 66.3293 54.6048 64.0359 67.3365 69.0497 61.8191 65.0047 71.4472 62.1639 63.0342 63.1437 58.4254 56.3564 58.9345 61.3429 57.0899 54.063 55.9787 52.2676 51.7805 50.5872 49.0601 45.5186 49.3119 47.9982 46.1426 44.7085 43.4332 44.61 42.5848 46.6681 42.8585 40.8825 38.1895 38.3427 40.5486 34.6535 40.6088 37.0893 39.0105 34.4948 39.3061 41.7856 41.0467 39.6071 41.3204 36.011 39.1528 41.7583 41.7747 41.813 40.6088 42.3275 44.9932 46.3835 43.2799 46.367 49.8537 46.1207 52.076 48.8794 50.9375 52.388 49.0436 55.404 54.3093 54.6705 53.8659 56.537 61.7753 63.8772 65.1908 66.9916 64.3479 61.2772 58.004
72.0425 66.2727 63.5617 74.2013 69.6241 71.7719 64.5611 74.9522 66.2948 70.0934 67.1506 67.9788 62.9764 66.7033 64.285 57.9575 54.8711 47.5332 52.7123 50.6307 52.6074 46.2523 46.8155 46.3903 45.0597 43.6076 43.9499 39.7481 38.6936 39.831 38.7377 39.9911 39.2844 39.8089 36.1151 39.0304 35.6071 38.5721 38.9641 39.5549 39.5494 41.526 42.0782 40.0463 44.7284 43.7511 40.6592 41.526 45.3744 44.1763 49.9129 58.0183 55.5778 57.7919 52.7785 55.1913 63.4678 68.7738 66.4273 66.7254 65.6488 66.1899 69.3315 70.237 68.4039 68.045 68.4757 67.3493 70.3474 68.8401 66.4273 67.2776 69.3149 75.5264 70.3143 72.1032 71.3026 68.807 66.8855 66.2175 72.1529 71.8272 63.1145 64.7322 55.9257 60.3152 54.976 51.4368 47.8093 48.8584 44.8223 48.0964 46.6609 45.1259 41.6033 39.3285 38.8426 41.1506 38.5831 39.6708 35.839 40.3389 37.6224 39.1739 36.855 39.6929 37.5893 35.6071 36.7225 39.5936 37.6224 41.7469 39.4445 42.3653 42.4646 42.807 42.6855 47.0253 42.8291 48.2345 51.3651 53.9932 58.4103 57.6649 57.8858 59.9397 69.4695 72.2578 69.8781 75.2614 71.5842 71.7775 73.467 68.3211 65.9524 69.3591 68.542 64.8813 72.1584 70.7284
67.8925 68.4549 64.4564 59.7672 63.8549 60.4968 61.6718 67.9259 67.0293 62.6743 62.6297 66.0046 68.2879 66.968 60.0345 56.5594 64.0442 60.7474 53.424 51.4637 49.069 49.3753 50.7008 51.9817 44.2017 45.2988 42.7983 42.9152 44.6639 40.2588 39.8578 41.2222 39.5849 41.8961 39.0391 39.6128 36.9842 37.5968 39.7297 39.7186 39.0837 43.5389 41.4004 42.6813 45.3545 45.5382 50.3611 44.7363 47.8271 51.1184 52.3269 59.3105 61.9614 58.8483 56.5984 61.4936 61.6774 65.5256 70.6714 62.251 66.7174 62.8302 64.8629 57.7735 61.3265 63.7602 63.4428 64.3004 64.952 63.7936 68.5608 63.8883 62.329 62.0951 58.0909 67.8813 67.9315 63.4595 65.7205 64.6401 63.8382 62.6353 65.3753 61.85 67.4581 56.849 58.4084 57.133 56.6597 54.6437 50.5003 51.1463 48.9242 52.3381 47.7659 45.6329 43.4498 46.6799 42.0854 41.406 37.5299 38.5936 41.9963 41.5675 40.8547 38.6215 42.7593 37.5077 41.406 44.2852 42.3583 38.6716 45.9169 48.1112 48.7739 46.9305 49.4254 47.7937 54.1981 45.438 54.1981 55.6851 57.3057 61.8556 62.7411 64.6457 64.1556 61.204 61.0147 64.6958 66.0658 66.3109 63.7992 59.3718 66.5448 61.1706 64.3784 67.9315 66.8009 63.8103
66.705 71.878 65.6939 64.6885 61.3859 56.0274 59.7682 61.4364 57.9765 55.9039 59.8188 55.5163 44.2715 54.8816 52.0227 45.7656 46.9395 49.9782 53.3988 45.9453 50.113 45.8498 41.2665 47.4562 44.4737 45.1646 46.1981 44.3164 44.2434 41.8394 44.2266 45.9734 45.1983 43.1257 41.2216 40.2948 40.9014 41.5811 43.5806 45.6532 42.8055 43.5694 46.1588 44.6591 45.8386 51.2363 41.0699 49.0065 45.9004 46.316 51.2869 46.7878 51.6014 53.2134 48.4223 45.7993 50.6803 50.6915 49.3491 57.763 55.4433 58.3472 53.4156 58.1281 62.0543 59.3751 60.0041 64.5762 67.7946 69.856 70.8501 69.0472 60.9365 61.7116 58.0776 57.6395 56.9205 55.8646 58.482 53.118 54.1571 57.3923 48.4336 52.0114 49.8265 49.2985 51.6127 46.0464 48.3998 48.3493 51.0397 46.4621 48.647 48.5515 47.4057 42.0585 44.5917 42.9179 44.7883 43.1145 43.5526 45.6813 45.1028 40.7386 40.8284 41.8563 42.6988 44.0188 45.0466 42.7494 42.3899 46.1756 48.4167 45.8161 46.3216 44.1199 46.1644 45.0129 48.7144 55.3647 47.0462 53.8481 47.299 51.5115 51.1633 52.4945 52.663 51.2869 52.8764 54.1346 55.0445 57.0497 56.1959 57.6114 59.1279 63.0765 59.0324 68.2271 65.2671 70.3615
70.6647 71.2935 70.3249 66.2804 59.6586 58.4521 56.5318 51.8699 55.0647 50.1026 51.3601 49.2132 47.3949 48.4202 53.1331 45.3161 47.225 48.7261 42.6311 52.1984 51.6433 46.4093 46.0128 51.3884 48.6581 43.6904 46.5339 45.1008 43.866 42.6141 42.1949 42.7557 47.6442 48.3976 45.4067 43.6337 47.6725 50.0686 46.1487 46.9248 44.9309 43.0786 44.8176 44.4211 47.4176 45.7126 46.7549 49.4398 45.8372 45.8542 43.5204 48.3976 44.3361 46.6019 52.9971 46.3017 51.0202 49.3039 48.0237 50.2215 53.5353 52.5043 51.5923 54.181 60.1741 60.7009 63.9466 73.548 70.7384 70.1663 76.4142 72.1658 74.4146 69.6508 60.8255 58.7183 51.3374 56.5318 52.578 48.222 46.6302 47.9047 51.9265 48.4429 48.93 48.6695 49.5418 50.3065 48.0067 51.496 49.9043 47.7688 51.3714 42.6084 48.1993 49.978 45.7692 42.8633 46.0298 42.5914 47.0211 38.3091 42.4385 43.8263 46.8908 41.4642 40.9827 44.9932 42.7387 39.3457 42.076 43.713 46.3697 44.2511 41.1413 48.9357 51.9322 41.6795 48.8167 43.1862 47.5932 46.8965 44.0529 45.6956 44.4041 44.676 44.8799 47.191 53.269 53.1897 57.8573 54.266 55.1383 54.5719 60.2704 56.9906 66.609 74.7149 71.9279 78.0626
71.9684 70.7802 76.5553 70.0776 71.0544 61.4979 59.847 61.6864 54.6775 56.7282 52.3812 50.936 45.7093 47.8913 45.0466 50.1991 45.7607 50.8845 45.715 49.1652 41.9849 46.0806 46.6175 48.8967 50.6332 47.9942 49.902 48.731 46.6061 42.6018 46.4461 46.4176 44.8467 47.4001 41.8421 45.4351 46.8631 44.8124 43.0188 47.2801 47.68 44.9952 46.6803 48.4568 47.7085 48.4283 44.344 45.1723 46.5375 46.6689 50.1991 47.3201 48.3369 46.1548 46.2576 47.2401 47.8799 52.524 50.6332 51.5757 53.695 58.6018 56.4768 58.0648 62.9374 63.7428 65.9134 70.5632 74.7274 70.209 74.8645 73.5964 71.2943 68.8209 63.3029 61.3779 58.0191 55.2201 56.6196 53.3065 49.1366 50.4276 48.1027 49.9706 49.1423 51.0159 45.3494 50.5704 47.56 54.2205 52.324 47.9542 49.0052 48.6282 49.0395 44.8924 48.931 47.4629 48.3826 48.5482 47.1944 46.3947 43.2759 46.9088 47.1602 43.7385 44.8067 47.5543 44.3555 46.4347 46.7717 45.595 47.2116 46.2976 45.3265 48.9481 47.9942 45.2352 46.0806 49.3422 45.7036 45.1495 50.319 48.3883 48.6168 48.9995 47.2516 49.0281 49.2737 51.49 54.1976 61.8178 59.0873 59.1673 63.48 68.0212 68.5411 73.3165 74.5332 73.6249
74.3955 73.042 71.6596 74.3667 66.9422 67.3799 63.2788 62.9102 60.1569 64.69 51.4133 50.9813 48.8847 48.8386 50.2844 45.8838 47.1625 46.7708 49.5586 44.8758 48.879 49.5874 50.198 45.0774 48.1417 49.6738 44.1443 48.2684 43.5107 43.7468 42.2723 46.6729 49.8063 47.9055 47.8018 45.2041 48.5679 45.2387 47.7039 46.9782 42.8944 46.3791 45.0255 48.0553 46.2755 48.1014 47.7039 50.63 49.4837 49.501 47.5138 49.6508 44.7606 49.5817 48.6313 52.3407 50.7394 53.3948 51.5631 54.564 58.9473 56.3784 60.6177 60.9806 67.5585 75.0291 73.0304 65.9054 67.138 69.3613 80.0518 74.1421 73.8426 68.7911 65.3409 66.8327 67.0113 65.3467 55.1746 54.42 53.9592 51.5458 50.8431 47.7039 44.9219 46.5807 44.8355 48.6428 46.0335 51.085 47.3756 47.2143 49.8063 49.0633 44.5417 45.8262 42.8886 48.7062 43.528 48.9942 46.2467 50.4975 44.0291 45.6707 43.9657 45.6822 44.4668 45.6764 44.8239 46.3907 47.2892 46.9724 48.758 46.2582 50.2037 45.2041 48.6601 48.8905 47.341 42.8252 49.2476 49.1094 48.7522 48.5391 43.5337 54.8347 49.3282 50.509 52.7784 56.6434 58.5269 58.9013 64.1371 62.7086 65.3985 69.8509 66.9767 71.6884 69.897 68.6759
73.3858 71.6144 71.0511 72.6424 64.4187 68.7048 62.8565 67.2529 65.1273 59.3138 58.9247 52.3562 53.3551 53.3667 48.8367 50.37 47.4545 48.0643 47.501 48.1456 47.1177 44.8294 47.0364 44.3358 49.9692 45.7064 52.2458 45.2418 49.1039 46.6414 46.0781 43.4762 48.9761 48.0992 45.0675 47.7275 44.9804 45.0095 46.0258 47.1583 46.9725 44.8933 49.6498 49.2258 47.0073 46.5659 46.8447 48.3663 45.8574 46.775 44.8294 46.2117 50.2364 52.1006 48.7728 49.5395 52.2981 54.9638 57.647 56.1312 61.3465 63.7857 62.9378 67.6304 69.181 68.9603 72.7585 67.8975 69.785 72.201 67.7349 71.9222 73.2754 70.6329 71.5041 67.3806 65.9171 63.083 61.1083 60.5857 54.7141 59.1628 55.6724 49.4523 50.3235 48.2037 48.134 49.4059 46.9783 49.6208 48.5522 49.766 48.7206 43.8363 42.2044 41.9721 46.0258 46.2175 49.8763 44.0744 45.387 47.5881 47.1293 45.567 46.2059 48.0701 50.3177 46.7866 46.8505 45.9677 43.8886 44.3706 49.371 47.4429 46.4149 46.4962 49.2839 44.4171 47.0305 46.4904 45.1024 46.6298 48.4767 50.399 48.2676 48.1166 51.276 52.2458 53.6339 59.9758 58.8143 62.2583 59.9584 69.2797 68.2924 66.736 70.0057 75.8947 74.3615 75.2733
79.4577 78.474 72.1151 76.0382 77.7772 72.0624 75.2887 70.9674 70.7917 65.1296 62.805 63.045 62.4537 60.7322 55.8956 56.4987 51.7617 47.8327 45.7424 47.5458 51.1703 48.3948 48.7754 50.2686 49.9582 48.5412 48.6993 46.8549 50.2686 49.806 51.3167 47.6629 49.6713 51.627 49.1912 47.3584 46.6265 47.9674 50.0871 49.806 47.1418 45.5198 44.6474 49.7357 50.5672 48.8457 48.1606 50.5555 47.0422 53.4363 52.6634 48.0728 51.2991 53.7057 53.3602 53.6003 58.0387 55.5326 57.8279 65.6214 63.9468 67.1907 69.5504 68.9766 71.3656 77.5489 73.6667 73.86 71.7462 76.6354 74.7383 81.0738 76.6061 73.7663 72.8294 70.9908 72.2966 66.6695 69.7436 68.1744 61.1128 62.4302 58.5715 57.3477 55.9307 53.1377 50.6433 50.4735 54.0804 49.683 50.2159 45.7482 51.0708 46.7261 46.082 46.8256 47.985 47.2355 46.3513 46.7085 49.765 45.7541 48.0962 47.9557 49.4957 47.4521 48.43 48.3012 47.6161 47.3819 46.9778 50.1515 48.6759 48.6408 45.7131 46.7202 49.4781 45.8185 49.0038 50.8014 54.1273 54.8533 54.6191 54.8826 51.7207 53.3485 59.93 61.751 63.8648 66.2128 67.5478 70.739 68.7131 74.9315 75.1891 73.7077 73.1515 79.6217 80.8689 77.4025
86.7581 87.1005 88.045 87.6731 84.3437 82.2245 87.5846 77.7263 78.6295 74.2789 74.4029 66.9709 64.7395 61.3039 60.0288 59.893 59.6451 63.1988 55.4303 55.7904 52.4079 54.7219 50.7491 54.1021 58.5294 50.1942 53.6889 52.5082 51.2332 52.7857 51.5401 50.3123 49.5035 53.4409 53.3465 50.9793 52.6558 53.3819 55.0171 52.2485 53.1694 50.9852 52.7975 51.3571 52.5023 51.3925 55.2709 55.0997 52.2013 57.03 56.2862 57.0477 57.1776 56.9297 60.8552 64.1079 60.5542 65.9437 70.7607 69.1668 76.2624 73.1396 78.9542 76.3096 81.4217 83.3756 86.947 84.4677 88.718 90.1937 90.241 86.7581 84.7215 92.49 79.515 77.6319 78.234 75.4773 70.8315 74.6036 72.6674 67.4195 66.658 64.1374 65.4124 60.3948 60.3003 61.2271 56.3512 55.206 54.2201 55.0938 56.2036 54.2024 51.1092 49.7633 52.9214 57.2543 50.1706 48.7007 51.9533 54.6097 52.5318 50.8908 50.2178 50.5838 53.618 54.167 50.5838 49.6865 49.3324 49.6747 52.6204 51.9415 53.7125 53.0631 52.6558 53.4291 58.3582 55.8022 58.4173 58.1339 61.0087 60.5424 60.5365 59.3854 64.7867 64.4798 69.7158 70.678 74.3262 80.123 69.521 76.404 86.7168 80.855 87.4488 81.2446 89.993 91.1618
105.592 109.728 101.158 98.2841 98.9208 101.01 98.5578 92.1011 86.3229 85.8647 79.414 80.3661 80.0864 74.9092 68.7858 70.9757 72.0706 70.4222 70.7079 67.6015 65.3224 63.3943 68.1847 62.216 63.9477 63.061 60.6926 58.1635 62.704 64.4059 61.4543 60.4486 60.3832 63.9418 62.7695 63.5312 63.0015 62.3529 62.1327 56.3366 60.2641 57.9612 59.0621 55.3785 62.216 62.7456 62.6028 63.2812 60.5914 69.9224 63.2931 64.8225 66.215 67.1731 74.3319 72.1718 77.6108 74.5164 79.3961 85.6207 84.6626 87.156 87.4297 98.9327 97.3081 97.8556 105.223 103.247 105.467 110.239 108.032 103.818 107.133 100.545 100.414 94.3863 96.9273 91.6667 88.7687 86.1801 83.1927 81.9371 77.4323 71.541 68.1966 70.7198 70.2259 72.8799 67.9407 66.1019 66.7744 60.9485 62.3231 68.274 59.681 60.6331 60.3475 59.7167 59.5024 61.0259 61.371 62.6564 63.0313 64.0132 62.103 59.3953 64.6856 61.7102 60.7759 58.8657 59.681 61.4841 58.0504 59.2525 58.705 62.9956 64.2274 60.8592 65.5425 69.2083 66.4768 71.3684 68.1788 72.386 72.4931 74.6354 75.8911 75.3079 76.5218 85.341 84.6507 83.9306 89.6196 93.815 102.348 100.028 102.533 101.611 111.162 105.241
124.434 121.675 124.626 119.551 122.491 110.14 108.976 102.311 98.1964 97.4646 94.5913 95.5211 88.9287 89.3666 79.019 82.9541 83.224 78.6771 69.0554 77.5914 70.951 72.6846 65.4563 68.9595 68.7015 70.3451 64.8984 68.5216 66.782 71.053 72.1387 73.4524 76.2897 75.7738 79.157 75.8638 77.9873 76.8116 73.9923 68.7555 67.3938 66.3681 68.3776 64.8864 67.7477 69.4513 71.1909 73.8183 75.2759 71.4969 76.1157 74.7001 80.7586 77.4054 75.2639 83.1701 86.8412 81.7064 89.3546 93.7095 93.5116 97.9505 105.803 107.44 110.044 113.157 114.243 117.02 120.733 121.075 121.675 119.839 116.354 115.838 114.219 106.474 105.263 105.275 98.6523 93.1876 94.0574 89.9184 84.0638 81.0526 81.4665 76.4037 78.9711 78.0413 83.7279 72.1087 76.2177 73.5544 65.5763 67.6338 69.9132 65.8702 66.794 65.3183 69.4933 73.1285 71.7488 76.1097 74.2622 80.0748 75.102 80.1528 74.8201 75.9298 71.0889 69.7993 70.2132 68.9295 65.8042 67.3398 70.885 68.6835 71.5568 70.753 75.4799 70.0152 75.2819 75.4799 80.2667 70.969 81.3045 78.2872 84.2378 83.8539 86.6732 88.3348 98.2684 97.6446 106.366 106.558 116.858 113.613 121.117 118.424 120.463 119.491
127.812 134.681 127.395 127.855 119.964 116.004 111.814 112.666 111.161 102.019 102.575 96.3657 91.7644 91.4742 88.965 85.0168 81.5341 79.7686 78.3296 78.378 72.6159 77.8036 74.5628 76.2678 75.4274 71.6122 71.0499 75.0706 76.4673 76.5701 80.8267 80.8267 78.9463 86.8549 84.4122 86.3832 88.9711 79.4965 81.3527 80.5486 74.726 72.8879 72.6521 76.3585 77.5738 74.1758 75.4818 71.7633 79.297 79.6295 83.6866 80.3793 83.0517 82.1267 86.8851 81.4011 89.9929 92.8528 93.5239 91.1719 98.6753 104.897 106.13 111.022 124.336 119.348 120.448 123.133 130.195 131.555 127.528 130.291 123.87 124.868 116.149 110.562 111.917 112.92 108.168 97.853 96.4382 91.2565 90.6398 90.9724 86.3349 84.1219 73.4019 79.8351 80.3914 78.3356 80.5365 75.512 76.1469 76.4492 71.0922 73.5349 74.1032 73.4926 71.8903 79.8714 76.4976 80.7118 82.2778 90.2891 85.827 85.5307 86.9274 80.476 82.2778 77.1687 75.3185 77.0478 71.8964 71.8782 73.8795 71.7391 73.946 72.0596 76.2134 83.1545 80.5546 77.9487 83.2331 82.3685 87.5623 84.654 96.6982 93.3123 99.0079 95.4043 102.11 101.711 107.908 114.74 121.143 119.039 124.559 127.964 132.341 123.459
145.647 140.314 139.102 132.429 131.064 126.408 112.666 108.918 105.292 99.8137 103.269 100.965 94.3961 90.8616 88.6739 81.6292 81.9095 77.534 79.6547 81.7328 78.7224 75.3097 80.8796 81.6414 80.2276 80.1484 73.9081 75.4133 71.3303 73.6887 78.2044 73.7009 79.3378 75.1025 80.6237 80.7517 79.2708 74.8466 79.9533 77.1745 73.122 75.4133 77.0038 75.4682 75.6449 79.1794 78.2287 74.0543 78.5639 87.1565 80.3677 81.9826 87.2418 80.7212 85.4075 86.5105 90.3497 90.7946 91.5807 97.821 100.064 107.328 109.771 119.302 117.889 126.865 136.78 136.451 137.383 138.919 138.937 138.401 135.494 128.772 125.433 124.488 119.059 112.501 105.329 101.051 101.52 91.5259 92.8361 85.7853 86.1388 82.8907 83.2319 86.6567 80.3251 84.1155 74.9197 75.4986 77.729 80.7699 77.5096 75.9252 75.2731 73.9507 76.9124 74.615 80.5993 79.7644 77.9058 76.1019 79.1246 78.8503 78.8808 76.8393 78.442 75.3585 75.7363 72.2871 77.2537 77.6011 74.9502 75.1574 79.8193 79.4232 81.2879 81.032 80.7273 83.0308 84.4324 82.5128 85.5294 85.5172 88.2412 91.1297 101.252 102.849 102.928 106.499 112.032 115.408 125.689 124.75 129.169 129.12 137.444 137.219
145.884 142.924 143.544 141.561 141.825 131.967 119.813 115.452 107.855 111.976 100.915 97.0823 92.7892 88.5023 90.4369 92.3224 87.3968 84.2583 88.8339 80.6532 85.7324 81.0524 78.393 76.5566 83.6503 79.4494 81.4024 77.0664 76.4584 74.2842 75.3344 76.9865 73.2954 73.8973 72.3127 68.9962 69.8191 72.4171 71.6801 75.3528 74.8369 75.9179 78.178 79.7565 84.5716 78.8782 80.4935 83.2388 81.1138 84.1478 83.6872 80.3706 89.6815 87.8021 88.0417 87.71 90.8361 92.0399 93.6613 99.2135 102.125 108.672 117.755 124.044 118.99 127.717 136.033 140.283 135.192 148.789 140.523 142.494 133.712 132.882 130.524 120.003 115.593 114.758 106.172 103.113 94.8528 101.062 92.7831 89.1656 89.5587 86.6536 80.3276 80.7084 85.1489 84.9892 81.3533 82.3667 85.7631 80.6286 75.015 76.5075 79.7872 78.5465 76.9743 69.5366 71.3791 72.0793 73.2217 70.4886 74.2289 78.7247 72.3311 70.7097 74.5421 73.842 71.8459 75.015 78.5281 81.7587 80.5979 80.5242 79.6766 83.3002 83.7056 82.4097 78.6387 82.8642 83.4231 80.1741 92.2303 97.1805 90.1421 93.5016 95.2705 106.424 105.632 115.772 118.99 124.259 126.833 134.166 138.643 142.949 145.491 143.127
136.843 139.071 136.861 132.398 124.724 119.902 119.456 111.986 107.306 97.3353 100.065 91.0777 92.3528 87.1598 88.9176 83.3347 81.4655 80.6052 82.7096 80.1348 81.4903 76.0931 80.5742 82.7467 82.821 75.0842 79.8377 85.2535 80.7847 80.2153 82.1897 78.6988 78.3708 79.8129 75.7774 76.5759 75.7712 78.2346 78.8721 80.4938 79.7325 80.7909 81.9978 82.8024 78.8474 78.9712 76.2602 80.9394 75.0285 76.6687 79.0269 81.5522 81.2241 83.409 79.5344 83.3904 90.8921 88.2553 95.0018 95.825 99.4521 106.985 107.721 110.37 117.445 123.919 122.266 132.448 138.668 136.36 142.258 135.988 132.287 133.327 128.474 115.179 109.572 105.71 100.399 103.816 98.6041 95.2309 89.3756 93.0274 85.3215 78.606 82.4868 82.6848 80.9023 75.8579 79.5715 75.3503 80.7723 80.9642 82.0411 83.081 84.1208 81.0446 82.6725 80.9332 73.8711 77.6838 82.9634 76.0807 80.7352 75.3194 79.3302 78.9217 80.9394 80.4257 79.5839 79.6149 79.6458 80.5309 76.6192 80.8899 78.5565 80.7042 77.1081 73.1655 78.5193 80.5619 81.0508 81.5522 79.0888 86.2438 89.4994 91.3191 92.0866 100.628 101.724 106.533 104.961 119.172 121.313 125.763 132.219 134.41 134.8 135.933
122.498 120.128 120.652 113.991 116.56 117.446 112.163 101.342 95.7593 92.9089 93.5139 89.3412 86.8588 83.8338 85.2496 83.4284 86.4971 80.2474 79.6237 78.7505 79.948 80.3472 75.4822 69.7066 77.0291 77.1039 83.5344 78.9252 82.0437 78.894 83.3535 80.7152 91.861 91.5866 91.6053 92.4848 93.9879 86.5782 83.84 88.4181 84.2766 77.6652 74.765 81.813 78.7193 79.0811 75.9874 76.6548 72.9811 78.1081 79.262 83.1789 84.3889 78.5946 82.7298 86.1353 88.0065 88.4119 91.1562 87.994 98.672 94.3809 103.306 112.157 110.423 114.334 119.105 121.7 121.444 125.149 118.949 125.879 120.159 120.733 113.71 108.433 105.396 101.878 93.4952 94.6366 91.8922 95.9713 85.5802 85.1498 82.3369 83.1041 84.6883 78.3513 76.4116 75.2327 74.7462 73.2431 76.9729 80.2474 74.8336 75.4947 81.3389 79.0561 82.0749 84.2704 83.4284 85.5303 89.9649 93.9567 95.4911 90.0336 92.3475 88.1437 87.4389 85.2185 81.1019 81.2641 77.0665 79.343 76.2369 81.4637 72.8501 75.9937 79.7859 77.316 75.7068 75.133 82.7735 77.6964 83.2662 86.2663 89.9587 89.4972 88.6926 88.1811 97.2562 97.8113 102.938 109.082 112.282 119.411 113.616 120.483 129.003 120.502
95.9263 106.604 97.177 103.185 96.8313 96.9256 94.3048 97.9878 91.1749 88.1645 86.9326 89.2769 82.5269 90.7161 82.1812 73.5332 78.4417 82.2567 77.6624 81.1945 79.573 78.3789 80.1575 74.7839 78.2343 82.219 77.9201 82.0618 78.2783 81.8481 80.2895 77.6624 81.6345 77.191 77.1471 76.4306 80.5032 75.8021 81.999 79.8558 80.7923 77.0591 79.0639 77.9578 78.2343 82.5583 84.4815 78.6429 78.932 77.5556 76.9522 83.0423 83.5765 83.6833 83.2623 77.3356 85.3865 82.1435 85.022 82.7406 90.0499 87.272 93.0981 95.4172 96.3977 100.646 98.3648 102.387 101.419 103.914 105.756 101.055 97.9626 101.47 99.7412 102.991 95.7378 90.1693 85.7699 89.4843 82.0681 87.096 81.4019 84.1861 87.7497 84.8586 82.9354 81.3516 79.3468 83.6896 79.2776 82.1624 79.5227 78.6554 80.83 76.9396 80.522 80.1135 83.8342 76.7448 78.3663 82.7595 76.1792 81.603 71.3272 80.9431 77.2099 81.3831 72.999 79.1582 80.1135 85.11 75.7392 82.3761 77.8447 80.4403 79.1708 74.7148 78.5046 78.7686 81.3202 79.8935 83.5639 83.8467 81.0374 85.6945 81.0877 84.4124 85.8076 91.1372 84.381 89.2832 93.7957 93.6198 97.4787 94.022 105.53 99.9046 98.9619 97.4661
84.4581 85.6929 86.7378 86.7251 88.2133 87.4281 86.2692 85.1927 84.781 82.7229 83.5778 84.5784 81.0511 77.7138 79.6136 82.115 75.8141 77.1439 81.3298 77.3402 83.2675 77.1439 73.0024 78.5244 80.0569 72.3691 73.0277 72.7111 74.9022 72.1411 67.4487 69.0255 66.9674 62.5789 62.028 61.4833 60.5778 66.1505 64.1874 66.1442 69.3738 64.5547 71.3496 74.9781 76.4346 78.3281 75.9027 78.3154 80.1139 81.0321 78.1825 79.4046 74.9022 81.6337 78.7777 79.3603 78.4231 79.411 82.7229 85.104 82.7103 87.9727 85.3383 83.7172 85.8259 91.5886 92.7031 87.7447 86.0096 88.9036 89.2519 90.702 87.7764 94.052 87.9473 85.8766 87.2444 90.4424 88.5806 79.088 80.0569 85.3573 77.7582 78.3978 78.9297 79.4426 75.4848 76.8463 76.9286 74.5792 74.7375 72.8251 75.4404 73.1797 74.9592 72.7744 72.9074 69.2661 69.4878 70.0577 65.4982 63.1615 65.2323 63.2755 66.5621 64.466 65.8718 66.3151 61.1984 66.8091 66.3215 71.7675 75.2251 73.6546 71.6472 77.5872 79.0627 77.9925 79.8099 77.0046 72.1855 78.2584 79.2273 85.4206 79.259 83.6538 82.229 81.4247 81.982 85.9969 84.6101 85.0027 90.3601 82.6723 85.6929 89.6381 88.3463 93.2034 93.7797 86.9215
90.0712 86.9257 88.1443 87.4616 89.4778 87.0724 91.9215 86.9512 82.0128 82.2872 83.9078 84.2587 77.7444 77.0681 74.1331 71.5108 71.4151 73.8205 72.1425 69.4436 70.7771 62.2657 68.1739 64.9582 64.8306 62.9994 66.917 56.2809 59.6179 62.1891 61.8893 61.398 60.1283 60.3516 59.452 60.1921 58.8267 58.3546 61.1683 59.4711 64.2627 61.8574 58.9671 64.0905 63.5928 61.3023 62.5464 67.236 64.7923 69.9859 65.5835 68.6269 73.9226 76.2578 73.0166 72.7103 77.1702 76.2386 79.5181 76.4619 81.043 82.1341 82.1596 83.3527 88.8589 84.6033 93.3252 85.9623 90.8815 88.9291 87.9848 91.7939 84.0864 90.1031 86.8747 88.508 88.8398 84.5714 87.6403 80.6028 80.4497 80.2965 78.4973 74.433 75.5496 73.1633 72.5125 71.6448 71.849 71.6193 70.3815 69.6924 65.2326 66.3555 68.4993 62.0105 59.5413 63.1717 58.3354 57.6272 57.9143 59.2861 60.275 62.5337 57.9654 61.8255 58.6353 62.6932 61.6659 59.1202 63.4333 64.0203 63.2929 60.3644 60.7472 62.0934 65.7876 65.9599 66.4384 69.8966 70.5984 66.8595 72.8762 72.3594 72.5763 72.3339 79.5245 79.8754 79.7606 80.9728 82.855 84.0864 85.8219 83.7228 87.6531 88.8972 85.7198 91.9725 83.7355 85.2221
94.0682 91.2527 89.89 86.5024 87.9423 84.5161 78.808 85.2168 78.9301 75.7097 78.0495 77.6895 73.2349 71.1393 68.6709 72.727 66.6332 63.2907 63.6956 59.7231 58.8682 57.9875 64.3127 56.3484 59.6395 58.3925 58.5018 59.6588 61.7929 59.6395 53.4493 58.386 56.0077 59.6459 55.8084 54.1628 52.8579 57.9425 52.7358 55.352 54.5614 57.4925 61.8636 53.565 57.6211 60.6359 63.1749 57.364 58.0325 58.9389 59.1317 62.2365 64.7113 72.0971 67.4817 65.714 69.8151 72.3221 77.0788 78.5766 81.8613 79.1101 86.3931 89.5557 87.6658 90.5649 91.7284 84.5354 91.8377 88.2508 86.4381 93.9718 92.2233 87.5373 93.5154 89.0864 84.7089 85.6603 82.112 82.8962 78.4159 70.8243 74.8354 68.9731 69.1852 69.873 68.131 66.6847 62.9564 57.9489 59.9159 62.6928 57.7754 58.1675 57.9875 55.4291 57.4861 55.9434 55.3906 55.0177 55.8791 56.4576 53.8671 56.9783 51.5402 55.5191 54.2978 55.1013 55.1784 53.0315 56.2712 56.0462 58.5596 58.2961 56.7983 56.6826 56.1362 59.4081 63.5542 57.5697 64.1649 62.905 64.6405 61.9086 68.0217 69.6544 72.2321 67.1025 77.5609 75.3818 81.3278 85.9881 87.3252 86.0524 81.8292 92.6347 88.8486 91.9405 95.2767 91.8698
95.1681 88.4656 93.5815 91.3214 90.5897 88.9384 89.8838 83.4404 81.802 82.6633 80.5652 74.3031 72.8201 78.0008 70.858 71.5185 67.2315 66.3379 64.1814 66.4804 61.4746 63.6051 58.6576 58.3856 60.1988 56.4299 56.1644 53.3086 52.2984 57.1034 49.4685 49.7016 52.0912 53.6 51.8321 52.1689 52.933 51.3011 51.5731 50.1096 52.402 50.8802 52.5639 57.5697 55.2254 53.6389 59.9333 63.5857 59.221 62.9575 62.1481 61.8631 68.8893 68.1641 70.8062 69.8931 72.859 74.9701 75.7342 77.7871 85.1306 81.3099 85.0011 84.7615 88.2066 86.7301 84.6708 93.4649 92.4741 90.5573 92.785 90.4213 93.7499 93.2124 92.8886 89.832 84.36 86.6524 80.5198 83.7836 75.922 76.3106 72.1402 70.7673 70.1392 72.8525 63.4044 63.223 63.4756 59.2016 62.8345 60.2118 59.2922 59.2145 56.8055 48.4194 57.6862 51.3141 53.6518 51.4889 53.2503 54.0404 50.9514 50.6535 49.9153 52.5639 49.9671 51.7739 50.7572 50.5564 50.8996 55.1477 54.2865 53.8396 57.5438 58.0036 58.2173 57.071 58.5929 59.7261 63.5533 68.585 66.9725 64.2592 63.0093 69.4268 74.9183 71.797 78.1886 79.7039 83.3174 83.8484 86.6395 85.8365 91.1077 90.4861 96.7417 90.3177 94.4687 91.8978
90.618 93.3774 87.2388 95.6541 87.9498 87.5911 83.6182 88.3021 89.7438 86.2733 84.9621 91.1072 86.0254 84.6555 80.3369 84.3032 72.3261 73.0436 70.1015 64.6153 67.4465 57.8961 58.0461 56.9306 55.365 54.3016 57.5242 50.2636 50.7202 44.9534 46.5191 49.8135 45.932 49.9244 48.9067 46.917 46.6365 46.2255 50.5115 46.8844 47.1649 50.0548 48.1565 53.8841 52.6968 53.2383 59.3834 56.8132 58.7311 59.7944 64.7197 70.3038 68.8034 78.2951 77.3883 79.0583 80.6044 84.1793 88.0607 86.7299 84.1793 85.3013 83.0964 86.6256 87.5323 89.9526 87.5715 89.7634 97.9373 94.6038 91.1203 93.0904 89.4633 93.3513 88.2956 91.9227 87.154 80.6566 88.7783 88.55 90.5005 88.0086 89.4176 80.6044 77.9232 76.7359 77.3622 72.2152 68.5359 63.1605 64.0216 58.5289 62.2081 56.9763 51.0399 53.9233 50.2571 49.6373 49.7939 50.8507 48.0782 47.1584 44.8686 50.0874 47.4911 49.3177 46.1212 49.0306 46.917 49.4547 50.3027 53.2644 49.6373 52.3772 50.8768 53.6232 57.0415 60.1923 58.7572 60.4272 62.6648 68.1902 74.7985 77.3622 82.6136 85.7123 85.5427 88.7914 87.1931 85.908 83.4747 87.0953 78.3472 89.4959 88.4261 94.4342 93.3122 88.6609 91.5378 91.4464
88.6261 87.2724 90.7354 86.5167 90.6829 93.3705 87.3447 91.0772 93.4296 93.9159 94.2182 95.6047 93.6202 92.7594 86.5036 84.1511 74.2811 77.0213 73.7751 70.0492 64.5688 61.3818 60.475 55.8094 55.448 50.8416 51.9981 50.881 50.4933 48.5285 49.2776 47.8845 47.1814 46.2417 46.4125 46.7017 48.5811 47.9239 47.1025 45.8737 46.3337 48.6599 51.9192 50.9927 48.9885 52.9115 55.6648 56.5454 63.1626 61.5264 63.9511 68.7547 75.3194 80.8523 88.2515 90.2163 89.868 95.539 100.402 99.7577 92.1483 88.2975 87.739 84.4665 85.1959 88.6721 93.4231 96.0844 89.9403 87.8375 91.386 87.6995 90.788 85.7282 98.9889 88.8561 89.6446 90.3806 93.8962 94.3102 93.2194 90.8143 97.2935 90.2163 91.7014 82.114 82.2257 71.8169 72.474 61.8812 62.3083 62.3478 54.5412 55.6057 58.8124 52.3726 50.5393 45.4203 47.0762 46.5374 50.9401 45.3086 48.7453 45.6569 44.612 50.2699 47.8582 48.2656 51.203 43.8432 49.4025 51.8929 53.0889 47.9305 51.663 50.3027 59.2199 56.5914 62.5383 62.2229 68.643 70.3055 77.6193 83.1588 81.4766 85.0119 87.1541 89.9535 96.8401 91.4189 90.5777 91.9446 90.7946 90.4332 84.0459 90.1309 90.5449 88.9612 89.868 85.7742
78.9839 78.5272 83.6833 86.5824 78.1962 87.1847 85.305 83.22 89.1175 85.3182 88.6409 89.3293 88.952 81.3667 83.9812 80.1356 78.3154 70.3859 77.7792 68.5127 61.6489 65.4878 62.3041 58.1805 55.6984 52.3559 51.6675 53.8385 52.1043 50.2179 49.7083 51.1115 50.3238 46.7364 50.3238 49.9797 46.9151 48.5036 49.9532 49.7414 52.3823 52.0448 51.8793 54.7718 56.7244 58.5512 61.298 55.1821 60.7421 64.3295 68.4597 72.3451 72.4377 71.4383 81.5322 77.7329 81.8697 89.6205 88.0717 91.9504 88.0783 85.3314 86.7677 84.5504 89.5742 84.14 88.674 86.9531 81.3733 81.5322 82.7831 78.7323 86.0661 86.5295 89.2234 87.6017 82.9221 84.7159 85.1991 92.6123 88.1776 86.3441 83.6568 85.5763 83.2134 79.798 78.4676 70.0284 68.3936 68.698 66.0769 61.6555 65.1238 62.8403 55.5131 57.5385 55.1755 54.0106 51.502 49.47 55.0034 52.6206 49.5428 52.8589 49.3707 51.5351 54.2224 50.8864 49.6421 48.7022 51.363 55.4204 52.9317 50.7673 56.7045 60.709 59.0211 59.0079 65.9115 70.922 69.4394 75.6148 74.2248 77.991 78.8052 84.2261 86.0397 79.4869 85.8146 88.4953 84.2195 88.5284 82.4588 82.1543 86.0595 80.771 88.0121 78.0374 80.7445 78.9309
72.1533 70.42 72.92 75.6533 77.52 78.2267 77.5667 79.28 75.68 78.66 75 80.8733 76.1133 71.1667 77.3067 73.5933 64.3067 76.0133 72.7533 62.86 68.4733 68.2267 65.86 67.9533 59.7867 62.9 70.16 61.1067 67.7933 63.06 62.4733 57.1267 59.9733 61.9867 59.7133 59.42 54.6267 60.86 55.0067 58.7533 59.22 61.3467 59.6333 67.7467 63.5133 66.7467 62.54 61.02 69.3933 71.8667 74.4267 73.92 69.6 72.44 71.2667 76.1733 78.2333 73.94 73.0733 75.8667 72.52 76.5467 75.14 77.2133 76.7867 73.5133 76.6733 72.4467 73.3867 67.6867 70.26 74.28 72.38 73.6933 74.4867 79.8533 76.2467 76.34 76.8867 81.7333 76.44 77.0667 82.9867 73.7733 77.38 76.7333 75.6 72.0533 71.4867 67.66 70.7333 68.0467 63.62 68.5733 64.4667 62.9333 59.4733 58.0667 64.1333 56.8867 60.9667 58.6467 59.9267 61.0533 53.1867 60.7133 62.9133 57.3733 61.9667 60.3933 62.9733 62.74 64.5733 59.42 66.0467 64.44 64.5933 64.4867 64.4 66.7467 73.7733 74.0733 78.4467 72.0467 75.0533 74.52 76.9733 76.2133 80.1 76.02 76.78 80.6 74.9467 77.1267 76.5733 75.1067 73.14 77.8333 70.4467 72.84
