169.833 172.332 173.162 172.829 172.357 171.61 169.469 167.415 167.434 166.785 167.463 167.883 171.005 166.867 166.806 163.546 165.858 165.891 171.648 163.829 169.082 165.539 167.115 163.536 168.153 164.515 163.943 164.067 168.833 164.784 167.574 163.251 161.12 167.291 163.169 165.517 159.139 162.062 163.195 164.425 167.063 162.167 166.344 160.87 163.571 166.215 162.675 166.138 163.944 162.783 162.577 164.684 159.871 160.398 160.071 159.578 164.317 166.369 165.596 164.214 163.733 159.957 165.469 167.437 164.18 166.114 163.003 164.41 164.582 166.608 161.748 166.463 164.967 167.657 165.562 162.961 161.01 162.242 159.233 163.862 159.078 156.64 157.149 161.121 158.722 163.3 166.331 164.458 162.04 163.565 167.165 160.417 164.541 165.899 169.227 157.05 166.524 156.808 162.435 161.899 163.37 167.032 166.864 166.135 167.017 161.281 161.635 160.78 166.954 170.524 167.006 161.447 160.126 170.2 166.176 160.725 163.394 165.083 164.178 165.462 169.626 166.558 160.668 162.513 169.985 166.101 165.929 166.733 172.308 163.955 164.953 169.09 168.376 170.709 169.183 171.901 170.569 168.984 168.164 167.689
147.57 147.896 143.797 149.796 150.704 146.07 145.675 150.843 144.014 148.874 147.734 142.749 144.842 139.102 143.404 148.286 142.027 139.62 139.178 144.045 141.644 142.024 144.869 144.804 137.555 142.071 138.757 134.127 140.675 141.577 138.323 141.686 140.814 136.693 137.908 135.103 147.084 137.769 142.422 142.251 144.069 137.473 142.876 141.526 138.029 138.52 140.864 144.366 142.449 140.582 141.557 137.988 142.428 140.155 144.517 146.451 140.274 144.87 145.107 149.049 141.346 152.852 144.726 146.323 148.036 137.972 144.546 147.271 150.564 144.641 141.486 146.787 141.949 144.129 143.824 147.804 144.219 139.471 145.808 144.569 140.106 140.983 137.84 142.886 140.135 143.186 143.184 140.819 141.647 136.185 133.833 142.655 137.228 141.748 138.13 133.176 137.521 139.926 132.937 139.349 137.014 141.028 137.674 131.674 140.196 131.467 140.197 137.508 134.833 130.761 136.679 132.117 136.442 139.978 136.443 134.407 147.995 135.338 141.057 140.058 136.277 143.245 140.809 138.742 138.168 134.632 143.143 143.989 144.77 145.215 146.44 146.855 141.714 142.491 145.261 143.674 144.865 143.814 150.225 148.669
137.769 130.694 130.557 132.176 131.39 132.424 136.4 125.918 134.322 134.541 137.031 130.479 129.361 130.634 128.038 132.408 132.503 124.984 131.803 126.02 124.135 129.276 131.849 131.534 127.902 129.459 129.831 119.04 129.259 124.082 119.301 123.502 129.348 129.746 121.836 131.028 132.607 127.619 128.873 124.861 129.371 128.971 124.876 125.204 125.015 132.863 124.586 127.815 127.524 130.212 125.047 128.52 131.133 136.221 134.726 128.469 131.351 132.933 132.661 134.333 132.72 135.502 133.869 137.091 133.114 138.542 139.291 142.954 135.289 137.655 134.552 137.654 132.317 135.705 128.269 137.425 131.356 128.655 133.388 129.015 126.454 129.773 127.586 120.402 132.994 126.825 130.308 126.041 133.054 127.954 128.877 124.776 122.464 126.918 125.535 123.862 126.981 123.4 125.648 120.994 124.105 127.734 122.057 125.603 127.431 124.546 120.041 123.288 116.852 125.979 125.85 122.766 124.706 124.579 123.255 119.232 121.101 126.586 128.097 128.004 123.283 126.104 125.703 121.691 129.369 125.413 132.15 125.292 130.316 120.65 125.834 127.902 128.317 128.251 130.23 130.49 129.588 126.121 127.245 133.713
126.988 120.355 124.848 133.693 124.399 119.819 119.841 125.4 119.255 121.602 120.871 119.753 122.833 120.687 113.559 123.084 115.614 118.929 119.572 120.533 120.244 119.699 117.093 119.961 122.23 116.747 116.371 118.276 121.218 120.157 120.021 114.658 114.576 118.719 112.577 116.199 116.079 124.334 115.722 120.678 114.439 120.397 115.523 124.374 120.788 122.953 122.283 121.898 123.943 129.964 120.416 125.959 123.852 124.899 128.132 124.478 125.246 122.141 130.327 128.352 129.87 133.955 128.984 128.732 129.572 128.871 131.779 127.721 137.347 130.539 134.939 131.064 128.218 125.386 130.841 128.508 131.918 127.402 127.413 128.198 125.283 126.946 130.663 125.882 119.91 125.645 119.333 122.084 119.417 117.837 117.221 114.627 122.761 121.627 113.31 112.412 122.773 118.758 117.273 112.085 107.735 114.81 120.187 119.917 115.122 117.42 114.565 111.244 117.931 114.462 120.496 109.426 116.059 115.274 110.515 117.843 113.858 112.605 111.253 112.675 116.643 118.983 120.996 119.18 115.907 120.177 123.326 117.642 119.425 114.536 115.309 121.492 121.074 114.569 120.527 119.289 119.471 124.295 118.009 117.391
116.63 113.363 121.979 120.829 118.931 117.282 112.198 113.107 119.375 118.358 118.676 109.4 112.885 118.516 116.483 113.98 105.298 109.788 109.204 115.611 114.042 109.467 113.342 110.469 111.485 109.337 115.813 111.65 109.689 112.204 114.694 109.417 114.228 117.963 110.528 110.106 108.948 112.519 115.159 113.148 118.205 117.623 110.504 115.219 113.805 114.58 118.061 116.734 121.38 114.106 115.39 122.777 118.271 118.976 122.159 121.811 119.834 127.528 122.458 124.423 119.946 121.701 128.176 122.463 126.582 129.11 126.528 124.896 127.996 124.642 132.104 124.163 129.425 132.709 122.155 123.182 126.573 122.077 118.582 119.586 122.636 121.695 111.001 121.684 112.271 115.481 111.398 110.84 113.879 108.312 111.917 114.802 105.134 110.386 112.95 108.894 112.084 107.451 109.066 109.035 114.42 107.889 111.641 108.848 113.996 111.008 113.694 107.836 105.111 104.894 110.315 109.347 109.484 104.654 115.814 107.564 107.836 114.685 114.378 109.468 111.929 106.618 112.396 107.993 112.86 113.694 107.532 108.843 116.494 121.02 106.832 105.678 115.353 115.452 112.227 115.838 111.719 108.514 113.368 114.875
112.597 102.999 110.075 112.161 116.501 108.774 110.779 108.986 111.406 107.956 113.117 108.321 114.688 109.509 107.652 102.324 109.997 97.828 109.525 109.684 109.997 104.971 107.569 110.761 109.274 107.981 107.071 105.536 113.384 100.816 109.07 110.965 102.735 105.615 109.608 103.059 111.069 114.092 106.589 103.161 108.904 106.943 121.886 112.44 107.788 113.75 112.526 109.941 115.97 112.612 114.111 109.197 115.622 116.166 118.541 118.786 115.807 118.897 119.917 120.79 115.736 126.842 115.888 126.809 128.256 125.478 133.403 126.508 124.175 129.311 127.096 130.704 124.06 123.753 121.424 120.151 115.968 111.561 116.439 109.865 115.11 116.499 118.096 115.091 108.209 115.179 112.073 112.179 107.85 105.901 108.554 105.13 102.439 110.081 105.867 109.029 104.033 101.361 111.153 97.5901 110.12 103.028 107.571 101.307 99.8328 96.5227 96.7522 104.738 105.461 102.389 99.8129 98.2384 102.962 104.793 99.0782 107.676 107.516 99.4469 106.569 106.045 102.594 95.9089 110.488 100.05 105.364 113.227 111.808 110.411 112.66 107.449 107.5 113.709 112.94 114.957 113.327 107.691 111.048 108.4 106.683 110.319
113.012 108.32 110.025 104.492 111.798 106.61 112.715 105.156 104.11 107.696 100.611 109.525 106.194 104.23 105.964 109.076 108.674 107.292 104.977 110.557 100.573 105.332 105.019 106.196 104.213 106.364 98.7782 96.5233 107.308 103.233 104.094 103.681 103.406 102.723 108.616 106.278 110.099 104.545 102.798 110.505 103.409 108.522 106.295 102.116 107.185 109.412 106.51 113.799 108.41 112.618 112.983 110.87 104.735 105.883 111.438 109.275 116.635 118.369 120.163 116.748 118.546 119.286 119.529 114.634 120.609 120.531 119.542 122.098 121.848 130.759 120.236 126.709 120.02 119.103 122.603 116.98 121.17 119.074 110.791 107.8 112.667 113.871 109.022 104.718 105.396 106.901 105.213 106.469 102.318 103.465 102.937 101.494 94.2521 107.557 97.9144 95.8855 104.015 103.826 101.88 102.166 103.033 101.322 94.3719 96.086 99.3443 99.2848 97.3697 103.784 103.83 103.287 96.2602 99.8462 91.4604 94.9758 99.1196 103.359 90.1987 98.8405 103.323 101.497 101.828 98.9655 103.959 97.107 100.449 107.477 106.94 104.056 99.4511 101.459 95.4406 101.44 109.489 102.105 104.059 101.726 108.631 106.117 104.408 100.511
107.783 101.368 102.04 100.818 106.795 102.33 104.252 107.323 107.611 106.673 105.584 101.254 103.302 99.4048 98.6913 97.1685 98.465 98.7218 102.352 100.231 94.0721 100.525 97.6549 100.526 100.14 96.6821 101.022 99.9268 99.4503 91.7789 98.6913 97.2291 103.749 101.584 106.493 104.47 98.9768 93.3954 103.659 106.462 101.895 103.225 94.725 104.047 107.841 100.664 99.6575 100.983 106.564 105.681 108.413 112.02 111.714 111.603 107.441 117.09 112.888 114.952 117.954 113.985 112.219 114.658 122.657 117.691 121.212 126.217 115.914 121.04 116.93 126.511 126.639 117.5 115.237 115.985 121.605 117.792 119.644 114.375 112.538 104.643 110.685 106.223 112.221 98.6215 103.221 104.04 98.6314 94.8844 105.832 102.356 100.568 97.2952 96.2662 102.042 103.377 94.9164 98.3217 94.5894 99.2817 97.5752 104.092 100.514 103.718 97.2386 95.6188 99.0168 94.4083 97.2993 92.5629 95.3128 103.277 88.5129 95.7945 97.2717 94.2735 96.9954 100.254 96.6365 101.796 99.677 98.7273 104.133 94.3238 96.8489 105.851 95.9146 100.169 94.6567 104.697 101.539 99.9569 90.6856 104.583 102.284 100.367 102.978 98.2277 102.18 99.4995 102.053
98.0962 99.2515 102.37 102.276 101.975 95.105 104.205 99.7284 105.334 99.1128 97.8135 100.829 97.8646 104.995 104.457 93.3744 105.125 98.6911 94.2897 102.105 101.937 104.067 89.4624 98.2133 102.324 94.6965 92.6666 96.8028 92.5338 94.799 100.204 98.8418 90.7007 104.409 97.447 98.0377 95.32 96.4765 97.2577 101.717 95.9568 100.725 99.0726 99.3619 105.189 103.99 102.376 101.618 107.097 103.779 103.049 104.004 104.418 101.53 110.028 110.3 112.233 104.601 121.283 101.803 121.703 112.231 118.16 113.207 115.993 116.097 123.874 117.214 117.085 119.045 125.484 117.367 118.957 121.456 113.815 110.201 111.184 114.214 107.187 107.783 106.831 97.8297 100.052 100.338 101.377 104.468 97.6143 98.8837 96.0286 103.555 99.9609 95.3553 92.4142 90.225 97.1365 97.6604 91.9402 96.3324 93.3117 95.8717 93.0564 92.5894 92.841 96.1456 88.6264 97.244 94.6197 97.5794 89.8273 93.5579 93.8621 93.9817 97.0302 89.1328 94.9169 95.3544 95.3262 94.1739 96.5209 94.7633 94.0041 95.4146 90.8526 100.2 94.1278 95.5147 100.371 91.5375 99.7807 96.9742 102.514 98.0526 97.4362 92.2432 97.701 103.15 97.9036 96.2938 99.0846 98.1726
98.3657 97.6747 94.1641 97.8612 95.0819 107.05 92.4252 100.976 99.2006 96.8707 103.336 95.7261 98.1616 98.5989 90.5212 99.3122 89.5876 97.3058 97.7034 97.1605 94.0239 88.817 91.5079 94.1905 87.4364 93.9679 96.288 93.8156 95.8229 97.341 93.7605 98.4943 95.747 96.6444 99.6639 90.5522 99.7032 94.7028 97.8667 98.4249 99.426 98.6531 95.0393 102.782 95.8298 93.5675 97.6099 102.929 104.282 106.525 96.0362 108.123 106.428 103.09 113.589 106.023 112.724 110.952 108.948 113.421 111.439 117.429 117.908 119.184 117.201 114.833 122.014 121.761 121.563 127.528 118.696 121.803 126.043 114.17 115.021 108.593 107.034 109.915 110.484 106.904 101.175 105.532 100.124 102.169 100.105 98.5314 97.0304 99.4792 93.3379 95.7498 92.1452 98.0546 93.5647 82.7544 86.8722 91.8828 95.1601 96.4144 91.1853 94.6478 90.0407 91.6463 88.2306 93.4134 92.4479 89.8265 88.9869 98.5702 93.7462 85.3791 91.9573 90.5841 88.7976 87.1578 87.46 90.1342 89.2632 91.2395 91.519 93.6749 87.6984 91.1603 94.1544 95.1546 91.3464 95.5308 97.8746 93.8327 93.7568 94.0799 94.7019 91.6602 89.2248 96.2695 93.0871 96.5227 87.1545 97.838 95.603 96.8522
90.7725 91.4444 87.9175 91.787 97.3841 93.1297 93.4044 91.1518 90.7837 101.211 92.4185 94.7083 93.4284 95.4119 94.4597 94.6675 95.2516 92.9719 86.3603 88.6088 89.444 88.3719 96.8567 89.0371 94.957 93.3865 95.4446 94.936 99.1001 92.8714 91.7048 95.9852 90.1726 93.5361 85.2524 96.7807 97.2575 97.4806 95.1423 96.5642 103.178 94.593 97.3295 94.5261 95.1867 99.4508 102.263 97.9621 94.0186 104.28 98.6462 104.584 102.217 99.917 106.386 105.864 103.739 109.765 108.73 108.793 114.164 109.763 121.069 113.555 118.664 119.821 115.413 120.889 121.9 115.96 115.51 117.516 113.288 116.921 109.331 112.698 113.083 108.567 105.155 103.345 95.6391 101.041 99.9139 93.5948 91.4699 98.9357 88.8145 96.5254 97.9718 88.7094 98.8356 96.747 92.0545 87.1292 91.8549 95.8627 94.231 85.8942 84.9522 88.2427 85.7916 90.1956 86.5635 92.2516 97.9105 86.5324 85.4173 88.4965 88.2682 89.5232 88.6241 85.6226 88.0834 87.4146 82.8115 86.1535 86.1183 79.7992 85.8349 93.6438 86.8739 92.0708 86.0642 90.3069 84.2727 94.934 91.134 89.9189 91.2095 86.5283 90.5606 91.7456 87.6066 91.1278 91.6113 94.9473 93.4023 87.9165 94.1181 93.8618
94.0959 91.5412 92.3055 93.7375 89.8848 94.859 95.5669 94.6592 96.8487 91.4184 99.4581 92.8822 93.0865 91.3531 88.9642 100.897 88.9318 79.8325 91.7528 87.5216 95.855 85.0033 92.9062 88.0509 82.5921 87.6059 89.882 90.6273 90.2053 95.6501 88.7565 90.8361 91.252 86.5809 95.9672 91.218 101.109 93.6917 96.5651 94.7887 91.9928 95.7511 93.0095 97.5387 102.056 89.1786 94.4822 90.5017 95.4257 99.5563 90.8188 100.834 97.2858 99.6295 97.3523 101.693 104.172 104.936 104.862 108.238 109.348 114.116 111.144 114.304 119.998 111.986 120.545 117.517 116.736 120.195 120.499 118.932 107.833 115.764 107.161 108.482 108.209 105.401 104.618 97.9563 99.7378 95.2141 102.337 98.37 101.499 93.5074 91.851 86.3694 87.6467 93.1155 88.076 90.5826 90.6759 90.4515 89.9864 86.3984 86.2951 90.4944 85.2791 85.9881 92.5857 88.3858 82.7383 84.5204 87.3223 79.7315 87.4714 81.7753 81.6469 87.9353 84.6823 88.8291 89.1602 86.5921 88.7738 86.5754 83.3725 88.9592 81.3924 87.9403 88.6041 87.2073 88.6426 87.7382 86.9036 81.9272 93.8078 90.6524 88.464 88.4283 85.6425 90.1863 88.5617 82.7713 91.8812 88.2334 84.9759 89.1931 84.886 87.094
82.416 87.6324 92.673 83.5473 86.4761 93.2263 92.0301 88.279 94.0438 93.9274 91.8386 95.2388 91.7537 90.6157 90.7048 87.1579 93.0675 91.4441 91.1508 87.0282 80.7822 83.4504 88.745 86.1634 88.2159 90.9005 85.1326 86.4913 89.0898 86.0677 89.1643 90.766 91.4835 87.4051 89.9588 85.8689 95.9375 90.3006 88.8037 93.4978 90.3563 94.7692 95.4709 91.2708 90.1666 98.1858 98.2955 92.493 89.2346 98.8784 90.7793 97.0968 97.4616 97.7616 98.4894 97.0544 100.882 102.245 105.267 101.313 107.988 106.333 112.963 110.325 112.635 115.595 119.623 110.467 112.144 118.809 123.622 119.421 114.174 102.989 109.489 111.67 103.89 100.904 96.0175 100.341 101.729 99.1887 98.4639 102.717 93.9062 92.0537 89.4 83.9212 91.292 93.5844 91.5077 90.1642 80.6967 83.3716 88.9189 91.9028 84.1582 82.3251 76.7499 85.7168 92.6991 86.2404 84.3564 88.5813 84.5733 82.8359 86.1168 89.6721 90.7108 86.1731 82.0451 85.5799 87.2136 89.8867 87.067 84.7502 84.3727 94.2123 82.7068 83.9467 85.5744 86.9421 82.4153 81.5773 91.2901 83.9879 83.1916 81.8451 87.7323 82.3444 83.0462 87.6924 83.6522 88.0529 87.6154 86.4131 82.802 87.4469 78.1219 86.0125
87.23 82.5383 82.5625 87.2751 85.3467 88.6748 82.131 91.946 93.9901 90.868 88.055 89.6311 90.7902 85.5997 92.9579 82.1592 91.7453 89.2389 83.7274 90.3594 90.5091 83.9131 84.7237 82.2343 87.9282 81.123 85.0002 81.9238 91.4877 93.8476 89.522 88.6636 83.2306 87.3431 90.8307 93.6456 92.7964 85.631 90.5921 87.0411 93.1508 90.3162 90.5862 89.1395 91.7773 94.0947 93.7313 91.7871 93.3469 90.6562 94.3994 94.3601 95.6878 100.046 99.6082 97.0515 95.3381 98.1262 102.675 108.726 110.441 110.557 106.934 108.016 109.683 117.883 119.094 117.555 113.857 114.952 113.398 107.159 113.47 110.485 109.255 109.466 106.742 95.5342 101.79 100.534 94.2817 93.898 93.5005 87.0718 92.2323 92.954 92.0375 81.191 84.1693 86.8672 82.503 89.3782 85.6363 86.0762 82.6063 86.6417 85.6304 85.2434 81.5604 86.6796 87.1019 86.9973 81.6564 85.0159 85.8461 83.8189 82.6011 83.0966 86.7718 82.5573 81.1498 76.2482 87.47 77.3975 86.6469 90.4718 81.6617 79.2514 85.699 85.8814 86.9718 81.1145 80.398 79.6705 81.5335 86.122 86.2946 82.6952 81.7578 85.2839 87.3588 85.971 84.4158 84.253 77.0386 83.3993 80.9785 86.0076 77.8858 87.4379
83.9805 87.6827 85.2017 84.327 83.0981 89.7372 86.5281 88.9972 89.0596 88.2929 81.7387 86.1206 85.3209 79.3461 82.4597 80.307 87.4147 81.2014 85.363 84.1369 86.5028 78.6432 77.8611 81.2245 81.8825 86.021 88.119 87.4386 83.9145 85.5103 84.8208 90.9984 90.9584 87.1987 89.3353 91.9123 91.0664 86.6551 86.028 91.3912 90.5438 86.4327 90.3474 90.5137 89.1543 89.3346 90.2892 91.9635 90.7907 94.0033 93.4934 87.5361 100.458 100.389 98.0871 98.5451 95.0863 98.139 104.563 103.194 105.63 106.575 105.144 108.541 110.713 117.862 114.655 121.075 110.05 115.949 109.382 116.094 106.978 106.91 99.6611 112.015 102.346 97.2875 98.6118 95.7289 89.5913 99.5363 92.2652 91.9341 88.0172 87.4891 82.734 82.7081 84.9842 83.7616 84.9127 83.4993 85.0965 83.3001 83.6276 81.8551 84.9793 75.841 84.6875 83.4768 79.3629 80.1436 80.8941 83.2538 82.7053 81.6194 81.0288 84.8257 85.4991 86.4446 75.7063 82.3735 77.1471 83.0721 79.9696 81.4981 78.5492 86.7013 83.3618 81.3466 82.1132 79.0339 79.5677 84.3845 78.4328 82.0115 78.1719 77.7671 80.1303 88.3161 88.1989 89.0147 84.3782 87.1818 78.7435 85.2929 76.7437 81.8677 80.0685 78.6643
89.3629 81.9657 85.2185 83.2048 92.7191 81.6083 84.2311 89.4768 85.8403 87.0922 87.49 87.9739 88.5223 82.6909 84.4431 86.0606 79.453 85.3324 83.1958 85.8059 83.9929 84.9174 83.3441 85.5137 86.4756 88.4594 84.4574 85.2155 81.7469 85.7332 85.044 82.0249 90.9878 87.738 88.2227 89.7547 86.8 89.6513 92.1138 90.784 84.36 82.4474 88.8827 86.6412 88.1702 89.6828 92.4389 89.9607 93.5769 94.3126 93.015 95.9945 87.8136 94.0534 98.5446 94.7793 99.5222 99.3926 106.348 104.4 107.063 107.155 109.509 107.143 110.578 108.96 115.404 114.224 120.298 117.047 117.005 109.09 107.973 113.727 102.186 109.816 100.381 102.732 91.3834 98.66 94.1141 89.7614 85.5279 91.3796 85.2253 92.8532 84.2611 83.7577 83.4348 88.8737 86.3887 82.9441 88.4077 83.1898 75.824 88.0451 78.778 80.6861 81.9672 77.2617 82.6654 90.7713 85.7377 80.8502 82.0608 80.9056 83.455 76.1342 81.8615 77.3149 88.1807 81.8893 79.8523 81.1363 73.9287 81.045 83.7532 76.4496 80.7408 76.4474 77.1793 80.1969 79.4268 76.2353 78.3967 79.0612 78.0498 82.3432 79.659 75.4322 79.5024 80.2344 81.63 87.0817 86.0681 77.5411 77.5658 88.2451 78.3577 82.0001
80.5035 87.9687 75.5692 85.5246 87.3957 83.4886 85.2338 84.3293 89.9138 88.1982 83.5324 88.3472 85.3605 79.9241 80.5935 84.1269 80.4126 81.808 81.6207 82.4136 77.8243 78.2395 80.7409 77.9455 80.0086 81.027 80.0429 79.0197 87.2307 84.2918 80.4843 87.2307 87.265 81.5785 94.617 82.2215 88.7624 92.2208 84.0201 89.1154 92.2925 86.3605 84.4002 92.7555 92.7252 86.1972 93.0448 95.7566 94.4656 96.8547 94.4449 90.0326 87.6802 90.8143 99.2525 94.6338 99.6342 100.402 104.913 96.2188 103.082 106.3 104.168 109.94 109.735 109.729 116.885 115.398 121.679 119.548 111.117 107.835 108.954 110.624 109.327 106.285 100.575 95.0761 96.0745 94.9701 99.3705 92.5157 92.5316 87.3439 86.8658 80.011 87.9734 86.0466 84.2345 82.3459 81.733 77.8514 85.8394 79.4595 79.9265 79.1639 77.9359 78.1407 76.1421 73.62 77.9582 81.1744 76.1118 80.9083 83.432 82.0167 76.9207 75.7764 78.6906 82.3259 80.1664 82.0909 80.2142 76.0752 81.0174 81.8645 80.9983 74.5587 79.3814 80.2461 68.045 75.4401 76.0529 79.1751 72.8502 78.1654 77.4243 73.2 77.9184 82.6909 81.9195 78.2937 76.7119 79.8102 78.3678 82.7865 80.3791 77.9734 76.9008 79.2699
78.8328 80.8624 82.1884 82.419 89.7764 85.2662 90.0694 87.001 79.5389 81.9224 83.7856 92.4749 85.5263 79.9714 82.7087 80.5457 82.7062 81.7324 77.8573 82.1732 79.9671 79.6192 84.3008 80.5558 79.8117 78.9274 84.1851 78.6673 78.5423 85.4216 83.6074 82.2214 82.9621 73.8471 91.3068 90.6615 80.2062 86.43 91.0585 87.74 89.8448 87.1623 86.8507 90.9563 82.9773 86.4368 90.1091 87.6336 89.5838 89.6547 90.3144 89.0475 94.5374 96.0307 94.6362 88.9377 96.3212 100.786 97.6684 98.4462 105.003 112.278 109.455 109.609 110.031 108.265 116.095 110.917 111.639 115.083 116.984 109.989 110.647 106.916 105.136 96.2494 98.5873 98.1059 99.9843 92.9301 90.5813 85.8405 93.0171 83.9081 86.8616 89.7409 87.4672 86.9537 80.1572 79.2881 80.9139 84.6057 75.5397 81.2585 80.5693 80.1116 75.3666 81.6766 79.1234 79.2011 85.7966 75.4561 77.5786 78.0778 83.2265 79.8692 77.1487 78.5642 83.3312 84.968 80.4013 76.9781 78.2593 76.0862 81.0601 72.625 77.4663 73.3269 82.9925 74.4645 75.859 76.8463 77.5642 76.6808 75.4375 76.3683 74.3058 86.0559 84.0027 78.2788 77.359 84.7822 69.266 77.9392 81.6487 81.745 75.2331 72.3547 73.1613 79.7796
76.3224 71.6136 80.2398 76.6669 86.4834 78.2972 77.7894 78.042 89.9563 85.7436 83.6235 81.0259 81.6327 74.7118 81.5336 80.3156 76.7177 79.4045 88.873 79.939 80.4182 78.2454 82.989 74.3861 84.4863 82.923 80.6056 83.0274 81.9851 82.2743 80.3897 77.2951 86.1095 80.71 86.6279 82.6776 83.1925 86.0069 87.3694 80.9822 86.9161 86.238 84.4667 86.1639 83.3004 81.6996 85.3903 89.8599 86.818 92.3138 82.5589 91.7766 90.6844 93.9655 88.0672 90.2365 94.8221 90.3213 95.3361 100.405 105.494 98.9554 107.524 104.994 107.155 114.019 110.126 118.346 116.63 113.687 119.697 114.179 112.034 110.648 102.743 100.139 105.874 94.6223 90.4373 90.688 90.2972 92.1648 86.1407 87.4649 77.8662 87.5479 88.9703 80.7493 82.823 83.5949 78.1428 79.4795 77.7716 78.1535 78.2133 83.0042 74.7903 74.0399 76.2957 76.6133 75.0982 77.5833 78.6282 75.6327 78.8941 77.9393 78.4801 83.3513 73.9248 75.2383 80.3281 81.5729 73.9489 80.0479 75.5015 79.1547 78.837 74.577 74.1612 74.4905 76.9551 74.2576 75.0553 72.7264 71.8787 75.0759 77.1764 82.1297 78.1356 74.3558 76.3581 76.8596 76.2038 79.0771 78.265 79.2716 75.7772 80.0265 74.1425 76.6633
77.8369 71.8074 79.2517 78.0757 82.649 82.8756 83.2591 80.9353 80.2453 84.311 81.082 87.9161 82.2833 81.3912 75.2029 79.8806 77.1939 78.8108 79.9379 75.0092 80.5555 70.9247 76.1157 78.4771 77.4393 75.3505 79.7903 78.6275 83.6426 83.6765 82.9978 82.5719 86.2757 79.7029 83.26 86.4346 84.343 81.3311 87.4818 78.8174 86.8661 85.9495 88.6258 87.5279 87.0766 91.3802 88.5008 85.3188 88.5403 93.2058 93.2189 93.3778 87.7591 93.7059 91.3745 99.4599 97.8064 96.8644 90.0566 95.9883 98.4428 108.979 106.105 111.371 110.821 114.64 120.147 111.287 116.073 109.07 114.348 114.065 111.479 107.251 98.2435 97.3109 96.5354 93.4445 91.4009 92.8438 81.2765 86.3002 85.4588 85.88 81.6338 84.2076 90.4054 80.47 72.4768 76.6938 78.4188 84.0149 81.4025 77.6498 74.0683 79.2808 78.7516 81.8613 79.6719 77.5558 73.6452 77.2522 77.0426 75.8929 79.2526 71.3854 75.0591 81.5774 75.8515 83.0288 72.1318 74.7047 76.4729 74.7395 73.3886 76.5359 71.704 69.5701 76.7436 70.4293 68.1779 69.5344 74.2168 73.2655 73.5992 73.5014 79.2169 73.5061 75.8581 75.7669 84.3402 79.0063 79.0919 72.8951 74.512 78.9819 73.4563 78.4094 71.8507 74.7808
68.4258 67.3531 70.9387 72.0963 78.5504 75.4883 85.5577 79.8809 78.0378 74.7347 77.2051 80.6237 81.0366 71.4839 73.9711 75.4241 82.3089 77.3335 73.2362 74.2773 74.788 73.6442 75.2918 75.3036 78.5712 81.8219 78.5494 82.7247 82.9292 78.3341 78.1306 86.818 83.1761 83.19 86.2896 78.2007 82.7366 82.2299 83.7846 81.3646 79.7673 87.2704 83.7856 92.8721 84.8277 89.9078 83.7105 84.9215 88.0093 82.1518 91.2373 86.5355 96.0221 81.6619 85.4786 102.43 95.0906 91.7767 96.835 97.0089 95.6082 102.747 105.603 98.6051 110.042 117.5 111.316 116.478 113.884 118.086 115.634 108.876 103.712 106.714 104.992 100.064 97.3971 93.7601 94.2046 87.5668 91.2186 87.2853 88.1733 88.3274 85.8698 79.0404 81.9691 76.3823 78.1494 80.5882 86.0831 83.3885 79.1984 75.3787 80.8529 81.171 70.8903 74.1282 74.7366 72.3581 75.514 78.5277 78.5781 75.111 89.2312 75.3105 77.611 77.6328 78.425 68.8387 74.0946 68.5947 78.2738 73.7341 72.0845 80.1911 76.1412 74.868 71.6064 71.4928 72.6357 67.598 74.2388 70.8715 63.9077 78.1306 76.4119 79.4177 77.9331 80.7759 77.8649 71.1658 73.7173 71.8454 73.1483 82.462 71.0671 75.3579 74.0393 74.303
73.6266 71.1528 74.5896 70.2094 78.7295 77.1638 82.8083 81.7893 81.9436 78.9521 79.7256 72.9038 73.3387 75.7203 73.5095 76.9277 71.3247 70.4942 77.0737 75.0856 70.9819 78.775 77.0344 76.0175 73.1326 74.6175 69.8004 77.0934 77.374 79.1654 80.9578 79.5299 77.5966 87.5104 82.8952 85.8412 86.1084 81.4787 83.8862 83.209 85.9375 83.0526 80.7777 77.4807 86.7825 83.997 90.2317 89.7015 81.226 85.746 87.8677 88.9156 89.3018 88.0789 87.7134 91.8336 90.8509 88.2021 94.8552 96.2593 102.659 99.7365 108.181 104.658 105.131 111.188 111.246 114.574 117.839 110.508 107.111 111.714 103.981 104.842 105.72 104.022 95.9642 95.9134 93.304 83.6066 92.6299 93.5194 82.3972 82.597 74.4819 77.4672 82.2274 81.6879 80.6462 77.1068 77.4506 76.8966 78.017 73.6877 83.4026 75.7017 77.8307 83.4523 79.7784 78.804 77.0489 80.2444 76.0279 74.7024 77.1752 77.1369 74.1195 72.1189 77.9073 74.7646 71.1963 73.2383 77.4341 76.3706 74.9116 74.9323 79.8685 71.3599 74.0656 67.2396 70.3441 70.021 68.2865 72.9183 76.9381 72.6988 68.9461 69.2495 73.5178 75.6644 74.6496 71.5359 76.2526 74.2013 77.9777 70.9923 72.1013 73.8916 70.6475 68.0308
68.6324 70.1056 73.1039 71.5332 78.9695 70.4814 84.9954 78.1365 79.7202 81.1988 78.3445 73.3032 77.9123 77.8885 74.915 74.8977 76.1001 74.0311 72.3922 72.1918 70.8584 74.1774 73.4235 80.6398 69.1393 74.2218 75.3873 76.75 77.2916 76.8919 77.2429 83.7833 85.4081 80.8673 81.4436 87.6255 81.5291 87.3752 88.8506 83.2937 88.153 83.4562 81.0644 80.629 80.9648 84.6401 91.6009 79.6898 90.5761 82.1498 84.0595 88.1497 90.4981 93.5929 88.3361 87.3947 91.1654 89.7681 94.4118 98.9061 99.9048 102.36 103.431 107.956 108.487 107.897 110.319 108.822 107.792 110.28 115.677 109.621 112.196 108.121 98.7728 103.466 96.4872 94.6588 89.5298 87.7706 88.8018 78.4192 78.2015 82.2419 81.0959 80.6442 80.9399 79.5544 81.592 78.5362 72.22 79.9639 71.3892 76.5366 72.2168 71.7997 72.6587 71.335 75.422 78.3423 82.438 78.9088 78.0986 74.5467 78.8753 76.1835 72.5287 79.1927 64.6364 75.0602 68.9205 73.4884 79.4494 65.3882 72.8299 73.9716 70.931 68.6573 75.2248 72.5374 72.8093 68.5392 68.9368 75.1425 74.1405 66.0901 67.7983 74.2424 74.8295 72.0814 77.7054 74.5251 69.1545 78.8428 69.799 69.7015 65.8323 70.8812 69.304 64.4685
66.5872 76.7498 71.8347 79.2752 75.1981 75.4334 77.0235 83.4619 78.9234 82.8783 75.6652 74.8521 75.2999 78.7221 74.3635 72.1311 72.1469 67.7193 70.0716 74.5908 70.7457 70.2333 69.4417 73.7935 77.2994 71.5622 70.5364 76.0373 73.4712 75.2705 74.1611 85.1775 83.0774 77.1773 84.2513 74.3364 78.8601 82.0686 83.0457 80.0747 78.8579 79.9786 85.9047 82.6273 84.1563 80.1709 82.7076 82.0641 86.84 83.1011 86.2587 85.3121 89.1742 86.374 95.1897 87.1906 89.3213 96.2833 92.3149 89.5769 99.7711 96.9867 104.911 96.9958 105.802 102.561 112.243 108.581 109.822 117.642 108.604 111.459 104.855 104.369 101.541 95.5403 94.389 93.318 90.4364 82.3751 81.0756 88.205 79.5047 75.6222 81.9419 79.6405 74.4302 78.8375 75.1993 73.7053 75.0432 77.8954 78.2585 76.2691 77.4544 79.6925 78.2698 74.3692 80.5757 77.8321 75.8937 76.7046 78.6385 73.988 74.7695 70.4301 68.408 66.0986 70.317 73.7257 75.6618 76.6367 76.1922 67.2149 72.4568 67.7611 75.5397 72.7972 69.1601 66.7693 65.1543 68.7959 67.4162 73.478 66.5759 69.1499 73.1217 70.5432 65.6531 72.4963 74.0876 73.8591 73.1466 73.0256 78.0764 68.6806 68.9769 66.4741 68.6772 65.2007
63.7701 64.7766 70.2456 66.8063 73.0661 67.7103 72.3401 80.8571 75.0475 75.3138 82.3139 78.4491 76.694 76.971 71.5516 72.7844 69.3145 71.6282 67.3544 69.6233 74.6939 69.1954 73.494 76.562 78.7131 77.4755 71.8945 73.7792 75.269 79.9919 78.9688 79.4651 87.3232 76.0776 76.3334 81.3804 77.7831 80.0544 80.2383 80.3927 80.0697 78.8899 80.2595 83.9876 85.7025 87.3573 86.7975 83.3063 77.3046 86.5229 85.1462 92.0166 92.046 89.7913 84.6712 88.2614 90.6988 93.6962 86.0549 96.8585 92.1062 102.001 106.862 105.878 107.164 107.33 110.929 111.058 106.168 111.02 106.556 105.196 117.59 98.4391 97.4655 93.748 91.4355 92.6342 82.7276 91.3601 79.6536 78.6565 81.5784 80.0897 80.2053 74.8412 81.8719 81.3049 75.9656 80.9431 80.9195 72.8988 77.0017 73.8464 71.594 75.3657 80.1393 67.9519 70.5627 74.7917 74.4122 76.047 73.6107 76.2037 71.8203 71.64 76.786 73.1981 69.9851 74.5948 82.6628 73.0862 73.593 66.0802 72.2976 68.3998 68.421 68.9585 70.5002 69.1612 65.6689 68.929 68.2501 67.8659 65.4037 64.6187 64.1024 71.6541 66.6967 70.8644 68.6026 69.9839 72.386 68.269 79.8705 67.6502 69.3345 64.1319 68.8689 66.4503
66.3704 67.8359 72.6629 73.6244 75.296 74.1493 70.0667 77.7757 80.1169 75.0421 77.5979 76.5849 69.7319 75.2837 71.038 72.2963 69.9159 67.4202 70.7216 65.4837 65.2127 73.3779 68.4503 71.5985 72.4164 74.2965 75.4714 71.4084 76.9136 77.0129 75.1697 76.7775 71.5384 83.2294 89.289 78.6943 81.5542 82.2643 82.0288 80.4296 77.1061 73.7115 84.6643 87.6787 80.3389 85.2039 77.9707 88.8781 86.8239 86.8791 81.7308 80.5817 86.1752 87.5402 90.1904 90.3792 81.8767 95.5742 91.8509 96.2634 95.5312 103.164 96.2217 101.206 112.033 109.993 110.976 105.031 107.515 118.37 111.065 110.813 113.241 96.4559 98.6524 97.9558 90.7937 93.5985 86.2659 85.4872 81.3751 73.6048 82.2618 78.9187 78.8697 79.1014 73.0959 78.6624 80.3548 79.5711 78.6698 76.3225 78.6256 70.5033 72.8126 80.995 74.4915 75.5768 72.4459 78.0737 77.7831 75.2052 81.32 69.6264 81.0808 70.3659 71.1251 73.6857 78.5263 77.8297 75.3352 68.8698 66.6206 67.5808 70.3377 67.2571 67.6238 64.044 64.9588 65.0594 64.8166 69.7331 71.986 66.509 67.6471 62.0217 69.3922 61.7347 68.5264 67.4018 66.2588 65.6333 71.8351 68.0751 74.2891 71.8842 63.2713 69.8729 65.0619 66.4734
62.1494 64.3701 67.5809 71.7739 70.31 77.1073 72.2912 84.4512 73.127 73.6914 76.7442 68.2599 70.3571 72.2148 72.4658 64.9511 63.4528 68.9352 64.0095 76.297 66.6775 65.9882 71.9243 68.4893 73.2047 74.6878 68.7747 76.8232 77.9265 74.2877 80.5206 77.2513 79.1306 83.2752 77.9966 77.1761 80.476 78.7152 78.8541 79.6147 76.9786 80.1244 83.7415 77.0589 83.3275 81.717 83.5976 86.5815 83.5912 83.1516 89.2062 83.2548 87.4721 93.4515 84.5289 84.0906 89.6457 91.2014 90.9402 92.5035 95.7512 99.2919 100.872 106.358 101.715 105.926 114.497 114.568 116.077 114.505 107.775 106.961 105.564 100.473 100.496 92.9737 89.1832 90.8854 79.6848 79.2249 77.1098 85.166 80.0632 80.9627 78.4082 80.4123 77.1557 75.8472 76.6193 75.3223 75.6548 77.7431 71.212 77.8832 73.5564 69.8449 74.9732 75.5045 75.9963 65.4289 73.5653 76.6384 75.9096 69.543 72.295 72.2479 70.0233 75.1375 75.2204 74.5744 74.5782 71.607 73.5844 74.554 68.0663 65.4951 62.3545 67.1528 64.4568 66.424 62.766 64.1726 66.4622 68.4294 62.0309 63.7547 72.3536 65.2875 70.389 68.0994 67.2432 70.3355 71.528 67.6012 66.1946 64.3344 67.0304 63.6095 62.817 60.0649
60.8726 68.6621 69.7023 71.155 72.7399 73.3162 71.2568 69.7261 74.2666 74.1754 69.0031 76.704 73.8449 67.4156 67.9972 62.6888 67.2675 71.5397 69.6852 61.6353 70.3236 68.781 66.5538 65.1302 68.4334 75.1866 77.6029 77.6941 73.915 77.669 76.7741 79.4429 85.3818 77.25 75.7933 79.9306 77.5831 82.1301 75.0941 86.011 77.2394 75.9718 75.6149 81.2815 84.6138 79.4257 76.3088 76.4833 85.9793 81.3635 84.6997 85.0738 80.918 93.1224 84.6865 89.7002 89.0195 96.2366 90.5898 91.8482 99.1036 98.2022 103.77 110.145 105.826 103.218 106.852 115.112 113.439 107.464 109.087 112.073 104.592 98.7507 98.2656 99.8663 89.108 90.0492 83.715 79.1811 79.5288 81.0859 75.3452 72.7082 71.0955 79.9147 77.5262 74.1569 80.7449 74.8456 79.4244 71.9481 72.231 75.6823 75.3743 79.6517 69.8002 71.9904 68.329 72.4517 80.1091 66.8023 74.2626 70.7598 70.8589 68.091 70.8404 61.441 69.6812 70.9924 78.507 72.9831 63.7541 78.8824 66.1837 62.3504 65.6999 67.598 67.5134 62.5196 61.4515 61.0775 61.4092 65.6814 61.975 65.0641 65.146 65.6444 64.7852 70.5642 65.9378 63.8335 64.3913 69.8993 67.1076 65.3853 63.8771 65.955 62.9809 62.2486
64.3891 66.6913 64.4275 61.939 64.6206 71.571 72.1695 81.2934 76.0919 74.6552 74.8018 71.3683 73.6308 65.8997 70.1686 62.7813 65.4971 62.4101 67.3268 65.3766 65.9531 64.0235 63.6879 66.5201 68.8908 73.5158 73.1378 73.0789 74.0266 80.3895 76.5069 72.8461 77.9202 82.7753 80.2923 78.6091 79.2268 74.4443 80.736 76.7876 78.8323 78.7735 74.7278 81.6865 77.5641 76.1467 79.4089 89.3107 76.0905 81.7714 81.6468 80.636 82.8643 80.8702 92.1169 88.0631 89.3628 85.2637 95.7353 93.6029 92.232 94.6095 100.93 102.287 102.597 108.009 108.102 110.183 111.647 116.547 107.331 105.365 100.419 99.0687 92.3032 92.1539 84.6639 90.4009 86.1019 80.0362 81.0264 87.8508 78.6981 76.8273 73.1515 74.9798 77.949 78.0681 79.1939 76.8657 74.0896 84.453 72.8557 66.312 78.0517 73.461 69.1647 79.2446 72.6489 71.7504 70.7301 77.6628 71.4231 78.4434 69.64 76.4466 74.5909 75.5756 70.0275 69.0702 78.9392 70.0193 69.1812 66.768 60.9927 68.1389 62.4101 69.0593 69.1743 64.5548 60.2011 63.8975 64.4165 59.4081 59.9436 63.4578 69.0072 59.7998 66.7968 65.3204 69.592 67.0337 63.0771 61.3213 59.3424 64.7699 62.2362 67.1981 56.3061 62.2006
63.8067 68.0458 62.0663 66.3635 68.6807 75.7628 70.2822 76.4516 76.7662 70.791 74.7991 75.733 71.4897 62.8586 69.2051 68.9188 62.2222 66.3309 69.1102 64.9604 58.6805 62.2251 66.8184 70.1363 67.3428 68.3377 69.3624 69.8032 78.4925 77.3558 68.821 76.847 80.8579 78.8638 79.7992 80.1223 79.5866 82.526 77.8731 78.3167 78.2246 76.6628 81.5013 77.7937 78.8142 80.9968 77.0695 83.1794 77.523 85.4782 86.7565 79.571 81.2164 88.3637 86.7863 90.243 92.0373 86.3923 93.2901 93.6813 102.025 95.7179 99.5927 103.578 103.343 103.847 117.901 112.096 112.269 108.091 108.716 105.571 104.617 100.297 92.7742 98.3895 84.7525 84.9183 87.0428 82.3984 86.0904 84.1303 79.7212 73.7234 71.5889 79.16 77.275 75.716 70.5628 71.032 69.6898 74.8217 76.6458 73.5519 77.2467 76.8513 70.8832 70.9002 75.3844 65.0724 73.8056 78.2813 70.4594 74.6318 71.4146 70.4027 74.9606 72.4223 71.0518 74.962 69.1782 73.4555 69.6785 65.6846 64.9944 65.5075 66.4088 63.6792 65.5131 60.0099 68.2782 62.3555 58.2085 61.9459 62.0082 66.0347 64.4601 60.2381 63.451 59.8923 65.6208 66.4811 65.7314 70.1249 67.4108 64.1285 64.7209 63.8634 62.9833 59.6272
61.402 63.6874 68.5424 72.4085 70.5377 69.2837 64.4712 70.0352 72.4744 71.5266 75.8761 76.8152 67.7718 73.5614 66.4357 69.5825 65.4234 63.6186 69.0874 61.884 66.5266 68.3593 65.025 68.746 68.8266 69.3745 72.2737 70.6359 70.3546 70.3868 75.2257 80.9963 76.8621 77.9095 78.7416 81.717 75.6754 79.042 75.5934 79.6953 77.3396 80.5538 73.056 77.4202 84.0083 80.7706 82.303 81.4343 81.7331 79.3936 84.4756 88.4677 87.6121 86.8899 86.8694 86.613 87.952 85.904 86.4196 93.3256 92.659 92.8949 104.03 106.412 101.033 105.61 106.745 113.822 105.23 108.591 119.29 109.191 100.152 96.9119 92.7821 93.1864 89.7437 89.206 80.5626 80.3619 76.8489 79.1196 73.4457 73.9306 81.3127 73.9585 75.5846 69.1606 75.444 78.8793 72.3235 80.3355 69.2661 72.3147 70.9391 73.6127 75.5143 69.6778 77.0759 71.4079 78.2611 69.4214 68.3285 73.8588 70.1348 66.8943 71.7361 66.8518 69.1167 65.0132 68.0633 67.6678 70.9626 70.9171 65.6622 64.2134 61.717 62.1653 70.4498 64.669 61.32 56.5397 62.3807 60.6051 59.7437 60.6124 61.0461 69.9752 65.1641 64.8052 65.2506 66.2072 64.8623 66.361 71.3845 61.1515 66.2512 62.7952 62.911 54.1445
58.7733 60.1378 67.2642 67.6423 65.2507 71.3757 65.8573 72.2228 72.8763 71.6192 69.9447 65.5503 70.2139 67.3776 61.8245 63.0845 65.3355 64.0663 65.7106 66.2249 63.5731 63.6896 62.363 68.0145 64.5262 66.9056 71.5678 73.3831 71.6994 70.4 75.1136 74.6053 84.2837 78.8606 75.6975 78.7471 73.8399 75.0561 79.7743 80.7031 72.0655 76.4584 77.9015 75.755 81.6062 78.8848 76.4962 80.4157 82.954 84.2247 78.8379 79.7894 89.0714 88.1244 90.8216 85.0627 90.0577 87.0746 94.4218 92.3071 93.5127 98.3428 98.6725 100.107 102.839 106.033 105.109 106.451 111.289 106.648 107.472 108.88 104.711 102.391 96.1841 92.6701 88.9201 87.4649 88.3423 86.1292 80.638 77.4114 73.9942 75.8654 74.4616 78.5338 75.9728 73.0412 75.8049 72.2743 74.0532 71.7584 75.047 71.1019 73.0926 72.9852 66.1205 69.2624 70.9552 75.1076 72.781 73.5071 70.8024 76.8426 69.7011 73.97 67.5017 67.122 73.321 63.8303 65.7227 63.9982 63.1602 64.9618 61.177 60.041 63.9241 61.233 60.9062 56.1715 60.5492 60.6309 59.2937 63.7532 65.1721 56.6389 57.9852 61.6792 65.6471 69.8751 63.7199 61.1528 65.3793 72.8324 62.1603 61.6217 62.3781 59.5024 59.4601 62.1769
57.2007 58.1198 69.2894 66.259 67.9006 67.1844 66.1249 64.5067 73.7382 69.1615 69.7513 69.1583 64.2274 62.3548 70.3349 63.5564 61.0534 56.3706 63.856 60.7773 66.1327 64.3101 61.4389 66.348 67.0003 65.2697 67.9053 72.6334 64.5098 70.6548 73.8474 77.3475 75.049 74.8648 70.4332 77.012 79.1467 78.6754 80.7024 74.5137 75.2128 77.3537 77.6018 77.3366 73.9957 76.9636 84.5692 80.6353 79.6398 79.4806 82.0444 87.7009 82.7497 85.0935 92.2855 87.25 85.4446 89.2395 90.2757 85.9439 95.5764 91.6083 94.3 96.4518 103.432 107.287 114.068 113.951 107.183 111.441 103.56 106.571 107.372 101.414 95.6435 89.937 89.1849 85.9611 80.7227 78.1854 78.4133 79.0811 76.3067 75.4734 71.8376 78.3118 73.3106 81.35 74.5699 77.2226 73.5509 66.8629 75.3923 64.5769 71.591 75.9275 75.9883 66.4697 71.655 72.2573 68.8868 67.7883 68.4639 69.7404 69.7045 67.8632 69.0038 63.3629 65.7176 65.5397 62.3751 62.8121 73.9801 67.0143 63.4955 61.8852 63.4815 63.4612 63.7733 58.6816 57.4801 61.2984 64.7564 61.3843 60.3232 60.6275 60.2498 65.418 57.7469 63.1663 64.4786 69.4501 59.7162 63.6001 59.8379 68.1472 60.3762 60.654 62.4625 55.8416
62.1487 56.1985 61.1372 62.8048 65.4133 65.5821 77.0772 68.5797 72.3878 75.937 63.7826 67.3077 59.9134 61.462 66.5052 63.9547 65.1559 64.7185 62.8933 63.3291 61.7402 59.7847 67.3511 71.1544 66.8461 64.815 64.4757 67.684 66.5985 75.5703 70.6671 76.7443 72.4505 75.4192 76.5883 78.3959 71.4905 75.0091 75.8904 79.9879 71.1125 70.4998 83.0949 72.6918 81.022 72.814 82.8103 72.5438 76.2377 84.4667 82.6752 78.7079 85.5264 87.133 81.8647 91.2225 88.1622 93.9982 87.847 95.1721 89.936 96.7851 102.385 98.9497 98.8275 105.406 111.244 114.045 109.903 108.756 111.332 107.019 107.187 96.8591 96.457 91.8706 89.9714 88.2378 82.4388 76.5433 83.6015 85.565 80.4414 75.3163 78.2817 76.2024 81.3693 78.1064 71.6448 69.9257 73.848 75.5752 72.079 78.0389 74.2661 69.4304 73.2321 70.1058 70.9678 70.7893 69.7713 66.6387 65.3505 67.7756 69.9804 73.3607 66.3765 69.0107 69.3613 69.2133 67.0793 71.1785 65.2749 62.9705 63.7311 61.885 66.4135 59.0627 61.5746 56.4864 64.5513 58.8005 57.514 56.8418 63.5719 66.1305 60.7191 59.4679 64.4226 66.9201 60.4634 68.5138 64.3406 60.5534 61.2658 58.8182 58.5223 56.451 59.7735 56.1487
62.7262 59.3101 62.2659 63.3207 64.1933 64.1254 68.8679 65.6207 72.0902 70.383 72.1564 69.4077 63.2991 63.9896 59.8168 65.8956 54.071 65.7051 66.0247 63.6303 60.6597 60.1878 63.42 65.4087 63.2395 69.1792 71.2954 69.3746 67.0133 67.9472 70.6761 77.6092 67.3892 74.7098 76.0775 79.1674 77.5761 73.9034 79.4158 81.585 74.7495 79.3214 74.9482 74.5243 82.3897 75.6801 83.9794 88.7731 78.6193 74.6651 78.0795 77.7897 75.296 75.7811 87.1305 90.9158 89.6243 84.3006 88.6075 92.878 86.5443 92.1958 99.7963 100.51 104.055 104.135 105.594 102.313 109.362 108.562 110.348 97.8092 109.212 96.776 97.6172 86.8258 89.197 85.9879 82.7292 81.6661 71.9428 79.0349 76.8194 79.7321 77.7914 74.5078 72.1117 71.8037 76.927 77.2035 72.019 67.7534 72.5008 69.81 75.9467 67.8263 75.6222 72.4677 70.4128 71.6166 63.2064 70.4409 72.6449 72.6068 68.0714 71.6249 66.1191 67.4223 67.1077 68.0763 68.3032 66.4735 68.1906 55.6589 63.829 59.2389 64.3639 59.441 61.2078 54.2034 53.8226 59.7142 53.6123 60.1331 54.2233 63.3058 56.3859 60.3252 59.1396 60.9975 63.7976 64.5659 67.7402 61.423 63.9863 59.84 58.3663 58.3464 60.36 55.1638
55.4572 58.8576 60.7213 64.4794 65.7503 65.1575 69.4574 71.5511 69.8986 69.4659 66.8917 66.3721 68.2819 61.6958 63.3874 67.3551 59.8303 61.0007 61.0024 57.7247 63.0825 62.2068 62.4011 59.0194 65.1677 66.672 65.5118 67.4556 66.4403 68.8543 71.4335 69.3858 80.9549 70.9514 76.3637 82.2105 79.0367 75.6142 78.3944 74.0383 72.2308 75.8118 78.3655 76.1303 79.2258 74.5784 81.4064 77.253 74.5664 85.7846 83.9056 78.2428 83.9652 86.3162 79.8391 87.6841 86.5564 87.7642 87.2719 94.5088 90.4031 94.3759 95.0556 96.6485 98.674 105.584 115.846 109.371 105.79 107.093 111.686 110.33 98.2022 98.6332 90.4593 88.737 89.6211 84.4371 80.6432 77.7334 75.7794 81.9584 73.9429 72.8169 76.8782 76.7283 79.0639 80.5001 74.0877 64.1012 79.8697 69.6379 73.1916 73.9225 67.7623 64.89 65.8048 72.5306 77.5239 66.8969 74.6278 69.8151 70.2069 76.8612 60.9769 66.5357 65.7401 70.4267 69.3296 66.7333 63.5237 61.6685 68.7913 63.229 68.9991 67.6243 60.229 59.6361 55.8167 58.8116 55.6156 57.3107 60.5458 54.297 58.0296 59.2664 55.7877 59.9939 61.8559 63.6379 58.062 59.2307 64.0229 57.4743 61.6821 63.6174 58.1591 57.9649 57.2034 60.5322
55.6447 56.0422 61.5203 63.9862 65.5921 65.424 72.8374 71.7796 64.4503 65.9985 69.8619 69.8584 65.0545 60.9844 63.7235 59.0265 58.5168 60.7953 58.0492 58.2086 65.3137 61.0492 65.0352 59.5168 72.4556 63.1666 67.1771 63.5046 69.41 68.6622 76.072 71.6605 82.2875 73.699 81.1631 74.8899 72.4818 75.7428 82.0108 75.0388 71.6377 74.3225 78.8496 79.4171 80.03 79.2244 83.382 84.3926 77.9162 82.4696 79.3558 85.4293 83.6097 87.5519 90.3085 83.7831 84.3663 84.1894 79.0178 92.1929 91.4959 92.0931 94.1001 103.82 103.837 106.232 98.1562 105.724 120.596 110.116 104.354 103.244 100.244 91.0301 89.1334 98.298 90.9688 85.03 79.9267 77.3733 78.3155 76.3995 77.6903 74.2191 67.7533 73.1631 76.2227 72.7953 73.4853 76.1298 73.7095 72.1719 70.3277 71.8654 70.2489 70.2892 73.4013 73.8741 71.2594 66.0457 70.6062 66.4013 74.6675 65.6132 70.3768 70.9582 63.3855 67.1281 71.6675 68.748 65.2226 68.9091 63.4923 66.6534 64.7077 67.5414 58.8163 58.1053 56.2173 56.6604 52.6184 60.8233 56.0089 56.6096 58.2891 58.156 59.0265 60.1998 57.1263 59.7848 60.9389 57.748 59.5606 60.023 60.1561 56.459 58.7568 63.7918 50.7988 55.1525
55.3889 59.2766 61.9895 63.096 62.9125 66.9981 68.8331 70.7347 67.3255 69.837 67.8436 67.6529 65.4203 65.5822 62.218 59.1471 57.9453 61.1926 58.5264 61.207 59.9656 58.3645 61.6549 68.9051 61.3239 63.6033 63.5547 68.9644 73.4692 78.0946 68.6442 75.4446 74.4281 68.8259 81.9949 76.6014 75.378 74.241 76.9612 85.0802 79.8756 73.1346 75.6928 75.8799 80.4657 83.7615 75.9825 77.294 84.1177 84.017 78.6792 84.7258 85.816 88.842 85.593 87.1923 85.933 89.4987 86.5087 85.7441 87.5377 90.9631 95.0703 100.554 102.866 104.956 106.323 108.653 109.644 113.897 108.936 104.274 100.376 98.9814 95.0703 94.8742 78.8106 81.9373 80.9676 81.4929 78.2871 73.5142 76.8964 75.0668 75.4428 77.5027 73.4962 72.8306 66.4674 74.1655 67.7033 76.2326 72.6327 68.0667 67.4262 72.9979 75.1028 68.18 67.2158 67.6511 69.1515 73.167 71.3086 79.9332 70.5476 69.0652 79.1542 67.0826 73.2533 62.8747 69.4088 61.135 58.4185 65.6614 58.6631 64.6845 55.468 66.2047 64.2689 61.4714 61.099 54.0072 53.1491 57.474 56.7453 55.5904 56.7795 59.3791 57.8032 60.2211 62.3206 60.3542 58.3357 57.1735 60.356 61.2591 56.2812 56.7831 56.8929 55.065
60.5997 59.6264 59.8628 55.1683 60.7419 60.5941 64.2766 71.8391 68.6202 65.3181 67.1871 68.3764 62.7382 61.3125 63.2424 60.692 62.9617 61.0244 63.7299 60.4261 54.6716 59.7742 64.1768 62.9506 64.2969 67.1908 63.9792 69.1114 66.7623 71.6304 78.2566 76.6259 74.7182 72.1161 74.0219 74.9361 77.8687 67.1704 78.2935 82.1495 77.5751 73.7782 69.1188 73.6637 76.7921 78.5908 77.1134 75.4809 79.1781 75.6619 77.7284 77.3313 79.215 83.1043 80.4598 84.9234 87.2762 96.1369 91.2578 88.977 94.1609 98.2404 95.2043 105.478 100.584 102.327 117.029 109.29 117.508 111.345 110.568 103.93 98.9809 98.0169 96.039 86.0831 82.2253 81.8356 79.7192 83.0858 69.4272 79.0027 77.4015 70.3026 67.8593 73.6655 67.453 72.4411 73.852 71.5768 74.3359 71.599 63.8278 71.346 65.4068 65.0319 70.321 67.9996 69.4586 68.2286 72.96 71.3294 72.1032 69.5934 65.9036 67.8334 73.3035 68.9193 65.6099 61.6394 64.4465 69.2647 65.2831 62.4446 53.6115 58.7307 60.053 57.0003 56.1434 55.1776 53.9513 52.9504 57.0225 52.7712 59.7852 57.8868 56.2819 59.9865 58.8896 62.9783 60.4372 60.9561 57.7557 64.4465 53.5469 62.4741 64.1067 53.6429 59.6597 56.269
52.5985 55.0101 53.9852 57.9523 58.549 65.8371 64.1302 65.2934 65.4488 66.1099 69.2396 66.7484 67.8434 66.1895 61.5385 57.7325 61.1521 55.5103 56.2264 58.6324 56.0919 59.5872 62.0804 61.692 64.2931 66.9435 64.8501 69.8136 71.1625 69.5162 71.1019 76.0768 69.6299 74.1028 75.7396 77.2192 75.4592 77.5261 77.0847 71.8843 80.9835 77.5223 79.4717 75.8192 83.5373 78.8219 80.0628 75.2565 76.0958 74.0952 82.3968 85.5871 81.1862 76.5959 82.9159 83.7533 89.0995 82.1032 91.9981 90.5564 89.7891 86.5135 94.8436 103.556 97.0753 104.18 103.626 111.318 113.682 114.527 109.725 104.962 97.3424 93.2427 95.7056 89.6678 78.5643 81.1938 80.2598 78.5207 79.682 74.044 74.3585 71.8824 72.6876 76.541 79.2899 75.0879 81.7413 75.3948 71.172 73.1555 69.7644 70.6681 76.827 67.8945 68.9668 68.8967 71.5471 76.8422 64.4977 67.0193 67.9173 70.418 67.5763 71.225 71.9544 62.1164 69.645 66.4812 61.7053 64.5356 68.6391 67.1746 57.2665 59.5247 62.7548 61.5423 55.9555 53.2824 62.5597 57.4578 51.1416 48.9989 56.8061 56.27 58.1114 53.2937 53.8223 59.9453 60.1177 62.302 59.4622 62.8173 58.6987 56.2397 55.3758 57.7837 57.0107 50.0447
53.4417 51.8724 58.1749 59.1596 60.2492 63.4305 66.6021 67.1401 71.5159 62.4691 64.7396 63.9724 60.6299 62.2263 62.7002 57.7632 57.1552 58.7964 59.0936 60.6803 53.8457 62.1137 64.4579 61.2533 67.0217 61.9408 65.3727 69.0746 67.2586 68.5774 74.5225 69.9893 71.7451 73.1979 70.4516 71.1877 76.69 71.5353 77.8825 75.3964 73.6349 72.8172 75.2605 79.5858 77.2979 72.2578 75.7519 79.916 70.471 78.6594 81.1357 84.2723 80.7666 77.7174 82.5438 78.7098 80.9026 83.3945 88.5063 90.1941 91.2973 88.9278 94.4223 105.332 102.803 114.503 106.314 111.553 111.644 109.471 102.1 104.025 101.344 96.516 88.7724 87.7042 84.9482 80.6171 80.2267 81.1745 78.4049 75.9675 75.6567 70.8206 76.9191 67.7014 69.7174 73.1668 76.4647 67.4256 72.0947 74.235 71.479 68.49 68.1714 70.0787 70.6982 69.2377 71.1663 62.3856 63.0596 68.3132 71.31 71.0265 70.3234 69.0357 72.7201 61.0513 69.4766 70.036 61.0746 67.4858 61.5854 67.146 61.6262 59.6102 61.6184 59.4199 55.6462 59.4412 58.0448 53.4786 51.9035 52.0803 52.7348 57.567 54.9101 63.1489 58.6333 58.54 56.5357 58.9537 57.8486 60.2997 49.2272 57.9088 55.9588 55.4034 50.9965 51.9851
57.2701 56.7647 63.3096 56.7468 60.7943 60.0779 64.418 63.6697 68.5471 63.8369 59.7337 62.7743 58.4402 57.6442 65.7512 64.1792 64.8697 60.6092 57.0234 60.8878 56.9279 59.3476 64.4876 60.5933 61.9962 65.8825 64.7821 65.3273 65.8049 70.4395 70.9111 71.4583 75.5098 74.489 77.1913 68.6923 83.0258 73.1299 84.5242 80.6319 76.6898 74.6203 73.2731 78.0609 76.9804 73.5179 74.1308 81.4876 77.3923 80.4249 75.1297 83.8038 75.7645 74.8492 82.4686 81.3264 77.8301 90.8701 88.2812 91.4073 85.553 96.3225 97.594 99.8446 101.964 101.745 108.298 117.515 108.59 110.574 113.131 106.752 96.7463 91.4253 95.9324 92.9416 79.4339 78.7912 84.1003 82.9084 73.7428 79.221 69.0724 72.9309 74.4452 67.7789 68.2287 75.2491 72.513 72.5667 75.9934 74.1109 69.7231 72.3777 69.4823 75.4422 70.7817 71.7508 77.6331 64.2468 69.8942 72.3677 65.0547 70.1688 62.6569 73.5358 68.352 72.2006 79.4638 67.8088 64.4697 67.3431 68.4018 64.8577 59.8351 58.3646 59.5486 63.8011 62.7225 51.9331 59.3635 59.2063 49.7522 53.3977 52.6475 55.2523 53.8017 54.9359 60.9017 57.6403 60.6311 55.5747 55.9966 57.7457 55.1986 55.5727 61.6201 53.7997 57.2224 49.9989
51.6157 56.4266 57.5066 60.7485 62.8819 58.3257 59.697 67.2465 63.4015 65.4819 67.5073 60.4673 61.5044 62.238 62.2115 57.7164 60.8503 55.2998 57.3313 56.0863 58.719 60.2329 57.6207 61.7856 59.8397 69.7589 66.0321 64.8095 68.2287 71.0692 65.6999 73.1027 70.8287 74.9448 84.1957 76.6686 77.826 73.1129 75.3462 78.8326 74.3477 74.4354 75.0874 73.7548 76.0512 77.5081 80.1082 72.8317 75.6722 81.9645 76.8581 77.7343 79.4622 81.1433 80.9599 85.0087 86.3576 87.3133 85.6465 92.7722 91.5985 96.6131 96.8067 98.3085 103.219 106.447 105.243 113.856 101.131 109.789 108.48 107.961 95.6901 92.0427 90.5735 86.4249 87.35 78.0685 73.6814 69.2251 84.9618 75.0079 70.1726 72.7319 66.0199 71.5215 71.9066 73.9361 68.3978 68.6892 70.6392 65.1803 68.1594 70.1767 68.5893 64.8971 71.5521 70.2072 69.3962 71.9922 68.3937 68.5384 71.9148 71.0732 66.4722 63.4667 67.9678 66.2603 59.9558 64.3531 72.8012 65.7203 63.4606 62.564 62.1993 60.9604 54.7068 58.937 57.9915 58.1362 52.8342 54.5988 53.6126 51.0187 54.5825 57.5819 57.15 56.7812 58.5315 60.4897 60.5875 57.8693 57.0542 60.508 56.9849 59.1285 51.8989 54.0935 48.7548 54.8902
53.6191 53.0977 57.6355 53.4585 56.5553 61.4663 68.1395 65.4911 62.1316 63.608 62.6779 64.3733 61.7207 59.041 55.5522 56.4927 57.5563 58.8242 61.9772 58.0567 53.0393 61.4788 55.327 61.4163 64.9948 64.3441 66.0875 70.3417 65.7413 69.7745 71.5992 70.1623 81.1272 71.547 76.5373 72.0934 81.8112 73.8805 72.548 71.1133 77.2192 71.1383 75.1964 75.1568 78.727 78.2244 76.8647 79.2108 79.584 75.6552 84.0384 83.4211 80.5245 81.2294 81.1084 87.7378 80.9708 89.7627 84.4555 83.6672 88.6971 90.9055 92.7511 100.419 100.411 114.36 102.417 116.02 109.288 117.212 109.248 99.4785 95.6247 91.2037 92.9367 83.0687 84.1698 80.4724 81.342 75.6156 78.8938 75.6385 71.2426 70.8046 77.5195 72.3436 71.9391 71.082 70.3062 73.6699 71.3176 72.45 72.2164 72.2331 66.5984 74.3852 68.0081 63.9875 66.3524 65.1366 64.8238 67.101 66.4253 64.5193 67.5243 64.9447 64.3754 57.9233 63.9083 59.8981 72.5125 60.4216 64.3275 62.5653 61.4517 59.1787 58.0901 49.5297 53.7338 55.84 53.6212 52.1489 51.8903 56.0986 56.3947 56.4823 55.3624 56.3989 55.0726 61.7291 66.3878 57.1434 49.6652 58.5468 59.8856 54.7681 51.6651 55.9505 52.5993 48.8999
51.9344 50.7762 58.6558 61.849 61.3648 59.0078 63.1609 65.8657 64.5175 70.0529 62.6703 62.009 63.3529 57.1882 57.5637 54.4515 58.0287 56.8128 53.9374 54.5411 59.7266 55.0893 61.8618 63.6856 63.6088 67.5273 65.39 64.7415 68.5 75.2299 65.7931 70.0721 71.2219 67.2778 76.6186 77.7939 75.8443 73.3102 76.5994 73.4893 79.2444 74.2381 75.6459 76.9833 81.6762 77.0708 71.9002 76.3797 75.9061 76.5034 82.0452 76.2026 81.8383 83.325 85.5243 83.8007 84.2487 87.5059 89.5217 81.2111 95.0229 90.8186 101.098 98.7004 96.9512 102.871 109.071 107.446 113.847 109.573 105.699 99.8458 102.133 100.752 85.8655 92.0259 82.0921 76.7828 78.4402 81.241 73.5619 83.3528 76.2346 73.4829 60.9148 72.4953 70.8998 67.6617 75.2662 72.3972 68.5662 73.3955 62.7812 64.2232 72.9283 77.3033 70.7184 72.3695 70.0124 70.4987 70.4625 66.8128 66.1792 67.5401 71.3605 69.1186 60.5905 68.1011 59.2061 74.9292 71.096 63.3571 65.5884 64.1016 60.3665 56.2582 55.1725 54.4728 55.0338 54.9058 51.0876 54.8013 56.4097 56.3094 51.7979 50.1533 60.6289 55.4114 56.5398 58.5022 60.0786 55.7313 54.5069 59.9954 55.4391 55.8401 52.7365 52.1285 50.6631 51.3692
47.5745 55.8899 51.0616 57.3096 58.3499 63.1019 66.0787 63.6842 65.9915 67.1953 58.653 64.116 63.8674 58.3128 57.9639 57.0654 55.0045 55.1354 51.814 54.6229 55.6849 61.137 56.638 59.7413 58.4982 65.1322 63.7212 65.1998 64.3188 72.9025 72.7236 67.8408 64.84 75.454 75.9164 72.2591 77.999 78.6337 71.4588 73.6287 78.0383 74.8216 73.8446 81.207 75.2185 77.6567 78.0579 79.0655 84.6505 80.0032 84.8054 82.7096 83.9919 87.0058 78.9259 86.5391 83.462 83.0542 81.5538 86.3559 89.2782 88.6065 100.091 101.611 96.6232 103.499 112.718 109.35 106.801 107.95 111.252 98.2763 93.5897 97.0659 93.7227 83.5928 86.4999 84.2296 85.3135 81.7675 75.4126 72.3922 72.4598 72.0978 78.2193 69.3543 66.3688 68.2901 71.5983 69.3412 77.3644 70.1001 70.1852 72.5754 69.1318 70.207 68.9617 69.725 72.2461 70.6388 76.0363 65.7581 68.3555 70.6628 66.8507 64.1988 64.5609 65.0559 67.5747 64.3733 60.775 63.2545 59.8721 55.3142 57.9792 54.3328 60.4173 55.9248 52.9109 56.0775 52.6318 53.0571 52.1695 55.9924 54.7537 59.7151 50.6102 53.7397 55.7198 60.1883 54.1627 59.5493 56.904 55.1943 56.2345 52.7168 52.4464 49.8251 52.0277 46.833
51.6196 54.2248 56.4578 58.2941 66.4817 62.5216 67.0366 64.6164 63.2615 59.6201 66.5441 61.628 61.6257 56.3887 65.909 55.8293 57.6567 55.9742 60.0167 58.0579 51.4168 58.2517 60.2284 66.0761 61.2781 62.1695 65.8733 67.3219 65.86 69.566 64.4315 73.2453 74.4042 73.0648 79.6279 70.5956 75.9998 74.2237 73.5128 80.7778 73.622 74.6047 78.371 74.5758 72.8821 73.0046 75.9708 77.3035 79.6702 76.9157 76.8221 78.8902 84.992 83.0464 85.2237 82.7367 85.6895 84.2989 88.4462 84.5708 87.9314 89.3398 95.3658 98.1136 99.4507 106.923 109.791 102.533 112.626 104.416 110.112 113.827 95.5976 98.7955 88.8718 89.5203 87.9826 83.4186 71.9795 77.1542 70.687 69.9048 72.2358 68.1888 73.486 72.8932 70.8162 69.8646 70.034 75.9775 68.3292 74.4019 73.6732 69.7956 67.6762 71.8993 61.6926 72.1467 67.6049 68.9331 68.1754 68.3269 75.0571 73.437 65.2917 64.6855 67.5514 65.2271 65.1335 69.1738 57.6055 61.2625 64.2576 64.9151 61.3338 55.7803 56.8611 51.4569 51.6642 57.708 55.9653 55.5351 51.9071 53.0904 54.2471 50.3783 51.4324 56.6851 49.9215 58.6618 59.239 55.1385 56.4667 51.9606 59.132 54.4253 54.7507 47.5926 46.9063 45.9391
53.6924 53.8586 56.433 62.695 61.0925 65.0259 65.6018 61.393 61.4317 65.9045 61.6206 63.2299 56.6128 57.3549 60.553 58.6546 57.8056 52.1696 54.76 56.6333 56.9474 58.4429 61.2177 64.7163 63.2732 62.8361 62.4219 68.2309 64.2565 71.5656 69.369 75.6993 71.1354 74.8502 71.0307 78.1212 71.1172 78.9384 72.3441 76.974 74.3267 76.4459 81.8042 72.4032 74.4246 75.7038 82.1843 81.1691 83.9166 78.1167 80.3383 76.1591 80.8095 78.3306 85.0205 87.875 84.9341 81.8156 84.5949 84.9568 94.9246 87.0988 94.1119 97.7835 105.687 105.448 108.735 115.579 108.3 111.803 101.835 103.349 93.2788 98.4118 87.8727 86.334 73.917 74.0672 78.9429 77.691 76.0931 74.1878 78.4581 71.0011 76.9854 71.4245 77.9437 69.7059 74.3244 75.804 75.565 65.7406 76.0931 65.8112 65.1556 65.126 64.17 70.5618 70.6756 70.5094 68.7658 69.6558 67.0062 64.1882 63.0068 64.0585 69.1118 68.438 64.9758 74.7751 62.9249 62.0531 63.8013 58.0423 57.8921 52.9549 57.8215 52.1081 55.065 50.2052 50.9472 52.7273 50.9518 51.2022 54.2023 55.3586 53.096 53.7334 54.8374 57.2775 53.6742 55.2653 55.09 52.0034 53.2235 51.1111 51.9328 56.8609 50.1505 47.8902
54.911 50.3374 57.7788 54.007 58.3412 56.7191 60.4746 66.5216 62.622 66.4287 63.6213 62.2106 65.1923 60.4909 56.6726 62.6011 55.7802 60.1144 52.1548 58.1135 58.4086 61.1834 61.4507 57.1815 58.5248 57.5975 62.945 64.7786 67.7719 66.3613 64.8135 71.5995 69.7264 72.2131 73.461 80.5701 73.0055 71.474 70.8303 75.7176 75.4294 75.1622 73.6772 75.9128 78.8387 74.7532 81.1859 75.383 78.9898 80.5561 83.1381 84.8114 79.7172 82.3108 80.3633 84.0444 87.2771 84.2745 89.7359 87.9975 87.972 92.1737 90.1867 98.9598 99.2874 97.0913 110.68 108.962 108.36 112.966 104.337 100.157 103.666 90.6469 86.4916 92.1714 75.5828 77.7534 77.8952 81.1674 74.5184 77.4676 72.9428 69.9239 72.6802 64.2511 75.4852 78.6296 72.8033 71.7552 72.1433 68.5969 69.6822 71.2021 68.4482 67.4466 71.8854 65.5549 66.5821 66.9144 68.3762 73.4703 71.8947 66.0824 68.1484 65.8918 70.7164 59.2755 63.7189 63.3262 65.4828 57.8346 63.1914 57.6859 58.6271 54.3812 57.4837 52.6568 49.8215 56.0893 54.6949 50.6837 53.9466 48.9244 50.0097 55.9173 51.3181 55.5617 56.0544 58.8571 54.6995 51.5622 53.8861 55.4386 52.5011 50.779 52.0758 46.4912 50.5582 47.1141
50.1236 52.519 55.505 49.9243 59.7883 63.6494 62.1671 63.2557 67.1358 63.9933 67.7809 61.1994 59.774 54.2242 58.3605 58.2372 56.0647 54.6013 59.672 59.0933 57.3288 61.4508 60.3575 59.1431 61.5884 62.7434 64.5791 66.4859 66.5097 66.0092 68.5778 76.0581 72.3915 70.1146 76.255 75.6644 73.6295 71.9883 74.8201 74.6304 72.2349 72.2444 72.3132 77.4337 75.1047 75.5055 70.1004 73.3283 79.9098 80.4268 80.8869 81.4727 79.2576 81.5818 76.3214 80.4837 78.5721 81.3613 89.0883 88.7064 94.7471 94.9132 94.5408 97.0596 100.769 104.104 111.821 112.129 110.225 107.367 103.624 108.078 104.485 99.7704 89.4677 85.0682 85.9268 81.985 72.2468 68.5588 71.8484 71.9693 74.998 71.993 66.1847 71.5211 66.5523 71.7345 63.0754 74.2224 66.4053 73.9687 67.603 72.0523 70.9163 70.8831 66.633 70.8167 66.3175 69.8656 67.1832 68.49 64.8495 74.424 63.1608 63.3529 63.7846 67.8426 65.7412 63.8794 63.8154 68.8742 60.6705 61.3844 59.2451 53.4748 58.5241 56.788 50.6382 53.8021 52.0565 53.1238 52.0114 56.0054 49.82 48.193 55.7587 49.1132 48.7243 56.9659 55.5453 56.6457 56.0101 49.4334 54.1792 49.2626 51.7506 50.975 48.9875 49.1203
53.9991 52.4023 53.2733 53.9774 56.1355 59.7162 62.7889 61.359 68.9342 61.451 59.6678 59.8832 56.3508 59.3872 60.8219 55.25 54.6838 54.6572 57.1904 55.0443 57.9089 57.8412 57.7613 60.2219 59.8614 67.802 62.5276 71.315 62.1211 65.4479 71.4021 67.6737 73.3158 75.953 78.2684 79.1515 76.3425 73.7731 70.7585 78.1039 79.9596 74.4554 68.985 79.2676 68.3415 77.2401 73.3279 74.0828 80.1846 75.7256 81.3894 77.3103 81.8927 84.6968 79.8821 89.1147 89.7969 88.0283 87.2904 89.4606 93.0849 97.3843 95.0761 104.246 101.267 105.417 106.135 114.848 113.754 105.018 109.566 110.984 90.5324 94.2051 89.2501 84.4936 83.8669 84.6726 79.2531 77.8498 80.2717 67.2165 75.1014 71.7117 79.3741 75.1255 68.9439 71.898 70.5383 69.1423 70.2964 77.0442 74.5086 71.7093 68.5326 70.7948 70.5093 69.6117 74.0562 69.0842 70.2867 68.4407 68.61 59.484 64.5793 67.981 65.9825 66.0575 62.8179 65.835 70.3133 57.3186 60.9574 62.3292 57.3065 59.7888 52.6297 51.5604 51.5676 51.12 55.9008 54.6475 51.27 53.4862 52.6564 51.8144 55.7774 53.5394 56.946 56.9581 56.1936 58.1751 58.2162 55.0613 54.5701 56.179 54.8121 52.6539 50.2224 50.8369
51.9482 54.2822 53.7813 54.7706 60.1515 61.1137 63.0331 71.1994 60.4525 70.0744 65.0562 62.2486 62.8061 61.0249 61.0915 61.4813 61.6614 59.89 58.8266 56.1522 57.8176 61.7477 57.8867 63.0479 59.4878 61.8489 62.8407 65.7297 69.497 70.3457 75.8598 73.331 78.0556 73.7997 71.5201 74.9223 74.4091 83.4759 70.9675 74.1945 69.8745 78.4972 77.4462 81.0161 74.3573 79.4643 78.7143 75.5638 82.9553 84.4085 84.2086 86.6758 80.0811 84.9068 79.3336 90.8675 82.6963 93.1002 84.9611 92.9793 92.1751 93.9736 89.1898 103.595 102.054 107.664 104.898 117.7 109.894 118.428 107.834 104.38 100.492 95.7401 90.3518 84.6749 84.7687 82.151 85.3065 78.8179 77.2167 74.2833 75.9585 74.0588 71.1451 77.2883 80.9594 80.7423 78.0531 74.3376 70.2717 65.9764 78.0728 68.3449 70.9971 77.9594 69.1245 73.3433 75.845 70.4642 76.97 71.1254 65.1327 66.5636 73.0769 62.4533 64.4739 67.3235 65.1672 65.0833 66.0085 63.1787 59.135 61.5183 57.7806 59.8357 55.0001 57.4253 55.8611 54.2081 51.3092 56.2016 55.6341 54.7682 50.8528 57.2279 54.1341 60.0355 52.3627 59.6285 59.8431 55.8167 59.4706 54.7978 55.2838 59.9196 56.3027 50.2237 53.4433 55.3874
67.7505 67.7304 67.3934 68.7087 76.3791 72.0912 82.8347 76.9097 80.5889 72.6973 77.8729 71.7718 68.3566 67.7958 62.6252 63.6865 61.0484 56.8134 65.6858 61.0384 63.8022 65.1477 64.2725 65.3715 65.633 62.3335 65.9851 72.6294 71.802 75.8685 74.7318 73.995 77.8125 81.0693 82.206 80.1539 81.5798 87.5778 80.4884 85.9833 78.8763 87.7387 81.4666 79.2762 79.1982 80.4054 85.2993 82.0451 82.5983 89.6073 85.3773 82.9781 85.8375 88.0531 85.3546 88.6994 90.5378 88.9056 89.0389 86.6246 90.837 98.8796 96.5081 93.5732 104.689 108.102 113.239 124.018 116.506 116.028 112.309 108.524 105.619 97.7278 93.4248 85.6363 94.2195 86.8661 83.4836 85.415 77.6264 74.1056 73.2958 84.8466 76.7085 79.1152 85.2264 76.364 76.2433 74.1207 68.2812 78.7179 74.3093 78.9367 70.3258 71.1607 70.7583 70.5471 75.8786 71.5304 73.7133 73.912 71.2085 76.6934 69.35 71.0249 69.4732 77.0782 66.6993 69.2067 72.8029 69.9863 60.7341 66.8905 64.9565 58.0054 65.9876 61.1591 54.0269 60.6561 59.957 56.333 60.6636 63.7217 64.2549 57.842 57.4647 54.799 60.1909 60.2185 61.0107 69.8756 65.4922 64.7704 60.7768 58.3475 67.074 63.0201 57.686 64.3655
70.8787 66.9015 74.005 70.3943 78.3999 81.0906 80.3346 81.4289 88.1249 87.3331 82.6692 80.1578 79.7094 75.763 80.2321 71.2323 71.6526 74.9788 76.1012 71.1272 73.7513 65.815 73.9922 79.1943 73.6078 77.3057 82.4872 80.3526 84.1196 76.0577 81.8671 80.145 88.0711 92.9554 88.8219 90.5363 91.0488 89.6701 88.2889 88.7707 93.9497 92.8836 90.0187 90.995 82.3155 86.8872 95.3412 88.4734 89.8675 89.1551 87.8379 88.2248 89.665 90.4645 95.5872 97.2734 93.4295 99.0595 93.8574 105.445 104.938 99.7488 107.598 101.714 111.926 117.259 113.733 118.896 118.735 118.871 118.95 109.474 109.102 102.783 96.8044 89.2883 88.0608 78.3743 85.1728 90.4697 85.7212 79.4403 86.8026 83.8249 81.1111 86.9641 74.7559 78.8022 87.7533 81.3622 77.0135 81.5826 81.7594 80.5806 85.0114 87.2075 75.3376 77.5568 81.1393 74.4996 80.3013 79.6376 87.1229 82.2719 84.217 71.9114 81.2162 78.2564 81.8696 78.4639 70.3303 77.8438 71.9396 76.1217 68.9721 75.763 74.7789 72.5495 71.8268 64.5414 67.2987 72.4009 68.1982 66.4992 72.4726 70.6916 76.0756 79.243 73.0569 74.6021 74.8225 78.6023 78.4563 73.4925 74.7507 75.5503 76.3165 74.7431 73.4259 72.6238
68.6277 69.7528 71.9298 80.4707 81.3478 80.5568 82.2509 84.8638 84.5193 82.9844 87.4742 82.0995 81.1598 77.012 73.603 72.2143 70.3166 75.3466 74.8872 76.5239 72.9765 74.1433 80.3323 81.3112 81.3478 84.6106 91.6454 85.4955 85.3937 87.0487 93.4544 91.4288 96.8687 94.3837 90.2724 92.4912 94.4228 89.0873 93.6736 91.2173 92.6922 89.8652 91.4392 88.1633 89.6564 91.6115 100.39 96.4301 93.8981 90.5856 89.8704 94.937 94.9553 98.3748 97.6126 98.5941 101.259 100.614 99.8444 103.541 101.403 103.535 103.449 113.718 108.558 114.663 120.244 126.088 121.646 118.769 118.375 111.215 107.785 108.43 94.6891 96.1169 88.286 88.6253 89.719 87.4037 85.8036 88.2807 89.0064 88.4739 92.2484 80.9327 83.4595 85.5425 85.0152 92.5303 86.9808 81.8176 77.7064 84.0364 80.2984 83.6996 90.4891 79.1159 85.3624 87.1165 88.1424 85.3729 83.5404 85.6365 84.8612 86.4118 85.3233 85.3389 83.9111 79.3717 80.904 86.9599 77.4088 80.4133 81.7785 79.7215 78.1188 76.6857 78.3433 78.7427 80.9719 76.5396 74.1433 78.7531 70.7603 73.9527 76.2576 74.8742 75.6103 79.1603 76.2707 75.4197 78.941 77.6724 74.1407 73.5273 69.9694 70.9248 71.0788 70.3009
74.0183 70.8765 84.1347 78.5555 86.6386 93.1747 83.5633 89.4694 88.462 86.0565 89.9798 92.7574 86.1867 90.5672 83.1566 80.549 83.7759 76.2856 83.1327 77.2132 82.2369 83.6031 78.9276 86.838 80.5464 90.6576 82.0083 94.6605 93.7116 92.1434 92.9142 103.576 97.9751 96.2075 99.95 98.4801 95.5776 103.015 95.7158 95.9019 95.6812 94.9423 99.7932 95.8753 93.0551 101.112 94.0146 97.6243 97.4329 97.0342 97.9645 102.385 101.412 101.255 108.076 105.487 109.258 106.069 110.659 108.631 112.823 114.365 115.383 118.006 118.083 122.658 124.383 123.354 127.618 134.289 122.724 120.21 115.832 109.088 104.777 105.394 98.6609 91.9175 95.1629 98.7406 100.739 97.8183 98.9054 92.9461 91.5985 92.372 91.4576 98.3871 94.9662 91.4257 94.7855 95.6945 91.338 92.3826 98.4828 88.5816 93.5495 87.2792 88.47 93.7887 89.7565 92.8717 85.7668 93.7302 86.41 90.2881 89.5226 91.6091 91.1466 86.3329 88.3956 90.6097 86.7768 84.8976 80.8335 85.9821 86.6492 78.8665 82.6542 78.0186 75.6795 75.0549 69.4943 80.6501 71.642 76.3945 73.4654 72.0859 80.2381 79.0393 75.6583 83.4277 67.3519 72.0061 73.9093 68.0164 62.4904 64.5238 63.8779 65.9963
76.0128 71.4076 79.4437 72.728 76.0777 82.0601 83.3021 87.2227 84.8795 89.5876 84.8606 85.6534 82.6635 88.7704 83.524 79.4816 85.6642 83.6105 77.5578 77.9609 83.432 76.8624 79.3111 82.7636 80.553 82.5147 82.6338 91.4031 94.0331 90.5779 90.6888 93.703 96.4061 94.8638 94.2469 95.0207 93.6976 96.0218 94.991 93.0401 96.6469 101.046 101.739 98.4922 94.926 106.463 98.4191 102.881 100.678 106.269 99.9533 102.278 100.232 102.537 104.569 111.093 107.584 107.819 108.926 112.806 118.477 109.643 120.157 124.481 126.229 132.628 137.287 135.404 133.883 138.862 134.609 131.838 124.597 118.637 112.746 105.974 112.007 101.923 110.422 108.222 97.4505 105.892 102.616 101.742 97.3423 95.2805 100.181 93.7328 98.0295 99.8992 94.2848 96.0137 92.039 94.6771 93.795 90.9431 98.9251 96.2383 102.085 94.9152 96.0814 105.719 93.6029 93.8085 94.7447 93.2999 97.1556 98.5328 92.6397 89.685 98.0972 97.5695 92.4124 84.1138 83.2777 87.147 86.6491 80.6342 87.5014 81.4216 82.9639 82.2739 79.1163 77.5497 80.039 82.1413 81.2647 86.733 87.3174 85.1934 85.6453 90.8647 82.1981 86.2541 84.4006 86.0403 91.625 91.1353 81.2349 79.0162
89.7606 82.943 89.1879 88.6702 92.7178 86.484 98.4919 94.7058 98.9682 99.9347 96.2753 91.9414 84.8346 90.5922 85.9883 91.5338 84.2757 83.2018 85.3743 85.7956 90.5784 88.4582 87.8497 82.9485 86.7511 87.3788 89.3118 91.2007 84.6997 81.2634 85.5395 95.5209 93.9569 90.6803 101.358 91.9524 93.1006 103.03 100.483 95.3281 102.256 97.7677 101.099 103.891 108.826 107.452 114.602 109.966 114.696 112.204 104.723 108.608 109.591 106.138 107.62 110.761 110.5 109.219 105.505 106.003 113.578 115.61 118.281 120.002 121.26 125.349 134.832 134.122 131.812 131.487 128.821 128.02 119.294 111.084 112.122 108.845 105.626 109.569 100.268 95.821 95.0473 101.981 96.6415 102.628 100.397 102.545 97.3464 97.3134 89.1906 99.7117 102.005 100.615 98.2964 104.018 99.4005 101.278 94.8408 103.231 100.353 98.6185 98.5607 102.025 102.267 95.24 93.5494 91.8367 89.6037 91.7073 89.5321 83.502 88.3894 88.651 91.5834 89.4247 83.3202 82.4061 88.081 88.3921 79.9032 83.4331 74.2613 81.5057 80.754 79.9032 80.6025 82.8026 77.1332 79.8619 76.6871 72.634 73.9556 80.3988 71.2793 82.7916 78.9862 79.8453 70.69 76.186 74.8781 72.5431
84.0192 76.8509 84.6242 83.9827 90.4703 86.2629 93.6637 90.1202 91.1426 88.9801 87.6831 87.0052 80.6017 81.9575 85.599 83.2012 85.7475 84.3329 83.7783 82.4197 83.4309 80.0499 81.2236 88.7224 83.0247 87.0697 85.1705 85.3189 101.025 94.5433 93.0782 98.6862 100.868 107.171 99.972 100.773 107.132 104.74 104.941 107.653 98.4369 96.8459 99.4538 92.2855 100.667 95.8822 98.0168 98.4145 96.4313 98.9187 97.1092 98.0364 102.149 106.093 103.7 103.74 110.645 101.308 99.5406 104.944 108.706 104.762 109.49 108.731 115.9 120.087 117.339 122.169 119.751 121.704 121.925 116.113 111.37 104.493 95.7898 97.6274 97.8039 85.1733 90.6832 91.8933 90.3107 92.2295 86.022 85.4114 89.3751 87.9997 93.3668 84.3497 92.49 87.6187 93.0082 96.5769 85.1789 88.2406 90.9297 88.9549 93.5292 91.3471 84.2293 87.77 88.9549 98.4257 91.4648 89.7868 95.0587 98.1064 85.9044 90.0277 89.7812 95.829 87.0305 89.4731 88.4311 89.3274 87.6775 83.7306 81.9967 80.5373 83.8315 83.0499 83.9827 84.4057 86.515 84.1928 83.2208 88.1481 81.6045 85.8203 87.2209 82.641 84.9716 82.4785 82.3048 90.9297 86.8372 86.0444 87.0501 84.9183 83.1872 84.1256
73.0634 73.3369 71.4452 77.9465 76.3112 85.8978 81.9976 90.0829 89.3792 93.6127 93.1341 96.6155 90.0857 90.496 86.838 98.8775 94.1113 92.8748 93.2309 100.279 94.1198 91.2111 94.6041 93.909 89.9148 85.1799 84.1172 91.8919 85.4135 87.4505 91.2338 99.0228 96.8889 99.5242 103.649 103.567 106.413 100.433 99.9971 98.0969 104.994 103.678 103.014 99.8461 100.313 99.6182 98.1083 100.849 96.2422 96.53 99.6125 97.7094 96.2365 99.3476 99.7379 92.2936 101.399 103.347 97.6012 98.4559 106.174 105.419 104.96 111.23 106.527 112.74 111.74 116.253 118.182 116.971 115.982 114.478 112.524 101.763 91.8264 86.2311 91.2424 92.0686 88.8094 87.8978 89.3564 73.3312 91.5016 82.9036 85.3138 84.8864 80.8837 83.2141 82.3481 87.7895 83.952 79.4393 81.67 82.4563 85.3394 82.18 84.5132 81.1487 81.5561 81.9435 83.1742 83.7782 88.1285 85.0232 80.8011 87.083 87.2368 90.2139 89.2937 83.4335 80.747 78.8752 77.6815 85.0574 77.7556 80.6672 75.5762 79.5988 81.5845 81.029 78.9009 78.2997 86.1628 86.6727 84.4107 83.6984 89.1684 92.1142 86.8123 88.516 91.0629 88.2909 88.7553 81.8951 84.1315 80.1031 78.6131 80.8524 79.7669 80.4991
91.2906 95.0041 97.5705 91.7106 96.7855 96.3365 100.789 94.3668 94.9896 91.4267 88.7358 86.5604 85.1555 82.0503 78.5801 78.2036 77.1318 81.4304 83.2408 77.6271 77.0449 76.6683 83.8752 92.7534 84.8369 90.0219 91.4267 93.3559 90.9227 96.1975 95.3198 95.5516 92.484 95.2126 104.748 93.8165 95.4502 92.6491 92.0814 97.5966 94.5928 93.0865 97.472 89.8828 92.9156 91.4412 92.8548 94.1322 96.015 100.204 99.8357 98.1759 96.6349 100.325 96.7971 97.9384 92.203 92.1712 99.3838 104.667 98.4482 101.238 105.945 105.455 113.108 109.658 116.529 114.571 117.896 118.302 116.202 111.521 100.114 98.5496 91.7946 91.7743 87.1629 87.018 82.9743 88.8024 83.0352 85.3901 81.5753 82.7339 87.1397 83.5044 74.7044 87.5916 85.8941 80.5817 84.6978 85.7001 76.5756 80.9235 81.1234 81.4507 74.7768 79.8315 83.0815 78.0182 78.8321 84.9643 87.8812 86.5546 87.6611 83.7043 86.9282 83.5508 84.5993 83.881 82.5775 83.7912 83.1916 81.3522 87.5771 80.1791 76.8914 80.2254 77.0159 74.4582 74.8579 74.8319 71.9932 72.0511 71.6514 75.107 75.0404 75.3446 77.0999 82.6905 84.3618 83.4378 79.788 84.0316 81.1031 76.5554 80.5875 82.1893 80.0082 79.6287
83.1371 90.6099 84.939 90.813 90.975 99.2457 95.6565 92.933 98.2328 92.5708 94.0901 99.5372 93.8987 95.4592 91.4873 93.9753 87.5389 81.7326 78.2347 78.9384 77.1836 78.5527 81.871 78.7647 75.7762 78.7117 76.7272 82.5394 82.3274 83.3579 91.2812 90.7983 87.1296 89.6353 94.3463 94.464 91.5638 98.8129 101.227 98.7245 96.4721 99.4754 96.4132 99.2104 97.6763 98.2623 95.3356 93.8163 95.2443 100.158 103.15 98.7334 94.3845 97.8795 94.2256 97.5497 100.041 97.8942 99.0867 101.304 103.963 101.254 99.5048 108.064 106.115 118.89 120.91 118.075 117.577 107.823 109.357 114.515 110.361 104.978 91.1104 92.7004 91.1075 84.7565 86.4142 90.3625 81.6325 83.7318 81.0407 82.6778 85.7046 81.8533 81.9564 83.2284 82.981 85.9754 87.3917 81.5412 82.9074 85.2865 87.7568 86.1521 85.207 87.377 96.1364 90.0593 92.8181 90.3125 86.0756 83.4433 83.3137 79.6362 78.9531 70.3791 73.6651 75.417 77.3514 72.6787 76.9245 78.9973 76.365 68.851 75.9528 68.3505 69.3839 68.536 73.6356 67.423 70.6059 75.1696 70.3674 78.111 73.7387 77.1688 76.9156 84.2294 81.6914 86.1609 76.3385 82.928 82.878 80.8434 87.6832 85.6074 79.4743 82.9045
67.0138 67.9293 72.0973 74.485 73.728 84.1105 85.5049 86.0255 87.2851 89.4275 90.0648 84.308 76.6393 77.4741 79.3621 76.7111 81.277 80.0982 78.6231 83.6797 81.0018 82.8868 83.9669 90.4508 96.5606 96.2315 94.5858 92.4226 91.3993 94.4362 91.3364 101.824 94.6846 93.781 103.993 92.2341 101.629 90.4029 99.0291 95.7049 92.8385 95.8395 93.1436 92.9671 95.9083 97.7006 96.6115 94.5529 104.02 96.785 105.381 104.316 101.399 105.686 108.771 105.492 101.333 105.962 108.424 107.257 103.254 110.531 108.759 111.111 110.291 115.734 124.255 124.291 121.99 126.628 110.498 114.432 110.429 98.8346 97.1141 97.3774 94.4602 90.8008 90.8517 85.1099 86.3875 92.5123 98.6072 96.1118 93.4788 92.6739 98.8346 105.998 98.697 96.5068 93.407 88.3773 97.7335 89.5531 94.5589 87.2283 87.2163 88.2516 90.0498 90.5555 88.6286 85.6724 90.0409 86.7974 95.5642 87.8626 86.8064 87.4078 85.1458 82.5068 83.1591 89.5531 80.3914 82.9107 73.5126 79.404 78.9193 79.9964 81.2142 77.118 74.0212 73.0667 76.358 74.7034 77.8182 78.2012 74.482 78.9223 79.9156 77.3155 82.4858 79.4369 83.189 79.4339 73.9195 77.6387 76.2982 75.4963 77.9857 69.189
68.2407 70.405 68.7361 78.1656 77.4969 71.6118 78.0349 75.9466 75.2231 74.3294 77.4908 74.5391 77.2294 72.9007 71.1589 68.4291 76.211 68.4018 74.4023 73.7062 69.2985 74.5027 77.0409 74.837 81.7161 76.7825 79.6734 82.0292 83.3151 92.2004 90.9267 87.7562 93.1184 89.191 96.1583 98.0733 93.9726 94.1064 99.0977 95.4135 90.717 90.6714 92.8753 89.2184 96.4258 98.2496 98.8333 99.0673 106.111 102.594 105.262 104.162 106.235 104.013 109.688 111.02 113.987 120.069 110.406 122.231 117.838 123.504 126.365 128.098 127.009 134.296 130.426 138.694 138.083 130.876 127.803 123.556 116.151 118.461 117.601 113.965 112.452 108.588 105.427 105.071 107.375 103.743 110.701 103.451 101.49 104.077 112.187 111.035 107.883 102.727 106.278 104.053 105.442 100.578 98.3864 98.2162 95.678 100.833 93.2704 93.5288 91.5408 90.9298 92.0971 90.2853 89.6774 86.3214 77.126 87.8444 83.5704 83.4245 87.3945 78.9681 89.9084 80.7677 83.1509 82.3606 82.6585 82.3788 77.2871 80.7251 70.5965 71.5814 71.4902 68.2954 68.7361 67.2071 73.0253 70.7272 69.031 74.8735 68.1434 68.6814 72.6727 72.77 72.2015 70.7151 68.3349 61.4528 67.3804 68.5294
67.339 66.4622 68.3487 70.9144 74.8232 71.5319 72.1494 80.2974 82.2919 74.323 80.0288 78.0867 72.3347 77.003 76.3392 70.865 69.6917 74.0112 78.8586 69.2749 74.3385 76.6603 69.6856 71.9672 78.9389 80.9025 81.1557 80.9828 80.5567 84.1568 79.1025 83.2151 84.1661 82.7612 90.6777 83.3293 93.0273 85.0584 84.3853 81.5787 84.8669 81.5695 86.6052 92.7031 88.4454 85.8827 87.7661 97.0565 94.9786 100.623 94.7501 97.7882 98.6435 104.797 108.076 104.979 111.824 114.507 111.463 117.697 117.376 120.374 125.101 127.595 130.791 137.701 139.022 150.082 146.077 144.178 143.132 137.759 136.682 125.808 121.565 124.536 117.808 109.663 113.488 108.366 109.978 108.298 107.15 107.289 102.416 96.7972 107.316 95.2287 100.277 99.1684 93.052 99.7674 90.6159 94.1975 88.5781 90.9617 88.3775 91.8262 89.7792 90.1096 91.3199 89.421 87.2968 82.0974 80.3499 79.1951 88.9023 92.8297 84.657 85.4289 85.8395 83.7153 81.8442 80.4055 78.6085 75.7278 73.9587 68.361 72.3717 71.8561 70.7168 66.4745 65.9929 68.256 71.2942 60.4106 73.0849 68.855 65.2302 63.5136 70.4574 70.4883 64.835 60.213 63.1616 56.6006 55.5231 56.86 53.1117 55.0599
80.7014 79.6291 75.2617 78.3562 78.8453 78.6102 77.2934 82.4728 72.6783 83.3663 77.0457 81.5542 73.8132 78.6917 73.252 68.035 69.5932 63.6801 67.6242 67.3139 67.4518 66.8028 65.3042 72.6814 75.7822 77.0739 74.9607 81.5573 78.6478 81.2971 90.59 82.291 85.793 90.5304 94.1516 89.0756 92.236 92.5401 90.5335 96.6598 96.6128 96.4121 99.2746 100.958 104.793 99.1711 105.244 104.73 103.871 112.211 111.963 106.031 109.941 107.928 104.73 109.376 109.151 113.832 107.909 120.118 121.215 126.078 126.79 125.604 135.518 137.694 143.645 140.387 141.933 142.353 127.009 130.521 126.438 117.835 114.139 115.123 112.33 112.358 114.772 111.54 112.869 109.533 107.066 99.77 106.78 107.69 107.439 108.288 113.12 100.968 110.088 100.974 102.817 93.1922 104.093 103.372 99.6069 98.8419 95.5499 101.61 90.8533 96.6755 97.7258 90.3203 87.8748 83.6579 89.5146 85.815 80.3283 84.0937 87.2164 83.2347 85.0029 71.9885 76.9986 81.7078 77.7887 74.0923 72.8256 79.2498 72.3271 70.0196 75.1426 66.1695 70.2359 77.1993 76.8356 74.9419 86.4734 81.0996 84.7082 75.0423 80.9177 78.2778 75.7665 74.5563 77.8295 80.5509 68.6338 71.7502
84.3011 78.7022 74.2842 84.3042 88.7668 76.1081 83.1202 86.5832 87.9933 87.4777 85.9085 84.8963 87.0448 84.0623 78.6736 82.8846 86.265 85.4183 78.1197 87.379 80.1154 83.4353 89.3302 89.6103 86.8411 87.9551 97.294 95.2218 92.4304 100.152 101.753 99.8722 99.4966 106.2 104.71 101.225 108.393 105.939 108.227 100.945 106.563 102.291 104.678 103.173 103.899 106.989 106.703 104.09 110.236 109.236 108.508 110.561 115.459 113.295 120.676 107.082 116.389 112.305 114.208 109.676 116.048 116.825 119.409 115.723 123.582 123.363 128.14 133.707 132.144 130.588 120.549 123.025 109.45 102.043 107.371 94.9099 102.189 102.167 98.6244 103.042 90.4251 99.261 97.1857 103.02 103.988 108.539 108.73 106.499 104.468 99.8435 112.464 106.585 95.8234 93.1911 100.993 97.7491 91.3068 92.5641 96.7401 100.467 98.7931 97.0361 95.4319 97.8924 92.7932 94.6139 93.0479 94.0282 97.1603 95.0945 91.3291 90.6511 91.7842 86.7488 85.0904 77.6614 78.1802 80.2173 85.1732 80.386 76.5219 77.4131 82.6905 75.793 77.3303 78.7945 83.5371 81.5923 80.3001 84.5971 92.128 85.7047 83.1806 82.4677 84.9345 78.7818 86.0772 80.8348 83.4989 82.4422
83.3552 88.996 88.7569 92.4464 92.3171 94.3169 85.9882 88.6212 84.8962 91.6354 93.0182 86.9962 93.7419 95.0632 82.1178 91.2865 95.8547 88.5631 88.1624 90.7987 96.1164 99.5894 100.775 97.3732 103.88 100.016 93.7451 99.0628 96.0292 101.076 90.0686 93.0473 94.5495 88.6083 92.3236 96.1907 96.9241 87.5098 95.27 98.3294 100.714 95.6221 100.995 102.885 102.678 100.155 100.397 102.61 99.0531 102.533 106.329 103.537 97.7867 104.083 95.396 105.479 105.938 95.6738 109.117 107.766 112.719 111.989 110.176 117.536 117.717 126.414 129.532 124.217 124.912 124.349 127.968 116.247 114.796 108.086 100.62 102.313 99.4763 99.1404 97.0372 97.7576 95.6512 99.415 94.2943 97.4475 97.1082 94.9146 94.3428 95.8289 94.2426 99.7413 98.7624 100.433 103.007 100.555 103.854 105.935 99.8285 93.7451 94.9857 98.2002 98.6525 94.4785 91.6774 89.9587 90.7567 95.858 91.2058 92.0264 93.5706 91.3931 92.5982 94.3363 101.676 96.055 96.6043 105.592 97.4216 98.1873 99.4117 101.841 104.303 101.841 97.9547 100.174 102.513 96.4976 93.4672 88.2077 89.8715 85.2936 83.969 85.1547 83.633 89.0864 82.9352 89.361 85.1288 85.4422 87.9912 79.0196
77.2493 74.243 78.5345 77.4657 77.4034 82.203 85.3602 80.2786 81.1277 81.5834 79.3377 84.4684 84.5701 78.0755 73.8234 83.1603 77.6296 76.492 71.4039 73.8791 81.8195 82.1834 83.9504 80.5343 80.813 82.7341 85.2946 91.5105 90.045 92.1432 101.411 102.51 102.054 113.899 111.807 111.896 112.679 114.286 107.424 111.453 111.427 109.361 107.939 106.067 98.5623 104.368 100.657 102.49 97.5624 103.847 98.0607 89.0123 97.8181 103.526 96.2609 103.513 102.667 104.588 103.201 109.627 105.457 108.991 111.44 115.049 115.892 121.482 124.527 126.029 130.209 133.602 124.311 120.872 123.305 113.551 100.972 106.483 103.906 99.3885 94.0217 97.9263 100.1 96.3363 100.343 96.8805 101.497 89.6811 100.697 94.1365 96.2412 96.5986 84.452 96.8313 95.4314 96.6346 94.9561 96.3887 91.1925 94.3135 105.04 110.978 107.663 100.883 105.955 101.536 104.818 104.096 105.001 103.132 96.1527 102.237 103.405 105.04 102.91 95.1659 95.5954 95.7724 91.5105 91.3367 92.6972 92.8022 87.7763 86.4191 86.8879 85.1536 81.8686 86.7928 88.8976 85.1503 89.2254 96.2674 86.4322 84.2324 86.8682 90.2679 85.8421 85.4093 82.2129 79.6032 81.5703 83.4456
68.891 58.7762 61.9859 61.6467 67.3643 70.1217 73.5775 82.2521 79.7874 77.8982 72.0209 75.9757 73.4012 70.0518 69.7358 71.7448 68.1825 67.4707 68.9109 69.7192 74.3725 79.1688 81.3407 78.8661 91.8048 95.6165 92.6596 99.1688 99.731 104.025 103.257 100.546 108.179 108.825 102.608 103.456 103.835 101.637 105.023 112.693 107.67 115.55 112.144 111.835 107.128 114.502 112.384 105.129 109.477 112.606 111.08 104.274 108.994 110.797 108.186 104.96 110.807 107.92 111.166 107.937 106.443 108.552 112.7 112.952 119.505 120.855 126.812 136.242 137.163 132.513 127.275 122.964 116.937 115.297 101.65 104.251 94.9679 96.8339 100.699 92.4633 99.4349 106.423 100.955 99.9006 104.188 100.513 102.801 99.2719 101.886 105.552 106.766 116.435 107.351 112.786 111.535 111.675 105.485 107.993 101.653 112.031 105.256 108.718 110.461 114.752 100.905 100.965 104.451 95.5833 103.193 103.363 103.157 103.523 100.2 97.7452 88.3057 96.5977 86.5195 80.3861 76.5212 72.3236 74.3193 73.6607 70.9499 63.7089 66.2534 71.2027 70.5541 74.9579 72.5531 74.6751 69.0008 75.9191 73.8104 75.9058 69.6593 68.0295 64.4672 68.4719 69.8057 70.0285
62.521 64.7511 63.5568 67.1095 74.3194 68.6817 79.5219 80.7466 81.6845 77.1602 82.7035 87.9363 78.5367 79.2587 83.7325 81.0233 88.3513 87.2076 89.5895 97.2448 96.8231 86.7487 92.9532 89.7042 96.4047 97.8049 101.094 98.6112 99.5255 94.485 95.8885 104.057 105.885 101.189 98.9115 92.3763 90.6523 94.3939 97.6699 91.0166 93.9047 89.9404 97.2549 92.8352 87.7946 89.5524 92.4303 99.1139 98.2063 97.4304 102.022 96.0336 97.2785 103.709 111.725 103.271 107.231 111.607 111.867 119.634 122.448 116.128 115.565 122.427 126.112 130.393 129.087 127.491 130.123 124.843 118.912 116.577 111.246 100.43 98.3784 100.126 97.2144 97.3224 97.4607 96.5059 100.673 96.4081 99.0161 101.597 99.2691 94.4006 94.8224 99.5154 98.9452 99.1915 97.9803 94.4344 91.6611 91.0504 92.0086 85.1428 96.2765 95.8952 89.5187 94.9607 100.636 91.8972 96.6881 94.4749 91.2427 92.1638 96.7286 93.4863 89.6637 87.6023 87.5382 96.3878 88.6482 90.3183 89.0902 92.2852 93.3109 90.9357 95.6658 94.1543 85.8884 81.5867 83.0645 82.0388 84.9437 76.1953 76.7216 73.3545 75.7432 77.9396 74.036 70.3686 70.598 66.7755 68.4421 64.1776 69.4138 61.6607 66.5157 61.4448
73.5914 74.0567 73.5503 76.5237 82.1454 81.1223 91.8182 93.5461 95.6367 89.1733 98.6066 91.9961 87.9347 92.6907 81.964 79.2062 84.0204 81.9469 89.4881 85.9707 79.7229 86.85 83.0726 77.3038 89.8508 81.4029 85.8133 83.2574 88.8003 88.7867 89.5805 91.8934 86.3231 89.187 89.7994 83.9999 85.0469 81.8956 86.3539 78.9256 77.2388 82.1693 80.0274 77.5228 78.4021 77.273 81.7006 80.7596 89.2109 91.1441 87.0793 96.2799 94.7368 100.608 95.4758 103.694 101.867 100.423 99.1814 104.416 101.611 101.241 113.217 113.309 115.297 127.122 125.654 132.07 136.815 122.859 127.95 121.959 119.081 116.59 110.37 100.092 98.9556 102.254 99.2362 96.232 94.8942 91.5958 91.6368 90.7609 91.7497 95.0139 90.8875 90.0082 93.789 91.8319 92.1227 90.4222 92.133 83.1958 85.1803 82.2172 85.9912 79.4526 82.2651 83.076 83.3737 90.7164 84.9168 81.2729 81.0299 85.9878 87.4112 82.3986 84.2838 85.3788 82.6039 78.1421 72.322 76.3834 71.8122 68.4282 68.873 71.3605 65.6157 70.7549 75.7846 72.3459 77.1362 83.5687 81.1257 82.8707 90.0526 85.7928 93.2108 85.04 79.0386 83.8561 83.1 81.6527 78.3235 80.5612 73.109 75.1961 69.1399 72.1851
77.6014 74.6907 79.5893 81.6015 77.6292 85.8826 80.7342 83.0135 85.952 86.5279 88.3562 84.1966 75.8633 75.4851 72.8138 73.3931 71.0201 71.5856 69.9551 69.393 68.6228 69.792 68.1822 72.9699 70.531 67.7278 66.5066 72.4634 70.6038 71.1832 76.9318 78.8885 83.4888 87.2114 85.3449 82.9962 84.4672 84.6996 86.7326 85.4177 82.0109 87.5167 84.5921 86.9546 96.7069 91.097 89.3138 88.6546 97.0607 98.2819 86.4759 89.6191 88.495 93.1508 91.2982 93.6643 91.8429 93.4492 94.6912 100.318 98.1293 98.2125 109.235 110.83 115.857 123.004 122.983 138.092 137.537 129.731 131.99 117.852 110.109 109.491 102.858 99.7668 89.0258 95.8569 91.0346 93.1821 87.3675 88.7275 88.2487 85.6884 82.2086 82.6839 89.6087 79.9536 90.1568 92.9635 84.488 87.3224 90.8819 93.0572 94.0737 91.5688 95.8812 88.9564 88.5922 86.5765 79.3534 81.1817 81.265 75.8425 72.4668 77.6569 80.2936 69.8544 72.1268 69.8614 67.8284 70.5032 70.1597 68.0747 68.8102 69.5526 63.1726 66.2602 60.6608 60.692 62.5897 58.7041 54.2946 60.7753 62.052 65.1431 62.6383 69.6532 69.1641 71.2318 74.5345 79.1799 80.9215 79.0099 77.7471 75.8702 74.2466 72.5848 73.2578 67.5508
74.0967 78.7497 71.4871 70.5691 73.4777 77.3113 81.1343 83.5681 75.5739 82.2175 80.2445 70.1436 75.5352 73.6923 71.6489 70.9947 67.4355 69.6688 67.2948 65.5152 64.7414 64.8153 65.1142 63.8024 61.5585 64.0099 68.3323 70.1506 68.6137 68.16 72.194 81.4051 80.3148 78.1167 72.915 74.2374 82.826 81.7849 87.8026 90.8342 89.452 93.3771 94.9562 97.8226 90.0359 92.1074 98.526 95.9832 98.9832 98.5787 96.6162 99.771 95.7299 103.474 100.531 101.255 96.4615 108.606 104.002 97.5412 102.437 98.9515 104.463 108.12 113.35 115.731 118.851 113.354 124.091 122.713 113.308 108.933 109.031 99.3208 103.991 88.7662 92.4169 84.2961 82.8611 87.3981 93.4896 89.3606 87.0851 84.1132 93.0394 92.4486 93.0816 95.329 94.6256 89.9022 90.5423 86.8952 81.2081 88.8014 84.9925 81.187 85.9878 82.2351 86.2234 82.003 81.2679 84.4579 84.3277 83.1425 72.3241 73.7802 72.2221 73.9068 70.3968 71.058 67.2561 68.5574 64.7027 68.1811 64.6535 62.6875 58.2384 61.8328 64.1646 62.7262 61.1611 62.1845 60.827 60.0216 60.6371 58.4917 57.9676 62.4448 58.5515 55.9348 62.1212 67.4108 63.5984 60.5104 70.235 68.4871 63.4366 62.4589 65.902 65.9478
70.8422 67.8585 71.5124 71.0989 74.2751 73.4302 79.0519 78.7025 74.022 76.8025 70.7959 69.7764 67.4023 67.6411 61.0214 60.2728 60.5472 63.1139 56.9647 62.8429 61.1105 60.6292 63.6664 62.3011 64.1049 59.6881 66.4897 76.9522 72.0008 71.4875 78.068 78.346 88.0885 92.5765 90.5161 92.4375 94.6548 90.3842 93.8741 88.3665 92.4945 89.3896 91.3431 96.2232 97.9129 98.8612 98.8184 100.897 95.2536 106.408 103.271 106.975 99.706 101.556 90.6765 107.178 94.2448 101.481 96.8399 95.7099 101.321 97.2499 99.5955 104.426 108.81 105.238 110.564 117.391 116.068 112.521 122.577 107.63 100.283 95.6137 91.7245 90.5874 93.5319 85.4221 80.7273 86.7767 81.4794 84.9872 81.3012 91.1114 86.5057 86.602 88.199 81.2192 94.2912 87.8461 92.5017 88.8834 88.7123 89.7568 85.7928 83.9463 85.0121 80.82 83.6147 80.8556 81.8644 79.8218 82.9374 83.3117 84.5665 75.2483 75.1805 70.5678 77.5012 71.6835 72.8278 66.5039 66.0976 62.654 62.4152 58.4476 59.9377 52.8438 52.9935 54.0808 52.1737 53.874 55.5602 51.3181 54.3303 50.7478 57.1465 57.175 55.881 62.2655 56.5547 56.5654 64.2795 60.7718 58.8077 59.8414 59.8022 55.799 57.7418 58.5688
68.8284 67.0077 63.4133 65.4218 66.4911 68.4635 74.276 66.0323 73.0875 75.674 77.5597 70.5443 64.6307 66.9318 61.1663 60.2199 59.5769 63.7204 61.3831 60.7473 63.966 63.9371 69.1896 68.1673 61.5998 76.7397 74.453 71.5666 78.7844 81.6129 84.5535 88.1081 96.6119 95.8172 100.683 101.557 98.9058 93.74 100.831 100.307 100.676 93.1656 103.696 93.6099 98.0316 97.1068 95.9833 94.8996 92.5623 95.6112 95.9617 100.004 97.6848 98.1075 95.763 101.243 97.6848 96.1423 101.698 107.229 97.7679 105.166 103.775 105.636 105.116 105.347 103.934 111.499 117.156 111.004 117.853 105.95 101.041 88.9607 93.3029 91.7242 89.1521 89.741 77.2238 81.5009 80.2474 85.3374 76.1906 76.9384 75.5078 76.4326 79.8211 78.4484 70.7827 76.3532 77.1949 82.1151 82.6714 74.6481 82.7509 73.3729 79.0842 82.1151 79.9259 84.1272 80.8977 85.8901 82.1692 87.1545 77.2671 82.6172 79.2106 78.4556 70.9923 75.3128 72.4156 69.3125 66.4405 71.5125 64.2117 62.5282 58.6557 55.3756 56.5243 55.0035 57.3263 53.992 52.6734 54.7578 48.147 55.2961 53.2081 51.9437 58.4931 58.8182 66.7332 66.8777 74.9949 71.6136 66.744 66.1985 68.5502 69.9446 68.3732 63.0593
63.691 63.6251 64.9904 64.0424 66.1653 70.7588 68.6762 78.3757 79.8507 71.5348 73.6357 73.698 73.698 68.1894 65.7261 65.6968 62.4539 70.876 69.9463 76.3553 73.4857 78.3793 79.4847 83.2035 82.2299 86.1609 82.2409 80.451 89.0634 84.1185 90.8533 93.4776 96.1789 103.283 94.8832 95.2345 99.6926 88.4193 93.1885 95.1833 88.4595 91.5597 92.7968 88.357 90.1212 91.4023 90.4104 89.5429 100.421 88.9719 98.4006 86.5526 101.241 99.6268 96.5302 95.5493 99.506 99.2827 105.812 104.868 104.367 108.411 108.788 108.444 110.19 111.57 116.515 110.194 117.28 113.294 110.293 98.9057 101.735 96.124 97.6942 84.0563 85.0043 83.855 81.0659 80.9598 76.5493 84.0087 72.2266 70.2976 73.8773 81.1355 77.7498 75.0083 75.6452 74.1152 71.6922 68.5554 76.7615 73.9103 80.7731 67.5928 77.0068 74.8802 66.3703 72.0399 76.3919 76.121 75.0339 77.3508 75.1584 78.5404 73.9761 77.9987 74.3056 81.1318 76.3662 76.7835 71.0846 72.6987 69.163 72.6694 75.6452 69.6791 67.4464 65.0782 67.3732 59.5184 59.6831 61.0849 66.2165 65.3015 63.0065 66.6155 67.3768 68.8079 77.0434 73.1014 67.5671 67.622 70.854 64.617 61.0849 55.1591 59.7563 62.4648
60.1053 64.8514 66.6609 66.5756 67.154 74.8665 79.7461 86.2943 82.5382 84.8667 80.6545 80.1058 76.9763 79.7424 77.4249 80.4209 77.8365 82.0265 84.0213 81.6779 81.3887 85.3265 82.5604 86.0607 84.5627 83.5022 84.292 85.1152 84.9743 94.1476 91.4409 88.3077 91.2666 95.705 91.7115 88.7118 85.8827 91.2629 92.0897 85.7307 83.6431 88.0185 79.5347 92.8981 83.6431 94.6816 87.9183 87.0062 91.7301 89.9429 87.3214 91.0812 102.364 97.4069 95.1821 96.0424 98.523 93.9326 101.397 101.905 98.104 104.715 98.9494 110.959 110.425 113.295 113.44 111.456 118.175 119.224 110.741 112.861 91.4854 94.2107 91.1257 90.1208 85.0781 81.0661 80.877 75.634 76.1568 71.1141 80.3208 67.9401 76.9095 69.0228 70.8731 74.136 70.9917 81.1811 81.4517 74.3177 72.6974 71.2624 71.1289 66.9538 67.7139 75.3782 72.8716 66.0899 75.4894 66.52 68.8078 62.5896 63.8354 68.4777 66.6015 73.806 71.9521 67.3468 71.5368 71.7407 70.239 66.0899 70.0462 68.1737 68.9524 70.6358 71.6703 74.6663 82.3528 78.2703 76.3459 79.0193 78.1665 82.2601 83.0424 81.1254 81.2738 79.7498 70.5208 70.48 63.7724 64.3212 63.3942 58.2217 56.4567 53.3272 50.8948 50.6501
67.7404 63.4665 70.5872 69.0398 76.5361 77.5764 86.834 87.5101 95.0664 96.4785 95.9527 93.2412 101.932 99.7497 97.5339 89.5907 91.2432 86.9843 83.5291 80.4532 83.9535 78.7745 75.0038 73.2612 74.1175 69.8173 74.0386 76.66 80.1565 80.2654 86.8603 80.7349 90.0714 80.6185 88.4415 87.0782 88.9222 86.6388 87.326 86.3571 84.806 83.6718 86.5787 81.9818 88.9297 92.2459 89.6958 88.9635 86.9129 87.2697 86.5223 90.9014 81.7715 92.5201 95.5509 90.9014 95.9903 92.4487 96.0466 93.9998 93.3726 94.0787 95.134 94.1087 97.5827 98.623 111.561 111.373 113.319 116.988 110.772 102.135 97.3085 92.6177 87.7166 86.8153 81.8278 79.9274 84.1488 79.6007 87.5176 81.4259 77.7942 75.323 73.7119 77.828 69.1187 77.1746 74.5306 77.1746 74.1663 70.959 67.4099 74.816 73.171 72.8105 68.5854 64.2477 72.8744 66.3546 70.805 65.8513 74.985 69.4755 72.2547 67.7028 67.0756 71.9354 72.2021 70.2078 69.8323 68.2474 67.5639 69.5318 71.7026 70.636 68.9647 69.3628 70.4745 70.6397 68.8183 66.3809 69.8098 71.1392 82.3648 77.2835 82.3386 81.2569 78.2336 79.7697 84.7534 79.1312 68.1347 69.4004 65.9264 63.7932 59.7972 60.9389 57.4011 59.9287
68.9359 82.1145 85.7581 87.4772 89.9228 102.729 107.441 98.119 106.996 103.516 102.797 100.101 93.0796 92.4026 90.3221 83.6054 81.3728 76.999 77.9916 75.3255 74.059 68.1257 71.6324 72.8115 72.2524 71.4423 77.5238 72.5719 79.0528 82.2666 80.7187 89.8391 85.0088 86.728 83.1148 87.0208 90.0901 90.615 81.7836 86.3248 84.309 86.2716 83.3658 83.8868 86.5188 83.2137 86.4313 89.3941 89.5767 89.1241 95.6012 91.8397 95.3312 95.7799 90.5846 83.7081 90.9953 86.8535 89.8467 91.5354 84.6361 96.3771 96.533 96.2858 103.641 98.4271 111.469 113.146 111.408 106.631 105.889 102.272 94.4412 86.8459 85.5451 83.7651 84.8453 77.3489 78.8626 77.4896 82.7725 82.7268 82.9512 79.5548 84.0542 84.8491 74.6181 86.9866 74.3138 78.4709 76.5007 68.9397 80.5931 75.3293 69.5824 67.4601 69.0728 74.5344 70.5751 70.4344 71.7998 74.9946 76.1851 71.4727 73.0929 76.9495 75.4396 80.4334 79.1022 74.0666 75.8237 79.9846 76.2383 66.4218 67.6313 60.2984 62.8505 59.2221 61.1732 63.7937 59.3552 63.0254 61.873 65.22 64.5544 68.7571 63.4552 72.2676 74.4507 77.752 76.6224 82.5024 76.6186 82.0118 87.2985 93.4979 81.7988 77.9764 81.8292 74.6409
75.3849 85.0357 85.4054 83.2334 85.906 91.1204 88.5671 91.5556 84.6198 85.9137 85.2667 81.2655 75.1577 79.5209 76.3476 73.3592 73.1474 67.6249 74.3605 69.9048 73.6288 76.5787 76.2167 77.0177 72.4542 75.485 71.8342 73.3746 74.0678 79.5903 73.571 84.408 88.8251 86.4875 87.123 86.3027 85.8136 88.2128 81.3194 89.1063 87.3848 93.9355 86.5068 92.6878 95.8148 91.9946 94.7905 95.0023 85.3784 98.2449 86.2757 92.9766 88.1782 83.4606 85.6519 86.6146 86.6339 85.9445 89.5761 88.8521 91.6595 94.3014 92.3912 101.083 99.508 109.459 106.093 120.204 122.63 113.892 108.851 103.271 97.467 87.3117 89.5106 83.6878 81.6968 84.7507 80.9381 71.0332 73.0511 70.0396 75.6352 78.8277 83.6031 81.5312 85.6711 90.6621 84.304 87.9432 81.7353 91.2629 81.9818 84.1923 74.3412 73.752 74.6686 72.3117 71.2989 78.1191 77.8149 81.5389 84.8893 84.6814 79.0126 71.5608 75.8277 76.209 71.8342 73.313 70.1436 65.4722 62.0678 67.2321 60.6391 57.4311 60.5428 58.675 58.1551 60.6815 55.1975 53.1218 59.4722 57.8355 62.9305 58.8098 70.571 68.6339 72.1808 68.7071 69.4157 78.3425 70.8984 76.6211 73.2668 73.1705 79.8329 76.5209 83.5646 84.0151
79.8435 78.0579 71.7496 75.1221 75.3131 77.3288 77.9214 76.2099 81.0834 80.1516 77.0559 76.2021 76.0227 73.4222 73.0206 71.2662 69.5546 68.4941 67.2426 69.7885 64.9033 68.615 75.3092 70.5683 69.7885 68.0731 77.2664 77.0793 81.0873 79.056 82.1087 75.6796 90.9161 88.1324 84.9627 91.5828 87.7698 94.9826 97.3804 87.2552 88.378 90.9707 93.4932 88.5769 89.263 90.3235 87.2357 90.6315 90.2105 84.8106 87.0095 87.2045 85.5631 83.3096 92.7798 80.5297 87.6801 92.6706 90.9824 90.4015 91.9649 92.538 99.5481 99.4116 95.006 102.913 110.43 117.615 116.851 115.077 105.478 105.447 100.176 84.8691 93.0371 83.1731 80.171 83.1224 79.3484 76.5023 73.3131 81.0873 80.3816 76.5296 76.1007 74.3501 84.3311 77.3327 79.6993 87.6879 81.6682 80.6623 90.4288 87.8829 87.4267 88.8654 88.6782 86.8263 84.5533 77.1924 74.7283 75.9097 82.561 71.5001 74.6192 70.6307 66.9619 77.169 62.6069 75.8902 67.6676 66.3927 68.3772 61.6361 61.1566 66.8215 56.9771 56.6145 56.4273 59.9051 65.9599 64.2133 68.0263 61.1527 64.915 71.0712 70.9894 69.04 71.9992 65.6636 71.4494 65.4453 67.8274 69.1569 66.4746 67.96 65.57 76.9974 68.6462 69.8119
72.8607 67.9197 73.2632 79.3133 75.5049 77.3834 75.9311 82.5178 77.1111 78.7765 81.0971 71.0966 78.8278 67.4027 70.8559 72.9594 69.7508 78.8752 73.7802 75.4772 74.6682 77.5807 73.1646 75.3233 75.7772 71.215 76.5625 73.058 77.6991 83.023 78.1135 81.2786 85.1383 86.8393 94.6613 94.5034 89.5821 89.6334 89.6729 92.6209 85.6356 86.9024 84.6332 89.0375 87.1984 86.0934 84.6411 82.285 87.1037 89.6966 92.2066 85.5606 87.3997 91.2752 89.0099 96.82 94.464 96.3267 88.7691 89.4795 89.3217 94.981 101.26 102.369 102.314 105.802 117.752 118.707 122.113 123.222 113.766 102.037 96.3386 95.9084 93.9075 84.2188 76.7757 81.7443 82.1232 80.4657 78.7805 81.9732 79.0133 77.1032 80.4538 81.2707 81.251 82.5336 79.0725 86.1526 93.1143 86.2394 85.2646 83.319 83.3703 79.8263 81.7167 84.8068 88.3863 80.8366 83.0388 82.6797 77.8215 80.8524 78.5397 83.8439 75.7811 74.83 74.4709 69.5377 66.5818 78.1135 66.4673 71.7399 70.4139 70.9743 64.6283 65.8675 65.4097 71.8622 72.3358 67.3829 70.4691 76.4323 62.7497 70.481 67.7105 72.3674 68.926 63.7837 69.3759 64.8374 69.297 65.4728 58.7795 67.0435 59.7898 62.6116 58.9019 58.7045
67.4149 63.2688 59.6061 69.4999 68.1937 71.2813 69.7235 72.2559 74.1891 80.1445 71.2413 67.2151 70.063 73.4621 68.2257 67.2551 70.2348 67.5706 69.0205 73.6379 74.0493 82.9684 83.2321 89.6468 86.2757 91.2126 95.6781 83.5916 88.2448 94.3481 90.9689 88.0292 89.0597 91.8317 98.7257 83.4038 86.6232 83.4837 82.8167 81.0233 82.3374 74.4687 80.512 88.0891 85.9202 86.3636 88.7961 84.6221 86.4474 86.5153 92.4668 89.8066 89.9144 90.5775 86.5792 94.1364 92.7504 95.6342 97.9948 96.8604 91.636 102.125 102.824 106.99 108.691 116.392 118.777 123.278 127.037 118.909 119.12 112.534 103.826 98.0307 93.685 89.8146 88.5804 86.5433 84.654 83.9311 85.353 85.1293 88.3886 84.0788 85.8683 82.9804 80.0926 87.1424 78.0116 80.5919 84.1827 86.2837 78.9742 80.0127 80.8515 79.8489 80.7437 82.3613 76.9132 77.025 83.7034 83.7313 87.1145 88.5923 90.6294 81.0472 76.0904 81.223 93.2416 78.7266 82.2974 78.7345 83.0044 74.6444 72.5315 80.2683 74.261 73.1865 74.0932 68.2457 68.2257 64.531 58.9151 55.9833 55.6159 60.5767 54.7371 58.284 58.5996 62.0346 60.9801 55.2724 65.1022 62.2583 60.4569 58.0124 63.9319 55.3482 55.1685 56.8421
57.0402 53.7501 57.4404 64.7968 60.5689 65.7426 68.669 69.4086 70.1605 66.6965 62.5009 68.96 66.9067 62.1089 60.8276 57.5253 62.3918 64.1581 60.5082 69.728 66.8905 70.019 66.2155 76.862 76.9146 80.7464 84.9945 88.3736 90.0793 100.423 97.0517 102.516 103.337 97.2861 95.1156 90.4269 97.1204 91.308 90.0833 91.6354 89.5174 82.2015 89.7478 84.3235 89.9459 90.3662 88.7252 88.7939 81.1991 90.1884 86.2556 90.5603 94.5335 93.7211 100.419 90.7664 96.2069 96.7 102.432 102.314 98.1268 98.4502 103.478 111.122 113.042 108.551 122.334 129.246 125.778 118.995 120.915 107.549 106.473 99.9376 92.6176 89.8448 87.6945 90.0995 86.6759 85.1036 83.0786 82.0964 79.6672 80.5726 78.5556 85.2814 85.7746 81.8013 78.3495 84.1457 84.0527 87.1408 80.419 80.7302 80.5968 80.3341 77.9089 76.2477 79.3398 74.4732 86.106 84.7722 82.4682 87.7753 87.5369 84.9783 90.0631 84.6752 88.1189 92.9289 86.5142 82.2217 79.7157 82.7108 74.1984 75.4473 72.5978 69.445 60.7831 63.3861 57.1292 59.134 56.729 57.4323 58.3943 59.3846 59.6433 59.8171 52.5536 60.1283 57.8688 61.8744 61.4338 64.2147 68.1193 62.3797 67.4685 61.0499 63.8267 60.5891
58.1145 58.503 56.9898 63.5865 65.8276 65.2101 71.3242 75.9741 71.5859 76.6448 74.2606 71.2383 65.4432 69.1076 67.8684 66.7519 68.306 67.7048 67.9583 68.1056 68.7886 71.0706 66.9727 72.3548 76.0518 74.0643 71.5777 73.778 81.0781 83.9449 85.1678 88.7585 95.3634 101.154 97.4982 94.4963 99.4612 94.8317 97.7885 94.7172 89.4415 87.9896 89.0939 89.9854 95.9604 89.4946 86.4642 85.5522 87.9937 91.4659 93.7725 84.3253 95.6537 90.1367 94.2919 98.173 95.167 98.3284 90.9997 101.882 98.2875 102.573 105.228 103.244 113.832 111.8 119.697 124.327 123.329 118.401 116.253 116.196 106.949 106.602 93.8052 93.7643 89.7237 89.0366 88.9262 88.9712 87.8915 87.3762 93.9647 87.916 84.5584 83.6178 88.7258 82.0432 83.4256 89.5028 81.1558 79.4667 90.288 87.6011 81.6015 79.1805 87.6625 80.4973 87.9038 80.4728 87.3271 86.5828 84.3335 87.5561 95.0689 88.4477 100.537 93.2694 95.7682 93.7111 92.1489 86.3006 82.9062 82.7426 84.5134 78.0108 75.7042 71.5041 69.4756 64.3635 65.525 67.6884 61.6521 66.576 63.975 61.3699 64.5966 60.4006 64.7766 60.6378 65.8603 65.0138 63.9995 66.9891 65.6599 67.7743 62.7604 59.051 61.7788 58.4048
70.4311 67.3074 68.1142 72.5371 83.1123 74.5685 74.6513 76.2235 83.224 86.8773 89.7446 76.7365 77.8619 80.9277 82.4544 77.9695 75.7518 74.4858 73.5052 71.5317 80.3195 70.3898 73.8735 73.1701 75.7353 72.6322 82.351 72.1482 73.9562 81.3208 91.7636 93.0835 91.143 94.2668 103.717 99.6123 105.86 99.0289 103.063 104.01 103.837 101.925 96.7161 97.7505 95.8183 94.4653 95.057 92.6407 95.7686 96.3644 97.9201 100.866 99.6123 97.0181 92.8393 98.0028 96.1824 99.8936 107.37 102.384 102.413 103.683 108.988 106.679 114.581 110.494 125.012 120.982 124.16 121.867 125.045 117.366 115.475 101.085 99.3392 99.0786 97.4691 87.7131 96.7782 86.9518 86.0499 90.3528 85.5575 89.2439 84.7093 95.1232 80.8905 85.3837 86.6415 89.095 92.5166 86.8029 90.0962 87.8207 89.3101 85.2389 92.8145 91.445 94.2419 95.4294 92.5415 96.3189 97.5394 100.287 95.4252 91.9581 91.5195 89.124 91.7678 85.0031 82.5786 81.0932 78.8177 73.6211 75.0609 75.0485 75.2098 71.0228 70.4063 69.9305 67.3488 69.914 70.6835 66.484 62.4252 67.626 61.0558 66.4716 63.9147 65.9089 69.8022 63.2238 65.0608 71.5317 60.8613 60.1869 55.2179 54.2166 58.6147 58.9581
72.2689 73.3988 75.2905 75.8974 80.1327 84.9331 83.439 88.4821 87.7873 89.4781 91.8092 80.5931 80.7814 81.1999 82.0202 84.0835 82.2964 84.5522 76.9102 76.3912 69.5234 74.1647 69.628 77.1655 72.7125 78.693 72.6874 72.0303 74.6293 82.4471 83.5896 83.6022 88.5239 91.8092 94.5045 84.2049 84.343 92.4119 92.7802 93.7386 95.241 97.1327 103.281 99.5768 97.5805 101.443 97.2248 96.9904 95.3875 97.5094 101.063 96.6305 100.272 101.891 99.4638 99.4722 95.9023 103.502 100.012 104.139 104.005 110.169 107.512 111.237 111.73 110.806 123.436 123.11 126.123 126.433 114.237 114.422 108.236 99.6898 101.389 90.2273 91.4619 94.6844 83.7026 91.9641 77.7263 93.6047 82.4973 80.1997 83.8156 83.9747 82.5141 80.1118 81.8654 79.5761 80.2081 90.6165 84.4309 84.4225 84.7615 88.0133 95.1071 98.1497 94.2575 93.6842 98.02 92.9601 90.5118 96.3878 88.231 88.955 87.3144 86.4104 82.1081 85.5776 75.8262 82.5936 76.1736 76.115 77.9983 71.3146 71.5197 68.113 73.9136 73.2775 70.871 72.34 72.7167 64.7189 73.2775 76.3033 72.725 72.3609 74.7297 72.9343 71.7625 68.1507 70.2977 58.4747 65.6522 61.806 59.3745 62.3752 60.0818 64.3171
87.1079 79.3745 85.5883 90.2698 91.4127 87.692 90.6804 92.5471 93.6392 92.5133 86.2444 85.5417 83.6539 76.1787 72.0262 76.149 78.9385 72.9913 72.894 69.241 69.8633 70.1722 73.2961 72.3903 71.1797 69.7193 70.1384 74.6294 77.5501 78.3036 83.4041 80.6528 80.3099 77.6221 81.3597 83.383 89.2709 87.218 86.6634 86.1809 86.3883 90.4942 85.5121 93.3175 100.75 94.7821 107.718 107.671 104.937 106.156 104.34 105.5 107.362 100.712 95.8995 103.874 104.255 104.662 109.669 101.131 102.642 107.409 104.433 103.485 110.926 116.581 121.474 118.765 122.156 121.14 111.824 109.5 107.523 94.8752 91.0318 97.6731 95.8064 96.1196 94.0794 92.9831 87.8571 88.4709 96.6953 82.1682 87.6412 91.3238 88.9957 88.1449 88.1111 97.9186 87.9756 94.4434 86.3671 90.363 84.5513 88.1661 88.1322 84.4666 81.4232 82.9936 82.5279 72.3649 82.2232 79.184 76.4623 75.9755 70.7098 75.4675 74.4474 83.2856 76.2252 71.3024 68.9278 71.2432 71.7342 67.641 70.5066 70.0918 73.1522 76.4199 69.3722 70.3881 77.021 81.8084 81.2623 80.039 72.7797 78.2147 71.5014 82.6761 82.5026 81.3427 77.6983 77.6559 72.0008 75.3152 79.2983 69.6982 75.4929 73.0125
78.433 79.6016 81.622 75.946 82.7521 85.1877 82.0886 95.2471 97.5757 92.3877 87.1482 81.2881 77.5169 73.506 71.7895 68.425 68.9858 68.6005 69.2768 75.4922 74.0197 72.2262 75.8047 75.8347 81.4508 86.2194 79.623 83.8907 81.5535 78.0734 79.3105 87.1696 84.6612 91.4588 88.1071 83.9678 88.6379 86.6731 87.6277 92.1779 84.841 86.138 90.333 94.0656 88.6293 94.8618 92.6488 101.171 100.379 96.7367 105.007 105.94 108.53 109.801 109.009 101.433 110.751 107.995 104.369 104.335 115.126 109.703 107.571 111.252 117.348 119.458 118.974 119.12 116.791 117.121 118.777 101.835 101.861 102.426 94.224 97.2718 88.6336 87.9016 86.9984 80.6075 85.5644 86.489 86.3178 88.8219 89.3185 100.307 90.6797 97.2632 102.443 102.259 96.0219 101.039 89.4084 90.5984 91.9896 86.0995 86.3606 86.5019 80.6846 85.4018 82.5252 77.7781 76.3483 76.2499 72.9239 76.7721 71.8965 71.1988 73.4804 74.1952 72.62 69.9489 66.1563 69.829 73.0523 66.259 64.4569 72.2347 72.5344 65.5142 69.0157 71.079 69.5422 70.347 74.2295 75.0214 80.2993 78.0905 92.8885 81.1169 85.4103 87.1739 85.4189 81.3566 87.7604 80.0168 83.2272 79.9355 80.3036 80.1581
65.9503 68.1793 73.8148 75.8707 78.1214 85.8128 90.6086 88.8729 91.0717 92.1754 92.1841 83.5145 97.2222 91.8162 88.4617 80.5886 82.9735 83.6443 83.1336 81.8481 85.3973 76.3165 76.0785 87.423 89.0114 88.2843 86.6006 88.2626 93.0411 91.8551 90.5783 97.2439 95.3524 97.7373 93.4653 96.521 92.1105 88.228 93.3917 88.9249 84.523 97.4516 86.25 94.0193 92.6991 85.8734 87.6047 89.5958 93.5778 93.5388 97.2179 105.606 99.5595 103.407 107.84 109.48 105.71 110.285 107.446 109.601 113.644 113.839 113.306 107.814 119.331 118.587 112.151 121.608 121.634 112.441 122.279 109.969 106.554 94.0929 93.1493 89.3793 84.0296 87.4576 87.9986 86.7521 92.7554 89.5222 92.3486 90.1974 92.1581 92.4351 95.5515 97.655 99.2695 94.8849 90.5437 94.6123 87.3104 83.9863 87.6697 84.3239 86.4274 88.3579 78.247 78.9828 87.3321 87.0291 81.9693 85.9557 78.3379 85.0121 73.6633 83.0773 78.8226 79.8571 77.8661 79.4589 77.7579 76.2689 80.4501 82.519 71.6074 79.4546 73.1612 75.4379 69.3956 77.5371 75.0137 76.7321 88.4055 83.2461 85.921 79.909 85.7436 83.5491 98.7631 87.0247 84.4494 84.4624 73.949 76.4031 69.6033 78.1517 76.7667 65.7079
62.8571 66.2135 65.3208 67.2419 65.3427 75.6176 72.7995 86.5664 78.2739 83.7789 83.105 77.0004 84.7635 88.0761 84.816 86.9559 83.8226 87.4154 90.5923 91.787 92.0364 95.6598 98.9637 96.0799 97.7953 98.0053 97.0864 97.7865 99.0687 95.1128 96.8369 102.132 104.438 101.677 98.898 101.909 102.736 97.9266 100.469 96.4475 100.688 96.2068 91.3144 94.522 90.9162 94.4301 95.2747 95.8611 92.124 93.8437 89.3889 96.4518 91.7651 100.867 101.76 102.04 103.878 106.967 110.705 114.477 116.848 123.325 123.64 123.518 123.259 128.314 123.412 128.077 126.266 124.927 116.56 111.37 99.3794 100.85 100.062 96.0361 96.3031 86.6627 93.2136 98.6311 97.2001 93.3099 89.4721 95.476 90.0541 85.6737 90.0979 89.4064 93.2486 89.5158 89.5596 90.1723 84.7897 87.0697 88.2949 93.7125 88.4525 93.9881 93.3536 87.306 87.5291 87.6079 93.5768 94.7277 91.2225 95.9048 91.4107 91.8133 92.8241 93.3449 97.2308 99.9089 90.6405 91.7914 91.3888 87.2184 86.0938 86.422 84.6803 81.8184 84.5359 80.58 81.3589 82.5492 81.429 78.6633 74.9306 78.9959 78.799 74.3792 75.0881 67.1763 71.2547 78.322 64.1437 67.3513 64.0956 59.5532 63.0366 56.9233
66.5198 56.0621 57.6104 63.7505 67.524 66.4048 67.0329 71.3859 73.412 74.5223 70.8462 73.4474 72.8988 71.3505 74.6462 72.8502 77.0748 76.7696 79.5389 81.6003 86.785 87.944 88.5058 90.1558 90.5407 84.6704 86.5018 90.5186 91.3724 94.5177 94.8317 103.431 104.219 99.6669 105.108 103.591 107.028 109.558 114.141 108.868 101.149 107.935 104.086 103.197 107.125 108.214 99.2909 102.02 110.359 101.865 103.741 107.09 107.669 106.134 107.09 102.489 99.5209 111.049 110.425 115.349 119.428 117.791 124.834 125.364 131.359 126.519 127.904 130.266 128.585 133.562 123.228 122.148 116.349 110.863 108.643 110.262 107.886 100.591 102.529 107.802 99.136 97.9107 93.9558 97.3311 94.1991 101.777 84.2148 96.4199 96.0748 92.757 95.1679 93.5975 92.0934 98.4061 95.5307 97.2161 96.6676 106.077 99.7598 100.56 102.299 90.8415 101.724 106.705 103.808 103.392 98.3353 105.232 101.313 95.2653 94.7256 94.469 95.1281 91.3768 97.632 92.6154 87.7095 91.3591 93.8364 90.9477 87.3025 80.3926 76.5484 74.2481 70.948 74.4737 70.1738 72.4122 73.2129 74.0932 67.4045 59.3445 63.6178 58.8402 61.052 65.0467 62.8083 59.4197 59.9063 58.6809
62.9358 60.2082 59.2424 63.7899 66.9423 70.5105 71.2841 76.6319 71.8967 75.3039 74.9194 70.2825 67.9841 66.2 64.0135 60.5168 62.8375 59.9668 61.2277 60.8208 66.1911 69.4195 70.9263 69.8621 71.5523 79.4668 79.1225 86.9834 86.9387 97.2633 96.2214 103.045 101.431 98.6584 102.16 99.7718 103.59 103.371 103.237 99.3157 106.931 103.653 102.405 97.5405 100.085 106.349 103.912 106.568 109.645 107.811 101.954 112.493 109.457 109.895 115.408 121.364 117.318 123.068 121.114 115.686 112.064 119.719 118.722 121.432 122.992 129.556 133.366 146.145 140.006 142.626 130.96 129.23 122.657 115.288 116.397 108.679 112.623 108.165 107.659 103.264 103.599 104.954 104.811 103.425 105.12 102.808 99.347 99.6108 98.6584 97.7998 96.5299 95.2824 96.9145 96.606 89.5187 91.9959 91.6113 88.8435 99.897 98.636 101.703 101.283 101.221 102.817 102.929 100.769 95.5596 98.788 90.4264 95.0052 96.673 91.3743 91.4012 93.1585 84.1127 83.4688 85.7314 79.0644 79.0063 74.5259 71.1857 77.714 66.5309 68.4313 70.5776 66.0167 72.782 70.5597 67.8008 70.9442 70.7788 70.8772 69.3166 73.3856 62.3367 65.6634 64.0313 65.1269 61.7151 59.8684
65.0808 69.8259 73.5904 71.9725 71.3805 76.5866 75.6105 76.9165 73.9881 76.4104 73.1023 71.4076 63.3996 59.477 54.9894 56.2774 56.3723 54.0585 52.1695 54.6595 55.2561 59.6578 65.2796 62.9703 67.2003 75.3936 75.6105 80.2833 81.9328 92.4038 88.8788 98.0076 93.9403 91.6084 101.623 100.642 101.551 101.763 105.306 102.884 107.014 112.794 106.562 104.691 98.2923 104.045 105.297 102.766 100.082 117.978 111.127 108.234 110.458 115.569 123.301 124.327 115.199 119.88 120.861 111.231 125.362 122.836 125.945 130.202 130.049 130.388 133.8 140.208 137.257 138.188 138.165 131.187 123.997 124.011 114.177 110.481 115.723 114.046 109.961 115.004 112.153 104.47 106.422 103.164 101.998 104.755 100.873 101.397 99.8514 99.8107 97.6415 98.8029 92.6297 94.8125 91.4547 90.7949 91.5361 91.1836 90.1984 88.9918 95.5446 95.6169 99.1193 97.75 97.5059 96.9862 96.6066 97.5963 94.3561 97.4517 89.7917 91.2288 85.0782 79.3207 70.671 75.2896 71.0009 63.6301 60.0283 61.9038 66.6535 63.2821 63.49 63.847 62.184 65.953 66.4546 71.9364 70.2507 72.5645 72.7408 69.8033 70.2146 71.4393 77.5763 74.4942 72.4651 64.9678 74.1734 74.5033
72.8011 75.4636 72.9974 74.3584 75.8289 74.8607 75.6599 80.0031 74.4771 73.9748 71.7963 66.6951 68.2113 62.9959 59.1095 53.4145 62.078 60.2147 63.5394 71.3899 65.2976 65.9005 70.6272 66.9783 65.2428 72.285 69.7915 68.8781 74.1985 73.4085 82.25 89.21 91.2514 101.376 98.9466 102.765 102.148 105.331 102.892 107.56 108.875 106.436 109.167 110.962 108.327 111.446 116.968 115.954 113.405 109.062 112.99 117.58 119.384 117.31 119.653 114.931 118.073 113.469 114.291 113.136 115.671 116.671 114.757 124.836 117.954 132.532 136.866 142.725 140.163 138.053 132.381 124.261 120.859 121.658 109.583 107.363 106.126 103.902 107.331 105.171 101.006 108.24 109.756 107.263 104.189 109.651 101.225 104.948 105.071 94.6491 103.568 98.6771 96.8321 100.111 104.062 97.065 103.29 100.741 102.586 104.354 98.563 104.623 97.4304 100.266 95.7909 95.5351 91.2559 95.1652 92.1647 90.3243 85.456 83.9991 76.8245 80.9256 71.842 76.861 66.0786 66.8321 63.8545 66.412 64.3568 62.425 62.7995 67.2614 68.3712 68.5082 69.6408 66.316 67.8779 71.568 72.8787 77.2675 74.4269 71.9059 77.2629 80.4872 83.4602 80.2634 77.6922 77.9343
63.0451 58.675 58.5273 64.2356 70.0685 65.4539 71.8682 78.8409 73.5156 76.8889 78.1026 79.6393 76.9674 72.8604 76.6444 74.7985 76.4967 73.3126 75.9891 76.4736 77.8211 71.9236 72.3297 70.1793 71.799 67.5443 74.0186 70.4285 79.6116 81.7897 83.714 83.8616 89.6022 96.7918 96.9072 97.0872 103.446 102.209 109.251 107.069 110.479 114.743 114.466 121.572 121.277 121.116 128.434 123.367 131.522 130.908 119.902 118.536 110.096 113.349 112.694 111.877 106.441 111.333 99.0945 108.075 108.845 113.931 118.79 118.661 125.989 130.492 129.205 135.402 135.998 124.267 128.947 121.069 112.5 111.702 102.717 109.164 108.338 100.008 93.557 97.1518 97.1379 96.0166 97.6548 97.401 100.71 100.696 102.477 107.489 106.902 107.941 110.05 120.663 116.524 113.857 114.051 111.877 112.454 108.135 108.559 109.385 103.275 104.249 96.6349 97.5579 90.0868 93.9077 86.5058 83.5986 83.6724 82.9941 86.1274 85.546 79.9346 84.5446 81.4159 75.8322 77.5534 74.4755 78.1856 71.7252 74.5262 71.5498 72.0251 71.0837 69.5194 72.685 75.7399 77.0043 73.3818 79.9115 79.5608 79.3762 81.0652 76.9582 79.247 74.7985 76.026 70.1239 76.0491 74.6139
51.3045 52.1157 54.6987 59.361 59.9671 67.4782 65.6972 69.2545 75.8518 84.3139 79.232 84.4398 74.6489 79.8148 73.5952 78.1923 77.022 75.8471 75.6513 74.0101 72.0706 76.9894 81.5725 79.3858 79.964 85.6987 90.1605 92.6735 89.1674 92.7435 99.9468 97.0235 102.581 102.175 100.73 98.7765 106.068 98.4175 99.0749 98.3243 103.817 109.845 105.444 114.582 120.899 112.619 119.184 117.002 116.988 114.106 114.414 108.064 113.197 112.68 105.29 109.91 111.472 107.952 106.758 113.524 111.141 115.361 117.71 118.657 120.447 125.562 124.41 128.872 127.954 126.443 123.632 107.197 109.644 99.0749 98.4409 92.888 101.024 98.5341 101.495 95.042 97.2426 94.9954 99.2568 96.8044 101.262 99.6717 106.791 104.385 108.264 114.619 114.256 113.337 121.547 115.449 111.771 102.404 107.49 102.749 101.593 98.9164 94.3147 89.1628 95.8439 93.6386 89.8109 90.2724 85.3536 89.7736 92.2819 93.5547 84.5424 90.3004 89.7363 91.5546 85.7966 97.0375 91.1023 89.1861 89.3539 82.2485 87.2699 86.095 83.4421 82.4676 78.8124 76.0056 76.0243 75.4089 74.7794 73.5066 77.4929 74.3925 78.7471 70.2057 72.4389 67.4782 68.5925 66.7742 66.639 63.2914
48.9424 51.7025 57.0013 59.3234 63.2139 71.2775 77.0003 79.8404 79.4448 83.1281 82.0447 84.3621 77.6314 78.9596 71.9982 73.5619 70.6417 76.5104 80.1937 77.6031 81.3759 78.4039 78.7618 93.1558 88.4552 97.5739 89.3171 92.5105 98.7231 100.612 100.909 96.2032 100.16 102.176 103.589 104.248 101.549 102.218 102.59 103.151 99.6416 98.9445 100.814 96.9851 96.434 99.7122 101.945 104.366 109.552 103.97 111.111 107.512 120.159 116.961 123.084 127.21 123.041 120.667 123.828 116.033 115.552 116.287 114.233 110.786 118.049 115.321 125.17 128.02 127.299 114.012 113.772 106.758 106.401 100.348 85.3936 89.2512 93.5985 86.849 87.9559 99.8253 98.855 103.428 107.456 105.209 109.368 106.801 114.766 113.089 115.288 111.633 107.573 104.625 105.515 98.7655 97.3525 102.279 95.963 96.5471 97.296 87.7392 93.7681 93.0757 95.5721 91.7522 92.4493 92.1431 92.1997 90.1366 92.7083 91.4366 94.8797 94.9268 89.8164 93.9424 90.8479 93.8388 90.4051 92.2703 87.1976 85.6479 83.8534 90.3392 85.2146 80.1325 84.8048 79.1057 73.4536 78.7006 78.2249 80.2738 73.4536 72.521 71.0656 71.221 69.6525 71.1221 65.4606 65.7243 62.8795 59.8697
60.9949 65.6005 64.7678 69.6303 77.1571 83.8466 86.3207 87.296 85.2121 85.3786 82.4954 81.2488 77.3808 73.7839 76.8812 67.732 74.9495 74.0979 73.4699 77.4236 79.6788 79.5884 77.8803 77.2095 77.8327 81.5058 82.286 85.488 85.2454 87.2199 90.2934 92.4868 102.35 103.449 99.1239 105.152 109.529 102.768 103.748 104.771 99.9089 95.8362 97.7822 90.0365 88.1096 88.4093 93.2195 97.9772 94.6753 97.3682 93.7047 104.643 117.365 119.064 125.863 128.798 133.114 128.66 129.236 123.289 121.88 119.963 120.225 116.371 123.503 122.784 131.772 126.781 129.816 128.636 121.866 115.039 105.309 103.72 98.4435 96.1693 87.1438 94.8514 98.5625 95.7173 101.546 108.44 108.406 109.953 118.136 121.766 119.611 118.764 110.219 112.936 106.085 106.898 104.415 95.1321 96.8211 95.8791 97.6632 98.8717 102.321 103.325 97.4349 95.2701 98.924 93.6714 89.9271 91.1784 88.7138 82.6048 79.7026 87.0343 80.9919 78.1515 80.8349 77.8851 77.3522 74.0265 76.8479 72.3803 75.8059 74.1788 73.1083 75.6299 82.0767 80.716 84.0226 71.9807 80.1355 83.0806 82.0957 80.6161 77.6091 83.5659 77.081 71.8474 73.6459 74.8496 73.2748 71.4763 70.7436 70.4011
76.4606 83.6929 75.3457 90.5503 88.6185 80.1848 83.7601 84.9903 80.6269 81.2469 75.5235 78.3828 74.3077 67.1427 70.8765 69.3484 72.448 65.9749 71.3763 68.9063 66.1623 68.0653 70.8237 70.0884 63.7788 71.1601 71.5301 75.4706 72.6402 80.305 81.0594 88.1139 83.3853 95.178 91.4634 96.8167 94.7696 89.6181 91.2471 93.4481 89.4499 87.6622 93.3375 88.2389 94.1112 94.1593 96.3986 105.318 104.813 111.483 110.685 117.586 110.743 117.221 114.794 114.852 122.065 121.777 123.06 128.956 129.369 126.505 131.671 131.003 128.019 131.094 132.671 135.237 126.106 134.093 125.424 117.937 111.969 100.257 103.525 101.92 101.108 105.125 101.776 111.892 108.312 114.746 113.612 113.069 107.898 107.817 111.887 103.862 111.82 116.731 113.439 108.134 108.691 104.866 103.367 100.33 99.9788 106.937 104.924 100.07 104.232 96.7302 96.7543 85.2498 85.9563 80.5741 80.7951 83.0489 76.2828 74.7738 76.1194 72.2365 66.5324 62.241 58.8531 64.3699 62.7312 60.7609 61.2271 60.1795 64.5285 63.7452 67.998 68.0125 72.0539 72.0347 71.1024 71.8184 75.2832 72.7603 79.0123 83.097 77.4937 80.3867 81.2949 83.9139 84.6828 78.2482 83.5151 84.9711
91.2797 88.358 86.3148 88.5425 81.7382 77.6712 80.9132 79.001 78.9719 75.5989 69.1052 70.6874 69.1635 70.8573 68.8577 64.2326 69.9012 67.0378 63.3784 65.4799 63.063 64.747 69.4159 68.2608 68.3336 70.2506 71.9395 75.0116 78.4574 71.9735 81.2238 81.4325 78.7875 90.7652 85.9654 88.8531 88.2561 90.047 89.3966 88.557 87.4602 88.3386 92.8667 91.4253 97.6957 95.4098 109.047 114.046 108.562 109.737 99.2681 113.925 112.333 110.955 104.335 101.326 117.419 114.119 115.216 113.105 127.956 124.17 129.848 137.405 138.424 138.807 141.03 147.781 153.401 133.008 136.4 125.301 124.767 118.215 121.263 121.321 117.866 116.114 117.55 111.197 114.823 110.164 105.034 105.883 106.985 106.723 101.433 105.519 108.402 111.047 111.537 112.847 107.975 113.74 108.29 105.286 106.616 102.68 100.87 95.9291 95.0264 89.6247 86.0333 90.7361 90.5517 86.3439 77.8314 80.9423 78.2051 74.9 77.579 67.46 72.4394 67.8143 66.4699 61.6216 65.3731 65.9749 61.1654 56.8557 58.0641 55.3026 56.9333 62.6456 61.1945 62.0438 63.4464 68.9888 71.8182 71.3329 69.5615 75.6377 73.6139 79.564 83.9173 90.0615 89.416 84.7909 85.781 84.4803
78.2585 83.6398 88.3202 86.8744 80.5473 83.0075 82.7135 76.7196 77.445 71.9902 70.9659 70.4758 68.4174 69.8436 68.7507 72.789 67.3784 64.477 63.0459 67.7362 66.1531 75.1121 67.0794 71.7598 73.9751 74.9896 77.788 73.2889 77.7145 80.8903 78.533 85.0807 88.477 87.6684 86.2226 84.2524 86.0755 91.8587 87.7762 94.466 94.7797 101.396 105.523 104.631 100.671 104.111 104.283 109.233 106.87 111.791 107.694 115.766 107.684 111.928 111.183 116.114 113.776 113.761 114.241 122.215 123.342 122.642 130.307 132.762 140.27 146.392 152.077 158.463 152.704 152.542 146.107 143.985 136.874 135.477 129.895 126.724 120.48 120.47 124.504 121.362 115.32 115.099 114.594 113.619 114.3 105.988 107.292 108.321 107.944 105.625 111.061 101.381 106.782 108.885 105.915 107.488 113.016 101.675 106.846 101.445 98.9553 98.4064 92.3929 96.843 89.9865 90.6334 85.6786 89.9277 85.2571 81.6108 75.5042 78.0233 76.8764 74.0192 70.5444 68.6624 64.1487 69.0594 61.9187 63.0999 63.0361 62.6392 63.1636 60.4533 64.0898 60.8944 64.9965 67.0647 70.5934 72.9802 74.3279 78.6261 77.9351 82.8752 86.0118 77.9498 87.4821 81.0178 82.3214 86.9479
66.0055 72.3398 75.4525 80.1884 80.7625 81.005 84.0583 83.6476 81.2227 78.0506 77.0262 71.9637 70.0882 64.605 62.6651 61.4131 62.3385 63.5757 62.7047 64.7683 70.4791 68.2225 74.2896 65.4711 66.9656 75.1655 76.0909 79.2135 76.5165 76.0662 79.2779 88.2746 89.6454 83.5585 91.6149 91.6793 95.0543 94.3713 95.6234 99.1666 104.541 110.168 104.491 104.833 111.984 112.815 114.221 107.287 111.311 111.697 112.543 113.889 117.081 116.685 117.714 124.37 122.688 125.286 121.866 125.405 131.214 136.049 136.955 144.002 147.451 149.371 154.181 157.418 165.137 164.039 157.635 153.676 149.955 148.891 145.932 135.718 137.712 135.777 131.858 125.182 127.78 122.584 121.767 124.479 117.972 115.408 117.823 117.492 115.151 115.304 110.573 112.805 109.826 111.068 106.901 106.05 104.194 108.985 114.211 113.884 112.196 114.607 103.833 100.696 103.071 96.6131 94.4901 92.1989 85.7656 88.3142 86.8246 85.1025 75.3387 76.9322 74.1065 70.7958 69.1628 71.1917 63.1056 62.2989 61.814 61.5913 60.9133 63.6004 60.2057 64.0359 68.5689 71.9687 72.0577 72.2854 74.7003 74.0224 75.4575 77.3083 82.1333 80.9159 76.2839 81.1534 82.5341 82.0293
65.0132 72.6627 70.5392 80.0823 74.4314 90.1201 84.0695 86.3029 88.1066 80.8418 84.4292 74.951 74.6712 67.1966 64.7534 68.5856 60.0118 59.9968 60.9961 63.2694 65.4928 66.7619 65.6827 64.6385 66.8769 75.2059 72.3229 74.3365 79.5927 82.4357 88.856 88.5063 87.5769 93.7875 93.053 101.987 101.812 109.966 105.929 104.535 102.216 102.906 105.884 105.449 108.112 105.559 106.803 109.476 105.654 113.923 116.346 119.274 127.313 120.084 124.465 121.992 129.787 130.751 136.841 138.36 139.3 136.836 145.85 151.656 150.552 155.708 153.395 156.477 156.173 160.105 154.729 154.059 145.76 148.168 142.857 146.774 142.048 135.622 139.055 137.751 133.584 127.718 132.13 124.56 134.823 128.363 121.223 124.835 124.335 118.145 115.577 122.922 111.924 106.698 113.708 105.804 109.911 114.178 109.181 112.424 106.888 111.974 112.609 105.304 101.392 98.7739 96.9252 94.0673 93.1629 91.1494 85.4485 89.6105 89.6804 83.8047 75.8504 73.7469 70.2994 69.9546 70.1845 64.3637 64.2088 61.5307 60.8212 70.2894 61.4408 67.7812 66.4821 70.2994 66.8019 71.0488 73.7669 76.9296 75.8004 75.7555 76.355 80.7269 83.7097 81.7961 82.1259 76.6848
85.2104 82.5471 81.7804 84.2873 87.8687 88.0704 91.0717 96.5345 98.7085 95.4954 94.0326 88.6051 81.4677 82.7236 73.9418 75.8939 73.3365 72.7514 73.8964 73.6341 72.933 72.0604 76.1663 74.194 76.1411 72.59 74.7388 80.7867 85.5231 92.4386 89.5332 94.3604 97.7955 106.002 104.328 108.07 115.808 111.44 106.865 110.451 103.551 105.019 106.113 100.706 109.664 112.605 114.381 114.537 120 112.655 119.642 115.581 124.756 128.272 128.227 122.774 130.154 127.102 124.555 128.423 134.754 131.016 134.87 139.682 140.963 147.072 151.016 158.628 158.189 154.496 142.184 141.508 133.341 125.478 138.37 138.229 129.548 127.899 123.99 117.498 121.911 119.359 125.321 120.302 124.913 116.998 122.239 121.109 118.789 123.056 120.196 110.36 116.136 109.967 112.575 108.091 106.431 110.315 110.159 111.122 106.683 112.862 106.678 108.429 105.215 107.662 104.469 107.601 104.096 103.455 96.02 94.4058 100.661 90.1234 89.5231 89.513 87.0767 82.2445 78.2092 73.9973 72.0049 70.6278 72.2117 72.8422 72.7161 73.4626 75.0162 74.2243 70.991 74.996 79.7123 78.5017 83.2331 85.165 86.189 78.0881 82.8497 76.4134 81.0036 88.484
84.0918 89.1328 87.5085 88.1908 87.4168 94.856 96.4396 98.0435 99.4132 91.251 95.3703 91.8976 94.5861 88.4352 89.3212 90.7112 92.3508 97.2339 94.1584 88.8171 95.3296 88.4963 94.1737 93.3335 84.7691 94.4028 96.2104 103.838 102.845 107.173 109.76 116.593 111.287 115.911 120.132 111.746 112.494 107.107 113.457 111.771 113.024 104.989 115.397 103.451 113.182 110.126 105.763 108.12 111.44 113.731 112.051 115.677 118.146 113.599 118.793 117.555 116.089 121.634 118.946 122.067 125.183 125.468 131.624 132.011 131.645 140 144.95 142.648 147.409 135.25 138.804 119.231 119.027 117.046 109.403 116.802 115.284 115.936 112.178 110.345 111.837 115.829 111.44 111.527 114.083 114.276 112.896 108.304 111.598 110.809 114.261 108.268 109.658 111.155 111.588 110.753 111.471 111.135 106.221 106.715 110.702 102.881 111.236 105.442 102.392 103.38 110.732 107.321 105.712 99.8817 109.403 99.9733 99.2044 97.6871 100.645 103.96 94.1228 93.0942 88.7305 84.9218 90.4006 88.094 85.0797 87.8496 80.0286 87.9362 78.3584 83.6387 91.7398 95.6911 88.6389 87.0909 88.1908 91.0422 92.1624 85.65 87.4168 83.4655 83.1193 84.9575
82.5569 81.5084 86.0672 86.1803 90.1994 83.3946 94.3368 99.1423 96.0483 100.237 103.583 99.168 93.607 91.7105 98.063 93.7046 94.9535 95.3184 92.0497 92.1113 96.4543 91.3301 90.3588 90.8367 94.6657 89.3822 94.1004 94.8199 100.345 99.2913 109.098 107.962 105.834 104.39 107.612 108.507 105.294 109.026 112.346 111.272 115.378 108.255 111.96 106.255 106.528 115.789 103.737 108.825 111.945 98.1144 105.346 105.197 105.819 119.017 109.658 113.276 116.087 112.505 116.56 117.27 124.115 119.233 118.894 129.178 128.556 133.953 130.627 135.9 134.41 130.16 126.099 122.368 112.238 110.562 104.667 106.641 103.763 113.78 106.173 113.934 101.784 109.062 110.29 109.098 109.385 108.743 105.289 109.971 99.6871 104.302 101.285 103.845 103.002 101.435 109.812 104.241 100.037 101.686 110.902 106.43 100.684 103.028 101.954 101.203 101.435 100.993 101.548 105.084 110.269 106.584 100.273 106.148 104.719 106.646 97.4616 101.399 99.0909 102.719 102.848 96.9066 96.0431 95.4623 96.2898 94.3162 95.1848 90.9704 93.7817 96.5262 98.1555 98.2994 94.0952 98.618 95.0923 89.4388 92.3632 89.9013 93.8999 89.3463 85.7229 91.6848
80.2059 77.5863 80.0554 72.176 85.886 86.4047 85.7718 89.8231 89.9943 87.9194 89.1332 90.1188 89.8335 94.4087 88.5107 93.3038 92.5101 90.1966 89.6831 93.1585 85.1494 96.494 88.6819 89.2836 93.5268 96.136 101.199 98.5274 105.484 97.853 104.545 102.952 109.073 105.515 104.628 100.084 102.776 99.1291 98.9787 100.53 100.203 102.034 90.9747 92.1315 94.5124 96.1464 90.1914 89.3459 100.193 97.6456 97.2306 101.567 99.6686 109.343 108.892 112.134 109.094 111.812 119.375 119.199 121.964 120.584 121.637 122.602 130.232 128.956 132.297 132.826 132.748 128.188 125.299 113.809 115.07 106.578 102.101 98.2888 108.959 98.7816 104.348 104.825 101.951 107.04 102.615 104.56 99.6063 104.778 108.243 108.404 112.611 101.386 105.634 99.9539 98.6 102.423 95.6433 96.0582 97.2358 96.6444 98.0813 97.796 92.7695 92.5516 97.7337 95.3165 102.485 100.12 99.1654 100.218 109.026 99.0306 111.625 105.701 107.258 114.805 111.164 112.715 106.505 105.167 96.0012 100.903 89.7453 94.694 95.8559 96.1412 102.112 94.0923 101.028 104.763 106.64 108.228 109.073 112.891 98.7453 99.3989 103.009 98.1332 93.4957 91.3793 96.1568 88.9153
92.5969 85.8961 87.655 82.3049 81.6871 88.0058 95.4971 93.4188 92.7801 99.9783 92.2357 98.8632 90.0789 86.3253 90.7123 82.3206 81.2003 80.169 83.4409 82.4514 83.7759 86.9431 96.1253 99.0203 107.553 106.124 104.271 108.569 99.8631 104.009 103.737 108.124 100.973 102.13 101.784 104.407 97.8738 92.9267 102.454 96.8739 98.6172 96.1462 94.9736 97.2142 101.35 97.3712 104.056 102.166 103.213 105.611 110.469 104.826 109.119 115.05 113.584 108.422 119.526 117.971 116.898 116.547 116.741 120.159 117.076 114.851 125.871 123.693 126.232 132.226 131.828 130.158 121.348 113.27 108.291 97.455 88.2257 98.481 97.0152 95.8949 90.0684 90.0527 95.4919 106.857 95.5494 101.507 95.2615 107.129 95.9473 95.1778 97.8424 106.072 97.2665 97.5702 100.387 95.3243 100.638 94.581 99.4181 90.461 93.8271 96.1148 88.0948 92.8272 90.8327 86.7337 83.4827 87.1734 87.7964 91.0316 90.2568 92.0053 95.3348 100.868 99.4809 96.7954 102.69 99.4391 99.5699 96.0834 97.6906 94.3768 91.5237 94.471 101.271 97.6539 94.5234 98.5962 104.48 102.03 95.4919 99.6799 95.7274 89.5344 88.3356 90.6861 86.3568 84.5926 78.0697 76.1851 77.5462 78.6718
81.8295 85.7757 87.6775 85.9765 90.2238 99.6958 95.3639 99.4369 102.025 107.208 102.918 97.1442 95.0047 97.5668 82.342 84.4022 85.2263 86.172 90.5513 89.891 92.9761 92.9286 99.3312 103.32 104.482 100.525 97.9419 102.908 100.847 103.991 103.98 104.429 100.309 103.822 99.5056 105.792 100.99 105.116 101.201 96.9593 99.3101 98.3275 100.43 95.4748 110.605 103.108 103.985 108.74 106.474 107.879 99.738 106.991 111.883 110.293 109.083 119.279 119.406 116.558 113.341 112.068 103.753 112.121 108.285 115.84 120.108 117.641 122.734 127.509 127.092 124.662 124.255 119.237 102.004 102.459 96.8695 96.8801 91.349 92.1362 88.3749 88.5122 94.4236 96.7374 97.5034 100.166 101.904 108.771 108.639 101.841 106.22 99.046 99.9757 99.3471 100.832 99.4792 97.5351 93.1663 95.9926 95.3216 100.509 100.023 92.3475 105.317 97.683 87.6828 97.6196 99.7961 98.6445 106.067 100.673 104.683 103.151 95.0786 96.8431 93.4093 96.4152 97.8679 93.7421 96.0084 95.702 95.179 96.6529 97.3238 95.5805 97.757 97.1653 93.1399 97.757 89.9702 89.4684 92.8757 92.2629 82.2891 83.1344 78.3429 74.8828 74.0639 68.8182 66.9956 65.004 63.8841
88.976 92.5953 96.3 96.9183 97.9151 107.569 109.354 104.605 116.625 111.007 106.924 105.847 98.9812 99.5249 94.1892 94.4077 97.6966 92.3235 90.783 95.9802 95.8309 100.01 97.9418 93.9599 91.6998 92.1689 92.2542 98.5335 98.736 103.054 109.034 106.924 102.275 104.679 104.173 107.153 103.022 94.5196 97.7499 91.1774 97.6006 102.361 102.052 97.8352 101.796 99.7648 100.053 98.203 99.3384 103.134 110.228 110.234 113.389 109.349 112.84 111.732 110.634 114.781 109.45 113.15 108.635 116.684 120.164 115.452 114.823 126.454 132.915 131.758 134.061 132.291 120.937 114.909 106.801 100.037 97.1422 99.0185 99.0505 92.1796 93.5388 96.3213 90.1593 99.7115 91.7105 94.7169 101.113 98.6134 99.978 104.05 103.288 103.086 106.598 107.665 103.933 105.772 102.979 104.973 107.446 108.485 103.496 105.058 105.66 99.5196 95.1646 95.0687 97.574 95.5218 90.6018 93.4749 90.5858 88.0218 92.638 92.5207 95.106 91.444 96.5292 101.327 93.0911 99.4183 103.923 104.344 109.658 110.063 108.469 111.124 104.887 112.403 112.974 106.87 103.667 103.848 103.027 101.231 91.1615 90.6657 86.1402 84.8449 76.1562 72.4196 66.8706 68.9974
81.3073 82.711 82.8293 90.0952 92.1336 98.6949 107.203 103.836 111.871 108.752 108.031 112.71 105.294 107.295 108.709 104.514 104.17 104.218 103.584 104.525 95.1077 98.8993 99.7544 96.4522 99.0284 93.8868 99.1467 96.7857 99.7759 95.7746 101.19 101.567 97.6946 98.7057 101.492 100.878 100.846 94.5 100.776 93.6072 101.228 100.905 95.3174 100.846 98.8617 97.4902 99.6845 100.739 102.105 109.457 107.106 108.849 108.521 110.258 112.388 112.931 107.37 109.08 106.407 106.902 104.084 112.619 113.286 113.985 122.112 122.687 131.389 138.327 136.03 139.623 134.422 119.826 114.797 112.463 104.675 105.934 103.336 100.712 97.5655 100.238 95.8821 95.5648 100.045 102.551 98.738 106.079 102.067 103.863 99.8297 107.44 96.7803 105.224 102.659 101.976 100.76 97.6892 97.0277 92.9618 94.7205 92.069 100.642 99.2704 97.8075 97.7645 97.6247 101.196 91.8324 88.6001 86.8307 84.5342 94.1342 88.4549 90.2082 95.0001 90.7191 90.7944 88.6593 93.548 96.7803 105.418 101.169 107.316 110.554 108.15 116.809 115.244 120.702 113.99 118.062 112.183 116.846 118.96 111.382 104.568 111.323 98.7003 95.3981 89.7941 90.5416 91.1547
85.344 84.4216 89.039 91.3125 95.5338 93.6456 103.114 98.1545 101.73 106.684 99.0281 101.329 104.796 107.693 103.694 100.059 95.6857 94.4269 89.8637 85.1486 84.3836 79.7661 80.987 77.5687 78.5345 80.618 80.2979 80.5963 87.5957 93.1627 91.5566 92.4573 87.1996 95.8322 100.385 99.6412 96.6624 102.745 97.4437 101.486 90.8621 98.3064 97.3352 96.4508 100.547 98.3119 106.451 111.752 116.277 117.01 113.163 111.448 115.588 110.292 111.562 114.345 115.751 111.871 109.674 113.911 113.781 122.772 123.96 124.627 119.793 129.337 136.38 137.547 139.044 138.865 121.546 125.295 110.569 106.961 106.576 100.352 100.699 89.6521 97.4057 94.4269 106.141 103.092 96.6515 100.032 99.8203 97.4057 96.4671 95.0455 107.775 101.285 104.459 114.964 108.925 102.512 111.687 107.997 109.581 109.272 106.999 107.465 113.993 108.198 107.52 103.879 98.0134 96.8957 104.98 100.835 99.1637 99.6521 100.222 96.7275 104.541 107.965 99.6738 105.772 106.825 103.022 109.43 105.349 105.55 101.589 104.443 106.532 104.161 101.101 97.1236 100.211 104.904 105.083 100.634 102.609 101.79 102.311 103.108 97.0422 101.155 99.142 85.8866 85.7129
93.0844 96.3029 90.8457 93.7631 92.8545 95.8869 100.627 98.1858 99.4721 104.059 94.5951 107.026 105.898 98.1475 100.408 95.1753 96.582 92.2086 89.2967 88.8259 91.6832 89.127 86.3792 77.9115 81.349 86.4996 81.13 81.7814 94.6772 87.8352 95.4873 95.3341 98.1092 99.8498 98.881 100.397 102.056 108.788 104.76 107.732 104.464 102.258 105.887 106.905 111.098 105.269 113.496 123.551 119.653 112.488 115.242 122.62 117.88 118.893 120.387 116.955 113.972 110.671 109.133 114.338 113.786 112.921 112.297 122.899 122.379 126.988 130.716 137.645 140.283 136.211 129.243 127.694 110.934 105.685 101.87 96.2372 100.479 93.0899 91.705 93.6974 91.2069 97.8902 95.6515 105.942 95.1808 98.4157 103.479 102.034 110.102 112.144 109.024 108.569 109.921 109.932 124.032 115.565 116.09 108.465 111.448 99.5816 98.9302 101.536 96.79 96.3357 93.9438 96.7627 103.939 103.659 95.0111 99.8607 101.087 99.7349 101.207 105.181 100.988 102.099 103.26 100.419 107.059 98.4923 96.4178 95.7282 87.9885 92.964 87.047 86.6803 91.7598 89.9754 88.5303 94.4145 88.6891 88.1636 93.5661 92.0718 86.7897 89.8659 85.6676 82.0934 74.1676 79.986
89.639 96.6511 93.5095 95.4751 94.5033 101.134 99.2185 101.637 111.741 113.165 110.372 101.631 104.917 103.161 98.0591 95.5248 98.7823 96.9382 97.9983 99.732 95.0168 95.1824 91.1408 97.9818 95.1162 88.9985 92.9905 90.7267 88.3857 88.7225 97.4296 98.7713 101.968 99.4118 100.306 91.8365 99.3455 94.8401 100.853 107.81 111.575 116.401 123.33 122.651 115.534 123.474 122.601 122.016 121.74 120.409 117.5 111.255 113.856 113.574 111.559 111.642 111.371 103.326 115.264 108.842 109.698 105.988 116.986 116.666 119.09 123.363 130.591 135.98 135.952 128.493 127.134 119.598 117.848 104.707 98.313 98.6222 100.196 98.4732 93.8352 104.171 99.3842 103.348 96.4689 99.3179 97.5511 93.9953 95.0499 99.3731 102.338 106.739 105.971 101.206 113.276 110.924 112.437 117.157 121.74 118.201 115.28 120.807 111.316 109.919 103.658 107.859 102.52 102.399 99.9639 101.841 103.713 101.041 100.35 105.673 105.629 105.402 100.527 97.2916 96.0548 91.0083 86.1053 84.4821 74.9136 77.2215 73.0087 78.0442 72.4842 67.0291 71.1646 73.3786 80.3963 89.8488 80.8325 87.3421 88.0765 81.7656 79.8994 80.0871 83.0023 75.9571 78.9055 75.416
79.8047 80.9853 79.7713 86.2704 89.8791 94.6852 100.093 101.173 103.941 103.211 93.5881 92.5579 89.5951 86.4542 84.4103 84.3268 84.5161 82.7173 87.2617 88.7876 90.9206 91.4106 83.9982 93.1649 102.259 92.3518 100.059 95.6208 94.3845 92.3685 97.002 96.8962 105.924 103.729 104.96 106.135 104.348 103.596 112.952 109.772 116.616 114.489 114.077 117.875 113.843 113.392 113.13 105.912 104.169 102.137 107.104 109.744 103.846 104.169 108.001 110.646 111.91 108.079 112.083 115.09 112.428 107.917 114.004 110.897 122.052 118.042 123.438 125.471 127.999 126.752 116.132 111.727 109.594 99.5637 93.7719 93.7496 92.0009 96.3003 95.2867 92.3741 92.3964 93.4823 98.1937 97.8652 93.3041 100.778 97.041 93.655 98.4165 94.262 101.563 102.148 98.2383 100.65 96.9797 103.507 103.189 109.454 106.636 106.92 110.156 112.512 117.953 107.533 116.187 113.319 110.652 114.455 117.53 118.098 113.614 119.985 109.36 104.938 103.262 93.8387 94.0838 81.2248 83.3076 81.559 73.9238 72.4758 72.8545 74.102 72.8378 69.1901 72.5482 77.3042 75.8785 81.9098 82.2718 86.7994 88.6205 87.8242 84.2711 82.528 92.7305 87.4009 85.5186 86.766
80.584 82.6061 83.7014 88.1442 86.139 94.2272 95.5921 99.6362 97.9174 89.0373 87.4702 88.1723 83.1228 81.2131 75.4054 78.3429 79.5225 85.3302 87.414 90.5988 88.7958 94.9911 93.3117 103.843 107.163 100.967 108.909 106.989 107.679 106.887 105.421 104.764 104.759 105.905 110.887 109.662 106.668 109.803 112.931 110.123 108.803 110.404 105.079 104.995 111.252 104.601 98.6308 112.819 114.953 111.898 110.763 108.101 106.107 107.247 114.953 113.678 106.708 109.73 108.14 106.758 109.05 112.487 116.554 111.903 112.779 117.138 121.783 124.94 125.176 127.546 119.278 113.785 100.984 102.226 92.3119 84.9483 91.3964 88.998 85.8863 87.1107 88.0824 89.4136 88.7171 83.5666 94.5081 88.5149 87.5938 92.0984 100.788 97.1985 101.58 100.22 95.4573 97.0693 91.475 97.1704 100.563 94.3283 101.029 104.753 105.691 103.815 106.286 105.062 105.697 100.057 104.433 109.112 102.147 103.321 98.7543 103.124 98.0803 95.2551 96.5076 93.1432 94.5867 86.6052 90.5594 84.4484 86.2514 86.6839 85.2291 81.2805 81.8534 82.2466 80.1403 87.5938 88.9025 91.4301 94.6766 95.2214 95.6932 101.776 99.7766 98.4847 107.595 99.097 98.0803 98.3106
78.3232 79.1955 77.5415 86.8199 91.3005 89.4936 93.2888 89.9977 91.1419 95.1298 93.1812 88.5023 82.5262 87.8962 89.5049 97.0783 95.6849 94.9542 96.3703 98.6927 100.755 98.064 106 101.933 106.64 103.825 104.64 104.578 105.065 100.692 101.383 109.399 106.04 105.077 102.205 112.401 107.439 112.055 113.953 108.923 103.298 108.181 104.85 106.079 109.025 102.816 95.3337 99.8256 102.074 100.307 107.609 102.658 105.507 105.807 109.727 109.342 102.533 109.716 101.678 109.648 111.461 113.981 117.216 113.301 111.942 116.519 126.42 129.168 125.894 122.382 111.891 104.442 101.236 95.9001 89.6635 93.8496 83.4665 88.3154 82.3336 87.1315 90.8927 91.85 87.3184 89.3406 92.2182 85.5058 92.2182 90.6321 91.4705 86.3611 94.467 90.7058 89.1707 90.111 88.9384 88.4966 95.1921 93.0226 96.9481 98.959 105.739 99.1346 108.101 106.079 106.481 108.152 102.528 100.959 84.8827 93.9232 85.4151 84.6674 76.9523 79.7789 75.5985 78.2212 79.626 81.6426 83.7328 86.2591 88.0491 85.2282 84.7127 87.1088 91.0796 91.7537 91.765 100.653 89.8618 91.4138 94.9542 102.142 103.802 98.2622 103.457 102.244 105.643 108.917 106.838 101.094
91.7384 87.4028 89.3678 92.8237 93.4178 94.3546 94.3489 95.6684 100.552 105.431 102.283 102.512 98.0219 97.1593 95.1543 98.3303 99.4271 104.18 100.352 102.129 102.078 88.8823 92.2354 90.0419 85.1579 89.9105 88.0597 87.1629 92.9494 94.0576 99.9469 104.882 108.441 114.639 119.186 113.553 119.054 113.439 114.136 110.417 113.908 111.765 105.613 102.552 102.917 98.9701 105.459 107.864 96.7138 103.923 98.8044 105.653 108.715 104.34 104.414 103.597 101.763 101.569 105.288 103.603 102.62 103.671 102.523 108.304 112.531 115.981 120.768 124.064 124.481 129.97 122.493 109.658 105.482 98.039 91.5099 91.1443 87.5571 90.9901 87.9055 87.9284 89.2193 84.9352 87.4657 91.767 82.7302 88.968 92.7038 89.9733 88.6767 90.6074 90.7559 87.5399 90.1733 83.3643 89.9162 88.8195 84.3297 90.9616 87.4257 88.7966 87.9798 95.2115 99.2386 108.093 101.506 105.254 96.0683 94.863 91.6813 84.5981 87.3057 78.8231 79.6114 74.7274 78.3604 72.9566 77.2522 73.842 78.6974 77.3436 80.2454 81.4793 88.5167 89.5963 89.1622 89.6249 97.7305 93.5035 99.2614 102.5 103.346 100.741 99.1358 94.4232 93.6463 99.0901 95.4228 100.878 99.6499 102.946
97.8846 100.672 90.3448 93.1903 97.4123 97.0667 103.483 107.354 111.772 107.918 104.739 95.2235 101.577 89.9301 87.7989 85.1667 89.573 84.0607 82.736 81.7798 86.7218 83.8015 80.8928 91.4738 91.5487 90.4658 92.1938 95.1429 99.3419 103.91 107.216 117.008 114.012 127.381 125.29 117.071 112.123 111.127 113.621 113.661 106.242 102.948 101.018 96.9976 97.6254 98.259 94.1003 97.0091 103.31 96.819 97.4123 98.6449 103.017 102.752 106.116 109.474 103.161 102.711 97.107 103.167 103.714 103.368 104.105 106.68 107.705 111.513 121.575 124.57 118.154 122.059 116.472 111.259 106.075 89.6479 84.654 89.0719 92.9829 86.3474 93.3112 90.5234 89.1698 88.6053 91.2434 89.4924 90.581 81.2326 91.756 79.1763 87.7759 90.9151 92.6776 92.286 87.7471 93.3112 85.9039 84.1126 87.125 85.2588 85.086 90.0626 85.6735 91.4277 90.4543 90.8172 93.5992 91.422 92.885 86.0422 86.4511 85.1321 86.6527 91.0476 89.2735 87.5225 88.6341 94.3826 77.9667 86.0479 85.9903 79.2742 82.1254 79.5046 85.518 79.7062 69.1482 77.9322 86.6988 80.5356 86.382 86.2034 83.5769 81.4688 88.7378 89.8437 92.6027 89.9244 97.4469 88.0927 95.7938 95.045
116.595 111.629 109.736 106.6 101.611 96.7558 101.768 99.2009 99.0789 93.4861 89.5601 87.8178 84.0545 80.8428 75.9992 81.8882 81.7372 76.8704 79.3444 76.9401 85.0069 79.6 86.3253 84.9314 92.0865 95.8324 95.3504 98.3994 100.438 103.981 108.737 115.753 115.648 121.34 115.062 110.439 108.725 106.606 100.682 95.8673 98.9628 98.6666 96.3493 100.177 102.169 104.834 97.2147 105.194 101.698 95.6524 97.1914 95.3562 92.2956 95.7221 97.203 100.804 101.524 108.365 104.48 103.539 108.993 103.998 107.181 113.523 108.243 117.495 125.544 126.48 123.07 123.105 113.9 113.778 99.0092 99.4855 92.2723 97.6444 84.7165 88.114 86.273 92.6092 83.8918 86.2091 88.4044 90.1061 83.3459 89.2001 92.8589 93.3235 97.1217 91.6277 97.2727 89.7518 89.6589 89.9434 88.4567 84.6527 86.3601 91.2386 87.1441 88.9678 93.2364 96.2099 88.8806 92.7834 91.86 86.5982 92.9112 93.7881 94.0553 90.7333 87.1093 86.4472 85.2857 82.8523 80.7964 82.5735 78.874 73.5426 68.8384 72.6947 70.3948 71.5099 72.3055 65.9461 65.5977 72.8515 76.9749 78.5894 75.3894 85.3205 84.3448 84.432 83.0439 78.3455 85.4309 81.0751 80.988 79.4838 83.5027 83.1078
102.024 100.28 98.8742 96.4676 96.655 102.95 96.6726 97.6329 96.333 99.9809 90.4717 92.8959 88.7385 85.8987 85.4654 79.9554 85.1023 85.0789 79.5573 80.4531 81.1792 80.904 84.0659 82.684 84.5929 83.1291 85.6117 89.0196 98.9211 107.189 100.549 106.223 109.677 116.276 109.227 114.227 107.763 112.441 110.275 110.749 107.072 102.288 100.192 99.5886 103.119 103.752 99.9223 96.7253 101.866 99.5593 99.3895 98.0954 93.3409 103.804 97.0649 96.4618 102.03 100.379 103.207 107.294 106.966 110.403 107.324 114.373 115.129 119.714 121.412 125.955 124.456 117.553 115.141 107.862 108.278 100.877 92.7436 85.9689 84.7744 89.0254 88.6214 85.0379 89.2362 83.3223 83.9781 78.3101 86.7418 80.9216 84.8564 88.961 90.0501 90.2726 94.3129 92.7495 92.4391 94.3304 90.3546 89.4412 95.4254 97.5275 89.7339 94.1196 94.3597 89.8686 94.834 90.7703 89.2538 83.9722 88.475 84.3177 81.39 84.4172 82.6548 88.2935 83.7263 80.7576 76.2255 72.32 65.9083 68.4262 64.1166 62.1609 66.7222 64.6611 63.9702 64.2922 66.5056 71.0904 71.9511 73.2861 74.141 78.4037 75.0018 77.1507 87.1868 79.85 81.1382 86.0275 80.5644 78.4447 83.1525 81.753
81.0085 78.3403 83.6059 87.4901 93.1453 98.6706 103.623 102.212 102.885 96.2976 101.61 94.3968 99.9811 95.5302 94.4558 92.7734 95.1878 87.4842 83.8361 84.9872 77.3958 74.3793 77.7382 81.1856 83.1926 86.398 82.6082 84.9459 96.2562 96.3507 98.2692 101.286 98.2161 104.161 105.501 107.803 111.297 110.925 106.522 114.55 113.34 111.439 105.028 101.28 101.953 107.998 99.6151 102.112 102.443 98.8536 101.168 109.456 101.345 102.519 101.386 105.347 101.628 101.687 101.923 106.398 105.506 102.035 108.304 116.545 112.572 124.196 120.123 130.66 131.604 128.322 117.059 112.366 104.06 101.917 95.3413 91.6459 91.6105 91.274 92.4546 87.0533 91.6459 86.7168 85.5598 88.8301 87.4134 89.7274 81.404 91.9233 94.0071 90.6483 91.8112 91.9942 99.7391 94.5738 96.9941 100.595 96.2739 98.9953 105.288 108.216 100.843 99.7922 94.2964 91.1796 85.6247 78.7476 77.9802 78.0156 78.2045 75.5835 78.5115 79.273 79.5445 76.2211 73.9779 72.9566 73.4171 71.168 66.5222 66.1621 61.0678 62.7678 66.9473 63.5825 70.6721 70.7607 70.1704 68.7654 77.7736 74.9401 77.1065 77.6614 79.7865 89.8632 91.4393 89.3909 85.5126 84.692 77.7559 79.9931
69.5832 73.8499 82.1989 79.164 89.09 86.4359 91.7798 93.6246 94.303 94.053 85.4838 84.9601 82.913 84.734 83.6986 85.0077 88.5068 81.6277 86.4419 85.0672 83.9068 85.1684 89.4054 96.3917 95.6895 94.2613 95.5586 94.3922 91.3573 98.3852 95.4693 104.181 96.963 96.356 99.7004 96.4988 97.6533 103.664 104.646 103.592 100.831 101.997 101.152 95.9454 114.298 104.753 105.425 109.281 108.109 108.752 111.858 108.049 109.478 114.095 107.258 106.948 104.068 102.807 103.646 101.319 106.151 102.235 107.746 111.792 115.875 116.75 129.02 131.96 130.996 124.902 123.652 106.121 102.075 97.1236 96.4214 99.2243 97.683 93.7555 92.5415 90.9943 95.1837 93.565 94.9932 95.2491 101.265 96.5345 93.6008 95.4574 93.2378 97.7604 97.933 103.42 108.186 103.527 103.824 104.818 104.413 98.8196 100.444 89.34 82.2704 83.2641 86.9358 79.0509 83.4903 79.5389 78.081 79.3901 78.6225 80.4732 79.652 81.2706 75.4804 79.0629 85.1803 78.4023 80.2649 76.4683 75.4804 66.1198 75.1472 73.8678 73.6416 75.3495 72.0885 80.4911 79.1997 71.9933 83.4427 85.5136 83.6629 83.401 86.4538 78.0155 80.2233 85.9004 81.2706 79.6282 78.8546 72.2075
72.4326 71.2149 71.005 73.0625 76.8296 78.4372 82.2103 80.1648 79.9848 79.8708 78.8091 76.1877 70.4111 66.3561 69.3794 75.144 71.3409 77.0095 73.7283 71.5688 77.2795 72.0907 88.4668 87.741 94.8972 101.736 100.932 98.2744 100.956 96.3729 98.9463 97.6146 97.0927 92.6718 103.391 101.358 104.369 104.843 102.857 106.852 108.16 111.333 104.183 103.403 109.456 102.437 107.926 111.561 101.658 105.407 102.108 107.596 108.028 112.053 117.62 113.043 112.845 115.202 109.882 111.075 114.597 106.888 110.242 115.37 119.929 117.986 122.719 132.508 132.268 122.665 119.593 117.512 109.486 101.898 102.725 96.5109 93.0257 88.5987 101.814 96.4209 96.9188 93.1037 101.334 104.519 103.607 103.949 106.163 109.18 103.049 110.26 110.739 99.7801 105.023 103.511 102.725 97.4526 95.1432 89.7745 97.1767 91.3761 87.0211 90.1404 89.6785 94.2494 88.0589 86.0554 87.0271 81.7124 77.4234 83.326 77.7893 81.3285 83.278 80.9686 81.5924 77.4774 81.2205 77.5614 75.2819 71.9827 71.9108 73.7283 77.2315 66.2541 75.8818 75.9598 76.3257 76.6736 73.4104 76.8296 78.6411 77.0815 74.4601 78.1313 76.7696 79.253 75.6838 76.2417 75.2819 77.0935
76.4552 80.4337 80.1677 76.0562 68.3472 80.7239 80.5728 75.2339 79.1398 76.3827 73.9219 71.2192 65.6143 67.283 65.8017 63.2683 64.3627 64.1994 63.4678 70.7899 74.3632 73.5712 79.2426 83.1183 79.8472 79.9198 87.9855 85.6879 83.8438 86.7581 91.6435 93.4876 93.7416 102.92 98.8688 102.061 105.725 98.9837 102.013 105.024 107.116 109.226 99.4674 100.906 115.98 107.872 112.419 103.772 107.491 103.428 103.234 104.395 112.697 113.567 114.021 111.028 114.746 119.868 118.749 122.897 125.618 128.967 120.962 126.742 126.609 132.94 132.42 132.921 135.733 131.198 125.847 116.778 110.278 105.895 102.63 98.5544 98.7842 106.3 108.664 100.858 101.819 101.523 108.368 112.358 114.16 108.845 105.514 110.647 108.204 111.052 112.092 118.066 108.555 103.73 106.179 109.353 102.896 101.003 104.02 100.217 106.433 90.1803 92.7923 88.7352 86.1837 82.169 83.4266 80.47 84.4484 87.1874 83.342 86.8367 84.0373 84.2187 79.5328 84.0977 78.638 74.9074 76.6548 76.6004 73.9219 76.2557 71.6364 74.98 72.5191 69.8406 66.2491 67.3495 67.8695 66.3096 69.3811 75.2037 71.4308 71.6545 69.1332 71.4368 73.4563 77.5678 81.3044 83.8861
83.4025 90.1486 81.5622 82.7017 90.2156 82.6956 84.4507 93.1956 86.5288 83.9205 82.0314 81.5804 76.5224 70.7819 71.6046 65.8335 68.6185 69.9043 72.2627 71.8788 71.312 77.8875 80.0387 74.8283 79.9046 78.7528 82.976 83.1466 84.1216 85.249 87.3393 86.2424 86.8274 88.5703 89.7586 88.491 92.7873 99.1677 97.8636 98.6193 91.7818 99.5029 97.0714 96.6387 97.1872 101.148 108.772 108.961 111.892 104.738 109.595 109.924 105.56 106.304 108.516 119.662 112.782 116.426 122.648 117.596 118.437 121.533 130.887 130.29 132.837 137.609 136.329 142.88 142.673 137.127 127.803 123.983 117.62 109.851 109.607 110.527 115.536 110.685 116.731 108.162 110.685 114.555 117.444 114.884 115.634 109.369 119.869 123.818 117.499 119.15 122.745 114.549 109.991 115.384 107.163 101.331 98.3877 93.0737 93.5552 93.6039 95.164 93.7989 88.357 85.3587 83.2136 80.6542 79.5146 77.9545 76.8271 78.893 79.4658 71.8727 77.5706 81.0625 80.8126 79.7522 85.1211 79.8741 87.1199 86.6872 84.7189 82.2934 74.9258 79.6425 74.615 69.2462 69.8495 67.4789 70.66 69.819 73.7009 73.0854 75.1817 70.6965 70.3614 72.8295 72.3297 74.2128 69.7581 84.9992
77.1892 81.1015 83.2388 80.3215 83.6196 84.5961 95.9768 98.0895 84.461 89.878 85.5481 85.5235 83.939 78.4728 76.3294 76.1758 76.182 80.4013 78.7738 79.4739 76.2925 78.522 81.341 74.7325 78.2517 71.588 73.7683 77.3182 79.9653 82.4404 83.2634 81.3779 86.1193 86.8809 81.0032 83.6503 87.0344 81.3472 86.6659 91.8987 83.5029 90.1237 97.113 91.1064 93.5815 96.8612 99.1152 104.735 106.712 105.367 104.815 106.633 107.149 110.004 114.414 102.063 110.416 116.76 125.684 120.771 129.246 124.935 126.298 130.297 131.973 138.588 143.698 145.903 152.911 136.733 142.07 136.746 123.123 126.802 125.058 124.763 121.692 123.209 122.024 119.715 122.822 113.591 124.118 111.908 121.827 115.102 114.42 117.313 113.8 114.07 105.079 101.897 97.6166 103.077 92.9796 97.3341 92.2057 93.5569 94.2079 90.8484 95.8908 93.7964 83.9881 84.2276 82.1824 81.556 79.2835 81.6604 80.6286 78.6018 83.2081 88.1092 86.6168 86.322 82.7536 79.5292 81.2735 85.2779 81.8078 81.255 83.1283 88.2689 81.5683 77.355 71.4897 67.6266 65.1883 66.8281 68.8058 66.6807 68.7198 70.3473 71.373 72.7119 65.2988 67.4116 73.8174 67.8354 72.3188 67.2949
67.9973 69.3404 74.719 78.3275 82.3568 84.8573 81.1932 91.0715 91.8762 87.4136 85.4639 82.9572 74.9728 76.8296 71.5562 75.8764 82.6477 82.3073 85.6434 80.4938 82.6477 83.1986 78.8288 76.0436 77.17 74.9852 77.6281 80.8775 82.4373 83.0686 80.5433 80.5495 87.1165 83.4028 86.8132 88.3606 88.3544 86.1633 88.4163 87.6797 86.021 92.2104 88.4844 88.4472 83.1119 86.5223 93.1388 98.0656 94.1539 99.8977 105.567 105.629 110.067 109.225 108.402 104.249 112.246 112.184 119.97 119.141 118.039 122.334 127.373 128.685 130.845 145 141.113 150.199 150.713 147.915 147.915 135.642 131.588 122.749 128.512 128.177 121.808 125.862 120.453 124.662 119.667 115.922 122.638 122.483 118.212 120.218 110.574 107.498 110.649 109.046 104.286 104.23 102.367 100.028 94.9647 90.1803 97.4343 90.7992 91.9814 92.2909 94.2344 87.9768 88.899 91.1211 86.3552 89.0166 87.3888 86.0581 82.7034 80.2214 81.7255 88.3668 82.8829 75.9383 82.5487 79.3735 77.1948 75.6351 76.9844 74.4653 79.8501 79.7263 76.2045 71.6057 76.2478 68.4677 72.1256 67.4217 77.0277 74.3105 74.4838 73.6421 69.4085 68.8514 74.62 67.6259 67.8302 63.7018 60.7556 66.9141
71.3782 67.6608 72.6942 71.6776 73.6547 85.4305 85.6987 91.4868 90.2893 91.15 81.9439 78.7505 75.3201 76.3118 77.4968 81.0396 81.3701 83.3785 86.4971 75.5758 80.815 80.3971 70.3116 71.5591 75.2951 71.6152 80.2849 74.1225 81.7132 81.0957 87.2331 88.1063 93.0274 83.6342 94.6553 88.2996 93.2769 93.2956 91.1812 88.2684 87.9503 98.8716 98.9028 98.697 102.184 100.169 104.629 102.078 110.747 107.872 108.558 110.342 113.766 115.569 115.824 110.454 111.608 113.124 123.508 126.596 121.45 123.359 132.234 135.147 135.977 146.798 146.966 146.661 153.035 143.867 136.669 130.974 118.625 122.199 121.569 123.178 122.13 119.785 123.739 126.683 121.388 124.943 128.573 132.783 132.683 125.249 117.134 112.625 114.203 113.884 110.866 115.182 102.851 105.92 99.7448 94.4432 97.0504 96.8258 95.4661 97.1252 90.9629 90.0273 87.6572 90.2456 80.7714 84.1768 77.7526 78.7193 76.2307 77.7962 78.9813 78.8066 80.2599 77.2037 71.8584 77.4844 80.235 75.95 75.7442 71.6152 72.7753 75.2016 72.9874 71.8896 80.5406 80.9522 76.8045 81.2454 82.0437 89.1915 86.154 86.416 81.0707 76.6985 76.1683 74.8211 72.8626 65.4466 62.9455 64.6982
71.3712 71.918 68.2791 75.1673 72.0249 74.0235 76.11 83.4194 84.5255 78.0395 79.5982 81.7413 81.2197 74.8405 74.8656 74.4697 76.0786 79.0577 79.2839 83.5011 82.0367 81.8796 78.0584 76.0158 80.9683 76.7197 74.9096 76.0723 83.6016 86.7504 84.4187 83.4634 82.9229 88.1456 92.2811 94.4934 96.4794 99.7978 103.72 104.901 99.9675 103.047 111.173 109.508 118.225 115.56 120.997 121.952 121.06 115.755 123.284 122.775 119.319 122.757 123.171 121.99 123.108 116.321 115.485 127.64 132.423 128.991 137.281 137.35 139.154 137.381 141.322 142.334 147.601 142.717 128.997 117.917 116.629 109.697 111.318 114.442 124.365 119.35 121.21 122.178 122.266 120.023 123.09 119.539 119.237 120.507 117.383 126.49 122.436 121.757 118.502 118.162 117.15 118.011 106.158 110.4 106.391 108.597 108 109.068 99.7664 105.335 90.9675 98.9431 87.0772 82.1561 86.3167 84.2553 89.9557 82.4075 91.4515 83.3377 88.8809 84.6826 91.4515 85.3991 93.2929 88.2839 82.2818 82.728 87.2909 79.9061 81.5842 85.7888 84.5758 85.5751 87.8125 86.7504 90.4333 84.9215 87.2783 82.1687 84.5129 84.7015 82.9731 83.6456 77.6436 80.6792 75.2616 71.6101
74.5095 77.2326 78.3028 82.381 80.3102 74.2309 84.2934 84.686 84.4834 85.8639 87.0418 85.1167 85.0977 83.9388 83.3245 86.7821 84.3884 84.876 88.0043 90.4867 87.9283 86.4718 89.8598 94.8182 95.6605 98.6811 95.2742 100.562 99.745 95.0019 101.056 100.993 100.518 106.078 108.148 108.756 107.952 116.159 114.031 117.103 113.157 111.612 112.068 114.171 105.945 115.843 118.084 117.483 113.93 113.803 117.85 119.971 119.199 124.588 129.489 130.851 132.466 129.135 126.792 132.409 124.955 121.377 128.919 133.181 128.767 136.12 132.738 135.227 136.683 132.466 124.119 118.015 115.444 111.543 108.44 109.713 108.155 116.748 114.861 113.024 129.394 114.095 120.782 119.889 118.312 117.084 112.949 113.854 110.783 113.119 109.485 110.168 117.774 114.905 108.288 111.644 112.949 116.938 109.478 112.524 108.604 104.716 110.776 112.923 110.061 100.689 97.1423 97.2626 96.5217 94.8436 101.778 94.8372 96.0404 91.1643 98.1682 96.2051 91.177 90.6577 83.1726 78.2458 84.3251 74.2816 82.3683 81.2918 79.7656 80.6015 89.5242 92.6905 93.9317 91.5379 92.4878 87.656 84.4834 89.0872 90.9047 83.7425 87.6307 92.6335 90.987 88.7263
78.5547 75.7729 78.4335 85.2158 86.5939 86.9448 89.0057 94.027 98.0275 102.845 103.317 102.136 95.2329 95.0287 95.3541 94.5055 94.0844 92.2916 95.5774 97.013 102.532 102.928 107.668 103.668 107.624 114.036 108.683 117.59 121.596 116.448 121.105 122.707 125.967 116.301 122.739 116.926 118.476 121.935 117.998 118.323 115.695 107.681 109.238 109.64 109.927 112.039 114.782 113.321 119.989 126.273 114.635 120.237 128.832 119.989 124.436 129.355 130.242 124.863 125.91 124.621 120.601 114.642 116.403 123.587 129.144 134.383 140.737 134.81 146.02 134.166 131.964 119.982 118.968 107.183 111.356 99.2461 112.051 112.096 112.932 111.681 115.899 112.932 108.912 114.489 112.938 111.184 114.463 113.774 117.156 109.333 118.783 121.992 109.404 104.344 110.29 107.675 108.402 105.856 107.324 104.287 104.114 105.384 108.376 108.236 106.099 109.493 105.327 104.37 101.849 107.273 112.313 111.93 107.694 111.911 105.378 96.3494 95.1755 94.5502 85.1073 80.9728 80.1179 78.5037 81.9554 75.1986 76.9468 78.6057 80.086 88.9419 94.0398 93.3188 92.3107 94.1482 90.2116 92.0108 90.5816 86.6769 89.2162 83.2761 84.0673 82.7721
83.2691 86.6245 95.4952 96.7037 96.5044 98.8635 101.872 100.31 101.364 99.2171 101.917 104.816 100.676 97.0122 103.087 104.019 100.483 103.98 103.89 100.876 104.713 107.734 113.963 116.843 119.208 119.748 118.791 117.723 119.562 117.203 122.467 116.483 123.399 116.881 115.756 109.862 115.448 110.646 102.123 104.192 106.802 97.8543 97.2051 104.822 104.687 107.837 114.278 109.489 118.122 112.317 117.685 113.057 115.621 116.708 125.071 121.702 122.12 121.432 122.834 120.32 119.633 116.348 115.718 116.502 118.656 131.042 138.03 138.364 140.093 137.393 127.835 122.994 113.076 116.708 114.22 100.606 111.649 112.909 108.93 109.811 105.947 104.173 109.245 106.892 106.706 110.26 110.923 111.045 115.21 110.325 108.679 117.376 112.677 112.298 113.732 118.823 116.386 112.35 112.317 111.63 105.221 107.316 104.79 108.666 106.841 110.62 111.205 107.509 111.88 118.868 119.298 121.484 115.66 111.463 109.791 105.465 104.906 108.306 99.0178 95.1738 92.8919 92.2491 90.3913 93.8946 92.5319 95.3024 88.9515 95.0388 96.9994 93.0076 95.9388 92.1719 94.9424 97.5843 96.138 95.3731 95.6109 90.6292 85.596 85.9431
89.5212 89.7932 88.4138 97.182 99.8112 100.77 96.5927 104.286 107.951 105.452 110.406 102.149 93.6786 96.5409 91.0495 101.696 95.4206 103.496 107.673 108.01 115.062 114.738 113.443 116.208 123.733 114.783 125.753 120.054 120.54 117.794 119.362 116.752 120.521 119.271 120.398 115.146 115.275 115.878 119.646 113.307 118.112 121.648 113.76 117.905 115.897 114.9 113.773 116.648 120.242 115.528 116.901 112.025 116.376 118.235 120.527 124.924 122.055 120.255 123.169 120.003 126.219 124.439 124.6 119.582 127.191 121.809 122.722 143.801 133.686 134.554 131.698 117.749 111.636 120.883 111.947 111.105 124.749 110.276 108.553 112.743 110.574 111.578 105.84 115.139 114.459 105.95 106.501 103.826 108.197 108.262 105.445 102.894 106.378 104.474 113.799 116.849 117.963 116.661 120.87 118.468 115.651 121.563 115.101 119.096 117.639 119.75 111.273 114.466 114.414 115.683 120.734 115.638 115.489 117.302 114.544 107.038 113.773 121.11 115.826 112.212 114.744 110.166 112.834 102.686 105.633 104.785 99.0276 102.013 94.514 99.2089 99.1183 101.067 98.0239 95.4206 100.504 99.1248 100.524 96.0034 91.4833 89.9551
77.7471 92.5163 93.3383 94.8778 95.204 101.414 104.343 104.65 110.136 112.106 112.974 104.794 108.675 102.028 102.321 108.297 100.442 106.62 104.774 103.352 102.452 104.011 105.759 103.945 105.218 108.401 105.518 114.651 110.991 121.605 113.489 116.94 120.848 115.942 120.965 128.637 127.437 127.776 129.987 136.967 134.978 132.44 128.109 130.633 131.364 123.614 126.393 125.564 120.483 123.262 115.525 124.286 122.661 123.94 119.556 124.821 119.361 122.537 117.697 130.764 127.424 125.499 123.764 120.117 124.795 122.1 126.673 131.005 138.566 135.695 129.348 123.633 116.992 118.525 114.246 115.988 114.54 110.612 114.311 118.826 107.533 113.437 105.739 115.857 106.946 100.847 114.761 107.873 111.291 112.674 111.33 121.526 113.926 113.085 110.978 119.439 117.195 118.408 125.577 124.71 128.076 135.226 127.078 131.285 125.29 127.874 130.026 121.683 119.093 122.961 121.5 116.855 116.862 115.499 117.051 109.412 116.94 114.279 114.442 109.353 104.944 116.438 110.926 107.82 112.459 103.013 106.816 104.219 107.644 100.188 101.238 100.344 100.873 101.473 97.8069 101.414 102.315 98.3287 89.1045 86.9191
89.1321 88.2187 96.919 92.5294 106.086 95.0133 105.941 108.892 109.063 108.76 102.774 98.3909 98.4106 93.7648 98.9495 92.4177 86.0633 93.4362 94.6716 83.7962 90.1375 87.5155 89.1781 88.1201 88.9941 90.9917 95.2827 99.508 102.018 114.628 112.552 115.66 121.351 130.137 129.545 133.738 140.066 134.119 132.009 132.594 129.532 129.263 122.35 126.404 131.135 130.629 131.95 129.762 128.145 127.587 119.741 125.195 120.582 127.232 118.854 124.176 119.642 121.515 120.95 125.136 121.489 129.243 133.186 131.089 131.779 130.61 136.254 133.836 138.955 131.438 129.999 131.155 125.799 118.742 120.819 114.556 120.102 112.105 116.508 109.437 114.339 112.598 117.395 111.474 112.204 116.304 113.354 110.015 115.982 116.252 118.039 116.422 113.702 114.536 116.416 117.94 125.096 115.765 124.656 122.014 122.218 126.069 123.473 124.288 129.348 126.174 123.848 118.269 120.161 117.507 110.732 114.385 108.911 102.143 101.217 100.231 100.099 98.9955 100.086 102.478 103.93 93.4756 90.4792 95.4273 87.7718 91.7934 93.1274 92.0234 97.9835 98.3055 94.1722 94.757 95.9464 100.461 89.4212 92.5097 88.2384 88.015 87.7784 84.1577
86.8273 87.6348 94.9554 95.4783 97.2522 100.012 97.6228 100.078 101.012 102.031 101.839 98.0663 96.6631 89.1241 83.6701 85.391 83.4715 85.9073 89.3889 86.9862 86.7942 88.31 86.3508 92.5196 93.4595 95.2731 95.24 100.085 109.51 115.918 120.438 125.667 127.143 127.19 124.449 124.085 124.343 127.918 125.806 120.134 127.62 132.187 130.42 130.804 129.592 127.772 130.353 130.42 127.09 129.189 121.292 122.133 130.281 123.457 126.124 123.827 121.775 121.762 123.649 127.812 126.753 131.73 131.538 139.203 140.666 133.729 140.553 142.049 144.154 144.3 135.92 130.089 126.005 127.315 123.033 117.797 116.877 116.282 110.609 117.155 120.511 119.287 123.073 116.725 117.658 112.211 121.127 118.506 120.571 120.915 121.385 122.98 120.716 124.132 121.914 121.875 122.543 124.959 116.09 123.708 117.956 123.132 125.316 118.797 117.01 115.52 107.995 116.639 116.07 109.808 111.251 109.57 107.69 98.9731 99.7475 92.0894 94.1743 91.6393 85.9536 90.1566 88.5946 80.8041 79.0501 87.1053 84.4974 81.744 86.9134 86.1919 89.6735 95.4915 94.8826 92.7182 82.803 89.5676 85.9536 83.9613 80.5857 82.8758 84.5835 87.145
85.32 91.08 93.5667 92.6533 94.7067 95.2667 99 98.44 107.013 99.8733 94.3533 91.1867 93.3067 83.2067 84.5467 91.24 87.0533 84.4 84.7667 86.2 89.7533 90.2733 89.2933 98.06 97.8333 111.307 107.353 113.727 113.627 114.24 108.487 113.987 113.513 113.133 116.833 113.527 120.687 121.98 128.413 130.853 125.5 123.033 129.973 124.9 127.833 129.933 128.413 133.933 133.373 125 132.947 127.073 123.533 129.38 127.02 122.653 120.44 120.687 121.293 119.793 119.667 124.007 126.607 124.78 129.007 128.36 137.28 144.213 138.56 139.687 129.127 127.133 123.073 118.067 111.047 112.853 111.827 118.92 104.6 115.707 108.287 113.7 113.613 106.52 112.947 114.693 119.953 119.173 120.053 118.56 120.14 118.293 127.553 124.893 128.54 130.9 123.427 122.567 122.273 118.22 119.107 111.313 113.653 108.26 114.253 107.1 110.72 109.12 104.82 111.413 112.347 107.533 109.087 103.38 93.34 93.4067 90 86.2067 83.32 83.6667 77.8667 77.2667 77.1 75.6867 73.7933 77.2267 81.24 82.8333 81.7667 83.06 86.02 81.9933 85 80.5 85.2067 82.56 81.8 81.4933 89.7733 85.0267
