154.507 156.22 158.069 155.034 153.017 156.315 155.648 156.465 155.638 158.06 157.049 156.957 157.405 157.508 159.639 157.42 158.864 158.215 161.376 159.45 161.813 159.867 160.482 162.658 162.111 162.541 164.35 161.775 162.044 160.844 163.855 165.386 164.959 166.285 164.378 166.424 163.743 164.54 163.954 165.554 167.898 166.605 168.367 167.32 168.874 168.466 168.043 168.983 170.333 168.222 168.878 171.384 170.854 170.176 170.571 171.389 170.98 171.35 171.746 174.666 174.027 174.753 175.396 175.182 174.916 176.913 177.313 178.131 177.959 178.36 178.952 179.759 179.606 179.836 180 180 179.824 179.679 178.81 179.046 178.904 177.162 176.917 176.898 174.976 176.498 174.772 175.228 175.428 174.12 174.33 172.654 172.653 174.066 170.367 170.571 170.129 170.471 171.358 171.835 170.577 168.241 170.413 167.781 170.101 167.739 168.246 165.441 165.625 164.487 168.139 164.958 166.22 167.262 164.384 163.163 164.742 166 165.69 164.045 163.581 161.737 162.221 160.88 159.875 161.796 161.258 160.531 163.117 157.511 161.06 161.725 159.279 161.965 160.053 158.77 157.984 158.576 157.733 157.549 157.153 156.807 156.069 153.333 155.692 155.191 155.517 154.172 152.775 154.042
129.147 130.237 131.734 134.001 130.944 133.913 133.496 135.938 135.085 138.584 132.749 137.291 138.531 137.036 134.954 133.162 139.018 139.535 139.974 139.511 143.021 139.374 140.684 144.037 146.739 143.238 145.177 144.1 148.164 145.422 148.627 149.384 148.143 147.245 147.19 151.532 149.615 148.223 150.482 150.91 151.32 152.924 153.755 151.838 153.794 154.644 152.073 156.651 154.987 154.989 159.223 161.129 159.612 159.895 164.143 164.036 162.973 164.618 164.448 166.945 165.749 167.333 169.389 170.201 171.929 172.105 173.036 173.456 174.743 177.243 178.012 178.35 179.447 179.936 179.926 180.026 179.701 178.664 179.129 177.024 177.21 175.841 174.683 174.001 172.257 170.529 170.846 169.627 169.678 166.577 167.924 164.674 164.479 160.629 161.598 161.024 160.171 159.101 159.247 157.667 156.523 156.764 154.129 154.971 156.172 154.147 151.254 151.523 152.048 149.911 153.382 150.389 152.259 150.132 149.77 147.378 149.037 147.705 149.857 144.559 145.365 147.765 148.26 143.684 142.266 143.117 142.704 138.721 140.512 145.819 141.364 139.758 137.999 138.187 141.989 135.608 136.213 135.677 138.146 138.472 135.786 134.002 130.42 135.381 129.544 130.724 132.541 129.257 128.067 129.557
115.323 113.23 111.813 115.264 119.539 118.425 116.288 114.276 121.651 118.771 117.774 125.767 124.098 119.008 122.94 124.021 127.335 121.098 125.561 124.383 125.723 126.392 126.069 129.071 130.714 131.493 130.947 130.231 129.534 135.246 130.894 131.22 134.919 134.246 137.177 133.917 135.39 136.769 137.51 138.665 140.516 140.986 140.82 139.255 140.539 145.139 145.795 144.121 144.175 144.881 147.381 149.396 149.964 152.16 150.944 158.148 155.583 154.276 157.922 156.856 156.843 161.397 163.24 164.821 167.748 167.912 170.898 172.655 174.203 175.495 177.053 178.31 178.26 179.692 180.033 179.913 179.69 179.357 177.46 176.362 175.402 172.131 173.064 171.78 167.959 166.963 165.563 164.276 163.234 161.01 157.201 157.272 159.954 158.261 151.731 150.103 150.859 150.077 146.015 148.681 148.486 148.071 143.497 144.815 139.307 140.593 139.356 141.453 140.382 138.203 136.752 138.333 136.283 138.923 134.063 131.622 133.933 131.09 132.43 130.379 134.675 131.472 131.154 126.704 127.631 130.955 125.57 124.653 127.216 124.843 127.509 125.32 126.752 124.445 121.571 122.745 124.122 121.896 119.435 118.016 119.511 117.609 116.575 117.125 114.367 115.119 115.119 117.143 115.592 115.937
102.572 103.129 103.663 102.412 104.516 106.818 108.591 107.258 106.363 107.297 111.052 111.577 110.42 110.019 116.528 110.968 111.508 113.162 115.862 115.557 116.666 114.753 119.504 118.513 117.884 116.66 117.076 115.599 117.81 120.003 122.2 122.265 121.915 122.339 125.127 123.315 125.515 127.611 127.579 127.78 128.338 127.507 126.065 133.178 135.109 133.564 126.449 131.453 136.76 138.251 138.791 141.736 142.973 144.279 144.032 144.453 148.542 151.807 151.199 150.521 153.545 157.348 160.472 161.759 163.216 163.178 167.055 169.45 172.267 173.702 175.655 177.33 178.31 179.792 180.041 179.789 179.366 178.379 178.059 175.6 173.214 169.521 170.189 166.4 163.522 163.29 159.21 158.67 156.527 156.12 152.258 149.933 148.404 149.698 145.179 144.738 143.854 142.083 140.188 139.818 135.052 134.81 135.869 133.09 132.672 132.241 131.199 130.666 129.29 128.533 131.699 128.058 125.407 125.316 122.157 124.225 118.662 121.924 120.241 123.552 118.979 116.562 119.199 122.634 119.207 120.28 113.251 121.849 117.305 113.025 113.835 117.047 112.48 113.301 106.6 109.155 112.238 109.953 113.882 108.533 105.435 111.595 106.087 104.676 106.356 104.7 102.938 102.191 100.374 105.56
96.4949 98.0045 94.0402 91.4 96.9782 100.792 99.1882 97.9465 96.6206 99.8714 102.075 99.5279 101.049 100.041 103.144 103.019 101.831 103.375 107.78 105.128 106.303 106.39 109.663 105.37 107.471 107.985 110.885 111.608 110.359 108.112 109.203 110.254 112.877 117.08 116.347 114.143 118.239 119.8 120.46 123.42 116.417 121.714 122.79 123.82 123.026 127.202 127.486 131.486 133.293 128.7 130.764 133.264 135.757 135.267 140.846 142.706 141.198 140.184 143.281 150.739 150.313 153.88 151.848 156.738 161.158 161.54 162.825 167.339 171.417 173.816 173.379 176.198 178.664 179.541 180.121 179.914 179.346 178.83 177.417 174.284 172.989 170.843 166.765 164.444 162.244 160.312 157.11 155.698 151.676 152.7 148.056 144.961 141.171 140.64 135.4 138.545 136.031 131.804 134.52 131.858 132.903 131.159 122.895 127.503 126.712 126.426 124.279 121.368 124.725 122.682 120.553 115.094 119.623 114.425 113.958 114.941 115.271 110.262 114.42 111.815 113.207 109.028 109.27 109.606 111.312 110.628 105.823 108.403 108.257 108.905 107.119 102.747 103.459 107.316 105.027 105.705 100.14 99.6066 102.24 99.6882 98.3208 99.9641 98.582 94.3303 96.8687 98.5353 97.2231 93.8405 94.3837 94.0497
85.0992 87.0781 86.8052 89.1236 85.722 91.9067 90.2647 92.1808 92.3954 93.3234 88.7838 92.9444 97.4395 97.9646 94.8041 98.1626 94.4413 97.7793 98.6475 102.158 98.4228 94.0448 96.0462 96.894 98.4104 102.732 98.1042 102.267 106.195 100.26 104.595 105.114 105.178 105.554 103.818 108.318 112.293 106.855 109.144 114.201 115.109 112.487 115.325 118.039 117.248 119.883 120.437 118.86 123.434 123.9 123.897 129.733 123.058 128.248 134.292 135.156 136.652 139.325 138.797 145.39 143.955 148.525 151.187 154.756 157.153 158.85 161.664 164.891 169.77 169.589 173.367 176.421 176.88 179.096 179.984 180.008 179.485 178.396 177.012 172.17 170.602 169.04 164.661 159.823 156.749 155.566 153.471 150.712 149.853 144.946 142.276 140.416 133.35 129.223 135.618 131.36 132.919 126.127 126.956 126.568 123.798 124.552 118.916 120.12 122.209 116.771 120.827 115.075 112.924 112.321 110.504 111.283 106.817 104.252 108.334 109.114 106.4 106.229 105.692 108.016 104.527 100.225 100.629 101.73 101.225 100.45 100.65 95.5501 98.3987 101.244 100.988 100.47 97.9944 95.3181 97.3175 90.9145 97.6928 95.6475 95.7494 96.1508 91.1287 94.2696 90.7476 92.5089 91.4567 88.4447 87.7078 88.9851 87.0311 84.9051
80.1656 80.3905 84.8033 85.974 86.9177 87.0949 84.5688 86.3688 85.254 83.8995 86.8337 87.7879 92.3339 89.6628 87.9122 86.7573 88.5389 91.7509 92.8464 92.5295 94.2995 91.8585 94.0316 96.3109 96.9365 92.638 94.0866 96.9013 96.2369 94.4749 97.3587 98.0383 97.639 101.673 101.573 103.12 104 102.711 107.055 105.294 110.612 107.724 109.513 114.746 111.903 107.826 114.137 116.263 112.599 120.133 119.199 121.067 122.798 126.983 128.782 127.116 134.705 135.582 134.188 139.534 143.304 143.413 143.422 150.584 155.517 156.05 158.212 164.397 167.235 169.495 174.193 175.415 177.205 179.091 180.088 179.723 178.484 177.165 177.216 171.574 170.373 167.675 162.241 158.276 159.184 154.948 148.658 147.214 142.953 140.292 138.03 134.702 130.627 132.349 127.801 124.114 126.826 123.308 122.502 118.454 116.965 116.831 111.97 114.668 112.375 112.093 109.847 109.725 105.674 108.494 104.088 103.2 104.294 101.806 105.169 103.031 106.206 98.6972 101.625 96.1314 98.9284 99.4941 102.585 97.5101 98.6631 96.7441 95.0056 92.7806 93.1745 93.3309 95.6495 95.8999 88.9264 90.0286 95.2263 91.7952 92.6618 88.8502 92.3559 88.3195 88.4859 84.2476 92.3842 88.5118 83.642 84.6716 83.5591 80.712 78.1273 82.9219
78.0436 76.7194 79.9567 82.7638 80.6901 80.3457 80.6224 81.2752 80.6586 86.9433 86.1316 83.8947 84.1334 85.2341 86.1514 88.486 82.555 88.3841 85.7244 87.4983 89.6927 88.5216 90.6768 89.5983 92.0168 94.1707 90.52 92.2248 92.6783 91.1152 92.6986 92.5527 95.0363 95.2451 94.703 96.8268 99.2127 99.7918 99.2533 99.4153 105.251 104.781 100.574 106.812 107.638 103.264 106.746 106.866 109.045 110.602 116.144 116.938 114.542 120.435 116.774 124.664 125.183 130.728 133.08 130.871 135.337 143.295 144.336 144.541 149.224 154.247 159.374 161.117 164.645 168.621 172.301 176.274 177.392 179.131 180.044 179.897 178.404 175.652 175.721 172.415 170.14 165.145 161.525 159.724 153.174 150.305 148.275 141.791 141.159 136.622 132.342 136.077 129.622 125.72 123.909 120.917 118.481 120.677 118.776 113.255 109.833 108.723 109.834 107.361 106.628 105.871 104.306 104.192 103.472 98.0501 99.4892 96.6194 101.613 91.9889 94.4408 95.7835 96.57 92.58 91.3137 96.1432 93.6267 93.7317 92.9033 94.3098 92.5962 90.8341 89.728 87.7448 89.6041 89.2808 86.8318 88.7447 83.9976 89.6937 80.9016 87.3358 84.4188 85.8331 87.1004 86.4387 83.3829 80.7106 81.3195 84.8824 79.2209 76.5192 78.2955 78.9655 76.3441 74.8743
75.2093 77.0324 75.4194 75.1142 78.8012 76.9256 77.2055 79.3328 82.2631 75.3687 80.9415 81.9878 77.868 81.5835 82.3259 79.4515 81.5361 79.8095 82.8536 82.7959 85.3838 84.1258 85.7441 82.5729 84.5976 86.5025 88.1226 87.3302 84.9947 88.3376 89.7942 89.4255 87.4639 88.5561 91.7222 88.9992 92.4681 92.4394 96.0523 94.7546 99.5541 98.7516 96.7435 98.8248 99.3987 103.193 98.4371 105.21 105.87 108.863 107.47 110.071 113.174 117.971 117.685 118.443 123.22 124.4 128.356 130.432 132.547 139.213 144.076 142.722 150.88 151.32 155.229 159.847 165.68 169.032 171.911 174.919 177.728 178.835 179.949 180.109 178.845 176.719 173.634 173.125 165.785 162.14 158.435 155.642 152.024 146.789 143.046 139.564 134.709 132.09 126.86 123.516 124.6 122.115 113.49 121.937 115.72 114.334 110.183 108.958 108.494 105.725 104.174 102.516 107.029 102.275 103.484 99.2211 94.3989 97.4369 93.0276 96.8716 89.9922 92.3457 89.5804 93.211 86.5081 88.8483 89.2102 88.7452 88.6847 85.578 88.7267 89.7113 88.5634 88.8415 85.1078 84.8697 85.8456 82.4713 83.8388 80.2381 83.6921 82.686 84.8743 85.1389 84.1462 77.374 80.2461 82.7442 80.1977 82.9604 77.6977 79.1286 76.7038 75.5318 72.2665 74.1348 73.6541 74.6092
75.3475 67.4568 76.1243 71.1378 73.15 72.8906 77.7638 72.2792 76.1019 75.3686 76.6612 78.4867 78.1804 77.8057 78.9583 76.0467 80.993 75.059 78.8309 77.7844 78.4239 78.6963 78.4546 77.1768 80.0579 80.7829 81.5472 82.1347 84.3377 83.8661 83.7939 86.8242 90.5931 90.98 87.2133 87.5266 86.825 89.5132 94.8808 90.3511 88.3479 90.8397 94.8282 98.1656 93.6197 99.1788 98.5038 98.4856 100.764 105.401 104.139 105.234 107.322 115.713 113.518 112.049 116.881 120.197 122.911 124.813 129.871 136.552 135.662 140.557 146.674 147.762 154.524 156.578 161.104 165.935 170.667 172.379 176.994 178.506 180.13 180.066 179.071 175.924 174.166 169.838 163.607 162.147 157.193 154.269 148.232 146.333 140.664 131.712 133.559 130.32 127.846 123.726 119.796 117.919 119.619 115.337 113.994 105.756 105.33 106.311 106.448 103.018 102.73 99.3707 100.541 95.4553 96.3274 92.6047 93.7382 92.9958 94.2134 89.0007 89.3728 85.6056 88.4619 85.2566 88.5809 84.9822 86.5654 86.7154 83.4429 84.8366 83.4877 85.0413 85.8295 79.7048 84.5595 78.7942 80.6311 82.4687 82.3141 79.6327 79.8551 78.1882 76.6347 76.4563 79.3856 71.7935 75.5715 74.2741 79.904 71.5511 71.8308 75.2051 75.4793 74.153 68.7515 72.9427 70.5449 67.7315
67.647 68.2829 64.2337 71.3929 71.0214 69.7621 71.3588 69.5772 64.9584 74.6525 72.5758 71.9183 73.5207 75.1033 77.7605 71.7444 76.6965 76.2693 74.2457 77.716 75.5535 77.2084 81.4856 79.6004 79.491 77.114 77.3124 79.0818 83.1583 84.4911 84.4061 82.4129 78.3735 82.0601 84.8933 81.1117 84.2777 86.4954 84.001 87.3714 92.6532 88.4001 89.0527 89.7814 92.7795 94.9483 98.2832 96.6064 98.9611 104.461 101.561 102.536 106.487 104.382 108.657 115.342 115.772 119.257 121.441 122.827 127.904 131.847 136.367 136.285 143.208 145.971 151.868 158.362 160.446 164.76 171.099 172.809 176.552 179.108 179.897 180.021 178.974 176.532 172.115 170.198 162.6 164.232 154.822 148.939 146.889 142.908 137.092 135.723 126.713 128.485 124.445 117.903 113.947 113.648 110.381 108.649 103.522 105.591 101.619 100.766 102.952 97.8097 98.9633 96.7494 99.7202 94.0014 92.1582 92.1895 89.5896 87.9439 88.6137 84.3696 81.8689 86.1405 84.189 84.0122 81.8028 80.8074 79.3227 79.9443 82.4707 81.3371 78.7577 76.9618 80.3997 79.0247 76.4998 76.7703 80.5203 80.2613 75.5719 79.3684 79.9067 76.8805 79.7095 77.7488 74.9239 72.2968 74.2124 72.7518 72.865 75.6 73.5072 69.7495 69.9505 68.829 69.6303 69.6151 68.893 62.762
62.3596 63.9269 63.4496 68.5699 69.0994 71.8315 65.6721 68.7036 67.8117 67.1182 70.2015 71.1474 69.7251 75.3395 73.3363 74.7266 72.5891 73.6423 73.6803 72.7526 74.2856 70.4658 71.6263 74.2552 74.4655 75.4804 78.4689 75.1543 76.8957 77.9919 76.269 78.6149 79.2519 80.4445 78.9422 77.9583 83.8379 82.7649 82.7166 87.0963 83.1691 90.9488 86.4768 89.9185 88.1884 92.3228 94.7069 93.37 92.115 101.306 103.67 102.214 98.5534 104.395 104.995 108.179 114.02 113.129 116.393 118.79 124.58 129.112 132.753 134.278 140.231 142.947 148.561 156.279 160.715 165.047 169.883 173.32 176.184 178.739 179.895 180.07 179.265 176.899 173.894 167.022 165.449 159.898 157.991 149.549 143.241 136.322 137.104 133.647 128.262 122.697 120.205 112.597 115.52 113.89 111.247 107.847 102.48 104.505 100.106 100.634 98.8001 92.6708 95.2489 89.4029 93.5216 87.6191 87.0128 88.0918 84.276 90.0874 84.9635 85.3084 80.9839 84.7608 79.1923 83.2419 78.9751 79.4826 78.9055 75.7459 78.1589 81.2962 78.7724 77.4327 78.2985 75.7252 77.3222 75.872 72.7702 74.1303 73.4035 76.5976 71.8042 75.8024 76.7903 73.7612 68.1328 69.8409 65.5177 69.0921 69.5061 71.6664 71.1383 71.9279 71.6338 63.7725 68.3113 66.477 62.7673 63.3149
62.5791 63.5364 66.9914 64.3976 62.9213 65.897 67.8414 68.7973 71.5362 71.0609 72.0464 67.5578 66.6179 68.2773 73.5148 69.9647 69.6984 70.6706 72.91 67.7127 69.0735 72.2813 70.42 69.7035 72.0242 72.6924 75.086 74.3736 74.281 74.0269 73.2893 74.1788 78.5353 76.6467 75.4 80.4896 77.5188 81.7125 81.2177 81.924 81.3246 79.5208 86.3881 86.6493 87.6127 84.492 90.8505 94.8852 90.466 92.1735 95.9463 98.2469 99.5801 97.7477 101.856 105.262 110.3 110.316 115.613 118.072 120.376 118.222 126.72 134.791 136.611 141.198 147.484 153.331 157.687 164.215 167.55 172.983 175.987 178.667 180.071 179.854 178.765 176.169 173.554 167.888 162.337 160.364 152.332 147.6 141.175 140.441 132.348 128.955 125.201 124.066 116.667 113.836 116.284 110.145 108.274 105.472 105.659 95.5812 101.565 94.7244 92.5208 93.1896 91.5751 88.9731 87.99 86.6649 85.8906 83.313 82.632 81.8283 80.0919 81.2926 79.9424 82.0956 80.5748 77.5409 74.6947 79.402 76.7802 77.7398 71.9411 72.3873 75.0656 72.1581 75.5529 74.3641 69.8727 73.6517 73.9915 71.7644 71.0135 70.0948 68.8583 74.2915 67.5639 69.9214 69.6538 67.6524 67.6834 63.8592 69.2175 68.0069 67.5983 67.5932 65.5823 66.5038 66.4108 66.1268 63.7921 63.3695
56.3285 65.6831 62.2457 65.5355 62.495 68.3864 63.6126 66.2263 61.2963 63.0003 65.4022 64.7055 69.1569 64.7587 66.0867 67.0059 69.7206 71.3237 65.0411 67.5351 68.7739 67.4463 72.2708 71.2546 66.8631 74.0284 72.3571 71.3384 73.1757 76.5841 71.511 75.226 76.1791 75.561 75.8184 76.5272 73.9462 78.8956 77.4732 76.2367 83.7737 81.8497 81.3679 82.8002 86.8484 82.8854 85.6438 87.9589 92.5095 90.4882 93.2906 94.4302 97.2822 101.431 100.809 101.966 107.811 107.079 110.343 114.728 116.987 120.84 124.55 129.502 137.056 140.9 149.566 151.027 158.632 161.869 168.335 172.872 175.613 178.866 180.014 180.026 178.825 176.27 172.484 168.798 162.142 158.689 151.878 145.266 140.056 134.967 131.569 126.468 124.247 118.899 113.657 113.549 109.507 108.271 101.087 101.509 97.8372 95.2991 91.2024 95.2664 92.9748 90.7831 83.5993 82.4443 88.3673 84.0595 81.9588 82.8005 77.7501 77.4898 76.4383 78.063 76.1607 77.4259 79.9044 75.3722 72.9954 75.7259 73.3979 70.3806 74.0053 71.6303 76.2551 71.8165 68.768 73.6171 75.0428 67.8278 72.2928 68.6189 74.2202 73.6932 70.9267 64.4253 65.8186 71.3486 67.2329 65.2839 70.0996 68.7239 65.5924 68.9898 65.5755 65.3911 62.8222 63.3933 64.2046 63.484 63.7987 62.1116
57.2392 57.9089 62.0049 65.4489 64.2824 63.1927 65.133 63.4598 63.9546 66.3097 66.2278 68.2772 60.5024 63.983 61.2836 65.3051 65.2161 70.3029 64.3167 65.8389 64.7871 66.4748 66.2971 67.6492 67.0122 70.273 67.4841 69.7734 67.3384 71.5352 67.5566 71.781 69.6533 74.0605 72.8581 77.1212 72.3996 74.0841 75.7435 77.3489 81.6722 74.7349 79.8489 82.782 76.0555 83.6952 83.9828 83.1105 86.2193 91.9356 92.3741 89.213 95.5813 96.8518 95.4675 103.692 100.608 106.033 106.727 113.268 114.662 119.062 122.89 126.894 135.556 135.172 144.117 151.803 156.486 158.316 167.182 173.029 174.216 177.861 179.663 179.902 178.376 174.876 171.505 166.845 162.144 153.575 149.496 145.005 141.004 134.819 128.479 124.967 119.681 117.972 111.326 109.88 110.517 104.277 102.227 97.8687 99.92 98.707 89.8071 92.8484 90.4445 83.0089 83.1094 84.4721 82.1323 80.3824 77.9327 74.8059 76.9699 74.3536 74.2961 74.3957 74.9087 73.5665 72.9015 76.1107 77.2638 69.5563 72.1218 68.6242 69.2412 71.5845 72.3507 73.0539 66.8156 67.533 70.9128 70.1083 65.4273 68.4816 67.6129 65.1487 64.8808 66.6544 63.0615 67.8678 67.0504 67.0299 65.8827 64.0192 62.5506 63.006 64.884 65.3414 62.5383 60.5855 63.121 60.4835 64.6141 59.8177
56.7182 55.0511 61.7377 65.3222 62.4263 63.6711 61.1332 61.3738 60.2553 61.866 60.9094 65.3147 64.5276 60.8808 63.6959 62.4469 67.4138 65.8519 64.6647 66.7904 64.6572 67.0529 68.1332 64.6925 63.2925 61.8252 67.259 69.5239 67.5934 64.5267 70.1844 72.827 68.4003 72.803 71.9966 70.5499 73.071 74.6182 73.5051 73.2531 74.7789 74.6536 79.9565 79.6915 81.4386 80.1837 80.7331 80.7083 80.9922 87.9013 89.144 93.3608 92.3756 93.5993 94.8799 98.3382 98.6331 104.365 107.015 111.327 111.467 115.289 121.936 124.547 129.437 134.169 141.782 150.504 154.568 161.366 165.052 171.07 174.25 178.948 179.972 179.894 177.935 174.697 172.121 165.764 160.291 153.746 147.036 143.322 139.036 132.887 126.627 120.763 116.048 113.494 108.211 108.247 105.291 102.822 100.293 93.4449 87.5459 95.022 89.9105 88.7566 89.051 85.7357 85.6516 80.7007 78.3239 79.3735 77.5419 80.5383 75.3027 76.9492 76.5521 71.6155 72.742 71.7964 71.2996 71.1826 72.4627 65.7551 68.3906 68.8184 67.5249 65.1746 68.5572 64.2849 65.7787 70.4313 63.3745 63.4229 68.3094 61.9388 63.1011 66.1144 64.0089 64.4767 62.9152 64.907 63.6412 66.8392 61.6998 62.2471 59.4884 63.3514 60.0538 61.7217 61.2039 58.7602 61.5635 59.2835 57.1036 58.4342
55.6723 57.8542 63.5408 56.8082 62.5159 59.3484 60.802 62.0694 62.7767 61.3661 61.7741 64.5667 60.589 62.1446 65.3384 64.9626 62.0891 64.8655 64.8499 64.8034 62.6237 64.0992 66.6094 60.887 63.71 64.6486 65.227 62.668 67.8675 64.3649 67.8858 69.5309 67.7946 69.4727 69.9416 69.9666 72.4174 69.8418 70.8207 77.9891 71.4712 76.2877 73.6996 76.0009 76.8554 80.0032 78.8691 75.7906 84.8273 82.1426 87.2427 88.6471 90.425 94.3548 91.8561 99.4625 101.951 101.21 103.423 103.957 108.945 118.623 117.169 126.382 128.774 134.02 138.321 148.745 151.697 160.207 167.239 170.796 175.695 178.023 180.28 180.295 178.42 175.217 171.523 166.824 160.235 151.913 147.362 142.766 135.497 127.093 123.536 123.72 119.937 110.449 110.881 104.099 103.575 99.114 93.9315 93.7785 95.6048 88.154 87.2584 86.4562 84.3562 80.0121 78.3975 80.4161 79.4498 77.3847 75.5271 75.4591 73.2414 72.7037 74.9138 70.5849 70.5008 72.2738 71.3007 66.2855 71.2135 66.7486 67.5364 66.3518 69.2799 66.6734 67.1803 64.6132 68.3354 62.9279 62.927 64.3707 62.3003 65.3662 65.8811 61.0373 60.929 59.7623 62.1593 61.1116 58.3382 59.7224 63.7337 59.7564 62.2197 60.7966 59.2379 56.7075 61.3907 60.2025 57.868 56.0646 57.8439 52.3469
53.1706 54.7669 55.6785 61.5255 56.5101 58.3022 59.6552 60.3469 58.7151 61.3141 58.5179 58.8351 57.5621 61.1188 64.0458 60.9306 61.197 59.4552 58.9673 56.8609 59.6808 62.2632 64.9001 62.5557 64.4479 61.7038 67.7485 63.4689 66.559 65.6511 64.2246 70.0118 66.9781 65.46 67.3996 67.6968 68.1415 63.7486 68.4449 72.5999 70.2816 72.5003 75.3103 74.1066 77.2674 79.5207 76.4894 81.8661 78.2454 84.7476 87.403 83.9146 86.7142 87.0721 90.953 93.2201 96.3278 97.8886 105.742 104.363 108.006 112.153 121.667 120.146 127.039 135.194 141.423 141.817 150.248 157.407 164.86 169.399 175.025 178.004 179.707 180.139 178.167 176.251 169.304 166.754 159.944 153.229 144.998 138.982 132.157 124.646 120.647 119.109 112.993 110.925 107.799 100.699 101.21 93.3804 97.596 94.8634 87.6714 88.5086 85.3696 84.0881 81.0241 80.8221 80.4025 75.4928 74.3526 76.6069 73.4751 76.1717 77.7675 69.7046 67.5513 71.1748 70.1816 74.8059 67.1071 65.2235 68.4544 68.2425 64.7006 67.6859 66.4865 65.8061 62.7757 64.3497 57.7565 64.2179 65.2955 60.6418 65.5715 63.0194 60.9922 63.9491 59.4969 65.4705 61.1268 61.5455 58.1761 60.7637 62.1134 61.4009 63.6817 59.4779 60.1867 59.5623 54.9821 57.8726 56.0825 57.189 56.0796 55.6273
55.8819 57.3442 52.7403 57.4198 55.9049 57.548 58.2096 58.9348 59.4721 56.9831 60.5589 63.7746 55.9345 60.7858 62.6272 60.3931 56.2605 63.4946 57.3517 58.8727 64.9605 59.0885 66.1349 60.8669 66.4759 62.6753 58.1345 60.6956 64.6134 64.655 63.441 64.5067 61.4653 64.1096 62.5816 69.658 68.397 70.4087 68.6148 68.1481 70.5464 74.0746 71.7834 73.0019 72.457 73.3985 72.7069 76.4169 79.4177 79.4112 82.5092 80.3712 89.0772 85.0227 90.2076 93.3186 91.8823 97.7552 101.243 104.76 105.674 112.101 115.032 122.913 123.197 132.681 138.068 148.216 153.314 158.392 164.079 170.858 174.553 178.345 179.423 180.182 177.457 175.246 169.951 163.732 157.003 151.106 146.556 138.417 133.55 126.544 118.297 114.512 112.685 102.443 103.656 97.6415 98.6411 93.5384 93.5765 87.7566 90.2266 83.0651 85.1279 82.2357 79.3135 80.6742 79.5604 77.718 77.4841 75.5595 71.837 72.4185 72.0298 67.2031 69.1071 69.5443 67.0263 65.1443 64.3305 66.7579 61.3216 65.0156 60.4412 64.8873 66.4814 61.5565 62.1269 66.556 62.9287 64.1076 60.4452 58.6188 59.1361 58.9793 61.6717 58.9122 61.7618 60.1833 58.124 57.9847 57.4274 57.7944 59.1772 58.2522 58.3869 59.2903 56.293 56.1288 54.5222 59.068 57.7258 56.1894 55.9855 53.4244
54.2968 56.2845 53.4011 53.9882 56.9486 56.0181 50.0798 53.8378 54.0093 56.612 56.9249 57.8533 57.3353 57.2482 56.2043 57.0277 58.4932 65.3055 60.9472 58.6108 52.4531 61.931 60.7008 59.1478 60.8438 61.3713 60.8812 62.4907 63.9994 63.0467 63.015 64.6008 67.9806 60.8612 67.6403 62.237 63.5695 69.2107 64.701 69.0187 65.9238 72.773 71.8019 74.0544 72.1907 71.8362 74.4759 73.6086 79.7426 80.2116 83.2532 79.8966 82.3997 82.4561 92.3803 89.2928 94.5273 97.2314 99.4285 102.978 101.785 110.034 113.153 115.648 120.319 128.183 136.692 140.175 152.155 156.159 164.779 170.606 174.648 177.946 180.411 180.29 177.569 175.347 167.757 163.511 157.347 152.068 145.628 137.132 129.465 125.476 123.987 112.596 105.054 103.441 104.197 101.085 93.6268 90.3278 86.3941 87.2924 87.5915 87.6126 76.5015 78.8464 78.1316 76.6746 80.4025 71.6874 71.3234 71.325 67.5095 72.3162 65.1547 67.3101 73.3032 67.9927 64.3006 64.8524 64.3038 65.9976 64.6783 60.6692 63.2028 63.6475 63.5199 58.6683 62.3588 64.3702 59.9982 59.6242 64.0817 58.1244 57.8501 58.9606 63.6887 61.164 62.6716 58.1265 51.8765 59.2934 57.6718 62.7471 59.8241 60.8907 53.976 55.0796 59.161 54.4429 56.6695 56.2127 56.0318 55.059 55.3481 51.6244
53.6321 53.2525 53.5107 54.638 56.733 58.1186 60.3189 52.7786 55.4106 56.155 56.4204 62.5086 60.2474 54.0932 55.8507 58.9876 57.5915 60.5594 58.2422 56.7718 57.4391 56.6599 57.7993 53.0862 63.0169 54.8769 57.3493 58.9677 61.388 62.9165 59.9575 62.63 63.4126 63.2541 62.7209 62.4227 60.6021 64.1525 65.5281 67.3542 66.6825 69.0768 69.115 69.2597 69.4426 71.154 71.5509 76.1255 72.7984 76.6836 80.3354 82.0895 81.8129 85.0956 88.7053 91.221 89.8853 89.964 95.3572 100.698 96.5549 104.691 114.776 116.131 123.204 127.971 135.323 141.685 147.465 157.139 162.296 169.878 173.613 178.079 180.062 180.101 177.519 174.648 169.354 163.011 157.038 146.959 143.46 134.377 126.034 120.57 112.803 113.518 104.882 105.01 102.357 93.3969 94.1224 91.7813 85.4537 86.5084 84.869 80.0655 78.9675 80.7006 79.504 76.407 75.0907 74.7986 70.6962 67.1409 73.0905 69.5922 64.9201 72.1583 65.011 64.8037 62.8074 66.6443 62.9952 62.3468 66.2984 59.5175 66.2159 58.6911 59.8522 61.1934 59.1201 59.6499 59.8262 60.2928 58.7709 58.2461 58.4035 58.8241 55.8224 58.9239 60.4264 60.8803 56.9093 56.2198 59.8494 53.8638 57.0866 57.397 58.7997 54.2113 56.4714 54.1536 55.0121 53.4625 55.3081 48.0743 49.5668 52.1163
52.9846 53.6515 53.3988 55.9817 54.3492 50.7416 54.3144 55.783 52.984 53.343 55.8457 50.967 55.9352 57.0349 55.8899 57.509 58.7899 56.2344 56.3546 62.8844 62.2204 54.362 60.3678 53.7782 59.795 57.9737 59.7572 61.9619 60.6251 62.3615 58.4675 60.3893 65.3168 55.7586 64.9409 68.236 63.8104 69.8301 60.3654 64.6307 69.582 66.8987 69.1423 67.4192 68.8379 68.7995 71.4225 73.6492 72.7069 72.765 73.9083 77.5235 77.6385 84.8602 81.8561 92.3299 92.327 89.7674 97.7047 100.149 101.076 106.924 111.842 110.997 120.007 128.979 136.212 142.261 148.662 156.247 161.574 169.12 174.622 178.224 179.79 179.863 178.427 173.123 166.758 163.052 154.452 150.472 140.447 132.806 128.37 123.082 115.827 104.442 106.131 102.857 100.576 93.5998 93.608 90.1386 89.3578 84.3304 84.6888 85.652 77.3358 78.0719 77.9964 76.8159 72.356 74.2929 66.6768 72.3682 67.8747 68.5131 67.7852 66.4682 67.6394 63.3538 66.3363 63.9214 60.5298 62.7734 60.1493 62.2302 58.069 61.4628 56.7148 60.3974 61.8404 59.7659 58.1131 58.9555 57.502 59.0787 56.2117 58.9206 55.7603 57.5397 57.9987 55.7284 57.2034 59.2262 52.4588 53.5882 55.8254 55.0039 57.0198 54.3481 50.9385 57.5926 56.6265 57.9081 49.6053 49.2968 51.7344 52.675
53.1859 49.2762 54.736 51.4735 57.0189 57.0438 57.6497 54.9049 57.0997 53.0899 55.9908 56.0437 55.3856 56.1062 51.8363 55.2865 58.106 53.1689 56.2345 55.1194 57.6351 60.3106 55.34 55.9373 53.2776 58.5697 54.6503 54.9973 58.0787 58.0216 59.3876 56.6762 59.7126 63.5652 59.7752 61.566 62.5115 65.8609 62.9186 65.3438 65.8457 69.4551 63.5396 66.3184 66.3512 68.083 67.2773 72.7042 72.147 71.094 74.9367 79.9924 76.4018 83.9683 84.3079 86.3156 85.2085 89.1254 96.0781 98.1107 100.711 99.9762 108.654 113.37 118.618 123.895 131.578 140.2 145.795 153.037 161.54 169.624 173.425 178.937 180.39 180.472 177.179 173.704 169.534 162.048 153.323 148.476 140.484 134.099 128.018 118.693 116.38 109.599 102.184 98.2213 96.182 94.5566 89.2749 86.8838 85.0335 80.298 80.9786 80.1121 79.2584 78.8275 73.657 71.4087 70.8059 67.5641 66.0972 68.9423 65.8165 66.364 64.3739 64.5368 62.28 61.6632 61.1534 60.0699 63.5731 61.5344 60.8751 58.5119 62.2466 58.9507 54.4516 56.4957 57.1964 60.293 58.9045 56.4733 56.8719 59.3183 58.8006 56.5431 54.8551 54.7354 54.626 55.7204 59.4726 55.5192 55.9489 55.6554 52.8462 55.6286 51.891 54.4747 50.1841 50.3718 50.3105 52.3759 52.2786 49.9562 45.7519 50.0966
49.0952 47.1027 51.7399 51.4068 51.5413 57.2652 50.9241 52.9902 47.8449 49.9611 53.8314 51.9118 51.2565 53.0555 53.8548 55.6114 52.6286 52.1738 53.747 54.1669 54.2564 55.6615 55.416 55.9298 54.3097 51.528 59.0579 61.0155 58.454 57.7885 60.5474 58.1311 59.6573 60.1966 60.357 62.5944 60.4896 59.3046 62.668 59.3224 64.1937 64.3935 66.36 66.7438 67.5374 67.1193 69.4449 67.918 71.2655 74.7019 73.4052 75.701 79.131 79.7444 85.486 82.6295 89.6614 86.0348 89.1996 96.595 99.5505 98.7696 107.306 111.934 118.352 126.26 131.801 136.586 145.596 154.262 160.718 167.337 172.984 177.547 179.537 179.806 177.299 173.946 169.502 162.236 154.234 146.295 135.983 130.7 119.697 117.944 112.859 107.654 104.443 99.2561 93.649 90.9517 87.9556 89.749 83.831 81.1527 82.9594 82.0034 75.1244 73.0189 71.938 73.4376 74.9182 71.5472 69.3428 65.6216 65.1617 62.0318 64.9657 62.1529 61.02 63.9609 61.7482 60.4731 54.8026 62.9002 62.8761 58.8619 57.857 54.1663 58.192 57.1281 53.112 53.8288 53.0676 57.642 53.0587 57.3597 54.0185 55.7389 52.9401 54.3852 52.1192 53.1792 57.1427 49.8609 54.0496 54.8527 56.1931 52.6337 51.3478 54.3401 51.7024 50.4039 52.3749 52.0456 51.3878 50.1026 51.7665 51.1448
47.6112 46.5713 49.7319 47.5253 51.7032 56.9389 54.2702 51.8103 52.3273 47.5015 51.9154 54.9346 52.5878 50.9 53.8074 53.9033 50.0506 54.1558 50.6502 54.8883 56.5694 54.0712 53.1212 56.7631 60.2007 59.0002 56.071 57.8373 53.3989 53.071 60.8704 59.7241 57.0388 59.9105 57.9471 60.7057 58.3622 61.7899 63.3276 65.4675 63.3672 60.639 60.6681 64.3774 67.0567 68.0794 67.2577 67.0012 68.7556 70.4334 72.5476 73.9537 76.5246 80.7991 78.9421 82.346 82.4954 86.2827 96.2781 94.7451 93.9313 104.954 106.648 107.563 116.181 126.042 131.03 134.28 143.499 155.201 160.226 168.186 173.648 178.834 180.002 180.246 177.965 171.633 167.939 160.877 153.516 143.271 138.292 130.72 123.905 116.139 112.201 107.274 103.344 98.7737 94.5693 92.4142 84.1025 87.0727 82.9125 79.2099 70.4844 76.198 76.1227 71.942 67.2101 71.6505 67.3145 71.3927 68.4436 64.6801 63.2945 66.4452 61.6313 63.8432 66.857 58.983 62.0147 59.6341 57.8354 55.3484 58.3907 57.5537 57.9253 55.3861 55.87 56.9938 54.6153 57.3746 55.6545 57.1531 55.6955 56.8695 56.145 54.368 52.1938 54.1096 53.6164 52.5342 54.054 56.7453 54.2913 51.3992 51.5571 51.8064 53.9978 49.9283 49.482 51.6583 52.2387 47.9867 50.8802 50.9675 49.2031 48.9188
53.2875 45.6201 48.3761 49.9311 53.0681 52.4058 49.4332 53.2243 50.1622 52.8185 52.2937 51.1196 57.4445 49.1925 54.9657 52.9725 51.3569 53.7449 50.1691 53.0915 53.1032 52.6355 54.4375 57.2726 54.4403 51.7552 59.4776 56.939 56.0999 54.9368 55.2904 56.5958 59.8208 57.3324 57.5243 61.1792 55.4142 59.5423 59.7135 62.9557 59.014 61.2211 61.5437 65.9283 62.2294 64.9586 67.2496 65.9669 72.3605 69.6548 73.7643 71.5283 75.5113 80.3175 79.9825 80.3808 83.7908 87.998 88.2834 96.4179 91.0119 100.611 104.038 108.677 116.103 122.039 128.975 135.41 141.021 155.193 160.99 165.541 173.233 177.855 179.874 180.061 178.687 172.703 165.63 160.856 151.822 144.896 136.375 129.275 122.963 117.614 112.112 107.841 100.812 94.2011 93.9583 88.3825 90.0538 83.7165 80.9028 79.9908 74.4466 76.6378 67.4532 74.4046 73.668 64.7852 65.4201 65.3423 66.676 66.1189 63.7584 63.9001 59.012 63.1236 62.6724 59.7672 58.3221 61.1448 60.001 59.1653 59.8366 59.166 53.7614 57.9872 56.5236 57.4019 52.5832 51.9436 55.2126 53.0771 53.835 56.1178 55.5015 55.5951 55.6308 50.6189 55.2993 53.5682 49.6767 50.1079 50.9264 53.15 53.8852 51.306 50.7881 54.5407 53.1369 48.9084 52.0674 50.2118 50.3672 48.9098 46.8478 47.2522
48.813 49.8118 48.072 45.8321 49.1174 49.4739 46.9967 50.1891 53.6215 51.3337 51.463 53.6708 51.2344 53.4443 51.1015 52.3969 52.6327 55.2742 52.0654 50.8107 51.9346 51.8196 51.7388 52.5905 57.9643 53.3958 53.598 55.0748 51.6653 51.2687 54.9734 54.7819 59.2989 55.6386 52.7999 57.9428 62.1826 58.7573 58.9688 63.7245 62.6099 59.9084 60.7151 61.7075 63.2694 63.4959 65.0542 65.0842 67.5271 71.0081 72.1206 76.5562 71.8319 76.0696 79.7057 78.5403 83.7404 88.9991 90.6911 88.6969 92.3523 100.027 106.756 105.921 111.993 119.495 129.251 135.081 143.167 151.646 159.808 167.616 173.804 177.238 179.635 179.057 177.323 173.504 167.503 158.718 153.503 142.909 140.869 122.865 118.846 114.284 111.538 100.215 97.9639 90.8625 89.6665 87.0135 79.3877 81.0882 77.6686 78.3617 73.681 72.4957 70.1529 70.648 69.6806 68.2866 65.6801 66.0595 64.9363 60.2871 59.5862 63.9832 57.2383 63.6917 58.9281 59.9048 60.1049 59.6033 56.7403 58.6044 54.0009 57.2998 56.8468 53.653 54.1674 57.0883 52.7056 54.3568 54.0774 51.6481 51.8267 52.9363 52.6248 51.2401 54.1753 52.5148 55.6629 51.7989 51.4245 51.6895 50.1812 55.3263 51.716 49.0373 50.6892 48.5715 50.9929 51.801 51.278 50.2313 50.4785 45.1412 47.8863 46.8467
46.2277 46.8317 48.8538 47.9717 50.0427 44.2012 48.8678 49.784 51.3235 50.8083 50.7794 51.6496 46.8762 51.2153 52.4694 52.0943 49.5779 50.4222 53.3144 49.5646 49.3222 53.5412 54.1779 55.7196 49.5268 53.5093 55.0992 53.2061 52.4731 53.1943 53.0075 53.1246 52.3449 58.2612 57.7149 57.2769 59.559 57.2717 60.361 60.613 61.965 62.3274 62.5468 65.3827 63.0131 64.7712 62.7373 62.9256 71.6518 67.2179 70.0456 71.0092 68.8701 74.2728 76.5579 79.4056 82.621 86.2559 83.9826 91.9142 93.9629 98.3524 100.002 108.094 114.704 121.156 126.486 132.41 143.49 153.613 159.159 165.012 173.098 177.545 179.989 179.598 177.605 173.669 165.806 157.838 148.691 143.454 131.84 122.928 119.588 114.123 104.915 102.302 93.8325 94.109 88.8568 86.6917 82.4705 81.1297 81.4573 76.108 75.2423 75.8967 70.4763 67.4121 68.7189 63.8521 66.5627 62.6736 63.5675 63.795 60.782 60.9666 58.8704 60.0112 59.0787 61.6196 55.0332 57.6593 59.333 59.0721 55.0073 56.2925 56.5282 55.2541 54.4951 53.7235 52.0076 54.6041 51.3346 53.2032 56.466 54.1193 50.2191 55.1029 50.8787 52.8815 52.3026 52.8452 51.9046 50.9788 51.8408 51.7007 53.4537 49.2555 51.0855 48.8575 48.8308 50.3325 51.9187 50.437 49.5624 46.4226 43.0427 44.8927
45.5207 45.3994 47.0059 43.7177 50.255 49.1092 45.9738 49.0501 47.8537 49.1346 48.8427 50.7464 51.0451 49.3166 44.9824 51.7432 49.9555 53.3896 49.1023 51.6057 56.793 44.3888 50.8585 48.6247 56.6594 50.7341 52.4942 52.0726 60.8384 52.7353 55.6626 56.5888 52.4604 59.4208 55.8385 56.373 57.137 56.5189 55.1789 60.1127 61.1441 61.7461 61.998 56.6917 63.6958 61.2201 59.6082 65.4644 66.3521 67.4003 69.1757 67.3596 70.5756 77.1943 76.4656 77.5345 75.3099 84.8351 84.7253 88.9489 91.6842 99.7888 105.342 112.05 111.953 115.697 123.064 131.941 140.156 151.841 157.92 167.947 172.465 177.781 179.971 180.275 176.771 174.034 165.297 159.058 150.797 142.17 136.373 124.945 120.858 111.885 105.469 99.9378 97.6164 90.1046 87.7455 88.1372 81.7243 79.7577 77.6651 76.9809 75.1617 69.7348 70.3307 68.791 69.9037 67.408 65.3354 63.4601 65.0243 62.2675 61.9888 60.7486 59.3033 57.9649 59.1498 59.3586 60.5812 54.265 59.3771 58.5684 52.8697 56.0489 52.6171 52.5457 55.3762 52.8467 51.8668 51.1603 52.7476 48.3628 51.1619 53.1838 50.5813 49.5976 52.6509 49.8702 50.6765 52.3199 48.2491 49.411 49.4771 47.6939 51.0544 48.3689 50.162 48.2998 49.7343 52.594 46.7325 47.5872 48.3344 47.6517 46.1481 49.8142
45.4672 45.2471 46.416 46.1172 48.0561 45.9599 53.2609 49.6589 48.2754 51.5954 51.001 48.6155 43.893 48.7419 51.5167 49.1869 54.5864 53.6257 50.5242 49.8353 55.0767 47.7486 52.3995 47.9878 55.4509 50.6355 51.5509 53.8354 51.3665 48.0656 52.2152 53.1767 51.9093 54.0341 58.0613 58.933 56.6294 56.0008 58.105 57.1205 61.1937 59.6974 56.3004 60.4619 61.2509 60.1981 65.6532 62.8903 60.3975 66.9214 70.4671 68.548 71.075 72.1477 68.4932 77.2866 80.3896 77.908 84.4494 84.6798 89.7623 94.5611 98.6081 104.076 110.965 116.356 125.146 133.495 140.383 150.654 158.648 165.636 174.826 178.271 180.16 179.968 176.167 172.007 168.16 158.73 148.555 142.63 131.84 124.477 112.095 112.803 104.662 101.149 97.2104 91.0893 88.9303 84.869 78.6804 79.5179 76.2989 75.7029 70.0809 69.7932 70.1842 67.3354 69.1281 67.5532 63.9996 61.6999 62.5327 60.8886 60.4094 62.3118 59.3796 56.8519 57.5599 55.9889 57.2365 52.3487 55.2618 57.4772 55.0926 49.937 54.3424 56.9123 51.7758 50.4622 51.8711 51.8664 50.8055 50.1603 50.9462 48.629 49.5961 47.9727 49.1424 48.7093 52.0436 49.9576 47.8892 48.0545 45.9074 51.2012 47.7645 47.7899 50.0053 45.5768 46.3858 44.6257 46.6075 46.2793 46.8324 45.3218 43.6324 46.9603
46.0806 43.8868 48.5528 48.5282 47.0128 49.4941 47.7225 49.4235 49.0095 46.7377 49.1943 49.4588 48.221 47.3964 50.0074 50.4304 45.5024 49.6542 49.3323 48.1643 48.152 51.7626 49.692 48.9512 53.1425 53.6049 49.4193 55.3971 53.393 52.7753 53.7544 53.8612 52.6324 58.3991 52.699 57.0094 54.9642 54.6357 57.9153 56.703 53.5597 58.6348 62.0959 58.3942 60.2487 61.659 62.8417 64.9493 66.2314 65.5193 66.0992 65.7608 70.141 72.7299 70.371 76.2337 78.623 80.7092 88.199 86.3395 90.4437 93.5262 97.3299 102.894 108.738 114.407 126 129.503 140.675 146.994 156.596 166.392 172.621 177.706 180.487 180.324 177.918 173.772 165.745 156.655 150.168 140.06 132.602 122.813 118.016 109.17 100.787 96.3944 88.2081 91.8795 87.5017 82.9334 84.0266 78.0563 77.0707 73.7319 70.5385 73.0962 66.3406 66.4647 70.5361 67.3969 63.6729 64.8943 63.4873 62.6758 61.2598 56.2964 57.31 57.1055 58.6989 56.0681 54.0632 52.4008 58.4015 55.7182 53.0899 53.6304 53.3084 51.6739 49.5039 49.7331 51.623 49.2206 52.5289 53.9211 47.8424 50.0206 50.1273 51.2526 55.9383 50.5939 50.5668 48.7467 49.8908 46.2169 50.8452 44.2202 51.4415 46.5438 51.3996 45.3562 48.7886 49.2674 48.3845 49.3717 46.6605 45.9295 46.4099 45.3553
44.3362 44.3659 48.2034 47.7013 45.0783 51.6982 45.376 45.0028 47.8379 47.4885 46.7405 48.2517 54.9488 49.6027 47.6547 51.8636 48.7504 48.3119 51.1648 50.1564 50.4397 48.2687 50.8993 50.8179 53.3239 51.5244 49.969 51.2352 48.5256 52.001 51.3089 52.3334 53.5215 53.7513 55.2575 53.96 52.4402 58.6098 52.4564 57.9043 59.1238 59.5486 59.2264 58.9898 57.4361 61.4525 59.3214 62.7466 66.0193 64.2681 65.1229 67.7239 70.8651 68.6279 71.9192 73.8036 75.4598 76.1086 83.1847 83.2882 89.3314 89.3509 98.6185 102.001 109.401 115.052 127.932 126.993 140.106 148.9 158.706 167.01 172.136 178.003 180.383 180.394 177.835 173.147 165.33 156.351 148.215 138.772 131.777 121.965 115.772 108.816 102.801 99.9202 92.2682 88.3782 84.7706 84.4755 80.6075 77.9217 77.4935 75.1842 71.3739 70.5335 67.9673 65.1102 66.2661 63.7338 64.33 62.6652 59.9226 59.2238 60.2322 56.9069 55.3431 57.4946 54.4908 61.5882 55.796 53.9472 53.0551 54.2619 54.1703 54.3 54.2975 55.7307 52.4335 47.5538 50.9138 51.2827 49.5323 49.6807 48.5884 50.3167 46.6294 52.7574 49.2032 50.8807 49.7087 53.8328 49.1939 47.1001 49.5255 47.4376 45.6847 47.6742 47.7997 47.2111 47.5292 44.1692 43.121 46.0425 47.1984 46.8177 44.4109 41.8625
41.8383 46.9994 45.4012 47.9013 47.9433 45.0075 42.3841 48.0946 44.8352 48.3124 46.4833 47.666 52.5349 49.3884 46.4422 48.1401 47.4578 47.1778 50.4652 48.3211 46.918 46.5541 49.2816 51.8255 47.8103 48.0902 51.6094 50.6428 49.3516 53.8129 51.4458 52.7195 52.6976 52.3424 50.1757 53.198 54.7822 55.3761 52.0258 55.2318 56.488 55.9307 56.5439 60.0902 62.8081 59.659 64.0477 59.7403 62.1932 63.5044 66.1025 64.2804 68.9289 70.0888 71.0318 76.7711 75.703 75.2176 81.648 84.2075 87.6733 91.8258 99.7398 99.5351 107.384 111.079 120.175 131.317 138.013 149.618 154.446 167.609 171.425 177.594 179.976 179.583 176.717 172.306 165.72 154.573 145.728 140.023 128.337 118.681 116.322 106.094 104.272 95.6494 91.6771 90.3562 82.6242 83.799 81.9532 76.6793 75.1414 72.3107 72.0701 66.8915 69.1476 63.5176 63.5561 63.5421 60.6518 62.6253 61.4496 56.3401 58.4728 57.3295 60.0343 52.6766 54.0054 52.3477 53.652 55.768 52.4824 51.3102 51.7047 53.4805 52.0651 57.3968 54.8495 51.5998 51.1353 50.7154 50.571 52.7133 51.7721 44.8553 47.9712 46.876 48.0124 46.394 48.0605 48.9886 45.5788 45.975 47.6415 48.4559 49.307 44.3086 47.5758 47.3318 44.9411 42.7918 45.4554 44.8615 46.7474 44.25 43.1312 43.3315
41.7708 47.6845 43.6928 44.011 46.2665 47.8414 44.4572 44.2111 48.485 46.0844 45.4822 43.5693 46.6523 45.5985 47.0165 52.0621 46.9886 47.7287 47.1202 48.8294 46.0528 49.601 45.3533 50.9731 49.8057 49.0286 49.3919 48.9862 50.6071 51.6925 52.2352 48.4462 50.7243 53.8785 50.5809 48.2578 48.1956 54.1589 53.2106 52.2243 52.786 55.5183 55.1109 57.6025 61.4374 59.1378 60.0401 61.4113 65.9069 60.334 68.2986 65.8312 69.3091 67.3385 73.3622 71.3167 73.9256 76.2829 83.5281 80.2251 85.7539 92.6781 94.1763 97.8039 105.393 115.686 118.385 127.098 139.313 146.091 157.502 163.904 169.811 176.908 179.696 180.215 178.174 173.464 163.528 156.475 147.033 133.79 130.268 122.003 114.461 104.264 100.549 92.6024 87.9102 90.0287 81.9821 81.6621 76.2343 75.9296 71.287 69.1919 70.0682 66.5939 65.3012 67.0446 62.0874 63.1782 61.7025 63.8921 57.6864 60.2304 59.392 57.7098 55.457 54.057 57.2501 53.5802 54.0336 55.4002 53.2097 49.1458 54.0498 52.1459 56.1115 49.6741 50.8496 48.8375 47.2644 48.8582 48.7717 46.7524 51.2435 48.6725 51.45 49.0205 49.5497 44.2589 48.558 48.7293 47.5267 47.9586 47.8846 43.5278 48.4868 47.7927 45.6454 43.0058 43.9749 42.5028 45.1225 47.8053 43.7937 44.4861 43.1861 41.568
39.4768 43.4429 44.0741 46.233 43.3445 38.5291 44.9122 46.569 45.6065 49.1698 46.4233 50.7115 44.1771 48.9851 49.362 43.8068 51.3854 50.5658 45.4264 48.3772 46.2535 52.9986 48.8162 48.12 49.1568 49.0408 49.0724 53.6233 49.5532 48.9146 49.9393 50.3561 50.8684 55.1594 53.7087 51.6676 51.4003 51.9869 57.3889 56.3299 55.1631 52.7331 56.0969 59.5414 60.348 58.9761 62.7966 59.4068 62.0234 61.8192 66.8026 64.6214 71.657 70.4587 71.5243 75.7197 73.0243 78.4755 80.7022 79.7982 79.6255 89.9683 90.9503 98.0779 106.415 112.703 122.536 123.046 141.741 143.05 155.523 165.435 171.989 177.121 179.835 179.675 177.174 171.441 164.831 154.58 146.921 138.008 127.63 118.712 111.815 107.714 101.614 97.4931 91.4878 86.6621 84.6823 81.8142 76.53 78.8542 70.6676 74.5186 67.3094 66.6625 67.4226 61.4915 63.9874 61.9649 61.9742 60.2088 55.6811 59.7298 60.1234 54.5143 55.3302 52.9049 57.9022 60.2515 50.6271 53.2817 53.2993 53.8804 52.593 49.4223 47.6216 49.2162 48.3502 51.8152 48.6974 47.3376 49.2051 50.2855 45.5146 48.6333 47.7348 50.5473 50.5927 42.9937 46.6377 47.2151 48.0226 48.1061 47.4545 48.0031 44.3711 43.1468 47.0554 46.8559 49.025 44.6096 46.1495 41.9179 44.528 43.4141 46.1866 43.0382
45.4723 44.5967 42.7843 44.8468 46.1159 43.3257 46.4081 44.6864 43.7697 45.1534 44.9357 48.3408 44.7561 47.0899 45.4723 44.4572 44.9929 44.7122 45.2546 47.1166 45.2861 49.587 46.8416 50.0997 44.6864 48.8746 46.1426 45.0187 51.0728 52.2063 49.0264 48.7428 52.4068 50.4597 49.4351 54.7033 52.1365 53.4715 53.1994 50.7147 55.2849 53.3512 58.0875 52.4708 58.0407 56.2703 59.9648 61.4229 62.8744 65.3495 61.9854 65.0372 66.6606 69.5673 73.2952 69.9149 77.1119 76.0701 80.2335 79.5145 87.1766 91.0363 92.7102 98.4998 103.111 113.676 122.081 125.581 135.245 147.301 153.3 162.205 171.938 177.58 180.428 179.924 177.203 172.768 165.729 152.913 147.089 136.299 129.024 117.626 114.246 105.967 98.3183 97.1467 92.5517 84.8619 81.0461 77.872 75.0389 73.0393 70.6826 71.7206 71.9517 66.1831 66.1869 63.3127 62.0446 65.2702 63.7739 58.5191 58.1314 55.5503 54.0549 58.1782 53.8048 53.206 56.0679 53.1726 55.4711 51.8701 48.4697 52.149 51.2218 52.656 51.1425 47.6323 48.592 48.2043 45.3816 51.2743 50.4072 48.6989 50.0835 47.8013 49.4581 50.2315 49.5621 46.0787 48.4239 47.0651 47.4298 46.7032 43.0029 49.2461 47.3821 43.6332 45.9975 47.7478 47.3277 47.2303 47.0164 42.6907 45.7464 43.9979 47.2713 39.9301
44.9499 45.2002 41.8529 43.3695 47.456 44.7281 47.6003 46.7855 43.5786 44.7457 43.0544 47.0496 44.5396 44.7536 44.0105 45.1207 43.6395 47.6317 47.3912 49.3456 45.7656 47.9144 45.9502 50.5049 47.3647 49.3662 48.1146 49.9169 49.59 50.6433 49.804 48.8587 48.1068 52.8303 54.7277 53.915 51.1586 50.6668 53.1915 56.2424 54.3704 51.7054 55.0144 54.0818 58.7209 57.6794 58.0711 58.0515 59.7291 59.3551 64.4457 61.5303 67.9726 68.007 70.8723 71.208 77.3882 76.1494 80.0258 83.5567 84.4872 83.3594 91.9053 98.0619 101.213 106.546 121.216 123.728 134.204 145.353 150.913 163.942 170.895 176.144 180.334 180.517 177.028 172.666 163.395 153.976 146.167 134.723 126.447 117.417 110.332 104.896 97.5809 97.6909 87.9867 82.9373 82.6811 79.0334 80.1937 71.8696 69.7042 66.7721 68.3564 66.2018 64.1954 67.1235 59.6672 61.335 58.1761 61.6 64.2013 53.9856 59.1097 57.8561 55.5827 55.9243 53.4301 52.0843 53.1189 50.6168 51.7122 49.2926 47.6327 48.6094 50.2801 49.6224 49.7186 47.9252 45.4221 47.0476 43.128 47.9095 48.2285 49.1247 45.534 45.4633 48.0125 48.1038 48.5397 51.3 46.7443 45.8412 46.5764 44.2775 47.1261 46.4302 46.5931 47.0751 46.3222 45.6635 46.5872 47.4118 42.9298 42.6088 45.904 44.4572
40.7322 38.895 42.5653 43.4173 48.5991 46.9293 42.1953 45.5308 43.7561 46.4342 45.6619 44.6435 44.6737 45.2686 44.5134 47.1915 48.3269 46.7912 43.7561 45.6195 46.6238 46.2759 47.614 49.3836 51.3952 46.278 47.6967 50.8194 47.9659 50.8487 51.0715 50.762 48.9389 51.0161 51.617 52.8109 52.2946 52.0445 55.3236 52.3692 51.6725 53.5086 54.9031 57.7154 57.1789 58.9768 58.7146 59.614 61.8061 59.6049 61.4653 63.5314 65.6882 66.1439 68.3269 72.2503 75.0313 73.4159 74.5664 81.2264 81.0822 89.1417 94.8922 98.4082 108.778 108.823 113.947 122.53 136.809 146.022 157.359 163.05 170.899 177.979 180.273 179.939 177.097 171.559 166.38 153.267 148.852 133.718 126.728 118.146 106.931 103.212 100.667 96.2504 89.6398 84.6043 81.1397 78.392 72.1777 73.4361 69.5994 70.3637 68.7908 68.8906 63.5798 60.9097 59.8248 60.3803 56.1787 56.0335 58.2719 54.6208 56.9581 59.1462 51.7572 53.9805 54.3707 53.8061 54.4807 51.0413 54.2266 51.6926 48.6727 50.4111 48.7826 47.9397 46.8003 49.8393 50.0622 46.648 48.6294 47.1502 48.343 49.0881 47.1512 47.5747 48.0516 44.593 44.6818 46.5542 45.6709 47.4214 43.745 48.1686 47.2812 45.2464 45.2021 46.7327 38.3979 45.3644 46.3788 42.9596 41.7032 45.9664 38.7216 37.7425
42.9632 43.0036 42.3163 44.2684 40.9118 45.1916 45.5446 43.7633 49.6319 46.4927 44.8242 45.0033 43.0305 46.1294 47.5836 43.1526 42.5337 48.2636 46.3426 47.5774 48.0597 47.8196 46.5641 48.4572 47.9158 49.5408 48.7107 46.0083 46.0269 50.8005 48.601 50.4382 48.04 48.9457 51.3532 51.9131 49.1579 51.5219 52.0498 55.1983 53.6893 55.9498 50.7839 53.6644 54.2854 52.2557 58.053 57.2487 60.418 60.2804 61.8412 62.5026 68.1456 67.5608 71.0902 68.425 73.1883 73.2007 77.2746 80.2938 88.2138 85.5973 91.6864 97.1596 102.303 110.813 113.727 124.497 138.138 140.718 150.866 164.111 169.911 177.243 179.978 179.6 176.49 170.405 165.197 152.687 145.381 131.977 125.128 114.298 109.868 103.806 96.9154 92.3229 86.1893 85.3996 79.8073 76.9237 75.5336 74.7035 66.5092 67.5214 66.0238 64.2777 61.037 67.5504 67.9044 60.9262 62.8462 57.4309 57.5499 54.5225 55.4716 52.7567 48.7346 53.387 51.8417 54.1881 47.8206 49.7737 50.8874 47.9821 53.6323 49.1951 44.5592 47.4646 51.14 48.3723 47.4915 47.9076 47.6012 45.8913 47.7875 48.0514 51.1762 49.3214 47.2689 46.4533 47.1841 44.6006 47.2172 47.477 46.6593 44.7652 46.4865 42.1124 42.8928 43.873 46.4192 43.6277 44.0034 43.6184 45.6481 43.992 42.3018 41.5556
44.2461 42.7013 41.8858 40.8177 39.3844 42.2118 41.5726 44.1166 44.589 44.6719 46.5862 46.3653 47.4048 48.6863 43.7811 43.6643 47.8953 45.2388 49.0378 46.0521 44.2397 45.3928 48.3858 49.1004 47.3517 48.8105 49.0484 46.651 46.841 45.0594 49.008 48.4326 47.8157 50.2089 52.8388 53.7753 50.5539 50.7036 50.71 54.7064 51.983 53.2019 52.4205 55.302 60.4664 53.8464 65.6583 58.9683 56.6855 57.6995 60.3485 61.8583 65.1529 68.3127 69.7938 71.2909 72.9196 74.1555 77.4755 79.7126 83.5084 86.8921 88.7428 95.6048 102.945 107.135 116.103 125.513 135.498 144.787 152.137 163.458 171.888 176.551 180.302 179.846 176.001 170.495 164.617 152.966 143.675 132.038 121.688 116.754 105.77 102.169 96.4011 91.2825 84.6253 82.1217 80.5663 78.9875 75.6398 72.6796 68.8106 69.4434 68.1322 67.3677 61.9709 62.3085 64.9023 59.0744 61.3678 59.9493 58.0467 58.3737 56.0347 56.7439 55.112 52.7443 50.3575 52.4937 52.413 47.7785 51.192 48.6162 49.9785 51.8556 51.4309 49.7098 47.4228 47.0618 49.1503 47.1298 48.0811 44.4298 44.829 47.4335 47.8412 43.9042 46.1541 46.1594 45.6051 43.3011 49.1641 45.895 44.8959 45.0774 41.8699 42.8202 43.5931 46.7316 44.3608 44.4223 43.5687 44.9192 43.8978 35.1937 39.0414 38.0221
44.0139 39.0647 43.9486 45.27 42.108 39.9605 41.8566 44.6441 45.1916 41.5692 46.7579 50.8734 42.3268 48.2654 46.968 45.8001 42.9733 43.3456 45.7761 44.8041 49.1329 45.6923 46.2257 46.23 45.8218 50.1811 48.8619 45.5737 47.9291 48.3307 49.8372 48.5169 46.353 50.869 50.0113 52.5441 52.4963 50.3433 51.7768 53.9102 50.8951 51.0421 55.6887 57.0231 54.4566 56.5616 59.5037 61.4782 61.7198 62.6907 56.7489 61.7688 67.358 66.656 64.6608 70.0922 70.3219 73.3097 74.5462 78.7455 80.8233 81.6048 88.0714 97.1469 99.3206 110.859 119.821 123.637 131.806 142.78 152.645 164.196 171.128 176.899 180.344 180.352 176.614 170.607 161.133 154.597 140.134 133.043 125.073 115.295 106.033 99.5252 95.7112 93.2491 84.2781 83.2604 77.3729 74.5288 76.9811 71.2188 68.6359 69.2139 68.3616 66.9172 65.0331 61.7155 58.0942 60.405 59.9903 60.5693 57.9091 55.84 53.2451 56.3744 51.6788 57.8939 50.4064 54.6797 51.5275 51.6059 48.789 51.8747 51.8878 49.2113 48.9805 50.6698 49.2385 51.5471 46.1658 44.7432 45.9427 45.8741 45.5639 46.747 47.2085 45.381 46.8221 46.3312 44.7693 46.6795 42.8689 46.4183 42.2887 46.1745 47.9095 42.4977 45.3364 47.7353 39.5262 44.2142 50.254 43.1159 42.0275 44.3579 44.421 38.0622
41.4976 39.923 40.8151 44.6692 43.4079 43.7179 44.2331 42.0931 41.7619 47.7738 44.6201 40.9902 46.6597 44.9134 45.8735 43.7291 47.2575 42.4444 46.2627 43.4882 45.2245 45.7486 46.953 43.9153 47.0567 47.9857 49.5469 46.7244 46.556 48.6392 51.4616 50.5004 46.6352 48.9157 54.5674 50.8171 50.0554 49.5647 50.4569 53.2147 51.3925 49.5503 53.2236 54.1994 54.2206 55.9959 55.0324 60.1399 62.5252 64.2526 61.2796 60.7878 65.244 64.9563 70.4262 68.0487 72.3276 72.7948 76.1046 82.2927 82.3674 86.5125 90.0654 98.4682 99.0771 105.281 113.522 123.708 132.878 143.248 150.669 161.361 171.363 177.316 180.291 179.825 176.347 170.757 163.982 150.686 143.583 131.135 123.503 111.531 104.606 100.832 95.5409 90.4278 86.5147 81.9682 78.2859 72.8048 73.4829 71.3261 66.6658 70.3258 72.4658 68.6363 59.8544 58.6734 60.1075 57.226 58.0389 56.4721 55.5978 55.358 56.3862 52.5657 55.7249 52.0159 50.5149 48.9168 51.1962 48.4027 47.8719 48.3559 49.3283 46.5215 46.2873 47.4359 47.8262 47.9656 46.614 44.6402 46.9207 48.1719 47.1794 45.8535 46.4947 44.7874 47.7626 47.9924 43.8484 44.7004 46.9564 47.8463 43.3521 45.1007 45.2089 42.7433 46.178 45.4687 44.6 47.3166 46.691 40.9088 41.7943 41.5433 43.5596 41.8556
40.0777 43.2178 40.5093 40.5059 42.986 45.3189 43.0431 43.3252 44.8987 44.0297 47.1128 43.332 42.6538 46.881 47.4417 49.1568 45.698 47.6255 47.1219 46.8216 44.2067 48.4065 46.3729 47.3309 47.4108 49.231 50.6286 47.0865 47.0294 49.7243 48.1028 49.7585 49.2698 47.4337 48.523 48.1428 50.5521 48.3015 53.4868 52.8793 52.2992 51.2384 53.2493 52.6075 53.7905 56.7171 57.5153 56.1485 56.9193 57.6683 61.022 62.6092 62.72 67.5901 65.0723 70.712 67.1368 73.6672 72.6989 74.696 78.8194 84.9878 87.4565 92.7948 98.2028 105.705 110.236 121.434 131.953 140.938 152.964 164.378 171.545 177.851 180.183 179.93 177.022 169.697 163.444 152.201 141.707 130.881 121.618 116.083 110.452 98.4231 95.6175 86.4254 83.388 77.7483 80.7685 74.6001 71.7443 69.5473 69.7711 68.6692 63.7146 63.9224 62.4494 58.0337 60.6863 59.4028 56.8667 55.9795 56.2524 55.0922 54.4163 54.7828 56.0343 51.2624 52.9444 52.1942 49.3566 50.2473 49.561 51.034 50.5533 49.7745 51.4531 48.2809 51.0351 48.5025 49.6089 46.6526 46.1468 46.0006 44.9786 46.6926 46.6492 47.2201 44.7765 43.9818 45.0768 43.3286 45.4457 40.8587 46.2986 43.5045 42.0166 42.39 49.1179 46.3386 43.4565 46.6549 45.3075 44.531 45.5804 39.895 44.7948 40.3403
40.8668 41.9454 44.8715 41.603 43.9577 43.849 44.223 48.4369 43.9086 46.5917 46.4117 43.2285 40.4204 46.2844 43.5055 47.6446 46.6688 43.0147 42.3193 43.8841 48.7069 46.4445 44.9323 48.7419 45.0655 50.4948 46.3557 50.6046 44.8038 48.3341 44.6285 48.5795 49.0025 47.0977 49.3905 46.5625 52.0806 48.6905 49.276 50.8278 53.7365 51.2158 53.9562 55.2498 53.6664 54.26 53.2971 56.5072 55.6144 60.2268 63.9745 61.649 66.2404 67.4101 65.212 69.4155 69.9273 71.395 71.9922 80.6152 81.6798 82.5422 87.5976 98.6045 100.187 107.476 112.866 119.483 131.504 142.553 148.646 162.226 170.854 177.28 180.621 180.634 177.661 170.155 161.874 152.362 146.163 134.287 122.164 115.784 105.214 100.415 92.4589 90.2234 86.2128 82.5399 79.3695 75.9058 73.7416 69.0929 68.8861 65.4025 64.394 62.1456 61.3907 61.8769 60.5131 62.2006 60.4021 55.5828 57.8195 52.6427 55.3631 52.2535 55.154 56.1636 50.4153 49.3636 47.2672 50.9798 50.9681 48.1716 45.7211 48.5047 45.5493 51.834 46.4036 49.3204 46.1196 45.6148 43.8327 50.2354 49.5856 47.654 43.3045 45.5692 46.4433 48.6145 46.3825 43.2601 41.9758 43.1841 46.4386 46.7343 45.9011 40.7955 45.5411 43.1268 42.4631 44.3901 44.2604 40.0032 41.2255 42.0424 43.0076 40.7943
39.7294 39.6063 41.3061 44.9685 44.4844 41.5559 44.727 45.0139 40.3893 46.1064 45.5876 42.1236 44.825 46.1136 43.3883 45.9629 47.2264 48.1719 45.8888 48.6428 46.4913 46.6861 47.9244 45.1501 46.6921 46.0514 49.507 51.4757 47.1523 47.524 50.8039 49.4126 44.4413 48.1169 49.8656 51.3036 49.8357 49.0241 50.4931 49.623 53.3702 54.4604 49.9875 53.0929 52.9459 55.4536 55.566 54.3217 58.6714 59.7245 63.2865 64.5965 57.4426 64.881 65.2814 69.7435 68.7095 70.1332 77.8213 74.1864 79.0226 80.3578 88.2372 92.3897 97.4076 100.121 112.721 121.97 131.533 141.427 151.519 161.605 170.345 176.975 179.967 179.843 177.207 171.251 163.064 149.114 145.569 128.123 121.403 113.264 111.88 99.9093 92.1853 88.6185 77.3325 79.2163 72.9624 76.5926 72.8178 71.3966 66.9238 69.263 63.8363 64.0287 61.9489 59.893 59.5284 57.6685 55.6939 57.2406 58.2423 54.1675 52.4534 53.1611 54.0695 54.7484 52.4714 54.1197 51.3514 50.6318 48.436 50.786 48.0009 48.0404 48.4109 49.9827 46.2092 47.4738 45.3175 47.0184 44.1724 49.3959 43.7158 49.7903 46.7471 44.1616 46.3359 42.6376 41.8858 44.3995 45.1215 46.4674 45.2422 46.4148 44.8525 43.0775 41.4172 40.8387 41.8117 44.3397 44.519 40.5984 44.9266 44.6302 39.139 39.4605
36.5174 41.3395 39.7093 41.4629 42.7558 46.7591 44.6316 44.7733 41.5485 39.7973 44.6438 43.5917 43.1444 43.7909 44.5094 44.1648 43.1566 46.874 45.1461 44.7758 42.245 45.0593 42.9574 49.0418 45.9966 48.0899 47.0976 50.3946 50.7111 48.7608 51.2965 48.4956 50.1942 49.4023 48.5873 49.9461 49.3596 50.2907 52.2887 48.5653 56.0672 53.5792 56.6929 55.5112 54.1254 54.1816 56.9446 57.7169 59.1125 60.6754 61.2962 62.0868 63.1011 64.3158 65.7883 68.2213 66.1806 76.7938 73.333 79.7877 79.894 86.9621 88.8428 89.708 100.439 104.43 111.894 122.105 127.926 138.283 148.646 162.589 171.803 177.083 180.692 180.287 175.749 170.308 160.895 149.87 139.46 131.825 121.512 107.436 105.622 97.3321 89.7483 87.4876 83.9621 80.7189 75.5082 71.1969 71.3802 71.4047 68.5085 64.873 62.4376 65.6405 63.8746 63.0571 59.4974 59.7931 58.3609 56.3238 58.8082 55.4647 53.6464 53.1967 49.9828 54.0607 54.0643 49.1592 49.9205 50.1856 50.4875 49.3351 48.663 51.0435 48.2072 49.863 46.4182 48.5604 44.8503 49.3608 45.2304 46.2813 45.7216 47.5815 48.0105 45.4711 45.2194 42.7949 46.2557 47.0451 43.4462 43.2739 44.1526 44.7795 44.4825 41.7147 44.089 42.3024 44.1318 42.8181 44.1269 39.0494 45.0727 40.1126 40.4474 42.867
41.4352 44.5133 38.3771 44.0363 42.6377 44.602 47.3954 40.2626 41.9184 42.2194 42.609 45.6322 44.8442 46.3701 45.5173 42.8775 44.9503 45.1539 46.2265 42.9099 45.1914 45.7458 47.2867 48.3581 45.1501 47.7974 45.5872 45.0865 45.2276 49.3746 47.5015 50.5721 48.4206 45.8769 51.2264 49.8653 51.9195 53.077 53.1008 48.2857 52.7262 52.9959 51.8695 54.9988 52.2329 55.06 59.1021 56.1139 58.2031 59.7552 60.7929 60.01 63.2592 66.9479 62.6997 68.3065 69.6626 70.9213 73.6248 77.4359 81.2158 83.8968 87.8216 92.1159 97.2107 103.856 110.045 120.356 130.178 138.017 151.505 159.613 170.922 176.933 180.729 180.933 175.778 171.093 160.867 148.678 138.339 128.537 121.739 113.45 105.769 96.6738 90.2191 91.1981 85.8136 79.7373 73.9008 78.9531 70.1022 65.7079 68.5875 71.1736 66.0988 62.0067 61.6383 56.4211 61.3648 61.4035 58.9411 56.7171 55.4684 51.3476 50.647 52.0968 51.1103 54.332 52.6825 53.8038 48.8014 50.3036 49.3459 53.077 44.6906 46.1878 47.7475 50.5097 47.5839 47.6089 49.4832 48.5891 48.0934 45.5685 48.3843 45.7508 47.8599 46.4576 47.6239 43.7928 46.2303 45.6122 40.5374 43.2845 46.2702 44.2223 42.353 44.8779 46.7086 44.9978 45.7433 40.877 44.6731 42.2156 46.3152 42.9387 40.9919 39.5833
39.9403 42.3228 42.5511 42.1544 42.9822 47.1223 42.9031 46.6159 43.9821 42.31 46.783 48.5495 47.1631 44.1684 44.69 45.2219 46.7779 44.1543 44.3329 46.3634 46.2358 46.0981 44.2666 46.6389 48.2855 48.2357 48.3786 48.4806 51.0302 49.0635 48.0023 46.4692 50.3453 50.3963 51.8325 48.686 52.1488 49.9321 48.7306 51.3121 53.4089 53.0441 56.1217 51.5455 56.9648 56.7352 57.4814 57.0898 60.6865 60.2031 60.9518 63.9606 63.7425 65.5676 68.0114 66.5191 70.8237 72.8312 76.5874 75.3107 76.5746 83.1036 87.7538 88.3673 98.2124 101.933 111.047 118.607 133.036 142.313 151.212 160.861 171.266 177.07 180.215 180.965 176.232 170.596 159.27 151.648 141.105 129.036 120.131 110.92 107.218 99.484 89.5637 88.9591 83.9224 80.6254 76.0887 75.0773 67.6173 66.5459 67.8609 67.6262 65.2041 62.7515 61.0054 60.6955 60.3014 58.9774 59.5335 54.368 55.3488 55.4075 56.5452 53.877 51.812 49.9321 53.0913 50.6157 50.015 50.5111 51.1271 54.0772 52.5492 48.6796 50.3351 46.1784 49.1987 46.4106 47.885 46.6223 46.7766 47.0572 46.6988 44.8877 48.4079 48.0495 45.5343 44.2487 45.6785 49.3198 48.2561 45.9348 44.5893 46.3774 44.4005 42.356 46.1746 43.8725 43.4388 47.4373 46.2601 45.6466 37.994 38.508 39.3179 45.4145
40.4707 40.0397 38.817 42.8771 44.4006 50.2147 39.4577 44.6559 40.6075 44.9215 41.9617 43.2508 44.1259 42.0581 43.7443 43.5686 44.7275 42.3667 47.2641 41.4474 44.9111 47.7875 43.8681 47.6026 47.1781 49.2485 46.4437 51.0689 48.5532 52.0429 47.3044 49.1821 53.2162 49.798 49.5532 53.0977 51.9674 52.2161 51.1379 54.9676 52.9245 51.8268 51.1015 54.8217 56.3127 53.8907 54.9181 59.805 56.9781 58.3232 62.0617 62.2622 61.9367 63.2609 67.5111 68.0919 72.2744 70.8967 75.2654 77.6601 82.5692 82.1095 84.5419 90.6125 94.3888 102.189 110.054 120.583 128.306 141.114 148.292 163.653 170.454 177.113 180.646 180.66 177.265 172.335 162.339 152.034 141.469 129.988 115.594 109.608 103.643 97.7053 92.9825 87.1345 81.0079 79.9818 75.9959 75.6483 69.6154 70.398 69.8003 68.9643 64.5592 61.1606 65.2962 61.0968 61.9939 58.3597 56.646 55.4168 54.5053 55.4624 56.8427 58.2373 53.5495 52.5872 49.255 51.2486 49.1287 51.5637 51.0325 50.9361 50.1314 52.9987 51.7005 47.4932 49.6756 47.768 48.462 45.54 49.0324 47.9959 40.7064 47.6625 45.2392 45.8955 46.3643 45.1546 47.0713 46.7757 45.6442 43.23 47.3461 44.0855 42.7143 43.4709 43.1336 46.8565 41.575 44.7184 42.2925 45.1311 43.5594 38.4941 40.1543 39.5306
39.3847 42.7866 40.1661 44.8078 49.601 45.1613 43.9879 47.6529 40.9554 46.6084 46.8622 43.5201 47.0642 48.502 46.6735 44.5952 49.2568 45.1918 45.4443 45.9799 48.0954 45.5334 48.9312 51.0109 51.4082 45.4961 48.8276 49.5532 53.9517 51.1425 49.7525 49.4468 48.8661 50.0462 51.3963 46.2283 51.084 51.7856 52.9311 52.8182 56.2719 56.7742 53.3258 56.1137 56.8699 55.0812 52.9364 57.8904 59.4053 61.8052 62.4019 64.0988 62.9294 66.1546 67.1247 71.2229 68.2887 74.3829 77.0539 76.0905 82.5474 83.051 89.4854 91.965 97.8877 106.523 110.503 118.55 128.717 139.73 147.273 159.759 169.121 176.934 180.495 180.539 176.599 172.118 162.42 148.485 138.011 128.445 123.109 110.715 102.479 95.8254 90.203 86.8675 85.6144 80.8823 76.7841 71.0102 74.6035 72.759 70.29 65.8875 68.1293 62.5893 67.3838 62.3873 61.4013 58.4552 58.4844 55.4573 57.1994 54.4487 54.3171 55.3802 53.27 55.3257 54.8088 54.9922 50.4302 48.223 54.2467 48.3452 48.5259 54.5417 49.993 51.4096 52.9324 46.5685 47.435 48.7638 50.4236 49.3791 46.627 46.6523 45.0085 45.4696 48.2921 43.0643 45.4217 46.2283 47.6702 48.425 44.8105 46.6934 45.8124 44.2563 42.9421 44.5992 42.9328 45.4961 46.2456 42.376 38.8904 46.3068 41.5056 38.4532
40.7186 41.4506 41.9861 42.8442 44.2431 43.1627 46.9583 44.681 45.4116 43.5233 45.8237 45.4265 43.7754 45.3127 45.6543 42.9797 47.0098 46.2263 43.2441 46.3958 46.9109 47.7323 45.1635 49.2004 52.1691 46.6804 50.5818 49.2709 52.8794 48.5321 45.2015 47.7513 49.8782 51.4181 48.8236 51.3287 51.2989 48.5836 52.8347 55.2015 55.7004 55.5567 54.6159 52.1854 56.3673 56.3158 58.1418 59.763 58.8616 60.0802 61.3558 62.7344 62.584 61.7395 67.2499 65.9512 68.051 73.1669 77.7582 76.1465 79.9055 84.3883 83.903 93.3893 96.9409 102.081 110.712 121.707 128.339 138.602 151.114 161.49 169.223 175.938 179.326 179.677 176.423 168.413 159.696 148.516 139.662 127.024 118.078 110.074 97.883 98.0837 90.3379 89.3714 87.7867 82.9677 76.0136 75.2762 68.3696 68.7586 66.7727 64.4682 62.6762 60.9708 63.0449 64.4655 62.0458 56.3063 58.9497 58.2448 53.5613 58.8575 56.4785 56.732 55.4184 55.0633 54.6864 53.6643 50.6075 50.7539 51.1863 50.2429 51.3355 49.2343 49.6979 51.1809 49.6857 47.3487 51.1389 46.4378 51.6852 46.881 46.229 52.0553 50.1439 47.7378 48.623 46.0826 47.468 46.8932 47.6754 46.6886 51.7042 43.3783 44.563 48.3369 48.9822 45.9986 45.6719 43.3688 42.9024 43.1749 41.7827 43.6101 41.3097 41.4696
44.4804 42.9834 45.0928 45.0361 45.6374 44.1418 47.5726 42.6406 45.1965 49.0199 49.6612 47.4814 46.9271 43.5861 49.1996 49.6032 42.1845 50.286 47.8587 45.8572 45.9291 50.6413 48.3301 47.903 50.38 51.0159 47.7233 51.1513 49.559 50.991 49.1774 50.5169 55.1987 50.6081 52.6622 50.7546 54.4039 51.6932 53.11 56.6473 52.9856 56.375 55.2567 56.6279 58.9889 53.4791 54.0624 55.1199 60.6891 59.293 62.3534 60.3269 68.0898 67.2867 70.5323 69.0699 69.3809 72.4869 80.3728 78.6477 79.5932 85.7623 86.8737 92.2742 93.9869 103.656 112.129 122.719 129.521 137.431 147.965 159.857 170.835 177.889 180.468 180.639 177.099 170.594 159.185 148.888 139.294 130.176 117.589 109.424 102.629 97.1191 90.8961 85.8093 86.8557 81.6514 76.6696 75.0579 72.0086 72.2878 69.3104 65.0709 62.2124 65.8436 64.8774 60.3919 61.5489 60.6932 57.9052 56.2948 60.1196 59.011 55.8981 60.3366 57.7517 55.6894 53.0907 54.0997 53.0824 52.4286 50.2335 50.0082 50.0994 46.9133 47.7979 49.8368 48.9355 49.6502 50.0787 50.3593 46.8262 49.4401 51.1016 49.9336 46.4212 45.8959 43.4714 49.6806 47.3183 45.6734 48.8554 46.4834 43.4092 47.9914 47.9984 47.4219 48.5679 48.2873 43.4451 45.8199 44.9297 42.9682 43.5073 45.3292 40.2617 40.6557
38.512 43.4477 43.8887 44.9582 45.5683 48.5567 46.5996 46.6997 47.6254 49.0992 47.5592 48.4341 42.7038 46.0868 46.47 46.1318 47.9804 46.1741 48.3102 51.1493 47.7043 52.8767 46.8589 45.1103 50.4913 52.8316 50.4955 51.8369 52.9147 49.2669 51.0549 52.1243 51.455 53.3022 51.8411 53.105 54.9705 52.5174 53.9856 57.594 57.4179 57.5517 58.0576 55.7665 57.3474 59.1805 61.1714 58.5873 57.4447 66.6172 62.5762 61.8773 61.8097 68.2291 67.5894 67.2062 73.6143 74.9697 75.6517 80.8847 81.3792 86.6573 87.9437 93.1485 98.3463 100.899 108.832 121.43 128.317 137.337 150.535 160.257 169.158 174.27 179.776 179.035 175.852 168.51 161.068 149.777 134.79 127.3 118.806 107.899 103.245 97.3107 94.3363 82.4543 83.2292 79.2066 77.234 75.4798 71.0527 66.9638 71.9178 66.434 66.265 65.4181 61.8139 62.9172 62.2662 63.2314 60.8967 58.2309 59.2172 55.6764 55.8314 57.0755 57.7152 54.9042 56.1949 54.5562 52.4991 55.4242 53.7432 56.805 50.759 48.2679 51.1253 47.8973 50.0587 51.5184 50.9957 50.1038 50.4744 48.0791 45.7909 49.3782 46.556 48.8568 51.2676 48.1411 49.474 49.5937 46.7053 46.7307 50.0911 46.1431 49.8206 42.2177 48.9527 42.491 47.2041 44.658 46.1149 46.463 46.3869 43.9564 44.3199 41.4455
45.8349 42.2155 46.2125 42.5098 44.9332 50.2454 46.2455 45.8377 49.371 46.4465 50.7062 49.2648 48.1492 51.3322 47.1902 48.2928 46.3991 47.7214 48.4177 48.8958 52.1089 45.664 52.5023 48.3789 48.5986 51.7198 49.6538 49.0365 50.8541 52.7894 57.3392 48.9719 54.0126 53.9523 54.9889 51.7916 55.6422 55.869 52.7751 55.2933 54.0572 54.261 56.5768 54.7865 59.2702 59.9565 59.5774 60.6068 60.9313 61.3419 66.209 67.3288 65.2858 63.8515 70.1471 70.0064 69.2728 71.8814 76.1254 79.1877 82.9909 82.296 89.9569 92.3086 97.2317 101.822 108.765 114.605 126.671 135.734 149.336 161.886 170.646 176.495 180.378 180.313 177.492 168.865 160.792 148.277 139.235 127.479 117.132 108.562 99.5331 95.8046 92.2167 88.3461 85.8508 79.7965 76.2058 76.101 72.6711 72.6524 68.6855 66.3741 70.6381 64.0884 64.7058 65.326 62.6714 62.2952 58.8495 61.4697 58.6414 58.7533 58.9586 59.1884 55.4512 58.3198 56.1964 58.3011 54.8152 56.1734 53.5073 49.5031 52.6042 50.6718 54.8425 55.8503 54.5108 51.3135 51.5791 47.3639 52.1218 52.7248 48.1923 47.5893 50.5124 49.2892 49.4227 47.4156 46.9475 50.2827 50.4507 49.1456 48.412 47.5391 45.3151 45.1773 50.8756 49.0954 49.5246 44.9505 47.6912 40.8932 45.1328 46.435 43.6196 42.2657
44.5715 46.733 42.8122 48.9515 45.9696 45.2223 46.6116 43.9134 49.7733 49.0714 45.0161 49.8757 52.7508 49.2001 47.7026 50.0293 47.7918 51.2855 49.6914 46.616 46.6555 48.8725 48.6005 49.7412 51.1582 46.869 52.5973 54.0085 52.6835 51.4668 56.0339 55.5937 51.8909 52.0064 51.2153 53.7453 56.8017 56.4361 54.1489 60.8672 57.6938 58.6019 60.2559 58.5449 59.4194 58.1954 65.1887 63.6107 62.7479 65.7532 67.2287 67.3954 63.0301 68.0433 69.9137 72.0562 69.9547 71.7695 76.6306 76.7959 79.883 83.9076 88.3884 92.4042 98.8696 104.491 108.693 115.611 129.607 135.895 147.072 160.677 168.817 176.83 181.094 180.72 178.168 169.036 160.437 149.089 139.006 132.569 118.176 109.835 104.602 101.54 92.9351 92.4496 85.661 85.1887 77.6616 77.8283 76.7008 70.4153 75.2106 72.3092 74.0246 66.7929 67.2126 64.6871 60.3525 64.6929 63.893 61.4624 59.5437 61.7461 61.3966 60.079 58.6253 59.1109 55.7298 52.2404 54.788 55.2808 53.2012 53.6663 51.6423 57.9746 55.3481 52.7859 54.7251 57.0576 48.9383 51.7871 51.8646 53.7921 50.8497 49.5379 51.4551 52.4861 50.9096 49.377 49.2322 46.6335 50.2779 49.1372 50.2735 50.2355 51.3571 46.9611 50.6917 46.4419 45.8029 48.2758 48.8725 45.9301 44.2556 46.2182 46.3469 43.8301
43.764 47.0892 49.2127 46.5159 44.5696 52.2475 47.4019 49.8113 49.8277 49.2172 51.0041 50.949 51.7234 47.5359 50.949 52.3101 50.0883 53.4329 51.704 51.8961 52.5617 54.4753 50.9177 54.1477 54.785 53.5818 52.9683 52.7434 50.9207 58.009 61.8986 55.3524 51.3838 54.6927 56.5243 57.2361 56.8742 54.7686 56.0314 53.7471 58.7491 58.1549 58.9322 56.9517 62.0251 59.3968 62.3215 63.7868 62.0847 67.3101 64.4599 66.1575 66.2513 72.6739 70.9346 74.9508 70.5593 76.02 76.8881 80.9162 83.5728 82.4649 90.0044 92.4986 95.4873 105.074 109.577 116.734 129.748 137.26 151.344 157.676 168.481 176.286 179.49 179.578 174.752 169.247 161.092 150.11 134.733 127.343 121.014 113.619 103.097 97.0747 93.1271 89.638 86.3426 81.4925 80.0987 74.8793 73.1013 73.6016 74.0126 69.0925 68.9049 66.3198 69.8073 62.1085 66.4166 63.8925 59.4802 64.0399 62.7265 61.1123 64.0772 61.1108 55.7604 58.7893 56.2518 59.4534 54.6748 56.2577 58.2413 54.2251 56.0418 54.4887 55.4477 56.0046 52.8521 52.3562 49.7949 51.9527 52.2535 50.0674 52.4352 53.9228 48.8374 52.9489 50.9609 51.5864 51.4613 51.1545 51.1947 49.4569 50.4204 49.8947 47.0773 53.2333 51.1471 49.8649 48.3356 49.6371 46.437 47.9871 47.3855 48.97 43.1698 47.5895
42.2449 48.2143 45.6677 46.8485 47.9051 51.3824 49.0616 52.1888 50.1333 46.5226 51.5855 55.7404 51.9129 53.7562 48.5978 52.3465 51.4309 54.0154 56.5954 49.5725 54.123 51.6962 53.0347 55.9451 54.0851 51.4703 53.2378 58.425 54.4793 55.5767 57.2911 60.5426 57.7898 59.9211 58.4144 57.8065 55.1644 57.3533 57.6534 59.577 63.2347 57.6337 58.569 60.9625 58.7069 60.7093 61.6537 63.8168 65.6677 66.0011 65.2948 65.4494 66.8045 68.0869 71.6082 73.5652 73.1817 73.1862 80.2 79.9029 83.0543 83.2408 89.9741 94.2109 100.794 106.318 109.35 116.556 126.579 134.86 148.358 159.991 169.522 176.967 179.724 180.224 175.284 167.429 161.111 148.301 140.273 128.254 119.431 112.7 101.667 100.076 95.7677 93.3696 89.3087 82.4813 82.9831 83.2089 77.4942 76.6681 73.215 71.872 72.2161 69.8014 64.1579 64.0806 65.9587 65.1326 65.0219 60.3395 62.6102 63.2666 61.5006 60.8215 61.5916 59.915 59.9439 61.3854 57.0926 59.3284 55.5297 57.1956 58.0293 59.4285 55.3236 53.1211 54.4201 58.8297 51.3642 50.6487 53.2984 51.6931 50.2849 55.1174 53.7138 50.7488 52.6011 49.6028 56.4605 50.7215 52.5647 51.0838 50.4471 48.6039 51.0914 52.7679 52.2252 52.3101 48.0369 48.9722 50.3365 52.4541 49.0056 47.4837 45.9708 44.8855
46.4554 49.7781 46.8195 46.2781 50.2162 52.6981 52.5855 50.9844 51.478 54.1065 49.9046 52.9079 49.9432 51.9546 51.7017 52.6179 56.6517 54.5785 52.7568 55.5503 54.5338 54.088 55.5457 56.3478 53.3059 56.8985 57.804 58.6956 51.9053 55.8511 59.0396 55.3467 58.276 56.7119 57.8117 56.9571 53.7286 58.5244 61.6712 60.1379 63.8508 63.8477 65.1728 60.886 65.0787 61.0403 62.3082 64.1547 63.8338 69.7279 66.4191 70.3696 68.6759 72.0865 69.4718 74.5283 75.551 74.4481 79.7468 81.4575 81.3973 89.9214 89.1178 93.9336 97.2455 104.756 110.299 117.72 131.532 138.624 149.76 156.225 169.876 177.25 180.051 179.79 176.707 170.294 159.663 148.421 139.013 129.293 119.242 112.247 106.512 99.6796 92.4265 94.0755 85.8969 85.138 85.5622 79.466 77.4437 72.432 77.0504 73.4948 72.0818 70.4452 67.4326 67.9679 68.2625 65.4273 65.6031 63.8523 61.3889 61.6295 62.1817 60.7734 59.7353 60.0052 60.8737 62.8204 57.2749 59.0334 57.4924 58.9887 56.0193 60.2875 55.8573 58.0215 60.4016 57.1438 56.8877 56.3093 57.2595 56.4805 54.9256 52.1336 54.1543 54.668 54.1127 57.3844 54.3039 51.5073 52.3033 50.7792 49.4511 55.902 53.7579 52.8339 52.9264 51.8806 52.1413 55.3189 49.9987 49.2691 47.8237 50.2887 48.0905 48.0335
50.4157 50.5695 53.5338 49.5385 49.9245 53.7237 54.7437 57.7614 54.5742 57.3691 52.9783 54.1003 57.7802 52.8731 52.7868 54.5664 56.9108 49.7707 55.2898 58.0988 54.5758 57.6751 54.9446 58.0031 53.4993 54.7876 57.9685 58.7312 59.3981 58.6527 54.9854 60.8638 58.4723 62.0769 59.2898 57.8948 60.8152 61.049 61.5951 59.5472 59.8783 62.9352 61.526 66.4363 62.6638 68.5265 64.4668 68.0149 68.2017 68.0714 71.2178 74.6874 72.1531 70.0691 73.7537 77.01 78.1963 78.6404 80.0841 84.8123 85.8402 90.6672 89.7884 102.142 101.724 104.811 111.686 122.868 132.948 139.973 147.613 157.811 169.57 176.35 179.613 179.975 175.613 168.606 160.027 151.33 136.301 130.939 118.263 111.003 104.722 105.086 94.854 93.4134 89.9736 88.6962 81.2972 78.4239 74.8805 77.4227 79.8409 75.2571 74.1727 69.2044 70.7784 64.0965 68.685 66.4159 70.7282 63.9741 63.3307 64.8152 57.5166 66.2856 64.4888 63.5425 59.1518 61.7285 62.2667 64.255 58.5664 60.3695 58.863 56.8826 55.3024 58.9195 63.3746 58.3546 55.7041 55.5409 58.5021 57.4695 53.3879 58.5178 55.8893 55.3887 54.695 55.6476 57.3612 56.2455 56.7335 57.2263 52.0571 50.6605 54.6919 55.894 55.792 49.2481 53.1917 50.4345 52.4165 48.5106 51.8327 51.4482 48.4368 45.4866
54.3078 57.4215 60.2815 55.5462 58.0663 54.7179 56.815 58.5307 57.0959 51.3026 54.3189 57.2172 54.0508 59.1675 57.6976 54.9478 53.8433 58.4318 56.5453 58.1589 54.2982 57.1741 56.1894 60.4283 58.9696 57.9434 58.5132 59.6112 60.414 61.1178 62.3228 62.1584 57.7758 58.4701 59.5521 62.1791 62.4201 59.9894 63.4846 64.2331 65.4189 66.2504 65.5977 64.2172 64.2252 67.8368 67.1889 68.0619 67.9517 69.5653 74.9852 69.7951 74.2463 73.3988 78.2681 74.5527 75.231 83.7072 85.035 84.6791 87.1417 89.6618 91.537 94.7226 103.516 106.573 114.103 119.484 129.07 137.41 148.689 159.355 170.037 176.326 179.745 179.343 175.421 168.209 159.066 151.231 138.937 128.158 116.998 112.411 108.201 101.563 100.644 91.81 93.9278 88.9165 81.1361 81.2781 77.9569 80.2519 76.562 72.3598 73.2041 72.5737 73.41 74.5319 69.5908 64.6465 70.0552 65.4205 66.9894 65.4525 65.2641 59.7963 60.3948 64.4246 62.7138 61.9445 62.8734 63.5628 61.1194 62.2685 61.1242 55.2829 58.7733 58.8004 61.5232 57.7822 59.6958 57.9418 57.5636 60.4874 57.0257 60.5129 56.373 55.7872 61.3428 58.2658 56.9172 56.8534 57.1917 58.5802 60.1123 57.3832 59.7868 55.8479 54.1226 55.8926 59.6782 55.4138 57.8668 52.7756 53.4045 57.1805 53.7236 52.1612
54.8906 56.411 54.6342 58.8434 59.3448 59.3578 61.9914 57.1574 60.6056 60.7679 56.5116 59.6742 62.5642 60.0182 55.5072 58.7964 59.1339 57.9996 61.9703 60.432 63.5054 55.3725 59.1144 59.77 60.7322 56.7712 62.4263 63.348 63.3042 64.3508 60.9886 65.597 63.8754 61.5614 62.0515 63.2668 63.0267 63.2977 65.7122 68.044 72.7904 66.7572 69.2302 69.7349 67.5491 66.9974 70.6712 67.9093 72.6882 69.2919 73.0208 76.0471 73.0208 74.7035 76.7611 78.3968 79.8961 86.5751 88.274 89.5381 89.457 94.6772 95.4544 99.5338 104.107 112.436 118.54 119.778 126.775 135.684 148.102 158.953 167.395 174.929 179.858 179.449 176.361 167.406 157.348 146.412 138.654 130.259 118.394 113.682 111.013 102.153 98.6738 93.4001 89.358 86.7455 85.4652 85.5577 83.1528 78.1128 78.1534 77.5822 76.4236 73.6683 71.8427 74.1242 74.0025 70.9211 72.6281 68.5617 65.8128 66.3759 67.5735 68.0603 67.2668 62.4831 63.9013 65.5776 69.2513 62.1083 66.0027 67.1727 62.165 66.2104 65.6911 61.8584 61.5468 60.6365 61.4884 62.8742 60.875 62.8417 57.8698 58.5221 61.6782 61.1379 59.3059 59.3724 58.5319 59.731 64.4985 61.9898 62.032 58.1294 57.2986 61.6231 58.3761 59.0738 59.7213 59.5963 56.0865 61.615 54.0808 58.9424 54.3827 60.4336
59.7362 61.5818 58.2996 63.383 61.6693 63.7689 63.5182 62.1393 68.3328 66.4047 66.083 62.0338 63.2675 60.9171 62.776 63.5067 64.0312 61.7352 65.735 62.5055 60.6417 62.2004 62.0816 63.4143 63.6287 62.8898 61.4779 66.3486 62.6787 64.4798 66.8847 62.2581 64.2011 63.4754 66.3717 65.1132 66.3799 67.4768 67.0067 67.8941 71.8081 69.7249 70.1356 72.5718 68.6924 68.9349 71.6564 73.9474 74.0711 69.6095 75.1036 73.1194 76.8965 76.1691 76.3274 81.5412 77.4226 83.2516 84.6668 85.3266 90.8322 91.7097 96.1087 98.6273 101.819 107.663 117.102 127.393 130.345 138.14 149.869 158.522 170.056 177.605 181.203 181.021 177.655 169.767 162.503 150.631 140.85 127.549 122.174 117.201 106.325 105.383 101.194 93.9133 93.2338 88.7359 87.1128 84.8746 82.5935 81.881 81.7738 76.9097 75.5737 76.4182 73.8715 72.9478 71.9631 74.9139 72.5883 72.5652 72.3079 74.9436 67.9832 69.0058 67.9551 71.7982 66.1358 65.8785 66.5795 67.2112 64.6893 65.2336 69.6672 63.7294 64.592 62.0998 61.7023 63.5595 64.2935 58.2039 63.9487 60.0067 63.1042 67.6978 64.691 61.2866 64.3165 66.1919 66.2612 66.1804 65.8488 65.0357 62.301 64.879 59.304 62.8667 61.2223 65.4926 63.0614 62.9113 65.4645 60.3827 60.7835 62.5517 61.5357 58.2616
54.7148 53.5466 53.7461 54.2606 57.7033 55.1305 57.5491 58.1442 57.3178 62.1584 59.4633 59.4515 63.8329 63.1541 64.8335 61.4981 62.9831 61.0606 62.6847 67.8505 63.9888 64.7095 65.6515 66.637 65.7671 70.5055 67.5119 65.7956 67.3141 70.1887 64.3625 70.2876 66.818 67.051 67.1935 66.4744 67.5639 68.7841 70.3596 68.2477 69.9507 75.6478 69.4747 75.8288 75.0477 73.0733 72.6727 72.2352 76.0098 76.6802 77.2987 80.2839 82.8533 84.0099 84.392 84.7758 81.2661 86.4084 88.6443 88.5571 91.2389 93.2687 101.024 98.1327 105.875 108.88 117.073 123.667 130.835 139 150.588 160.077 170.257 176.73 180.158 180.644 177.059 170.422 162.215 150.927 141.318 129.169 124.27 113.467 112.422 102.256 104.802 96.1616 95.6504 94.0363 87.2615 89.5092 86.3095 82.7829 83.4467 80.9493 77.1546 82.7243 80.9392 83.2824 76.7976 76.4372 76.7657 72.857 71.91 75.3176 72.2888 69.3758 72.1849 68.8629 65.747 69.597 68.2042 69.778 64.8235 67.7047 67.1968 67.6779 61.483 65.4805 66.5515 63.0568 62.963 66.7426 67.7935 71.0066 63.8798 66.0219 69.364 63.5882 64.1983 60.8745 63.2781 60.5276 65.4889 66.104 65.6364 61.5802 59.4331 59.7633 57.2642 58.7207 59.9946 60.0348 63.5345 55.9619 60.2259 55.3149 54.8406 50.3737
48.6649 50.7849 51.5409 55.2854 54.371 54.2671 57.4531 54.4476 56.3139 57.3782 56.4229 51.5409 55.2463 55.97 54.4408 56.4076 56.3446 54.9363 57.5774 55.4608 55.66 55.958 53.7086 58.4407 56.5608 58.0712 57.167 61.2555 56.9695 60.7242 60.2985 62.1682 61.3577 64.0907 63.304 63.4453 60.8741 61.4173 67.0434 66.0557 66.8186 66.4627 68.673 68.7377 69.6504 69.6232 67.5951 72.0837 70.6585 76.8823 76.5928 79.411 75.6324 77.0117 84.1107 80.6915 81.4015 88.487 87.9795 90.1574 94.1523 99.9555 101.364 103.46 107.501 110.467 119.349 123.134 132.806 143.079 151.287 162.509 168.807 176.79 180.175 179.273 176.824 167.976 162.915 152.819 142.19 136.147 123.74 115.555 114.137 106.327 106.016 96.8308 96.8972 95.5707 92.9262 85.8612 91.8517 87.4551 83.1844 82.3534 73.5771 82.3705 75.9747 76.9078 72.5282 76.1279 71.3311 70.0778 71.3583 69.538 72.3647 66.1 63.9051 60.164 62.8987 67.0604 64.765 56.9406 63.3057 61.4598 59.1423 62.376 59.8439 61.419 59.0691 61.608 60.9762 62.0626 61.4105 56.5574 55.1219 54.9636 58.2228 57.5144 55.4148 57.6557 56.428 57.1381 55.6839 57.6183 55.156 55.0555 56.0636 53.0156 53.3766 56.9797 53.4225 51.7163 52.8572 52.5575 50.3081 51.8985 48.9986 48.7296
49.9713 53.9873 54.3349 52.2526 52.9963 56.6888 54.8832 54.5736 58.1831 53.4269 56.0852 58.2627 56.6387 62.0192 57.1368 55.2637 56.0402 59.4734 58.05 58.3388 58.1278 58.0154 62.5415 60.0683 61.5142 61.9155 66.7132 61.2513 64.6896 69.0411 68.4825 69.2383 70.1982 65.672 66.5368 69.2106 74.2626 71.1684 73.3961 69.7692 64.7329 73.4324 71.8447 80.0444 75.4041 74.3646 73.4601 72.9533 80.5857 76.402 77.5954 78.8389 81.9088 80.8867 84.939 88.3686 89.5724 87.8567 88.8477 89.6104 94.9702 96.2829 103.313 101.124 107.745 110.365 121.885 130.522 133.252 144.378 152.353 164.475 170.829 179.029 180.864 181.369 177.887 171.272 159.643 152.878 140.045 131.979 124.076 122.195 113.17 110.294 106.937 104.325 97.0007 93.5261 94.2974 90.508 88.6817 90.1414 81.7653 83.858 77.713 81.2602 82.6283 82.1337 77.5297 74.138 74.8558 76.4158 76.1633 77.2823 74.5981 74.9457 75.4041 76.3968 71.8481 68.1815 73.1747 71.5749 65.1946 67.9532 68.9252 69.0671 67.5122 67.1023 66.7426 64.8937 65.2275 63.14 60.3208 62.334 62.3651 60.7515 59.2658 57.3599 61.2392 61.1233 61.7044 59.757 59.2589 61.1579 57.5778 56.6542 58.1624 58.3786 57.1108 59.3108 54.0617 54.8175 55.0509 58.2229 54.245 50.5611 53.5705 49.2933
48.9851 56.4403 58.5057 53.8235 59.3188 59.4751 61.2437 55.3444 57.4449 60.564 63.1176 64.6297 62.1464 60.7554 60.8169 64.087 64.4593 65.2988 63.5935 62.9472 64.0589 63.3757 66.2121 69.7298 67.7927 67.0199 67.9911 66.9866 65.355 70.3287 64.4453 70.1619 67.3835 68.3529 68.9536 66.551 68.6462 68.2704 66.1014 71.5563 68.9272 67.6996 66.3227 71.8619 70.1882 71.3227 71.7829 75.3129 75.8099 73.093 74.9055 77.942 81.53 75.7625 79.3681 75.478 81.2631 85.6853 83.2107 86.4369 94.1468 91.0102 95.0443 97.9087 103.228 111.193 112.284 119.82 126.832 141.702 149.762 161.481 168.984 175.833 180.19 180.266 176.135 169.858 160.004 150.419 141.469 129.828 123.566 113.209 109.895 109.388 96.6723 94.9547 89.1047 91.6442 86.5862 86.8145 86.9445 85.8187 78.2037 78.8886 79.57 78.4197 80.5711 74.4752 74.5261 74.3189 73.4232 66.5686 71.2577 66.6195 71.0207 72.9666 69.6315 71.1875 69.7755 67.2219 70.1021 69.1064 68.7498 65.3006 67.236 69.6789 69.015 67.5521 69.5489 61.7951 66.0452 66.5054 64.4716 67.4379 63.5847 67.192 66.2858 63.6005 60.4937 66.3736 62.1674 62.0919 65.5904 64.001 58.8394 63.0807 61.3912 60.0705 63.8657 61.2419 57.7048 62.8278 61.0557 57.6609 58.525 60.4288 58.0192 54.3364
69.0235 67.212 66.7145 67.1959 69.4264 74.1744 64.6998 63.91 69.1839 65.7464 70.4427 74.49 65.0689 66.0049 71.3912 69.783 67.8271 69.3337 65.7214 69.8276 67.565 69.0074 68.8469 64.8264 72.6482 69.5049 70.3749 68.0036 65.7749 69.1786 64.9066 68.3905 66.6183 71.0774 67.6292 74.326 70.0683 69.0092 70.1432 70.1539 72.9745 73.3008 71.3074 67.1282 70.2662 71.6034 67.7843 70.5889 74.515 69.0449 73.7465 75.0998 75.8219 78.901 78.4571 78.8511 75.64 76.8257 80.3755 87.3718 88.1706 94.3753 92.0236 98.9307 102.572 109.595 113.073 118.124 125.98 138.236 149.29 159.316 167.355 174.159 179.34 179.279 174.788 165.487 158.349 148.556 141.017 128.494 115.025 114.863 104.754 102.422 94.9298 93.7031 90.0784 84.9452 83.2639 79.1506 82.2048 76.2195 80.4718 74.4704 73.8125 75.2781 74.3991 73.5985 72.3005 72.6536 68.5528 67.9269 66.8768 70.4783 68.5742 71.3039 72.1561 67.9983 69.9666 70.7476 72.8515 73.1867 65.0742 74.8502 69.8757 70.0879 66.1779 65.6323 70.6566 69.1001 68.0286 67.5026 63.6764 71.8031 67.5418 70.7939 65.3131 63.8244 68.3656 64.6124 70.9223 66.9713 75.4011 67.0979 68.3727 69.8311 66.6842 66.6254 70.2448 70.0201 69.553 71.8904 67.9537 65.536 69.3069 66.9089 67.9483 66.2955
68.3528 69.4404 69.8096 68.7654 75.0794 73.5791 71.5378 72.4192 72.8318 75.5915 78.7656 71.8907 74.9328 73.6515 76.8492 79.4334 81.9181 76.8546 81.348 79.1402 76.6302 77.0772 80.9861 79.2597 78.7819 84.7122 77.6147 80.5536 79.5293 77.2528 73.8723 76.0493 76.7732 78.2607 77.5025 76.3099 75.3526 72.763 79.2814 78.5322 76.8546 77.0229 77.3071 80.5771 85.0036 81.4059 83.9974 86.026 82.0267 81.9887 87.9081 83.174 87.3543 86.0749 86.3934 89.0391 87.6493 93.9849 93.5162 96.4569 97.7183 97.588 102.794 106.236 109.933 115.676 116.83 120.839 130.162 140.707 152.164 161.046 171.321 176.363 180.438 180.221 177.018 169.502 160.599 154.196 142.944 132.475 128.93 123.162 114.237 112.429 104.49 101.18 97.2369 97.6043 93.2846 91.3754 95.8398 85.6062 87.8266 87.2403 86.3789 86.2142 85.2696 84.03 83.7386 81.8529 80.778 82.7324 80.9626 86.0314 80.3075 81.1562 78.344 78.1721 79.5221 77.6545 73.4271 71.4926 77.4211 74.6414 77.2853 78.1504 77.1424 79.4606 77.2763 75.5553 75.1373 73.4706 80.5572 77.3613 77.812 78.7114 74.1474 75.8503 78.4924 76.2828 80.9988 77.2039 73.0652 77.3469 77.5459 74.2813 78.4381 74.8966 67.8298 71.5976 73.2625 71.5722 68.2967 66.7422 72.1966 75.2042 68.4614 71.6157
79.2029 81.8436 82.3615 78.4316 78.6814 76.8689 80.7106 73.8039 78.4132 77.7907 71.1045 78.281 71.7435 72.2724 75.7303 72.2687 74.7809 74.3291 74.3897 73.6993 73.1722 71.323 73.8388 74.0243 71.3634 78.0313 74.8029 77.1957 75.1298 78.7567 79.2029 76.8303 82.2219 78.1672 80.8722 76.261 79.8254 81.4378 79.3865 80.784 83.9793 83.0703 77.361 80.705 81.1972 81.5112 88.4564 81.9428 80.795 86.486 87.0993 87.4978 89.8777 89.5802 91.8665 90.5186 89.8318 94.4852 96.452 96.5658 96.8927 99.4434 108.403 112.423 111.321 115.365 119.388 125.16 133.74 144.806 151.178 161.236 171.516 177.631 181.067 180.942 176.773 168.921 159.183 152.34 144.863 131.613 125.32 119.732 112.889 111.343 110.75 107.534 100.89 101.926 98.1561 96.7825 96.1545 94.0151 90.4342 90.627 88.5207 87.9312 89.0899 89.0771 87.2885 87.3252 86.9744 87.5804 85.3327 84.3392 81.3092 83.8618 80.1211 82.0456 83.1125 80.9364 78.9825 79.2286 78.2627 76.6246 80.8887 79.763 78.0313 77.9707 77.732 77.3371 76.1123 76.5053 72.5166 77.5997 76.0572 72.7939 78.3471 70.2248 70.403 73.5542 77.1755 71.5911 75.655 69.8576 78.1708 71.0604 68.9743 75.3336 73.231 78.3747 79.2415 77.6622 78.764 77.4602 77.1057 80.1541 80.178 82.4184
75.9972 79.8277 82.9726 86.4715 79.1495 87.1664 79.8352 84.1407 81.0555 85.8045 82.7062 82.0373 83.865 86.5963 79.1887 80.6922 87.8259 83.3378 80.068 80.7816 82.9055 83.5222 81.1263 79.0396 76.7368 77.2175 76.5654 74.4546 77.4374 75.4923 76.0885 72.8262 71.904 74.4117 75.1402 79.4085 77.0088 74.4508 75.4662 74.38 79.1309 77.4877 76.8654 78.7322 79.8147 74.1546 79.8519 82.2385 84.1817 84.0122 79.1998 86.369 85.4766 87.049 88.8655 89.4412 94.792 95.8223 94.548 101.048 102.332 103.418 106.811 107.56 117.116 118.03 119.219 130.103 133.453 142.211 148.484 161.82 169.561 175.929 180.071 179.913 176.814 168.757 161.213 150.664 141.379 135.882 124.432 120.296 117.136 110.785 108.914 103.653 102.548 105.918 99.7311 91.8577 96.2583 92.3793 95.3584 87.0509 87.5148 83.9936 84.1352 83.8874 85.0443 80.7965 81.3387 82.3708 82.0131 79.2669 80.3158 77.9627 74.3838 78.3708 81.5473 74.6614 73.9664 76.2543 82.6447 77.7597 77.2455 69.6627 78.3726 76.9157 74.5477 75.7308 72.7293 77.7466 75.0004 78.4006 81.7169 76.5189 83.7271 82.1249 76.5282 81.7355 80.858 86.3895 88.737 78.6949 80.6773 82.5571 81.6815 81.1598 82.3764 81.5622 83.2185 80.4388 84.519 82.0429 85.8958 80.3046 79.3228 76.3735
75.2197 77.4628 78.8764 78.5476 75.4483 80.5867 79.4282 81.2878 86.8136 79.878 86.4205 78.4361 86.1446 83.0245 78.387 78.2339 84.7121 79.9914 82.4028 88.4577 82.3329 85.7175 79.0881 81.2689 84.4891 85.9121 82.7845 83.9449 85.4832 88.3386 83.2362 81.4976 88.8583 85.6721 82.0097 77.0414 78.3681 80.3826 78.8783 74.7585 79.5681 81.1026 75.832 75.3765 74.4807 79.3167 79.5341 80.0972 80.3108 79.7419 79.0597 83.4384 81.9606 79.2468 86.4016 83.5008 87.1235 88.5957 91.1544 90.4571 96.6821 98.9877 98.8988 104.818 107.301 115.212 117.625 126.099 131.914 141.642 148.236 161.566 167.19 176.394 181.235 180.882 177.108 169.959 160.914 150.073 141.839 133.845 127.07 116.002 109.93 109.523 103.192 101.057 96.786 98.1316 90.5497 92.5264 88.316 85.8932 84.1792 82.0645 80.2862 80.719 78.8613 81.1423 79.6342 78.0411 77.3759 76.7504 80.7568 76.7617 79.8345 72.8876 76.0001 79.26 82.1061 79.9593 80.1671 80.9155 79.4301 79.689 80.513 83.926 88.7431 78.8103 87.1481 85.4699 84.4834 80.3032 81.3823 82.9092 87.8038 80.6736 85.9839 81.0535 81.9228 80.409 84.3927 79.4434 80.4393 83.0963 80.9174 81.4673 82.1855 78.5079 79.6909 83.9883 77.049 79.7967 77.8503 80.1974 79.3432 78.6837 74.8285 71.8256
66.8709 68.4462 68.797 72.7143 70.8649 71.6871 73.1589 73.9351 80.2845 74.5465 75.8727 72.2908 78.1898 79.0369 74.9375 76.7236 75.5929 76.5933 75.637 78.002 81.1546 77.1319 76.6949 77.0054 80.5854 78.3431 76.1717 73.4215 79.9396 74.3989 80.9246 77.6167 78.1783 75.7616 75.959 81.2773 77.7145 81.7507 78.0192 81.7047 80.4723 78.2722 77.8448 83.3682 84.3188 85.3134 82.109 81.306 84.5277 86.816 82.8411 83.9067 82.7377 84.0505 86.6818 84.9991 85.8309 89.1771 90.2331 89.6601 92.623 95.7431 97.8263 105.648 104.875 106.32 117.264 120.514 129.447 142.084 149.633 158.07 167.078 174.397 179.625 179.876 176.169 167.94 160.753 151.077 140.8 133.97 121.39 116.261 112.672 104.954 98.4415 99.0912 97.2265 97.1326 91.0361 86.172 88.9951 85.1946 87.1399 84.8247 82.9983 85.0547 82.3467 82.178 82.8296 82.9466 85.1831 82.5613 82.0209 79.7709 80.2979 85.1352 81.9078 79.9396 83.6422 79.0005 76.1928 84.8075 78.1802 75.0984 73.914 75.5431 77.4519 76.3883 79.1557 78.1668 73.1187 76.8137 74.3012 78.0345 79.0043 78.3508 81.1814 75.4971 80.2289 73.0784 79.6597 77.0341 74.1019 75.2173 75.8248 75.4722 71.0527 73.9677 71.2156 72.9788 73.387 72.8235 76.1506 72.2984 70.3225 73.4062 66.2557 65.7344
58.0576 59.8648 56.264 63.7241 60.6887 66.0987 61.8508 59.6025 63.1158 65.1893 63.897 69.8627 65.4866 67.6513 67.424 64.1768 70.4768 66.4407 69.1282 75.6185 70.7352 69.8802 69.2603 69.4488 75.8303 76.1859 75.4495 70.9082 78.0786 75.3115 79.6352 78.6014 78.3954 79.7692 79.0308 81.9981 76.7611 75.9916 78.6053 79.332 80.1462 80.0452 82.8726 82.6646 80.838 82.6297 77.4704 80.0627 79.5497 84.2406 78.7743 85.1092 87.3808 86.5919 83.1038 92.2117 90.0897 88.3291 94.3978 95.4627 93.2669 100.358 100.13 103.162 108.033 113.951 118.624 124.607 133.109 143.55 150.052 162.269 168.633 176.406 180.245 180.152 176.184 169.461 161.21 149.665 141.245 131.076 125.594 119.217 110.41 109.887 105.941 102.075 99.4871 100.22 94.1802 91.6443 91.8891 89.3785 87.4935 92.1262 86.0983 88.026 82.2507 86.0167 85.0431 80.1929 81.5143 81.6891 79.3068 79.3553 77.3422 82.3168 78.0126 82.4567 79.9169 74.0192 82.6141 80.5893 75.8847 78.5392 75.5971 79.6526 77.6084 78.2807 69.8724 76.8194 80.0996 70.8848 74.9034 76.3608 78.5819 72.0527 71.9614 73.961 70.9567 70.3174 64.1982 68.2051 64.7287 63.0789 62.8399 64.4528 64.0525 63.932 62.5173 64.7734 66.0054 59.7171 63.2868 60.5527 64.0019 62.1947 56.2155 58.9904
51.7304 51.2419 53.8698 59.9687 56.2258 58.6331 59.165 57.9692 58.7335 58.2943 62.9019 58.6745 59.6929 56.4642 58.1465 60.6818 60.6444 63.0812 57.0059 61.8224 62.0883 60.6109 67.5943 64.8994 66.7236 64.2435 68.9811 66.8753 66.1878 69.9247 68.595 70.5295 71.9932 69.5288 75.0702 73.5396 76.918 80.8145 81.8093 81.3897 80.9071 80.1507 86.4741 84.975 82.7037 84.1457 86.7204 85.564 89.2517 82.9027 89.957 89.1513 90.4101 86.8642 85.0105 93.8259 91.9998 93.7826 95.7703 96.2332 101.526 103.447 102.598 111.492 108.061 117.04 119.264 125.443 136.774 141.193 150.426 161.042 168.536 176.64 180.627 180.483 175.304 168.193 161.889 153.572 140.507 130.083 125.69 123.863 114.971 107.422 105.74 106.349 100.551 95.0867 91.858 93.7767 92.5455 90.7548 92.0353 90.1028 91.2237 88.8696 84.8509 88.645 90.7942 84.5338 87.0848 84.6618 86.5549 82.7451 81.5749 80.8736 79.867 79.0002 81.1277 79.2957 71.9853 76.3369 78.3423 78.2083 76.0788 74.2665 71.3411 75.3184 70.2222 67.222 67.9193 65.2993 63.8495 65.8391 64.1863 65.3683 64.4995 59.7441 61.0403 62.0627 59.4447 63.7687 60.4257 57.063 59.75 62.7089 62.3878 62.3996 58.8872 58.3238 57.0177 56.0328 57.593 56.283 52.5716 54.642 53.8028 52.0279
54.0032 51.9467 54.72 55.327 54.6821 55.8322 57.4135 59.3582 61.9379 61.6704 56.8045 53.9314 60.0271 60.6201 60.9016 66.7219 62.7905 64.3039 64.0963 63.5732 60.4364 60.6361 63.5632 61.0414 60.7838 59.4281 65.1844 63.3376 61.0194 64.3878 63.7369 67.229 68.2513 65.432 65.9512 65.7755 66.66 75.4432 74.0076 73.0971 74.5267 75.6588 78.7237 77.8152 81.0618 87.2773 84.0847 84.7356 82.5852 85.7938 85.3226 89.5335 86.896 89.3179 90.9511 88.3315 96.4399 90.8014 94.9484 97.6279 98.6242 97.4662 106.146 106.361 109.7 111.385 119.415 126.376 129.179 140.959 148.924 158.432 169.719 178.059 180.824 181.347 176.829 170.274 159.274 150.825 142.612 131.441 123.894 117.025 113.781 105.826 108.02 98.8339 101.737 98.5224 99.944 94.5231 94.8326 93.9401 92.1012 89.7591 88.9425 84.7396 81.3153 86.3888 84.2584 84.5938 80.2332 79.7699 83.298 81.8984 75.4931 76.6452 75.565 76.5733 72.2865 72.2865 67.0992 65.1844 66.3764 66.9415 68.6726 66.3864 70.0942 63.8707 66.3685 64.5096 64.4277 62.7485 62.0916 63.082 63.2397 59.9692 59.0488 62.0577 58.4877 62.6088 58.1263 60.2567 62.9222 58.9789 56.7346 62.9782 56.6648 62.9582 55.5107 60.111 59.0228 57.7989 56.1396 56.8884 54.8498 53.0129 58.3539 52.6635
54.8714 56.7369 58.7926 58.8169 55.7333 60.7674 58.5316 60.7573 64.1343 59.8165 64.2415 60.9698 60.729 60.8059 58.2504 62.9527 63.4545 59.4482 59.9541 61.5323 67.3413 63.8146 67.8714 64.4398 65.5001 68.351 67.5254 67.4405 68.4704 68.4805 70.259 67.8087 72.3269 67.1855 68.7961 70.3298 69.3141 67.9665 64.717 66.5077 65.6377 68.2903 68.3914 66.5178 68.268 69.5792 72.7578 69.5265 68.3348 74.245 79.2548 72.2641 77.4197 74.5141 78.4738 82.0026 82.818 89.7702 92.0404 96.8054 95.6036 97.0705 102.776 105.913 110.111 110.963 117.587 122.49 135.324 144.524 148.142 159.113 168.962 175.678 179.466 179.721 175.429 166.557 161.626 151.994 142.584 135.023 124.896 119.621 112.972 110.763 108.005 101.249 97.6107 96.9127 94.8893 89.3716 89.2017 83.6354 85.0194 78.3504 79.6413 79.0181 72.511 75.1211 73.0472 71.295 73.1949 69.4517 70.3096 66.8112 69.8301 68.6221 66.4025 65.4819 67.6044 68.6848 66.9225 67.2341 65.6741 73.031 68.6444 71.7097 70.7547 68.3955 67.9868 68.9337 69.824 73.3386 66.4207 64.3549 65.235 68.0839 63.7114 66.1334 62.6552 65.7874 65.496 65.3524 64.6482 62.111 59.8043 61.4655 61.8257 60.0188 63.0032 59.7821 57.8214 59.5332 64.0493 59.3572 57.5038 53.6169 57.8437 57.2832
61.7562 60.8993 63.0888 62.3774 64.6919 65.9958 60.4319 66.7502 59.5996 62.9453 64.8272 62.9432 66.8158 69.1201 65.7498 68.4189 66.7481 68.421 71.0082 68.9028 70.9918 68.7736 71.7339 69.772 68.7921 65.9199 68.4456 66.3484 67.1745 65.4566 70.4711 67.7445 67.0618 70.7068 74.6737 67.9966 67.0167 72.8737 72.6544 75.0632 73.3289 74.0156 70.9405 75.3912 75.793 71.5842 74.4174 75.2108 70.6084 75.2744 77.9354 79.1572 83.2512 85.1311 85.1864 86.232 92.087 91.2259 93.9238 97.7964 100.22 102.702 108.42 110.365 116.427 118.545 123.006 131.36 131.795 144.958 152.023 165.268 171.004 176.398 180.082 179.854 176.24 169.608 162.931 153.657 143.23 139.07 128.906 121.182 116.442 112.536 111.007 106.581 103.184 101.491 100.939 94.1063 90.8979 90.7483 84.9425 86.6297 87.5256 83.9605 80.664 77.9723 77.7959 76.3527 75.1165 75.9345 73.2099 72.474 72.1378 73.6774 73.2099 70.6515 72.5068 75.1944 70.0221 70.3296 70.7478 69.2062 71.4059 67.9085 62.4737 69.2513 68.4845 64.2081 65.6883 69.1693 72.0107 67.0884 74.7475 72.9393 65.9937 72.0455 70.0733 68.4251 71.8118 64.2471 65.7006 68.298 68.0725 64.245 64.3639 61.3831 65.5017 59.7923 59.046 59.8415 63.8801 59.4724 58.5766 60.7496 62.1621 59.3556
64.5587 66.6376 64.1538 65.9398 67.568 65.5722 70.2076 65.7944 66.8889 70.0788 68.4838 65.8256 64.0665 69.4973 65.539 67.5202 62.7229 63.809 64.1621 62.6169 62.9202 62.6356 57.7074 62.266 64.2078 61.481 65.8069 65.0779 64.8536 62.97 64.8412 68.2886 64.592 66.1537 65.2607 70.4796 66.2825 72.8181 69.6053 72.0788 71.5907 69.9272 74.0226 74.7204 73.7983 76.7681 81.362 82.8489 84.1448 87.2891 90.3939 86.8031 92.6409 95.3158 96.6284 94.8402 97.9533 96.2068 96.0925 98.8484 104.161 106.479 106.25 107.639 111.795 112.798 122.659 127.444 134.785 144.116 154.919 161.291 170.504 176.576 179.918 180.277 176.96 170.57 161.81 151.561 144.818 133.541 129.259 122.812 118.237 111.218 104.165 102.188 100.863 96.5702 97.0375 92.8901 92.616 93.1456 93.9368 94.483 95.7623 88.6141 86.4397 94.157 83.7378 86.826 87.9017 77.1586 77.1108 79.2873 78.0973 74.0392 72.4297 73.52 73.5533 68.0353 70.8638 67.1464 65.4476 64.9056 68.1433 63.9918 64.2327 64.5006 62.295 62.8537 66.1309 65.458 64.5193 67.1755 61.8963 62.4467 61.2712 66.243 64.8246 65.2212 65.6677 64.0437 65.4331 66.999 64.7332 68.3821 68.2782 67.921 68.4527 66.2035 66.7394 68.054 67.3832 69.8649 61.7052 66.2513 66.7061 65.4891
67.3811 66.1358 65.2418 67.7219 68.3214 64.2406 62.968 59.7854 62.217 60.0694 59.6991 60.4837 60.4753 61.5103 62.1329 60.2271 56.079 62.2759 60.0294 61.1758 65.0694 62.7092 60.7278 64.0828 65.4185 56.0222 60.8834 61.262 66.6365 64.7454 64.8001 66.1737 67.5641 70.3028 63.4244 66.7627 71.5292 74.0576 71.4135 76.3546 75.2124 78.3487 79.7033 77.7955 83.4097 78.9335 83.2099 82.8775 86.3441 86.9793 85.1514 90.1661 89.676 92.0445 94.0281 94.0281 94.3478 100.57 98.883 103.239 101.363 105.538 104.14 107.905 110.999 117.497 121.237 125.286 131.357 141.605 147.333 157.793 167.715 175.551 180.587 180.326 176.289 169.872 158.729 147.185 140.928 130.017 125.816 119.722 114.895 112.042 108.008 105.879 102.741 104.354 99.7769 97.9322 102.509 96.6007 92.3663 89.8968 92.3811 89.1775 83.904 89.1606 87.0992 87.1833 84.1165 84.4278 81.3903 78.6264 77.7744 78.1425 79.5266 78.1341 71.4766 73.6579 69.9957 68.578 71.8321 66.7732 65.1724 65.4753 62.2128 61.5965 59.2595 64.9011 63.944 61.2389 64.7749 60.4059 59.3016 61.5439 60.1935 60.7193 64.3836 63.1447 59.9053 59.7517 55.9844 58.7862 62.0845 57.8986 59.9116 62.2696 61.0391 66.058 64.2827 61.7143 63.5296 62.806 65.6794 60.0357 65.021 66.485
58.604 63.2755 62.743 61.3711 69.0505 66.818 65.8552 61.3072 67.6552 65.3567 65.444 66.4388 69.4595 65.0926 64.0126 64.6026 63.3628 64.3172 64.7922 61.467 61.2859 63.2755 61.7908 57.6688 67.2164 68.1089 62.089 66.9373 65.8637 62.4895 68.1941 65.8701 72.2309 69.5979 68.4988 72.887 73.9435 70.4628 74.6444 74.7381 74.9916 78.7983 78.6172 76.9365 79.6781 81.314 80.7495 83.9661 82.0149 89.6453 88.578 88.0327 84.2452 92.2292 92.6212 91.4091 94.6278 91.4623 96.8496 95.6993 94.9346 101.866 101.856 106.374 105.332 111.614 113.64 123.068 128.14 138.412 148.967 156.762 167.097 175.955 180.541 180.458 174.532 168.237 159.348 144.73 136.533 127.401 121.451 116.571 114.015 111.655 106.966 103.038 99.5081 91.2834 92.472 93.9355 93.8993 89.3193 87.6024 94.6619 88.12 87.8559 88.2798 87.1977 88.6419 84.3091 87.9539 84.5541 83.7616 82.5943 79.1604 79.0177 79.2478 76.8939 73.7625 75.9353 75.2941 73.3279 67.8703 65.3482 69.206 70.4266 67.5913 70.7163 64.9988 65.4036 65.836 64.6175 64.6005 64.0935 62.5257 61.5223 63.3458 63.546 62.0016 61.1006 64.1127 62.1763 63.054 61.9271 68.2261 62.5555 66.5432 69.1634 63.5482 64.4492 69.5681 66.4665 65.1011 68.0919 68.7182 59.9204 62.4277 60.2016
52.5596 55.0056 54.255 51.8479 58.1029 54.2205 55.7778 60.3267 62.9107 59.3863 61.8322 58.5235 59.6257 63.7713 63.6225 65.7168 66.4415 65.6651 72.4636 70.3154 70.641 68.8767 70.0867 71.2018 71.8942 72.8886 75.1512 73.0331 70.4405 74.8125 76.0937 74.5429 76.0376 75.3259 77.1894 73.7686 79.2989 78.3801 80.0301 80.7785 78.3736 80.6081 82.9527 82.1115 83.1641 79.0163 80.9295 75.6451 78.2442 81.1387 77.7459 78.7726 78.544 78.7403 81.0546 79.4175 82.4437 83.0929 85.8387 84.6135 87.2148 86.9085 91.5092 95.9805 99.1856 104.412 112.062 114.804 127.495 134.691 145.512 155.71 165.765 176.643 180.415 180.258 175.439 166.263 154.94 143.148 135.376 121.967 119.023 108.557 104.964 101.666 96.0452 91.8996 89.9023 86.0026 85.6834 80.6599 82.4113 79.0573 83.699 78.5203 75.0045 76.1045 82.2754 80.097 78.1773 76.7581 81.1991 77.6445 81.4946 83.9406 80.1272 82.8751 84.249 78.3283 80.8799 79.6397 76.6243 81.458 73.2164 79.3442 77.3922 75.1986 69.3447 76.5402 70.7295 79.2816 71.1458 73.6413 73.2682 67.3474 69.3404 68.3547 69.2477 70.723 69.321 70.0738 70.9711 67.2396 62.3477 61.9659 61.5389 64.9835 64.4529 61.925 61.4914 55.9029 61.2995 57.5637 54.2852 57.3868 57.76 53.664 53.6273 54.0565
54.2587 55.0273 52.0052 53.9748 54.4967 57.2634 57.6346 57.0079 59.7811 60.113 58.1237 62.6591 62.028 59.281 65.2947 60.0693 62.5324 64.7597 66.5154 66.8866 67.2076 69.4873 71.7037 76.5731 76.5251 79.5058 82.9668 76.9269 77.0011 84.1241 82.779 81.1435 82.1152 80.4775 80.8072 80.6653 85.8688 85.2902 79.0385 75.4748 79.8573 76.2107 74.728 74.1646 75.8089 70.0179 73.3021 74.883 73.7956 73.1361 75.9705 75.6866 75.5665 76.2565 77.5383 78.0667 80.6456 80.4534 85.0216 88.5569 88.5569 85.7444 93.6229 98.0054 98.9728 103.146 108.913 118.464 123.997 134.149 145.113 155.603 169.467 174.251 180.341 180.062 175.738 167.591 156.614 143.357 133.398 128.054 117.394 111.577 106.823 100.178 94.4155 96.193 90.4108 89.022 81.5278 78.8507 80.1958 76.6168 75.8089 76.2369 74.5992 74.1297 71.6578 76.8155 74.8437 73.7978 70.2821 70.6774 75.1341 76.6496 74.1297 73.6842 80.1521 82.6917 78.5996 77.1125 80.5124 78.1148 83.8468 82.6393 85.3622 78.4401 79.4512 79.7591 80.1958 83.5171 80.9928 82.0824 78.0951 76.0403 76.7915 73.2955 70.9285 65.4956 65.8101 68.9195 66.8538 66.249 64.0348 64.8471 59.0037 61.3249 59.8466 57.2044 58.3312 60.1064 55.4859 58.115 56.0929 56.4882 54.6452 55.9095 53.2957 51.2344
51.5163 55.7668 53.3907 60.3046 57.7826 57.6699 61.2705 60.95 62.7161 61.8142 67.1478 59.9288 66.898 66.9754 69.4067 70.1892 66.6151 73.7324 72.121 70.5141 71.0579 72.8062 70.8855 76.44 76.2102 74.0286 77.4922 79.5964 77.4104 78.8338 80.7038 83.0467 73.6639 78.9797 77.764 74.8154 76.8954 76.5086 77.0236 72.8947 75.7217 73.3655 75.8985 73.6683 75.6333 71.8867 76.1129 73.1444 76.818 73.8473 77.3529 76.314 81.4288 78.6504 85.6704 78.5487 80.2507 83.3319 87.8166 87.4696 91.3023 95.9816 93.8486 95.9308 101.965 106.162 109.445 119.568 122.95 132.18 145.566 154.255 166.505 174.72 180.828 180.653 176.486 164.632 154.365 141.444 134.534 120.032 117.143 110.464 102.776 100.566 97.5686 95.5484 91.4195 91.0879 86.4882 90.5221 84.0259 86.8927 84.4503 82.9318 80.5115 79.3975 79.5787 79.3312 78.0646 74.9657 78.226 75.2288 74.4154 75.872 71.9398 74.6718 76.4356 75.6067 78.153 75.4962 77.3883 83.8955 76.1439 74.3933 80.3435 75.6929 78.7565 74.9812 78.8228 79.4549 73.0251 78.4006 78.2923 77.3927 77.6491 80.7215 73.1201 72.9764 68.1778 73.4229 71.9796 74.5679 70.9628 63.4808 67.6407 67.7578 68.8431 63.6157 59.668 62.8907 60.057 61.3014 58.764 53.6736 58.8502 57.5085 52.8867 50.2011
55.783 60.7067 59.9529 64.7916 62.5232 68.4648 65.937 64.6976 64.9996 71.1851 66.9638 70.7086 69.1695 72.5318 73.0239 75.3661 75.129 70.4066 75.261 75.9209 75.3974 75.4332 74.7957 77.9275 74.9836 74.1961 76.1468 74.7688 71.4714 78.3257 73.3147 68.901 72.9523 71.9009 70.1404 70.6884 70.9345 71.6951 75.6793 72.4423 70.6124 73.0239 72.3752 75.091 77.1647 76.8359 76.3795 77.9566 80.046 81.6008 82.7864 83.2584 86.6587 80.4107 79.2071 87.0793 84.0973 87.6878 86.6296 88.3723 87.3231 89.323 91.1932 97.9379 106.432 108.157 113.96 118.463 126.322 133.574 146.102 157.855 164.868 175.214 180.592 180.695 175.912 167.734 157.75 148.048 136.576 126.883 120.821 114.837 107.237 105.271 102.311 99.7074 97.146 88.7414 88.077 91.1261 86.1979 87.7034 84.8422 87.3455 81.3905 80.4912 81.9811 85.2718 78.5271 85.2785 78.5561 75.1469 77.4756 78.3615 75.5786 74.8605 74.6547 71.4602 69.3887 71.0285 73.3908 71.2925 71.1224 68.6169 71.4893 72.619 69.9659 68.3932 72.6772 75.9634 74.4713 72.5541 75.1871 75.2408 72.8718 73.9635 76.3705 76.762 74.6212 78.4667 78.1468 72.6727 74.3505 69.0308 66.1808 72.8047 73.3886 69.5654 71.4401 67.6147 64.0332 65.9213 62.4158 65.2077 61.5143 57.8769 56.0738 57.6084
63.6207 69.0809 67.5958 72.395 72.6236 72.5399 78.231 75.8201 79.8337 79.4579 73.7736 73.3503 76.4924 77.1127 78.5569 77.8597 75.1138 79.6141 79.227 80.0216 75.0572 77.5179 72.3565 72.7346 71.648 73.2281 72.3407 73.4499 73.0424 70.8873 69.8754 76.9406 68.3655 71.6298 70.8534 73.6378 72.5761 76.5377 76.4516 75.1817 78.1336 77.7488 77.9276 75.6322 78.6498 80.3906 77.4296 77.6514 78.4777 85.063 84.2231 82.6611 88.7597 84.9792 83.4059 90.5435 92.9205 90.05 92.7688 93.8079 96.1486 100.773 104.848 107.178 105.815 112.59 119.388 123.407 132.199 139.366 148.134 158.393 168.426 177.411 180.908 180.623 175.944 166.54 159.181 148.192 138.97 132.978 122.976 115.481 112.753 107.802 105.994 98.4803 98.3331 95.3744 97.2646 94.1769 92.9363 92.3093 82.7879 90.1202 89.0947 83.3131 87.0845 84.368 81.5044 83.8904 80.1801 78.892 81.5315 79.6843 74.9055 77.3096 80.5219 80.712 77.4794 75.9265 78.1744 74.3599 72.2139 71.8268 72.0373 76.3724 70.3689 71.6729 70.1358 70.3055 71.3786 69.5427 76.1302 74.5682 77.3572 75.0889 71.4759 76.6418 75.6276 76.6509 79.888 79.0821 75.2926 80.3046 78.3442 75.6141 75.6956 74.6384 77.9321 71.0865 72.6327 74.1698 75.8201 73.7057 70.5908 69.2529 71.5302 67.3083
76.9071 84.2091 80.9704 82.9287 88.3297 86.2018 87.047 86.1652 83.2219 89.6948 83.4464 84.9581 82.8303 84.7474 86.4171 80.5627 81.4537 84.8482 78.4509 80.5993 80.9567 79.0441 76.7857 77.127 84.8184 83.5999 80.0015 81.8843 81.472 83.2082 84.9787 79.5366 81.1651 85.0016 83.0158 83.5701 87.0379 88.4373 83.041 88.3114 85.5742 86.9531 87.4547 90.9133 87.5463 88.3915 90.3407 92.3357 94.6216 97.306 94.6514 93.9574 97.0174 104.116 98.6253 104.92 100.295 104.455 106.383 104.402 112.485 109.892 113.131 115.444 117.939 123.754 126.051 133.967 138.06 147.337 153.274 162.319 170.402 177.09 180.478 180.5 176.401 171.962 163.297 155.021 143.445 138.596 132.144 130.408 125.586 119.212 116.486 116.443 108.566 109.986 106.211 105.323 104.571 99.8324 101.136 104.01 99.6469 100.581 98.5772 88.419 92.6197 96.5387 87.9357 92.338 91.2203 91.7997 89.9422 91.0004 85.9911 86.7493 83.9045 87.1936 84.0671 83.467 89.2642 84.5619 87.9105 82.9562 82.931 84.4702 80.5604 81.2086 80.2237 82.3722 80.1985 79.4656 81.3941 76.0276 81.8774 81.6827 81.1284 81.8706 81.7858 80.7184 80.7597 84.2687 85.8216 84.4198 83.1303 86.676 85.5284 88.3732 85.4391 88.6183 86.7859 86.2156 79.3098 85.7506 81.5178 78.0134
90.9586 94.2374 89.9391 93.2642 94.3301 97.9264 90.4651 93.4009 92.5459 95.491 95.7135 95.1597 88.0737 91.473 88.7179 88.6762 88.0204 87.3207 86.7669 86.841 85.6778 87.7076 90.7431 93.3824 91.7442 92.4439 95.0438 97.7178 95.2315 95.4007 93.3523 95.0994 97.0204 95.2732 95.2477 96.5129 96.4782 99.2078 94.5665 92.8008 101.435 98.1396 103.17 99.6249 104.688 99.9562 104.241 103.196 101.034 102.572 100.086 105.295 108.173 105.029 106.081 106.66 111.081 110.358 114.198 116.239 118.308 113.282 121.629 124.544 123.948 129.723 134.276 140.162 145.843 150.086 156.493 165.551 170.765 177.498 180.52 180.437 178.064 172.336 165.852 156.053 153.828 143.132 139.256 136.489 131.132 127.714 125.044 120.957 118.781 115.766 117.006 116.003 111.32 109.362 108.551 105.307 107.533 105.872 104.266 100.969 102.378 100.751 99.6666 98.4339 100.292 101.537 101.567 100.394 97.0876 100.348 98.2415 96.8257 99.6643 97.0968 98.2809 97.7735 95.4308 95.016 94.3116 98.3041 99.889 93.7555 94.3881 92.6733 89.3482 92.2145 91.2969 90.7709 91.7372 89.5637 87.2581 89.5845 89.142 88.1826 88.4097 89.3065 88.6577 89.1814 88.799 90.0966 93.6628 94.8886 92.9514 99.1638 94.0011 94.8955 98.3991 91.4893 94.2259 89.3667
98.842 95.9355 94.7378 98.1763 97.3231 93.1205 93.5377 92.415 87.3522 92.0001 91.6134 90.1578 91.1071 94.9886 96.198 94.562 93.8143 95.9355 93.8424 94.7472 96.5356 95.6964 95.9379 94.3721 97.3676 97.7286 89.5812 98.3169 97.9771 96.1254 95.5066 95.1691 97.2598 96.6903 95.0495 99.4842 95.4761 97.1075 95.3941 97.009 93.7088 98.4247 98.7904 99.9061 97.4309 103.989 102.116 100.077 104.12 103.485 103.035 106.04 109.061 107.231 106.544 111.593 112.718 114.586 112.772 111.994 112.713 114.834 120.865 121.84 120.945 127.768 131.975 134.113 142.574 150.086 153.867 163.576 171.805 177.161 180.067 180.205 176.516 170.591 164.344 157.512 148.228 142.082 139.3 131.185 129.404 126.413 121.838 123.204 118.57 116.037 115.589 114.213 112.711 111.37 110.203 108.632 106.617 106.87 104.109 104.542 105.988 103.251 101.434 103.286 101.434 102.545 99.36 101.076 97.5177 94.7097 95.0214 102.742 95.4949 98.488 99.9694 99.6576 100.928 97.9208 96.7934 95.455 98.699 94.8901 95.7879 100.185 95.6918 96.4629 96.2754 95.7972 94.9394 95.3519 92.6845 94.2971 94.2714 94.6628 95.7058 94.3651 92.4572 93.8307 94.0229 89.5883 91.0977 92.5158 92.1501 96.0293 93.7112 99.9975 96.2191 102.566 100.41 98.2138
91.9249 94.4069 94.8976 97.2114 101.573 98.2355 103.126 106.314 102.168 103.539 100.279 103.844 99.9138 92.5105 95.2864 98.2615 94.0869 95.6634 97.8135 95.1608 90.8629 96.0901 96.2821 97.017 93.4445 96.576 94.2908 92.271 91.868 98.1288 95.5282 93.0723 96.5737 91.3844 93.8901 92.6503 95.7345 94.4662 98.5223 93.8332 95.7629 94.8645 97.9202 97.0668 98.8613 97.5409 99.5962 99.0438 103.617 102.379 99.333 102.849 99.6223 103.813 102.313 107.331 104.857 106.388 107.232 108.65 113.723 114.367 120.021 121.987 122.802 126.493 132.275 135.174 146.304 146.309 153.743 162.292 171.091 175.984 179.329 180.014 175.619 168.631 163.112 152.883 147.281 140.439 132.057 130.274 124.841 123.783 116.638 116.091 114.962 112.032 108.455 112.627 109.536 103.676 105.748 104.662 103.173 102.206 101.142 97.8846 98.629 101.457 98.5792 100.793 97.8253 94.7151 95.0589 97.7139 94.8242 95.7392 97.9249 95.9407 92.1691 93.224 95.6894 92.6171 92.0245 91.7945 91.5456 95.4571 93.1956 93.1078 92.271 91.081 94.8858 93.9707 94.5373 94.0442 90.64 89.6254 91.2422 94.4235 92.6859 97.1734 96.723 95.0897 100.367 96.5855 98.7617 100.414 106.281 103.626 102.097 101.945 100.608 98.3089 99.3568 98.8874 94.0016 94.5207
88.7654 98.0454 97.832 93.9052 100.999 102.207 105.139 98.5608 103.693 98.3067 103.993 102.253 104.957 106.191 102.548 96.806 94.6916 102.08 100.486 92.4165 98.7694 92.4501 89.6404 93.1165 94.5885 93.5097 96.1995 92.2343 95.6385 93.0758 93.385 92.4045 93.8765 91.3521 96.3265 95.6217 99.5006 99.9417 96.8683 97.2759 97.9663 95.5618 99.9633 97.6067 97.0745 103.775 96.7173 94.9553 96.4032 97.506 101.433 98.7454 102.574 95.9981 99.6564 102.193 97.9639 104.274 103.197 103.281 99.3927 105.151 105.566 111.53 110.492 114.537 118.662 121.798 132.507 139.771 151.096 157.331 170.281 176.824 181.721 181.331 177.804 170.097 158.899 146.658 138.306 135.621 122.906 121.541 117.735 110.137 105.17 104.31 101.836 104.405 100.318 98.206 98.1557 96.6574 101.804 98.8509 102.32 97.6019 96.9594 97.0961 98.6807 97.9879 100.611 95.6697 98.918 92.9511 98.9492 99.2369 94.1713 97.9831 97.1728 100.179 95.0703 97.1248 98.767 94.7994 96.7509 96.7005 92.5819 97.2783 96.8827 95.9022 95.4587 91.3785 93.596 92.5412 93.4042 97.729 90.5154 93.807 92.7785 100.642 95.6697 98.8173 103.375 101.294 104.616 102.806 103.787 106.23 104.202 105.295 101.941 100.335 99.9776 99.4406 100.663 98.1125 100.917 91.7357
92.6487 96.0351 98.8761 92.9299 92.8427 100.19 98.8882 100.568 99.9572 103.433 97.7028 101.227 100.403 95.4364 98.2191 94.0547 100.631 96.7259 97.7634 97.2592 100.524 92.8233 93.9141 92.0161 92.433 90.9762 92.8548 86.7365 91.6234 92.6512 91.8852 89.7641 91.4416 88.8382 90.7144 91.2525 91.0974 92.9129 90.7628 94.2219 90.3871 94.9516 92.5251 94.7431 95.6763 91.6403 99.3366 91.8512 96.7187 92.4742 95.8072 90.3362 91.4004 93.4099 88.5085 92.4912 95.0994 93.1263 94.5055 96.9417 99.1233 99.1451 98.607 100.178 109.29 108.609 114.048 124.796 133.767 138.926 147.618 158.924 167.886 178.04 180.76 180.718 176.772 169.844 158.415 147.376 139.185 128.73 124.799 117.551 111.648 106.885 105.7 99.5402 93.2087 95.5648 98.9003 93.9989 91.4125 93.405 93.2838 93.325 99.9329 96.3939 95.7878 93.8074 93.8777 95.5673 96.7211 96.8811 92.2027 96.006 94.3359 92.7724 89.7787 95.9769 91.2089 92.1833 87.791 90.9252 95.9042 95.0558 91.0852 92.6802 90.7095 89.6017 88.7945 89.2212 88.7267 90.0235 91.7373 92.5251 93.279 95.1043 95.9818 96.932 94.8934 98.5876 97.6083 95.1479 99.2227 98.1464 93.0342 96.949 100.663 99.0676 98.6118 100.146 98.6555 96.9393 99.5693 96.8229 94.6776 95.5236 88.9739 91.2816
86.1361 85.6361 91.937 86.0895 89.5818 90.866 98.331 96.5297 93.03 95.8484 94.8681 94.5568 96.885 98.1815 99.4436 94.0838 96.363 96.4513 93.9834 90.2313 92.2654 89.7681 88.1212 92.1453 88.0379 89.3882 85.7685 84.4696 82.7565 79.9627 81.1268 80.4969 82.0238 84.3078 80.3082 81.7027 82.8791 86.2978 86.9203 79.9039 82.237 85.7415 81.6439 83.4182 85.4303 85.2171 84.6338 86.4964 81.9086 81.9968 83.7246 82.6364 87.0404 83.9206 89.7117 90.79 87.2022 91.089 91.8267 94.302 99.3627 97.9854 104.455 104.37 104.254 111.521 120.794 126.409 131.862 138.418 151.791 156.418 169.236 176.774 181.168 181.08 178.541 167.92 159.403 148.983 137.045 129.59 124.877 122.373 112.935 108.913 106.463 106.759 100.684 97.4242 94.6451 94.9637 90.3073 96.4415 86.1802 90.9518 87.3615 86.3248 86.7708 81.7934 82.4208 84.9401 86.9228 82.1487 82.2933 84.2931 85.2832 89.1628 86.1214 84.6485 86.6606 84.3054 86.4228 84.3275 78.4408 81.0018 80.1416 82.7296 74.6642 81.6145 82.0973 83.379 84.6019 85.1583 93.0423 87.0208 86.9203 86.413 91.8953 90.0646 92.0375 88.9912 91.2532 96.863 92.0007 96.9831 98.5589 94.6108 98.4167 92.4909 96.0028 96.4218 93.5202 92.7016 90.246 87.9742 93.204 87.707 90.7655 86.8517
80.9408 82.9103 86.5447 84.0599 82.3777 88.9925 84.6792 83.0441 89.2006 84.1689 87.5853 88.2542 90.3798 93.9275 92.4039 88.6407 89.5177 91.0933 92.2355 90.4666 83.8171 91.6731 86.1137 86.6141 86.0493 85.9601 86.9535 86.9535 85.5538 85.7024 85.2069 85.5637 83.3414 80.5543 77.2741 80.6187 75.4309 81.8128 71.3555 72.5372 75.6935 71.8039 72.4877 73.9742 71.6602 74.2888 74.2293 73.0674 77.7622 74.7124 77.4253 81.8079 81.9887 82.1869 83.329 87.8256 87.7562 91.8291 91.9357 92.8152 94.6411 99.2119 102.95 109.085 106.667 111.901 119.103 124.147 132.142 143.972 149.36 162.02 168.543 176.731 180.487 180.175 176.959 169.482 157.955 151.248 140.405 135.239 126.632 120.669 116.965 111.428 106.855 100.205 98.9295 95.7485 93.6897 91.4328 93.3082 86.2499 87.1592 84.8427 83.8022 81.7905 82.779 79.702 76.5804 72.0641 75.3739 77.3509 72.2598 73.1517 72.9881 75.857 76.2386 75.3368 74.5886 75.0519 80.143 77.9059 78.0719 77.7746 81.7459 88.2393 89.6341 85.0806 86.8272 83.6015 87.4589 84.434 88.8091 89.6911 87.7414 90.3501 90.0305 91.6458 91.1553 90.1668 88.0585 93.9251 91.0116 88.985 89.5871 88.3805 87.2211 85.0038 89.5326 90.5805 90.2436 87.0551 86.0171 86.2722 83.6461 85.2689 81.243 81.8277
78.2826 80.1657 80.8218 81.4028 79.5146 77.8293 77.8469 83.2934 81.6231 73.8552 78.3001 80.1181 83.7442 79.8777 84.8685 78.4829 83.0705 87.8435 92.4336 86.8343 97.0187 89.7992 92.8743 96.6932 95.3935 96.4327 94.9503 93.0096 89.063 87.1173 89.4461 82.2642 83.6966 84.4053 79.9253 82.169 74.3986 76.9178 74.023 76.6774 73.7951 71.5915 70.2467 68.4162 75.4303 74.9646 73.7776 76.0313 73.0238 79.4295 81.4453 82.2191 82.6148 85.5046 84.4904 84.8159 90.0947 93.0045 90.295 91.7675 95.9394 100.8 101.055 105.838 109.998 110.596 116.744 123.625 127.219 135.658 150.991 156.282 167.779 175.622 180.212 180.014 174.164 166.837 157.594 147.275 137.589 125.879 118.67 118.785 111.345 107.586 100.575 98.3685 102.17 94.6673 93.3351 92.4086 92.3384 90.0697 87.3652 88.4044 85.452 81.6106 82.2792 78.5731 78.9211 75.8836 74.7342 69.836 74.2834 71.5839 68.8895 71.7041 75.8836 69.9888 72.1624 69.0322 71.0731 77.4186 77.4662 78.3377 86.4662 83.0906 90.26 86.7892 86.7091 89.9845 91.0864 92.3309 90.5455 99.1498 93.26 93.1047 93.3151 90.8685 87.3251 84.3777 83.9119 83.6164 81.4904 85.6323 81.7083 78.1273 79.8702 77.3986 77.4362 78.2024 77.8043 81.2375 79.462 83.7567 78.215 78.2325 79.3994 79.4345
70.3431 74.3191 73.8002 74.3216 79.1809 81.4992 78.9556 75.1644 76.278 76.6146 79.4694 77.1258 77.3814 79.6086 78.4722 79.6339 84.521 86.28 87.8238 90.4281 88.2085 91.0127 97.0691 89.0665 92.2123 94.2927 90.7368 88.9425 93.5461 93.2247 87.796 88.5071 90.8153 86.6596 87.7909 88.5173 82.3824 83.1872 85.3663 83.0885 80.5197 82.0964 80.5071 81.0563 79.8035 81.5143 83.0607 81.6333 82.3065 82.0382 80.8563 90.5445 80.8487 88.0946 90.0763 85.7105 86.3888 90.6331 86.7558 90.8305 94.4446 92.0276 97.0387 99.1191 102.25 109.278 111.176 117.486 127.45 133.683 145.206 157.101 169.432 175.567 181.451 181.765 178.13 168.969 159.779 146.378 137.221 125.784 116.597 109.475 106.403 102.536 98.9951 95.3152 92.759 93.8827 93.9839 84.9943 88.5097 88.7881 87.2417 83.6023 84.3413 85.5435 81.4106 83.7618 84.6349 86.0547 79.3732 82.6279 85.2195 84.2249 81.8282 80.7045 86.5963 84.0174 83.9693 85.8902 85.0677 87.4821 86.8646 89.0715 84.4527 89.6435 88.9652 92.2301 92.9514 91.8201 92.4502 93.4955 92.9514 92.5743 95.829 91.6404 89.6233 85.746 90.18 88.4186 89.6992 81.651 81.5143 81.1651 79.8667 79.4036 75.5617 79.0569 77.427 75.6326 81.2511 77.9787 80.9069 82.1344 78.1483 75.8553 77.0322 73.1701
66.2644 70.6021 66.776 73.7812 71.909 75.7812 77.9884 75.4283 79.4258 80.9552 83.2928 86.2801 87.8428 91.229 83.6535 81.7174 85.0704 82.9655 81.5153 80.4641 82.3389 79.4923 86.8811 81.7557 86.9604 84.4975 83.6253 90.1574 89.9553 92.3748 93.651 96.7176 101.853 99.7662 92.6076 98.7125 95.027 93.5308 93.0475 94.2009 94.7585 89.009 94.6945 93.7713 89.3901 85.8709 88.8735 82.3951 82.6176 84.9987 81.9475 83.1803 81.1547 79.569 81.8197 81.4821 78.6508 82.0013 78.2084 87.2852 87.3517 89.6612 89.7354 95.293 103.603 101.324 107.894 115.234 126.782 130.626 142.954 153.798 164.803 175.509 181.184 181.228 175.663 164.78 153.46 140.135 130.094 125.649 113.038 105.815 102.874 99.6614 95.2035 92.7994 88.0167 85.5716 84.4386 82.8376 84.61 82.7046 79.0242 85.8837 78.5281 83.6279 84.8299 77.4692 85.2136 84.812 85.2545 82.0524 85.4028 88.3978 92.8684 92.9707 94.9503 95.6741 95.8941 97.559 99.5207 93.7534 96.2035 93.6101 93.4183 91.8454 98.2035 93.4746 94.7917 92.2904 88.3134 87.2776 84.4054 79.812 84.5563 81.1854 83.5205 81.4667 82.8913 79.3925 85.234 82.2059 86.6075 87.94 87.853 87.8095 86.6867 84.4003 87.5921 80.0677 82.6944 76.8273 76.6124 74.4129 71.1187 71.8502 66.7453 69.6967
65.9228 70.7425 73.4328 72.5825 74.8541 80.3018 79.0278 81.6224 82.576 82.8628 80.7463 82.147 83.7053 82.0178 82.2219 86.0028 82.6483 80.7592 85.5867 79.1699 80.891 82.6819 82.2142 78.6866 81.9506 82.4235 92.7555 82.3847 87.5327 85.0181 85.4652 94.4922 92.877 93.1044 96.3813 97.1204 96.1487 95.0452 99.0044 98.5547 98.167 97.1023 92.4532 92.4816 96.2934 90.6597 87.5146 87.5533 86.1242 81.4079 83.2712 79.9245 76.4977 78.025 77.4358 75.8232 81.0719 84.0284 80.7463 86.0338 82.899 89.2435 88.8946 92.9726 98.8028 98.6477 108.657 110.277 117.487 131.024 141.668 154.649 164.315 173.579 180.327 179.82 174.931 166.511 152.944 140.242 130.822 120.873 113.843 106.251 101.015 96.2624 89.6544 90.5124 86.1087 86.2276 82.9197 82.7517 79.1389 78.7331 77.6917 78.1284 77.2446 80.5266 78.3481 82.8964 87.7394 88.2795 86.5222 89.1272 90.6157 91.7192 95.1124 100.149 92.9442 92.9416 93.7582 94.5619 99.883 98.2394 97.9034 98.3299 92.8563 95.0116 93.6704 90.1066 87.0184 86.3025 86.4731 80.8368 85.8219 80.9401 85.5944 82.1496 80.2165 82.5863 79.7849 78.914 85.5428 87.9591 84.5736 83.0489 84.354 86.2302 86.1449 81.5604 86.1475 84.7881 83.2867 80.1803 81.0823 75.7896 72.7402 69.0265 73.487 67.1038
73.1578 74.8967 79.8106 76.15 79.5495 74.3093 76.3014 75.7061 76.9176 75.9542 77.466 77.7192 74.8236 81.0117 79.7062 86.2181 79.0535 80.1788 86.4322 83.7533 80.5391 88.9126 85.6071 84.6175 82.5914 82.3381 82.3303 78.7871 82.0692 81.1501 86.8786 82.9204 85.4609 83.2311 88.6698 86.8055 87.0092 88.1789 86.5705 89.7925 92.8552 86.7324 89.6071 90.4296 91.2181 86.7716 90.7481 88.158 87.5549 88.0144 88.0092 83.9491 81.7689 83.8499 81.3955 79.1892 80.1736 85.3564 83.2311 85.3643 82.3694 86.2416 87.8029 93.7378 95.0615 98.9049 100.558 111.393 112.618 127.459 140.921 153.425 164.036 173.274 179.622 179.512 174.757 162.692 152.958 140.057 125.425 115.485 110.255 104.777 94.7665 96.5655 90.6855 87.1893 88.7847 86.487 80.6879 77.9412 79.9804 80.6984 84.2781 82.1527 82.701 84.3172 85.5679 87.0066 88.5706 85.5862 85.6906 83.4164 89.4975 89.3121 88.756 91.1529 90.5288 91.4192 86.4948 90.8552 88.2494 88.8708 84.44 84.299 92.414 84.6306 83.3512 78.5443 84.4635 82.4216 82.6619 81.3799 82.8629 80.2075 85.5052 85.2206 79.9072 85.3721 83.5183 84.6671 84.8603 84.0901 79.5234 78.9098 79.4242 82.5731 78.0665 77.9855 80.3537 76.5782 75.714 75.3354 81.9961 76.6148 73.8445 79.0143 72.1473 74.3667
76.6996 72.1917 77.2588 81.8642 75.7843 74.9745 76.7629 73.9563 74.5657 74.6448 74.4338 70.5484 73.1439 73.4604 76.9792 75.6629 77.8443 77.0187 79.2001 81.0413 80.8513 79.9835 80.6166 85.8604 82.3812 82.7531 83.6209 81.3446 79.1104 78.5117 75.5838 78.2136 74.6501 78.9522 78.2901 80.5427 82.8586 79.8042 80.461 83.2279 84.0614 89.1232 83.6605 85.2906 87.8888 91.6132 90.8483 89.2024 88.8146 87.3348 90.6768 85.9949 88.3398 91.8348 90.7507 90.4078 92.1038 88.8753 87.0922 86.3167 86.802 90.756 92.5443 94.2615 97.7881 101.112 107.287 112.063 122.525 128.647 139.411 151.809 166.501 176.495 181.277 181.166 175.408 166.567 151.321 142.677 125.922 117.547 109.502 101.943 101.964 101.423 96.1844 93.2301 89.9989 86.6912 88.3319 86.6596 84.1749 88.7619 88.2739 90.719 89.0573 91.0461 88.3029 89.416 92.2014 86.5488 90.3524 89.4951 92.5892 89.1971 86.3404 88.4295 86.1874 84.3041 81.7798 81.0808 78.5829 79.2713 78.8519 75.8687 78.0474 77.0161 81.1837 75.9452 81.6215 79.3083 77.9525 80.5533 79.9281 82.252 81.7482 80.0231 80.2974 76.6152 77.1849 77.3484 79.9255 76.4305 76.5466 72.1812 69.7281 73.8983 72.2814 72.1627 72.0809 76.689 78.1398 82.339 74.075 77.0768 78.1371 80.0231 75.8687 78.2268
71.9876 79.3627 82.0351 78.8698 79.7464 78.9843 78.7152 77.9346 75.3048 80.7855 76.176 75.9282 73.9859 71.9023 76.5437 69.6509 68.4519 70.4715 71.063 72.5897 70.2237 73.0027 78.598 71.7851 76.6663 74.8225 79.5359 74.0099 78.1797 72.9068 78.7419 77.5669 77.3884 76.9061 75.5126 72.3872 74.1298 69.3578 76.4025 76.1361 76.4558 81.3077 78.9018 81.9552 80.5324 86.1703 86.0584 87.697 91.5551 91.1048 91.2141 92.6022 88.3445 90.8704 93.5241 95.4106 91.0462 91.8988 93.3376 93.9584 94.7791 93.2151 96.2019 95.0455 101.03 102.066 108.354 110.723 119.718 130.032 134.37 153.444 166.713 175.978 180.739 180.39 174.693 167.212 155.155 139.717 134.05 122.633 115.255 110.166 104.992 98.4533 97.9391 98.5333 96.5536 94.2169 92.5596 90.913 94.2888 89.6181 93.1058 93.4575 93.0579 94.454 92.3944 91.8296 89.1838 89.1278 88.2033 87.689 85.5895 86.2369 80.7828 81.1079 79.0989 77.2631 74.9078 76.621 70.3116 75.9362 74.2443 70.4608 78.0891 79.3254 75.859 81.806 79.368 76.6876 80.3725 76.7169 75.2808 77.1299 75.1476 73.6555 72.2513 72.3366 69.8773 72.7922 73.9726 74.287 71.825 75.3501 72.0302 73.5862 72.4698 76.0801 76.4824 76.8848 77.7214 82.0884 77.836 78.6113 78.177 81.1399 82.3335 73.6608
71.9423 76.676 81.2698 75.6722 79.4855 76.4553 73.1237 79.0307 78.8128 74.1571 75.0909 71.6839 73.0403 80.823 76.7513 77.7874 76.2158 70.7743 71.7808 69.9239 67.039 67.9136 68.4761 66.1213 67.1359 71.6409 72.1791 76.7675 71.8373 73.6081 73.0133 78.0027 76.1405 76.5011 79.3133 76.345 74.846 76.9047 72.171 80.6804 76.5253 73.888 81.0599 79.9161 82.7122 82.8818 80.5647 88.1268 83.7214 85.5245 89.5181 91.3454 95.0888 94.9973 94.4429 95.9688 98.7407 98.8564 101.722 99.9624 98.6492 98.6249 105.089 104.416 101.822 105.657 108.771 113.052 117.998 130.819 141.126 151.966 164.259 174.176 179.305 179.663 173.754 164.948 151.49 137.703 126.704 118.916 114.869 107.823 105.538 103.754 102.847 104.115 99.4726 99.0286 101.198 97.1959 99.5937 96.2271 91.7464 98.337 89.5692 91.9348 92.0155 91.8594 90.6941 87.5563 89.4078 85.0858 80.7558 83.7671 80.7046 80.2848 73.086 74.2836 75.7099 78.2826 81.4608 75.5672 78.7078 76.8321 75.4327 71.0111 79.6793 75.8444 80.2956 68.0186 70.4568 71.396 71.7862 72.2114 71.4229 72.3459 72.0015 72.0338 67.7279 65.2467 75.1259 74.2486 73.8153 70.1231 77.0581 70.7286 73.1291 74.2889 79.211 78.9796 75.9682 81.9533 81.5227 77.9274 76.275 77.2035 76.4634 73.4305
69.5852 72.2922 75.347 74.991 74.6757 77.0647 76.6271 78.8123 74.336 74.9122 69.963 74.2028 71.3518 72.5993 72.3384 73.0504 72.5041 68.6584 75.1839 72.9635 73.2244 72.0774 71.9171 67.8322 68.7807 68.2453 69.1014 70.6669 70.1287 72.2378 72.1671 69.8434 73.2162 74.8931 76.2738 74.7165 74.1892 79.9538 81.2121 81.1061 77.4207 82.1688 80.9512 77.6518 78.8096 81.31 84.0387 81.4921 84.8704 87.0637 91.7819 88.4661 92.9261 96.5843 96.3316 99.4979 95.2145 97.3997 102.452 100.645 107.149 109.595 106.681 108.228 111.853 111.253 113.223 114.422 127.138 131.675 141.008 154.398 163.653 174.358 181.221 181.629 176.185 166.205 153.322 142.304 133.702 126.239 115.033 115.313 111.886 114.128 109.184 106.249 103.045 105.268 105.393 105.871 104.023 98.7178 96.3479 99.5767 92.8636 94.9944 92.9506 87.4197 84.4165 85.3514 81.6715 82.7097 84.7834 82.2123 83.5522 79.0786 76.0374 80.9105 79.8369 79.8125 77.6056 77.7007 78.5541 72.9553 75.9613 73.1646 73.1347 70.3054 65.2448 66.8075 72.5041 67.8376 72.6373 67.8729 71.0528 73.5043 71.9878 75.2927 71.6507 76.7984 69.3596 76.0238 73.1401 75.7982 72.4036 73.8468 76.6489 72.7623 76.8119 76.5184 72.8629 73.1293 77.2414 76.8391 73.681 73.6239 67.4652 70.9142
63.0893 65.6637 64.5082 65.735 71.6907 72.2671 69.3304 67.3489 70.7274 75.8158 72.7145 68.9407 69.9342 64.3298 70.9854 72.2808 70.3624 67.7962 72.3412 72.8215 71.9405 71.6276 71.9762 68.9078 74.1773 68.9434 71.6688 72.6459 73.0219 73.3649 72.8901 71.9213 71.4053 74.202 72.7227 75.5194 77.0152 78.113 76.8094 80.8494 82.4 82.82 83.2344 81.1403 83.0203 84.4969 79.6884 81.0799 81.2254 85.9872 86.5663 87.7794 88.1938 95.4724 93.0929 95.176 95.0689 98.6204 103.226 105.314 105.778 106.758 106.341 110.691 115.672 115.148 120.969 126.19 130.638 137.511 146.225 153.232 165.991 174.689 180.356 180.137 175.342 166.321 156.314 145.465 139.094 131.388 126.991 121.17 117.347 112.684 110.03 111.52 105.46 101.272 100.904 101.472 101.672 96.7157 94.8494 93.2603 95.2089 92.0664 87.7657 85.6716 88.9239 84.7219 83.9864 80.7259 83.5994 80.3498 81.4093 81.2281 78.9474 80.6655 80.1166 80.0809 76.2879 80.3581 71.3312 73.5818 78.6619 72.0421 75.4014 71.666 70.4035 64.7223 69.3771 74.2295 75.2971 73.4802 72.0338 75.1818 72.9258 72.5086 67.2336 72.0311 69.4265 63.0426 72.3577 69.41 68.9654 70.9964 70.0001 72.2259 72.1107 65.3206 76.9274 72.7502 64.4177 69.7915 67.9334 66.7203 67.2034 62.6419
58.9561 58.1635 59.1556 65.6266 62.6779 69.1405 67.1951 64.4737 65.1832 64.3684 71.8536 67.6995 68.9854 66.796 70.4264 67.0205 69.789 63.9583 68.0348 62.7389 65.6875 67.2893 62.8996 70.2463 66.4857 67.6191 69.2708 72.3912 67.9932 73.6937 72.4522 74.2702 74.5445 74.5972 75.8082 73.0702 80.3476 78.2996 78.549 77.4793 77.4183 80.7439 77.9366 81.5143 81.3508 82.2016 83.5096 82.4344 84.9479 87.1233 79.2945 83.5318 83.4292 83.3904 88.5339 87.6 90.1662 90.7537 95.1517 95.3984 100.287 102.981 105.865 106.633 111.07 115.978 118.857 125.65 132.98 138.317 147.471 156.721 166.418 175.106 179.083 179.338 174.072 167.111 157.91 148.596 138.386 133.11 125.974 119.101 114.484 111.38 109.177 106.874 104.871 97.8149 98.1863 94.5476 96.4986 90.0498 86.1894 86.5109 83.4348 83.3378 83.0828 85.2694 85.8957 83.1577 80.7023 82.4316 83.4819 82.2431 82.5119 80.658 80.4418 78.6377 78.3827 74.3311 82.8473 77.3491 77.9116 80.2423 80.7522 74.7773 75.9302 74.0429 74.2092 77.2521 71.0694 69.9719 70.0939 66.4469 67.2949 71.8924 68.5419 68.8579 69.0879 68.2537 66.6852 67.5055 70.0911 67.3808 68.6694 74.9824 69.1128 73.0259 67.4833 68.154 67.633 63.501 63.5869 63.8724 64.1328 61.0456 56.6726 56.5811
57.6161 56.4438 55.5848 63.5031 64.5831 58.3716 62.8903 55.4729 65.4505 65.0476 63.2485 68.089 66.3962 69.9105 71.2395 69.9301 68.5031 68.892 69.4125 69.0403 70.0504 71.7012 68.3436 68.2821 68.5814 71.2759 72.7197 70.4001 72.6301 69.3957 70.5372 73.9536 70.5764 73.9172 78.8277 76.0745 77.6217 79.2446 78.8389 83.2317 78.5059 80.0168 78.5115 79.0459 82.3336 82.1545 79.9385 84.3117 83.7997 80.9178 81.399 83.5507 81.6229 84.1942 86.6788 88.7745 84.4209 87.1293 90.5345 94.4768 97.1069 100.204 108.875 110.02 114.331 118.926 124.773 130.624 133.506 140.775 147.986 157.202 168.836 176.447 181.419 180.988 176.961 169.289 158.789 148.299 141.601 131.449 130.907 121.279 116.402 112.328 106.738 105.33 103.131 95.9793 94.1606 91.4914 88.0107 85.5736 85.5988 83.033 84.0263 83.5339 89.0347 84.4684 83.5954 88.0974 78.103 83.5898 83.0862 82.8652 78.7549 81.5613 82.549 82.2384 74.1103 75.028 76.8327 74.2781 74.4516 72.882 71.1696 70.4365 77.1713 68.4443 70.526 67.4287 74.7538 68.3856 67.3895 69.8825 68.1645 69.7202 71.2703 72.9939 76.2451 72.826 73.1757 70.1791 68.8529 71.0017 67.1069 67.4762 63.9816 66.4662 66.2116 61.7795 63.1198 60.4505 57.5714 59.418 62.1573 59.1634 56.1892 51.8831
50.9378 52.3106 53.4857 51.966 56.5702 57.6832 60.7932 56.525 61.8496 61.9598 60.0079 64.8212 63.4597 59.9514 68.4142 65.7279 66.855 68.5611 73.0919 76.5437 76.5098 74.6229 75.846 73.2529 73.9901 70.4254 68.6599 67.7928 70.5779 70.883 74.4167 69.2729 69.335 70.4593 68.2193 71.7784 69.9085 69.4339 73.3687 77.182 80.2892 75.168 75.5465 76.3911 73.7303 83.1676 80.0435 83.1196 82.5546 82.1818 88.4893 85.111 82.3597 84.3257 86.3651 88.3453 90.5852 90.7688 93.5992 98.3984 98.0114 99.4661 105.265 108.553 112.505 121.877 126.897 133.922 141.969 151.409 154.364 164.83 171.329 177.467 180.668 180.21 176.207 171.044 163.027 156.259 148.141 141.455 136.797 125.304 119.714 113.129 107.737 101.924 100.192 95.4946 98.0735 93.7348 94.0172 93.0907 88.704 86.4584 87.3312 83.0263 87.7182 88.2436 83.1535 81.5208 79.6113 82.8145 79.8429 78.5916 78.3402 80.5378 79.3486 73.2953 74.1201 71.6287 70.7248 74.5664 64.7082 69.9791 72.832 65.7844 68.3577 67.9707 69.3435 71.0383 70.8604 74.2585 72.9507 73.8404 78.069 76.1228 74.2698 74.9901 72.9168 69.0695 66.3691 66.4115 68.708 62.7902 66.4793 68.2136 64.115 61.8016 60.0757 61.8637 62.5445 60.9683 58.0899 57.138 55.1861 55.5901 54.3048 50.2542
53.8774 54.0456 57.3162 54.8355 56.743 60.1362 59.3578 58.6193 65.1347 61.6304 61.0031 59.6344 57.7239 65.2488 63.0675 66.4378 67.1878 67.2049 72.8934 71.1455 73.5949 72.0466 67.2163 75.973 75.876 72.6995 77.0365 72.4971 76.7656 73.7489 75.4112 73.5949 77.5983 69.4233 71.4791 65.9388 69.9793 66.0729 68.0318 71.0058 72.383 70.8262 73.5778 71.5761 77.4756 79.4346 77.4785 81.9524 83.361 84.9378 84.627 88.4507 89.788 89.0866 96.4033 94.0994 98.8099 100.412 97.4469 103.72 105.927 106.534 109.631 116.201 121.864 126.067 134.179 139.394 143.491 142.317 152.619 162.664 170.423 178.892 181.903 182.322 177.6 171.715 163.275 156.739 148.077 141.302 137.843 132.3 129.043 121.171 115.839 115.014 104.664 106.024 100.087 105.191 97.2131 95.9841 92.5282 96.7854 91.8211 97.2844 86.9081 84.7553 79.0753 81.7385 75.0035 81.4762 72.8678 77.4443 74.0882 71.7614 68.3597 70.427 71.5818 66.9967 67.7751 67.5014 68.0774 68.2627 73.0503 70.2872 72.9932 73.6662 78.4109 77.9632 73.1786 77.3245 76.4548 74.111 76.3807 71.7785 71.0571 70.963 67.4986 69.8225 64.9437 68.2827 64.4932 63.2015 64.9123 66.5291 60.2075 62.808 59.9794 59.0327 60.8548 60.9802 59.8368 55.8477 54.576 52.6427 50.3046 51.8757
53.7374 50.1772 54.3447 53.3201 56.2586 59.0936 60.1096 57.1767 61.989 56.6414 58.8086 61.186 61.9343 62.9906 61.2176 62.4466 65.3103 64.6944 63.8079 67.348 67.0746 66.2601 70.1024 68.3323 69.7397 72.8078 72.7963 70.6521 71.9473 72.261 75.4154 76.8919 71.6767 74.0166 70.4478 72.2639 67.5869 68.623 70.6607 68.6029 69.3627 66.3551 70.2808 70.8018 73.7202 70.0679 76.0918 72.7128 80.1701 79.8851 84.1793 83.5173 91.4782 96.7595 99.56 96.0832 105.417 106.082 106.277 111.17 113.815 118.662 118.504 123.563 122.513 130.73 129.147 135.39 140.553 147.458 152.748 163.659 171.058 176.932 180.933 180.947 175.931 170.218 161.819 151.406 148.468 138.57 135.511 131.519 131.7 126.214 124.082 121.255 119.62 112.604 116.342 108.865 103.172 98.7886 99.2405 96.2674 91.7862 85.1924 83.1432 83.3446 82.9071 78.2158 75.5564 76.1148 74.4023 71.032 71.2421 68.0906 65.9176 69.3512 68.0215 70.1571 67.9121 71.1874 71.3112 71.5414 72.0048 70.9629 75.6197 76.512 73.182 74.8743 73.0438 70.4334 73.8929 72.4682 73.0755 70.5888 64.4123 66.3522 63.1488 64.9419 63.546 65.8428 65.1175 63.9346 60.8665 61.1831 61.6091 58.374 59.4217 56.7162 60.1729 57.2401 55.7348 60.5643 52.9891 54.4253 51.573 51.8752
51.4184 52.3364 54.0938 53.4605 51.6479 59.2237 60.2578 61.382 53.9079 58.2216 57.6348 62.5294 57.8497 59.2208 61.0247 59.0698 62.268 60.7139 57.0683 59.4387 63.9702 62.2825 60.2433 59.5345 61.9746 65.4778 65.9891 65.2425 69.4894 67.1626 71.1858 70.8314 74.3172 70.6833 78.8894 74.4189 75.5779 73.4342 74.6106 75.1858 65.9135 68.7893 69.9861 64.8736 71.334 72.1909 70.2127 73.7798 75.9033 82.3229 80.3796 79.2845 84.2372 87.3628 95.2901 97.5123 100.321 105.753 109.143 110.392 121.355 122.822 128.292 128.882 133.704 133.933 136.013 140.881 144.309 145.215 155.562 160.46 170.522 175.002 179.722 179.548 175.562 169.843 162.857 151.876 147.6 144.614 142 135.438 135.115 130.363 124.606 125.588 119.708 116.827 117.126 110.851 103.99 100.864 96.2139 88.4638 86.4478 81.2046 76.5656 78.2126 77.3499 75.0783 71.273 70.2795 67.2411 72.1357 68.7341 70.5468 65.3471 68.7022 69.5417 72.8212 66.8402 76.9984 69.6404 69.9919 70.0646 73.1524 71.3427 68.676 66.7966 63.8889 67.915 68.9665 65.8206 64.7168 64.1648 56.8243 60.0574 59.215 60.3014 65.8061 56.4699 60.9114 55.4591 57.4227 61.6463 60.6703 59.2092 56.5048 56.3654 57.6696 56.3566 60.2404 57.3501 57.69 56.1272 52.3335 51.8832 52.2725
54.9342 54.9019 53.231 57.0625 59.9677 53.2955 52.9407 60.554 58.669 57.1827 54.0606 53.6003 57.599 56.8133 53.1929 59.5719 55.4326 57.9185 52.7179 57.9185 55.6055 55.3153 58.4667 57.9683 61.2839 61.2956 62.8318 59.0999 64.6493 66.8744 68.5014 70.0786 68.1906 68.9265 70.7997 72.3417 74.001 71.7788 76.5367 72.201 70.8378 76.8768 76.4781 71.9196 73.0511 76.8533 72.758 71.0372 69.7883 76.053 83.3409 81.7608 85.39 88.3948 93.8944 91.687 96.5006 102.947 108.555 114.905 114.799 121.498 123.286 128.604 130.336 136.748 137.624 140.916 144.859 147.199 152.302 159.927 169.584 177.344 181.093 181.117 177.338 168.388 161.906 153.32 148.77 144.654 140.735 138.574 134.655 132.034 129.9 124.825 123.154 119.815 111.082 104.65 104.29 99.2943 95.0934 92.6251 86.1375 85.4428 81.9982 77.7621 76.3696 73.9453 75.3934 71.6147 73.2534 73.2622 75.0504 73.529 74.8892 74.0449 76.9882 74.643 72.4355 70.3658 72.9544 72.8782 69.2665 67.1294 66.7014 68.302 62.1605 62.9461 59.7478 62.9373 59.2524 61.7324 58.8507 62.5709 56.1127 57.6723 56.9276 56.8866 57.6898 53.9463 55.4736 56.2123 55.2244 55.2625 55.8987 55.3446 56.8925 53.0434 53.0844 54.8257 55.0456 60.3136 58.1208 50.8828 49.804 49.763
53.6894 50.4856 52.9173 52.2783 54.1568 55.5412 51.6985 52.5712 56.411 54.9555 50.9116 58.4019 53.3758 50.1661 54.8283 56.0944 55.9524 55.8578 55.4436 55.8223 57.825 57.3073 57.7658 57.6268 56.2897 58.5143 57.612 56.908 57.2245 59.6591 62.8126 63.7119 63.3954 63.073 63.5877 68.2203 74.6811 72.7257 72.6695 75.826 74.3824 78.1482 81.4556 78.6482 77.4471 76.5508 80.0178 77.2282 83.3252 87.9637 81.9703 90.5877 90.3451 91.9603 97.4715 96.2439 98.7406 104.367 106.438 102.347 106.624 111.926 114.612 118.673 120.354 122.741 129.521 133.968 137.307 143.736 154.442 159.193 167.535 176.288 179.815 179.88 176.661 167.035 159.897 152.409 145.898 138.852 132.018 129.956 121.833 122.466 116.635 116.638 114.763 112.041 106.858 107.678 101.335 99.356 97.1136 92.5756 86.5467 87.0585 85.1563 84.4079 81.7277 79.0091 79.5711 78.799 80.151 79.5889 79.8758 76.8022 77.2933 74.1871 76.249 71.6075 72.2909 73.6398 68.5871 69.1108 66.5548 67.5961 62.647 61.7329 60.8572 60.4431 53.3935 57.5558 60.5791 57.8871 57.2127 55.201 53.7042 58.6711 56.4021 55.7247 51.5535 51.2754 53.7219 57.0292 52.3996 53.8166 51.0772 49.5715 55.1744 53.0593 58.6237 51.8671 56.7157 56.3252 57.3191 52.5771 51.3819 54.5177
50.6041 51.0787 56.6188 58.3442 58.2397 60.4306 57.389 55.8547 55.6965 55.7592 53.1055 53.7025 53.4966 51.6907 53.4219 57.9083 55.7651 59.1292 55.0786 53.7861 54.4398 55.7234 51.1772 51.1623 57.9113 55.6308 56.5621 52.8578 60.3262 58.3531 57.0039 57.189 63.0962 63.2634 65.5618 67.5498 66.4722 66.523 66.1857 73.1705 76.1525 81.8896 81.6687 84.0716 88.6923 85.0835 88.8595 91.4355 94.8801 93.0713 96.495 91.0952 102.002 101.955 98.8084 99.1964 101.94 101.465 103.253 100.701 100.25 105.662 104.241 109.659 112.545 111.877 121.285 123.163 129.876 140.956 146.678 158.152 167.191 176.973 181.199 181.626 177.617 167.092 159.618 148.514 141.431 133.434 126.07 120.724 114.99 109.56 106.539 102.963 103.934 101.325 99.4083 103.348 98.7845 100.128 96.6353 100.704 98.683 96.0771 93.916 96.8711 95.6622 93.9757 87.0088 91.9429 86.8774 89.7759 80.2329 82.8298 79.3912 75.2391 78.6867 71.672 68.8214 69.4094 64.6693 61.5619 62.8306 61.3858 62.341 60.1023 59.9978 59.8068 59.3441 56.786 56.3771 58.8486 54.0757 53.0578 53.6995 57.0845 52.1295 54.6458 53.1294 55.4099 53.7622 54.0548 53.1533 54.2697 56.8188 53.5473 55.1711 58.9322 57.5113 54.9413 53.416 55.5055 52.2936 57.186 52.9443 55.6756
48.8705 52.6321 55.9991 57.0743 58.6374 59.5589 57.0171 55.2432 56.3364 58.2458 55.6106 58.9596 59.2006 55.5173 56.9207 52.3098 55.0053 53.1983 53.8368 53.6169 56.4208 55.7492 56.5683 54.0054 54.9993 56.0383 54.2253 54.8035 58.0832 58.8783 63.191 61.3931 61.1461 60.601 63.6699 64.733 63.7271 66.5942 71.4009 71.7833 74.1867 78.5114 82.2309 86.4352 89.233 96.2592 94.9311 100.322 103.644 103.749 105.791 101.111 104.081 99.56 102.376 103.77 104.189 100.039 99.3402 98.5451 94.5998 95.6931 97.5452 99.8913 102.713 110.968 113.36 119.838 123.102 133.7 145.874 156.014 166.79 175.542 179.996 179.743 175.71 167.193 154.62 144.362 132.83 127.96 119.371 112.339 105.966 103.755 101.539 96.4159 99.2769 99.2438 98.0632 97.8524 96.7471 100.692 103.397 102.252 99.7528 105.159 104.337 105.092 101.68 100.711 96.0424 93.5999 88.2964 89.1276 87.17 80.46 75.5329 74.3132 71.9068 71.6328 67.7959 68.2386 68.1001 64.9619 60.0498 58.5741 62.4381 58.0561 61.4593 58.8452 58.3091 59.7306 54.6198 56.2551 54.8788 56.0744 52.5387 57.5261 55.1408 53.9723 53.4121 53.2525 52.4092 49.8734 55.8606 51.3371 55.2101 54.3216 56.3425 58.6976 57.5502 54.0687 55.3607 57.0954 57.5381 51.6412 49.1897 53.1862
50.8839 52.1114 52.9044 52.4791 53.1141 57.8418 60.0386 59.9018 57.3861 56.0431 57.0397 58.9782 57.6079 59.7985 51.8167 57.1065 54.5816 54.0894 61.6094 59.4005 60.2513 53.901 58.328 57.3496 53.7886 55.6663 56.9394 60.1388 58.331 61.8464 63.3778 62.5787 60.786 61.421 68.0113 65.0671 68.7223 70.3812 67.2274 73.9635 74.8841 80.6632 83.6529 88.4961 93.8802 95.5847 101.017 103.904 101.807 105.229 109.856 108.401 107.052 112.378 107.963 106.568 105.891 97.8756 99.9174 95.5786 102.047 99.2125 100.206 101.941 108.097 114.69 117.801 121.107 125.58 134.427 146.651 154.69 166.592 175.394 181.851 181.474 176.983 167.23 157.212 144.448 134.02 127.743 120.117 113.131 113.302 105.535 101.507 100.771 95.6789 96.1286 101.443 101.002 104.065 103.138 106.954 103.694 106.173 110.625 112.196 110.12 105.581 102.655 102.54 100.17 97.8665 94.1506 91.6986 81.5747 82.5652 77.3908 74.3707 74.0607 70.8005 72.5081 65.535 62.8704 64.7268 60.0872 62.6941 59.5555 62.846 61.9558 57.061 60.9531 58.884 56.9546 57.0458 56.4563 58.6804 52.5368 54.1957 58.1639 51.2151 56.4107 55.1194 55.1012 56.745 54.8763 57.6686 62.8369 61.5243 62.2414 54.1319 53.1657 56.6113 58.0758 56.8847 55.8243 52.5459 51.3518
46.8163 50.4638 52.6891 53.6454 53.4186 55.0278 57.253 53.5228 55.414 55.5335 56.2139 61.8507 61.9028 59.0216 61.9518 52.3672 55.1258 59.0492 55.1105 58.8683 58.1817 56.6553 58.8346 60.0269 58.7089 58.7641 59.043 58.9296 61.0415 58.4423 61.7066 63.2116 64.22 64.2169 67.2422 69.0659 67.3464 72.8789 74.957 80.6826 82.8773 87.9592 86.3316 87.3584 94.1722 93.8564 98.5031 96.4434 104.603 105.878 109.525 106.362 105.099 108.357 103.413 104.149 105.207 104.79 101.562 99.625 100.771 98.9813 102.111 107.508 109.942 109.706 116.946 116.422 125.148 128.161 142.564 150.395 163.704 173.163 179.863 180.164 173.757 163.52 153.666 143.658 134.212 124.955 119.386 115.885 109.654 110.016 107.174 100.566 104.238 102.923 99.8426 101.348 100.977 102.626 101.893 103.594 109.268 108.698 107.714 107.141 104.134 99.5759 99.674 97.3261 92.7469 89.3109 93.6358 87.1561 85.7554 80.652 80.2106 75.7938 66.8345 69.6789 65.5073 65.2683 65.9303 68.4713 65.0629 61.2806 64.1035 65.1763 59.3434 59.3495 61.2683 57.1519 55.3343 58.3963 57.0262 58.3902 54.6415 58.1725 59.5273 60.8821 56.309 57.2193 59.5518 58.6017 57.1243 56.689 56.5787 56.4193 56.7411 57.8936 52.2998 51.2822 51.2148 54.0347 48.9282 48.9987
48.0127 49.7411 51.6549 52.3104 52.0012 58.5837 55.4888 53.7295 52.2454 55.566 55.6557 60.0956 58.1972 57.6407 61.7126 59.5978 61.0447 60.4697 60.3151 62.6216 58.7166 60.2687 61.8208 63.7284 62.9771 60.9427 61.6755 61.2148 63.5862 66.3194 65.6175 69.7451 66.9779 71.5971 70.2738 71.9496 79.0174 76.6491 84.5085 84.2828 89.477 88.8556 89.7151 94.7579 91.428 99.5254 101.668 95.2989 95.3175 99.4079 96.211 98.8081 93.4315 94.223 100.425 102.747 103.706 103.263 104.469 104.308 108.863 105.183 107.697 106.72 109.747 111.877 108.031 116.026 122.785 127.995 138.897 152.256 164.444 175.961 181.381 181.511 175.136 165.202 151.36 140.504 129.525 119.771 116.484 113.565 109.305 109.036 110.211 106.902 105.517 105.65 105.255 100.929 101.888 101.541 99.6893 97.2158 99.9119 96.5697 95.2062 97.9795 98.9905 99.7821 97.9486 96.1801 97.0489 91.1868 95.6267 92.7822 86.7006 86.6264 82.2762 81.5064 84.2612 83.111 74.9239 72.6112 72.3144 67.9859 68.36 64.7116 61.2797 65.6886 63.4533 62.7205 61.3725 60.4418 62.2165 61.5765 57.5479 55.1888 59.6534 57.5293 63.7841 57.956 60.1605 60.8314 56.1349 55.9649 52.3475 56.4812 54.0387 53.646 50.0626 53.2225 53.5533 51.4416 55.2229 54.0882 49.9111 49.7689
47.3392 55.2821 48.5429 50.3735 51.4525 53.4016 55.4349 50.6667 51.9484 53.7072 54.4401 54.1937 55.8247 56.779 62.1865 58.3195 61.6563 58.9339 62.6293 65.7884 62.6293 64.9495 67.0982 66.3715 66.3871 66.7894 65.9661 68.567 68.8788 73.0296 66.6241 73.1013 79.8997 73.7313 78.7178 76.3726 86.4829 85.3602 93.0879 93.7522 93.8925 96.7865 94.4195 98.1774 98.642 96.4934 92.168 93.7771 88.4226 89.0681 87.7085 87.774 91.326 89.2709 90.8301 92.2833 95.9788 94.7033 102.372 105.765 103.828 105.241 106.928 105.26 106.959 105.138 114.331 115.713 122.103 126.921 140.025 149.568 162.431 173.58 180.135 180.132 172.741 161.284 151.467 137.068 127.089 118.164 115.064 112.41 108.122 110.711 108.662 108.971 106.02 105.883 102.051 100.469 96.8956 97.1264 91.5598 94.5942 89.8758 90.9642 87.6991 85.8873 87.9112 90.5151 94.4757 92.1493 96.2002 92.1555 98.8167 99.0848 92.8447 96.484 97.2293 90.8114 86.8509 86.4174 80.6294 80.3176 75.908 75.5992 70.8248 76.2728 71.7853 64.9557 64.6127 62.6044 63.9547 63.7426 63.6615 65.2988 65.8757 61.6563 65.4516 63.4121 61.1605 57.7239 59.4422 57.6178 57.2592 53.8413 53.2488 58.201 53.0991 51.9484 52.7748 56.439 52.7186 51.0159 47.966 53.9255 47.3673 49.4847
51.0786 51.4781 51.4372 52.2769 54.2899 53.6451 53.3683 55.5103 58.646 54.9032 56.6079 57.2307 57.8 55.4127 59.3223 57.7717 61.2409 58.1648 62.002 62.6279 65.6096 63.9049 64.839 62.4266 68.2013 67.893 69.8305 70.5193 74.3345 76.4198 75.4731 79.7034 83.2292 84.7609 92.0044 94.464 92.6869 98.7855 97.9489 93.0423 95.9108 92.0673 90.3186 93.7689 94.6024 88.6484 84.5502 87.2708 84.5659 82.8738 88.7522 85.736 85.7517 89.7619 91.0577 89.8342 96.2725 96.0869 99.9524 94.1558 97.9206 101.211 101.459 104.651 108.929 109.605 115.248 115.713 123.991 131.697 141.378 154.098 164.081 175.57 181.452 182.03 174.837 164.389 152.11 140.96 129.055 123.098 114.924 114.732 109.825 109.306 103.755 102.085 101.264 94.0771 101.758 96.0681 92.7718 93.7783 88.1263 83.8866 88.3842 85.8146 90.4255 81.7572 87.6168 81.5434 89.5763 82.6662 86.4153 86.7676 95.2943 95.6812 94.4671 98.0024 94.9609 97.7382 95.3572 92.7781 89.2995 88.617 89.0919 83.3928 78.9611 74.7182 76.3726 74.6364 73.2588 67.9371 67.7389 67.5471 70.3149 62.6216 63.0903 61.4516 64.1156 62.3134 58.341 53.6514 57.4634 61.0176 54.6327 57.4163 56.3972 57.2275 56.9445 56.4287 56.3783 52.3336 53.7804 53.3652 56.4916 54.2427 53.6388 53.0035
49.4126 50.5228 53.0667 57.1934 53.2475 57.8563 54.3386 54.586 55.1506 58.2306 56.6795 57.2949 57.647 57.3805 58.1069 62.7221 64.9456 60.7015 59.9593 61.3232 67.0137 63.9782 66.392 69.2626 71.1119 67.9463 72.4948 73.9539 75.7144 88.9065 86.0898 92.7096 90.4956 92.6113 97.918 98.3303 98.9489 94.9078 93.7025 91.6375 92.8778 92.7001 85.1858 88.5481 83.1684 83.1177 85.0811 85.7948 84.3769 83.4158 87.9739 83.4444 87.8471 86.3467 90.6733 86.6385 90.299 90.8287 88.1674 89.6678 88.6781 93.712 94.1561 97.9212 103.345 108.465 110.945 114.241 123.11 132.267 141.386 153.433 168.123 173.835 180.274 179.887 175.437 166.286 155.226 144.866 131.715 124.435 115.649 110.749 106.305 101.575 101.35 93.7945 95.9958 91.647 91.3711 90.9492 88.8335 88.7542 89.2142 86.4006 89.3696 85.7187 84.4372 83.4349 88.1262 82.3913 80.7355 84.8781 84.3738 88.9287 92.0689 86.388 84.9511 90.3783 87.9295 92.0594 93.4265 95.5136 92.6081 93.3567 90.9016 89.1158 84.6529 87.7265 78.0997 79.7427 76.9451 71.7494 71.8097 72.6059 69.012 67.6132 66.4332 69.2404 64.5396 60.2638 62.665 64.9932 56.6922 59.7595 60.5398 57.4344 53.7645 58.3543 57.2536 56.2481 59.604 58.2369 55.0301 51.3855 53.1999 53.9358 50.6528 49.66
53.7758 57.4991 55.0201 59.9013 58.6538 62.4986 60.9376 59.8981 59.8661 61.6605 63.7205 57.7326 66.5545 64.5777 67.1558 68.4289 65.7644 64.9711 70.0122 69.702 76.5503 71.6403 72.2417 75.2196 78.0984 79.3555 84.7836 91.021 87.3713 90.1574 93.2793 93.0905 96.5003 91.4464 95.0577 95.8254 91.7375 86.3382 92.2717 84.7324 84.918 81.3003 82.0136 80.4462 85.0395 80.3855 82.4134 80.056 84.2143 85.3818 85.0075 85.9511 89.3993 87.3969 85.7208 85.1771 89.0282 88.542 92.0766 91.0754 90.2437 91.8814 94.7954 92.6907 100.076 106.036 107.737 118.849 127.262 134.587 143.341 154.246 169.452 176.62 181.415 181.649 175.712 167.549 154.857 145.913 134.177 125.391 117.711 109.25 106.455 101.564 97.6614 97.2392 90.2565 88.6956 87.3777 91.0466 87.0419 86.7252 85.7688 86.5141 91.3089 90.1606 85.0651 84.1759 86.4341 86.6069 78.4407 85.1803 80.7725 83.2003 85.6633 81.0668 84.8092 87.4865 85.5609 89.7671 92.9082 90.6692 88.5133 93.5863 96.5835 95.6239 96.2284 95.24 92.3708 89.8471 86.0599 81.1659 78.1496 81.1084 80.3951 74.8806 71.9282 72.4272 71.5572 67.8723 69.3629 68.624 65.0191 62.5561 66.0491 60.2627 62.4666 60.3843 63.2663 61.411 61.5358 61.846 57.288 59.4694 60.8001 59.1304 55.4263 53.3056
56.9761 59.4952 58.3437 61.0724 62.0271 66.52 62.4948 63.4978 69.0519 64.4106 70.3518 69.2584 71.1871 69.8454 70.684 72.5224 78.2604 75.622 75.0963 74.2512 77.4443 82.892 79.0054 90.6877 83.6725 89.7556 91.3425 94.0324 94.1292 96.1934 91.1941 98.8801 93.1325 92.1359 86.2625 88.9041 88.3429 88.5235 85.2949 85.3078 83.679 81.9824 78.9312 86.1367 83.2855 83.908 85.4239 82.6727 83.35 88.3816 83.5306 85.1788 87.3882 82.0695 86.7076 83.8402 84.4789 88.0558 84.0757 85.5626 91.0489 94.0227 99.4768 96.8836 103.099 106.45 109.959 117.21 118.761 134.556 142.477 156.218 166.594 174.56 180.034 179.547 175.492 165.684 153.789 141.929 130.334 123.328 118.513 113.336 105.463 100.393 97.1223 94.413 93.1583 93.3583 83.866 83.5145 84.0628 82.8275 82.2018 85.7368 83.05 82.7823 84.5402 78.7764 84.7595 79.7569 83.8886 81.7921 87.901 84.4756 80.6117 84.2466 79.0506 79.8892 81.2503 83.7177 87.7268 93.0358 87.0688 87.9429 88.359 91.8488 89.533 92.4971 90.5458 93.6841 91.3199 87.0398 85.6723 82.9146 87.4204 80.4085 76.6283 78.7571 75.2446 75.8542 74.1932 76.4896 71.8741 66.8361 68.7004 67.9424 69.3132 65.2782 66.462 67.3457 65.0105 64.3042 58.6662 62.0303 54.4926 59.4694 54.0733 54.5055
59.3179 60.1537 64.7554 61.2855 69.097 64.892 67.2693 65.8676 75.071 71.3962 72.219 76.3003 73.8352 74.8076 76.58 81.3963 80.9313 82.4435 84.4825 84.6647 82.9931 86.4826 85.211 88.4794 88.2062 94.2258 94.8274 89.9786 96.4177 95.9917 91.029 96.1803 90.3168 86.2614 88.2029 86.5899 82.4012 86.4566 87.4322 81.0451 80.967 81.2597 81.4484 81.2923 79.1524 83.8224 82.9801 83.2793 87.468 83.8354 83.4484 81.8289 80.0044 83.6077 78.2548 82.9411 80.3394 88.5411 86.8013 90.0664 91.5331 93.5136 93.3087 99.3836 99.0324 107.663 110.857 117.312 128.343 134.584 143.469 156.9 166.854 177.606 181.661 181.255 175.674 166.815 156.113 142.705 136.002 124.298 116.398 108.106 106.018 98.6649 95.6762 93.9038 92.7396 88.6842 86.3915 85.3931 84.7785 82.4077 82.7492 79.0483 81.6077 81.5687 81.2597 83.2435 84.9021 81.6467 85.0647 78.6353 83.7053 80.9183 79.8093 81.8223 81.3118 83.3346 80.0044 86.9639 83.4224 78.8825 86.2192 90.6648 88.1346 89.52 92.0046 92.6778 92.5802 90.3818 93.5624 90.8241 92.0827 89.7607 89.3997 89.6956 90.7135 85.3996 82.6321 83.0809 81.5069 75.2889 78.5377 75.5231 78.1735 73.4645 74.8239 74.2905 70.9311 70.6027 70.9636 66.027 70.0433 66.0725 67.3278 62.079 61.7017 59.6919
61.9954 64.3955 67.8185 67.389 72.5302 71.235 73.199 75.3565 78.5172 78.6779 75.2155 81.3632 80.0156 80.7107 85.1765 81.8518 86.3437 84.0977 86.9339 90.1045 91.7045 91.2062 89.1831 92.3996 89.6946 91.1045 86.124 91.2816 88.0028 91.0225 88.9897 85.2224 83.7043 85.7568 80.4386 80.3402 78.232 77.6811 76.2844 84.4256 75.1597 76.268 78.7566 84.3633 81.8288 76.5631 80.4386 81.455 77.5893 83.0911 78.4287 78.8156 75.8909 78.0582 78.5894 79.1533 78.6156 82.5206 83.2649 86.0453 86.6585 93.3439 96.4391 96.1539 98.1015 104.397 115.122 114.328 121.837 134.188 142.241 152.9 164.812 174.215 179.688 179.619 174.235 164.218 155.231 142.014 133.27 125.286 118.276 111.748 107.925 103.866 94.1702 93.3734 91.5373 86.7732 88.934 83.1075 78.3664 84.6027 79.6058 76.2417 76.5532 79.2451 75.9991 73.845 80.8124 77.9631 80.0091 82.878 82.4715 80.3566 81.6157 82.6944 77.0221 77.5041 80.0517 79.7402 80.6517 80.2353 86.5372 84.1961 83.9043 82.8288 84.7174 90.2061 87.7831 93.5538 90.9143 92.7111 96.367 89.6651 90.9242 95.5407 92.039 86.7404 85.4617 85.665 88.3766 84.0158 82.2616 82.8879 81.5731 78.7828 83.0616 78.8812 75.2057 77.8254 72.9662 71.3727 71.6842 69.1825 70.717 65.2578 67.6316 66.0841
73.9772 72.9161 77.286 78.3437 80.208 82.6144 80.251 81.7947 76.9984 81.8211 78.8098 84.5449 81.4278 82.3203 86.8124 86.8124 81.831 85.3911 89.3246 94.0283 87.5925 90.9675 96.7587 91.7277 95.9786 91.612 89.394 89.8469 85.3514 86.0951 83.5102 83.3978 83.2326 82.6574 82.3236 79.98 78.6247 82.3996 79.2858 80.5849 80.532 86.0654 83.3251 82.8062 80.5617 79.3784 77.1769 79.9039 79.5965 75.0845 77.2959 78.0231 78.2479 78.1322 78.9288 80.0097 82.9119 83.9135 88.2999 90.9774 89.9394 97.476 99.4295 102.864 103.204 109.511 110.764 116.826 120.899 130.961 139.558 152.377 164.912 176.041 181.462 181.075 175.307 166.971 151.812 139.671 133.099 122.512 117.861 108.411 112.853 104.97 98.3883 98.4114 96.7984 91.2385 91.0931 88.9247 82.4426 83.4805 83.1433 84.168 81.0377 78.2578 79.0181 78.9156 77.9669 78.7999 82.5285 78.8958 80.5915 80.8724 82.0492 81.8476 81.8476 79.1734 82.7533 82.0558 80.5088 79.3519 79.6858 84.0755 79.1635 80.4064 80.9782 84.5019 84.5845 91.774 88.3131 89.2684 90.4815 90.1179 93.5524 89.2122 92.6863 92.3822 85.8208 88.5743 92.0847 88.69 86.1513 84.4325 80.9518 80.7601 83.4573 82.069 80.9452 81.6823 79.1833 79.0478 79.8378 77.719 79.7849 76.291 75.5341 68.89
72.3124 75.6046 84.9581 77.7572 81.8159 84.9115 85.1481 84.2784 86.1111 85.0614 81.2427 85.6379 84.8715 85.1048 87.7639 87.7705 90.9095 91.3493 90.5796 92.269 95.8645 92.6622 94.5483 92.6056 88.6969 87.1407 91.1594 87.1108 86.7475 81.1428 80.6263 84.5649 77.8772 76.5143 78.9735 80.2997 82.3524 79.1034 82.3923 80.8695 82.4557 82.0225 82.8389 75.3547 72.8522 78.9068 74.7016 79.6299 75.9712 78.9902 76.7409 82.509 78.4503 80.9095 85.8578 88.467 86.5943 95.7179 97.6272 93.4919 96.4476 100.093 101.616 108.584 105.395 105.878 113.009 117.957 120.496 131.872 142.619 153.182 166.281 176.317 182.216 181.982 177.577 165.005 152.969 140.629 131.099 124.671 116.717 111.526 107.947 103.492 102.622 102.619 98.237 97.5139 97.1241 95.6079 89.8632 87.3907 86.9108 84.8382 84.6183 79.1001 83.3254 83.6652 77.2907 79.2034 80.2131 77.7572 77.9805 79.0401 77.3041 82.0658 81.7659 82.2324 77.6006 82.6756 77.9905 85.3613 80.4263 78.6569 78.5136 77.1341 80.493 83.362 86.7909 86.7975 81.8792 88.2837 89.9965 93.0754 91.1161 95.4446 96.1344 95.6746 95.1414 90.6429 90.4996 89.3867 86.0211 88.7136 86.9475 82.0058 87.2207 85.6779 84.0218 81.3594 81.8925 83.9118 82.0025 85.8845 78.1704 83.2687 76.341 71.2827
71.2932 70.6349 73.9434 77.5173 83.8388 81.8671 79.5562 79.2136 76.3047 79.7241 79.8551 80.7654 80.9535 79.3613 87.0331 85.9415 87.9132 92.0043 89.596 92.9281 94.4329 94.5437 95.3498 93.6569 85.4746 86.0792 85.1992 79.6905 79.6469 82.4348 81.4943 77.8868 75.6296 80.107 78.9919 81.8873 84.9741 85.31 79.9256 78.3436 82.8949 78.7769 74.3801 69.6809 73.5638 70.571 73.9266 74.4472 79.9995 85.2025 81.4036 83.4089 86.9995 86.0087 89.9117 89.0552 91.8498 98.5475 95.6018 96.7975 102.031 96.5322 101.866 102.823 103.529 104.852 112.571 112.682 121.355 131.502 139.493 152.519 163.459 176.072 180.505 180.361 174.862 162.844 151.568 138.667 126.662 117.831 115.715 105.752 106.397 101.258 102.971 99.2294 103.942 97.036 97.7716 98.2049 94.6713 91.1142 89.821 91.44 88.3398 85.5518 82.6732 79.9492 82.3374 76.6608 75.643 73.799 74.0106 78.2663 76.1536 77.0303 75.8613 76.2913 79.0456 78.4578 77.9036 75.4751 78.132 77.5442 73.9535 81.4472 78.5686 75.5725 79.5763 82.811 86.3042 83.8757 85.8709 87.0835 94.8561 89.6094 94.9501 91.4501 93.3345 95.8402 94.7016 87.4127 86.5998 88.3364 83.7246 79.0019 76.2241 81.1517 80.4597 78.1521 80.144 81.155 78.6056 73.9736 75.6329 78.5888 74.4204 68.1325
77.6598 78.32 81.0014 79.9789 79.2645 77.6902 76.1159 77.0063 78.0288 80.2464 77.091 79.3966 81.2147 82.877 80.111 86.1069 86.8958 88.0266 89.0457 82.7518 84.712 81.0928 78.6585 81.7293 76.7829 75.2221 73.6918 71.5724 76.986 77.1519 75.8383 74.7109 72.9131 77.5683 75.2593 78.2996 71.8602 76.6847 73.1433 76.0787 72.9199 70.6989 77.2636 73.8611 74.7481 79.4304 75.1273 76.8472 78.4588 79.7453 84.9897 84.9524 88.1451 90.9213 92.5498 95.6409 91.1921 95.238 91.4156 102.063 96.4568 98.1361 94.3509 98.1869 103.177 104.149 113.202 112.112 121.301 132.355 139.089 152.421 166.137 177.33 181.816 181.782 175.928 167.867 151.186 138.168 128.952 123.065 113.236 110.639 107.399 103.716 100.008 96.0133 98.5999 96.5042 91.2226 98.8843 92.5735 97.4725 94.9536 97.0188 91.2531 89.2082 87.6575 82.9346 81.3738 76.9691 75.5302 74.1048 73.316 72.3375 71.6638 72.0633 73.6816 74.6296 73.1975 75.8247 78.7398 78.2963 76.1396 74.6906 77.0368 73.8035 74.8192 71.9211 67.5198 71.6739 73.1704 75.9297 74.7244 74.7887 81.9595 78.8007 81.4584 85.9241 82.6062 83.4797 85.0032 84.0011 87.3021 84.7764 83.2054 85.8428 78.0863 78.3267 77.8392 79.1867 75.388 77.6462 78.6416 79.7487 84.5495 81.2553 77.0842 71.2033
77.5115 79.7364 79.7978 79.071 74.9386 78.6717 77.9449 77.2965 81.5927 83.4592 80.313 84.3976 81.1627 84.0769 84.343 81.6336 84.3021 83.6026 82.6778 78.5659 80.5212 79.7091 78.5898 73.2802 70.9223 72.898 71.2225 72.9765 71.5672 67.0083 72.2599 70.1852 72.7001 74.8465 68.8032 70.4309 66.6056 72.1609 68.0184 67.3018 67.7829 69.7825 69.2912 71.6116 72.2258 77.2692 77.7879 81.0296 81.1457 84.2543 92.7511 96.4398 93.1162 93.7611 91.5977 94.604 94.4606 96.938 92.5497 98.5316 99.9648 98.5418 101.893 104.626 99.2106 109.205 110.26 114.802 121.343 130.812 141.5 153.238 162.865 173.808 180.711 180.322 174.32 163.059 154.962 142.039 134.597 121.046 114.74 114.269 108.489 104.909 100.896 102.616 93.9897 99.3437 94.389 96.119 98.3064 97.1871 100.961 95.6174 94.9384 95.5321 93.1332 89.9017 84.831 85.5954 82.5823 79.1801 74.1879 71.8299 72.5124 73.4099 71.3727 69.7757 70.2534 65.1998 68.653 68.8305 71.7719 71.6525 74.1162 79.1392 69.1615 71.4 71.8572 73.5771 73.4645 70.4138 72.8571 76.9246 71.9357 76.7949 74.6895 78.7024 82.3741 79.7807 82.7426 81.1149 84.2543 85.9605 87.4858 82.7188 84.8139 85.1927 78.583 76.6618 76.8222 78.078 74.727 81.306 80.1663 77.1907 81.4664 76.7164
83.8237 83.7033 87.954 80.8936 83.9371 83.521 84.1022 87.4759 91.2967 93.312 91.4756 91.3449 91.7576 89.3949 87.8508 85.6876 84.2295 82.5374 78.978 79.236 78.3246 73.8229 74.8443 73.1832 72.2512 73.6716 72.5332 73.5821 71.7216 72.3613 71.6838 75.962 76.5741 77.4373 72.3131 73.3001 69.5894 71.3639 74.4557 74.0223 73.1523 73.8332 76.55 77.5267 81.2822 82.6337 91.9605 87.7476 91.4102 91.6888 91.4412 96.3522 94.5914 90.7052 89.2883 98.8489 95.3445 95.4408 94.3128 95.5233 97.4767 102.666 97.7897 99.5092 104.902 109.197 113.692 116.354 123.445 132.308 144.11 152.718 164.091 176.465 181.324 181.717 175.124 166.33 152.302 144.351 133.704 123.366 116.288 109.826 110.58 104.293 107.567 103.382 103.574 99.2066 97.3839 96.3728 93.5768 91.5478 93.711 92.4935 93.7935 92.8065 89.9968 94.6154 95.685 89.4878 88.1328 90.9907 81.3441 81.8978 77.4717 71.4018 72.038 75.0506 69.6513 69.4862 68.6987 70.5558 72.8393 73.0525 73.4308 72.1721 73.1901 75.9757 71.9864 74.7411 74.8271 73.7472 75.2879 71.9039 69.868 76.9455 72.5332 79.1018 80.2814 80.4431 86.4855 82.0182 86.9429 88.7587 84.4736 90.3476 89.6494 92.0568 87.9712 88.3735 88.604 85.017 89.6013 82.3105 85.5604 83.5279 83.2459 80.4327
83.1057 86.4363 91.732 90.5641 94.3626 92.8238 93.2951 96.3762 96.0885 94.9483 97.6412 94.0472 91.9019 89.0703 88.1069 82.8805 84.4817 82.0002 77.0926 81.4526 71.4261 74.4933 74.5765 72.4728 75.332 72.6703 73.7482 74.7428 74.4413 77.5674 79.9415 77.1654 75.8831 81.1164 74.4136 76.8778 76.6941 78.8255 76.6386 79.5429 79.8202 83.6707 84.6272 86.3497 90.1239 88.7861 88.3529 92.4495 89.767 90.4878 91.2468 90.0962 90.0754 93.257 88.8173 91.6939 91.5761 88.6579 93.4892 93.808 93.8046 98.6047 99.4157 97.9496 107.221 108.749 110.191 119.805 123.416 130.036 140.599 153.003 165.504 173.119 179.777 179.496 175.202 164.635 150.848 144.356 131.436 123.35 119.413 116.197 110.811 105.522 101.239 98.7017 95.2048 94.976 90.3284 90.4878 86.1244 85.5872 89.7774 93.815 91.9608 89.9784 86.6928 94.7923 95.0973 94.8651 92.8168 94.5289 90.0789 86.5507 87.3271 83.4766 83.4904 82.3918 80.5619 76.1707 76.3198 78.926 75.1379 74.4586 76.7599 74.528 74.6943 76.8292 73.8417 74.2091 75.8692 72.8679 75.3805 73.1728 74.6285 77.2971 75.6821 80.0108 76.5242 80.5168 77.3387 85.4243 85.2164 90.3353 89.9818 89.8085 96.6015 99.7137 96.0088 95.2117 93.7214 92.5049 96.1856 94.3972 89.8432 90.4566 87.6771 84.1385
84.9826 87.822 94.8139 96.5567 100.164 105.92 103.618 101.96 106.461 103.985 100.363 99.6755 98.0515 96.9618 92.7638 92.907 82.2794 78.6368 84.1025 81.8289 80.3341 81.993 77.6135 78.5564 80.6275 80.0337 78.8184 79.0139 80.4005 82.1886 79.1606 80.3935 79.2794 75.9126 80.362 81.2701 81.2107 81.5076 84.8883 82.2096 86.2643 88.6986 88.5764 92.5683 86.2504 88.531 91.2341 95.0724 91.7894 89.3447 91.9466 90.3994 91.6602 87.7661 88.5764 89.1945 87.0012 89.2225 85.6776 91.0281 95.1702 94.2027 98.034 99.1586 106.514 111.298 117.03 124.385 129.575 135.005 146.712 154.148 167.073 175.277 181.075 181.508 175.399 164.538 153.798 140.848 134.167 125.118 123.257 115.336 111.298 106.598 103.322 99.2249 96.9758 98.3483 92.4635 91.3145 85.5239 90.3401 86.6136 86.1177 91.9222 84.2736 93.1795 90.2912 86.4913 91.5659 89.666 91.6463 94.6498 97.2272 90.7347 83.5053 87.2667 88.0699 85.0315 81.7346 82.6391 79.9953 82.1991 78.6333 79.007 78.0605 83.0617 82.2096 81.0955 80.7742 84.3435 83.4983 82.2375 79.3352 80.6449 77.9033 79.4575 80.4179 78.4062 84.0291 85.1642 83.1106 91.4018 89.9489 96.665 94.7231 102.4 103.57 102.55 105.309 104.32 105.665 96.3227 99.0643 97.8384 95.5334 91.3913 83.1246
90.3236 97.5415 97.9885 102.986 104.084 104.305 110.939 105.322 103.816 106.815 108.166 102.299 103.637 99.2694 97.5169 92.0868 87.1141 88.2473 88.1734 91.1999 87.1634 83.6231 84.1932 84.4079 85.4179 80.4171 79.9596 80.6247 82.7046 79.8364 77.8798 82.328 78.7279 82.4477 86.3927 83.3838 84.6402 84.6542 87.4133 91.0521 85.5763 93.0827 97.2002 91.5765 91.6117 91.4991 89.6022 92.0129 90.4433 92.5407 89.6902 90.658 87.4027 86.0232 90.6967 91.3935 91.0275 90.2286 89.8767 97.3268 93.7865 97.6049 100.339 96.0635 102.363 105.857 113.881 114.543 127.465 134.278 143.928 155.464 167.239 176.336 181.872 181.481 176.22 166.359 155.654 144.252 134.859 124.843 119.044 114.909 105.703 103.281 97.5873 98.4917 97.5556 99.6249 91.7278 94.7121 90.38 92.78 89.5037 88.2297 90.4996 90.5137 87.2901 90.1618 91.675 92.5443 90.8234 96.3168 96.8975 94.596 96.2992 91.6328 90.8234 84.9534 88.6802 86.4596 88.0538 84.8619 82.7785 78.8511 82.3808 82.7152 84.5346 77.4997 80.7092 83.0213 80.22 82.5814 84.7598 90.5031 84.6718 84.2425 83.704 85.9739 85.8965 89.1905 88.8808 89.4192 94.332 100.871 99.8747 101.937 105.819 106.301 106.691 106.836 105.097 108.979 105.125 105.192 102.268 99.09 95.3491 93.3678
97.8812 103.523 110.434 107.008 109.398 113.217 110.32 111.49 108.083 103.395 107.799 104.189 107.671 105.062 99.7392 104.009 99.1506 94.0977 96.4309 95.3565 92.6793 91.378 92.4382 86.9953 88.9774 85.7684 82.5026 87.0343 84.7862 83.4529 86.6797 85.7506 86.4315 85.2329 86.4846 92.6545 93.1793 94.697 95.8175 98.8386 98.8882 96.2075 97.1224 97.4167 96.2004 101.31 94.8636 97.0834 94.9239 93.7786 95.2749 90.2433 89.0448 90.3461 89.0058 93.1261 89.6405 93.8743 91.2645 95.0977 93.6828 98.5124 97.2677 101.505 102.548 109.593 112.597 121.706 122.312 134.556 141.68 153.421 165.14 176.107 180.441 179.511 174.785 165.193 153.96 138.152 133.932 122.245 122.153 111.483 110.09 104.204 101.509 98.4769 96.6259 95.6473 91.8212 97.4309 94.0942 94.5445 90.7894 91.6652 88.8781 90.8036 88.598 93.6403 93.3318 89.6547 94.1403 94.2679 95.9735 98.289 96.2465 101.885 102.654 97.0905 99.4768 97.1507 95.4168 91.651 92.7609 90.4135 87.4066 88.2221 83.4529 79.4389 83.0628 84.3713 81.8679 84.2933 89.8994 88.0094 86.9598 90.2859 92.5233 95.7324 92.8637 97.5408 98.9095 96.9273 101.243 105.313 103.771 107.707 109.661 109.668 107.097 108.111 112.278 112.398 110.388 111.427 105.955 110.873 102.576 101.129
111.087 113.291 115.299 112.234 117.678 120.183 113.595 114.66 116.085 112.47 112.834 113.774 110.908 106.282 111.816 110.562 109.472 107.368 107.55 100.466 104.86 102.077 103.052 97.5289 100.201 95.6283 97.5074 96.3428 96.1248 97.8504 98.6757 99.2759 101.219 106.318 111.434 108.14 111.262 107.968 111.63 108.475 109.118 108.19 106.493 101.684 100.737 100.251 100.008 96.9894 95.714 94.1242 97.5325 95.9855 98.5649 96.7751 97.2788 100.123 98.4256 99.0794 104.245 101.866 101.805 107.679 108.443 112.18 114.61 117.403 121.876 121.841 132.037 136.474 145.688 157.184 165.023 176.723 181.317 180.939 176.73 167.034 155.427 147.899 138.568 130.661 122.691 117.275 113.913 111.973 113.513 103.159 106.503 104.435 103.438 102.702 95.5854 94.7351 100.641 97.4503 100.391 94.4743 96.6286 98.7543 95.0924 99.0187 98.4292 100.716 98.3041 102.28 106.914 106.075 107.204 107.439 110.376 114.181 109.979 106.846 106.868 108.636 105.06 104.167 101.845 98.0791 98.0112 100.991 98.4542 99.5331 98.3041 97.4503 96.3999 99.8225 101.891 107.6 104.699 105.821 106.378 109.351 105.181 107.561 108.408 104.742 110.801 112.259 110.001 112.905 114.024 114.038 113.645 117.832 115.91 113.881 116.857 110.233
124.468 125.973 125.537 130.508 125.354 124.663 125.041 117.389 119.141 117.72 115.596 112.749 112.508 115.672 119.062 118.296 124.684 123.212 123.623 125.203 120.65 125.606 123.831 123.003 122.629 124.414 120.03 123.907 120.059 122.928 114.412 114.128 121.384 121.877 122.021 119.948 123.637 120.995 117.371 121.409 118.969 119.433 118.116 111.73 111.756 111.522 108.405 110.409 105.791 113.015 105.979 111.964 109.25 114.441 110.852 111.748 110.298 113.897 114.923 113.44 115.499 117.669 119.652 117.119 126.408 126.999 131.088 132.016 139.69 147.76 157.287 161.653 173.426 179.074 183.181 182.878 179.43 172.505 160.984 155.93 148.091 139.582 136.137 128.053 123.572 123.119 120.873 121.625 114.239 115.585 114.012 115.474 115.247 109.283 111.457 109.434 112.933 110.287 107.03 108.693 106.299 110.237 111.464 112.173 110.582 110.697 114.815 116.312 115.243 116.294 118.44 117.176 124.062 122.154 119.746 117.457 117.065 118.825 117.09 122.078 120.678 119.624 123.169 123.806 120.434 125.811 121.855 121.719 123.648 123.587 119.85 119.462 119.21 123.039 117.784 116.928 119.53 115.711 113.915 115.06 119.156 119.494 122.1 123.439 124.422 124.324 126.354 121.6 129.112 119.825
121.309 124.518 123.851 128.101 128.855 124.196 122.034 126.585 124.964 126.346 125.94 128.884 126.161 126.103 127.43 132.608 127.325 129.268 130.472 131.281 131.799 130.331 132.971 136.636 132.757 136.071 138.007 137.964 133.837 133.442 132.735 133.979 135.233 131.788 134.076 127.122 134.004 129.141 126.128 131.212 129.232 126.001 124.42 125.708 123.503 121.248 125.026 121.113 120.196 117.288 126.44 125.124 122.752 122.027 124.877 124.025 123.311 127.024 126.288 127.075 126.752 130.592 131.832 132.202 138.794 139.084 139.001 142.645 148.37 153.701 159.375 165.043 173.401 177.154 181.092 180.932 177.379 171.791 165.34 158.802 149.973 145.847 142.971 138.446 137.819 135.193 130.828 130.059 128.801 127.811 129.943 125.392 127.343 124.217 125.41 123.093 123.746 123.811 122.752 120.805 121.171 121.842 126.016 123.728 123.271 123.307 123.572 126.4 129.616 124.225 126.201 125.374 132.604 132.786 134.82 132.173 131.589 134.849 132.989 138.018 132.039 134.087 138.758 133.623 136.056 134.678 136.52 135.98 135.037 132.39 129.044 129.109 129.167 132.347 127.56 132.557 125.824 127.448 125.726 123.195 124.536 126.157 118.717 129.805 129.388 123.72 127.104 129.598 129.812 126.248
131.667 135.254 130.378 134.133 131.488 129.245 130.115 129.161 127.503 125.899 126.261 132.35 129.826 125.056 131.842 128.204 126.699 128.807 130.747 131.576 129.088 132.35 134.531 136.467 140.96 138.757 141.624 145.694 144.66 147.315 147.454 143.699 143.791 141.54 140.949 142.709 137.493 136.938 133.026 136.383 131.042 132.752 133.519 131.042 132.818 132.105 132.412 130.319 130.944 129.932 127.01 132.708 130.984 128.774 130.98 131.181 132.339 132.518 135.944 134.202 137.219 132.967 139.853 141.873 140.299 144.528 143.005 144.024 155.191 153.529 160.188 163.245 172.585 179.062 181.991 182.455 177.473 171.847 163.048 159.578 153.101 148.371 149.146 148.985 146.267 141.12 137.833 139.133 135.963 134.071 135.849 133.658 127.499 130.016 128.35 126.688 129.687 129.717 129.786 130.294 129.501 130.747 127.266 130.779 128.928 133.654 131.864 133.588 130.604 133.296 133.976 131.006 139.334 142.534 143.648 142.278 146.906 147.918 146.987 142.987 146.074 145.398 137.745 141.672 140.178 139.539 136.533 133.99 133.968 131.492 130.535 129.819 128.504 129.793 127.225 133.464 131.492 129.03 128.522 129.472 130.622 129.548 126.239 125.845 128.869 128.562 133.42 131.141 131.901 131.181
138.841 136.795 138.315 138.337 129.918 132.446 127.192 131.419 128.009 124.774 124.244 127.24 123.115 119.608 122.522 121.054 123.542 125.032 122.482 121.617 127.041 124.892 130.809 129.955 135.298 138.719 138.241 143.72 143.378 148.625 146.722 143.933 144.658 145.25 139.551 138.708 135.596 134.51 129.48 128.413 126.769 126.084 123.273 126.761 127.589 126.471 126.548 124.852 125.245 131.607 127.019 122.195 125.407 128.174 125.768 124.826 125.996 124.484 125.981 126.805 125.687 130.419 134.356 132.729 137.406 140.769 142.259 146.1 145.578 150.854 155.281 162.014 169.244 175.301 179.639 179.33 176.662 166.779 161.716 153.805 150.435 145.979 145.655 140.769 138.569 135.128 133.653 133.771 133.428 127.276 124.929 128.078 124.197 128.376 125.757 124.267 120.583 123.91 125.477 125.036 125.47 120.414 127.125 125.308 124.811 123.895 123.409 124.918 124.403 125.746 128.781 130.812 133.274 136.07 140.085 140.839 142.248 141.578 146.067 146.884 144.073 140.717 142.082 141.869 136.103 134.562 129.591 131.401 128.152 125.941 125.076 127.409 121.481 128.421 123.085 121.79 121.739 124.259 122.147 126.901 126.327 127.891 126.264 128.31 130.463 128.571 131.607 134.462 136.376 136.762
138.214 137.455 133.152 135.483 132.848 134.101 134.76 131.302 126.592 127.559 124.813 127.378 126.125 127.511 127.97 128.575 125.513 125.276 123.59 123.931 124.246 126.014 125.391 127.322 128.938 127.97 132.296 131.365 134.082 130.976 135.453 135.194 136.728 130.124 129.516 130.135 125.065 121.829 121.844 123.923 118.853 118.312 114.991 114.936 116.051 110.296 116.989 111.041 115.748 114.658 113.19 114.836 113.52 117.193 114.806 119.343 117.463 122.374 119.554 119.457 120.606 127.122 128.727 131.703 134.308 137.021 137.251 142.221 145.994 150.434 158.713 162.901 170.755 176.677 181.076 181.01 176.944 171.781 164.777 159.699 151.093 146.902 144.708 139.415 130.947 134.412 134.542 128.141 128.919 126.284 123.553 121.437 119.62 119.094 118.664 116.882 115.303 113.346 114.977 115.043 117.308 110.425 111.548 116.341 114.736 113.594 117.119 117.582 118.29 121.051 121.878 123.634 124.035 125.321 130.709 128.96 134.249 136.925 137.451 132.666 133.122 133.122 132.077 130.209 131.217 129.416 123.275 121.963 128.293 123.664 123.501 122.359 123.69 125.432 124.831 127.878 127.815 127.863 130.62 129.427 127.648 131.71 132.214 134.26 132.551 132.422 137.054 136.561 133.8 139.045
128.4 134.716 131.375 135.802 133.604 130.621 128.938 120.654 129.725 127.075 126.022 122.498 125.918 122.782 125.697 126.284 127.094 128.684 131.319 128.676 131.536 131.39 134.977 128.878 132.928 131.696 128.874 127.975 126.601 124.07 122.745 124.208 121.789 119.09 121.431 118.866 119.18 117.519 112.841 113.442 114.57 111.636 111.408 107.929 105.678 104.398 102.501 105.215 105.461 108.343 107.821 106.637 107.5 113.095 113.778 115.94 117.974 121.67 118.646 121.711 125.257 125.948 124.021 132.521 135.474 134.014 134.697 137.598 143.473 149.424 155.258 164.146 172.467 177.786 182.467 182.714 178.38 169.921 162.937 154.116 147.938 145.191 138.057 134.992 134.612 128.464 125.35 130.308 127.4 122.954 124.313 123.932 118.288 118.071 112.685 114.155 107.828 112.778 107.985 110.307 109.654 105.514 104.846 107.16 103.446 103.431 109.975 109.683 111.397 113.181 111.796 114.01 116.529 121.509 119.023 121.685 118.594 117.885 119.303 122.14 124.025 125.455 128.12 127.336 133.346 132.163 130.58 131.162 130.457 127.228 130.565 128.318 129.8 128.658 122.704 123.084 127.844 123.42 123.887 128.038 126.578 125.783 126.466 124.63 128.68 135.295 133.495 135.31 134.376 127.53
117.051 125.003 127.386 126.796 125.435 124.063 126.469 123.138 117.698 116.886 114.254 115.047 114.239 114.747 112.822 112.807 118.096 113.679 122.382 124.033 121.6 123.454 126.612 130.263 131.729 129.439 125.623 127.962 119.604 122.048 119.856 118.615 116.296 113.378 110.295 108.652 107.352 107.517 109.652 106.964 107.006 103.171 103.708 101.795 104.893 101.667 103.532 104.028 108.517 105.156 103.077 107.186 109.352 107.998 109.882 110.882 112.931 111.686 114.596 111.81 113.649 114.874 118.269 118.649 121.788 121.867 122.803 130.217 132.68 140.695 149.873 158.561 165.663 174.25 180.167 180.036 174.648 165.588 158.794 144.594 141.47 132.518 131.733 124.597 119.935 118.416 116.893 117.777 117.799 111.641 114.547 112.457 114.957 113.179 109.01 105.562 111.397 104.137 104.043 105.167 108.525 105.261 102.911 107.036 102.175 104.445 102.998 100.648 108.483 108.359 109.16 110.348 107.017 108.882 106.378 113.863 113.07 110.777 116.059 115.269 121.63 125.097 126.228 127.401 126.236 130.984 130.319 126.247 123.183 126.992 118.145 118.687 115.818 111.863 112.487 116.063 111.269 111.423 111.626 117.036 120.206 120.224 119.909 125.894 121.544 128.676 125.315 125.36 121.961 115.284
108.962 111.832 120.874 117.917 115.297 117.527 115.869 118.644 112.279 110.038 112.65 111.242 109.477 107.062 108.394 110.072 109.829 110.235 113.154 115.649 114.187 118.924 117.023 114.305 116.437 115.312 116.637 115.918 114.381 119.939 112.518 112.741 113.476 112.113 111.511 109.356 105.979 105.267 108.572 108.11 109.47 104.559 106.551 109.803 106.967 104.021 103.552 100.061 100.848 104.555 104.915 98.3683 105.683 103.612 101.753 106.089 105.434 107.55 111.798 106.744 106.827 112.211 111.836 110.265 114.441 119.424 120.647 126.179 128.11 138.515 146.78 155.129 166.363 175.768 181.023 180.304 173.92 164.685 154.345 144.383 138.121 129.999 125.592 124.229 118.167 114.729 112.885 110.799 109.928 108.084 110.666 110.572 109.652 108.561 108.622 108.429 107.077 103.964 105.835 107.455 102.757 105.725 103.234 102.325 105.922 103.824 103.79 105.081 108.875 108.978 108.103 107.41 108.72 112.98 111.333 110.818 114.233 109.564 110.746 115.971 116.225 118.121 115.85 118.485 117.599 119.852 119.182 120.147 115.747 117.508 118.754 113.688 110.11 102.423 111.957 108.357 107.319 108.489 108.55 113.214 114.835 111.787 113.362 117.103 117.201 119.799 115.721 114.839 113.877 107.808
102.875 110.459 111.279 116.076 110.833 114.799 108.93 109.743 111.394 109.483 107.333 104.881 103.745 106.681 105.872 106.536 106.627 108.633 110.982 114.638 113.163 108.076 108.221 111.451 107.676 105.441 106.799 104.298 109.514 105.411 99.291 105.541 105.701 104.797 107.146 103.451 105.136 107.439 107.611 107.649 107.249 106.063 111.458 110.555 110.78 108.85 110.688 107.809 110.215 106.109 104.797 107.012 107.817 103.886 107.87 106.635 104.587 108.084 107.508 109.845 112.831 112.309 115.859 117.792 122.02 119.553 117.773 125.692 128.861 136.415 145.76 153.291 167.331 177.622 182.758 181.816 176.985 166.976 157.558 147.438 137.074 131.98 128.056 125.361 121.498 117.849 115.161 115.759 114.513 112.667 111.676 106.772 108.194 106.048 108.82 106.345 106.28 105.651 106.562 104.469 108.05 112.423 107.615 110.623 105.876 110.997 104.099 112.095 106.193 107.672 108.156 103.577 107.035 107.211 107.115 101.708 106.551 104.13 102.845 103.577 105.602 104.767 104.645 106.54 110.944 108.095 108.946 111.657 110.562 109.251 106.204 110.909 110.883 105.705 111.424 103.737 106.635 105.155 108.656 110.745 112.427 111.226 110.543 112.598 112.263 110.368 109.01 109.67 106.223 104.366
100.417 100.148 102.755 104.03 108.246 105.954 111.59 109.989 106.203 110.722 112.016 110.365 108.092 103.27 104.379 108.277 104.31 101.933 103.892 102.69 106.307 106.879 105.124 99.2494 99.2801 97.5945 99.8791 99.0843 93.4821 92.8639 92.4377 94.0734 92.9637 98.7848 92.6911 95.3905 101.162 96.8342 98.1435 99.426 101.933 99.8676 104.863 105.013 104.452 110.077 111.782 107.843 106.242 108.71 108.76 110.934 104.698 104.756 110.542 112.155 108.154 114.351 112.42 112.404 111.89 112.412 116.156 121.47 117.96 119.504 124.818 129.387 132.751 138.257 148.221 158.592 162.037 175.71 179.665 179.815 174.539 167.12 157.836 147.834 142.166 132.594 131.618 126.703 121.382 122.956 118.064 118.087 112.531 115.011 110.845 111.963 112.569 111.602 112.37 113.057 109.62 108.626 108.277 105.658 112.784 108.607 109.463 104.637 108.207 104.564 106.745 105.923 106.963 101.331 102.129 97.2182 103.151 100.467 97.1068 96.0778 97.8364 94.6571 93.1596 96.4771 97.7557 94.3921 94.0542 97.9477 99.5604 97.7058 102.294 102.617 102.356 105.911 105.481 107.781 112.239 105.758 106.276 102.836 104.241 108.772 108.342 107.873 106.756 109.532 111.648 110.55 108.05 107.24 109.87 104.475 106.115 100.24
101.49 99.5532 103.404 104.638 109.989 108.589 115.096 112.224 116.148 113.364 112.471 113.832 114.93 111.953 110.851 107.035 105.341 107.58 100.833 102.871 99.9978 93.2895 94.3528 90.0688 87.9268 90.4013 89.2684 87.1844 90.6913 85.3324 89.3922 90.4438 89.2646 89.7981 89.9953 90.2466 90.8343 93.1233 89.4811 92.4544 91.2481 95.9535 99.008 100.307 100.064 102.782 105.894 104.661 110.638 111.535 109.505 106.435 111.303 113.298 110.758 113.967 116.682 115.87 117.018 117.037 117.582 122.508 124.836 124.113 126.166 130.175 132.449 136.033 139.428 146.43 153.761 160.523 170.073 177.779 181.379 181.274 177.454 169.157 160.628 154.116 146.917 138.264 134.374 133.033 127.071 122.601 124.399 118.866 121.58 119.26 118.321 116.813 116.554 111.818 112.653 112.328 109.745 110.344 112.115 108.28 108.222 105.028 108.539 104.201 98.6716 101.289 97.0129 97.0207 95.8259 94.7433 92.493 90.5328 91.1746 87.5208 91.0934 92.2108 91.7275 88.0118 90.2969 90.4941 91.0973 89.5932 87.6871 90.5212 92.1644 91.6734 92.7096 92.5124 94.8129 97.4692 97.3029 98.5402 108.577 104.885 106.002 111.361 111.412 114.833 111.976 114.88 111.609 113.418 111.717 110.874 109.235 105.446 106.876 101.9 100.528 102.673
94.8411 105.014 101.448 100.693 107.836 110.102 108.14 112.364 116.693 114.77 118.866 115.759 112.648 114.369 110.437 107.988 105.286 101.537 92.3651 93.8484 86.2334 86.9886 88.7445 86.7083 86.0387 83.9753 86.8173 86.8991 87.7011 88.577 91.1621 84.6333 86.3813 87.7206 90.2472 87.888 94.6815 90.6794 94.3233 94.1482 89.8774 94.0314 94.993 97.0408 98.0569 97.5391 100.373 103.211 101.483 106.155 112.407 109.709 110.702 112.613 112.828 112.73 116.499 118.391 117.063 118.905 124.367 122.467 126.964 129.915 127.049 131.826 138.129 140.387 144.237 149.166 158.331 163.474 173.004 179.315 182.651 182.542 178.213 171.976 165.42 157.396 152.499 147.391 141.014 135.704 130.915 127.707 126.36 127.933 122.194 120.645 117.928 117.85 113.949 114.677 113.014 108.709 112.247 112.574 111.286 111.601 104.15 105.228 102.713 101.713 101.401 99.0302 97.6948 94.0508 92.6571 90.1382 95.5769 91.9524 88.9547 90.0798 91.4852 93.5058 87.4831 88.2228 89.0715 87.7361 86.5059 86.6772 84.9837 88.2734 83.8118 87.6077 85.1628 82.7373 87.8724 87.6427 89.1766 95.5263 98.1892 101.966 104.157 111.784 114.202 114.7 117.075 117.11 116.97 117.741 115.654 107.747 111.274 109.542 104.983 105.267 98.9834 98.4073
91.5798 97.2244 96.4444 97.9026 98.2201 100.733 103.269 109.376 113.351 108.819 111.34 111.759 116.675 109.243 110.089 103.876 98.5297 98.9845 91.7719 88.8163 90.4156 88.3499 83.4853 85.2296 82.9953 86.1939 83.2619 83.5167 81.9566 84.0576 85.8529 86.4487 87.1857 88.8555 89.6199 90.4195 96.0837 97.244 95.8486 93.2771 99.2157 97.3107 98.6787 102.485 99.8743 102.881 99.7096 102.352 101.281 104.268 105.942 106.797 105.715 110.43 113.057 111.967 114.731 115.291 119.732 115.636 125.961 126.012 124.973 124.667 126.721 132.041 136.325 138.066 143.51 145.909 150.997 161.981 168.938 175.978 179.8 179.436 175.461 168.782 163.106 152.616 147.422 140.453 138.352 134.867 129.936 129.305 125.886 121.833 123.28 125.428 120.846 118.106 114.433 110.642 113.147 110.572 109.788 106.989 104.735 101.219 105.327 96.8834 99.9958 95.2841 99.937 96.6325 95.8564 102.32 100.07 96.2053 98.7649 97.1304 94.8686 91.1212 88.9496 87.6051 87.1465 83.4892 85.0611 84.5985 81.741 82.8464 81.5567 81.886 82.8895 77.7388 84.234 82.2113 87.4875 86.0881 85.7196 92.8734 95.3978 101.117 106.687 107.036 112.218 113.876 115.346 115.863 106.503 112.524 106.754 104.468 105.974 100.878 101.768 98.6121 93.5319 94.4374
95.7163 97.3068 93.5063 92.8511 95.006 97.4449 97.512 104.643 108.831 110.263 104.659 110.765 107.907 106.605 109.739 104 104.438 96.1307 94.2324 90.6253 87.4206 85.9604 82.8347 81.998 86.1577 81.9665 82.444 80.6167 82.1835 87.5706 83.9911 88.6283 90.3293 88.8532 89.6228 91.8211 96.1899 90.7515 100.76 99.0394 101.234 101.202 108.503 100.069 106.266 108.045 105.48 108.105 110.891 105.76 104.312 105.567 108.128 109.679 113.397 113.677 116.902 116.029 119.597 116.392 122.798 123.642 125.979 124.676 128.974 130.995 129.499 137.313 138.367 145.577 151.481 158.38 167.572 176.006 181.065 180.852 176.037 169.655 158.57 150.305 145.913 139.089 134.519 133.217 134.117 128.493 128.789 125.28 123.271 122.742 119.779 117.92 113.93 114.652 113.152 111.179 108.78 109.415 108.156 108.041 107.532 112.935 107.181 103.041 104.403 103.633 107.236 102.508 104.134 101.182 100.894 98.5105 93.4155 93.9996 89.9938 91.308 90.7081 87.6416 86.805 84.291 83.4504 81.1574 82.3611 83.0163 82.5584 84.9303 85.2342 84.8277 84.2239 89.4689 92.05 97.8199 99.5485 101.249 104.679 103.077 107.828 107.505 111.739 111.499 105.393 106.901 100.957 101.293 96.6635 96.8332 97.6975 92.9616 96.6556 94.1653
89.9235 94.6437 97.3019 92.7882 91.9777 94.7907 95.1126 96.8648 97.8184 104.366 99.221 105.92 109.81 108.801 105.686 102.483 101.649 99.5269 97.4171 97.6038 90.9605 87.8534 88.6123 86.3316 90.5473 85.0999 81.7186 87.1263 87.0746 86.864 85.6482 87.7064 86.1568 93.6186 92.4703 98.7164 95.3311 98.8435 99.3044 105.737 96.0701 107.918 104.998 104.748 106.512 112.488 113.541 110.728 110.136 114.772 110.513 114.931 113.195 113.863 112.333 116.68 114.232 116.521 114.709 115.468 119.536 120.311 118.801 121.583 124.01 125.707 131.337 131.325 135.68 138.465 149.368 157.414 167.12 177.534 181.714 181.885 176.12 168.567 158.351 149.868 142.136 137.71 133.173 128.715 126.776 128.913 125.143 127.03 121.964 115.71 115.718 121.75 114.085 117.137 118.201 114.395 113.727 110.084 114.304 110.12 109.718 111.189 109.873 111.554 109.226 110.394 109.826 101.112 103.309 99.5786 101.867 97.1111 100.572 97.4846 94.5603 95.5576 94.1749 88.3342 88.8149 87.0269 84.8178 83.5702 84.1344 87.0349 85.4098 87.4362 88.3024 88.1156 89.8241 93.9484 92.5856 100.814 99.0382 105.836 102.801 104.525 101.748 104.478 100.79 103.52 102.868 97.5124 96.829 94.453 90.1579 96.1933 90.5552 90.5711 94.3934 90.4479
78.812 85.772 87.196 88.52 86.956 89.448 93.468 91.712 93.708 94.268 94.828 95.988 98.06 96.756 98.636 96.948 95.772 100.508 99.936 96.456 97.424 95.392 89.608 90.344 88.18 87.468 90.8 86.128 87.78 88.696 88.188 94.456 89.588 94.908 96.152 93.504 98.856 100.572 96.216 101.908 100.428 99.472 101.664 102.416 102.384 108.996 104.164 105.788 110.98 108.82 106.8 107.112 110.2 113.72 112.336 111.88 108.548 113.292 112.16 113.996 115.232 115.608 114.612 118.356 118.78 115.856 126.18 129.744 131.98 139.228 148.108 155.288 165.68 174.2 179.624 179.464 173.6 164.56 155.708 147.976 138.72 136.408 129.352 122.268 120.608 119.488 113.668 115.772 108.252 114.556 110.924 111.324 114.208 109.704 111.808 112.532 112.488 110.248 108.376 108.252 106.032 109.868 112.972 108.488 105.844 103.02 100.092 103.472 102.26 97.58 98.6 98.52 100.468 99.508 94.596 91.976 90.796 89.896 92.076 90.372 87.056 85.556 90.692 87.332 89.52 88.672 88.188 89.768 91.688 94.972 97.268 100.732 95.688 96.704 99.552 99.02 99.016 97.04 95.288 91.424 92.12 91.612 92.06 89.78 92.36 89.04 91.38 86.68 85.172 85.168
